transaction_id,fraud_score,prediction,ml_fraud_score,ml_prediction,decision_engine,llm_reviewed,llm_provider,llm_semantic_risk_score,llm_novelty_score,llm_recommendation,llm_rationale,llm_risk_indicators,llm_fallback,label,attack_bucket,attack_subtype,reason_codes
txn_d58445bb0cd3,0.01379187804853239,0,0.013792,0,ml_only,0,,,,,,,,0,,,customer payment cadence lowers risk;session velocity lowers risk;IP velocity lowers risk
txn_909a56b4acdb,0.06738001460701203,0,0.06738,0,ml_only,0,,,,,,,,0,,,session velocity lowers risk;IP velocity lowers risk;customer_historical_spend_mean lowers risk
txn_754b6b44764b,0.025540232716397555,0,0.02554,0,ml_only,0,,,,,,,,0,,,amount deviation from customer history lowers risk;session velocity lowers risk;IP velocity lowers risk
txn_9b476c04e751,0.0985251456615943,0,0.098525,0,ml_only,0,,,,,,,,0,,,payment_method_type_code lowers risk;session velocity lowers risk;IP velocity lowers risk
txn_df59a780e260,0.04377518272092604,0,0.043775,0,ml_only,0,,,,,,,,0,,,customer payment cadence lowers risk;high generated risk score lowers risk;session velocity lowers risk
txn_25722f93497d,0.27678357149890653,0,0.276784,0,ml_only,0,,,,,,,,0,,,session velocity lowers risk;IP velocity lowers risk;high generated risk score lowers risk
txn_de780ac3df28,0.08389593994920959,0,0.083896,0,ml_only,0,,,,,,,,0,,,session velocity lowers risk;IP velocity lowers risk;merchant growth pattern lowers risk
txn_79b450855389,0.21784395775227222,0,0.217844,0,ml_only,0,,,,,,,,0,,,session velocity lowers risk;IP velocity lowers risk;customer one-hour velocity lowers risk
txn_619300290f2b,0.01040002197381805,0,0.0104,0,ml_only,0,,,,,,,,0,,,customer payment cadence lowers risk;session velocity lowers risk;IP velocity lowers risk
txn_199e1dff1473,0.035572107667608946,0,0.035572,0,ml_only,0,,,,,,,,0,,,session velocity lowers risk;IP velocity lowers risk;customer one-hour velocity lowers risk
txn_05e1734386c7,0.03734058545644539,0,0.037341,0,ml_only,0,,,,,,,,0,,,device history lowers risk;session velocity lowers risk;IP velocity lowers risk
txn_bcd8cc8a4dfe,0.007946301905178477,0,0.007946,0,ml_only,0,,,,,,,,0,,,device history lowers risk;session velocity lowers risk;IP velocity lowers risk
txn_cd40dbbd346c,0.09378748972415632,0,0.093787,0,ml_only,0,,,,,,,,0,,,customer_historical_spend_mean lowers risk;device history lowers risk;session velocity lowers risk
txn_28abba5904f6,0.003167034738750844,0,0.003167,0,ml_only,0,,,,,,,,0,,,customer payment cadence lowers risk;customer_historical_spend_mean lowers risk;device history lowers risk
txn_60d50df210bc,0.007661451466655757,0,0.007661,0,ml_only,0,,,,,,,,0,,,customer_historical_spend_mean lowers risk;device history lowers risk;session velocity lowers risk
txn_1652c66c3c15,0.06516988406378216,0,0.06517,0,ml_only,0,,,,,,,,0,,,customer_historical_spend_mean lowers risk;session velocity lowers risk;IP velocity lowers risk
txn_8e632c6f8ad3,0.014701971908852434,0,0.014702,0,ml_only,0,,,,,,,,0,,,customer payment cadence lowers risk;session velocity lowers risk;IP velocity lowers risk
txn_6a64e01b2112,0.03541763696925212,0,0.035418,0,ml_only,0,,,,,,,,0,,,session velocity lowers risk;IP velocity lowers risk;customer account age lowers risk
txn_f54ac94689a2,0.04842219473541012,0,0.048422,0,ml_only,0,,,,,,,,0,,,session velocity lowers risk;IP velocity lowers risk;customer account age lowers risk
txn_081ec8a6e264,0.03212641885545232,0,0.032126,0,ml_only,0,,,,,,,,0,,,session velocity lowers risk;IP velocity lowers risk;high generated risk score lowers risk
txn_46e83dccfaac,0.01271099951572193,0,0.012711,0,ml_only,0,,,,,,,,0,,,customer account age lowers risk;session velocity lowers risk;IP velocity lowers risk
txn_b2225a920c8d,0.003585287969354442,0,0.003585,0,ml_only,0,,,,,,,,0,,,customer payment cadence lowers risk;payment_method_type_code lowers risk;customer account age lowers risk
txn_47cf84229a6e,0.04669095255830274,0,0.046691,0,ml_only,0,,,,,,,,0,,,customer account age lowers risk;session velocity lowers risk;IP velocity lowers risk
txn_2139d9483d8a,0.03626197373620985,0,0.036262,0,ml_only,0,,,,,,,,0,,,customer account age lowers risk;session velocity lowers risk;IP velocity lowers risk
txn_d9ee53d23fcf,0.03306883235918509,0,0.033069,0,ml_only,0,,,,,,,,0,,,customer account age lowers risk;session velocity lowers risk;customer_historical_spend_mean raises risk
txn_50fa4550a10f,0.26311873485052756,0,0.263119,0,ml_only,0,,,,,,,,0,,,customer account age lowers risk;session velocity lowers risk;customer_historical_spend_mean raises risk
txn_3bb3c48c818e,0.03493212635281523,0,0.034932,0,ml_only,0,,,,,,,,0,,,customer payment cadence lowers risk;customer account age lowers risk;session velocity lowers risk
txn_9a21a6a2d061,0.02233451344583831,0,0.022335,0,ml_only,0,,,,,,,,0,,,payment_method_type_code lowers risk;customer account age lowers risk;session velocity lowers risk
txn_d061606d6bb2,0.10395095876100607,0,0.103951,0,ml_only,0,,,,,,,,0,,,customer_historical_spend_mean lowers risk;high generated risk score raises risk;session velocity lowers risk
txn_7a7049e2d1b8,0.04968660002763685,0,0.049687,0,ml_only,0,,,,,,,,0,,,customer_historical_spend_mean lowers risk;session velocity lowers risk;IP velocity lowers risk
txn_1bf2c1c629ec,0.021670282207893257,0,0.02167,0,ml_only,0,,,,,,,,0,,,customer payment cadence lowers risk;customer_historical_spend_mean lowers risk;session velocity lowers risk
txn_7e82e774ca36,0.018751639822303504,0,0.018752,0,ml_only,0,,,,,,,,0,,,amount deviation from customer history lowers risk;customer_historical_spend_mean lowers risk;session velocity lowers risk
txn_c249921093ba,0.06396888722883057,0,0.063969,0,ml_only,0,,,,,,,,0,,,high generated risk score lowers risk;session velocity lowers risk;IP velocity lowers risk
txn_04152c90d2e0,0.043975106293386496,0,0.043975,0,ml_only,0,,,,,,,,0,,,customer payment cadence lowers risk;high generated risk score raises risk;session velocity lowers risk
txn_5d847266b1ef,0.06668456269612229,0,0.066685,0,ml_only,0,,,,,,,,0,,,payment_method_type_code lowers risk;session velocity lowers risk;IP velocity lowers risk
txn_e5f0d8bf3001,0.11830858928546711,0,0.118309,0,ml_only,0,,,,,,,,0,,,session velocity lowers risk;IP velocity lowers risk;customer one-hour velocity lowers risk
txn_3429829990e4,0.5933172796786423,1,0.593317,1,ml_only,0,,,,,,,,0,,,high generated risk score raises risk;session velocity lowers risk;IP velocity lowers risk
txn_ad0813a7c379,0.315537,0,0.313624,0,hybrid_ml_llm,1,local_lmstudio,0.32,0.3,review,"Low-risk transaction with established merchant and consistent device/IP behavior, but new customer account with limited transaction history raises mild curiosity",new_customer_low_transaction_history;customer_payment_cadence_anomaly,,0,,,session velocity lowers risk;customer one-hour velocity lowers risk;customer payment cadence raises risk
txn_f3680544c4cc,0.013393478463988454,0,0.013393,0,ml_only,0,,,,,,,,0,,,customer payment cadence lowers risk;payment_method_type_code lowers risk;session velocity lowers risk
txn_27a9eab343b6,0.11286539740708158,0,0.112865,0,ml_only,0,,,,,,,,0,,,payment_method_type_code lowers risk;session velocity lowers risk;IP velocity lowers risk
txn_be80ad5f80ee,0.1448887474639205,0,0.144889,0,ml_only,0,,,,,,,,0,,,session velocity lowers risk;IP velocity lowers risk;customer payment cadence raises risk
txn_10b675eac959,0.007108589271491528,0,0.007109,0,ml_only,0,,,,,,,,0,,,high generated risk score lowers risk;payment_method_type_code lowers risk;session velocity lowers risk
txn_58f5ac4f519b,0.14267939450382977,0,0.142679,0,ml_only,0,,,,,,,,0,,,session velocity lowers risk;merchant growth pattern lowers risk;customer payment cadence raises risk
txn_7b4293edce9c,0.013083498194441339,0,0.013083,0,ml_only,0,,,,,,,,0,,,customer payment cadence lowers risk;session velocity lowers risk;customer one-hour velocity lowers risk
txn_151f7a12bb75,0.10855977248616296,0,0.10856,0,ml_only,0,,,,,,,,0,,,payment_method_type_code lowers risk;session velocity lowers risk;IP velocity lowers risk
txn_01010f5b60d5,0.021390316660595907,0,0.02139,0,ml_only,0,,,,,,,,0,,,device history lowers risk;session velocity lowers risk;IP velocity lowers risk
txn_956220fb30d1,0.02141372406484685,0,0.021414,0,ml_only,0,,,,,,,,0,,,high generated risk score lowers risk;device history lowers risk;session velocity lowers risk
txn_67d2eb2213ff,0.0052092048703856605,0,0.005209,0,ml_only,0,,,,,,,,0,,,customer payment cadence lowers risk;device history lowers risk;session velocity lowers risk
txn_6b3862cdb34a,0.04706595010005242,0,0.047066,0,ml_only,0,,,,,,,,0,,,customer_historical_spend_mean lowers risk;high generated risk score lowers risk;device history lowers risk
txn_1f445c95ddd4,0.0283127420865718,0,0.028313,0,ml_only,0,,,,,,,,0,,,customer_historical_spend_mean lowers risk;device history lowers risk;session velocity lowers risk
txn_ed0a5fa762a2,0.024665345033870436,0,0.024665,0,ml_only,0,,,,,,,,0,,,customer payment cadence lowers risk;customer_historical_spend_mean lowers risk;session velocity lowers risk
txn_7aeaad089233,0.05008861334205523,0,0.050089,0,ml_only,0,,,,,,,,0,,,customer_historical_spend_mean lowers risk;session velocity lowers risk;high generated risk score lowers risk
txn_7afddc7a02dd,0.004411208878065958,0,0.004411,0,ml_only,0,,,,,,,,0,,,customer payment cadence lowers risk;session velocity lowers risk;customer account age lowers risk
txn_94972db21641,0.008571609281271418,0,0.008572,0,ml_only,0,,,,,,,,0,,,high generated risk score lowers risk;payment_method_type_code lowers risk;session velocity lowers risk
txn_af12ba4770da,0.06369190813731022,0,0.063692,0,ml_only,0,,,,,,,,0,,,session velocity lowers risk;customer account age lowers risk;IP velocity lowers risk
txn_a00867196400,0.09312586833865638,0,0.093126,0,ml_only,0,,,,,,,,0,,,session velocity lowers risk;customer account age lowers risk;IP velocity lowers risk
txn_70d92173ffe6,0.003781957535165736,0,0.003782,0,ml_only,0,,,,,,,,0,,,customer payment cadence lowers risk;session velocity lowers risk;IP velocity lowers risk
txn_e360fbfe9777,0.11841588595134105,0,0.118416,0,ml_only,0,,,,,,,,0,,,session velocity lowers risk;customer one-hour velocity lowers risk;IP velocity lowers risk
txn_be8156222632,0.10570832573839471,0,0.105708,0,ml_only,0,,,,,,,,0,,,session velocity lowers risk;IP velocity lowers risk;high generated risk score lowers risk
txn_dd184cf77712,0.016359674894071356,0,0.01636,0,ml_only,0,,,,,,,,0,,,payment_method_type_code lowers risk;high generated risk score lowers risk;session velocity lowers risk
txn_7afb2b9fe147,0.2509053762760689,0,0.250905,0,ml_only,0,,,,,,,,0,,,session velocity lowers risk;merchant growth pattern lowers risk;customer one-hour velocity lowers risk
txn_f6b6679ab051,0.09522125597203372,0,0.095221,0,ml_only,0,,,,,,,,0,,,payment_method_type_code lowers risk;session velocity lowers risk;customer one-hour velocity lowers risk
txn_4a508a0dee9d,0.42789575569752475,1,0.427896,1,ml_only,0,,,,,,,,0,,,session velocity lowers risk;IP velocity lowers risk;high generated risk score raises risk
txn_796cf7f1daea,0.04157399493536087,0,0.041574,0,ml_only,0,,,,,,,,0,,,customer payment cadence lowers risk;session velocity lowers risk;IP velocity lowers risk
txn_c9bc8ba7e717,0.03769158370696889,0,0.037692,0,ml_only,0,,,,,,,,0,,,customer_historical_spend_mean lowers risk;session velocity lowers risk;IP velocity lowers risk
txn_e156a95c534a,0.025734346067750113,0,0.025734,0,ml_only,0,,,,,,,,0,,,customer_historical_spend_mean lowers risk;session velocity lowers risk;IP velocity lowers risk
txn_1ac7b287479a,0.009449004400525558,0,0.009449,0,ml_only,0,,,,,,,,0,,,customer payment cadence lowers risk;customer_historical_spend_mean lowers risk;session velocity lowers risk
txn_21787fe2b3f7,0.02972237076078206,0,0.029722,0,ml_only,0,,,,,,,,0,,,customer_historical_spend_mean lowers risk;session velocity lowers risk;IP velocity lowers risk
txn_43192769f45f,0.07952400013488618,0,0.079524,0,ml_only,0,,,,,,,,0,,,payment_method_type_code lowers risk;session velocity lowers risk;high generated risk score raises risk
txn_ce3d2b0664ab,0.01606655881067086,0,0.016067,0,ml_only,0,,,,,,,,0,,,session velocity lowers risk;IP velocity lowers risk;merchant growth pattern lowers risk
txn_3dffb49da550,0.05349504153847372,0,0.053495,0,ml_only,0,,,,,,,,0,,,session velocity lowers risk;IP velocity lowers risk;customer one-hour velocity lowers risk
txn_1d8c1ae64a4b,0.030326871821081233,0,0.030327,0,ml_only,0,,,,,,,,0,,,customer payment cadence lowers risk;session velocity lowers risk;customer one-hour velocity lowers risk
txn_5a31bc01a5dc,0.17575596137814053,0,0.175756,0,ml_only,0,,,,,,,,0,,,session velocity lowers risk;IP velocity lowers risk;customer_historical_spend_mean lowers risk
txn_2bee733bfd87,0.029534669659317753,0,0.029535,0,ml_only,0,,,,,,,,0,,,payment_method_type_code lowers risk;session velocity lowers risk;IP velocity lowers risk
txn_0ec917614dcc,0.01382569888421037,0,0.013826,0,ml_only,0,,,,,,,,0,,,amount deviation from customer history lowers risk;session velocity lowers risk;IP velocity lowers risk
txn_36b26e52f6a0,0.007306704984002192,0,0.007307,0,ml_only,0,,,,,,,,0,,,customer payment cadence lowers risk;payment_method_type_code lowers risk;device history lowers risk
txn_7eab7028aea8,0.1445372160696618,0,0.144537,0,ml_only,0,,,,,,,,0,,,device history lowers risk;customer_historical_spend_mean raises risk;session velocity lowers risk
txn_e84ddfe48c94,0.12628734741624345,0,0.126287,0,ml_only,0,,,,,,,,0,,,device history lowers risk;customer_historical_spend_mean raises risk;session velocity lowers risk
txn_531284d0ba29,0.2160720752355642,0,0.216072,0,ml_only,0,,,,,,,,0,,,device history lowers risk;customer_historical_spend_mean raises risk;session velocity lowers risk
txn_409ffd6ff380,0.013471566550239294,0,0.013472,0,ml_only,0,,,,,,,,0,,,customer payment cadence lowers risk;device history lowers risk;customer_historical_spend_mean raises risk
txn_6a9e1012f1c1,0.036427847369838506,0,0.036428,0,ml_only,0,,,,,,,,0,,,session velocity lowers risk;IP velocity lowers risk;device history lowers risk
txn_19d2e530cc04,0.015135361316529376,0,0.015135,0,ml_only,0,,,,,,,,0,,,customer payment cadence lowers risk;session velocity lowers risk;device history lowers risk
txn_808772153f6e,0.03237104779949301,0,0.032371,0,ml_only,0,,,,,,,,0,,,payment_method_type_code lowers risk;session velocity lowers risk;high generated risk score lowers risk
txn_9ed8fd64e9f8,0.17124765895639862,0,0.171248,0,ml_only,0,,,,,,,,0,,,payment_method_type_code lowers risk;session velocity lowers risk;device history lowers risk
txn_5c1b17bb9a15,0.029987940992913797,0,0.029988,0,ml_only,0,,,,,,,,0,,,session velocity lowers risk;IP velocity lowers risk;device history lowers risk
txn_a3a8d0c7450e,0.045327624197575314,0,0.045328,0,ml_only,0,,,,,,,,0,,,payment_method_type_code lowers risk;session velocity lowers risk;IP velocity lowers risk
txn_9fff011ad58d,0.03000396839565774,0,0.030004,0,ml_only,0,,,,,,,,0,,,customer payment cadence lowers risk;session velocity lowers risk;IP velocity lowers risk
txn_55acbfbbb1cc,0.006892712564098584,0,0.006893,0,ml_only,0,,,,,,,,0,,,amount deviation from customer history lowers risk;payment_method_type_code lowers risk;session velocity lowers risk
txn_49919d4cd8c5,0.1232581840887335,0,0.123258,0,ml_only,0,,,,,,,,0,,,session velocity lowers risk;IP velocity lowers risk;customer one-hour velocity lowers risk
txn_58847855e3ac,0.2672336765566601,0,0.267234,0,ml_only,0,,,,,,,,0,,,session velocity lowers risk;IP velocity lowers risk;customer one-hour velocity lowers risk
txn_47175b04d577,0.057277588692305634,0,0.057278,0,ml_only,0,,,,,,,,0,,,session velocity lowers risk;IP velocity lowers risk;customer one-hour velocity lowers risk
txn_cdc2e20ea1b9,0.004087108249052196,0,0.004087,0,ml_only,0,,,,,,,,0,,,customer payment cadence lowers risk;payment_method_type_code lowers risk;session velocity lowers risk
txn_c09f9a70c7b7,0.05381333299359798,0,0.053813,0,ml_only,0,,,,,,,,0,,,session velocity lowers risk;high generated risk score raises risk;IP velocity lowers risk
txn_f0b8a7aac405,0.052288680965783034,0,0.052289,0,ml_only,0,,,,,,,,0,,,session velocity lowers risk;IP velocity lowers risk;customer payment cadence raises risk
txn_8a52c6c038de,0.006842876313781071,0,0.006843,0,ml_only,0,,,,,,,,0,,,customer payment cadence lowers risk;payment_method_type_code lowers risk;session velocity lowers risk
txn_ee25000a089f,0.0990003066150432,0,0.099,0,ml_only,0,,,,,,,,0,,,high generated risk score raises risk;session velocity lowers risk;customer one-hour velocity lowers risk
txn_75c8ecb32801,0.05555617505147812,0,0.055556,0,ml_only,0,,,,,,,,0,,,payment_method_type_code lowers risk;customer account age lowers risk;session velocity lowers risk
txn_4e8017e35b80,0.02383342175730495,0,0.023833,0,ml_only,0,,,,,,,,0,,,customer payment cadence lowers risk;customer account age lowers risk;session velocity lowers risk
txn_0a30604f88cd,0.0941812776393631,0,0.094181,0,ml_only,0,,,,,,,,0,,,customer account age lowers risk;session velocity lowers risk;IP velocity lowers risk
txn_30bdc9194f51,0.02375914025636196,0,0.023759,0,ml_only,0,,,,,,,,0,,,payment_method_type_code lowers risk;customer account age lowers risk;session velocity lowers risk
txn_f807ca724f21,0.07770188667919532,0,0.077702,0,ml_only,0,,,,,,,,0,,,customer_historical_spend_mean lowers risk;session velocity lowers risk;IP velocity lowers risk
txn_bc251c472368,0.023410931429944062,0,0.023411,0,ml_only,0,,,,,,,,0,,,customer payment cadence lowers risk;customer_historical_spend_mean lowers risk;session velocity lowers risk
txn_79ac13fdeb49,0.036842296167452875,0,0.036842,0,ml_only,0,,,,,,,,0,,,high generated risk score lowers risk;customer_historical_spend_mean lowers risk;session velocity lowers risk
txn_7a9f9f35deff,0.045778483361452425,0,0.045778,0,ml_only,0,,,,,,,,0,,,customer_historical_spend_mean lowers risk;session velocity lowers risk;customer payment cadence lowers risk
txn_582b7c1909a9,0.06688781759853187,0,0.066888,0,ml_only,0,,,,,,,,0,,,payment_method_type_code lowers risk;session velocity lowers risk;IP velocity lowers risk
txn_21bf0da10f89,0.05858033745114395,0,0.05858,0,ml_only,0,,,,,,,,0,,,session velocity lowers risk;merchant growth pattern lowers risk;customer account age lowers risk
txn_cc8125b09e97,0.012964053402507907,0,0.012964,0,ml_only,0,,,,,,,,0,,,high generated risk score lowers risk;amount deviation from customer history lowers risk;session velocity lowers risk
txn_ba735de54ccf,0.011085621639763921,0,0.011086,0,ml_only,0,,,,,,,,0,,,customer payment cadence lowers risk;session velocity lowers risk;IP velocity lowers risk
txn_f6a62ca54737,0.009009742050619624,0,0.00901,0,ml_only,0,,,,,,,,0,,,customer payment cadence lowers risk;session velocity lowers risk;high generated risk score lowers risk
txn_0a630093fb13,0.1987246939148643,0,0.198725,0,ml_only,0,,,,,,,,0,,,session velocity lowers risk;customer one-hour velocity lowers risk;device history lowers risk
txn_5d4911823f03,0.006244237694136423,0,0.006244,0,ml_only,0,,,,,,,,0,,,customer payment cadence lowers risk;session velocity lowers risk;IP velocity lowers risk
txn_c0e542f94d6e,0.056447629140475575,0,0.056448,0,ml_only,0,,,,,,,,0,,,session velocity lowers risk;IP velocity lowers risk;customer one-hour velocity lowers risk
txn_998dad8dab7b,0.059094818365610584,0,0.059095,0,ml_only,0,,,,,,,,0,,,customer payment cadence lowers risk;session velocity lowers risk;customer one-hour velocity lowers risk
txn_db5304f5747c,0.025433610077262372,0,0.025434,0,ml_only,0,,,,,,,,0,,,customer payment cadence lowers risk;payment_method_type_code lowers risk;session velocity lowers risk
txn_a05ec9187cfd,0.0822343967429045,0,0.082234,0,ml_only,0,,,,,,,,0,,,session velocity lowers risk;merchant growth pattern lowers risk;customer one-hour velocity lowers risk
txn_6add49a06227,0.15341848295049298,0,0.153418,0,ml_only,0,,,,,,,,0,,,session velocity lowers risk;customer one-hour velocity lowers risk;customer account age lowers risk
txn_94e012315d70,0.014603308244170178,0,0.014603,0,ml_only,0,,,,,,,,0,,,amount deviation from customer history lowers risk;session velocity lowers risk;IP velocity lowers risk
txn_e998eb2b92c7,0.019196427309742005,0,0.019196,0,ml_only,0,,,,,,,,0,,,payment_method_type_code lowers risk;session velocity lowers risk;customer one-hour velocity lowers risk
txn_8f2587689111,0.13942263688619197,0,0.139423,0,ml_only,0,,,,,,,,0,,,session velocity lowers risk;customer one-hour velocity lowers risk;high generated risk score lowers risk
txn_b40cc41069ba,0.06982333864945324,0,0.069823,0,ml_only,0,,,,,,,,0,,,customer payment cadence lowers risk;session velocity lowers risk;customer one-hour velocity lowers risk
txn_67c799289c6c,0.06695135944411985,0,0.066951,0,ml_only,0,,,,,,,,0,,,customer_historical_spend_mean lowers risk;high generated risk score lowers risk;customer account age lowers risk
txn_b3171f9ffc18,0.0028133266031355455,0,0.002813,0,ml_only,0,,,,,,,,0,,,customer payment cadence lowers risk;customer_historical_spend_mean lowers risk;high generated risk score lowers risk
txn_4c33190881bc,0.009380699444438092,0,0.009381,0,ml_only,0,,,,,,,,0,,,customer_historical_spend_mean lowers risk;high generated risk score lowers risk;customer account age lowers risk
txn_a47b1b82320c,0.008748230225459341,0,0.008748,0,ml_only,0,,,,,,,,0,,,customer_historical_spend_mean lowers risk;customer account age lowers risk;session velocity lowers risk
txn_acb1724cb8e9,0.009737591881116649,0,0.009738,0,ml_only,0,,,,,,,,0,,,customer payment cadence lowers risk;payment_method_type_code lowers risk;customer account age lowers risk
txn_2e1a629c2c06,0.028648079937637086,0,0.028648,0,ml_only,0,,,,,,,,0,,,high generated risk score lowers risk;customer account age lowers risk;session velocity lowers risk
txn_ce2b85399c73,0.01258019649126105,0,0.01258,0,ml_only,0,,,,,,,,0,,,customer payment cadence lowers risk;customer account age lowers risk;session velocity lowers risk
txn_a872661feb5a,0.01964348669686846,0,0.019643,0,ml_only,0,,,,,,,,0,,,customer account age lowers risk;session velocity lowers risk;IP velocity lowers risk
txn_fcc900ef2525,0.005042214039639119,0,0.005042,0,ml_only,0,,,,,,,,0,,,customer payment cadence lowers risk;customer account age lowers risk;session velocity lowers risk
txn_5b493e96ac73,0.02531251909580265,0,0.025313,0,ml_only,0,,,,,,,,0,,,payment_method_type_code lowers risk;customer account age lowers risk;session velocity lowers risk
txn_9ab5fbf70d15,0.051607680519121395,0,0.051608,0,ml_only,0,,,,,,,,0,,,payment_method_type_code lowers risk;customer account age lowers risk;session velocity lowers risk
txn_f991ae0550bf,0.04035698395121399,0,0.040357,0,ml_only,0,,,,,,,,0,,,customer account age lowers risk;session velocity lowers risk;customer one-hour velocity lowers risk
txn_84839aeeae25,0.026094024821714613,0,0.026094,0,ml_only,0,,,,,,,,0,,,customer account age lowers risk;session velocity lowers risk;IP velocity lowers risk
txn_622674b0555c,0.024233062952575282,0,0.024233,0,ml_only,0,,,,,,,,0,,,customer payment cadence lowers risk;customer account age lowers risk;high generated risk score lowers risk
txn_c75bdce2121c,0.056287143231710725,0,0.056287,0,ml_only,0,,,,,,,,0,,,high generated risk score lowers risk;customer account age lowers risk;session velocity lowers risk
txn_1f852f4a5cf6,0.020028898367352957,0,0.020029,0,ml_only,0,,,,,,,,0,,,customer payment cadence lowers risk;payment_method_type_code lowers risk;customer account age lowers risk
txn_8fe75621c107,0.11194378814665797,0,0.111944,0,ml_only,0,,,,,,,,0,,,session velocity lowers risk;customer account age lowers risk;customer one-hour velocity lowers risk
txn_c2251e27259b,0.04495771930736245,0,0.044958,0,ml_only,0,,,,,,,,0,,,high generated risk score lowers risk;session velocity lowers risk;IP velocity lowers risk
txn_1a73acbad490,0.004394696124426666,0,0.004395,0,ml_only,0,,,,,,,,0,,,customer payment cadence lowers risk;device activity cadence lowers risk;session velocity lowers risk
txn_7eea690ad93c,0.014506751091156364,0,0.014507,0,ml_only,0,,,,,,,,0,,,customer payment cadence lowers risk;session velocity lowers risk;IP velocity lowers risk
txn_7dcb251bccf6,0.023695857893118046,0,0.023696,0,ml_only,0,,,,,,,,0,,,customer_historical_spend_mean lowers risk;payment_method_type_code lowers risk;session velocity lowers risk
txn_144e453ae53b,0.005605156947905512,0,0.005605,0,ml_only,0,,,,,,,,0,,,customer payment cadence lowers risk;high generated risk score lowers risk;customer_historical_spend_mean lowers risk
txn_06d376311576,0.02461863025936859,0,0.024619,0,ml_only,0,,,,,,,,0,,,customer payment cadence lowers risk;customer_historical_spend_mean lowers risk;session velocity lowers risk
txn_2178c97a2cd0,0.1061127576983744,0,0.106113,0,ml_only,0,,,,,,,,0,,,customer_historical_spend_mean lowers risk;session velocity lowers risk;high generated risk score lowers risk
txn_e14eb445406d,0.04697447717767615,0,0.046974,0,ml_only,0,,,,,,,,0,,,session velocity lowers risk;IP velocity lowers risk;high generated risk score lowers risk
txn_3aafe8d2d5b8,0.010713885082498915,0,0.010714,0,ml_only,0,,,,,,,,0,,,customer payment cadence lowers risk;high generated risk score lowers risk;session velocity lowers risk
txn_dde5d189c552,0.003061449524490574,0,0.003061,0,ml_only,0,,,,,,,,0,,,customer payment cadence lowers risk;payment_method_type_code lowers risk;amount deviation from customer history lowers risk
txn_24bc0e990323,0.042776012553155475,0,0.042776,0,ml_only,0,,,,,,,,0,,,high generated risk score lowers risk;session velocity lowers risk;customer one-hour velocity lowers risk
txn_58738f7949e2,0.04297390551865366,0,0.042974,0,ml_only,0,,,,,,,,0,,,payment_method_type_code lowers risk;session velocity lowers risk;customer account age lowers risk
txn_c28a2094fe6c,0.10146704459713642,0,0.101467,0,ml_only,0,,,,,,,,0,,,amount deviation from customer history lowers risk;session velocity lowers risk;high generated risk score raises risk
txn_27adcc7adefc,0.0031521266078025512,0,0.003152,0,ml_only,0,,,,,,,,0,,,customer payment cadence lowers risk;payment_method_type_code lowers risk;device history lowers risk
txn_1eb7635a0e2c,0.04379644764899867,0,0.043796,0,ml_only,0,,,,,,,,0,,,payment_method_type_code lowers risk;device history lowers risk;customer payment cadence lowers risk
txn_d7cb20752206,0.011424175229163214,0,0.011424,0,ml_only,0,,,,,,,,0,,,high generated risk score lowers risk;device history lowers risk;session velocity lowers risk
txn_4f7e126abaf9,0.009731252425359828,0,0.009731,0,ml_only,0,,,,,,,,0,,,payment_method_type_code lowers risk;device history lowers risk;session velocity lowers risk
txn_7b5a3d1065a6,0.044869143702051056,0,0.044869,0,ml_only,0,,,,,,,,0,,,device history lowers risk;high generated risk score lowers risk;session velocity lowers risk
txn_07571f1c1efd,0.015743496178267584,0,0.015743,0,ml_only,0,,,,,,,,0,,,customer payment cadence lowers risk;session velocity lowers risk;customer one-hour velocity lowers risk
txn_70552eea543d,0.11446255949035457,0,0.114463,0,ml_only,0,,,,,,,,0,,,session velocity lowers risk;IP velocity lowers risk;customer one-hour velocity lowers risk
txn_0c568dbd4f5f,0.005789894225561809,0,0.00579,0,ml_only,0,,,,,,,,0,,,customer payment cadence lowers risk;payment_method_type_code lowers risk;session velocity lowers risk
txn_af38418b2ad2,0.04492292076179208,0,0.044923,0,ml_only,0,,,,,,,,0,,,session velocity lowers risk;customer payment cadence lowers risk;customer one-hour velocity lowers risk
txn_bf1110823f90,0.0027746535409982295,0,0.002775,0,ml_only,0,,,,,,,,0,,,customer payment cadence lowers risk;payment_method_type_code lowers risk;session velocity lowers risk
txn_5d29849264d3,0.065228478006086,0,0.065228,0,ml_only,0,,,,,,,,0,,,customer payment cadence lowers risk;high generated risk score raises risk;session velocity lowers risk
txn_a391f872b9cf,0.03314512889763966,0,0.033145,0,ml_only,0,,,,,,,,0,,,session velocity lowers risk;IP velocity lowers risk;device history lowers risk
txn_3b858cb1d8ff,0.06329373139708842,0,0.063294,0,ml_only,0,,,,,,,,0,,,payment_method_type_code lowers risk;session velocity lowers risk;IP velocity lowers risk
txn_4d046177b8a7,0.07911287198404149,0,0.079113,0,ml_only,0,,,,,,,,0,,,session velocity lowers risk;IP velocity lowers risk;device history lowers risk
txn_f6db3c473882,0.005070915212689024,0,0.005071,0,ml_only,0,,,,,,,,0,,,customer account age lowers risk;payment_method_type_code lowers risk;session velocity lowers risk
txn_0b5747d1a570,0.19810862043994099,0,0.198109,0,ml_only,0,,,,,,,,0,,,customer account age lowers risk;high generated risk score lowers risk;session velocity lowers risk
txn_73596bc3b999,0.023791210928950045,0,0.023791,0,ml_only,0,,,,,,,,0,,,customer payment cadence lowers risk;customer account age lowers risk;payment_method_type_code lowers risk
txn_0e3f9e171c35,0.017763908155474604,0,0.017764,0,ml_only,0,,,,,,,,0,,,customer payment cadence lowers risk;customer account age lowers risk;session velocity lowers risk
txn_8684163dc4bf,0.1952152630866328,0,0.195215,0,ml_only,0,,,,,,,,0,,,session velocity lowers risk;IP velocity lowers risk;merchant growth pattern lowers risk
txn_f83df23adabb,0.029918074888481732,0,0.029918,0,ml_only,0,,,,,,,,0,,,high generated risk score lowers risk;device activity cadence lowers risk;session velocity lowers risk
txn_60e2d121eb99,0.05839197403328068,0,0.058392,0,ml_only,0,,,,,,,,0,,,customer payment cadence lowers risk;session velocity lowers risk;high generated risk score lowers risk
txn_4cc954f19912,0.041892894038565616,0,0.041893,0,ml_only,0,,,,,,,,0,,,customer payment cadence lowers risk;session velocity lowers risk;IP velocity lowers risk
txn_5fd470b8a386,0.08205039975611943,0,0.08205,0,ml_only,0,,,,,,,,0,,,session velocity lowers risk;customer one-hour velocity lowers risk;IP velocity lowers risk
txn_f18be123507e,0.0222988132904261,0,0.022299,0,ml_only,0,,,,,,,,0,,,customer payment cadence lowers risk;session velocity lowers risk;IP velocity lowers risk
txn_bee510b5f8b8,0.1103138722334452,0,0.110314,0,ml_only,0,,,,,,,,0,,,session velocity lowers risk;customer one-hour velocity lowers risk;IP velocity lowers risk
txn_99d10671a1c4,0.014536030923177751,0,0.014536,0,ml_only,0,,,,,,,,0,,,amount deviation from customer history lowers risk;customer payment cadence lowers risk;session velocity lowers risk
txn_f2ee943fe204,0.07263641557862693,0,0.072636,0,ml_only,0,,,,,,,,0,,,session velocity lowers risk;IP velocity lowers risk;customer one-hour velocity lowers risk
txn_182c6342a5ce,0.05324133241934175,0,0.053241,0,ml_only,0,,,,,,,,0,,,payment_method_type_code lowers risk;session velocity lowers risk;merchant growth pattern lowers risk
txn_0467fa93315f,0.0052713448223975215,0,0.005271,0,ml_only,0,,,,,,,,0,,,customer payment cadence lowers risk;session velocity lowers risk;IP velocity lowers risk
txn_2557e5209c2e,0.0005685473805022058,0,0.000569,0,ml_only,0,,,,,,,,0,,,customer payment cadence lowers risk;device activity cadence lowers risk;session velocity lowers risk
txn_9ab142f517cc,0.04275376797084705,0,0.042754,0,ml_only,0,,,,,,,,0,,,payment_method_type_code lowers risk;session velocity lowers risk;device history lowers risk
txn_87b94d55a4ee,0.014451388812347234,0,0.014451,0,ml_only,0,,,,,,,,0,,,customer payment cadence lowers risk;session velocity lowers risk;device history lowers risk
txn_0d2bdd99e28f,0.02197805326548712,0,0.021978,0,ml_only,0,,,,,,,,0,,,session velocity lowers risk;device history lowers risk;merchant growth pattern lowers risk
txn_8f1d35a12d51,0.003482813053025456,0,0.003483,0,ml_only,0,,,,,,,,0,,,customer payment cadence lowers risk;high generated risk score lowers risk;session velocity lowers risk
txn_faf8511b09bb,0.005222779810454523,0,0.005223,0,ml_only,0,,,,,,,,0,,,high generated risk score lowers risk;customer_historical_spend_mean lowers risk;payment_method_type_code lowers risk
txn_117a85f0983a,0.028366250952448695,0,0.028366,0,ml_only,0,,,,,,,,0,,,customer_historical_spend_mean lowers risk;amount deviation from customer history lowers risk;session velocity lowers risk
txn_c68028db9714,0.02095443930904543,0,0.020954,0,ml_only,0,,,,,,,,0,,,customer payment cadence lowers risk;customer_historical_spend_mean lowers risk;session velocity lowers risk
txn_c65ed3f13b96,0.040215700235393004,0,0.040216,0,ml_only,0,,,,,,,,0,,,customer_historical_spend_mean lowers risk;session velocity lowers risk;customer one-hour velocity lowers risk
txn_91db4616ca04,0.024770737077231438,0,0.024771,0,ml_only,0,,,,,,,,0,,,high generated risk score lowers risk;session velocity lowers risk;customer one-hour velocity lowers risk
txn_3dc1ff443d68,0.0028015224280954396,0,0.002802,0,ml_only,0,,,,,,,,0,,,customer payment cadence lowers risk;high generated risk score lowers risk;session velocity lowers risk
txn_f4d3b93e0206,0.0007638243028903076,0,0.000764,0,ml_only,0,,,,,,,,0,,,amount deviation from customer history lowers risk;customer payment cadence lowers risk;session velocity lowers risk
txn_0b7db785a099,0.21746089573151006,0,0.217461,0,ml_only,0,,,,,,,,0,,,session velocity lowers risk;customer one-hour velocity lowers risk;customer account age lowers risk
txn_608e16e99173,0.021296363203418593,0,0.021296,0,ml_only,0,,,,,,,,0,,,customer payment cadence lowers risk;customer_historical_spend_mean lowers risk;session velocity lowers risk
txn_678edbb9a37f,0.08849010973397588,0,0.08849,0,ml_only,0,,,,,,,,0,,,customer_historical_spend_mean lowers risk;session velocity lowers risk;IP velocity lowers risk
txn_66bd04ba2ea4,0.014026467173326944,0,0.014026,0,ml_only,0,,,,,,,,0,,,customer_historical_spend_mean lowers risk;payment_method_type_code lowers risk;session velocity lowers risk
txn_a42b4328a72f,0.004220637555519035,0,0.004221,0,ml_only,0,,,,,,,,0,,,customer payment cadence lowers risk;customer_historical_spend_mean lowers risk;session velocity lowers risk
txn_0ddc1a16b6de,0.0032426660623709348,0,0.003243,0,ml_only,0,,,,,,,,0,,,customer payment cadence lowers risk;customer_historical_spend_mean lowers risk;customer account age lowers risk
txn_c03808800ed1,0.011508519149517575,0,0.011509,0,ml_only,0,,,,,,,,0,,,customer payment cadence lowers risk;customer_historical_spend_mean lowers risk;customer account age lowers risk
txn_95a63872bba1,0.044525573450797155,0,0.044526,0,ml_only,0,,,,,,,,0,,,customer_historical_spend_mean lowers risk;customer account age lowers risk;session velocity lowers risk
txn_3e865c50a62d,0.022620579182538857,0,0.022621,0,ml_only,0,,,,,,,,0,,,customer_historical_spend_mean lowers risk;customer account age lowers risk;session velocity lowers risk
txn_fa2ec9916140,0.0035698688345730555,0,0.00357,0,ml_only,0,,,,,,,,0,,,customer payment cadence lowers risk;session velocity lowers risk;IP velocity lowers risk
txn_a5b9b311bcf2,0.029772734433624916,0,0.029773,0,ml_only,0,,,,,,,,0,,,high generated risk score lowers risk;session velocity lowers risk;customer payment cadence lowers risk
txn_4c4af09505d7,0.015326721318755567,0,0.015327,0,ml_only,0,,,,,,,,0,,,customer payment cadence lowers risk;session velocity lowers risk;IP velocity lowers risk
txn_74c7fb613b04,0.07281137817756823,0,0.072811,0,ml_only,0,,,,,,,,0,,,session velocity lowers risk;customer one-hour velocity lowers risk;device history lowers risk
txn_f10ff5eac7a0,0.04797200081328801,0,0.047972,0,ml_only,0,,,,,,,,0,,,session velocity lowers risk;merchant growth pattern lowers risk;customer one-hour velocity lowers risk
txn_884838922fac,0.03469056595590012,0,0.034691,0,ml_only,0,,,,,,,,0,,,session velocity lowers risk;IP velocity lowers risk;device history lowers risk
txn_d5ca1dfb6515,0.002169211181873004,0,0.002169,0,ml_only,0,,,,,,,,0,,,customer payment cadence lowers risk;device activity cadence lowers risk;session velocity lowers risk
txn_e522eef1be77,0.005132302353236312,0,0.005132,0,ml_only,0,,,,,,,,0,,,customer payment cadence lowers risk;payment_method_type_code lowers risk;session velocity lowers risk
txn_95d4bd8a1854,0.013592496870151443,0,0.013592,0,ml_only,0,,,,,,,,0,,,high generated risk score lowers risk;customer_historical_spend_mean lowers risk;session velocity lowers risk
txn_f2a3acc9c4f7,0.017314196113049348,0,0.017314,0,ml_only,0,,,,,,,,0,,,customer payment cadence lowers risk;high generated risk score lowers risk;customer_historical_spend_mean lowers risk
txn_156e06e80d07,0.04020372054706359,0,0.040204,0,ml_only,0,,,,,,,,0,,,customer_historical_spend_mean lowers risk;session velocity lowers risk;IP velocity lowers risk
txn_436bccea17cb,0.03420580382954379,0,0.034206,0,ml_only,0,,,,,,,,0,,,payment_method_type_code lowers risk;customer_historical_spend_mean lowers risk;session velocity lowers risk
txn_71f070dd411c,0.013483668779097801,0,0.013484,0,ml_only,0,,,,,,,,0,,,customer payment cadence lowers risk;payment_method_type_code lowers risk;customer account age lowers risk
txn_0a459287a4dd,0.009520204078352983,0,0.00952,0,ml_only,0,,,,,,,,0,,,customer payment cadence lowers risk;payment_method_type_code lowers risk;customer account age lowers risk
txn_fddf3df24d3c,0.013271667364700273,0,0.013272,0,ml_only,0,,,,,,,,0,,,customer payment cadence lowers risk;customer account age lowers risk;session velocity lowers risk
txn_bf3fe20359b8,0.020095118277877706,0,0.020095,0,ml_only,0,,,,,,,,0,,,payment_method_type_code lowers risk;customer account age lowers risk;session velocity lowers risk
txn_bb5a488061fe,0.0020977941734900717,0,0.002098,0,ml_only,0,,,,,,,,0,,,amount deviation from customer history lowers risk;payment_method_type_code lowers risk;session velocity lowers risk
txn_f346dce69088,0.05328372424798288,0,0.053284,0,ml_only,0,,,,,,,,0,,,payment_method_type_code lowers risk;session velocity lowers risk;device history lowers risk
txn_3dd6034e1e27,0.0017611983893848727,0,0.001761,0,ml_only,0,,,,,,,,0,,,customer payment cadence lowers risk;payment_method_type_code lowers risk;session velocity lowers risk
txn_62ac7dc696e4,0.02640568141717512,0,0.026406,0,ml_only,0,,,,,,,,0,,,session velocity lowers risk;IP velocity lowers risk;device history lowers risk
txn_a67b3ca081fb,0.05342561973431821,0,0.053426,0,ml_only,0,,,,,,,,0,,,customer payment cadence lowers risk;session velocity lowers risk;IP velocity lowers risk
txn_f5083d6fd935,0.03590314272928838,0,0.035903,0,ml_only,0,,,,,,,,0,,,customer payment cadence lowers risk;session velocity lowers risk;customer one-hour velocity lowers risk
txn_dd3088364553,0.35335675642104647,1,0.353357,1,ml_only,0,,,,,,,,0,,,session velocity lowers risk;merchant growth pattern lowers risk;customer one-hour velocity lowers risk
txn_151c77fa3825,0.3746983497853504,1,0.374698,1,ml_only,0,,,,,,,,0,,,session velocity lowers risk;IP velocity lowers risk;customer one-hour velocity lowers risk
txn_5d8ca1e4cb75,0.013375482735995991,0,0.013375,0,ml_only,0,,,,,,,,0,,,customer payment cadence lowers risk;session velocity lowers risk;customer one-hour velocity lowers risk
txn_11637ec6f714,0.024828644804235755,0,0.024829,0,ml_only,0,,,,,,,,0,,,session velocity lowers risk;device history lowers risk;customer one-hour velocity lowers risk
txn_ec533981b403,0.0032810420999319924,0,0.003281,0,ml_only,0,,,,,,,,0,,,session velocity lowers risk;device history lowers risk;customer one-hour velocity lowers risk
txn_3c5f91a526bd,0.009259635626504736,0,0.00926,0,ml_only,0,,,,,,,,0,,,customer payment cadence lowers risk;payment_method_type_code lowers risk;session velocity lowers risk
txn_bd8ff030478b,0.05837752120804484,0,0.058378,0,ml_only,0,,,,,,,,0,,,high generated risk score lowers risk;session velocity lowers risk;device history lowers risk
txn_dfec6af9521c,0.009002884053620841,0,0.009003,0,ml_only,0,,,,,,,,0,,,amount deviation from customer history lowers risk;session velocity lowers risk;IP velocity lowers risk
txn_758118dcfd93,0.012274221865744925,0,0.012274,0,ml_only,0,,,,,,,,0,,,customer payment cadence lowers risk;session velocity lowers risk;IP velocity lowers risk
txn_0b655b14f3fa,0.12874334088319256,0,0.128743,0,ml_only,0,,,,,,,,0,,,customer payment cadence lowers risk;session velocity lowers risk;IP velocity lowers risk
txn_0fdf8c74602f,0.022370140863212064,0,0.02237,0,ml_only,0,,,,,,,,0,,,customer payment cadence lowers risk;customer_historical_spend_mean lowers risk;session velocity lowers risk
txn_cba5ba8bc62b,0.06067774409062405,0,0.060678,0,ml_only,0,,,,,,,,0,,,customer_historical_spend_mean lowers risk;high generated risk score lowers risk;session velocity lowers risk
txn_0835bc3b9c1f,0.001721956476459334,0,0.001722,0,ml_only,0,,,,,,,,0,,,customer payment cadence lowers risk;customer_historical_spend_mean lowers risk;device activity cadence lowers risk
txn_148ebb179f9e,0.014569520695302632,0,0.01457,0,ml_only,0,,,,,,,,0,,,customer payment cadence lowers risk;customer_historical_spend_mean lowers risk;payment_method_type_code lowers risk
txn_aae5c4abe112,0.05246982659534581,0,0.05247,0,ml_only,0,,,,,,,,0,,,customer_historical_spend_mean lowers risk;customer account age lowers risk;session velocity lowers risk
txn_043874dd41a8,0.0026786843915440196,0,0.002679,0,ml_only,0,,,,,,,,0,,,customer payment cadence lowers risk;customer_historical_spend_mean lowers risk;customer account age lowers risk
txn_5d131f430182,0.002145139900797592,0,0.002145,0,ml_only,0,,,,,,,,0,,,customer payment cadence lowers risk;customer_historical_spend_mean lowers risk;customer account age lowers risk
txn_5f5715e7abf0,0.0008428360310191271,0,0.000843,0,ml_only,0,,,,,,,,0,,,customer payment cadence lowers risk;customer_historical_spend_mean lowers risk;device activity cadence lowers risk
txn_0d0e7eb75c8e,0.004469247810019144,0,0.004469,0,ml_only,0,,,,,,,,0,,,customer payment cadence lowers risk;device activity cadence lowers risk;customer_historical_spend_mean lowers risk
txn_06a1073e2079,0.004739268436619166,0,0.004739,0,ml_only,0,,,,,,,,0,,,customer payment cadence lowers risk;customer_historical_spend_mean lowers risk;session velocity lowers risk
txn_1ce731c160b7,0.0979668762232358,0,0.097967,0,ml_only,0,,,,,,,,0,,,customer_historical_spend_mean lowers risk;amount deviation from customer history lowers risk;session velocity lowers risk
txn_efe243edfddc,0.009513844632138743,0,0.009514,0,ml_only,0,,,,,,,,0,,,customer payment cadence lowers risk;customer_historical_spend_mean lowers risk;high generated risk score lowers risk
txn_29948b09d046,0.10337352981223144,0,0.103374,0,ml_only,0,,,,,,,,0,,,customer payment cadence lowers risk;session velocity lowers risk;customer one-hour velocity lowers risk
txn_56264a0b4a84,0.18596055935943412,0,0.185961,0,ml_only,0,,,,,,,,0,,,session velocity lowers risk;customer one-hour velocity lowers risk;customer_historical_spend_mean raises risk
txn_553c69fc14bd,0.2130267738662931,0,0.213027,0,ml_only,0,,,,,,,,0,,,session velocity lowers risk;customer one-hour velocity lowers risk;customer_historical_spend_mean raises risk
txn_330a4f1c5300,0.10295333892207689,0,0.102953,0,ml_only,0,,,,,,,,0,,,session velocity lowers risk;device activity cadence lowers risk;high generated risk score lowers risk
txn_9cf354d6b5be,0.08853122403580005,0,0.088531,0,ml_only,0,,,,,,,,0,,,customer payment cadence lowers risk;high generated risk score raises risk;payment_method_type_code lowers risk
txn_c4f7c12b1718,0.1292428783280542,0,0.129243,0,ml_only,0,,,,,,,,0,,,high generated risk score lowers risk;session velocity lowers risk;merchant growth pattern lowers risk
txn_996e0eeb1939,0.0142917786389306,0,0.014292,0,ml_only,0,,,,,,,,0,,,amount deviation from customer history lowers risk;payment_method_type_code lowers risk;session velocity lowers risk
txn_230f65d8dc4f,0.03035449354814787,0,0.030354,0,ml_only,0,,,,,,,,0,,,payment_method_type_code lowers risk;session velocity lowers risk;IP velocity lowers risk
txn_e4ff91e8dd79,0.13819970895544045,0,0.1382,0,ml_only,0,,,,,,,,0,,,customer payment cadence lowers risk;customer_historical_spend_mean raises risk;session velocity lowers risk
txn_47d6279aee59,0.047803204493392495,0,0.047803,0,ml_only,0,,,,,,,,0,,,customer payment cadence lowers risk;customer_historical_spend_mean raises risk;session velocity lowers risk
txn_fba0ef52a664,0.07069224185453324,0,0.070692,0,ml_only,0,,,,,,,,0,,,device activity cadence lowers risk;customer_historical_spend_mean raises risk;session velocity lowers risk
txn_d2390731da4f,0.020633524684353786,0,0.020634,0,ml_only,0,,,,,,,,0,,,customer payment cadence lowers risk;payment_method_type_code lowers risk;customer_historical_spend_mean raises risk
txn_6549c3774334,0.0033057889548654736,0,0.003306,0,ml_only,0,,,,,,,,0,,,customer payment cadence lowers risk;device activity cadence lowers risk;session velocity lowers risk
txn_27dcabd484f3,0.009022768545395144,0,0.009023,0,ml_only,0,,,,,,,,0,,,customer payment cadence lowers risk;session velocity lowers risk;device history lowers risk
txn_f6abce0e8143,0.11555328544383735,0,0.115553,0,ml_only,0,,,,,,,,0,,,session velocity lowers risk;merchant growth pattern lowers risk;device history lowers risk
txn_b9879bed79a2,0.046903289844126284,0,0.046903,0,ml_only,0,,,,,,,,0,,,high generated risk score lowers risk;payment_method_type_code lowers risk;session velocity lowers risk
txn_6a18eff67c3c,0.043815195225140366,0,0.043815,0,ml_only,0,,,,,,,,0,,,customer_historical_spend_mean lowers risk;session velocity lowers risk;customer one-hour velocity lowers risk
txn_d8be95af44b1,0.024796748560703536,0,0.024797,0,ml_only,0,,,,,,,,0,,,customer payment cadence lowers risk;customer_historical_spend_mean lowers risk;session velocity lowers risk
txn_b2d5c0da618a,0.22962919209415125,0,0.229629,0,ml_only,0,,,,,,,,0,,,customer_historical_spend_mean lowers risk;session velocity lowers risk;customer payment cadence raises risk
txn_c7cb7ca74d0a,0.00024336032246688054,0,0.000243,0,ml_only,0,,,,,,,,0,,,customer payment cadence lowers risk;device activity cadence lowers risk;customer_historical_spend_mean lowers risk
txn_3d6be7bf7fe6,0.03768936537218722,0,0.037689,0,ml_only,0,,,,,,,,0,,,high generated risk score lowers risk;customer account age lowers risk;session velocity lowers risk
txn_6aa9fdb68f15,0.13304173449084447,0,0.133042,0,ml_only,0,,,,,,,,0,,,high generated risk score raises risk;customer account age lowers risk;session velocity lowers risk
txn_8d078ae3f4c0,0.007948534410365781,0,0.007949,0,ml_only,0,,,,,,,,0,,,device activity cadence lowers risk;customer payment cadence lowers risk;payment_method_type_code lowers risk
txn_5eeacef3999d,0.001308896445080696,0,0.001309,0,ml_only,0,,,,,,,,0,,,amount deviation from customer history lowers risk;customer payment cadence lowers risk;customer account age lowers risk
txn_a3ca920f644c,0.03633637151684525,0,0.036336,0,ml_only,0,,,,,,,,0,,,payment_method_type_code lowers risk;customer_historical_spend_mean lowers risk;session velocity lowers risk
txn_b3d69e7f11dd,7.467124461608152e-05,0,7.5e-05,0,ml_only,0,,,,,,,,0,,,customer payment cadence lowers risk;amount deviation from customer history lowers risk;customer_historical_spend_mean lowers risk
txn_20da69bf7a1d,0.010166345890687135,0,0.010166,0,ml_only,0,,,,,,,,0,,,customer payment cadence lowers risk;customer_historical_spend_mean lowers risk;session velocity lowers risk
txn_d915e20cbab7,0.06283452336424944,0,0.062835,0,ml_only,0,,,,,,,,0,,,customer_historical_spend_mean lowers risk;session velocity lowers risk;device history lowers risk
txn_76598e7ff914,0.0010981737724163401,0,0.001098,0,ml_only,0,,,,,,,,0,,,customer payment cadence lowers risk;payment_method_type_code lowers risk;customer account age lowers risk
txn_59538c925359,0.008539371207998374,0,0.008539,0,ml_only,0,,,,,,,,0,,,device activity cadence lowers risk;customer account age lowers risk;session velocity lowers risk
txn_e0aed3d0831b,0.007941736304559775,0,0.007942,0,ml_only,0,,,,,,,,0,,,customer account age lowers risk;session velocity lowers risk;IP velocity lowers risk
txn_b6d4646b7bd9,0.006599724695318474,0,0.0066,0,ml_only,0,,,,,,,,0,,,customer payment cadence lowers risk;customer account age lowers risk;device history lowers risk
txn_b2a2f14048fa,0.005673831187108625,0,0.005674,0,ml_only,0,,,,,,,,0,,,customer payment cadence lowers risk;customer account age lowers risk;device history lowers risk
txn_795fa67d1f48,0.0067640631881068156,0,0.006764,0,ml_only,0,,,,,,,,0,,,customer payment cadence lowers risk;customer account age lowers risk;device activity cadence lowers risk
txn_335519598c10,0.005364938205455775,0,0.005365,0,ml_only,0,,,,,,,,0,,,customer payment cadence lowers risk;customer account age lowers risk;device activity cadence lowers risk
txn_b29207400ee6,0.0016953317907987247,0,0.001695,0,ml_only,0,,,,,,,,0,,,customer payment cadence lowers risk;customer account age lowers risk;device history lowers risk
txn_c0dde6555a2c,0.0702878549354073,0,0.070288,0,ml_only,0,,,,,,,,0,,,customer account age lowers risk;customer_historical_spend_mean lowers risk;session velocity lowers risk
txn_a2d4bcdc0956,0.027888812366932164,0,0.027889,0,ml_only,0,,,,,,,,0,,,customer account age lowers risk;customer_historical_spend_mean lowers risk;session velocity lowers risk
txn_5186e367a06e,0.014109180852426314,0,0.014109,0,ml_only,0,,,,,,,,0,,,customer payment cadence lowers risk;customer account age lowers risk;customer_historical_spend_mean lowers risk
txn_c60d655e0728,0.0005236923831833839,0,0.000524,0,ml_only,0,,,,,,,,0,,,amount deviation from customer history lowers risk;customer payment cadence lowers risk;customer account age lowers risk
txn_be3d0a5593a1,0.08414037459320885,0,0.08414,0,ml_only,0,,,,,,,,0,,,high generated risk score lowers risk;session velocity lowers risk;customer account age lowers risk
txn_90ae3d6f3519,0.012165683933384477,0,0.012166,0,ml_only,0,,,,,,,,0,,,customer payment cadence lowers risk;payment_method_type_code lowers risk;session velocity lowers risk
txn_a229e44c3fd9,0.025667877683532094,0,0.025668,0,ml_only,0,,,,,,,,0,,,customer payment cadence lowers risk;session velocity lowers risk;IP velocity lowers risk
txn_2e9df778036a,0.003617329723023932,0,0.003617,0,ml_only,0,,,,,,,,0,,,customer payment cadence lowers risk;amount deviation from customer history lowers risk;payment_method_type_code lowers risk
txn_2361b211160c,0.0025035593016872336,0,0.002504,0,ml_only,0,,,,,,,,0,,,customer payment cadence lowers risk;customer_historical_spend_mean lowers risk;session velocity lowers risk
txn_b1a869906319,0.321946,1,0.311979,0,hybrid_ml_llm,1,local_rules,0.3452,0.358,review,Deterministic defensive review based on the primary model score and supplied behavioral signals.,customer_historical_spend_mean lowers risk;session velocity lowers risk;IP velocity lowers risk,"{'from_provider': 'local_lmstudio', 'to_provider': 'local_rules', 'reason': 'model_output_failed_defense_review_contract'}",0,,,customer_historical_spend_mean lowers risk;session velocity lowers risk;IP velocity lowers risk
txn_5a645609f1e0,0.00142535963209202,0,0.001425,0,ml_only,0,,,,,,,,0,,,customer payment cadence lowers risk;customer_historical_spend_mean lowers risk;payment_method_type_code lowers risk
txn_792cf715ad0e,0.008177722106381987,0,0.008178,0,ml_only,0,,,,,,,,0,,,customer_historical_spend_mean lowers risk;device activity cadence lowers risk;device history lowers risk
txn_90ca14ab2720,0.0010001503646405586,0,0.001,0,ml_only,0,,,,,,,,0,,,customer payment cadence lowers risk;device activity cadence lowers risk;payment_method_type_code lowers risk
txn_133f355c12b5,0.051164036379198544,0,0.051164,0,ml_only,0,,,,,,,,0,,,customer payment cadence lowers risk;device history lowers risk;session velocity lowers risk
txn_d105c8522b6a,0.012441832806437481,0,0.012442,0,ml_only,0,,,,,,,,0,,,customer payment cadence lowers risk;payment_method_type_code lowers risk;device history lowers risk
txn_470542947a8e,0.02348684790264478,0,0.023487,0,ml_only,0,,,,,,,,0,,,customer payment cadence lowers risk;high generated risk score lowers risk;session velocity lowers risk
txn_3c90d45fb7a8,0.014578598493136094,0,0.014579,0,ml_only,0,,,,,,,,0,,,customer payment cadence lowers risk;high generated risk score lowers risk;session velocity lowers risk
txn_674126000b7d,0.0010519023249248032,0,0.001052,0,ml_only,0,,,,,,,,0,,,customer payment cadence lowers risk;device activity cadence lowers risk;payment_method_type_code lowers risk
txn_16cc72a9dcf6,0.1269731494685268,0,0.126973,0,ml_only,0,,,,,,,,0,,,session velocity lowers risk;IP velocity lowers risk;customer one-hour velocity lowers risk
txn_01b69f6f24b7,0.018289062051888308,0,0.018289,0,ml_only,0,,,,,,,,0,,,payment_method_type_code lowers risk;session velocity lowers risk;IP velocity lowers risk
txn_48feefb54e97,0.0008760756885127771,0,0.000876,0,ml_only,0,,,,,,,,0,,,customer payment cadence lowers risk;device activity cadence lowers risk;high generated risk score lowers risk
txn_cb4c24ae308f,0.020772983192493582,0,0.020773,0,ml_only,0,,,,,,,,0,,,customer payment cadence lowers risk;session velocity lowers risk;customer_historical_spend_mean lowers risk
txn_a320a5928b26,0.10715807611318602,0,0.107158,0,ml_only,0,,,,,,,,0,,,session velocity lowers risk;IP velocity lowers risk;customer_historical_spend_mean lowers risk
txn_9c674b763544,0.012228750345134331,0,0.012229,0,ml_only,0,,,,,,,,0,,,payment_method_type_code lowers risk;session velocity lowers risk;merchant growth pattern lowers risk
txn_872e93f9b39f,0.02496055202376442,0,0.024961,0,ml_only,0,,,,,,,,0,,,customer payment cadence lowers risk;high generated risk score lowers risk;session velocity lowers risk
txn_8d589126134b,0.02660243735074949,0,0.026602,0,ml_only,0,,,,,,,,0,,,customer payment cadence lowers risk;session velocity lowers risk;customer_historical_spend_mean raises risk
txn_d8509410273a,0.054082105743839023,0,0.054082,0,ml_only,0,,,,,,,,0,,,session velocity lowers risk;customer_historical_spend_mean raises risk;device history lowers risk
txn_6a1722f87e7a,0.002437713413663266,0,0.002438,0,ml_only,0,,,,,,,,0,,,customer payment cadence lowers risk;high generated risk score lowers risk;session velocity lowers risk
txn_f9a9a0235c14,0.003418318721074513,0,0.003418,0,ml_only,0,,,,,,,,0,,,customer payment cadence lowers risk;customer account age lowers risk;payment_method_type_code lowers risk
txn_cd73eef1d718,0.009960715652454809,0,0.009961,0,ml_only,0,,,,,,,,0,,,customer payment cadence lowers risk;customer account age lowers risk;session velocity lowers risk
txn_13f21897c6eb,0.0006384317736536463,0,0.000638,0,ml_only,0,,,,,,,,0,,,customer payment cadence lowers risk;device activity cadence lowers risk;customer account age lowers risk
txn_d5232f2fe558,0.007928581095515941,0,0.007929,0,ml_only,0,,,,,,,,0,,,customer account age lowers risk;payment_method_type_code lowers risk;session velocity lowers risk
txn_e2518d2643c8,0.08834891509929792,0,0.088349,0,ml_only,0,,,,,,,,0,,,session velocity lowers risk;IP velocity lowers risk;merchant growth pattern lowers risk
txn_0121e77cfb01,0.01313854547621257,0,0.013139,0,ml_only,0,,,,,,,,0,,,customer payment cadence lowers risk;session velocity lowers risk;IP velocity lowers risk
txn_6f5fd477e5b0,0.011903282569078523,0,0.011903,0,ml_only,0,,,,,,,,0,,,session velocity lowers risk;customer_historical_spend_mean lowers risk;customer one-hour velocity lowers risk
txn_0e54fa596730,0.015004192415609045,0,0.015004,0,ml_only,0,,,,,,,,0,,,customer payment cadence lowers risk;session velocity lowers risk;IP velocity lowers risk
txn_254fc40cc39f,0.24699074492972428,0,0.246991,0,ml_only,0,,,,,,,,0,,,session velocity lowers risk;IP velocity lowers risk;customer one-hour velocity lowers risk
txn_8ec8f7230066,0.017445975355451268,0,0.017446,0,ml_only,0,,,,,,,,0,,,customer payment cadence lowers risk;payment_method_type_code lowers risk;high generated risk score lowers risk
txn_4fe55b6e7511,0.0038471307165593447,0,0.003847,0,ml_only,0,,,,,,,,0,,,customer payment cadence lowers risk;device activity cadence lowers risk;session velocity lowers risk
txn_d87a8a95a972,0.04414806524059511,0,0.044148,0,ml_only,0,,,,,,,,0,,,customer payment cadence lowers risk;session velocity lowers risk;customer one-hour velocity lowers risk
txn_e2e38dd6e68c,0.005454427449158473,0,0.005454,0,ml_only,0,,,,,,,,0,,,customer payment cadence lowers risk;customer_historical_spend_mean lowers risk;session velocity lowers risk
txn_945e095cf3eb,0.021421675945120743,0,0.021422,0,ml_only,0,,,,,,,,0,,,customer_historical_spend_mean lowers risk;session velocity lowers risk;merchant growth pattern lowers risk
txn_ed62542209ce,0.007118586223855226,0,0.007119,0,ml_only,0,,,,,,,,0,,,customer_historical_spend_mean lowers risk;payment_method_type_code lowers risk;amount deviation from customer history lowers risk
txn_125aa2c7e896,0.005308539216262714,0,0.005309,0,ml_only,0,,,,,,,,0,,,customer payment cadence lowers risk;customer_historical_spend_mean lowers risk;device activity cadence lowers risk
txn_b43513e79153,0.0025510047226705644,0,0.002551,0,ml_only,0,,,,,,,,0,,,customer payment cadence lowers risk;session velocity lowers risk;IP velocity lowers risk
txn_bd389df90db6,0.055379656220780685,0,0.05538,0,ml_only,0,,,,,,,,0,,,high generated risk score lowers risk;session velocity lowers risk;customer account age lowers risk
txn_b7f91403f4e5,0.08121773165245218,0,0.081218,0,ml_only,0,,,,,,,,0,,,high generated risk score raises risk;session velocity lowers risk;IP velocity lowers risk
txn_8ff5538b6ccb,0.0386559093607897,0,0.038656,0,ml_only,0,,,,,,,,0,,,customer payment cadence lowers risk;session velocity lowers risk;customer account age lowers risk
txn_20cc4c65f1df,0.00955563716127242,0,0.009556,0,ml_only,0,,,,,,,,0,,,customer payment cadence lowers risk;session velocity lowers risk;IP velocity lowers risk
txn_5eb43f11eddb,0.011382634560604307,0,0.011383,0,ml_only,0,,,,,,,,0,,,customer payment cadence lowers risk;device activity cadence lowers risk;session velocity lowers risk
txn_c40027e19516,0.1618712071489157,0,0.161871,0,ml_only,0,,,,,,,,0,,,session velocity lowers risk;merchant growth pattern lowers risk;customer one-hour velocity lowers risk
txn_ff45dc40d663,0.0729779537349083,0,0.072978,0,ml_only,0,,,,,,,,0,,,customer payment cadence lowers risk;high generated risk score raises risk;session velocity lowers risk
txn_45305cb43198,0.0031086240405683654,0,0.003109,0,ml_only,0,,,,,,,,0,,,device activity cadence lowers risk;customer payment cadence lowers risk;payment_method_type_code lowers risk
txn_d6d6e66abccf,0.015548765593990389,0,0.015549,0,ml_only,0,,,,,,,,0,,,customer payment cadence lowers risk;session velocity lowers risk;customer one-hour velocity lowers risk
txn_a5f75c514b02,0.2248144643738337,0,0.224814,0,ml_only,0,,,,,,,,0,,,session velocity lowers risk;customer one-hour velocity lowers risk;customer payment cadence raises risk
txn_e0d6f9bc9262,0.0008561487170454525,0,0.000856,0,ml_only,0,,,,,,,,0,,,customer payment cadence lowers risk;session velocity lowers risk;customer one-hour velocity lowers risk
txn_2350afa3c623,0.003748093801435057,0,0.003748,0,ml_only,0,,,,,,,,0,,,customer payment cadence lowers risk;customer_historical_spend_mean lowers risk;customer account age lowers risk
txn_7a9a7de0d603,0.000397773440898356,0,0.000398,0,ml_only,0,,,,,,,,0,,,customer payment cadence lowers risk;customer_historical_spend_mean lowers risk;customer account age lowers risk
txn_f78dbd2efefa,0.0007976761723926883,0,0.000798,0,ml_only,0,,,,,,,,0,,,customer payment cadence lowers risk;customer_historical_spend_mean lowers risk;device activity cadence lowers risk
txn_59606b9b20b7,0.021989097292198227,0,0.021989,0,ml_only,0,,,,,,,,0,,,customer_historical_spend_mean lowers risk;customer account age lowers risk;session velocity lowers risk
txn_ffdc8fc1c167,0.019152177121382893,0,0.019152,0,ml_only,0,,,,,,,,0,,,customer payment cadence lowers risk;customer_historical_spend_mean lowers risk;session velocity lowers risk
txn_dd5df47bc88e,0.026674662209156038,0,0.026675,0,ml_only,0,,,,,,,,0,,,customer_historical_spend_mean lowers risk;session velocity lowers risk;customer one-hour velocity lowers risk
txn_406a8de4717a,0.020278840537420517,0,0.020279,0,ml_only,0,,,,,,,,0,,,customer_historical_spend_mean lowers risk;high generated risk score lowers risk;session velocity lowers risk
txn_22f274c41500,0.008761453075228924,0,0.008761,0,ml_only,0,,,,,,,,0,,,customer payment cadence lowers risk;customer_historical_spend_mean lowers risk;amount deviation from customer history lowers risk
txn_e056b8611f3b,0.008965190317183172,0,0.008965,0,ml_only,0,,,,,,,,0,,,device activity cadence lowers risk;payment_method_type_code lowers risk;session velocity lowers risk
txn_141f14d445e9,0.0534047853179858,0,0.053405,0,ml_only,0,,,,,,,,0,,,session velocity lowers risk;high generated risk score lowers risk;customer one-hour velocity lowers risk
txn_b37f3da2e86e,0.023632751063606423,0,0.023633,0,ml_only,0,,,,,,,,0,,,customer payment cadence lowers risk;payment_method_type_code lowers risk;session velocity lowers risk
txn_326a8022ba99,0.0009140502943244595,0,0.000914,0,ml_only,0,,,,,,,,0,,,customer payment cadence lowers risk;device activity cadence lowers risk;session velocity lowers risk
txn_4428badc6a9e,0.01530336128079308,0,0.015303,0,ml_only,0,,,,,,,,0,,,customer payment cadence lowers risk;payment_method_type_code lowers risk;session velocity lowers risk
txn_4672d6a97855,0.030300490828488184,0,0.0303,0,ml_only,0,,,,,,,,0,,,customer payment cadence lowers risk;high generated risk score lowers risk;session velocity lowers risk
txn_7eb32b4d3e95,0.022813393812376345,0,0.022813,0,ml_only,0,,,,,,,,0,,,high generated risk score lowers risk;session velocity lowers risk;customer one-hour velocity lowers risk
txn_a3ae3d691083,0.060409633617341287,0,0.06041,0,ml_only,0,,,,,,,,0,,,session velocity lowers risk;customer one-hour velocity lowers risk;customer account age lowers risk
txn_19bab6a079fa,0.003255464271264044,0,0.003255,0,ml_only,0,,,,,,,,0,,,amount deviation from customer history lowers risk;customer_historical_spend_mean lowers risk;customer account age lowers risk
txn_ab537625593f,0.04906414586051255,0,0.049064,0,ml_only,0,,,,,,,,0,,,customer_historical_spend_mean lowers risk;high generated risk score lowers risk;customer account age lowers risk
txn_c40be488fbc2,0.00846125825466906,0,0.008461,0,ml_only,0,,,,,,,,0,,,customer payment cadence lowers risk;customer_historical_spend_mean lowers risk;payment_method_type_code lowers risk
txn_626a6e31fa87,0.0023261948782473713,0,0.002326,0,ml_only,0,,,,,,,,0,,,customer payment cadence lowers risk;customer_historical_spend_mean lowers risk;payment_method_type_code lowers risk
txn_c785b66cef86,0.0027860117015729826,0,0.002786,0,ml_only,0,,,,,,,,0,,,customer payment cadence lowers risk;device activity cadence lowers risk;high generated risk score lowers risk
txn_7f6a7eae067d,0.08899781379676765,0,0.088998,0,ml_only,0,,,,,,,,0,,,payment_method_type_code lowers risk;session velocity lowers risk;customer_historical_spend_mean raises risk
txn_875fd768cf0f,0.03465526106079261,0,0.034655,0,ml_only,0,,,,,,,,0,,,customer payment cadence lowers risk;payment_method_type_code lowers risk;session velocity lowers risk
txn_94e15c0cd6fa,0.13060242084208654,0,0.130602,0,ml_only,0,,,,,,,,0,,,payment_method_type_code lowers risk;session velocity lowers risk;customer_historical_spend_mean raises risk
txn_481a6762c970,0.03191579210590519,0,0.031916,0,ml_only,0,,,,,,,,0,,,customer payment cadence lowers risk;high generated risk score lowers risk;session velocity lowers risk
txn_5addde1539f9,0.005833739850346649,0,0.005834,0,ml_only,0,,,,,,,,0,,,customer payment cadence lowers risk;device activity cadence lowers risk;session velocity lowers risk
txn_524557270a32,0.030156575213460702,0,0.030157,0,ml_only,0,,,,,,,,0,,,session velocity lowers risk;merchant growth pattern lowers risk;customer one-hour velocity lowers risk
txn_b3b925ebbcf7,0.016174772316183333,0,0.016175,0,ml_only,0,,,,,,,,0,,,customer payment cadence lowers risk;device activity cadence lowers risk;high generated risk score lowers risk
txn_ddbd1d14fde2,0.09318229267388153,0,0.093182,0,ml_only,0,,,,,,,,0,,,session velocity lowers risk;customer one-hour velocity lowers risk;payment_method_type_code raises risk
txn_d270a9089bd1,0.00013312785769059802,0,0.000133,0,ml_only,0,,,,,,,,0,,,customer payment cadence lowers risk;payment_method_type_code lowers risk;session velocity lowers risk
txn_e758489eab26,0.00879281620002184,0,0.008793,0,ml_only,0,,,,,,,,0,,,customer payment cadence lowers risk;session velocity lowers risk;IP velocity lowers risk
txn_d5c6d03f7213,0.017293939529060273,0,0.017294,0,ml_only,0,,,,,,,,0,,,customer payment cadence lowers risk;high generated risk score lowers risk;session velocity lowers risk
txn_82cb53856ed4,0.00033200404697766243,0,0.000332,0,ml_only,0,,,,,,,,0,,,customer payment cadence lowers risk;device activity cadence lowers risk;high generated risk score lowers risk
txn_4d209eff4daf,0.02289486003201251,0,0.022895,0,ml_only,0,,,,,,,,0,,,session velocity lowers risk;high generated risk score lowers risk;customer one-hour velocity lowers risk
txn_f1de302554f1,0.11081071325601549,0,0.110811,0,ml_only,0,,,,,,,,0,,,session velocity lowers risk;customer payment cadence raises risk;customer one-hour velocity lowers risk
txn_f3be04060e44,0.03163431283956316,0,0.031634,0,ml_only,0,,,,,,,,0,,,customer payment cadence lowers risk;high generated risk score lowers risk;session velocity lowers risk
txn_abfa35d1b8ac,0.05341454530721934,0,0.053415,0,ml_only,0,,,,,,,,0,,,high generated risk score lowers risk;customer_historical_spend_mean raises risk;session velocity lowers risk
txn_57fa80a65dc3,0.016530104824964937,0,0.01653,0,ml_only,0,,,,,,,,0,,,device activity cadence lowers risk;customer payment cadence lowers risk;customer_historical_spend_mean raises risk
txn_c02ab9334613,0.04772164537170859,0,0.047722,0,ml_only,0,,,,,,,,0,,,device activity cadence lowers risk;customer_historical_spend_mean raises risk;session velocity lowers risk
txn_0c23ad0955f1,0.0034318033552844587,0,0.003432,0,ml_only,0,,,,,,,,0,,,customer payment cadence lowers risk;high generated risk score lowers risk;customer_historical_spend_mean raises risk
txn_6bc3fc6fe06d,0.008338003146967353,0,0.008338,0,ml_only,0,,,,,,,,0,,,customer payment cadence lowers risk;customer_historical_spend_mean lowers risk;session velocity lowers risk
txn_73cb6e8544ac,0.07268677888177819,0,0.072687,0,ml_only,0,,,,,,,,0,,,customer payment cadence lowers risk;customer_historical_spend_mean lowers risk;session velocity lowers risk
txn_b16d567ca04f,0.0045781388828802045,0,0.004578,0,ml_only,0,,,,,,,,0,,,customer payment cadence lowers risk;device activity cadence lowers risk;customer_historical_spend_mean lowers risk
txn_6ab72517acf7,0.0010780512159929451,0,0.001078,0,ml_only,0,,,,,,,,0,,,customer payment cadence lowers risk;customer_historical_spend_mean lowers risk;device activity cadence lowers risk
txn_f0b63039bbcf,0.0037379667223350907,0,0.003738,0,ml_only,0,,,,,,,,0,,,amount deviation from customer history lowers risk;customer account age lowers risk;session velocity lowers risk
txn_0227eb4ee120,0.006417581884720554,0,0.006418,0,ml_only,0,,,,,,,,0,,,customer payment cadence lowers risk;customer account age lowers risk;payment_method_type_code lowers risk
txn_b1522af3ff56,0.00023488152049963234,0,0.000235,0,ml_only,0,,,,,,,,0,,,customer payment cadence lowers risk;device activity cadence lowers risk;customer account age lowers risk
txn_8ed06f018fc8,0.011054303617892737,0,0.011054,0,ml_only,0,,,,,,,,0,,,customer payment cadence lowers risk;high generated risk score raises risk;customer account age lowers risk
txn_c94d06043d35,0.0001899377689568106,0,0.00019,0,ml_only,0,,,,,,,,0,,,customer payment cadence lowers risk;amount deviation from customer history lowers risk;session velocity lowers risk
txn_f50d5c21171e,0.06448302768883615,0,0.064483,0,ml_only,0,,,,,,,,0,,,high generated risk score lowers risk;session velocity lowers risk;customer_historical_spend_mean lowers risk
txn_eb1a5fe834a0,0.01406254243666955,0,0.014063,0,ml_only,0,,,,,,,,0,,,customer payment cadence lowers risk;session velocity lowers risk;IP velocity lowers risk
txn_4eb32c232c3a,8.052366692007825e-05,0,8.1e-05,0,ml_only,0,,,,,,,,0,,,device activity cadence lowers risk;customer payment cadence lowers risk;amount deviation from customer history lowers risk
txn_bda03f11835b,0.010687405553460266,0,0.010687,0,ml_only,0,,,,,,,,0,,,customer payment cadence lowers risk;session velocity lowers risk;customer one-hour velocity lowers risk
txn_4cc82e684596,0.09742925470868616,0,0.097429,0,ml_only,0,,,,,,,,0,,,customer payment cadence lowers risk;session velocity lowers risk;IP velocity lowers risk
txn_e21ff6cab03c,0.0692885305456547,0,0.069289,0,ml_only,0,,,,,,,,0,,,device activity cadence lowers risk;session velocity lowers risk;amount deviation from customer history lowers risk
txn_621dd08022f1,5.2423662773518734e-05,0,5.2e-05,0,ml_only,0,,,,,,,,0,,,customer payment cadence lowers risk;amount deviation from customer history lowers risk;session velocity lowers risk
txn_3726734977e7,0.004247525307824354,0,0.004248,0,ml_only,0,,,,,,,,0,,,customer payment cadence lowers risk;payment_method_type_code lowers risk;session velocity lowers risk
txn_704f2bdd60c4,0.020103544824529314,0,0.020104,0,ml_only,0,,,,,,,,0,,,payment_method_type_code lowers risk;session velocity lowers risk;customer account age lowers risk
txn_e2a8c1a7e07e,0.015220273943646534,0,0.01522,0,ml_only,0,,,,,,,,0,,,session velocity lowers risk;customer account age lowers risk;customer one-hour velocity lowers risk
txn_c51677e0842b,0.000817181338729921,0,0.000817,0,ml_only,0,,,,,,,,0,,,customer payment cadence lowers risk;amount deviation from customer history lowers risk;session velocity lowers risk
txn_1323a21299d4,0.023580738889964682,0,0.023581,0,ml_only,0,,,,,,,,0,,,customer payment cadence lowers risk;device activity cadence lowers risk;session velocity lowers risk
txn_280a52e5ab4a,0.003411123963355896,0,0.003411,0,ml_only,0,,,,,,,,0,,,customer payment cadence lowers risk;device activity cadence lowers risk;payment_method_type_code lowers risk
txn_6676dcd5e6c2,0.007469587554486848,0,0.00747,0,ml_only,0,,,,,,,,0,,,customer payment cadence lowers risk;session velocity lowers risk;IP velocity lowers risk
txn_f7e4773eb715,0.0360209894372645,0,0.036021,0,ml_only,0,,,,,,,,0,,,customer payment cadence lowers risk;session velocity lowers risk;customer one-hour velocity lowers risk
txn_07a1b8bfd6e7,0.001002527274925389,0,0.001003,0,ml_only,0,,,,,,,,0,,,customer payment cadence lowers risk;device activity cadence lowers risk;customer_historical_spend_mean lowers risk
txn_688084d0b65b,0.018204625439806433,0,0.018205,0,ml_only,0,,,,,,,,0,,,customer payment cadence lowers risk;high generated risk score lowers risk;customer_historical_spend_mean lowers risk
txn_e0f06a805726,0.009684181098658609,0,0.009684,0,ml_only,0,,,,,,,,0,,,customer payment cadence lowers risk;customer_historical_spend_mean lowers risk;high generated risk score lowers risk
txn_957c12906249,0.08140357321291866,0,0.081404,0,ml_only,0,,,,,,,,0,,,payment_method_type_code lowers risk;customer_historical_spend_mean lowers risk;session velocity lowers risk
txn_b68eb0094435,0.09978180479207173,0,0.099782,0,ml_only,0,,,,,,,,0,,,customer payment cadence lowers risk;session velocity lowers risk;customer one-hour velocity lowers risk
txn_b2ca4cb4e61f,0.017200197256141442,0,0.0172,0,ml_only,0,,,,,,,,0,,,customer payment cadence lowers risk;payment_method_type_code lowers risk;session velocity lowers risk
txn_44aa287f3c94,0.010678566966194373,0,0.010679,0,ml_only,0,,,,,,,,0,,,customer payment cadence lowers risk;session velocity lowers risk;customer one-hour velocity lowers risk
txn_bf9df2b0f59f,0.04641795470931651,0,0.046418,0,ml_only,0,,,,,,,,0,,,customer payment cadence lowers risk;amount deviation from customer history lowers risk;high generated risk score raises risk
txn_f7ea67d131fb,0.007780137163973012,0,0.00778,0,ml_only,0,,,,,,,,0,,,customer payment cadence lowers risk;session velocity lowers risk;customer one-hour velocity lowers risk
txn_9f85af337157,0.00790438858445924,0,0.007904,0,ml_only,0,,,,,,,,0,,,amount deviation from customer history lowers risk;customer payment cadence lowers risk;session velocity lowers risk
txn_6cfba13a696b,0.008087387763717343,0,0.008087,0,ml_only,0,,,,,,,,0,,,customer payment cadence lowers risk;high generated risk score lowers risk;session velocity lowers risk
txn_3b77c767bd55,0.016711169061712654,0,0.016711,0,ml_only,0,,,,,,,,0,,,session velocity lowers risk;IP velocity lowers risk;merchant growth pattern lowers risk
txn_57c56bbbd1e2,0.023957137351642746,0,0.023957,0,ml_only,0,,,,,,,,0,,,customer payment cadence lowers risk;session velocity lowers risk;IP velocity lowers risk
txn_12c3ef5a7569,0.023520255354513527,0,0.02352,0,ml_only,0,,,,,,,,0,,,customer payment cadence lowers risk;payment_method_type_code lowers risk;session velocity lowers risk
txn_816e38e05db3,0.0057045314509265544,0,0.005705,0,ml_only,0,,,,,,,,0,,,device activity cadence lowers risk;customer payment cadence lowers risk;session velocity lowers risk
txn_1a717c2cd0a3,0.0007510154438113006,0,0.000751,0,ml_only,0,,,,,,,,0,,,customer payment cadence lowers risk;session velocity lowers risk;IP velocity lowers risk
txn_115ef2a524c9,0.009291376987274532,0,0.009291,0,ml_only,0,,,,,,,,0,,,customer payment cadence lowers risk;session velocity lowers risk;high generated risk score lowers risk
txn_ec14c16539e1,0.05322021176521859,0,0.05322,0,ml_only,0,,,,,,,,0,,,session velocity lowers risk;customer one-hour velocity lowers risk;IP velocity lowers risk
txn_f9acc7c72959,0.0015974206280598797,0,0.001597,0,ml_only,0,,,,,,,,0,,,customer payment cadence lowers risk;device activity cadence lowers risk;session velocity lowers risk
txn_706d8e574155,0.0890577025878099,0,0.089058,0,ml_only,0,,,,,,,,0,,,session velocity lowers risk;customer one-hour velocity lowers risk;high generated risk score lowers risk
txn_58cc5053522b,0.009582524208200187,0,0.009583,0,ml_only,0,,,,,,,,0,,,customer_historical_spend_mean lowers risk;customer payment cadence lowers risk;session velocity lowers risk
txn_87642bf10b68,0.019026628358417105,0,0.019027,0,ml_only,0,,,,,,,,0,,,customer payment cadence lowers risk;customer_historical_spend_mean lowers risk;session velocity lowers risk
txn_5a2f0778d1d6,0.0023652573265987194,0,0.002365,0,ml_only,0,,,,,,,,0,,,customer payment cadence lowers risk;customer_historical_spend_mean lowers risk;session velocity lowers risk
txn_0aad1793f1d3,7.582327835303388e-05,0,7.6e-05,0,ml_only,0,,,,,,,,0,,,customer payment cadence lowers risk;customer_historical_spend_mean lowers risk;device activity cadence lowers risk
txn_0ae2ce69985b,0.016685207092604286,0,0.016685,0,ml_only,0,,,,,,,,0,,,device activity cadence lowers risk;high generated risk score lowers risk;session velocity lowers risk
txn_8be52e69eef0,0.02150656378762694,0,0.021507,0,ml_only,0,,,,,,,,0,,,customer payment cadence lowers risk;payment_method_type_code lowers risk;session velocity lowers risk
txn_9787a8dc6192,0.001889950641323838,0,0.00189,0,ml_only,0,,,,,,,,0,,,customer payment cadence lowers risk;device activity cadence lowers risk;session velocity lowers risk
txn_75fd84f3b591,0.0032598850755838327,0,0.00326,0,ml_only,0,,,,,,,,0,,,customer payment cadence lowers risk;device activity cadence lowers risk;session velocity lowers risk
txn_4713017585a8,0.18750712907500042,0,0.187507,0,ml_only,0,,,,,,,,0,,,session velocity lowers risk;customer one-hour velocity lowers risk;high generated risk score lowers risk
txn_2b9d67058b3a,0.008419628645104373,0,0.00842,0,ml_only,0,,,,,,,,0,,,customer payment cadence lowers risk;amount deviation from customer history lowers risk;session velocity lowers risk
txn_29e005e10603,0.013145072990468677,0,0.013145,0,ml_only,0,,,,,,,,0,,,customer payment cadence lowers risk;session velocity lowers risk;customer one-hour velocity lowers risk
txn_98fe81faf078,0.008573780759886325,0,0.008574,0,ml_only,0,,,,,,,,0,,,customer payment cadence lowers risk;payment_method_type_code lowers risk;high generated risk score lowers risk
txn_c8f2ea0db74d,0.00013013540063697016,0,0.00013,0,ml_only,0,,,,,,,,0,,,customer payment cadence lowers risk;device activity cadence lowers risk;high generated risk score lowers risk
txn_5f80111f2232,0.026881214627581577,0,0.026881,0,ml_only,0,,,,,,,,0,,,customer payment cadence lowers risk;session velocity lowers risk;IP velocity lowers risk
txn_ecdd886e8365,0.023968007008498167,0,0.023968,0,ml_only,0,,,,,,,,0,,,payment_method_type_code lowers risk;session velocity lowers risk;merchant growth pattern lowers risk
txn_b46c6a2da723,0.023104635030628973,0,0.023105,0,ml_only,0,,,,,,,,0,,,customer payment cadence lowers risk;session velocity lowers risk;customer one-hour velocity lowers risk
txn_cf0a03897c01,0.0031146225578494125,0,0.003115,0,ml_only,0,,,,,,,,0,,,customer payment cadence lowers risk;customer_historical_spend_mean lowers risk;device activity cadence lowers risk
txn_41ed412b321b,0.008767090878858371,0,0.008767,0,ml_only,0,,,,,,,,0,,,customer payment cadence lowers risk;customer_historical_spend_mean lowers risk;payment_method_type_code lowers risk
txn_cc1d2d62d9ad,0.023381571795755184,0,0.023382,0,ml_only,0,,,,,,,,0,,,customer payment cadence lowers risk;customer_historical_spend_mean lowers risk;session velocity lowers risk
txn_ac51f41b000f,0.0781928093259126,0,0.078193,0,ml_only,0,,,,,,,,0,,,customer_historical_spend_mean lowers risk;session velocity lowers risk;customer one-hour velocity lowers risk
txn_ac27416cf81e,0.00460774588010536,0,0.004608,0,ml_only,0,,,,,,,,0,,,customer payment cadence lowers risk;customer_historical_spend_mean lowers risk;high generated risk score lowers risk
txn_1d96e0f42c5f,0.0008637722724561162,0,0.000864,0,ml_only,0,,,,,,,,0,,,customer payment cadence lowers risk;device activity cadence lowers risk;customer_historical_spend_mean lowers risk
txn_910fdce84d50,0.0008691257739777344,0,0.000869,0,ml_only,0,,,,,,,,0,,,customer payment cadence lowers risk;device activity cadence lowers risk;customer_historical_spend_mean lowers risk
txn_7af5a5fe1054,0.037643837504008626,0,0.037644,0,ml_only,0,,,,,,,,0,,,customer_historical_spend_mean lowers risk;customer account age lowers risk;session velocity lowers risk
txn_caa8f21e4734,0.057035711687489825,0,0.057036,0,ml_only,0,,,,,,,,0,,,customer payment cadence lowers risk;session velocity lowers risk;IP velocity lowers risk
txn_e4f33f129150,0.005400445767289949,0,0.0054,0,ml_only,0,,,,,,,,0,,,customer payment cadence lowers risk;high generated risk score lowers risk;session velocity lowers risk
txn_ab0651d8c274,0.0007674152914134853,0,0.000767,0,ml_only,0,,,,,,,,0,,,customer payment cadence lowers risk;session velocity lowers risk;customer one-hour velocity lowers risk
txn_50f22c6627b1,0.2370818152352686,0,0.237082,0,ml_only,0,,,,,,,,0,,,session velocity lowers risk;merchant growth pattern lowers risk;high generated risk score lowers risk
txn_a4ca615436bd,0.005532895249893857,0,0.005533,0,ml_only,0,,,,,,,,0,,,customer payment cadence lowers risk;session velocity lowers risk;high generated risk score lowers risk
txn_38739f534fd9,0.009986300346369862,0,0.009986,0,ml_only,0,,,,,,,,0,,,customer payment cadence lowers risk;session velocity lowers risk;customer one-hour velocity lowers risk
txn_b892cfc110f5,0.017139611773921197,0,0.01714,0,ml_only,0,,,,,,,,0,,,customer payment cadence lowers risk;session velocity lowers risk;customer one-hour velocity lowers risk
txn_4f9275d4da1f,0.0286030541566429,0,0.028603,0,ml_only,0,,,,,,,,0,,,customer payment cadence lowers risk;session velocity lowers risk;customer one-hour velocity lowers risk
txn_374e2e5f25ae,0.039494931971626,0,0.039495,0,ml_only,0,,,,,,,,0,,,session velocity lowers risk;IP velocity lowers risk;merchant growth pattern lowers risk
txn_7f5529e775be,0.10835975270412732,0,0.10836,0,ml_only,0,,,,,,,,0,,,customer payment cadence lowers risk;session velocity lowers risk;customer one-hour velocity lowers risk
txn_8c7435945706,0.017069237377828308,0,0.017069,0,ml_only,0,,,,,,,,0,,,device activity cadence lowers risk;session velocity lowers risk;customer one-hour velocity lowers risk
txn_c8b01bdc9c08,0.00021669171947820035,0,0.000217,0,ml_only,0,,,,,,,,0,,,customer payment cadence lowers risk;device activity cadence lowers risk;session velocity lowers risk
txn_da7205ac092b,0.004885274075266345,0,0.004885,0,ml_only,0,,,,,,,,0,,,customer payment cadence lowers risk;payment_method_type_code lowers risk;session velocity lowers risk
txn_e2777c5ddd4a,0.05011320171501804,0,0.050113,0,ml_only,0,,,,,,,,0,,,session velocity lowers risk;IP velocity lowers risk;customer one-hour velocity lowers risk
txn_2699119b9046,0.06620060431060512,0,0.066201,0,ml_only,0,,,,,,,,0,,,session velocity lowers risk;customer_historical_spend_mean lowers risk;customer payment cadence raises risk
txn_8d4b81c06d51,6.132382298258317e-05,0,6.1e-05,0,ml_only,0,,,,,,,,0,,,customer payment cadence lowers risk;high generated risk score lowers risk;session velocity lowers risk
txn_1aa242ea8021,0.02891323802164298,0,0.028913,0,ml_only,0,,,,,,,,0,,,customer payment cadence lowers risk;payment_method_type_code lowers risk;session velocity lowers risk
txn_c08c063bfe0a,0.0006435161722305624,0,0.000644,0,ml_only,0,,,,,,,,0,,,customer payment cadence lowers risk;device activity cadence lowers risk;session velocity lowers risk
txn_2b84af94744a,0.16812448654479922,0,0.168124,0,ml_only,0,,,,,,,,0,,,session velocity lowers risk;customer one-hour velocity lowers risk;rail_code raises risk
txn_c74cd31298a2,0.006982486092507436,0,0.006982,0,ml_only,0,,,,,,,,0,,,customer payment cadence lowers risk;device activity cadence lowers risk;session velocity lowers risk
txn_edf92281ef28,0.0037455244987485816,0,0.003746,0,ml_only,0,,,,,,,,0,,,customer payment cadence lowers risk;device activity cadence lowers risk;customer account age lowers risk
txn_97b6a322caf0,0.01767036348602134,0,0.01767,0,ml_only,0,,,,,,,,0,,,payment_method_type_code lowers risk;customer account age lowers risk;session velocity lowers risk
txn_3888c5a345c4,0.0009331860151912785,0,0.000933,0,ml_only,0,,,,,,,,0,,,customer payment cadence lowers risk;device activity cadence lowers risk;customer account age lowers risk
txn_97c70ae7e6e1,0.0032949428449302732,0,0.003295,0,ml_only,0,,,,,,,,0,,,customer payment cadence lowers risk;payment_method_type_code lowers risk;customer account age lowers risk
txn_d1bb6ef19fb5,0.0013394648943224382,0,0.001339,0,ml_only,0,,,,,,,,0,,,customer payment cadence lowers risk;customer_historical_spend_mean lowers risk;payment_method_type_code lowers risk
txn_8f644b1527c4,0.021546401829016397,0,0.021546,0,ml_only,0,,,,,,,,0,,,customer_historical_spend_mean lowers risk;amount deviation from customer history lowers risk;session velocity lowers risk
txn_404a7f191c5e,0.015622206243658841,0,0.015622,0,ml_only,0,,,,,,,,0,,,customer_historical_spend_mean lowers risk;device activity cadence lowers risk;session velocity lowers risk
txn_dd552845dffb,0.0037257411844523565,0,0.003726,0,ml_only,0,,,,,,,,0,,,customer payment cadence lowers risk;customer_historical_spend_mean lowers risk;high generated risk score lowers risk
txn_1d9cee1fb5e7,0.007317831888821813,0,0.007318,0,ml_only,0,,,,,,,,0,,,customer payment cadence lowers risk;high generated risk score lowers risk;customer_historical_spend_mean lowers risk
txn_0dbd07d14906,0.00023391661240298079,0,0.000234,0,ml_only,0,,,,,,,,0,,,customer payment cadence lowers risk;device activity cadence lowers risk;high generated risk score lowers risk
txn_d2c295d91862,0.0007052683180298188,0,0.000705,0,ml_only,0,,,,,,,,0,,,customer payment cadence lowers risk;device activity cadence lowers risk;customer_historical_spend_mean lowers risk
txn_29eaede3896b,0.00743416320991454,0,0.007434,0,ml_only,0,,,,,,,,0,,,customer payment cadence lowers risk;customer_historical_spend_mean lowers risk;payment_method_type_code lowers risk
txn_bf1e7b484459,0.0007142394880494796,0,0.000714,0,ml_only,0,,,,,,,,0,,,customer payment cadence lowers risk;device activity cadence lowers risk;payment_method_type_code lowers risk
txn_f8560ad093d1,0.014947763023647257,0,0.014948,0,ml_only,0,,,,,,,,0,,,customer payment cadence lowers risk;session velocity lowers risk;IP velocity lowers risk
txn_d927ef5f5e0f,0.046216113000746,0,0.046216,0,ml_only,0,,,,,,,,0,,,session velocity lowers risk;customer one-hour velocity lowers risk;customer account age lowers risk
txn_65ea23250a21,0.04108586733691465,0,0.041086,0,ml_only,0,,,,,,,,0,,,session velocity lowers risk;customer payment cadence lowers risk;customer one-hour velocity lowers risk
txn_e0e16d492ced,0.07018241317124463,0,0.070182,0,ml_only,0,,,,,,,,0,,,session velocity lowers risk;customer_historical_spend_mean lowers risk;customer one-hour velocity lowers risk
txn_46007c5322b3,0.028360212174755362,0,0.02836,0,ml_only,0,,,,,,,,0,,,customer payment cadence lowers risk;device activity cadence lowers risk;session velocity lowers risk
txn_9923e56a756d,0.37802068481168644,1,0.378021,1,ml_only,0,,,,,,,,0,,,session velocity lowers risk;customer_historical_spend_mean lowers risk;customer payment cadence raises risk
txn_6f0420b17a75,0.010120787317052562,0,0.010121,0,ml_only,0,,,,,,,,0,,,customer payment cadence lowers risk;high generated risk score lowers risk;session velocity lowers risk
txn_127163a8842e,0.0004081501364179856,0,0.000408,0,ml_only,0,,,,,,,,0,,,customer payment cadence lowers risk;device activity cadence lowers risk;payment_method_type_code lowers risk
txn_20c624e99cdd,0.0022827598480526564,0,0.002283,0,ml_only,0,,,,,,,,0,,,customer payment cadence lowers risk;device activity cadence lowers risk;session velocity lowers risk
txn_1a616d19237c,0.02139069785527476,0,0.021391,0,ml_only,0,,,,,,,,0,,,customer payment cadence lowers risk;session velocity lowers risk;customer one-hour velocity lowers risk
txn_a19c55bce98d,0.0008390219861563446,0,0.000839,0,ml_only,0,,,,,,,,0,,,customer payment cadence lowers risk;payment_method_type_code lowers risk;session velocity lowers risk
txn_ae22f3e6d5ce,0.004070668341827694,0,0.004071,0,ml_only,0,,,,,,,,0,,,customer account age lowers risk;session velocity lowers risk;IP velocity lowers risk
txn_b693217c8c05,0.02717427253341351,0,0.027174,0,ml_only,0,,,,,,,,0,,,customer payment cadence lowers risk;customer account age lowers risk;session velocity lowers risk
txn_6cfad18f7604,0.05227633744018667,0,0.052276,0,ml_only,0,,,,,,,,0,,,customer account age lowers risk;session velocity lowers risk;customer payment cadence lowers risk
txn_c2a4d99b035b,0.00036506726590848794,0,0.000365,0,ml_only,0,,,,,,,,0,,,customer payment cadence lowers risk;high generated risk score lowers risk;customer account age lowers risk
txn_5862cee560ac,0.03377044481205801,0,0.03377,0,ml_only,0,,,,,,,,0,,,payment_method_type_code lowers risk;session velocity lowers risk;merchant growth pattern lowers risk
txn_eacd8f4bdebe,1.4446588217144403e-05,0,1.4e-05,0,ml_only,0,,,,,,,,0,,,amount deviation from customer history lowers risk;customer payment cadence lowers risk;device activity cadence lowers risk
txn_70a9c65dfe49,0.04982503139300931,0,0.049825,0,ml_only,0,,,,,,,,0,,,high generated risk score lowers risk;session velocity lowers risk;customer one-hour velocity lowers risk
txn_cfbb3d2b97de,0.16818887768910848,0,0.168189,0,ml_only,0,,,,,,,,0,,,customer payment cadence lowers risk;high generated risk score raises risk;session velocity lowers risk
txn_7307e8bed941,0.006187809275850852,0,0.006188,0,ml_only,0,,,,,,,,0,,,customer payment cadence lowers risk;amount deviation from customer history lowers risk;session velocity lowers risk
txn_07f3df6c97bb,0.021787408406368895,0,0.021787,0,ml_only,0,,,,,,,,0,,,customer payment cadence lowers risk;session velocity lowers risk;customer one-hour velocity lowers risk
txn_db4962c9756e,0.000762388289785009,0,0.000762,0,ml_only,0,,,,,,,,0,,,amount deviation from customer history lowers risk;customer payment cadence lowers risk;payment_method_type_code lowers risk
txn_b4ad70156f0c,0.12781141956602224,0,0.127811,0,ml_only,0,,,,,,,,0,,,session velocity lowers risk;high generated risk score lowers risk;merchant growth pattern lowers risk
txn_38a966de482a,0.22909765078393718,0,0.229098,0,ml_only,0,,,,,,,,1,credential_based_fraud,card_testing,customer payment cadence lowers risk;session velocity lowers risk;IP velocity lowers risk
txn_50bb34952d0d,0.6917023586352804,1,0.691702,1,ml_only,0,,,,,,,,1,credential_based_fraud,card_testing,IP velocity lowers risk;merchant growth pattern raises risk;customer payment cadence raises risk
txn_90c722ffb909,0.9258260601087028,1,0.925826,1,ml_only,0,,,,,,,,1,credential_based_fraud,card_testing,session velocity raises risk;IP velocity lowers risk;merchant growth pattern raises risk
txn_ad0b36f1c25e,0.8525536445075685,1,0.852554,1,ml_only,0,,,,,,,,1,credential_based_fraud,card_testing,session velocity lowers risk;IP velocity lowers risk;merchant growth pattern raises risk
txn_a4c551a7c27a,0.7281811029720437,1,0.728181,1,ml_only,0,,,,,,,,1,credential_based_fraud,card_testing,merchant growth pattern raises risk;customer payment cadence raises risk;customer decline history raises risk
txn_920049eadb7a,0.9490446563496131,1,0.949045,1,ml_only,0,,,,,,,,1,credential_based_fraud,card_testing,session velocity raises risk;high generated risk score lowers risk;merchant growth pattern raises risk
txn_eee0f65aa169,0.9423703120912582,1,0.94237,1,ml_only,0,,,,,,,,1,credential_based_fraud,card_testing,session velocity lowers risk;merchant growth pattern raises risk;high generated risk score raises risk
txn_78f5a3401c72,0.9621913305196923,1,0.962191,1,ml_only,0,,,,,,,,1,credential_based_fraud,card_testing,merchant growth pattern raises risk;customer payment cadence raises risk;customer decline history raises risk
txn_6fd46a183ed4,0.9693193103269362,1,0.969319,1,ml_only,0,,,,,,,,1,credential_based_fraud,card_testing,session velocity raises risk;merchant growth pattern raises risk;high generated risk score raises risk
txn_48fd7c84d593,0.9465133648495072,1,0.946513,1,ml_only,0,,,,,,,,1,credential_based_fraud,card_testing,session velocity lowers risk;merchant growth pattern raises risk;high generated risk score raises risk
txn_21057a95efce,0.9823547907274018,1,0.982355,1,ml_only,0,,,,,,,,1,credential_based_fraud,card_testing,merchant growth pattern raises risk;high generated risk score raises risk;customer payment cadence raises risk
txn_fdd17cf36fd8,0.9928567715877128,1,0.992857,1,ml_only,0,,,,,,,,1,credential_based_fraud,card_testing,session velocity raises risk;merchant growth pattern raises risk;customer payment cadence raises risk
txn_c3b4a50faa47,0.9140461688841418,1,0.914046,1,ml_only,0,,,,,,,,1,credential_based_fraud,card_testing,session velocity lowers risk;merchant growth pattern raises risk;customer one-hour velocity raises risk
txn_1bcde833cf18,0.9241677232738094,1,0.924168,1,ml_only,0,,,,,,,,1,credential_based_fraud,card_testing,high generated risk score lowers risk;merchant growth pattern raises risk;customer one-hour velocity raises risk
txn_0654bc93c5c2,0.9723506410833468,1,0.972351,1,ml_only,0,,,,,,,,1,credential_based_fraud,card_testing,session velocity raises risk;high generated risk score lowers risk;customer one-hour velocity raises risk
txn_a781c5e3eeaf,0.9757276114422739,1,0.975728,1,ml_only,0,,,,,,,,1,credential_based_fraud,card_testing,customer one-hour velocity raises risk;session velocity lowers risk;merchant growth pattern raises risk
txn_2e7622865ed3,0.9308376575671365,1,0.930838,1,ml_only,0,,,,,,,,1,credential_based_fraud,card_testing,customer one-hour velocity raises risk;merchant growth pattern raises risk;customer payment cadence raises risk
txn_d2c5a41e6b37,0.9781688657215714,1,0.978169,1,ml_only,0,,,,,,,,1,credential_based_fraud,card_testing,session velocity raises risk;customer one-hour velocity raises risk;high generated risk score lowers risk
txn_8e58c580daf1,0.9761298625169496,1,0.97613,1,ml_only,0,,,,,,,,1,credential_based_fraud,card_testing,customer one-hour velocity raises risk;session velocity lowers risk;merchant growth pattern raises risk
txn_39e4a5a145ee,0.9899182674998402,1,0.989918,1,ml_only,0,,,,,,,,1,credential_based_fraud,card_testing,customer one-hour velocity raises risk;merchant growth pattern raises risk;device one-hour velocity raises risk
txn_1942088cd42f,0.977447034797804,1,0.977447,1,ml_only,0,,,,,,,,1,credential_based_fraud,card_testing,session velocity raises risk;customer one-hour velocity raises risk;merchant growth pattern raises risk
txn_8909987e7d60,0.9878375018405864,1,0.987838,1,ml_only,0,,,,,,,,1,credential_based_fraud,card_testing,customer one-hour velocity raises risk;device one-hour velocity raises risk;session velocity lowers risk
txn_0ec7d7f540c8,0.9824801806000932,1,0.98248,1,ml_only,0,,,,,,,,1,credential_based_fraud,card_testing,customer one-hour velocity raises risk;device one-hour velocity raises risk;IP velocity lowers risk
txn_c194953bff82,0.9918825307314543,1,0.991883,1,ml_only,0,,,,,,,,1,credential_based_fraud,card_testing,session velocity raises risk;customer one-hour velocity raises risk;device one-hour velocity raises risk
txn_3fa1fde58683,0.9588721044682683,1,0.958872,1,ml_only,0,,,,,,,,1,credential_based_fraud,card_testing,customer one-hour velocity raises risk;session velocity lowers risk;merchant growth pattern raises risk
txn_86400ac5415d,0.994574985308227,1,0.994575,1,ml_only,0,,,,,,,,1,credential_based_fraud,card_testing,customer one-hour velocity raises risk;device one-hour velocity raises risk;merchant growth pattern raises risk
txn_aaf6b2fcd683,0.9976563710686774,1,0.997656,1,ml_only,0,,,,,,,,1,credential_based_fraud,card_testing,session velocity raises risk;customer one-hour velocity raises risk;device one-hour velocity raises risk
txn_56f72b960e91,0.9903654043109343,1,0.990365,1,ml_only,0,,,,,,,,1,credential_based_fraud,card_testing,customer one-hour velocity raises risk;device one-hour velocity raises risk;session velocity lowers risk
txn_c9b91ffec7e0,0.9713661244225514,1,0.971366,1,ml_only,0,,,,,,,,1,credential_based_fraud,card_testing,customer one-hour velocity raises risk;IP velocity lowers risk;merchant growth pattern raises risk
txn_d56f1233f49d,0.9940053246432992,1,0.994005,1,ml_only,0,,,,,,,,1,credential_based_fraud,card_testing,customer one-hour velocity raises risk;session velocity raises risk;device one-hour velocity raises risk
txn_9d7575359984,0.9883429925415809,1,0.988343,1,ml_only,0,,,,,,,,1,credential_based_fraud,card_testing,customer one-hour velocity raises risk;device one-hour velocity raises risk;session velocity lowers risk
txn_f92c391030be,0.9942954104933271,1,0.994295,1,ml_only,0,,,,,,,,1,credential_based_fraud,card_testing,customer one-hour velocity raises risk;device one-hour velocity raises risk;IP velocity lowers risk
txn_3610baf4bc66,0.991113812150802,1,0.991114,1,ml_only,0,,,,,,,,1,credential_based_fraud,card_testing,customer one-hour velocity raises risk;session velocity raises risk;high generated risk score raises risk
txn_177470accf97,0.9862038632657969,1,0.986204,1,ml_only,0,,,,,,,,1,credential_based_fraud,card_testing,customer one-hour velocity raises risk;device one-hour velocity raises risk;session velocity lowers risk
txn_fbb87811290d,0.990186965059266,1,0.990187,1,ml_only,0,,,,,,,,1,credential_based_fraud,card_testing,customer one-hour velocity raises risk;device one-hour velocity raises risk;high generated risk score lowers risk
txn_8fbb804aa2a4,0.9975622132279542,1,0.997562,1,ml_only,0,,,,,,,,1,credential_based_fraud,card_testing,customer one-hour velocity raises risk;session velocity raises risk;device one-hour velocity raises risk
txn_cee4e41e0c64,0.9293102295753407,1,0.92931,1,ml_only,0,,,,,,,,1,credential_based_fraud,card_testing,customer one-hour velocity raises risk;session velocity lowers risk;IP velocity lowers risk
txn_7ed28573a244,0.9910807541984226,1,0.991081,1,ml_only,0,,,,,,,,1,credential_based_fraud,card_testing,customer one-hour velocity raises risk;device one-hour velocity raises risk;IP velocity lowers risk
txn_9d0f9a7b7b78,0.9969350681172863,1,0.996935,1,ml_only,0,,,,,,,,1,credential_based_fraud,card_testing,customer one-hour velocity raises risk;session velocity raises risk;device one-hour velocity raises risk
txn_81c885118363,0.9882458925348924,1,0.988246,1,ml_only,0,,,,,,,,1,credential_based_fraud,card_testing,customer one-hour velocity raises risk;device one-hour velocity raises risk;session velocity lowers risk
txn_1cdc9f50eeab,0.9268463074776999,1,0.926846,1,ml_only,0,,,,,,,,1,credential_based_fraud,card_testing,customer one-hour velocity raises risk;high generated risk score lowers risk;IP velocity lowers risk
txn_44819e27257b,0.9968530924271254,1,0.996853,1,ml_only,0,,,,,,,,1,credential_based_fraud,card_testing,customer one-hour velocity raises risk;session velocity raises risk;device one-hour velocity raises risk
txn_7929282a60ae,0.9885052778700933,1,0.988505,1,ml_only,0,,,,,,,,1,credential_based_fraud,card_testing,customer one-hour velocity raises risk;device one-hour velocity raises risk;session velocity lowers risk
txn_2795fce8b33d,0.9952736946773241,1,0.995274,1,ml_only,0,,,,,,,,1,credential_based_fraud,card_testing,customer one-hour velocity raises risk;device one-hour velocity raises risk;IP velocity lowers risk
txn_ccad5dcfe237,0.98039865901779,1,0.980399,1,ml_only,0,,,,,,,,1,credential_based_fraud,card_testing,customer one-hour velocity raises risk;session velocity raises risk;IP velocity lowers risk
txn_98aea212a4e5,0.9870570980087748,1,0.987057,1,ml_only,0,,,,,,,,1,credential_based_fraud,card_testing,customer one-hour velocity raises risk;device one-hour velocity raises risk;session velocity lowers risk
txn_32cef7e80691,0.9976443610831,1,0.997644,1,ml_only,0,,,,,,,,1,credential_based_fraud,card_testing,customer one-hour velocity raises risk;high generated risk score raises risk;device one-hour velocity raises risk
txn_2f17cd576f70,0.9988439939704038,1,0.998844,1,ml_only,0,,,,,,,,1,credential_based_fraud,card_testing,customer one-hour velocity raises risk;session velocity raises risk;device one-hour velocity raises risk
txn_58c588aa4703,0.9254834952583754,1,0.925483,1,ml_only,0,,,,,,,,1,credential_based_fraud,card_testing,customer one-hour velocity raises risk;session velocity lowers risk;IP velocity lowers risk
txn_cd092f306d92,0.9946335940638407,1,0.994634,1,ml_only,0,,,,,,,,1,credential_based_fraud,card_testing,customer one-hour velocity raises risk;device one-hour velocity raises risk;IP velocity lowers risk
txn_19fe60810991,0.9980163796673995,1,0.998016,1,ml_only,0,,,,,,,,1,credential_based_fraud,card_testing,customer one-hour velocity raises risk;session velocity raises risk;device one-hour velocity raises risk
txn_035d775b5bd3,0.9949594867785553,1,0.994959,1,ml_only,0,,,,,,,,1,credential_based_fraud,card_testing,customer one-hour velocity raises risk;device one-hour velocity raises risk;session velocity lowers risk
txn_8e38181d89ba,0.9285176522457865,1,0.928518,1,ml_only,0,,,,,,,,1,credential_based_fraud,card_testing,customer one-hour velocity raises risk;IP velocity lowers risk;merchant growth pattern raises risk
txn_2af87f052f73,0.9992773819815307,1,0.999277,1,ml_only,0,,,,,,,,1,credential_based_fraud,card_testing,customer one-hour velocity raises risk;session velocity raises risk;high generated risk score raises risk
txn_dd168a54ff98,0.9973443939891857,1,0.997344,1,ml_only,0,,,,,,,,1,credential_based_fraud,card_testing,customer one-hour velocity raises risk;device one-hour velocity raises risk;session velocity lowers risk
txn_8a7090eb4a6f,0.9953634667667391,1,0.995363,1,ml_only,0,,,,,,,,1,credential_based_fraud,card_testing,customer one-hour velocity raises risk;device one-hour velocity raises risk;IP velocity lowers risk
txn_26aa4f097723,0.9802402600557814,1,0.98024,1,ml_only,0,,,,,,,,1,credential_based_fraud,card_testing,customer one-hour velocity raises risk;session velocity raises risk;IP velocity lowers risk
txn_dada50b675e9,0.9897715921206804,1,0.989772,1,ml_only,0,,,,,,,,1,credential_based_fraud,card_testing,customer one-hour velocity raises risk;device one-hour velocity raises risk;session velocity lowers risk
txn_4af99c446285,0.9981781560956671,1,0.998178,1,ml_only,0,,,,,,,,1,credential_based_fraud,card_testing,customer one-hour velocity raises risk;high generated risk score raises risk;device one-hour velocity raises risk
txn_62f8acf4729f,0.9987666155198661,1,0.998767,1,ml_only,0,,,,,,,,1,credential_based_fraud,card_testing,customer one-hour velocity raises risk;session velocity raises risk;device one-hour velocity raises risk
txn_73622577755e,0.9763513706741805,1,0.976351,1,ml_only,0,,,,,,,,1,credential_based_fraud,card_testing,customer one-hour velocity raises risk;high generated risk score raises risk;session velocity lowers risk
txn_c7d7c5f94ec5,0.9972305949989458,1,0.997231,1,ml_only,0,,,,,,,,1,credential_based_fraud,card_testing,customer one-hour velocity raises risk;high generated risk score raises risk;device one-hour velocity raises risk
txn_23c3143e0b6c,0.9985321338655626,1,0.998532,1,ml_only,0,,,,,,,,1,credential_based_fraud,card_testing,session velocity raises risk;customer one-hour velocity raises risk;IP velocity lowers risk
txn_bdceb1a183a1,0.992832232131909,1,0.992832,1,ml_only,0,,,,,,,,1,credential_based_fraud,card_testing,customer one-hour velocity raises risk;device one-hour velocity raises risk;session velocity lowers risk
txn_0d83c7972e09,0.9577195015733185,1,0.95772,1,ml_only,0,,,,,,,,1,credential_based_fraud,card_testing,customer one-hour velocity raises risk;IP velocity lowers risk;merchant growth pattern raises risk
txn_42b294d6f1c9,0.9975356275902741,1,0.997536,1,ml_only,0,,,,,,,,1,credential_based_fraud,card_testing,customer one-hour velocity raises risk;session velocity raises risk;device one-hour velocity raises risk
txn_8706b6dc4607,0.9829513802061907,1,0.982951,1,ml_only,0,,,,,,,,1,credential_based_fraud,card_testing,customer one-hour velocity raises risk;device one-hour velocity raises risk;session velocity lowers risk
txn_99e6aca31f20,0.9971176930879017,1,0.997118,1,ml_only,0,,,,,,,,1,credential_based_fraud,card_testing,customer one-hour velocity raises risk;device one-hour velocity raises risk;IP velocity lowers risk
txn_b704dac46872,0.9801279860213963,1,0.980128,1,ml_only,0,,,,,,,,1,credential_based_fraud,card_testing,customer one-hour velocity raises risk;session velocity raises risk;IP velocity lowers risk
txn_1a6881be3cdd,0.9974877481519612,1,0.997488,1,ml_only,0,,,,,,,,1,credential_based_fraud,card_testing,customer one-hour velocity raises risk;device one-hour velocity raises risk;session velocity lowers risk
txn_e9c3b7289a57,0.9959736060180872,1,0.995974,1,ml_only,0,,,,,,,,1,credential_based_fraud,card_testing,customer one-hour velocity raises risk;device one-hour velocity raises risk;IP velocity lowers risk
txn_9ac885ae1cd5,0.9982934359188838,1,0.998293,1,ml_only,0,,,,,,,,1,credential_based_fraud,card_testing,session velocity raises risk;customer one-hour velocity raises risk;high generated risk score raises risk
txn_adc279243346,0.9637593490872045,1,0.963759,1,ml_only,0,,,,,,,,1,credential_based_fraud,card_testing,customer one-hour velocity raises risk;session velocity lowers risk;IP velocity lowers risk
txn_8f9dd5f59507,0.995496463627122,1,0.995496,1,ml_only,0,,,,,,,,1,credential_based_fraud,card_testing,customer one-hour velocity raises risk;device one-hour velocity raises risk;IP velocity lowers risk
txn_c387cfab630e,0.9993708300210135,1,0.999371,1,ml_only,0,,,,,,,,1,credential_based_fraud,card_testing,customer one-hour velocity raises risk;session velocity raises risk;device one-hour velocity raises risk
txn_fcbb2fbcffa0,0.9915583677645889,1,0.991558,1,ml_only,0,,,,,,,,1,credential_based_fraud,card_testing,customer one-hour velocity raises risk;session velocity lowers risk;IP velocity lowers risk
txn_e1edf3df5874,0.9514501582648407,1,0.95145,1,ml_only,0,,,,,,,,1,credential_based_fraud,card_testing,customer one-hour velocity raises risk;IP velocity lowers risk;merchant growth pattern raises risk
txn_1a3efe412c42,0.9952390273022252,1,0.995239,1,ml_only,0,,,,,,,,1,credential_based_fraud,card_testing,session velocity raises risk;customer one-hour velocity raises risk;IP velocity lowers risk
txn_3de13d2de5c9,0.9918349240665761,1,0.991835,1,ml_only,0,,,,,,,,1,credential_based_fraud,card_testing,customer one-hour velocity raises risk;session velocity lowers risk;IP velocity lowers risk
txn_f17162ed8856,0.9912356993211042,1,0.991236,1,ml_only,0,,,,,,,,1,credential_based_fraud,card_testing,customer one-hour velocity raises risk;IP velocity lowers risk;merchant growth pattern raises risk
txn_8852942bb131,0.9870985540651708,1,0.987099,1,ml_only,0,,,,,,,,1,credential_based_fraud,card_testing,session velocity raises risk;customer one-hour velocity raises risk;IP velocity lowers risk
txn_7ea7089404e1,0.9954870291746396,1,0.995487,1,ml_only,0,,,,,,,,1,credential_based_fraud,card_testing,customer one-hour velocity raises risk;high generated risk score raises risk;session velocity lowers risk
txn_c3acca440c22,0.994959310970571,1,0.994959,1,ml_only,0,,,,,,,,1,credential_based_fraud,card_testing,customer one-hour velocity raises risk;IP velocity lowers risk;merchant growth pattern raises risk
txn_abba272e2d6c,0.9980782232193839,1,0.998078,1,ml_only,0,,,,,,,,1,credential_based_fraud,card_testing,session velocity raises risk;customer one-hour velocity raises risk;IP velocity lowers risk
txn_b86bb52a6dc3,0.9369035267696988,1,0.936904,1,ml_only,0,,,,,,,,1,credential_based_fraud,card_testing,customer one-hour velocity raises risk;session velocity lowers risk;IP velocity lowers risk
txn_a7720f20b7a0,0.9920429614519782,1,0.992043,1,ml_only,0,,,,,,,,1,credential_based_fraud,card_testing,customer one-hour velocity raises risk;IP velocity lowers risk;merchant growth pattern raises risk
txn_db5982f67e3c,0.9985350971800978,1,0.998535,1,ml_only,0,,,,,,,,1,credential_based_fraud,card_testing,session velocity raises risk;customer one-hour velocity raises risk;IP velocity lowers risk
txn_bf42116da207,0.9939062786062042,1,0.993906,1,ml_only,0,,,,,,,,1,credential_based_fraud,card_testing,customer one-hour velocity raises risk;session velocity lowers risk;IP velocity lowers risk
txn_a5f6470f32b9,0.9707078783867282,1,0.970708,1,ml_only,0,,,,,,,,1,credential_based_fraud,card_testing,customer one-hour velocity raises risk;IP velocity lowers risk;merchant growth pattern raises risk
txn_b318be19fb5d,0.9987574691063259,1,0.998757,1,ml_only,0,,,,,,,,1,credential_based_fraud,card_testing,session velocity raises risk;customer one-hour velocity raises risk;IP velocity lowers risk
txn_1ded66cf9043,0.99718231268228,1,0.997182,1,ml_only,0,,,,,,,,1,credential_based_fraud,card_testing,customer one-hour velocity raises risk;session velocity lowers risk;IP velocity lowers risk
txn_3d27ce953c2b,0.9949020307077852,1,0.994902,1,ml_only,0,,,,,,,,1,credential_based_fraud,card_testing,customer one-hour velocity raises risk;IP velocity lowers risk;merchant growth pattern raises risk
txn_e2c5a294de86,0.9928532232905671,1,0.992853,1,ml_only,0,,,,,,,,1,credential_based_fraud,card_testing,session velocity raises risk;customer one-hour velocity raises risk;high generated risk score raises risk
txn_30e7c1c358bd,0.9940961251759045,1,0.994096,1,ml_only,0,,,,,,,,1,credential_based_fraud,card_testing,customer one-hour velocity raises risk;session velocity lowers risk;IP velocity lowers risk
txn_87ca3f3df838,0.9928333354532469,1,0.992833,1,ml_only,0,,,,,,,,1,credential_based_fraud,card_testing,customer one-hour velocity raises risk;IP velocity lowers risk;merchant growth pattern raises risk
txn_060a1ae6a13e,0.9985446967789461,1,0.998545,1,ml_only,0,,,,,,,,1,credential_based_fraud,card_testing,session velocity raises risk;customer one-hour velocity raises risk;IP velocity lowers risk
txn_3ce1cef2b467,0.9851885916384712,1,0.985189,1,ml_only,0,,,,,,,,1,credential_based_fraud,card_testing,high generated risk score raises risk;customer one-hour velocity raises risk;session velocity lowers risk
txn_c945cbf786bf,0.9959806458629584,1,0.995981,1,ml_only,0,,,,,,,,1,credential_based_fraud,card_testing,customer one-hour velocity raises risk;IP velocity lowers risk;merchant growth pattern raises risk
txn_91abd2d41956,0.9974452955799383,1,0.997445,1,ml_only,0,,,,,,,,1,credential_based_fraud,card_testing,session velocity raises risk;customer one-hour velocity raises risk;device one-hour velocity raises risk
txn_bb1dfd561d9b,0.9961806258224389,1,0.996181,1,ml_only,0,,,,,,,,1,credential_based_fraud,card_testing,customer one-hour velocity raises risk;device one-hour velocity raises risk;session velocity lowers risk
txn_079cd8fdd341,0.9853334220270515,1,0.985333,1,ml_only,0,,,,,,,,1,credential_based_fraud,card_testing,customer one-hour velocity raises risk;IP velocity lowers risk;merchant growth pattern raises risk
txn_55ad21146320,0.9994428085841491,1,0.999443,1,ml_only,0,,,,,,,,1,credential_based_fraud,card_testing,session velocity raises risk;customer one-hour velocity raises risk;high generated risk score raises risk
txn_920e9f1dbfd7,0.404222,1,0.320317,1,hybrid_ml_llm,1,local_lmstudio,0.6,0.45,review,"The transaction involves a new customer account with no prior transaction history, which increases the risk of fraud.",new customer account;no prior transaction history,,1,credential_based_fraud,card_not_present,customer payment cadence lowers risk;high generated risk score lowers risk;merchant chargeback behavior raises risk
txn_a8de2c1399ac,0.9479323818754639,1,0.947932,1,ml_only,0,,,,,,,,1,credential_based_fraud,card_not_present,merchant chargeback behavior raises risk;merchant refund behavior raises risk;customer payment cadence raises risk
txn_d9f0f6d3fb2f,0.9808894826055762,1,0.980889,1,ml_only,0,,,,,,,,1,credential_based_fraud,card_not_present,session velocity raises risk;merchant chargeback behavior raises risk;merchant refund behavior raises risk
txn_9764946b7e2e,0.9274817126920623,1,0.927482,1,ml_only,0,,,,,,,,1,credential_based_fraud,card_not_present,merchant chargeback behavior raises risk;session velocity lowers risk;merchant refund behavior raises risk
txn_dc6883307193,0.9664410772983655,1,0.966441,1,ml_only,0,,,,,,,,1,credential_based_fraud,card_not_present,high generated risk score raises risk;merchant chargeback behavior raises risk;merchant refund behavior raises risk
txn_b06742aa9357,0.9930514028556205,1,0.993051,1,ml_only,0,,,,,,,,1,credential_based_fraud,card_not_present,session velocity raises risk;merchant chargeback behavior raises risk;merchant refund behavior raises risk
txn_7bcfdfedc4ba,0.9482587585642833,1,0.948259,1,ml_only,0,,,,,,,,1,credential_based_fraud,card_not_present,merchant chargeback behavior raises risk;session velocity lowers risk;merchant refund behavior raises risk
txn_14cbe9b299a8,0.9935597845686658,1,0.99356,1,ml_only,0,,,,,,,,1,credential_based_fraud,card_not_present,merchant chargeback behavior raises risk;high generated risk score raises risk;merchant refund behavior raises risk
txn_beb7336fd6bc,0.9764817425499521,1,0.976482,1,ml_only,0,,,,,,,,1,credential_based_fraud,card_not_present,session velocity raises risk;merchant chargeback behavior raises risk;merchant refund behavior raises risk
txn_a2de56f3847c,0.9693631037778824,1,0.969363,1,ml_only,0,,,,,,,,1,credential_based_fraud,card_not_present,merchant chargeback behavior raises risk;session velocity lowers risk;merchant refund behavior raises risk
txn_c9ad80911916,0.9933444833653556,1,0.993344,1,ml_only,0,,,,,,,,1,credential_based_fraud,card_not_present,merchant chargeback behavior raises risk;merchant refund behavior raises risk;customer payment cadence raises risk
txn_c2de2629d947,0.9981254372980536,1,0.998125,1,ml_only,0,,,,,,,,1,credential_based_fraud,card_not_present,session velocity raises risk;high generated risk score raises risk;merchant chargeback behavior raises risk
txn_480237ac80b1,0.9449259355657764,1,0.944926,1,ml_only,0,,,,,,,,1,credential_based_fraud,card_not_present,merchant chargeback behavior raises risk;session velocity lowers risk;merchant refund behavior raises risk
txn_763fb7f0d498,0.9848799901526435,1,0.98488,1,ml_only,0,,,,,,,,1,credential_based_fraud,card_not_present,merchant chargeback behavior raises risk;customer one-hour velocity raises risk;merchant refund behavior raises risk
txn_626041b531fb,0.9978880586876874,1,0.997888,1,ml_only,0,,,,,,,,1,credential_based_fraud,card_not_present,session velocity raises risk;customer one-hour velocity raises risk;merchant chargeback behavior raises risk
txn_60cbf80385f8,0.9969803687764579,1,0.99698,1,ml_only,0,,,,,,,,1,credential_based_fraud,card_not_present,high generated risk score raises risk;customer one-hour velocity raises risk;merchant chargeback behavior raises risk
txn_cdaceda9a98e,0.98223529470754,1,0.982235,1,ml_only,0,,,,,,,,1,credential_based_fraud,card_not_present,customer one-hour velocity raises risk;high generated risk score raises risk;merchant chargeback behavior raises risk
txn_49f777a53b84,0.9993953228506925,1,0.999395,1,ml_only,0,,,,,,,,1,credential_based_fraud,card_not_present,session velocity raises risk;high generated risk score raises risk;customer one-hour velocity raises risk
txn_75d43a683443,0.9937747463655787,1,0.993775,1,ml_only,0,,,,,,,,1,credential_based_fraud,card_not_present,customer one-hour velocity raises risk;merchant chargeback behavior raises risk;session velocity lowers risk
txn_5d70be6f6780,0.9974746883934394,1,0.997475,1,ml_only,0,,,,,,,,1,credential_based_fraud,card_not_present,customer one-hour velocity raises risk;merchant chargeback behavior raises risk;device one-hour velocity raises risk
txn_3aa6756f46db,0.9885943604750405,1,0.988594,1,ml_only,0,,,,,,,,1,credential_based_fraud,card_not_present,session velocity raises risk;customer one-hour velocity raises risk;merchant chargeback behavior raises risk
txn_e6d037cbd4f9,0.9942917832507586,1,0.994292,1,ml_only,0,,,,,,,,1,credential_based_fraud,card_not_present,customer one-hour velocity raises risk;merchant chargeback behavior raises risk;session velocity lowers risk
txn_3e6c04058173,0.9986681766218758,1,0.998668,1,ml_only,0,,,,,,,,1,credential_based_fraud,card_not_present,customer one-hour velocity raises risk;high generated risk score raises risk;merchant chargeback behavior raises risk
txn_553c3a1d235f,0.998798857890173,1,0.998799,1,ml_only,0,,,,,,,,1,credential_based_fraud,card_not_present,session velocity raises risk;customer one-hour velocity raises risk;device one-hour velocity raises risk
txn_c3382451ec70,0.9783585442417924,1,0.978359,1,ml_only,0,,,,,,,,1,credential_based_fraud,card_not_present,customer one-hour velocity raises risk;high generated risk score raises risk;merchant chargeback behavior raises risk
txn_aec6ab660700,0.9960591498928328,1,0.996059,1,ml_only,0,,,,,,,,1,credential_based_fraud,card_not_present,customer one-hour velocity raises risk;device one-hour velocity raises risk;merchant chargeback behavior raises risk
txn_a89f4a9a1d71,0.9988982648440224,1,0.998898,1,ml_only,0,,,,,,,,1,credential_based_fraud,card_not_present,session velocity raises risk;customer one-hour velocity raises risk;device one-hour velocity raises risk
txn_ccfed8781930,0.9971881046411717,1,0.997188,1,ml_only,0,,,,,,,,1,credential_based_fraud,card_not_present,customer one-hour velocity raises risk;device one-hour velocity raises risk;merchant chargeback behavior raises risk
txn_a67faa79e4bc,0.98514488113582,1,0.985145,1,ml_only,0,,,,,,,,1,credential_based_fraud,card_not_present,customer one-hour velocity raises risk;high generated risk score raises risk;merchant chargeback behavior raises risk
txn_0382cb5e83ff,0.04860169557783948,0,0.048602,0,ml_only,0,,,,,,,,1,credential_based_fraud,consumer_account_takeover,customer payment cadence lowers risk;customer_historical_spend_mean lowers risk;session velocity lowers risk
txn_82557b0fc002,0.2355345779501269,0,0.235535,0,ml_only,0,,,,,,,,1,credential_based_fraud,consumer_account_takeover,customer_historical_spend_mean lowers risk;customer one-hour velocity lowers risk;device history lowers risk
txn_ccf6d5f2304b,0.4806451556418371,1,0.480645,1,ml_only,0,,,,,,,,1,credential_based_fraud,consumer_account_takeover,session velocity raises risk;customer_historical_spend_mean lowers risk;high generated risk score lowers risk
txn_e4070b1b405e,0.2843054060006824,0,0.284305,0,ml_only,0,,,,,,,,1,credential_based_fraud,consumer_account_takeover,customer_historical_spend_mean lowers risk;session velocity lowers risk;device history lowers risk
txn_a83ec9feaa84,0.47449741824254976,1,0.474497,1,ml_only,0,,,,,,,,1,credential_based_fraud,consumer_account_takeover,customer_historical_spend_mean lowers risk;IP velocity raises risk;customer one-hour velocity lowers risk
txn_3a47be63a7c7,0.6855116666329027,1,0.685512,1,ml_only,0,,,,,,,,1,credential_based_fraud,consumer_account_takeover,session velocity raises risk;customer_historical_spend_mean lowers risk;IP velocity raises risk
txn_9ade74c23b03,0.4155487941549217,1,0.415549,1,ml_only,0,,,,,,,,1,credential_based_fraud,consumer_account_takeover,customer_historical_spend_mean lowers risk;IP velocity raises risk;session velocity lowers risk
txn_3d6fe05b7edd,0.47551278275782993,1,0.475513,1,ml_only,0,,,,,,,,1,credential_based_fraud,consumer_account_takeover,IP velocity raises risk;customer_historical_spend_mean lowers risk;customer one-hour velocity lowers risk
txn_c21381eb95ba,0.8031709356850913,1,0.803171,1,ml_only,0,,,,,,,,1,credential_based_fraud,consumer_account_takeover,IP velocity raises risk;session velocity raises risk;customer_historical_spend_mean lowers risk
txn_07f4fd0a6a05,0.6485932003319526,1,0.648593,1,ml_only,0,,,,,,,,1,credential_based_fraud,consumer_account_takeover,IP velocity raises risk;high generated risk score raises risk;customer_historical_spend_mean lowers risk
txn_72fed88b1c0c,0.7713613902047873,1,0.771361,1,ml_only,0,,,,,,,,1,credential_based_fraud,consumer_account_takeover,IP velocity raises risk;customer_historical_spend_mean lowers risk;high generated risk score raises risk
txn_04a678ee7d00,0.9043857989997596,1,0.904386,1,ml_only,0,,,,,,,,1,credential_based_fraud,consumer_account_takeover,IP velocity raises risk;session velocity raises risk;customer_historical_spend_mean lowers risk
txn_0da45ddc0308,0.7206678931948263,1,0.720668,1,ml_only,0,,,,,,,,1,credential_based_fraud,consumer_account_takeover,IP velocity raises risk;customer_historical_spend_mean lowers risk;session velocity lowers risk
txn_c6a369ddc39e,0.8740486981890366,1,0.874049,1,ml_only,0,,,,,,,,1,credential_based_fraud,consumer_account_takeover,IP velocity raises risk;customer_historical_spend_mean lowers risk;device history lowers risk
txn_1a81d3aa05b2,0.8830345858332369,1,0.883035,1,ml_only,0,,,,,,,,1,credential_based_fraud,consumer_account_takeover,IP velocity raises risk;session velocity raises risk;customer_historical_spend_mean lowers risk
txn_465d84de868f,0.6042987439958333,1,0.604299,1,ml_only,0,,,,,,,,1,credential_based_fraud,consumer_account_takeover,IP velocity raises risk;customer_historical_spend_mean lowers risk;session velocity lowers risk
txn_1076939a907f,0.004138042945173856,0,0.004138,0,ml_only,0,,,,,,,,1,credential_based_fraud,merchant_admin_takeover,transaction_type_code lowers risk;customer payment cadence lowers risk;customer_historical_spend_mean lowers risk
txn_4a840eb1b203,0.013364584487883718,0,0.013365,0,ml_only,0,,,,,,,,1,credential_based_fraud,merchant_admin_takeover,transaction_type_code lowers risk;customer_historical_spend_mean lowers risk;payment_method_type_code lowers risk
txn_4918c9cc4d7d,0.16564679944272667,0,0.165647,0,ml_only,0,,,,,,,,1,credential_based_fraud,merchant_admin_takeover,transaction_type_code lowers risk;session velocity raises risk;customer_historical_spend_mean lowers risk
txn_a9a8764ec0c6,0.03299667764949246,0,0.032997,0,ml_only,0,,,,,,,,1,credential_based_fraud,merchant_admin_takeover,transaction_type_code lowers risk;customer_historical_spend_mean lowers risk;payment_method_type_code lowers risk
txn_3291404ea8c4,0.11361729474795149,0,0.113617,0,ml_only,0,,,,,,,,1,credential_based_fraud,merchant_admin_takeover,transaction_type_code lowers risk;customer_historical_spend_mean lowers risk;high generated risk score raises risk
txn_45dabb657658,0.10877299099626868,0,0.108773,0,ml_only,0,,,,,,,,1,credential_based_fraud,merchant_admin_takeover,transaction_type_code lowers risk;session velocity raises risk;customer_historical_spend_mean lowers risk
txn_7ccf4102cfcb,0.03006628840312266,0,0.030066,0,ml_only,0,,,,,,,,1,credential_based_fraud,merchant_admin_takeover,transaction_type_code lowers risk;customer_historical_spend_mean lowers risk;IP velocity raises risk
txn_7228513d215b,0.09440803538526914,0,0.094408,0,ml_only,0,,,,,,,,1,credential_based_fraud,merchant_admin_takeover,transaction_type_code lowers risk;IP velocity raises risk;customer_historical_spend_mean lowers risk
txn_967b9df05837,0.5268599792316384,1,0.52686,1,ml_only,0,,,,,,,,1,credential_based_fraud,merchant_admin_takeover,transaction_type_code lowers risk;session velocity raises risk;IP velocity raises risk
txn_136587020f16,0.02498730029402258,0,0.024987,0,ml_only,0,,,,,,,,1,credential_based_fraud,credential_stuffing,customer payment cadence lowers risk;high generated risk score lowers risk;session velocity lowers risk
txn_b526344b5e02,0.22084422838132123,0,0.220844,0,ml_only,0,,,,,,,,1,credential_based_fraud,credential_stuffing,IP velocity lowers risk;customer payment cadence raises risk;customer_historical_spend_mean lowers risk
txn_5c83a82e9165,0.48715256749801855,1,0.487153,1,ml_only,0,,,,,,,,1,credential_based_fraud,credential_stuffing,session velocity raises risk;IP velocity lowers risk;high generated risk score lowers risk
txn_93930b61fdd7,0.18440350225481736,0,0.184404,0,ml_only,0,,,,,,,,1,credential_based_fraud,credential_stuffing,session velocity lowers risk;IP velocity lowers risk;customer payment cadence raises risk
txn_e18277ee1be7,0.49161527406172895,1,0.491615,1,ml_only,0,,,,,,,,1,credential_based_fraud,credential_stuffing,IP velocity lowers risk;high generated risk score raises risk;customer payment cadence raises risk
txn_15635544fd00,0.7152594251643217,1,0.715259,1,ml_only,0,,,,,,,,1,credential_based_fraud,credential_stuffing,session velocity raises risk;IP velocity lowers risk;customer payment cadence raises risk
txn_cc80779c5347,0.3807246374336504,1,0.380725,1,ml_only,0,,,,,,,,1,credential_based_fraud,credential_stuffing,session velocity lowers risk;IP velocity lowers risk;high generated risk score raises risk
txn_633e033a7a6d,0.6863371979090592,1,0.686337,1,ml_only,0,,,,,,,,1,credential_based_fraud,credential_stuffing,customer payment cadence raises risk;customer_historical_spend_mean lowers risk;payment_method_type_code raises risk
txn_6c5b531fa925,0.8611048976680227,1,0.861105,1,ml_only,0,,,,,,,,1,credential_based_fraud,credential_stuffing,session velocity raises risk;high generated risk score raises risk;customer payment cadence raises risk
txn_fae524d87243,0.7172914246884434,1,0.717291,1,ml_only,0,,,,,,,,1,credential_based_fraud,credential_stuffing,high generated risk score raises risk;session velocity lowers risk;customer payment cadence raises risk
txn_836c9ada95ea,0.8291052275393638,1,0.829105,1,ml_only,0,,,,,,,,1,credential_based_fraud,credential_stuffing,high generated risk score raises risk;customer payment cadence raises risk;customer_historical_spend_mean lowers risk
txn_35335d4e3d3e,0.8000349887588099,1,0.800035,1,ml_only,0,,,,,,,,1,credential_based_fraud,credential_stuffing,session velocity raises risk;customer payment cadence raises risk;customer_historical_spend_mean lowers risk
txn_51fe5c17e02d,0.3781498730340119,1,0.37815,1,ml_only,0,,,,,,,,1,credential_based_fraud,credential_stuffing,session velocity lowers risk;customer one-hour velocity raises risk;customer payment cadence raises risk
txn_d3e6e86e6a22,0.752187432140426,1,0.752187,1,ml_only,0,,,,,,,,1,credential_based_fraud,credential_stuffing,customer one-hour velocity raises risk;customer payment cadence raises risk;customer_historical_spend_mean lowers risk
txn_cdfd9499d40b,0.8955766530025991,1,0.895577,1,ml_only,0,,,,,,,,1,credential_based_fraud,credential_stuffing,session velocity raises risk;customer one-hour velocity raises risk;customer payment cadence raises risk
txn_c63721e7a4db,0.6503488301149103,1,0.650349,1,ml_only,0,,,,,,,,1,credential_based_fraud,credential_stuffing,customer one-hour velocity raises risk;session velocity lowers risk;customer payment cadence raises risk
txn_088d95f69b81,0.7616485839296512,1,0.761649,1,ml_only,0,,,,,,,,1,credential_based_fraud,credential_stuffing,customer one-hour velocity raises risk;customer payment cadence raises risk;customer_historical_spend_mean lowers risk
txn_71b35f04740b,0.9626937530241201,1,0.962694,1,ml_only,0,,,,,,,,1,credential_based_fraud,credential_stuffing,session velocity raises risk;high generated risk score raises risk;customer one-hour velocity raises risk
txn_efea21d3bc8e,0.7193245635352309,1,0.719325,1,ml_only,0,,,,,,,,1,credential_based_fraud,credential_stuffing,customer one-hour velocity raises risk;session velocity lowers risk;customer payment cadence raises risk
txn_ca5e18cb0b45,0.8724982888786171,1,0.872498,1,ml_only,0,,,,,,,,1,credential_based_fraud,credential_stuffing,customer one-hour velocity raises risk;high generated risk score raises risk;customer payment cadence raises risk
txn_9a7843d5e414,0.882080149378766,1,0.88208,1,ml_only,0,,,,,,,,1,credential_based_fraud,credential_stuffing,session velocity raises risk;customer one-hour velocity raises risk;customer payment cadence raises risk
txn_806b547897a6,0.5536155834432306,1,0.553616,1,ml_only,0,,,,,,,,1,credential_based_fraud,credential_stuffing,customer one-hour velocity raises risk;high generated risk score lowers risk;session velocity lowers risk
txn_b2525f9fc37e,0.9048461345913758,1,0.904846,1,ml_only,0,,,,,,,,1,credential_based_fraud,credential_stuffing,customer one-hour velocity raises risk;device one-hour velocity raises risk;customer payment cadence raises risk
txn_8948f227e9e0,0.8712073535586067,1,0.871207,1,ml_only,0,,,,,,,,1,credential_based_fraud,credential_stuffing,session velocity raises risk;customer one-hour velocity raises risk;high generated risk score lowers risk
txn_4fafd89d7e96,0.6656899415127242,1,0.66569,1,ml_only,0,,,,,,,,1,credential_based_fraud,credential_stuffing,customer one-hour velocity raises risk;session velocity lowers risk;high generated risk score raises risk
txn_748a2a3b629c,0.8887629638449431,1,0.888763,1,ml_only,0,,,,,,,,1,credential_based_fraud,credential_stuffing,customer one-hour velocity raises risk;device one-hour velocity raises risk;customer payment cadence raises risk
txn_eae9d2974086,0.9223550030249353,1,0.922355,1,ml_only,0,,,,,,,,1,credential_based_fraud,credential_stuffing,session velocity raises risk;customer one-hour velocity raises risk;device one-hour velocity raises risk
txn_b26a54b75a3c,0.6307746433343941,1,0.630775,1,ml_only,0,,,,,,,,1,credential_based_fraud,credential_stuffing,customer one-hour velocity raises risk;session velocity lowers risk;device one-hour velocity raises risk
txn_eab8c1a5d749,0.7881719984972086,1,0.788172,1,ml_only,0,,,,,,,,1,credential_based_fraud,credential_stuffing,customer one-hour velocity raises risk;customer payment cadence raises risk;customer_historical_spend_mean lowers risk
txn_672e7556cd42,0.9333717224400355,1,0.933372,1,ml_only,0,,,,,,,,1,credential_based_fraud,credential_stuffing,session velocity raises risk;customer one-hour velocity raises risk;device one-hour velocity raises risk
txn_5484005c23b5,0.8469435861374619,1,0.846944,1,ml_only,0,,,,,,,,1,credential_based_fraud,credential_stuffing,customer one-hour velocity raises risk;high generated risk score raises risk;session velocity lowers risk
txn_484684fa73df,0.8683166734894369,1,0.868317,1,ml_only,0,,,,,,,,1,credential_based_fraud,credential_stuffing,customer one-hour velocity raises risk;device one-hour velocity raises risk;customer payment cadence raises risk
txn_52d1826b87be,0.9179487543807188,1,0.917949,1,ml_only,0,,,,,,,,1,credential_based_fraud,credential_stuffing,session velocity raises risk;customer one-hour velocity raises risk;high generated risk score raises risk
txn_452339342dbe,0.8113226403493634,1,0.811323,1,ml_only,0,,,,,,,,1,credential_based_fraud,credential_stuffing,customer one-hour velocity raises risk;session velocity lowers risk;device one-hour velocity raises risk
txn_0312669cbc5a,0.9462689216515033,1,0.946269,1,ml_only,0,,,,,,,,1,credential_based_fraud,credential_stuffing,customer one-hour velocity raises risk;high generated risk score raises risk;device one-hour velocity raises risk
txn_8f27bdb37a5c,0.9784595304061111,1,0.97846,1,ml_only,0,,,,,,,,1,credential_based_fraud,credential_stuffing,session velocity raises risk;customer one-hour velocity raises risk;high generated risk score raises risk
txn_49739f813a0b,0.5417331251300495,1,0.541733,1,ml_only,0,,,,,,,,1,credential_based_fraud,credential_stuffing,customer one-hour velocity raises risk;session velocity lowers risk;customer payment cadence raises risk
txn_7f427e10776e,0.930109921023974,1,0.93011,1,ml_only,0,,,,,,,,1,credential_based_fraud,credential_stuffing,customer one-hour velocity raises risk;device one-hour velocity raises risk;customer payment cadence raises risk
txn_53a17d9eb98c,0.9729568424976814,1,0.972957,1,ml_only,0,,,,,,,,1,credential_based_fraud,credential_stuffing,session velocity raises risk;customer one-hour velocity raises risk;device one-hour velocity raises risk
txn_46e4dea13c0b,0.8033529556965028,1,0.803353,1,ml_only,0,,,,,,,,1,credential_based_fraud,credential_stuffing,customer one-hour velocity raises risk;device one-hour velocity raises risk;session velocity lowers risk
txn_b3cb2fb97865,0.8568612348772796,1,0.856861,1,ml_only,0,,,,,,,,1,credential_based_fraud,credential_stuffing,customer one-hour velocity raises risk;customer payment cadence raises risk;customer_historical_spend_mean lowers risk
txn_11878b9291f1,0.9275616649359506,1,0.927562,1,ml_only,0,,,,,,,,1,credential_based_fraud,credential_stuffing,session velocity raises risk;customer one-hour velocity raises risk;customer_historical_spend_mean lowers risk
txn_c77e40defca2,0.6860731300531069,1,0.686073,1,ml_only,0,,,,,,,,1,credential_based_fraud,credential_stuffing,session velocity lowers risk;customer payment cadence raises risk;customer_historical_spend_mean lowers risk
txn_21b608598cd5,0.9365621491670776,1,0.936562,1,ml_only,0,,,,,,,,1,credential_based_fraud,credential_stuffing,high generated risk score raises risk;customer one-hour velocity raises risk;customer payment cadence raises risk
txn_8a532fa8ae32,0.8237408654826871,1,0.823741,1,ml_only,0,,,,,,,,1,credential_based_fraud,credential_stuffing,session velocity raises risk;customer one-hour velocity raises risk;customer payment cadence raises risk
txn_6a1bd28cd8c3,0.7801753059612496,1,0.780175,1,ml_only,0,,,,,,,,1,credential_based_fraud,credential_stuffing,session velocity lowers risk;customer one-hour velocity raises risk;customer payment cadence raises risk
txn_bea2cf94dba1,0.89506124670292,1,0.895061,1,ml_only,0,,,,,,,,1,credential_based_fraud,credential_stuffing,customer one-hour velocity raises risk;customer payment cadence raises risk;customer_historical_spend_mean lowers risk
txn_97498dcb343e,0.937263961887154,1,0.937264,1,ml_only,0,,,,,,,,1,credential_based_fraud,credential_stuffing,session velocity raises risk;customer one-hour velocity raises risk;customer payment cadence raises risk
txn_339826d77fb0,0.657588809151328,1,0.657589,1,ml_only,0,,,,,,,,1,credential_based_fraud,credential_stuffing,session velocity lowers risk;customer one-hour velocity raises risk;high generated risk score raises risk
txn_4502a38106d5,0.8315220347427364,1,0.831522,1,ml_only,0,,,,,,,,1,credential_based_fraud,credential_stuffing,customer payment cadence raises risk;customer_historical_spend_mean lowers risk;payment_method_type_code raises risk
txn_3033d16670bd,0.9045507694008138,1,0.904551,1,ml_only,0,,,,,,,,1,credential_based_fraud,credential_stuffing,session velocity raises risk;customer one-hour velocity raises risk;customer payment cadence raises risk
txn_4b358e3b2152,0.5906393031460888,1,0.590639,1,ml_only,0,,,,,,,,1,credential_based_fraud,credential_stuffing,session velocity lowers risk;customer payment cadence raises risk;customer_historical_spend_mean lowers risk
txn_270abcbebf1e,0.7567872750211286,1,0.756787,1,ml_only,0,,,,,,,,1,credential_based_fraud,credential_stuffing,customer payment cadence raises risk;customer_historical_spend_mean lowers risk;device history raises risk
txn_040d065afef5,0.9280125044611319,1,0.928013,1,ml_only,0,,,,,,,,1,credential_based_fraud,credential_stuffing,session velocity raises risk;customer one-hour velocity raises risk;customer payment cadence raises risk
txn_b02f6895e053,0.8577233960638027,1,0.857723,1,ml_only,0,,,,,,,,1,credential_based_fraud,credential_stuffing,high generated risk score raises risk;session velocity lowers risk;customer one-hour velocity raises risk
txn_0ae83f836ebc,0.9027227115449858,1,0.902723,1,ml_only,0,,,,,,,,1,credential_based_fraud,credential_stuffing,customer one-hour velocity raises risk;customer payment cadence raises risk;customer_historical_spend_mean lowers risk
txn_692a2fc8475d,0.9674319843943442,1,0.967432,1,ml_only,0,,,,,,,,1,credential_based_fraud,credential_stuffing,session velocity raises risk;high generated risk score raises risk;customer one-hour velocity raises risk
txn_ac7208eb6db4,0.895888224882478,1,0.895888,1,ml_only,0,,,,,,,,1,credential_based_fraud,credential_stuffing,customer one-hour velocity raises risk;session velocity lowers risk;high generated risk score raises risk
txn_795ba045cee2,0.9229046021940212,1,0.922905,1,ml_only,0,,,,,,,,1,credential_based_fraud,credential_stuffing,customer one-hour velocity raises risk;device one-hour velocity raises risk;customer_historical_spend_mean lowers risk
txn_37845af9df42,0.9546784807581833,1,0.954678,1,ml_only,0,,,,,,,,1,credential_based_fraud,credential_stuffing,session velocity raises risk;customer one-hour velocity raises risk;device one-hour velocity raises risk
txn_a3fcb1d428a5,0.742535970153854,1,0.742536,1,ml_only,0,,,,,,,,1,credential_based_fraud,credential_stuffing,customer one-hour velocity raises risk;session velocity lowers risk;customer payment cadence raises risk
txn_1fedcdeaef44,0.9577854224406053,1,0.957785,1,ml_only,0,,,,,,,,1,credential_based_fraud,credential_stuffing,customer one-hour velocity raises risk;device one-hour velocity raises risk;customer payment cadence raises risk
txn_2c52636e05dd,0.9819699810027495,1,0.98197,1,ml_only,0,,,,,,,,1,credential_based_fraud,credential_stuffing,customer one-hour velocity raises risk;session velocity raises risk;device one-hour velocity raises risk
txn_3d4153e94f52,0.7959221404300485,1,0.795922,1,ml_only,0,,,,,,,,1,credential_based_fraud,credential_stuffing,customer one-hour velocity raises risk;session velocity lowers risk;device one-hour velocity raises risk
txn_359698e43b28,0.8388357906650818,1,0.838836,1,ml_only,0,,,,,,,,1,credential_based_fraud,credential_stuffing,customer one-hour velocity raises risk;customer payment cadence raises risk;customer_historical_spend_mean lowers risk
txn_a16a9fee26a5,0.9506795325632534,1,0.95068,1,ml_only,0,,,,,,,,1,credential_based_fraud,credential_stuffing,session velocity raises risk;customer one-hour velocity raises risk;device one-hour velocity raises risk
txn_dec7819c4f2d,0.8908746195816375,1,0.890875,1,ml_only,0,,,,,,,,1,credential_based_fraud,credential_stuffing,customer one-hour velocity raises risk;session velocity lowers risk;device one-hour velocity raises risk
txn_5841c7a9fcd9,0.8688192036675791,1,0.868819,1,ml_only,0,,,,,,,,1,credential_based_fraud,credential_stuffing,customer one-hour velocity raises risk;customer payment cadence raises risk;customer_historical_spend_mean lowers risk
txn_b407044c1b48,0.8392490296901806,1,0.839249,1,ml_only,0,,,,,,,,1,credential_based_fraud,credential_stuffing,session velocity raises risk;high generated risk score lowers risk;customer one-hour velocity raises risk
txn_cf277f12640e,0.7197735461510893,1,0.719774,1,ml_only,0,,,,,,,,1,credential_based_fraud,credential_stuffing,session velocity lowers risk;customer payment cadence raises risk;customer_historical_spend_mean lowers risk
txn_ecd48527cef9,0.7767534740306707,1,0.776753,1,ml_only,0,,,,,,,,1,credential_based_fraud,credential_stuffing,customer one-hour velocity raises risk;customer payment cadence raises risk;customer_historical_spend_mean lowers risk
txn_e09daa3b676f,0.963721158548165,1,0.963721,1,ml_only,0,,,,,,,,1,credential_based_fraud,credential_stuffing,session velocity raises risk;customer one-hour velocity raises risk;customer payment cadence raises risk
txn_c8941b13c46b,0.7294600385855151,1,0.72946,1,ml_only,0,,,,,,,,1,credential_based_fraud,credential_stuffing,customer one-hour velocity raises risk;high generated risk score raises risk;session velocity lowers risk
txn_2beb6d152e44,0.8178761407189966,1,0.817876,1,ml_only,0,,,,,,,,1,credential_based_fraud,credential_stuffing,customer payment cadence raises risk;customer_historical_spend_mean lowers risk;payment_method_type_code raises risk
txn_fbfcf4c8adfc,0.9525977062667345,1,0.952598,1,ml_only,0,,,,,,,,1,credential_based_fraud,credential_stuffing,session velocity raises risk;customer payment cadence raises risk;customer_historical_spend_mean lowers risk
txn_ef65d36313f7,0.6500030186059947,1,0.650003,1,ml_only,0,,,,,,,,1,credential_based_fraud,credential_stuffing,session velocity lowers risk;customer payment cadence raises risk;customer_historical_spend_mean lowers risk
txn_b7de28d84b57,0.8078253650163384,1,0.807825,1,ml_only,0,,,,,,,,1,credential_based_fraud,credential_stuffing,customer one-hour velocity raises risk;customer payment cadence raises risk;customer_historical_spend_mean lowers risk
txn_53c3452a47ab,0.9399424359199147,1,0.939942,1,ml_only,0,,,,,,,,1,credential_based_fraud,credential_stuffing,session velocity raises risk;customer one-hour velocity raises risk;customer payment cadence raises risk
txn_3d89896c5ef6,0.8049372370968068,1,0.804937,1,ml_only,0,,,,,,,,1,credential_based_fraud,credential_stuffing,customer one-hour velocity raises risk;session velocity lowers risk;customer payment cadence raises risk
txn_6968f8b9d37b,0.9468760284797392,1,0.946876,1,ml_only,0,,,,,,,,1,credential_based_fraud,credential_stuffing,customer one-hour velocity raises risk;customer payment cadence raises risk;customer_historical_spend_mean lowers risk
txn_0ac1be414468,0.9040265612082048,1,0.904027,1,ml_only,0,,,,,,,,1,credential_based_fraud,credential_stuffing,session velocity raises risk;customer one-hour velocity raises risk;customer payment cadence raises risk
txn_6b5618ea5a73,0.8010077854398555,1,0.801008,1,ml_only,0,,,,,,,,1,credential_based_fraud,credential_stuffing,customer one-hour velocity raises risk;session velocity lowers risk;customer payment cadence raises risk
txn_af193c98abd6,0.9326222759867019,1,0.932622,1,ml_only,0,,,,,,,,1,credential_based_fraud,credential_stuffing,customer one-hour velocity raises risk;customer payment cadence raises risk;customer_historical_spend_mean lowers risk
txn_cba259f6f8a1,0.9747672842233847,1,0.974767,1,ml_only,0,,,,,,,,1,credential_based_fraud,credential_stuffing,session velocity raises risk;customer one-hour velocity raises risk;customer payment cadence raises risk
txn_c719ac9b9a91,0.5832424724151236,1,0.583242,1,ml_only,0,,,,,,,,1,credential_based_fraud,credential_stuffing,session velocity lowers risk;customer payment cadence raises risk;customer_historical_spend_mean lowers risk
txn_bfdf7f658ad7,0.9269307660984243,1,0.926931,1,ml_only,0,,,,,,,,1,credential_based_fraud,credential_stuffing,customer one-hour velocity raises risk;customer payment cadence raises risk;customer_historical_spend_mean lowers risk
txn_8d927dc9de8e,0.9853405355908295,1,0.985341,1,ml_only,0,,,,,,,,1,credential_based_fraud,credential_stuffing,session velocity raises risk;high generated risk score raises risk;customer one-hour velocity raises risk
txn_3bc6374f8e7f,0.6733905413018343,1,0.673391,1,ml_only,0,,,,,,,,1,credential_based_fraud,credential_stuffing,session velocity lowers risk;high generated risk score lowers risk;customer one-hour velocity raises risk
txn_aba08685a973,0.7757266185962187,1,0.775727,1,ml_only,0,,,,,,,,1,credential_based_fraud,credential_stuffing,customer one-hour velocity raises risk;high generated risk score lowers risk;customer payment cadence raises risk
txn_f4092004f4fd,0.9608523235550336,1,0.960852,1,ml_only,0,,,,,,,,1,credential_based_fraud,credential_stuffing,session velocity raises risk;customer one-hour velocity raises risk;customer payment cadence raises risk
txn_147b9a89df45,0.8781182880161279,1,0.878118,1,ml_only,0,,,,,,,,1,credential_based_fraud,credential_stuffing,customer one-hour velocity raises risk;session velocity lowers risk;customer payment cadence raises risk
txn_498193c41296,0.9241169413505557,1,0.924117,1,ml_only,0,,,,,,,,1,credential_based_fraud,credential_stuffing,customer one-hour velocity raises risk;customer payment cadence raises risk;customer_historical_spend_mean lowers risk
txn_ca379838c5b1,0.934886671644642,1,0.934887,1,ml_only,0,,,,,,,,1,credential_based_fraud,credential_stuffing,session velocity raises risk;customer one-hour velocity raises risk;customer payment cadence raises risk
txn_94a48628a885,0.8806298296877345,1,0.88063,1,ml_only,0,,,,,,,,1,credential_based_fraud,credential_stuffing,customer one-hour velocity raises risk;session velocity lowers risk;customer payment cadence raises risk
txn_c711d5ab3329,0.9083282671138249,1,0.908328,1,ml_only,0,,,,,,,,1,credential_based_fraud,credential_stuffing,customer one-hour velocity raises risk;high generated risk score lowers risk;customer payment cadence raises risk
txn_a0e6c3e72d2e,0.9713023613819052,1,0.971302,1,ml_only,0,,,,,,,,1,credential_based_fraud,credential_stuffing,session velocity raises risk;customer one-hour velocity raises risk;customer payment cadence raises risk
txn_7b36b0a47e92,0.9299716445440052,1,0.929972,1,ml_only,0,,,,,,,,1,credential_based_fraud,credential_stuffing,high generated risk score raises risk;customer one-hour velocity raises risk;session velocity lowers risk
txn_dc5643db6df8,0.9500268572762565,1,0.950027,1,ml_only,0,,,,,,,,1,credential_based_fraud,credential_stuffing,customer one-hour velocity raises risk;customer payment cadence raises risk;customer_historical_spend_mean lowers risk
txn_7f16b4b168ba,0.9884303433107281,1,0.98843,1,ml_only,0,,,,,,,,1,credential_based_fraud,credential_stuffing,session velocity raises risk;customer one-hour velocity raises risk;IP velocity lowers risk
txn_8a271e2db34c,0.9248266026823975,1,0.924827,1,ml_only,0,,,,,,,,1,credential_based_fraud,credential_stuffing,customer one-hour velocity raises risk;session velocity lowers risk;IP velocity lowers risk
txn_9407bd91bf5a,0.8953284646415179,1,0.895328,1,ml_only,0,,,,,,,,1,credential_based_fraud,credential_stuffing,customer one-hour velocity raises risk;IP velocity lowers risk;customer payment cadence raises risk
txn_d20e7e426adc,0.9779607234904987,1,0.977961,1,ml_only,0,,,,,,,,1,credential_based_fraud,credential_stuffing,session velocity raises risk;customer one-hour velocity raises risk;IP velocity lowers risk
txn_c20f05529409,0.8764464497591313,1,0.876446,1,ml_only,0,,,,,,,,1,credential_based_fraud,credential_stuffing,customer one-hour velocity raises risk;session velocity lowers risk;IP velocity lowers risk
txn_bfd8eea512ea,0.9681417082156735,1,0.968142,1,ml_only,0,,,,,,,,1,credential_based_fraud,credential_stuffing,customer one-hour velocity raises risk;device one-hour velocity raises risk;IP velocity lowers risk
txn_625e2104887f,0.9640670223855972,1,0.964067,1,ml_only,0,,,,,,,,1,credential_based_fraud,credential_stuffing,customer one-hour velocity raises risk;session velocity raises risk;IP velocity lowers risk
txn_882af21d0950,0.8717964673868248,1,0.871796,1,ml_only,0,,,,,,,,1,credential_based_fraud,credential_stuffing,customer one-hour velocity raises risk;device one-hour velocity raises risk;high generated risk score lowers risk
txn_ae6b252da321,0.9786812281744184,1,0.978681,1,ml_only,0,,,,,,,,1,credential_based_fraud,credential_stuffing,customer one-hour velocity raises risk;IP velocity lowers risk;device one-hour velocity raises risk
txn_403063ab8ebb,0.995555679987061,1,0.995556,1,ml_only,0,,,,,,,,1,credential_based_fraud,credential_stuffing,session velocity raises risk;customer one-hour velocity raises risk;high generated risk score raises risk
txn_1bd7b63e4253,0.8423093896465231,1,0.842309,1,ml_only,0,,,,,,,,1,credential_based_fraud,credential_stuffing,customer one-hour velocity raises risk;session velocity lowers risk;IP velocity lowers risk
txn_b58c4fe33c06,0.9823439943264045,1,0.982344,1,ml_only,0,,,,,,,,1,credential_based_fraud,credential_stuffing,customer one-hour velocity raises risk;IP velocity lowers risk;device one-hour velocity raises risk
txn_c8528edc1d44,0.9903828374488415,1,0.990383,1,ml_only,0,,,,,,,,1,credential_based_fraud,credential_stuffing,session velocity raises risk;customer one-hour velocity raises risk;IP velocity lowers risk
txn_a61462449ba6,0.8805689763778849,1,0.880569,1,ml_only,0,,,,,,,,1,credential_based_fraud,credential_stuffing,customer one-hour velocity raises risk;session velocity lowers risk;IP velocity lowers risk
txn_991f1ffa478b,0.9370174265198502,1,0.937017,1,ml_only,0,,,,,,,,1,credential_based_fraud,credential_stuffing,high generated risk score raises risk;customer one-hour velocity raises risk;IP velocity lowers risk
txn_df5f39f0c0a9,0.9782510030174052,1,0.978251,1,ml_only,0,,,,,,,,1,credential_based_fraud,credential_stuffing,session velocity raises risk;IP velocity lowers risk;customer one-hour velocity raises risk
txn_aa0868618158,0.8369838604311823,1,0.836984,1,ml_only,0,,,,,,,,1,credential_based_fraud,credential_stuffing,session velocity lowers risk;IP velocity lowers risk;customer payment cadence raises risk
txn_870372591de5,0.922586018921527,1,0.922586,1,ml_only,0,,,,,,,,1,credential_based_fraud,credential_stuffing,IP velocity lowers risk;customer payment cadence raises risk;customer_historical_spend_mean lowers risk
txn_2c59ba60b6ee,0.9449295799714732,1,0.94493,1,ml_only,0,,,,,,,,1,credential_based_fraud,credential_stuffing,session velocity raises risk;IP velocity lowers risk;customer payment cadence raises risk
txn_d85fd2976a3b,0.9053229605417521,1,0.905323,1,ml_only,0,,,,,,,,1,credential_based_fraud,credential_stuffing,session velocity lowers risk;IP velocity lowers risk;customer one-hour velocity raises risk
txn_f5b46a1c9cd5,0.9113681734653583,1,0.911368,1,ml_only,0,,,,,,,,1,credential_based_fraud,credential_stuffing,IP velocity lowers risk;high generated risk score lowers risk;customer one-hour velocity raises risk
txn_dfd88f530948,0.9801966667599687,1,0.980197,1,ml_only,0,,,,,,,,1,credential_based_fraud,credential_stuffing,session velocity raises risk;IP velocity lowers risk;customer one-hour velocity raises risk
txn_792f8cbdffb2,0.6097487606199147,1,0.609749,1,ml_only,0,,,,,,,,1,credential_based_fraud,credential_stuffing,session velocity lowers risk;IP velocity lowers risk;customer one-hour velocity raises risk
txn_e7be477938ad,0.9682332499630373,1,0.968233,1,ml_only,0,,,,,,,,1,credential_based_fraud,credential_stuffing,IP velocity lowers risk;customer one-hour velocity raises risk;high generated risk score raises risk
txn_71c3493a2885,0.9790391319397446,1,0.979039,1,ml_only,0,,,,,,,,1,credential_based_fraud,credential_stuffing,session velocity raises risk;IP velocity lowers risk;customer velocity raises risk
txn_db017b15e0ec,0.9101399184208647,1,0.91014,1,ml_only,0,,,,,,,,1,credential_based_fraud,credential_stuffing,session velocity lowers risk;IP velocity lowers risk;customer velocity raises risk
txn_ffdf19e7514c,0.7694695449011065,1,0.76947,1,ml_only,0,,,,,,,,1,credential_based_fraud,credential_stuffing,high generated risk score lowers risk;IP velocity lowers risk;customer one-hour velocity raises risk
txn_29764ee5bc85,0.9754322446477941,1,0.975432,1,ml_only,0,,,,,,,,1,credential_based_fraud,credential_stuffing,session velocity raises risk;IP velocity lowers risk;customer one-hour velocity raises risk
txn_f04e963abfaa,0.946951664538614,1,0.946952,1,ml_only,0,,,,,,,,1,credential_based_fraud,credential_stuffing,high generated risk score raises risk;customer one-hour velocity raises risk;session velocity lowers risk
txn_1590adea97e2,0.9710186920547891,1,0.971019,1,ml_only,0,,,,,,,,1,credential_based_fraud,credential_stuffing,customer one-hour velocity raises risk;IP velocity lowers risk;customer velocity raises risk
txn_1cff3feca91b,0.9759249415752393,1,0.975925,1,ml_only,0,,,,,,,,1,credential_based_fraud,credential_stuffing,session velocity raises risk;customer one-hour velocity raises risk;IP velocity lowers risk
txn_b8247a695d39,0.9389331545634872,1,0.938933,1,ml_only,0,,,,,,,,1,credential_based_fraud,credential_stuffing,customer one-hour velocity raises risk;session velocity lowers risk;IP velocity lowers risk
txn_b0bf1a6d9d44,0.9789037838622708,1,0.978904,1,ml_only,0,,,,,,,,1,credential_based_fraud,credential_stuffing,customer one-hour velocity raises risk;IP velocity lowers risk;customer velocity raises risk
txn_e9ee69be0535,0.9935711953776535,1,0.993571,1,ml_only,0,,,,,,,,1,credential_based_fraud,credential_stuffing,session velocity raises risk;customer one-hour velocity raises risk;IP velocity lowers risk
txn_d139a7b309be,0.8620842804870874,1,0.862084,1,ml_only,0,,,,,,,,1,credential_based_fraud,credential_stuffing,customer one-hour velocity raises risk;session velocity lowers risk;IP velocity lowers risk
txn_6f24a2bb8744,0.9805748784908559,1,0.980575,1,ml_only,0,,,,,,,,1,credential_based_fraud,credential_stuffing,customer one-hour velocity raises risk;device one-hour velocity raises risk;IP velocity lowers risk
txn_b072706a25b5,0.9956002750288627,1,0.9956,1,ml_only,0,,,,,,,,1,credential_based_fraud,credential_stuffing,customer one-hour velocity raises risk;session velocity raises risk;device one-hour velocity raises risk
txn_c5c82df6f3d4,0.9704453801881985,1,0.970445,1,ml_only,0,,,,,,,,1,credential_based_fraud,credential_stuffing,customer one-hour velocity raises risk;device one-hour velocity raises risk;session velocity lowers risk
txn_83325407daa9,0.9521677151446373,1,0.952168,1,ml_only,0,,,,,,,,1,credential_based_fraud,credential_stuffing,customer one-hour velocity raises risk;IP velocity lowers risk;customer velocity raises risk
txn_83a05c25bdb1,0.9967264445141865,1,0.996726,1,ml_only,0,,,,,,,,1,credential_based_fraud,credential_stuffing,customer one-hour velocity raises risk;session velocity raises risk;device one-hour velocity raises risk
txn_d53396511a16,0.9834912245021861,1,0.983491,1,ml_only,0,,,,,,,,1,credential_based_fraud,credential_stuffing,customer one-hour velocity raises risk;device one-hour velocity raises risk;session velocity lowers risk
txn_2c3b84beddc1,0.9860735877003782,1,0.986074,1,ml_only,0,,,,,,,,1,credential_based_fraud,credential_stuffing,customer one-hour velocity raises risk;device one-hour velocity raises risk;IP velocity lowers risk
txn_8d76c118a678,0.9906352966524987,1,0.990635,1,ml_only,0,,,,,,,,1,credential_based_fraud,credential_stuffing,customer one-hour velocity raises risk;session velocity raises risk;high generated risk score raises risk
txn_d5eaddebc4bf,0.9685980978430485,1,0.968598,1,ml_only,0,,,,,,,,1,credential_based_fraud,credential_stuffing,customer one-hour velocity raises risk;device one-hour velocity raises risk;session velocity lowers risk
txn_2f24e4390fb3,0.9938771660432619,1,0.993877,1,ml_only,0,,,,,,,,1,credential_based_fraud,credential_stuffing,customer one-hour velocity raises risk;device one-hour velocity raises risk;customer velocity raises risk
txn_1b0bdef006d6,0.9971119031973893,1,0.997112,1,ml_only,0,,,,,,,,1,credential_based_fraud,credential_stuffing,customer one-hour velocity raises risk;session velocity raises risk;device one-hour velocity raises risk
txn_75a90f54a15b,0.932050471470516,1,0.93205,1,ml_only,0,,,,,,,,1,credential_based_fraud,credential_stuffing,customer one-hour velocity raises risk;session velocity lowers risk;customer velocity raises risk
txn_0933f27789e1,0.9883453980707431,1,0.988345,1,ml_only,0,,,,,,,,1,credential_based_fraud,credential_stuffing,customer one-hour velocity raises risk;device one-hour velocity raises risk;high generated risk score lowers risk
txn_8a1cf9981571,0.9965500659043478,1,0.99655,1,ml_only,0,,,,,,,,1,credential_based_fraud,credential_stuffing,customer one-hour velocity raises risk;session velocity raises risk;device one-hour velocity raises risk
txn_fd67075b015b,0.9885907138804855,1,0.988591,1,ml_only,0,,,,,,,,1,credential_based_fraud,credential_stuffing,customer one-hour velocity raises risk;device one-hour velocity raises risk;customer velocity raises risk
txn_7a00a24d04b1,0.9718123666728151,1,0.971812,1,ml_only,0,,,,,,,,1,credential_based_fraud,credential_stuffing,customer one-hour velocity raises risk;customer velocity raises risk;IP velocity lowers risk
txn_0dfe5cb5bc0b,0.997932857697117,1,0.997933,1,ml_only,0,,,,,,,,1,credential_based_fraud,credential_stuffing,customer one-hour velocity raises risk;session velocity raises risk;device one-hour velocity raises risk
txn_6f0c7c168069,0.9884182721524325,1,0.988418,1,ml_only,0,,,,,,,,1,credential_based_fraud,credential_stuffing,customer one-hour velocity raises risk;device one-hour velocity raises risk;customer velocity raises risk
txn_ee7aed40c133,0.9790013601702507,1,0.979001,1,ml_only,0,,,,,,,,1,credential_based_fraud,credential_stuffing,customer one-hour velocity raises risk;device one-hour velocity raises risk;high generated risk score lowers risk
txn_88d1b90e8cb2,0.9765205483780081,1,0.976521,1,ml_only,0,,,,,,,,1,credential_based_fraud,credential_stuffing,customer one-hour velocity raises risk;session velocity raises risk;customer velocity raises risk
txn_8a2ea88c9b7b,0.9834162313063475,1,0.983416,1,ml_only,0,,,,,,,,1,credential_based_fraud,credential_stuffing,customer one-hour velocity raises risk;device one-hour velocity raises risk;customer velocity raises risk
txn_65f49f9746ad,0.9925338330441033,1,0.992534,1,ml_only,0,,,,,,,,1,credential_based_fraud,credential_stuffing,customer one-hour velocity raises risk;customer velocity raises risk;high generated risk score raises risk
txn_7aaad2f7f6c4,0.9972688674638742,1,0.997269,1,ml_only,0,,,,,,,,1,credential_based_fraud,credential_stuffing,session velocity raises risk;customer one-hour velocity raises risk;high generated risk score raises risk
txn_1747d15cd6dd,0.8127908871925652,1,0.812791,1,ml_only,0,,,,,,,,1,credential_based_fraud,credential_stuffing,customer velocity raises risk;customer one-hour velocity raises risk;session velocity lowers risk
txn_f007cf4cf881,0.9810765061185811,1,0.981077,1,ml_only,0,,,,,,,,1,credential_based_fraud,credential_stuffing,customer velocity raises risk;customer one-hour velocity raises risk;IP velocity lowers risk
txn_0182a3ffbeaa,0.9834553451582583,1,0.983455,1,ml_only,0,,,,,,,,1,credential_based_fraud,credential_stuffing,session velocity raises risk;customer velocity raises risk;customer one-hour velocity raises risk
txn_3257acca0909,0.8935512797477052,1,0.893551,1,ml_only,0,,,,,,,,1,credential_based_fraud,credential_stuffing,customer one-hour velocity raises risk;customer velocity raises risk;session velocity lowers risk
txn_7df0932a614e,0.923384203491358,1,0.923384,1,ml_only,0,,,,,,,,1,credential_based_fraud,credential_stuffing,customer velocity raises risk;IP velocity lowers risk;customer one-hour velocity raises risk
txn_89c43ec36825,0.9846787062804013,1,0.984679,1,ml_only,0,,,,,,,,1,credential_based_fraud,credential_stuffing,session velocity raises risk;customer velocity raises risk;IP velocity lowers risk
txn_c875acdaab67,0.9467313241763617,1,0.946731,1,ml_only,0,,,,,,,,1,credential_based_fraud,credential_stuffing,customer velocity raises risk;session velocity lowers risk;IP velocity lowers risk
txn_0bcb3df8793f,0.9734954745919202,1,0.973495,1,ml_only,0,,,,,,,,1,credential_based_fraud,credential_stuffing,customer velocity raises risk;IP velocity lowers risk;device reuse pattern raises risk
txn_8ee927b60df2,0.9388323586069561,1,0.938832,1,ml_only,0,,,,,,,,1,credential_based_fraud,credential_stuffing,session velocity raises risk;customer velocity raises risk;IP velocity lowers risk
txn_f4d9d8afa5b9,0.9435438586017344,1,0.943544,1,ml_only,0,,,,,,,,1,credential_based_fraud,credential_stuffing,customer velocity raises risk;customer one-hour velocity raises risk;session velocity lowers risk
txn_ca4432a5774a,0.9780072311544327,1,0.978007,1,ml_only,0,,,,,,,,1,credential_based_fraud,credential_stuffing,customer velocity raises risk;customer one-hour velocity raises risk;device reuse pattern raises risk
txn_3a7b12004ca0,0.9849681130179516,1,0.984968,1,ml_only,0,,,,,,,,1,credential_based_fraud,credential_stuffing,session velocity raises risk;customer velocity raises risk;customer one-hour velocity raises risk
txn_db8e7a44da94,0.8374453550317742,1,0.837445,1,ml_only,0,,,,,,,,1,credential_based_fraud,credential_stuffing,customer velocity raises risk;customer one-hour velocity raises risk;session velocity lowers risk
txn_c01f0bd13bee,0.9652365736810993,1,0.965237,1,ml_only,0,,,,,,,,1,credential_based_fraud,credential_stuffing,customer velocity raises risk;customer one-hour velocity raises risk;high generated risk score lowers risk
txn_2ce435fb2961,0.9971765980543678,1,0.997177,1,ml_only,0,,,,,,,,1,credential_based_fraud,credential_stuffing,session velocity raises risk;high generated risk score raises risk;customer velocity raises risk
txn_059c20f0a6bd,0.951914859519243,1,0.951915,1,ml_only,0,,,,,,,,1,credential_based_fraud,credential_stuffing,customer velocity raises risk;customer one-hour velocity raises risk;device reuse pattern raises risk
txn_97af7f3d03ef,0.9560329143211729,1,0.956033,1,ml_only,0,,,,,,,,1,credential_based_fraud,credential_stuffing,customer one-hour velocity raises risk;customer velocity raises risk;IP velocity lowers risk
txn_826c76cf4949,0.9940206586739914,1,0.994021,1,ml_only,0,,,,,,,,1,credential_based_fraud,credential_stuffing,session velocity raises risk;customer one-hour velocity raises risk;customer velocity raises risk
txn_acab993307fe,0.9592520814987268,1,0.959252,1,ml_only,0,,,,,,,,1,credential_based_fraud,credential_stuffing,customer one-hour velocity raises risk;customer velocity raises risk;device reuse pattern raises risk
txn_d02eeaef32df,0.9870804777168375,1,0.98708,1,ml_only,0,,,,,,,,1,credential_based_fraud,credential_stuffing,customer one-hour velocity raises risk;customer velocity raises risk;device reuse pattern raises risk
txn_671939d893f5,0.9814539272944988,1,0.981454,1,ml_only,0,,,,,,,,1,credential_based_fraud,credential_stuffing,session velocity raises risk;customer one-hour velocity raises risk;customer velocity raises risk
txn_3e8f86761f9b,0.9736853410648278,1,0.973685,1,ml_only,0,,,,,,,,1,credential_based_fraud,credential_stuffing,customer one-hour velocity raises risk;customer velocity raises risk;device reuse pattern raises risk
txn_e4ba383125c5,0.9886049978582514,1,0.988605,1,ml_only,0,,,,,,,,1,credential_based_fraud,credential_stuffing,customer one-hour velocity raises risk;customer velocity raises risk;device reuse pattern raises risk
txn_aa1f73bd1246,0.9952857273163097,1,0.995286,1,ml_only,0,,,,,,,,1,credential_based_fraud,credential_stuffing,session velocity raises risk;customer one-hour velocity raises risk;customer velocity raises risk
txn_942fca09b112,0.8728793793614689,1,0.872879,1,ml_only,0,,,,,,,,1,credential_based_fraud,credential_stuffing,customer one-hour velocity raises risk;customer velocity raises risk;session velocity lowers risk
txn_3d7fa2def0c1,0.98112962644044,1,0.98113,1,ml_only,0,,,,,,,,1,credential_based_fraud,credential_stuffing,customer one-hour velocity raises risk;customer velocity raises risk;device reuse pattern raises risk
txn_d4de0b713a76,0.9964684530928462,1,0.996468,1,ml_only,0,,,,,,,,1,credential_based_fraud,credential_stuffing,session velocity raises risk;customer one-hour velocity raises risk;customer velocity raises risk
txn_3c177e28a5e1,0.9832506756724414,1,0.983251,1,ml_only,0,,,,,,,,1,credential_based_fraud,credential_stuffing,customer one-hour velocity raises risk;customer velocity raises risk;device reuse pattern raises risk
txn_2f1896d6ece7,0.9676577061540741,1,0.967658,1,ml_only,0,,,,,,,,1,credential_based_fraud,credential_stuffing,customer one-hour velocity raises risk;customer velocity raises risk;IP velocity lowers risk
txn_b9c2c179a1fe,0.9982065491980465,1,0.998207,1,ml_only,0,,,,,,,,1,credential_based_fraud,credential_stuffing,customer one-hour velocity raises risk;session velocity raises risk;customer velocity raises risk
txn_b11b39ec72d3,0.9776215214785037,1,0.977622,1,ml_only,0,,,,,,,,1,credential_based_fraud,credential_stuffing,customer one-hour velocity raises risk;customer velocity raises risk;device reuse pattern raises risk
txn_88a4867c7a08,0.9837167694048795,1,0.983717,1,ml_only,0,,,,,,,,1,credential_based_fraud,credential_stuffing,customer one-hour velocity raises risk;customer velocity raises risk;device reuse pattern raises risk
txn_478b99cea243,0.9815688210104151,1,0.981569,1,ml_only,0,,,,,,,,1,credential_based_fraud,credential_stuffing,session velocity raises risk;customer one-hour velocity raises risk;customer velocity raises risk
txn_6d5b0c09495d,0.9606803305012406,1,0.96068,1,ml_only,0,,,,,,,,1,credential_based_fraud,credential_stuffing,customer velocity raises risk;customer one-hour velocity raises risk;device reuse pattern raises risk
txn_bdb5684eeeb3,0.9575597303667054,1,0.95756,1,ml_only,0,,,,,,,,1,credential_based_fraud,credential_stuffing,customer velocity raises risk;device reuse pattern raises risk;high generated risk score lowers risk
txn_83e31bd9c51b,0.9909351389861784,1,0.990935,1,ml_only,0,,,,,,,,1,credential_based_fraud,credential_stuffing,session velocity raises risk;customer velocity raises risk;device reuse pattern raises risk
txn_69de61ea0132,0.8676655238303673,1,0.867666,1,ml_only,0,,,,,,,,1,credential_based_fraud,credential_stuffing,customer velocity raises risk;session velocity lowers risk;merchant velocity raises risk
txn_9d0d53516011,0.9813641534345213,1,0.981364,1,ml_only,0,,,,,,,,1,credential_based_fraud,credential_stuffing,customer velocity raises risk;device reuse pattern raises risk;merchant velocity raises risk
txn_eed924c36158,0.9868031517918867,1,0.986803,1,ml_only,0,,,,,,,,1,credential_based_fraud,credential_stuffing,session velocity raises risk;customer velocity raises risk;device reuse pattern raises risk
txn_544bc68c82ca,0.8875674148431549,1,0.887567,1,ml_only,0,,,,,,,,1,credential_based_fraud,credential_stuffing,customer velocity raises risk;device reuse pattern raises risk;high generated risk score lowers risk
txn_fbc0509561cf,0.8968344264076129,1,0.896834,1,ml_only,0,,,,,,,,1,credential_based_fraud,credential_stuffing,customer velocity raises risk;merchant velocity raises risk;IP velocity lowers risk
txn_b2b33351d0dc,0.9944236494009354,1,0.994424,1,ml_only,0,,,,,,,,1,credential_based_fraud,credential_stuffing,session velocity raises risk;customer velocity raises risk;device reuse pattern raises risk
txn_3de59d0ab38f,0.9816663494639716,1,0.981666,1,ml_only,0,,,,,,,,1,credential_based_fraud,credential_stuffing,customer velocity raises risk;high generated risk score raises risk;device reuse pattern raises risk
txn_1eb599057c25,0.9903661688441993,1,0.990366,1,ml_only,0,,,,,,,,1,credential_based_fraud,credential_stuffing,customer velocity raises risk;device reuse pattern raises risk;high generated risk score raises risk
txn_4714f5025e6a,0.9832075622935849,1,0.983208,1,ml_only,0,,,,,,,,1,credential_based_fraud,credential_stuffing,session velocity raises risk;customer velocity raises risk;merchant velocity raises risk
txn_7726370b0827,0.9689757040611854,1,0.968976,1,ml_only,0,,,,,,,,1,credential_based_fraud,credential_stuffing,customer velocity raises risk;device reuse pattern raises risk;merchant velocity raises risk
txn_5ee1b5b69ee7,0.9797040140733673,1,0.979704,1,ml_only,0,,,,,,,,1,credential_based_fraud,credential_stuffing,customer velocity raises risk;device reuse pattern raises risk;merchant velocity raises risk
txn_82d90057f83e,0.9967360771139425,1,0.996736,1,ml_only,0,,,,,,,,1,credential_based_fraud,credential_stuffing,session velocity raises risk;customer velocity raises risk;device reuse pattern raises risk
txn_6cdc22f2f8f6,0.96232076302442,1,0.962321,1,ml_only,0,,,,,,,,1,credential_based_fraud,credential_stuffing,high generated risk score raises risk;customer velocity raises risk;merchant velocity raises risk
txn_382d15c04bf3,0.9897168590104878,1,0.989717,1,ml_only,0,,,,,,,,1,credential_based_fraud,credential_stuffing,customer velocity raises risk;device reuse pattern raises risk;merchant velocity raises risk
txn_61e58bf3f786,0.9947168330347269,1,0.994717,1,ml_only,0,,,,,,,,1,credential_based_fraud,credential_stuffing,session velocity raises risk;customer velocity raises risk;device reuse pattern raises risk
txn_2df70e76773c,0.9821469654018133,1,0.982147,1,ml_only,0,,,,,,,,1,credential_based_fraud,credential_stuffing,customer velocity raises risk;device reuse pattern raises risk;merchant velocity raises risk
txn_54546561c05b,0.9606540151811963,1,0.960654,1,ml_only,0,,,,,,,,1,credential_based_fraud,credential_stuffing,customer velocity raises risk;merchant velocity raises risk;customer one-hour velocity raises risk
txn_63cabec53370,0.9950404177966208,1,0.99504,1,ml_only,0,,,,,,,,1,credential_based_fraud,credential_stuffing,session velocity raises risk;customer velocity raises risk;device reuse pattern raises risk
txn_edb552a595f3,0.9486757406101877,1,0.948676,1,ml_only,0,,,,,,,,1,credential_based_fraud,credential_stuffing,customer velocity raises risk;device reuse pattern raises risk;customer one-hour velocity raises risk
txn_8f108532b3a3,0.995258786239159,1,0.995259,1,ml_only,0,,,,,,,,1,credential_based_fraud,credential_stuffing,customer velocity raises risk;customer one-hour velocity raises risk;device reuse pattern raises risk
txn_fcf530e4379a,0.9682848651640663,1,0.968285,1,ml_only,0,,,,,,,,1,credential_based_fraud,credential_stuffing,session velocity raises risk;customer velocity raises risk;customer one-hour velocity raises risk
txn_6c3719e20e34,0.9278001746621828,1,0.9278,1,ml_only,0,,,,,,,,1,credential_based_fraud,credential_stuffing,customer velocity raises risk;device reuse pattern raises risk;merchant velocity raises risk
txn_e108ce8e8a27,0.9844727574784288,1,0.984473,1,ml_only,0,,,,,,,,1,credential_based_fraud,credential_stuffing,customer velocity raises risk;device reuse pattern raises risk;merchant velocity raises risk
txn_d73547122b54,0.9920550218958584,1,0.992055,1,ml_only,0,,,,,,,,1,credential_based_fraud,credential_stuffing,session velocity raises risk;customer velocity raises risk;device reuse pattern raises risk
txn_efd86c8ad9db,0.8755623907012164,1,0.875562,1,ml_only,0,,,,,,,,1,credential_based_fraud,credential_stuffing,customer velocity raises risk;merchant velocity raises risk;customer one-hour velocity raises risk
txn_742eeb5abc2e,0.9879455673275869,1,0.987946,1,ml_only,0,,,,,,,,1,credential_based_fraud,credential_stuffing,customer velocity raises risk;device reuse pattern raises risk;merchant velocity raises risk
txn_81fe5cfa2c75,0.9937399173751484,1,0.99374,1,ml_only,0,,,,,,,,1,credential_based_fraud,credential_stuffing,session velocity raises risk;customer velocity raises risk;device reuse pattern raises risk
txn_95fe1e5512ab,0.9394562412547544,1,0.939456,1,ml_only,0,,,,,,,,1,credential_based_fraud,credential_stuffing,customer velocity raises risk;device reuse pattern raises risk;merchant velocity raises risk
txn_ead90170d8ac,0.957267471553653,1,0.957267,1,ml_only,0,,,,,,,,1,credential_based_fraud,credential_stuffing,customer velocity raises risk;customer one-hour velocity raises risk;merchant velocity raises risk
txn_0bc3af4b7971,0.9921718250924991,1,0.992172,1,ml_only,0,,,,,,,,1,credential_based_fraud,credential_stuffing,session velocity raises risk;customer velocity raises risk;device reuse pattern raises risk
txn_2a2570a52ec5,0.9855859888226942,1,0.985586,1,ml_only,0,,,,,,,,1,credential_based_fraud,credential_stuffing,customer velocity raises risk;customer one-hour velocity raises risk;device reuse pattern raises risk
txn_201fe6d211e1,0.9819699157635009,1,0.98197,1,ml_only,0,,,,,,,,1,credential_based_fraud,credential_stuffing,customer velocity raises risk;device reuse pattern raises risk;merchant velocity raises risk
txn_fb5726780e42,0.9446460510761596,1,0.944646,1,ml_only,0,,,,,,,,1,credential_based_fraud,credential_stuffing,session velocity raises risk;customer velocity raises risk;merchant velocity raises risk
txn_82024bd2bb27,0.946377625163138,1,0.946378,1,ml_only,0,,,,,,,,1,credential_based_fraud,credential_stuffing,customer velocity raises risk;device reuse pattern raises risk;merchant velocity raises risk
txn_3e389f2f30f0,0.976433540164242,1,0.976434,1,ml_only,0,,,,,,,,1,credential_based_fraud,credential_stuffing,customer velocity raises risk;device reuse pattern raises risk;merchant velocity raises risk
txn_f12a5daacf03,0.9973181551246222,1,0.997318,1,ml_only,0,,,,,,,,1,credential_based_fraud,credential_stuffing,session velocity raises risk;customer velocity raises risk;device reuse pattern raises risk
txn_e828e5fe0cf9,0.8070885159453232,1,0.807089,1,ml_only,0,,,,,,,,1,credential_based_fraud,credential_stuffing,customer velocity raises risk;merchant velocity raises risk;session velocity lowers risk
txn_9293971907a0,0.985065301403057,1,0.985065,1,ml_only,0,,,,,,,,1,credential_based_fraud,credential_stuffing,customer velocity raises risk;device reuse pattern raises risk;merchant velocity raises risk
txn_96cb43e18f09,0.9937572177701087,1,0.993757,1,ml_only,0,,,,,,,,1,credential_based_fraud,credential_stuffing,session velocity raises risk;customer velocity raises risk;device reuse pattern raises risk
txn_2d051ae112ab,0.9567219485003635,1,0.956722,1,ml_only,0,,,,,,,,1,credential_based_fraud,credential_stuffing,customer velocity raises risk;device reuse pattern raises risk;merchant velocity raises risk
txn_97176957a2f5,0.972806715075406,1,0.972807,1,ml_only,0,,,,,,,,1,credential_based_fraud,credential_stuffing,customer velocity raises risk;high generated risk score raises risk;merchant velocity raises risk
txn_c9c09404560f,0.9911738461863799,1,0.991174,1,ml_only,0,,,,,,,,1,credential_based_fraud,credential_stuffing,session velocity raises risk;customer velocity raises risk;device reuse pattern raises risk
txn_37ec139fbfe3,0.9743984811404193,1,0.974398,1,ml_only,0,,,,,,,,1,credential_based_fraud,credential_stuffing,customer velocity raises risk;device reuse pattern raises risk;merchant velocity raises risk
txn_cd0e8f179b03,0.9883208345295954,1,0.988321,1,ml_only,0,,,,,,,,1,credential_based_fraud,credential_stuffing,customer velocity raises risk;device reuse pattern raises risk;merchant velocity raises risk
txn_f654424c35b6,0.979742351319261,1,0.979742,1,ml_only,0,,,,,,,,1,credential_based_fraud,credential_stuffing,session velocity raises risk;customer velocity raises risk;merchant velocity raises risk
txn_dcd9f3660ca0,0.9695546130148056,1,0.969555,1,ml_only,0,,,,,,,,1,credential_based_fraud,credential_stuffing,customer velocity raises risk;device reuse pattern raises risk;merchant velocity raises risk
txn_f27fc01c562d,0.9942505027245924,1,0.994251,1,ml_only,0,,,,,,,,1,credential_based_fraud,credential_stuffing,customer velocity raises risk;device reuse pattern raises risk;merchant velocity raises risk
txn_3aa808127c2c,0.9914453588522738,1,0.991445,1,ml_only,0,,,,,,,,1,credential_based_fraud,credential_stuffing,session velocity raises risk;customer velocity raises risk;device reuse pattern raises risk
txn_163d168b0add,0.848472635949145,1,0.848473,1,ml_only,0,,,,,,,,1,credential_based_fraud,credential_stuffing,customer velocity raises risk;customer one-hour velocity raises risk;merchant velocity raises risk
txn_e1ab048e52bd,0.9946521100597459,1,0.994652,1,ml_only,0,,,,,,,,1,credential_based_fraud,credential_stuffing,customer velocity raises risk;device reuse pattern raises risk;customer one-hour velocity raises risk
txn_d05499ddb8ce,0.9963869931997424,1,0.996387,1,ml_only,0,,,,,,,,1,credential_based_fraud,credential_stuffing,customer velocity raises risk;session velocity raises risk;customer one-hour velocity raises risk
txn_e038c9e4b545,0.9796633545380514,1,0.979663,1,ml_only,0,,,,,,,,1,credential_based_fraud,credential_stuffing,customer velocity raises risk;device reuse pattern raises risk;customer one-hour velocity raises risk
txn_08bbb4ca3b5b,0.9766785013909737,1,0.976679,1,ml_only,0,,,,,,,,1,credential_based_fraud,credential_stuffing,customer velocity raises risk;customer one-hour velocity raises risk;merchant velocity raises risk
txn_d6c34318d123,0.9957030140882415,1,0.995703,1,ml_only,0,,,,,,,,1,credential_based_fraud,credential_stuffing,customer velocity raises risk;session velocity raises risk;customer one-hour velocity raises risk
txn_3f1047e91dd6,0.9845958965787388,1,0.984596,1,ml_only,0,,,,,,,,1,credential_based_fraud,credential_stuffing,customer velocity raises risk;customer one-hour velocity raises risk;device reuse pattern raises risk
txn_04fc77f239e8,0.996617317749513,1,0.996617,1,ml_only,0,,,,,,,,1,credential_based_fraud,credential_stuffing,customer velocity raises risk;customer one-hour velocity raises risk;device reuse pattern raises risk
txn_82c12b90319e,0.9886834446182897,1,0.988683,1,ml_only,0,,,,,,,,1,credential_based_fraud,credential_stuffing,customer velocity raises risk;session velocity raises risk;customer one-hour velocity raises risk
txn_f5ab04961965,0.9890544483392836,1,0.989054,1,ml_only,0,,,,,,,,1,credential_based_fraud,credential_stuffing,customer velocity raises risk;customer one-hour velocity raises risk;device reuse pattern raises risk
txn_d8c42e3dd9b5,0.9971314919736567,1,0.997131,1,ml_only,0,,,,,,,,1,credential_based_fraud,credential_stuffing,customer velocity raises risk;customer one-hour velocity raises risk;device reuse pattern raises risk
txn_bdd7cc331d45,0.9981081335798174,1,0.998108,1,ml_only,0,,,,,,,,1,credential_based_fraud,credential_stuffing,customer velocity raises risk;session velocity raises risk;customer one-hour velocity raises risk
txn_d4b5ea49f836,0.9520566386160486,1,0.952057,1,ml_only,0,,,,,,,,1,credential_based_fraud,credential_stuffing,customer velocity raises risk;customer one-hour velocity raises risk;merchant velocity raises risk
txn_9a4a84c610c2,0.9981453372629271,1,0.998145,1,ml_only,0,,,,,,,,1,credential_based_fraud,credential_stuffing,customer one-hour velocity raises risk;customer velocity raises risk;device reuse pattern raises risk
txn_bda82dcb63db,0.999484897097861,1,0.999485,1,ml_only,0,,,,,,,,1,credential_based_fraud,credential_stuffing,customer one-hour velocity raises risk;customer velocity raises risk;session velocity raises risk
txn_73bf10d5d3f3,0.9963233509176754,1,0.996323,1,ml_only,0,,,,,,,,1,credential_based_fraud,credential_stuffing,customer velocity raises risk;customer one-hour velocity raises risk;device reuse pattern raises risk
txn_5445533e0ce7,0.9868005138817715,1,0.986801,1,ml_only,0,,,,,,,,1,credential_based_fraud,credential_stuffing,customer velocity raises risk;customer one-hour velocity raises risk;merchant velocity raises risk
txn_1fe27d568ddd,0.9993752097207717,1,0.999375,1,ml_only,0,,,,,,,,1,credential_based_fraud,credential_stuffing,customer velocity raises risk;customer one-hour velocity raises risk;session velocity raises risk
txn_a6da798d0736,0.9977726738261885,1,0.997773,1,ml_only,0,,,,,,,,1,credential_based_fraud,credential_stuffing,customer velocity raises risk;customer one-hour velocity raises risk;IP velocity raises risk
txn_9a3309f41f6c,0.9991161055743005,1,0.999116,1,ml_only,0,,,,,,,,1,credential_based_fraud,credential_stuffing,customer velocity raises risk;IP velocity raises risk;customer one-hour velocity raises risk
txn_d36ff1047c55,0.997400650207186,1,0.997401,1,ml_only,0,,,,,,,,1,credential_based_fraud,credential_stuffing,IP velocity raises risk;customer velocity raises risk;session velocity raises risk
txn_c3d7982e4312,0.9971649800348711,1,0.997165,1,ml_only,0,,,,,,,,1,credential_based_fraud,credential_stuffing,IP velocity raises risk;customer velocity raises risk;customer one-hour velocity raises risk
txn_6e2b2fc90607,0.9987160778695714,1,0.998716,1,ml_only,0,,,,,,,,1,credential_based_fraud,credential_stuffing,IP velocity raises risk;customer velocity raises risk;device reuse pattern raises risk
txn_fbc94c88f8a4,0.9996060232335989,1,0.999606,1,ml_only,0,,,,,,,,1,credential_based_fraud,credential_stuffing,IP velocity raises risk;customer velocity raises risk;session velocity raises risk
txn_3fbeed4cd2ec,0.9921907816879714,1,0.992191,1,ml_only,0,,,,,,,,1,credential_based_fraud,credential_stuffing,IP velocity raises risk;customer velocity raises risk;merchant velocity raises risk
txn_61deb7838554,0.9996197802802509,1,0.99962,1,ml_only,0,,,,,,,,1,credential_based_fraud,credential_stuffing,IP velocity raises risk;customer velocity raises risk;device reuse pattern raises risk
txn_241a2d195343,0.9998455548711032,1,0.999846,1,ml_only,0,,,,,,,,1,credential_based_fraud,credential_stuffing,IP velocity raises risk;customer velocity raises risk;session velocity raises risk
txn_6686cff5c996,0.997791561631107,1,0.997792,1,ml_only,0,,,,,,,,1,credential_based_fraud,credential_stuffing,IP velocity raises risk;customer velocity raises risk;device reuse pattern raises risk
txn_3751900cd4a7,0.9981810784919176,1,0.998181,1,ml_only,0,,,,,,,,1,credential_based_fraud,credential_stuffing,IP velocity raises risk;customer velocity raises risk;merchant velocity raises risk
txn_b8ad1fcf3272,0.9998747413608282,1,0.999875,1,ml_only,0,,,,,,,,1,credential_based_fraud,credential_stuffing,IP velocity raises risk;customer velocity raises risk;session velocity raises risk
txn_223f88250b67,0.9973438391441922,1,0.997344,1,ml_only,0,,,,,,,,1,credential_based_fraud,credential_stuffing,IP velocity raises risk;customer velocity raises risk;device reuse pattern raises risk
txn_bd9bd3d03282,0.9992156342117656,1,0.999216,1,ml_only,0,,,,,,,,1,credential_based_fraud,credential_stuffing,IP velocity raises risk;customer velocity raises risk;device reuse pattern raises risk
txn_7ec8247d9e58,0.9987654304769695,1,0.998765,1,ml_only,0,,,,,,,,1,credential_based_fraud,credential_stuffing,IP velocity raises risk;customer velocity raises risk;session velocity raises risk
txn_55e67ed02766,0.9982465349425981,1,0.998247,1,ml_only,0,,,,,,,,1,credential_based_fraud,credential_stuffing,IP velocity raises risk;customer velocity raises risk;device reuse pattern raises risk
txn_bafd08ce3cd0,0.9993504496736785,1,0.99935,1,ml_only,0,,,,,,,,1,credential_based_fraud,credential_stuffing,IP velocity raises risk;customer velocity raises risk;device reuse pattern raises risk
txn_7228e148f6c6,0.9999107039626844,1,0.999911,1,ml_only,0,,,,,,,,1,credential_based_fraud,credential_stuffing,IP velocity raises risk;customer velocity raises risk;session velocity raises risk
txn_f6f7621feab3,0.9887132460402596,1,0.988713,1,ml_only,0,,,,,,,,1,credential_based_fraud,credential_stuffing,customer velocity raises risk;IP velocity raises risk;merchant velocity raises risk
txn_c0d825f3fff1,0.9994235742004903,1,0.999424,1,ml_only,0,,,,,,,,1,credential_based_fraud,credential_stuffing,customer velocity raises risk;IP velocity raises risk;device reuse pattern raises risk
txn_035012d94083,0.9990976125198706,1,0.999098,1,ml_only,0,,,,,,,,1,credential_based_fraud,credential_stuffing,customer velocity raises risk;session velocity raises risk;device reuse pattern raises risk
txn_722a08fa81f9,0.9974994722103839,1,0.997499,1,ml_only,0,,,,,,,,1,credential_based_fraud,credential_stuffing,customer velocity raises risk;device reuse pattern raises risk;merchant velocity raises risk
txn_65378559b9b9,0.9776442139851794,1,0.977644,1,ml_only,0,,,,,,,,1,credential_based_fraud,credential_stuffing,customer velocity raises risk;merchant velocity raises risk;customer one-hour velocity raises risk
txn_fef041f4c835,0.9985937282431929,1,0.998594,1,ml_only,0,,,,,,,,1,credential_based_fraud,credential_stuffing,customer velocity raises risk;session velocity raises risk;device reuse pattern raises risk
txn_142c055b3619,0.99794699637307,1,0.997947,1,ml_only,0,,,,,,,,1,credential_based_fraud,credential_stuffing,customer velocity raises risk;device reuse pattern raises risk;high generated risk score raises risk
txn_92f4b621f11b,0.995653314823165,1,0.995653,1,ml_only,0,,,,,,,,1,credential_based_fraud,credential_stuffing,customer velocity raises risk;device reuse pattern raises risk;merchant velocity raises risk
txn_174dd485995a,0.9952023645087409,1,0.995202,1,ml_only,0,,,,,,,,1,credential_based_fraud,credential_stuffing,customer velocity raises risk;session velocity raises risk;merchant velocity raises risk
txn_c1e4a91a8e95,0.9914180570361493,1,0.991418,1,ml_only,0,,,,,,,,1,credential_based_fraud,credential_stuffing,customer velocity raises risk;device reuse pattern raises risk;merchant velocity raises risk
txn_688b360c6459,0.9952592886387591,1,0.995259,1,ml_only,0,,,,,,,,1,credential_based_fraud,credential_stuffing,customer velocity raises risk;device reuse pattern raises risk;merchant velocity raises risk
txn_6aa740b9fee3,0.996495403552068,1,0.996495,1,ml_only,0,,,,,,,,1,credential_based_fraud,credential_stuffing,customer velocity raises risk;session velocity raises risk;device reuse pattern raises risk
txn_2c0e23a5e23c,0.9673002689079448,1,0.9673,1,ml_only,0,,,,,,,,1,credential_based_fraud,credential_stuffing,customer velocity raises risk;merchant velocity raises risk;customer one-hour velocity raises risk
txn_ffadfb0d6ebb,0.9975271472694256,1,0.997527,1,ml_only,0,,,,,,,,1,credential_based_fraud,credential_stuffing,customer velocity raises risk;device reuse pattern raises risk;merchant velocity raises risk
txn_cc4a38202fb8,0.9988701957300142,1,0.99887,1,ml_only,0,,,,,,,,1,credential_based_fraud,credential_stuffing,customer velocity raises risk;session velocity raises risk;device reuse pattern raises risk
txn_5d23da109ca1,0.9945989159192886,1,0.994599,1,ml_only,0,,,,,,,,1,credential_based_fraud,credential_stuffing,customer velocity raises risk;device reuse pattern raises risk;customer one-hour velocity raises risk
txn_f0cc0d16ba40,0.984034200959267,1,0.984034,1,ml_only,0,,,,,,,,1,credential_based_fraud,credential_stuffing,customer velocity raises risk;customer one-hour velocity raises risk;merchant velocity raises risk
txn_7623968f83df,0.9996076171901322,1,0.999608,1,ml_only,0,,,,,,,,1,credential_based_fraud,credential_stuffing,customer velocity raises risk;customer one-hour velocity raises risk;session velocity raises risk
txn_a288cf15e7a6,0.07599367727132815,0,0.075994,0,ml_only,0,,,,,,,,1,identity_onboarding_fraud,fraudulent_merchant_onboarding,customer payment cadence lowers risk;session velocity lowers risk;customer one-hour velocity lowers risk
txn_c1a3f9a5710a,0.6718946987964606,1,0.671895,1,ml_only,0,,,,,,,,1,identity_onboarding_fraud,fraudulent_merchant_onboarding,customer one-hour velocity lowers risk;customer account age lowers risk;rail_code raises risk
txn_395fd488b0e9,0.8776255570036897,1,0.877626,1,ml_only,0,,,,,,,,1,identity_onboarding_fraud,fraudulent_merchant_onboarding,session velocity raises risk;high generated risk score raises risk;customer one-hour velocity lowers risk
txn_7a35af99433f,0.6616548075833368,1,0.661655,1,ml_only,0,,,,,,,,1,identity_onboarding_fraud,fraudulent_merchant_onboarding,high generated risk score raises risk;session velocity lowers risk;customer account age lowers risk
txn_d0862d520620,0.7449721325954474,1,0.744972,1,ml_only,0,,,,,,,,1,identity_onboarding_fraud,fraudulent_merchant_onboarding,IP velocity raises risk;customer account age lowers risk;customer payment cadence raises risk
txn_26fe0cee99de,0.9162936995216322,1,0.916294,1,ml_only,0,,,,,,,,1,identity_onboarding_fraud,fraudulent_merchant_onboarding,session velocity raises risk;IP velocity raises risk;customer one-hour velocity lowers risk
txn_8f39657626d9,0.5807549713062584,1,0.580755,1,ml_only,0,,,,,,,,1,identity_onboarding_fraud,fraudulent_merchant_onboarding,IP velocity raises risk;session velocity lowers risk;customer one-hour velocity lowers risk
txn_8759a8962a53,0.9006247219535914,1,0.900625,1,ml_only,0,,,,,,,,1,identity_onboarding_fraud,fraudulent_merchant_onboarding,IP velocity raises risk;customer account age lowers risk;customer payment cadence raises risk
txn_51b4e5e91e01,0.9101818137148631,1,0.910182,1,ml_only,0,,,,,,,,1,identity_onboarding_fraud,fraudulent_merchant_onboarding,IP velocity raises risk;session velocity raises risk;customer one-hour velocity lowers risk
txn_1cbc99bf100b,0.7656003470499755,1,0.7656,1,ml_only,0,,,,,,,,1,identity_onboarding_fraud,fraudulent_merchant_onboarding,IP velocity raises risk;high generated risk score raises risk;session velocity lowers risk
txn_69848ce33505,0.9108828075341355,1,0.910883,1,ml_only,0,,,,,,,,1,identity_onboarding_fraud,fraudulent_merchant_onboarding,IP velocity raises risk;high generated risk score raises risk;customer account age lowers risk
txn_fd203771e1e6,0.9544930991125214,1,0.954493,1,ml_only,0,,,,,,,,1,identity_onboarding_fraud,fraudulent_merchant_onboarding,IP velocity raises risk;session velocity raises risk;high generated risk score raises risk
txn_a607c13a70c5,0.935568879905369,1,0.935569,1,ml_only,0,,,,,,,,1,identity_onboarding_fraud,fraudulent_merchant_onboarding,IP velocity raises risk;high generated risk score raises risk;session velocity lowers risk
txn_a0e234fc9753,0.9344507835178145,1,0.934451,1,ml_only,0,,,,,,,,1,identity_onboarding_fraud,fraudulent_merchant_onboarding,IP velocity raises risk;high generated risk score raises risk;customer one-hour velocity lowers risk
txn_feaa9839dc05,0.9881159270210468,1,0.988116,1,ml_only,0,,,,,,,,1,identity_onboarding_fraud,fraudulent_merchant_onboarding,IP velocity raises risk;session velocity raises risk;customer account age lowers risk
txn_05ee99b50649,0.9514748079888763,1,0.951475,1,ml_only,0,,,,,,,,1,identity_onboarding_fraud,fraudulent_merchant_onboarding,IP velocity raises risk;session velocity lowers risk;customer account age lowers risk
txn_04d66c1cdcfe,0.9728030159528289,1,0.972803,1,ml_only,0,,,,,,,,1,identity_onboarding_fraud,fraudulent_merchant_onboarding,IP velocity raises risk;high generated risk score raises risk;customer one-hour velocity lowers risk
txn_7a8974c158eb,0.98329774228373,1,0.983298,1,ml_only,0,,,,,,,,1,identity_onboarding_fraud,fraudulent_merchant_onboarding,IP velocity raises risk;session velocity raises risk;customer account age lowers risk
txn_6f5d12f37d47,0.9320985377662833,1,0.932099,1,ml_only,0,,,,,,,,1,identity_onboarding_fraud,fraudulent_merchant_onboarding,IP velocity raises risk;session velocity lowers risk;customer account age lowers risk
txn_84ff9adab917,0.9883844381527105,1,0.988384,1,ml_only,0,,,,,,,,1,identity_onboarding_fraud,fraudulent_merchant_onboarding,IP velocity raises risk;customer account age lowers risk;customer payment cadence raises risk
txn_953cc2b80535,0.9940733502711332,1,0.994073,1,ml_only,0,,,,,,,,1,identity_onboarding_fraud,fraudulent_merchant_onboarding,IP velocity raises risk;session velocity raises risk;customer account age lowers risk
txn_d561abdde340,0.9298111374227496,1,0.929811,1,ml_only,0,,,,,,,,1,identity_onboarding_fraud,fraudulent_merchant_onboarding,IP velocity raises risk;session velocity lowers risk;customer account age lowers risk
txn_f1d88708aada,0.9186745891673334,1,0.918675,1,ml_only,0,,,,,,,,1,identity_onboarding_fraud,fraudulent_merchant_onboarding,IP velocity raises risk;customer one-hour velocity lowers risk;customer account age lowers risk
txn_203352540478,0.9857792321385552,1,0.985779,1,ml_only,0,,,,,,,,1,identity_onboarding_fraud,fraudulent_merchant_onboarding,IP velocity raises risk;session velocity raises risk;high generated risk score raises risk
txn_c6f78d585311,0.8015287028701336,1,0.801529,1,ml_only,0,,,,,,,,1,identity_onboarding_fraud,fraudulent_merchant_onboarding,IP velocity raises risk;session velocity lowers risk;customer one-hour velocity lowers risk
txn_df9e8daea642,0.8746979850133625,1,0.874698,1,ml_only,0,,,,,,,,1,identity_onboarding_fraud,fraudulent_merchant_onboarding,IP velocity raises risk;customer one-hour velocity lowers risk;customer account age lowers risk
txn_3b3f13e64fc3,0.9832268585403049,1,0.983227,1,ml_only,0,,,,,,,,1,identity_onboarding_fraud,fraudulent_merchant_onboarding,IP velocity raises risk;session velocity raises risk;customer account age lowers risk
txn_1479536171d0,0.7243968806452472,1,0.724397,1,ml_only,0,,,,,,,,1,identity_onboarding_fraud,fraudulent_merchant_onboarding,IP velocity raises risk;session velocity lowers risk;customer one-hour velocity lowers risk
txn_ea897d3163d6,0.9096711910774334,1,0.909671,1,ml_only,0,,,,,,,,1,identity_onboarding_fraud,fraudulent_merchant_onboarding,IP velocity raises risk;customer account age lowers risk;customer one-hour velocity lowers risk
txn_eb3ee929c70f,0.9710841408068254,1,0.971084,1,ml_only,0,,,,,,,,1,identity_onboarding_fraud,fraudulent_merchant_onboarding,session velocity raises risk;high generated risk score raises risk;IP velocity raises risk
txn_e60c2c551d84,0.750108021328111,1,0.750108,1,ml_only,0,,,,,,,,1,identity_onboarding_fraud,fraudulent_merchant_onboarding,IP velocity raises risk;session velocity lowers risk;high generated risk score raises risk
txn_32606107166d,0.8589915152814532,1,0.858992,1,ml_only,0,,,,,,,,1,identity_onboarding_fraud,fraudulent_merchant_onboarding,high generated risk score raises risk;IP velocity raises risk;customer account age lowers risk
txn_21d8076c9d85,0.917614749622255,1,0.917615,1,ml_only,0,,,,,,,,1,identity_onboarding_fraud,fraudulent_merchant_onboarding,session velocity raises risk;IP velocity raises risk;customer one-hour velocity lowers risk
txn_a285a16c6793,0.6534267239191384,1,0.653427,1,ml_only,0,,,,,,,,1,identity_onboarding_fraud,fraudulent_merchant_onboarding,IP velocity raises risk;session velocity lowers risk;customer one-hour velocity lowers risk
txn_ce7124e7a5ca,0.8354649694993337,1,0.835465,1,ml_only,0,,,,,,,,1,identity_onboarding_fraud,fraudulent_merchant_onboarding,IP velocity raises risk;high generated risk score raises risk;customer account age lowers risk
txn_23410925bdca,0.903971387692268,1,0.903971,1,ml_only,0,,,,,,,,1,identity_onboarding_fraud,fraudulent_merchant_onboarding,session velocity raises risk;IP velocity raises risk;customer one-hour velocity lowers risk
txn_8f74f6789613,0.7342892852601441,1,0.734289,1,ml_only,0,,,,,,,,1,identity_onboarding_fraud,fraudulent_merchant_onboarding,IP velocity raises risk;session velocity lowers risk;customer one-hour velocity lowers risk
txn_045e0e3a39f7,0.9040191008640265,1,0.904019,1,ml_only,0,,,,,,,,1,identity_onboarding_fraud,fraudulent_merchant_onboarding,IP velocity raises risk;high generated risk score raises risk;customer account age lowers risk
txn_611d84b4001b,0.9480760720900959,1,0.948076,1,ml_only,0,,,,,,,,1,identity_onboarding_fraud,fraudulent_merchant_onboarding,session velocity raises risk;IP velocity raises risk;customer account age lowers risk
txn_c1ee5b7e0600,0.7642682997546878,1,0.764268,1,ml_only,0,,,,,,,,1,identity_onboarding_fraud,fraudulent_merchant_onboarding,session velocity lowers risk;customer account age lowers risk;high generated risk score raises risk
txn_7a88cd952aa0,0.8323001266358522,1,0.8323,1,ml_only,0,,,,,,,,1,identity_onboarding_fraud,fraudulent_merchant_onboarding,IP velocity raises risk;customer one-hour velocity lowers risk;customer account age lowers risk
txn_fc982ce63efa,0.8801168500436567,1,0.880117,1,ml_only,0,,,,,,,,1,identity_onboarding_fraud,fraudulent_merchant_onboarding,session velocity raises risk;IP velocity raises risk;customer one-hour velocity lowers risk
txn_f603ac1c79a5,0.7213580570079353,1,0.721358,1,ml_only,0,,,,,,,,1,identity_onboarding_fraud,fraudulent_merchant_onboarding,session velocity lowers risk;IP velocity raises risk;customer one-hour velocity lowers risk
txn_ea5efc94ddb8,0.8162417881845051,1,0.816242,1,ml_only,0,,,,,,,,1,identity_onboarding_fraud,fraudulent_merchant_onboarding,IP velocity raises risk;customer one-hour velocity lowers risk;customer account age lowers risk
txn_75ce058b1e15,0.9660189048028361,1,0.966019,1,ml_only,0,,,,,,,,1,identity_onboarding_fraud,fraudulent_merchant_onboarding,session velocity raises risk;high generated risk score raises risk;IP velocity raises risk
txn_f55cf34901f7,0.7742597566873267,1,0.77426,1,ml_only,0,,,,,,,,1,identity_onboarding_fraud,fraudulent_merchant_onboarding,session velocity lowers risk;IP velocity raises risk;customer account age lowers risk
txn_c33123cabf98,0.7173057445741499,1,0.717306,1,ml_only,0,,,,,,,,1,identity_onboarding_fraud,fraudulent_merchant_onboarding,high generated risk score lowers risk;IP velocity raises risk;customer one-hour velocity lowers risk
txn_807a56ef9773,0.7949271960172937,1,0.794927,1,ml_only,0,,,,,,,,1,identity_onboarding_fraud,fraudulent_merchant_onboarding,session velocity raises risk;IP velocity raises risk;customer one-hour velocity lowers risk
txn_1b0c8683d423,0.7334249291497928,1,0.733425,1,ml_only,0,,,,,,,,1,identity_onboarding_fraud,fraudulent_merchant_onboarding,high generated risk score raises risk;session velocity lowers risk;IP velocity raises risk
txn_ead32a7d0ca4,0.8079615949823481,1,0.807962,1,ml_only,0,,,,,,,,1,identity_onboarding_fraud,fraudulent_merchant_onboarding,IP velocity raises risk;customer one-hour velocity lowers risk;customer account age lowers risk
txn_65dc457accdc,0.9689694615419844,1,0.968969,1,ml_only,0,,,,,,,,1,identity_onboarding_fraud,fraudulent_merchant_onboarding,session velocity raises risk;high generated risk score raises risk;IP velocity raises risk
txn_f93d9ebbcf5d,0.7337552675450364,1,0.733755,1,ml_only,0,,,,,,,,1,identity_onboarding_fraud,fraudulent_merchant_onboarding,session velocity lowers risk;IP velocity raises risk;customer account age lowers risk
txn_8d04535d637b,0.6130378800035299,1,0.613038,1,ml_only,0,,,,,,,,1,identity_onboarding_fraud,mule_account_creation,customer_historical_spend_mean raises risk;customer payment cadence lowers risk;merchant chargeback behavior raises risk
txn_99d8037f0c43,0.9163716650734614,1,0.916372,1,ml_only,0,,,,,,,,1,identity_onboarding_fraud,mule_account_creation,customer_historical_spend_mean raises risk;merchant chargeback behavior raises risk;payment_method_type_code lowers risk
txn_2e7ded41c6e1,0.9938888126016424,1,0.993889,1,ml_only,0,,,,,,,,1,identity_onboarding_fraud,mule_account_creation,high generated risk score raises risk;session velocity raises risk;customer_historical_spend_mean raises risk
txn_83817d5a1ea5,0.9773904500255407,1,0.97739,1,ml_only,0,,,,,,,,1,identity_onboarding_fraud,mule_account_creation,high generated risk score raises risk;customer_historical_spend_mean raises risk;IP velocity raises risk
txn_f59179b0d908,0.9880795632696016,1,0.98808,1,ml_only,0,,,,,,,,1,identity_onboarding_fraud,mule_account_creation,IP velocity raises risk;customer_historical_spend_mean raises risk;high generated risk score raises risk
txn_a9dd9962b2cc,0.9871210370266568,1,0.987121,1,ml_only,0,,,,,,,,1,identity_onboarding_fraud,mule_account_creation,IP velocity raises risk;session velocity raises risk;customer_historical_spend_mean raises risk
txn_dbdd014835c4,0.9668640181934441,1,0.966864,1,ml_only,0,,,,,,,,1,identity_onboarding_fraud,mule_account_creation,IP velocity raises risk;customer_historical_spend_mean raises risk;merchant chargeback behavior raises risk
txn_314892dde578,0.9787755100138644,1,0.978776,1,ml_only,0,,,,,,,,1,identity_onboarding_fraud,mule_account_creation,IP velocity raises risk;customer_historical_spend_mean raises risk;merchant chargeback behavior raises risk
txn_c0dbf8f2b001,0.9985663273769829,1,0.998566,1,ml_only,0,,,,,,,,1,identity_onboarding_fraud,mule_account_creation,IP velocity raises risk;session velocity raises risk;customer_historical_spend_mean raises risk
txn_58b6604743ab,0.9894350779236778,1,0.989435,1,ml_only,0,,,,,,,,1,identity_onboarding_fraud,mule_account_creation,IP velocity raises risk;customer_historical_spend_mean raises risk;merchant chargeback behavior raises risk
txn_1740350476be,0.9919448323465179,1,0.991945,1,ml_only,0,,,,,,,,1,identity_onboarding_fraud,mule_account_creation,IP velocity raises risk;customer_historical_spend_mean raises risk;merchant chargeback behavior raises risk
txn_3c2b0edbaf22,0.9987789515641976,1,0.998779,1,ml_only,0,,,,,,,,1,identity_onboarding_fraud,mule_account_creation,IP velocity raises risk;session velocity raises risk;customer_historical_spend_mean raises risk
txn_7b2dec9e6d04,0.9855686650691345,1,0.985569,1,ml_only,0,,,,,,,,1,identity_onboarding_fraud,mule_account_creation,IP velocity raises risk;customer_historical_spend_mean raises risk;merchant chargeback behavior raises risk
txn_8dce4c14578c,0.9989423344481804,1,0.998942,1,ml_only,0,,,,,,,,1,identity_onboarding_fraud,mule_account_creation,IP velocity raises risk;customer_historical_spend_mean raises risk;merchant chargeback behavior raises risk
txn_82d4a6cf871f,0.9987682987062396,1,0.998768,1,ml_only,0,,,,,,,,1,identity_onboarding_fraud,mule_account_creation,IP velocity raises risk;session velocity raises risk;customer_historical_spend_mean raises risk
txn_5a043aa335b4,0.997656690669243,1,0.997657,1,ml_only,0,,,,,,,,1,identity_onboarding_fraud,mule_account_creation,IP velocity raises risk;customer_historical_spend_mean raises risk;merchant chargeback behavior raises risk
txn_eef36000bfb1,0.9964119134455535,1,0.996412,1,ml_only,0,,,,,,,,1,identity_onboarding_fraud,mule_account_creation,IP velocity raises risk;customer_historical_spend_mean raises risk;merchant chargeback behavior raises risk
txn_699e95e2d980,0.9993865198291353,1,0.999387,1,ml_only,0,,,,,,,,1,identity_onboarding_fraud,mule_account_creation,IP velocity raises risk;session velocity raises risk;customer_historical_spend_mean raises risk
txn_da045bc04321,0.9971301403895156,1,0.99713,1,ml_only,0,,,,,,,,1,identity_onboarding_fraud,mule_account_creation,IP velocity raises risk;customer_historical_spend_mean raises risk;merchant chargeback behavior raises risk
txn_1a715ee43c48,0.9992446134149539,1,0.999245,1,ml_only,0,,,,,,,,1,identity_onboarding_fraud,mule_account_creation,IP velocity raises risk;customer_historical_spend_mean raises risk;merchant chargeback behavior raises risk
txn_8cc1be3f1707,0.9994596363419456,1,0.99946,1,ml_only,0,,,,,,,,1,identity_onboarding_fraud,mule_account_creation,IP velocity raises risk;session velocity raises risk;customer_historical_spend_mean raises risk
txn_90d164be6b6d,0.9972894444208408,1,0.997289,1,ml_only,0,,,,,,,,1,identity_onboarding_fraud,mule_account_creation,IP velocity raises risk;high generated risk score raises risk;customer_historical_spend_mean raises risk
txn_54f8f4902586,0.996544977648182,1,0.996545,1,ml_only,0,,,,,,,,1,identity_onboarding_fraud,mule_account_creation,IP velocity raises risk;customer_historical_spend_mean raises risk;merchant chargeback behavior raises risk
txn_1f825b5b9411,0.9973997620188506,1,0.9974,1,ml_only,0,,,,,,,,1,identity_onboarding_fraud,mule_account_creation,IP velocity raises risk;session velocity raises risk;customer_historical_spend_mean raises risk
txn_21a77e02b9e1,0.9748811436019351,1,0.974881,1,ml_only,0,,,,,,,,1,identity_onboarding_fraud,mule_account_creation,IP velocity raises risk;customer_historical_spend_mean raises risk;merchant chargeback behavior raises risk
txn_3009cd428f7d,0.9954722484878368,1,0.995472,1,ml_only,0,,,,,,,,1,identity_onboarding_fraud,mule_account_creation,IP velocity raises risk;customer_historical_spend_mean raises risk;merchant chargeback behavior raises risk
txn_ad86e512b16c,0.9991991885690621,1,0.999199,1,ml_only,0,,,,,,,,1,identity_onboarding_fraud,mule_account_creation,IP velocity raises risk;session velocity raises risk;high generated risk score raises risk
txn_23266239c916,0.9829121398652597,1,0.982912,1,ml_only,0,,,,,,,,1,identity_onboarding_fraud,mule_account_creation,IP velocity raises risk;customer_historical_spend_mean raises risk;merchant chargeback behavior raises risk
txn_8b0dee275d3b,0.981656872335065,1,0.981657,1,ml_only,0,,,,,,,,1,identity_onboarding_fraud,mule_account_creation,IP velocity raises risk;customer_historical_spend_mean raises risk;merchant chargeback behavior raises risk
txn_e99eece7e162,0.9943367365590222,1,0.994337,1,ml_only,0,,,,,,,,1,identity_onboarding_fraud,mule_account_creation,session velocity raises risk;IP velocity raises risk;customer_historical_spend_mean raises risk
txn_9666248467f4,0.9499810194268786,1,0.949981,1,ml_only,0,,,,,,,,1,identity_onboarding_fraud,mule_account_creation,IP velocity raises risk;customer_historical_spend_mean raises risk;merchant chargeback behavior raises risk
txn_85f76ea57e42,0.987911399148303,1,0.987911,1,ml_only,0,,,,,,,,1,identity_onboarding_fraud,mule_account_creation,IP velocity raises risk;customer_historical_spend_mean raises risk;merchant chargeback behavior raises risk
txn_68225ebb54de,0.9886488899453431,1,0.988649,1,ml_only,0,,,,,,,,1,identity_onboarding_fraud,mule_account_creation,session velocity raises risk;IP velocity raises risk;customer_historical_spend_mean raises risk
txn_43efb9bf0002,0.9742788002379446,1,0.974279,1,ml_only,0,,,,,,,,1,identity_onboarding_fraud,mule_account_creation,customer_historical_spend_mean raises risk;IP velocity raises risk;merchant chargeback behavior raises risk
txn_5c7fc75bb481,0.9828508045610328,1,0.982851,1,ml_only,0,,,,,,,,1,identity_onboarding_fraud,mule_account_creation,customer_historical_spend_mean raises risk;merchant chargeback behavior raises risk;IP velocity raises risk
txn_3b8ddd06122e,0.9967016746616775,1,0.996702,1,ml_only,0,,,,,,,,1,identity_onboarding_fraud,mule_account_creation,session velocity raises risk;customer_historical_spend_mean raises risk;merchant chargeback behavior raises risk
txn_120ce68c9c94,0.9612916036939648,1,0.961292,1,ml_only,0,,,,,,,,1,identity_onboarding_fraud,mule_account_creation,customer_historical_spend_mean raises risk;IP velocity raises risk;merchant chargeback behavior raises risk
txn_a5b18aec94b4,0.9742199743860167,1,0.97422,1,ml_only,0,,,,,,,,1,identity_onboarding_fraud,mule_account_creation,customer_historical_spend_mean raises risk;IP velocity raises risk;merchant chargeback behavior raises risk
txn_2b5eb61cbd63,0.9917337597978724,1,0.991734,1,ml_only,0,,,,,,,,1,identity_onboarding_fraud,mule_account_creation,session velocity raises risk;customer_historical_spend_mean raises risk;merchant chargeback behavior raises risk
txn_b6ec8f44c762,0.9606826004439543,1,0.960683,1,ml_only,0,,,,,,,,1,identity_onboarding_fraud,mule_account_creation,customer_historical_spend_mean raises risk;merchant chargeback behavior raises risk;payment_method_type_code lowers risk
txn_c7d140c76fc4,0.9827149060873167,1,0.982715,1,ml_only,0,,,,,,,,1,identity_onboarding_fraud,mule_account_creation,customer_historical_spend_mean raises risk;merchant chargeback behavior raises risk;payment_method_type_code lowers risk
txn_76c134dc9b02,0.9913190045657571,1,0.991319,1,ml_only,0,,,,,,,,1,identity_onboarding_fraud,mule_account_creation,session velocity raises risk;customer_historical_spend_mean raises risk;merchant chargeback behavior raises risk
txn_5e26a19080bc,0.984732550297031,1,0.984733,1,ml_only,0,,,,,,,,1,identity_onboarding_fraud,mule_account_creation,high generated risk score raises risk;customer_historical_spend_mean raises risk;merchant chargeback behavior raises risk
txn_dcccddc123d0,0.9862810997040165,1,0.986281,1,ml_only,0,,,,,,,,1,identity_onboarding_fraud,mule_account_creation,customer_historical_spend_mean raises risk;merchant chargeback behavior raises risk;payment_method_type_code lowers risk
txn_e48ec52da371,0.99199052897131,1,0.991991,1,ml_only,0,,,,,,,,1,identity_onboarding_fraud,mule_account_creation,session velocity raises risk;customer_historical_spend_mean raises risk;merchant chargeback behavior raises risk
txn_456578c15740,0.9593785015728872,1,0.959379,1,ml_only,0,,,,,,,,1,identity_onboarding_fraud,mule_account_creation,customer_historical_spend_mean raises risk;merchant chargeback behavior raises risk;payment_method_type_code lowers risk
txn_850d86fb3420,0.9828663460175188,1,0.982866,1,ml_only,0,,,,,,,,1,identity_onboarding_fraud,mule_account_creation,customer_historical_spend_mean raises risk;merchant chargeback behavior raises risk;payment_method_type_code lowers risk
txn_daba2c292fbf,0.9936926936048802,1,0.993693,1,ml_only,0,,,,,,,,1,identity_onboarding_fraud,mule_account_creation,session velocity raises risk;customer_historical_spend_mean raises risk;merchant chargeback behavior raises risk
txn_4efd87dbb18e,0.9786792688361033,1,0.978679,1,ml_only,0,,,,,,,,1,identity_onboarding_fraud,mule_account_creation,customer_historical_spend_mean raises risk;merchant chargeback behavior raises risk;high generated risk score raises risk
txn_3448a65986b9,0.9881853923295316,1,0.988185,1,ml_only,0,,,,,,,,1,identity_onboarding_fraud,mule_account_creation,customer_historical_spend_mean raises risk;merchant chargeback behavior raises risk;payment_method_type_code lowers risk
txn_ac549f51c5b3,0.9966326199851474,1,0.996633,1,ml_only,0,,,,,,,,1,identity_onboarding_fraud,mule_account_creation,session velocity raises risk;customer_historical_spend_mean raises risk;high generated risk score raises risk
txn_667c0f2c3e13,0.9832017447776381,1,0.983202,1,ml_only,0,,,,,,,,1,identity_onboarding_fraud,mule_account_creation,customer_historical_spend_mean raises risk;high generated risk score raises risk;merchant chargeback behavior raises risk
txn_ecf697586c79,0.9929968515795405,1,0.992997,1,ml_only,0,,,,,,,,1,identity_onboarding_fraud,mule_account_creation,customer_historical_spend_mean raises risk;merchant chargeback behavior raises risk;payment_method_type_code lowers risk
txn_381f77c6416f,0.9954546019952807,1,0.995455,1,ml_only,0,,,,,,,,1,identity_onboarding_fraud,mule_account_creation,session velocity raises risk;customer_historical_spend_mean raises risk;merchant chargeback behavior raises risk
txn_47edac1a482d,0.9833631216708242,1,0.983363,1,ml_only,0,,,,,,,,1,identity_onboarding_fraud,mule_account_creation,customer_historical_spend_mean raises risk;high generated risk score raises risk;merchant chargeback behavior raises risk
txn_37cc3b4416cd,0.9846323025304627,1,0.984632,1,ml_only,0,,,,,,,,1,identity_onboarding_fraud,mule_account_creation,customer_historical_spend_mean raises risk;merchant chargeback behavior raises risk;payment_method_type_code lowers risk
txn_09a5ce7d528c,0.9966121279321539,1,0.996612,1,ml_only,0,,,,,,,,1,identity_onboarding_fraud,mule_account_creation,session velocity raises risk;customer_historical_spend_mean raises risk;merchant chargeback behavior raises risk
txn_2c611c986b45,0.1985713127993048,0,0.198571,0,ml_only,0,,,,,,,,1,identity_onboarding_fraud,stolen_identity_signup,customer payment cadence lowers risk;merchant chargeback behavior raises risk;session velocity lowers risk
txn_d9a7c041e2d6,0.8625341653349758,1,0.862534,1,ml_only,0,,,,,,,,1,identity_onboarding_fraud,stolen_identity_signup,merchant chargeback behavior raises risk;high generated risk score raises risk;customer payment cadence raises risk
txn_abc4bc2c214d,0.9632126626386741,1,0.963213,1,ml_only,0,,,,,,,,1,identity_onboarding_fraud,stolen_identity_signup,session velocity raises risk;merchant chargeback behavior raises risk;customer payment cadence raises risk
txn_f0d9d182c44a,0.840527732238679,1,0.840528,1,ml_only,0,,,,,,,,1,identity_onboarding_fraud,stolen_identity_signup,merchant chargeback behavior raises risk;session velocity lowers risk;customer one-hour velocity lowers risk
txn_75e9e792059e,0.9376698199428248,1,0.93767,1,ml_only,0,,,,,,,,1,identity_onboarding_fraud,stolen_identity_signup,merchant chargeback behavior raises risk;IP velocity raises risk;customer one-hour velocity lowers risk
txn_908e37c2d4fa,0.989549233043736,1,0.989549,1,ml_only,0,,,,,,,,1,identity_onboarding_fraud,stolen_identity_signup,session velocity raises risk;IP velocity raises risk;merchant chargeback behavior raises risk
txn_a80b68a8628f,0.935954041802477,1,0.935954,1,ml_only,0,,,,,,,,1,identity_onboarding_fraud,stolen_identity_signup,IP velocity raises risk;merchant chargeback behavior raises risk;session velocity lowers risk
txn_f67558d17826,0.9805977927914222,1,0.980598,1,ml_only,0,,,,,,,,1,identity_onboarding_fraud,stolen_identity_signup,IP velocity raises risk;merchant chargeback behavior raises risk;high generated risk score raises risk
txn_ef976cd19073,0.9923032479853927,1,0.992303,1,ml_only,0,,,,,,,,1,identity_onboarding_fraud,stolen_identity_signup,IP velocity raises risk;session velocity raises risk;merchant chargeback behavior raises risk
txn_b466491f5738,0.9510596026451996,1,0.95106,1,ml_only,0,,,,,,,,1,identity_onboarding_fraud,stolen_identity_signup,IP velocity raises risk;merchant chargeback behavior raises risk;session velocity lowers risk
txn_c095e9bfeffa,0.9863982217138714,1,0.986398,1,ml_only,0,,,,,,,,1,identity_onboarding_fraud,stolen_identity_signup,IP velocity raises risk;high generated risk score raises risk;merchant chargeback behavior raises risk
txn_5a477962c4eb,0.9946707197427423,1,0.994671,1,ml_only,0,,,,,,,,1,identity_onboarding_fraud,stolen_identity_signup,IP velocity raises risk;session velocity raises risk;merchant chargeback behavior raises risk
txn_6f8cfd648993,0.9658804838552051,1,0.96588,1,ml_only,0,,,,,,,,1,identity_onboarding_fraud,stolen_identity_signup,IP velocity raises risk;merchant chargeback behavior raises risk;session velocity lowers risk
txn_a50f14ffcf94,0.9873104791642443,1,0.98731,1,ml_only,0,,,,,,,,1,identity_onboarding_fraud,stolen_identity_signup,IP velocity raises risk;merchant chargeback behavior raises risk;customer one-hour velocity lowers risk
txn_f10945ab4fa3,0.9982153403736908,1,0.998215,1,ml_only,0,,,,,,,,1,identity_onboarding_fraud,stolen_identity_signup,IP velocity raises risk;high generated risk score raises risk;session velocity raises risk
txn_49b46c27a891,0.9933614838261486,1,0.993361,1,ml_only,0,,,,,,,,1,identity_onboarding_fraud,stolen_identity_signup,IP velocity raises risk;high generated risk score raises risk;merchant chargeback behavior raises risk
txn_8759b7a08b0f,0.992727169698018,1,0.992727,1,ml_only,0,,,,,,,,1,identity_onboarding_fraud,stolen_identity_signup,IP velocity raises risk;merchant chargeback behavior raises risk;customer payment cadence raises risk
txn_6019e4ddbc25,0.9985251005950404,1,0.998525,1,ml_only,0,,,,,,,,1,identity_onboarding_fraud,stolen_identity_signup,IP velocity raises risk;session velocity raises risk;high generated risk score raises risk
txn_86e848360e59,0.9786179565645903,1,0.978618,1,ml_only,0,,,,,,,,1,identity_onboarding_fraud,stolen_identity_signup,IP velocity raises risk;merchant chargeback behavior raises risk;session velocity lowers risk
txn_c43a090a5246,0.9939177310742313,1,0.993918,1,ml_only,0,,,,,,,,1,identity_onboarding_fraud,stolen_identity_signup,IP velocity raises risk;merchant chargeback behavior raises risk;high generated risk score raises risk
txn_b709fee541a3,0.993962401564338,1,0.993962,1,ml_only,0,,,,,,,,1,identity_onboarding_fraud,stolen_identity_signup,IP velocity raises risk;session velocity raises risk;merchant chargeback behavior raises risk
txn_ec50d941f140,0.5772504332634553,1,0.57725,1,ml_only,0,,,,,,,,1,identity_onboarding_fraud,synthetic_identity,customer payment cadence lowers risk;session velocity lowers risk;merchant chargeback behavior raises risk
txn_e287b501fad3,0.9570525951333096,1,0.957053,1,ml_only,0,,,,,,,,1,identity_onboarding_fraud,synthetic_identity,merchant chargeback behavior raises risk;customer one-hour velocity lowers risk;merchant growth pattern raises risk
txn_39ecdcbd6ade,0.9870831934058779,1,0.987083,1,ml_only,0,,,,,,,,1,identity_onboarding_fraud,synthetic_identity,session velocity raises risk;merchant chargeback behavior raises risk;IP velocity raises risk
txn_d8c50344785f,0.9794577559185215,1,0.979458,1,ml_only,0,,,,,,,,1,identity_onboarding_fraud,synthetic_identity,high generated risk score raises risk;session velocity lowers risk;merchant chargeback behavior raises risk
txn_00ba0a0f6e51,0.9871158683806521,1,0.987116,1,ml_only,0,,,,,,,,1,identity_onboarding_fraud,synthetic_identity,merchant chargeback behavior raises risk;merchant growth pattern raises risk;customer payment cadence raises risk
txn_6dc38217e769,0.9904648936683167,1,0.990465,1,ml_only,0,,,,,,,,1,identity_onboarding_fraud,synthetic_identity,session velocity raises risk;IP velocity raises risk;merchant chargeback behavior raises risk
txn_e36fbc0ff7cf,0.9847285820880654,1,0.984729,1,ml_only,0,,,,,,,,1,identity_onboarding_fraud,synthetic_identity,IP velocity raises risk;session velocity lowers risk;merchant chargeback behavior raises risk
txn_c46c4fe16ffe,0.9860126748344011,1,0.986013,1,ml_only,0,,,,,,,,1,identity_onboarding_fraud,synthetic_identity,IP velocity raises risk;merchant chargeback behavior raises risk;customer one-hour velocity lowers risk
txn_0a78e131aeb5,0.9959501541311842,1,0.99595,1,ml_only,0,,,,,,,,1,identity_onboarding_fraud,synthetic_identity,IP velocity raises risk;session velocity raises risk;merchant chargeback behavior raises risk
txn_b1cdd0865648,0.9809992973910555,1,0.980999,1,ml_only,0,,,,,,,,1,identity_onboarding_fraud,synthetic_identity,IP velocity raises risk;session velocity lowers risk;merchant chargeback behavior raises risk
txn_c5f55a7cf1b8,0.9928501261793705,1,0.99285,1,ml_only,0,,,,,,,,1,identity_onboarding_fraud,synthetic_identity,IP velocity raises risk;merchant chargeback behavior raises risk;merchant growth pattern raises risk
txn_5e748874d645,0.9946453742442933,1,0.994645,1,ml_only,0,,,,,,,,1,identity_onboarding_fraud,synthetic_identity,IP velocity raises risk;session velocity raises risk;merchant chargeback behavior raises risk
txn_e504d93f751d,0.9894265772601829,1,0.989427,1,ml_only,0,,,,,,,,1,identity_onboarding_fraud,synthetic_identity,IP velocity raises risk;session velocity lowers risk;merchant chargeback behavior raises risk
txn_b088d1129085,0.0706528309544408,0,0.070653,0,ml_only,0,,,,,,,,1,identity_onboarding_fraud,synthetic_business,customer payment cadence lowers risk;session velocity lowers risk;customer one-hour velocity lowers risk
txn_89c135f49976,0.8089971120498317,1,0.808997,1,ml_only,0,,,,,,,,1,identity_onboarding_fraud,synthetic_business,customer one-hour velocity lowers risk;customer payment cadence raises risk;rail_code raises risk
txn_10d5bd532659,0.9359010747950327,1,0.935901,1,ml_only,0,,,,,,,,1,identity_onboarding_fraud,synthetic_business,session velocity raises risk;IP velocity raises risk;customer one-hour velocity lowers risk
txn_209b0bf1c33d,0.43510507794934705,1,0.435105,1,ml_only,0,,,,,,,,1,identity_onboarding_fraud,synthetic_business,IP velocity raises risk;amount deviation from customer history lowers risk;session velocity lowers risk
txn_44e810eb41ce,0.6792616762568338,1,0.679262,1,ml_only,0,,,,,,,,1,identity_onboarding_fraud,synthetic_business,high generated risk score lowers risk;IP velocity raises risk;customer payment cadence raises risk
txn_4e10d60638cb,0.9262468564778424,1,0.926247,1,ml_only,0,,,,,,,,1,identity_onboarding_fraud,synthetic_business,session velocity raises risk;IP velocity raises risk;customer payment cadence raises risk
txn_22ca7f68c34c,0.7138284360521149,1,0.713828,1,ml_only,0,,,,,,,,1,identity_onboarding_fraud,synthetic_business,IP velocity raises risk;session velocity lowers risk;customer payment cadence raises risk
txn_f6a91417f9f2,0.84975718826828,1,0.849757,1,ml_only,0,,,,,,,,1,identity_onboarding_fraud,synthetic_business,IP velocity raises risk;customer one-hour velocity lowers risk;customer payment cadence raises risk
txn_f85afcd92f92,0.9557505718119912,1,0.955751,1,ml_only,0,,,,,,,,1,identity_onboarding_fraud,synthetic_business,IP velocity raises risk;session velocity raises risk;customer one-hour velocity lowers risk
txn_b9547503d607,0.9240675664085737,1,0.924068,1,ml_only,0,,,,,,,,1,identity_onboarding_fraud,synthetic_business,IP velocity raises risk;session velocity lowers risk;customer one-hour velocity lowers risk
txn_515a8ad23675,0.9087367061425846,1,0.908737,1,ml_only,0,,,,,,,,1,identity_onboarding_fraud,synthetic_business,IP velocity raises risk;customer one-hour velocity lowers risk;rail_code raises risk
txn_f6bb3a192cab,0.1083807700530976,0,0.108381,0,ml_only,0,,,,,,,,1,merchant_ecosystem_abuse,bust_out_merchant,customer payment cadence lowers risk;session velocity lowers risk;customer one-hour velocity lowers risk
txn_02dc79fe55cd,0.501018625033856,1,0.501019,1,ml_only,0,,,,,,,,1,merchant_ecosystem_abuse,bust_out_merchant,high generated risk score lowers risk;merchant growth pattern lowers risk;customer payment cadence raises risk
txn_0277c60ede2e,0.8813698568164484,1,0.88137,1,ml_only,0,,,,,,,,1,merchant_ecosystem_abuse,bust_out_merchant,session velocity raises risk;IP velocity raises risk;customer one-hour velocity lowers risk
txn_8950b03309ea,0.7000204059020959,1,0.70002,1,ml_only,0,,,,,,,,1,merchant_ecosystem_abuse,bust_out_merchant,IP velocity raises risk;session velocity lowers risk;merchant growth pattern lowers risk
txn_e2bedf791935,0.8944644815032469,1,0.894464,1,ml_only,0,,,,,,,,1,merchant_ecosystem_abuse,bust_out_merchant,IP velocity raises risk;high generated risk score raises risk;customer one-hour velocity lowers risk
txn_b44d9d0293b6,0.9590399055651477,1,0.95904,1,ml_only,0,,,,,,,,1,merchant_ecosystem_abuse,bust_out_merchant,session velocity raises risk;IP velocity raises risk;high generated risk score raises risk
txn_e5df3f4e0c78,0.8297129310217574,1,0.829713,1,ml_only,0,,,,,,,,1,merchant_ecosystem_abuse,bust_out_merchant,IP velocity raises risk;session velocity lowers risk;merchant growth pattern lowers risk
txn_e542a0b5e182,0.903922090263769,1,0.903922,1,ml_only,0,,,,,,,,1,merchant_ecosystem_abuse,bust_out_merchant,IP velocity raises risk;customer payment cadence raises risk;merchant growth pattern lowers risk
txn_89db2b0419f5,0.9326701825675291,1,0.93267,1,ml_only,0,,,,,,,,1,merchant_ecosystem_abuse,bust_out_merchant,IP velocity raises risk;session velocity raises risk;high generated risk score lowers risk
txn_29d71586a025,0.7536626515385083,1,0.753663,1,ml_only,0,,,,,,,,1,merchant_ecosystem_abuse,bust_out_merchant,IP velocity raises risk;high generated risk score lowers risk;session velocity lowers risk
txn_1bee502ae719,0.9122528791826238,1,0.912253,1,ml_only,0,,,,,,,,1,merchant_ecosystem_abuse,bust_out_merchant,IP velocity raises risk;merchant growth pattern lowers risk;customer one-hour velocity lowers risk
txn_ce9bed9debd8,0.9880965567129459,1,0.988097,1,ml_only,0,,,,,,,,1,merchant_ecosystem_abuse,bust_out_merchant,IP velocity raises risk;session velocity raises risk;customer payment cadence raises risk
txn_36cd7224ccb6,0.8526004979614343,1,0.8526,1,ml_only,0,,,,,,,,1,merchant_ecosystem_abuse,bust_out_merchant,IP velocity raises risk;session velocity lowers risk;merchant growth pattern lowers risk
txn_d10b9b073594,0.9184225357106549,1,0.918423,1,ml_only,0,,,,,,,,1,merchant_ecosystem_abuse,bust_out_merchant,IP velocity raises risk;customer one-hour velocity lowers risk;merchant growth pattern lowers risk
txn_1b44f45ef0a1,0.9713199924406473,1,0.97132,1,ml_only,0,,,,,,,,1,merchant_ecosystem_abuse,bust_out_merchant,IP velocity raises risk;session velocity raises risk;merchant growth pattern lowers risk
txn_8aafb13b462d,0.8485223602077882,1,0.848522,1,ml_only,0,,,,,,,,1,merchant_ecosystem_abuse,bust_out_merchant,IP velocity raises risk;session velocity lowers risk;customer one-hour velocity lowers risk
txn_419e0771feb9,0.8111769638804259,1,0.811177,1,ml_only,0,,,,,,,,1,merchant_ecosystem_abuse,bust_out_merchant,IP velocity raises risk;high generated risk score lowers risk;customer one-hour velocity lowers risk
txn_8068f67f9966,0.9665041223387323,1,0.966504,1,ml_only,0,,,,,,,,1,merchant_ecosystem_abuse,bust_out_merchant,IP velocity raises risk;session velocity raises risk;customer one-hour velocity lowers risk
txn_00279634d1e5,0.8676059793186354,1,0.867606,1,ml_only,0,,,,,,,,1,merchant_ecosystem_abuse,bust_out_merchant,IP velocity raises risk;session velocity lowers risk;customer payment cadence raises risk
txn_6c56414d8a6e,0.8861827864799727,1,0.886183,1,ml_only,0,,,,,,,,1,merchant_ecosystem_abuse,bust_out_merchant,IP velocity raises risk;high generated risk score lowers risk;merchant growth pattern lowers risk
txn_8aee5ee62142,0.963511519359667,1,0.963512,1,ml_only,0,,,,,,,,1,merchant_ecosystem_abuse,bust_out_merchant,session velocity raises risk;IP velocity raises risk;customer one-hour velocity lowers risk
txn_7bacec05bb0b,0.8490219398465946,1,0.849022,1,ml_only,0,,,,,,,,1,merchant_ecosystem_abuse,bust_out_merchant,IP velocity raises risk;session velocity lowers risk;merchant growth pattern lowers risk
txn_7bb8c3ba131e,0.947834109359582,1,0.947834,1,ml_only,0,,,,,,,,1,merchant_ecosystem_abuse,bust_out_merchant,IP velocity raises risk;merchant growth pattern lowers risk;customer one-hour velocity lowers risk
txn_3da05625ce09,0.8843193531133737,1,0.884319,1,ml_only,0,,,,,,,,1,merchant_ecosystem_abuse,bust_out_merchant,session velocity raises risk;IP velocity raises risk;high generated risk score lowers risk
txn_310636ae7526,0.7858665522134597,1,0.785867,1,ml_only,0,,,,,,,,1,merchant_ecosystem_abuse,bust_out_merchant,IP velocity raises risk;session velocity lowers risk;merchant growth pattern lowers risk
txn_3302170fb8cd,0.8518376343649712,1,0.851838,1,ml_only,0,,,,,,,,1,merchant_ecosystem_abuse,bust_out_merchant,IP velocity raises risk;customer one-hour velocity lowers risk;merchant growth pattern lowers risk
txn_606fbbf35c58,0.9480423180796752,1,0.948042,1,ml_only,0,,,,,,,,1,merchant_ecosystem_abuse,bust_out_merchant,session velocity raises risk;IP velocity raises risk;merchant growth pattern lowers risk
txn_efa2b3e02f5d,0.6596471559603176,1,0.659647,1,ml_only,0,,,,,,,,1,merchant_ecosystem_abuse,bust_out_merchant,IP velocity raises risk;session velocity lowers risk;customer payment cadence raises risk
txn_a81907761b87,0.8315867137330553,1,0.831587,1,ml_only,0,,,,,,,,1,merchant_ecosystem_abuse,bust_out_merchant,IP velocity raises risk;merchant growth pattern lowers risk;customer payment cadence raises risk
txn_5d83e3c7e91b,0.918520755836446,1,0.918521,1,ml_only,0,,,,,,,,1,merchant_ecosystem_abuse,bust_out_merchant,session velocity raises risk;IP velocity raises risk;high generated risk score raises risk
txn_166657f56aaa,0.7713246389553415,1,0.771325,1,ml_only,0,,,,,,,,1,merchant_ecosystem_abuse,bust_out_merchant,IP velocity raises risk;session velocity lowers risk;merchant growth pattern lowers risk
txn_d38ea2cb962f,0.8269077878988753,1,0.826908,1,ml_only,0,,,,,,,,1,merchant_ecosystem_abuse,bust_out_merchant,IP velocity raises risk;merchant growth pattern lowers risk;customer payment cadence raises risk
txn_b4e0b3b4fc11,0.9311712449593263,1,0.931171,1,ml_only,0,,,,,,,,1,merchant_ecosystem_abuse,bust_out_merchant,session velocity raises risk;IP velocity raises risk;merchant growth pattern lowers risk
txn_71da93350c53,0.5311779740268036,1,0.531178,1,ml_only,0,,,,,,,,1,merchant_ecosystem_abuse,bust_out_merchant,IP velocity raises risk;session velocity lowers risk;merchant growth pattern lowers risk
txn_bda6daa05d95,0.9245798311107506,1,0.92458,1,ml_only,0,,,,,,,,1,merchant_ecosystem_abuse,bust_out_merchant,IP velocity raises risk;customer one-hour velocity lowers risk;merchant growth pattern lowers risk
txn_6fe2eddd9f82,0.8987072579822402,1,0.898707,1,ml_only,0,,,,,,,,1,merchant_ecosystem_abuse,bust_out_merchant,session velocity raises risk;IP velocity raises risk;high generated risk score lowers risk
txn_130f70e29b48,0.7824980435185361,1,0.782498,1,ml_only,0,,,,,,,,1,merchant_ecosystem_abuse,bust_out_merchant,IP velocity raises risk;session velocity lowers risk;merchant growth pattern lowers risk
txn_93b290e49fde,0.8907484468311987,1,0.890748,1,ml_only,0,,,,,,,,1,merchant_ecosystem_abuse,bust_out_merchant,IP velocity raises risk;merchant growth pattern lowers risk;customer payment cadence raises risk
txn_e0771a2fbfef,0.9731893400722749,1,0.973189,1,ml_only,0,,,,,,,,1,merchant_ecosystem_abuse,bust_out_merchant,session velocity raises risk;IP velocity raises risk;high generated risk score raises risk
txn_c9ecd48fcc2d,0.7216358079328435,1,0.721636,1,ml_only,0,,,,,,,,1,merchant_ecosystem_abuse,bust_out_merchant,session velocity lowers risk;IP velocity raises risk;customer one-hour velocity lowers risk
txn_ed1e958c9194,0.9225085505545851,1,0.922509,1,ml_only,0,,,,,,,,1,merchant_ecosystem_abuse,bust_out_merchant,customer payment cadence raises risk;merchant growth pattern lowers risk;customer one-hour velocity lowers risk
txn_61da50c151c8,0.9253299915694319,1,0.92533,1,ml_only,0,,,,,,,,1,merchant_ecosystem_abuse,bust_out_merchant,session velocity raises risk;customer one-hour velocity lowers risk;merchant growth pattern lowers risk
txn_fe26aa94fe1c,0.8221127157160546,1,0.822113,1,ml_only,0,,,,,,,,1,merchant_ecosystem_abuse,bust_out_merchant,high generated risk score raises risk;session velocity lowers risk;customer one-hour velocity lowers risk
txn_32367e07f912,0.9546499011122139,1,0.95465,1,ml_only,0,,,,,,,,1,merchant_ecosystem_abuse,bust_out_merchant,high generated risk score raises risk;merchant growth pattern lowers risk;customer payment cadence raises risk
txn_c54a27c8f9ec,0.952934319900381,1,0.952934,1,ml_only,0,,,,,,,,1,merchant_ecosystem_abuse,bust_out_merchant,session velocity raises risk;customer payment cadence raises risk;merchant growth pattern lowers risk
txn_077bf919504e,0.7309049813878244,1,0.730905,1,ml_only,0,,,,,,,,1,merchant_ecosystem_abuse,bust_out_merchant,session velocity lowers risk;merchant growth pattern lowers risk;customer payment cadence raises risk
txn_a48129f3e5a6,0.8680386283636748,1,0.868039,1,ml_only,0,,,,,,,,1,merchant_ecosystem_abuse,bust_out_merchant,customer payment cadence raises risk;merchant growth pattern lowers risk;customer account age lowers risk
txn_4bdc349c4d25,0.9439109886831283,1,0.943911,1,ml_only,0,,,,,,,,1,merchant_ecosystem_abuse,bust_out_merchant,session velocity raises risk;merchant growth pattern lowers risk;customer payment cadence raises risk
txn_e16f8d6f138c,0.6059475320474638,1,0.605948,1,ml_only,0,,,,,,,,1,merchant_ecosystem_abuse,bust_out_merchant,session velocity lowers risk;customer one-hour velocity lowers risk;merchant growth pattern lowers risk
txn_e52ffb0c91b5,0.8585924288103294,1,0.858592,1,ml_only,0,,,,,,,,1,merchant_ecosystem_abuse,bust_out_merchant,customer one-hour velocity lowers risk;high generated risk score raises risk;merchant growth pattern lowers risk
txn_ec1d37945588,0.8383801943479848,1,0.83838,1,ml_only,0,,,,,,,,1,merchant_ecosystem_abuse,bust_out_merchant,session velocity raises risk;high generated risk score lowers risk;merchant growth pattern lowers risk
txn_9545c6007fea,0.4979846583935901,1,0.497985,1,ml_only,0,,,,,,,,1,merchant_ecosystem_abuse,bust_out_merchant,high generated risk score lowers risk;session velocity lowers risk;customer payment cadence raises risk
txn_33fa6b5dec5b,0.8441612329998426,1,0.844161,1,ml_only,0,,,,,,,,1,merchant_ecosystem_abuse,bust_out_merchant,customer one-hour velocity lowers risk;merchant growth pattern lowers risk;customer account age lowers risk
txn_9c1d401c7f2e,0.9197329549715819,1,0.919733,1,ml_only,0,,,,,,,,1,merchant_ecosystem_abuse,bust_out_merchant,session velocity raises risk;customer one-hour velocity lowers risk;merchant growth pattern lowers risk
txn_abc8a109680a,0.7323187603608767,1,0.732319,1,ml_only,0,,,,,,,,1,merchant_ecosystem_abuse,bust_out_merchant,session velocity lowers risk;customer one-hour velocity lowers risk;merchant growth pattern lowers risk
txn_68d447ec5105,0.8902731007685405,1,0.890273,1,ml_only,0,,,,,,,,1,merchant_ecosystem_abuse,bust_out_merchant,high generated risk score raises risk;merchant growth pattern lowers risk;customer payment cadence raises risk
txn_e0334dd8cdb3,0.9765378658679038,1,0.976538,1,ml_only,0,,,,,,,,1,merchant_ecosystem_abuse,bust_out_merchant,session velocity raises risk;high generated risk score raises risk;merchant growth pattern lowers risk
txn_e5e9591a5e68,0.7294716888796023,1,0.729472,1,ml_only,0,,,,,,,,1,merchant_ecosystem_abuse,bust_out_merchant,session velocity lowers risk;merchant growth pattern lowers risk;customer payment cadence raises risk
txn_34d17f020712,0.9115832690823957,1,0.911583,1,ml_only,0,,,,,,,,1,merchant_ecosystem_abuse,bust_out_merchant,customer payment cadence raises risk;merchant growth pattern lowers risk;customer account age lowers risk
txn_fea5e8d66719,0.902564087628623,1,0.902564,1,ml_only,0,,,,,,,,1,merchant_ecosystem_abuse,bust_out_merchant,session velocity raises risk;high generated risk score lowers risk;merchant growth pattern lowers risk
txn_255f0ed4fa7c,0.5798216059945234,1,0.579822,1,ml_only,0,,,,,,,,1,merchant_ecosystem_abuse,bust_out_merchant,session velocity lowers risk;high generated risk score lowers risk;merchant growth pattern lowers risk
txn_3458ca2e0832,0.799640783695897,1,0.799641,1,ml_only,0,,,,,,,,1,merchant_ecosystem_abuse,bust_out_merchant,high generated risk score lowers risk;merchant growth pattern lowers risk;customer payment cadence raises risk
txn_356d44020408,0.9514734108521249,1,0.951473,1,ml_only,0,,,,,,,,1,merchant_ecosystem_abuse,bust_out_merchant,session velocity raises risk;merchant growth pattern lowers risk;customer payment cadence raises risk
txn_f162e11bd229,0.8092123285716287,1,0.809212,1,ml_only,0,,,,,,,,1,merchant_ecosystem_abuse,bust_out_merchant,session velocity lowers risk;merchant growth pattern lowers risk;customer one-hour velocity lowers risk
txn_20b37e0968e7,0.6756318031024162,1,0.675632,1,ml_only,0,,,,,,,,1,merchant_ecosystem_abuse,gift_card_abuse,merchant growth pattern raises risk;high generated risk score raises risk;customer payment cadence lowers risk
txn_b2766f5c46a9,0.9482535351981298,1,0.948254,1,ml_only,0,,,,,,,,1,merchant_ecosystem_abuse,gift_card_abuse,merchant growth pattern raises risk;customer_historical_spend_mean lowers risk;IP velocity lowers risk
txn_56ff38fede69,0.9878260034985095,1,0.987826,1,ml_only,0,,,,,,,,1,merchant_ecosystem_abuse,gift_card_abuse,merchant growth pattern raises risk;session velocity raises risk;customer_historical_spend_mean lowers risk
txn_b8e49eb5f7a4,0.9620497042795476,1,0.96205,1,ml_only,0,,,,,,,,1,merchant_ecosystem_abuse,gift_card_abuse,merchant growth pattern raises risk;customer_historical_spend_mean lowers risk;session velocity lowers risk
txn_885b181c3eb0,0.9777449126334269,1,0.977745,1,ml_only,0,,,,,,,,1,merchant_ecosystem_abuse,gift_card_abuse,merchant growth pattern raises risk;customer_historical_spend_mean lowers risk;customer one-hour velocity lowers risk
txn_4246337dd927,0.9941423368078272,1,0.994142,1,ml_only,0,,,,,,,,1,merchant_ecosystem_abuse,gift_card_abuse,merchant growth pattern raises risk;session velocity raises risk;IP velocity raises risk
txn_8f708c8308f3,0.9866299642511638,1,0.98663,1,ml_only,0,,,,,,,,1,merchant_ecosystem_abuse,gift_card_abuse,merchant growth pattern raises risk;IP velocity raises risk;customer_historical_spend_mean lowers risk
txn_d8c70acdd736,0.9937349596711045,1,0.993735,1,ml_only,0,,,,,,,,1,merchant_ecosystem_abuse,gift_card_abuse,merchant growth pattern raises risk;IP velocity raises risk;customer_historical_spend_mean lowers risk
txn_af8a1f148f5c,0.9973038739322183,1,0.997304,1,ml_only,0,,,,,,,,1,merchant_ecosystem_abuse,gift_card_abuse,merchant growth pattern raises risk;session velocity raises risk;IP velocity raises risk
txn_cd414a24d865,0.9894488277263982,1,0.989449,1,ml_only,0,,,,,,,,1,merchant_ecosystem_abuse,gift_card_abuse,merchant growth pattern raises risk;IP velocity raises risk;customer_historical_spend_mean lowers risk
txn_32c5113acdf4,0.9975159507365716,1,0.997516,1,ml_only,0,,,,,,,,1,merchant_ecosystem_abuse,gift_card_abuse,merchant growth pattern raises risk;IP velocity raises risk;high generated risk score raises risk
txn_cb82849bec7d,0.9989643829506171,1,0.998964,1,ml_only,0,,,,,,,,1,merchant_ecosystem_abuse,gift_card_abuse,merchant growth pattern raises risk;IP velocity raises risk;session velocity raises risk
txn_b4334a1dc5f9,0.9872977437472217,1,0.987298,1,ml_only,0,,,,,,,,1,merchant_ecosystem_abuse,gift_card_abuse,merchant growth pattern raises risk;IP velocity raises risk;customer_historical_spend_mean lowers risk
txn_54fb7ee3024d,0.9964879258625609,1,0.996488,1,ml_only,0,,,,,,,,1,merchant_ecosystem_abuse,gift_card_abuse,merchant growth pattern raises risk;IP velocity raises risk;customer_historical_spend_mean lowers risk
txn_a99972a83cd5,0.9987990840054406,1,0.998799,1,ml_only,0,,,,,,,,1,merchant_ecosystem_abuse,gift_card_abuse,merchant growth pattern raises risk;IP velocity raises risk;session velocity raises risk
txn_4950ed55f60d,0.9823729309378392,1,0.982373,1,ml_only,0,,,,,,,,1,merchant_ecosystem_abuse,gift_card_abuse,merchant growth pattern raises risk;IP velocity raises risk;customer_historical_spend_mean lowers risk
txn_4b2480314d80,0.9960847617968359,1,0.996085,1,ml_only,0,,,,,,,,1,merchant_ecosystem_abuse,gift_card_abuse,merchant growth pattern raises risk;IP velocity raises risk;high generated risk score raises risk
txn_de1d2962f848,0.996728532646673,1,0.996729,1,ml_only,0,,,,,,,,1,merchant_ecosystem_abuse,gift_card_abuse,merchant growth pattern raises risk;IP velocity raises risk;session velocity raises risk
txn_285de83a6e28,0.9874074038321948,1,0.987407,1,ml_only,0,,,,,,,,1,merchant_ecosystem_abuse,gift_card_abuse,merchant growth pattern raises risk;IP velocity raises risk;customer_historical_spend_mean lowers risk
txn_959c0fe9d91b,0.9855823612452864,1,0.985582,1,ml_only,0,,,,,,,,1,merchant_ecosystem_abuse,gift_card_abuse,merchant growth pattern raises risk;IP velocity raises risk;customer_historical_spend_mean lowers risk
txn_a9bdc8704606,0.9952016663875212,1,0.995202,1,ml_only,0,,,,,,,,1,merchant_ecosystem_abuse,gift_card_abuse,merchant growth pattern raises risk;session velocity raises risk;IP velocity raises risk
txn_8e41448a3161,0.9516492765974578,1,0.951649,1,ml_only,0,,,,,,,,1,merchant_ecosystem_abuse,gift_card_abuse,merchant growth pattern raises risk;customer_historical_spend_mean lowers risk;session velocity lowers risk
txn_832ff4541d89,0.987696056254361,1,0.987696,1,ml_only,0,,,,,,,,1,merchant_ecosystem_abuse,gift_card_abuse,merchant growth pattern raises risk;customer_historical_spend_mean lowers risk;IP velocity raises risk
txn_493c55085f03,0.9957647858858558,1,0.995765,1,ml_only,0,,,,,,,,1,merchant_ecosystem_abuse,gift_card_abuse,merchant growth pattern raises risk;session velocity raises risk;customer_historical_spend_mean lowers risk
txn_1ef089eb12c2,0.9700208858894989,1,0.970021,1,ml_only,0,,,,,,,,1,merchant_ecosystem_abuse,gift_card_abuse,merchant growth pattern raises risk;customer_historical_spend_mean lowers risk;session velocity lowers risk
txn_3dfcb08fbadd,0.9919359845089852,1,0.991936,1,ml_only,0,,,,,,,,1,merchant_ecosystem_abuse,gift_card_abuse,merchant growth pattern raises risk;high generated risk score raises risk;customer_historical_spend_mean lowers risk
txn_1c9e6c8ff9e7,0.994901034889377,1,0.994901,1,ml_only,0,,,,,,,,1,merchant_ecosystem_abuse,gift_card_abuse,merchant growth pattern raises risk;session velocity raises risk;customer_historical_spend_mean lowers risk
txn_8ddf02a36fdd,0.9613183460972876,1,0.961318,1,ml_only,0,,,,,,,,1,merchant_ecosystem_abuse,gift_card_abuse,merchant growth pattern raises risk;customer_historical_spend_mean lowers risk;session velocity lowers risk
txn_0202a8ebe868,0.980860941221449,1,0.980861,1,ml_only,0,,,,,,,,1,merchant_ecosystem_abuse,gift_card_abuse,merchant growth pattern raises risk;customer_historical_spend_mean lowers risk;customer one-hour velocity lowers risk
txn_e4d0b9d1545f,0.9967713931412344,1,0.996771,1,ml_only,0,,,,,,,,1,merchant_ecosystem_abuse,gift_card_abuse,merchant growth pattern raises risk;session velocity raises risk;customer_historical_spend_mean lowers risk
txn_15384cf75eb4,0.9821281170972499,1,0.982128,1,ml_only,0,,,,,,,,1,merchant_ecosystem_abuse,gift_card_abuse,merchant growth pattern raises risk;customer_historical_spend_mean lowers risk;session velocity lowers risk
txn_de17f5fb8e2d,0.9788898191686491,1,0.97889,1,ml_only,0,,,,,,,,1,merchant_ecosystem_abuse,gift_card_abuse,merchant growth pattern raises risk;high generated risk score lowers risk;customer_historical_spend_mean lowers risk
txn_90e54ba3aac3,0.9987632161757197,1,0.998763,1,ml_only,0,,,,,,,,1,merchant_ecosystem_abuse,gift_card_abuse,merchant growth pattern raises risk;session velocity raises risk;high generated risk score raises risk
txn_b7a93ba6cd2a,0.9816418008558182,1,0.981642,1,ml_only,0,,,,,,,,1,merchant_ecosystem_abuse,gift_card_abuse,merchant growth pattern raises risk;high generated risk score raises risk;customer_historical_spend_mean lowers risk
txn_08027de4a25b,0.995076257806804,1,0.995076,1,ml_only,0,,,,,,,,1,merchant_ecosystem_abuse,gift_card_abuse,merchant growth pattern raises risk;high generated risk score raises risk;customer_historical_spend_mean lowers risk
txn_a17d76a4d675,0.9949402476011079,1,0.99494,1,ml_only,0,,,,,,,,1,merchant_ecosystem_abuse,gift_card_abuse,merchant growth pattern raises risk;session velocity raises risk;customer_historical_spend_mean lowers risk
txn_958488cd3a37,0.9759259364211577,1,0.975926,1,ml_only,0,,,,,,,,1,merchant_ecosystem_abuse,gift_card_abuse,merchant growth pattern raises risk;customer_historical_spend_mean lowers risk;session velocity lowers risk
txn_51ef65158d9f,0.9731324900321326,1,0.973132,1,ml_only,0,,,,,,,,1,merchant_ecosystem_abuse,gift_card_abuse,merchant growth pattern raises risk;customer_historical_spend_mean lowers risk;customer one-hour velocity lowers risk
txn_8716414c5ff1,0.9895837872420535,1,0.989584,1,ml_only,0,,,,,,,,1,merchant_ecosystem_abuse,gift_card_abuse,merchant growth pattern raises risk;session velocity raises risk;customer_historical_spend_mean lowers risk
txn_3fa22b08ea32,0.9583103970258875,1,0.95831,1,ml_only,0,,,,,,,,1,merchant_ecosystem_abuse,gift_card_abuse,merchant growth pattern raises risk;customer_historical_spend_mean lowers risk;session velocity lowers risk
txn_8dff95a12618,0.9860285299230509,1,0.986029,1,ml_only,0,,,,,,,,1,merchant_ecosystem_abuse,gift_card_abuse,merchant growth pattern raises risk;high generated risk score raises risk;customer_historical_spend_mean lowers risk
txn_b455ea49a2bd,0.9920251387382394,1,0.992025,1,ml_only,0,,,,,,,,1,merchant_ecosystem_abuse,gift_card_abuse,merchant growth pattern raises risk;session velocity raises risk;customer_historical_spend_mean lowers risk
txn_814290fd30dc,0.9667533547240226,1,0.966753,1,ml_only,0,,,,,,,,1,merchant_ecosystem_abuse,gift_card_abuse,merchant growth pattern raises risk;customer_historical_spend_mean lowers risk;session velocity lowers risk
txn_244d96b1d5f1,0.9932495362013382,1,0.99325,1,ml_only,0,,,,,,,,1,merchant_ecosystem_abuse,gift_card_abuse,merchant growth pattern raises risk;high generated risk score raises risk;customer_historical_spend_mean lowers risk
txn_a86ea747ac62,0.9892001630795879,1,0.9892,1,ml_only,0,,,,,,,,1,merchant_ecosystem_abuse,gift_card_abuse,merchant growth pattern raises risk;session velocity raises risk;customer_historical_spend_mean lowers risk
txn_255927829108,0.9744101765478074,1,0.97441,1,ml_only,0,,,,,,,,1,merchant_ecosystem_abuse,gift_card_abuse,merchant growth pattern raises risk;high generated risk score raises risk;customer_historical_spend_mean lowers risk
txn_e269fe52e04a,0.9873170653784568,1,0.987317,1,ml_only,0,,,,,,,,1,merchant_ecosystem_abuse,gift_card_abuse,merchant growth pattern raises risk;customer_historical_spend_mean lowers risk;customer payment cadence raises risk
txn_f92bbbc03b2f,0.9954065620719126,1,0.995407,1,ml_only,0,,,,,,,,1,merchant_ecosystem_abuse,gift_card_abuse,merchant growth pattern raises risk;session velocity raises risk;customer_historical_spend_mean lowers risk
txn_c4bee1673d7f,0.9733651428590073,1,0.973365,1,ml_only,0,,,,,,,,1,merchant_ecosystem_abuse,gift_card_abuse,merchant growth pattern raises risk;customer_historical_spend_mean lowers risk;session velocity lowers risk
txn_0406c381c78a,0.9940826748419372,1,0.994083,1,ml_only,0,,,,,,,,1,merchant_ecosystem_abuse,gift_card_abuse,merchant growth pattern raises risk;high generated risk score raises risk;customer_historical_spend_mean lowers risk
txn_98e1b98bc9e5,0.9932754250964129,1,0.993275,1,ml_only,0,,,,,,,,1,merchant_ecosystem_abuse,gift_card_abuse,merchant growth pattern raises risk;session velocity raises risk;customer_historical_spend_mean lowers risk
txn_f37d349d2f73,0.9881312083910355,1,0.988131,1,ml_only,0,,,,,,,,1,merchant_ecosystem_abuse,gift_card_abuse,merchant growth pattern raises risk;high generated risk score raises risk;customer_historical_spend_mean lowers risk
txn_868b49cf5461,0.9855171156116406,1,0.985517,1,ml_only,0,,,,,,,,1,merchant_ecosystem_abuse,gift_card_abuse,merchant growth pattern raises risk;customer_historical_spend_mean lowers risk;customer one-hour velocity lowers risk
txn_094aa2308afb,0.9888507212197843,1,0.988851,1,ml_only,0,,,,,,,,1,merchant_ecosystem_abuse,gift_card_abuse,merchant growth pattern raises risk;session velocity raises risk;customer_historical_spend_mean lowers risk
txn_009de8254dcc,0.9743353280190542,1,0.974335,1,ml_only,0,,,,,,,,1,merchant_ecosystem_abuse,gift_card_abuse,merchant growth pattern raises risk;customer_historical_spend_mean lowers risk;session velocity lowers risk
txn_5c835191ad89,0.9845698259185036,1,0.98457,1,ml_only,0,,,,,,,,1,merchant_ecosystem_abuse,gift_card_abuse,merchant growth pattern raises risk;customer_historical_spend_mean lowers risk;customer payment cadence raises risk
txn_6cea0b5d10e6,0.9952083533479654,1,0.995208,1,ml_only,0,,,,,,,,1,merchant_ecosystem_abuse,gift_card_abuse,merchant growth pattern raises risk;session velocity raises risk;customer_historical_spend_mean lowers risk
txn_7b0195e8a5dd,0.9748154352271107,1,0.974815,1,ml_only,0,,,,,,,,1,merchant_ecosystem_abuse,gift_card_abuse,merchant growth pattern raises risk;customer_historical_spend_mean lowers risk;session velocity lowers risk
txn_b51df0da6899,0.9731139771025227,1,0.973114,1,ml_only,0,,,,,,,,1,merchant_ecosystem_abuse,gift_card_abuse,merchant growth pattern raises risk;customer_historical_spend_mean lowers risk;customer one-hour velocity lowers risk
txn_6f65f4541cb7,0.993817864693952,1,0.993818,1,ml_only,0,,,,,,,,1,merchant_ecosystem_abuse,gift_card_abuse,merchant growth pattern raises risk;session velocity raises risk;customer_historical_spend_mean lowers risk
txn_1f3e68e078a6,0.9585795044859409,1,0.95858,1,ml_only,0,,,,,,,,1,merchant_ecosystem_abuse,gift_card_abuse,merchant growth pattern raises risk;customer_historical_spend_mean lowers risk;session velocity lowers risk
txn_bac922f2f395,0.9935526085595802,1,0.993553,1,ml_only,0,,,,,,,,1,merchant_ecosystem_abuse,gift_card_abuse,merchant growth pattern raises risk;high generated risk score raises risk;customer_historical_spend_mean lowers risk
txn_d139dd07e563,0.9961990830789126,1,0.996199,1,ml_only,0,,,,,,,,1,merchant_ecosystem_abuse,gift_card_abuse,merchant growth pattern raises risk;session velocity raises risk;customer_historical_spend_mean lowers risk
txn_e8a0f8797daa,0.9723372533810146,1,0.972337,1,ml_only,0,,,,,,,,1,merchant_ecosystem_abuse,gift_card_abuse,merchant growth pattern raises risk;customer_historical_spend_mean lowers risk;session velocity lowers risk
txn_34af3d1eb267,0.9862211191386023,1,0.986221,1,ml_only,0,,,,,,,,1,merchant_ecosystem_abuse,gift_card_abuse,merchant growth pattern raises risk;customer_historical_spend_mean lowers risk;customer one-hour velocity lowers risk
txn_dd24215ccb22,0.9950677249224614,1,0.995068,1,ml_only,0,,,,,,,,1,merchant_ecosystem_abuse,gift_card_abuse,merchant growth pattern raises risk;session velocity raises risk;customer_historical_spend_mean lowers risk
txn_66ba62d01e12,0.9755159357708469,1,0.975516,1,ml_only,0,,,,,,,,1,merchant_ecosystem_abuse,gift_card_abuse,merchant growth pattern raises risk;customer_historical_spend_mean lowers risk;session velocity lowers risk
txn_adbac2da0764,0.9943800392022315,1,0.99438,1,ml_only,0,,,,,,,,1,merchant_ecosystem_abuse,gift_card_abuse,merchant growth pattern raises risk;high generated risk score raises risk;customer_historical_spend_mean lowers risk
txn_9fe0e4b335e1,0.9956201631798745,1,0.99562,1,ml_only,0,,,,,,,,1,merchant_ecosystem_abuse,gift_card_abuse,merchant growth pattern raises risk;session velocity raises risk;customer_historical_spend_mean lowers risk
txn_8312b3c4f8ad,0.9613153875171616,1,0.961315,1,ml_only,0,,,,,,,,1,merchant_ecosystem_abuse,gift_card_abuse,merchant growth pattern raises risk;customer_historical_spend_mean lowers risk;session velocity lowers risk
txn_326e253840f0,0.9826817000522673,1,0.982682,1,ml_only,0,,,,,,,,1,merchant_ecosystem_abuse,gift_card_abuse,merchant growth pattern raises risk;customer_historical_spend_mean lowers risk;high generated risk score lowers risk
txn_f4743bd6ff2b,0.9972594236946629,1,0.997259,1,ml_only,0,,,,,,,,1,merchant_ecosystem_abuse,gift_card_abuse,merchant growth pattern raises risk;session velocity raises risk;customer_historical_spend_mean lowers risk
txn_647f5ce1ed99,0.9878523560033129,1,0.987852,1,ml_only,0,,,,,,,,1,merchant_ecosystem_abuse,gift_card_abuse,merchant growth pattern raises risk;customer_historical_spend_mean lowers risk;session velocity lowers risk
txn_156cf1c7c83b,0.9942217702957258,1,0.994222,1,ml_only,0,,,,,,,,1,merchant_ecosystem_abuse,gift_card_abuse,merchant growth pattern raises risk;customer_historical_spend_mean lowers risk;customer one-hour velocity lowers risk
txn_42e10ce40990,0.9771010250828795,1,0.977101,1,ml_only,0,,,,,,,,1,merchant_ecosystem_abuse,mule_laundering,transaction_type_code raises risk;customer payment cadence lowers risk;high generated risk score raises risk
txn_e12d0ec55110,0.9980715349040526,1,0.998072,1,ml_only,0,,,,,,,,1,merchant_ecosystem_abuse,mule_laundering,transaction_type_code raises risk;payment_method_type_code lowers risk;high generated risk score raises risk
txn_d6ccbb13255f,0.9994564691939628,1,0.999456,1,ml_only,0,,,,,,,,1,merchant_ecosystem_abuse,mule_laundering,transaction_type_code raises risk;session velocity raises risk;payment_method_type_code lowers risk
txn_161efaa64ad0,0.9920275960496074,1,0.992028,1,ml_only,0,,,,,,,,1,merchant_ecosystem_abuse,mule_laundering,transaction_type_code raises risk;payment_method_type_code lowers risk;session velocity lowers risk
txn_541eb8a7fc61,0.9988585223904681,1,0.998859,1,ml_only,0,,,,,,,,1,merchant_ecosystem_abuse,mule_laundering,transaction_type_code raises risk;high generated risk score raises risk;payment_method_type_code lowers risk
txn_d47fdfef2952,0.9995654109933816,1,0.999565,1,ml_only,0,,,,,,,,1,merchant_ecosystem_abuse,mule_laundering,transaction_type_code raises risk;session velocity raises risk;payment_method_type_code lowers risk
txn_86f9622b5d07,0.9971010098075661,1,0.997101,1,ml_only,0,,,,,,,,1,merchant_ecosystem_abuse,mule_laundering,transaction_type_code raises risk;high generated risk score raises risk;IP velocity raises risk
txn_03a3393f8786,0.9993304193781717,1,0.99933,1,ml_only,0,,,,,,,,1,merchant_ecosystem_abuse,mule_laundering,transaction_type_code raises risk;high generated risk score raises risk;IP velocity raises risk
txn_9794d85bea65,0.999494618425527,1,0.999495,1,ml_only,0,,,,,,,,1,merchant_ecosystem_abuse,mule_laundering,transaction_type_code raises risk;session velocity raises risk;IP velocity raises risk
txn_3d4e88752e03,0.9985892903560762,1,0.998589,1,ml_only,0,,,,,,,,1,merchant_ecosystem_abuse,mule_laundering,transaction_type_code raises risk;IP velocity raises risk;high generated risk score raises risk
txn_232cb3da11a7,0.9997401598626983,1,0.99974,1,ml_only,0,,,,,,,,1,merchant_ecosystem_abuse,mule_laundering,transaction_type_code raises risk;IP velocity raises risk;high generated risk score raises risk
txn_5e636996df29,0.9999300441719489,1,0.99993,1,ml_only,0,,,,,,,,1,merchant_ecosystem_abuse,mule_laundering,transaction_type_code raises risk;IP velocity raises risk;session velocity raises risk
txn_52ad536f5ab3,0.998626934066086,1,0.998627,1,ml_only,0,,,,,,,,1,merchant_ecosystem_abuse,mule_laundering,transaction_type_code raises risk;IP velocity raises risk;payment_method_type_code lowers risk
txn_a4f6daa3f037,0.9995622711628254,1,0.999562,1,ml_only,0,,,,,,,,1,merchant_ecosystem_abuse,mule_laundering,transaction_type_code raises risk;IP velocity raises risk;high generated risk score raises risk
txn_166c746333b4,0.9991930383061614,1,0.999193,1,ml_only,0,,,,,,,,1,merchant_ecosystem_abuse,mule_laundering,transaction_type_code raises risk;IP velocity raises risk;session velocity raises risk
txn_b4252ffaa81e,0.9979730111482676,1,0.997973,1,ml_only,0,,,,,,,,1,merchant_ecosystem_abuse,mule_laundering,transaction_type_code raises risk;IP velocity raises risk;payment_method_type_code lowers risk
txn_09aa4edea284,0.999610796279323,1,0.999611,1,ml_only,0,,,,,,,,1,merchant_ecosystem_abuse,mule_laundering,transaction_type_code raises risk;high generated risk score raises risk;IP velocity raises risk
txn_010e073780ae,0.999800454044353,1,0.9998,1,ml_only,0,,,,,,,,1,merchant_ecosystem_abuse,mule_laundering,transaction_type_code raises risk;session velocity raises risk;IP velocity raises risk
txn_b70a87feb6b7,0.9975843606507585,1,0.997584,1,ml_only,0,,,,,,,,1,merchant_ecosystem_abuse,mule_laundering,transaction_type_code raises risk;high generated risk score raises risk;payment_method_type_code lowers risk
txn_3c5b13a3b6fc,0.9975804432687556,1,0.99758,1,ml_only,0,,,,,,,,1,merchant_ecosystem_abuse,mule_laundering,transaction_type_code raises risk;payment_method_type_code lowers risk;merchant refund behavior raises risk
txn_e2cd66f13344,0.9994456658798938,1,0.999446,1,ml_only,0,,,,,,,,1,merchant_ecosystem_abuse,mule_laundering,transaction_type_code raises risk;session velocity raises risk;payment_method_type_code lowers risk
txn_d1915de9e69c,0.9977292149125403,1,0.997729,1,ml_only,0,,,,,,,,1,merchant_ecosystem_abuse,mule_laundering,transaction_type_code raises risk;high generated risk score raises risk;payment_method_type_code lowers risk
txn_b00b5ccaffa3,0.9991125983903357,1,0.999113,1,ml_only,0,,,,,,,,1,merchant_ecosystem_abuse,mule_laundering,transaction_type_code raises risk;high generated risk score raises risk;payment_method_type_code lowers risk
txn_6463ff5e4563,0.999676152532043,1,0.999676,1,ml_only,0,,,,,,,,1,merchant_ecosystem_abuse,mule_laundering,transaction_type_code raises risk;session velocity raises risk;high generated risk score raises risk
txn_8d79a387b81c,0.9977769761739854,1,0.997777,1,ml_only,0,,,,,,,,1,merchant_ecosystem_abuse,mule_laundering,transaction_type_code raises risk;high generated risk score raises risk;payment_method_type_code lowers risk
txn_8272c5317e6d,0.9984188095592055,1,0.998419,1,ml_only,0,,,,,,,,1,merchant_ecosystem_abuse,mule_laundering,transaction_type_code raises risk;high generated risk score raises risk;payment_method_type_code lowers risk
txn_f1838aff4edc,0.9994629945706224,1,0.999463,1,ml_only,0,,,,,,,,1,merchant_ecosystem_abuse,mule_laundering,transaction_type_code raises risk;session velocity raises risk;payment_method_type_code lowers risk
txn_242de1beb9fc,0.9975067876767955,1,0.997507,1,ml_only,0,,,,,,,,1,merchant_ecosystem_abuse,mule_laundering,transaction_type_code raises risk;high generated risk score raises risk;payment_method_type_code lowers risk
txn_db8a89cd63c1,0.9976983574878756,1,0.997698,1,ml_only,0,,,,,,,,1,merchant_ecosystem_abuse,mule_laundering,transaction_type_code raises risk;high generated risk score raises risk;payment_method_type_code lowers risk
txn_766c2af42175,0.9993058209673915,1,0.999306,1,ml_only,0,,,,,,,,1,merchant_ecosystem_abuse,mule_laundering,transaction_type_code raises risk;session velocity raises risk;payment_method_type_code lowers risk
txn_edf77ae6dde6,0.9974113628156248,1,0.997411,1,ml_only,0,,,,,,,,1,merchant_ecosystem_abuse,mule_laundering,transaction_type_code raises risk;high generated risk score raises risk;payment_method_type_code lowers risk
txn_ba17bc0863d2,0.9993401605528195,1,0.99934,1,ml_only,0,,,,,,,,1,merchant_ecosystem_abuse,mule_laundering,transaction_type_code raises risk;high generated risk score raises risk;payment_method_type_code lowers risk
txn_7e81345f7c07,0.999550185716827,1,0.99955,1,ml_only,0,,,,,,,,1,merchant_ecosystem_abuse,mule_laundering,transaction_type_code raises risk;high generated risk score raises risk;session velocity raises risk
txn_596f83a07dad,0.9957486542365767,1,0.995749,1,ml_only,0,,,,,,,,1,merchant_ecosystem_abuse,mule_laundering,transaction_type_code raises risk;payment_method_type_code lowers risk;session velocity lowers risk
txn_d0fdb02c7a87,0.998412571672188,1,0.998413,1,ml_only,0,,,,,,,,1,merchant_ecosystem_abuse,mule_laundering,transaction_type_code raises risk;payment_method_type_code lowers risk;merchant refund behavior raises risk
txn_123c29c96d13,0.9996092697584747,1,0.999609,1,ml_only,0,,,,,,,,1,merchant_ecosystem_abuse,mule_laundering,transaction_type_code raises risk;session velocity raises risk;high generated risk score raises risk
txn_40db92f3132e,0.9973748022761358,1,0.997375,1,ml_only,0,,,,,,,,1,merchant_ecosystem_abuse,mule_laundering,transaction_type_code raises risk;high generated risk score raises risk;payment_method_type_code lowers risk
txn_5badaa55a7b1,0.998860351852812,1,0.99886,1,ml_only,0,,,,,,,,1,merchant_ecosystem_abuse,mule_laundering,transaction_type_code raises risk;high generated risk score raises risk;payment_method_type_code lowers risk
txn_99f0895ae9cd,0.9995234383424266,1,0.999523,1,ml_only,0,,,,,,,,1,merchant_ecosystem_abuse,mule_laundering,transaction_type_code raises risk;session velocity raises risk;payment_method_type_code lowers risk
txn_4f3e104614c5,0.9960477610506125,1,0.996048,1,ml_only,0,,,,,,,,1,merchant_ecosystem_abuse,mule_laundering,transaction_type_code raises risk;payment_method_type_code lowers risk;session velocity lowers risk
txn_cd90b2ac4e3b,0.9988684478986479,1,0.998868,1,ml_only,0,,,,,,,,1,merchant_ecosystem_abuse,mule_laundering,transaction_type_code raises risk;high generated risk score raises risk;payment_method_type_code lowers risk
txn_521edba690ef,0.999663580796783,1,0.999664,1,ml_only,0,,,,,,,,1,merchant_ecosystem_abuse,mule_laundering,transaction_type_code raises risk;session velocity raises risk;high generated risk score raises risk
txn_24f097cd7824,0.9958657320759327,1,0.995866,1,ml_only,0,,,,,,,,1,merchant_ecosystem_abuse,mule_laundering,transaction_type_code raises risk;payment_method_type_code lowers risk;session velocity lowers risk
txn_b093bceaa30c,0.9994198398572716,1,0.99942,1,ml_only,0,,,,,,,,1,merchant_ecosystem_abuse,mule_laundering,transaction_type_code raises risk;high generated risk score raises risk;payment_method_type_code lowers risk
txn_6dc678917791,0.9988959796710148,1,0.998896,1,ml_only,0,,,,,,,,1,merchant_ecosystem_abuse,mule_laundering,transaction_type_code raises risk;session velocity raises risk;payment_method_type_code lowers risk
txn_caf5fbbf1198,0.9940538052018477,1,0.994054,1,ml_only,0,,,,,,,,1,merchant_ecosystem_abuse,mule_laundering,transaction_type_code raises risk;payment_method_type_code lowers risk;session velocity lowers risk
txn_492dfa223828,0.9990374279067513,1,0.999037,1,ml_only,0,,,,,,,,1,merchant_ecosystem_abuse,mule_laundering,transaction_type_code raises risk;payment_method_type_code lowers risk;merchant refund behavior raises risk
txn_d2af54f33313,0.9997989032763037,1,0.999799,1,ml_only,0,,,,,,,,1,merchant_ecosystem_abuse,mule_laundering,transaction_type_code raises risk;high generated risk score raises risk;session velocity raises risk
txn_9f611a491fec,0.9950713554117524,1,0.995071,1,ml_only,0,,,,,,,,1,merchant_ecosystem_abuse,mule_laundering,transaction_type_code raises risk;high generated risk score raises risk;payment_method_type_code lowers risk
txn_dfd74643373d,0.9981156755388709,1,0.998116,1,ml_only,0,,,,,,,,1,merchant_ecosystem_abuse,mule_laundering,transaction_type_code raises risk;payment_method_type_code lowers risk;high generated risk score raises risk
txn_bd4046141d67,0.9993604572781334,1,0.99936,1,ml_only,0,,,,,,,,1,merchant_ecosystem_abuse,mule_laundering,transaction_type_code raises risk;session velocity raises risk;high generated risk score raises risk
txn_b71fe4801ed8,0.9940438634824285,1,0.994044,1,ml_only,0,,,,,,,,1,merchant_ecosystem_abuse,mule_laundering,transaction_type_code raises risk;payment_method_type_code lowers risk;session velocity lowers risk
txn_4be7d6e254ca,0.9990499887497754,1,0.99905,1,ml_only,0,,,,,,,,1,merchant_ecosystem_abuse,mule_laundering,transaction_type_code raises risk;high generated risk score raises risk;payment_method_type_code lowers risk
txn_3c67ab61fc03,0.9991723940767959,1,0.999172,1,ml_only,0,,,,,,,,1,merchant_ecosystem_abuse,mule_laundering,transaction_type_code raises risk;session velocity raises risk;payment_method_type_code lowers risk
txn_d2c7a18da95d,0.9975839469782626,1,0.997584,1,ml_only,0,,,,,,,,1,merchant_ecosystem_abuse,mule_laundering,transaction_type_code raises risk;payment_method_type_code lowers risk;session velocity lowers risk
txn_a579c7849464,0.9988411129394016,1,0.998841,1,ml_only,0,,,,,,,,1,merchant_ecosystem_abuse,mule_laundering,transaction_type_code raises risk;high generated risk score raises risk;payment_method_type_code lowers risk
txn_63504f00c5d5,0.9993248517531498,1,0.999325,1,ml_only,0,,,,,,,,1,merchant_ecosystem_abuse,mule_laundering,transaction_type_code raises risk;session velocity raises risk;payment_method_type_code lowers risk
txn_add92a6f1c40,0.9960297183819337,1,0.99603,1,ml_only,0,,,,,,,,1,merchant_ecosystem_abuse,mule_laundering,transaction_type_code raises risk;payment_method_type_code lowers risk;session velocity lowers risk
txn_7f748562d6a6,0.9986169302166519,1,0.998617,1,ml_only,0,,,,,,,,1,merchant_ecosystem_abuse,mule_laundering,transaction_type_code raises risk;payment_method_type_code lowers risk;merchant refund behavior raises risk
txn_3fcfd16d00c5,0.9996877522938792,1,0.999688,1,ml_only,0,,,,,,,,1,merchant_ecosystem_abuse,mule_laundering,transaction_type_code raises risk;session velocity raises risk;high generated risk score raises risk
txn_0250fae90011,0.9942942108789298,1,0.994294,1,ml_only,0,,,,,,,,1,merchant_ecosystem_abuse,mule_laundering,transaction_type_code raises risk;payment_method_type_code lowers risk;session velocity lowers risk
txn_a5eb46ea3402,0.9988837669648873,1,0.998884,1,ml_only,0,,,,,,,,1,merchant_ecosystem_abuse,mule_laundering,transaction_type_code raises risk;payment_method_type_code lowers risk;merchant refund behavior raises risk
txn_3ec3584012ae,0.9998320398486916,1,0.999832,1,ml_only,0,,,,,,,,1,merchant_ecosystem_abuse,mule_laundering,transaction_type_code raises risk;session velocity raises risk;high generated risk score raises risk
txn_14d96a995f74,0.9975728446456096,1,0.997573,1,ml_only,0,,,,,,,,1,merchant_ecosystem_abuse,mule_laundering,transaction_type_code raises risk;payment_method_type_code lowers risk;session velocity lowers risk
txn_0255cf24321a,0.9993421528781549,1,0.999342,1,ml_only,0,,,,,,,,1,merchant_ecosystem_abuse,mule_laundering,transaction_type_code raises risk;high generated risk score raises risk;payment_method_type_code lowers risk
txn_bf309679dfc3,0.9995979100042013,1,0.999598,1,ml_only,0,,,,,,,,1,merchant_ecosystem_abuse,mule_laundering,transaction_type_code raises risk;session velocity raises risk;payment_method_type_code lowers risk
txn_47b0b15774ce,0.9982378359325815,1,0.998238,1,ml_only,0,,,,,,,,1,merchant_ecosystem_abuse,mule_laundering,transaction_type_code raises risk;payment_method_type_code lowers risk;session velocity lowers risk
txn_76bccdb1d3d2,0.9993733039498361,1,0.999373,1,ml_only,0,,,,,,,,1,merchant_ecosystem_abuse,mule_laundering,transaction_type_code raises risk;high generated risk score raises risk;payment_method_type_code lowers risk
txn_6a080114bbe7,0.9997975813929822,1,0.999798,1,ml_only,0,,,,,,,,1,merchant_ecosystem_abuse,mule_laundering,transaction_type_code raises risk;session velocity raises risk;high generated risk score raises risk
txn_3341bb324528,0.9985356108630965,1,0.998536,1,ml_only,0,,,,,,,,1,merchant_ecosystem_abuse,mule_laundering,transaction_type_code raises risk;high generated risk score raises risk;payment_method_type_code lowers risk
txn_510db086d84b,0.9989797079524738,1,0.99898,1,ml_only,0,,,,,,,,1,merchant_ecosystem_abuse,mule_laundering,transaction_type_code raises risk;payment_method_type_code lowers risk;merchant refund behavior raises risk
txn_998d0942c579,0.9998065158342666,1,0.999807,1,ml_only,0,,,,,,,,1,merchant_ecosystem_abuse,mule_laundering,transaction_type_code raises risk;session velocity raises risk;high generated risk score raises risk
txn_37a70ddb6f1a,0.9911816064844405,1,0.991182,1,ml_only,0,,,,,,,,1,merchant_ecosystem_abuse,mule_laundering,transaction_type_code raises risk;payment_method_type_code lowers risk;session velocity lowers risk
txn_026891d0346f,0.9991197034378825,1,0.99912,1,ml_only,0,,,,,,,,1,merchant_ecosystem_abuse,mule_laundering,transaction_type_code raises risk;high generated risk score raises risk;payment_method_type_code lowers risk
txn_5360e620841e,0.9996993114924391,1,0.999699,1,ml_only,0,,,,,,,,1,merchant_ecosystem_abuse,mule_laundering,transaction_type_code raises risk;session velocity raises risk;high generated risk score raises risk
txn_7ea28acc75f0,0.997742093759081,1,0.997742,1,ml_only,0,,,,,,,,1,merchant_ecosystem_abuse,mule_laundering,transaction_type_code raises risk;high generated risk score raises risk;payment_method_type_code lowers risk
txn_d2f91290a55b,0.999434671106451,1,0.999435,1,ml_only,0,,,,,,,,1,merchant_ecosystem_abuse,mule_laundering,transaction_type_code raises risk;high generated risk score raises risk;payment_method_type_code lowers risk
txn_46f51ed55775,0.9996825398240768,1,0.999683,1,ml_only,0,,,,,,,,1,merchant_ecosystem_abuse,mule_laundering,transaction_type_code raises risk;session velocity raises risk;payment_method_type_code lowers risk
txn_b5114bc33b44,0.9966886935434397,1,0.996689,1,ml_only,0,,,,,,,,1,merchant_ecosystem_abuse,mule_laundering,transaction_type_code raises risk;payment_method_type_code lowers risk;session velocity lowers risk
txn_5e36f8c40eeb,0.9992422977075986,1,0.999242,1,ml_only,0,,,,,,,,1,merchant_ecosystem_abuse,mule_laundering,transaction_type_code raises risk;high generated risk score raises risk;payment_method_type_code lowers risk
txn_65dc501ac93e,0.9994033557163179,1,0.999403,1,ml_only,0,,,,,,,,1,merchant_ecosystem_abuse,mule_laundering,transaction_type_code raises risk;session velocity raises risk;payment_method_type_code lowers risk
txn_bbc229502388,0.9965570764040651,1,0.996557,1,ml_only,0,,,,,,,,1,merchant_ecosystem_abuse,mule_laundering,transaction_type_code raises risk;payment_method_type_code lowers risk;session velocity lowers risk
txn_2aaa1a49adbe,0.998376743317024,1,0.998377,1,ml_only,0,,,,,,,,1,merchant_ecosystem_abuse,mule_laundering,transaction_type_code raises risk;payment_method_type_code lowers risk;merchant refund behavior raises risk
txn_480d5e450623,0.9996962291025137,1,0.999696,1,ml_only,0,,,,,,,,1,merchant_ecosystem_abuse,mule_laundering,transaction_type_code raises risk;session velocity raises risk;payment_method_type_code lowers risk
txn_50633e0493aa,0.996218534613275,1,0.996219,1,ml_only,0,,,,,,,,1,merchant_ecosystem_abuse,mule_laundering,transaction_type_code raises risk;payment_method_type_code lowers risk;session velocity lowers risk
txn_e1fec475e628,0.9991385941550044,1,0.999139,1,ml_only,0,,,,,,,,1,merchant_ecosystem_abuse,mule_laundering,transaction_type_code raises risk;payment_method_type_code lowers risk;merchant refund behavior raises risk
txn_3bdb69921565,0.9998340817605466,1,0.999834,1,ml_only,0,,,,,,,,1,merchant_ecosystem_abuse,mule_laundering,transaction_type_code raises risk;session velocity raises risk;payment_method_type_code lowers risk
txn_ed9711c6d0df,0.9978924584505205,1,0.997892,1,ml_only,0,,,,,,,,1,merchant_ecosystem_abuse,mule_laundering,transaction_type_code raises risk;payment_method_type_code lowers risk;session velocity lowers risk
txn_10314c0dae1e,0.9993458859191859,1,0.999346,1,ml_only,0,,,,,,,,1,merchant_ecosystem_abuse,mule_laundering,transaction_type_code raises risk;payment_method_type_code lowers risk;merchant refund behavior raises risk
txn_41de633d27c9,0.9997113152499626,1,0.999711,1,ml_only,0,,,,,,,,1,merchant_ecosystem_abuse,mule_laundering,transaction_type_code raises risk;session velocity raises risk;high generated risk score raises risk
txn_307969976b01,0.997139756658405,1,0.99714,1,ml_only,0,,,,,,,,1,merchant_ecosystem_abuse,mule_laundering,transaction_type_code raises risk;payment_method_type_code lowers risk;session velocity lowers risk
txn_64f2446640fa,0.9996139791387211,1,0.999614,1,ml_only,0,,,,,,,,1,merchant_ecosystem_abuse,mule_laundering,transaction_type_code raises risk;high generated risk score raises risk;payment_method_type_code lowers risk
txn_0e0314ff1fd3,0.9997804436675292,1,0.99978,1,ml_only,0,,,,,,,,1,merchant_ecosystem_abuse,mule_laundering,transaction_type_code raises risk;session velocity raises risk;high generated risk score raises risk
txn_57a5d4d34d73,0.9986850530643908,1,0.998685,1,ml_only,0,,,,,,,,1,merchant_ecosystem_abuse,mule_laundering,transaction_type_code raises risk;payment_method_type_code lowers risk;session velocity lowers risk
txn_2c1d6d4a3d12,0.9994460670190894,1,0.999446,1,ml_only,0,,,,,,,,1,merchant_ecosystem_abuse,mule_laundering,transaction_type_code raises risk;high generated risk score raises risk;payment_method_type_code lowers risk
txn_594267960a36,0.9997307171689533,1,0.999731,1,ml_only,0,,,,,,,,1,merchant_ecosystem_abuse,mule_laundering,transaction_type_code raises risk;session velocity raises risk;payment_method_type_code lowers risk
txn_987ae044e4c7,0.9986111384530574,1,0.998611,1,ml_only,0,,,,,,,,1,merchant_ecosystem_abuse,mule_laundering,transaction_type_code raises risk;high generated risk score raises risk;payment_method_type_code lowers risk
txn_3210195a0f13,0.999569893840208,1,0.99957,1,ml_only,0,,,,,,,,1,merchant_ecosystem_abuse,mule_laundering,transaction_type_code raises risk;high generated risk score raises risk;payment_method_type_code lowers risk
txn_faf69d86eb6b,0.9997852277279717,1,0.999785,1,ml_only,0,,,,,,,,1,merchant_ecosystem_abuse,mule_laundering,transaction_type_code raises risk;session velocity raises risk;high generated risk score raises risk
txn_f48a0ddba096,0.9954123169577243,1,0.995412,1,ml_only,0,,,,,,,,1,merchant_ecosystem_abuse,mule_laundering,transaction_type_code raises risk;payment_method_type_code lowers risk;session velocity lowers risk
txn_d5709e7ed248,0.9989712318181311,1,0.998971,1,ml_only,0,,,,,,,,1,merchant_ecosystem_abuse,mule_laundering,transaction_type_code raises risk;payment_method_type_code lowers risk;merchant refund behavior raises risk
txn_ff1f95519656,0.9996516714517217,1,0.999652,1,ml_only,0,,,,,,,,1,merchant_ecosystem_abuse,mule_laundering,transaction_type_code raises risk;session velocity raises risk;payment_method_type_code lowers risk
txn_827475c91f05,0.9965859913196173,1,0.996586,1,ml_only,0,,,,,,,,1,merchant_ecosystem_abuse,mule_laundering,transaction_type_code raises risk;payment_method_type_code lowers risk;session velocity lowers risk
txn_0ea9dbb9e1ca,0.9989845548752552,1,0.998985,1,ml_only,0,,,,,,,,1,merchant_ecosystem_abuse,mule_laundering,transaction_type_code raises risk;payment_method_type_code lowers risk;merchant refund behavior raises risk
txn_a6bb50eb7fe9,0.9997814995408033,1,0.999781,1,ml_only,0,,,,,,,,1,merchant_ecosystem_abuse,mule_laundering,transaction_type_code raises risk;session velocity raises risk;high generated risk score raises risk
txn_9ee8f799e74d,0.9969127781428748,1,0.996913,1,ml_only,0,,,,,,,,1,merchant_ecosystem_abuse,mule_laundering,transaction_type_code raises risk;payment_method_type_code lowers risk;session velocity lowers risk
txn_ce9166e14395,0.999354167951433,1,0.999354,1,ml_only,0,,,,,,,,1,merchant_ecosystem_abuse,mule_laundering,transaction_type_code raises risk;payment_method_type_code lowers risk;merchant refund behavior raises risk
txn_8fe74b1a5f8e,0.9998777321645874,1,0.999878,1,ml_only,0,,,,,,,,1,merchant_ecosystem_abuse,mule_laundering,transaction_type_code raises risk;session velocity raises risk;high generated risk score raises risk
txn_484608ab3932,0.9980413958234347,1,0.998041,1,ml_only,0,,,,,,,,1,merchant_ecosystem_abuse,mule_laundering,transaction_type_code raises risk;payment_method_type_code lowers risk;session velocity lowers risk
txn_3746e86776f5,0.9992182456421086,1,0.999218,1,ml_only,0,,,,,,,,1,merchant_ecosystem_abuse,mule_laundering,transaction_type_code raises risk;payment_method_type_code lowers risk;merchant refund behavior raises risk
txn_5da4b9481464,0.9995981567480202,1,0.999598,1,ml_only,0,,,,,,,,1,merchant_ecosystem_abuse,mule_laundering,transaction_type_code raises risk;session velocity raises risk;payment_method_type_code lowers risk
txn_268335bfa6e6,0.9979328752897477,1,0.997933,1,ml_only,0,,,,,,,,1,merchant_ecosystem_abuse,mule_laundering,transaction_type_code raises risk;payment_method_type_code lowers risk;session velocity lowers risk
txn_a406760cb1b1,0.9990946226422307,1,0.999095,1,ml_only,0,,,,,,,,1,merchant_ecosystem_abuse,mule_laundering,transaction_type_code raises risk;payment_method_type_code lowers risk;merchant refund behavior raises risk
txn_f60dc13ce01e,0.9997352126041292,1,0.999735,1,ml_only,0,,,,,,,,1,merchant_ecosystem_abuse,mule_laundering,transaction_type_code raises risk;session velocity raises risk;payment_method_type_code lowers risk
txn_89c6b6220c2a,0.9988642715378776,1,0.998864,1,ml_only,0,,,,,,,,1,merchant_ecosystem_abuse,mule_laundering,transaction_type_code raises risk;payment_method_type_code lowers risk;high generated risk score raises risk
txn_9213ab7e7b17,0.9994593958107167,1,0.999459,1,ml_only,0,,,,,,,,1,merchant_ecosystem_abuse,mule_laundering,transaction_type_code raises risk;payment_method_type_code lowers risk;merchant refund behavior raises risk
txn_f460263d5e24,0.9998599494142926,1,0.99986,1,ml_only,0,,,,,,,,1,merchant_ecosystem_abuse,mule_laundering,transaction_type_code raises risk;session velocity raises risk;payment_method_type_code lowers risk
txn_314e03b1590a,0.9989423880607684,1,0.998942,1,ml_only,0,,,,,,,,1,merchant_ecosystem_abuse,mule_laundering,transaction_type_code raises risk;high generated risk score raises risk;payment_method_type_code lowers risk
txn_396ce5a98aa0,0.9997300389989827,1,0.99973,1,ml_only,0,,,,,,,,1,merchant_ecosystem_abuse,mule_laundering,transaction_type_code raises risk;payment_method_type_code lowers risk;device reuse pattern raises risk
txn_f8ce23ef5196,0.9998425239955171,1,0.999843,1,ml_only,0,,,,,,,,1,merchant_ecosystem_abuse,mule_laundering,transaction_type_code raises risk;session velocity raises risk;high generated risk score raises risk
txn_1c91a0bdf41b,0.9972114552042812,1,0.997211,1,ml_only,0,,,,,,,,1,merchant_ecosystem_abuse,mule_laundering,transaction_type_code raises risk;payment_method_type_code lowers risk;session velocity lowers risk
txn_8dd5b9dcee3e,0.998907000811844,1,0.998907,1,ml_only,0,,,,,,,,1,merchant_ecosystem_abuse,mule_laundering,transaction_type_code raises risk;payment_method_type_code lowers risk;device reuse pattern raises risk
txn_0021b0c66040,0.9997028558132223,1,0.999703,1,ml_only,0,,,,,,,,1,merchant_ecosystem_abuse,mule_laundering,transaction_type_code raises risk;session velocity raises risk;payment_method_type_code lowers risk
txn_9c8847e1c76c,0.9988555316014915,1,0.998856,1,ml_only,0,,,,,,,,1,merchant_ecosystem_abuse,mule_laundering,transaction_type_code raises risk;payment_method_type_code lowers risk;high generated risk score raises risk
txn_ce99b8358446,0.9988329848813107,1,0.998833,1,ml_only,0,,,,,,,,1,merchant_ecosystem_abuse,mule_laundering,transaction_type_code raises risk;payment_method_type_code lowers risk;device reuse pattern raises risk
txn_20ce7b8cfe67,0.9995158588027283,1,0.999516,1,ml_only,0,,,,,,,,1,merchant_ecosystem_abuse,mule_laundering,transaction_type_code raises risk;session velocity raises risk;payment_method_type_code lowers risk
txn_e21866b761e4,0.9989069671562569,1,0.998907,1,ml_only,0,,,,,,,,1,merchant_ecosystem_abuse,mule_laundering,transaction_type_code raises risk;payment_method_type_code lowers risk;high generated risk score raises risk
txn_d70a5738645b,0.49934757022067106,1,0.499348,1,ml_only,0,,,,,,,,1,merchant_ecosystem_abuse,marketplace_seller_fraud,customer_historical_spend_mean raises risk;customer payment cadence lowers risk;session velocity lowers risk
txn_44d72273e8fa,0.9554714576485535,1,0.955471,1,ml_only,0,,,,,,,,1,merchant_ecosystem_abuse,marketplace_seller_fraud,customer_historical_spend_mean raises risk;customer one-hour velocity lowers risk;merchant refund behavior raises risk
txn_fe37dc50d4f2,0.9846541181710908,1,0.984654,1,ml_only,0,,,,,,,,1,merchant_ecosystem_abuse,marketplace_seller_fraud,session velocity raises risk;customer_historical_spend_mean raises risk;merchant refund behavior raises risk
txn_fd08d0bb8df2,0.9379516777873338,1,0.937952,1,ml_only,0,,,,,,,,1,merchant_ecosystem_abuse,marketplace_seller_fraud,customer_historical_spend_mean raises risk;session velocity lowers risk;high generated risk score lowers risk
txn_86840d116742,0.9720244784599484,1,0.972024,1,ml_only,0,,,,,,,,1,merchant_ecosystem_abuse,marketplace_seller_fraud,customer_historical_spend_mean raises risk;merchant refund behavior raises risk;customer one-hour velocity lowers risk
txn_025dfbfa621c,0.9878634813011669,1,0.987863,1,ml_only,0,,,,,,,,1,merchant_ecosystem_abuse,marketplace_seller_fraud,session velocity raises risk;customer_historical_spend_mean raises risk;IP velocity raises risk
txn_3dbeeec0c4d5,0.9764977069759452,1,0.976498,1,ml_only,0,,,,,,,,1,merchant_ecosystem_abuse,marketplace_seller_fraud,IP velocity raises risk;customer_historical_spend_mean raises risk;session velocity lowers risk
txn_200db85b6f3b,0.9931183005837645,1,0.993118,1,ml_only,0,,,,,,,,1,merchant_ecosystem_abuse,marketplace_seller_fraud,IP velocity raises risk;customer_historical_spend_mean raises risk;customer one-hour velocity lowers risk
txn_be93566814b7,0.9990314514630174,1,0.999031,1,ml_only,0,,,,,,,,1,merchant_ecosystem_abuse,marketplace_seller_fraud,IP velocity raises risk;session velocity raises risk;customer_historical_spend_mean raises risk
txn_d37a67a74d1b,0.9894468758698546,1,0.989447,1,ml_only,0,,,,,,,,1,merchant_ecosystem_abuse,marketplace_seller_fraud,IP velocity raises risk;customer_historical_spend_mean raises risk;session velocity lowers risk
txn_f11a73d0e69e,0.9988949215339681,1,0.998895,1,ml_only,0,,,,,,,,1,merchant_ecosystem_abuse,marketplace_seller_fraud,IP velocity raises risk;high generated risk score raises risk;customer_historical_spend_mean raises risk
txn_a1d04c2d5c24,0.9980314479876993,1,0.998031,1,ml_only,0,,,,,,,,1,merchant_ecosystem_abuse,marketplace_seller_fraud,IP velocity raises risk;session velocity raises risk;customer_historical_spend_mean raises risk
txn_93144cbd0c79,0.9737714729873168,1,0.973771,1,ml_only,0,,,,,,,,1,merchant_ecosystem_abuse,marketplace_seller_fraud,IP velocity raises risk;customer_historical_spend_mean raises risk;high generated risk score lowers risk
txn_a82667f21709,0.9944573736514917,1,0.994457,1,ml_only,0,,,,,,,,1,merchant_ecosystem_abuse,marketplace_seller_fraud,IP velocity raises risk;customer_historical_spend_mean raises risk;merchant refund behavior raises risk
txn_774d158ba85b,0.9979122756176606,1,0.997912,1,ml_only,0,,,,,,,,1,merchant_ecosystem_abuse,marketplace_seller_fraud,high generated risk score raises risk;session velocity raises risk;customer_historical_spend_mean raises risk
txn_cfea30b894ed,0.9696420876682126,1,0.969642,1,ml_only,0,,,,,,,,1,merchant_ecosystem_abuse,marketplace_seller_fraud,customer_historical_spend_mean raises risk;IP velocity raises risk;session velocity lowers risk
txn_5e7f41e7e5b8,0.9874595208959831,1,0.98746,1,ml_only,0,,,,,,,,1,merchant_ecosystem_abuse,marketplace_seller_fraud,customer_historical_spend_mean raises risk;IP velocity raises risk;merchant refund behavior raises risk
txn_dc0a8b8b7a13,0.9898072300714781,1,0.989807,1,ml_only,0,,,,,,,,1,merchant_ecosystem_abuse,marketplace_seller_fraud,session velocity raises risk;customer_historical_spend_mean raises risk;customer one-hour velocity lowers risk
txn_ccbfd3541315,0.9864515837333533,1,0.986452,1,ml_only,0,,,,,,,,1,merchant_ecosystem_abuse,marketplace_seller_fraud,customer_historical_spend_mean raises risk;high generated risk score raises risk;session velocity lowers risk
txn_0987a2ad1f0e,0.9824883127289894,1,0.982488,1,ml_only,0,,,,,,,,1,merchant_ecosystem_abuse,marketplace_seller_fraud,customer_historical_spend_mean raises risk;customer one-hour velocity lowers risk;merchant refund behavior raises risk
txn_0c01c7250c64,0.994743588930708,1,0.994744,1,ml_only,0,,,,,,,,1,merchant_ecosystem_abuse,marketplace_seller_fraud,session velocity raises risk;customer_historical_spend_mean raises risk;merchant refund behavior raises risk
txn_fa9848c733d9,0.8931104620711242,1,0.89311,1,ml_only,0,,,,,,,,1,merchant_ecosystem_abuse,marketplace_seller_fraud,customer_historical_spend_mean raises risk;high generated risk score lowers risk;session velocity lowers risk
txn_693cad4c01c5,0.984303008202159,1,0.984303,1,ml_only,0,,,,,,,,1,merchant_ecosystem_abuse,marketplace_seller_fraud,customer_historical_spend_mean raises risk;merchant refund behavior raises risk;customer payment cadence raises risk
txn_24f5e71978d5,0.9968229640741431,1,0.996823,1,ml_only,0,,,,,,,,1,merchant_ecosystem_abuse,marketplace_seller_fraud,session velocity raises risk;customer_historical_spend_mean raises risk;high generated risk score raises risk
txn_fd9e51d0ffdd,0.985918155082758,1,0.985918,1,ml_only,0,,,,,,,,1,merchant_ecosystem_abuse,marketplace_seller_fraud,high generated risk score raises risk;customer_historical_spend_mean raises risk;session velocity lowers risk
txn_2060afed29bf,0.9826641507961951,1,0.982664,1,ml_only,0,,,,,,,,1,merchant_ecosystem_abuse,marketplace_seller_fraud,customer_historical_spend_mean raises risk;merchant refund behavior raises risk;customer one-hour velocity lowers risk
txn_bb9e5a59e5dd,0.991072379677036,1,0.991072,1,ml_only,0,,,,,,,,1,merchant_ecosystem_abuse,marketplace_seller_fraud,session velocity raises risk;customer_historical_spend_mean raises risk;merchant refund behavior raises risk
txn_cdd0961bbdd4,0.9623605677664422,1,0.962361,1,ml_only,0,,,,,,,,1,merchant_ecosystem_abuse,marketplace_seller_fraud,customer_historical_spend_mean raises risk;session velocity lowers risk;customer one-hour velocity lowers risk
txn_d6cfc519d76b,0.9919004381351091,1,0.9919,1,ml_only,0,,,,,,,,1,merchant_ecosystem_abuse,marketplace_seller_fraud,customer_historical_spend_mean raises risk;customer one-hour velocity lowers risk;merchant refund behavior raises risk
txn_26385b13044f,0.9926918045634014,1,0.992692,1,ml_only,0,,,,,,,,1,merchant_ecosystem_abuse,marketplace_seller_fraud,session velocity raises risk;customer_historical_spend_mean raises risk;merchant refund behavior raises risk
txn_800f83618ad7,0.974401413017187,1,0.974401,1,ml_only,0,,,,,,,,1,merchant_ecosystem_abuse,marketplace_seller_fraud,customer_historical_spend_mean raises risk;session velocity lowers risk;high generated risk score raises risk
txn_715407e79719,0.955980644018257,1,0.955981,1,ml_only,0,,,,,,,,1,merchant_ecosystem_abuse,marketplace_seller_fraud,customer_historical_spend_mean raises risk;high generated risk score lowers risk;customer one-hour velocity lowers risk
txn_56830a17c50d,0.9904857020612032,1,0.990486,1,ml_only,0,,,,,,,,1,merchant_ecosystem_abuse,marketplace_seller_fraud,session velocity raises risk;customer_historical_spend_mean raises risk;high generated risk score lowers risk
txn_32b89d65ade3,0.9788800316388006,1,0.97888,1,ml_only,0,,,,,,,,1,merchant_ecosystem_abuse,marketplace_seller_fraud,customer_historical_spend_mean raises risk;session velocity lowers risk;merchant refund behavior raises risk
txn_e5f61a4fd8fc,0.987104221002818,1,0.987104,1,ml_only,0,,,,,,,,1,merchant_ecosystem_abuse,marketplace_seller_fraud,customer_historical_spend_mean raises risk;customer one-hour velocity lowers risk;merchant refund behavior raises risk
txn_799b2893fb24,0.9876601680038162,1,0.98766,1,ml_only,0,,,,,,,,1,merchant_ecosystem_abuse,marketplace_seller_fraud,session velocity raises risk;customer_historical_spend_mean raises risk;customer one-hour velocity lowers risk
txn_b05a6db247e4,0.9323713592542393,1,0.932371,1,ml_only,0,,,,,,,,1,merchant_ecosystem_abuse,marketplace_seller_fraud,customer_historical_spend_mean raises risk;session velocity lowers risk;customer one-hour velocity lowers risk
txn_746d4ec88b4b,0.486212,1,0.34316,1,hybrid_ml_llm,1,local_lmstudio,0.82,0.78,step_up_authentication,"The transaction exhibits several concerning patterns including billing/shipping mismatch, zero historical transactions for both customer and merchant, low device IP reputation score, and a high ML fraud score (0.34316 > threshold 0.32). The lack of historical transaction activity combined with the sudden large payment raises suspicion.",billing_shipping_mismatch;zero_customer_transaction_history;low_device_ip_reputation_score;high_ml_fraud_score,,1,merchant_ecosystem_abuse,triangulation_fraud,customer payment cadence lowers risk;high generated risk score raises risk;customer_historical_spend_mean raises risk
txn_925bc92d6086,0.8473961241321701,1,0.847396,1,ml_only,0,,,,,,,,1,merchant_ecosystem_abuse,triangulation_fraud,IP velocity raises risk;customer_historical_spend_mean raises risk;customer one-hour velocity lowers risk
txn_23bb156656bb,0.9824055358322,1,0.982406,1,ml_only,0,,,,,,,,1,merchant_ecosystem_abuse,triangulation_fraud,session velocity raises risk;IP velocity raises risk;customer_historical_spend_mean raises risk
txn_1403944e674d,0.795735740285943,1,0.795736,1,ml_only,0,,,,,,,,1,merchant_ecosystem_abuse,triangulation_fraud,IP velocity raises risk;high generated risk score lowers risk;customer_historical_spend_mean raises risk
txn_bec4ef6e2761,0.9509275117110335,1,0.950928,1,ml_only,0,,,,,,,,1,merchant_ecosystem_abuse,triangulation_fraud,IP velocity raises risk;customer_historical_spend_mean raises risk;customer payment cadence raises risk
txn_6cf646ab4f59,0.9838158201573662,1,0.983816,1,ml_only,0,,,,,,,,1,merchant_ecosystem_abuse,triangulation_fraud,IP velocity raises risk;session velocity raises risk;customer_historical_spend_mean raises risk
txn_e172756be4d3,0.9709732084851515,1,0.970973,1,ml_only,0,,,,,,,,1,merchant_ecosystem_abuse,triangulation_fraud,IP velocity raises risk;high generated risk score raises risk;customer_historical_spend_mean raises risk
txn_26660ebfc004,0.9657380632930402,1,0.965738,1,ml_only,0,,,,,,,,1,merchant_ecosystem_abuse,triangulation_fraud,IP velocity raises risk;customer_historical_spend_mean raises risk;high generated risk score lowers risk
txn_c817b286bb0d,0.9851837971570724,1,0.985184,1,ml_only,0,,,,,,,,1,merchant_ecosystem_abuse,triangulation_fraud,IP velocity raises risk;session velocity raises risk;customer_historical_spend_mean raises risk
txn_bd9c1da69def,0.9189976828252943,1,0.918998,1,ml_only,0,,,,,,,,1,merchant_ecosystem_abuse,triangulation_fraud,IP velocity raises risk;customer_historical_spend_mean raises risk;session velocity lowers risk
txn_13ebf5292298,0.9748822383520264,1,0.974882,1,ml_only,0,,,,,,,,1,merchant_ecosystem_abuse,triangulation_fraud,IP velocity raises risk;customer_historical_spend_mean raises risk;customer one-hour velocity lowers risk
txn_961409f92b74,0.9893596204396118,1,0.98936,1,ml_only,0,,,,,,,,1,merchant_ecosystem_abuse,triangulation_fraud,IP velocity raises risk;session velocity raises risk;customer_historical_spend_mean raises risk
txn_1225f101d55c,0.9497932153921835,1,0.949793,1,ml_only,0,,,,,,,,1,merchant_ecosystem_abuse,triangulation_fraud,IP velocity raises risk;customer_historical_spend_mean raises risk;session velocity lowers risk
txn_425c885552df,0.9682698582122355,1,0.96827,1,ml_only,0,,,,,,,,1,merchant_ecosystem_abuse,triangulation_fraud,IP velocity raises risk;customer_historical_spend_mean raises risk;customer one-hour velocity lowers risk
txn_2ce11d0ef2df,0.982908832231947,1,0.982909,1,ml_only,0,,,,,,,,1,merchant_ecosystem_abuse,triangulation_fraud,IP velocity raises risk;session velocity raises risk;customer_historical_spend_mean raises risk
txn_4c18ede36838,0.8579516370794577,1,0.857952,1,ml_only,0,,,,,,,,1,merchant_ecosystem_abuse,triangulation_fraud,IP velocity raises risk;customer_historical_spend_mean raises risk;session velocity lowers risk
txn_03f7d58bab29,0.9424530952277684,1,0.942453,1,ml_only,0,,,,,,,,1,merchant_ecosystem_abuse,triangulation_fraud,IP velocity raises risk;customer_historical_spend_mean raises risk;customer one-hour velocity lowers risk
txn_d7ff4e5d78a1,0.9524323275912219,1,0.952432,1,ml_only,0,,,,,,,,1,merchant_ecosystem_abuse,triangulation_fraud,session velocity raises risk;IP velocity raises risk;high generated risk score lowers risk
txn_cd7b9f25b15f,0.8057726106507069,1,0.805773,1,ml_only,0,,,,,,,,1,merchant_ecosystem_abuse,triangulation_fraud,IP velocity raises risk;high generated risk score lowers risk;customer_historical_spend_mean raises risk
txn_c3b9f6356044,0.9332948695533809,1,0.933295,1,ml_only,0,,,,,,,,1,merchant_ecosystem_abuse,triangulation_fraud,IP velocity raises risk;customer_historical_spend_mean raises risk;customer one-hour velocity lowers risk
txn_34f9da4b482a,0.9464229066595841,1,0.946423,1,ml_only,0,,,,,,,,1,merchant_ecosystem_abuse,triangulation_fraud,session velocity raises risk;high generated risk score lowers risk;customer_historical_spend_mean raises risk
txn_bdf7ff731151,0.8074936559637449,1,0.807494,1,ml_only,0,,,,,,,,1,merchant_ecosystem_abuse,triangulation_fraud,customer_historical_spend_mean raises risk;session velocity lowers risk;IP velocity raises risk
txn_1ff0f178b366,0.87941648272105,1,0.879416,1,ml_only,0,,,,,,,,1,merchant_ecosystem_abuse,triangulation_fraud,high generated risk score lowers risk;customer_historical_spend_mean raises risk;IP velocity raises risk
txn_b3363c621cfd,0.9421569071333077,1,0.942157,1,ml_only,0,,,,,,,,1,merchant_ecosystem_abuse,triangulation_fraud,session velocity raises risk;customer_historical_spend_mean raises risk;IP velocity raises risk
txn_6f0abd4eb316,0.9172531822398081,1,0.917253,1,ml_only,0,,,,,,,,1,merchant_ecosystem_abuse,triangulation_fraud,customer_historical_spend_mean raises risk;session velocity lowers risk;high generated risk score raises risk
txn_a2c5b13490b4,0.9730574382099932,1,0.973057,1,ml_only,0,,,,,,,,1,merchant_ecosystem_abuse,triangulation_fraud,customer_historical_spend_mean raises risk;IP velocity raises risk;high generated risk score raises risk
txn_d9ce56592fef,0.979145375012931,1,0.979145,1,ml_only,0,,,,,,,,1,merchant_ecosystem_abuse,triangulation_fraud,session velocity raises risk;customer_historical_spend_mean raises risk;IP velocity raises risk
txn_704a85f6cb0d,0.719468304267706,1,0.719468,1,ml_only,0,,,,,,,,1,merchant_ecosystem_abuse,triangulation_fraud,customer_historical_spend_mean raises risk;session velocity lowers risk;IP velocity raises risk
txn_a6fee6f15738,0.9446147639780511,1,0.944615,1,ml_only,0,,,,,,,,1,merchant_ecosystem_abuse,triangulation_fraud,customer_historical_spend_mean raises risk;IP velocity raises risk;customer one-hour velocity lowers risk
txn_b417c6442e72,0.9673692784733205,1,0.967369,1,ml_only,0,,,,,,,,1,merchant_ecosystem_abuse,triangulation_fraud,session velocity raises risk;customer_historical_spend_mean raises risk;IP velocity raises risk
txn_8d2367f16077,0.16409436073131783,0,0.164094,0,ml_only,0,,,,,,,,1,post_transaction_abuse,alternative_refund_abuse,transaction_type_code raises risk;customer payment cadence lowers risk;customer account age lowers risk
txn_be7b67e21d14,0.9341313065696516,1,0.934131,1,ml_only,0,,,,,,,,1,post_transaction_abuse,alternative_refund_abuse,transaction_type_code raises risk;IP velocity raises risk;customer account age lowers risk
txn_54512f83e51f,0.9908217011984373,1,0.990822,1,ml_only,0,,,,,,,,1,post_transaction_abuse,alternative_refund_abuse,transaction_type_code raises risk;session velocity raises risk;IP velocity raises risk
txn_9bb0d2b404fd,0.946370335522946,1,0.94637,1,ml_only,0,,,,,,,,1,post_transaction_abuse,alternative_refund_abuse,transaction_type_code raises risk;IP velocity raises risk;customer account age lowers risk
txn_ad0d6a2c6384,0.9710360357137853,1,0.971036,1,ml_only,0,,,,,,,,1,post_transaction_abuse,alternative_refund_abuse,transaction_type_code raises risk;IP velocity raises risk;customer account age lowers risk
txn_0f44e456b03c,0.9876215293214459,1,0.987622,1,ml_only,0,,,,,,,,1,post_transaction_abuse,alternative_refund_abuse,transaction_type_code raises risk;IP velocity raises risk;session velocity raises risk
txn_d44a9432e9ec,0.9773181864508143,1,0.977318,1,ml_only,0,,,,,,,,1,post_transaction_abuse,alternative_refund_abuse,transaction_type_code raises risk;IP velocity raises risk;customer account age lowers risk
txn_377199e9e877,0.9938192453626165,1,0.993819,1,ml_only,0,,,,,,,,1,post_transaction_abuse,alternative_refund_abuse,transaction_type_code raises risk;IP velocity raises risk;customer account age lowers risk
txn_98f0eaba9302,0.9950540786698756,1,0.995054,1,ml_only,0,,,,,,,,1,post_transaction_abuse,alternative_refund_abuse,IP velocity raises risk;transaction_type_code raises risk;session velocity raises risk
txn_9d2347542196,0.897858373735866,1,0.897858,1,ml_only,0,,,,,,,,1,post_transaction_abuse,chargeback_fraud,transaction_type_code raises risk;merchant growth pattern raises risk;customer payment cadence lowers risk
txn_72ba690bcf64,0.9940591022776185,1,0.994059,1,ml_only,0,,,,,,,,1,post_transaction_abuse,chargeback_fraud,transaction_type_code raises risk;merchant growth pattern raises risk;customer_historical_spend_mean raises risk
txn_e263ae4b4663,0.997984202184667,1,0.997984,1,ml_only,0,,,,,,,,1,post_transaction_abuse,chargeback_fraud,transaction_type_code raises risk;session velocity raises risk;merchant growth pattern raises risk
txn_0c8f193725fc,0.9821718285830496,1,0.982172,1,ml_only,0,,,,,,,,1,post_transaction_abuse,chargeback_fraud,transaction_type_code raises risk;merchant growth pattern raises risk;session velocity lowers risk
txn_1a59b45607e0,0.9983148901418203,1,0.998315,1,ml_only,0,,,,,,,,1,post_transaction_abuse,chargeback_fraud,transaction_type_code raises risk;merchant growth pattern raises risk;IP velocity raises risk
txn_aa40cf0372ba,0.9987119338511138,1,0.998712,1,ml_only,0,,,,,,,,1,post_transaction_abuse,chargeback_fraud,transaction_type_code raises risk;session velocity raises risk;merchant growth pattern raises risk
txn_5a68172535ec,0.9969075280796013,1,0.996908,1,ml_only,0,,,,,,,,1,post_transaction_abuse,chargeback_fraud,transaction_type_code raises risk;IP velocity raises risk;merchant growth pattern raises risk
txn_ae2cfae4c1d7,0.9989643922497647,1,0.998964,1,ml_only,0,,,,,,,,1,post_transaction_abuse,chargeback_fraud,transaction_type_code raises risk;IP velocity raises risk;merchant growth pattern raises risk
txn_34d1bb37d28b,0.9998437567748558,1,0.999844,1,ml_only,0,,,,,,,,1,post_transaction_abuse,chargeback_fraud,transaction_type_code raises risk;IP velocity raises risk;session velocity raises risk
txn_37cfe3465930,0.9969927045315295,1,0.996993,1,ml_only,0,,,,,,,,1,post_transaction_abuse,chargeback_fraud,transaction_type_code raises risk;IP velocity raises risk;merchant growth pattern raises risk
txn_de5a88acb2b7,0.357754,1,0.296791,0,hybrid_ml_llm,1,local_lmstudio,0.5,0.4,review,"虽然交易金额相对较低,但存在账单地址与送货地址不匹配的情况。此外,客户账户年龄较短且没有交易记录,设备IP声誉评分较低,而商户年龄较长且有交易记录。这些信号表明可能存在欺诈行为。",billing_shipping_mismatch;customer_account_age_days;device_ip_reputation_score;merchant_age_days,,1,post_transaction_abuse,non_delivery_claim,transaction_type_code raises risk;customer payment cadence lowers risk;high generated risk score lowers risk
txn_a30e1b15e999,0.9354891579585103,1,0.935489,1,ml_only,0,,,,,,,,1,post_transaction_abuse,non_delivery_claim,transaction_type_code raises risk;amount deviation from customer history lowers risk;customer_historical_spend_mean lowers risk
txn_0aff0d57aad2,0.9804685965575644,1,0.980469,1,ml_only,0,,,,,,,,1,post_transaction_abuse,non_delivery_claim,transaction_type_code raises risk;session velocity raises risk;IP velocity raises risk
txn_0eb30c49447a,0.760352865482521,1,0.760353,1,ml_only,0,,,,,,,,1,post_transaction_abuse,non_delivery_claim,transaction_type_code raises risk;session velocity lowers risk;amount deviation from customer history lowers risk
txn_ffe3f096064e,0.9750253002278925,1,0.975025,1,ml_only,0,,,,,,,,1,post_transaction_abuse,non_delivery_claim,transaction_type_code raises risk;IP velocity raises risk;customer_historical_spend_mean lowers risk
txn_4983ce83b2dd,0.9759273065085579,1,0.975927,1,ml_only,0,,,,,,,,1,post_transaction_abuse,non_delivery_claim,transaction_type_code raises risk;session velocity raises risk;IP velocity raises risk
txn_5de4a7882d74,0.9502490412565823,1,0.950249,1,ml_only,0,,,,,,,,1,post_transaction_abuse,non_delivery_claim,transaction_type_code raises risk;IP velocity raises risk;session velocity lowers risk
txn_d4eb846769da,0.9865249070708618,1,0.986525,1,ml_only,0,,,,,,,,1,post_transaction_abuse,non_delivery_claim,transaction_type_code raises risk;IP velocity raises risk;customer one-hour velocity lowers risk
txn_76ed44cdf554,0.992602386343085,1,0.992602,1,ml_only,0,,,,,,,,1,post_transaction_abuse,non_delivery_claim,transaction_type_code raises risk;session velocity raises risk;IP velocity raises risk
txn_183e12f1b790,0.19269427020866856,0,0.192694,0,ml_only,0,,,,,,,,1,post_transaction_abuse,refund_fraud,transaction_type_code raises risk;customer payment cadence lowers risk;session velocity lowers risk
txn_031ba5d4b8c8,0.7824966619901743,1,0.782497,1,ml_only,0,,,,,,,,1,post_transaction_abuse,refund_fraud,transaction_type_code raises risk;high generated risk score lowers risk;customer one-hour velocity lowers risk
txn_3548d04c1ee2,0.9554288147731497,1,0.955429,1,ml_only,0,,,,,,,,1,post_transaction_abuse,refund_fraud,transaction_type_code raises risk;session velocity raises risk;IP velocity raises risk
txn_d6e116a4578a,0.8632528752750162,1,0.863253,1,ml_only,0,,,,,,,,1,post_transaction_abuse,refund_fraud,transaction_type_code raises risk;IP velocity raises risk;session velocity lowers risk
txn_438bb133d0dc,0.9068510128528979,1,0.906851,1,ml_only,0,,,,,,,,1,post_transaction_abuse,refund_fraud,transaction_type_code raises risk;IP velocity raises risk;customer one-hour velocity lowers risk
txn_3fcbbce9c22d,0.9862648686367106,1,0.986265,1,ml_only,0,,,,,,,,1,post_transaction_abuse,refund_fraud,transaction_type_code raises risk;IP velocity raises risk;session velocity raises risk
txn_b9142faed698,0.9677554286514838,1,0.967755,1,ml_only,0,,,,,,,,1,post_transaction_abuse,refund_fraud,transaction_type_code raises risk;IP velocity raises risk;session velocity lowers risk
txn_ff5ab1eaa685,0.977605420791371,1,0.977605,1,ml_only,0,,,,,,,,1,post_transaction_abuse,refund_fraud,transaction_type_code raises risk;IP velocity raises risk;customer_historical_spend_mean raises risk
txn_e277d2155cc2,0.06541946186816525,0,0.065419,0,ml_only,0,,,,,,,,1,post_transaction_abuse,return_policy_abuse,transaction_type_code raises risk;customer payment cadence lowers risk;customer account age lowers risk
txn_da7bc51205a3,0.7684218440162568,1,0.768422,1,ml_only,0,,,,,,,,1,post_transaction_abuse,return_policy_abuse,transaction_type_code raises risk;customer account age lowers risk;customer one-hour velocity lowers risk
txn_3aa7ce5849a9,0.9669167180417708,1,0.966917,1,ml_only,0,,,,,,,,1,post_transaction_abuse,return_policy_abuse,transaction_type_code raises risk;session velocity raises risk;high generated risk score raises risk
txn_3185d4693869,0.6856081834534676,1,0.685608,1,ml_only,0,,,,,,,,1,post_transaction_abuse,return_policy_abuse,transaction_type_code raises risk;customer account age lowers risk;session velocity lowers risk
txn_5ee2c81fbe38,0.9052207566401667,1,0.905221,1,ml_only,0,,,,,,,,1,post_transaction_abuse,return_policy_abuse,transaction_type_code raises risk;IP velocity raises risk;high generated risk score lowers risk
txn_e0186e580217,0.9593028259280629,1,0.959303,1,ml_only,0,,,,,,,,1,post_transaction_abuse,return_policy_abuse,transaction_type_code raises risk;session velocity raises risk;IP velocity raises risk
txn_337205e92f7b,0.8528584933799893,1,0.852858,1,ml_only,0,,,,,,,,1,post_transaction_abuse,return_policy_abuse,transaction_type_code raises risk;IP velocity raises risk;customer account age lowers risk
txn_d0b83a96a666,0.9380604217076394,1,0.93806,1,ml_only,0,,,,,,,,1,post_transaction_abuse,return_policy_abuse,transaction_type_code raises risk;IP velocity raises risk;customer account age lowers risk
txn_57b4dad7d46d,0.9623193427536595,1,0.962319,1,ml_only,0,,,,,,,,1,post_transaction_abuse,return_policy_abuse,transaction_type_code raises risk;session velocity raises risk;IP velocity raises risk
txn_39e3f9fae7fa,0.8444977627114084,1,0.844498,1,ml_only,0,,,,,,,,1,post_transaction_abuse,return_policy_abuse,transaction_type_code raises risk;high generated risk score raises risk;customer account age lowers risk
txn_57d8763683e5,0.8653088985531769,1,0.865309,1,ml_only,0,,,,,,,,1,post_transaction_abuse,return_policy_abuse,transaction_type_code raises risk;customer account age lowers risk;customer payment cadence raises risk
txn_0f1640ad1ebd,0.9167327804721356,1,0.916733,1,ml_only,0,,,,,,,,1,post_transaction_abuse,return_policy_abuse,transaction_type_code raises risk;session velocity raises risk;customer account age lowers risk
txn_d931bd0a7a88,0.40578844950128834,1,0.405788,1,ml_only,0,,,,,,,,1,post_transaction_abuse,return_policy_abuse,transaction_type_code raises risk;customer account age lowers risk;session velocity lowers risk
txn_c91086fb6ba6,0.8112168625490093,1,0.811217,1,ml_only,0,,,,,,,,1,post_transaction_abuse,return_policy_abuse,transaction_type_code raises risk;customer account age lowers risk;customer one-hour velocity lowers risk
txn_8b795bed6418,0.9179568335370725,1,0.917957,1,ml_only,0,,,,,,,,1,post_transaction_abuse,return_policy_abuse,transaction_type_code raises risk;session velocity raises risk;customer account age lowers risk
txn_b85d3e9fd0ab,0.866465087162093,1,0.866465,1,ml_only,0,,,,,,,,1,social_engineering_payment_fraud,ai_impersonation,merchant growth pattern raises risk;customer payment cadence lowers risk;merchant chargeback behavior raises risk
txn_21a3a85d2e68,0.9959666150669257,1,0.995967,1,ml_only,0,,,,,,,,1,social_engineering_payment_fraud,ai_impersonation,merchant growth pattern raises risk;high generated risk score raises risk;merchant chargeback behavior raises risk
txn_5c176ef18c79,0.9966213490165863,1,0.996621,1,ml_only,0,,,,,,,,1,social_engineering_payment_fraud,ai_impersonation,merchant growth pattern raises risk;session velocity raises risk;merchant chargeback behavior raises risk
txn_576d5ff784f1,0.9736178793245082,1,0.973618,1,ml_only,0,,,,,,,,1,social_engineering_payment_fraud,ai_impersonation,merchant growth pattern raises risk;merchant chargeback behavior raises risk;session velocity lowers risk
txn_c81fe0f5a75b,0.994796677292748,1,0.994797,1,ml_only,0,,,,,,,,1,social_engineering_payment_fraud,ai_impersonation,merchant growth pattern raises risk;merchant chargeback behavior raises risk;customer_historical_spend_mean lowers risk
txn_8c8c3a0c2abf,0.9988243384088703,1,0.998824,1,ml_only,0,,,,,,,,1,social_engineering_payment_fraud,ai_impersonation,merchant growth pattern raises risk;session velocity raises risk;merchant chargeback behavior raises risk
txn_ae5558507a5f,0.9919037171927443,1,0.991904,1,ml_only,0,,,,,,,,1,social_engineering_payment_fraud,ai_impersonation,merchant growth pattern raises risk;merchant chargeback behavior raises risk;session velocity lowers risk
txn_9c61582d4343,0.9949637203003479,1,0.994964,1,ml_only,0,,,,,,,,1,social_engineering_payment_fraud,ai_impersonation,merchant growth pattern raises risk;merchant chargeback behavior raises risk;customer_historical_spend_mean lowers risk
txn_f95d7c8d6edc,0.9986208819811023,1,0.998621,1,ml_only,0,,,,,,,,1,social_engineering_payment_fraud,ai_impersonation,merchant growth pattern raises risk;session velocity raises risk;merchant chargeback behavior raises risk
txn_64441761b42e,0.7480025973149083,1,0.748003,1,ml_only,0,,,,,,,,1,social_engineering_payment_fraud,authorized_push_payment_scam,transaction_type_code raises risk;customer payment cadence lowers risk;payment_method_type_code lowers risk
txn_ac67ebe310f3,0.9918686621367783,1,0.991869,1,ml_only,0,,,,,,,,1,social_engineering_payment_fraud,authorized_push_payment_scam,transaction_type_code raises risk;payment_method_type_code lowers risk;customer_historical_spend_mean raises risk
txn_9f2dcb0c3a96,0.9961765293353266,1,0.996177,1,ml_only,0,,,,,,,,1,social_engineering_payment_fraud,authorized_push_payment_scam,transaction_type_code raises risk;session velocity raises risk;amount deviation from customer history lowers risk
txn_9efa27e750b8,0.9795554551735679,1,0.979555,1,ml_only,0,,,,,,,,1,social_engineering_payment_fraud,authorized_push_payment_scam,transaction_type_code raises risk;IP velocity raises risk;payment_method_type_code lowers risk
txn_cb5e01bd435f,0.996034643339722,1,0.996035,1,ml_only,0,,,,,,,,1,social_engineering_payment_fraud,authorized_push_payment_scam,transaction_type_code raises risk;IP velocity raises risk;payment_method_type_code lowers risk
txn_af7d50775fc4,0.997956959723629,1,0.997957,1,ml_only,0,,,,,,,,1,social_engineering_payment_fraud,authorized_push_payment_scam,transaction_type_code raises risk;session velocity raises risk;IP velocity raises risk
txn_91adfe74823a,0.9865866620871832,1,0.986587,1,ml_only,0,,,,,,,,1,social_engineering_payment_fraud,authorized_push_payment_scam,transaction_type_code raises risk;payment_method_type_code lowers risk;customer_historical_spend_mean raises risk
txn_4cda93e6ed09,0.9931157961117629,1,0.993116,1,ml_only,0,,,,,,,,1,social_engineering_payment_fraud,authorized_push_payment_scam,transaction_type_code raises risk;payment_method_type_code lowers risk;customer_historical_spend_mean raises risk
txn_c2812ba3d33f,0.9989797549346002,1,0.99898,1,ml_only,0,,,,,,,,1,social_engineering_payment_fraud,authorized_push_payment_scam,transaction_type_code raises risk;session velocity raises risk;high generated risk score raises risk
txn_a07a16d5f820,0.9879772953042335,1,0.987977,1,ml_only,0,,,,,,,,1,social_engineering_payment_fraud,authorized_push_payment_scam,transaction_type_code raises risk;high generated risk score raises risk;payment_method_type_code lowers risk
txn_44fbdb434083,0.9919598903394855,1,0.99196,1,ml_only,0,,,,,,,,1,social_engineering_payment_fraud,authorized_push_payment_scam,transaction_type_code raises risk;payment_method_type_code lowers risk;customer_historical_spend_mean raises risk
txn_2e4accbc9abb,0.9251119017590256,1,0.925112,1,ml_only,0,,,,,,,,1,social_engineering_payment_fraud,business_email_compromise,unusual amount raises risk;merchant growth pattern raises risk;customer payment cadence lowers risk
txn_a11136999324,0.9983323383867232,1,0.998332,1,ml_only,0,,,,,,,,1,social_engineering_payment_fraud,business_email_compromise,customer amount baseline raises risk;unusual amount raises risk;merchant growth pattern raises risk
txn_5ae27e3f1ae2,0.9996298656254053,1,0.99963,1,ml_only,0,,,,,,,,1,social_engineering_payment_fraud,business_email_compromise,unusual amount raises risk;customer amount baseline raises risk;session velocity raises risk
txn_49426f728321,0.9903723487501987,1,0.990372,1,ml_only,0,,,,,,,,1,social_engineering_payment_fraud,business_email_compromise,customer amount baseline raises risk;merchant growth pattern raises risk;payment_method_type_code lowers risk
txn_0785244e8832,0.9987513185618314,1,0.998751,1,ml_only,0,,,,,,,,1,social_engineering_payment_fraud,business_email_compromise,unusual amount raises risk;customer amount baseline raises risk;merchant growth pattern raises risk
txn_bf0c890d9899,0.9995519677896669,1,0.999552,1,ml_only,0,,,,,,,,1,social_engineering_payment_fraud,business_email_compromise,unusual amount raises risk;customer amount baseline raises risk;session velocity raises risk
txn_4f54b65a1459,0.017530972145248944,0,0.017531,0,ml_only,0,,,,,,,,1,social_engineering_payment_fraud,executive_impersonation,customer payment cadence lowers risk;unusual amount raises risk;payment_method_type_code lowers risk
txn_eda2a9704c0a,0.6220113505871776,1,0.622011,1,ml_only,0,,,,,,,,1,social_engineering_payment_fraud,executive_impersonation,unusual amount raises risk;customer amount baseline raises risk;payment_method_type_code lowers risk
txn_210872184bbc,0.987517244007431,1,0.987517,1,ml_only,0,,,,,,,,1,social_engineering_payment_fraud,executive_impersonation,unusual amount raises risk;session velocity raises risk;customer amount baseline raises risk
txn_af233d455c8b,0.9963482063082709,1,0.996348,1,ml_only,0,,,,,,,,1,social_engineering_payment_fraud,executive_impersonation,unusual amount raises risk;customer amount baseline raises risk;payment_method_type_code lowers risk
txn_78e6632f123b,0.010747181069753114,0,0.010747,0,ml_only,0,,,,,,,,1,social_engineering_payment_fraud,vendor_rerouting,customer payment cadence lowers risk;payment_method_type_code lowers risk;session velocity lowers risk
txn_c8454c2a9b1d,0.49695449813604664,1,0.496954,1,ml_only,0,,,,,,,,1,social_engineering_payment_fraud,vendor_rerouting,unusual amount raises risk;payment_method_type_code lowers risk;rail_code raises risk
txn_368a78dbcef4,0.9341077901031277,1,0.934108,1,ml_only,0,,,,,,,,1,social_engineering_payment_fraud,vendor_rerouting,unusual amount raises risk;session velocity raises risk;customer amount baseline raises risk
txn_9ac9c3224094,0.8715119184396802,1,0.871512,1,ml_only,0,,,,,,,,1,social_engineering_payment_fraud,vendor_rerouting,unusual amount raises risk;customer amount baseline raises risk;payment_method_type_code lowers risk
txn_b0d16d266745,0.9890642701571816,1,0.989064,1,ml_only,0,,,,,,,,1,social_engineering_payment_fraud,vendor_rerouting,unusual amount raises risk;customer amount baseline raises risk;payment_method_type_code lowers risk
txn_980d7e92f499,0.9924509374065023,1,0.992451,1,ml_only,0,,,,,,,,1,social_engineering_payment_fraud,vendor_rerouting,unusual amount raises risk;customer amount baseline raises risk;session velocity raises risk
