transaction_id,fraud_score,prediction,ml_fraud_score,ml_prediction,decision_engine,llm_reviewed,llm_provider,llm_semantic_risk_score,llm_novelty_score,llm_recommendation,llm_rationale,llm_risk_indicators,llm_fallback,label,attack_bucket,attack_subtype,reason_codes
txn_f7006a27825f,0.009981696114247906,0,0.009982,0,ml_only,0,,,,,,,,0,,,customer payment cadence lowers risk;high generated risk score lowers risk;IP velocity lowers risk
txn_ea70572cbfcd,0.027995134794458653,0,0.027995,0,ml_only,0,,,,,,,,0,,,amount deviation from customer history lowers risk;IP velocity lowers risk;high generated risk score lowers risk
txn_19953660094d,0.040147266282603025,0,0.040147,0,ml_only,0,,,,,,,,0,,,IP velocity lowers risk;high generated risk score lowers risk;event_hour lowers risk
txn_3224fc12eb71,0.051053395683772936,0,0.051053,0,ml_only,0,,,,,,,,0,,,high generated risk score lowers risk;IP velocity lowers risk;event_hour lowers risk
txn_0159001eb6b9,0.02091173180807763,0,0.020912,0,ml_only,0,,,,,,,,0,,,customer account age lowers risk;high generated risk score lowers risk;IP velocity lowers risk
txn_4e278b64819e,0.05919012286080615,0,0.05919,0,ml_only,0,,,,,,,,0,,,customer account age lowers risk;IP velocity lowers risk;event_hour lowers risk
txn_db79c1c9230b,0.016608164395773745,0,0.016608,0,ml_only,0,,,,,,,,0,,,customer account age lowers risk;high generated risk score lowers risk;IP velocity lowers risk
txn_b8ffc7581114,0.014064349866571157,0,0.014064,0,ml_only,0,,,,,,,,0,,,customer account age lowers risk;customer payment cadence lowers risk;IP velocity lowers risk
txn_75da955712dd,0.02027816673174696,0,0.020278,0,ml_only,0,,,,,,,,0,,,customer payment cadence lowers risk;IP velocity lowers risk;event_hour lowers risk
txn_27f5627dfa11,0.06706948090790352,0,0.067069,0,ml_only,0,,,,,,,,0,,,IP velocity lowers risk;high generated risk score lowers risk;event_hour lowers risk
txn_eae8fb9aa179,0.15664943070495638,0,0.156649,0,ml_only,0,,,,,,,,0,,,IP velocity lowers risk;merchant chargeback behavior lowers risk;session velocity lowers risk
txn_8a7e7817bb1e,0.010342026216328657,0,0.010342,0,ml_only,0,,,,,,,,0,,,amount deviation from customer history lowers risk;IP velocity lowers risk;merchant chargeback behavior lowers risk
txn_68a18240dafd,0.05410559065019624,0,0.054106,0,ml_only,0,,,,,,,,0,,,customer account age lowers risk;IP velocity lowers risk;payment_method_type_code lowers risk
txn_f9469ea7b69e,0.017897297579735245,0,0.017897,0,ml_only,0,,,,,,,,0,,,customer account age lowers risk;IP velocity lowers risk;event_hour lowers risk
txn_ac327ec2d34a,0.07126114024688289,0,0.071261,0,ml_only,0,,,,,,,,0,,,customer account age lowers risk;IP velocity lowers risk;payment_method_type_code lowers risk
txn_831e7b331df5,0.018626674899252342,0,0.018627,0,ml_only,0,,,,,,,,0,,,customer payment cadence lowers risk;customer account age lowers risk;IP velocity lowers risk
txn_858a5a1f9bb5,0.03059683145976836,0,0.030597,0,ml_only,0,,,,,,,,0,,,customer payment cadence lowers risk;high generated risk score lowers risk;event_hour lowers risk
txn_eede2ac4420d,0.02727207555762729,0,0.027272,0,ml_only,0,,,,,,,,0,,,amount deviation from customer history lowers risk;IP velocity lowers risk;merchant chargeback behavior lowers risk
txn_07b0720bb2f5,0.17316004902691753,0,0.17316,0,ml_only,0,,,,,,,,0,,,IP velocity lowers risk;session velocity lowers risk;merchant chargeback behavior lowers risk
txn_3eb38a011bc8,0.27148115621890756,1,0.271481,1,ml_only,0,,,,,,,,0,,,high generated risk score lowers risk;session velocity lowers risk;IP velocity lowers risk
txn_f744d654ff85,0.021358040972291194,0,0.021358,0,ml_only,0,,,,,,,,0,,,device history lowers risk;high generated risk score lowers risk;merchant chargeback behavior lowers risk
txn_d0e4bf7b0761,0.06684277933108275,0,0.066843,0,ml_only,0,,,,,,,,0,,,device history lowers risk;session velocity lowers risk;IP velocity lowers risk
txn_0c15353d4ac0,0.003982684774975453,0,0.003983,0,ml_only,0,,,,,,,,0,,,device history lowers risk;customer payment cadence lowers risk;IP velocity lowers risk
txn_1e57958c4418,0.027960730948783603,0,0.027961,0,ml_only,0,,,,,,,,0,,,device history lowers risk;IP velocity lowers risk;session velocity lowers risk
txn_de4eb997d19b,0.014315175137461786,0,0.014315,0,ml_only,0,,,,,,,,0,,,device history lowers risk;high generated risk score lowers risk;session velocity lowers risk
txn_51e7b8bad582,0.004352928914087284,0,0.004353,0,ml_only,0,,,,,,,,0,,,device history lowers risk;customer payment cadence lowers risk;IP velocity lowers risk
txn_7e8e2569f25e,0.03845348224388791,0,0.038453,0,ml_only,0,,,,,,,,0,,,device history lowers risk;IP velocity lowers risk;session velocity lowers risk
txn_18c908505f76,0.04564585084509843,0,0.045646,0,ml_only,0,,,,,,,,0,,,device history lowers risk;high generated risk score lowers risk;IP velocity lowers risk
txn_5f9fb1a65a2a,0.005395114870195113,0,0.005395,0,ml_only,0,,,,,,,,0,,,device history lowers risk;customer account age lowers risk;IP velocity lowers risk
txn_f1b915abac15,0.010897074449284717,0,0.010897,0,ml_only,0,,,,,,,,0,,,device history lowers risk;customer account age lowers risk;high generated risk score lowers risk
txn_b899e868b263,0.014333568060996943,0,0.014334,0,ml_only,0,,,,,,,,0,,,customer account age lowers risk;IP velocity lowers risk;device history lowers risk
txn_c414fcca624a,0.006841162999427356,0,0.006841,0,ml_only,0,,,,,,,,0,,,customer account age lowers risk;customer payment cadence lowers risk;IP velocity lowers risk
txn_68c321f5a464,0.07009213482999666,0,0.070092,0,ml_only,0,,,,,,,,0,,,IP velocity lowers risk;device history lowers risk;session velocity lowers risk
txn_bda82ab4e228,0.0578790580511768,0,0.057879,0,ml_only,0,,,,,,,,0,,,device history lowers risk;session velocity lowers risk;IP velocity lowers risk
txn_82c48692e05a,0.015132715103664355,0,0.015133,0,ml_only,0,,,,,,,,0,,,customer payment cadence lowers risk;IP velocity lowers risk;device history lowers risk
txn_6de999fa69c3,0.01441513072499288,0,0.014415,0,ml_only,0,,,,,,,,0,,,IP velocity lowers risk;merchant chargeback behavior lowers risk;payment_method_type_code lowers risk
txn_af0c0e465e06,0.010766213527262817,0,0.010766,0,ml_only,0,,,,,,,,0,,,amount deviation from customer history lowers risk;IP velocity lowers risk;session velocity lowers risk
txn_f29a924f7278,0.0268445569120218,0,0.026845,0,ml_only,0,,,,,,,,0,,,customer payment cadence lowers risk;IP velocity lowers risk;session velocity lowers risk
txn_86f9737b6a88,0.05790630281317496,0,0.057906,0,ml_only,0,,,,,,,,0,,,IP velocity lowers risk;merchant chargeback behavior lowers risk;session velocity lowers risk
txn_d2cc7bf6c34c,0.11753956075607136,0,0.11754,0,ml_only,0,,,,,,,,0,,,high generated risk score lowers risk;session velocity lowers risk;IP velocity lowers risk
txn_e9b80ed8855b,0.011825594278993698,0,0.011826,0,ml_only,0,,,,,,,,0,,,device history lowers risk;IP velocity lowers risk;payment_method_type_code lowers risk
txn_474d9a11695c,0.0100768878609284,0,0.010077,0,ml_only,0,,,,,,,,0,,,device history lowers risk;customer payment cadence lowers risk;session velocity lowers risk
txn_eb785e828137,0.0046749167047384355,0,0.004675,0,ml_only,0,,,,,,,,0,,,device history lowers risk;high generated risk score lowers risk;IP velocity lowers risk
txn_a2570bd8e965,0.05572999583819223,0,0.05573,0,ml_only,0,,,,,,,,0,,,device history lowers risk;IP velocity lowers risk;high generated risk score raises risk
txn_0232a28da2ae,0.01241552583741817,0,0.012416,0,ml_only,0,,,,,,,,0,,,device history lowers risk;IP velocity lowers risk;amount deviation from customer history lowers risk
txn_3b41a55f449b,0.08424746463246609,0,0.084247,0,ml_only,0,,,,,,,,0,,,IP velocity lowers risk;payment_method_type_code lowers risk;session velocity lowers risk
txn_9ef199a01e12,0.049680258180083224,0,0.04968,0,ml_only,0,,,,,,,,0,,,IP velocity lowers risk;payment_method_type_code lowers risk;merchant chargeback behavior lowers risk
txn_b0ad64f72560,0.02328503999543548,0,0.023285,0,ml_only,0,,,,,,,,0,,,customer payment cadence lowers risk;IP velocity lowers risk;merchant chargeback behavior lowers risk
txn_802dbb6d828e,0.014500416837623953,0,0.0145,0,ml_only,0,,,,,,,,0,,,customer account age lowers risk;IP velocity lowers risk;high generated risk score lowers risk
txn_e59f4eef71dc,0.029778385748359042,0,0.029778,0,ml_only,0,,,,,,,,0,,,customer account age lowers risk;high generated risk score lowers risk;session velocity lowers risk
txn_a5439fdab514,0.003009612102690542,0,0.00301,0,ml_only,0,,,,,,,,0,,,customer account age lowers risk;customer payment cadence lowers risk;high generated risk score lowers risk
txn_b9f155b7f5c8,0.010011536769742473,0,0.010012,0,ml_only,0,,,,,,,,0,,,customer account age lowers risk;IP velocity lowers risk;high generated risk score lowers risk
txn_28ebc4aec1af,0.024764376577907275,0,0.024764,0,ml_only,0,,,,,,,,0,,,customer account age lowers risk;IP velocity lowers risk;device history lowers risk
txn_6b54f90b2e17,0.041427955720756485,0,0.041428,0,ml_only,0,,,,,,,,0,,,customer account age lowers risk;merchant chargeback behavior lowers risk;device history lowers risk
txn_656bff397de1,0.009026504809793985,0,0.009027,0,ml_only,0,,,,,,,,0,,,customer payment cadence lowers risk;customer account age lowers risk;IP velocity lowers risk
txn_b85b8e1158b6,0.04337769643179235,0,0.043378,0,ml_only,0,,,,,,,,0,,,high generated risk score lowers risk;customer account age lowers risk;IP velocity lowers risk
txn_8043a311ee5d,0.026124708344870767,0,0.026125,0,ml_only,0,,,,,,,,0,,,customer payment cadence lowers risk;IP velocity lowers risk;merchant chargeback behavior lowers risk
txn_9e440306549f,0.27865210012986646,1,0.278652,1,ml_only,0,,,,,,,,0,,,session velocity lowers risk;customer decline history lowers risk;IP velocity lowers risk
txn_6d2a4ad2f753,0.09155051059509431,0,0.091551,0,ml_only,0,,,,,,,,0,,,IP velocity lowers risk;session velocity lowers risk;customer decline history lowers risk
txn_67b98d418814,0.1030807260845373,0,0.103081,0,ml_only,0,,,,,,,,0,,,IP velocity lowers risk;high generated risk score lowers risk;payment_method_type_code lowers risk
txn_cf270484f1ce,0.0024098399960399038,0,0.00241,0,ml_only,0,,,,,,,,0,,,customer account age lowers risk;customer payment cadence lowers risk;device history lowers risk
txn_d708b5c39327,0.011779289444675429,0,0.011779,0,ml_only,0,,,,,,,,0,,,customer account age lowers risk;device history lowers risk;event_hour lowers risk
txn_238bb9d24930,0.06686669687359885,0,0.066867,0,ml_only,0,,,,,,,,0,,,customer account age lowers risk;device history lowers risk;session velocity lowers risk
txn_26902e2ee0c0,0.009095333725421489,0,0.009095,0,ml_only,0,,,,,,,,0,,,customer account age lowers risk;device history lowers risk;IP velocity lowers risk
txn_97a2d159169a,0.007687694478304801,0,0.007688,0,ml_only,0,,,,,,,,0,,,customer account age lowers risk;device history lowers risk;event_hour lowers risk
txn_a2a0514ed7a4,0.02157564808434098,0,0.021576,0,ml_only,0,,,,,,,,0,,,customer account age lowers risk;IP velocity lowers risk;merchant chargeback behavior lowers risk
txn_c9b44f43cf46,0.017259311747924683,0,0.017259,0,ml_only,0,,,,,,,,0,,,customer account age lowers risk;high generated risk score lowers risk;merchant chargeback behavior lowers risk
txn_3a2b7beaba6d,0.0024880423262242895,0,0.002488,0,ml_only,0,,,,,,,,0,,,customer payment cadence lowers risk;customer account age lowers risk;IP velocity lowers risk
txn_bd0351d1a479,0.038483140092179714,0,0.038483,0,ml_only,0,,,,,,,,0,,,customer payment cadence lowers risk;IP velocity lowers risk;event_hour lowers risk
txn_72a95d4a298c,0.057381067402443905,0,0.057381,0,ml_only,0,,,,,,,,0,,,customer payment cadence lowers risk;IP velocity lowers risk;payment_method_type_code lowers risk
txn_ed4c4c03cff5,0.015098317128303718,0,0.015098,0,ml_only,0,,,,,,,,0,,,device history lowers risk;high generated risk score lowers risk;IP velocity lowers risk
txn_e323671e6798,0.02726263900390443,0,0.027263,0,ml_only,0,,,,,,,,0,,,device history lowers risk;merchant chargeback behavior lowers risk;session velocity lowers risk
txn_5fa9c0ca5574,0.03839928899344421,0,0.038399,0,ml_only,0,,,,,,,,0,,,customer account age lowers risk;device history lowers risk;session velocity lowers risk
txn_2dfbce932556,0.003376472695016739,0,0.003376,0,ml_only,0,,,,,,,,0,,,customer account age lowers risk;device history lowers risk;customer payment cadence lowers risk
txn_c0cb02772da4,0.012006178787538343,0,0.012006,0,ml_only,0,,,,,,,,0,,,customer account age lowers risk;device history lowers risk;high generated risk score lowers risk
txn_9d3266acc0bc,0.0050309623227016535,0,0.005031,0,ml_only,0,,,,,,,,0,,,customer account age lowers risk;device history lowers risk;high generated risk score lowers risk
txn_27b8d1892c70,0.005376413709942647,0,0.005376,0,ml_only,0,,,,,,,,0,,,device history lowers risk;customer payment cadence lowers risk;IP velocity lowers risk
txn_fc36bdcadf68,0.03544499744068191,0,0.035445,0,ml_only,0,,,,,,,,0,,,device history lowers risk;high generated risk score raises risk;payment_method_type_code lowers risk
txn_688b423ad36f,0.15321666932063283,0,0.153217,0,ml_only,0,,,,,,,,0,,,device history lowers risk;high generated risk score lowers risk;session velocity lowers risk
txn_847350e3fe81,0.040041704568242076,0,0.040042,0,ml_only,0,,,,,,,,0,,,device history lowers risk;event_hour lowers risk;payment_method_type_code lowers risk
txn_c5cbd8f24135,0.018606142123106115,0,0.018606,0,ml_only,0,,,,,,,,0,,,device history lowers risk;customer payment cadence lowers risk;IP velocity lowers risk
txn_c9ca388742df,0.09208248872805352,0,0.092082,0,ml_only,0,,,,,,,,0,,,device history lowers risk;amount deviation from customer history lowers risk;IP velocity lowers risk
txn_f251a3e828cc,0.01031716054989081,0,0.010317,0,ml_only,0,,,,,,,,0,,,device history lowers risk;high generated risk score lowers risk;IP velocity lowers risk
txn_4113bffc2a33,0.03350598377870197,0,0.033506,0,ml_only,0,,,,,,,,0,,,device history lowers risk;IP velocity lowers risk;merchant chargeback behavior lowers risk
txn_eadb23887147,0.042644779598538955,0,0.042645,0,ml_only,0,,,,,,,,0,,,device history lowers risk;IP velocity lowers risk;high generated risk score lowers risk
txn_fb6939eba6c7,0.01770512778181392,0,0.017705,0,ml_only,0,,,,,,,,0,,,device history lowers risk;customer payment cadence lowers risk;IP velocity lowers risk
txn_9741556797e5,0.11222306214681092,0,0.112223,0,ml_only,0,,,,,,,,0,,,device history lowers risk;IP velocity lowers risk;session velocity lowers risk
txn_7e3a5c969d7a,0.03954018691332827,0,0.03954,0,ml_only,0,,,,,,,,0,,,device history lowers risk;customer payment cadence lowers risk;IP velocity lowers risk
txn_9f1925572e66,0.010289043812101786,0,0.010289,0,ml_only,0,,,,,,,,0,,,device history lowers risk;IP velocity lowers risk;customer account age lowers risk
txn_5705a5075e26,0.0024632790792566603,0,0.002463,0,ml_only,0,,,,,,,,0,,,device history lowers risk;customer payment cadence lowers risk;IP velocity lowers risk
txn_ab2f6f9fb8b4,0.002646320943934441,0,0.002646,0,ml_only,0,,,,,,,,0,,,device history lowers risk;customer payment cadence lowers risk;IP velocity lowers risk
txn_f3315a32c2a0,0.01315280956527115,0,0.013153,0,ml_only,0,,,,,,,,0,,,device history lowers risk;IP velocity lowers risk;customer account age lowers risk
txn_0a1ad101de48,0.0123082156664191,0,0.012308,0,ml_only,0,,,,,,,,0,,,device history lowers risk;customer payment cadence lowers risk;high generated risk score lowers risk
txn_83069755beff,0.00810222054661608,0,0.008102,0,ml_only,0,,,,,,,,0,,,device history lowers risk;high generated risk score lowers risk;IP velocity lowers risk
txn_94056aaa8f19,0.03970716619263794,0,0.039707,0,ml_only,0,,,,,,,,0,,,device history lowers risk;IP velocity lowers risk;payment_method_type_code lowers risk
txn_aea02585f813,0.10650650372628657,0,0.106507,0,ml_only,0,,,,,,,,0,,,high generated risk score lowers risk;IP velocity lowers risk;session velocity lowers risk
txn_d9f510dca955,0.04147082503063936,0,0.041471,0,ml_only,0,,,,,,,,0,,,customer payment cadence lowers risk;high generated risk score lowers risk;session velocity lowers risk
txn_2ec7d2ed320c,0.2435356686100616,1,0.243536,1,ml_only,0,,,,,,,,0,,,session velocity lowers risk;IP velocity lowers risk;merchant chargeback behavior lowers risk
txn_74193ad2b50a,0.20055977032928282,0,0.20056,0,ml_only,0,,,,,,,,0,,,high generated risk score lowers risk;payment_method_type_code lowers risk;session velocity lowers risk
txn_a26eb8731c77,0.08778617856378461,0,0.087786,0,ml_only,0,,,,,,,,0,,,customer payment cadence lowers risk;IP velocity lowers risk;session velocity lowers risk
txn_96090196dfa7,0.007529135091562407,0,0.007529,0,ml_only,0,,,,,,,,0,,,customer payment cadence lowers risk;IP velocity lowers risk;high generated risk score lowers risk
txn_c63c6e4b472c,0.06325161255602539,0,0.063252,0,ml_only,0,,,,,,,,0,,,event_hour lowers risk;merchant chargeback behavior lowers risk;session velocity lowers risk
txn_716b31422146,0.04443545962898024,0,0.044435,0,ml_only,0,,,,,,,,0,,,amount deviation from customer history lowers risk;IP velocity lowers risk;merchant chargeback behavior lowers risk
txn_e2d3396a42cf,0.13132599367106107,0,0.131326,0,ml_only,0,,,,,,,,0,,,high generated risk score lowers risk;session velocity lowers risk;merchant chargeback behavior lowers risk
txn_6193cef2748c,0.0521881876420335,0,0.052188,0,ml_only,0,,,,,,,,0,,,high generated risk score lowers risk;IP velocity lowers risk;payment_method_type_code lowers risk
txn_afeb6b5b014d,0.006812064000032595,0,0.006812,0,ml_only,0,,,,,,,,0,,,customer payment cadence lowers risk;high generated risk score lowers risk;payment_method_type_code lowers risk
txn_e6437777eb75,0.016766540551129132,0,0.016767,0,ml_only,0,,,,,,,,0,,,customer payment cadence lowers risk;high generated risk score lowers risk;IP velocity lowers risk
txn_305971e8de25,0.09873676294326252,0,0.098737,0,ml_only,0,,,,,,,,0,,,amount deviation from customer history lowers risk;IP velocity lowers risk;high generated risk score raises risk
txn_9dea9d7fe5e7,0.043598497664754876,0,0.043598,0,ml_only,0,,,,,,,,0,,,high generated risk score lowers risk;IP velocity lowers risk;session velocity lowers risk
txn_ec484a67b434,0.12805954450464685,0,0.12806,0,ml_only,0,,,,,,,,0,,,customer payment cadence lowers risk;session velocity lowers risk;merchant chargeback behavior lowers risk
txn_45fa6c7ea05d,0.04103131566997369,0,0.041031,0,ml_only,0,,,,,,,,0,,,high generated risk score lowers risk;merchant chargeback behavior lowers risk;session velocity lowers risk
txn_94395c8d20d7,0.018139931305898048,0,0.01814,0,ml_only,0,,,,,,,,0,,,customer payment cadence lowers risk;high generated risk score lowers risk;IP velocity lowers risk
txn_5ab4cd0e3421,0.05965006460463493,0,0.05965,0,ml_only,0,,,,,,,,0,,,payment_method_type_code lowers risk;session velocity lowers risk;high generated risk score lowers risk
txn_9a832a6d0184,0.019049638002476842,0,0.01905,0,ml_only,0,,,,,,,,0,,,customer payment cadence lowers risk;payment_method_type_code lowers risk;session velocity lowers risk
txn_eede7cfa7291,0.019767616761129623,0,0.019768,0,ml_only,0,,,,,,,,0,,,IP velocity lowers risk;session velocity lowers risk;customer decline history lowers risk
txn_9c3690ce6d29,0.03532443338744206,0,0.035324,0,ml_only,0,,,,,,,,0,,,IP velocity lowers risk;high generated risk score lowers risk;customer payment cadence lowers risk
txn_34c50c357970,0.023241683582513606,0,0.023242,0,ml_only,0,,,,,,,,0,,,customer payment cadence lowers risk;customer account age lowers risk;session velocity lowers risk
txn_4ba79a8d6156,0.028537471401833422,0,0.028537,0,ml_only,0,,,,,,,,0,,,customer account age lowers risk;IP velocity lowers risk;payment_method_type_code lowers risk
txn_864b37b57e3f,0.02083863996241582,0,0.020839,0,ml_only,0,,,,,,,,0,,,customer account age lowers risk;customer payment cadence lowers risk;IP velocity lowers risk
txn_1b3891b805cb,0.11301541438538092,0,0.113015,0,ml_only,0,,,,,,,,0,,,customer account age lowers risk;merchant chargeback behavior lowers risk;session velocity lowers risk
txn_482a5a6e9136,0.01644841384100777,0,0.016448,0,ml_only,0,,,,,,,,0,,,device history lowers risk;high generated risk score lowers risk;IP velocity lowers risk
txn_3d767beb1949,0.00704458857495824,0,0.007045,0,ml_only,0,,,,,,,,0,,,device history lowers risk;IP velocity lowers risk;customer account age lowers risk
txn_fc36a2300095,0.0011795813048931776,0,0.00118,0,ml_only,0,,,,,,,,0,,,device history lowers risk;amount deviation from customer history lowers risk;customer payment cadence lowers risk
txn_772746eb155d,0.0036661769547791335,0,0.003666,0,ml_only,0,,,,,,,,0,,,device history lowers risk;customer payment cadence lowers risk;IP velocity lowers risk
txn_c648e98301ec,0.009376288392872729,0,0.009376,0,ml_only,0,,,,,,,,0,,,device history lowers risk;event_hour lowers risk;session velocity lowers risk
txn_de6b4506d4b7,0.006660759992101194,0,0.006661,0,ml_only,0,,,,,,,,0,,,customer payment cadence lowers risk;high generated risk score lowers risk;merchant chargeback behavior lowers risk
txn_2a431d6bae2b,0.031062035635343044,0,0.031062,0,ml_only,0,,,,,,,,0,,,IP velocity lowers risk;high generated risk score lowers risk;payment_method_type_code lowers risk
txn_c59bc0c86727,0.029565183031585892,0,0.029565,0,ml_only,0,,,,,,,,0,,,customer payment cadence lowers risk;high generated risk score lowers risk;session velocity lowers risk
txn_4f73b3adb1c3,0.025984789914876346,0,0.025985,0,ml_only,0,,,,,,,,0,,,customer account age lowers risk;IP velocity lowers risk;amount deviation from customer history lowers risk
txn_d43bbc8105a0,0.01529567632743078,0,0.015296,0,ml_only,0,,,,,,,,0,,,customer account age lowers risk;customer payment cadence lowers risk;session velocity lowers risk
txn_0b11eb90bdcb,0.0013687254973820525,0,0.001369,0,ml_only,0,,,,,,,,0,,,amount deviation from customer history lowers risk;customer account age lowers risk;customer payment cadence lowers risk
txn_358b4f849cf2,0.02182066450897064,0,0.021821,0,ml_only,0,,,,,,,,0,,,customer account age lowers risk;session velocity lowers risk;merchant chargeback behavior lowers risk
txn_e720da42aab0,0.053925503424389516,0,0.053926,0,ml_only,0,,,,,,,,0,,,customer account age lowers risk;IP velocity lowers risk;session velocity lowers risk
txn_1d73954391ac,0.02934661920883411,0,0.029347,0,ml_only,0,,,,,,,,0,,,high generated risk score lowers risk;customer account age lowers risk;session velocity lowers risk
txn_6220bc65d019,0.007585097227309491,0,0.007585,0,ml_only,0,,,,,,,,0,,,customer payment cadence lowers risk;customer account age lowers risk;IP velocity lowers risk
txn_81274dbb42a1,0.004763933588225685,0,0.004764,0,ml_only,0,,,,,,,,0,,,device history lowers risk;customer account age lowers risk;high generated risk score lowers risk
txn_d60c3df187ba,0.0034392390696915357,0,0.003439,0,ml_only,0,,,,,,,,0,,,device history lowers risk;high generated risk score lowers risk;IP velocity lowers risk
txn_9905f0dad71f,0.0035844107744252784,0,0.003584,0,ml_only,0,,,,,,,,0,,,device history lowers risk;IP velocity lowers risk;payment_method_type_code lowers risk
txn_d21b1558983c,0.003088260242837383,0,0.003088,0,ml_only,0,,,,,,,,0,,,device history lowers risk;customer payment cadence lowers risk;IP velocity lowers risk
txn_63f3453b815a,0.0017577514703593091,0,0.001758,0,ml_only,0,,,,,,,,0,,,device history lowers risk;customer payment cadence lowers risk;IP velocity lowers risk
txn_fa546e2be26d,0.015147507280302432,0,0.015148,0,ml_only,0,,,,,,,,0,,,device history lowers risk;IP velocity lowers risk;high generated risk score lowers risk
txn_4246f607eec7,0.003996604979270396,0,0.003997,0,ml_only,0,,,,,,,,0,,,customer payment cadence lowers risk;device history lowers risk;IP velocity lowers risk
txn_f2a0c647efbd,0.05510468568872273,0,0.055105,0,ml_only,0,,,,,,,,0,,,customer payment cadence lowers risk;device history lowers risk;IP velocity lowers risk
txn_df7ba0a5ba94,0.00019068303165232638,0,0.000191,0,ml_only,0,,,,,,,,0,,,amount deviation from customer history lowers risk;device history lowers risk;IP velocity lowers risk
txn_7774b5518637,0.003057230863906262,0,0.003057,0,ml_only,0,,,,,,,,0,,,customer payment cadence lowers risk;device history lowers risk;customer account age lowers risk
txn_573353a0c55d,0.02562205157957394,0,0.025622,0,ml_only,0,,,,,,,,0,,,high generated risk score lowers risk;customer account age lowers risk;IP velocity lowers risk
txn_a3c8d5c1c914,0.02963904091524764,0,0.029639,0,ml_only,0,,,,,,,,0,,,customer account age lowers risk;merchant chargeback behavior lowers risk;payment_method_type_code lowers risk
txn_8114e1c505d8,0.005578390555613047,0,0.005578,0,ml_only,0,,,,,,,,0,,,customer payment cadence lowers risk;customer account age lowers risk;payment_method_type_code lowers risk
txn_1119f58f2253,0.009774099537608107,0,0.009774,0,ml_only,0,,,,,,,,0,,,event_hour lowers risk;payment_method_type_code lowers risk;customer decline history lowers risk
txn_94e43ab28bfb,0.04761722346695873,0,0.047617,0,ml_only,0,,,,,,,,0,,,customer decline history lowers risk;session velocity lowers risk;customer payment cadence lowers risk
txn_ab6138f993cc,0.020835406713224352,0,0.020835,0,ml_only,0,,,,,,,,0,,,high generated risk score lowers risk;IP velocity lowers risk;customer decline history lowers risk
txn_825ef781088b,0.004080459503473257,0,0.00408,0,ml_only,0,,,,,,,,0,,,customer payment cadence lowers risk;payment_method_type_code lowers risk;customer decline history lowers risk
txn_e17b3a81069c,0.0056795110896817064,0,0.00568,0,ml_only,0,,,,,,,,0,,,customer payment cadence lowers risk;high generated risk score lowers risk;IP velocity lowers risk
txn_dbb6181be4d3,0.007553921248187765,0,0.007554,0,ml_only,0,,,,,,,,0,,,high generated risk score lowers risk;event_hour lowers risk;payment_method_type_code lowers risk
txn_1bf2ca5ac773,0.021220143491995688,0,0.02122,0,ml_only,0,,,,,,,,0,,,IP velocity lowers risk;high generated risk score lowers risk;merchant chargeback behavior lowers risk
txn_3b2abc120abf,0.0008175282463098238,0,0.000818,0,ml_only,0,,,,,,,,0,,,device history lowers risk;customer payment cadence lowers risk;IP velocity lowers risk
txn_be43f9892182,0.01353262453090801,0,0.013533,0,ml_only,0,,,,,,,,0,,,device history lowers risk;customer payment cadence lowers risk;IP velocity lowers risk
txn_a1ae78bbf7ca,0.005330712751139678,0,0.005331,0,ml_only,0,,,,,,,,0,,,device history lowers risk;high generated risk score lowers risk;IP velocity lowers risk
txn_1ef95d807584,0.03599332397704952,0,0.035993,0,ml_only,0,,,,,,,,0,,,device history lowers risk;payment_method_type_code lowers risk;session velocity lowers risk
txn_4203ba3d1542,0.010232195848268295,0,0.010232,0,ml_only,0,,,,,,,,0,,,customer payment cadence lowers risk;device history lowers risk;device activity cadence lowers risk
txn_29dcd0461fff,0.0029729235411059245,0,0.002973,0,ml_only,0,,,,,,,,0,,,customer payment cadence lowers risk;device history lowers risk;high generated risk score lowers risk
txn_8668e8ddf22e,0.01030179344394468,0,0.010302,0,ml_only,0,,,,,,,,0,,,device history lowers risk;customer payment cadence lowers risk;IP velocity lowers risk
txn_0e217ae8276c,0.06437427411027274,0,0.064374,0,ml_only,0,,,,,,,,0,,,device history lowers risk;session velocity lowers risk;merchant chargeback behavior lowers risk
txn_dc6335fae0a9,0.02080634903614152,0,0.020806,0,ml_only,0,,,,,,,,0,,,device history lowers risk;IP velocity lowers risk;payment_method_type_code lowers risk
txn_9e84b69d4bfc,0.0033003422596226974,0,0.0033,0,ml_only,0,,,,,,,,0,,,device history lowers risk;high generated risk score lowers risk;amount deviation from customer history lowers risk
txn_2b06f886d099,0.004167384212567841,0,0.004167,0,ml_only,0,,,,,,,,0,,,customer payment cadence lowers risk;device history lowers risk;customer account age lowers risk
txn_1d2bbcdfc8bb,0.012453342580397764,0,0.012453,0,ml_only,0,,,,,,,,0,,,customer payment cadence lowers risk;device history lowers risk;IP velocity lowers risk
txn_f50b149e7e26,0.0039088412936056525,0,0.003909,0,ml_only,0,,,,,,,,0,,,amount deviation from customer history lowers risk;device history lowers risk;customer account age lowers risk
txn_f6c000dcf04c,0.03002050405167757,0,0.030021,0,ml_only,0,,,,,,,,0,,,customer payment cadence lowers risk;device history lowers risk;high generated risk score lowers risk
txn_683cf9534363,0.05880733353587027,0,0.058807,0,ml_only,0,,,,,,,,0,,,device history lowers risk;session velocity lowers risk;high generated risk score lowers risk
txn_35f20df1ee01,0.028119608610095367,0,0.02812,0,ml_only,0,,,,,,,,0,,,customer payment cadence lowers risk;IP velocity lowers risk;session velocity lowers risk
txn_8d686fd4f458,0.06882675652567567,0,0.068827,0,ml_only,0,,,,,,,,0,,,high generated risk score lowers risk;IP velocity lowers risk;payment_method_type_code lowers risk
txn_b296961809b7,0.03361126842555164,0,0.033611,0,ml_only,0,,,,,,,,0,,,customer payment cadence lowers risk;IP velocity lowers risk;payment_method_type_code lowers risk
txn_5ccf6927309b,0.06537708497630068,0,0.065377,0,ml_only,0,,,,,,,,0,,,high generated risk score lowers risk;IP velocity lowers risk;merchant chargeback behavior lowers risk
txn_ed92d046d68c,0.43513626105364817,1,0.435136,1,ml_only,0,,,,,,,,0,,,IP velocity lowers risk;merchant chargeback behavior lowers risk;session velocity lowers risk
txn_570793031524,0.049345007562305185,0,0.049345,0,ml_only,0,,,,,,,,0,,,customer payment cadence lowers risk;IP velocity lowers risk;event_hour lowers risk
txn_fac8bd7aa552,0.008765829371683529,0,0.008766,0,ml_only,0,,,,,,,,0,,,customer payment cadence lowers risk;IP velocity lowers risk;event_hour lowers risk
txn_893d11bf9bc3,0.2299355983631612,1,0.229936,1,ml_only,0,,,,,,,,0,,,customer decline history lowers risk;session velocity lowers risk;event_hour raises risk
txn_4e0886f89a94,0.02342529977047693,0,0.023425,0,ml_only,0,,,,,,,,0,,,customer payment cadence lowers risk;IP velocity lowers risk;payment_method_type_code lowers risk
txn_aa0a6c4670cf,0.03156820540976333,0,0.031568,0,ml_only,0,,,,,,,,0,,,high generated risk score lowers risk;customer payment cadence lowers risk;merchant chargeback behavior lowers risk
txn_b848201afdfe,0.011742342983373974,0,0.011742,0,ml_only,0,,,,,,,,0,,,customer payment cadence lowers risk;IP velocity lowers risk;payment_method_type_code lowers risk
txn_8d1b4acd9b42,0.10791306014932381,0,0.107913,0,ml_only,0,,,,,,,,0,,,IP velocity lowers risk;high generated risk score raises risk;session velocity lowers risk
txn_a627c72fbb5e,0.07187841289755384,0,0.071878,0,ml_only,0,,,,,,,,0,,,IP velocity lowers risk;merchant chargeback behavior lowers risk;high generated risk score lowers risk
txn_ddf4ff849b18,0.06420492855011764,0,0.064205,0,ml_only,0,,,,,,,,0,,,high generated risk score lowers risk;IP velocity lowers risk;payment_method_type_code lowers risk
txn_d316095d2e72,0.02565987452315161,0,0.02566,0,ml_only,0,,,,,,,,0,,,customer payment cadence lowers risk;customer account age lowers risk;session velocity lowers risk
txn_3fca3a55df30,0.04366151197578675,0,0.043662,0,ml_only,0,,,,,,,,0,,,customer account age lowers risk;event_hour lowers risk;session velocity lowers risk
txn_6f3ee00540c7,0.018264356437982236,0,0.018264,0,ml_only,0,,,,,,,,0,,,IP velocity lowers risk;customer payment cadence lowers risk;customer account age lowers risk
txn_8e6b53684c46,0.16558432285354918,0,0.165584,0,ml_only,0,,,,,,,,0,,,customer account age lowers risk;high generated risk score raises risk;session velocity lowers risk
txn_8976cccfafee,0.008911284430990337,0,0.008911,0,ml_only,0,,,,,,,,0,,,customer payment cadence lowers risk;customer account age lowers risk;session velocity lowers risk
txn_a63b0eaf3862,0.03893925893674662,0,0.038939,0,ml_only,0,,,,,,,,0,,,high generated risk score lowers risk;customer account age lowers risk;IP velocity lowers risk
txn_72e0898d1f6d,0.008499932437502862,0,0.0085,0,ml_only,0,,,,,,,,0,,,customer account age lowers risk;IP velocity lowers risk;merchant chargeback behavior lowers risk
txn_3547e7d645c7,0.003715576804186411,0,0.003716,0,ml_only,0,,,,,,,,0,,,customer payment cadence lowers risk;customer account age lowers risk;high generated risk score lowers risk
txn_4dccfacc39f0,0.014788113060114816,0,0.014788,0,ml_only,0,,,,,,,,0,,,high generated risk score lowers risk;payment_method_type_code lowers risk;merchant chargeback behavior lowers risk
txn_c9289e0511ef,0.008499713981822038,0,0.0085,0,ml_only,0,,,,,,,,0,,,customer payment cadence lowers risk;IP velocity lowers risk;high generated risk score lowers risk
txn_30e4531d6436,0.005477561791544504,0,0.005478,0,ml_only,0,,,,,,,,0,,,high generated risk score lowers risk;payment_method_type_code lowers risk;customer payment cadence lowers risk
txn_8987dcc403e9,0.0233423697856329,0,0.023342,0,ml_only,0,,,,,,,,0,,,customer payment cadence lowers risk;high generated risk score lowers risk;device activity cadence lowers risk
txn_1b63058e95a7,0.02733152273754004,0,0.027332,0,ml_only,0,,,,,,,,0,,,customer payment cadence lowers risk;session velocity lowers risk;IP velocity lowers risk
txn_759db3f5b4f6,0.030308124451721274,0,0.030308,0,ml_only,0,,,,,,,,0,,,customer payment cadence lowers risk;merchant chargeback behavior lowers risk;high generated risk score lowers risk
txn_c8c0bd551b4b,0.04290067842810669,0,0.042901,0,ml_only,0,,,,,,,,0,,,event_hour lowers risk;high generated risk score lowers risk;payment_method_type_code lowers risk
txn_0501195986d1,0.01959856860033222,0,0.019599,0,ml_only,0,,,,,,,,0,,,customer payment cadence lowers risk;high generated risk score lowers risk;IP velocity lowers risk
txn_12a1587bb705,0.013089328673344195,0,0.013089,0,ml_only,0,,,,,,,,0,,,device history lowers risk;high generated risk score lowers risk;merchant chargeback behavior lowers risk
txn_ae91425e0788,0.005248803837294345,0,0.005249,0,ml_only,0,,,,,,,,0,,,device history lowers risk;customer payment cadence lowers risk;IP velocity lowers risk
txn_94f467e4e177,0.0012404933895716545,0,0.00124,0,ml_only,0,,,,,,,,0,,,device history lowers risk;customer payment cadence lowers risk;IP velocity lowers risk
txn_1ed1ff5160e4,0.008722761736431854,0,0.008723,0,ml_only,0,,,,,,,,0,,,device history lowers risk;customer payment cadence lowers risk;high generated risk score lowers risk
txn_5331075493fc,0.008428696501152407,0,0.008429,0,ml_only,0,,,,,,,,0,,,device history lowers risk;customer account age lowers risk;session velocity lowers risk
txn_3e4c21d3c212,0.016135098598461465,0,0.016135,0,ml_only,0,,,,,,,,0,,,device history lowers risk;customer account age lowers risk;IP velocity lowers risk
txn_062f87b6a59d,0.004231853058432477,0,0.004232,0,ml_only,0,,,,,,,,0,,,device history lowers risk;customer account age lowers risk;high generated risk score lowers risk
txn_d86ffd244353,0.0012794589069808973,0,0.001279,0,ml_only,0,,,,,,,,0,,,device history lowers risk;customer account age lowers risk;customer payment cadence lowers risk
txn_c00bd75184e5,0.0025069318082366525,0,0.002507,0,ml_only,0,,,,,,,,0,,,device history lowers risk;customer account age lowers risk;IP velocity lowers risk
txn_5a76607c26b2,2.5623553306935468e-05,0,2.6e-05,0,ml_only,0,,,,,,,,0,,,amount deviation from customer history lowers risk;device history lowers risk;customer account age lowers risk
txn_0b004b879c76,0.002082889398853757,0,0.002083,0,ml_only,0,,,,,,,,0,,,customer payment cadence lowers risk;device history lowers risk;customer account age lowers risk
txn_da81fcbc5577,0.0025743510574657235,0,0.002574,0,ml_only,0,,,,,,,,0,,,device history lowers risk;customer account age lowers risk;customer payment cadence lowers risk
txn_38184b385d88,0.0024546124543328796,0,0.002455,0,ml_only,0,,,,,,,,0,,,device history lowers risk;customer payment cadence lowers risk;customer account age lowers risk
txn_b68313e6a816,0.0034686820195475,0,0.003469,0,ml_only,0,,,,,,,,0,,,device history lowers risk;customer payment cadence lowers risk;customer account age lowers risk
txn_a78eda47e0eb,0.0015263251519018904,0,0.001526,0,ml_only,0,,,,,,,,0,,,customer payment cadence lowers risk;device history lowers risk;high generated risk score lowers risk
txn_52353607cc8f,0.007161984064022269,0,0.007162,0,ml_only,0,,,,,,,,0,,,device history lowers risk;customer account age lowers risk;merchant chargeback behavior lowers risk
txn_77aa5389dbe7,0.016237988282773615,0,0.016238,0,ml_only,0,,,,,,,,0,,,device history lowers risk;customer payment cadence lowers risk;IP velocity lowers risk
txn_3f11b852a1af,0.025745995108433728,0,0.025746,0,ml_only,0,,,,,,,,0,,,device history lowers risk;high generated risk score lowers risk;session velocity lowers risk
txn_030002fa598b,0.01145426376832431,0,0.011454,0,ml_only,0,,,,,,,,0,,,device history lowers risk;customer payment cadence lowers risk;high generated risk score lowers risk
txn_f1737d00ea72,0.12095418927824199,0,0.120954,0,ml_only,0,,,,,,,,0,,,device history lowers risk;session velocity lowers risk;IP velocity lowers risk
txn_c51dbd1bafc3,0.18235072882667683,0,0.182351,0,ml_only,0,,,,,,,,0,,,device history lowers risk;session velocity lowers risk;event_hour lowers risk
txn_23d4bc39adec,0.03395632016226642,0,0.033956,0,ml_only,0,,,,,,,,0,,,device history lowers risk;amount deviation from customer history lowers risk;session velocity lowers risk
txn_0d7a8821cc07,0.05456300304362816,0,0.054563,0,ml_only,0,,,,,,,,0,,,device history lowers risk;high generated risk score lowers risk;session velocity lowers risk
txn_1c11e2ae7714,0.017877432452934657,0,0.017877,0,ml_only,0,,,,,,,,0,,,device history lowers risk;customer payment cadence lowers risk;payment_method_type_code lowers risk
txn_53fecdbe8db2,0.0007208298476420329,0,0.000721,0,ml_only,0,,,,,,,,0,,,customer payment cadence lowers risk;device history lowers risk;high generated risk score lowers risk
txn_e6225fe84dd9,0.010110729103552762,0,0.010111,0,ml_only,0,,,,,,,,0,,,device history lowers risk;IP velocity lowers risk;customer payment cadence lowers risk
txn_e7dc05b3e469,0.004628493562889856,0,0.004628,0,ml_only,0,,,,,,,,0,,,customer payment cadence lowers risk;high generated risk score lowers risk;device history lowers risk
txn_8c381bb0bace,0.07824158322848467,0,0.078242,0,ml_only,0,,,,,,,,0,,,device history lowers risk;IP velocity lowers risk;merchant chargeback behavior lowers risk
txn_88d46cde3e8e,0.04636845483777017,0,0.046368,0,ml_only,0,,,,,,,,0,,,device history lowers risk;merchant chargeback behavior lowers risk;session velocity lowers risk
txn_2fc618c5a3d7,0.04297229457518252,0,0.042972,0,ml_only,0,,,,,,,,0,,,device history lowers risk;IP velocity lowers risk;high generated risk score lowers risk
txn_6ecf2151d88e,0.03161278852800162,0,0.031613,0,ml_only,0,,,,,,,,0,,,customer payment cadence lowers risk;IP velocity lowers risk;session velocity lowers risk
txn_b98f017881a2,0.0009511800207263846,0,0.000951,0,ml_only,0,,,,,,,,0,,,amount deviation from customer history lowers risk;customer payment cadence lowers risk;IP velocity raises risk
txn_95456becc62c,0.006623905164224236,0,0.006624,0,ml_only,0,,,,,,,,0,,,customer payment cadence lowers risk;high generated risk score lowers risk;customer account age lowers risk
txn_564d56275ade,0.005585164571791661,0,0.005585,0,ml_only,0,,,,,,,,0,,,customer payment cadence lowers risk;customer account age lowers risk;IP velocity lowers risk
txn_d151611ed984,0.019126999254006665,0,0.019127,0,ml_only,0,,,,,,,,0,,,customer account age lowers risk;IP velocity lowers risk;session velocity lowers risk
txn_654ef269a5fc,0.018329988834451166,0,0.01833,0,ml_only,0,,,,,,,,0,,,customer payment cadence lowers risk;customer account age lowers risk;session velocity lowers risk
txn_20946a478227,0.011118102556151834,0,0.011118,0,ml_only,0,,,,,,,,0,,,customer account age lowers risk;customer payment cadence lowers risk;high generated risk score lowers risk
txn_ed39e36fb2c5,0.0668324773479253,0,0.066832,0,ml_only,0,,,,,,,,0,,,customer payment cadence lowers risk;customer account age lowers risk;session velocity lowers risk
txn_c628bae8cc5d,0.042032682554315644,0,0.042033,0,ml_only,0,,,,,,,,0,,,customer account age lowers risk;high generated risk score lowers risk;session velocity lowers risk
txn_1f53210783d5,0.027721727770886925,0,0.027722,0,ml_only,0,,,,,,,,0,,,customer account age lowers risk;high generated risk score lowers risk;payment_method_type_code lowers risk
txn_599bb0dcc359,0.0009743971888223949,0,0.000974,0,ml_only,0,,,,,,,,0,,,customer payment cadence lowers risk;device history lowers risk;device activity cadence lowers risk
txn_b3bb30f8c343,0.05685610781057973,0,0.056856,0,ml_only,0,,,,,,,,0,,,device history lowers risk;amount deviation from customer history lowers risk;session velocity lowers risk
txn_dd6d023f9f32,0.004510520746217802,0,0.004511,0,ml_only,0,,,,,,,,0,,,customer payment cadence lowers risk;device history lowers risk;high generated risk score lowers risk
txn_145217e959ed,0.009751724731102134,0,0.009752,0,ml_only,0,,,,,,,,0,,,device history lowers risk;customer payment cadence lowers risk;IP velocity lowers risk
txn_100ba99ea4a6,0.0016798793033195253,0,0.00168,0,ml_only,0,,,,,,,,0,,,customer account age lowers risk;device history lowers risk;high generated risk score lowers risk
txn_3cf9cae6f75c,0.06123281465570882,0,0.061233,0,ml_only,0,,,,,,,,0,,,customer account age lowers risk;merchant chargeback behavior lowers risk;session velocity lowers risk
txn_173ca103352f,0.015508564403267486,0,0.015509,0,ml_only,0,,,,,,,,0,,,customer account age lowers risk;high generated risk score lowers risk;customer payment cadence lowers risk
txn_1283d1a5c9f7,0.006038070732716237,0,0.006038,0,ml_only,0,,,,,,,,0,,,customer account age lowers risk;customer payment cadence lowers risk;high generated risk score lowers risk
txn_c33f4a765ce7,0.03191625746902403,0,0.031916,0,ml_only,0,,,,,,,,0,,,customer payment cadence lowers risk;customer account age lowers risk;IP velocity lowers risk
txn_c926a212c0dc,0.03859707155161263,0,0.038597,0,ml_only,0,,,,,,,,0,,,customer account age lowers risk;IP velocity lowers risk;session velocity lowers risk
txn_826447732b77,0.009188582783032287,0,0.009189,0,ml_only,0,,,,,,,,0,,,customer payment cadence lowers risk;customer account age lowers risk;device history lowers risk
txn_1033b57ff1f2,0.023222254500973316,0,0.023222,0,ml_only,0,,,,,,,,0,,,amount deviation from customer history lowers risk;customer account age lowers risk;IP velocity lowers risk
txn_86264bb22428,0.013934312914999305,0,0.013934,0,ml_only,0,,,,,,,,0,,,customer payment cadence lowers risk;customer account age lowers risk;IP velocity lowers risk
txn_b70a27380a4d,0.0368515992383582,0,0.036852,0,ml_only,0,,,,,,,,0,,,customer account age lowers risk;IP velocity lowers risk;device history lowers risk
txn_156483279d93,0.00021075221706488154,0,0.000211,0,ml_only,0,,,,,,,,0,,,device activity cadence lowers risk;customer payment cadence lowers risk;customer account age lowers risk
txn_1e2298f4f80d,0.0002530297560465372,0,0.000253,0,ml_only,0,,,,,,,,0,,,customer payment cadence lowers risk;device history lowers risk;customer account age lowers risk
txn_87ee8c910923,0.039980637857273064,0,0.039981,0,ml_only,0,,,,,,,,0,,,device history lowers risk;high generated risk score lowers risk;IP velocity lowers risk
txn_4b2f78b39a3c,0.002465742569608378,0,0.002466,0,ml_only,0,,,,,,,,0,,,amount deviation from customer history lowers risk;device history lowers risk;customer payment cadence lowers risk
txn_fca19fa62549,0.032041914452426656,0,0.032042,0,ml_only,0,,,,,,,,0,,,device history lowers risk;customer payment cadence lowers risk;high generated risk score raises risk
txn_19ae28b1bdb8,0.007101417657878271,0,0.007101,0,ml_only,0,,,,,,,,0,,,device history lowers risk;customer payment cadence lowers risk;high generated risk score lowers risk
txn_b11a7a80378a,0.0014201310698927622,0,0.00142,0,ml_only,0,,,,,,,,0,,,customer account age lowers risk;customer payment cadence lowers risk;IP velocity lowers risk
txn_d43d568a4cb6,0.0013192855718921128,0,0.001319,0,ml_only,0,,,,,,,,0,,,customer payment cadence lowers risk;customer account age lowers risk;high generated risk score lowers risk
txn_f6e275a48776,0.0006576860310503228,0,0.000658,0,ml_only,0,,,,,,,,0,,,customer payment cadence lowers risk;customer account age lowers risk;device activity cadence lowers risk
txn_ab7cba300321,0.0059363638038349995,0,0.005936,0,ml_only,0,,,,,,,,0,,,customer account age lowers risk;high generated risk score lowers risk;device history lowers risk
txn_e7939089ec9d,0.007757183158397007,0,0.007757,0,ml_only,0,,,,,,,,0,,,customer payment cadence lowers risk;device history lowers risk;payment_method_type_code lowers risk
txn_17aa9596969b,0.09337113603458343,0,0.093371,0,ml_only,0,,,,,,,,0,,,device history lowers risk;event_hour lowers risk;session velocity lowers risk
txn_8c188dd3f6e6,0.08871245772842136,0,0.088712,0,ml_only,0,,,,,,,,0,,,device history lowers risk;session velocity lowers risk;customer decline history lowers risk
txn_751dfc638813,0.013373415198325142,0,0.013373,0,ml_only,0,,,,,,,,0,,,customer payment cadence lowers risk;device history lowers risk;device activity cadence lowers risk
txn_146353de2faf,0.01566126699233577,0,0.015661,0,ml_only,0,,,,,,,,0,,,high generated risk score lowers risk;device history lowers risk;IP velocity lowers risk
txn_45b6b6642a8b,0.0041525765101527255,0,0.004153,0,ml_only,0,,,,,,,,0,,,device history lowers risk;customer account age lowers risk;merchant chargeback behavior lowers risk
txn_db47989412b5,0.02014651096063819,0,0.020147,0,ml_only,0,,,,,,,,0,,,high generated risk score lowers risk;customer account age lowers risk;customer payment cadence lowers risk
txn_91d800c1fd23,0.012580393525417429,0,0.01258,0,ml_only,0,,,,,,,,0,,,customer payment cadence lowers risk;IP velocity lowers risk;customer account age lowers risk
txn_c8af04c6476b,0.015274656238284065,0,0.015275,0,ml_only,0,,,,,,,,0,,,customer payment cadence lowers risk;IP velocity lowers risk;high generated risk score lowers risk
txn_94674606fd75,4.002844909948478e-09,0,0.0,0,ml_only,0,,,,,,,,0,,,amount deviation from customer history lowers risk;customer payment cadence lowers risk;session velocity lowers risk
txn_df84e40cfc8f,0.14731373181724836,0,0.147314,0,ml_only,0,,,,,,,,0,,,high generated risk score lowers risk;session velocity lowers risk;event_hour raises risk
txn_042d5d6101a4,0.010598457106406937,0,0.010598,0,ml_only,0,,,,,,,,0,,,device history lowers risk;high generated risk score lowers risk;payment_method_type_code lowers risk
txn_d181916d9ac8,0.014115816594584898,0,0.014116,0,ml_only,0,,,,,,,,0,,,device history lowers risk;customer payment cadence lowers risk;session velocity lowers risk
txn_f863f638791c,7.224683768882357e-05,0,7.2e-05,0,ml_only,0,,,,,,,,0,,,customer payment cadence lowers risk;device activity cadence lowers risk;device history lowers risk
txn_2dea55b8ad6c,0.06173733183786333,0,0.061737,0,ml_only,0,,,,,,,,0,,,device history lowers risk;session velocity lowers risk;event_hour lowers risk
txn_dde86ab1c309,0.06625249324748872,0,0.066252,0,ml_only,0,,,,,,,,0,,,device history lowers risk;session velocity lowers risk;IP velocity lowers risk
txn_b1bb6c424695,0.0041728823129067,0,0.004173,0,ml_only,0,,,,,,,,0,,,device history lowers risk;customer payment cadence lowers risk;customer account age lowers risk
txn_e2601fec5eaa,0.0027254181795278924,0,0.002725,0,ml_only,0,,,,,,,,0,,,device history lowers risk;high generated risk score lowers risk;customer account age lowers risk
txn_b550fe030757,0.00599353557086196,0,0.005994,0,ml_only,0,,,,,,,,0,,,device history lowers risk;customer payment cadence lowers risk;customer account age lowers risk
txn_c664cbedd6cf,0.0005275035503158068,0,0.000528,0,ml_only,0,,,,,,,,0,,,customer payment cadence lowers risk;device history lowers risk;high generated risk score lowers risk
txn_1a56718206a7,0.003611361824662339,0,0.003611,0,ml_only,0,,,,,,,,0,,,device history lowers risk;customer account age lowers risk;high generated risk score lowers risk
txn_6b68c3b19da3,0.005998154513198122,0,0.005998,0,ml_only,0,,,,,,,,0,,,customer payment cadence lowers risk;customer account age lowers risk;customer decline history lowers risk
txn_ec7fa62d2659,0.018564148421739635,0,0.018564,0,ml_only,0,,,,,,,,0,,,customer account age lowers risk;customer payment cadence lowers risk;IP velocity lowers risk
txn_10624cd97c31,0.0009446737063299513,0,0.000945,0,ml_only,0,,,,,,,,0,,,customer payment cadence lowers risk;customer account age lowers risk;device activity cadence lowers risk
txn_403cfcd2067e,0.0036324808370181375,0,0.003632,0,ml_only,0,,,,,,,,0,,,customer payment cadence lowers risk;IP velocity lowers risk;high generated risk score lowers risk
txn_93244321cf05,0.016590037141783087,0,0.01659,0,ml_only,0,,,,,,,,0,,,customer payment cadence lowers risk;event_hour lowers risk;session velocity lowers risk
txn_c592e30a0bc9,0.0235248441338527,0,0.023525,0,ml_only,0,,,,,,,,0,,,customer payment cadence lowers risk;merchant chargeback behavior lowers risk;session velocity lowers risk
txn_cda48c69d47f,0.1314857909116511,0,0.131486,0,ml_only,0,,,,,,,,0,,,high generated risk score lowers risk;session velocity lowers risk;payment_method_type_code raises risk
txn_081e58542188,0.010138998534414178,0,0.010139,0,ml_only,0,,,,,,,,0,,,customer payment cadence lowers risk;IP velocity lowers risk;session velocity lowers risk
txn_dd20ed4b5d7a,0.04631787654555782,0,0.046318,0,ml_only,0,,,,,,,,0,,,customer payment cadence lowers risk;IP velocity lowers risk;session velocity lowers risk
txn_b55f383998f2,0.032937686273165984,0,0.032938,0,ml_only,0,,,,,,,,0,,,high generated risk score lowers risk;session velocity lowers risk;customer payment cadence lowers risk
txn_9e4d353db992,0.009738987036885784,0,0.009739,0,ml_only,0,,,,,,,,0,,,device history lowers risk;IP velocity lowers risk;session velocity lowers risk
txn_29b2d783ceac,0.019986216258055065,0,0.019986,0,ml_only,0,,,,,,,,0,,,device history lowers risk;high generated risk score lowers risk;session velocity lowers risk
txn_65f04e0e3611,0.007007020110577349,0,0.007007,0,ml_only,0,,,,,,,,0,,,device history lowers risk;customer payment cadence lowers risk;high generated risk score lowers risk
txn_c027db0e6e9a,0.009358630997672354,0,0.009359,0,ml_only,0,,,,,,,,0,,,device history lowers risk;merchant chargeback behavior lowers risk;session velocity lowers risk
txn_db04c2d2c957,0.03143065520346367,0,0.031431,0,ml_only,0,,,,,,,,0,,,device history lowers risk;high generated risk score lowers risk;merchant chargeback behavior lowers risk
txn_abc327baa116,0.019820673965834538,0,0.019821,0,ml_only,0,,,,,,,,0,,,customer payment cadence lowers risk;merchant chargeback behavior lowers risk;session velocity lowers risk
txn_6ab3df64f314,0.0015085435720534265,0,0.001509,0,ml_only,0,,,,,,,,0,,,customer payment cadence lowers risk;device activity cadence lowers risk;high generated risk score lowers risk
txn_858742a0e77e,0.050453425638352395,0,0.050453,0,ml_only,0,,,,,,,,0,,,payment_method_type_code lowers risk;session velocity lowers risk;IP velocity lowers risk
txn_92cddc2b7153,0.00793221155345616,0,0.007932,0,ml_only,0,,,,,,,,0,,,customer payment cadence lowers risk;IP velocity lowers risk;high generated risk score lowers risk
txn_af6c125cd934,0.015089507769289603,0,0.01509,0,ml_only,0,,,,,,,,0,,,customer payment cadence lowers risk;IP velocity lowers risk;customer account age lowers risk
txn_e4706ddee527,0.005429687651103009,0,0.00543,0,ml_only,0,,,,,,,,0,,,device history lowers risk;high generated risk score lowers risk;IP velocity lowers risk
txn_003ee278185a,0.0008378133984470147,0,0.000838,0,ml_only,0,,,,,,,,0,,,customer payment cadence lowers risk;device history lowers risk;device activity cadence lowers risk
txn_ab3ffc4dd378,0.002686035745312752,0,0.002686,0,ml_only,0,,,,,,,,0,,,customer payment cadence lowers risk;device history lowers risk;IP velocity lowers risk
txn_7fb4d78a8759,0.004132592793456829,0,0.004133,0,ml_only,0,,,,,,,,0,,,device history lowers risk;customer payment cadence lowers risk;IP velocity lowers risk
txn_8a186142439c,0.012229968915178462,0,0.01223,0,ml_only,0,,,,,,,,0,,,device history lowers risk;customer payment cadence lowers risk;session velocity lowers risk
txn_7e0db1625baa,0.019061907338209127,0,0.019062,0,ml_only,0,,,,,,,,0,,,device history lowers risk;payment_method_type_code lowers risk;session velocity lowers risk
txn_c044d47b8942,0.003034572358435404,0,0.003035,0,ml_only,0,,,,,,,,0,,,customer payment cadence lowers risk;device history lowers risk;high generated risk score lowers risk
txn_4ea6fd5f06f9,0.009086539363858817,0,0.009087,0,ml_only,0,,,,,,,,0,,,device history lowers risk;high generated risk score lowers risk;event_hour lowers risk
txn_bb2581224134,0.007712974630197372,0,0.007713,0,ml_only,0,,,,,,,,0,,,customer payment cadence lowers risk;device history lowers risk;IP velocity lowers risk
txn_3142355684c2,0.0036462583672168124,0,0.003646,0,ml_only,0,,,,,,,,0,,,customer payment cadence lowers risk;device history lowers risk;device activity cadence lowers risk
txn_67f1ecc51ae9,0.040966064104488116,0,0.040966,0,ml_only,0,,,,,,,,0,,,high generated risk score lowers risk;customer payment cadence lowers risk;payment_method_type_code lowers risk
txn_61a5d31a39b9,0.01534913397162188,0,0.015349,0,ml_only,0,,,,,,,,0,,,customer account age lowers risk;IP velocity lowers risk;payment_method_type_code lowers risk
txn_c9af0fd29210,0.007914316605860243,0,0.007914,0,ml_only,0,,,,,,,,0,,,customer account age lowers risk;IP velocity lowers risk;payment_method_type_code lowers risk
txn_28aec876e675,0.0062559145118989455,0,0.006256,0,ml_only,0,,,,,,,,0,,,customer payment cadence lowers risk;customer account age lowers risk;high generated risk score lowers risk
txn_f42ef6a54f69,0.009835371530907567,0,0.009835,0,ml_only,0,,,,,,,,0,,,customer account age lowers risk;customer payment cadence lowers risk;high generated risk score lowers risk
txn_09e1ec25b789,0.020575019083948768,0,0.020575,0,ml_only,0,,,,,,,,0,,,device history lowers risk;high generated risk score lowers risk;payment_method_type_code lowers risk
txn_a0435a6156e0,0.029133106864911457,0,0.029133,0,ml_only,0,,,,,,,,0,,,device history lowers risk;customer payment cadence lowers risk;high generated risk score lowers risk
txn_549ecb499f02,0.011140557412669585,0,0.011141,0,ml_only,0,,,,,,,,0,,,customer payment cadence lowers risk;device history lowers risk;device activity cadence lowers risk
txn_71f25698edfe,0.00508120906573028,0,0.005081,0,ml_only,0,,,,,,,,0,,,customer payment cadence lowers risk;device history lowers risk;device activity cadence lowers risk
txn_6302f433fab7,0.0008263444444303714,0,0.000826,0,ml_only,0,,,,,,,,0,,,amount deviation from customer history lowers risk;device history lowers risk;customer payment cadence lowers risk
txn_cb311866fcf8,0.006597233289649212,0,0.006597,0,ml_only,0,,,,,,,,0,,,device history lowers risk;customer payment cadence lowers risk;IP velocity lowers risk
txn_a244f68e349e,0.0026822134200194946,0,0.002682,0,ml_only,0,,,,,,,,0,,,customer payment cadence lowers risk;device history lowers risk;device activity cadence lowers risk
txn_a71ed23f8995,0.02237504441103428,0,0.022375,0,ml_only,0,,,,,,,,0,,,device history lowers risk;IP velocity lowers risk;payment_method_type_code lowers risk
txn_e4637094d1c4,0.07919769175667478,0,0.079198,0,ml_only,0,,,,,,,,0,,,device history lowers risk;high generated risk score lowers risk;event_hour lowers risk
txn_59b2c14f30fd,0.006548572914815555,0,0.006549,0,ml_only,0,,,,,,,,0,,,device history lowers risk;customer payment cadence lowers risk;IP velocity lowers risk
txn_937c9fd1a1de,0.011340520576417374,0,0.011341,0,ml_only,0,,,,,,,,0,,,customer payment cadence lowers risk;IP velocity lowers risk;device activity cadence lowers risk
txn_8adba48f0db4,0.04656914200966745,0,0.046569,0,ml_only,0,,,,,,,,0,,,high generated risk score lowers risk;session velocity lowers risk;IP velocity lowers risk
txn_c2c66b9b04b4,0.04342905913235855,0,0.043429,0,ml_only,0,,,,,,,,0,,,customer payment cadence lowers risk;device activity cadence lowers risk;high generated risk score lowers risk
txn_7bcc65146578,0.01914144057132204,0,0.019141,0,ml_only,0,,,,,,,,0,,,customer payment cadence lowers risk;IP velocity lowers risk;high generated risk score lowers risk
txn_29e119ad3ceb,0.13570268973516933,0,0.135703,0,ml_only,0,,,,,,,,0,,,merchant chargeback behavior lowers risk;session velocity lowers risk;IP velocity lowers risk
txn_ba4397425e67,0.005763189413459202,0,0.005763,0,ml_only,0,,,,,,,,0,,,device history lowers risk;IP velocity lowers risk;high generated risk score lowers risk
txn_e99d9ebc632c,0.01911929574842397,0,0.019119,0,ml_only,0,,,,,,,,0,,,customer payment cadence lowers risk;device history lowers risk;high generated risk score lowers risk
txn_5825b5f073b6,0.004939160852219374,0,0.004939,0,ml_only,0,,,,,,,,0,,,customer payment cadence lowers risk;device history lowers risk;high generated risk score lowers risk
txn_862dda70433b,0.01123145817274594,0,0.011231,0,ml_only,0,,,,,,,,0,,,customer payment cadence lowers risk;device history lowers risk;payment_method_type_code lowers risk
txn_ead04ffbf009,0.038567194468249875,0,0.038567,0,ml_only,0,,,,,,,,0,,,device history lowers risk;customer payment cadence lowers risk;session velocity lowers risk
txn_5ef99bc6ae73,0.06718666571956561,0,0.067187,0,ml_only,0,,,,,,,,0,,,IP velocity lowers risk;device history lowers risk;session velocity lowers risk
txn_2dee6490642e,0.023070557754257905,0,0.023071,0,ml_only,0,,,,,,,,0,,,customer payment cadence lowers risk;high generated risk score lowers risk;merchant chargeback behavior lowers risk
txn_f077a14d05c8,0.039813816196795436,0,0.039814,0,ml_only,0,,,,,,,,0,,,IP velocity lowers risk;device history lowers risk;session velocity lowers risk
txn_23c1a6d3313e,0.018285637878378697,0,0.018286,0,ml_only,0,,,,,,,,0,,,IP velocity lowers risk;high generated risk score lowers risk;device history lowers risk
txn_b71b06dca786,0.025436431802177164,0,0.025436,0,ml_only,0,,,,,,,,0,,,customer account age lowers risk;high generated risk score lowers risk;merchant chargeback behavior lowers risk
txn_4b4f83f7b764,0.012593535948151687,0,0.012594,0,ml_only,0,,,,,,,,0,,,customer payment cadence lowers risk;customer account age lowers risk;high generated risk score lowers risk
txn_202a5cccd8d4,0.006520502111329476,0,0.006521,0,ml_only,0,,,,,,,,0,,,customer account age lowers risk;customer payment cadence lowers risk;high generated risk score lowers risk
txn_2fba89bfc80f,0.00033110677291178027,0,0.000331,0,ml_only,0,,,,,,,,0,,,customer payment cadence lowers risk;customer account age lowers risk;event_hour lowers risk
txn_2aad516366ae,0.0015745605647390114,0,0.001575,0,ml_only,0,,,,,,,,0,,,customer payment cadence lowers risk;device activity cadence lowers risk;high generated risk score lowers risk
txn_a8e962d96071,0.014931952603466246,0,0.014932,0,ml_only,0,,,,,,,,0,,,IP velocity lowers risk;high generated risk score lowers risk;device activity cadence lowers risk
txn_de083e8496a8,2.226761748039432e-05,0,2.2e-05,0,ml_only,0,,,,,,,,0,,,amount deviation from customer history lowers risk;customer payment cadence lowers risk;device history lowers risk
txn_ad11644d948a,0.011194223691036424,0,0.011194,0,ml_only,0,,,,,,,,0,,,device history lowers risk;customer payment cadence lowers risk;high generated risk score lowers risk
txn_724b07a493c4,0.0015909509894421003,0,0.001591,0,ml_only,0,,,,,,,,0,,,customer payment cadence lowers risk;device history lowers risk;customer account age lowers risk
txn_c7643aa76b3d,0.002347311226317743,0,0.002347,0,ml_only,0,,,,,,,,0,,,device history lowers risk;customer account age lowers risk;customer payment cadence lowers risk
txn_a871b01cbfa6,0.0015836384456939525,0,0.001584,0,ml_only,0,,,,,,,,0,,,device history lowers risk;customer account age lowers risk;customer payment cadence lowers risk
txn_442939c4d085,0.007270092137975133,0,0.00727,0,ml_only,0,,,,,,,,0,,,customer payment cadence lowers risk;customer account age lowers risk;session velocity lowers risk
txn_1c62c5fd9ea4,0.0024719863651959315,0,0.002472,0,ml_only,0,,,,,,,,0,,,customer payment cadence lowers risk;device activity cadence lowers risk;high generated risk score lowers risk
txn_08c26b50267a,0.025960016274545132,0,0.02596,0,ml_only,0,,,,,,,,0,,,customer payment cadence lowers risk;IP velocity raises risk;high generated risk score lowers risk
txn_baa41f1191c0,0.220605,1,0.216579,1,hybrid_ml_llm,1,local_lmstudio,0.23,0.35,review,"The transaction exhibits moderate risk characteristics primarily driven by IP velocity (multiple transactions from same IP address) and device usage patterns (low reputation score). However, long-term customer relationship (2.8 year account age) and absence of overtly suspicious signals (zero failed logins, no billing/shipping mismatch) temper the overall risk profile.",IP velocity;device reputation score,,0,,,high generated risk score lowers risk;IP velocity raises risk;session velocity lowers risk
txn_4a8a2b0b4aaf,0.06498067535130761,0,0.064981,0,ml_only,0,,,,,,,,0,,,customer payment cadence lowers risk;IP velocity lowers risk;merchant chargeback behavior lowers risk
txn_ad42d73ff213,8.072571976216737e-05,0,8.1e-05,0,ml_only,0,,,,,,,,0,,,customer payment cadence lowers risk;device activity cadence lowers risk;device history lowers risk
txn_32734f095e3f,0.01595665995209874,0,0.015957,0,ml_only,0,,,,,,,,0,,,device history lowers risk;customer payment cadence lowers risk;session velocity lowers risk
txn_58286a5dada3,0.017035276725269916,0,0.017035,0,ml_only,0,,,,,,,,0,,,device history lowers risk;merchant chargeback behavior lowers risk;session velocity lowers risk
txn_180e5bbce717,0.000959524620282644,0,0.00096,0,ml_only,0,,,,,,,,0,,,customer payment cadence lowers risk;device history lowers risk;device activity cadence lowers risk
txn_f4afa0b1d665,0.0013154404846370336,0,0.001315,0,ml_only,0,,,,,,,,0,,,customer payment cadence lowers risk;device history lowers risk;high generated risk score lowers risk
txn_498979f2db3d,0.010431090392163417,0,0.010431,0,ml_only,0,,,,,,,,0,,,device history lowers risk;high generated risk score lowers risk;payment_method_type_code lowers risk
txn_5914bf6beb18,0.008118063239112528,0,0.008118,0,ml_only,0,,,,,,,,0,,,device history lowers risk;customer payment cadence lowers risk;event_hour lowers risk
txn_734d1f4c0254,0.0018551252123295264,0,0.001855,0,ml_only,0,,,,,,,,0,,,customer payment cadence lowers risk;device history lowers risk;session velocity lowers risk
txn_900a07c20bc3,0.004405732915466407,0,0.004406,0,ml_only,0,,,,,,,,0,,,device history lowers risk;IP velocity lowers risk;customer payment cadence lowers risk
txn_d9f277847091,0.0011270604726736206,0,0.001127,0,ml_only,0,,,,,,,,0,,,customer payment cadence lowers risk;device history lowers risk;device activity cadence lowers risk
txn_6a092d3f09f3,0.015869063878618594,0,0.015869,0,ml_only,0,,,,,,,,0,,,device activity cadence lowers risk;payment_method_type_code lowers risk;merchant chargeback behavior lowers risk
txn_6bb53ac25b5e,0.014589939843800727,0,0.01459,0,ml_only,0,,,,,,,,0,,,customer payment cadence lowers risk;payment_method_type_code lowers risk;merchant chargeback behavior lowers risk
txn_17156699521b,0.07604477661372694,0,0.076045,0,ml_only,0,,,,,,,,0,,,customer account age lowers risk;merchant chargeback behavior lowers risk;session velocity lowers risk
txn_5745d6339a82,0.011627559975000182,0,0.011628,0,ml_only,0,,,,,,,,0,,,customer payment cadence lowers risk;customer account age lowers risk;high generated risk score lowers risk
txn_d5dc1b706f4d,4.169991638211014e-05,0,4.2e-05,0,ml_only,0,,,,,,,,0,,,customer payment cadence lowers risk;customer account age lowers risk;device activity cadence lowers risk
txn_f76c528c0f2c,0.010176888562663616,0,0.010177,0,ml_only,0,,,,,,,,0,,,customer account age lowers risk;IP velocity lowers risk;high generated risk score lowers risk
txn_282df72c3178,0.014479453538447323,0,0.014479,0,ml_only,0,,,,,,,,0,,,customer payment cadence lowers risk;IP velocity lowers risk;customer account age lowers risk
txn_1cb1a14f1cb4,0.003396540546114454,0,0.003397,0,ml_only,0,,,,,,,,0,,,customer payment cadence lowers risk;device activity cadence lowers risk;customer account age lowers risk
txn_188016613b73,0.009089587801846792,0,0.00909,0,ml_only,0,,,,,,,,0,,,customer payment cadence lowers risk;high generated risk score lowers risk;customer account age lowers risk
txn_75c89cdf9059,0.00990548540834204,0,0.009905,0,ml_only,0,,,,,,,,0,,,customer payment cadence lowers risk;device activity cadence lowers risk;customer account age lowers risk
txn_338b34935dee,0.0019629347145311248,0,0.001963,0,ml_only,0,,,,,,,,0,,,amount deviation from customer history lowers risk;merchant chargeback behavior lowers risk;session velocity lowers risk
txn_1cb3cc7d9daa,0.003729909184833182,0,0.00373,0,ml_only,0,,,,,,,,0,,,customer payment cadence lowers risk;high generated risk score lowers risk;session velocity lowers risk
txn_18b56081d4d4,0.006208012536248694,0,0.006208,0,ml_only,0,,,,,,,,0,,,customer payment cadence lowers risk;device activity cadence lowers risk;session velocity lowers risk
txn_42ac388cff0e,0.008761810902626205,0,0.008762,0,ml_only,0,,,,,,,,0,,,customer payment cadence lowers risk;high generated risk score lowers risk;session velocity lowers risk
txn_da76029d702c,0.011472298093455615,0,0.011472,0,ml_only,0,,,,,,,,0,,,customer payment cadence lowers risk;customer account age lowers risk;high generated risk score lowers risk
txn_a0e2a3715062,0.013506467897465055,0,0.013506,0,ml_only,0,,,,,,,,0,,,device history lowers risk;customer account age lowers risk;high generated risk score lowers risk
txn_b1569fd67313,0.0011573812827798998,0,0.001157,0,ml_only,0,,,,,,,,0,,,device history lowers risk;customer account age lowers risk;customer payment cadence lowers risk
txn_c4a9e01c1ecb,0.006534645594710259,0,0.006535,0,ml_only,0,,,,,,,,0,,,device history lowers risk;customer account age lowers risk;high generated risk score lowers risk
txn_bfd6d7bd3be6,0.0186416237327754,0,0.018642,0,ml_only,0,,,,,,,,0,,,device history lowers risk;merchant chargeback behavior lowers risk;session velocity lowers risk
txn_46650ffd3788,0.0017006365298547728,0,0.001701,0,ml_only,0,,,,,,,,0,,,device history lowers risk;customer payment cadence lowers risk;IP velocity lowers risk
txn_8c635e2ab042,8.947790413675284e-05,0,8.9e-05,0,ml_only,0,,,,,,,,0,,,customer payment cadence lowers risk;device history lowers risk;high generated risk score lowers risk
txn_7ecb58c80d21,0.040942703597325734,0,0.040943,0,ml_only,0,,,,,,,,0,,,device history lowers risk;session velocity lowers risk;merchant chargeback behavior lowers risk
txn_57e8cf88bc26,0.00267006639293042,0,0.00267,0,ml_only,0,,,,,,,,0,,,device history lowers risk;customer payment cadence lowers risk;IP velocity lowers risk
txn_00b14e49ad91,0.08243007055001539,0,0.08243,0,ml_only,0,,,,,,,,0,,,device history lowers risk;session velocity lowers risk;payment_method_type_code raises risk
txn_40709d375b2f,0.004581454772380771,0,0.004581,0,ml_only,0,,,,,,,,0,,,device history lowers risk;customer payment cadence lowers risk;device activity cadence lowers risk
txn_a98941490906,0.007811902288088702,0,0.007812,0,ml_only,0,,,,,,,,0,,,device activity cadence lowers risk;customer payment cadence lowers risk;IP velocity lowers risk
txn_8acc96b0a5a4,0.003051177655184382,0,0.003051,0,ml_only,0,,,,,,,,0,,,customer account age lowers risk;customer payment cadence lowers risk;high generated risk score lowers risk
txn_a62c9b018b80,0.0031007964118463247,0,0.003101,0,ml_only,0,,,,,,,,0,,,customer account age lowers risk;customer payment cadence lowers risk;high generated risk score lowers risk
txn_e9faf6cd8682,0.057653012320801736,0,0.057653,0,ml_only,0,,,,,,,,0,,,customer account age lowers risk;merchant chargeback behavior lowers risk;session velocity lowers risk
txn_023d40eaf572,0.002174097994744139,0,0.002174,0,ml_only,0,,,,,,,,0,,,customer payment cadence lowers risk;customer account age lowers risk;session velocity lowers risk
txn_7e777538875c,0.004660157328704762,0,0.00466,0,ml_only,0,,,,,,,,0,,,customer account age lowers risk;device history lowers risk;high generated risk score lowers risk
txn_4bbb0be8690d,0.004179018508392619,0,0.004179,0,ml_only,0,,,,,,,,0,,,customer payment cadence lowers risk;customer account age lowers risk;device history lowers risk
txn_ec65143d46e0,4.3116393682061856e-05,0,4.3e-05,0,ml_only,0,,,,,,,,0,,,customer payment cadence lowers risk;device activity cadence lowers risk;customer account age lowers risk
txn_847da0d1f888,0.00878857909103601,0,0.008789,0,ml_only,0,,,,,,,,0,,,customer payment cadence lowers risk;customer account age lowers risk;device history lowers risk
txn_6249cd36d853,0.014887092316860459,0,0.014887,0,ml_only,0,,,,,,,,0,,,device history lowers risk;payment_method_type_code lowers risk;session velocity lowers risk
txn_c06a50d4635d,0.020455288240595046,0,0.020455,0,ml_only,0,,,,,,,,0,,,device activity cadence lowers risk;customer payment cadence lowers risk;device history lowers risk
txn_10cde0d89380,0.07570702269458972,0,0.075707,0,ml_only,0,,,,,,,,0,,,device history lowers risk;IP velocity lowers risk;merchant chargeback behavior lowers risk
txn_76613776e113,0.008405158568875493,0,0.008405,0,ml_only,0,,,,,,,,0,,,device history lowers risk;high generated risk score lowers risk;payment_method_type_code lowers risk
txn_686fa421dda4,0.020439099402233884,0,0.020439,0,ml_only,0,,,,,,,,0,,,customer payment cadence lowers risk;device history lowers risk;IP velocity lowers risk
txn_5fe583590f10,0.001739875172171717,0,0.00174,0,ml_only,0,,,,,,,,0,,,customer payment cadence lowers risk;high generated risk score lowers risk;device history lowers risk
txn_1bfbdf47d731,0.0025545274576104795,0,0.002555,0,ml_only,0,,,,,,,,0,,,customer payment cadence lowers risk;device activity cadence lowers risk;high generated risk score lowers risk
txn_9617af62fc40,0.06491620048420342,0,0.064916,0,ml_only,0,,,,,,,,0,,,high generated risk score lowers risk;session velocity lowers risk;event_hour raises risk
txn_a708522d1375,0.201107,0,0.205867,0,hybrid_ml_llm,1,local_lmstudio,0.19,0.1,step_up_authentication,"The transaction exhibits a low-risk profile characterized by an established customer account (2060 days old), limited transaction frequency (3 total transactions), and a device with a low IP reputation score (0.1956). While the ml_fraud_score is slightly below the threshold, the proximity to the cutoff warrants caution.",low ip reputation;established customer account;limited transaction frequency,,0,,,customer account age lowers risk;session velocity lowers risk;merchant chargeback behavior lowers risk
txn_521116f5a15d,0.003607575585864376,0,0.003608,0,ml_only,0,,,,,,,,0,,,customer payment cadence lowers risk;device activity cadence lowers risk;customer account age lowers risk
txn_9b79a2eb0c63,0.03358768612576985,0,0.033588,0,ml_only,0,,,,,,,,0,,,customer account age lowers risk;payment_method_type_code lowers risk;session velocity lowers risk
txn_4ecb95801e4f,0.020571001189254576,0,0.020571,0,ml_only,0,,,,,,,,0,,,device history lowers risk;customer payment cadence lowers risk;IP velocity raises risk
txn_7997ccc26eb8,0.008418225555185755,0,0.008418,0,ml_only,0,,,,,,,,0,,,device history lowers risk;customer account age lowers risk;merchant chargeback behavior lowers risk
txn_ad9b062ec49f,0.026065998113310656,0,0.026066,0,ml_only,0,,,,,,,,0,,,device history lowers risk;customer account age lowers risk;session velocity lowers risk
txn_b8dc0eb5451d,0.0011107770990431587,0,0.001111,0,ml_only,0,,,,,,,,0,,,device history lowers risk;customer account age lowers risk;customer payment cadence lowers risk
txn_fd5b31cbe289,0.0006146367896121854,0,0.000615,0,ml_only,0,,,,,,,,0,,,device history lowers risk;customer payment cadence lowers risk;customer account age lowers risk
txn_a4765421eae9,0.003766568291987938,0,0.003767,0,ml_only,0,,,,,,,,0,,,device history lowers risk;amount deviation from customer history lowers risk;high generated risk score lowers risk
txn_213dfa747eb6,0.001587305519416406,0,0.001587,0,ml_only,0,,,,,,,,0,,,customer payment cadence lowers risk;device history lowers risk;high generated risk score lowers risk
txn_a88de9e79bc2,0.08847753338113787,0,0.088478,0,ml_only,0,,,,,,,,0,,,device history lowers risk;session velocity lowers risk;customer decline history lowers risk
txn_4f74f4adfa68,0.012247515199977169,0,0.012248,0,ml_only,0,,,,,,,,0,,,device history lowers risk;customer payment cadence lowers risk;high generated risk score lowers risk
txn_1b60cb59e80e,0.0038637685592630565,0,0.003864,0,ml_only,0,,,,,,,,0,,,customer payment cadence lowers risk;device history lowers risk;amount deviation from customer history lowers risk
txn_910a0c87d5f4,0.004517708221445277,0,0.004518,0,ml_only,0,,,,,,,,0,,,device history lowers risk;customer payment cadence lowers risk;IP velocity raises risk
txn_34dc126de6da,0.003942018496829523,0,0.003942,0,ml_only,0,,,,,,,,0,,,device history lowers risk;customer payment cadence lowers risk;high generated risk score lowers risk
txn_2e85bdcc1fa0,0.008524401424925764,0,0.008524,0,ml_only,0,,,,,,,,0,,,device history lowers risk;device activity cadence lowers risk;customer payment cadence lowers risk
txn_49a573b90f30,0.018505669614119168,0,0.018506,0,ml_only,0,,,,,,,,0,,,device history lowers risk;customer payment cadence lowers risk;session velocity lowers risk
txn_0c7981742292,0.0007396426092748297,0,0.00074,0,ml_only,0,,,,,,,,0,,,customer payment cadence lowers risk;device history lowers risk;device activity cadence lowers risk
txn_612c2bd7da61,0.29180185516008955,1,0.291802,1,ml_only,0,,,,,,,,0,,,session velocity lowers risk;event_hour raises risk;merchant chargeback behavior lowers risk
txn_423820d676cd,0.004185168284611041,0,0.004185,0,ml_only,0,,,,,,,,0,,,customer payment cadence lowers risk;high generated risk score lowers risk;device activity cadence lowers risk
txn_2df5abb07cf9,0.0030306299507282712,0,0.003031,0,ml_only,0,,,,,,,,0,,,customer payment cadence lowers risk;customer account age lowers risk;IP velocity lowers risk
txn_a76850c0d781,0.004737061723147535,0,0.004737,0,ml_only,0,,,,,,,,0,,,customer account age lowers risk;customer payment cadence lowers risk;high generated risk score lowers risk
txn_ffff6ac1bfa2,0.00021942399435074657,0,0.000219,0,ml_only,0,,,,,,,,0,,,customer payment cadence lowers risk;customer account age lowers risk;device activity cadence lowers risk
txn_05d781798c7e,0.004209904658570579,0,0.00421,0,ml_only,0,,,,,,,,0,,,customer account age lowers risk;device history lowers risk;device activity cadence lowers risk
txn_07534fd4be99,0.00797569508205436,0,0.007976,0,ml_only,0,,,,,,,,0,,,device history lowers risk;customer payment cadence lowers risk;IP velocity lowers risk
txn_76807493cb28,0.014659629314297398,0,0.01466,0,ml_only,0,,,,,,,,0,,,device history lowers risk;session velocity lowers risk;merchant chargeback behavior lowers risk
txn_baedb1d05528,0.00017221706446945013,0,0.000172,0,ml_only,0,,,,,,,,0,,,customer payment cadence lowers risk;device history lowers risk;device activity cadence lowers risk
txn_aa67f44ab91b,0.014476071185371536,0,0.014476,0,ml_only,0,,,,,,,,0,,,device history lowers risk;amount deviation from customer history lowers risk;payment_method_type_code lowers risk
txn_457e30d98e9a,0.04387535425255019,0,0.043875,0,ml_only,0,,,,,,,,0,,,IP velocity lowers risk;high generated risk score lowers risk;session velocity lowers risk
txn_1f26fbecf8d9,0.031775576441437456,0,0.031776,0,ml_only,0,,,,,,,,0,,,amount deviation from customer history lowers risk;IP velocity lowers risk;high generated risk score lowers risk
txn_a6344a624632,0.0810958177644535,0,0.081096,0,ml_only,0,,,,,,,,0,,,customer payment cadence lowers risk;merchant chargeback behavior lowers risk;session velocity lowers risk
txn_cd41be8f3a67,0.037785431662541315,0,0.037785,0,ml_only,0,,,,,,,,0,,,payment_method_type_code lowers risk;merchant chargeback behavior lowers risk;session velocity lowers risk
txn_45d4a814caed,0.06425959421939112,0,0.06426,0,ml_only,0,,,,,,,,0,,,device activity cadence lowers risk;payment_method_type_code lowers risk;merchant chargeback behavior lowers risk
txn_2b74362050f5,0.013230652926265032,0,0.013231,0,ml_only,0,,,,,,,,0,,,customer payment cadence lowers risk;device activity cadence lowers risk;session velocity lowers risk
txn_a78a5f444a9b,0.02919386006783422,0,0.029194,0,ml_only,0,,,,,,,,0,,,high generated risk score lowers risk;session velocity lowers risk;customer decline history lowers risk
txn_48477915998f,0.03392712565001079,0,0.033927,0,ml_only,0,,,,,,,,0,,,customer payment cadence lowers risk;high generated risk score lowers risk;session velocity lowers risk
txn_fa197c486fe4,0.04872592332445391,0,0.048726,0,ml_only,0,,,,,,,,0,,,customer payment cadence lowers risk;session velocity lowers risk;merchant chargeback behavior lowers risk
txn_875d30f96ba9,0.09376031518978732,0,0.09376,0,ml_only,0,,,,,,,,0,,,merchant chargeback behavior lowers risk;session velocity lowers risk;event_hour raises risk
txn_83a07cb46e28,0.0007074250424338525,0,0.000707,0,ml_only,0,,,,,,,,0,,,customer payment cadence lowers risk;device activity cadence lowers risk;high generated risk score lowers risk
txn_0b3b8e932b1b,0.0042753877941948655,0,0.004275,0,ml_only,0,,,,,,,,0,,,customer payment cadence lowers risk;device activity cadence lowers risk;session velocity lowers risk
txn_56863dc09f96,0.015989441051161065,0,0.015989,0,ml_only,0,,,,,,,,0,,,high generated risk score lowers risk;merchant chargeback behavior lowers risk;session velocity lowers risk
txn_8facf8e2bf19,0.0008079859931572999,0,0.000808,0,ml_only,0,,,,,,,,0,,,customer payment cadence lowers risk;high generated risk score raises risk;event_hour lowers risk
txn_ab6eae60d98b,0.009118464220507053,0,0.009118,0,ml_only,0,,,,,,,,0,,,customer payment cadence lowers risk;IP velocity lowers risk;high generated risk score lowers risk
txn_328e367503b3,0.0014579392840890094,0,0.001458,0,ml_only,0,,,,,,,,0,,,customer payment cadence lowers risk;device history lowers risk;high generated risk score lowers risk
txn_c0713d4a3657,0.007697368255270398,0,0.007697,0,ml_only,0,,,,,,,,0,,,customer payment cadence lowers risk;device history lowers risk;session velocity lowers risk
txn_8a60a1322753,0.005092906693580212,0,0.005093,0,ml_only,0,,,,,,,,0,,,device history lowers risk;customer payment cadence lowers risk;amount deviation from customer history lowers risk
txn_f29b8a4687b9,0.008431881502292661,0,0.008432,0,ml_only,0,,,,,,,,0,,,device history lowers risk;customer payment cadence lowers risk;IP velocity lowers risk
txn_92e003e62af3,0.012486753127558885,0,0.012487,0,ml_only,0,,,,,,,,0,,,customer payment cadence lowers risk;device history lowers risk;device activity cadence lowers risk
txn_0855f493e67e,0.02266088660826298,0,0.022661,0,ml_only,0,,,,,,,,0,,,device history lowers risk;customer account age lowers risk;high generated risk score raises risk
txn_860a9876047e,0.0011968694733205576,0,0.001197,0,ml_only,0,,,,,,,,0,,,device history lowers risk;customer account age lowers risk;customer payment cadence lowers risk
txn_b16ae27818d9,0.00873319174257824,0,0.008733,0,ml_only,0,,,,,,,,0,,,device history lowers risk;customer account age lowers risk;merchant chargeback behavior lowers risk
txn_675edf231bfb,0.0014580681881947667,0,0.001458,0,ml_only,0,,,,,,,,0,,,customer payment cadence lowers risk;device history lowers risk;customer account age lowers risk
txn_18ad2dfe811a,0.0021621772116237675,0,0.002162,0,ml_only,0,,,,,,,,0,,,customer payment cadence lowers risk;device history lowers risk;high generated risk score lowers risk
txn_811812561d9e,0.043599857371251015,0,0.0436,0,ml_only,0,,,,,,,,0,,,customer payment cadence lowers risk;session velocity lowers risk;customer decline history lowers risk
txn_2640491aa61e,0.09449973178053195,0,0.0945,0,ml_only,0,,,,,,,,0,,,high generated risk score lowers risk;IP velocity lowers risk;session velocity lowers risk
txn_ff0da56c5f2f,0.0029113039803201997,0,0.002911,0,ml_only,0,,,,,,,,0,,,customer payment cadence lowers risk;high generated risk score lowers risk;IP velocity lowers risk
txn_7aecc0ae1ea7,0.04485765044139609,0,0.044858,0,ml_only,0,,,,,,,,0,,,IP velocity lowers risk;customer account age lowers risk;session velocity lowers risk
txn_c8b62effd4dc,0.015518349687034161,0,0.015518,0,ml_only,0,,,,,,,,0,,,customer payment cadence lowers risk;high generated risk score lowers risk;customer account age lowers risk
txn_41dd3b053061,0.03173764353022315,0,0.031738,0,ml_only,0,,,,,,,,0,,,customer payment cadence lowers risk;IP velocity lowers risk;merchant chargeback behavior lowers risk
txn_4cc5b9c682c1,0.05442638624080915,0,0.054426,0,ml_only,0,,,,,,,,0,,,customer payment cadence lowers risk;high generated risk score lowers risk;customer amount baseline raises risk
txn_88648715ac67,0.0011171063626156943,0,0.001117,0,ml_only,0,,,,,,,,0,,,customer payment cadence lowers risk;device activity cadence lowers risk;customer account age lowers risk
txn_0a4a7310dbff,5.013891407637362e-05,0,5e-05,0,ml_only,0,,,,,,,,0,,,customer payment cadence lowers risk;device activity cadence lowers risk;customer account age lowers risk
txn_b9d66e7523de,0.03927313701346814,0,0.039273,0,ml_only,0,,,,,,,,0,,,customer payment cadence lowers risk;customer account age lowers risk;session velocity lowers risk
txn_24a7d2102c2d,0.007586930604491862,0,0.007587,0,ml_only,0,,,,,,,,0,,,customer account age lowers risk;device activity cadence lowers risk;high generated risk score lowers risk
txn_55d833acce45,1.0681374582983892e-05,0,1.1e-05,0,ml_only,0,,,,,,,,0,,,customer payment cadence lowers risk;amount deviation from customer history lowers risk;customer account age lowers risk
txn_51c82ff44509,0.010958788939730069,0,0.010959,0,ml_only,0,,,,,,,,0,,,customer account age lowers risk;customer payment cadence lowers risk;high generated risk score lowers risk
txn_80c75cafd60e,0.00410322964186683,0,0.004103,0,ml_only,0,,,,,,,,0,,,customer account age lowers risk;customer payment cadence lowers risk;IP velocity lowers risk
txn_ba6766157c4a,0.04679627735905771,0,0.046796,0,ml_only,0,,,,,,,,0,,,customer account age lowers risk;IP velocity lowers risk;merchant chargeback behavior lowers risk
txn_b32a7af3a64e,0.00018698557122844416,0,0.000187,0,ml_only,0,,,,,,,,0,,,customer payment cadence lowers risk;device history lowers risk;device activity cadence lowers risk
txn_549b015d6ddc,0.003074953960894244,0,0.003075,0,ml_only,0,,,,,,,,0,,,device history lowers risk;customer payment cadence lowers risk;customer account age lowers risk
txn_955ca0e02c94,0.0033708554095858785,0,0.003371,0,ml_only,0,,,,,,,,0,,,device history lowers risk;customer payment cadence lowers risk;device activity cadence lowers risk
txn_f18743517071,0.01660347869833062,0,0.016603,0,ml_only,0,,,,,,,,0,,,device history lowers risk;customer account age lowers risk;IP velocity lowers risk
txn_39dd5af341e5,0.0038880566862048538,0,0.003888,0,ml_only,0,,,,,,,,0,,,device history lowers risk;customer payment cadence lowers risk;customer account age lowers risk
txn_e46f70c9541c,0.0005735368599837516,0,0.000574,0,ml_only,0,,,,,,,,0,,,device history lowers risk;customer payment cadence lowers risk;high generated risk score lowers risk
txn_d0a18fcd255e,0.0007514496567260403,0,0.000751,0,ml_only,0,,,,,,,,0,,,device history lowers risk;customer payment cadence lowers risk;high generated risk score lowers risk
txn_c7942794fd05,0.0015585728463491638,0,0.001559,0,ml_only,0,,,,,,,,0,,,device history lowers risk;customer account age lowers risk;IP velocity lowers risk
txn_ecac2e462267,0.004145807230159048,0,0.004146,0,ml_only,0,,,,,,,,0,,,device history lowers risk;customer payment cadence lowers risk;merchant chargeback behavior lowers risk
txn_f8895bc95049,0.00532709295059408,0,0.005327,0,ml_only,0,,,,,,,,0,,,device history lowers risk;customer payment cadence lowers risk;IP velocity lowers risk
txn_6372aa9e1491,2.8425907743829614e-05,0,2.8e-05,0,ml_only,0,,,,,,,,0,,,customer payment cadence lowers risk;device history lowers risk;device activity cadence lowers risk
txn_3631d28349fd,0.03904403629032139,0,0.039044,0,ml_only,0,,,,,,,,0,,,device history lowers risk;customer payment cadence lowers risk;session velocity lowers risk
txn_93eccb091675,0.00020793280993421003,0,0.000208,0,ml_only,0,,,,,,,,0,,,device history lowers risk;device activity cadence lowers risk;customer account age lowers risk
txn_a517b9c45a3d,0.0019489557971056075,0,0.001949,0,ml_only,0,,,,,,,,0,,,device history lowers risk;customer account age lowers risk;customer payment cadence lowers risk
txn_3704541bf7ea,0.001249831215409947,0,0.00125,0,ml_only,0,,,,,,,,0,,,device history lowers risk;customer payment cadence lowers risk;customer account age lowers risk
txn_d4108217a91f,0.011384893690941447,0,0.011385,0,ml_only,0,,,,,,,,0,,,customer payment cadence lowers risk;customer account age lowers risk;IP velocity lowers risk
txn_99006f2d83be,0.02528420634863607,0,0.025284,0,ml_only,0,,,,,,,,0,,,customer account age lowers risk;payment_method_type_code lowers risk;merchant chargeback behavior lowers risk
txn_9186957743d1,0.03962838051816788,0,0.039628,0,ml_only,0,,,,,,,,0,,,customer payment cadence lowers risk;device activity cadence lowers risk;customer account age lowers risk
txn_1226c23c7495,0.06256677932092464,0,0.062567,0,ml_only,0,,,,,,,,0,,,customer payment cadence lowers risk;customer account age lowers risk;merchant chargeback behavior lowers risk
txn_06679af84bdb,0.0013953588408955524,0,0.001395,0,ml_only,0,,,,,,,,0,,,customer payment cadence lowers risk;device activity cadence lowers risk;customer account age lowers risk
txn_263fd92e20c9,0.7723386234569936,1,0.772339,1,ml_only,0,,,,,,,,1,credential_based_fraud,card_testing,customer payment cadence lowers risk;high generated risk score raises risk;IP velocity lowers risk
txn_0d2d56b0d281,0.9234479067555775,1,0.923448,1,ml_only,0,,,,,,,,1,credential_based_fraud,card_testing,customer decline history raises risk;customer_historical_spend_mean lowers risk;IP velocity lowers risk
txn_73192672d55a,0.9586301059200761,1,0.95863,1,ml_only,0,,,,,,,,1,credential_based_fraud,card_testing,session velocity raises risk;customer decline history raises risk;customer_historical_spend_mean lowers risk
txn_bf8e350698f2,0.9486211958340626,1,0.948621,1,ml_only,0,,,,,,,,1,credential_based_fraud,card_testing,high generated risk score raises risk;customer decline history raises risk;customer_historical_spend_mean lowers risk
txn_b9c81df55be5,0.9621992084730631,1,0.962199,1,ml_only,0,,,,,,,,1,credential_based_fraud,card_testing,customer decline history raises risk;high generated risk score raises risk;customer_historical_spend_mean lowers risk
txn_4fa3df572f48,0.9748410426675592,1,0.974841,1,ml_only,0,,,,,,,,1,credential_based_fraud,card_testing,session velocity raises risk;customer decline history raises risk;customer_historical_spend_mean lowers risk
txn_1f954ffa2fdb,0.8720988755187227,1,0.872099,1,ml_only,0,,,,,,,,1,credential_based_fraud,card_testing,customer decline history raises risk;customer_historical_spend_mean lowers risk;session velocity lowers risk
txn_e254e060f130,0.9653813753679856,1,0.965381,1,ml_only,0,,,,,,,,1,credential_based_fraud,card_testing,high generated risk score raises risk;customer decline history raises risk;customer_historical_spend_mean lowers risk
txn_cdcfa1350cfa,0.9698461280969709,1,0.969846,1,ml_only,0,,,,,,,,1,credential_based_fraud,card_testing,session velocity raises risk;customer decline history raises risk;customer_historical_spend_mean lowers risk
txn_f10b609b9270,0.9023842734231978,1,0.902384,1,ml_only,0,,,,,,,,1,credential_based_fraud,card_testing,customer decline history raises risk;customer_historical_spend_mean lowers risk;session velocity lowers risk
txn_1f70d6c03052,0.9770965409641271,1,0.977097,1,ml_only,0,,,,,,,,1,credential_based_fraud,card_testing,high generated risk score raises risk;customer decline history raises risk;customer_historical_spend_mean lowers risk
txn_1d9a5b96e240,0.9585299806325582,1,0.95853,1,ml_only,0,,,,,,,,1,credential_based_fraud,card_testing,session velocity raises risk;customer decline history raises risk;customer_historical_spend_mean lowers risk
txn_57126719016a,0.8850511737992125,1,0.885051,1,ml_only,0,,,,,,,,1,credential_based_fraud,card_testing,customer decline history raises risk;customer_historical_spend_mean lowers risk;session velocity lowers risk
txn_d3b2c89a0f00,0.9529507022591219,1,0.952951,1,ml_only,0,,,,,,,,1,credential_based_fraud,card_testing,customer decline history raises risk;customer_historical_spend_mean lowers risk;channel_code raises risk
txn_cba6dadbaf65,0.9834050194726602,1,0.983405,1,ml_only,0,,,,,,,,1,credential_based_fraud,card_testing,session velocity raises risk;customer decline history raises risk;high generated risk score raises risk
txn_e85d4aa11452,0.9014343012240269,1,0.901434,1,ml_only,0,,,,,,,,1,credential_based_fraud,card_testing,customer decline history raises risk;customer_historical_spend_mean lowers risk;session velocity lowers risk
txn_1fea72af038e,0.9637076243575151,1,0.963708,1,ml_only,0,,,,,,,,1,credential_based_fraud,card_testing,high generated risk score raises risk;customer decline history raises risk;customer_historical_spend_mean lowers risk
txn_fb8c64a0ad9c,0.9942141895073214,1,0.994214,1,ml_only,0,,,,,,,,1,credential_based_fraud,card_testing,session velocity raises risk;high generated risk score raises risk;customer decline history raises risk
txn_2e8598394087,0.9643242838195549,1,0.964324,1,ml_only,0,,,,,,,,1,credential_based_fraud,card_testing,customer decline history raises risk;customer_historical_spend_mean lowers risk;session velocity lowers risk
txn_ce04d17e9854,0.9848934882000698,1,0.984893,1,ml_only,0,,,,,,,,1,credential_based_fraud,card_testing,customer decline history raises risk;customer_historical_spend_mean lowers risk;channel_code raises risk
txn_7ea0fbbab84f,0.9835681181325058,1,0.983568,1,ml_only,0,,,,,,,,1,credential_based_fraud,card_testing,session velocity raises risk;customer decline history raises risk;customer_historical_spend_mean lowers risk
txn_87ad115c3854,0.9803951896776094,1,0.980395,1,ml_only,0,,,,,,,,1,credential_based_fraud,card_testing,high generated risk score raises risk;customer decline history raises risk;customer_historical_spend_mean lowers risk
txn_753e9dd99a66,0.9412387104386404,1,0.941239,1,ml_only,0,,,,,,,,1,credential_based_fraud,card_testing,customer decline history raises risk;customer_historical_spend_mean lowers risk;channel_code raises risk
txn_d398ee4840d8,0.9873301344277517,1,0.98733,1,ml_only,0,,,,,,,,1,credential_based_fraud,card_testing,session velocity raises risk;customer decline history raises risk;customer_historical_spend_mean lowers risk
txn_faf224b94def,0.8912286449506674,1,0.891229,1,ml_only,0,,,,,,,,1,credential_based_fraud,card_testing,customer decline history raises risk;customer_historical_spend_mean lowers risk;session velocity lowers risk
txn_196a7faf6a7c,0.9311360525138357,1,0.931136,1,ml_only,0,,,,,,,,1,credential_based_fraud,card_testing,customer decline history raises risk;high generated risk score lowers risk;customer_historical_spend_mean lowers risk
txn_b28e88613d39,0.9765822016806109,1,0.976582,1,ml_only,0,,,,,,,,1,credential_based_fraud,card_testing,session velocity raises risk;customer decline history raises risk;customer_historical_spend_mean lowers risk
txn_9ea732486fc2,0.9136647389178806,1,0.913665,1,ml_only,0,,,,,,,,1,credential_based_fraud,card_testing,customer decline history raises risk;customer_historical_spend_mean lowers risk;session velocity lowers risk
txn_eb00dc1a4756,0.9446896246708775,1,0.94469,1,ml_only,0,,,,,,,,1,credential_based_fraud,card_testing,customer decline history raises risk;customer_historical_spend_mean lowers risk;IP velocity lowers risk
txn_a0fa6f23dddc,0.9665307245124131,1,0.966531,1,ml_only,0,,,,,,,,1,credential_based_fraud,card_testing,session velocity raises risk;customer decline history raises risk;high generated risk score lowers risk
txn_f556cae23a57,0.9079092829169603,1,0.907909,1,ml_only,0,,,,,,,,1,credential_based_fraud,card_testing,customer decline history raises risk;customer_historical_spend_mean lowers risk;session velocity lowers risk
txn_787ddbca2ac0,0.9608725646060122,1,0.960873,1,ml_only,0,,,,,,,,1,credential_based_fraud,card_testing,customer decline history raises risk;customer_historical_spend_mean lowers risk;IP velocity lowers risk
txn_4d5b2cf7d906,0.8898282223685673,1,0.889828,1,ml_only,0,,,,,,,,1,credential_based_fraud,card_testing,session velocity raises risk;high generated risk score lowers risk;customer decline history raises risk
txn_499e324eae0a,0.9422094999744702,1,0.942209,1,ml_only,0,,,,,,,,1,credential_based_fraud,card_testing,customer decline history raises risk;customer_historical_spend_mean lowers risk;session velocity lowers risk
txn_c57de0316d65,0.9458147904003305,1,0.945815,1,ml_only,0,,,,,,,,1,credential_based_fraud,card_testing,customer decline history raises risk;customer_historical_spend_mean lowers risk;IP velocity lowers risk
txn_005ee089677a,0.9854849750309399,1,0.985485,1,ml_only,0,,,,,,,,1,credential_based_fraud,card_testing,session velocity raises risk;customer decline history raises risk;customer_historical_spend_mean lowers risk
txn_2dfbcff7f827,0.8411786509809038,1,0.841179,1,ml_only,0,,,,,,,,1,credential_based_fraud,card_testing,customer decline history raises risk;customer_historical_spend_mean lowers risk;session velocity lowers risk
txn_14feb2044c93,0.967417642501921,1,0.967418,1,ml_only,0,,,,,,,,1,credential_based_fraud,card_testing,customer decline history raises risk;customer_historical_spend_mean lowers risk;IP velocity lowers risk
txn_3a64a0f11864,0.9833848098712651,1,0.983385,1,ml_only,0,,,,,,,,1,credential_based_fraud,card_testing,session velocity raises risk;customer decline history raises risk;customer_historical_spend_mean lowers risk
txn_ca09a429c402,0.9392042405601413,1,0.939204,1,ml_only,0,,,,,,,,1,credential_based_fraud,card_testing,customer decline history raises risk;customer_historical_spend_mean lowers risk;session velocity lowers risk
txn_51ae4478fac9,0.9362676388756696,1,0.936268,1,ml_only,0,,,,,,,,1,credential_based_fraud,card_testing,customer decline history raises risk;customer_historical_spend_mean lowers risk;IP velocity lowers risk
txn_b6b88e0f907b,0.9858702459350689,1,0.98587,1,ml_only,0,,,,,,,,1,credential_based_fraud,card_testing,session velocity raises risk;customer decline history raises risk;customer_historical_spend_mean lowers risk
txn_fb086fe431b4,0.9408798327432096,1,0.94088,1,ml_only,0,,,,,,,,1,credential_based_fraud,card_testing,customer decline history raises risk;customer_historical_spend_mean lowers risk;session velocity lowers risk
txn_07a21cf64b46,0.9520046197617773,1,0.952005,1,ml_only,0,,,,,,,,1,credential_based_fraud,card_testing,customer decline history raises risk;customer_historical_spend_mean lowers risk;IP velocity lowers risk
txn_3e68dbb4e921,0.9735597082521962,1,0.97356,1,ml_only,0,,,,,,,,1,credential_based_fraud,card_testing,session velocity raises risk;customer decline history raises risk;customer_historical_spend_mean lowers risk
txn_6e125bfefe4e,0.8203339656591214,1,0.820334,1,ml_only,0,,,,,,,,1,credential_based_fraud,card_testing,high generated risk score lowers risk;customer decline history raises risk;customer_historical_spend_mean lowers risk
txn_2cef4c87d0f5,0.9645121362516282,1,0.964512,1,ml_only,0,,,,,,,,1,credential_based_fraud,card_testing,customer decline history raises risk;customer_historical_spend_mean lowers risk;IP velocity lowers risk
txn_ec1a40dee8f4,0.9805938043546949,1,0.980594,1,ml_only,0,,,,,,,,1,credential_based_fraud,card_testing,session velocity raises risk;customer decline history raises risk;customer_historical_spend_mean lowers risk
txn_38f184839989,0.9553248151056177,1,0.955325,1,ml_only,0,,,,,,,,1,credential_based_fraud,card_testing,high generated risk score raises risk;customer decline history raises risk;customer_historical_spend_mean lowers risk
txn_f4f2fd80f729,0.9771702021910644,1,0.97717,1,ml_only,0,,,,,,,,1,credential_based_fraud,card_testing,customer decline history raises risk;customer_historical_spend_mean lowers risk;high generated risk score raises risk
txn_858bbf818210,0.9855029769021446,1,0.985503,1,ml_only,0,,,,,,,,1,credential_based_fraud,card_testing,session velocity raises risk;customer decline history raises risk;customer_historical_spend_mean lowers risk
txn_daf208ada98a,0.9438160096849071,1,0.943816,1,ml_only,0,,,,,,,,1,credential_based_fraud,card_testing,customer decline history raises risk;customer_historical_spend_mean lowers risk;session velocity lowers risk
txn_21fc9a43cb88,0.9274371742609021,1,0.927437,1,ml_only,0,,,,,,,,1,credential_based_fraud,card_testing,customer decline history raises risk;customer_historical_spend_mean lowers risk;IP velocity lowers risk
txn_089102f49dd0,0.9870077443553115,1,0.987008,1,ml_only,0,,,,,,,,1,credential_based_fraud,card_testing,session velocity raises risk;customer decline history raises risk;customer_historical_spend_mean lowers risk
txn_05efaaf42fe1,0.9626740520030389,1,0.962674,1,ml_only,0,,,,,,,,1,credential_based_fraud,card_testing,customer decline history raises risk;high generated risk score raises risk;customer_historical_spend_mean lowers risk
txn_8d07805c6b30,0.9655638586649571,1,0.965564,1,ml_only,0,,,,,,,,1,credential_based_fraud,card_testing,customer decline history raises risk;customer_historical_spend_mean lowers risk;IP velocity lowers risk
txn_d8c57db76ad6,0.9558369526780149,1,0.955837,1,ml_only,0,,,,,,,,1,credential_based_fraud,card_testing,session velocity raises risk;customer decline history raises risk;customer_historical_spend_mean lowers risk
txn_ff3946093cd7,0.9463954802140133,1,0.946395,1,ml_only,0,,,,,,,,1,credential_based_fraud,card_testing,customer decline history raises risk;customer_historical_spend_mean lowers risk;session velocity lowers risk
txn_979a124ba402,0.9700497176254864,1,0.97005,1,ml_only,0,,,,,,,,1,credential_based_fraud,card_testing,customer decline history raises risk;customer_historical_spend_mean lowers risk;IP velocity lowers risk
txn_22c3e18154eb,0.9811814071198086,1,0.981181,1,ml_only,0,,,,,,,,1,credential_based_fraud,card_testing,session velocity raises risk;customer decline history raises risk;customer_historical_spend_mean lowers risk
txn_9b5425b7b44e,0.9556976511380846,1,0.955698,1,ml_only,0,,,,,,,,1,credential_based_fraud,card_testing,high generated risk score raises risk;customer decline history raises risk;customer_historical_spend_mean lowers risk
txn_0703281d1121,0.9783452082522351,1,0.978345,1,ml_only,0,,,,,,,,1,credential_based_fraud,card_testing,customer decline history raises risk;customer_historical_spend_mean lowers risk;IP velocity lowers risk
txn_381e423cf45d,0.9909339468678418,1,0.990934,1,ml_only,0,,,,,,,,1,credential_based_fraud,card_testing,session velocity raises risk;customer decline history raises risk;high generated risk score raises risk
txn_4cbd6320b65b,0.931489259040824,1,0.931489,1,ml_only,0,,,,,,,,1,credential_based_fraud,card_testing,customer decline history raises risk;customer_historical_spend_mean lowers risk;session velocity lowers risk
txn_7f470eb3b76e,0.9682532498088183,1,0.968253,1,ml_only,0,,,,,,,,1,credential_based_fraud,card_testing,customer decline history raises risk;customer_historical_spend_mean lowers risk;IP velocity lowers risk
txn_32032f825fa2,0.9630046490728157,1,0.963005,1,ml_only,0,,,,,,,,1,credential_based_fraud,card_testing,session velocity raises risk;high generated risk score lowers risk;customer decline history raises risk
txn_db11e0a1485d,0.9141253104922336,1,0.914125,1,ml_only,0,,,,,,,,1,credential_based_fraud,card_testing,customer decline history raises risk;customer_historical_spend_mean lowers risk;session velocity lowers risk
txn_5c2f23d04c8d,0.975012476958901,1,0.975012,1,ml_only,0,,,,,,,,1,credential_based_fraud,card_testing,customer decline history raises risk;customer_historical_spend_mean lowers risk;high generated risk score raises risk
txn_e35124c0d7bb,0.9592330696566871,1,0.959233,1,ml_only,0,,,,,,,,1,credential_based_fraud,card_testing,session velocity raises risk;customer decline history raises risk;high generated risk score lowers risk
txn_33d6145e2e28,0.928962766477046,1,0.928963,1,ml_only,0,,,,,,,,1,credential_based_fraud,card_testing,customer decline history raises risk;customer_historical_spend_mean lowers risk;session velocity lowers risk
txn_44e535e62b56,0.9759379092169332,1,0.975938,1,ml_only,0,,,,,,,,1,credential_based_fraud,card_testing,customer decline history raises risk;customer_historical_spend_mean lowers risk;high generated risk score raises risk
txn_413ca273333d,0.9777214959422774,1,0.977721,1,ml_only,0,,,,,,,,1,credential_based_fraud,card_testing,session velocity raises risk;customer decline history raises risk;customer_historical_spend_mean lowers risk
txn_aa51e07367bb,0.8776894997890929,1,0.877689,1,ml_only,0,,,,,,,,1,credential_based_fraud,card_testing,customer decline history raises risk;customer_historical_spend_mean lowers risk;session velocity lowers risk
txn_b54ea8f62ca8,0.9738030220807249,1,0.973803,1,ml_only,0,,,,,,,,1,credential_based_fraud,card_testing,customer decline history raises risk;customer_historical_spend_mean lowers risk;IP velocity lowers risk
txn_ba0cfa5d4496,0.9858481180633126,1,0.985848,1,ml_only,0,,,,,,,,1,credential_based_fraud,card_testing,session velocity raises risk;customer decline history raises risk;customer_historical_spend_mean lowers risk
txn_a19d60bdf1f2,0.9527524318708392,1,0.952752,1,ml_only,0,,,,,,,,1,credential_based_fraud,card_testing,customer decline history raises risk;customer_historical_spend_mean lowers risk;session velocity lowers risk
txn_df0acd730180,0.977381843873399,1,0.977382,1,ml_only,0,,,,,,,,1,credential_based_fraud,card_testing,high generated risk score raises risk;customer decline history raises risk;customer_historical_spend_mean lowers risk
txn_38b991cd279b,0.9743998841336682,1,0.9744,1,ml_only,0,,,,,,,,1,credential_based_fraud,card_testing,session velocity raises risk;high generated risk score lowers risk;customer decline history raises risk
txn_6eef41d40d04,0.9434592759178778,1,0.943459,1,ml_only,0,,,,,,,,1,credential_based_fraud,card_testing,customer decline history raises risk;customer_historical_spend_mean lowers risk;session velocity lowers risk
txn_e3ec5ae8aa2d,0.9771697563544971,1,0.97717,1,ml_only,0,,,,,,,,1,credential_based_fraud,card_testing,customer decline history raises risk;customer_historical_spend_mean lowers risk;IP velocity lowers risk
txn_eae149a72287,0.9897841087127949,1,0.989784,1,ml_only,0,,,,,,,,1,credential_based_fraud,card_testing,session velocity raises risk;high generated risk score raises risk;customer decline history raises risk
txn_ac83a548d1b9,0.9360398414948654,1,0.93604,1,ml_only,0,,,,,,,,1,credential_based_fraud,card_testing,customer decline history raises risk;customer_historical_spend_mean lowers risk;session velocity lowers risk
txn_f4c9d7ea4502,0.9759601114783292,1,0.97596,1,ml_only,0,,,,,,,,1,credential_based_fraud,card_testing,customer decline history raises risk;customer_historical_spend_mean lowers risk;IP velocity lowers risk
txn_c75ae5ba66ea,0.984879997119007,1,0.98488,1,ml_only,0,,,,,,,,1,credential_based_fraud,card_testing,session velocity raises risk;customer decline history raises risk;customer_historical_spend_mean lowers risk
txn_888ebc71d878,0.9391270217509904,1,0.939127,1,ml_only,0,,,,,,,,1,credential_based_fraud,card_testing,customer decline history raises risk;high generated risk score raises risk;customer_historical_spend_mean lowers risk
txn_830cb4192617,0.9708544984937368,1,0.970854,1,ml_only,0,,,,,,,,1,credential_based_fraud,card_testing,customer decline history raises risk;customer_historical_spend_mean lowers risk;IP velocity lowers risk
txn_8ee4b1611da0,0.9879323814296931,1,0.987932,1,ml_only,0,,,,,,,,1,credential_based_fraud,card_testing,session velocity raises risk;customer decline history raises risk;customer_historical_spend_mean lowers risk
txn_325c59c0da06,0.9747835390535508,1,0.974784,1,ml_only,0,,,,,,,,1,credential_based_fraud,card_testing,customer decline history raises risk;customer_historical_spend_mean lowers risk;session velocity lowers risk
txn_718d0cb4aedb,0.9376149298749531,1,0.937615,1,ml_only,0,,,,,,,,1,credential_based_fraud,card_testing,customer decline history raises risk;customer_historical_spend_mean lowers risk;IP velocity lowers risk
txn_ab5f1965c17c,0.9895251848115855,1,0.989525,1,ml_only,0,,,,,,,,1,credential_based_fraud,card_testing,session velocity raises risk;customer decline history raises risk;customer_historical_spend_mean lowers risk
txn_bdd9b7fc56a2,0.947064961764556,1,0.947065,1,ml_only,0,,,,,,,,1,credential_based_fraud,card_testing,customer decline history raises risk;customer_historical_spend_mean lowers risk;session velocity lowers risk
txn_be1b250427ff,0.9824057284541415,1,0.982406,1,ml_only,0,,,,,,,,1,credential_based_fraud,card_testing,high generated risk score raises risk;customer decline history raises risk;customer_historical_spend_mean lowers risk
txn_965009bb583d,0.9615720674337109,1,0.961572,1,ml_only,0,,,,,,,,1,credential_based_fraud,card_testing,session velocity raises risk;customer decline history raises risk;customer_historical_spend_mean lowers risk
txn_f05017df23c4,0.9650774328954441,1,0.965077,1,ml_only,0,,,,,,,,1,credential_based_fraud,card_testing,customer decline history raises risk;customer_historical_spend_mean lowers risk;session velocity lowers risk
txn_284f8c135c78,0.9772573380902523,1,0.977257,1,ml_only,0,,,,,,,,1,credential_based_fraud,card_testing,customer decline history raises risk;customer_historical_spend_mean lowers risk;IP velocity lowers risk
txn_e5c0b48ea075,0.9820439508133251,1,0.982044,1,ml_only,0,,,,,,,,1,credential_based_fraud,card_testing,session velocity raises risk;customer decline history raises risk;customer_historical_spend_mean lowers risk
txn_5c31a185a138,0.9224232127739076,1,0.922423,1,ml_only,0,,,,,,,,1,credential_based_fraud,card_testing,customer decline history raises risk;customer_historical_spend_mean lowers risk;session velocity lowers risk
txn_7b5fdb5db842,0.9518439114336635,1,0.951844,1,ml_only,0,,,,,,,,1,credential_based_fraud,card_testing,customer decline history raises risk;customer_historical_spend_mean lowers risk;IP velocity lowers risk
txn_2eab45838841,0.9896828084700972,1,0.989683,1,ml_only,0,,,,,,,,1,credential_based_fraud,card_testing,session velocity raises risk;customer decline history raises risk;customer_historical_spend_mean lowers risk
txn_3981b4a58bf0,0.9721502298351182,1,0.97215,1,ml_only,0,,,,,,,,1,credential_based_fraud,card_testing,high generated risk score raises risk;customer decline history raises risk;customer_historical_spend_mean lowers risk
txn_c3846df8bf48,0.9636829482655882,1,0.963683,1,ml_only,0,,,,,,,,1,credential_based_fraud,card_testing,customer decline history raises risk;customer_historical_spend_mean lowers risk;IP velocity lowers risk
txn_38249a180721,0.9915394967986396,1,0.991539,1,ml_only,0,,,,,,,,1,credential_based_fraud,card_testing,session velocity raises risk;customer decline history raises risk;customer_historical_spend_mean lowers risk
txn_ead7e19c89a0,0.9612444382194648,1,0.961244,1,ml_only,0,,,,,,,,1,credential_based_fraud,card_testing,customer decline history raises risk;customer_historical_spend_mean lowers risk;session velocity lowers risk
txn_46a52dcf89b4,0.9838551581980644,1,0.983855,1,ml_only,0,,,,,,,,1,credential_based_fraud,card_testing,customer decline history raises risk;customer_historical_spend_mean lowers risk;IP velocity lowers risk
txn_9057df39d0f9,0.976255912847049,1,0.976256,1,ml_only,0,,,,,,,,1,credential_based_fraud,card_testing,session velocity raises risk;customer decline history raises risk;customer_historical_spend_mean lowers risk
txn_17619f6d58d2,0.9700703714602095,1,0.97007,1,ml_only,0,,,,,,,,1,credential_based_fraud,card_testing,customer decline history raises risk;customer_historical_spend_mean lowers risk;session velocity lowers risk
txn_20dc82160dbc,0.9658220363990109,1,0.965822,1,ml_only,0,,,,,,,,1,credential_based_fraud,card_testing,customer decline history raises risk;customer_historical_spend_mean lowers risk;high generated risk score lowers risk
txn_af88398fa478,0.9949786125151695,1,0.994979,1,ml_only,0,,,,,,,,1,credential_based_fraud,card_testing,session velocity raises risk;customer decline history raises risk;high generated risk score raises risk
txn_9ec156af6856,0.8890121908952293,1,0.889012,1,ml_only,0,,,,,,,,1,credential_based_fraud,card_testing,customer decline history raises risk;customer_historical_spend_mean lowers risk;session velocity lowers risk
txn_161c110821de,0.9766393323087138,1,0.976639,1,ml_only,0,,,,,,,,1,credential_based_fraud,card_testing,customer decline history raises risk;customer_historical_spend_mean lowers risk;IP velocity lowers risk
txn_ae066054a1c3,0.9935417769518571,1,0.993542,1,ml_only,0,,,,,,,,1,credential_based_fraud,card_testing,session velocity raises risk;customer decline history raises risk;customer_historical_spend_mean lowers risk
txn_8030ea30f841,0.9674600842270416,1,0.96746,1,ml_only,0,,,,,,,,1,credential_based_fraud,card_testing,customer decline history raises risk;customer_historical_spend_mean lowers risk;session velocity lowers risk
txn_6a4725fc49e9,0.9574105461893198,1,0.957411,1,ml_only,0,,,,,,,,1,credential_based_fraud,card_testing,customer decline history raises risk;customer_historical_spend_mean lowers risk;IP velocity lowers risk
txn_1c7bd1eed9a6,0.9783798335384517,1,0.97838,1,ml_only,0,,,,,,,,1,credential_based_fraud,card_testing,session velocity raises risk;customer decline history raises risk;customer_historical_spend_mean lowers risk
txn_eef23a46dba8,0.9782706478316023,1,0.978271,1,ml_only,0,,,,,,,,1,credential_based_fraud,card_testing,customer decline history raises risk;customer_historical_spend_mean lowers risk;session velocity lowers risk
txn_7857eb8d8c0c,0.9894097826680082,1,0.98941,1,ml_only,0,,,,,,,,1,credential_based_fraud,card_testing,high generated risk score raises risk;customer decline history raises risk;customer_historical_spend_mean lowers risk
txn_de8b88c4d1bc,0.9571484577988072,1,0.957148,1,ml_only,0,,,,,,,,1,credential_based_fraud,card_testing,session velocity raises risk;customer decline history raises risk;customer_historical_spend_mean lowers risk
txn_df7659784995,0.951545979538305,1,0.951546,1,ml_only,0,,,,,,,,1,credential_based_fraud,card_testing,customer decline history raises risk;customer_historical_spend_mean lowers risk;session velocity lowers risk
txn_6eb47f7f764e,0.9862737005752137,1,0.986274,1,ml_only,0,,,,,,,,1,credential_based_fraud,card_testing,customer decline history raises risk;high generated risk score raises risk;customer_historical_spend_mean lowers risk
txn_babdd35e27fb,0.9913255309809254,1,0.991326,1,ml_only,0,,,,,,,,1,credential_based_fraud,card_testing,session velocity raises risk;customer decline history raises risk;customer_historical_spend_mean lowers risk
txn_55f509728020,0.9416670949546224,1,0.941667,1,ml_only,0,,,,,,,,1,credential_based_fraud,card_testing,customer decline history raises risk;customer_historical_spend_mean lowers risk;session velocity lowers risk
txn_64007c023595,0.9684999110560873,1,0.9685,1,ml_only,0,,,,,,,,1,credential_based_fraud,card_testing,customer decline history raises risk;customer_historical_spend_mean lowers risk;IP velocity lowers risk
txn_406146770960,0.9876783987664556,1,0.987678,1,ml_only,0,,,,,,,,1,credential_based_fraud,card_testing,session velocity raises risk;customer decline history raises risk;customer_historical_spend_mean lowers risk
txn_2c58bae916aa,0.9732401884725386,1,0.97324,1,ml_only,0,,,,,,,,1,credential_based_fraud,card_testing,customer decline history raises risk;customer_historical_spend_mean lowers risk;session velocity lowers risk
txn_45160829b918,0.9414976044892025,1,0.941498,1,ml_only,0,,,,,,,,1,credential_based_fraud,card_testing,customer decline history raises risk;customer_historical_spend_mean lowers risk;IP velocity lowers risk
txn_4fab18e6a5ca,0.9909007518889918,1,0.990901,1,ml_only,0,,,,,,,,1,credential_based_fraud,card_testing,session velocity raises risk;customer decline history raises risk;customer_historical_spend_mean lowers risk
txn_c4431f55f5c5,0.958441041657574,1,0.958441,1,ml_only,0,,,,,,,,1,credential_based_fraud,card_testing,customer decline history raises risk;customer_historical_spend_mean lowers risk;session velocity lowers risk
txn_ab10b59a901e,0.9676090780550921,1,0.967609,1,ml_only,0,,,,,,,,1,credential_based_fraud,card_testing,high generated risk score lowers risk;customer decline history raises risk;customer_historical_spend_mean lowers risk
txn_4f997e37088b,0.9817515065214383,1,0.981752,1,ml_only,0,,,,,,,,1,credential_based_fraud,card_testing,session velocity raises risk;customer decline history raises risk;customer_historical_spend_mean lowers risk
txn_e39143bec0e4,0.9666813426422003,1,0.966681,1,ml_only,0,,,,,,,,1,credential_based_fraud,card_testing,customer decline history raises risk;customer_historical_spend_mean lowers risk;session velocity lowers risk
txn_c75fd0344dc8,0.9864443017252343,1,0.986444,1,ml_only,0,,,,,,,,1,credential_based_fraud,card_testing,high generated risk score raises risk;customer decline history raises risk;customer_historical_spend_mean lowers risk
txn_7bdbc665b197,0.9854346732076261,1,0.985435,1,ml_only,0,,,,,,,,1,credential_based_fraud,card_testing,session velocity raises risk;customer decline history raises risk;customer_historical_spend_mean lowers risk
txn_58df41f64d71,0.933274990709331,1,0.933275,1,ml_only,0,,,,,,,,1,credential_based_fraud,card_testing,customer decline history raises risk;customer_historical_spend_mean lowers risk;session velocity lowers risk
txn_7dcc157d3ecf,0.9705464989666207,1,0.970546,1,ml_only,0,,,,,,,,1,credential_based_fraud,card_testing,customer decline history raises risk;customer_historical_spend_mean lowers risk;IP velocity lowers risk
txn_499f0cc7e4c7,0.9834173521427338,1,0.983417,1,ml_only,0,,,,,,,,1,credential_based_fraud,card_testing,session velocity raises risk;customer decline history raises risk;customer_historical_spend_mean lowers risk
txn_b5fa5826bc35,0.9856371798018865,1,0.985637,1,ml_only,0,,,,,,,,1,credential_based_fraud,card_testing,customer decline history raises risk;customer_historical_spend_mean lowers risk;session velocity lowers risk
txn_848b25cb794c,0.9758131711368585,1,0.975813,1,ml_only,0,,,,,,,,1,credential_based_fraud,card_testing,customer decline history raises risk;customer_historical_spend_mean lowers risk;IP velocity lowers risk
txn_727797354270,0.9921372256313126,1,0.992137,1,ml_only,0,,,,,,,,1,credential_based_fraud,card_testing,session velocity raises risk;customer decline history raises risk;customer_historical_spend_mean lowers risk
txn_3ad9dfe996f0,0.9777026200515767,1,0.977703,1,ml_only,0,,,,,,,,1,credential_based_fraud,card_testing,customer decline history raises risk;high generated risk score raises risk;customer_historical_spend_mean lowers risk
txn_e30f64daf0ea,0.9844179018383383,1,0.984418,1,ml_only,0,,,,,,,,1,credential_based_fraud,card_testing,customer decline history raises risk;customer_historical_spend_mean lowers risk;IP velocity lowers risk
txn_523730146ed6,0.9855382635563524,1,0.985538,1,ml_only,0,,,,,,,,1,credential_based_fraud,card_testing,session velocity raises risk;customer decline history raises risk;customer_historical_spend_mean lowers risk
txn_f2aaac63f63c,0.9388811139957696,1,0.938881,1,ml_only,0,,,,,,,,1,credential_based_fraud,card_testing,customer decline history raises risk;customer_historical_spend_mean lowers risk;session velocity lowers risk
txn_e8c01d8ac5ad,0.9761644989411206,1,0.976164,1,ml_only,0,,,,,,,,1,credential_based_fraud,card_testing,customer decline history raises risk;customer_historical_spend_mean lowers risk;IP velocity lowers risk
txn_9bfb10aa005c,0.994454875740811,1,0.994455,1,ml_only,0,,,,,,,,1,credential_based_fraud,card_testing,session velocity raises risk;customer decline history raises risk;customer_historical_spend_mean lowers risk
txn_7b9ee6830914,0.9453607647456641,1,0.945361,1,ml_only,0,,,,,,,,1,credential_based_fraud,card_testing,customer decline history raises risk;customer_historical_spend_mean lowers risk;session velocity lowers risk
txn_cda1910d1222,0.9904989952543666,1,0.990499,1,ml_only,0,,,,,,,,1,credential_based_fraud,card_testing,customer decline history raises risk;customer_historical_spend_mean lowers risk;IP velocity lowers risk
txn_1c1e7ec034ef,0.9842892305179104,1,0.984289,1,ml_only,0,,,,,,,,1,credential_based_fraud,card_testing,session velocity raises risk;high generated risk score lowers risk;customer decline history raises risk
txn_074f2b000f5c,0.3082117915494067,1,0.308212,1,ml_only,0,,,,,,,,1,credential_based_fraud,card_not_present,customer payment cadence lowers risk;IP velocity lowers risk;customer decline history raises risk
txn_96ebfe00a437,0.8932928244002999,1,0.893293,1,ml_only,0,,,,,,,,1,credential_based_fraud,card_not_present,IP velocity lowers risk;failed login activity raises risk;customer decline history raises risk
txn_5b630bbadbc1,0.9779454325314887,1,0.977945,1,ml_only,0,,,,,,,,1,credential_based_fraud,card_not_present,session velocity raises risk;IP velocity lowers risk;failed login activity raises risk
txn_34f59ea3f1b3,0.9370443581959325,1,0.937044,1,ml_only,0,,,,,,,,1,credential_based_fraud,card_not_present,failed login activity raises risk;customer decline history raises risk;session velocity lowers risk
txn_c46a94c5caaf,0.897787897750774,1,0.897788,1,ml_only,0,,,,,,,,1,credential_based_fraud,card_not_present,high generated risk score raises risk;customer decline history raises risk;IP velocity lowers risk
txn_ae7e1582c24e,0.9724460480155594,1,0.972446,1,ml_only,0,,,,,,,,1,credential_based_fraud,card_not_present,session velocity raises risk;failed login activity raises risk;customer decline history raises risk
txn_5940538ffdde,0.9741486626228165,1,0.974149,1,ml_only,0,,,,,,,,1,credential_based_fraud,card_not_present,high generated risk score raises risk;failed login activity raises risk;customer decline history raises risk
txn_c07f2b2e74ee,0.9830210664169844,1,0.983021,1,ml_only,0,,,,,,,,1,credential_based_fraud,card_not_present,failed login activity raises risk;customer decline history raises risk;device history raises risk
txn_025ed4d54cc9,0.9824499940053645,1,0.98245,1,ml_only,0,,,,,,,,1,credential_based_fraud,card_not_present,high generated risk score raises risk;session velocity raises risk;customer decline history raises risk
txn_7fbb29c11984,0.9429450043472606,1,0.942945,1,ml_only,0,,,,,,,,1,credential_based_fraud,card_not_present,failed login activity raises risk;customer decline history raises risk;session velocity lowers risk
txn_1f52936039e8,0.9821496044419151,1,0.98215,1,ml_only,0,,,,,,,,1,credential_based_fraud,card_not_present,high generated risk score raises risk;failed login activity raises risk;customer decline history raises risk
txn_717040cbb916,0.9889062124264346,1,0.988906,1,ml_only,0,,,,,,,,1,credential_based_fraud,card_not_present,session velocity raises risk;high generated risk score raises risk;failed login activity raises risk
txn_2f46309c9cd7,0.7942523723724162,1,0.794252,1,ml_only,0,,,,,,,,1,credential_based_fraud,card_not_present,customer decline history raises risk;session velocity lowers risk;IP velocity lowers risk
txn_8d0c95691b30,0.9807272110877989,1,0.980727,1,ml_only,0,,,,,,,,1,credential_based_fraud,card_not_present,high generated risk score raises risk;failed login activity raises risk;customer decline history raises risk
txn_ccae54eddbca,0.9888213979742222,1,0.988821,1,ml_only,0,,,,,,,,1,credential_based_fraud,card_not_present,session velocity raises risk;high generated risk score raises risk;failed login activity raises risk
txn_4a743c7ce40f,0.960944373899161,1,0.960944,1,ml_only,0,,,,,,,,1,credential_based_fraud,card_not_present,high generated risk score raises risk;failed login activity raises risk;customer decline history raises risk
txn_1ae3f6a59863,0.9598672908267702,1,0.959867,1,ml_only,0,,,,,,,,1,credential_based_fraud,card_not_present,high generated risk score raises risk;customer decline history raises risk;device history raises risk
txn_8b6e655ca3ea,0.9967890222553529,1,0.996789,1,ml_only,0,,,,,,,,1,credential_based_fraud,card_not_present,high generated risk score raises risk;session velocity raises risk;failed login activity raises risk
txn_7c454924427f,0.966588612464094,1,0.966589,1,ml_only,0,,,,,,,,1,credential_based_fraud,card_not_present,high generated risk score raises risk;failed login activity raises risk;customer decline history raises risk
txn_41ab4bea3906,0.963997424820085,1,0.963997,1,ml_only,0,,,,,,,,1,credential_based_fraud,card_not_present,failed login activity raises risk;customer decline history raises risk;device history raises risk
txn_33010e513afb,0.9647224410921041,1,0.964722,1,ml_only,0,,,,,,,,1,credential_based_fraud,card_not_present,session velocity raises risk;customer decline history raises risk;high generated risk score raises risk
txn_ddabf4c29313,0.9587119682548605,1,0.958712,1,ml_only,0,,,,,,,,1,credential_based_fraud,card_not_present,failed login activity raises risk;customer decline history raises risk;session velocity lowers risk
txn_6ab86397b05c,0.9903520983515319,1,0.990352,1,ml_only,0,,,,,,,,1,credential_based_fraud,card_not_present,high generated risk score raises risk;failed login activity raises risk;customer decline history raises risk
txn_ca9f65f7caca,0.9911418629282148,1,0.991142,1,ml_only,0,,,,,,,,1,credential_based_fraud,card_not_present,session velocity raises risk;high generated risk score raises risk;failed login activity raises risk
txn_ff33649029d9,0.8552692013112042,1,0.855269,1,ml_only,0,,,,,,,,1,credential_based_fraud,card_not_present,customer decline history raises risk;session velocity lowers risk;device history raises risk
txn_79af5d3ac691,0.9662243424270316,1,0.966224,1,ml_only,0,,,,,,,,1,credential_based_fraud,card_not_present,failed login activity raises risk;customer decline history raises risk;IP velocity lowers risk
txn_9a902d99df6a,0.9801120802234601,1,0.980112,1,ml_only,0,,,,,,,,1,credential_based_fraud,card_not_present,session velocity raises risk;failed login activity raises risk;customer decline history raises risk
txn_0d08a886daab,0.9213003893728999,1,0.9213,1,ml_only,0,,,,,,,,1,credential_based_fraud,card_not_present,failed login activity raises risk;customer decline history raises risk;session velocity lowers risk
txn_cb6b70bd7377,0.9448152531678569,1,0.944815,1,ml_only,0,,,,,,,,1,credential_based_fraud,card_not_present,high generated risk score raises risk;customer decline history raises risk;device history raises risk
txn_4331aae1b2be,0.9936379259695012,1,0.993638,1,ml_only,0,,,,,,,,1,credential_based_fraud,card_not_present,session velocity raises risk;high generated risk score raises risk;failed login activity raises risk
txn_f0aef870d105,0.969845078133306,1,0.969845,1,ml_only,0,,,,,,,,1,credential_based_fraud,card_not_present,failed login activity raises risk;customer decline history raises risk;session velocity lowers risk
txn_fc36ce3c7172,0.9884894827222032,1,0.988489,1,ml_only,0,,,,,,,,1,credential_based_fraud,card_not_present,high generated risk score raises risk;failed login activity raises risk;customer decline history raises risk
txn_216963b70674,0.965596950254651,1,0.965597,1,ml_only,0,,,,,,,,1,credential_based_fraud,card_not_present,session velocity raises risk;high generated risk score raises risk;customer decline history raises risk
txn_05ddf8fecae1,0.23705893508686615,1,0.237059,1,ml_only,0,,,,,,,,1,credential_based_fraud,consumer_account_takeover,customer payment cadence lowers risk;merchant chargeback behavior raises risk;high generated risk score lowers risk
txn_de5eb2a612fc,0.5412012463325663,1,0.541201,1,ml_only,0,,,,,,,,1,credential_based_fraud,consumer_account_takeover,amount deviation from customer history lowers risk;merchant chargeback behavior raises risk;payment_method_type_code raises risk
txn_d507795be7a4,0.9562807687671002,1,0.956281,1,ml_only,0,,,,,,,,1,credential_based_fraud,consumer_account_takeover,session velocity raises risk;merchant chargeback behavior raises risk;IP velocity raises risk
txn_ec942d000a15,0.8689468525395183,1,0.868947,1,ml_only,0,,,,,,,,1,credential_based_fraud,consumer_account_takeover,high generated risk score lowers risk;IP velocity raises risk;merchant chargeback behavior raises risk
txn_8917a20ca1c9,0.9525257154529542,1,0.952526,1,ml_only,0,,,,,,,,1,credential_based_fraud,consumer_account_takeover,IP velocity raises risk;merchant chargeback behavior raises risk;device history raises risk
txn_38ccdae815d7,0.9683552568867485,1,0.968355,1,ml_only,0,,,,,,,,1,credential_based_fraud,consumer_account_takeover,IP velocity raises risk;session velocity raises risk;high generated risk score lowers risk
txn_dd5f3a2cf211,0.963299214353206,1,0.963299,1,ml_only,0,,,,,,,,1,credential_based_fraud,consumer_account_takeover,IP velocity raises risk;merchant chargeback behavior raises risk;session velocity lowers risk
txn_67cc50baf819,0.9758268386153789,1,0.975827,1,ml_only,0,,,,,,,,1,credential_based_fraud,consumer_account_takeover,IP velocity raises risk;merchant chargeback behavior raises risk;high generated risk score lowers risk
txn_0ba1c08178d9,0.9901554765651295,1,0.990155,1,ml_only,0,,,,,,,,1,credential_based_fraud,consumer_account_takeover,IP velocity raises risk;session velocity raises risk;merchant chargeback behavior raises risk
txn_b78ee5cc9b6d,0.9248822642147201,1,0.924882,1,ml_only,0,,,,,,,,1,credential_based_fraud,consumer_account_takeover,IP velocity raises risk;merchant chargeback behavior raises risk;event_hour lowers risk
txn_a4e1ec139273,0.9503551251580412,1,0.950355,1,ml_only,0,,,,,,,,1,credential_based_fraud,consumer_account_takeover,IP velocity raises risk;merchant chargeback behavior raises risk;event_hour lowers risk
txn_6d25a855920d,0.9848688901213025,1,0.984869,1,ml_only,0,,,,,,,,1,credential_based_fraud,consumer_account_takeover,IP velocity raises risk;session velocity raises risk;merchant chargeback behavior raises risk
txn_150308295329,0.301241,1,0.216059,1,hybrid_ml_llm,1,local_lmstudio,0.5,0.35,review,"The transaction exhibits some suspicious patterns such as low customer and merchant transaction counts, but also shows positive indicators like long account age and clean device/IP information.",low customer_transaction_count;low merchant_transaction_count;high risk_score,,1,credential_based_fraud,merchant_admin_takeover,customer payment cadence lowers risk;high generated risk score raises risk;payment_method_type_code lowers risk
txn_935691a13048,0.4923524807350869,1,0.492352,1,ml_only,0,,,,,,,,1,credential_based_fraud,merchant_admin_takeover,high generated risk score raises risk;payment_method_type_code lowers risk;rail_code raises risk
txn_93dce6cddf5f,0.5572834084963494,1,0.557283,1,ml_only,0,,,,,,,,1,credential_based_fraud,merchant_admin_takeover,session velocity raises risk;payment_method_type_code lowers risk;IP velocity raises risk
txn_623611f3914a,0.5973763678507324,1,0.597376,1,ml_only,0,,,,,,,,1,credential_based_fraud,merchant_admin_takeover,IP velocity raises risk;payment_method_type_code lowers risk;session velocity lowers risk
txn_5e2d0f70a014,0.7247764892413939,1,0.724776,1,ml_only,0,,,,,,,,1,credential_based_fraud,merchant_admin_takeover,IP velocity raises risk;payment_method_type_code lowers risk;high generated risk score lowers risk
txn_bdfe524cebbd,0.8973452191870986,1,0.897345,1,ml_only,0,,,,,,,,1,credential_based_fraud,merchant_admin_takeover,IP velocity raises risk;session velocity raises risk;high generated risk score raises risk
txn_b2ddfb4e2669,0.4686523765510974,1,0.468652,1,ml_only,0,,,,,,,,1,credential_based_fraud,merchant_admin_takeover,IP velocity raises risk;high generated risk score lowers risk;payment_method_type_code lowers risk
txn_50d9a281b78a,0.7791906813220026,1,0.779191,1,ml_only,0,,,,,,,,1,credential_based_fraud,merchant_admin_takeover,IP velocity raises risk;payment_method_type_code lowers risk;event_hour raises risk
txn_8628a9720dcf,0.23372102771883746,1,0.233721,1,ml_only,0,,,,,,,,1,credential_based_fraud,credential_stuffing,customer payment cadence lowers risk;IP velocity lowers risk;high generated risk score lowers risk
txn_6320e4b563e2,0.9066548667205004,1,0.906655,1,ml_only,0,,,,,,,,1,credential_based_fraud,credential_stuffing,IP velocity lowers risk;high generated risk score raises risk;merchant chargeback behavior raises risk
txn_f5fae240250c,0.9547363586966771,1,0.954736,1,ml_only,0,,,,,,,,1,credential_based_fraud,credential_stuffing,session velocity raises risk;IP velocity lowers risk;merchant chargeback behavior raises risk
txn_0788b77fab19,0.8166805341181868,1,0.816681,1,ml_only,0,,,,,,,,1,credential_based_fraud,credential_stuffing,IP velocity lowers risk;session velocity lowers risk;merchant chargeback behavior raises risk
txn_56a73f178b08,0.5897033019139473,1,0.589703,1,ml_only,0,,,,,,,,1,credential_based_fraud,credential_stuffing,high generated risk score lowers risk;IP velocity lowers risk;device history raises risk
txn_280a6005faca,0.904428678829899,1,0.904429,1,ml_only,0,,,,,,,,1,credential_based_fraud,credential_stuffing,session velocity raises risk;IP velocity lowers risk;high generated risk score lowers risk
txn_e03beeca20b0,0.9390219672737146,1,0.939022,1,ml_only,0,,,,,,,,1,credential_based_fraud,credential_stuffing,high generated risk score raises risk;IP velocity lowers risk;session velocity lowers risk
txn_84ed7478090a,0.9336868817368957,1,0.933687,1,ml_only,0,,,,,,,,1,credential_based_fraud,credential_stuffing,IP velocity lowers risk;merchant chargeback behavior raises risk;payment_method_type_code raises risk
txn_685f3c185301,0.9382081509279928,1,0.938208,1,ml_only,0,,,,,,,,1,credential_based_fraud,credential_stuffing,session velocity raises risk;IP velocity lowers risk;device history raises risk
txn_e356303c817e,0.7796057196225095,1,0.779606,1,ml_only,0,,,,,,,,1,credential_based_fraud,credential_stuffing,IP velocity lowers risk;session velocity lowers risk;merchant chargeback behavior raises risk
txn_a68e084d0a08,0.8388094866885875,1,0.838809,1,ml_only,0,,,,,,,,1,credential_based_fraud,credential_stuffing,IP velocity lowers risk;merchant chargeback behavior raises risk;payment_method_type_code raises risk
txn_553f51763a60,0.9444863741679796,1,0.944486,1,ml_only,0,,,,,,,,1,credential_based_fraud,credential_stuffing,session velocity raises risk;IP velocity lowers risk;merchant chargeback behavior raises risk
txn_8b258c3ee8fd,0.7765543913015953,1,0.776554,1,ml_only,0,,,,,,,,1,credential_based_fraud,credential_stuffing,IP velocity lowers risk;session velocity lowers risk;device history raises risk
txn_695b1fc7da0f,0.9386465708350245,1,0.938647,1,ml_only,0,,,,,,,,1,credential_based_fraud,credential_stuffing,IP velocity lowers risk;high generated risk score raises risk;merchant chargeback behavior raises risk
txn_435914c51896,0.9850006912302399,1,0.985001,1,ml_only,0,,,,,,,,1,credential_based_fraud,credential_stuffing,high generated risk score raises risk;session velocity raises risk;IP velocity lowers risk
txn_a3e084db6d8f,0.9220627859737662,1,0.922063,1,ml_only,0,,,,,,,,1,credential_based_fraud,credential_stuffing,high generated risk score raises risk;IP velocity lowers risk;session velocity lowers risk
txn_f3e294c9dd5f,0.8318634407487034,1,0.831863,1,ml_only,0,,,,,,,,1,credential_based_fraud,credential_stuffing,IP velocity lowers risk;device history raises risk;merchant chargeback behavior raises risk
txn_99ec3aa2fd02,0.9655506368102766,1,0.965551,1,ml_only,0,,,,,,,,1,credential_based_fraud,credential_stuffing,session velocity raises risk;IP velocity lowers risk;merchant chargeback behavior raises risk
txn_949e3620bfce,0.8342485251481729,1,0.834249,1,ml_only,0,,,,,,,,1,credential_based_fraud,credential_stuffing,IP velocity lowers risk;session velocity lowers risk;merchant chargeback behavior raises risk
txn_aa2d53c6e651,0.9368756850967295,1,0.936876,1,ml_only,0,,,,,,,,1,credential_based_fraud,credential_stuffing,IP velocity lowers risk;merchant chargeback behavior raises risk;payment_method_type_code raises risk
txn_9552d1fa1996,0.8276918731321187,1,0.827692,1,ml_only,0,,,,,,,,1,credential_based_fraud,credential_stuffing,session velocity raises risk;IP velocity lowers risk;high generated risk score lowers risk
txn_6e41bb7af661,0.8109073893101185,1,0.810907,1,ml_only,0,,,,,,,,1,credential_based_fraud,credential_stuffing,IP velocity lowers risk;session velocity lowers risk;high generated risk score lowers risk
txn_ac4a3bc5d38c,0.9316119578008343,1,0.931612,1,ml_only,0,,,,,,,,1,credential_based_fraud,credential_stuffing,IP velocity lowers risk;merchant chargeback behavior raises risk;payment_method_type_code raises risk
txn_2db7e89e8799,0.9138324714340995,1,0.913832,1,ml_only,0,,,,,,,,1,credential_based_fraud,credential_stuffing,session velocity raises risk;high generated risk score lowers risk;IP velocity lowers risk
txn_ed9cfe612590,0.7088213934107227,1,0.708821,1,ml_only,0,,,,,,,,1,credential_based_fraud,credential_stuffing,IP velocity lowers risk;session velocity lowers risk;device history raises risk
txn_7b9cef71a326,0.9343487068192857,1,0.934349,1,ml_only,0,,,,,,,,1,credential_based_fraud,credential_stuffing,IP velocity lowers risk;merchant chargeback behavior raises risk;payment_method_type_code raises risk
txn_1621e8f87284,0.9485837047678759,1,0.948584,1,ml_only,0,,,,,,,,1,credential_based_fraud,credential_stuffing,session velocity raises risk;IP velocity lowers risk;merchant chargeback behavior raises risk
txn_0f4a45726080,0.8257016282367085,1,0.825702,1,ml_only,0,,,,,,,,1,credential_based_fraud,credential_stuffing,IP velocity lowers risk;session velocity lowers risk;merchant chargeback behavior raises risk
txn_5b5f8d1617e0,0.9524388593191435,1,0.952439,1,ml_only,0,,,,,,,,1,credential_based_fraud,credential_stuffing,high generated risk score raises risk;IP velocity lowers risk;device history raises risk
txn_194c91eeccdd,0.9625403125939448,1,0.96254,1,ml_only,0,,,,,,,,1,credential_based_fraud,credential_stuffing,session velocity raises risk;IP velocity lowers risk;merchant chargeback behavior raises risk
txn_9742ea59dd60,0.8918548830185785,1,0.891855,1,ml_only,0,,,,,,,,1,credential_based_fraud,credential_stuffing,IP velocity lowers risk;session velocity lowers risk;merchant chargeback behavior raises risk
txn_d260cf1e3d84,0.9216942813681389,1,0.921694,1,ml_only,0,,,,,,,,1,credential_based_fraud,credential_stuffing,IP velocity lowers risk;merchant chargeback behavior raises risk;payment_method_type_code raises risk
txn_681f6ecb9bbe,0.9541874488513744,1,0.954187,1,ml_only,0,,,,,,,,1,credential_based_fraud,credential_stuffing,session velocity raises risk;IP velocity lowers risk;device history raises risk
txn_2c947477f6bf,0.9050171216678835,1,0.905017,1,ml_only,0,,,,,,,,1,credential_based_fraud,credential_stuffing,IP velocity lowers risk;session velocity lowers risk;high generated risk score raises risk
txn_f7cb9fb547f3,0.9509418411449975,1,0.950942,1,ml_only,0,,,,,,,,1,credential_based_fraud,credential_stuffing,IP velocity lowers risk;merchant chargeback behavior raises risk;payment_method_type_code raises risk
txn_5ed3c6adec4a,0.9856126960532005,1,0.985613,1,ml_only,0,,,,,,,,1,credential_based_fraud,credential_stuffing,session velocity raises risk;high generated risk score raises risk;IP velocity lowers risk
txn_05c93af01cf5,0.733574087400917,1,0.733574,1,ml_only,0,,,,,,,,1,credential_based_fraud,credential_stuffing,IP velocity lowers risk;session velocity lowers risk;device history raises risk
txn_734d71abed71,0.8953423936769738,1,0.895342,1,ml_only,0,,,,,,,,1,credential_based_fraud,credential_stuffing,IP velocity lowers risk;merchant chargeback behavior raises risk;payment_method_type_code raises risk
txn_976259836f48,0.9603800641351692,1,0.96038,1,ml_only,0,,,,,,,,1,credential_based_fraud,credential_stuffing,session velocity raises risk;IP velocity lowers risk;merchant chargeback behavior raises risk
txn_ed21436ea32f,0.9274383740378696,1,0.927438,1,ml_only,0,,,,,,,,1,credential_based_fraud,credential_stuffing,IP velocity lowers risk;session velocity lowers risk;merchant chargeback behavior raises risk
txn_c7bf940d8672,0.9296489437974588,1,0.929649,1,ml_only,0,,,,,,,,1,credential_based_fraud,credential_stuffing,IP velocity lowers risk;high generated risk score raises risk;device history raises risk
txn_010549931b12,0.9649732358647277,1,0.964973,1,ml_only,0,,,,,,,,1,credential_based_fraud,credential_stuffing,session velocity raises risk;IP velocity lowers risk;merchant chargeback behavior raises risk
txn_8cad753308ed,0.9276867368342332,1,0.927687,1,ml_only,0,,,,,,,,1,credential_based_fraud,credential_stuffing,IP velocity lowers risk;session velocity lowers risk;merchant chargeback behavior raises risk
txn_cc6273707977,0.9636208010786219,1,0.963621,1,ml_only,0,,,,,,,,1,credential_based_fraud,credential_stuffing,IP velocity lowers risk;merchant chargeback behavior raises risk;payment_method_type_code raises risk
txn_f93621df148a,0.9272361371610718,1,0.927236,1,ml_only,0,,,,,,,,1,credential_based_fraud,credential_stuffing,session velocity raises risk;IP velocity lowers risk;device history raises risk
txn_24798779c623,0.9163740726824021,1,0.916374,1,ml_only,0,,,,,,,,1,credential_based_fraud,credential_stuffing,IP velocity lowers risk;session velocity lowers risk;customer one-hour velocity raises risk
txn_9fa9f4c28ec6,0.941611021160084,1,0.941611,1,ml_only,0,,,,,,,,1,credential_based_fraud,credential_stuffing,IP velocity lowers risk;customer one-hour velocity raises risk;merchant chargeback behavior raises risk
txn_549827282ccb,0.9891248588786719,1,0.989125,1,ml_only,0,,,,,,,,1,credential_based_fraud,credential_stuffing,session velocity raises risk;high generated risk score raises risk;IP velocity lowers risk
txn_50bf0f19c76f,0.9008118965217284,1,0.900812,1,ml_only,0,,,,,,,,1,credential_based_fraud,credential_stuffing,high generated risk score raises risk;IP velocity lowers risk;session velocity lowers risk
txn_425a9be620a3,0.9561721967237472,1,0.956172,1,ml_only,0,,,,,,,,1,credential_based_fraud,credential_stuffing,IP velocity lowers risk;customer one-hour velocity raises risk;merchant chargeback behavior raises risk
txn_366332e1451b,0.9725661022615701,1,0.972566,1,ml_only,0,,,,,,,,1,credential_based_fraud,credential_stuffing,session velocity raises risk;IP velocity lowers risk;customer one-hour velocity raises risk
txn_7cfdd9375044,0.9137430649360186,1,0.913743,1,ml_only,0,,,,,,,,1,credential_based_fraud,credential_stuffing,IP velocity lowers risk;customer one-hour velocity raises risk;session velocity lowers risk
txn_754fa5b2f808,0.8951859898996419,1,0.895186,1,ml_only,0,,,,,,,,1,credential_based_fraud,credential_stuffing,IP velocity lowers risk;customer one-hour velocity raises risk;device history raises risk
txn_6405522172a5,0.9715990145497959,1,0.971599,1,ml_only,0,,,,,,,,1,credential_based_fraud,credential_stuffing,session velocity raises risk;IP velocity lowers risk;customer one-hour velocity raises risk
txn_b65444039719,0.9337973258127598,1,0.933797,1,ml_only,0,,,,,,,,1,credential_based_fraud,credential_stuffing,IP velocity lowers risk;customer one-hour velocity raises risk;session velocity lowers risk
txn_b7d5d3395fae,0.9613685523682732,1,0.961369,1,ml_only,0,,,,,,,,1,credential_based_fraud,credential_stuffing,IP velocity lowers risk;customer one-hour velocity raises risk;merchant chargeback behavior raises risk
txn_8fdc947e41f3,0.9298698313557631,1,0.92987,1,ml_only,0,,,,,,,,1,credential_based_fraud,credential_stuffing,session velocity raises risk;IP velocity lowers risk;customer one-hour velocity raises risk
txn_8e72285b54db,0.9175828720878237,1,0.917583,1,ml_only,0,,,,,,,,1,credential_based_fraud,credential_stuffing,IP velocity lowers risk;customer one-hour velocity raises risk;session velocity lowers risk
txn_64171997b4f4,0.927719995878119,1,0.92772,1,ml_only,0,,,,,,,,1,credential_based_fraud,credential_stuffing,IP velocity lowers risk;high generated risk score lowers risk;customer one-hour velocity raises risk
txn_e4e886a695f9,0.9798096792279556,1,0.97981,1,ml_only,0,,,,,,,,1,credential_based_fraud,credential_stuffing,session velocity raises risk;IP velocity lowers risk;customer one-hour velocity raises risk
txn_0bea7e909271,0.8825203728542411,1,0.88252,1,ml_only,0,,,,,,,,1,credential_based_fraud,credential_stuffing,IP velocity lowers risk;high generated risk score raises risk;customer one-hour velocity raises risk
txn_efa47a9ca125,0.9739102033417578,1,0.97391,1,ml_only,0,,,,,,,,1,credential_based_fraud,credential_stuffing,IP velocity lowers risk;high generated risk score raises risk;customer one-hour velocity raises risk
txn_f157d0799bd1,0.9708995429158054,1,0.9709,1,ml_only,0,,,,,,,,1,credential_based_fraud,credential_stuffing,session velocity raises risk;IP velocity lowers risk;customer one-hour velocity raises risk
txn_854684114a84,0.9645386746787575,1,0.964539,1,ml_only,0,,,,,,,,1,credential_based_fraud,credential_stuffing,IP velocity lowers risk;customer one-hour velocity raises risk;session velocity lowers risk
txn_4c9955b7b07b,0.9517833752237008,1,0.951783,1,ml_only,0,,,,,,,,1,credential_based_fraud,credential_stuffing,IP velocity lowers risk;customer one-hour velocity raises risk;high generated risk score raises risk
txn_bb2713ffdd4e,0.9902482709416441,1,0.990248,1,ml_only,0,,,,,,,,1,credential_based_fraud,credential_stuffing,session velocity raises risk;high generated risk score raises risk;IP velocity lowers risk
txn_0004db161984,0.926597870367003,1,0.926598,1,ml_only,0,,,,,,,,1,credential_based_fraud,credential_stuffing,IP velocity lowers risk;customer one-hour velocity raises risk;session velocity lowers risk
txn_f475ba4eb4ac,0.9492170533185659,1,0.949217,1,ml_only,0,,,,,,,,1,credential_based_fraud,credential_stuffing,IP velocity lowers risk;customer one-hour velocity raises risk;merchant chargeback behavior raises risk
txn_901c03386d75,0.9448068513627935,1,0.944807,1,ml_only,0,,,,,,,,1,credential_based_fraud,credential_stuffing,session velocity raises risk;IP velocity lowers risk;customer one-hour velocity raises risk
txn_b428582311d5,0.9310384303443276,1,0.931038,1,ml_only,0,,,,,,,,1,credential_based_fraud,credential_stuffing,IP velocity lowers risk;customer one-hour velocity raises risk;session velocity lowers risk
txn_bb8fe038d38e,0.9774971107704137,1,0.977497,1,ml_only,0,,,,,,,,1,credential_based_fraud,credential_stuffing,IP velocity lowers risk;customer one-hour velocity raises risk;high generated risk score raises risk
txn_60d892194140,0.9843141037307351,1,0.984314,1,ml_only,0,,,,,,,,1,credential_based_fraud,credential_stuffing,session velocity raises risk;IP velocity lowers risk;customer one-hour velocity raises risk
txn_a952925bd425,0.8557872696097949,1,0.855787,1,ml_only,0,,,,,,,,1,credential_based_fraud,credential_stuffing,IP velocity lowers risk;session velocity lowers risk;high generated risk score raises risk
txn_cf099f66fb21,0.9558066539052184,1,0.955807,1,ml_only,0,,,,,,,,1,credential_based_fraud,credential_stuffing,IP velocity lowers risk;merchant chargeback behavior raises risk;payment_method_type_code raises risk
txn_dda2e6105812,0.9813898696254054,1,0.98139,1,ml_only,0,,,,,,,,1,credential_based_fraud,credential_stuffing,session velocity raises risk;IP velocity lowers risk;merchant chargeback behavior raises risk
txn_0262a7f8d3ce,0.9567332827514511,1,0.956733,1,ml_only,0,,,,,,,,1,credential_based_fraud,credential_stuffing,high generated risk score raises risk;IP velocity lowers risk;session velocity lowers risk
txn_0cea11b601b4,0.9215514520049857,1,0.921551,1,ml_only,0,,,,,,,,1,credential_based_fraud,credential_stuffing,IP velocity lowers risk;device history raises risk;customer one-hour velocity raises risk
txn_b65fe3007378,0.9724929306632134,1,0.972493,1,ml_only,0,,,,,,,,1,credential_based_fraud,credential_stuffing,session velocity raises risk;IP velocity lowers risk;high generated risk score lowers risk
txn_e024a63b480c,0.9521942702176664,1,0.952194,1,ml_only,0,,,,,,,,1,credential_based_fraud,credential_stuffing,IP velocity lowers risk;high generated risk score raises risk;session velocity lowers risk
txn_9ba2a708446f,0.9527753767950473,1,0.952775,1,ml_only,0,,,,,,,,1,credential_based_fraud,credential_stuffing,IP velocity lowers risk;customer one-hour velocity raises risk;merchant chargeback behavior raises risk
txn_882cb7ad9ecd,0.9556632826812052,1,0.955663,1,ml_only,0,,,,,,,,1,credential_based_fraud,credential_stuffing,session velocity raises risk;IP velocity lowers risk;device history raises risk
txn_cd5f301d206c,0.9819187298056493,1,0.981919,1,ml_only,0,,,,,,,,1,credential_based_fraud,credential_stuffing,high generated risk score raises risk;IP velocity lowers risk;session velocity lowers risk
txn_89e346a03be6,0.9633985826164059,1,0.963399,1,ml_only,0,,,,,,,,1,credential_based_fraud,credential_stuffing,IP velocity lowers risk;customer one-hour velocity raises risk;merchant chargeback behavior raises risk
txn_215db88a9cdb,0.9765407424624791,1,0.976541,1,ml_only,0,,,,,,,,1,credential_based_fraud,credential_stuffing,session velocity raises risk;IP velocity lowers risk;customer one-hour velocity raises risk
txn_e5dfbce0b42f,0.9174823419303283,1,0.917482,1,ml_only,0,,,,,,,,1,credential_based_fraud,credential_stuffing,IP velocity lowers risk;high generated risk score raises risk;session velocity lowers risk
txn_07415e0cd0b8,0.9781341336775482,1,0.978134,1,ml_only,0,,,,,,,,1,credential_based_fraud,credential_stuffing,IP velocity lowers risk;merchant chargeback behavior raises risk;payment_method_type_code raises risk
txn_2c8386e8d7d1,0.9740201351408239,1,0.97402,1,ml_only,0,,,,,,,,1,credential_based_fraud,credential_stuffing,session velocity raises risk;IP velocity lowers risk;customer one-hour velocity raises risk
txn_db4cd2bd0636,0.9147212276914765,1,0.914721,1,ml_only,0,,,,,,,,1,credential_based_fraud,credential_stuffing,IP velocity lowers risk;session velocity lowers risk;merchant chargeback behavior raises risk
txn_ca2c64effc50,0.7923184401176878,1,0.792318,1,ml_only,0,,,,,,,,1,credential_based_fraud,credential_stuffing,IP velocity lowers risk;high generated risk score lowers risk;device history raises risk
txn_863b897b6a07,0.9824565976768711,1,0.982457,1,ml_only,0,,,,,,,,1,credential_based_fraud,credential_stuffing,session velocity raises risk;IP velocity lowers risk;merchant chargeback behavior raises risk
txn_21fddcae6abe,0.9069624554058866,1,0.906962,1,ml_only,0,,,,,,,,1,credential_based_fraud,credential_stuffing,IP velocity lowers risk;session velocity lowers risk;merchant chargeback behavior raises risk
txn_bb1d3e92791a,0.953940910295071,1,0.953941,1,ml_only,0,,,,,,,,1,credential_based_fraud,credential_stuffing,IP velocity lowers risk;merchant chargeback behavior raises risk;payment_method_type_code raises risk
txn_ff737987dc33,0.9263791604502499,1,0.926379,1,ml_only,0,,,,,,,,1,credential_based_fraud,credential_stuffing,session velocity raises risk;IP velocity lowers risk;device history raises risk
txn_e1920139fa26,0.9530900282815653,1,0.95309,1,ml_only,0,,,,,,,,1,credential_based_fraud,credential_stuffing,IP velocity lowers risk;high generated risk score raises risk;session velocity lowers risk
txn_449c850c16a5,0.9682757218615616,1,0.968276,1,ml_only,0,,,,,,,,1,credential_based_fraud,credential_stuffing,IP velocity lowers risk;merchant chargeback behavior raises risk;payment_method_type_code raises risk
txn_ec36d04931ca,0.9886846062671696,1,0.988685,1,ml_only,0,,,,,,,,1,credential_based_fraud,credential_stuffing,session velocity raises risk;IP velocity lowers risk;merchant chargeback behavior raises risk
txn_cb607f2e147b,0.7755179829143319,1,0.775518,1,ml_only,0,,,,,,,,1,credential_based_fraud,credential_stuffing,IP velocity lowers risk;session velocity lowers risk;device history raises risk
txn_2b682695b3fe,0.9645432846670828,1,0.964543,1,ml_only,0,,,,,,,,1,credential_based_fraud,credential_stuffing,IP velocity lowers risk;high generated risk score raises risk;merchant chargeback behavior raises risk
txn_3d069131d0f1,0.9813913815389124,1,0.981391,1,ml_only,0,,,,,,,,1,credential_based_fraud,credential_stuffing,session velocity raises risk;IP velocity lowers risk;merchant chargeback behavior raises risk
txn_9c5f6bf3271f,0.9385613774667563,1,0.938561,1,ml_only,0,,,,,,,,1,credential_based_fraud,credential_stuffing,IP velocity lowers risk;session velocity lowers risk;merchant chargeback behavior raises risk
txn_6586c6671611,0.889599039660604,1,0.889599,1,ml_only,0,,,,,,,,1,credential_based_fraud,credential_stuffing,IP velocity lowers risk;device history raises risk;merchant chargeback behavior raises risk
txn_0b7cea5fd6fb,0.9719434045250315,1,0.971943,1,ml_only,0,,,,,,,,1,credential_based_fraud,credential_stuffing,session velocity raises risk;IP velocity lowers risk;merchant chargeback behavior raises risk
txn_9eb45b453674,0.9204233680945821,1,0.920423,1,ml_only,0,,,,,,,,1,credential_based_fraud,credential_stuffing,IP velocity lowers risk;session velocity lowers risk;merchant chargeback behavior raises risk
txn_2408d89febb2,0.9153657351898863,1,0.915366,1,ml_only,0,,,,,,,,1,credential_based_fraud,credential_stuffing,IP velocity lowers risk;high generated risk score lowers risk;merchant chargeback behavior raises risk
txn_96c2219d63ac,0.9714005921846484,1,0.971401,1,ml_only,0,,,,,,,,1,credential_based_fraud,credential_stuffing,session velocity raises risk;IP velocity lowers risk;high generated risk score raises risk
txn_de6b61af561f,0.9503024631265087,1,0.950302,1,ml_only,0,,,,,,,,1,credential_based_fraud,credential_stuffing,IP velocity lowers risk;high generated risk score raises risk;session velocity lowers risk
txn_264275c14afa,0.9784205735615928,1,0.978421,1,ml_only,0,,,,,,,,1,credential_based_fraud,credential_stuffing,IP velocity lowers risk;high generated risk score raises risk;merchant chargeback behavior raises risk
txn_c570b8e99f0c,0.9854773248620443,1,0.985477,1,ml_only,0,,,,,,,,1,credential_based_fraud,credential_stuffing,session velocity raises risk;IP velocity lowers risk;merchant chargeback behavior raises risk
txn_94242b081683,0.8338357791350913,1,0.833836,1,ml_only,0,,,,,,,,1,credential_based_fraud,credential_stuffing,IP velocity lowers risk;session velocity lowers risk;device history raises risk
txn_852e8d95ed6f,0.9773666445139271,1,0.977367,1,ml_only,0,,,,,,,,1,credential_based_fraud,credential_stuffing,high generated risk score raises risk;IP velocity lowers risk;merchant chargeback behavior raises risk
txn_788bacc54c95,0.980968781567403,1,0.980969,1,ml_only,0,,,,,,,,1,credential_based_fraud,credential_stuffing,session velocity raises risk;IP velocity lowers risk;merchant chargeback behavior raises risk
txn_ea74fb18f89d,0.9735146640758172,1,0.973515,1,ml_only,0,,,,,,,,1,credential_based_fraud,credential_stuffing,high generated risk score raises risk;IP velocity lowers risk;session velocity lowers risk
txn_67def7b84e80,0.9439263693784599,1,0.943926,1,ml_only,0,,,,,,,,1,credential_based_fraud,credential_stuffing,high generated risk score raises risk;IP velocity lowers risk;device history raises risk
txn_16dce8f02a03,0.979943733599839,1,0.979944,1,ml_only,0,,,,,,,,1,credential_based_fraud,credential_stuffing,session velocity raises risk;IP velocity lowers risk;merchant chargeback behavior raises risk
txn_0a1db5bc9fd3,0.8998008580823709,1,0.899801,1,ml_only,0,,,,,,,,1,credential_based_fraud,credential_stuffing,IP velocity lowers risk;session velocity lowers risk;merchant chargeback behavior raises risk
txn_f8c9e25a7445,0.9722139328812947,1,0.972214,1,ml_only,0,,,,,,,,1,credential_based_fraud,credential_stuffing,IP velocity lowers risk;merchant chargeback behavior raises risk;payment_method_type_code raises risk
txn_36a76a0386f1,0.9429673902111587,1,0.942967,1,ml_only,0,,,,,,,,1,credential_based_fraud,credential_stuffing,session velocity raises risk;IP velocity lowers risk;device history raises risk
txn_375ef3ea0dab,0.9181018877974836,1,0.918102,1,ml_only,0,,,,,,,,1,credential_based_fraud,credential_stuffing,IP velocity lowers risk;session velocity lowers risk;merchant chargeback behavior raises risk
txn_6e9d69d09f86,0.9481021745212999,1,0.948102,1,ml_only,0,,,,,,,,1,credential_based_fraud,credential_stuffing,IP velocity lowers risk;merchant chargeback behavior raises risk;payment_method_type_code raises risk
txn_177313c3720b,0.9857599172376948,1,0.98576,1,ml_only,0,,,,,,,,1,credential_based_fraud,credential_stuffing,session velocity raises risk;IP velocity lowers risk;high generated risk score raises risk
txn_0e8893f7613c,0.8101266880210122,1,0.810127,1,ml_only,0,,,,,,,,1,credential_based_fraud,credential_stuffing,IP velocity lowers risk;session velocity lowers risk;device history raises risk
txn_a992ee0ecae0,0.9469667926822475,1,0.946967,1,ml_only,0,,,,,,,,1,credential_based_fraud,credential_stuffing,IP velocity lowers risk;merchant chargeback behavior raises risk;payment_method_type_code raises risk
txn_3b36f53ade34,0.9789736140106411,1,0.978974,1,ml_only,0,,,,,,,,1,credential_based_fraud,credential_stuffing,session velocity raises risk;IP velocity lowers risk;merchant chargeback behavior raises risk
txn_3cfb468d2872,0.9237822611027239,1,0.923782,1,ml_only,0,,,,,,,,1,credential_based_fraud,credential_stuffing,IP velocity lowers risk;session velocity lowers risk;merchant chargeback behavior raises risk
txn_cd577ce1592d,0.9376169922131019,1,0.937617,1,ml_only,0,,,,,,,,1,credential_based_fraud,credential_stuffing,IP velocity lowers risk;device history raises risk;merchant chargeback behavior raises risk
txn_007c97dbae49,0.9622981805644275,1,0.962298,1,ml_only,0,,,,,,,,1,credential_based_fraud,credential_stuffing,session velocity raises risk;high generated risk score lowers risk;IP velocity lowers risk
txn_715b2b02bc44,0.9381920809652341,1,0.938192,1,ml_only,0,,,,,,,,1,credential_based_fraud,credential_stuffing,IP velocity lowers risk;session velocity lowers risk;merchant chargeback behavior raises risk
txn_ddb74302b9e8,0.9610127880034982,1,0.961013,1,ml_only,0,,,,,,,,1,credential_based_fraud,credential_stuffing,IP velocity lowers risk;merchant chargeback behavior raises risk;payment_method_type_code raises risk
txn_a58f0d00aab5,0.9819125394282184,1,0.981913,1,ml_only,0,,,,,,,,1,credential_based_fraud,credential_stuffing,high generated risk score raises risk;session velocity raises risk;IP velocity lowers risk
txn_386e6b508b67,0.977861452862693,1,0.977861,1,ml_only,0,,,,,,,,1,credential_based_fraud,credential_stuffing,high generated risk score raises risk;IP velocity lowers risk;session velocity lowers risk
txn_f50f5faee347,0.9748249975791623,1,0.974825,1,ml_only,0,,,,,,,,1,credential_based_fraud,credential_stuffing,IP velocity lowers risk;high generated risk score raises risk;merchant chargeback behavior raises risk
txn_06d91811fc07,0.9850387849233102,1,0.985039,1,ml_only,0,,,,,,,,1,credential_based_fraud,credential_stuffing,session velocity raises risk;IP velocity lowers risk;merchant chargeback behavior raises risk
txn_d480f3e535a6,0.866612169759217,1,0.866612,1,ml_only,0,,,,,,,,1,credential_based_fraud,credential_stuffing,IP velocity lowers risk;session velocity lowers risk;device history raises risk
txn_71e68d6e3828,0.9795239025478389,1,0.979524,1,ml_only,0,,,,,,,,1,credential_based_fraud,credential_stuffing,IP velocity lowers risk;merchant chargeback behavior raises risk;payment_method_type_code raises risk
txn_a2ce471d2bf6,0.9817935360197036,1,0.981794,1,ml_only,0,,,,,,,,1,credential_based_fraud,credential_stuffing,session velocity raises risk;IP velocity lowers risk;merchant chargeback behavior raises risk
txn_0ca23e4556bb,0.9662753109749315,1,0.966275,1,ml_only,0,,,,,,,,1,credential_based_fraud,credential_stuffing,IP velocity lowers risk;high generated risk score raises risk;session velocity lowers risk
txn_bf22e33df162,0.9016855530157788,1,0.901686,1,ml_only,0,,,,,,,,1,credential_based_fraud,credential_stuffing,IP velocity lowers risk;device history raises risk;merchant chargeback behavior raises risk
txn_3a59a2fe0355,0.9857749580113321,1,0.985775,1,ml_only,0,,,,,,,,1,credential_based_fraud,credential_stuffing,session velocity raises risk;IP velocity lowers risk;merchant chargeback behavior raises risk
txn_1be9430b9bde,0.9498356527219907,1,0.949836,1,ml_only,0,,,,,,,,1,credential_based_fraud,credential_stuffing,IP velocity lowers risk;session velocity lowers risk;merchant chargeback behavior raises risk
txn_a2c7726aebce,0.9866797868440808,1,0.98668,1,ml_only,0,,,,,,,,1,credential_based_fraud,credential_stuffing,high generated risk score raises risk;IP velocity lowers risk;merchant chargeback behavior raises risk
txn_8b50e3792508,0.9641604126057698,1,0.96416,1,ml_only,0,,,,,,,,1,credential_based_fraud,credential_stuffing,session velocity raises risk;IP velocity lowers risk;device history raises risk
txn_f2c983421bb5,0.9703281108483394,1,0.970328,1,ml_only,0,,,,,,,,1,credential_based_fraud,credential_stuffing,IP velocity lowers risk;high generated risk score raises risk;session velocity lowers risk
txn_c4c22724033c,0.9707412264665991,1,0.970741,1,ml_only,0,,,,,,,,1,credential_based_fraud,credential_stuffing,IP velocity lowers risk;merchant chargeback behavior raises risk;payment_method_type_code raises risk
txn_450900264f7f,0.9899137659170629,1,0.989914,1,ml_only,0,,,,,,,,1,credential_based_fraud,credential_stuffing,session velocity raises risk;IP velocity lowers risk;high generated risk score raises risk
txn_4eb4b6b92c58,0.8853588762629054,1,0.885359,1,ml_only,0,,,,,,,,1,credential_based_fraud,credential_stuffing,IP velocity lowers risk;session velocity lowers risk;device history raises risk
txn_1453e4d6778a,0.9817148615161664,1,0.981715,1,ml_only,0,,,,,,,,1,credential_based_fraud,credential_stuffing,IP velocity lowers risk;high generated risk score raises risk;merchant chargeback behavior raises risk
txn_b5abadd5f865,0.982268315975548,1,0.982268,1,ml_only,0,,,,,,,,1,credential_based_fraud,credential_stuffing,session velocity raises risk;IP velocity lowers risk;high generated risk score lowers risk
txn_632b7a42afd7,0.9073471092578512,1,0.907347,1,ml_only,0,,,,,,,,1,credential_based_fraud,credential_stuffing,IP velocity lowers risk;session velocity lowers risk;merchant chargeback behavior raises risk
txn_cb444f47fb08,0.9192246098913794,1,0.919225,1,ml_only,0,,,,,,,,1,credential_based_fraud,credential_stuffing,IP velocity lowers risk;device history raises risk;customer one-hour velocity raises risk
txn_a004145faf86,0.982615049983602,1,0.982615,1,ml_only,0,,,,,,,,1,credential_based_fraud,credential_stuffing,session velocity raises risk;IP velocity lowers risk;customer one-hour velocity raises risk
txn_4660c01df04e,0.9524710096505532,1,0.952471,1,ml_only,0,,,,,,,,1,credential_based_fraud,credential_stuffing,IP velocity lowers risk;session velocity lowers risk;merchant chargeback behavior raises risk
txn_645b5b5f5acb,0.9780387737619909,1,0.978039,1,ml_only,0,,,,,,,,1,credential_based_fraud,credential_stuffing,IP velocity lowers risk;merchant chargeback behavior raises risk;payment_method_type_code raises risk
txn_a9cb3358bc47,0.9744928163373094,1,0.974493,1,ml_only,0,,,,,,,,1,credential_based_fraud,credential_stuffing,session velocity raises risk;IP velocity lowers risk;device history raises risk
txn_1e7f37584ef0,0.9697088049247224,1,0.969709,1,ml_only,0,,,,,,,,1,credential_based_fraud,credential_stuffing,IP velocity lowers risk;high generated risk score raises risk;session velocity lowers risk
txn_4cc76a7394c8,0.992790356874513,1,0.99279,1,ml_only,0,,,,,,,,1,credential_based_fraud,credential_stuffing,high generated risk score raises risk;IP velocity lowers risk;customer one-hour velocity raises risk
txn_517cf99b5481,0.990635346101677,1,0.990635,1,ml_only,0,,,,,,,,1,credential_based_fraud,credential_stuffing,session velocity raises risk;IP velocity lowers risk;customer one-hour velocity raises risk
txn_098d18aa41fa,0.8756282120025473,1,0.875628,1,ml_only,0,,,,,,,,1,credential_based_fraud,credential_stuffing,IP velocity lowers risk;session velocity lowers risk;customer one-hour velocity raises risk
txn_ec493ccabb1a,0.9830899012215065,1,0.98309,1,ml_only,0,,,,,,,,1,credential_based_fraud,credential_stuffing,IP velocity lowers risk;high generated risk score raises risk;customer one-hour velocity raises risk
txn_6e766d3c1e9d,0.9943285587810167,1,0.994329,1,ml_only,0,,,,,,,,1,credential_based_fraud,credential_stuffing,high generated risk score raises risk;session velocity raises risk;IP velocity lowers risk
txn_c14622ce38cb,0.9721752903866112,1,0.972175,1,ml_only,0,,,,,,,,1,credential_based_fraud,credential_stuffing,IP velocity lowers risk;high generated risk score raises risk;session velocity lowers risk
txn_d6422d4468fc,0.9079056352089513,1,0.907906,1,ml_only,0,,,,,,,,1,credential_based_fraud,credential_stuffing,IP velocity lowers risk;customer one-hour velocity raises risk;device history raises risk
txn_bd8749a3566b,0.9954797163247991,1,0.99548,1,ml_only,0,,,,,,,,1,credential_based_fraud,credential_stuffing,high generated risk score raises risk;session velocity raises risk;IP velocity lowers risk
txn_eda643f244f6,0.9529074794078255,1,0.952907,1,ml_only,0,,,,,,,,1,credential_based_fraud,credential_stuffing,IP velocity lowers risk;session velocity lowers risk;customer one-hour velocity raises risk
txn_4f1d4305b36d,0.9696211383645724,1,0.969621,1,ml_only,0,,,,,,,,1,credential_based_fraud,credential_stuffing,IP velocity lowers risk;customer one-hour velocity raises risk;merchant chargeback behavior raises risk
txn_2c81fbe9b3ef,0.9487213089770078,1,0.948721,1,ml_only,0,,,,,,,,1,credential_based_fraud,credential_stuffing,session velocity raises risk;IP velocity lowers risk;customer one-hour velocity raises risk
txn_0d5cb666edd6,0.9769672000742587,1,0.976967,1,ml_only,0,,,,,,,,1,credential_based_fraud,credential_stuffing,IP velocity lowers risk;high generated risk score raises risk;session velocity lowers risk
txn_34d84bdacfa9,0.9773263598626822,1,0.977326,1,ml_only,0,,,,,,,,1,credential_based_fraud,credential_stuffing,IP velocity lowers risk;merchant chargeback behavior raises risk;payment_method_type_code raises risk
txn_46719eb52a43,0.9906297415167836,1,0.99063,1,ml_only,0,,,,,,,,1,credential_based_fraud,credential_stuffing,session velocity raises risk;IP velocity lowers risk;merchant chargeback behavior raises risk
txn_ec86f3e94862,0.9319338996974837,1,0.931934,1,ml_only,0,,,,,,,,1,credential_based_fraud,credential_stuffing,high generated risk score raises risk;IP velocity lowers risk;session velocity lowers risk
txn_69ac4bc3fc57,0.972142221926475,1,0.972142,1,ml_only,0,,,,,,,,1,credential_based_fraud,credential_stuffing,IP velocity lowers risk;merchant chargeback behavior raises risk;payment_method_type_code raises risk
txn_8b533932cd7e,0.9836546663444398,1,0.983655,1,ml_only,0,,,,,,,,1,credential_based_fraud,credential_stuffing,session velocity raises risk;IP velocity lowers risk;merchant chargeback behavior raises risk
txn_097029605b2a,0.9647426453260907,1,0.964743,1,ml_only,0,,,,,,,,1,credential_based_fraud,credential_stuffing,IP velocity lowers risk;session velocity lowers risk;merchant chargeback behavior raises risk
txn_47fd7633737c,0.9425694131922852,1,0.942569,1,ml_only,0,,,,,,,,1,credential_based_fraud,credential_stuffing,IP velocity lowers risk;device history raises risk;merchant chargeback behavior raises risk
txn_953f59bf259b,0.970507025823772,1,0.970507,1,ml_only,0,,,,,,,,1,credential_based_fraud,credential_stuffing,session velocity raises risk;IP velocity lowers risk;high generated risk score lowers risk
txn_05f40da8f9f7,0.971632931045845,1,0.971633,1,ml_only,0,,,,,,,,1,credential_based_fraud,credential_stuffing,IP velocity lowers risk;high generated risk score raises risk;session velocity lowers risk
txn_c0b660cea4e9,0.9874940476857101,1,0.987494,1,ml_only,0,,,,,,,,1,credential_based_fraud,credential_stuffing,IP velocity lowers risk;high generated risk score raises risk;merchant chargeback behavior raises risk
txn_623660c94a68,0.9774024464889581,1,0.977402,1,ml_only,0,,,,,,,,1,credential_based_fraud,credential_stuffing,session velocity raises risk;IP velocity lowers risk;high generated risk score raises risk
txn_c384c310d4e2,0.9735481031906668,1,0.973548,1,ml_only,0,,,,,,,,1,credential_based_fraud,credential_stuffing,IP velocity lowers risk;session velocity lowers risk;high generated risk score raises risk
txn_70b12de29b50,0.9882002976238321,1,0.9882,1,ml_only,0,,,,,,,,1,credential_based_fraud,credential_stuffing,IP velocity lowers risk;high generated risk score raises risk;customer one-hour velocity raises risk
txn_b233c11c2f66,0.9911408067800676,1,0.991141,1,ml_only,0,,,,,,,,1,credential_based_fraud,credential_stuffing,session velocity raises risk;IP velocity lowers risk;customer one-hour velocity raises risk
txn_9e204b4cc0f0,0.9145305081902632,1,0.914531,1,ml_only,0,,,,,,,,1,credential_based_fraud,credential_stuffing,IP velocity lowers risk;session velocity lowers risk;customer one-hour velocity raises risk
txn_5bb0dca4bd43,0.9816212374304922,1,0.981621,1,ml_only,0,,,,,,,,1,credential_based_fraud,credential_stuffing,IP velocity lowers risk;customer one-hour velocity raises risk;merchant chargeback behavior raises risk
txn_8a33d4461638,0.9911647558371641,1,0.991165,1,ml_only,0,,,,,,,,1,credential_based_fraud,credential_stuffing,session velocity raises risk;IP velocity lowers risk;customer one-hour velocity raises risk
txn_fe0cb477ea50,0.9583096439386622,1,0.95831,1,ml_only,0,,,,,,,,1,credential_based_fraud,credential_stuffing,IP velocity lowers risk;session velocity lowers risk;customer one-hour velocity raises risk
txn_17cca2d2ee8d,0.9647258531241525,1,0.964726,1,ml_only,0,,,,,,,,1,credential_based_fraud,credential_stuffing,IP velocity lowers risk;high generated risk score raises risk;customer one-hour velocity raises risk
txn_49db77fd703c,0.9964755163909819,1,0.996476,1,ml_only,0,,,,,,,,1,credential_based_fraud,credential_stuffing,session velocity raises risk;IP velocity lowers risk;high generated risk score raises risk
txn_714fe5f08a1c,0.9293084698850481,1,0.929308,1,ml_only,0,,,,,,,,1,credential_based_fraud,credential_stuffing,IP velocity lowers risk;customer one-hour velocity raises risk;session velocity lowers risk
txn_2ae1f2c2151e,0.9787494112831403,1,0.978749,1,ml_only,0,,,,,,,,1,credential_based_fraud,credential_stuffing,IP velocity lowers risk;customer one-hour velocity raises risk;merchant chargeback behavior raises risk
txn_5f60422a4cb0,0.9837625166340905,1,0.983763,1,ml_only,0,,,,,,,,1,credential_based_fraud,credential_stuffing,high generated risk score raises risk;session velocity raises risk;IP velocity lowers risk
txn_d4fd9d7c9bec,0.9821409796799069,1,0.982141,1,ml_only,0,,,,,,,,1,credential_based_fraud,credential_stuffing,high generated risk score raises risk;IP velocity lowers risk;customer one-hour velocity raises risk
txn_d12c71a8b848,0.9911974432551938,1,0.991197,1,ml_only,0,,,,,,,,1,credential_based_fraud,credential_stuffing,high generated risk score raises risk;IP velocity lowers risk;customer one-hour velocity raises risk
txn_a3c5bdb216e2,0.9926149426699858,1,0.992615,1,ml_only,0,,,,,,,,1,credential_based_fraud,credential_stuffing,session velocity raises risk;IP velocity lowers risk;customer one-hour velocity raises risk
txn_11b54196028a,0.937849563626385,1,0.93785,1,ml_only,0,,,,,,,,1,credential_based_fraud,credential_stuffing,IP velocity lowers risk;high generated risk score raises risk;session velocity lowers risk
txn_54fe47e8affe,0.9687365902735405,1,0.968737,1,ml_only,0,,,,,,,,1,credential_based_fraud,credential_stuffing,IP velocity lowers risk;customer one-hour velocity raises risk;merchant chargeback behavior raises risk
txn_3d17ac0eeba2,0.994858834742381,1,0.994859,1,ml_only,0,,,,,,,,1,credential_based_fraud,credential_stuffing,session velocity raises risk;high generated risk score raises risk;IP velocity lowers risk
txn_25c0a8b08b38,0.9597628070641547,1,0.959763,1,ml_only,0,,,,,,,,1,credential_based_fraud,credential_stuffing,IP velocity lowers risk;customer one-hour velocity raises risk;session velocity lowers risk
txn_dca465521ca4,0.9685123103424347,1,0.968512,1,ml_only,0,,,,,,,,1,credential_based_fraud,credential_stuffing,high generated risk score raises risk;IP velocity lowers risk;customer one-hour velocity raises risk
txn_e8c622184c52,0.9805099832384586,1,0.98051,1,ml_only,0,,,,,,,,1,credential_based_fraud,credential_stuffing,session velocity raises risk;IP velocity lowers risk;customer one-hour velocity raises risk
txn_1cb23be04eab,0.9328714073161231,1,0.932871,1,ml_only,0,,,,,,,,1,credential_based_fraud,credential_stuffing,IP velocity lowers risk;session velocity lowers risk;customer one-hour velocity raises risk
txn_f18c54af73a2,0.9855351748991187,1,0.985535,1,ml_only,0,,,,,,,,1,credential_based_fraud,credential_stuffing,IP velocity lowers risk;customer one-hour velocity raises risk;merchant chargeback behavior raises risk
txn_d2dd3fa1b5f9,0.96371349474002,1,0.963713,1,ml_only,0,,,,,,,,1,credential_based_fraud,credential_stuffing,session velocity raises risk;IP velocity lowers risk;customer one-hour velocity raises risk
txn_7cd979b51058,0.9844273463653339,1,0.984427,1,ml_only,0,,,,,,,,1,credential_based_fraud,credential_stuffing,IP velocity lowers risk;high generated risk score raises risk;customer one-hour velocity raises risk
txn_10648439d247,0.9902103342398751,1,0.99021,1,ml_only,0,,,,,,,,1,credential_based_fraud,credential_stuffing,IP velocity lowers risk;high generated risk score raises risk;customer one-hour velocity raises risk
txn_c40aba186f18,0.9931149574898092,1,0.993115,1,ml_only,0,,,,,,,,1,credential_based_fraud,credential_stuffing,session velocity raises risk;IP velocity lowers risk;high generated risk score raises risk
txn_36cfb6734736,0.8974256737264313,1,0.897426,1,ml_only,0,,,,,,,,1,credential_based_fraud,credential_stuffing,IP velocity lowers risk;customer one-hour velocity raises risk;session velocity lowers risk
txn_2cf9532b25d5,0.991043628497983,1,0.991044,1,ml_only,0,,,,,,,,1,credential_based_fraud,credential_stuffing,high generated risk score raises risk;IP velocity lowers risk;customer one-hour velocity raises risk
txn_8283ee46ab12,0.9883969755895995,1,0.988397,1,ml_only,0,,,,,,,,1,credential_based_fraud,credential_stuffing,session velocity raises risk;IP velocity lowers risk;customer one-hour velocity raises risk
txn_a57ebe1bb0c1,0.9577351782126021,1,0.957735,1,ml_only,0,,,,,,,,1,credential_based_fraud,credential_stuffing,IP velocity lowers risk;customer one-hour velocity raises risk;session velocity lowers risk
txn_8ff73f4e2bc9,0.9698638429463383,1,0.969864,1,ml_only,0,,,,,,,,1,credential_based_fraud,credential_stuffing,IP velocity lowers risk;customer one-hour velocity raises risk;device history raises risk
txn_b478f2e566d0,0.9832808459448169,1,0.983281,1,ml_only,0,,,,,,,,1,credential_based_fraud,credential_stuffing,session velocity raises risk;IP velocity lowers risk;customer one-hour velocity raises risk
txn_ba490f94319a,0.9890216781861187,1,0.989022,1,ml_only,0,,,,,,,,1,credential_based_fraud,credential_stuffing,high generated risk score raises risk;IP velocity lowers risk;customer one-hour velocity raises risk
txn_335aae1c6233,0.9722324441862527,1,0.972232,1,ml_only,0,,,,,,,,1,credential_based_fraud,credential_stuffing,IP velocity lowers risk;customer one-hour velocity raises risk;merchant chargeback behavior raises risk
txn_9cd6bf3cbb89,0.9809404988826983,1,0.98094,1,ml_only,0,,,,,,,,1,credential_based_fraud,credential_stuffing,session velocity raises risk;IP velocity lowers risk;customer one-hour velocity raises risk
txn_57b3463023b7,0.9770458995386075,1,0.977046,1,ml_only,0,,,,,,,,1,credential_based_fraud,credential_stuffing,IP velocity lowers risk;customer one-hour velocity raises risk;session velocity lowers risk
txn_09eabd927d41,0.9910046168104147,1,0.991005,1,ml_only,0,,,,,,,,1,credential_based_fraud,credential_stuffing,high generated risk score raises risk;IP velocity lowers risk;customer one-hour velocity raises risk
txn_d7cbf79cd709,0.9938558484794104,1,0.993856,1,ml_only,0,,,,,,,,1,credential_based_fraud,credential_stuffing,session velocity raises risk;IP velocity lowers risk;customer one-hour velocity raises risk
txn_2a85003d240d,0.9477507572066797,1,0.947751,1,ml_only,0,,,,,,,,1,credential_based_fraud,credential_stuffing,high generated risk score raises risk;IP velocity lowers risk;customer one-hour velocity raises risk
txn_e83269a51902,0.9872544529828955,1,0.987254,1,ml_only,0,,,,,,,,1,credential_based_fraud,credential_stuffing,IP velocity lowers risk;customer one-hour velocity raises risk;merchant chargeback behavior raises risk
txn_6a4b3dc3819a,0.9958466719573036,1,0.995847,1,ml_only,0,,,,,,,,1,credential_based_fraud,credential_stuffing,session velocity raises risk;IP velocity lowers risk;high generated risk score raises risk
txn_3b508e8d3b55,0.9840948977168086,1,0.984095,1,ml_only,0,,,,,,,,1,credential_based_fraud,credential_stuffing,IP velocity lowers risk;high generated risk score raises risk;customer one-hour velocity raises risk
txn_ecc7208aa5b5,0.9262088568038552,1,0.926209,1,ml_only,0,,,,,,,,1,credential_based_fraud,credential_stuffing,IP velocity lowers risk;customer one-hour velocity raises risk;device history raises risk
txn_3357768a770d,0.9888793909719606,1,0.988879,1,ml_only,0,,,,,,,,1,credential_based_fraud,credential_stuffing,session velocity raises risk;IP velocity lowers risk;customer one-hour velocity raises risk
txn_0bca23af2ab8,0.978650539989175,1,0.978651,1,ml_only,0,,,,,,,,1,credential_based_fraud,credential_stuffing,IP velocity lowers risk;customer one-hour velocity raises risk;session velocity lowers risk
txn_1fa14b10a8b9,0.9915804161106776,1,0.99158,1,ml_only,0,,,,,,,,1,credential_based_fraud,credential_stuffing,IP velocity lowers risk;high generated risk score raises risk;customer one-hour velocity raises risk
txn_2ba1129fd506,0.9818427163773614,1,0.981843,1,ml_only,0,,,,,,,,1,credential_based_fraud,credential_stuffing,session velocity raises risk;IP velocity lowers risk;customer one-hour velocity raises risk
txn_5d8c2292c67b,0.9504713446708515,1,0.950471,1,ml_only,0,,,,,,,,1,credential_based_fraud,credential_stuffing,IP velocity lowers risk;session velocity lowers risk;customer one-hour velocity raises risk
txn_347b3a714c4a,0.9618149164945353,1,0.961815,1,ml_only,0,,,,,,,,1,credential_based_fraud,credential_stuffing,IP velocity lowers risk;high generated risk score lowers risk;customer one-hour velocity raises risk
txn_268ca2504cc2,0.9939860415738471,1,0.993986,1,ml_only,0,,,,,,,,1,credential_based_fraud,credential_stuffing,session velocity raises risk;IP velocity lowers risk;high generated risk score raises risk
txn_8772f965c158,0.9419033652630717,1,0.941903,1,ml_only,0,,,,,,,,1,credential_based_fraud,credential_stuffing,IP velocity lowers risk;high generated risk score raises risk;session velocity lowers risk
txn_70b1c365a086,0.9881099107797281,1,0.98811,1,ml_only,0,,,,,,,,1,credential_based_fraud,credential_stuffing,IP velocity lowers risk;high generated risk score raises risk;customer one-hour velocity raises risk
txn_c0ec3337b609,0.9897042015085653,1,0.989704,1,ml_only,0,,,,,,,,1,credential_based_fraud,credential_stuffing,session velocity raises risk;IP velocity lowers risk;customer one-hour velocity raises risk
txn_1af8489244d3,0.9220444172678274,1,0.922044,1,ml_only,0,,,,,,,,1,credential_based_fraud,credential_stuffing,IP velocity lowers risk;high generated risk score lowers risk;session velocity lowers risk
txn_ea3a4d136b0e,0.9649627530711384,1,0.964963,1,ml_only,0,,,,,,,,1,credential_based_fraud,credential_stuffing,IP velocity lowers risk;high generated risk score raises risk;customer velocity raises risk
txn_105085c8e8d0,0.9941420615122282,1,0.994142,1,ml_only,0,,,,,,,,1,credential_based_fraud,credential_stuffing,session velocity raises risk;IP velocity lowers risk;high generated risk score raises risk
txn_81c8f3c0e804,0.9643724366297171,1,0.964372,1,ml_only,0,,,,,,,,1,credential_based_fraud,credential_stuffing,IP velocity lowers risk;session velocity lowers risk;customer velocity raises risk
txn_cec8c3775a38,0.9821700505651202,1,0.98217,1,ml_only,0,,,,,,,,1,credential_based_fraud,credential_stuffing,IP velocity lowers risk;customer velocity raises risk;merchant chargeback behavior raises risk
txn_fa018ba68108,0.9827250377400779,1,0.982725,1,ml_only,0,,,,,,,,1,credential_based_fraud,credential_stuffing,session velocity raises risk;IP velocity lowers risk;customer velocity raises risk
txn_1acd834ace2f,0.9874937655747505,1,0.987494,1,ml_only,0,,,,,,,,1,credential_based_fraud,credential_stuffing,IP velocity lowers risk;session velocity lowers risk;customer velocity raises risk
txn_a7ce4b1c7b72,0.9775844005460921,1,0.977584,1,ml_only,0,,,,,,,,1,credential_based_fraud,credential_stuffing,IP velocity lowers risk;customer velocity raises risk;customer one-hour velocity raises risk
txn_6189e4fbcc74,0.9958531977028068,1,0.995853,1,ml_only,0,,,,,,,,1,credential_based_fraud,credential_stuffing,session velocity raises risk;high generated risk score raises risk;IP velocity lowers risk
txn_d40059bb824b,0.8626698178216415,1,0.86267,1,ml_only,0,,,,,,,,1,credential_based_fraud,credential_stuffing,IP velocity lowers risk;session velocity lowers risk;customer velocity raises risk
txn_edd04406b9fa,0.9921653318841095,1,0.992165,1,ml_only,0,,,,,,,,1,credential_based_fraud,credential_stuffing,IP velocity lowers risk;high generated risk score raises risk;customer velocity raises risk
txn_2ad534881c86,0.9956256685854392,1,0.995626,1,ml_only,0,,,,,,,,1,credential_based_fraud,credential_stuffing,session velocity raises risk;IP velocity lowers risk;high generated risk score raises risk
txn_3ccfc4c27c2c,0.9718259329262688,1,0.971826,1,ml_only,0,,,,,,,,1,credential_based_fraud,credential_stuffing,IP velocity lowers risk;session velocity lowers risk;customer velocity raises risk
txn_aa8091a2d6b8,0.9391074198143242,1,0.939107,1,ml_only,0,,,,,,,,1,credential_based_fraud,credential_stuffing,IP velocity lowers risk;customer velocity raises risk;customer one-hour velocity raises risk
txn_4dd10b32c774,0.9963402463827699,1,0.99634,1,ml_only,0,,,,,,,,1,credential_based_fraud,credential_stuffing,high generated risk score raises risk;session velocity raises risk;IP velocity lowers risk
txn_c1f726c30e10,0.9541291925679825,1,0.954129,1,ml_only,0,,,,,,,,1,credential_based_fraud,credential_stuffing,IP velocity lowers risk;session velocity lowers risk;customer velocity raises risk
txn_452c7f99c529,0.9939276514454574,1,0.993928,1,ml_only,0,,,,,,,,1,credential_based_fraud,credential_stuffing,high generated risk score raises risk;IP velocity lowers risk;customer velocity raises risk
txn_26d6cae7189c,0.9814997193762447,1,0.9815,1,ml_only,0,,,,,,,,1,credential_based_fraud,credential_stuffing,session velocity raises risk;IP velocity lowers risk;customer velocity raises risk
txn_b0bfdbd4816c,0.9626662716245329,1,0.962666,1,ml_only,0,,,,,,,,1,credential_based_fraud,credential_stuffing,IP velocity lowers risk;customer velocity raises risk;session velocity lowers risk
txn_7db8a67762f4,0.9918325292465672,1,0.991833,1,ml_only,0,,,,,,,,1,credential_based_fraud,credential_stuffing,customer velocity raises risk;customer one-hour velocity raises risk;IP velocity lowers risk
txn_bb9e36c507b8,0.9930289581840326,1,0.993029,1,ml_only,0,,,,,,,,1,credential_based_fraud,credential_stuffing,session velocity raises risk;high generated risk score lowers risk;customer velocity raises risk
txn_0769124e6fa6,0.9619924630888516,1,0.961992,1,ml_only,0,,,,,,,,1,credential_based_fraud,credential_stuffing,customer velocity raises risk;session velocity lowers risk;customer one-hour velocity raises risk
txn_ce3f4b01cd62,0.9916724223322305,1,0.991672,1,ml_only,0,,,,,,,,1,credential_based_fraud,credential_stuffing,customer velocity raises risk;customer one-hour velocity raises risk;merchant chargeback behavior raises risk
txn_c6e95ae5ec0d,0.9957694278770426,1,0.995769,1,ml_only,0,,,,,,,,1,credential_based_fraud,credential_stuffing,session velocity raises risk;customer velocity raises risk;merchant chargeback behavior raises risk
txn_d1ff5d0484d5,0.9750851906999848,1,0.975085,1,ml_only,0,,,,,,,,1,credential_based_fraud,credential_stuffing,high generated risk score lowers risk;customer velocity raises risk;session velocity lowers risk
txn_61195906a0cc,0.9897911505857537,1,0.989791,1,ml_only,0,,,,,,,,1,credential_based_fraud,credential_stuffing,IP velocity raises risk;customer velocity raises risk;device history raises risk
txn_7515ee4d9625,0.998318063219006,1,0.998318,1,ml_only,0,,,,,,,,1,credential_based_fraud,credential_stuffing,session velocity raises risk;IP velocity raises risk;customer velocity raises risk
txn_88570d1050b8,0.9915731786937271,1,0.991573,1,ml_only,0,,,,,,,,1,credential_based_fraud,credential_stuffing,IP velocity raises risk;customer velocity raises risk;session velocity lowers risk
txn_cd96baa36de1,0.9960517169093519,1,0.996052,1,ml_only,0,,,,,,,,1,credential_based_fraud,credential_stuffing,IP velocity raises risk;customer velocity raises risk;merchant chargeback behavior raises risk
txn_3983ec58c668,0.9954757622596047,1,0.995476,1,ml_only,0,,,,,,,,1,credential_based_fraud,credential_stuffing,IP velocity raises risk;session velocity raises risk;customer velocity raises risk
txn_c78e30dc4e4b,0.9890274661637346,1,0.989027,1,ml_only,0,,,,,,,,1,credential_based_fraud,credential_stuffing,IP velocity raises risk;high generated risk score lowers risk;customer velocity raises risk
txn_2f3368a249d5,0.9969255164631668,1,0.996926,1,ml_only,0,,,,,,,,1,credential_based_fraud,credential_stuffing,IP velocity raises risk;customer velocity raises risk;customer one-hour velocity raises risk
txn_e5e9e98dcad2,0.9984538502968578,1,0.998454,1,ml_only,0,,,,,,,,1,credential_based_fraud,credential_stuffing,IP velocity raises risk;session velocity raises risk;customer velocity raises risk
txn_6cc1e19d0742,0.9825934108888288,1,0.982593,1,ml_only,0,,,,,,,,1,credential_based_fraud,credential_stuffing,IP velocity raises risk;customer velocity raises risk;session velocity lowers risk
txn_aa9a8627e8b3,0.9985118698129906,1,0.998512,1,ml_only,0,,,,,,,,1,credential_based_fraud,credential_stuffing,IP velocity raises risk;customer velocity raises risk;customer one-hour velocity raises risk
txn_1e27c7e2e085,0.9989739489227923,1,0.998974,1,ml_only,0,,,,,,,,1,credential_based_fraud,credential_stuffing,IP velocity raises risk;session velocity raises risk;customer velocity raises risk
txn_f9b90c757c51,0.996124036675406,1,0.996124,1,ml_only,0,,,,,,,,1,credential_based_fraud,credential_stuffing,IP velocity raises risk;customer velocity raises risk;session velocity lowers risk
txn_bbed39d45eae,0.9915208233392794,1,0.991521,1,ml_only,0,,,,,,,,1,credential_based_fraud,credential_stuffing,IP velocity raises risk;customer velocity raises risk;customer one-hour velocity raises risk
txn_a7a3badded26,0.999108979919377,1,0.999109,1,ml_only,0,,,,,,,,1,credential_based_fraud,credential_stuffing,IP velocity raises risk;session velocity raises risk;customer velocity raises risk
txn_301ecf9dd3b8,0.9983513487294107,1,0.998351,1,ml_only,0,,,,,,,,1,credential_based_fraud,credential_stuffing,IP velocity raises risk;high generated risk score raises risk;customer velocity raises risk
txn_7e098532c7fa,0.9989760129706883,1,0.998976,1,ml_only,0,,,,,,,,1,credential_based_fraud,credential_stuffing,IP velocity raises risk;high generated risk score raises risk;customer velocity raises risk
txn_4756ca20ef3d,0.9965132755718938,1,0.996513,1,ml_only,0,,,,,,,,1,credential_based_fraud,credential_stuffing,IP velocity raises risk;session velocity raises risk;customer velocity raises risk
txn_fd27f35f4052,0.9991216848052991,1,0.999122,1,ml_only,0,,,,,,,,1,credential_based_fraud,credential_stuffing,high generated risk score raises risk;IP velocity raises risk;customer velocity raises risk
txn_22abf3a337c7,0.9974540004258079,1,0.997454,1,ml_only,0,,,,,,,,1,credential_based_fraud,credential_stuffing,IP velocity raises risk;customer velocity raises risk;customer one-hour velocity raises risk
txn_9a4cf3342b55,0.997386477410793,1,0.997386,1,ml_only,0,,,,,,,,1,credential_based_fraud,credential_stuffing,session velocity raises risk;customer velocity raises risk;IP velocity raises risk
txn_950f37273013,0.9535309912659787,1,0.953531,1,ml_only,0,,,,,,,,1,credential_based_fraud,credential_stuffing,customer velocity raises risk;customer one-hour velocity raises risk;session velocity lowers risk
txn_3e154c698225,0.9964647338143843,1,0.996465,1,ml_only,0,,,,,,,,1,credential_based_fraud,credential_stuffing,customer velocity raises risk;customer one-hour velocity raises risk;merchant chargeback behavior raises risk
txn_85d2bff46ccf,0.9985760723604753,1,0.998576,1,ml_only,0,,,,,,,,1,credential_based_fraud,credential_stuffing,session velocity raises risk;high generated risk score raises risk;customer velocity raises risk
txn_f299f13ee5f7,0.9891288395539679,1,0.989129,1,ml_only,0,,,,,,,,1,credential_based_fraud,credential_stuffing,customer velocity raises risk;session velocity lowers risk;customer one-hour velocity raises risk
txn_6a63411b6378,0.9798166462597275,1,0.979817,1,ml_only,0,,,,,,,,1,credential_based_fraud,credential_stuffing,customer velocity raises risk;customer one-hour velocity raises risk;device history raises risk
txn_1e00d2fa88bc,0.9986304269719605,1,0.99863,1,ml_only,0,,,,,,,,1,credential_based_fraud,credential_stuffing,session velocity raises risk;high generated risk score raises risk;customer velocity raises risk
txn_71f96693b21e,0.989365264376207,1,0.989365,1,ml_only,0,,,,,,,,1,credential_based_fraud,credential_stuffing,customer velocity raises risk;customer one-hour velocity raises risk;session velocity lowers risk
txn_f128caace258,0.04615073684856227,0,0.046151,0,ml_only,0,,,,,,,,1,identity_onboarding_fraud,fraudulent_merchant_onboarding,device history lowers risk;customer payment cadence lowers risk;merchant chargeback behavior lowers risk
txn_cde9b6c9e1ce,0.4259101113464196,1,0.42591,1,ml_only,0,,,,,,,,1,identity_onboarding_fraud,fraudulent_merchant_onboarding,device history lowers risk;merchant chargeback behavior lowers risk;customer decline history lowers risk
txn_1e920dbb4454,0.6755003980836676,1,0.6755,1,ml_only,0,,,,,,,,1,identity_onboarding_fraud,fraudulent_merchant_onboarding,device history lowers risk;session velocity raises risk;IP velocity raises risk
txn_03ee481fdfa2,0.4815242454778909,1,0.481524,1,ml_only,0,,,,,,,,1,identity_onboarding_fraud,fraudulent_merchant_onboarding,device history lowers risk;IP velocity raises risk;merchant chargeback behavior lowers risk
txn_def8ee415a43,0.862215728633466,1,0.862216,1,ml_only,0,,,,,,,,1,identity_onboarding_fraud,fraudulent_merchant_onboarding,device history lowers risk;IP velocity raises risk;high generated risk score raises risk
txn_e89b387a8cea,0.8399587530637117,1,0.839959,1,ml_only,0,,,,,,,,1,identity_onboarding_fraud,fraudulent_merchant_onboarding,IP velocity raises risk;device history lowers risk;session velocity raises risk
txn_946b913e91e4,0.5572311859152419,1,0.557231,1,ml_only,0,,,,,,,,1,identity_onboarding_fraud,fraudulent_merchant_onboarding,IP velocity raises risk;device history lowers risk;high generated risk score raises risk
txn_23befc456acf,0.7556835924591345,1,0.755684,1,ml_only,0,,,,,,,,1,identity_onboarding_fraud,fraudulent_merchant_onboarding,IP velocity raises risk;device history lowers risk;merchant chargeback behavior lowers risk
txn_aeb283e0f4c1,0.89214062549489,1,0.892141,1,ml_only,0,,,,,,,,1,identity_onboarding_fraud,fraudulent_merchant_onboarding,IP velocity raises risk;device history lowers risk;session velocity raises risk
txn_7511bc684d1f,0.5665375636950923,1,0.566538,1,ml_only,0,,,,,,,,1,identity_onboarding_fraud,fraudulent_merchant_onboarding,IP velocity raises risk;device history lowers risk;merchant chargeback behavior lowers risk
txn_cb11e6476b7a,0.7203305251598546,1,0.720331,1,ml_only,0,,,,,,,,1,identity_onboarding_fraud,fraudulent_merchant_onboarding,IP velocity raises risk;device history lowers risk;high generated risk score lowers risk
txn_48a459b003b9,0.9691760461993194,1,0.969176,1,ml_only,0,,,,,,,,1,identity_onboarding_fraud,fraudulent_merchant_onboarding,IP velocity raises risk;device history lowers risk;session velocity raises risk
txn_57ea512d1ea4,0.747886042393067,1,0.747886,1,ml_only,0,,,,,,,,1,identity_onboarding_fraud,fraudulent_merchant_onboarding,IP velocity raises risk;device history lowers risk;merchant chargeback behavior lowers risk
txn_fd17bd1cca9f,0.9121597564051603,1,0.91216,1,ml_only,0,,,,,,,,1,identity_onboarding_fraud,fraudulent_merchant_onboarding,IP velocity raises risk;device history lowers risk;merchant chargeback behavior lowers risk
txn_4fc2ec5d8a86,0.9482313923149875,1,0.948231,1,ml_only,0,,,,,,,,1,identity_onboarding_fraud,fraudulent_merchant_onboarding,IP velocity raises risk;device history lowers risk;session velocity raises risk
txn_c16a7b44015c,0.9295267197496264,1,0.929527,1,ml_only,0,,,,,,,,1,identity_onboarding_fraud,fraudulent_merchant_onboarding,IP velocity raises risk;device history lowers risk;merchant chargeback behavior lowers risk
txn_1147cdfddbf8,0.9078806267320628,1,0.907881,1,ml_only,0,,,,,,,,1,identity_onboarding_fraud,fraudulent_merchant_onboarding,IP velocity raises risk;device history lowers risk;high generated risk score lowers risk
txn_f9d7b9ec6c54,0.9882279171151652,1,0.988228,1,ml_only,0,,,,,,,,1,identity_onboarding_fraud,fraudulent_merchant_onboarding,IP velocity raises risk;device history lowers risk;session velocity raises risk
txn_ad480e993bda,0.9081942322510383,1,0.908194,1,ml_only,0,,,,,,,,1,identity_onboarding_fraud,fraudulent_merchant_onboarding,IP velocity raises risk;device history lowers risk;merchant chargeback behavior lowers risk
txn_9d37c1927b46,0.956270334914978,1,0.95627,1,ml_only,0,,,,,,,,1,identity_onboarding_fraud,fraudulent_merchant_onboarding,IP velocity raises risk;device history lowers risk;amount deviation from customer history lowers risk
txn_728503e9b971,0.9683487269917057,1,0.968349,1,ml_only,0,,,,,,,,1,identity_onboarding_fraud,fraudulent_merchant_onboarding,IP velocity raises risk;device history lowers risk;session velocity raises risk
txn_2359859f6cb7,0.8419211802818029,1,0.841921,1,ml_only,0,,,,,,,,1,identity_onboarding_fraud,fraudulent_merchant_onboarding,IP velocity raises risk;device history lowers risk;merchant chargeback behavior lowers risk
txn_061c63e92016,0.8845709879057921,1,0.884571,1,ml_only,0,,,,,,,,1,identity_onboarding_fraud,fraudulent_merchant_onboarding,IP velocity raises risk;device history lowers risk;merchant chargeback behavior lowers risk
txn_23b5a4831a72,0.9270874812046302,1,0.927087,1,ml_only,0,,,,,,,,1,identity_onboarding_fraud,fraudulent_merchant_onboarding,IP velocity raises risk;device history lowers risk;session velocity raises risk
txn_245b55981308,0.6985562044442833,1,0.698556,1,ml_only,0,,,,,,,,1,identity_onboarding_fraud,fraudulent_merchant_onboarding,IP velocity raises risk;device history lowers risk;merchant chargeback behavior lowers risk
txn_a581b9b42e6e,0.8005875639376934,1,0.800588,1,ml_only,0,,,,,,,,1,identity_onboarding_fraud,fraudulent_merchant_onboarding,IP velocity raises risk;device history lowers risk;merchant chargeback behavior lowers risk
txn_4ce82e9bcd3e,0.8993223288303398,1,0.899322,1,ml_only,0,,,,,,,,1,identity_onboarding_fraud,fraudulent_merchant_onboarding,IP velocity raises risk;device history lowers risk;session velocity raises risk
txn_6605d0a8e220,0.5163975724411761,1,0.516398,1,ml_only,0,,,,,,,,1,identity_onboarding_fraud,fraudulent_merchant_onboarding,IP velocity raises risk;device history lowers risk;high generated risk score lowers risk
txn_cc35552dca9f,0.7067024378845296,1,0.706702,1,ml_only,0,,,,,,,,1,identity_onboarding_fraud,fraudulent_merchant_onboarding,device history lowers risk;IP velocity raises risk;merchant chargeback behavior lowers risk
txn_3724c258af1b,0.6917127995383305,1,0.691713,1,ml_only,0,,,,,,,,1,identity_onboarding_fraud,fraudulent_merchant_onboarding,device history lowers risk;IP velocity raises risk;session velocity raises risk
txn_b739f696e069,0.43487798890183305,1,0.434878,1,ml_only,0,,,,,,,,1,identity_onboarding_fraud,fraudulent_merchant_onboarding,device history lowers risk;IP velocity raises risk;merchant chargeback behavior lowers risk
txn_7a49b22eac31,0.7373886684518179,1,0.737389,1,ml_only,0,,,,,,,,1,identity_onboarding_fraud,fraudulent_merchant_onboarding,device history lowers risk;IP velocity raises risk;merchant chargeback behavior lowers risk
txn_ab3c1ce1b0f4,0.4682310801015603,1,0.468231,1,ml_only,0,,,,,,,,1,identity_onboarding_fraud,fraudulent_merchant_onboarding,device history lowers risk;IP velocity raises risk;session velocity raises risk
txn_a1072bbcafe1,0.2522662307819773,1,0.252266,1,ml_only,0,,,,,,,,1,identity_onboarding_fraud,fraudulent_merchant_onboarding,device history lowers risk;IP velocity raises risk;event_hour lowers risk
txn_611971d7eb27,0.4950518128001669,1,0.495052,1,ml_only,0,,,,,,,,1,identity_onboarding_fraud,fraudulent_merchant_onboarding,device history lowers risk;IP velocity raises risk;event_hour lowers risk
txn_ed6fd7918f02,0.5568878026224016,1,0.556888,1,ml_only,0,,,,,,,,1,identity_onboarding_fraud,fraudulent_merchant_onboarding,device history lowers risk;IP velocity raises risk;session velocity raises risk
txn_f44f2dc11155,0.3002455038928803,1,0.300246,1,ml_only,0,,,,,,,,1,identity_onboarding_fraud,fraudulent_merchant_onboarding,device history lowers risk;IP velocity raises risk;merchant chargeback behavior lowers risk
txn_e8194898f52d,0.5346965023048165,1,0.534697,1,ml_only,0,,,,,,,,1,identity_onboarding_fraud,fraudulent_merchant_onboarding,device history lowers risk;IP velocity raises risk;merchant chargeback behavior lowers risk
txn_25c995559ef2,0.7452471449193302,1,0.745247,1,ml_only,0,,,,,,,,1,identity_onboarding_fraud,fraudulent_merchant_onboarding,device history lowers risk;IP velocity raises risk;session velocity raises risk
txn_813a50425abe,0.2569420961354346,1,0.256942,1,ml_only,0,,,,,,,,1,identity_onboarding_fraud,fraudulent_merchant_onboarding,device history lowers risk;IP velocity raises risk;merchant chargeback behavior lowers risk
txn_c259c4c05563,0.5846397989296007,1,0.58464,1,ml_only,0,,,,,,,,1,identity_onboarding_fraud,fraudulent_merchant_onboarding,device history lowers risk;IP velocity raises risk;merchant chargeback behavior lowers risk
txn_2d7881af7dc3,0.7624202093320366,1,0.76242,1,ml_only,0,,,,,,,,1,identity_onboarding_fraud,fraudulent_merchant_onboarding,device history lowers risk;IP velocity raises risk;session velocity raises risk
txn_3f15d2d02504,0.5917721174794808,1,0.591772,1,ml_only,0,,,,,,,,1,identity_onboarding_fraud,fraudulent_merchant_onboarding,device history lowers risk;IP velocity raises risk;merchant chargeback behavior lowers risk
txn_5643c38aa1c1,0.5066268226991022,1,0.506627,1,ml_only,0,,,,,,,,1,identity_onboarding_fraud,fraudulent_merchant_onboarding,device history lowers risk;IP velocity raises risk;merchant chargeback behavior lowers risk
txn_29a5319a7c2e,0.8218057947048713,1,0.821806,1,ml_only,0,,,,,,,,1,identity_onboarding_fraud,fraudulent_merchant_onboarding,device history lowers risk;IP velocity raises risk;session velocity raises risk
txn_83f44e4fa856,0.7043701104779094,1,0.70437,1,ml_only,0,,,,,,,,1,identity_onboarding_fraud,mule_account_creation,customer payment cadence lowers risk;merchant chargeback behavior raises risk;payment_method_type_code lowers risk
txn_f194ad049284,0.9474056123769982,1,0.947406,1,ml_only,0,,,,,,,,1,identity_onboarding_fraud,mule_account_creation,merchant chargeback behavior raises risk;payment_method_type_code lowers risk;high generated risk score raises risk
txn_97efa7921e92,0.9836639532150255,1,0.983664,1,ml_only,0,,,,,,,,1,identity_onboarding_fraud,mule_account_creation,session velocity raises risk;merchant chargeback behavior raises risk;high generated risk score raises risk
txn_1a416beb2c8f,0.9649894134663961,1,0.964989,1,ml_only,0,,,,,,,,1,identity_onboarding_fraud,mule_account_creation,high generated risk score raises risk;merchant chargeback behavior raises risk;payment_method_type_code lowers risk
txn_5302301c01db,0.9564202148297606,1,0.95642,1,ml_only,0,,,,,,,,1,identity_onboarding_fraud,mule_account_creation,merchant chargeback behavior raises risk;payment_method_type_code lowers risk;IP velocity raises risk
txn_aa63b168db73,0.9553243929374231,1,0.955324,1,ml_only,0,,,,,,,,1,identity_onboarding_fraud,mule_account_creation,session velocity raises risk;merchant chargeback behavior raises risk;payment_method_type_code lowers risk
txn_1fd6b21d3260,0.973388065678332,1,0.973388,1,ml_only,0,,,,,,,,1,identity_onboarding_fraud,mule_account_creation,IP velocity raises risk;merchant chargeback behavior raises risk;payment_method_type_code lowers risk
txn_4a653ce8973a,0.9886368850392234,1,0.988637,1,ml_only,0,,,,,,,,1,identity_onboarding_fraud,mule_account_creation,IP velocity raises risk;merchant chargeback behavior raises risk;payment_method_type_code lowers risk
txn_9d78e2d1bda0,0.9975188452788665,1,0.997519,1,ml_only,0,,,,,,,,1,identity_onboarding_fraud,mule_account_creation,IP velocity raises risk;session velocity raises risk;merchant chargeback behavior raises risk
txn_1a0594bb9ec3,0.9879664378239564,1,0.987966,1,ml_only,0,,,,,,,,1,identity_onboarding_fraud,mule_account_creation,IP velocity raises risk;merchant chargeback behavior raises risk;payment_method_type_code lowers risk
txn_aa91a585c28b,0.9860217422165537,1,0.986022,1,ml_only,0,,,,,,,,1,identity_onboarding_fraud,mule_account_creation,IP velocity raises risk;merchant chargeback behavior raises risk;event_hour lowers risk
txn_672a166606df,0.9945965284461985,1,0.994597,1,ml_only,0,,,,,,,,1,identity_onboarding_fraud,mule_account_creation,IP velocity raises risk;session velocity raises risk;merchant chargeback behavior raises risk
txn_e2b394b6ddcd,0.98267384942371,1,0.982674,1,ml_only,0,,,,,,,,1,identity_onboarding_fraud,mule_account_creation,IP velocity raises risk;merchant chargeback behavior raises risk;event_hour lowers risk
txn_13723e346f71,0.9915481212382437,1,0.991548,1,ml_only,0,,,,,,,,1,identity_onboarding_fraud,mule_account_creation,IP velocity raises risk;merchant chargeback behavior raises risk;event_hour lowers risk
txn_6a9b1e37c2c1,0.9979551737495717,1,0.997955,1,ml_only,0,,,,,,,,1,identity_onboarding_fraud,mule_account_creation,IP velocity raises risk;session velocity raises risk;merchant chargeback behavior raises risk
txn_f846e9b2b4a1,0.9886308610661736,1,0.988631,1,ml_only,0,,,,,,,,1,identity_onboarding_fraud,mule_account_creation,IP velocity raises risk;merchant chargeback behavior raises risk;payment_method_type_code lowers risk
txn_84a476c1b593,0.9977044923442664,1,0.997704,1,ml_only,0,,,,,,,,1,identity_onboarding_fraud,mule_account_creation,IP velocity raises risk;merchant chargeback behavior raises risk;payment_method_type_code lowers risk
txn_5a3771427cd7,0.9980689615660305,1,0.998069,1,ml_only,0,,,,,,,,1,identity_onboarding_fraud,mule_account_creation,IP velocity raises risk;session velocity raises risk;merchant chargeback behavior raises risk
txn_de8e11074496,0.9922237423998427,1,0.992224,1,ml_only,0,,,,,,,,1,identity_onboarding_fraud,mule_account_creation,IP velocity raises risk;merchant chargeback behavior raises risk;payment_method_type_code lowers risk
txn_bd445485f187,0.9973409649965682,1,0.997341,1,ml_only,0,,,,,,,,1,identity_onboarding_fraud,mule_account_creation,IP velocity raises risk;merchant chargeback behavior raises risk;payment_method_type_code lowers risk
txn_95927afc842d,0.9956335733825199,1,0.995634,1,ml_only,0,,,,,,,,1,identity_onboarding_fraud,mule_account_creation,IP velocity raises risk;session velocity raises risk;merchant chargeback behavior raises risk
txn_644c9fa412be,0.9867131467645236,1,0.986713,1,ml_only,0,,,,,,,,1,identity_onboarding_fraud,mule_account_creation,IP velocity raises risk;merchant chargeback behavior raises risk;payment_method_type_code lowers risk
txn_ae635f7606a5,0.9858988436903303,1,0.985899,1,ml_only,0,,,,,,,,1,identity_onboarding_fraud,mule_account_creation,IP velocity raises risk;merchant chargeback behavior raises risk;payment_method_type_code lowers risk
txn_60f977a5205b,0.9915121905466117,1,0.991512,1,ml_only,0,,,,,,,,1,identity_onboarding_fraud,mule_account_creation,IP velocity raises risk;session velocity raises risk;merchant chargeback behavior raises risk
txn_45de395b2bea,0.9677026583506674,1,0.967703,1,ml_only,0,,,,,,,,1,identity_onboarding_fraud,mule_account_creation,IP velocity raises risk;merchant chargeback behavior raises risk;payment_method_type_code lowers risk
txn_e5e76e14c6b8,0.9806264522459391,1,0.980626,1,ml_only,0,,,,,,,,1,identity_onboarding_fraud,mule_account_creation,IP velocity raises risk;merchant chargeback behavior raises risk;high generated risk score raises risk
txn_1a2840bd6b6a,0.9873519399930315,1,0.987352,1,ml_only,0,,,,,,,,1,identity_onboarding_fraud,mule_account_creation,IP velocity raises risk;session velocity raises risk;merchant chargeback behavior raises risk
txn_223f7ba88ad7,0.8908612783176992,1,0.890861,1,ml_only,0,,,,,,,,1,identity_onboarding_fraud,mule_account_creation,merchant chargeback behavior raises risk;payment_method_type_code lowers risk;IP velocity raises risk
txn_de254fb82348,0.9372839641044505,1,0.937284,1,ml_only,0,,,,,,,,1,identity_onboarding_fraud,mule_account_creation,merchant chargeback behavior raises risk;payment_method_type_code lowers risk;merchant growth pattern raises risk
txn_b39d7d6f3f67,0.9641026936519606,1,0.964103,1,ml_only,0,,,,,,,,1,identity_onboarding_fraud,mule_account_creation,session velocity raises risk;merchant chargeback behavior raises risk;payment_method_type_code lowers risk
txn_07aad2dcf095,0.9054715467707956,1,0.905472,1,ml_only,0,,,,,,,,1,identity_onboarding_fraud,mule_account_creation,merchant chargeback behavior raises risk;payment_method_type_code lowers risk;session velocity lowers risk
txn_811dd98694a2,0.9698489885580689,1,0.969849,1,ml_only,0,,,,,,,,1,identity_onboarding_fraud,mule_account_creation,merchant chargeback behavior raises risk;high generated risk score raises risk;payment_method_type_code lowers risk
txn_19a61eb916b0,0.9754284606101599,1,0.975428,1,ml_only,0,,,,,,,,1,identity_onboarding_fraud,mule_account_creation,session velocity raises risk;merchant chargeback behavior raises risk;payment_method_type_code lowers risk
txn_3634a2328063,0.9709056944093755,1,0.970906,1,ml_only,0,,,,,,,,1,identity_onboarding_fraud,mule_account_creation,high generated risk score raises risk;merchant chargeback behavior raises risk;payment_method_type_code lowers risk
txn_6e0ee666f41d,0.9699529960418735,1,0.969953,1,ml_only,0,,,,,,,,1,identity_onboarding_fraud,mule_account_creation,merchant chargeback behavior raises risk;high generated risk score raises risk;payment_method_type_code lowers risk
txn_365c9d4d433c,0.9792714222972067,1,0.979271,1,ml_only,0,,,,,,,,1,identity_onboarding_fraud,mule_account_creation,session velocity raises risk;merchant chargeback behavior raises risk;payment_method_type_code lowers risk
txn_ed502e898251,0.8802759528101827,1,0.880276,1,ml_only,0,,,,,,,,1,identity_onboarding_fraud,mule_account_creation,merchant chargeback behavior raises risk;payment_method_type_code lowers risk;session velocity lowers risk
txn_06172f61f37f,0.9564350879693708,1,0.956435,1,ml_only,0,,,,,,,,1,identity_onboarding_fraud,mule_account_creation,merchant chargeback behavior raises risk;payment_method_type_code lowers risk;merchant growth pattern raises risk
txn_eaa962768381,0.9862787274204884,1,0.986279,1,ml_only,0,,,,,,,,1,identity_onboarding_fraud,mule_account_creation,session velocity raises risk;merchant chargeback behavior raises risk;payment_method_type_code lowers risk
txn_4978fb09d246,0.9418323985813685,1,0.941832,1,ml_only,0,,,,,,,,1,identity_onboarding_fraud,mule_account_creation,merchant chargeback behavior raises risk;payment_method_type_code lowers risk;session velocity lowers risk
txn_2a6cd6c13eec,0.9191461185742228,1,0.919146,1,ml_only,0,,,,,,,,1,identity_onboarding_fraud,mule_account_creation,merchant chargeback behavior raises risk;payment_method_type_code lowers risk;event_hour lowers risk
txn_22307a212a2f,0.9792759570847133,1,0.979276,1,ml_only,0,,,,,,,,1,identity_onboarding_fraud,mule_account_creation,high generated risk score raises risk;session velocity raises risk;merchant chargeback behavior raises risk
txn_982b25a38c43,0.8121657123555398,1,0.812166,1,ml_only,0,,,,,,,,1,identity_onboarding_fraud,mule_account_creation,merchant chargeback behavior raises risk;payment_method_type_code lowers risk;event_hour lowers risk
txn_efeebb0d8e6d,0.9366985560668147,1,0.936699,1,ml_only,0,,,,,,,,1,identity_onboarding_fraud,mule_account_creation,merchant chargeback behavior raises risk;payment_method_type_code lowers risk;merchant growth pattern raises risk
txn_be779343b60c,0.9648119113748191,1,0.964812,1,ml_only,0,,,,,,,,1,identity_onboarding_fraud,mule_account_creation,session velocity raises risk;merchant chargeback behavior raises risk;payment_method_type_code lowers risk
txn_1f8596a5dda1,0.9597919207461997,1,0.959792,1,ml_only,0,,,,,,,,1,identity_onboarding_fraud,mule_account_creation,high generated risk score raises risk;merchant chargeback behavior raises risk;payment_method_type_code lowers risk
txn_543468cb325c,0.9286424402286767,1,0.928642,1,ml_only,0,,,,,,,,1,identity_onboarding_fraud,mule_account_creation,merchant chargeback behavior raises risk;payment_method_type_code lowers risk;merchant growth pattern raises risk
txn_6fab1a37aaab,0.9770267255163425,1,0.977027,1,ml_only,0,,,,,,,,1,identity_onboarding_fraud,mule_account_creation,session velocity raises risk;merchant chargeback behavior raises risk;payment_method_type_code lowers risk
txn_c22902cd6a35,0.9211315745107017,1,0.921132,1,ml_only,0,,,,,,,,1,identity_onboarding_fraud,mule_account_creation,merchant chargeback behavior raises risk;high generated risk score raises risk;payment_method_type_code lowers risk
txn_f581a18afb14,0.944313070820236,1,0.944313,1,ml_only,0,,,,,,,,1,identity_onboarding_fraud,mule_account_creation,merchant chargeback behavior raises risk;payment_method_type_code lowers risk;merchant growth pattern raises risk
txn_596b0ae55700,0.9895127560348682,1,0.989513,1,ml_only,0,,,,,,,,1,identity_onboarding_fraud,mule_account_creation,high generated risk score raises risk;session velocity raises risk;merchant chargeback behavior raises risk
txn_6c3480c78052,0.9151960878580102,1,0.915196,1,ml_only,0,,,,,,,,1,identity_onboarding_fraud,mule_account_creation,merchant chargeback behavior raises risk;payment_method_type_code lowers risk;session velocity lowers risk
txn_2861f59a69bf,0.9834428063263261,1,0.983443,1,ml_only,0,,,,,,,,1,identity_onboarding_fraud,mule_account_creation,merchant chargeback behavior raises risk;high generated risk score raises risk;payment_method_type_code lowers risk
txn_1b64efe78d2e,0.9947181884948055,1,0.994718,1,ml_only,0,,,,,,,,1,identity_onboarding_fraud,mule_account_creation,high generated risk score raises risk;session velocity raises risk;merchant chargeback behavior raises risk
txn_70c973a68698,0.9491168638227028,1,0.949117,1,ml_only,0,,,,,,,,1,identity_onboarding_fraud,mule_account_creation,merchant chargeback behavior raises risk;high generated risk score raises risk;payment_method_type_code lowers risk
txn_2492c61482d4,0.9702666930197785,1,0.970267,1,ml_only,0,,,,,,,,1,identity_onboarding_fraud,mule_account_creation,merchant chargeback behavior raises risk;payment_method_type_code lowers risk;merchant growth pattern raises risk
txn_29abb8e8ae9b,0.9889843153889967,1,0.988984,1,ml_only,0,,,,,,,,1,identity_onboarding_fraud,mule_account_creation,session velocity raises risk;merchant chargeback behavior raises risk;payment_method_type_code lowers risk
txn_b957b1fdb4ab,0.9011622476939618,1,0.901162,1,ml_only,0,,,,,,,,1,identity_onboarding_fraud,mule_account_creation,high generated risk score raises risk;merchant chargeback behavior raises risk;event_hour lowers risk
txn_3fb6b1a517f6,0.9435898168973891,1,0.94359,1,ml_only,0,,,,,,,,1,identity_onboarding_fraud,mule_account_creation,merchant chargeback behavior raises risk;high generated risk score raises risk;payment_method_type_code lowers risk
txn_3a82f08dbf7e,0.9766033614681926,1,0.976603,1,ml_only,0,,,,,,,,1,identity_onboarding_fraud,mule_account_creation,session velocity raises risk;merchant chargeback behavior raises risk;high generated risk score raises risk
txn_c82972ed921a,0.954558670007715,1,0.954559,1,ml_only,0,,,,,,,,1,identity_onboarding_fraud,mule_account_creation,merchant chargeback behavior raises risk;payment_method_type_code lowers risk;high generated risk score raises risk
txn_094bb373d7ec,0.9674475546611414,1,0.967448,1,ml_only,0,,,,,,,,1,identity_onboarding_fraud,mule_account_creation,merchant chargeback behavior raises risk;high generated risk score raises risk;payment_method_type_code lowers risk
txn_94a4c956fe9e,0.9634099397468001,1,0.96341,1,ml_only,0,,,,,,,,1,identity_onboarding_fraud,mule_account_creation,session velocity raises risk;merchant chargeback behavior raises risk;payment_method_type_code lowers risk
txn_361c948bdefe,0.8844210853051346,1,0.884421,1,ml_only,0,,,,,,,,1,identity_onboarding_fraud,mule_account_creation,merchant chargeback behavior raises risk;payment_method_type_code lowers risk;session velocity lowers risk
txn_65e0bdc34dbf,0.9810296011899302,1,0.98103,1,ml_only,0,,,,,,,,1,identity_onboarding_fraud,mule_account_creation,merchant chargeback behavior raises risk;high generated risk score raises risk;payment_method_type_code lowers risk
txn_e8ad0cb82611,0.020944862253420737,0,0.020945,0,ml_only,0,,,,,,,,1,identity_onboarding_fraud,stolen_identity_signup,customer payment cadence lowers risk;customer account age lowers risk;high generated risk score lowers risk
txn_0e985c0707b4,0.3060580116605091,1,0.306058,1,ml_only,0,,,,,,,,1,identity_onboarding_fraud,stolen_identity_signup,customer account age lowers risk;high generated risk score lowers risk;IP velocity raises risk
txn_678ceb8e8af9,0.874028744637178,1,0.874029,1,ml_only,0,,,,,,,,1,identity_onboarding_fraud,stolen_identity_signup,IP velocity raises risk;session velocity raises risk;customer account age lowers risk
txn_b778d48f0721,0.44680080914590914,1,0.446801,1,ml_only,0,,,,,,,,1,identity_onboarding_fraud,stolen_identity_signup,IP velocity raises risk;customer account age lowers risk;session velocity lowers risk
txn_54f9ab86f5e1,0.7914728725105185,1,0.791473,1,ml_only,0,,,,,,,,1,identity_onboarding_fraud,stolen_identity_signup,IP velocity raises risk;customer account age lowers risk;payment_method_type_code raises risk
txn_fa66cb9e929a,0.7826634902873302,1,0.782663,1,ml_only,0,,,,,,,,1,identity_onboarding_fraud,stolen_identity_signup,IP velocity raises risk;session velocity raises risk;customer account age lowers risk
txn_b3eb4f6c57d8,0.7323437832834215,1,0.732344,1,ml_only,0,,,,,,,,1,identity_onboarding_fraud,stolen_identity_signup,IP velocity raises risk;customer account age lowers risk;session velocity lowers risk
txn_20441cde6485,0.8899023922775477,1,0.889902,1,ml_only,0,,,,,,,,1,identity_onboarding_fraud,stolen_identity_signup,IP velocity raises risk;customer account age lowers risk;event_hour raises risk
txn_a0538dfa7253,0.9341534654155954,1,0.934153,1,ml_only,0,,,,,,,,1,identity_onboarding_fraud,stolen_identity_signup,IP velocity raises risk;session velocity raises risk;customer account age lowers risk
txn_fdf7f9282c2b,0.6757026364318196,1,0.675703,1,ml_only,0,,,,,,,,1,identity_onboarding_fraud,stolen_identity_signup,IP velocity raises risk;customer account age lowers risk;event_hour lowers risk
txn_25320e889b24,0.8383790657306995,1,0.838379,1,ml_only,0,,,,,,,,1,identity_onboarding_fraud,stolen_identity_signup,IP velocity raises risk;customer account age lowers risk;event_hour lowers risk
txn_45eb7081dddb,0.02454670514789323,0,0.024547,0,ml_only,0,,,,,,,,1,identity_onboarding_fraud,synthetic_identity,customer account age lowers risk;customer payment cadence lowers risk;customer decline history lowers risk
txn_f9f9ddbd39ad,0.2833028806946071,1,0.283303,1,ml_only,0,,,,,,,,1,identity_onboarding_fraud,synthetic_identity,customer account age lowers risk;customer decline history lowers risk;IP velocity lowers risk
txn_dcad114dc32f,0.6585659297393113,1,0.658566,1,ml_only,0,,,,,,,,1,identity_onboarding_fraud,synthetic_identity,customer account age lowers risk;session velocity raises risk;high generated risk score raises risk
txn_6910acddb1ae,0.16251293779381293,0,0.162513,0,ml_only,0,,,,,,,,1,identity_onboarding_fraud,synthetic_identity,customer account age lowers risk;IP velocity raises risk;customer decline history lowers risk
txn_ff136b295c06,0.5333328166470986,1,0.533333,1,ml_only,0,,,,,,,,1,identity_onboarding_fraud,synthetic_identity,customer account age lowers risk;IP velocity raises risk;high generated risk score lowers risk
txn_9c1a888103b9,0.892656782255104,1,0.892657,1,ml_only,0,,,,,,,,1,identity_onboarding_fraud,synthetic_identity,IP velocity raises risk;customer account age lowers risk;session velocity raises risk
txn_46e4beac840c,0.47278737818945804,1,0.472787,1,ml_only,0,,,,,,,,1,identity_onboarding_fraud,synthetic_identity,IP velocity raises risk;customer account age lowers risk;customer decline history lowers risk
txn_093e94b370a7,0.7775845074303384,1,0.777585,1,ml_only,0,,,,,,,,1,identity_onboarding_fraud,synthetic_identity,IP velocity raises risk;customer account age lowers risk;customer decline history lowers risk
txn_2d22fc41ffb9,0.8099612833419856,1,0.809961,1,ml_only,0,,,,,,,,1,identity_onboarding_fraud,synthetic_identity,IP velocity raises risk;customer account age lowers risk;session velocity raises risk
txn_06cc6852c477,0.5231011788564467,1,0.523101,1,ml_only,0,,,,,,,,1,identity_onboarding_fraud,synthetic_identity,IP velocity raises risk;customer account age lowers risk;event_hour lowers risk
txn_a2e16981684d,0.8629742460047525,1,0.862974,1,ml_only,0,,,,,,,,1,identity_onboarding_fraud,synthetic_identity,IP velocity raises risk;customer account age lowers risk;high generated risk score raises risk
txn_eb5fb9257af0,0.9433359191887416,1,0.943336,1,ml_only,0,,,,,,,,1,identity_onboarding_fraud,synthetic_identity,IP velocity raises risk;customer account age lowers risk;session velocity raises risk
txn_fae77df9f07f,0.8289714555390908,1,0.828971,1,ml_only,0,,,,,,,,1,identity_onboarding_fraud,synthetic_identity,IP velocity raises risk;customer account age lowers risk;customer decline history lowers risk
txn_64f7b489a61a,0.9169472010465768,1,0.916947,1,ml_only,0,,,,,,,,1,identity_onboarding_fraud,synthetic_identity,IP velocity raises risk;customer account age lowers risk;customer decline history lowers risk
txn_e5c783546132,0.9677034684335087,1,0.967703,1,ml_only,0,,,,,,,,1,identity_onboarding_fraud,synthetic_identity,IP velocity raises risk;customer account age lowers risk;session velocity raises risk
txn_3f846b02e49f,0.16007990069465017,0,0.16008,0,ml_only,0,,,,,,,,1,identity_onboarding_fraud,synthetic_business,customer payment cadence lowers risk;merchant chargeback behavior lowers risk;session velocity lowers risk
txn_3318f2c40111,0.7952294481612828,1,0.795229,1,ml_only,0,,,,,,,,1,identity_onboarding_fraud,synthetic_business,IP velocity raises risk;high generated risk score raises risk;merchant chargeback behavior lowers risk
txn_5276dab064f1,0.9287937760429528,1,0.928794,1,ml_only,0,,,,,,,,1,identity_onboarding_fraud,synthetic_business,IP velocity raises risk;session velocity raises risk;merchant chargeback behavior lowers risk
txn_b9b61afe4c23,0.8809173242347434,1,0.880917,1,ml_only,0,,,,,,,,1,identity_onboarding_fraud,synthetic_business,IP velocity raises risk;high generated risk score raises risk;merchant chargeback behavior lowers risk
txn_a2c1fc8ec58b,0.8995241991503455,1,0.899524,1,ml_only,0,,,,,,,,1,identity_onboarding_fraud,synthetic_business,IP velocity raises risk;merchant chargeback behavior lowers risk;customer payment cadence raises risk
txn_cfdd34f49ebd,0.9469229267329886,1,0.946923,1,ml_only,0,,,,,,,,1,identity_onboarding_fraud,synthetic_business,IP velocity raises risk;session velocity raises risk;merchant chargeback behavior lowers risk
txn_bb120c9076ec,0.8786433707023864,1,0.878643,1,ml_only,0,,,,,,,,1,identity_onboarding_fraud,synthetic_business,IP velocity raises risk;merchant chargeback behavior lowers risk;session velocity lowers risk
txn_a4636184bf5b,0.953776107963537,1,0.953776,1,ml_only,0,,,,,,,,1,identity_onboarding_fraud,synthetic_business,IP velocity raises risk;merchant chargeback behavior lowers risk;high generated risk score raises risk
txn_ad77e027f0b2,0.9687263990594108,1,0.968726,1,ml_only,0,,,,,,,,1,identity_onboarding_fraud,synthetic_business,IP velocity raises risk;session velocity raises risk;merchant chargeback behavior lowers risk
txn_143b4a249436,0.9393273916335785,1,0.939327,1,ml_only,0,,,,,,,,1,identity_onboarding_fraud,synthetic_business,IP velocity raises risk;merchant chargeback behavior lowers risk;session velocity lowers risk
txn_dc4ed3e3de92,0.8875621026996229,1,0.887562,1,ml_only,0,,,,,,,,1,identity_onboarding_fraud,synthetic_business,IP velocity raises risk;high generated risk score lowers risk;event_hour lowers risk
txn_a2a68655c14e,0.9712936524511482,1,0.971294,1,ml_only,0,,,,,,,,1,identity_onboarding_fraud,synthetic_business,IP velocity raises risk;session velocity raises risk;event_hour lowers risk
txn_18901ecfae86,0.9623452012212858,1,0.962345,1,ml_only,0,,,,,,,,1,identity_onboarding_fraud,synthetic_business,IP velocity raises risk;high generated risk score raises risk;merchant chargeback behavior lowers risk
txn_ad16b13225aa,0.9725762196343343,1,0.972576,1,ml_only,0,,,,,,,,1,identity_onboarding_fraud,synthetic_business,IP velocity raises risk;merchant chargeback behavior lowers risk;event_hour lowers risk
txn_958e67bd2471,0.8051212840985759,1,0.805121,1,ml_only,0,,,,,,,,1,merchant_ecosystem_abuse,bust_out_merchant,high generated risk score raises risk;customer payment cadence lowers risk;failed login activity raises risk
txn_b387368cf514,0.9674313379847659,1,0.967431,1,ml_only,0,,,,,,,,1,merchant_ecosystem_abuse,bust_out_merchant,high generated risk score raises risk;failed login activity raises risk;IP velocity raises risk
txn_f8566abe0c4f,0.974715049915184,1,0.974715,1,ml_only,0,,,,,,,,1,merchant_ecosystem_abuse,bust_out_merchant,session velocity raises risk;failed login activity raises risk;IP velocity raises risk
txn_7207dbd957a1,0.9677642293601518,1,0.967764,1,ml_only,0,,,,,,,,1,merchant_ecosystem_abuse,bust_out_merchant,IP velocity raises risk;high generated risk score raises risk;failed login activity raises risk
txn_1daf29d579f2,0.9846485371896826,1,0.984649,1,ml_only,0,,,,,,,,1,merchant_ecosystem_abuse,bust_out_merchant,IP velocity raises risk;failed login activity raises risk;merchant chargeback behavior lowers risk
txn_b59091e1d260,0.9964996578760842,1,0.9965,1,ml_only,0,,,,,,,,1,merchant_ecosystem_abuse,bust_out_merchant,IP velocity raises risk;session velocity raises risk;failed login activity raises risk
txn_50732af841e7,0.9851605401453711,1,0.985161,1,ml_only,0,,,,,,,,1,merchant_ecosystem_abuse,bust_out_merchant,IP velocity raises risk;failed login activity raises risk;session velocity lowers risk
txn_0dd765881ffa,0.9958670250246322,1,0.995867,1,ml_only,0,,,,,,,,1,merchant_ecosystem_abuse,bust_out_merchant,IP velocity raises risk;failed login activity raises risk;merchant chargeback behavior lowers risk
txn_2c4c8b611324,0.9990088913336647,1,0.999009,1,ml_only,0,,,,,,,,1,merchant_ecosystem_abuse,bust_out_merchant,IP velocity raises risk;session velocity raises risk;high generated risk score raises risk
txn_278c713b3052,0.996622106156928,1,0.996622,1,ml_only,0,,,,,,,,1,merchant_ecosystem_abuse,bust_out_merchant,IP velocity raises risk;failed login activity raises risk;session velocity lowers risk
txn_4cd721598669,0.9969810819678855,1,0.996981,1,ml_only,0,,,,,,,,1,merchant_ecosystem_abuse,bust_out_merchant,IP velocity raises risk;failed login activity raises risk;event_hour raises risk
txn_d0fd77c3c3c7,0.9954469830925147,1,0.995447,1,ml_only,0,,,,,,,,1,merchant_ecosystem_abuse,bust_out_merchant,IP velocity raises risk;session velocity raises risk;event_hour lowers risk
txn_d444d52be019,0.9832185359013051,1,0.983219,1,ml_only,0,,,,,,,,1,merchant_ecosystem_abuse,bust_out_merchant,IP velocity raises risk;event_hour lowers risk;failed login activity raises risk
txn_92564ca699db,0.9959011598336619,1,0.995901,1,ml_only,0,,,,,,,,1,merchant_ecosystem_abuse,bust_out_merchant,IP velocity raises risk;high generated risk score raises risk;failed login activity raises risk
txn_bc00d7b8fea7,0.9993449717860383,1,0.999345,1,ml_only,0,,,,,,,,1,merchant_ecosystem_abuse,bust_out_merchant,IP velocity raises risk;session velocity raises risk;high generated risk score raises risk
txn_ec6810904ca7,0.9973045732934297,1,0.997305,1,ml_only,0,,,,,,,,1,merchant_ecosystem_abuse,bust_out_merchant,IP velocity raises risk;high generated risk score raises risk;failed login activity raises risk
txn_91164474925c,0.9970770930898339,1,0.997077,1,ml_only,0,,,,,,,,1,merchant_ecosystem_abuse,bust_out_merchant,IP velocity raises risk;failed login activity raises risk;merchant chargeback behavior lowers risk
txn_0016d9acb6bc,0.9987455188930341,1,0.998746,1,ml_only,0,,,,,,,,1,merchant_ecosystem_abuse,bust_out_merchant,IP velocity raises risk;session velocity raises risk;high generated risk score raises risk
txn_afb32dfcf461,0.9931463538133525,1,0.993146,1,ml_only,0,,,,,,,,1,merchant_ecosystem_abuse,bust_out_merchant,IP velocity raises risk;high generated risk score raises risk;failed login activity raises risk
txn_0cd95d8013f9,0.9929490674377595,1,0.992949,1,ml_only,0,,,,,,,,1,merchant_ecosystem_abuse,bust_out_merchant,IP velocity raises risk;high generated risk score raises risk;failed login activity raises risk
txn_6b4c0ca86fd2,0.9963066125413222,1,0.996307,1,ml_only,0,,,,,,,,1,merchant_ecosystem_abuse,bust_out_merchant,IP velocity raises risk;session velocity raises risk;failed login activity raises risk
txn_24896e2dc993,0.9915503934053078,1,0.99155,1,ml_only,0,,,,,,,,1,merchant_ecosystem_abuse,bust_out_merchant,IP velocity raises risk;high generated risk score raises risk;failed login activity raises risk
txn_decf284a3517,0.9900654933688009,1,0.990065,1,ml_only,0,,,,,,,,1,merchant_ecosystem_abuse,bust_out_merchant,IP velocity raises risk;failed login activity raises risk;merchant chargeback behavior lowers risk
txn_65f23088883f,0.9938716954255095,1,0.993872,1,ml_only,0,,,,,,,,1,merchant_ecosystem_abuse,bust_out_merchant,IP velocity raises risk;session velocity raises risk;failed login activity raises risk
txn_881890244869,0.9550999619526669,1,0.9551,1,ml_only,0,,,,,,,,1,merchant_ecosystem_abuse,bust_out_merchant,IP velocity raises risk;failed login activity raises risk;session velocity lowers risk
txn_565d7c800515,0.982060046240741,1,0.98206,1,ml_only,0,,,,,,,,1,merchant_ecosystem_abuse,bust_out_merchant,IP velocity raises risk;failed login activity raises risk;merchant chargeback behavior lowers risk
txn_1ca06e66f975,0.9964397530589513,1,0.99644,1,ml_only,0,,,,,,,,1,merchant_ecosystem_abuse,bust_out_merchant,high generated risk score raises risk;session velocity raises risk;IP velocity raises risk
txn_d9a17755f7be,0.9029187125095222,1,0.902919,1,ml_only,0,,,,,,,,1,merchant_ecosystem_abuse,bust_out_merchant,IP velocity raises risk;failed login activity raises risk;session velocity lowers risk
txn_1007885bca46,0.9968116034004013,1,0.996812,1,ml_only,0,,,,,,,,1,merchant_ecosystem_abuse,bust_out_merchant,high generated risk score raises risk;IP velocity raises risk;failed login activity raises risk
txn_3d85fcd07502,0.9928362718835171,1,0.992836,1,ml_only,0,,,,,,,,1,merchant_ecosystem_abuse,bust_out_merchant,session velocity raises risk;IP velocity raises risk;failed login activity raises risk
txn_69ee08f66a6a,0.9784629449197902,1,0.978463,1,ml_only,0,,,,,,,,1,merchant_ecosystem_abuse,bust_out_merchant,IP velocity raises risk;failed login activity raises risk;session velocity lowers risk
txn_341c5c04b14b,0.9802204366264008,1,0.98022,1,ml_only,0,,,,,,,,1,merchant_ecosystem_abuse,bust_out_merchant,IP velocity raises risk;failed login activity raises risk;event_hour raises risk
txn_8a26b2c080c0,0.9678747589205001,1,0.967875,1,ml_only,0,,,,,,,,1,merchant_ecosystem_abuse,bust_out_merchant,session velocity raises risk;IP velocity raises risk;failed login activity raises risk
txn_27cc7b4a36fb,0.9358987432624454,1,0.935899,1,ml_only,0,,,,,,,,1,merchant_ecosystem_abuse,bust_out_merchant,IP velocity raises risk;failed login activity raises risk;session velocity lowers risk
txn_e3b5b2ae274d,0.9863135271314848,1,0.986314,1,ml_only,0,,,,,,,,1,merchant_ecosystem_abuse,bust_out_merchant,IP velocity raises risk;high generated risk score raises risk;failed login activity raises risk
txn_22e85d50dd33,0.9889058537195268,1,0.988906,1,ml_only,0,,,,,,,,1,merchant_ecosystem_abuse,bust_out_merchant,session velocity raises risk;IP velocity raises risk;failed login activity raises risk
txn_278e5f5044d2,0.9346724957662065,1,0.934672,1,ml_only,0,,,,,,,,1,merchant_ecosystem_abuse,bust_out_merchant,IP velocity raises risk;failed login activity raises risk;session velocity lowers risk
txn_2d61054fa6c8,0.9694314710824018,1,0.969431,1,ml_only,0,,,,,,,,1,merchant_ecosystem_abuse,bust_out_merchant,IP velocity raises risk;failed login activity raises risk;high generated risk score raises risk
txn_e11f1f19162e,0.9899317612549493,1,0.989932,1,ml_only,0,,,,,,,,1,merchant_ecosystem_abuse,bust_out_merchant,session velocity raises risk;IP velocity raises risk;high generated risk score raises risk
txn_b2c0bd65f44b,0.950165720356938,1,0.950166,1,ml_only,0,,,,,,,,1,merchant_ecosystem_abuse,bust_out_merchant,high generated risk score raises risk;failed login activity raises risk;IP velocity raises risk
txn_9c1419b3faf5,0.983513558665404,1,0.983514,1,ml_only,0,,,,,,,,1,merchant_ecosystem_abuse,bust_out_merchant,high generated risk score raises risk;failed login activity raises risk;IP velocity raises risk
txn_9cd227288657,0.9862811928552353,1,0.986281,1,ml_only,0,,,,,,,,1,merchant_ecosystem_abuse,bust_out_merchant,session velocity raises risk;high generated risk score raises risk;failed login activity raises risk
txn_f41fc1aff09a,0.9497975017060241,1,0.949798,1,ml_only,0,,,,,,,,1,merchant_ecosystem_abuse,bust_out_merchant,high generated risk score raises risk;failed login activity raises risk;IP velocity raises risk
txn_978cc20e3024,0.9787306194913468,1,0.978731,1,ml_only,0,,,,,,,,1,merchant_ecosystem_abuse,bust_out_merchant,failed login activity raises risk;IP velocity raises risk;merchant chargeback behavior lowers risk
txn_9fdc3eada63e,0.9909616962814721,1,0.990962,1,ml_only,0,,,,,,,,1,merchant_ecosystem_abuse,bust_out_merchant,session velocity raises risk;high generated risk score raises risk;failed login activity raises risk
txn_d44d8dcc23e0,0.9629466948433283,1,0.962947,1,ml_only,0,,,,,,,,1,merchant_ecosystem_abuse,bust_out_merchant,failed login activity raises risk;IP velocity raises risk;session velocity lowers risk
txn_783b44a456f6,0.9859235199030281,1,0.985924,1,ml_only,0,,,,,,,,1,merchant_ecosystem_abuse,bust_out_merchant,failed login activity raises risk;IP velocity raises risk;high generated risk score raises risk
txn_8bbf2db9c529,0.9915932583767725,1,0.991593,1,ml_only,0,,,,,,,,1,merchant_ecosystem_abuse,bust_out_merchant,session velocity raises risk;failed login activity raises risk;IP velocity raises risk
txn_a981948bbdcc,0.9755109238368284,1,0.975511,1,ml_only,0,,,,,,,,1,merchant_ecosystem_abuse,bust_out_merchant,high generated risk score raises risk;failed login activity raises risk;IP velocity raises risk
txn_d14a794b710c,0.984793134133329,1,0.984793,1,ml_only,0,,,,,,,,1,merchant_ecosystem_abuse,bust_out_merchant,high generated risk score raises risk;failed login activity raises risk;IP velocity raises risk
txn_badf1c729102,0.9862273786701942,1,0.986227,1,ml_only,0,,,,,,,,1,merchant_ecosystem_abuse,bust_out_merchant,session velocity raises risk;high generated risk score raises risk;event_hour lowers risk
txn_66574eabc44d,0.8121516051547724,1,0.812152,1,ml_only,0,,,,,,,,1,merchant_ecosystem_abuse,bust_out_merchant,event_hour lowers risk;failed login activity raises risk;IP velocity raises risk
txn_215449548d74,0.9771840035589604,1,0.977184,1,ml_only,0,,,,,,,,1,merchant_ecosystem_abuse,bust_out_merchant,high generated risk score raises risk;event_hour lowers risk;failed login activity raises risk
txn_d5bf051eb44d,0.9824377270677599,1,0.982438,1,ml_only,0,,,,,,,,1,merchant_ecosystem_abuse,bust_out_merchant,session velocity raises risk;high generated risk score raises risk;event_hour lowers risk
txn_7e65ab9e0050,0.9313933780478963,1,0.931393,1,ml_only,0,,,,,,,,1,merchant_ecosystem_abuse,bust_out_merchant,high generated risk score raises risk;event_hour lowers risk;failed login activity raises risk
txn_adfe7e22876f,0.9195629614376075,1,0.919563,1,ml_only,0,,,,,,,,1,merchant_ecosystem_abuse,bust_out_merchant,event_hour lowers risk;failed login activity raises risk;merchant chargeback behavior lowers risk
txn_a3bbdbc6d1c7,0.9774570778732485,1,0.977457,1,ml_only,0,,,,,,,,1,merchant_ecosystem_abuse,bust_out_merchant,session velocity raises risk;failed login activity raises risk;event_hour lowers risk
txn_4c01c3626248,0.9476332049845475,1,0.947633,1,ml_only,0,,,,,,,,1,merchant_ecosystem_abuse,bust_out_merchant,high generated risk score raises risk;failed login activity raises risk;session velocity lowers risk
txn_9b424abfdd89,0.9495470974552737,1,0.949547,1,ml_only,0,,,,,,,,1,merchant_ecosystem_abuse,bust_out_merchant,failed login activity raises risk;high generated risk score raises risk;event_hour lowers risk
txn_d0547409f6a1,0.9535472913060077,1,0.953547,1,ml_only,0,,,,,,,,1,merchant_ecosystem_abuse,bust_out_merchant,session velocity raises risk;failed login activity raises risk;merchant chargeback behavior lowers risk
txn_cc237955ea29,0.8983302638147784,1,0.89833,1,ml_only,0,,,,,,,,1,merchant_ecosystem_abuse,bust_out_merchant,failed login activity raises risk;session velocity lowers risk;merchant chargeback behavior lowers risk
txn_77ae205356cc,0.9384170781076038,1,0.938417,1,ml_only,0,,,,,,,,1,merchant_ecosystem_abuse,bust_out_merchant,failed login activity raises risk;merchant chargeback behavior lowers risk;device history raises risk
txn_4fc2ccf1952d,0.9475241068020317,1,0.947524,1,ml_only,0,,,,,,,,1,merchant_ecosystem_abuse,bust_out_merchant,session velocity raises risk;failed login activity raises risk;merchant chargeback behavior lowers risk
txn_c3dc891ca5ad,0.9446765934259903,1,0.944677,1,ml_only,0,,,,,,,,1,merchant_ecosystem_abuse,bust_out_merchant,high generated risk score raises risk;failed login activity raises risk;session velocity lowers risk
txn_41d4f60fb131,0.9722285398209684,1,0.972229,1,ml_only,0,,,,,,,,1,merchant_ecosystem_abuse,bust_out_merchant,failed login activity raises risk;merchant chargeback behavior lowers risk;high generated risk score raises risk
txn_34fa5a9596e9,0.9617158754905653,1,0.961716,1,ml_only,0,,,,,,,,1,merchant_ecosystem_abuse,bust_out_merchant,session velocity raises risk;failed login activity raises risk;merchant chargeback behavior lowers risk
txn_d82e6d01abdd,0.9442935318006814,1,0.944294,1,ml_only,0,,,,,,,,1,merchant_ecosystem_abuse,bust_out_merchant,high generated risk score raises risk;failed login activity raises risk;session velocity lowers risk
txn_d9f09cd1cb7a,0.9633778688322834,1,0.963378,1,ml_only,0,,,,,,,,1,merchant_ecosystem_abuse,bust_out_merchant,failed login activity raises risk;high generated risk score raises risk;merchant chargeback behavior lowers risk
txn_67c1ac0e37f1,0.9846628652995137,1,0.984663,1,ml_only,0,,,,,,,,1,merchant_ecosystem_abuse,bust_out_merchant,session velocity raises risk;failed login activity raises risk;merchant chargeback behavior lowers risk
txn_0a93132f4346,0.936870902852179,1,0.936871,1,ml_only,0,,,,,,,,1,merchant_ecosystem_abuse,bust_out_merchant,failed login activity raises risk;session velocity lowers risk;merchant chargeback behavior lowers risk
txn_6b0c0c306a4c,0.9745281797616998,1,0.974528,1,ml_only,0,,,,,,,,1,merchant_ecosystem_abuse,bust_out_merchant,high generated risk score raises risk;failed login activity raises risk;merchant chargeback behavior lowers risk
txn_a8f1883fe5b1,0.9776129541654537,1,0.977613,1,ml_only,0,,,,,,,,1,merchant_ecosystem_abuse,bust_out_merchant,session velocity raises risk;failed login activity raises risk;merchant chargeback behavior lowers risk
txn_14c6cd015fce,0.9360601204905165,1,0.93606,1,ml_only,0,,,,,,,,1,merchant_ecosystem_abuse,bust_out_merchant,high generated risk score raises risk;failed login activity raises risk;session velocity lowers risk
txn_e58f49de2844,0.9375503273518351,1,0.93755,1,ml_only,0,,,,,,,,1,merchant_ecosystem_abuse,bust_out_merchant,failed login activity raises risk;merchant chargeback behavior lowers risk;device history raises risk
txn_f06788d38a75,0.9650497067902107,1,0.96505,1,ml_only,0,,,,,,,,1,merchant_ecosystem_abuse,bust_out_merchant,session velocity raises risk;failed login activity raises risk;merchant chargeback behavior lowers risk
txn_dece54413bc5,0.9349124493722961,1,0.934912,1,ml_only,0,,,,,,,,1,merchant_ecosystem_abuse,bust_out_merchant,failed login activity raises risk;session velocity lowers risk;merchant chargeback behavior lowers risk
txn_93cecbf37589,0.9770926711057573,1,0.977093,1,ml_only,0,,,,,,,,1,merchant_ecosystem_abuse,bust_out_merchant,high generated risk score raises risk;failed login activity raises risk;merchant chargeback behavior lowers risk
txn_31ae10c870cc,0.9788906311005707,1,0.978891,1,ml_only,0,,,,,,,,1,merchant_ecosystem_abuse,bust_out_merchant,session velocity raises risk;failed login activity raises risk;high generated risk score raises risk
txn_84a97c4b9ca8,0.9572268448696376,1,0.957227,1,ml_only,0,,,,,,,,1,merchant_ecosystem_abuse,bust_out_merchant,high generated risk score raises risk;failed login activity raises risk;session velocity lowers risk
txn_5e214b4f9a57,0.9740356315786175,1,0.974036,1,ml_only,0,,,,,,,,1,merchant_ecosystem_abuse,bust_out_merchant,high generated risk score raises risk;failed login activity raises risk;event_hour raises risk
txn_1c83f6159fd8,0.9835867917452997,1,0.983587,1,ml_only,0,,,,,,,,1,merchant_ecosystem_abuse,bust_out_merchant,session velocity raises risk;failed login activity raises risk;event_hour raises risk
txn_eb6d2f344a8e,0.8105089111917112,1,0.810509,1,ml_only,0,,,,,,,,1,merchant_ecosystem_abuse,bust_out_merchant,event_hour lowers risk;failed login activity raises risk;session velocity lowers risk
txn_d7b458b76e2e,0.9218516055336687,1,0.921852,1,ml_only,0,,,,,,,,1,merchant_ecosystem_abuse,bust_out_merchant,failed login activity raises risk;merchant chargeback behavior lowers risk;event_hour lowers risk
txn_d43b3b9a7e8f,0.9762836649332695,1,0.976284,1,ml_only,0,,,,,,,,1,merchant_ecosystem_abuse,bust_out_merchant,session velocity raises risk;failed login activity raises risk;high generated risk score raises risk
txn_55c290fbae32,0.9407556635826071,1,0.940756,1,ml_only,0,,,,,,,,1,merchant_ecosystem_abuse,bust_out_merchant,high generated risk score raises risk;failed login activity raises risk;session velocity lowers risk
txn_8a86efe06f69,0.8734236534576458,1,0.873424,1,ml_only,0,,,,,,,,1,merchant_ecosystem_abuse,bust_out_merchant,failed login activity raises risk;merchant chargeback behavior lowers risk;device history raises risk
txn_32185b95cde0,0.9767288857707473,1,0.976729,1,ml_only,0,,,,,,,,1,merchant_ecosystem_abuse,bust_out_merchant,session velocity raises risk;high generated risk score raises risk;failed login activity raises risk
txn_3603d7b06dc7,0.9283381669597418,1,0.928338,1,ml_only,0,,,,,,,,1,merchant_ecosystem_abuse,bust_out_merchant,high generated risk score raises risk;failed login activity raises risk;session velocity lowers risk
txn_1aa266c24619,0.8922444506549886,1,0.892244,1,ml_only,0,,,,,,,,1,merchant_ecosystem_abuse,bust_out_merchant,failed login activity raises risk;merchant chargeback behavior lowers risk;device history raises risk
txn_e2c453a9adb1,0.9741016269515316,1,0.974102,1,ml_only,0,,,,,,,,1,merchant_ecosystem_abuse,bust_out_merchant,session velocity raises risk;failed login activity raises risk;high generated risk score raises risk
txn_d490beec6fa9,0.8432897816817033,1,0.84329,1,ml_only,0,,,,,,,,1,merchant_ecosystem_abuse,bust_out_merchant,failed login activity raises risk;session velocity lowers risk;merchant chargeback behavior lowers risk
txn_8158bd280459,0.9439804333819188,1,0.94398,1,ml_only,0,,,,,,,,1,merchant_ecosystem_abuse,bust_out_merchant,failed login activity raises risk;merchant chargeback behavior lowers risk;device history raises risk
txn_45ced754708a,0.9616605211091092,1,0.961661,1,ml_only,0,,,,,,,,1,merchant_ecosystem_abuse,bust_out_merchant,session velocity raises risk;failed login activity raises risk;merchant chargeback behavior lowers risk
txn_956832c0a456,0.8659621315980576,1,0.865962,1,ml_only,0,,,,,,,,1,merchant_ecosystem_abuse,bust_out_merchant,failed login activity raises risk;session velocity lowers risk;merchant chargeback behavior lowers risk
txn_3fe820c8b524,0.9478089325150715,1,0.947809,1,ml_only,0,,,,,,,,1,merchant_ecosystem_abuse,bust_out_merchant,failed login activity raises risk;merchant chargeback behavior lowers risk;device history raises risk
txn_26a6ba79c527,0.9744601066397868,1,0.97446,1,ml_only,0,,,,,,,,1,merchant_ecosystem_abuse,bust_out_merchant,session velocity raises risk;high generated risk score raises risk;failed login activity raises risk
txn_069dc2777543,0.9554726232574194,1,0.955473,1,ml_only,0,,,,,,,,1,merchant_ecosystem_abuse,bust_out_merchant,high generated risk score raises risk;failed login activity raises risk;session velocity lowers risk
txn_788572eafc45,0.9507184651495064,1,0.950718,1,ml_only,0,,,,,,,,1,merchant_ecosystem_abuse,bust_out_merchant,failed login activity raises risk;high generated risk score raises risk;merchant chargeback behavior lowers risk
txn_38cc092334fc,0.9756801092764606,1,0.97568,1,ml_only,0,,,,,,,,1,merchant_ecosystem_abuse,bust_out_merchant,session velocity raises risk;failed login activity raises risk;merchant chargeback behavior lowers risk
txn_9c389bab88e2,0.9241712750870236,1,0.924171,1,ml_only,0,,,,,,,,1,merchant_ecosystem_abuse,bust_out_merchant,failed login activity raises risk;session velocity lowers risk;merchant chargeback behavior lowers risk
txn_dec298ac867c,0.9673227696698967,1,0.967323,1,ml_only,0,,,,,,,,1,merchant_ecosystem_abuse,bust_out_merchant,failed login activity raises risk;high generated risk score raises risk;merchant chargeback behavior lowers risk
txn_df0009d74fd7,0.98201706619601,1,0.982017,1,ml_only,0,,,,,,,,1,merchant_ecosystem_abuse,bust_out_merchant,session velocity raises risk;failed login activity raises risk;merchant chargeback behavior lowers risk
txn_3c23b2ef6bb0,0.9434631665352287,1,0.943463,1,ml_only,0,,,,,,,,1,merchant_ecosystem_abuse,bust_out_merchant,failed login activity raises risk;session velocity lowers risk;merchant chargeback behavior lowers risk
txn_c539a6bfb711,0.970508221813791,1,0.970508,1,ml_only,0,,,,,,,,1,merchant_ecosystem_abuse,bust_out_merchant,failed login activity raises risk;high generated risk score raises risk;merchant chargeback behavior lowers risk
txn_15e0eb5d3b70,0.9790138575427008,1,0.979014,1,ml_only,0,,,,,,,,1,merchant_ecosystem_abuse,bust_out_merchant,session velocity raises risk;failed login activity raises risk;merchant chargeback behavior lowers risk
txn_d99b57e8347a,0.9451230893092687,1,0.945123,1,ml_only,0,,,,,,,,1,merchant_ecosystem_abuse,bust_out_merchant,high generated risk score raises risk;failed login activity raises risk;session velocity lowers risk
txn_e4c4be30410b,0.8896989386536305,1,0.889699,1,ml_only,0,,,,,,,,1,merchant_ecosystem_abuse,bust_out_merchant,failed login activity raises risk;event_hour lowers risk;merchant chargeback behavior lowers risk
txn_3fb5849c07c1,0.914359528446048,1,0.91436,1,ml_only,0,,,,,,,,1,merchant_ecosystem_abuse,bust_out_merchant,session velocity raises risk;failed login activity raises risk;high generated risk score lowers risk
txn_2666f287137d,0.7942516041433667,1,0.794252,1,ml_only,0,,,,,,,,1,merchant_ecosystem_abuse,gift_card_abuse,high generated risk score raises risk;customer payment cadence lowers risk;session velocity lowers risk
txn_87f7cb718fac,0.9642523471698194,1,0.964252,1,ml_only,0,,,,,,,,1,merchant_ecosystem_abuse,gift_card_abuse,high generated risk score raises risk;amount deviation from customer history lowers risk;customer_historical_spend_mean lowers risk
txn_75527c2c8fe9,0.9855520078187735,1,0.985552,1,ml_only,0,,,,,,,,1,merchant_ecosystem_abuse,gift_card_abuse,session velocity raises risk;customer_historical_spend_mean lowers risk;payment_method_type_code raises risk
txn_85d0ac8e45a5,0.8884073281070651,1,0.888407,1,ml_only,0,,,,,,,,1,merchant_ecosystem_abuse,gift_card_abuse,high generated risk score lowers risk;IP velocity raises risk;session velocity lowers risk
txn_8371fd9f5165,0.978776965992702,1,0.978777,1,ml_only,0,,,,,,,,1,merchant_ecosystem_abuse,gift_card_abuse,IP velocity raises risk;customer_historical_spend_mean lowers risk;payment_method_type_code raises risk
txn_f87070959691,0.9839743856704272,1,0.983974,1,ml_only,0,,,,,,,,1,merchant_ecosystem_abuse,gift_card_abuse,IP velocity raises risk;session velocity raises risk;high generated risk score lowers risk
txn_eeff3e52cbd4,0.9353324611005123,1,0.935332,1,ml_only,0,,,,,,,,1,merchant_ecosystem_abuse,gift_card_abuse,IP velocity raises risk;session velocity lowers risk;customer_historical_spend_mean lowers risk
txn_3b23f6808d47,0.9834004922278393,1,0.9834,1,ml_only,0,,,,,,,,1,merchant_ecosystem_abuse,gift_card_abuse,IP velocity raises risk;high generated risk score lowers risk;customer_historical_spend_mean lowers risk
txn_b9f21fa0096b,0.9953978856563532,1,0.995398,1,ml_only,0,,,,,,,,1,merchant_ecosystem_abuse,gift_card_abuse,IP velocity raises risk;session velocity raises risk;customer_historical_spend_mean lowers risk
txn_bb3e5e5ec8b4,0.9886991026336326,1,0.988699,1,ml_only,0,,,,,,,,1,merchant_ecosystem_abuse,gift_card_abuse,IP velocity raises risk;session velocity lowers risk;customer_historical_spend_mean lowers risk
txn_f58d24d84d12,0.9969955638609185,1,0.996996,1,ml_only,0,,,,,,,,1,merchant_ecosystem_abuse,gift_card_abuse,IP velocity raises risk;high generated risk score raises risk;event_hour raises risk
txn_775e18c8b637,0.9958080686770177,1,0.995808,1,ml_only,0,,,,,,,,1,merchant_ecosystem_abuse,gift_card_abuse,IP velocity raises risk;session velocity raises risk;event_hour lowers risk
txn_32428482df2d,0.97067432138685,1,0.970674,1,ml_only,0,,,,,,,,1,merchant_ecosystem_abuse,gift_card_abuse,IP velocity raises risk;event_hour lowers risk;session velocity lowers risk
txn_acada16d602d,0.9929655291790853,1,0.992966,1,ml_only,0,,,,,,,,1,merchant_ecosystem_abuse,gift_card_abuse,IP velocity raises risk;customer_historical_spend_mean lowers risk;event_hour lowers risk
txn_e3768e57d973,0.996676832615182,1,0.996677,1,ml_only,0,,,,,,,,1,merchant_ecosystem_abuse,gift_card_abuse,IP velocity raises risk;session velocity raises risk;customer_historical_spend_mean lowers risk
txn_d219076cdb41,0.9799072004410951,1,0.979907,1,ml_only,0,,,,,,,,1,merchant_ecosystem_abuse,gift_card_abuse,IP velocity raises risk;session velocity lowers risk;customer_historical_spend_mean lowers risk
txn_ee93ef06bef2,0.9889460061383504,1,0.988946,1,ml_only,0,,,,,,,,1,merchant_ecosystem_abuse,gift_card_abuse,IP velocity raises risk;customer_historical_spend_mean lowers risk;payment_method_type_code raises risk
txn_2efcb10ee2dc,0.9906451909363633,1,0.990645,1,ml_only,0,,,,,,,,1,merchant_ecosystem_abuse,gift_card_abuse,IP velocity raises risk;session velocity raises risk;customer_historical_spend_mean lowers risk
txn_713d295b84bc,0.9361305162214552,1,0.936131,1,ml_only,0,,,,,,,,1,merchant_ecosystem_abuse,gift_card_abuse,IP velocity raises risk;high generated risk score lowers risk;session velocity lowers risk
txn_6b15fcccf90d,0.9876281888289585,1,0.987628,1,ml_only,0,,,,,,,,1,merchant_ecosystem_abuse,gift_card_abuse,IP velocity raises risk;high generated risk score raises risk;customer_historical_spend_mean lowers risk
txn_65b86d6ad298,0.9830921994869086,1,0.983092,1,ml_only,0,,,,,,,,1,merchant_ecosystem_abuse,gift_card_abuse,IP velocity raises risk;session velocity raises risk;customer_historical_spend_mean lowers risk
txn_774fb015ff97,0.9531144340993148,1,0.953114,1,ml_only,0,,,,,,,,1,merchant_ecosystem_abuse,gift_card_abuse,IP velocity raises risk;session velocity lowers risk;customer_historical_spend_mean lowers risk
txn_c8b2f88df0f0,0.8609932654015165,1,0.860993,1,ml_only,0,,,,,,,,1,merchant_ecosystem_abuse,gift_card_abuse,high generated risk score lowers risk;customer_historical_spend_mean lowers risk;payment_method_type_code raises risk
txn_4463c01c0452,0.9630294484972127,1,0.963029,1,ml_only,0,,,,,,,,1,merchant_ecosystem_abuse,gift_card_abuse,session velocity raises risk;customer_historical_spend_mean lowers risk;payment_method_type_code raises risk
txn_fca73faa16bd,0.9570553547722268,1,0.957055,1,ml_only,0,,,,,,,,1,merchant_ecosystem_abuse,gift_card_abuse,IP velocity raises risk;high generated risk score raises risk;session velocity lowers risk
txn_864305680fe1,0.9489055134230904,1,0.948906,1,ml_only,0,,,,,,,,1,merchant_ecosystem_abuse,gift_card_abuse,customer_historical_spend_mean lowers risk;payment_method_type_code raises risk;device history raises risk
txn_f55003a040cd,0.9792468591020738,1,0.979247,1,ml_only,0,,,,,,,,1,merchant_ecosystem_abuse,gift_card_abuse,session velocity raises risk;customer_historical_spend_mean lowers risk;payment_method_type_code raises risk
txn_017a0252ae51,0.8816527738974641,1,0.881653,1,ml_only,0,,,,,,,,1,merchant_ecosystem_abuse,gift_card_abuse,session velocity lowers risk;customer_historical_spend_mean lowers risk;payment_method_type_code raises risk
txn_19a22a9bfb69,0.9244380742792465,1,0.924438,1,ml_only,0,,,,,,,,1,merchant_ecosystem_abuse,gift_card_abuse,high generated risk score lowers risk;customer_historical_spend_mean lowers risk;payment_method_type_code raises risk
txn_1e17b8786bb2,0.9789701512711283,1,0.97897,1,ml_only,0,,,,,,,,1,merchant_ecosystem_abuse,gift_card_abuse,session velocity raises risk;customer_historical_spend_mean lowers risk;payment_method_type_code raises risk
txn_c2b94f86e2bc,0.8350721496617267,1,0.835072,1,ml_only,0,,,,,,,,1,merchant_ecosystem_abuse,gift_card_abuse,high generated risk score lowers risk;session velocity lowers risk;customer_historical_spend_mean lowers risk
txn_72dd9fb0b664,0.9486445286150884,1,0.948645,1,ml_only,0,,,,,,,,1,merchant_ecosystem_abuse,gift_card_abuse,customer_historical_spend_mean lowers risk;payment_method_type_code raises risk;device history raises risk
txn_d5519c2f5ce5,0.9797795592920711,1,0.97978,1,ml_only,0,,,,,,,,1,merchant_ecosystem_abuse,gift_card_abuse,session velocity raises risk;customer_historical_spend_mean lowers risk;payment_method_type_code raises risk
txn_759c02601247,0.9390105957245916,1,0.939011,1,ml_only,0,,,,,,,,1,merchant_ecosystem_abuse,gift_card_abuse,session velocity lowers risk;customer_historical_spend_mean lowers risk;payment_method_type_code raises risk
txn_40b26314a325,0.9755100280699951,1,0.97551,1,ml_only,0,,,,,,,,1,merchant_ecosystem_abuse,gift_card_abuse,high generated risk score raises risk;customer_historical_spend_mean lowers risk;payment_method_type_code raises risk
txn_823ccf3896e5,0.9890387612189968,1,0.989039,1,ml_only,0,,,,,,,,1,merchant_ecosystem_abuse,gift_card_abuse,session velocity raises risk;customer_historical_spend_mean lowers risk;payment_method_type_code raises risk
txn_6fe473994fd2,0.947737485702348,1,0.947737,1,ml_only,0,,,,,,,,1,merchant_ecosystem_abuse,gift_card_abuse,session velocity lowers risk;customer_historical_spend_mean lowers risk;high generated risk score raises risk
txn_da5ebd1053c8,0.9683214609477837,1,0.968321,1,ml_only,0,,,,,,,,1,merchant_ecosystem_abuse,gift_card_abuse,customer_historical_spend_mean lowers risk;payment_method_type_code raises risk;device history raises risk
txn_56321391b1d8,0.9788803223209128,1,0.97888,1,ml_only,0,,,,,,,,1,merchant_ecosystem_abuse,gift_card_abuse,session velocity raises risk;customer_historical_spend_mean lowers risk;payment_method_type_code raises risk
txn_cb0f8329a579,0.9076370268968397,1,0.907637,1,ml_only,0,,,,,,,,1,merchant_ecosystem_abuse,gift_card_abuse,session velocity lowers risk;customer_historical_spend_mean lowers risk;payment_method_type_code raises risk
txn_4f3f85c3f341,0.9467566143613289,1,0.946757,1,ml_only,0,,,,,,,,1,merchant_ecosystem_abuse,gift_card_abuse,event_hour raises risk;customer_historical_spend_mean lowers risk;payment_method_type_code raises risk
txn_727abdccff34,0.9176313715390669,1,0.917631,1,ml_only,0,,,,,,,,1,merchant_ecosystem_abuse,gift_card_abuse,session velocity raises risk;high generated risk score lowers risk;event_hour lowers risk
txn_26e4b5e05110,0.8599689589727899,1,0.859969,1,ml_only,0,,,,,,,,1,merchant_ecosystem_abuse,gift_card_abuse,event_hour lowers risk;session velocity lowers risk;customer_historical_spend_mean lowers risk
txn_8d987db224b3,0.9630213379051712,1,0.963021,1,ml_only,0,,,,,,,,1,merchant_ecosystem_abuse,gift_card_abuse,high generated risk score raises risk;customer_historical_spend_mean lowers risk;event_hour lowers risk
txn_51a826b3d876,0.9170016097696161,1,0.917002,1,ml_only,0,,,,,,,,1,merchant_ecosystem_abuse,gift_card_abuse,session velocity raises risk;high generated risk score lowers risk;customer_historical_spend_mean lowers risk
txn_fc958c382aac,0.8853624181567163,1,0.885362,1,ml_only,0,,,,,,,,1,merchant_ecosystem_abuse,gift_card_abuse,high generated risk score raises risk;session velocity lowers risk;customer_historical_spend_mean lowers risk
txn_8a6e90d3a90e,0.9133955020356325,1,0.913396,1,ml_only,0,,,,,,,,1,merchant_ecosystem_abuse,gift_card_abuse,customer_historical_spend_mean lowers risk;payment_method_type_code raises risk;device history raises risk
txn_f88bbe56a2ae,0.9611157836639226,1,0.961116,1,ml_only,0,,,,,,,,1,merchant_ecosystem_abuse,gift_card_abuse,session velocity raises risk;customer_historical_spend_mean lowers risk;payment_method_type_code raises risk
txn_3ceaa6f40cae,0.7892382909781769,1,0.789238,1,ml_only,0,,,,,,,,1,merchant_ecosystem_abuse,gift_card_abuse,high generated risk score lowers risk;session velocity lowers risk;customer_historical_spend_mean lowers risk
txn_0d5ad84ab940,0.9324705554833839,1,0.932471,1,ml_only,0,,,,,,,,1,merchant_ecosystem_abuse,gift_card_abuse,high generated risk score lowers risk;customer_historical_spend_mean lowers risk;payment_method_type_code raises risk
txn_9c8e9aa8d5e1,0.972768329382405,1,0.972768,1,ml_only,0,,,,,,,,1,merchant_ecosystem_abuse,gift_card_abuse,session velocity raises risk;customer_historical_spend_mean lowers risk;payment_method_type_code raises risk
txn_992c1bd8b0d6,0.8573072254789155,1,0.857307,1,ml_only,0,,,,,,,,1,merchant_ecosystem_abuse,gift_card_abuse,session velocity lowers risk;customer_historical_spend_mean lowers risk;payment_method_type_code raises risk
txn_465eef4318b6,0.7477877826823383,1,0.747788,1,ml_only,0,,,,,,,,1,merchant_ecosystem_abuse,mule_laundering,customer payment cadence lowers risk;payment_method_type_code lowers risk;session velocity lowers risk
txn_8e9c297d2deb,0.9860908976219881,1,0.986091,1,ml_only,0,,,,,,,,1,merchant_ecosystem_abuse,mule_laundering,payment_method_type_code lowers risk;IP velocity raises risk;transaction_type_code raises risk
txn_16a4c544b5dc,0.9929235526812792,1,0.992924,1,ml_only,0,,,,,,,,1,merchant_ecosystem_abuse,mule_laundering,session velocity raises risk;IP velocity raises risk;payment_method_type_code lowers risk
txn_0a72658d9d16,0.9912140202497209,1,0.991214,1,ml_only,0,,,,,,,,1,merchant_ecosystem_abuse,mule_laundering,IP velocity raises risk;high generated risk score raises risk;payment_method_type_code lowers risk
txn_7f83b2e4eb6c,0.9825330146817325,1,0.982533,1,ml_only,0,,,,,,,,1,merchant_ecosystem_abuse,mule_laundering,payment_method_type_code lowers risk;IP velocity raises risk;transaction_type_code raises risk
txn_1168ddbe96b6,0.9972288636076385,1,0.997229,1,ml_only,0,,,,,,,,1,merchant_ecosystem_abuse,mule_laundering,IP velocity raises risk;session velocity raises risk;payment_method_type_code lowers risk
txn_dbbffa16837d,0.992922448949282,1,0.992922,1,ml_only,0,,,,,,,,1,merchant_ecosystem_abuse,mule_laundering,IP velocity raises risk;payment_method_type_code lowers risk;session velocity lowers risk
txn_c4669809ccf0,0.995592835380878,1,0.995593,1,ml_only,0,,,,,,,,1,merchant_ecosystem_abuse,mule_laundering,IP velocity raises risk;payment_method_type_code lowers risk;transaction_type_code raises risk
txn_d7624760f32b,0.9976505040610377,1,0.997651,1,ml_only,0,,,,,,,,1,merchant_ecosystem_abuse,mule_laundering,IP velocity raises risk;session velocity raises risk;payment_method_type_code lowers risk
txn_c390ecb1e220,0.9883741010765732,1,0.988374,1,ml_only,0,,,,,,,,1,merchant_ecosystem_abuse,mule_laundering,IP velocity raises risk;payment_method_type_code lowers risk;session velocity lowers risk
txn_88b458be1c8c,0.9980285153715159,1,0.998029,1,ml_only,0,,,,,,,,1,merchant_ecosystem_abuse,mule_laundering,IP velocity raises risk;payment_method_type_code lowers risk;transaction_type_code raises risk
txn_93c03e76a502,0.9982295869946818,1,0.99823,1,ml_only,0,,,,,,,,1,merchant_ecosystem_abuse,mule_laundering,IP velocity raises risk;session velocity raises risk;payment_method_type_code lowers risk
txn_621eaa53e187,0.9980947026444464,1,0.998095,1,ml_only,0,,,,,,,,1,merchant_ecosystem_abuse,mule_laundering,IP velocity raises risk;payment_method_type_code lowers risk;session velocity lowers risk
txn_a7d68ed76070,0.9978616476898469,1,0.997862,1,ml_only,0,,,,,,,,1,merchant_ecosystem_abuse,mule_laundering,IP velocity raises risk;payment_method_type_code lowers risk;transaction_type_code raises risk
txn_19a981e033bc,0.9993101548397244,1,0.99931,1,ml_only,0,,,,,,,,1,merchant_ecosystem_abuse,mule_laundering,IP velocity raises risk;session velocity raises risk;high generated risk score raises risk
txn_1a03f88aa419,0.9926293338247603,1,0.992629,1,ml_only,0,,,,,,,,1,merchant_ecosystem_abuse,mule_laundering,IP velocity raises risk;payment_method_type_code lowers risk;session velocity lowers risk
txn_2d0fdd568308,0.9989941022526617,1,0.998994,1,ml_only,0,,,,,,,,1,merchant_ecosystem_abuse,mule_laundering,IP velocity raises risk;high generated risk score raises risk;payment_method_type_code lowers risk
txn_374a19c6a00c,0.9993476003645321,1,0.999348,1,ml_only,0,,,,,,,,1,merchant_ecosystem_abuse,mule_laundering,IP velocity raises risk;session velocity raises risk;high generated risk score raises risk
txn_3f19e1d578d2,0.9953945280446695,1,0.995395,1,ml_only,0,,,,,,,,1,merchant_ecosystem_abuse,mule_laundering,IP velocity raises risk;payment_method_type_code lowers risk;session velocity lowers risk
txn_1fc533e0f865,0.9925936651083955,1,0.992594,1,ml_only,0,,,,,,,,1,merchant_ecosystem_abuse,mule_laundering,IP velocity raises risk;event_hour lowers risk;payment_method_type_code lowers risk
txn_4cdce24791f5,0.9979352021894002,1,0.997935,1,ml_only,0,,,,,,,,1,merchant_ecosystem_abuse,mule_laundering,IP velocity raises risk;session velocity raises risk;event_hour lowers risk
txn_883ec9f299a7,0.9786251915962475,1,0.978625,1,ml_only,0,,,,,,,,1,merchant_ecosystem_abuse,mule_laundering,IP velocity raises risk;payment_method_type_code lowers risk;event_hour lowers risk
txn_ef733b11b531,0.9869208526054004,1,0.986921,1,ml_only,0,,,,,,,,1,merchant_ecosystem_abuse,mule_laundering,IP velocity raises risk;payment_method_type_code lowers risk;transaction_type_code raises risk
txn_3aedc7985389,0.9946552184153057,1,0.994655,1,ml_only,0,,,,,,,,1,merchant_ecosystem_abuse,mule_laundering,IP velocity raises risk;session velocity raises risk;payment_method_type_code lowers risk
txn_65bf5f9f49cd,0.9791319429391718,1,0.979132,1,ml_only,0,,,,,,,,1,merchant_ecosystem_abuse,mule_laundering,IP velocity raises risk;payment_method_type_code lowers risk;session velocity lowers risk
txn_0ea017ff7908,0.9906926129323419,1,0.990693,1,ml_only,0,,,,,,,,1,merchant_ecosystem_abuse,mule_laundering,IP velocity raises risk;payment_method_type_code lowers risk;transaction_type_code raises risk
txn_f6966fd6acb0,0.9977946861575452,1,0.997795,1,ml_only,0,,,,,,,,1,merchant_ecosystem_abuse,mule_laundering,IP velocity raises risk;session velocity raises risk;high generated risk score raises risk
txn_e1b0159eee1a,0.9652603046697569,1,0.96526,1,ml_only,0,,,,,,,,1,merchant_ecosystem_abuse,mule_laundering,IP velocity raises risk;payment_method_type_code lowers risk;high generated risk score lowers risk
txn_31fe4b3e95e4,0.9957139468236632,1,0.995714,1,ml_only,0,,,,,,,,1,merchant_ecosystem_abuse,mule_laundering,IP velocity raises risk;payment_method_type_code lowers risk;transaction_type_code raises risk
txn_e4216874dd8f,0.9982641278625526,1,0.998264,1,ml_only,0,,,,,,,,1,merchant_ecosystem_abuse,mule_laundering,IP velocity raises risk;session velocity raises risk;payment_method_type_code lowers risk
txn_cf26de9b906f,0.9912557235956295,1,0.991256,1,ml_only,0,,,,,,,,1,merchant_ecosystem_abuse,mule_laundering,IP velocity raises risk;payment_method_type_code lowers risk;session velocity lowers risk
txn_9c5949a724f7,0.9915687300640714,1,0.991569,1,ml_only,0,,,,,,,,1,merchant_ecosystem_abuse,mule_laundering,IP velocity raises risk;payment_method_type_code lowers risk;transaction_type_code raises risk
txn_cae0346fb659,0.9972028385407675,1,0.997203,1,ml_only,0,,,,,,,,1,merchant_ecosystem_abuse,mule_laundering,IP velocity raises risk;session velocity raises risk;payment_method_type_code lowers risk
txn_945de28dbd99,0.9879702509536323,1,0.98797,1,ml_only,0,,,,,,,,1,merchant_ecosystem_abuse,mule_laundering,IP velocity raises risk;payment_method_type_code lowers risk;session velocity lowers risk
txn_d230962349aa,0.9939081923078023,1,0.993908,1,ml_only,0,,,,,,,,1,merchant_ecosystem_abuse,mule_laundering,IP velocity raises risk;payment_method_type_code lowers risk;transaction_type_code raises risk
txn_9784a169ca70,0.9970420410254309,1,0.997042,1,ml_only,0,,,,,,,,1,merchant_ecosystem_abuse,mule_laundering,IP velocity raises risk;session velocity raises risk;payment_method_type_code lowers risk
txn_bd6cddef95fd,0.9635411496251214,1,0.963541,1,ml_only,0,,,,,,,,1,merchant_ecosystem_abuse,mule_laundering,IP velocity raises risk;event_hour lowers risk;payment_method_type_code lowers risk
txn_b45781c71935,0.9796823880435261,1,0.979682,1,ml_only,0,,,,,,,,1,merchant_ecosystem_abuse,mule_laundering,IP velocity raises risk;high generated risk score lowers risk;payment_method_type_code lowers risk
txn_e44047493d6d,0.9830386310879765,1,0.983039,1,ml_only,0,,,,,,,,1,merchant_ecosystem_abuse,mule_laundering,IP velocity raises risk;session velocity raises risk;high generated risk score lowers risk
txn_d9749426026d,0.9724766273399447,1,0.972477,1,ml_only,0,,,,,,,,1,merchant_ecosystem_abuse,mule_laundering,IP velocity raises risk;payment_method_type_code lowers risk;session velocity lowers risk
txn_a10a61f8680a,0.9938530698625835,1,0.993853,1,ml_only,0,,,,,,,,1,merchant_ecosystem_abuse,mule_laundering,IP velocity raises risk;high generated risk score raises risk;payment_method_type_code lowers risk
txn_8ccf16760d5a,0.9886007690072208,1,0.988601,1,ml_only,0,,,,,,,,1,merchant_ecosystem_abuse,mule_laundering,IP velocity raises risk;session velocity raises risk;high generated risk score lowers risk
txn_2e07697a816b,0.9676181033422314,1,0.967618,1,ml_only,0,,,,,,,,1,merchant_ecosystem_abuse,mule_laundering,IP velocity raises risk;payment_method_type_code lowers risk;session velocity lowers risk
txn_8a6fac3b8717,0.9870267187172274,1,0.987027,1,ml_only,0,,,,,,,,1,merchant_ecosystem_abuse,mule_laundering,IP velocity raises risk;payment_method_type_code lowers risk;transaction_type_code raises risk
txn_35f186158eca,0.9963134598355294,1,0.996313,1,ml_only,0,,,,,,,,1,merchant_ecosystem_abuse,mule_laundering,IP velocity raises risk;session velocity raises risk;payment_method_type_code lowers risk
txn_56ff16a18efe,0.9714403027958312,1,0.97144,1,ml_only,0,,,,,,,,1,merchant_ecosystem_abuse,mule_laundering,IP velocity raises risk;payment_method_type_code lowers risk;session velocity lowers risk
txn_30c60b12daf5,0.9931604369240619,1,0.99316,1,ml_only,0,,,,,,,,1,merchant_ecosystem_abuse,mule_laundering,IP velocity raises risk;payment_method_type_code lowers risk;transaction_type_code raises risk
txn_72490351338d,0.9927026207111782,1,0.992703,1,ml_only,0,,,,,,,,1,merchant_ecosystem_abuse,mule_laundering,session velocity raises risk;IP velocity raises risk;payment_method_type_code lowers risk
txn_e01b6c6c87af,0.9897452356266984,1,0.989745,1,ml_only,0,,,,,,,,1,merchant_ecosystem_abuse,mule_laundering,IP velocity raises risk;payment_method_type_code lowers risk;session velocity lowers risk
txn_2578b240ef29,0.9707424124432372,1,0.970742,1,ml_only,0,,,,,,,,1,merchant_ecosystem_abuse,mule_laundering,IP velocity raises risk;high generated risk score lowers risk;payment_method_type_code lowers risk
txn_6ab7f505cb7b,0.9945346652460515,1,0.994535,1,ml_only,0,,,,,,,,1,merchant_ecosystem_abuse,mule_laundering,session velocity raises risk;IP velocity raises risk;payment_method_type_code lowers risk
txn_0cbbccae4795,0.9760843586388553,1,0.976084,1,ml_only,0,,,,,,,,1,merchant_ecosystem_abuse,mule_laundering,payment_method_type_code lowers risk;IP velocity raises risk;session velocity lowers risk
txn_bc257f04f430,0.9753950567069919,1,0.975395,1,ml_only,0,,,,,,,,1,merchant_ecosystem_abuse,mule_laundering,payment_method_type_code lowers risk;IP velocity raises risk;high generated risk score lowers risk
txn_be6fd939ab0d,0.9963508694089317,1,0.996351,1,ml_only,0,,,,,,,,1,merchant_ecosystem_abuse,mule_laundering,session velocity raises risk;payment_method_type_code lowers risk;IP velocity raises risk
txn_e0936fd30a0d,0.9835177223005085,1,0.983518,1,ml_only,0,,,,,,,,1,merchant_ecosystem_abuse,mule_laundering,payment_method_type_code lowers risk;IP velocity raises risk;session velocity lowers risk
txn_cf79f0541ae0,0.9888945694181495,1,0.988895,1,ml_only,0,,,,,,,,1,merchant_ecosystem_abuse,mule_laundering,payment_method_type_code lowers risk;IP velocity raises risk;transaction_type_code raises risk
txn_f88787191b32,0.9943915209635583,1,0.994392,1,ml_only,0,,,,,,,,1,merchant_ecosystem_abuse,mule_laundering,session velocity raises risk;payment_method_type_code lowers risk;IP velocity raises risk
txn_3fa917da0014,0.9757028671319999,1,0.975703,1,ml_only,0,,,,,,,,1,merchant_ecosystem_abuse,mule_laundering,payment_method_type_code lowers risk;IP velocity raises risk;session velocity lowers risk
txn_b72bff28e73b,0.986935520561275,1,0.986936,1,ml_only,0,,,,,,,,1,merchant_ecosystem_abuse,mule_laundering,payment_method_type_code lowers risk;IP velocity raises risk;transaction_type_code raises risk
txn_884ff6e823a5,0.9882541519108929,1,0.988254,1,ml_only,0,,,,,,,,1,merchant_ecosystem_abuse,mule_laundering,session velocity raises risk;high generated risk score lowers risk;payment_method_type_code lowers risk
txn_4e1a03129e8a,0.9892488801859944,1,0.989249,1,ml_only,0,,,,,,,,1,merchant_ecosystem_abuse,mule_laundering,high generated risk score raises risk;payment_method_type_code lowers risk;session velocity lowers risk
txn_8970e29b067d,0.9936312802712465,1,0.993631,1,ml_only,0,,,,,,,,1,merchant_ecosystem_abuse,mule_laundering,payment_method_type_code lowers risk;high generated risk score raises risk;transaction_type_code raises risk
txn_2cc397c9827b,0.9968356587631598,1,0.996836,1,ml_only,0,,,,,,,,1,merchant_ecosystem_abuse,mule_laundering,session velocity raises risk;high generated risk score raises risk;payment_method_type_code lowers risk
txn_9b1dab8bb44e,0.9831579899476492,1,0.983158,1,ml_only,0,,,,,,,,1,merchant_ecosystem_abuse,mule_laundering,payment_method_type_code lowers risk;session velocity lowers risk;transaction_type_code raises risk
txn_de168a1789ae,0.9757253805180297,1,0.975725,1,ml_only,0,,,,,,,,1,merchant_ecosystem_abuse,mule_laundering,event_hour lowers risk;payment_method_type_code lowers risk;transaction_type_code raises risk
txn_40e8de8778ed,0.987409640932609,1,0.98741,1,ml_only,0,,,,,,,,1,merchant_ecosystem_abuse,mule_laundering,session velocity raises risk;payment_method_type_code lowers risk;event_hour lowers risk
txn_383e50668394,0.9531277136401274,1,0.953128,1,ml_only,0,,,,,,,,1,merchant_ecosystem_abuse,mule_laundering,payment_method_type_code lowers risk;session velocity lowers risk;transaction_type_code raises risk
txn_940cb9431451,0.9646261619902675,1,0.964626,1,ml_only,0,,,,,,,,1,merchant_ecosystem_abuse,mule_laundering,payment_method_type_code lowers risk;transaction_type_code raises risk;merchant refund behavior raises risk
txn_76ca3590963d,0.9875437064291943,1,0.987544,1,ml_only,0,,,,,,,,1,merchant_ecosystem_abuse,mule_laundering,session velocity raises risk;payment_method_type_code lowers risk;transaction_type_code raises risk
txn_74f850bb859e,0.9276259239646388,1,0.927626,1,ml_only,0,,,,,,,,1,merchant_ecosystem_abuse,mule_laundering,payment_method_type_code lowers risk;session velocity lowers risk;transaction_type_code raises risk
txn_261730001b28,0.9876830385224853,1,0.987683,1,ml_only,0,,,,,,,,1,merchant_ecosystem_abuse,mule_laundering,high generated risk score raises risk;payment_method_type_code lowers risk;transaction_type_code raises risk
txn_603a752d2b3e,0.9890085567408101,1,0.989009,1,ml_only,0,,,,,,,,1,merchant_ecosystem_abuse,mule_laundering,session velocity raises risk;payment_method_type_code lowers risk;transaction_type_code raises risk
txn_0cebf0af6d88,0.9362124501702591,1,0.936212,1,ml_only,0,,,,,,,,1,merchant_ecosystem_abuse,mule_laundering,payment_method_type_code lowers risk;session velocity lowers risk;transaction_type_code raises risk
txn_4fd5b3623c2c,0.9817391186668835,1,0.981739,1,ml_only,0,,,,,,,,1,merchant_ecosystem_abuse,mule_laundering,payment_method_type_code lowers risk;transaction_type_code raises risk;merchant refund behavior raises risk
txn_e530258aa00d,0.9950204627744985,1,0.99502,1,ml_only,0,,,,,,,,1,merchant_ecosystem_abuse,mule_laundering,session velocity raises risk;high generated risk score raises risk;payment_method_type_code lowers risk
txn_298c590d6bb4,0.9281483119690694,1,0.928148,1,ml_only,0,,,,,,,,1,merchant_ecosystem_abuse,mule_laundering,payment_method_type_code lowers risk;session velocity lowers risk;transaction_type_code raises risk
txn_515aaa2c5737,0.9852099101012349,1,0.98521,1,ml_only,0,,,,,,,,1,merchant_ecosystem_abuse,mule_laundering,payment_method_type_code lowers risk;transaction_type_code raises risk;merchant refund behavior raises risk
txn_efefe906be2a,0.9899249762291996,1,0.989925,1,ml_only,0,,,,,,,,1,merchant_ecosystem_abuse,mule_laundering,session velocity raises risk;payment_method_type_code lowers risk;transaction_type_code raises risk
txn_c952a6320419,0.9786948297992684,1,0.978695,1,ml_only,0,,,,,,,,1,merchant_ecosystem_abuse,mule_laundering,payment_method_type_code lowers risk;high generated risk score raises risk;session velocity lowers risk
txn_0a40def3a788,0.9772182302464,1,0.977218,1,ml_only,0,,,,,,,,1,merchant_ecosystem_abuse,mule_laundering,payment_method_type_code lowers risk;transaction_type_code raises risk;merchant refund behavior raises risk
txn_105a51f6ff13,0.9904084114058169,1,0.990408,1,ml_only,0,,,,,,,,1,merchant_ecosystem_abuse,mule_laundering,session velocity raises risk;payment_method_type_code lowers risk;high generated risk score lowers risk
txn_caf962fe47be,0.9340884357981616,1,0.934088,1,ml_only,0,,,,,,,,1,merchant_ecosystem_abuse,mule_laundering,payment_method_type_code lowers risk;session velocity lowers risk;transaction_type_code raises risk
txn_98e3ff92acc4,0.9846217863050137,1,0.984622,1,ml_only,0,,,,,,,,1,merchant_ecosystem_abuse,mule_laundering,payment_method_type_code lowers risk;transaction_type_code raises risk;merchant refund behavior raises risk
txn_4a9ca728608e,0.989959389293049,1,0.989959,1,ml_only,0,,,,,,,,1,merchant_ecosystem_abuse,mule_laundering,session velocity raises risk;payment_method_type_code lowers risk;transaction_type_code raises risk
txn_11784ba56cd7,0.9749748174404156,1,0.974975,1,ml_only,0,,,,,,,,1,merchant_ecosystem_abuse,mule_laundering,payment_method_type_code lowers risk;session velocity lowers risk;transaction_type_code raises risk
txn_9e2c02cbf359,0.963223017749199,1,0.963223,1,ml_only,0,,,,,,,,1,merchant_ecosystem_abuse,mule_laundering,high generated risk score lowers risk;payment_method_type_code lowers risk;transaction_type_code raises risk
txn_dea688a718d7,0.9888666834936508,1,0.988867,1,ml_only,0,,,,,,,,1,merchant_ecosystem_abuse,mule_laundering,session velocity raises risk;payment_method_type_code lowers risk;transaction_type_code raises risk
txn_b64207f74261,0.9757686389570239,1,0.975769,1,ml_only,0,,,,,,,,1,merchant_ecosystem_abuse,mule_laundering,payment_method_type_code lowers risk;session velocity lowers risk;transaction_type_code raises risk
txn_399aba65ff23,0.9934206833708543,1,0.993421,1,ml_only,0,,,,,,,,1,merchant_ecosystem_abuse,mule_laundering,high generated risk score raises risk;payment_method_type_code lowers risk;transaction_type_code raises risk
txn_e8e0c857f52d,0.8884019536156842,1,0.888402,1,ml_only,0,,,,,,,,1,merchant_ecosystem_abuse,marketplace_seller_fraud,customer payment cadence lowers risk;high generated risk score raises risk;session velocity lowers risk
txn_679ecb965b15,0.9789422627092632,1,0.978942,1,ml_only,0,,,,,,,,1,merchant_ecosystem_abuse,marketplace_seller_fraud,merchant growth pattern raises risk;device history raises risk;customer decline history raises risk
txn_1ddc27ad372f,0.9922779062180471,1,0.992278,1,ml_only,0,,,,,,,,1,merchant_ecosystem_abuse,marketplace_seller_fraud,session velocity raises risk;IP velocity raises risk;merchant growth pattern raises risk
txn_ad12de208066,0.9941809212422079,1,0.994181,1,ml_only,0,,,,,,,,1,merchant_ecosystem_abuse,marketplace_seller_fraud,IP velocity raises risk;high generated risk score raises risk;session velocity lowers risk
txn_8906d48abdb6,0.998331223480969,1,0.998331,1,ml_only,0,,,,,,,,1,merchant_ecosystem_abuse,marketplace_seller_fraud,IP velocity raises risk;merchant growth pattern raises risk;device history raises risk
txn_7eec6ef24186,0.9987833196480439,1,0.998783,1,ml_only,0,,,,,,,,1,merchant_ecosystem_abuse,marketplace_seller_fraud,IP velocity raises risk;session velocity raises risk;merchant growth pattern raises risk
txn_a78a5ddfe7f7,0.9981708002341005,1,0.998171,1,ml_only,0,,,,,,,,1,merchant_ecosystem_abuse,marketplace_seller_fraud,IP velocity raises risk;session velocity lowers risk;event_hour raises risk
txn_57a4087af5bd,0.9986913353151866,1,0.998691,1,ml_only,0,,,,,,,,1,merchant_ecosystem_abuse,marketplace_seller_fraud,IP velocity raises risk;event_hour raises risk;merchant growth pattern raises risk
txn_1156152253fb,0.9989537538670791,1,0.998954,1,ml_only,0,,,,,,,,1,merchant_ecosystem_abuse,marketplace_seller_fraud,IP velocity raises risk;session velocity raises risk;event_hour lowers risk
txn_3f31c72ebda2,0.989702695213802,1,0.989703,1,ml_only,0,,,,,,,,1,merchant_ecosystem_abuse,marketplace_seller_fraud,IP velocity raises risk;event_hour lowers risk;session velocity lowers risk
txn_2eaacd1511fb,0.9971536833087403,1,0.997154,1,ml_only,0,,,,,,,,1,merchant_ecosystem_abuse,marketplace_seller_fraud,IP velocity raises risk;event_hour lowers risk;merchant growth pattern raises risk
txn_28b74fe63987,0.9993185872613343,1,0.999319,1,ml_only,0,,,,,,,,1,merchant_ecosystem_abuse,marketplace_seller_fraud,IP velocity raises risk;session velocity raises risk;high generated risk score raises risk
txn_742367160a00,0.9915661848220679,1,0.991566,1,ml_only,0,,,,,,,,1,merchant_ecosystem_abuse,marketplace_seller_fraud,IP velocity raises risk;session velocity lowers risk;merchant growth pattern raises risk
txn_a48e1cede628,0.9940594981762202,1,0.994059,1,ml_only,0,,,,,,,,1,merchant_ecosystem_abuse,marketplace_seller_fraud,IP velocity raises risk;merchant growth pattern raises risk;event_hour lowers risk
txn_d20ec9a10af7,0.9983905595536758,1,0.998391,1,ml_only,0,,,,,,,,1,merchant_ecosystem_abuse,marketplace_seller_fraud,IP velocity raises risk;session velocity raises risk;merchant growth pattern raises risk
txn_141dae73c5c8,0.9473057127802594,1,0.947306,1,ml_only,0,,,,,,,,1,merchant_ecosystem_abuse,marketplace_seller_fraud,IP velocity raises risk;high generated risk score lowers risk;session velocity lowers risk
txn_f19ff9551feb,0.989349764263212,1,0.98935,1,ml_only,0,,,,,,,,1,merchant_ecosystem_abuse,marketplace_seller_fraud,IP velocity raises risk;merchant growth pattern raises risk;high generated risk score raises risk
txn_ad0e5eae7f25,0.9982029767588987,1,0.998203,1,ml_only,0,,,,,,,,1,merchant_ecosystem_abuse,marketplace_seller_fraud,high generated risk score raises risk;IP velocity raises risk;session velocity raises risk
txn_16ec9fe52dbe,0.9736784460247642,1,0.973678,1,ml_only,0,,,,,,,,1,merchant_ecosystem_abuse,marketplace_seller_fraud,IP velocity raises risk;session velocity lowers risk;merchant growth pattern raises risk
txn_b6730e6a1a81,0.992380028684761,1,0.99238,1,ml_only,0,,,,,,,,1,merchant_ecosystem_abuse,marketplace_seller_fraud,IP velocity raises risk;high generated risk score raises risk;merchant growth pattern raises risk
txn_cf0e76d6b481,0.9878339212013986,1,0.987834,1,ml_only,0,,,,,,,,1,merchant_ecosystem_abuse,marketplace_seller_fraud,session velocity raises risk;merchant growth pattern raises risk;device history raises risk
txn_524b9e7b0bfa,0.9524356967985914,1,0.952436,1,ml_only,0,,,,,,,,1,merchant_ecosystem_abuse,marketplace_seller_fraud,session velocity lowers risk;merchant growth pattern raises risk;device history raises risk
txn_f8452a12de65,0.9851249965469,1,0.985125,1,ml_only,0,,,,,,,,1,merchant_ecosystem_abuse,marketplace_seller_fraud,high generated risk score raises risk;merchant growth pattern raises risk;device history raises risk
txn_f581d825c732,0.9919351079989213,1,0.991935,1,ml_only,0,,,,,,,,1,merchant_ecosystem_abuse,marketplace_seller_fraud,session velocity raises risk;high generated risk score raises risk;merchant growth pattern raises risk
txn_8fa346baf100,0.9690202735720442,1,0.96902,1,ml_only,0,,,,,,,,1,merchant_ecosystem_abuse,marketplace_seller_fraud,session velocity lowers risk;merchant growth pattern raises risk;device history raises risk
txn_173fab2a05b2,0.9898905298275962,1,0.989891,1,ml_only,0,,,,,,,,1,merchant_ecosystem_abuse,marketplace_seller_fraud,high generated risk score raises risk;merchant growth pattern raises risk;device history raises risk
txn_2e146ba97134,0.99020565527319,1,0.990206,1,ml_only,0,,,,,,,,1,merchant_ecosystem_abuse,marketplace_seller_fraud,session velocity raises risk;merchant growth pattern raises risk;device history raises risk
txn_a1496663208b,0.9569609348391255,1,0.956961,1,ml_only,0,,,,,,,,1,merchant_ecosystem_abuse,marketplace_seller_fraud,session velocity lowers risk;merchant growth pattern raises risk;high generated risk score raises risk
txn_061904bfbd54,0.9897804496451224,1,0.98978,1,ml_only,0,,,,,,,,1,merchant_ecosystem_abuse,marketplace_seller_fraud,merchant growth pattern raises risk;high generated risk score raises risk;device history raises risk
txn_2cd8c1ad7701,0.9958898541905592,1,0.99589,1,ml_only,0,,,,,,,,1,merchant_ecosystem_abuse,marketplace_seller_fraud,high generated risk score raises risk;session velocity raises risk;merchant growth pattern raises risk
txn_830b00ce7b10,0.9738163540301678,1,0.973816,1,ml_only,0,,,,,,,,1,merchant_ecosystem_abuse,marketplace_seller_fraud,high generated risk score raises risk;session velocity lowers risk;merchant growth pattern raises risk
txn_85302cd5a85f,0.9685773971931143,1,0.968577,1,ml_only,0,,,,,,,,1,merchant_ecosystem_abuse,marketplace_seller_fraud,merchant growth pattern raises risk;device history raises risk;customer decline history raises risk
txn_a5618257580c,0.9906751742301732,1,0.990675,1,ml_only,0,,,,,,,,1,merchant_ecosystem_abuse,marketplace_seller_fraud,session velocity raises risk;merchant growth pattern raises risk;device history raises risk
txn_6770a6a5bc10,0.9712053928652861,1,0.971205,1,ml_only,0,,,,,,,,1,merchant_ecosystem_abuse,marketplace_seller_fraud,session velocity lowers risk;merchant growth pattern raises risk;device history raises risk
txn_690e5dccf5dc,0.9848774221895332,1,0.984877,1,ml_only,0,,,,,,,,1,merchant_ecosystem_abuse,marketplace_seller_fraud,merchant growth pattern raises risk;event_hour raises risk;device history raises risk
txn_12845dfd6e43,0.9907345505570223,1,0.990735,1,ml_only,0,,,,,,,,1,merchant_ecosystem_abuse,marketplace_seller_fraud,session velocity raises risk;high generated risk score raises risk;event_hour lowers risk
txn_b4cdd0ca5e72,0.8958960339084969,1,0.895896,1,ml_only,0,,,,,,,,1,merchant_ecosystem_abuse,marketplace_seller_fraud,event_hour lowers risk;session velocity lowers risk;merchant growth pattern raises risk
txn_bb71568b9e3a,0.9608872116120575,1,0.960887,1,ml_only,0,,,,,,,,1,merchant_ecosystem_abuse,marketplace_seller_fraud,event_hour lowers risk;merchant growth pattern raises risk;device history raises risk
txn_8a9e3bad5610,0.9870516249022296,1,0.987052,1,ml_only,0,,,,,,,,1,merchant_ecosystem_abuse,marketplace_seller_fraud,session velocity raises risk;high generated risk score raises risk;event_hour lowers risk
txn_43c1f663aa0d,0.9537007201374379,1,0.953701,1,ml_only,0,,,,,,,,1,merchant_ecosystem_abuse,marketplace_seller_fraud,high generated risk score raises risk;session velocity lowers risk;merchant growth pattern raises risk
txn_488870ed1a23,0.9783475436043032,1,0.978348,1,ml_only,0,,,,,,,,1,merchant_ecosystem_abuse,marketplace_seller_fraud,merchant growth pattern raises risk;event_hour lowers risk;device history raises risk
txn_673c943846c0,0.9746598891961571,1,0.97466,1,ml_only,0,,,,,,,,1,merchant_ecosystem_abuse,marketplace_seller_fraud,session velocity raises risk;merchant growth pattern raises risk;high generated risk score lowers risk
txn_7fe18b7ada36,0.9255501990614563,1,0.92555,1,ml_only,0,,,,,,,,1,merchant_ecosystem_abuse,marketplace_seller_fraud,session velocity lowers risk;merchant growth pattern raises risk;high generated risk score lowers risk
txn_520ed5d281e9,0.9627604117256197,1,0.96276,1,ml_only,0,,,,,,,,1,merchant_ecosystem_abuse,marketplace_seller_fraud,merchant growth pattern raises risk;device history raises risk;customer decline history raises risk
txn_ea69237925bc,0.9854738222756988,1,0.985474,1,ml_only,0,,,,,,,,1,merchant_ecosystem_abuse,marketplace_seller_fraud,session velocity raises risk;merchant growth pattern raises risk;device history raises risk
txn_3660ef6c2318,0.9667244575337764,1,0.966724,1,ml_only,0,,,,,,,,1,merchant_ecosystem_abuse,marketplace_seller_fraud,session velocity lowers risk;merchant growth pattern raises risk;high generated risk score raises risk
txn_58d5b0f1b929,0.985229628555632,1,0.98523,1,ml_only,0,,,,,,,,1,merchant_ecosystem_abuse,marketplace_seller_fraud,merchant growth pattern raises risk;device history raises risk;customer decline history raises risk
txn_da15e7d9b77f,0.994128755150748,1,0.994129,1,ml_only,0,,,,,,,,1,merchant_ecosystem_abuse,marketplace_seller_fraud,session velocity raises risk;high generated risk score raises risk;merchant growth pattern raises risk
txn_f278c70eca5a,0.9739265949281707,1,0.973927,1,ml_only,0,,,,,,,,1,merchant_ecosystem_abuse,marketplace_seller_fraud,high generated risk score raises risk;session velocity lowers risk;merchant growth pattern raises risk
txn_20330627fa92,0.9872696003500946,1,0.98727,1,ml_only,0,,,,,,,,1,merchant_ecosystem_abuse,marketplace_seller_fraud,merchant growth pattern raises risk;device history raises risk;high generated risk score raises risk
txn_f76551419723,0.9869738538393149,1,0.986974,1,ml_only,0,,,,,,,,1,merchant_ecosystem_abuse,marketplace_seller_fraud,session velocity raises risk;merchant growth pattern raises risk;device history raises risk
txn_372fd87a2e61,0.9611456231901195,1,0.961146,1,ml_only,0,,,,,,,,1,merchant_ecosystem_abuse,marketplace_seller_fraud,high generated risk score raises risk;session velocity lowers risk;merchant growth pattern raises risk
txn_ac5ebf21941f,0.9850284974348218,1,0.985028,1,ml_only,0,,,,,,,,1,merchant_ecosystem_abuse,marketplace_seller_fraud,merchant growth pattern raises risk;device history raises risk;customer decline history raises risk
txn_f9e0b01fbf22,0.9948041372393782,1,0.994804,1,ml_only,0,,,,,,,,1,merchant_ecosystem_abuse,marketplace_seller_fraud,session velocity raises risk;merchant growth pattern raises risk;high generated risk score raises risk
txn_2ea6ad14deda,0.9589173778367233,1,0.958917,1,ml_only,0,,,,,,,,1,merchant_ecosystem_abuse,marketplace_seller_fraud,session velocity lowers risk;merchant growth pattern raises risk;device history raises risk
txn_c913e8b14df3,0.9656443936825113,1,0.965644,1,ml_only,0,,,,,,,,1,merchant_ecosystem_abuse,marketplace_seller_fraud,merchant growth pattern raises risk;device history raises risk;customer decline history raises risk
txn_75711895f0b8,0.9941665297362989,1,0.994167,1,ml_only,0,,,,,,,,1,merchant_ecosystem_abuse,marketplace_seller_fraud,session velocity raises risk;high generated risk score raises risk;merchant growth pattern raises risk
txn_29da23bac663,0.9794719817608433,1,0.979472,1,ml_only,0,,,,,,,,1,merchant_ecosystem_abuse,marketplace_seller_fraud,session velocity lowers risk;merchant growth pattern raises risk;high generated risk score raises risk
txn_28e6186e8895,0.9900719732796892,1,0.990072,1,ml_only,0,,,,,,,,1,merchant_ecosystem_abuse,marketplace_seller_fraud,high generated risk score raises risk;merchant growth pattern raises risk;event_hour raises risk
txn_cce92518181e,0.9915792981795368,1,0.991579,1,ml_only,0,,,,,,,,1,merchant_ecosystem_abuse,marketplace_seller_fraud,session velocity raises risk;event_hour raises risk;merchant growth pattern raises risk
txn_4f259e34d241,0.9011714630314673,1,0.901171,1,ml_only,0,,,,,,,,1,merchant_ecosystem_abuse,marketplace_seller_fraud,event_hour lowers risk;session velocity lowers risk;merchant growth pattern raises risk
txn_8e7efa5c880d,0.9802941688947333,1,0.980294,1,ml_only,0,,,,,,,,1,merchant_ecosystem_abuse,marketplace_seller_fraud,merchant growth pattern raises risk;event_hour lowers risk;device history raises risk
txn_ba6567a5b33b,0.9925659505190803,1,0.992566,1,ml_only,0,,,,,,,,1,merchant_ecosystem_abuse,marketplace_seller_fraud,session velocity raises risk;high generated risk score raises risk;merchant growth pattern raises risk
txn_655b1c08e104,0.9252727073476998,1,0.925273,1,ml_only,0,,,,,,,,1,merchant_ecosystem_abuse,marketplace_seller_fraud,session velocity lowers risk;merchant growth pattern raises risk;device history raises risk
txn_e795f34d6fe5,0.9861115337571359,1,0.986112,1,ml_only,0,,,,,,,,1,merchant_ecosystem_abuse,marketplace_seller_fraud,high generated risk score raises risk;merchant growth pattern raises risk;device history raises risk
txn_c01bb2514162,0.9894890563225647,1,0.989489,1,ml_only,0,,,,,,,,1,merchant_ecosystem_abuse,marketplace_seller_fraud,session velocity raises risk;merchant growth pattern raises risk;device history raises risk
txn_fe463d7a1f3c,0.9561284208846387,1,0.956128,1,ml_only,0,,,,,,,,1,merchant_ecosystem_abuse,marketplace_seller_fraud,high generated risk score raises risk;session velocity lowers risk;merchant growth pattern raises risk
txn_e00e6727cda4,0.981930722516901,1,0.981931,1,ml_only,0,,,,,,,,1,merchant_ecosystem_abuse,marketplace_seller_fraud,high generated risk score raises risk;merchant growth pattern raises risk;device history raises risk
txn_813ac3902ea7,0.988723733945032,1,0.988724,1,ml_only,0,,,,,,,,1,merchant_ecosystem_abuse,marketplace_seller_fraud,session velocity raises risk;merchant growth pattern raises risk;device history raises risk
txn_964db4fad141,0.972507410449159,1,0.972507,1,ml_only,0,,,,,,,,1,merchant_ecosystem_abuse,marketplace_seller_fraud,session velocity lowers risk;merchant growth pattern raises risk;device history raises risk
txn_58b93c516090,0.04705097818617537,0,0.047051,0,ml_only,0,,,,,,,,1,merchant_ecosystem_abuse,triangulation_fraud,customer payment cadence lowers risk;high generated risk score lowers risk;session velocity lowers risk
txn_674d540f3b97,0.6777969937187371,1,0.677797,1,ml_only,0,,,,,,,,1,merchant_ecosystem_abuse,triangulation_fraud,customer decline history lowers risk;merchant chargeback behavior lowers risk;device history lowers risk
txn_c2f081f794d1,0.8615126327805757,1,0.861513,1,ml_only,0,,,,,,,,1,merchant_ecosystem_abuse,triangulation_fraud,session velocity raises risk;IP velocity raises risk;customer decline history lowers risk
txn_5acac46d1858,0.5652825062399728,1,0.565283,1,ml_only,0,,,,,,,,1,merchant_ecosystem_abuse,triangulation_fraud,IP velocity raises risk;session velocity lowers risk;customer decline history lowers risk
txn_78a3da98e1b2,0.8841146770193906,1,0.884115,1,ml_only,0,,,,,,,,1,merchant_ecosystem_abuse,triangulation_fraud,IP velocity raises risk;customer decline history lowers risk;merchant chargeback behavior lowers risk
txn_f1887c99d058,0.9777086988546174,1,0.977709,1,ml_only,0,,,,,,,,1,merchant_ecosystem_abuse,triangulation_fraud,IP velocity raises risk;session velocity raises risk;customer decline history lowers risk
txn_83d5a8d3a2a9,0.8882304361383369,1,0.88823,1,ml_only,0,,,,,,,,1,merchant_ecosystem_abuse,triangulation_fraud,IP velocity raises risk;session velocity lowers risk;customer decline history lowers risk
txn_1ada4b20729a,0.9000835682818681,1,0.900084,1,ml_only,0,,,,,,,,1,merchant_ecosystem_abuse,triangulation_fraud,IP velocity raises risk;event_hour lowers risk;customer decline history lowers risk
txn_d2c099f7385b,0.9721730701584,1,0.972173,1,ml_only,0,,,,,,,,1,merchant_ecosystem_abuse,triangulation_fraud,IP velocity raises risk;session velocity raises risk;event_hour lowers risk
txn_1104fcba2b3e,0.8281357218134914,1,0.828136,1,ml_only,0,,,,,,,,1,merchant_ecosystem_abuse,triangulation_fraud,IP velocity raises risk;session velocity lowers risk;customer decline history lowers risk
txn_5b9298b30a34,0.9658371622153619,1,0.965837,1,ml_only,0,,,,,,,,1,merchant_ecosystem_abuse,triangulation_fraud,IP velocity raises risk;customer decline history lowers risk;merchant chargeback behavior lowers risk
txn_764dc222e9d4,0.9527092555038307,1,0.952709,1,ml_only,0,,,,,,,,1,merchant_ecosystem_abuse,triangulation_fraud,IP velocity raises risk;session velocity raises risk;customer decline history lowers risk
txn_46cb15773078,0.9117749871163302,1,0.911775,1,ml_only,0,,,,,,,,1,merchant_ecosystem_abuse,triangulation_fraud,IP velocity raises risk;session velocity lowers risk;customer decline history lowers risk
txn_682a89a24686,0.839940853147364,1,0.839941,1,ml_only,0,,,,,,,,1,merchant_ecosystem_abuse,triangulation_fraud,IP velocity raises risk;customer decline history lowers risk;merchant chargeback behavior lowers risk
txn_1f527d5577b7,0.9460746517124613,1,0.946075,1,ml_only,0,,,,,,,,1,merchant_ecosystem_abuse,triangulation_fraud,IP velocity raises risk;session velocity raises risk;customer decline history lowers risk
txn_36c36c7c3715,0.7627330638071799,1,0.762733,1,ml_only,0,,,,,,,,1,merchant_ecosystem_abuse,triangulation_fraud,IP velocity raises risk;session velocity lowers risk;customer decline history lowers risk
txn_8a08efba22f6,0.868315863934879,1,0.868316,1,ml_only,0,,,,,,,,1,merchant_ecosystem_abuse,triangulation_fraud,IP velocity raises risk;customer decline history lowers risk;merchant chargeback behavior lowers risk
txn_a71d2c71cabc,0.9281346979124836,1,0.928135,1,ml_only,0,,,,,,,,1,merchant_ecosystem_abuse,triangulation_fraud,IP velocity raises risk;session velocity raises risk;customer decline history lowers risk
txn_f7fba3786b65,0.6626112197165461,1,0.662611,1,ml_only,0,,,,,,,,1,merchant_ecosystem_abuse,triangulation_fraud,IP velocity raises risk;session velocity lowers risk;customer decline history lowers risk
txn_6b7dad7330af,0.8422135587806877,1,0.842214,1,ml_only,0,,,,,,,,1,merchant_ecosystem_abuse,triangulation_fraud,IP velocity raises risk;customer decline history lowers risk;merchant chargeback behavior lowers risk
txn_3e47ee7d9f9a,0.8621593094751697,1,0.862159,1,ml_only,0,,,,,,,,1,merchant_ecosystem_abuse,triangulation_fraud,session velocity raises risk;IP velocity raises risk;customer decline history lowers risk
txn_b28d281e3801,0.4179425148776877,1,0.417943,1,ml_only,0,,,,,,,,1,merchant_ecosystem_abuse,triangulation_fraud,session velocity lowers risk;customer decline history lowers risk;merchant chargeback behavior lowers risk
txn_26e339756359,0.718063525584622,1,0.718064,1,ml_only,0,,,,,,,,1,merchant_ecosystem_abuse,triangulation_fraud,IP velocity raises risk;customer decline history lowers risk;merchant chargeback behavior lowers risk
txn_7d609dda173f,0.9236250442206909,1,0.923625,1,ml_only,0,,,,,,,,1,merchant_ecosystem_abuse,triangulation_fraud,session velocity raises risk;high generated risk score raises risk;IP velocity raises risk
txn_e7ba0934132a,0.7742360930561669,1,0.774236,1,ml_only,0,,,,,,,,1,merchant_ecosystem_abuse,triangulation_fraud,IP velocity raises risk;session velocity lowers risk;customer decline history lowers risk
txn_13be331b8c73,0.8684837312107161,1,0.868484,1,ml_only,0,,,,,,,,1,merchant_ecosystem_abuse,triangulation_fraud,high generated risk score raises risk;IP velocity raises risk;customer decline history lowers risk
txn_fe9b359e293e,0.8687363205260705,1,0.868736,1,ml_only,0,,,,,,,,1,merchant_ecosystem_abuse,triangulation_fraud,session velocity raises risk;IP velocity raises risk;customer decline history lowers risk
txn_62307ec3b8a2,0.5852651258648038,1,0.585265,1,ml_only,0,,,,,,,,1,merchant_ecosystem_abuse,triangulation_fraud,IP velocity raises risk;session velocity lowers risk;customer decline history lowers risk
txn_c3d26f6fffd2,0.9020522841261929,1,0.902052,1,ml_only,0,,,,,,,,1,merchant_ecosystem_abuse,triangulation_fraud,high generated risk score raises risk;IP velocity raises risk;customer decline history lowers risk
txn_17d0750a124c,0.6872962863570642,1,0.687296,1,ml_only,0,,,,,,,,1,merchant_ecosystem_abuse,triangulation_fraud,session velocity raises risk;event_hour lowers risk;IP velocity raises risk
txn_ab7ce032415a,0.4885186837929996,1,0.488519,1,ml_only,0,,,,,,,,1,merchant_ecosystem_abuse,triangulation_fraud,event_hour lowers risk;IP velocity raises risk;session velocity lowers risk
txn_0f8f870b1615,0.6052144130126356,1,0.605214,1,ml_only,0,,,,,,,,1,merchant_ecosystem_abuse,triangulation_fraud,event_hour lowers risk;IP velocity raises risk;customer decline history lowers risk
txn_80165b2dbcad,0.6222694239595389,1,0.622269,1,ml_only,0,,,,,,,,1,merchant_ecosystem_abuse,triangulation_fraud,session velocity raises risk;IP velocity raises risk;event_hour lowers risk
txn_a374b7fa5741,0.4108231514476139,1,0.410823,1,ml_only,0,,,,,,,,1,merchant_ecosystem_abuse,triangulation_fraud,IP velocity raises risk;session velocity lowers risk;event_hour lowers risk
txn_f061f1ee5846,0.4976709770049815,1,0.497671,1,ml_only,0,,,,,,,,1,merchant_ecosystem_abuse,triangulation_fraud,high generated risk score lowers risk;IP velocity raises risk;customer decline history lowers risk
txn_86732bfbea3b,0.7609172774673781,1,0.760917,1,ml_only,0,,,,,,,,1,merchant_ecosystem_abuse,triangulation_fraud,session velocity raises risk;IP velocity raises risk;customer decline history lowers risk
txn_3c7f1fb35012,0.43895969863905093,1,0.43896,1,ml_only,0,,,,,,,,1,merchant_ecosystem_abuse,triangulation_fraud,IP velocity raises risk;session velocity lowers risk;high generated risk score lowers risk
txn_44e24169d7df,0.7577506196758053,1,0.757751,1,ml_only,0,,,,,,,,1,merchant_ecosystem_abuse,triangulation_fraud,IP velocity raises risk;customer decline history lowers risk;merchant chargeback behavior lowers risk
txn_173603c49e97,0.8298401780589516,1,0.82984,1,ml_only,0,,,,,,,,1,merchant_ecosystem_abuse,triangulation_fraud,session velocity raises risk;IP velocity raises risk;customer decline history lowers risk
txn_fa8534458863,0.8425338804313443,1,0.842534,1,ml_only,0,,,,,,,,1,merchant_ecosystem_abuse,triangulation_fraud,high generated risk score raises risk;IP velocity raises risk;session velocity lowers risk
txn_e511e0c71216,0.7204782969444957,1,0.720478,1,ml_only,0,,,,,,,,1,merchant_ecosystem_abuse,triangulation_fraud,IP velocity raises risk;high generated risk score lowers risk;customer decline history lowers risk
txn_55627a46117c,0.9685530204858921,1,0.968553,1,ml_only,0,,,,,,,,1,merchant_ecosystem_abuse,triangulation_fraud,session velocity raises risk;high generated risk score raises risk;IP velocity raises risk
txn_615e15ee6b08,0.7301722318507827,1,0.730172,1,ml_only,0,,,,,,,,1,merchant_ecosystem_abuse,triangulation_fraud,IP velocity raises risk;session velocity lowers risk;customer decline history lowers risk
txn_a668183b74e6,0.921799342497855,1,0.921799,1,ml_only,0,,,,,,,,1,merchant_ecosystem_abuse,triangulation_fraud,IP velocity raises risk;high generated risk score raises risk;customer decline history lowers risk
txn_18fc40743ca5,0.07598944414260679,0,0.075989,0,ml_only,0,,,,,,,,1,post_transaction_abuse,alternative_refund_abuse,customer payment cadence lowers risk;high generated risk score lowers risk;merchant chargeback behavior lowers risk
txn_4a27e638b762,0.6347224013472411,1,0.634722,1,ml_only,0,,,,,,,,1,post_transaction_abuse,alternative_refund_abuse,merchant chargeback behavior lowers risk;device history lowers risk;payment_method_type_code raises risk
txn_df7a873e4093,0.8109235212291607,1,0.810924,1,ml_only,0,,,,,,,,1,post_transaction_abuse,alternative_refund_abuse,session velocity raises risk;merchant chargeback behavior lowers risk;IP velocity raises risk
txn_91821be292f8,0.4189134659252807,1,0.418913,1,ml_only,0,,,,,,,,1,post_transaction_abuse,alternative_refund_abuse,high generated risk score lowers risk;IP velocity raises risk;merchant chargeback behavior lowers risk
txn_dd79cf569252,0.6772059375597481,1,0.677206,1,ml_only,0,,,,,,,,1,post_transaction_abuse,alternative_refund_abuse,IP velocity raises risk;high generated risk score lowers risk;merchant chargeback behavior lowers risk
txn_e57fdcc9fafd,0.9561155461637456,1,0.956116,1,ml_only,0,,,,,,,,1,post_transaction_abuse,alternative_refund_abuse,IP velocity raises risk;session velocity raises risk;merchant chargeback behavior lowers risk
txn_c6bbb8175fdf,0.8169069303969583,1,0.816907,1,ml_only,0,,,,,,,,1,post_transaction_abuse,alternative_refund_abuse,IP velocity raises risk;merchant chargeback behavior lowers risk;device history lowers risk
txn_143ae4e6e935,0.3030799303068193,1,0.30308,1,ml_only,0,,,,,,,,1,post_transaction_abuse,chargeback_fraud,customer payment cadence lowers risk;high generated risk score lowers risk;session velocity lowers risk
txn_4087f4688c7b,0.9630801657833782,1,0.96308,1,ml_only,0,,,,,,,,1,post_transaction_abuse,chargeback_fraud,merchant refund behavior raises risk;customer_historical_spend_mean lowers risk;device history raises risk
txn_1e1e935be982,0.9732476607695956,1,0.973248,1,ml_only,0,,,,,,,,1,post_transaction_abuse,chargeback_fraud,session velocity raises risk;IP velocity raises risk;merchant refund behavior raises risk
txn_3e054a4f1fdb,0.9527779478281023,1,0.952778,1,ml_only,0,,,,,,,,1,post_transaction_abuse,chargeback_fraud,IP velocity raises risk;session velocity lowers risk;merchant refund behavior raises risk
txn_79ecf6077479,0.9753901314420906,1,0.97539,1,ml_only,0,,,,,,,,1,post_transaction_abuse,chargeback_fraud,IP velocity raises risk;merchant refund behavior raises risk;customer_historical_spend_mean lowers risk
txn_0216a6958bf9,0.988098761994142,1,0.988099,1,ml_only,0,,,,,,,,1,post_transaction_abuse,chargeback_fraud,IP velocity raises risk;session velocity raises risk;merchant refund behavior raises risk
txn_63bb74552f3d,0.9888026114262424,1,0.988803,1,ml_only,0,,,,,,,,1,post_transaction_abuse,chargeback_fraud,IP velocity raises risk;session velocity lowers risk;merchant refund behavior raises risk
txn_995e0d28f9d7,0.993671992392645,1,0.993672,1,ml_only,0,,,,,,,,1,post_transaction_abuse,chargeback_fraud,IP velocity raises risk;merchant refund behavior raises risk;event_hour raises risk
txn_287a9fedcc9c,0.9985948646507187,1,0.998595,1,ml_only,0,,,,,,,,1,post_transaction_abuse,chargeback_fraud,IP velocity raises risk;session velocity raises risk;merchant refund behavior raises risk
txn_7de9950280fc,0.02109642586940521,0,0.021096,0,ml_only,0,,,,,,,,1,post_transaction_abuse,non_delivery_claim,device history lowers risk;customer payment cadence lowers risk;merchant chargeback behavior lowers risk
txn_9e237ec0a187,0.283627,1,0.212324,1,hybrid_ml_llm,1,local_lmstudio,0.45,0.85,review,"The transaction is close to the fraud threshold, and there are some minor risk factors such as a low device IP reputation score and a single failed login attempt.",low device ip reputation score;single failed login attempt,,1,post_transaction_abuse,non_delivery_claim,device history lowers risk;merchant chargeback behavior lowers risk;customer decline history lowers risk
txn_d148c66ba820,0.40123356976657765,1,0.401234,1,ml_only,0,,,,,,,,1,post_transaction_abuse,non_delivery_claim,device history lowers risk;session velocity raises risk;merchant chargeback behavior lowers risk
txn_d8b66ba22f99,0.19557134013697,0,0.195571,0,ml_only,0,,,,,,,,1,post_transaction_abuse,non_delivery_claim,device history lowers risk;merchant chargeback behavior lowers risk;customer decline history lowers risk
txn_4aa9a4357c6f,0.3940198622261099,1,0.39402,1,ml_only,0,,,,,,,,1,post_transaction_abuse,non_delivery_claim,device history lowers risk;IP velocity raises risk;merchant chargeback behavior lowers risk
txn_158a58c97e36,0.6265848896957953,1,0.626585,1,ml_only,0,,,,,,,,1,post_transaction_abuse,non_delivery_claim,device history lowers risk;IP velocity raises risk;session velocity raises risk
txn_d38050fa57d9,0.6025015035748812,1,0.602502,1,ml_only,0,,,,,,,,1,post_transaction_abuse,non_delivery_claim,device history lowers risk;IP velocity raises risk;merchant chargeback behavior lowers risk
txn_1980e2217f39,0.7621670232616173,1,0.762167,1,ml_only,0,,,,,,,,1,post_transaction_abuse,non_delivery_claim,IP velocity raises risk;device history lowers risk;merchant chargeback behavior lowers risk
txn_14a960482a75,0.8044321530005587,1,0.804432,1,ml_only,0,,,,,,,,1,post_transaction_abuse,non_delivery_claim,device history lowers risk;IP velocity raises risk;session velocity raises risk
txn_4b38227b9466,0.4374063166065995,1,0.437406,1,ml_only,0,,,,,,,,1,post_transaction_abuse,non_delivery_claim,device history lowers risk;IP velocity raises risk;merchant chargeback behavior lowers risk
txn_7a9a97fd55cc,0.42019182513746267,1,0.420192,1,ml_only,0,,,,,,,,1,post_transaction_abuse,non_delivery_claim,device history lowers risk;IP velocity raises risk;merchant chargeback behavior lowers risk
txn_bccea3e4a65a,0.0278430451070615,0,0.027843,0,ml_only,0,,,,,,,,1,post_transaction_abuse,refund_fraud,customer payment cadence lowers risk;customer account age lowers risk;high generated risk score lowers risk
txn_6da5789a291a,0.5515833440424908,1,0.551583,1,ml_only,0,,,,,,,,1,post_transaction_abuse,refund_fraud,customer account age lowers risk;IP velocity raises risk;merchant chargeback behavior lowers risk
txn_67cf9a83b61c,0.877227270699368,1,0.877227,1,ml_only,0,,,,,,,,1,post_transaction_abuse,refund_fraud,IP velocity raises risk;session velocity raises risk;customer account age lowers risk
txn_5333b019cab1,0.6405349480569497,1,0.640535,1,ml_only,0,,,,,,,,1,post_transaction_abuse,refund_fraud,IP velocity raises risk;customer account age lowers risk;session velocity lowers risk
txn_07933f87d74c,0.8918119758360868,1,0.891812,1,ml_only,0,,,,,,,,1,post_transaction_abuse,refund_fraud,IP velocity raises risk;customer account age lowers risk;merchant chargeback behavior lowers risk
txn_80c672b053ca,0.9207740735378638,1,0.920774,1,ml_only,0,,,,,,,,1,post_transaction_abuse,refund_fraud,IP velocity raises risk;session velocity raises risk;customer account age lowers risk
txn_f0c660be1796,0.922625317315153,1,0.922625,1,ml_only,0,,,,,,,,1,post_transaction_abuse,refund_fraud,IP velocity raises risk;customer account age lowers risk;session velocity lowers risk
txn_8f81f1900ccd,0.903909191378095,1,0.903909,1,ml_only,0,,,,,,,,1,post_transaction_abuse,refund_fraud,IP velocity raises risk;customer account age lowers risk;event_hour raises risk
txn_8e6d5064997a,0.5308367396303074,1,0.530837,1,ml_only,0,,,,,,,,1,post_transaction_abuse,return_policy_abuse,customer payment cadence lowers risk;session velocity lowers risk;customer decline history lowers risk
txn_f70457fbb4cb,0.9237832341547536,1,0.923783,1,ml_only,0,,,,,,,,1,post_transaction_abuse,return_policy_abuse,high generated risk score lowers risk;IP velocity raises risk;customer decline history lowers risk
txn_6646189636b3,0.9836520301708624,1,0.983652,1,ml_only,0,,,,,,,,1,post_transaction_abuse,return_policy_abuse,session velocity raises risk;IP velocity raises risk;customer decline history lowers risk
txn_3fee46eaed03,0.8769963073039968,1,0.876996,1,ml_only,0,,,,,,,,1,post_transaction_abuse,return_policy_abuse,IP velocity raises risk;session velocity lowers risk;customer decline history lowers risk
txn_94b526ecb6fa,0.958585678358333,1,0.958586,1,ml_only,0,,,,,,,,1,post_transaction_abuse,return_policy_abuse,IP velocity raises risk;high generated risk score lowers risk;customer decline history lowers risk
txn_36f301a8a6b7,0.9853302086034716,1,0.98533,1,ml_only,0,,,,,,,,1,post_transaction_abuse,return_policy_abuse,session velocity raises risk;IP velocity raises risk;customer decline history lowers risk
txn_45a369a2c49e,0.9773669281306673,1,0.977367,1,ml_only,0,,,,,,,,1,post_transaction_abuse,return_policy_abuse,IP velocity raises risk;session velocity lowers risk;event_hour raises risk
txn_087a5675a625,0.9457296919919074,1,0.94573,1,ml_only,0,,,,,,,,1,post_transaction_abuse,return_policy_abuse,IP velocity raises risk;high generated risk score lowers risk;event_hour lowers risk
txn_349d1f9abff5,0.9515445831976344,1,0.951545,1,ml_only,0,,,,,,,,1,post_transaction_abuse,return_policy_abuse,IP velocity raises risk;session velocity raises risk;high generated risk score lowers risk
txn_b21fa7db3501,0.9271412062603378,1,0.927141,1,ml_only,0,,,,,,,,1,post_transaction_abuse,return_policy_abuse,IP velocity raises risk;session velocity lowers risk;event_hour lowers risk
txn_6ca78933e642,0.94574945481182,1,0.945749,1,ml_only,0,,,,,,,,1,post_transaction_abuse,return_policy_abuse,IP velocity raises risk;event_hour lowers risk;customer decline history lowers risk
txn_840cea8363c7,0.9411666462603631,1,0.941167,1,ml_only,0,,,,,,,,1,post_transaction_abuse,return_policy_abuse,session velocity raises risk;IP velocity raises risk;high generated risk score lowers risk
txn_7a205f6757de,0.8420488293527246,1,0.842049,1,ml_only,0,,,,,,,,1,post_transaction_abuse,return_policy_abuse,IP velocity raises risk;high generated risk score lowers risk;session velocity lowers risk
txn_2fb09f1069b4,0.9558542641782929,1,0.955854,1,ml_only,0,,,,,,,,1,post_transaction_abuse,return_policy_abuse,IP velocity raises risk;customer decline history lowers risk;customer payment cadence raises risk
txn_6550eaeffa6d,0.12070362221541182,0,0.120704,0,ml_only,0,,,,,,,,1,social_engineering_payment_fraud,ai_impersonation,customer payment cadence lowers risk;session velocity lowers risk;IP velocity lowers risk
txn_a0a28612b2f2,0.6799562341799803,1,0.679956,1,ml_only,0,,,,,,,,1,social_engineering_payment_fraud,ai_impersonation,high generated risk score lowers risk;customer decline history lowers risk;customer payment cadence raises risk
txn_48e5f989572b,0.7802746504694102,1,0.780275,1,ml_only,0,,,,,,,,1,social_engineering_payment_fraud,ai_impersonation,session velocity raises risk;amount deviation from customer history lowers risk;customer decline history lowers risk
txn_99f69f344ff9,0.5056761327112415,1,0.505676,1,ml_only,0,,,,,,,,1,social_engineering_payment_fraud,ai_impersonation,high generated risk score lowers risk;session velocity lowers risk;customer decline history lowers risk
txn_b663215c7ed1,0.8583860037986496,1,0.858386,1,ml_only,0,,,,,,,,1,social_engineering_payment_fraud,ai_impersonation,IP velocity raises risk;high generated risk score lowers risk;customer decline history lowers risk
txn_5de80264ba69,0.9423325059004906,1,0.942333,1,ml_only,0,,,,,,,,1,social_engineering_payment_fraud,ai_impersonation,session velocity raises risk;IP velocity raises risk;customer decline history lowers risk
txn_abe67847358f,0.709264942014763,1,0.709265,1,ml_only,0,,,,,,,,1,social_engineering_payment_fraud,ai_impersonation,IP velocity raises risk;session velocity lowers risk;customer decline history lowers risk
txn_a9509adf4557,0.07971229795797018,0,0.079712,0,ml_only,0,,,,,,,,1,social_engineering_payment_fraud,authorized_push_payment_scam,customer payment cadence lowers risk;high generated risk score raises risk;device history lowers risk
txn_350a3b6afa66,0.31117225932478665,1,0.311172,1,ml_only,0,,,,,,,,1,social_engineering_payment_fraud,authorized_push_payment_scam,device history lowers risk;customer account age lowers risk;payment_method_type_code lowers risk
txn_4dd65349dffc,0.7217549026143942,1,0.721755,1,ml_only,0,,,,,,,,1,social_engineering_payment_fraud,authorized_push_payment_scam,session velocity raises risk;device history lowers risk;customer account age lowers risk
txn_4da8ef3889ec,0.422796148060902,1,0.422796,1,ml_only,0,,,,,,,,1,social_engineering_payment_fraud,authorized_push_payment_scam,IP velocity raises risk;device history lowers risk;customer account age lowers risk
txn_1fdcc3d63ea9,0.565534523798645,1,0.565535,1,ml_only,0,,,,,,,,1,social_engineering_payment_fraud,authorized_push_payment_scam,IP velocity raises risk;device history lowers risk;customer account age lowers risk
txn_13cea7d3e7c5,0.3707122806196889,1,0.370712,1,ml_only,0,,,,,,,,1,social_engineering_payment_fraud,authorized_push_payment_scam,IP velocity raises risk;session velocity raises risk;device history lowers risk
txn_f3163268e646,0.06585836669507474,0,0.065858,0,ml_only,0,,,,,,,,1,social_engineering_payment_fraud,authorized_push_payment_scam,high generated risk score lowers risk;IP velocity raises risk;device history lowers risk
txn_a67adcd5aeb3,0.28851022055934195,1,0.28851,1,ml_only,0,,,,,,,,1,social_engineering_payment_fraud,authorized_push_payment_scam,IP velocity raises risk;device history lowers risk;customer account age lowers risk
txn_8fd8b9fac986,0.3648014650543735,1,0.364801,1,ml_only,0,,,,,,,,1,social_engineering_payment_fraud,authorized_push_payment_scam,session velocity raises risk;device history lowers risk;customer account age lowers risk
txn_b3380e71f0e8,0.12808316297899347,0,0.128083,0,ml_only,0,,,,,,,,1,social_engineering_payment_fraud,authorized_push_payment_scam,device history lowers risk;customer account age lowers risk;payment_method_type_code lowers risk
txn_b5ca41c69838,0.288519,1,0.219312,1,hybrid_ml_llm,1,local_lmstudio,0.45,0.32,review,"The transaction amount is significantly higher than the customer's usual spending pattern, which raises concerns.",unusual_amount,,1,social_engineering_payment_fraud,business_email_compromise,unusual amount raises risk;customer payment cadence lowers risk;merchant chargeback behavior raises risk
txn_d977beb90767,0.9978319875312639,1,0.997832,1,ml_only,0,,,,,,,,1,social_engineering_payment_fraud,business_email_compromise,unusual amount raises risk;customer amount baseline raises risk;IP velocity raises risk
txn_14e06c65ef1b,0.9990325716995593,1,0.999033,1,ml_only,0,,,,,,,,1,social_engineering_payment_fraud,business_email_compromise,customer amount baseline raises risk;IP velocity raises risk;unusual amount raises risk
txn_155f053be911,0.9990520439070473,1,0.999052,1,ml_only,0,,,,,,,,1,social_engineering_payment_fraud,business_email_compromise,unusual amount raises risk;customer amount baseline raises risk;IP velocity raises risk
txn_ec03de460ff2,0.9998885629044405,1,0.999889,1,ml_only,0,,,,,,,,1,social_engineering_payment_fraud,business_email_compromise,unusual amount raises risk;customer amount baseline raises risk;IP velocity raises risk
txn_9c2a1f438652,0.9999621637092906,1,0.999962,1,ml_only,0,,,,,,,,1,social_engineering_payment_fraud,business_email_compromise,unusual amount raises risk;customer amount baseline raises risk;session velocity raises risk
txn_650e7115b9e9,0.9967456597291625,1,0.996746,1,ml_only,0,,,,,,,,1,social_engineering_payment_fraud,business_email_compromise,customer amount baseline raises risk;unusual amount raises risk;merchant chargeback behavior raises risk
txn_e2ead7e6e6c2,0.030445876801648515,0,0.030446,0,ml_only,0,,,,,,,,1,social_engineering_payment_fraud,executive_impersonation,unusual amount raises risk;customer account age lowers risk;customer payment cadence lowers risk
txn_2b46f62c6e3e,0.49977850867140755,1,0.499779,1,ml_only,0,,,,,,,,1,social_engineering_payment_fraud,executive_impersonation,customer amount baseline raises risk;customer account age lowers risk;payment_method_type_code lowers risk
txn_d616c57379a0,0.9465782796322133,1,0.946578,1,ml_only,0,,,,,,,,1,social_engineering_payment_fraud,executive_impersonation,unusual amount raises risk;customer amount baseline raises risk;customer account age lowers risk
txn_98ed34c32afb,0.48030845825382035,1,0.480308,1,ml_only,0,,,,,,,,1,social_engineering_payment_fraud,vendor_rerouting,unusual amount raises risk;customer account age lowers risk;customer payment cadence lowers risk
txn_c69dcf94134b,0.9994247299430052,1,0.999425,1,ml_only,0,,,,,,,,1,social_engineering_payment_fraud,vendor_rerouting,customer amount baseline raises risk;unusual amount raises risk;customer account age lowers risk
txn_3414f13de01d,0.999851139493697,1,0.999851,1,ml_only,0,,,,,,,,1,social_engineering_payment_fraud,vendor_rerouting,customer amount baseline raises risk;unusual amount raises risk;customer account age lowers risk
txn_0ed52e202c5a,0.9999829520657222,1,0.999983,1,ml_only,0,,,,,,,,1,social_engineering_payment_fraud,vendor_rerouting,unusual amount raises risk;customer amount baseline raises risk;customer account age lowers risk
txn_cf6d0d67ad80,0.9999960110848529,1,0.999996,1,ml_only,0,,,,,,,,1,social_engineering_payment_fraud,vendor_rerouting,customer amount baseline raises risk;unusual amount raises risk;customer account age lowers risk
txn_cb115741a98a,0.9999997953614707,1,1.0,1,ml_only,0,,,,,,,,1,social_engineering_payment_fraud,vendor_rerouting,unusual amount raises risk;customer amount baseline raises risk;customer account age lowers risk
txn_dfd8ab4ce0b3,0.9997699821573764,1,0.99977,1,ml_only,0,,,,,,,,1,social_engineering_payment_fraud,vendor_rerouting,customer amount baseline raises risk;unusual amount raises risk;customer account age lowers risk
txn_17dfb642ce33,0.9997910642209358,1,0.999791,1,ml_only,0,,,,,,,,1,social_engineering_payment_fraud,vendor_rerouting,customer amount baseline raises risk;unusual amount raises risk;customer account age lowers risk
txn_cbd7f3f99179,0.9999905166401788,1,0.999991,1,ml_only,0,,,,,,,,1,social_engineering_payment_fraud,vendor_rerouting,customer amount baseline raises risk;unusual amount raises risk;customer account age lowers risk
