transaction_id,amount,risk_score,event_hour,billing_shipping_mismatch,customer_transaction_count,merchant_transaction_count,device_transaction_count,session_transaction_count,ip_transaction_count,customer_txn_count_1h_prior,device_txn_count_1h_prior,customer_decline_count_24h_prior,customer_amount_mean_prior,customer_amount_deviation_ratio,minutes_since_customer_event,minutes_since_device_event,customer_account_age_days,customer_historical_decline_rate,customer_historical_spend_mean,merchant_age_days,merchant_refund_rate,merchant_chargeback_rate,merchant_volume_growth_rate,device_ip_reputation_score,device_first_seen_days_ago,device_failed_login_count,label,attack_bucket,attack_subtype,attack_id,scenario_id,simulation_segment,currency_code,channel_code,rail_code,transaction_type_code,status_code,billing_country_code,shipping_country_code,merchant_category_code,payment_method_type_code,auth_result_code
txn_f5142e8ab368,213.61,0.3536,0,1,0.0,0.0,0.0,0.0,0.0,0.0,0.0,0.0,0.0,0.0,1440.0,1440.0,850.0,0.0258,119.47,712.0,0.0686,0.0107,0.2338,0.142,323.0,1.0,0,,,,,atypical_benign,3,8,3,1,0,5,3,6,3,0
txn_10449be37726,15.45,0.1041,0,0,1.0,0.0,1.0,0.0,0.0,1.0,1.0,0.0,213.61,0.9277,9.0,9.0,850.0,0.0258,119.47,427.0,0.0554,0.0089,0.0718,0.142,323.0,1.0,0,,,,,routine_benign,3,8,3,1,0,5,5,0,1,0
txn_26d576d350fd,43.78,0.3106,0,0,3.0,0.0,3.0,0.0,0.0,3.0,3.0,0.0,155.7967,0.719,17.0,17.0,850.0,0.0258,119.47,4063.0,0.0643,0.0136,0.0121,0.142,323.0,1.0,0,,,,,routine_benign,0,4,3,1,0,2,2,3,0,0
txn_1e336c972dc2,238.33,0.0923,0,0,2.0,0.0,2.0,0.0,0.0,2.0,2.0,0.0,114.53,1.0809,12.0,12.0,850.0,0.0258,119.47,2814.0,0.0449,0.0034,0.1579,0.142,323.0,1.0,0,,,,,routine_benign,0,4,1,1,0,5,5,3,3,0
txn_379e585fbbf9,21.12,0.1054,1,0,2.0,0.0,4.0,0.0,0.0,2.0,3.0,0.0,30.76,0.3134,38.0,30.0,1036.0,0.0592,50.91,2885.0,0.0702,0.0123,0.3066,0.142,323.0,1.0,0,,,,,routine_benign,4,8,4,1,0,1,1,5,0,0
txn_4e6870abfd29,46.56,0.0299,0,0,1.0,0.0,1.0,0.0,0.0,1.0,1.0,0.0,14.96,2.1123,2.0,2.0,1036.0,0.0592,50.91,214.0,0.0285,0.0009,0.2845,0.0838,118.0,0.0,0,,,,,routine_benign,4,6,1,1,0,3,3,2,2,0
txn_c206a31ff7e0,39.18,0.277,1,0,3.0,0.0,3.0,0.0,0.0,3.0,3.0,0.0,27.5467,0.4223,16.0,21.0,1036.0,0.0592,50.91,424.0,0.0799,0.0047,0.1834,0.0838,118.0,0.0,0,,,,,routine_benign,4,4,3,1,0,5,5,4,0,0
txn_f1e98d17caf5,14.96,0.1837,0,0,0.0,0.0,0.0,0.0,0.0,0.0,0.0,0.0,0.0,0.0,1440.0,1440.0,1036.0,0.0592,50.91,2402.0,0.0095,0.0084,0.086,0.0838,118.0,0.0,0,,,,,routine_benign,3,8,1,1,0,3,3,0,2,0
txn_2f98a4660c29,19.1,0.1251,2,0,2.0,1.0,4.0,0.0,0.0,0.0,0.0,0.0,30.5,0.3738,66.0,92.0,2687.0,0.0079,263.43,3232.0,0.0626,0.0079,0.0436,0.0838,118.0,0.0,0,,,,,routine_benign,3,4,1,1,0,4,4,4,0,0
txn_ecc107c778b7,16.65,0.2019,1,0,0.0,0.0,2.0,0.0,0.0,0.0,2.0,0.0,0.0,0.0,1440.0,33.0,2687.0,0.0079,263.43,3990.0,0.0719,0.0017,0.2548,0.0838,118.0,0.0,0,,,,,routine_benign,4,6,4,1,0,2,2,4,0,0
txn_34ac9ef571e6,68.5,0.1023,3,0,3.0,1.0,2.0,0.0,0.0,1.0,1.0,0.0,26.7,1.5655,24.0,44.0,2687.0,0.0079,263.43,976.0,0.0666,0.0119,0.3341,0.1005,209.0,1.0,0,,,,,routine_benign,1,4,3,1,0,0,0,3,1,0
txn_59a2fe596426,44.35,0.2158,1,0,1.0,0.0,0.0,0.0,0.0,1.0,0.0,0.0,16.65,1.6637,47.0,1440.0,2687.0,0.0079,263.43,3952.0,0.0039,0.0064,0.2464,0.1005,209.0,1.0,0,,,,,routine_benign,1,4,1,1,0,4,4,4,1,0
txn_56d0609fa109,32.14,0.105,2,0,1.0,1.0,1.0,0.0,0.0,0.0,1.0,0.0,76.53,0.58,81.0,46.0,1756.0,0.0792,270.7,2258.0,0.0111,0.0087,0.0514,0.1005,209.0,1.0,0,,,,,routine_benign,1,8,3,1,0,5,5,1,1,0
txn_4567c4cde7b7,29.88,0.0799,4,0,3.0,0.0,4.0,0.0,0.0,1.0,1.0,0.0,47.64,0.3728,34.0,34.0,1756.0,0.0792,270.7,2538.0,0.0221,0.0123,0.1388,0.1005,209.0,1.0,0,,,,,routine_benign,3,10,1,1,0,4,4,4,3,0
txn_917948913213,34.25,0.3454,4,0,2.0,1.0,3.0,0.0,0.0,0.0,1.0,0.0,54.335,0.3697,96.0,52.0,1756.0,0.0792,270.7,2954.0,0.0315,0.0076,0.2489,0.1005,209.0,1.0,0,,,,,routine_benign,0,8,4,1,0,5,5,4,2,0
txn_5a748823564c,76.53,0.3577,1,0,0.0,0.0,1.0,0.0,0.0,0.0,1.0,0.0,0.0,0.0,1440.0,7.0,1756.0,0.0792,270.7,2201.0,0.0634,0.0044,0.3483,0.0753,87.0,0.0,0,,,,,routine_benign,1,4,3,1,0,3,3,4,3,0
txn_ba500d83f947,21.42,0.4894,4,0,2.0,0.0,3.0,0.0,0.0,0.0,0.0,0.0,118.845,0.8198,126.0,126.0,1404.0,0.0329,167.0,3960.0,0.0291,0.0043,0.14,0.0753,87.0,0.0,0,,,,,atypical_benign,0,4,4,1,1,1,1,2,2,2
txn_247601281e67,51.83,0.2864,1,0,0.0,0.0,0.0,0.0,0.0,0.0,0.0,0.0,0.0,0.0,1440.0,1440.0,1404.0,0.0329,167.0,4424.0,0.0212,0.0049,0.2499,0.0753,87.0,0.0,0,,,,,routine_benign,4,8,3,1,0,2,2,1,2,0
txn_ee2a1bca658d,33.52,0.0778,4,0,3.0,1.0,4.0,0.0,0.0,1.0,1.0,1.0,86.37,0.6119,12.0,12.0,1404.0,0.0329,167.0,712.0,0.0686,0.0107,0.2338,0.0753,87.0,0.0,0,,,,,routine_benign,2,8,3,1,0,2,2,3,0,0
txn_775c9fd8ae76,185.86,0.5655,1,0,1.0,1.0,2.0,0.0,0.0,1.0,2.0,0.0,51.83,2.586,46.0,39.0,1404.0,0.0329,167.0,427.0,0.0554,0.0089,0.0718,0.0753,87.0,0.0,0,,,,,atypical_benign,1,10,1,1,0,1,1,4,1,0
txn_f24567c918e8,46.73,0.2761,2,0,0.0,1.0,0.0,0.0,0.0,0.0,0.0,0.0,0.0,0.0,1440.0,1440.0,2231.0,0.0701,220.27,4063.0,0.0643,0.0136,0.0121,0.2241,504.0,1.0,0,,,,,routine_benign,3,8,1,1,0,3,3,5,0,0
txn_c821c103346c,123.35,0.2643,6,0,3.0,2.0,4.0,0.0,0.0,1.0,1.0,0.0,37.1167,2.3233,4.0,4.0,2231.0,0.0701,220.27,2814.0,0.0449,0.0034,0.1579,0.2241,504.0,1.0,0,,,,,routine_benign,1,6,3,1,0,4,4,5,2,0
txn_29a289332c36,22.61,0.3168,6,0,2.0,2.0,3.0,0.0,0.0,0.0,0.0,0.0,44.37,0.4904,144.0,110.0,2231.0,0.0701,220.27,2885.0,0.0702,0.0123,0.3066,0.2241,504.0,1.0,0,,,,,routine_benign,2,4,1,1,0,2,2,6,0,0
txn_00b1384bc661,42.01,0.0966,3,0,1.0,2.0,1.0,0.0,0.0,0.0,0.0,0.0,46.73,0.101,110.0,110.0,2231.0,0.0701,220.27,214.0,0.0285,0.0009,0.2845,0.2241,504.0,1.0,0,,,,,routine_benign,2,6,3,1,0,3,3,4,2,0
txn_c13154d09aba,25.55,0.1837,4,0,1.0,1.0,2.0,0.0,1.0,0.0,1.0,0.0,9.04,1.8263,186.0,34.0,2571.0,0.0748,252.66,424.0,0.0799,0.0047,0.1834,0.2241,504.0,1.0,0,,,,,routine_benign,0,6,4,1,0,3,3,6,2,0
txn_d57b99a8cc53,30.47,0.4999,5,0,2.0,2.0,2.0,0.0,0.0,0.0,0.0,0.0,17.295,0.7618,86.0,154.0,2571.0,0.0748,252.66,2402.0,0.0095,0.0084,0.086,0.0386,1052.0,1.0,0,,,,,atypical_benign,4,8,1,1,0,3,3,4,1,0
txn_8a990305aa8c,9.04,0.1204,1,0,0.0,0.0,0.0,0.0,0.0,0.0,0.0,0.0,0.0,0.0,1440.0,1440.0,2571.0,0.0748,252.66,3232.0,0.0626,0.0079,0.0436,0.0386,1052.0,1.0,0,,,,,routine_benign,4,4,4,1,0,2,2,0,1,0
txn_1f534183e6ad,305.42,0.6494,10,1,3.0,3.0,3.0,0.0,0.0,0.0,0.0,0.0,21.6867,13.0833,271.0,271.0,2571.0,0.0748,252.66,3990.0,0.0719,0.0017,0.2548,0.0386,1052.0,1.0,0,,,,,atypical_benign,1,4,3,1,0,2,3,5,3,0
txn_d2e1c7881702,425.48,0.6057,3,1,1.0,0.0,1.0,0.0,1.0,0.0,0.0,0.0,37.34,10.3948,106.0,118.0,876.0,0.0318,243.47,976.0,0.0666,0.0119,0.3341,0.0386,1052.0,1.0,0,,,,,atypical_benign,3,10,3,1,0,5,2,5,0,0
txn_f7e6768d6e91,29.1,0.1751,12,0,3.0,3.0,4.0,0.0,1.0,1.0,0.0,0.0,162.2567,0.8207,43.0,104.0,876.0,0.0318,243.47,3952.0,0.0039,0.0064,0.2464,0.0386,1052.0,1.0,0,,,,,routine_benign,1,4,3,1,0,2,2,1,3,0
txn_991647e01c50,37.34,0.2252,1,0,0.0,0.0,0.0,0.0,0.0,0.0,0.0,0.0,0.0,0.0,1440.0,1440.0,876.0,0.0318,243.47,2258.0,0.0111,0.0087,0.0514,0.166,523.0,1.0,0,,,,,routine_benign,1,10,4,1,0,2,2,1,2,0
txn_f42976b67a1b,23.95,0.2844,11,0,2.0,2.0,4.0,0.0,0.0,0.0,2.0,0.0,231.41,0.8965,486.0,36.0,876.0,0.0318,243.47,2538.0,0.0221,0.0123,0.1388,0.166,523.0,1.0,0,,,,,routine_benign,1,4,1,1,0,5,5,2,3,0
txn_179aa9fecb46,12.86,0.4326,3,1,0.0,0.0,1.0,0.0,0.0,0.0,0.0,0.0,0.0,0.0,1440.0,134.0,152.0,0.0644,109.85,2954.0,0.0315,0.0076,0.2489,0.166,523.0,1.0,0,,,,,atypical_benign,2,6,3,1,0,3,4,4,3,0
txn_e07c6c345784,249.07,0.2708,10,0,2.0,2.0,2.0,0.0,0.0,0.0,0.0,0.0,49.52,4.0297,347.0,403.0,152.0,0.0644,109.85,2201.0,0.0634,0.0044,0.3483,0.166,523.0,1.0,0,,,,,atypical_benign,0,8,1,1,1,4,4,3,0,2
txn_6c1bfd5b7231,28.56,0.2266,10,0,3.0,3.0,3.0,0.0,0.0,1.0,1.0,1.0,116.0367,0.7539,19.0,19.0,152.0,0.0644,109.85,3960.0,0.0291,0.0043,0.14,0.166,523.0,1.0,0,,,,,routine_benign,1,8,1,1,0,0,0,2,2,0
txn_41c6ade2a40b,86.18,0.1047,4,0,1.0,1.0,2.0,0.0,0.0,1.0,1.0,0.0,12.86,5.7014,56.0,28.0,152.0,0.0644,109.85,4424.0,0.0212,0.0049,0.2499,0.0469,1381.0,1.0,0,,,,,routine_benign,0,4,1,1,0,3,3,3,3,0
txn_c2d2bdcb73eb,175.68,0.3151,4,0,1.0,2.0,1.0,0.0,0.0,0.0,0.0,0.0,49.24,2.5678,104.0,104.0,585.0,0.0593,63.02,712.0,0.0686,0.0107,0.2338,0.0469,1381.0,1.0,0,,,,,routine_benign,1,8,3,1,0,2,2,6,3,0
txn_d3babd780366,49.24,0.1893,2,0,0.0,2.0,0.0,0.0,0.0,0.0,0.0,0.0,0.0,0.0,1440.0,1440.0,585.0,0.0593,63.02,427.0,0.0554,0.0089,0.0718,0.0469,1381.0,1.0,0,,,,,routine_benign,3,4,4,1,0,3,3,6,2,0
txn_312f251c7288,34.42,0.2086,13,0,3.0,4.0,4.0,0.0,0.0,1.0,1.0,0.0,95.17,0.6383,56.0,56.0,585.0,0.0593,63.02,4063.0,0.0643,0.0136,0.0121,0.0469,1381.0,1.0,0,,,,,atypical_benign,1,10,1,1,0,5,5,3,0,0
txn_4dcd5c5b4f5b,60.59,0.3208,13,0,2.0,3.0,3.0,0.0,0.0,0.0,0.0,0.0,112.46,0.4612,528.0,500.0,585.0,0.0593,63.02,2814.0,0.0449,0.0034,0.1579,0.0469,1381.0,1.0,0,,,,,atypical_benign,3,8,3,1,0,5,5,3,2,0
txn_1d6ba91f198a,10.79,0.0401,3,0,1.0,1.0,1.0,0.0,0.0,0.0,0.0,0.0,29.61,0.6356,77.0,77.0,1664.0,0.0469,188.69,2885.0,0.0702,0.0123,0.3066,0.0325,1468.0,1.0,0,,,,,routine_benign,2,6,3,1,0,4,4,6,3,0
txn_a307a9b90fa0,29.61,0.2773,2,0,0.0,1.0,0.0,0.0,0.0,0.0,0.0,0.0,0.0,0.0,1440.0,1440.0,1664.0,0.0469,188.69,214.0,0.0285,0.0009,0.2845,0.0325,1468.0,1.0,0,,,,,routine_benign,3,8,4,1,0,4,4,1,3,0
txn_d859b976d957,33.26,0.3587,8,0,3.0,4.0,3.0,0.0,0.0,0.0,0.0,0.0,23.4367,0.4191,289.0,289.0,1664.0,0.0469,188.69,424.0,0.0799,0.0047,0.1834,0.0325,1468.0,1.0,0,,,,,routine_benign,1,4,3,1,0,5,5,0,1,0
txn_01e25959fded,29.91,0.3548,3,0,2.0,1.0,2.0,0.0,0.0,1.0,1.0,0.0,20.2,0.4807,15.0,15.0,1664.0,0.0469,188.69,2402.0,0.0095,0.0084,0.086,0.0325,1468.0,1.0,0,,,,,routine_benign,2,4,1,1,0,3,3,3,3,0
txn_06cdd8aa8d06,101.29,0.0741,14,0,2.0,5.0,4.0,0.0,0.0,1.0,0.0,0.0,394.915,0.7435,25.0,376.0,1795.0,0.0634,66.43,3232.0,0.0626,0.0079,0.0436,0.0325,1468.0,1.0,0,,,,,routine_benign,1,4,1,1,0,3,3,0,1,0
txn_d9e46eb30b54,740.69,0.5773,14,1,1.0,4.0,2.0,0.0,0.0,0.0,0.0,0.0,49.14,14.0731,197.0,197.0,1795.0,0.0634,66.43,3990.0,0.0719,0.0017,0.2548,0.1776,1214.0,0.0,0,,,,,atypical_benign,0,10,3,1,0,2,0,3,0,0
txn_52daf3084756,5.37,0.0438,19,0,3.0,7.0,3.0,0.0,0.0,0.0,0.0,0.0,297.04,0.9819,270.0,295.0,1795.0,0.0634,66.43,976.0,0.0666,0.0119,0.3341,0.1776,1214.0,0.0,0,,,,,routine_benign,4,6,1,1,0,3,3,1,0,0
txn_186666b133c9,49.14,0.2787,10,1,0.0,1.0,1.0,0.0,0.0,0.0,0.0,0.0,0.0,0.0,1440.0,82.0,1795.0,0.0634,66.43,3952.0,0.0039,0.0064,0.2464,0.1776,1214.0,0.0,0,,,,,atypical_benign,3,6,3,1,0,2,5,6,2,0
txn_626ea8ea3dbc,19.5,0.2822,9,0,0.0,3.0,0.0,0.0,0.0,0.0,0.0,0.0,0.0,0.0,1440.0,1440.0,949.0,0.0399,183.98,2258.0,0.0111,0.0087,0.0514,0.1776,1214.0,0.0,0,,,,,routine_benign,4,6,1,1,0,3,3,2,0,0
txn_e4e65d53655e,11.74,0.3252,19,0,3.0,7.0,4.0,0.0,2.0,0.0,1.0,0.0,44.2333,0.7346,76.0,26.0,949.0,0.0399,183.98,2538.0,0.0221,0.0123,0.1388,0.1776,1214.0,0.0,0,,,,,routine_benign,3,4,1,1,0,3,3,5,2,0
txn_55f96b81db31,92.27,0.3195,18,0,2.0,4.0,4.0,0.0,0.0,0.0,0.0,0.0,20.215,3.5644,131.0,74.0,949.0,0.0399,183.98,2954.0,0.0315,0.0076,0.2489,0.2293,193.0,1.0,0,,,,,routine_benign,0,10,3,1,0,1,1,1,1,0
txn_cc3b2532dd56,20.93,0.3515,16,0,1.0,5.0,2.0,0.0,0.0,0.0,0.0,0.0,19.5,0.0733,393.0,333.0,949.0,0.0399,183.98,2201.0,0.0634,0.0044,0.3483,0.2293,193.0,1.0,0,,,,,routine_benign,0,4,4,1,0,0,0,5,2,0
txn_d422205dcfe9,12.78,0.1561,8,0,0.0,2.0,0.0,0.0,0.0,0.0,0.0,0.0,0.0,0.0,1440.0,1440.0,2387.0,0.0278,203.25,3960.0,0.0291,0.0043,0.14,0.2293,193.0,1.0,0,,,,,routine_benign,1,10,3,1,0,0,0,1,0,0
txn_4126188cc2b1,28.71,0.0816,10,0,1.0,2.0,1.0,0.0,0.0,0.0,0.0,0.0,12.78,1.2465,116.0,116.0,2387.0,0.0278,203.25,4424.0,0.0212,0.0049,0.2499,0.2293,193.0,1.0,0,,,,,routine_benign,0,10,3,1,0,2,2,4,1,0
txn_18c95871a86d,334.89,0.3923,17,1,3.0,6.0,3.0,0.0,0.0,0.0,1.0,0.0,67.8233,3.9377,146.0,57.0,2387.0,0.0278,203.25,712.0,0.0686,0.0107,0.2338,0.2293,193.0,1.0,0,,,,,atypical_benign,4,6,1,1,0,4,0,0,2,0
txn_ba2dc718e9c9,161.98,0.0423,14,0,2.0,3.0,3.0,0.0,0.0,0.0,0.0,0.0,20.745,6.8081,244.0,68.0,2387.0,0.0278,203.25,427.0,0.0554,0.0089,0.0718,0.2055,1319.0,0.0,0,,,,,routine_benign,1,4,1,1,0,5,5,0,0,0
txn_c515096d7361,61.73,0.5758,21,1,3.0,7.0,4.0,0.0,1.0,0.0,0.0,0.0,25.2167,1.448,476.0,408.0,2320.0,0.0584,153.46,4063.0,0.0643,0.0136,0.0121,0.2055,1319.0,0.0,0,,,,,atypical_benign,2,4,4,1,0,2,1,3,2,0
txn_3a4065129c2c,11.13,0.2238,5,0,0.0,1.0,0.0,0.0,0.0,0.0,0.0,0.0,0.0,0.0,1440.0,1440.0,2320.0,0.0584,153.46,2814.0,0.0449,0.0034,0.1579,0.2055,1319.0,0.0,0,,,,,routine_benign,1,4,3,1,0,5,5,3,3,0
txn_465e778fdece,16.15,0.2942,13,0,2.0,5.0,2.0,0.0,0.0,0.0,0.0,0.0,29.75,0.4571,222.0,222.0,2320.0,0.0584,153.46,2885.0,0.0702,0.0123,0.3066,0.2055,1319.0,0.0,0,,,,,routine_benign,1,10,4,1,0,5,5,6,0,0
txn_ec60b8aa307c,48.37,0.1678,9,0,1.0,5.0,1.0,0.0,0.0,0.0,0.0,0.0,11.13,3.3459,248.0,248.0,2320.0,0.0584,153.46,214.0,0.0285,0.0009,0.2845,0.2055,1319.0,0.0,0,,,,,routine_benign,0,8,4,1,0,5,5,0,2,0
txn_2b1713ca7a82,40.22,0.2517,6,0,0.0,2.0,1.0,0.0,0.0,0.0,1.0,0.0,0.0,0.0,1440.0,40.0,194.0,0.0106,250.54,424.0,0.0799,0.0047,0.1834,0.1664,1037.0,1.0,0,,,,,routine_benign,0,6,1,1,0,5,5,0,2,0
txn_3debab9cd7df,25.31,0.2111,17,0,2.0,4.0,3.0,0.0,0.0,0.0,0.0,1.0,27.41,0.0766,665.0,665.0,194.0,0.0106,250.54,2402.0,0.0095,0.0084,0.086,0.1664,1037.0,1.0,0,,,,,routine_benign,2,4,1,1,0,0,0,4,0,0
txn_3e2c458de003,14.6,0.6103,6,0,1.0,2.0,2.0,0.0,1.0,1.0,2.0,0.0,40.22,0.637,12.0,12.0,194.0,0.0106,250.54,3232.0,0.0626,0.0079,0.0436,0.1664,1037.0,1.0,0,,,,,atypical_benign,4,4,3,1,1,4,4,2,2,1
txn_9c0e215391d2,22.16,0.133,18,0,3.0,5.0,4.0,0.0,0.0,0.0,0.0,1.0,26.71,0.1703,97.0,97.0,194.0,0.0106,250.54,3990.0,0.0719,0.0017,0.2548,0.1664,1037.0,1.0,0,,,,,routine_benign,2,6,3,1,0,0,0,6,1,0
txn_4c6522969cfd,54.57,0.2042,5,1,0.0,2.0,0.0,0.0,0.0,0.0,0.0,0.0,0.0,0.0,1440.0,1440.0,949.0,0.0347,42.79,976.0,0.0666,0.0119,0.3341,0.1664,1037.0,1.0,0,,,,,atypical_benign,4,8,1,1,1,5,0,6,0,2
txn_ea28de44bcf5,17.97,0.0425,16,0,3.0,5.0,2.0,0.0,1.0,0.0,0.0,1.0,36.7733,0.5113,117.0,117.0,949.0,0.0347,42.79,3952.0,0.0039,0.0064,0.2464,0.0978,1350.0,0.0,0,,,,,routine_benign,4,4,3,1,0,4,4,4,2,0
txn_59fce9e95f2c,11.82,0.0404,14,0,2.0,5.0,1.0,0.0,2.0,0.0,0.0,1.0,49.25,0.76,456.0,456.0,949.0,0.0347,42.79,2258.0,0.0111,0.0087,0.0514,0.0978,1350.0,0.0,0,,,,,routine_benign,4,6,4,1,0,0,0,5,2,0
txn_cf9ff32b920d,43.93,0.1561,6,0,1.0,1.0,0.0,0.0,0.0,0.0,0.0,1.0,54.57,0.195,82.0,1440.0,949.0,0.0347,42.79,2538.0,0.0221,0.0123,0.1388,0.0978,1350.0,0.0,0,,,,,routine_benign,1,8,1,1,0,3,3,5,0,0
txn_f631ef3f55c2,47.42,0.0491,19,0,3.0,6.0,4.0,0.0,1.0,0.0,0.0,0.0,101.7867,0.5341,91.0,121.0,1875.0,0.0743,167.32,2954.0,0.0315,0.0076,0.2489,0.0978,1350.0,0.0,0,,,,,routine_benign,2,6,1,1,0,1,1,1,0,0
txn_8ccedb43cc52,12.84,0.3501,17,0,1.0,6.0,3.0,0.0,0.0,0.0,1.0,0.0,29.96,0.5714,755.0,60.0,1875.0,0.0743,167.32,2201.0,0.0634,0.0044,0.3483,0.0978,1350.0,0.0,0,,,,,routine_benign,1,4,1,1,0,2,2,5,0,0
txn_affbd4c9c276,29.96,0.2913,4,0,0.0,1.0,0.0,0.0,0.0,0.0,0.0,0.0,0.0,0.0,1440.0,1440.0,1875.0,0.0743,167.32,3960.0,0.0291,0.0043,0.14,0.2211,1464.0,1.0,0,,,,,routine_benign,1,4,4,1,0,3,3,1,2,0
txn_feee4662f51c,262.56,0.6466,17,0,2.0,6.0,2.0,0.0,0.0,1.0,0.0,0.0,21.4,11.2692,30.0,273.0,1875.0,0.0743,167.32,4424.0,0.0212,0.0049,0.2499,0.2211,1464.0,1.0,0,,,,,atypical_benign,4,10,4,1,0,2,2,2,2,0
txn_58a2fbf81de9,23.42,0.0481,13,0,0.0,3.0,1.0,0.0,0.0,0.0,0.0,0.0,0.0,0.0,1440.0,512.0,2481.0,0.0431,99.0,712.0,0.0686,0.0107,0.2338,0.2211,1464.0,1.0,0,,,,,routine_benign,0,6,4,1,0,3,3,1,0,0
txn_2b2d42a02389,19.02,0.337,6,0,3.0,11.0,4.0,0.0,1.0,0.0,0.0,0.0,28.1133,0.3235,175.0,345.0,2481.0,0.0431,99.0,427.0,0.0554,0.0089,0.0718,0.2211,1464.0,1.0,0,,,,,routine_benign,1,8,4,1,0,5,5,1,1,0
txn_4ab72c1c8182,30.98,0.0353,0,0,1.0,8.0,3.0,0.0,1.0,0.0,0.0,0.0,23.42,0.3228,688.0,415.0,2481.0,0.0431,99.0,4063.0,0.0643,0.0136,0.0121,0.2211,1464.0,1.0,0,,,,,routine_benign,0,10,3,1,0,3,3,5,1,0
txn_a87726d6c876,29.94,0.3235,3,0,2.0,10.0,3.0,0.0,1.0,0.0,1.0,0.0,27.2,0.1007,170.0,54.0,2481.0,0.0431,99.0,2814.0,0.0449,0.0034,0.1579,0.2138,997.0,1.0,0,,,,,routine_benign,2,10,4,1,0,1,1,6,1,0
txn_711ddcdb2e99,43.87,0.04,2,0,2.0,8.0,2.0,0.0,0.0,0.0,0.0,0.0,30.615,0.433,253.0,253.0,122.0,0.0138,76.05,2885.0,0.0702,0.0123,0.3066,0.2138,997.0,1.0,0,,,,,routine_benign,1,4,4,1,0,3,3,2,2,0
txn_08c6712f201f,14.37,0.2405,4,0,3.0,9.0,4.0,0.0,0.0,0.0,1.0,0.0,35.0333,0.5898,98.0,44.0,122.0,0.0138,76.05,214.0,0.0285,0.0009,0.2845,0.2138,997.0,1.0,0,,,,,routine_benign,2,6,1,1,0,0,0,4,0,0
txn_a3fb8db48b51,28.35,0.0219,22,0,0.0,10.0,0.0,0.0,1.0,0.0,0.0,0.0,0.0,0.0,1440.0,1440.0,122.0,0.0138,76.05,424.0,0.0799,0.0047,0.1834,0.2138,997.0,1.0,0,,,,,routine_benign,1,8,3,1,0,2,2,3,0,0
txn_c69b3c0dd735,32.88,0.3387,22,0,1.0,5.0,1.0,0.0,0.0,1.0,1.0,0.0,28.35,0.1598,17.0,17.0,122.0,0.0138,76.05,2402.0,0.0095,0.0084,0.086,0.2138,997.0,1.0,0,,,,,routine_benign,3,4,3,1,0,4,4,0,3,0
txn_05a066a2f9ba,40.52,0.106,6,0,0.0,3.0,0.0,0.0,0.0,0.0,0.0,0.0,0.0,0.0,1440.0,1440.0,1478.0,0.048,197.24,3232.0,0.0626,0.0079,0.0436,0.0471,493.0,0.0,0,,,,,routine_benign,3,4,3,1,0,3,3,6,1,0
txn_177405a51d6b,70.04,0.0976,0,0,2.0,6.0,3.0,0.0,1.0,0.0,0.0,0.0,27.9,1.5104,296.0,296.0,1478.0,0.048,197.24,3990.0,0.0719,0.0017,0.2548,0.0471,493.0,0.0,0,,,,,routine_benign,0,4,3,1,0,5,5,1,3,0
txn_83764358940a,27.85,0.1346,1,0,3.0,9.0,4.0,0.0,1.0,0.0,0.0,0.0,41.9467,0.3361,100.0,100.0,1478.0,0.048,197.24,976.0,0.0666,0.0119,0.3341,0.0471,493.0,0.0,0,,,,,routine_benign,4,10,1,1,0,4,4,3,0,0
txn_70db3b0a6af4,15.28,0.2468,19,0,1.0,7.0,2.0,0.0,1.0,0.0,0.0,0.0,40.52,0.6229,762.0,322.0,1478.0,0.048,197.24,3952.0,0.0039,0.0064,0.2464,0.0471,493.0,0.0,0,,,,,routine_benign,4,10,3,1,0,5,5,6,0,0
txn_5d22b555e397,47.38,0.1974,14,0,1.0,4.0,1.0,0.0,0.0,0.0,0.0,0.0,20.87,1.2702,231.0,440.0,1607.0,0.0635,123.51,2258.0,0.0111,0.0087,0.0514,0.0471,493.0,0.0,0,,,,,atypical_benign,1,4,3,1,0,3,3,2,3,0
txn_7cd1b8f35696,49.68,0.3413,11,0,3.0,11.0,3.0,0.0,2.0,0.0,0.0,0.0,35.9767,0.3809,1093.0,981.0,1607.0,0.0635,123.51,2538.0,0.0221,0.0123,0.1388,0.0932,1442.0,0.0,0,,,,,routine_benign,4,4,1,1,0,2,2,3,1,0
txn_0e213b5d9231,39.68,0.0497,17,0,2.0,3.0,1.0,0.0,2.0,0.0,0.0,0.0,34.125,0.1628,192.0,423.0,1607.0,0.0635,123.51,2954.0,0.0315,0.0076,0.2489,0.0932,1442.0,0.0,0,,,,,routine_benign,2,10,3,1,0,2,2,2,0,0
txn_2c237d6568dc,20.87,0.2105,10,0,0.0,1.0,0.0,0.0,1.0,0.0,0.0,0.0,0.0,0.0,1440.0,1440.0,1607.0,0.0635,123.51,2201.0,0.0634,0.0044,0.3483,0.0932,1442.0,0.0,0,,,,,routine_benign,4,8,3,1,0,4,4,6,3,0
txn_11614eb9963d,1371.95,0.3603,19,0,0.0,4.0,2.0,0.0,1.0,0.0,0.0,0.0,0.0,0.0,1440.0,112.0,2541.0,0.0205,192.18,3960.0,0.0291,0.0043,0.14,0.0932,1442.0,0.0,0,,,,,atypical_benign,1,10,3,1,0,0,0,1,0,0
txn_93ea54b814fb,15.02,0.2734,13,0,3.0,9.0,4.0,0.0,1.0,0.0,0.0,0.0,476.45,0.9685,132.0,100.0,2541.0,0.0205,192.18,4424.0,0.0212,0.0049,0.2499,0.0932,1442.0,0.0,0,,,,,routine_benign,4,10,1,1,0,1,1,4,3,0
txn_f8ffb49d6b6b,31.84,0.3352,3,0,1.0,8.0,2.0,0.0,0.0,0.0,0.0,0.0,1371.95,0.9768,476.0,1068.0,2541.0,0.0205,192.18,712.0,0.0686,0.0107,0.2338,0.25,271.0,0.0,0,,,,,routine_benign,0,8,1,1,0,2,2,3,1,0
txn_0b56a104eb28,25.56,0.2024,10,0,2.0,12.0,4.0,0.0,1.0,0.0,0.0,0.0,701.895,0.9636,473.0,233.0,2541.0,0.0205,192.18,427.0,0.0554,0.0089,0.0718,0.25,271.0,0.0,0,,,,,routine_benign,4,10,3,1,0,1,1,2,2,0
txn_5ca2522836bf,19.64,0.2687,9,0,2.0,2.0,1.0,0.0,0.0,0.0,0.0,0.0,49.225,0.601,176.0,176.0,1325.0,0.0237,165.95,4063.0,0.0643,0.0136,0.0121,0.25,271.0,0.0,0,,,,,routine_benign,3,8,1,1,0,2,2,4,2,0
txn_ea06e3733748,24.68,0.128,7,0,3.0,11.0,3.0,0.0,0.0,0.0,0.0,0.0,39.3633,0.373,1308.0,240.0,1325.0,0.0237,165.95,2814.0,0.0449,0.0034,0.1579,0.25,271.0,0.0,0,,,,,routine_benign,0,4,4,1,0,4,4,1,3,0
txn_87d7fc7a12d6,75.93,0.1993,6,0,1.0,3.0,0.0,0.0,0.0,0.0,0.0,0.0,22.52,2.3717,91.0,1440.0,1325.0,0.0237,165.95,2885.0,0.0702,0.0123,0.3066,0.25,271.0,0.0,0,,,,,routine_benign,1,10,1,1,0,5,5,2,1,0
txn_dcaff1485ffa,22.52,0.0587,4,0,0.0,3.0,0.0,0.0,0.0,0.0,0.0,0.0,0.0,0.0,1440.0,1440.0,1325.0,0.0237,165.95,214.0,0.0285,0.0009,0.2845,0.1951,33.0,1.0,0,,,,,routine_benign,4,4,4,1,0,4,4,3,0,0
txn_327b71b5905f,219.95,0.3524,17,0,1.0,7.0,2.0,0.0,0.0,0.0,0.0,1.0,114.82,0.9156,566.0,566.0,1304.0,0.0776,163.47,424.0,0.0799,0.0047,0.1834,0.1951,33.0,1.0,0,,,,,routine_benign,1,6,4,1,0,1,1,5,3,0
txn_c88943d62494,30.71,0.3191,5,0,2.0,7.0,3.0,0.0,0.0,0.0,0.0,1.0,167.385,0.8165,690.0,690.0,1304.0,0.0776,163.47,2402.0,0.0095,0.0084,0.086,0.1951,33.0,1.0,0,,,,,routine_benign,1,8,4,1,0,4,4,4,1,0
txn_27c2ff9d95f6,114.82,0.3553,8,0,0.0,4.0,1.0,0.0,0.0,0.0,0.0,0.0,0.0,0.0,1440.0,205.0,1304.0,0.0776,163.47,3232.0,0.0626,0.0079,0.0436,0.1951,33.0,1.0,0,,,,,atypical_benign,2,8,3,1,1,2,2,4,0,2
txn_0ced9dba2aa4,162.26,0.0808,13,0,3.0,11.0,4.0,0.0,2.0,0.0,0.0,0.0,121.8267,0.3319,531.0,531.0,1304.0,0.0776,163.47,3990.0,0.0719,0.0017,0.2548,0.1951,33.0,1.0,0,,,,,routine_benign,1,6,3,1,0,4,4,0,3,0
txn_ec0ef7b0804d,221.11,0.0592,18,0,1.0,5.0,2.0,0.0,1.0,0.0,0.0,0.0,40.78,4.422,70.0,70.0,547.0,0.0197,196.32,976.0,0.0666,0.0119,0.3341,0.2347,172.0,0.0,0,,,,,routine_benign,2,8,4,1,0,3,3,3,3,0
txn_f562373ead80,14.05,0.0595,7,0,3.0,9.0,4.0,0.0,1.0,0.0,0.0,0.0,98.01,0.8566,389.0,389.0,547.0,0.0197,196.32,3952.0,0.0039,0.0064,0.2464,0.2347,172.0,0.0,0,,,,,routine_benign,1,8,1,1,0,5,5,5,3,0
txn_3c270eeb394f,32.14,0.3534,1,0,2.0,10.0,3.0,0.0,1.0,0.0,0.0,0.0,130.945,0.7546,430.0,430.0,547.0,0.0197,196.32,2258.0,0.0111,0.0087,0.0514,0.2347,172.0,0.0,0,,,,,routine_benign,1,8,3,1,0,4,4,1,0,0
txn_42d100c241c9,40.78,0.2954,17,0,0.0,6.0,1.0,0.0,1.0,0.0,0.0,0.0,0.0,0.0,1440.0,302.0,547.0,0.0197,196.32,2538.0,0.0221,0.0123,0.1388,0.2347,172.0,0.0,0,,,,,routine_benign,3,4,4,1,0,1,1,3,0,0
txn_a6579141622d,39.46,0.1197,12,0,0.0,2.0,0.0,0.0,0.0,0.0,0.0,0.0,0.0,0.0,1440.0,1440.0,787.0,0.0609,134.3,2954.0,0.0315,0.0076,0.2489,0.2347,172.0,0.0,0,,,,,routine_benign,0,10,3,1,0,0,0,6,3,0
txn_7dffba2975e5,46.3,0.1575,22,0,1.0,8.0,1.0,0.0,1.0,0.0,0.0,0.0,39.46,0.1733,637.0,501.0,787.0,0.0609,134.3,2201.0,0.0634,0.0044,0.3483,0.1231,1090.0,0.0,0,,,,,routine_benign,2,10,1,1,0,0,0,3,2,0
txn_31b6fe64b67b,26.67,0.2063,20,0,2.0,12.0,3.0,0.0,2.0,0.0,0.0,0.0,42.88,0.378,1285.0,1124.0,787.0,0.0609,134.3,3960.0,0.0291,0.0043,0.14,0.1231,1090.0,0.0,0,,,,,routine_benign,0,8,4,1,0,2,2,5,3,0
txn_a969dda32da6,13.43,0.2446,20,0,3.0,12.0,4.0,0.0,2.0,1.0,1.0,0.0,37.4767,0.6416,25.0,25.0,787.0,0.0609,134.3,4424.0,0.0212,0.0049,0.2499,0.1231,1090.0,0.0,0,,,,,routine_benign,0,6,1,1,0,2,2,0,3,0
txn_69169ea1ca1b,15.99,0.3288,14,0,0.0,4.0,0.0,0.0,0.0,0.0,0.0,0.0,0.0,0.0,1440.0,1440.0,840.0,0.0407,67.56,712.0,0.0686,0.0107,0.2338,0.1231,1090.0,0.0,0,,,,,routine_benign,3,10,4,1,0,4,4,6,2,0
txn_9e55f4d2b8c7,37.33,0.3141,1,0,1.0,9.0,2.0,0.0,1.0,0.0,0.0,0.0,15.99,1.3346,662.0,161.0,840.0,0.0407,67.56,427.0,0.0554,0.0089,0.0718,0.1231,1090.0,0.0,0,,,,,routine_benign,1,4,3,1,0,5,5,1,1,0
txn_f10272505739,10.41,0.3038,9,0,2.0,10.0,3.0,0.0,0.0,0.0,0.0,0.0,26.66,0.6095,454.0,524.0,840.0,0.0407,67.56,4063.0,0.0643,0.0136,0.0121,0.0401,312.0,0.0,0,,,,,routine_benign,2,8,4,1,0,0,0,3,2,0
txn_62f2ca195648,20.25,0.0803,13,0,3.0,12.0,4.0,0.0,1.0,0.0,0.0,0.0,21.2433,0.0468,240.0,240.0,840.0,0.0407,67.56,2814.0,0.0449,0.0034,0.1579,0.0401,312.0,0.0,0,,,,,routine_benign,3,6,4,1,0,2,2,0,3,0
txn_6aaa5146af4d,18.17,0.1913,0,0,3.0,7.0,2.0,0.0,0.0,0.0,0.0,1.0,35.5133,0.4884,651.0,772.0,322.0,0.0298,147.21,2885.0,0.0702,0.0123,0.3066,0.0401,312.0,0.0,0,,,,,routine_benign,4,6,1,1,0,5,5,3,2,0
txn_7a22c2ae4a98,58.39,0.489,9,0,0.0,4.0,0.0,0.0,0.0,0.0,0.0,0.0,0.0,0.0,1440.0,1440.0,322.0,0.0298,147.21,214.0,0.0285,0.0009,0.2845,0.0401,312.0,0.0,0,,,,,atypical_benign,2,4,1,1,1,4,4,1,1,2
txn_419379023fa3,16.43,0.3884,11,0,1.0,6.0,1.0,0.0,0.0,0.0,0.0,1.0,58.39,0.7186,119.0,119.0,322.0,0.0298,147.21,424.0,0.0799,0.0047,0.1834,0.0401,312.0,0.0,0,,,,,atypical_benign,4,8,1,1,0,4,4,5,2,0
txn_2dec21995144,31.72,0.2025,13,0,2.0,3.0,0.0,0.0,1.0,0.0,0.0,1.0,37.41,0.1521,121.0,1440.0,322.0,0.0298,147.21,2402.0,0.0095,0.0084,0.086,0.0022,1425.0,1.0,0,,,,,routine_benign,4,8,4,1,0,4,4,0,1,0
txn_b9af4a940857,7.24,0.0735,19,0,1.0,6.0,2.0,0.0,0.0,0.0,0.0,0.0,79.32,0.9087,334.0,334.0,1880.0,0.0253,146.24,3232.0,0.0626,0.0079,0.0436,0.0022,1425.0,1.0,0,,,,,routine_benign,4,4,3,1,0,2,2,6,0,0
txn_9f8b1a6e0414,44.91,0.201,3,0,3.0,7.0,4.0,0.0,0.0,0.0,0.0,0.0,57.0633,0.213,210.0,210.0,1880.0,0.0253,146.24,3990.0,0.0719,0.0017,0.2548,0.0022,1425.0,1.0,0,,,,,routine_benign,1,6,3,1,0,1,1,5,2,0
txn_41e2b8d02da1,79.32,0.6527,13,0,0.0,4.0,1.0,0.0,0.0,0.0,1.0,0.0,0.0,0.0,1440.0,21.0,1880.0,0.0253,146.24,976.0,0.0666,0.0119,0.3341,0.0022,1425.0,1.0,0,,,,,atypical_benign,0,4,3,1,0,5,5,0,3,0
txn_8a8dfca1103d,84.63,0.135,23,0,2.0,8.0,3.0,0.0,1.0,0.0,0.0,0.0,43.28,0.9554,268.0,268.0,1880.0,0.0253,146.24,3952.0,0.0039,0.0064,0.2464,0.0022,1425.0,1.0,0,,,,,routine_benign,2,6,4,1,0,2,2,2,1,0
txn_3aa9821a5317,44.12,0.161,6,0,0.0,2.0,0.0,0.0,0.0,0.0,0.0,0.0,0.0,0.0,1440.0,1440.0,2806.0,0.0643,266.25,2258.0,0.0111,0.0087,0.0514,0.0818,609.0,0.0,0,,,,,routine_benign,4,4,4,1,0,1,1,4,0,0
txn_4fd6e58e7bec,26.95,0.267,10,0,2.0,10.0,2.0,0.0,0.0,0.0,0.0,0.0,97.45,0.7234,105.0,105.0,2806.0,0.0643,266.25,2538.0,0.0221,0.0123,0.1388,0.0818,609.0,0.0,0,,,,,routine_benign,0,8,4,1,0,5,5,3,1,0
txn_07f143219e24,150.78,0.1463,8,0,1.0,11.0,1.0,0.0,0.0,0.0,0.0,0.0,44.12,2.4175,1592.0,1592.0,2806.0,0.0643,266.25,2954.0,0.0315,0.0076,0.2489,0.0818,609.0,0.0,0,,,,,routine_benign,3,4,1,1,0,5,5,1,3,0
txn_a5871b53dcdd,17.49,0.6273,19,0,3.0,10.0,4.0,0.0,1.0,0.0,0.0,0.0,73.95,0.7635,526.0,475.0,2806.0,0.0643,266.25,2201.0,0.0634,0.0044,0.3483,0.0818,609.0,0.0,0,,,,,atypical_benign,0,8,4,1,0,4,4,6,0,0
txn_2ce943aaea98,33.76,0.1671,11,0,0.0,9.0,3.0,0.0,2.0,0.0,1.0,0.0,0.0,0.0,1440.0,51.0,2008.0,0.057,173.83,3960.0,0.0291,0.0043,0.14,0.0818,609.0,0.0,0,,,,,routine_benign,0,4,1,1,0,3,3,4,1,0
txn_539a70229451,17.79,0.2811,23,1,1.0,13.0,2.0,0.0,0.0,0.0,0.0,0.0,33.76,0.473,767.0,1714.0,2008.0,0.057,173.83,4424.0,0.0212,0.0049,0.2499,0.1306,985.0,1.0,0,,,,,atypical_benign,4,4,4,1,0,1,5,6,0,0
txn_eae9f8af9687,12.2,0.3534,0,0,2.0,17.0,3.0,0.0,2.0,1.0,1.0,0.0,25.775,0.5267,23.0,23.0,2008.0,0.057,173.83,712.0,0.0686,0.0107,0.2338,0.1306,985.0,1.0,0,,,,,routine_benign,3,4,3,1,0,4,4,5,2,0
txn_89bc9603849b,80.28,0.2764,0,0,3.0,18.0,4.0,0.0,0.0,2.0,2.0,0.0,21.25,2.7779,23.0,23.0,2008.0,0.057,173.83,427.0,0.0554,0.0089,0.0718,0.1306,985.0,1.0,0,,,,,atypical_benign,3,4,1,1,0,5,5,5,0,0
txn_9b9dfa388423,14.3,0.2284,12,0,0.0,3.0,0.0,0.0,1.0,0.0,0.0,0.0,0.0,0.0,1440.0,1440.0,318.0,0.0476,36.71,4063.0,0.0643,0.0136,0.0121,0.1306,985.0,1.0,0,,,,,routine_benign,3,8,1,1,0,5,5,5,3,0
txn_38be11ed8900,27.34,0.3171,19,0,1.0,6.0,1.0,0.0,0.0,0.0,0.0,0.0,14.3,0.9119,393.0,393.0,318.0,0.0476,36.71,2814.0,0.0449,0.0034,0.1579,0.1306,985.0,1.0,0,,,,,routine_benign,2,4,4,1,0,4,4,0,1,0
txn_fd106d46b8d2,23.62,0.1271,23,0,2.0,6.0,1.0,0.0,0.0,0.0,0.0,0.0,20.82,0.1345,269.0,242.0,318.0,0.0476,36.71,2885.0,0.0702,0.0123,0.3066,0.1489,212.0,1.0,0,,,,,routine_benign,3,6,1,1,0,0,0,1,1,0
txn_09544c9d4934,15.09,0.0246,13,0,3.0,11.0,3.0,0.0,1.0,0.0,0.0,0.0,21.7533,0.3063,797.0,351.0,318.0,0.0476,36.71,214.0,0.0285,0.0009,0.2845,0.1489,212.0,1.0,0,,,,,routine_benign,4,4,3,1,0,3,3,6,3,0
txn_9a6ceb74025a,106.62,0.1548,19,0,1.0,9.0,0.0,0.0,1.0,0.0,0.0,0.0,40.96,1.603,783.0,1440.0,644.0,0.0009,183.44,424.0,0.0799,0.0047,0.1834,0.1489,212.0,1.0,0,,,,,routine_benign,1,6,3,1,0,5,5,3,3,0
txn_e034b0242207,7.31,0.1019,22,0,3.0,12.0,4.0,0.0,0.0,0.0,0.0,0.0,63.8467,0.8855,917.0,566.0,644.0,0.0009,183.44,2402.0,0.0095,0.0084,0.086,0.1489,212.0,1.0,0,,,,,routine_benign,0,4,1,1,0,1,1,6,3,0
txn_80062e54f0c1,43.96,0.0649,7,0,2.0,12.0,2.0,0.0,1.0,0.0,0.0,0.0,73.79,0.4043,688.0,446.0,644.0,0.0009,183.44,3232.0,0.0626,0.0079,0.0436,0.1489,212.0,1.0,0,,,,,routine_benign,0,6,4,1,0,2,2,1,0,0
txn_71d8cef13985,40.96,0.2471,6,0,0.0,1.0,0.0,0.0,0.0,0.0,0.0,0.0,0.0,0.0,1440.0,1440.0,644.0,0.0009,183.44,3990.0,0.0719,0.0017,0.2548,0.1962,252.0,1.0,0,,,,,routine_benign,1,10,4,1,0,3,3,6,3,0
txn_ee806e58bbfd,23.15,0.2678,22,0,1.0,8.0,2.0,0.0,0.0,0.0,0.0,0.0,9.89,1.3407,538.0,538.0,1135.0,0.0079,268.93,976.0,0.0666,0.0119,0.3341,0.1962,252.0,1.0,0,,,,,routine_benign,0,4,4,1,0,3,3,0,1,0
txn_5ffb32f1e75a,9.89,0.12,13,0,0.0,4.0,1.0,0.0,1.0,0.0,0.0,0.0,0.0,0.0,1440.0,417.0,1135.0,0.0079,268.93,3952.0,0.0039,0.0064,0.2464,0.1962,252.0,1.0,0,,,,,routine_benign,3,4,1,1,0,3,3,6,1,0
txn_f672dffe6e74,17.32,0.3128,3,0,2.0,13.0,3.0,0.0,0.0,0.0,0.0,0.0,16.52,0.0484,296.0,296.0,1135.0,0.0079,268.93,2258.0,0.0111,0.0087,0.0514,0.1962,252.0,1.0,0,,,,,routine_benign,0,10,4,1,0,3,3,4,2,0
txn_a5e9da92907f,27.93,0.2383,20,0,3.0,12.0,4.0,0.0,0.0,0.0,0.0,0.0,16.7867,0.6638,985.0,985.0,1135.0,0.0079,268.93,2538.0,0.0221,0.0123,0.1388,0.1962,252.0,1.0,0,,,,,routine_benign,0,6,1,1,0,3,3,6,1,0
txn_07ccd96d665e,18.59,0.238,8,0,1.0,12.0,1.0,0.0,0.0,0.0,0.0,0.0,24.69,0.2471,1102.0,1102.0,2248.0,0.0799,41.35,2954.0,0.0315,0.0076,0.2489,0.2358,685.0,1.0,0,,,,,routine_benign,4,10,1,1,0,3,3,6,2,0
txn_755fa4c1a292,54.57,0.129,3,0,3.0,15.0,4.0,0.0,1.0,0.0,0.0,0.0,44.6033,0.2235,546.0,546.0,2248.0,0.0799,41.35,2201.0,0.0634,0.0044,0.3483,0.2358,685.0,1.0,0,,,,,routine_benign,4,4,3,1,0,1,1,1,3,0
txn_e76545f633c0,90.53,0.1792,18,0,2.0,11.0,3.0,0.0,2.0,0.0,0.0,0.0,21.64,3.1835,596.0,540.0,2248.0,0.0799,41.35,3960.0,0.0291,0.0043,0.14,0.2358,685.0,1.0,0,,,,,routine_benign,1,6,4,1,0,2,2,2,0,0
txn_e950139a9d1c,24.69,0.3154,14,0,0.0,3.0,0.0,0.0,0.0,0.0,0.0,0.0,0.0,0.0,1440.0,1440.0,2248.0,0.0799,41.35,4424.0,0.0212,0.0049,0.2499,0.2358,685.0,1.0,0,,,,,routine_benign,3,10,1,1,0,1,1,0,3,0
txn_d792c19edc8d,36.21,0.293,9,0,1.0,12.0,2.0,0.0,2.0,0.0,1.0,0.0,212.14,0.8293,566.0,56.0,374.0,0.0712,73.78,712.0,0.0686,0.0107,0.2338,0.2358,685.0,1.0,0,,,,,routine_benign,3,4,4,1,0,3,3,0,3,0
txn_9ad59e99be08,212.14,0.2451,0,0,0.0,7.0,0.0,0.0,0.0,0.0,0.0,0.0,0.0,0.0,1440.0,1440.0,374.0,0.0712,73.78,427.0,0.0554,0.0089,0.0718,0.1211,1394.0,0.0,0,,,,,atypical_benign,2,6,1,1,0,3,3,6,2,0
txn_749191e72c65,66.75,0.0785,19,0,3.0,12.0,2.0,0.0,2.0,0.0,0.0,0.0,94.96,0.2971,276.0,276.0,374.0,0.0712,73.78,4063.0,0.0643,0.0136,0.0121,0.1211,1394.0,0.0,0,,,,,routine_benign,3,6,3,1,0,3,3,5,3,0
txn_c0f64ab8f665,36.53,0.0829,15,0,2.0,13.0,1.0,0.0,0.0,0.0,0.0,0.0,124.175,0.7058,336.0,902.0,374.0,0.0712,73.78,2814.0,0.0449,0.0034,0.1579,0.1211,1394.0,0.0,0,,,,,routine_benign,3,8,4,1,0,5,5,5,0,0
txn_2216cc698ac0,25.83,0.2225,20,0,1.0,11.0,3.0,0.0,0.0,0.0,1.0,0.0,34.64,0.2543,2214.0,36.0,1576.0,0.0483,222.07,2885.0,0.0702,0.0123,0.3066,0.1211,1394.0,0.0,0,,,,,routine_benign,0,6,3,1,0,5,5,1,1,0
txn_e9cb9aa979bf,28.97,0.0351,1,0,3.0,14.0,4.0,0.0,2.0,0.0,0.0,0.0,28.0433,0.033,262.0,316.0,1576.0,0.0483,222.07,214.0,0.0285,0.0009,0.2845,0.1211,1394.0,0.0,0,,,,,routine_benign,3,10,4,1,0,4,4,5,3,0
txn_b0a1c5c081e5,34.64,0.351,7,0,0.0,3.0,0.0,0.0,0.0,0.0,0.0,0.0,0.0,0.0,1440.0,1440.0,1576.0,0.0483,222.07,424.0,0.0799,0.0047,0.1834,0.0039,443.0,0.0,0,,,,,routine_benign,3,4,4,1,0,1,1,2,3,0
txn_4b3154cc7f8e,23.66,0.1325,21,0,2.0,11.0,3.0,0.0,0.0,1.0,0.0,0.0,30.235,0.2175,54.0,2256.0,1576.0,0.0483,222.07,2402.0,0.0095,0.0084,0.086,0.0039,443.0,0.0,0,,,,,routine_benign,0,4,3,1,0,0,0,0,2,0
txn_06002550dcb4,46.6,0.3032,7,0,3.0,17.0,4.0,0.0,0.0,0.0,0.0,0.0,37.77,0.2338,1174.0,626.0,2813.0,0.0023,107.46,3232.0,0.0626,0.0079,0.0436,0.0039,443.0,0.0,0,,,,,routine_benign,1,8,4,1,0,2,2,3,2,0
txn_a38c6a6e5c61,40.56,0.2194,7,0,0.0,2.0,1.0,0.0,0.0,0.0,1.0,0.0,0.0,0.0,1440.0,9.0,2813.0,0.0023,107.46,3990.0,0.0719,0.0017,0.2548,0.0039,443.0,0.0,0,,,,,routine_benign,3,8,1,1,0,1,1,4,0,0
txn_8c065a432bab,35.38,0.3562,7,0,1.0,3.0,2.0,0.0,0.0,1.0,2.0,0.0,40.56,0.1277,3.0,3.0,2813.0,0.0023,107.46,976.0,0.0666,0.0119,0.3341,0.0039,443.0,0.0,0,,,,,routine_benign,1,4,4,1,0,4,4,0,2,0
txn_3be7401133a2,37.37,0.1497,12,0,2.0,10.0,3.0,0.0,2.0,0.0,0.0,0.0,37.97,0.0158,1708.0,580.0,2813.0,0.0023,107.46,3952.0,0.0039,0.0064,0.2464,0.0871,145.0,1.0,0,,,,,routine_benign,4,4,1,1,0,1,1,4,3,0
txn_c48b14e7b6f8,26.98,0.1644,23,0,1.0,9.0,1.0,0.0,0.0,0.0,0.0,0.0,18.23,0.48,462.0,462.0,1797.0,0.043,128.79,2258.0,0.0111,0.0087,0.0514,0.0871,145.0,1.0,0,,,,,routine_benign,1,6,4,1,0,1,1,5,0,0
txn_cc38b4bb77ec,18.23,0.1714,15,0,0.0,5.0,0.0,0.0,0.0,0.0,0.0,0.0,0.0,0.0,1440.0,1440.0,1797.0,0.043,128.79,2538.0,0.0221,0.0123,0.1388,0.0871,145.0,1.0,0,,,,,routine_benign,1,8,1,1,0,5,5,1,0,0
txn_f0449b109d84,69.41,0.233,15,0,3.0,13.0,4.0,0.0,1.0,0.0,0.0,0.0,57.3733,0.2098,780.0,200.0,1797.0,0.043,128.79,2954.0,0.0315,0.0076,0.2489,0.0871,145.0,1.0,0,,,,,routine_benign,1,4,3,1,0,5,5,2,0,0
txn_ce1519a6d979,126.91,0.5364,2,0,2.0,9.0,2.0,0.0,2.0,0.0,0.0,0.0,22.605,4.6142,186.0,186.0,1797.0,0.043,128.79,2201.0,0.0634,0.0044,0.3483,0.0871,145.0,1.0,0,,,,,atypical_benign,4,6,1,1,0,2,2,4,2,0
txn_70126999b55f,27.03,0.2656,0,0,1.0,15.0,2.0,0.0,1.0,0.0,0.0,0.0,14.0,0.9307,1260.0,1260.0,2930.0,0.0143,201.84,3960.0,0.0291,0.0043,0.14,0.0406,383.0,0.0,0,,,,,routine_benign,1,4,4,1,0,4,4,5,2,0
txn_63a14ca346bb,36.97,0.2478,11,0,2.0,14.0,3.0,0.0,1.0,0.0,0.0,0.0,20.515,0.8021,662.0,662.0,2930.0,0.0143,201.84,4424.0,0.0212,0.0049,0.2499,0.0406,383.0,0.0,0,,,,,routine_benign,4,4,1,1,0,2,2,5,1,0
txn_c319d744b191,14.0,0.2682,3,0,0.0,9.0,1.0,0.0,1.0,0.0,0.0,0.0,0.0,0.0,1440.0,472.0,2930.0,0.0143,201.84,712.0,0.0686,0.0107,0.2338,0.0406,383.0,0.0,0,,,,,routine_benign,4,8,3,1,0,1,1,3,3,0
txn_499abb13dae4,27.81,0.2286,17,0,3.0,23.0,4.0,0.0,2.0,0.0,0.0,0.0,26.0,0.0696,370.0,370.0,2930.0,0.0143,201.84,427.0,0.0554,0.0089,0.0718,0.0406,383.0,0.0,0,,,,,routine_benign,1,8,1,1,0,2,2,1,2,0
txn_0fa1cb476f0a,59.22,0.1916,19,0,1.0,6.0,0.0,0.0,1.0,0.0,0.0,0.0,27.03,1.1909,313.0,1440.0,2088.0,0.049,102.71,4063.0,0.0643,0.0136,0.0121,0.0406,383.0,0.0,0,,,,,routine_benign,0,10,4,1,0,5,5,2,3,0
txn_f7a1e2392280,77.62,0.1575,22,0,2.0,15.0,3.0,0.0,1.0,0.0,0.0,0.0,43.125,0.7999,1657.0,608.0,2088.0,0.049,102.71,2814.0,0.0449,0.0034,0.1579,0.2166,999.0,0.0,0,,,,,routine_benign,3,6,1,1,0,1,1,5,2,0
txn_b12cad9e92d6,38.35,0.2874,10,0,3.0,13.0,4.0,0.0,2.0,0.0,0.0,0.0,54.6233,0.2979,681.0,681.0,2088.0,0.049,102.71,2885.0,0.0702,0.0123,0.3066,0.2166,999.0,0.0,0,,,,,routine_benign,4,4,3,1,0,1,1,3,1,0
txn_b870cd291f70,27.03,0.2478,13,0,0.0,6.0,1.0,0.0,0.0,0.0,0.0,0.0,0.0,0.0,1440.0,331.0,2088.0,0.049,102.71,214.0,0.0285,0.0009,0.2845,0.2166,999.0,0.0,0,,,,,routine_benign,3,8,3,1,0,4,4,3,1,0
txn_b51f05502f6d,22.43,0.2182,8,0,0.0,5.0,0.0,0.0,1.0,0.0,0.0,0.0,0.0,0.0,1440.0,1440.0,2095.0,0.0254,46.57,424.0,0.0799,0.0047,0.1834,0.2166,999.0,0.0,0,,,,,routine_benign,3,8,4,1,0,4,4,2,3,0
txn_f590d36078b0,38.84,0.0237,12,0,2.0,9.0,2.0,0.0,0.0,0.0,0.0,0.0,42.15,0.0785,487.0,1362.0,2095.0,0.0254,46.57,2402.0,0.0095,0.0084,0.086,0.2166,999.0,0.0,0,,,,,routine_benign,1,4,3,1,0,2,2,0,3,0
txn_fed63e06058e,20.28,0.4714,0,0,3.0,13.0,1.0,0.0,0.0,0.0,0.0,0.0,41.0467,0.5059,693.0,1180.0,2095.0,0.0254,46.57,3232.0,0.0626,0.0079,0.0436,0.1424,131.0,1.0,0,,,,,atypical_benign,1,6,1,1,0,2,2,2,0,0
txn_4e8a313120a1,61.87,0.1679,4,0,1.0,8.0,0.0,0.0,1.0,0.0,0.0,0.0,22.43,1.7584,1206.0,1440.0,2095.0,0.0254,46.57,3990.0,0.0719,0.0017,0.2548,0.1424,131.0,1.0,0,,,,,routine_benign,4,4,1,1,0,4,4,6,0,0
txn_7af254e2734b,16.42,0.3291,17,0,3.0,18.0,4.0,0.0,3.0,0.0,0.0,0.0,27.29,0.3983,150.0,150.0,871.0,0.0487,141.46,976.0,0.0666,0.0119,0.3341,0.1424,131.0,1.0,0,,,,,routine_benign,2,8,4,1,0,1,1,3,2,0
txn_83607782d594,52.07,0.0631,15,0,2.0,15.0,3.0,0.0,1.0,0.0,0.0,0.0,14.9,2.4946,848.0,848.0,871.0,0.0487,141.46,3952.0,0.0039,0.0064,0.2464,0.1424,131.0,1.0,0,,,,,routine_benign,3,10,1,1,0,1,1,1,1,0
txn_f83401430af4,15.56,0.3099,1,0,1.0,18.0,2.0,0.0,1.0,0.0,0.0,0.0,14.24,0.0927,158.0,68.0,871.0,0.0487,141.46,2258.0,0.0111,0.0087,0.0514,0.1424,131.0,1.0,0,,,,,routine_benign,1,10,1,1,0,3,3,6,0,0
txn_4f46a94ea75a,14.24,0.3431,22,0,0.0,14.0,4.0,0.0,1.0,0.0,0.0,0.0,0.0,0.0,1440.0,842.0,871.0,0.0487,141.46,2538.0,0.0221,0.0123,0.1388,0.0684,313.0,1.0,0,,,,,routine_benign,3,6,4,1,0,5,5,2,0,0
txn_86c7f36426b6,53.57,0.2071,2,0,2.0,7.0,2.0,0.0,1.0,0.0,0.0,0.0,34.89,0.5354,689.0,689.0,2958.0,0.0203,143.19,2954.0,0.0315,0.0076,0.2489,0.0684,313.0,1.0,0,,,,,routine_benign,3,8,4,1,0,4,4,3,3,0
txn_44f8befa2da8,51.16,0.1236,11,0,0.0,4.0,0.0,0.0,0.0,0.0,0.0,0.0,0.0,0.0,1440.0,1440.0,2958.0,0.0203,143.19,2201.0,0.0634,0.0044,0.3483,0.0684,313.0,1.0,0,,,,,routine_benign,1,8,4,1,0,4,4,3,1,0
txn_442680f74427,10.51,0.1575,8,0,3.0,8.0,3.0,0.0,0.0,0.0,0.0,0.0,41.1167,0.7444,374.0,374.0,2958.0,0.0203,143.19,3960.0,0.0291,0.0043,0.14,0.0684,313.0,1.0,0,,,,,routine_benign,0,10,1,1,0,3,3,3,0,0
txn_88d9382813f9,18.62,0.1024,14,0,1.0,5.0,1.0,0.0,0.0,0.0,0.0,0.0,51.16,0.636,187.0,187.0,2958.0,0.0203,143.19,4424.0,0.0212,0.0049,0.2499,0.0684,313.0,1.0,0,,,,,routine_benign,4,4,4,1,0,4,4,0,3,0
txn_739adf49b9b2,59.7,0.3132,0,0,3.0,20.0,4.0,0.0,2.0,0.0,0.0,0.0,26.9767,1.213,1226.0,1226.0,736.0,0.0691,126.09,712.0,0.0686,0.0107,0.2338,0.0492,1152.0,0.0,0,,,,,routine_benign,2,4,3,1,0,1,1,2,0,0
txn_6e6f2b70302b,7.49,0.2457,18,0,1.0,4.0,1.0,0.0,0.0,0.0,0.0,0.0,25.32,0.7042,171.0,171.0,736.0,0.0691,126.09,427.0,0.0554,0.0089,0.0718,0.0492,1152.0,0.0,0,,,,,routine_benign,1,6,3,1,0,0,0,3,0,0
txn_bb9e3d0cf919,48.12,0.3221,3,0,2.0,13.0,3.0,0.0,1.0,0.0,0.0,0.0,16.405,1.9333,2008.0,518.0,736.0,0.0691,126.09,4063.0,0.0643,0.0136,0.0121,0.0492,1152.0,0.0,0,,,,,routine_benign,1,4,1,1,0,0,0,0,2,0
txn_24ac38e3b8ff,25.32,0.3257,15,0,0.0,4.0,0.0,0.0,1.0,0.0,0.0,0.0,0.0,0.0,1440.0,1440.0,736.0,0.0691,126.09,2814.0,0.0449,0.0034,0.1579,0.0492,1152.0,0.0,0,,,,,routine_benign,4,6,4,1,0,4,4,4,3,0
txn_f8482102046b,27.25,0.3056,18,0,0.0,10.0,2.0,0.0,1.0,0.0,0.0,0.0,0.0,0.0,1440.0,1490.0,634.0,0.0015,254.99,2885.0,0.0702,0.0123,0.3066,0.0492,1152.0,0.0,0,,,,,routine_benign,1,4,1,1,0,0,0,1,2,0
txn_acaadbea3587,31.5,0.2465,19,0,1.0,12.0,0.0,0.0,0.0,1.0,0.0,0.0,27.25,0.156,14.0,1440.0,634.0,0.0015,254.99,214.0,0.0285,0.0009,0.2845,0.1686,394.0,1.0,0,,,,,atypical_benign,2,10,3,1,0,2,2,2,1,0
txn_26811f8d1912,21.33,0.0431,2,0,3.0,18.0,4.0,0.0,1.0,0.0,0.0,0.0,39.11,0.4546,911.0,140.0,634.0,0.0015,254.99,424.0,0.0799,0.0047,0.1834,0.1686,394.0,1.0,0,,,,,routine_benign,3,6,4,1,0,5,5,1,1,0
txn_42f9fd62cdea,58.58,0.1817,11,0,2.0,16.0,2.0,0.0,1.0,0.0,0.0,0.0,29.375,0.9942,963.0,907.0,634.0,0.0015,254.99,2402.0,0.0095,0.0084,0.086,0.1686,394.0,1.0,0,,,,,routine_benign,2,8,4,1,0,1,1,4,1,0
txn_8dc7524503b6,122.27,0.429,0,0,2.0,20.0,3.0,0.0,0.0,0.0,0.0,0.0,41.905,1.9178,122.0,771.0,1672.0,0.0414,59.11,3232.0,0.0626,0.0079,0.0436,0.1686,394.0,1.0,0,,,,,atypical_benign,4,10,3,1,1,0,0,2,0,2
txn_9cd885675084,20.36,0.3212,20,0,0.0,12.0,1.0,0.0,0.0,0.0,1.0,0.0,0.0,0.0,1440.0,56.0,1672.0,0.0414,59.11,3990.0,0.0719,0.0017,0.2548,0.1686,394.0,1.0,0,,,,,routine_benign,1,4,1,1,0,0,0,0,2,0
txn_f474f7856e47,33.64,0.4874,7,0,3.0,20.0,3.0,0.0,3.0,0.0,0.0,1.0,68.6933,0.5103,426.0,548.0,1672.0,0.0414,59.11,976.0,0.0666,0.0119,0.3341,0.0217,1376.0,1.0,0,,,,,atypical_benign,1,10,1,1,0,4,4,5,3,0
txn_ab9bf2515280,63.45,0.3311,22,0,1.0,16.0,2.0,0.0,1.0,0.0,0.0,0.0,20.36,2.1164,1556.0,362.0,1672.0,0.0414,59.11,3952.0,0.0039,0.0064,0.2464,0.0217,1376.0,1.0,0,,,,,routine_benign,1,4,4,1,0,0,0,1,3,0
txn_92cd428035f8,94.19,0.1753,16,0,2.0,20.0,1.0,0.0,2.0,0.0,0.0,0.0,50.71,0.8574,559.0,559.0,1931.0,0.0331,139.27,2258.0,0.0111,0.0087,0.0514,0.0217,1376.0,1.0,0,,,,,routine_benign,2,6,3,1,0,4,4,0,3,0
txn_c5e13e740b45,66.94,0.1625,6,1,1.0,17.0,0.0,0.0,1.0,0.0,0.0,0.0,34.48,0.9414,161.0,1440.0,1931.0,0.0331,139.27,2538.0,0.0221,0.0123,0.1388,0.0217,1376.0,1.0,0,,,,,atypical_benign,1,6,4,1,0,0,2,2,0,0
txn_82e1663679d0,320.56,0.5478,8,0,3.0,19.0,4.0,0.0,2.0,0.0,0.0,0.0,65.2033,3.9163,1010.0,100.0,1931.0,0.0331,139.27,2954.0,0.0315,0.0076,0.2489,0.0217,1376.0,1.0,0,,,,,atypical_benign,2,6,3,1,1,5,5,1,0,1
txn_fa03703d0653,34.48,0.1186,4,0,0.0,16.0,2.0,0.0,1.0,0.0,0.0,0.0,0.0,0.0,1440.0,756.0,1931.0,0.0331,139.27,2201.0,0.0634,0.0044,0.3483,0.1057,373.0,1.0,0,,,,,routine_benign,1,10,3,1,0,3,3,3,0,0
txn_0c5b3d0bce97,15.72,0.3399,3,0,3.0,18.0,4.0,0.0,1.0,0.0,0.0,0.0,13.0767,0.2021,1324.0,1324.0,331.0,0.0701,106.32,3960.0,0.0291,0.0043,0.14,0.1057,373.0,1.0,0,,,,,routine_benign,3,4,3,1,0,2,2,3,1,0
txn_9a40d53a7096,5.82,0.2622,15,0,1.0,11.0,1.0,0.0,1.0,0.0,0.0,0.0,9.35,0.3775,186.0,186.0,331.0,0.0701,106.32,4424.0,0.0212,0.0049,0.2499,0.1057,373.0,1.0,0,,,,,routine_benign,3,4,4,1,0,0,0,2,1,0
txn_1d8e3bca373d,9.35,0.0553,12,0,0.0,13.0,0.0,0.0,0.0,0.0,0.0,0.0,0.0,0.0,1440.0,1440.0,331.0,0.0701,106.32,712.0,0.0686,0.0107,0.2338,0.1057,373.0,1.0,0,,,,,routine_benign,0,6,1,1,0,5,5,5,3,0
txn_4ed080aab847,24.06,0.2866,5,0,2.0,19.0,3.0,0.0,1.0,0.0,0.0,0.0,7.585,2.1721,820.0,64.0,331.0,0.0701,106.32,427.0,0.0554,0.0089,0.0718,0.1057,373.0,1.0,0,,,,,routine_benign,4,10,4,1,0,1,1,6,3,0
txn_ea811189fcb4,17.59,0.2419,12,0,2.0,19.0,2.0,0.0,1.0,0.0,0.0,0.0,124.94,0.8592,2193.0,2193.0,2632.0,0.038,222.8,4063.0,0.0643,0.0136,0.0121,0.1099,1000.0,1.0,0,,,,,routine_benign,0,4,4,1,0,5,5,0,1,0
txn_5e91e5a6a241,203.11,0.4077,23,1,1.0,8.0,1.0,0.0,0.0,0.0,0.0,0.0,46.77,3.3427,599.0,599.0,2632.0,0.038,222.8,2814.0,0.0449,0.0034,0.1579,0.1099,1000.0,1.0,0,,,,,atypical_benign,2,4,1,1,0,5,3,2,2,0
txn_6cb97d6610ea,46.77,0.0269,13,0,0.0,4.0,0.0,0.0,0.0,0.0,0.0,0.0,0.0,0.0,1440.0,1440.0,2632.0,0.038,222.8,2885.0,0.0702,0.0123,0.3066,0.1099,1000.0,1.0,0,,,,,routine_benign,0,4,3,1,0,2,2,2,2,0
txn_46c05a977846,20.19,0.1879,9,0,3.0,20.0,4.0,0.0,0.0,0.0,0.0,0.0,89.1567,0.7735,1272.0,792.0,2632.0,0.038,222.8,214.0,0.0285,0.0009,0.2845,0.1099,1000.0,1.0,0,,,,,routine_benign,3,10,1,1,0,5,5,6,0,0
txn_d5ab1ca6a3d5,46.38,0.1846,20,0,2.0,16.0,3.0,0.0,2.0,0.0,0.0,0.0,14.52,2.1942,1005.0,480.0,2705.0,0.0689,235.56,424.0,0.0799,0.0047,0.1834,0.1099,1000.0,1.0,0,,,,,routine_benign,1,10,1,1,0,1,1,1,0,0
txn_0cd6ea4bf458,13.91,0.2969,3,0,1.0,14.0,2.0,0.0,1.0,0.0,0.0,0.0,15.13,0.0806,1839.0,787.0,2705.0,0.0689,235.56,2402.0,0.0095,0.0084,0.086,0.1752,430.0,0.0,0,,,,,routine_benign,0,8,4,1,0,3,3,1,1,0
txn_2dadd761c752,15.13,0.1303,20,0,0.0,7.0,0.0,0.0,1.0,0.0,0.0,0.0,0.0,0.0,1440.0,1440.0,2705.0,0.0689,235.56,3232.0,0.0626,0.0079,0.0436,0.1752,430.0,0.0,0,,,,,routine_benign,0,6,1,1,0,4,4,3,3,0
txn_69a438b0c2cc,40.5,0.1942,3,0,3.0,17.0,3.0,0.0,3.0,0.0,0.0,0.0,25.14,0.611,474.0,1479.0,2705.0,0.0689,235.56,3990.0,0.0719,0.0017,0.2548,0.1752,430.0,0.0,0,,,,,routine_benign,1,6,1,1,0,0,0,5,0,0
txn_61219616ccb8,23.04,0.0556,14,0,0.0,12.0,1.0,0.0,0.0,0.0,0.0,0.0,0.0,0.0,1440.0,1052.0,707.0,0.0746,129.02,976.0,0.0666,0.0119,0.3341,0.1752,430.0,0.0,0,,,,,routine_benign,2,8,3,1,0,0,0,2,1,0
txn_b3ddebf297ee,20.3,0.3118,11,0,2.0,18.0,4.0,0.0,3.0,0.0,0.0,0.0,32.055,0.3667,2706.0,462.0,707.0,0.0746,129.02,3952.0,0.0039,0.0064,0.2464,0.1752,430.0,0.0,0,,,,,routine_benign,4,4,3,1,0,0,0,6,3,0
txn_2801f2dc8b8a,41.07,0.3194,14,0,1.0,16.0,1.0,0.0,1.0,1.0,0.0,0.0,23.04,0.7826,22.0,1671.0,707.0,0.0746,129.02,2258.0,0.0111,0.0087,0.0514,0.1265,775.0,0.0,0,,,,,routine_benign,2,6,4,1,0,3,3,5,1,0
txn_0aa2f171809f,15.58,0.148,15,0,3.0,18.0,4.0,0.0,2.0,0.0,0.0,0.0,28.1367,0.4463,259.0,1247.0,707.0,0.0746,129.02,2538.0,0.0221,0.0123,0.1388,0.1265,775.0,0.0,0,,,,,routine_benign,1,6,1,1,0,5,5,6,1,0
txn_2ed655645ef9,40.72,0.1475,19,0,3.0,17.0,3.0,0.0,0.0,0.0,0.0,0.0,44.9767,0.0946,1674.0,1674.0,2630.0,0.0228,181.86,2954.0,0.0315,0.0076,0.2489,0.1265,775.0,0.0,0,,,,,routine_benign,0,10,4,1,0,0,0,3,1,0
txn_d189889e5b8c,62.4,0.219,10,0,0.0,3.0,0.0,0.0,1.0,0.0,0.0,0.0,0.0,0.0,1440.0,1440.0,2630.0,0.0228,181.86,2201.0,0.0634,0.0044,0.3483,0.1265,775.0,0.0,0,,,,,routine_benign,3,8,1,1,0,5,5,0,3,0
txn_8532280d7b8a,38.01,0.1579,15,0,2.0,10.0,2.0,0.0,0.0,0.0,1.0,0.0,48.46,0.2156,1494.0,44.0,2630.0,0.0228,181.86,3960.0,0.0291,0.0043,0.14,0.1265,775.0,0.0,0,,,,,routine_benign,3,4,3,1,0,0,0,4,2,0
txn_aead5b2bf028,34.52,0.2071,14,0,1.0,4.0,0.0,0.0,1.0,0.0,0.0,0.0,62.4,0.4468,221.0,1440.0,2630.0,0.0228,181.86,4424.0,0.0212,0.0049,0.2499,0.0466,219.0,1.0,0,,,,,routine_benign,3,10,3,1,0,0,0,0,0,0
txn_41787bd1e047,26.49,0.1357,1,0,0.0,7.0,1.0,0.0,0.0,0.0,0.0,0.0,0.0,0.0,1440.0,652.0,1752.0,0.0737,50.7,712.0,0.0686,0.0107,0.2338,0.0466,219.0,1.0,0,,,,,routine_benign,0,8,4,1,0,4,4,0,0,0
txn_141fe0bb2d57,36.1,0.1034,15,0,1.0,16.0,2.0,0.0,2.0,0.0,0.0,0.0,26.49,0.3628,875.0,875.0,1752.0,0.0737,50.7,427.0,0.0554,0.0089,0.0718,0.0466,219.0,1.0,0,,,,,routine_benign,2,8,4,1,0,0,0,1,0,0
txn_a967d3733a25,19.83,0.3142,10,0,2.0,18.0,3.0,0.0,1.0,0.0,0.0,0.0,31.295,0.3664,1101.0,1101.0,1752.0,0.0737,50.7,4063.0,0.0643,0.0136,0.0121,0.0466,219.0,1.0,0,,,,,routine_benign,1,10,1,1,0,0,0,3,2,0
txn_a41a626965cd,49.12,0.1834,10,0,3.0,19.0,4.0,0.0,1.0,1.0,1.0,0.0,27.4733,0.7879,16.0,16.0,1752.0,0.0737,50.7,2814.0,0.0449,0.0034,0.1579,0.0466,219.0,1.0,0,,,,,routine_benign,2,4,4,1,0,5,5,5,1,0
txn_6c7b77d6d52e,27.73,0.3098,10,0,1.0,14.0,1.0,0.0,0.0,0.0,0.0,0.0,43.35,0.3603,1522.0,1522.0,172.0,0.0588,164.64,2885.0,0.0702,0.0123,0.3066,0.1626,1266.0,0.0,0,,,,,routine_benign,2,8,3,1,0,1,1,3,0,0
txn_01d201e7aa12,22.98,0.3051,12,0,3.0,21.0,3.0,0.0,2.0,0.0,0.0,0.0,28.4767,0.193,400.0,400.0,172.0,0.0588,164.64,214.0,0.0285,0.0009,0.2845,0.1626,1266.0,0.0,0,,,,,routine_benign,4,8,1,1,0,4,4,6,1,0
txn_b4fc2e5ca97a,43.35,0.3333,9,0,0.0,11.0,0.0,0.0,3.0,0.0,0.0,0.0,0.0,0.0,1440.0,1440.0,172.0,0.0588,164.64,424.0,0.0799,0.0047,0.1834,0.1626,1266.0,0.0,0,,,,,routine_benign,2,6,1,1,0,4,4,6,1,0
txn_e46b39780ff0,14.35,0.3319,6,0,2.0,20.0,2.0,0.0,3.0,0.0,0.0,0.0,35.54,0.5962,1163.0,1163.0,172.0,0.0588,164.64,2402.0,0.0095,0.0084,0.086,0.1626,1266.0,0.0,0,,,,,routine_benign,2,10,1,1,0,1,1,1,1,0
txn_df5e0e3cd143,40.16,0.2536,17,0,3.0,24.0,4.0,0.0,1.0,0.0,0.0,0.0,27.8733,0.4408,404.0,293.0,932.0,0.0623,228.63,3232.0,0.0626,0.0079,0.0436,0.1626,1266.0,0.0,0,,,,,routine_benign,4,8,3,1,0,2,2,0,1,0
txn_a329bc2d3608,9.57,0.1955,9,0,1.0,10.0,2.0,0.0,1.0,0.0,0.0,0.0,31.49,0.6961,1344.0,429.0,932.0,0.0623,228.63,3990.0,0.0719,0.0017,0.2548,0.1303,1074.0,0.0,0,,,,,routine_benign,1,10,3,1,0,5,5,0,0,0
txn_acf1b84999bd,42.56,0.1602,10,0,2.0,23.0,4.0,0.0,3.0,0.0,0.0,0.0,20.53,1.0731,2947.0,1995.0,932.0,0.0623,228.63,976.0,0.0666,0.0119,0.3341,0.1303,1074.0,0.0,0,,,,,routine_benign,2,8,4,1,0,5,5,0,0,0
txn_8bb45ed148f9,31.49,0.0475,11,0,0.0,2.0,0.0,0.0,0.0,0.0,0.0,0.0,0.0,0.0,1440.0,1440.0,932.0,0.0623,228.63,3952.0,0.0039,0.0064,0.2464,0.1303,1074.0,0.0,0,,,,,routine_benign,4,8,4,1,0,4,4,2,3,0
txn_a5e577cffe4b,225.23,0.572,2,0,1.0,12.0,1.0,0.0,1.0,0.0,0.0,0.0,19.9,10.3181,446.0,915.0,582.0,0.0378,91.3,2258.0,0.0111,0.0087,0.0514,0.1303,1074.0,0.0,0,,,,,atypical_benign,2,4,1,1,0,2,2,3,3,0
txn_43b297ecb144,68.25,0.2168,1,0,2.0,15.0,3.0,0.0,1.0,0.0,0.0,0.0,122.565,0.4432,1381.0,952.0,582.0,0.0378,91.3,2538.0,0.0221,0.0123,0.1388,0.1303,1074.0,0.0,0,,,,,atypical_benign,1,6,4,1,0,5,5,0,1,0
txn_e9eabb9ed03f,19.9,0.17,19,0,0.0,5.0,0.0,0.0,0.0,0.0,0.0,0.0,0.0,0.0,1440.0,1440.0,582.0,0.0378,91.3,2954.0,0.0315,0.0076,0.2489,0.2484,1357.0,0.0,0,,,,,routine_benign,2,4,3,1,0,4,4,0,2,0
txn_9744a7170ef6,67.08,0.0758,0,0,3.0,22.0,4.0,0.0,1.0,0.0,0.0,0.0,104.46,0.3578,2798.0,416.0,582.0,0.0378,91.3,2201.0,0.0634,0.0044,0.3483,0.2484,1357.0,0.0,0,,,,,routine_benign,0,10,4,1,0,0,0,0,3,0
txn_4c26d0e4f01f,43.45,0.0976,16,0,2.0,19.0,2.0,0.0,5.0,0.0,0.0,0.0,32.68,0.3296,3698.0,3698.0,2043.0,0.0627,252.38,3960.0,0.0291,0.0043,0.14,0.2484,1357.0,0.0,0,,,,,routine_benign,2,4,4,1,0,3,3,3,0,0
txn_2e43b28cc8a4,8.79,0.4127,17,1,3.0,16.0,3.0,0.0,3.0,1.0,1.0,0.0,36.27,0.7577,23.0,23.0,2043.0,0.0627,252.38,4424.0,0.0212,0.0049,0.2499,0.2484,1357.0,0.0,0,,,,,atypical_benign,1,4,1,1,0,5,4,4,1,0
txn_67b10e7bd6c8,22.37,0.1084,3,0,1.0,10.0,1.0,0.0,0.0,0.0,0.0,0.0,42.99,0.4796,463.0,488.0,2043.0,0.0627,252.38,712.0,0.0686,0.0107,0.2338,0.2484,1357.0,0.0,0,,,,,routine_benign,0,6,1,1,0,2,2,2,2,0
txn_f9e2bc9055fe,42.99,0.1719,19,0,0.0,5.0,0.0,0.0,0.0,0.0,0.0,0.0,0.0,0.0,1440.0,1440.0,2043.0,0.0627,252.38,427.0,0.0554,0.0089,0.0718,0.1307,99.0,1.0,0,,,,,routine_benign,4,6,1,1,0,5,5,1,3,0
txn_567c03030e22,45.82,0.0622,7,0,1.0,15.0,2.0,0.0,2.0,0.0,0.0,0.0,26.05,0.7589,697.0,697.0,2476.0,0.0232,240.23,4063.0,0.0643,0.0136,0.0121,0.1307,99.0,1.0,0,,,,,routine_benign,1,4,1,1,0,5,5,3,2,0
txn_8cd909d988d6,26.05,0.5385,19,1,0.0,14.0,1.0,0.0,0.0,0.0,0.0,0.0,0.0,0.0,1440.0,1432.0,2476.0,0.0232,240.23,2814.0,0.0449,0.0034,0.1579,0.1307,99.0,1.0,0,,,,,atypical_benign,0,4,1,1,0,0,3,3,0,0
txn_ec39e09903a3,86.94,0.1025,15,0,2.0,15.0,3.0,0.0,3.0,0.0,0.0,0.0,35.935,1.4194,504.0,504.0,2476.0,0.0232,240.23,2885.0,0.0702,0.0123,0.3066,0.1307,99.0,1.0,0,,,,,routine_benign,0,6,3,1,0,2,2,0,3,0
txn_afe380e9df16,256.78,0.1718,19,0,3.0,16.0,4.0,0.0,1.0,0.0,0.0,0.0,52.9367,3.8507,255.0,255.0,2476.0,0.0232,240.23,214.0,0.0285,0.0009,0.2845,0.1307,99.0,1.0,0,,,,,atypical_benign,4,8,1,1,0,5,5,0,2,0
txn_fe72108f6529,4.69,0.1975,16,0,0.0,12.0,0.0,0.0,2.0,0.0,0.0,0.0,0.0,0.0,1440.0,1440.0,1944.0,0.0435,273.51,424.0,0.0799,0.0047,0.1834,0.1839,187.0,1.0,0,,,,,routine_benign,3,10,3,1,0,4,4,5,1,0
txn_15d97c9ed1b9,26.94,0.3367,16,0,1.0,10.0,1.0,0.0,1.0,1.0,1.0,0.0,4.69,4.7441,10.0,10.0,1944.0,0.0435,273.51,2402.0,0.0095,0.0084,0.086,0.1839,187.0,1.0,0,,,,,routine_benign,4,8,3,1,0,4,4,6,3,0
txn_94ee0d06bb36,14.82,0.5253,0,1,2.0,14.0,3.0,0.0,2.0,0.0,0.0,0.0,15.815,0.0629,494.0,464.0,1944.0,0.0435,273.51,3232.0,0.0626,0.0079,0.0436,0.1839,187.0,1.0,0,,,,,atypical_benign,1,4,3,1,1,0,4,2,3,1
txn_1477e7bc2d4e,88.66,0.2843,4,0,3.0,18.0,4.0,0.0,1.0,0.0,0.0,0.0,15.4833,4.7262,1713.0,1713.0,1944.0,0.0435,273.51,3990.0,0.0719,0.0017,0.2548,0.1839,187.0,1.0,0,,,,,routine_benign,1,4,4,1,0,3,3,5,2,0
txn_da0d3dc9a33a,10.55,0.2262,16,0,1.0,13.0,2.0,0.0,2.0,0.0,2.0,0.0,63.17,0.833,464.0,30.0,2746.0,0.0028,152.54,976.0,0.0666,0.0119,0.3341,0.1839,187.0,1.0,0,,,,,routine_benign,2,4,4,1,0,0,0,3,1,0
txn_7c27bbbdd6f8,64.66,0.1366,1,0,3.0,13.0,2.0,0.0,3.0,0.0,0.0,0.0,31.69,1.0404,234.0,234.0,2746.0,0.0028,152.54,3952.0,0.0039,0.0064,0.2464,0.0712,336.0,0.0,0,,,,,routine_benign,3,8,1,1,0,3,3,2,2,0
txn_47a04f2caae8,21.35,0.1579,21,0,2.0,17.0,1.0,0.0,0.0,0.0,0.0,0.0,36.86,0.4208,266.0,730.0,2746.0,0.0028,152.54,2258.0,0.0111,0.0087,0.0514,0.0712,336.0,0.0,0,,,,,routine_benign,1,10,3,1,0,4,4,3,3,0
txn_4bb1a69f6518,63.17,0.1467,8,0,0.0,9.0,0.0,0.0,2.0,0.0,0.0,0.0,0.0,0.0,1440.0,1440.0,2746.0,0.0028,152.54,2538.0,0.0221,0.0123,0.1388,0.0712,336.0,0.0,0,,,,,routine_benign,2,4,3,1,0,3,3,5,0,0
txn_05cf397a2534,57.9,0.1283,18,0,2.0,20.0,4.0,0.0,0.0,0.0,0.0,0.0,129.055,0.5514,2468.0,2468.0,2423.0,0.0087,234.89,2954.0,0.0315,0.0076,0.2489,0.0712,336.0,0.0,0,,,,,routine_benign,1,10,4,1,0,0,0,4,3,0
txn_b8f82c903a91,56.38,0.0963,1,0,1.0,13.0,3.0,0.0,2.0,0.0,1.0,1.0,201.73,0.7205,238.0,48.0,2423.0,0.0087,234.89,2201.0,0.0634,0.0044,0.3483,0.0712,336.0,0.0,0,,,,,routine_benign,2,8,4,1,0,2,2,5,2,0
txn_b9d04240379e,201.73,0.621,21,0,0.0,13.0,2.0,0.0,1.0,0.0,0.0,0.0,0.0,0.0,1440.0,482.0,2423.0,0.0087,234.89,3960.0,0.0291,0.0043,0.14,0.0521,275.0,0.0,0,,,,,atypical_benign,1,4,4,1,1,1,1,6,2,1
txn_8aa330efadbf,74.12,0.2784,8,0,3.0,19.0,4.0,0.0,2.0,0.0,0.0,0.0,105.3367,0.2964,819.0,2986.0,2423.0,0.0087,234.89,4424.0,0.0212,0.0049,0.2499,0.0521,275.0,0.0,0,,,,,routine_benign,1,6,4,1,0,2,2,5,1,0
txn_e33e7c3a4cd6,33.22,0.112,13,0,2.0,14.0,1.0,0.0,0.0,0.0,0.0,0.0,36.955,0.1011,744.0,744.0,119.0,0.0797,48.32,712.0,0.0686,0.0107,0.2338,0.0521,275.0,0.0,0,,,,,routine_benign,3,6,4,1,0,4,4,3,3,0
txn_76b42e06bbb2,115.95,0.2428,6,0,3.0,21.0,3.0,0.0,1.0,0.0,0.0,0.0,35.71,2.247,1021.0,539.0,119.0,0.0797,48.32,427.0,0.0554,0.0089,0.0718,0.0521,275.0,0.0,0,,,,,routine_benign,3,4,4,1,0,4,4,3,3,0
txn_582b59886582,29.66,0.118,1,0,1.0,9.0,0.0,0.0,1.0,0.0,0.0,0.0,44.25,0.3297,249.0,1440.0,119.0,0.0797,48.32,4063.0,0.0643,0.0136,0.0121,0.0521,275.0,0.0,0,,,,,routine_benign,1,4,1,1,0,3,3,2,1,0
txn_ca351eaa3bd3,44.25,0.1516,21,0,0.0,7.0,0.0,0.0,0.0,0.0,0.0,0.0,0.0,0.0,1440.0,1440.0,119.0,0.0797,48.32,2814.0,0.0449,0.0034,0.1579,0.0107,397.0,1.0,0,,,,,routine_benign,0,4,4,1,0,0,0,5,3,0
txn_df7b463d698c,82.12,0.1747,0,0,1.0,16.0,2.0,0.0,1.0,0.0,0.0,0.0,27.5,1.9862,2280.0,2280.0,2602.0,0.0248,213.61,2885.0,0.0702,0.0123,0.3066,0.0107,397.0,1.0,0,,,,,routine_benign,1,4,1,1,0,4,4,2,0,0
txn_48949718c819,80.11,0.1852,13,0,2.0,22.0,3.0,0.0,2.0,0.0,0.0,0.0,54.81,0.4616,788.0,788.0,2602.0,0.0248,213.61,214.0,0.0285,0.0009,0.2845,0.0107,397.0,1.0,0,,,,,routine_benign,3,8,3,1,0,4,4,0,2,0
txn_4042cb5858e6,33.91,0.3399,18,0,3.0,20.0,4.0,0.0,2.0,0.0,0.0,0.0,63.2433,0.4638,278.0,278.0,2602.0,0.0248,213.61,424.0,0.0799,0.0047,0.1834,0.0107,397.0,1.0,0,,,,,routine_benign,0,8,3,1,0,0,0,5,3,0
txn_3cb29b71dcce,27.5,0.2764,10,0,0.0,8.0,1.0,0.0,1.0,0.0,0.0,0.0,0.0,0.0,1440.0,797.0,2602.0,0.0248,213.61,2402.0,0.0095,0.0084,0.086,0.0107,397.0,1.0,0,,,,,routine_benign,3,10,1,1,0,1,1,2,3,0
txn_207b42161d0f,20.27,0.0861,6,0,0.0,11.0,1.0,0.0,1.0,0.0,0.0,0.0,0.0,0.0,1440.0,500.0,1050.0,0.0305,240.53,3232.0,0.0626,0.0079,0.0436,0.2019,715.0,1.0,0,,,,,routine_benign,4,4,4,1,0,4,4,6,1,0
txn_d843be5c931e,96.81,0.0283,1,0,1.0,16.0,2.0,0.0,2.0,0.0,0.0,0.0,20.27,3.776,2617.0,2617.0,1050.0,0.0305,240.53,3990.0,0.0719,0.0017,0.2548,0.2019,715.0,1.0,0,,,,,routine_benign,4,6,4,1,0,3,3,2,3,0
txn_4bff06b9fd17,11.39,0.249,2,0,2.0,19.0,3.0,0.0,1.0,1.0,1.0,0.0,58.54,0.8054,17.0,17.0,1050.0,0.0305,240.53,976.0,0.0666,0.0119,0.3341,0.2019,715.0,1.0,0,,,,,routine_benign,0,4,4,1,0,2,2,5,0,0
txn_baf46bd4c4e3,33.13,0.0547,20,0,3.0,20.0,4.0,0.0,3.0,0.0,0.0,0.0,42.8233,0.2264,1069.0,1069.0,1050.0,0.0305,240.53,3952.0,0.0039,0.0064,0.2464,0.2019,715.0,1.0,0,,,,,routine_benign,0,4,3,1,0,3,3,2,1,0
txn_0328577c9580,53.29,0.1601,22,0,1.0,8.0,0.0,0.0,0.0,0.0,0.0,0.0,72.97,0.2697,252.0,1440.0,1712.0,0.0563,246.38,2258.0,0.0111,0.0087,0.0514,0.2019,715.0,1.0,0,,,,,routine_benign,2,10,1,1,0,4,4,5,2,0
txn_d05c1ee1660d,49.58,0.1328,20,0,2.0,13.0,2.0,0.0,2.0,0.0,0.0,0.0,63.13,0.2146,1330.0,774.0,1712.0,0.0563,246.38,2538.0,0.0221,0.0123,0.1388,0.1418,1255.0,1.0,0,,,,,routine_benign,1,4,4,1,0,4,4,5,1,0
txn_56be2121b514,31.02,0.1095,20,0,3.0,14.0,3.0,0.0,1.0,1.0,1.0,0.0,58.6133,0.4708,10.0,10.0,1712.0,0.0563,246.38,2954.0,0.0315,0.0076,0.2489,0.1418,1255.0,1.0,0,,,,,routine_benign,1,4,3,1,0,1,1,4,1,0
txn_4ea41e0fd95c,72.97,0.1781,17,0,0.0,7.0,0.0,0.0,0.0,0.0,0.0,0.0,0.0,0.0,1440.0,1440.0,1712.0,0.0563,246.38,2201.0,0.0634,0.0044,0.3483,0.1418,1255.0,1.0,0,,,,,routine_benign,0,8,1,1,0,3,3,4,0,0
txn_b49054a17d8b,57.32,0.0544,7,0,0.0,7.0,1.0,0.0,0.0,0.0,0.0,0.0,0.0,0.0,1440.0,808.0,2562.0,0.0119,49.28,3960.0,0.0291,0.0043,0.14,0.1418,1255.0,1.0,0,,,,,routine_benign,1,4,1,1,0,3,3,5,0,0
txn_aba9839f8215,20.79,0.2266,11,0,3.0,20.0,4.0,0.0,0.0,0.0,0.0,0.0,34.88,0.404,3204.0,3796.0,2562.0,0.0119,49.28,4424.0,0.0212,0.0049,0.2499,0.1418,1255.0,1.0,0,,,,,routine_benign,4,4,3,1,0,0,0,1,1,0
txn_ab27a321df84,24.92,0.113,1,0,1.0,18.0,0.0,0.0,2.0,0.0,0.0,0.0,57.32,0.5652,1094.0,1440.0,2562.0,0.0119,49.28,712.0,0.0686,0.0107,0.2338,0.0808,298.0,1.0,0,,,,,routine_benign,1,10,4,1,0,1,1,5,3,0
txn_d1663e819d87,22.4,0.1417,6,0,2.0,20.0,1.0,0.0,0.0,0.0,0.0,0.0,41.12,0.4553,282.0,282.0,2562.0,0.0119,49.28,427.0,0.0554,0.0089,0.0718,0.0808,298.0,1.0,0,,,,,routine_benign,0,10,3,1,0,5,5,5,3,0
txn_bda0ae1e527a,150.89,0.1145,15,0,0.0,20.0,2.0,0.0,1.0,0.0,0.0,0.0,0.0,0.0,1440.0,556.0,2388.0,0.0252,276.63,4063.0,0.0643,0.0136,0.0121,0.0808,298.0,1.0,0,,,,,routine_benign,1,8,1,1,0,0,0,3,3,0
txn_b1a1d9ce6ccd,35.68,0.5348,9,0,3.0,23.0,4.0,0.0,0.0,0.0,0.0,0.0,65.7467,0.4573,530.0,530.0,2388.0,0.0252,276.63,2814.0,0.0449,0.0034,0.1579,0.0808,298.0,1.0,0,,,,,atypical_benign,2,8,3,1,0,0,0,3,1,0
txn_65efa6f91c93,33.8,0.1607,1,0,2.0,17.0,3.0,0.0,1.0,0.0,0.0,0.0,81.72,0.5864,259.0,576.0,2388.0,0.0252,276.63,2885.0,0.0702,0.0123,0.3066,0.0808,298.0,1.0,0,,,,,routine_benign,4,4,4,1,0,4,4,5,2,0
txn_800538db5f19,12.55,0.3558,20,0,1.0,17.0,3.0,0.0,3.0,0.0,0.0,0.0,150.89,0.9168,317.0,219.0,2388.0,0.0252,276.63,214.0,0.0285,0.0009,0.2845,0.1429,331.0,0.0,0,,,,,routine_benign,1,4,1,1,0,1,1,0,1,0
txn_fa5d66d8c3f8,15.52,0.0477,0,0,3.0,21.0,4.0,0.0,1.0,0.0,0.0,0.0,37.5033,0.5862,1890.0,1671.0,1658.0,0.0256,272.37,424.0,0.0799,0.0047,0.1834,0.1429,331.0,0.0,0,,,,,routine_benign,1,8,1,1,0,4,4,1,0,0
txn_f255fe2667d1,21.92,0.0734,23,0,0.0,6.0,0.0,0.0,0.0,0.0,0.0,0.0,0.0,0.0,1440.0,1440.0,1658.0,0.0256,272.37,2402.0,0.0095,0.0084,0.086,0.1429,331.0,0.0,0,,,,,routine_benign,1,8,4,1,0,0,0,3,1,0
txn_cef79daa16c4,70.86,0.2386,7,0,1.0,16.0,1.0,0.0,1.0,0.0,0.0,0.0,21.92,2.2327,1951.0,1951.0,1658.0,0.0256,272.37,3232.0,0.0626,0.0079,0.0436,0.1429,331.0,0.0,0,,,,,routine_benign,0,4,1,1,0,0,0,3,3,0
txn_be8aaa9d31ee,19.73,0.0377,17,0,2.0,14.0,2.0,0.0,0.0,0.0,0.0,0.0,46.39,0.5747,570.0,570.0,1658.0,0.0256,272.37,3990.0,0.0719,0.0017,0.2548,0.1429,331.0,0.0,0,,,,,routine_benign,2,6,4,1,0,5,5,4,3,0
txn_a59d36a60f81,18.91,0.4923,18,0,1.0,6.0,1.0,0.0,1.0,0.0,0.0,0.0,52.73,0.6414,271.0,271.0,1732.0,0.0635,232.56,976.0,0.0666,0.0119,0.3341,0.0447,316.0,0.0,0,,,,,atypical_benign,1,4,4,1,0,2,2,2,2,0
txn_aa62e8f994e9,32.46,0.324,13,0,3.0,11.0,4.0,0.0,2.0,0.0,0.0,0.0,31.6367,0.026,556.0,544.0,1732.0,0.0635,232.56,3952.0,0.0039,0.0064,0.2464,0.0447,316.0,0.0,0,,,,,routine_benign,3,6,3,1,0,5,5,6,1,0
txn_82e0592c92fd,23.27,0.2222,4,0,2.0,14.0,2.0,0.0,2.0,0.0,0.0,0.0,35.82,0.3504,572.0,572.0,1732.0,0.0635,232.56,2258.0,0.0111,0.0087,0.0514,0.0447,316.0,0.0,0,,,,,routine_benign,0,4,4,1,0,5,5,6,1,0
txn_4d7fc5348aca,52.73,0.1403,14,0,0.0,3.0,0.0,0.0,2.0,0.0,0.0,0.0,0.0,0.0,1440.0,1440.0,1732.0,0.0635,232.56,2538.0,0.0221,0.0123,0.1388,0.0447,316.0,0.0,0,,,,,routine_benign,3,4,1,1,0,3,3,4,2,0
txn_20c8a95d443f,27.81,0.2841,4,0,0.0,9.0,3.0,0.0,0.0,0.0,1.0,0.0,0.0,0.0,1440.0,12.0,1304.0,0.078,179.94,2954.0,0.0315,0.0076,0.2489,0.0447,316.0,0.0,0,,,,,routine_benign,2,6,1,1,0,0,0,1,1,0
txn_4e36c0cc38fb,27.94,0.1974,13,0,3.0,23.0,4.0,0.0,1.0,0.0,0.0,0.0,97.3767,0.7131,3409.0,3409.0,1304.0,0.078,179.94,2201.0,0.0634,0.0044,0.3483,0.0529,217.0,0.0,0,,,,,routine_benign,3,4,1,1,0,3,3,2,2,0
txn_c13d5a7b5393,35.16,0.1981,4,0,2.0,17.0,3.0,0.0,1.0,0.0,0.0,0.0,128.485,0.7263,850.0,834.0,1304.0,0.078,179.94,3960.0,0.0291,0.0043,0.14,0.0529,217.0,0.0,0,,,,,routine_benign,1,6,4,1,0,5,5,0,1,0
txn_f80bd041b064,229.16,0.0255,14,0,1.0,10.0,1.0,0.0,0.0,0.0,0.0,0.0,27.81,7.2402,592.0,1432.0,1304.0,0.078,179.94,4424.0,0.0212,0.0049,0.2499,0.0529,217.0,0.0,0,,,,,routine_benign,0,8,3,1,0,3,3,6,2,0
txn_dea918f76e9f,50.18,0.0966,14,0,0.0,5.0,0.0,0.0,0.0,0.0,0.0,0.0,0.0,0.0,1440.0,1440.0,2697.0,0.0555,162.11,712.0,0.0686,0.0107,0.2338,0.0529,217.0,0.0,0,,,,,routine_benign,3,6,4,1,0,3,3,1,1,0
txn_dfa409b3a030,20.52,0.3333,14,0,2.0,15.0,2.0,0.0,0.0,0.0,1.0,0.0,34.315,0.402,1442.0,16.0,2697.0,0.0555,162.11,427.0,0.0554,0.0089,0.0718,0.0529,217.0,0.0,0,,,,,routine_benign,3,4,1,1,0,4,4,1,2,0
txn_e360076fd5fa,18.45,0.2281,14,0,1.0,5.0,0.0,0.0,0.0,1.0,0.0,0.0,50.18,0.6323,6.0,1440.0,2697.0,0.0555,162.11,4063.0,0.0643,0.0136,0.0121,0.1898,1050.0,0.0,0,,,,,routine_benign,3,6,3,1,0,2,2,5,2,0
txn_38256999ba56,20.5,0.2875,15,0,3.0,20.0,3.0,0.0,0.0,0.0,0.0,0.0,29.7167,0.3102,1471.0,2607.0,2697.0,0.0555,162.11,2814.0,0.0449,0.0034,0.1579,0.1898,1050.0,0.0,0,,,,,routine_benign,2,8,1,1,0,5,5,6,0,0
txn_00460f05c445,8.3,0.0704,20,0,3.0,25.0,4.0,0.0,0.0,0.0,0.0,0.0,24.08,0.6553,3173.0,3225.0,75.0,0.0713,278.65,2885.0,0.0702,0.0123,0.3066,0.1898,1050.0,0.0,0,,,,,routine_benign,1,6,4,1,0,5,5,0,2,0
txn_02bf6e503b68,22.9,0.4637,14,0,0.0,7.0,1.0,0.0,0.0,0.0,1.0,0.0,0.0,0.0,1440.0,9.0,75.0,0.0713,278.65,214.0,0.0285,0.0009,0.2845,0.1898,1050.0,0.0,0,,,,,atypical_benign,2,4,3,1,1,1,1,5,0,1
txn_2dc91ccf84bc,13.73,0.342,19,0,1.0,8.0,2.0,0.0,2.0,0.0,0.0,1.0,22.9,0.4004,297.0,297.0,75.0,0.0713,278.65,424.0,0.0799,0.0047,0.1834,0.1898,1050.0,0.0,0,,,,,routine_benign,2,10,3,1,0,2,2,5,0,0
txn_a0e90d387f2f,35.61,0.2481,15,0,2.0,17.0,1.0,0.0,0.0,0.0,0.0,0.0,18.315,0.9443,2659.0,579.0,75.0,0.0713,278.65,2402.0,0.0095,0.0084,0.086,0.1273,626.0,1.0,0,,,,,routine_benign,0,8,1,1,0,1,1,5,2,0
txn_5d5d496703a9,19.01,0.0525,6,0,0.0,15.0,0.0,0.0,3.0,0.0,0.0,0.0,0.0,0.0,1440.0,1440.0,1694.0,0.0479,101.58,3232.0,0.0626,0.0079,0.0436,0.1273,626.0,1.0,0,,,,,routine_benign,2,6,4,1,0,5,5,0,0,0
txn_78a63cadbb4f,40.27,0.055,3,0,3.0,19.0,4.0,0.0,0.0,0.0,0.0,0.0,34.3333,0.1729,874.0,874.0,1694.0,0.0479,101.58,3990.0,0.0719,0.0017,0.2548,0.1273,626.0,1.0,0,,,,,routine_benign,4,6,1,1,0,1,1,0,2,0
txn_e058543479c0,16.17,0.2758,12,0,2.0,24.0,3.0,0.0,4.0,0.0,0.0,0.0,43.415,0.6275,282.0,282.0,1694.0,0.0479,101.58,976.0,0.0666,0.0119,0.3341,0.1273,626.0,1.0,0,,,,,routine_benign,3,4,4,1,0,0,0,1,1,0
txn_b3a67d289a19,67.82,0.0315,7,0,1.0,17.0,2.0,0.0,2.0,0.0,0.0,0.0,19.01,2.5676,1528.0,949.0,1694.0,0.0479,101.58,3952.0,0.0039,0.0064,0.2464,0.1273,626.0,1.0,0,,,,,routine_benign,0,8,3,1,0,4,4,4,3,0
txn_7dfcdacc4860,159.5,0.2438,20,0,1.0,7.0,1.0,0.0,0.0,0.0,0.0,0.0,208.13,0.2337,297.0,297.0,2531.0,0.0785,112.22,2258.0,0.0111,0.0087,0.0514,0.209,734.0,1.0,0,,,,,routine_benign,0,8,3,1,0,1,1,0,3,0
txn_c29158fa62ad,208.13,0.0813,15,0,0.0,4.0,0.0,0.0,0.0,0.0,0.0,0.0,0.0,0.0,1440.0,1440.0,2531.0,0.0785,112.22,2538.0,0.0221,0.0123,0.1388,0.209,734.0,1.0,0,,,,,routine_benign,1,6,3,1,0,4,4,4,3,0
txn_b50664e90815,33.92,0.0762,19,0,3.0,22.0,3.0,0.0,1.0,0.0,0.0,0.0,132.1533,0.7433,1795.0,1795.0,2531.0,0.0785,112.22,2954.0,0.0315,0.0076,0.2489,0.209,734.0,1.0,0,,,,,routine_benign,4,8,3,1,0,5,5,2,3,0
txn_0bcf79a5a3f7,28.83,0.2429,13,0,2.0,19.0,2.0,0.0,1.0,0.0,0.0,0.0,183.815,0.8432,3951.0,3951.0,2531.0,0.0785,112.22,2201.0,0.0634,0.0044,0.3483,0.209,734.0,1.0,0,,,,,routine_benign,3,8,1,1,0,2,2,6,2,0
txn_3ed04770c60c,10.0,0.3969,20,0,2.0,21.0,4.0,0.0,1.0,0.0,1.0,0.0,122.41,0.9183,892.0,46.0,201.0,0.0425,100.34,3960.0,0.0291,0.0043,0.14,0.209,734.0,1.0,0,,,,,atypical_benign,2,4,3,1,1,4,4,1,1,1
txn_276847ab8e20,157.46,0.2149,5,0,1.0,18.0,2.0,0.0,4.0,0.0,0.0,0.0,87.36,0.8024,881.0,881.0,201.0,0.0425,100.34,4424.0,0.0212,0.0049,0.2499,0.1163,1111.0,1.0,0,,,,,routine_benign,0,8,1,1,0,5,5,2,1,0
txn_008711f5dfd2,14.37,0.2962,7,0,3.0,26.0,4.0,0.0,3.0,0.0,0.0,1.0,84.94,0.8308,658.0,566.0,201.0,0.0425,100.34,712.0,0.0686,0.0107,0.2338,0.1163,1111.0,1.0,0,,,,,routine_benign,3,4,4,1,0,0,0,5,1,0
txn_e6ddd562def8,87.36,0.0202,14,0,0.0,25.0,1.0,0.0,3.0,0.0,0.0,0.0,0.0,0.0,1440.0,893.0,201.0,0.0425,100.34,427.0,0.0554,0.0089,0.0718,0.1163,1111.0,1.0,0,,,,,routine_benign,4,10,1,1,0,0,0,2,2,0
txn_b39508f28cb6,89.32,0.319,22,0,3.0,24.0,3.0,0.0,1.0,0.0,0.0,0.0,23.5267,2.7965,2758.0,984.0,401.0,0.004,144.49,4063.0,0.0643,0.0136,0.0121,0.1163,1111.0,1.0,0,,,,,routine_benign,3,10,4,1,0,5,5,4,2,0
txn_6af5c9bb7665,23.21,0.2432,0,0,2.0,22.0,0.0,0.0,2.0,0.0,0.0,0.0,23.685,0.0201,2156.0,1440.0,401.0,0.004,144.49,2814.0,0.0449,0.0034,0.1579,0.1163,1111.0,1.0,0,,,,,routine_benign,3,6,3,1,0,5,5,5,1,0
txn_2e353a62c043,20.51,0.1113,12,0,1.0,9.0,1.0,0.0,0.0,0.0,0.0,0.0,26.86,0.2364,926.0,926.0,401.0,0.004,144.49,2885.0,0.0702,0.0123,0.3066,0.0512,1376.0,1.0,0,,,,,routine_benign,2,10,3,1,0,3,3,3,3,0
txn_1f30c6f65d1b,26.86,0.6048,20,0,0.0,8.0,0.0,0.0,3.0,0.0,0.0,0.0,0.0,0.0,1440.0,1440.0,401.0,0.004,144.49,214.0,0.0285,0.0009,0.2845,0.0512,1376.0,1.0,0,,,,,atypical_benign,0,8,4,1,0,3,3,4,0,0
txn_bda7d41070ec,76.41,0.5623,4,0,3.0,25.0,4.0,0.0,1.0,0.0,0.0,0.0,36.8033,1.0762,2793.0,2793.0,2088.0,0.0701,60.93,424.0,0.0799,0.0047,0.1834,0.0512,1376.0,1.0,0,,,,,atypical_benign,2,10,1,1,1,3,3,6,0,2
txn_68cced4907d7,63.8,0.3087,6,0,2.0,21.0,3.0,0.0,3.0,0.0,0.0,0.0,23.305,1.7376,285.0,613.0,2088.0,0.0701,60.93,2402.0,0.0095,0.0084,0.086,0.0512,1376.0,1.0,0,,,,,routine_benign,3,6,3,1,0,1,1,2,0,0
txn_82e35a9dafa4,22.15,0.2209,20,0,0.0,19.0,2.0,0.0,3.0,0.0,0.0,0.0,0.0,0.0,1440.0,1912.0,2088.0,0.0701,60.93,3232.0,0.0626,0.0079,0.0436,0.0512,1376.0,1.0,0,,,,,routine_benign,4,8,1,1,0,2,2,1,0,0
txn_403e251e4dcb,24.46,0.1115,1,0,1.0,15.0,3.0,0.0,2.0,0.0,0.0,0.0,22.15,0.1043,328.0,618.0,2088.0,0.0701,60.93,3990.0,0.0719,0.0017,0.2548,0.0461,428.0,1.0,0,,,,,routine_benign,3,6,4,1,0,1,1,4,2,0
txn_500c025848b6,15.91,0.2024,15,0,2.0,16.0,2.0,0.0,2.0,0.0,0.0,0.0,29.705,0.4644,602.0,602.0,1551.0,0.0201,159.43,976.0,0.0666,0.0119,0.3341,0.0461,428.0,1.0,0,,,,,routine_benign,0,4,3,1,0,2,2,4,3,0
txn_45849ab18f61,31.73,0.0527,4,0,0.0,14.0,0.0,0.0,1.0,0.0,0.0,0.0,0.0,0.0,1440.0,1440.0,1551.0,0.0201,159.43,3952.0,0.0039,0.0064,0.2464,0.0461,428.0,1.0,0,,,,,routine_benign,0,10,4,1,0,5,5,4,3,0
txn_87efb7c05490,68.85,0.1032,15,0,3.0,23.0,4.0,0.0,2.0,0.0,0.0,0.0,25.1067,1.7423,2886.0,2268.0,1551.0,0.0201,159.43,2258.0,0.0111,0.0087,0.0514,0.0461,428.0,1.0,0,,,,,routine_benign,1,8,4,1,0,0,0,2,0,0
txn_bc0bc709530a,27.68,0.1259,5,0,1.0,16.0,1.0,0.0,2.0,1.0,1.0,0.0,31.73,0.1276,20.0,20.0,1551.0,0.0201,159.43,2538.0,0.0221,0.0123,0.1388,0.0461,428.0,1.0,0,,,,,routine_benign,2,8,4,1,0,1,1,6,1,0
txn_20e694bf44e0,13.33,0.0882,2,0,0.0,8.0,0.0,0.0,0.0,0.0,0.0,0.0,0.0,0.0,1440.0,1440.0,111.0,0.0524,239.92,2954.0,0.0315,0.0076,0.2489,0.1303,579.0,1.0,0,,,,,routine_benign,0,6,1,1,0,1,1,0,0,0
txn_435db34f2389,60.52,0.6085,13,0,1.0,18.0,1.0,0.0,1.0,0.0,0.0,0.0,13.33,3.5401,3536.0,3536.0,111.0,0.0524,239.92,2201.0,0.0634,0.0044,0.3483,0.1303,579.0,1.0,0,,,,,atypical_benign,1,4,3,1,0,2,2,3,2,0
txn_9928d8e0d1d4,34.72,0.2683,14,0,2.0,23.0,3.0,0.0,1.0,0.0,0.0,0.0,36.925,0.0597,2914.0,1570.0,111.0,0.0524,239.92,3960.0,0.0291,0.0043,0.14,0.1303,579.0,1.0,0,,,,,routine_benign,2,6,3,1,0,1,1,0,1,0
txn_176143312640,17.57,0.3036,14,0,3.0,21.0,4.0,0.0,0.0,1.0,1.0,0.0,36.19,0.5145,25.0,25.0,111.0,0.0524,239.92,4424.0,0.0212,0.0049,0.2499,0.1303,579.0,1.0,0,,,,,routine_benign,3,4,1,1,0,4,4,2,1,0
txn_cfb9b4e359e5,100.4,0.4261,12,0,2.0,22.0,2.0,0.0,2.0,0.0,0.0,0.0,117.605,0.1463,2580.0,1344.0,2112.0,0.0545,269.88,712.0,0.0686,0.0107,0.2338,0.1303,579.0,1.0,0,,,,,atypical_benign,1,8,4,1,0,3,3,3,1,0
txn_702262eb855b,42.36,0.3203,17,0,1.0,22.0,2.0,0.0,3.0,0.0,0.0,0.0,192.85,0.7803,957.0,281.0,2112.0,0.0545,269.88,427.0,0.0554,0.0089,0.0718,0.0908,1196.0,0.0,0,,,,,routine_benign,0,10,3,1,0,3,3,6,3,0
txn_049fde679332,26.83,0.0695,15,0,3.0,26.0,4.0,0.0,4.0,0.0,0.0,0.0,111.87,0.7602,1670.0,2902.0,2112.0,0.0545,269.88,4063.0,0.0643,0.0136,0.0121,0.0908,1196.0,0.0,0,,,,,routine_benign,2,8,4,1,0,4,4,3,1,0
txn_fcd5b566a9c7,192.85,0.6002,1,0,0.0,17.0,0.0,0.0,2.0,0.0,0.0,0.0,0.0,0.0,1440.0,1440.0,2112.0,0.0545,269.88,2814.0,0.0449,0.0034,0.1579,0.0908,1196.0,0.0,0,,,,,atypical_benign,2,8,4,1,0,1,1,4,2,0
txn_508fc352f536,57.82,0.0318,15,0,2.0,21.0,3.0,0.0,0.0,0.0,0.0,0.0,26.335,1.1956,958.0,1348.0,160.0,0.0162,194.08,2885.0,0.0702,0.0123,0.3066,0.0908,1196.0,0.0,0,,,,,routine_benign,0,8,3,1,0,5,5,1,3,0
txn_3806567ac380,16.92,0.0632,12,0,0.0,15.0,1.0,0.0,1.0,0.0,0.0,0.0,0.0,0.0,1440.0,676.0,160.0,0.0162,194.08,214.0,0.0285,0.0009,0.2845,0.0908,1196.0,0.0,0,,,,,routine_benign,4,6,3,1,0,1,1,0,3,0
txn_b72ddde37dc9,35.75,0.1061,23,0,1.0,17.0,3.0,0.0,1.0,0.0,0.0,0.0,16.92,1.1129,671.0,638.0,160.0,0.0162,194.08,424.0,0.0799,0.0047,0.1834,0.2294,953.0,1.0,0,,,,,routine_benign,0,6,3,1,0,0,0,5,1,0
txn_5769c2e3dd6d,59.08,0.329,21,0,3.0,24.0,4.0,0.0,0.0,0.0,0.0,0.0,36.83,0.6041,379.0,1337.0,160.0,0.0162,194.08,2402.0,0.0095,0.0084,0.086,0.2294,953.0,1.0,0,,,,,routine_benign,1,6,1,1,0,4,4,4,3,0
txn_c781fbe7d694,123.92,0.1574,12,0,3.0,18.0,2.0,0.0,1.0,0.0,0.0,0.0,60.0933,1.0621,980.0,980.0,2277.0,0.0306,144.95,3232.0,0.0626,0.0079,0.0436,0.2294,953.0,1.0,0,,,,,routine_benign,1,6,4,1,0,0,0,2,1,0
txn_6ec4cac61157,79.58,0.3221,9,0,1.0,9.0,0.0,0.0,0.0,0.0,0.0,0.0,28.67,1.7757,993.0,1440.0,2277.0,0.0306,144.95,3990.0,0.0719,0.0017,0.2548,0.2294,953.0,1.0,0,,,,,routine_benign,2,4,4,1,0,4,4,2,3,0
txn_66ba6d0f19c4,72.03,0.3596,20,0,2.0,14.0,1.0,0.0,1.0,0.0,0.0,0.0,54.125,0.3308,674.0,674.0,2277.0,0.0306,144.95,976.0,0.0666,0.0119,0.3341,0.2294,953.0,1.0,0,,,,,routine_benign,2,6,3,1,0,3,3,3,3,0
txn_392955dc8580,28.67,0.2492,16,0,0.0,6.0,0.0,0.0,0.0,0.0,0.0,0.0,0.0,0.0,1440.0,1440.0,2277.0,0.0306,144.95,3952.0,0.0039,0.0064,0.2464,0.0011,1451.0,0.0,0,,,,,routine_benign,3,4,3,1,0,2,2,3,0,0
txn_e575f2ec28ee,56.98,0.1626,16,0,0.0,6.0,1.0,0.0,0.0,0.0,1.0,0.0,0.0,0.0,1440.0,3.0,2722.0,0.0497,123.52,2258.0,0.0111,0.0087,0.0514,0.0011,1451.0,0.0,0,,,,,routine_benign,2,8,3,1,0,4,4,0,3,0
txn_6da8302dfa05,54.62,0.3505,3,0,3.0,22.0,4.0,0.0,3.0,0.0,0.0,0.0,35.63,0.533,316.0,316.0,2722.0,0.0497,123.52,2538.0,0.0221,0.0123,0.1388,0.0011,1451.0,0.0,0,,,,,routine_benign,2,4,1,1,0,1,1,4,3,0
txn_ef3514b28e36,20.78,0.1537,22,0,2.0,23.0,3.0,0.0,4.0,0.0,0.0,0.0,43.055,0.5174,4386.0,4386.0,2722.0,0.0497,123.52,2954.0,0.0315,0.0076,0.2489,0.0011,1451.0,0.0,0,,,,,routine_benign,4,6,3,1,0,3,3,2,1,0
txn_8e5e08e62401,29.13,0.3231,21,0,1.0,12.0,2.0,0.0,0.0,0.0,0.0,0.0,56.98,0.4888,1704.0,1704.0,2722.0,0.0497,123.52,2201.0,0.0634,0.0044,0.3483,0.0011,1451.0,0.0,0,,,,,routine_benign,1,6,4,1,0,5,5,3,1,0
txn_a10a96e541a8,56.16,0.2903,18,0,2.0,20.0,3.0,0.0,1.0,0.0,0.0,0.0,121.895,0.5393,3730.0,2000.0,2543.0,0.001,216.53,3960.0,0.0291,0.0043,0.14,0.1914,66.0,1.0,0,,,,,routine_benign,2,8,3,1,0,0,0,1,2,0
txn_f051b8d49584,12.6,0.0995,18,0,3.0,17.0,4.0,0.0,0.0,1.0,1.0,0.0,99.9833,0.874,16.0,16.0,2543.0,0.001,216.53,4424.0,0.0212,0.0049,0.2499,0.1914,66.0,1.0,0,,,,,routine_benign,1,8,1,1,0,1,1,4,0,0
txn_027028da28a8,28.94,0.2389,4,0,1.0,11.0,1.0,0.0,0.0,0.0,0.0,0.0,214.85,0.8653,338.0,338.0,2543.0,0.001,216.53,712.0,0.0686,0.0107,0.2338,0.1914,66.0,1.0,0,,,,,routine_benign,2,4,1,1,0,0,0,3,1,0
txn_4728db4c6198,214.85,0.4584,22,1,0.0,6.0,0.0,0.0,0.0,0.0,0.0,0.0,0.0,0.0,1440.0,1440.0,2543.0,0.001,216.53,427.0,0.0554,0.0089,0.0718,0.1914,66.0,1.0,0,,,,,atypical_benign,3,6,4,1,0,0,1,3,0,0
txn_988c142ae727,22.94,0.3458,9,0,2.0,17.0,2.0,0.0,2.0,0.0,0.0,0.0,40.08,0.4276,1705.0,1730.0,2130.0,0.0651,216.48,4063.0,0.0643,0.0136,0.0121,0.1914,66.0,1.0,0,,,,,routine_benign,3,8,4,1,0,3,3,6,3,0
txn_a5bb770f9022,47.42,0.1797,17,0,0.0,5.0,0.0,0.0,2.0,0.0,0.0,0.0,0.0,0.0,1440.0,1440.0,2130.0,0.0651,216.48,2814.0,0.0449,0.0034,0.1579,0.1684,601.0,1.0,0,,,,,routine_benign,3,8,3,1,0,0,0,3,1,0
txn_a23a20421348,42.56,0.3373,20,0,3.0,22.0,3.0,0.0,1.0,0.0,0.0,0.0,34.3667,0.2384,2096.0,1348.0,2130.0,0.0651,216.48,2885.0,0.0702,0.0123,0.3066,0.1684,601.0,1.0,0,,,,,routine_benign,3,8,4,1,0,1,1,2,3,0
txn_517ee7f398bd,32.74,0.3437,4,0,1.0,10.0,1.0,0.0,1.0,0.0,0.0,0.0,47.42,0.3096,700.0,700.0,2130.0,0.0651,216.48,214.0,0.0285,0.0009,0.2845,0.1684,601.0,1.0,0,,,,,routine_benign,1,8,3,1,0,0,0,2,3,0
txn_41e3bdfcf674,72.76,0.0977,14,0,1.0,23.0,4.0,0.0,2.0,0.0,0.0,0.0,16.69,3.3595,2424.0,1076.0,2883.0,0.0178,237.63,424.0,0.0799,0.0047,0.1834,0.1684,601.0,1.0,0,,,,,routine_benign,3,6,1,1,0,3,3,1,0,0
txn_0922bf832c8a,16.69,0.0566,21,0,0.0,18.0,2.0,0.0,0.0,0.0,0.0,0.0,0.0,0.0,1440.0,2453.0,2883.0,0.0178,237.63,2402.0,0.0095,0.0084,0.086,0.1684,601.0,1.0,0,,,,,routine_benign,1,8,1,1,0,4,4,1,3,0
txn_845f023bb5e5,255.27,0.3686,20,1,3.0,25.0,3.0,0.0,3.0,0.0,0.0,0.0,34.14,6.4772,331.0,331.0,2883.0,0.0178,237.63,3232.0,0.0626,0.0079,0.0436,0.0467,461.0,0.0,0,,,,,atypical_benign,1,6,3,1,0,4,0,0,0,0
txn_a1b5203258ee,12.97,0.0756,15,0,2.0,21.0,2.0,0.0,1.0,1.0,0.0,0.0,44.725,0.71,57.0,668.0,2883.0,0.0178,237.63,3990.0,0.0719,0.0017,0.2548,0.0467,461.0,0.0,0,,,,,routine_benign,1,6,4,1,0,0,0,1,2,0
txn_bf81ac8028c5,35.07,0.2772,16,0,1.0,17.0,0.0,0.0,0.0,0.0,0.0,0.0,113.06,0.6898,2097.0,1440.0,1527.0,0.036,132.61,976.0,0.0666,0.0119,0.3341,0.0467,461.0,0.0,0,,,,,routine_benign,4,4,4,1,0,3,3,3,0,0
txn_c5f0dec655b8,45.27,0.1927,4,0,2.0,21.0,1.0,0.0,1.0,0.0,0.0,0.0,74.065,0.3888,2129.0,2129.0,1527.0,0.036,132.61,3952.0,0.0039,0.0064,0.2464,0.0467,461.0,0.0,0,,,,,routine_benign,2,10,3,1,0,5,5,0,2,0
txn_5a842742a4ba,14.86,0.0245,21,0,3.0,25.0,4.0,0.0,1.0,0.0,0.0,0.0,64.4667,0.7695,2495.0,1496.0,1527.0,0.036,132.61,2258.0,0.0111,0.0087,0.0514,0.0467,461.0,0.0,0,,,,,routine_benign,0,8,1,1,0,4,4,3,0,0
txn_bdf194480e4d,113.06,0.0345,5,0,0.0,8.0,1.0,0.0,0.0,0.0,0.0,0.0,0.0,0.0,1440.0,339.0,1527.0,0.036,132.61,2538.0,0.0221,0.0123,0.1388,0.2355,1445.0,1.0,0,,,,,routine_benign,2,8,3,1,0,0,0,0,0,0
txn_4a10e972f2e0,84.86,0.153,4,0,3.0,25.0,4.0,0.0,2.0,0.0,0.0,0.0,17.5033,3.8482,316.0,316.0,2965.0,0.0296,32.61,2954.0,0.0315,0.0076,0.2489,0.2355,1445.0,1.0,0,,,,,routine_benign,1,4,1,1,0,3,3,6,0,0
txn_cbd5bb2d004c,17.99,0.1873,23,0,1.0,21.0,2.0,0.0,4.0,0.0,0.0,0.0,10.99,0.6369,4276.0,3937.0,2965.0,0.0296,32.61,2201.0,0.0634,0.0044,0.3483,0.2355,1445.0,1.0,0,,,,,routine_benign,1,4,1,1,0,1,1,4,1,0
txn_bf5884aa33ab,23.53,0.3183,23,0,2.0,22.0,3.0,0.0,1.0,0.0,0.0,0.0,14.49,0.6239,1448.0,1448.0,2965.0,0.0296,32.61,3960.0,0.0291,0.0043,0.14,0.2355,1445.0,1.0,0,,,,,routine_benign,3,10,4,1,0,4,4,5,0,0
txn_f6e10b9f9080,10.99,0.0261,23,0,0.0,7.0,0.0,0.0,1.0,0.0,0.0,0.0,0.0,0.0,1440.0,1440.0,2965.0,0.0296,32.61,4424.0,0.0212,0.0049,0.2499,0.2355,1445.0,1.0,0,,,,,routine_benign,0,4,1,1,0,5,5,3,1,0
txn_072e35710bc4,17.47,0.0476,18,0,1.0,15.0,1.0,0.0,1.0,0.0,0.0,0.0,28.53,0.3877,354.0,354.0,2685.0,0.0213,270.5,712.0,0.0686,0.0107,0.2338,0.0016,440.0,1.0,0,,,,,routine_benign,4,10,3,1,0,2,2,2,2,0
txn_6b3469d7d8ed,28.53,0.0653,12,0,0.0,13.0,0.0,0.0,2.0,0.0,0.0,0.0,0.0,0.0,1440.0,1440.0,2685.0,0.0213,270.5,427.0,0.0554,0.0089,0.0718,0.0016,440.0,1.0,0,,,,,routine_benign,3,10,1,1,0,1,1,6,2,0
txn_260df4089cb9,53.06,0.3247,6,0,2.0,14.0,2.0,0.0,0.0,0.0,0.0,0.0,23.0,1.307,738.0,738.0,2685.0,0.0213,270.5,4063.0,0.0643,0.0136,0.0121,0.0016,440.0,1.0,0,,,,,routine_benign,1,4,3,1,0,5,5,4,0,0
txn_ae292018adc8,17.52,0.3469,18,0,3.0,24.0,3.0,0.0,2.0,0.0,0.0,0.0,33.02,0.4694,2187.0,2187.0,2685.0,0.0213,270.5,2814.0,0.0449,0.0034,0.1579,0.0016,440.0,1.0,0,,,,,routine_benign,4,8,3,1,0,2,2,6,3,0
txn_8cf6767299fd,39.11,0.1937,13,0,3.0,24.0,4.0,0.0,0.0,0.0,0.0,0.0,19.7567,0.9796,330.0,1107.0,1229.0,0.0681,61.8,2885.0,0.0702,0.0123,0.3066,0.0016,440.0,1.0,0,,,,,routine_benign,0,4,1,1,0,5,5,5,0,0
txn_06559c0621e2,14.08,0.0323,7,0,1.0,18.0,2.0,0.0,2.0,0.0,0.0,0.0,33.37,0.5781,341.0,329.0,1229.0,0.0681,61.8,214.0,0.0285,0.0009,0.2845,0.1144,443.0,0.0,0,,,,,routine_benign,2,4,1,1,0,2,2,6,2,0
txn_34ce164b2a16,11.82,0.0975,7,0,2.0,22.0,3.0,0.0,1.0,0.0,0.0,0.0,23.725,0.5018,1477.0,1477.0,1229.0,0.0681,61.8,424.0,0.0799,0.0047,0.1834,0.1144,443.0,0.0,0,,,,,routine_benign,4,6,4,1,0,0,0,0,3,0
txn_32c5e1cecc7a,33.37,0.2313,1,0,0.0,19.0,0.0,0.0,3.0,0.0,0.0,0.0,0.0,0.0,1440.0,1440.0,1229.0,0.0681,61.8,2402.0,0.0095,0.0084,0.086,0.1144,443.0,0.0,0,,,,,routine_benign,0,8,1,1,0,2,2,5,3,0
txn_771b90599798,121.68,0.2196,1,0,1.0,22.0,1.0,0.0,1.0,0.0,1.0,0.0,42.13,1.8882,1456.0,12.0,1419.0,0.0474,52.49,3232.0,0.0626,0.0079,0.0436,0.1144,443.0,0.0,0,,,,,routine_benign,4,8,4,1,0,3,3,4,0,0
txn_39bc0cb4dedf,25.99,0.2374,9,0,3.0,24.0,4.0,0.0,4.0,0.0,0.0,0.0,97.68,0.7339,2918.0,3003.0,1419.0,0.0474,52.49,3990.0,0.0719,0.0017,0.2548,0.1144,443.0,0.0,0,,,,,routine_benign,1,4,1,1,0,3,3,4,3,0
txn_6992f3476a67,42.13,0.1539,1,0,0.0,15.0,0.0,0.0,2.0,0.0,0.0,0.0,0.0,0.0,1440.0,1440.0,1419.0,0.0474,52.49,976.0,0.0666,0.0119,0.3341,0.2257,342.0,0.0,0,,,,,routine_benign,1,4,4,1,0,1,1,6,3,0
txn_4e7cc2629b64,129.23,0.0636,9,0,2.0,22.0,2.0,0.0,2.0,0.0,0.0,0.0,81.905,0.5778,1891.0,2193.0,1419.0,0.0474,52.49,3952.0,0.0039,0.0064,0.2464,0.2257,342.0,0.0,0,,,,,routine_benign,3,10,1,1,0,1,1,2,2,0
txn_9bc17c4ddd65,15.79,0.1259,4,0,3.0,24.0,4.0,0.0,1.0,0.0,0.0,0.0,248.21,0.9364,353.0,353.0,2190.0,0.0724,195.34,2258.0,0.0111,0.0087,0.0514,0.2257,342.0,0.0,0,,,,,routine_benign,1,10,4,1,0,5,5,6,3,0
txn_b472fb7f8071,81.59,0.3116,22,0,2.0,21.0,3.0,0.0,0.0,0.0,0.0,0.0,331.52,0.7539,2973.0,780.0,2190.0,0.0724,195.34,2538.0,0.0221,0.0123,0.1388,0.2257,342.0,0.0,0,,,,,routine_benign,1,10,4,1,0,0,0,2,3,0
txn_9d9c56a785a6,52.58,0.1366,20,0,1.0,18.0,1.0,0.0,1.0,0.0,0.0,0.0,610.46,0.9139,1114.0,1154.0,2190.0,0.0724,195.34,2954.0,0.0315,0.0076,0.2489,0.2257,342.0,0.0,0,,,,,routine_benign,4,10,3,1,0,3,3,6,3,0
txn_b41b9cf9ae0c,610.46,0.273,2,1,0.0,14.0,3.0,0.0,2.0,0.0,0.0,0.0,0.0,0.0,1440.0,354.0,2190.0,0.0724,195.34,2201.0,0.0634,0.0044,0.3483,0.0251,786.0,1.0,0,,,,,atypical_benign,4,10,4,1,0,0,5,2,0,0
txn_08d78f947c3c,81.19,0.1638,2,0,3.0,16.0,4.0,0.0,0.0,0.0,1.0,0.0,57.2433,0.4183,362.0,8.0,313.0,0.0562,276.38,3960.0,0.0291,0.0043,0.14,0.0251,786.0,1.0,0,,,,,routine_benign,1,4,4,1,0,4,4,1,1,0
txn_78787a29fe0a,93.28,0.0409,1,0,0.0,8.0,0.0,0.0,0.0,0.0,0.0,0.0,0.0,0.0,1440.0,1440.0,313.0,0.0562,276.38,4424.0,0.0212,0.0049,0.2499,0.0251,786.0,1.0,0,,,,,routine_benign,2,10,3,1,0,4,4,4,0,0
txn_8877a99f531d,55.64,0.0724,20,0,2.0,16.0,2.0,0.0,1.0,0.0,0.0,0.0,58.045,0.0414,1130.0,1130.0,313.0,0.0562,276.38,712.0,0.0686,0.0107,0.2338,0.0251,786.0,1.0,0,,,,,routine_benign,2,10,4,1,0,0,0,3,2,0
txn_9092689d3aaa,22.81,0.0411,1,0,1.0,8.0,1.0,0.0,0.0,1.0,1.0,0.0,93.28,0.7555,8.0,8.0,313.0,0.0562,276.38,427.0,0.0554,0.0089,0.0718,0.0251,786.0,1.0,0,,,,,routine_benign,2,6,1,1,0,4,4,4,2,0
txn_2d0f231ebf60,36.83,0.141,4,0,2.0,21.0,2.0,0.0,0.0,0.0,0.0,0.0,22.57,0.6318,369.0,369.0,1271.0,0.0612,46.98,4063.0,0.0643,0.0136,0.0121,0.1159,1191.0,1.0,0,,,,,routine_benign,0,10,4,1,0,5,5,2,2,0
txn_80616973b431,17.29,0.348,21,0,1.0,21.0,1.0,0.0,3.0,0.0,0.0,0.0,27.85,0.3792,753.0,753.0,1271.0,0.0612,46.98,2814.0,0.0449,0.0034,0.1579,0.1159,1191.0,1.0,0,,,,,routine_benign,0,8,3,1,0,3,3,3,0,0
txn_0bd3ebd2d3ab,27.85,0.224,9,0,0.0,12.0,0.0,0.0,2.0,0.0,0.0,0.0,0.0,0.0,1440.0,1440.0,1271.0,0.0612,46.98,2885.0,0.0702,0.0123,0.3066,0.1159,1191.0,1.0,0,,,,,routine_benign,3,8,1,1,0,0,0,1,0,0
txn_4303379b819e,53.88,0.2773,2,0,3.0,25.0,4.0,0.0,1.0,0.0,0.0,0.0,27.3233,0.9719,4249.0,1897.0,1271.0,0.0612,46.98,214.0,0.0285,0.0009,0.2845,0.1159,1191.0,1.0,0,,,,,routine_benign,2,4,1,1,0,1,1,2,2,0
txn_96e9307fed6a,74.7,0.0669,19,0,1.0,24.0,3.0,0.0,2.0,0.0,0.0,0.0,25.03,1.9844,3429.0,2352.0,2136.0,0.032,268.1,424.0,0.0799,0.0047,0.1834,0.1159,1191.0,1.0,0,,,,,routine_benign,4,10,1,1,0,0,0,4,1,0
txn_0b79f6bdf4cb,58.1,0.1713,3,0,3.0,25.0,4.0,0.0,1.0,0.0,0.0,0.0,43.7367,0.3284,1135.0,1135.0,2136.0,0.032,268.1,2402.0,0.0095,0.0084,0.086,0.0332,1064.0,1.0,0,,,,,routine_benign,3,10,4,1,0,4,4,5,3,0
txn_a1ff45b77adb,31.48,0.1682,8,0,2.0,26.0,3.0,0.0,2.0,0.0,0.0,0.0,49.865,0.3687,808.0,1107.0,2136.0,0.032,268.1,3232.0,0.0626,0.0079,0.0436,0.0332,1064.0,1.0,0,,,,,routine_benign,2,4,3,1,0,4,4,0,2,0
txn_6766849de74d,25.03,0.1127,10,0,0.0,13.0,1.0,0.0,1.0,0.0,0.0,0.0,0.0,0.0,1440.0,1543.0,2136.0,0.032,268.1,3990.0,0.0719,0.0017,0.2548,0.0332,1064.0,1.0,0,,,,,routine_benign,4,4,3,1,0,2,2,1,1,0
txn_f62b113218b9,49.61,0.3596,8,0,1.0,10.0,0.0,0.0,0.0,0.0,0.0,0.0,63.49,0.2186,380.0,1440.0,1150.0,0.0183,49.83,976.0,0.0666,0.0119,0.3341,0.0332,1064.0,1.0,0,,,,,routine_benign,1,4,4,1,0,2,2,4,1,0
txn_e76ece30cf1c,43.35,0.0578,14,0,2.0,23.0,2.0,0.0,0.0,0.0,0.0,0.0,56.55,0.2334,4673.0,3130.0,1150.0,0.0183,49.83,3952.0,0.0039,0.0064,0.2464,0.0332,1064.0,1.0,0,,,,,routine_benign,0,6,4,1,0,1,1,3,1,0
txn_3b762a21a5b7,63.49,0.084,2,0,0.0,11.0,0.0,0.0,1.0,0.0,0.0,0.0,0.0,0.0,1440.0,1440.0,1150.0,0.0183,49.83,2258.0,0.0111,0.0087,0.0514,0.006,154.0,1.0,0,,,,,routine_benign,4,6,1,1,0,3,3,1,3,0
txn_aec2f9245ef3,28.17,0.2397,21,0,3.0,20.0,3.0,0.0,4.0,0.0,0.0,0.0,52.15,0.4598,425.0,1536.0,1150.0,0.0183,49.83,2538.0,0.0221,0.0123,0.1388,0.006,154.0,1.0,0,,,,,routine_benign,2,6,3,1,0,4,4,2,0,0
txn_56ee7142acce,41.87,0.5501,10,0,2.0,26.0,4.0,0.0,3.0,0.0,0.0,0.0,30.49,0.3732,2338.0,802.0,379.0,0.0769,210.62,2954.0,0.0315,0.0076,0.2489,0.006,154.0,1.0,0,,,,,atypical_benign,2,10,4,1,0,1,1,5,3,0
txn_e85c6354058f,44.68,0.1948,19,0,1.0,20.0,2.0,0.0,1.0,0.0,0.0,0.0,16.3,1.7411,2744.0,2744.0,379.0,0.0769,210.62,2201.0,0.0634,0.0044,0.3483,0.006,154.0,1.0,0,,,,,routine_benign,4,6,4,1,0,3,3,1,0,0
txn_4060249dc10e,16.3,0.4376,21,1,0.0,14.0,1.0,0.0,4.0,0.0,0.0,0.0,0.0,0.0,1440.0,1198.0,379.0,0.0769,210.62,3960.0,0.0291,0.0043,0.14,0.006,154.0,1.0,0,,,,,atypical_benign,3,6,3,1,1,0,2,0,2,1
txn_4a072ec1689b,32.01,0.3296,0,0,3.0,23.0,4.0,0.0,2.0,0.0,0.0,0.0,34.2833,0.0663,850.0,1907.0,379.0,0.0769,210.62,4424.0,0.0212,0.0049,0.2499,0.1681,1466.0,1.0,0,,,,,routine_benign,1,6,4,1,0,1,1,3,2,0
txn_42418544e97c,56.91,0.0814,16,0,2.0,24.0,2.0,0.0,3.0,0.0,0.0,0.0,32.215,0.7666,1968.0,1968.0,226.0,0.0654,256.24,712.0,0.0686,0.0107,0.2338,0.1681,1466.0,1.0,0,,,,,routine_benign,0,10,1,1,0,0,0,3,3,0
txn_a033257aad54,33.04,0.1812,7,0,1.0,24.0,1.0,0.0,2.0,0.0,0.0,0.0,31.39,0.0526,2376.0,2376.0,226.0,0.0654,256.24,427.0,0.0554,0.0089,0.0718,0.1681,1466.0,1.0,0,,,,,routine_benign,0,10,1,1,0,4,4,3,3,0
txn_1c7a03968364,31.39,0.1623,15,0,0.0,11.0,0.0,0.0,0.0,0.0,0.0,0.0,0.0,0.0,1440.0,1440.0,226.0,0.0654,256.24,4063.0,0.0643,0.0136,0.0121,0.1681,1466.0,1.0,0,,,,,routine_benign,1,4,4,1,0,5,5,3,1,0
txn_1e80e2177a57,71.14,0.2299,17,0,3.0,25.0,3.0,0.0,3.0,1.0,1.0,0.0,40.4467,0.7589,51.0,51.0,226.0,0.0654,256.24,2814.0,0.0449,0.0034,0.1579,0.1681,1466.0,1.0,0,,,,,routine_benign,0,10,3,1,0,3,3,5,1,0
txn_415cf330c09a,261.53,0.3823,8,0,0.0,19.0,1.0,0.0,2.0,0.0,0.0,0.0,0.0,0.0,1440.0,3184.0,2970.0,0.0135,244.86,2885.0,0.0702,0.0123,0.3066,0.0033,1106.0,0.0,0,,,,,atypical_benign,1,8,3,1,0,0,0,3,1,0
txn_e96350416edb,7.68,0.1383,8,0,1.0,19.0,2.0,0.0,1.0,1.0,1.0,0.0,261.53,0.9706,12.0,12.0,2970.0,0.0135,244.86,214.0,0.0285,0.0009,0.2845,0.0033,1106.0,0.0,0,,,,,routine_benign,3,10,3,1,0,0,0,4,1,0
txn_8657f4f6448e,41.53,0.1121,8,0,2.0,19.0,3.0,0.0,4.0,2.0,2.0,0.0,134.605,0.6915,12.0,12.0,2970.0,0.0135,244.86,424.0,0.0799,0.0047,0.1834,0.0033,1106.0,0.0,0,,,,,routine_benign,1,4,3,1,0,4,4,3,1,0
txn_6dda8254fc4b,31.13,0.1896,17,0,3.0,27.0,4.0,0.0,2.0,0.0,0.0,0.0,103.58,0.6995,4848.0,4848.0,2970.0,0.0135,244.86,2402.0,0.0095,0.0084,0.086,0.0033,1106.0,0.0,0,,,,,routine_benign,3,8,3,1,0,3,3,4,3,0
txn_0037d8869a41,34.76,0.0538,2,0,0.0,10.0,0.0,0.0,1.0,0.0,0.0,0.0,0.0,0.0,1440.0,1440.0,554.0,0.0387,266.32,3232.0,0.0626,0.0079,0.0436,0.0033,1106.0,0.0,0,,,,,routine_benign,1,8,1,1,0,3,3,2,2,0
txn_f9a578955f6e,45.55,0.0277,11,0,3.0,25.0,3.0,0.0,3.0,0.0,0.0,0.0,23.38,0.9482,1582.0,1582.0,554.0,0.0387,266.32,3990.0,0.0719,0.0017,0.2548,0.0195,258.0,1.0,0,,,,,routine_benign,1,10,1,1,0,4,4,2,3,0
txn_6f808f0ec025,12.31,0.1939,15,0,1.0,25.0,0.0,0.0,2.0,0.0,0.0,0.0,34.76,0.6459,3662.0,1440.0,554.0,0.0387,266.32,976.0,0.0666,0.0119,0.3341,0.0195,258.0,1.0,0,,,,,routine_benign,2,8,3,1,0,3,3,1,3,0
txn_997f6c1e8b03,23.07,0.2449,8,0,2.0,26.0,2.0,0.0,2.0,0.0,0.0,0.0,23.535,0.0198,2455.0,1205.0,554.0,0.0387,266.32,3952.0,0.0039,0.0064,0.2464,0.0195,258.0,1.0,0,,,,,routine_benign,4,4,3,1,0,4,4,5,0,0
txn_70b2cc571434,47.54,0.1641,12,0,1.0,22.0,1.0,0.0,3.0,0.0,0.0,0.0,145.99,0.6744,3658.0,1250.0,2142.0,0.0511,270.09,2258.0,0.0111,0.0087,0.0514,0.0195,258.0,1.0,0,,,,,routine_benign,2,6,3,1,0,1,1,5,3,0
txn_d580cf977638,11.04,0.5184,2,1,3.0,25.0,4.0,0.0,1.0,0.0,0.0,0.0,68.5333,0.8389,1183.0,910.0,2142.0,0.0511,270.09,2538.0,0.0221,0.0123,0.1388,0.0195,258.0,1.0,0,,,,,atypical_benign,1,6,1,1,0,2,1,6,1,0
txn_f29ff29e3e6c,145.99,0.3927,23,0,0.0,15.0,1.0,0.0,1.0,0.0,0.0,0.0,0.0,0.0,1440.0,1222.0,2142.0,0.0511,270.09,2954.0,0.0315,0.0076,0.2489,0.0645,796.0,0.0,0,,,,,atypical_benign,1,8,4,1,0,5,5,4,3,0
txn_a29d234c6a89,12.07,0.0738,6,0,2.0,26.0,3.0,0.0,4.0,0.0,0.0,0.0,96.765,0.8753,2514.0,2418.0,2142.0,0.0511,270.09,2201.0,0.0634,0.0044,0.3483,0.0645,796.0,0.0,0,,,,,routine_benign,4,10,1,1,0,2,2,2,3,0
txn_c42ff4339bae,40.99,0.1846,3,0,0.0,6.0,0.0,0.0,0.0,0.0,0.0,0.0,0.0,0.0,1440.0,1440.0,504.0,0.0134,71.79,3960.0,0.0291,0.0043,0.14,0.0645,796.0,0.0,0,,,,,routine_benign,0,4,1,1,0,3,3,2,1,0
txn_c1216c359b62,87.93,0.0621,4,0,3.0,25.0,4.0,0.0,0.0,0.0,0.0,0.0,18.8667,3.6606,1195.0,1283.0,504.0,0.0134,71.79,4424.0,0.0212,0.0049,0.2499,0.0645,796.0,0.0,0,,,,,routine_benign,3,6,4,1,0,2,2,4,3,0
txn_428f0caec43d,7.98,0.2226,14,0,1.0,23.0,2.0,0.0,3.0,0.0,0.0,0.0,40.99,0.8053,4976.0,3754.0,504.0,0.0134,71.79,712.0,0.0686,0.0107,0.2338,0.0645,796.0,0.0,0,,,,,routine_benign,0,10,1,1,0,1,1,1,3,0
txn_f93a2ea2ec2b,7.63,0.275,8,0,2.0,27.0,4.0,0.0,0.0,0.0,0.0,0.0,24.485,0.6884,2506.0,2474.0,504.0,0.0134,71.79,427.0,0.0554,0.0089,0.0718,0.1753,158.0,1.0,0,,,,,routine_benign,4,10,4,1,0,4,4,1,1,0
txn_ab2304fb8759,71.17,0.1992,14,0,3.0,23.0,3.0,0.0,2.0,0.0,0.0,0.0,30.9667,1.2983,1640.0,1640.0,1635.0,0.0335,134.61,4063.0,0.0643,0.0136,0.0121,0.1753,158.0,1.0,0,,,,,routine_benign,4,10,1,1,0,5,5,4,1,0
txn_2b01441369a8,29.3,0.3465,0,0,0.0,16.0,0.0,0.0,1.0,0.0,0.0,0.0,0.0,0.0,1440.0,1440.0,1635.0,0.0335,134.61,2814.0,0.0449,0.0034,0.1579,0.1753,158.0,1.0,0,,,,,routine_benign,0,10,1,1,0,1,1,1,3,0
txn_f97da9a05ce1,14.24,0.3537,11,0,2.0,20.0,2.0,0.0,0.0,0.0,0.0,0.0,39.33,0.6379,2083.0,2083.0,1635.0,0.0335,134.61,2885.0,0.0702,0.0123,0.3066,0.1753,158.0,1.0,0,,,,,routine_benign,1,4,3,1,0,0,0,4,2,0
txn_c39c60d5906c,49.36,0.2195,0,0,1.0,13.0,1.0,0.0,1.0,1.0,1.0,0.0,29.3,0.6846,14.0,14.0,1635.0,0.0335,134.61,214.0,0.0285,0.0009,0.2845,0.1753,158.0,1.0,0,,,,,atypical_benign,3,10,1,1,0,1,1,6,2,0
txn_57a142e7e1d0,23.03,0.4599,15,0,1.0,15.0,1.0,0.0,4.0,0.0,0.0,0.0,236.18,0.9025,833.0,833.0,426.0,0.0286,52.07,424.0,0.0799,0.0047,0.1834,0.2019,214.0,0.0,0,,,,,atypical_benign,2,6,1,1,1,3,3,1,2,1
txn_10f2caa6125e,236.18,0.4393,1,0,0.0,13.0,0.0,0.0,0.0,0.0,0.0,0.0,0.0,0.0,1440.0,1440.0,426.0,0.0286,52.07,2402.0,0.0095,0.0084,0.086,0.2019,214.0,0.0,0,,,,,atypical_benign,2,8,4,1,0,4,4,6,0,0
txn_ca81692a4376,9.88,0.2217,7,0,3.0,27.0,4.0,0.0,1.0,0.0,0.0,0.0,88.6767,0.8886,3359.0,3359.0,426.0,0.0286,52.07,3232.0,0.0626,0.0079,0.0436,0.2019,214.0,0.0,0,,,,,routine_benign,1,4,1,1,0,5,5,2,0,0
txn_f3daef0e9277,6.82,0.0698,23,0,2.0,22.0,3.0,0.0,2.0,0.0,0.0,0.0,129.605,0.9474,3411.0,1255.0,426.0,0.0286,52.07,3990.0,0.0719,0.0017,0.2548,0.2019,214.0,0.0,0,,,,,routine_benign,3,6,3,1,0,3,3,6,0,0
txn_fc07d1d1df3a,33.09,0.2607,2,0,2.0,26.0,2.0,0.0,0.0,0.0,0.0,0.0,32.375,0.0221,398.0,2156.0,1095.0,0.0101,99.54,976.0,0.0666,0.0119,0.3341,0.2019,214.0,0.0,0,,,,,routine_benign,4,4,3,1,0,0,0,0,0,0
txn_837128f9fa3b,53.66,0.2234,13,0,0.0,19.0,0.0,0.0,0.0,0.0,0.0,0.0,0.0,0.0,1440.0,1440.0,1095.0,0.0101,99.54,3952.0,0.0039,0.0064,0.2464,0.108,1097.0,1.0,0,,,,,routine_benign,3,6,3,1,0,5,5,1,1,0
txn_682c35942588,11.09,0.3525,20,0,1.0,21.0,1.0,0.0,5.0,0.0,0.0,0.0,53.66,0.7933,438.0,438.0,1095.0,0.0101,99.54,2258.0,0.0111,0.0087,0.0514,0.108,1097.0,1.0,0,,,,,routine_benign,2,8,1,1,0,1,1,2,0,0
txn_d4bdef6b68a2,36.52,0.088,2,0,3.0,26.0,4.0,0.0,1.0,0.0,0.0,0.0,32.6133,0.1198,4312.0,1668.0,1095.0,0.0101,99.54,2538.0,0.0221,0.0123,0.1388,0.108,1097.0,1.0,0,,,,,routine_benign,4,10,4,1,0,3,3,4,3,0
txn_10e794630841,29.07,0.3511,1,0,1.0,24.0,2.0,0.0,0.0,0.0,0.0,0.0,9.73,1.9877,3397.0,1738.0,2007.0,0.0436,266.04,2954.0,0.0315,0.0076,0.2489,0.108,1097.0,1.0,0,,,,,routine_benign,1,6,3,1,0,1,1,6,1,0
txn_3acedbefaff0,14.72,0.1583,23,0,2.0,25.0,3.0,0.0,5.0,0.0,0.0,0.0,19.4,0.2412,1304.0,1304.0,2007.0,0.0436,266.04,2201.0,0.0634,0.0044,0.3483,0.108,1097.0,1.0,0,,,,,routine_benign,2,6,3,1,0,2,2,4,3,0
txn_bab4233a5140,44.16,0.2746,20,0,3.0,24.0,4.0,0.0,4.0,0.0,0.0,0.0,17.84,1.4753,1310.0,4248.0,2007.0,0.0436,266.04,3960.0,0.0291,0.0043,0.14,0.244,853.0,1.0,0,,,,,routine_benign,3,4,3,1,0,2,2,2,0,0
txn_5a57a08b85c4,9.73,0.2052,16,0,0.0,15.0,2.0,0.0,4.0,0.0,0.0,0.0,0.0,0.0,1440.0,423.0,2007.0,0.0436,266.04,4424.0,0.0212,0.0049,0.2499,0.244,853.0,1.0,0,,,,,routine_benign,1,10,1,1,0,0,0,6,1,0
txn_9b956823ac76,55.07,0.2189,9,0,1.0,19.0,1.0,0.0,1.0,0.0,0.0,0.0,42.35,0.3004,1724.0,1724.0,2245.0,0.0167,195.56,712.0,0.0686,0.0107,0.2338,0.244,853.0,1.0,0,,,,,routine_benign,1,8,3,1,0,3,3,4,1,0
txn_f0a54bdea293,42.35,0.2169,4,0,0.0,10.0,0.0,0.0,2.0,0.0,0.0,0.0,0.0,0.0,1440.0,1440.0,2245.0,0.0167,195.56,427.0,0.0554,0.0089,0.0718,0.244,853.0,1.0,0,,,,,routine_benign,4,4,3,1,0,0,0,1,2,0
txn_648809bbff62,28.97,0.1184,22,0,3.0,22.0,3.0,0.0,0.0,0.0,0.0,0.0,42.6667,0.321,2162.0,1763.0,2245.0,0.0167,195.56,4063.0,0.0643,0.0136,0.0121,0.244,853.0,1.0,0,,,,,routine_benign,0,8,1,1,0,3,3,3,1,0
txn_fe5796b248ac,30.58,0.1806,10,0,2.0,18.0,0.0,0.0,3.0,1.0,0.0,0.0,48.71,0.3722,24.0,1440.0,2245.0,0.0167,195.56,2814.0,0.0449,0.0034,0.1579,0.0944,1300.0,1.0,0,,,,,routine_benign,1,4,3,1,0,1,1,4,2,0
txn_4750c136c7c6,16.93,0.1979,5,0,1.0,23.0,2.0,0.0,1.0,0.0,0.0,0.0,20.38,0.1693,1275.0,1275.0,1167.0,0.0102,75.22,2885.0,0.0702,0.0123,0.3066,0.0944,1300.0,1.0,0,,,,,routine_benign,4,10,3,1,0,3,3,5,2,0
txn_fe61cfd35914,17.0,0.2343,11,0,2.0,24.0,3.0,0.0,4.0,0.0,0.0,0.0,18.655,0.0887,1762.0,1762.0,1167.0,0.0102,75.22,214.0,0.0285,0.0009,0.2845,0.0944,1300.0,1.0,0,,,,,routine_benign,0,10,1,1,0,2,2,1,0,0
txn_75ef83f714b0,152.54,0.3356,16,0,3.0,27.0,4.0,0.0,2.0,0.0,0.0,0.0,18.1033,7.4261,1770.0,1770.0,1167.0,0.0102,75.22,424.0,0.0799,0.0047,0.1834,0.0944,1300.0,1.0,0,,,,,routine_benign,3,6,3,1,0,5,5,1,3,0
txn_0abe298c37a9,20.38,0.0618,8,0,0.0,22.0,1.0,0.0,2.0,0.0,0.0,0.0,0.0,0.0,1440.0,1349.0,1167.0,0.0102,75.22,2402.0,0.0095,0.0084,0.086,0.0944,1300.0,1.0,0,,,,,routine_benign,2,6,4,1,0,3,3,4,3,0
txn_35845e5cb9f8,12.17,0.1747,1,0,0.0,21.0,1.0,0.0,1.0,0.0,0.0,0.0,0.0,0.0,1440.0,2180.0,526.0,0.064,225.19,3232.0,0.0626,0.0079,0.0436,0.2436,1485.0,0.0,0,,,,,routine_benign,3,4,3,1,0,1,1,2,0,0
txn_99998e763c36,57.49,0.3278,6,0,2.0,20.0,3.0,0.0,3.0,0.0,0.0,0.0,21.3,1.6991,1312.0,1312.0,526.0,0.064,225.19,3990.0,0.0719,0.0017,0.2548,0.2436,1485.0,0.0,0,,,,,routine_benign,4,10,3,1,0,0,0,2,3,0
txn_5ccd11c6d048,30.43,0.231,9,0,1.0,22.0,2.0,0.0,0.0,0.0,0.0,0.0,12.17,1.5004,462.0,462.0,526.0,0.064,225.19,976.0,0.0666,0.0119,0.3341,0.2436,1485.0,0.0,0,,,,,routine_benign,0,4,3,1,0,3,3,1,2,0
txn_e04ab0e50378,15.42,0.1017,16,0,3.0,27.0,4.0,0.0,1.0,0.0,0.0,0.0,33.3633,0.5378,4901.0,4901.0,526.0,0.064,225.19,3952.0,0.0039,0.0064,0.2464,0.2436,1485.0,0.0,0,,,,,routine_benign,0,8,4,1,0,0,0,6,2,0
txn_0dcdff39edc7,8.44,0.2498,13,0,0.0,15.0,0.0,0.0,1.0,0.0,0.0,0.0,0.0,0.0,1440.0,1440.0,2303.0,0.0649,28.3,2258.0,0.0111,0.0087,0.0514,0.2436,1485.0,0.0,0,,,,,routine_benign,0,4,3,1,0,4,4,4,2,0
txn_019e9db5948b,91.02,0.2058,7,0,3.0,19.0,2.0,0.0,4.0,0.0,0.0,0.0,33.2533,1.7372,2216.0,2216.0,2303.0,0.0649,28.3,2538.0,0.0221,0.0123,0.1388,0.0322,1266.0,0.0,0,,,,,routine_benign,1,4,1,1,0,0,0,1,2,0
txn_12ff7662a170,29.19,0.1548,18,0,2.0,16.0,1.0,0.0,0.0,0.0,0.0,0.0,35.285,0.1727,1332.0,1332.0,2303.0,0.0649,28.3,2954.0,0.0315,0.0076,0.2489,0.0322,1266.0,0.0,0,,,,,routine_benign,1,4,3,1,0,3,3,4,2,0
txn_714f0cca0db7,62.13,0.4296,20,0,1.0,11.0,0.0,0.0,0.0,0.0,0.0,0.0,8.44,6.3614,462.0,1440.0,2303.0,0.0649,28.3,2201.0,0.0634,0.0044,0.3483,0.0322,1266.0,0.0,0,,,,,atypical_benign,3,4,1,1,0,5,5,6,3,0
txn_4d9b83a7cae7,16.38,0.2457,11,0,3.0,26.0,4.0,0.0,0.0,0.0,0.0,0.0,29.5833,0.4463,2670.0,2670.0,1642.0,0.0527,120.1,3960.0,0.0291,0.0043,0.14,0.0322,1266.0,0.0,0,,,,,routine_benign,1,6,3,1,0,4,4,3,1,0
txn_16128210b190,13.45,0.518,14,0,2.0,22.0,3.0,0.0,3.0,0.0,0.0,0.0,37.65,0.6428,1332.0,1852.0,1642.0,0.0527,120.1,4424.0,0.0212,0.0049,0.2499,0.0322,1266.0,0.0,0,,,,,atypical_benign,0,10,1,1,0,2,2,3,2,0
txn_68e2d1e7f177,64.44,0.1188,16,0,1.0,25.0,2.0,0.0,2.0,0.0,0.0,0.0,10.86,4.9337,4495.0,2210.0,1642.0,0.0527,120.1,712.0,0.0686,0.0107,0.2338,0.0855,707.0,0.0,0,,,,,routine_benign,4,10,1,1,0,3,3,3,3,0
txn_3b1591111e38,10.86,0.1808,13,0,0.0,14.0,0.0,0.0,0.0,0.0,0.0,0.0,0.0,0.0,1440.0,1440.0,1642.0,0.0527,120.1,427.0,0.0554,0.0089,0.0718,0.0855,707.0,0.0,0,,,,,routine_benign,2,10,1,1,0,2,2,5,0,0
txn_be79b71ab6a0,237.49,0.4149,0,0,1.0,25.0,3.0,0.0,1.0,0.0,0.0,0.0,65.35,2.6341,2692.0,482.0,1676.0,0.0717,102.33,4063.0,0.0643,0.0136,0.0121,0.0855,707.0,0.0,0,,,,,atypical_benign,0,6,1,1,0,3,3,4,0,0
txn_2b88ea0818a4,16.0,0.0676,15,0,3.0,26.0,4.0,0.0,0.0,0.0,0.0,0.0,120.8267,0.8676,874.0,922.0,1676.0,0.0717,102.33,2814.0,0.0449,0.0034,0.1579,0.0855,707.0,0.0,0,,,,,routine_benign,3,10,4,1,0,4,4,6,0,0
txn_96d23b6e679c,65.35,0.0305,3,0,0.0,18.0,1.0,0.0,1.0,0.0,0.0,0.0,0.0,0.0,1440.0,2285.0,1676.0,0.0717,102.33,2885.0,0.0702,0.0123,0.3066,0.0855,707.0,0.0,0,,,,,routine_benign,4,10,4,1,0,5,5,0,0,0
txn_c4f32d0ecfc1,59.64,0.2688,1,0,2.0,23.0,2.0,0.0,0.0,1.0,0.0,0.0,151.42,0.6061,48.0,3632.0,1676.0,0.0717,102.33,214.0,0.0285,0.0009,0.2845,0.1133,1231.0,0.0,0,,,,,routine_benign,3,10,4,1,0,0,0,2,1,0
txn_9d9c57c4e84e,7.54,0.0697,12,0,1.0,14.0,1.0,0.0,0.0,0.0,0.0,0.0,91.21,0.9173,2274.0,2274.0,1719.0,0.018,182.97,424.0,0.0799,0.0047,0.1834,0.1133,1231.0,0.0,0,,,,,routine_benign,4,4,3,1,0,4,4,4,2,0
txn_ec9fba645037,37.04,0.3248,15,0,2.0,26.0,3.0,0.0,2.0,0.0,0.0,0.0,49.375,0.2498,5949.0,2317.0,1719.0,0.018,182.97,2402.0,0.0095,0.0084,0.086,0.1133,1231.0,0.0,0,,,,,routine_benign,2,6,1,1,0,4,4,5,2,0
txn_1c7e3cd704b5,91.21,0.2902,22,0,0.0,8.0,0.0,0.0,0.0,0.0,0.0,0.0,0.0,0.0,1440.0,1440.0,1719.0,0.018,182.97,3232.0,0.0626,0.0079,0.0436,0.1133,1231.0,0.0,0,,,,,routine_benign,0,8,1,1,0,5,5,5,0,0
txn_8c7d69b2acbe,35.14,0.3291,16,1,3.0,26.0,4.0,0.0,2.0,1.0,1.0,0.0,45.2633,0.2237,42.0,42.0,1719.0,0.018,182.97,3990.0,0.0719,0.0017,0.2548,0.1133,1231.0,0.0,0,,,,,atypical_benign,2,6,4,1,0,4,2,1,2,0
txn_9fa857beed87,82.06,0.2862,2,0,2.0,27.0,3.0,0.0,2.0,0.0,0.0,0.0,49.45,0.6595,3664.0,3664.0,459.0,0.0657,273.47,976.0,0.0666,0.0119,0.3341,0.1609,403.0,1.0,0,,,,,routine_benign,0,4,4,1,0,1,1,3,2,0
txn_f2d8fff263b9,32.53,0.0574,22,0,0.0,12.0,1.0,0.0,1.0,0.0,0.0,0.0,0.0,0.0,1440.0,910.0,459.0,0.0657,273.47,3952.0,0.0039,0.0064,0.2464,0.1609,403.0,1.0,0,,,,,routine_benign,0,8,3,1,0,5,5,0,3,0
txn_d5322d9d795b,66.37,0.0877,13,0,1.0,19.0,2.0,0.0,2.0,0.0,0.0,0.0,32.53,1.0403,930.0,930.0,459.0,0.0657,273.47,2258.0,0.0111,0.0087,0.0514,0.1609,403.0,1.0,0,,,,,routine_benign,0,8,1,1,0,0,0,6,3,0
txn_724d61705cee,17.91,0.3149,2,0,3.0,23.0,4.0,0.0,6.0,0.0,0.0,0.0,60.32,0.7031,1437.0,1437.0,459.0,0.0657,273.47,2538.0,0.0221,0.0123,0.1388,0.1609,403.0,1.0,0,,,,,routine_benign,1,10,3,1,0,2,2,4,0,0
txn_96d436568eaf,43.21,0.0781,6,0,0.0,10.0,0.0,0.0,2.0,0.0,0.0,0.0,0.0,0.0,1440.0,1440.0,753.0,0.0194,48.83,2954.0,0.0315,0.0076,0.2489,0.1609,403.0,1.0,0,,,,,routine_benign,2,6,3,1,0,5,5,6,3,0
txn_6e307b788d32,36.4,0.3703,14,0,1.0,17.0,0.0,0.0,2.0,0.0,0.0,0.0,43.21,0.1576,1864.0,1440.0,753.0,0.0194,48.83,2201.0,0.0634,0.0044,0.3483,0.2432,1437.0,1.0,0,,,,,atypical_benign,0,10,3,1,0,3,3,2,3,0
txn_25d0940ac80f,18.87,0.3027,2,0,2.0,25.0,3.0,0.0,1.0,0.0,0.0,0.0,39.805,0.5259,6532.0,1341.0,753.0,0.0194,48.83,3960.0,0.0291,0.0043,0.14,0.2432,1437.0,1.0,0,,,,,routine_benign,3,8,3,1,0,1,1,4,1,0
txn_c4d56caa58b5,52.41,0.1642,2,0,3.0,26.0,4.0,0.0,0.0,0.0,0.0,0.0,32.8267,0.5966,1423.0,1423.0,753.0,0.0194,48.83,4424.0,0.0212,0.0049,0.2499,0.2432,1437.0,1.0,0,,,,,routine_benign,1,10,1,1,0,3,3,2,0,0
txn_e509b3c87ca2,28.07,0.5907,20,0,0.0,27.0,1.0,0.0,2.0,0.0,0.0,0.0,0.0,0.0,1440.0,4704.0,2105.0,0.0341,83.91,712.0,0.0686,0.0107,0.2338,0.2432,1437.0,1.0,0,,,,,atypical_benign,2,10,1,1,1,2,2,1,3,2
txn_b7ec0a9b1b86,29.98,0.3589,4,0,1.0,26.0,2.0,0.0,4.0,0.0,0.0,1.0,28.07,0.068,487.0,487.0,2105.0,0.0341,83.91,427.0,0.0554,0.0089,0.0718,0.2432,1437.0,1.0,0,,,,,routine_benign,2,8,4,1,0,1,1,0,0,0
txn_371737deb9f1,28.8,0.3116,20,0,3.0,27.0,4.0,0.0,0.0,0.0,0.0,0.0,27.81,0.0356,918.0,918.0,2105.0,0.0341,83.91,4063.0,0.0643,0.0136,0.0121,0.0343,273.0,0.0,0,,,,,routine_benign,2,4,4,1,0,4,4,2,1,0
txn_01041bf59f01,25.38,0.1819,4,0,2.0,27.0,3.0,0.0,2.0,0.0,0.0,0.0,29.025,0.1256,1451.0,450.0,2105.0,0.0341,83.91,2814.0,0.0449,0.0034,0.1579,0.0343,273.0,0.0,0,,,,,routine_benign,0,8,4,1,0,5,5,1,3,0
txn_78a1ff63db04,312.82,0.2205,21,0,3.0,27.0,2.0,0.0,1.0,0.0,0.0,0.0,154.0333,1.0309,452.0,452.0,2951.0,0.0015,71.76,2885.0,0.0702,0.0123,0.3066,0.0343,273.0,0.0,0,,,,,atypical_benign,3,4,1,1,0,4,4,2,2,0
txn_b1237ce3178b,349.05,0.5784,13,0,2.0,26.0,1.0,0.0,3.0,0.0,0.0,0.0,56.525,5.1751,6135.0,6142.0,2951.0,0.0015,71.76,214.0,0.0285,0.0009,0.2845,0.0343,273.0,0.0,0,,,,,atypical_benign,0,6,1,1,0,1,1,5,0,0
txn_c6fe8597fced,79.9,0.3106,7,0,0.0,13.0,0.0,0.0,0.0,0.0,0.0,0.0,0.0,0.0,1440.0,1440.0,2951.0,0.0015,71.76,424.0,0.0799,0.0047,0.1834,0.0343,273.0,0.0,0,,,,,routine_benign,1,6,3,1,0,0,0,5,3,0
txn_91f8567c3097,33.15,0.18,7,0,1.0,15.0,1.0,0.0,3.0,1.0,0.0,0.0,79.9,0.5851,7.0,1897.0,2951.0,0.0015,71.76,2402.0,0.0095,0.0084,0.086,0.1164,346.0,0.0,0,,,,,routine_benign,3,6,3,1,0,2,2,6,2,0
txn_d37a76998cc6,233.48,0.2086,23,0,0.0,9.0,0.0,0.0,0.0,0.0,0.0,0.0,0.0,0.0,1440.0,1440.0,1978.0,0.0359,148.63,3232.0,0.0626,0.0079,0.0436,0.1164,346.0,0.0,0,,,,,atypical_benign,1,6,3,1,0,1,1,2,3,0
txn_e5f845594915,9.83,0.2104,22,0,3.0,27.0,4.0,0.0,1.0,0.0,0.0,0.0,116.0167,0.9153,2832.0,2832.0,1978.0,0.0359,148.63,3990.0,0.0719,0.0017,0.2548,0.1164,346.0,0.0,0,,,,,routine_benign,4,8,3,1,0,2,2,6,3,0
txn_cd21ac23fcc3,81.98,0.1996,7,0,1.0,21.0,2.0,0.0,2.0,0.0,0.0,0.0,233.48,0.6489,3352.0,1455.0,1978.0,0.0359,148.63,976.0,0.0666,0.0119,0.3341,0.1164,346.0,0.0,0,,,,,routine_benign,4,8,4,1,0,0,0,4,1,0
txn_597bf15bf8ab,32.59,0.357,23,0,2.0,24.0,3.0,0.0,2.0,0.0,0.0,0.0,157.73,0.7934,2405.0,2405.0,1978.0,0.0359,148.63,3952.0,0.0039,0.0064,0.2464,0.1164,346.0,0.0,0,,,,,routine_benign,0,4,4,1,0,0,0,6,0,0
txn_67523df8d90e,6.65,0.0688,0,0,2.0,26.0,3.0,0.0,3.0,0.0,0.0,0.0,15.615,0.5741,1395.0,1395.0,311.0,0.075,115.35,2258.0,0.0111,0.0087,0.0514,0.1523,568.0,0.0,0,,,,,routine_benign,1,8,3,1,0,2,2,6,0,0
txn_33ce10af2656,52.08,0.2902,0,0,3.0,24.0,4.0,0.0,0.0,0.0,0.0,0.0,12.6267,3.1246,1461.0,1461.0,311.0,0.075,115.35,2538.0,0.0221,0.0123,0.1388,0.1523,568.0,0.0,0,,,,,routine_benign,0,8,3,1,0,2,2,5,1,0
txn_8f7fc0486d14,16.77,0.3521,8,0,0.0,21.0,1.0,0.0,3.0,0.0,0.0,0.0,0.0,0.0,1440.0,4814.0,311.0,0.075,115.35,2954.0,0.0315,0.0076,0.2489,0.1523,568.0,0.0,0,,,,,routine_benign,0,8,1,1,0,5,5,1,3,0
txn_380f8b851323,14.46,0.214,0,0,1.0,24.0,2.0,0.0,5.0,0.0,0.0,0.0,16.77,0.1377,979.0,979.0,311.0,0.075,115.35,2201.0,0.0634,0.0044,0.3483,0.1523,568.0,0.0,0,,,,,routine_benign,1,6,1,1,0,0,0,6,0,0
txn_5091edc6d0d4,67.11,0.2623,0,0,0.0,5.0,0.0,0.0,1.0,0.0,0.0,0.0,0.0,0.0,1440.0,1440.0,838.0,0.0375,211.55,3960.0,0.0291,0.0043,0.14,0.1523,568.0,0.0,0,,,,,routine_benign,1,4,1,1,0,4,4,4,3,0
txn_fd50e4c4db5c,21.19,0.0224,1,0,3.0,24.0,4.0,0.0,0.0,0.0,0.0,0.0,31.6367,0.3302,4356.0,4356.0,838.0,0.0375,211.55,4424.0,0.0212,0.0049,0.2499,0.1278,663.0,1.0,0,,,,,routine_benign,4,8,3,1,0,1,1,3,1,0
txn_d754b0a696b1,11.75,0.0446,0,0,2.0,21.0,3.0,0.0,3.0,0.0,0.0,0.0,41.58,0.7174,1939.0,958.0,838.0,0.0375,211.55,712.0,0.0686,0.0107,0.2338,0.1278,663.0,1.0,0,,,,,routine_benign,0,6,1,1,0,5,5,5,3,0
txn_43617bc77889,16.05,0.2396,16,0,1.0,17.0,1.0,0.0,0.0,0.0,0.0,0.0,67.11,0.7608,983.0,968.0,838.0,0.0375,211.55,427.0,0.0554,0.0089,0.0718,0.1278,663.0,1.0,0,,,,,routine_benign,2,8,3,1,0,5,5,1,2,0
txn_0680d9a494e5,8.43,0.1831,8,0,1.0,16.0,2.0,0.0,2.0,0.0,0.0,0.0,125.95,0.9331,1949.0,981.0,508.0,0.0071,271.76,4063.0,0.0643,0.0136,0.0121,0.1278,663.0,1.0,0,,,,,routine_benign,3,6,4,1,0,5,5,6,1,0
txn_13ea7b2c09c4,125.95,0.1998,0,0,0.0,9.0,0.0,0.0,1.0,0.0,0.0,0.0,0.0,0.0,1440.0,1440.0,508.0,0.0071,271.76,2814.0,0.0449,0.0034,0.1579,0.1278,663.0,1.0,0,,,,,atypical_benign,1,8,4,1,1,3,3,0,2,1
txn_88a3054463e9,62.94,0.2128,19,0,2.0,26.0,3.0,0.0,3.0,0.0,0.0,0.0,67.19,0.0633,6384.0,452.0,508.0,0.0071,271.76,2885.0,0.0702,0.0123,0.3066,0.2365,1071.0,0.0,0,,,,,routine_benign,1,4,4,1,0,2,2,6,2,0
txn_43f787abe3d6,68.85,0.2547,3,0,3.0,27.0,4.0,0.0,1.0,0.0,0.0,0.0,65.7733,0.0468,511.0,511.0,508.0,0.0071,271.76,214.0,0.0285,0.0009,0.2845,0.2365,1071.0,0.0,0,,,,,routine_benign,4,6,1,1,0,2,2,4,2,0
txn_77d54b83d33e,24.94,0.1626,11,0,3.0,26.0,2.0,0.0,0.0,0.0,0.0,0.0,33.27,0.2504,1428.0,4408.0,2559.0,0.0138,66.9,424.0,0.0799,0.0047,0.1834,0.2365,1071.0,0.0,0,,,,,routine_benign,0,4,4,1,0,4,4,3,1,0
txn_bed540bf80db,36.98,0.0586,10,0,0.0,23.0,0.0,0.0,0.0,0.0,0.0,0.0,0.0,0.0,1440.0,1440.0,2559.0,0.0138,66.9,2402.0,0.0095,0.0084,0.086,0.2365,1071.0,0.0,0,,,,,routine_benign,0,4,4,1,0,5,5,0,3,0
txn_8bc2af094c66,25.64,0.2634,10,0,1.0,23.0,1.0,0.0,1.0,1.0,1.0,0.0,36.98,0.3067,10.0,10.0,2559.0,0.0138,66.9,3232.0,0.0626,0.0079,0.0436,0.2365,1071.0,0.0,0,,,,,routine_benign,0,8,1,1,0,0,0,5,0,0
txn_a8394fcb1871,37.19,0.2033,12,0,2.0,23.0,2.0,0.0,1.0,0.0,0.0,0.0,31.31,0.1878,2980.0,465.0,2559.0,0.0138,66.9,3990.0,0.0719,0.0017,0.2548,0.1044,1500.0,1.0,0,,,,,routine_benign,1,10,3,1,0,3,3,4,0,0
txn_20b780656930,23.38,0.3336,9,0,0.0,11.0,0.0,0.0,3.0,0.0,0.0,0.0,0.0,0.0,1440.0,1440.0,181.0,0.0434,199.25,976.0,0.0666,0.0119,0.3341,0.1044,1500.0,1.0,0,,,,,routine_benign,2,4,3,1,0,1,1,2,1,0
txn_feafa79cbb46,44.54,0.1572,4,0,1.0,25.0,1.0,0.0,1.0,0.0,0.0,0.0,23.38,0.905,5471.0,5471.0,181.0,0.0434,199.25,3952.0,0.0039,0.0064,0.2464,0.1044,1500.0,1.0,0,,,,,routine_benign,4,6,4,1,0,0,0,2,2,0
txn_813df8b41e46,47.71,0.2414,6,0,2.0,27.0,3.0,0.0,2.0,0.0,0.0,0.0,33.96,0.4049,3003.0,2538.0,181.0,0.0434,199.25,2258.0,0.0111,0.0087,0.0514,0.1044,1500.0,1.0,0,,,,,routine_benign,1,4,4,1,0,1,1,3,3,0
txn_f59ead576a43,9.98,0.2008,14,0,3.0,27.0,4.0,0.0,2.0,0.0,0.0,0.0,38.5433,0.7411,520.0,520.0,181.0,0.0434,199.25,2538.0,0.0221,0.0123,0.1388,0.1044,1500.0,1.0,0,,,,,routine_benign,4,10,3,1,0,4,4,2,2,0
txn_3e5f49b1ef69,7.65,0.2573,9,0,0.0,0.0,0.0,0.0,0.0,0.0,0.0,0.0,0.0,0.0,1440.0,1440.0,215.0,0.0396,246.54,439.0,0.1313,0.0031,0.5974,0.0,0.0,0.0,1,credential_based_fraud,card_testing,cred_card_testing_001,scn_67ebf15987d6,overt_fraud,0,0,1,1,0,2,2,2,2,0
txn_b1a89d1f6dd8,1.65,0.3295,9,0,1.0,1.0,0.0,1.0,1.0,1.0,0.0,0.0,7.65,0.7843,3.74,1440.0,215.0,0.0396,246.54,439.0,0.1313,0.0031,0.5974,0.4086,165.0,0.0,1,credential_based_fraud,card_testing,cred_card_testing_001,scn_67ebf15987d6,overt_fraud,2,0,1,1,1,1,1,2,2,1
txn_dad3e8df4fb4,1.34,0.341,10,0,2.0,2.0,1.0,2.0,1.0,2.0,1.0,1.0,4.65,0.7118,3.08,3.08,215.0,0.0396,246.54,439.0,0.1313,0.0031,0.5974,0.4086,165.0,0.0,1,credential_based_fraud,card_testing,cred_card_testing_001,scn_67ebf15987d6,overt_fraud,0,0,1,1,1,0,0,1,1,1
txn_1dad71200c4a,4.14,0.4516,10,0,3.0,3.0,2.0,0.0,1.0,3.0,2.0,2.0,3.5467,0.1673,1.01,1.01,215.0,0.0396,246.54,439.0,0.1313,0.0031,0.5974,0.4086,165.0,0.0,1,credential_based_fraud,card_testing,cred_card_testing_001,scn_67ebf15987d6,overt_fraud,4,0,1,1,0,0,0,1,2,0
txn_785e46f55609,2.49,0.5752,10,0,4.0,4.0,0.0,1.0,2.0,4.0,0.0,2.0,3.695,0.3261,0.55,1440.0,215.0,0.0396,246.54,439.0,0.1313,0.0031,0.5974,0.0,0.0,0.0,1,credential_based_fraud,card_testing,cred_card_testing_001,scn_67ebf15987d6,overt_fraud,3,0,1,1,1,3,3,4,2,1
txn_a36bacc01a9d,3.49,0.2172,10,0,5.0,5.0,3.0,2.0,2.0,5.0,3.0,3.0,3.454,0.0104,2.22,2.77,215.0,0.0396,246.54,439.0,0.1313,0.0031,0.5974,0.4086,165.0,0.0,1,credential_based_fraud,card_testing,cred_card_testing_001,scn_67ebf15987d6,overt_fraud,0,0,1,1,1,1,1,4,1,2
txn_ff47f4c53f49,0.66,0.5839,10,0,6.0,6.0,4.0,0.0,2.0,6.0,4.0,4.0,3.46,0.8092,7.02,7.02,215.0,0.0396,246.54,439.0,0.1313,0.0031,0.5974,0.4086,165.0,0.0,1,credential_based_fraud,card_testing,cred_card_testing_001,scn_67ebf15987d6,overt_fraud,3,0,1,1,0,5,5,6,2,0
txn_8d116f66a2a8,6.95,0.3445,10,0,7.0,7.0,5.0,1.0,2.0,7.0,5.0,4.0,3.06,1.2712,3.71,3.71,215.0,0.0396,246.54,439.0,0.1313,0.0031,0.5974,0.4086,165.0,0.0,1,credential_based_fraud,card_testing,cred_card_testing_001,scn_67ebf15987d6,overt_fraud,4,0,1,1,1,5,5,2,2,1
txn_76964d5cf2d6,4.54,0.3411,10,0,8.0,8.0,0.0,2.0,1.0,8.0,0.0,5.0,3.5463,0.2802,3.08,1440.0,215.0,0.0396,246.54,439.0,0.1313,0.0031,0.5974,0.0,0.0,0.0,1,credential_based_fraud,card_testing,cred_card_testing_001,scn_67ebf15987d6,overt_fraud,3,0,1,1,1,2,2,2,1,1
txn_5106ac76a3cb,3.73,0.514,10,0,9.0,9.0,6.0,0.0,2.0,9.0,6.0,6.0,3.6567,0.0201,4.05,7.13,215.0,0.0396,246.54,439.0,0.1313,0.0031,0.5974,0.4086,165.0,0.0,1,credential_based_fraud,card_testing,cred_card_testing_001,scn_67ebf15987d6,overt_fraud,1,0,1,1,0,4,4,4,1,0
txn_8762a93c8d06,3.52,0.334,10,1,10.0,10.0,7.0,1.0,3.0,10.0,7.0,6.0,3.664,0.0393,0.39,0.39,215.0,0.0396,246.54,439.0,0.1313,0.0031,0.5974,0.4086,165.0,0.0,1,credential_based_fraud,card_testing,cred_card_testing_001,scn_67ebf15987d6,overt_fraud,0,0,1,1,1,1,5,1,2,1
txn_5197dda934ca,2.59,0.4371,10,0,11.0,11.0,8.0,2.0,1.0,11.0,8.0,7.0,3.6509,0.2906,0.97,0.97,215.0,0.0396,246.54,439.0,0.1313,0.0031,0.5974,0.4086,165.0,0.0,1,credential_based_fraud,card_testing,cred_card_testing_001,scn_67ebf15987d6,overt_fraud,2,0,1,1,1,4,4,1,2,1
txn_611f25b0d334,1.23,0.6917,10,0,12.0,12.0,0.0,0.0,2.0,12.0,0.0,8.0,3.5625,0.6547,2.99,1440.0,215.0,0.0396,246.54,439.0,0.1313,0.0031,0.5974,0.0,0.0,0.0,1,credential_based_fraud,card_testing,cred_card_testing_001,scn_67ebf15987d6,overt_fraud,3,0,1,1,0,4,4,1,2,0
txn_837a0dc1ab20,4.11,0.2624,10,0,13.0,13.0,9.0,1.0,2.0,13.0,9.0,8.0,3.3831,0.2149,2.14,5.13,215.0,0.0396,246.54,439.0,0.1313,0.0031,0.5974,0.4086,165.0,0.0,1,credential_based_fraud,card_testing,cred_card_testing_001,scn_67ebf15987d6,overt_fraud,1,0,1,1,1,3,3,0,2,2
txn_f91d2bb11697,7.45,0.2478,10,1,14.0,14.0,10.0,2.0,2.0,14.0,10.0,9.0,3.435,1.1689,0.81,0.81,215.0,0.0396,246.54,439.0,0.1313,0.0031,0.5974,0.4086,165.0,0.0,1,credential_based_fraud,card_testing,cred_card_testing_001,scn_67ebf15987d6,overt_fraud,1,0,1,1,1,4,0,5,1,2
txn_961bd429d906,1.92,0.0885,10,0,15.0,15.0,11.0,0.0,2.0,15.0,11.0,10.0,3.7027,0.4815,8.89,8.89,215.0,0.0396,246.54,439.0,0.1313,0.0031,0.5974,0.4086,165.0,0.0,1,credential_based_fraud,card_testing,cred_card_testing_001,scn_67ebf15987d6,overt_fraud,2,0,1,1,0,0,0,0,2,0
txn_0f6b2a777378,4.88,0.5116,10,0,16.0,16.0,0.0,1.0,2.0,16.0,0.0,10.0,3.5913,0.3589,6.1,1440.0,215.0,0.0396,246.54,439.0,0.1313,0.0031,0.5974,0.0,0.0,0.0,1,credential_based_fraud,card_testing,cred_card_testing_001,scn_67ebf15987d6,overt_fraud,3,0,1,1,1,1,1,1,2,1
txn_4b9936ea3562,5.56,0.3998,10,0,17.0,17.0,12.0,2.0,3.0,17.0,12.0,11.0,3.6671,0.5162,0.8,6.9,215.0,0.0396,246.54,439.0,0.1313,0.0031,0.5974,0.4086,165.0,0.0,1,credential_based_fraud,card_testing,cred_card_testing_001,scn_67ebf15987d6,overt_fraud,2,0,1,1,1,3,3,4,2,1
txn_658326e22a2c,5.15,0.4323,10,0,18.0,18.0,13.0,0.0,1.0,18.0,13.0,12.0,3.7722,0.3652,1.29,1.29,215.0,0.0396,246.54,439.0,0.1313,0.0031,0.5974,0.4086,165.0,0.0,1,credential_based_fraud,card_testing,cred_card_testing_001,scn_67ebf15987d6,overt_fraud,1,0,1,1,0,0,0,3,1,0
txn_5ac058390fee,3.47,0.29,10,0,19.0,19.0,14.0,1.0,1.0,18.0,14.0,12.0,3.8447,0.0975,7.56,7.56,215.0,0.0396,246.54,439.0,0.1313,0.0031,0.5974,0.4086,165.0,0.0,1,credential_based_fraud,card_testing,cred_card_testing_001,scn_67ebf15987d6,overt_fraud,0,0,1,1,1,1,1,4,1,2
txn_455227f53b50,1.05,0.4329,10,1,20.0,20.0,0.0,2.0,0.0,19.0,0.0,13.0,3.826,0.7256,1.98,1440.0,215.0,0.0396,246.54,439.0,0.1313,0.0031,0.5974,0.0,0.0,0.0,1,credential_based_fraud,card_testing,cred_card_testing_001,scn_67ebf15987d6,overt_fraud,2,0,1,1,1,5,1,2,1,1
txn_7bc2e5ef0ccf,1.68,0.4427,11,0,21.0,21.0,15.0,0.0,2.0,19.0,14.0,14.0,3.6938,0.5452,3.94,5.92,215.0,0.0396,246.54,439.0,0.1313,0.0031,0.5974,0.4086,165.0,0.0,1,credential_based_fraud,card_testing,cred_card_testing_001,scn_67ebf15987d6,overt_fraud,3,0,1,1,0,5,5,3,1,0
txn_8df1cc6e159b,5.51,0.4128,11,0,22.0,22.0,16.0,1.0,2.0,18.0,13.0,14.0,3.6023,0.5296,1.62,1.62,215.0,0.0396,246.54,439.0,0.1313,0.0031,0.5974,0.4086,165.0,0.0,1,credential_based_fraud,card_testing,cred_card_testing_001,scn_67ebf15987d6,overt_fraud,3,0,1,1,1,0,0,5,2,1
txn_ed8980e8518e,2.54,0.301,11,0,23.0,23.0,17.0,2.0,2.0,18.0,14.0,15.0,3.6852,0.3108,2.38,2.38,215.0,0.0396,246.54,439.0,0.1313,0.0031,0.5974,0.4086,165.0,0.0,1,credential_based_fraud,card_testing,cred_card_testing_001,scn_67ebf15987d6,overt_fraud,3,0,1,1,1,5,5,6,1,1
txn_2c5073a302e9,4.29,0.4736,11,0,24.0,24.0,0.0,0.0,2.0,18.0,0.0,16.0,3.6375,0.1794,4.59,1440.0,215.0,0.0396,246.54,439.0,0.1313,0.0031,0.5974,0.0,0.0,0.0,1,credential_based_fraud,card_testing,cred_card_testing_001,scn_67ebf15987d6,overt_fraud,0,0,1,1,0,3,3,1,2,0
txn_15cbb6df8e38,5.28,0.4252,11,1,25.0,25.0,18.0,1.0,1.0,17.0,12.0,16.0,3.6636,0.4412,9.33,13.92,215.0,0.0396,246.54,439.0,0.1313,0.0031,0.5974,0.4086,165.0,0.0,1,credential_based_fraud,card_testing,cred_card_testing_001,scn_67ebf15987d6,overt_fraud,0,0,1,1,1,2,4,6,1,1
txn_7aeb847bd287,1.34,0.4403,11,0,26.0,26.0,19.0,2.0,1.0,15.0,11.0,17.0,3.7258,0.6403,4.77,4.77,215.0,0.0396,246.54,439.0,0.1313,0.0031,0.5974,0.4086,165.0,0.0,1,credential_based_fraud,card_testing,cred_card_testing_001,scn_67ebf15987d6,overt_fraud,2,0,1,1,1,0,0,2,2,1
txn_52286cc0175e,3.23,0.1508,11,0,27.0,27.0,20.0,0.0,1.0,15.0,11.0,18.0,3.6374,0.112,1.14,1.14,215.0,0.0396,246.54,439.0,0.1313,0.0031,0.5974,0.4086,165.0,0.0,1,credential_based_fraud,card_testing,cred_card_testing_001,scn_67ebf15987d6,overt_fraud,4,0,1,1,0,3,3,5,2,0
txn_94a89a411f1f,3.15,0.5957,11,0,28.0,28.0,0.0,1.0,1.0,15.0,0.0,18.0,3.6229,0.1305,3.39,1440.0,215.0,0.0396,246.54,439.0,0.1313,0.0031,0.5974,0.0,0.0,0.0,1,credential_based_fraud,card_testing,cred_card_testing_001,scn_67ebf15987d6,overt_fraud,3,0,1,1,1,1,1,1,1,1
txn_c04bd16360a6,7.11,0.2896,11,0,29.0,29.0,21.0,2.0,1.0,16.0,12.0,19.0,3.6066,0.9714,1.11,4.5,215.0,0.0396,246.54,439.0,0.1313,0.0031,0.5974,0.4086,165.0,0.0,1,credential_based_fraud,card_testing,cred_card_testing_001,scn_67ebf15987d6,overt_fraud,4,0,1,1,1,3,3,6,1,1
txn_c30600555ad4,6.58,0.2999,11,0,30.0,30.0,22.0,0.0,0.0,16.0,12.0,20.0,3.7233,0.7672,0.8,0.8,215.0,0.0396,246.54,439.0,0.1313,0.0031,0.5974,0.4086,165.0,0.0,1,credential_based_fraud,card_testing,cred_card_testing_001,scn_67ebf15987d6,overt_fraud,0,0,1,1,0,4,4,6,2,0
txn_8c40f34ceb91,3.12,0.3634,11,0,31.0,31.0,23.0,1.0,0.0,17.0,13.0,20.0,3.8155,0.1823,0.11,0.11,215.0,0.0396,246.54,439.0,0.1313,0.0031,0.5974,0.4086,165.0,0.0,1,credential_based_fraud,card_testing,cred_card_testing_001,scn_67ebf15987d6,overt_fraud,2,0,1,1,1,4,4,6,2,2
txn_239e3960250f,2.59,0.2198,11,0,32.0,32.0,0.0,2.0,0.0,17.0,0.0,21.0,3.7938,0.3173,5.38,1440.0,215.0,0.0396,246.54,439.0,0.1313,0.0031,0.5974,0.0,0.0,0.0,1,credential_based_fraud,card_testing,cred_card_testing_001,scn_67ebf15987d6,overt_fraud,4,0,1,1,1,1,1,1,1,2
txn_1a8acaea9a11,7.54,0.4868,11,0,33.0,33.0,24.0,0.0,0.0,18.0,13.0,22.0,3.7573,1.0068,0.06,5.44,215.0,0.0396,246.54,439.0,0.1313,0.0031,0.5974,0.4086,165.0,0.0,1,credential_based_fraud,card_testing,cred_card_testing_001,scn_67ebf15987d6,overt_fraud,4,0,1,1,0,1,1,5,2,0
txn_9c65ff930300,0.79,0.3145,11,0,34.0,34.0,25.0,1.0,0.0,19.0,14.0,22.0,3.8685,0.7958,1.39,1.39,215.0,0.0396,246.54,439.0,0.1313,0.0031,0.5974,0.4086,165.0,0.0,1,credential_based_fraud,card_testing,cred_card_testing_001,scn_67ebf15987d6,overt_fraud,3,0,1,1,1,0,0,4,1,2
txn_c82493cf76b7,3.39,0.1956,11,0,35.0,35.0,26.0,2.0,0.0,19.0,14.0,23.0,3.7806,0.1033,4.92,4.92,215.0,0.0396,246.54,439.0,0.1313,0.0031,0.5974,0.4086,165.0,0.0,1,credential_based_fraud,card_testing,cred_card_testing_001,scn_67ebf15987d6,overt_fraud,3,0,1,1,1,0,0,6,1,1
txn_8312e25b4438,7.44,0.293,11,0,36.0,36.0,0.0,0.0,0.0,17.0,0.0,24.0,3.7697,0.9736,6.43,1440.0,215.0,0.0396,246.54,439.0,0.1313,0.0031,0.5974,0.0,0.0,0.0,1,credential_based_fraud,card_testing,cred_card_testing_001,scn_67ebf15987d6,overt_fraud,3,0,1,1,1,5,5,3,2,1
txn_6a1f9f4a3bcb,5.48,0.379,11,0,37.0,37.0,27.0,1.0,0.0,18.0,13.0,25.0,3.8689,0.4164,1.75,8.18,215.0,0.0396,246.54,439.0,0.1313,0.0031,0.5974,0.4086,165.0,0.0,1,credential_based_fraud,card_testing,cred_card_testing_001,scn_67ebf15987d6,overt_fraud,4,0,1,1,1,1,1,3,1,2
txn_b6451a1dacb2,2.95,0.4177,11,0,38.0,38.0,28.0,2.0,0.0,17.0,13.0,26.0,3.9113,0.2458,7.49,7.49,215.0,0.0396,246.54,439.0,0.1313,0.0031,0.5974,0.4086,165.0,0.0,1,credential_based_fraud,card_testing,cred_card_testing_001,scn_67ebf15987d6,overt_fraud,0,0,1,1,1,0,0,2,2,2
txn_f5890d75f61c,5.12,0.5541,11,0,39.0,39.0,29.0,0.0,0.0,18.0,14.0,27.0,3.8867,0.3173,1.81,1.81,215.0,0.0396,246.54,439.0,0.1313,0.0031,0.5974,0.4086,165.0,0.0,1,credential_based_fraud,card_testing,cred_card_testing_001,scn_67ebf15987d6,overt_fraud,0,0,1,1,0,4,4,4,2,0
txn_aaf233f73757,6.39,0.1644,12,0,40.0,40.0,0.0,1.0,0.0,19.0,0.0,27.0,3.9175,0.6311,0.85,1440.0,215.0,0.0396,246.54,439.0,0.1313,0.0031,0.5974,0.0,0.0,0.0,1,credential_based_fraud,card_testing,cred_card_testing_001,scn_67ebf15987d6,overt_fraud,3,0,1,1,1,2,2,3,1,2
txn_839bde980e57,5.44,0.3708,12,0,41.0,41.0,30.0,2.0,0.0,19.0,14.0,28.0,3.9778,0.3676,1.73,2.58,215.0,0.0396,246.54,439.0,0.1313,0.0031,0.5974,0.4086,165.0,0.0,1,credential_based_fraud,card_testing,cred_card_testing_001,scn_67ebf15987d6,overt_fraud,0,0,1,1,1,3,3,2,1,1
txn_4bf42a29b505,5.55,0.3627,12,0,42.0,42.0,31.0,0.0,0.0,17.0,13.0,29.0,4.0126,0.3831,7.64,7.64,215.0,0.0396,246.54,439.0,0.1313,0.0031,0.5974,0.4086,165.0,0.0,1,credential_based_fraud,card_testing,cred_card_testing_001,scn_67ebf15987d6,overt_fraud,2,0,1,1,0,5,5,1,2,0
txn_492ab1805c39,3.92,0.3725,12,0,43.0,43.0,32.0,1.0,0.0,18.0,14.0,29.0,4.0484,0.0317,1.72,1.72,215.0,0.0396,246.54,439.0,0.1313,0.0031,0.5974,0.4086,165.0,0.0,1,credential_based_fraud,card_testing,cred_card_testing_001,scn_67ebf15987d6,overt_fraud,3,0,1,1,1,4,4,6,1,1
txn_ebb497589953,5.42,0.3531,12,0,44.0,44.0,0.0,2.0,0.0,18.0,0.0,30.0,4.0455,0.3398,10.47,1440.0,215.0,0.0396,246.54,439.0,0.1313,0.0031,0.5974,0.0,0.0,0.0,1,credential_based_fraud,card_testing,cred_card_testing_001,scn_67ebf15987d6,overt_fraud,4,0,1,1,1,4,4,1,2,1
txn_f9c8800384f6,2.37,0.2225,12,0,45.0,45.0,33.0,0.0,0.0,19.0,14.0,31.0,4.076,0.4185,1.45,11.92,215.0,0.0396,246.54,439.0,0.1313,0.0031,0.5974,0.4086,165.0,0.0,1,credential_based_fraud,card_testing,cred_card_testing_001,scn_67ebf15987d6,overt_fraud,4,0,1,1,0,1,1,4,2,0
txn_ffce5c739f7e,7.63,0.4309,12,0,46.0,46.0,34.0,1.0,0.0,18.0,13.0,31.0,4.0389,0.8891,4.28,4.28,215.0,0.0396,246.54,439.0,0.1313,0.0031,0.5974,0.4086,165.0,0.0,1,credential_based_fraud,card_testing,cred_card_testing_001,scn_67ebf15987d6,overt_fraud,1,0,1,1,1,4,4,2,1,2
txn_22f5f99e5d06,3.88,0.1568,12,0,47.0,47.0,35.0,2.0,0.0,15.0,11.0,32.0,4.1153,0.0572,4.18,4.18,215.0,0.0396,246.54,439.0,0.1313,0.0031,0.5974,0.4086,165.0,0.0,1,credential_based_fraud,card_testing,cred_card_testing_001,scn_67ebf15987d6,overt_fraud,2,0,1,1,1,3,3,1,1,2
txn_d06e5ff24f3b,3.8,0.1594,12,0,48.0,48.0,0.0,0.0,0.0,14.0,0.0,33.0,4.1104,0.0755,4.91,1440.0,215.0,0.0396,246.54,439.0,0.1313,0.0031,0.5974,0.0,0.0,0.0,1,credential_based_fraud,card_testing,cred_card_testing_001,scn_67ebf15987d6,overt_fraud,0,0,1,1,0,0,0,6,1,0
txn_c777cbbfcb82,3.37,0.6234,12,0,49.0,49.0,36.0,1.0,0.0,14.0,10.0,33.0,4.1041,0.1789,3.71,8.62,215.0,0.0396,246.54,439.0,0.1313,0.0031,0.5974,0.4086,165.0,0.0,1,credential_based_fraud,card_testing,cred_card_testing_001,scn_67ebf15987d6,overt_fraud,2,0,1,1,1,5,5,3,2,1
txn_819d04932fb4,4.57,0.4122,12,0,50.0,50.0,37.0,2.0,0.0,15.0,11.0,34.0,4.0894,0.1175,0.15,0.15,215.0,0.0396,246.54,439.0,0.1313,0.0031,0.5974,0.4086,165.0,0.0,1,credential_based_fraud,card_testing,cred_card_testing_001,scn_67ebf15987d6,overt_fraud,1,0,1,1,1,5,5,0,2,2
txn_5090b773d86a,7.1,0.1952,12,0,51.0,51.0,38.0,0.0,0.0,13.0,10.0,35.0,4.0988,0.7322,9.67,9.67,215.0,0.0396,246.54,439.0,0.1313,0.0031,0.5974,0.4086,165.0,0.0,1,credential_based_fraud,card_testing,cred_card_testing_001,scn_67ebf15987d6,overt_fraud,3,0,1,1,1,0,0,4,1,1
txn_0c59cccba17d,6.15,0.2057,12,0,52.0,52.0,0.0,1.0,0.0,14.0,0.0,36.0,4.1565,0.4796,1.9,1440.0,215.0,0.0396,246.54,439.0,0.1313,0.0031,0.5974,0.0,0.0,0.0,1,credential_based_fraud,card_testing,cred_card_testing_001,scn_67ebf15987d6,overt_fraud,1,0,1,1,1,5,5,2,2,2
txn_bd5337993888,5.93,0.3426,12,1,53.0,53.0,39.0,2.0,0.0,15.0,11.0,37.0,4.1942,0.4139,2.37,4.27,215.0,0.0396,246.54,439.0,0.1313,0.0031,0.5974,0.4086,165.0,0.0,1,credential_based_fraud,card_testing,cred_card_testing_001,scn_67ebf15987d6,overt_fraud,1,0,1,1,1,4,2,6,2,2
txn_0de9837d129f,1.13,0.3848,13,0,54.0,54.0,40.0,0.0,0.0,14.0,10.0,38.0,4.2263,0.7326,5.52,5.52,215.0,0.0396,246.54,439.0,0.1313,0.0031,0.5974,0.4086,165.0,0.0,1,credential_based_fraud,card_testing,cred_card_testing_001,scn_67ebf15987d6,overt_fraud,1,0,1,1,0,4,4,6,1,0
txn_ce51258fbf87,3.03,0.4461,13,0,55.0,55.0,41.0,1.0,0.0,13.0,10.0,38.0,4.17,0.2734,2.67,2.67,215.0,0.0396,246.54,439.0,0.1313,0.0031,0.5974,0.4086,165.0,0.0,1,credential_based_fraud,card_testing,cred_card_testing_001,scn_67ebf15987d6,overt_fraud,1,0,1,1,1,2,2,5,1,2
txn_9ea0d747d902,0.65,0.3429,13,0,56.0,56.0,0.0,2.0,0.0,14.0,0.0,39.0,4.1496,0.8434,3.04,1440.0,215.0,0.0396,246.54,439.0,0.1313,0.0031,0.5974,0.0,0.0,0.0,1,credential_based_fraud,card_testing,cred_card_testing_001,scn_67ebf15987d6,overt_fraud,3,0,1,1,1,2,2,0,1,2
txn_87eb70147608,2.0,0.3927,13,1,57.0,57.0,42.0,0.0,0.0,15.0,11.0,40.0,4.0882,0.5108,0.05,3.09,215.0,0.0396,246.54,439.0,0.1313,0.0031,0.5974,0.4086,165.0,0.0,1,credential_based_fraud,card_testing,cred_card_testing_001,scn_67ebf15987d6,overt_fraud,4,0,1,1,0,1,5,2,2,0
txn_00b8d61234d1,4.73,0.3434,13,0,58.0,58.0,43.0,1.0,0.0,16.0,12.0,40.0,4.0522,0.1673,0.92,0.92,215.0,0.0396,246.54,439.0,0.1313,0.0031,0.5974,0.4086,165.0,0.0,1,credential_based_fraud,card_testing,cred_card_testing_001,scn_67ebf15987d6,overt_fraud,2,0,1,1,1,3,3,4,1,1
txn_34c1a006a47f,6.33,0.2367,13,0,59.0,59.0,44.0,2.0,0.0,17.0,13.0,41.0,4.0637,0.5577,1.39,1.39,215.0,0.0396,246.54,439.0,0.1313,0.0031,0.5974,0.4086,165.0,0.0,1,credential_based_fraud,card_testing,cred_card_testing_001,scn_67ebf15987d6,overt_fraud,2,0,1,1,1,0,0,5,2,1
txn_7fffdc411e58,7.31,0.5508,13,1,60.0,60.0,0.0,0.0,0.0,16.0,0.0,42.0,4.1015,0.7823,4.1,1440.0,215.0,0.0396,246.54,439.0,0.1313,0.0031,0.5974,0.0,0.0,0.0,1,credential_based_fraud,card_testing,cred_card_testing_001,scn_67ebf15987d6,overt_fraud,1,0,1,1,0,0,2,4,2,0
txn_29cf19fb6ce6,6.88,0.4458,13,0,61.0,61.0,45.0,1.0,0.0,17.0,12.0,42.0,4.1541,0.6562,4.82,8.92,215.0,0.0396,246.54,439.0,0.1313,0.0031,0.5974,0.4086,165.0,0.0,1,credential_based_fraud,card_testing,cred_card_testing_001,scn_67ebf15987d6,overt_fraud,3,0,1,1,1,1,1,1,2,2
txn_e6a91dd7456c,4.5,0.4996,13,0,62.0,62.0,46.0,2.0,0.0,16.0,12.0,43.0,4.1981,0.0719,8.13,8.13,215.0,0.0396,246.54,439.0,0.1313,0.0031,0.5974,0.4086,165.0,0.0,1,credential_based_fraud,card_testing,cred_card_testing_001,scn_67ebf15987d6,overt_fraud,0,0,1,1,1,0,0,0,1,2
txn_e20a071c1ca0,5.27,0.3464,13,0,63.0,63.0,47.0,0.0,0.0,17.0,13.0,44.0,4.2029,0.2539,0.6,0.6,215.0,0.0396,246.54,439.0,0.1313,0.0031,0.5974,0.4086,165.0,0.0,1,credential_based_fraud,card_testing,cred_card_testing_001,scn_67ebf15987d6,overt_fraud,1,0,1,1,0,4,4,3,2,0
txn_d2cd6f18a5b0,5.12,0.08,13,0,64.0,64.0,0.0,1.0,0.0,18.0,0.0,44.0,4.2195,0.2134,1.16,1440.0,215.0,0.0396,246.54,439.0,0.1313,0.0031,0.5974,0.0,0.0,0.0,1,credential_based_fraud,card_testing,cred_card_testing_001,scn_67ebf15987d6,overt_fraud,3,0,1,1,1,4,4,1,1,2
txn_27c2769815a4,6.73,0.3986,13,0,65.0,65.0,48.0,2.0,0.0,18.0,13.0,45.0,4.2334,0.5897,1.47,2.63,215.0,0.0396,246.54,439.0,0.1313,0.0031,0.5974,0.4086,165.0,0.0,1,credential_based_fraud,card_testing,cred_card_testing_001,scn_67ebf15987d6,overt_fraud,4,0,1,1,1,0,0,5,1,1
txn_0f0f8fc3f671,5.51,0.3932,13,0,66.0,66.0,49.0,0.0,0.0,19.0,14.0,46.0,4.2712,0.29,2.32,2.32,215.0,0.0396,246.54,439.0,0.1313,0.0031,0.5974,0.4086,165.0,0.0,1,credential_based_fraud,card_testing,cred_card_testing_001,scn_67ebf15987d6,overt_fraud,0,0,1,1,0,3,3,0,1,0
txn_9a5b9d0be084,3.05,0.2515,13,0,67.0,67.0,50.0,1.0,0.0,19.0,14.0,46.0,4.2897,0.289,1.44,1.44,215.0,0.0396,246.54,439.0,0.1313,0.0031,0.5974,0.4086,165.0,0.0,1,credential_based_fraud,card_testing,cred_card_testing_001,scn_67ebf15987d6,overt_fraud,3,0,1,1,1,3,3,3,1,2
txn_cf0fbf370781,2.31,0.2491,13,1,68.0,68.0,0.0,2.0,0.0,20.0,0.0,47.0,4.2715,0.4592,0.09,1440.0,215.0,0.0396,246.54,439.0,0.1313,0.0031,0.5974,0.0,0.0,0.0,1,credential_based_fraud,card_testing,cred_card_testing_001,scn_67ebf15987d6,overt_fraud,1,0,1,1,1,0,3,4,2,1
txn_318b0f855c2e,2.71,0.1184,13,0,69.0,69.0,51.0,0.0,0.0,21.0,15.0,48.0,4.243,0.3613,1.34,1.43,215.0,0.0396,246.54,439.0,0.1313,0.0031,0.5974,0.4086,165.0,0.0,1,credential_based_fraud,card_testing,cred_card_testing_001,scn_67ebf15987d6,overt_fraud,1,0,1,1,1,4,4,3,2,1
txn_65dd51828792,4.05,0.5354,13,0,70.0,70.0,52.0,1.0,0.0,19.0,14.0,49.0,4.2211,0.0405,9.59,9.59,215.0,0.0396,246.54,439.0,0.1313,0.0031,0.5974,0.4086,165.0,0.0,1,credential_based_fraud,card_testing,cred_card_testing_001,scn_67ebf15987d6,overt_fraud,3,0,1,1,1,2,2,5,1,2
txn_28fb078e7460,2.8,0.3288,13,0,71.0,71.0,53.0,2.0,0.0,20.0,15.0,50.0,4.2187,0.3363,5.03,5.03,215.0,0.0396,246.54,439.0,0.1313,0.0031,0.5974,0.4086,165.0,0.0,1,credential_based_fraud,card_testing,cred_card_testing_001,scn_67ebf15987d6,overt_fraud,2,0,1,1,1,2,2,0,2,2
txn_72c3fc2688cc,6.22,0.3239,13,0,72.0,72.0,0.0,0.0,0.0,20.0,0.0,51.0,4.199,0.4813,3.69,1440.0,215.0,0.0396,246.54,439.0,0.1313,0.0031,0.5974,0.0,0.0,0.0,1,credential_based_fraud,card_testing,cred_card_testing_001,scn_67ebf15987d6,overt_fraud,2,0,1,1,0,2,2,6,2,0
txn_42e7a905cc45,7.85,0.2047,13,0,73.0,73.0,54.0,1.0,0.0,19.0,14.0,51.0,4.2267,0.8572,6.37,10.06,215.0,0.0396,246.54,439.0,0.1313,0.0031,0.5974,0.4086,165.0,0.0,1,credential_based_fraud,card_testing,cred_card_testing_001,scn_67ebf15987d6,overt_fraud,2,0,1,1,1,0,0,5,2,2
txn_0fb0cad6057e,5.81,0.5336,14,0,74.0,74.0,55.0,2.0,0.0,20.0,15.0,52.0,4.2757,0.3588,1.73,1.73,215.0,0.0396,246.54,439.0,0.1313,0.0031,0.5974,0.4086,165.0,0.0,1,credential_based_fraud,card_testing,cred_card_testing_001,scn_67ebf15987d6,overt_fraud,2,0,1,1,1,2,2,5,2,1
txn_95e6c56bd08c,6.15,0.3005,14,0,75.0,75.0,56.0,0.0,0.0,20.0,15.0,53.0,4.2961,0.4315,1.62,1.62,215.0,0.0396,246.54,439.0,0.1313,0.0031,0.5974,0.4086,165.0,0.0,1,credential_based_fraud,card_testing,cred_card_testing_001,scn_67ebf15987d6,overt_fraud,4,0,1,1,0,1,1,1,2,0
txn_bbf9c506a4a3,3.8,0.5031,14,0,76.0,76.0,0.0,1.0,0.0,17.0,0.0,53.0,4.3205,0.1205,5.45,1440.0,215.0,0.0396,246.54,439.0,0.1313,0.0031,0.5974,0.0,0.0,0.0,1,credential_based_fraud,card_testing,cred_card_testing_001,scn_67ebf15987d6,overt_fraud,2,0,1,1,1,0,0,0,1,2
txn_71302fe995f4,4.83,0.2671,14,0,77.0,77.0,57.0,2.0,0.0,18.0,13.0,54.0,4.3138,0.1197,0.04,5.49,215.0,0.0396,246.54,439.0,0.1313,0.0031,0.5974,0.4086,165.0,0.0,1,credential_based_fraud,card_testing,cred_card_testing_001,scn_67ebf15987d6,overt_fraud,4,0,1,1,1,5,5,6,2,1
txn_40de9687e259,2.36,0.111,14,0,78.0,78.0,58.0,0.0,0.0,19.0,14.0,55.0,4.3204,0.4538,0.2,0.2,215.0,0.0396,246.54,439.0,0.1313,0.0031,0.5974,0.4086,165.0,0.0,1,credential_based_fraud,card_testing,cred_card_testing_001,scn_67ebf15987d6,overt_fraud,3,0,1,1,0,0,0,1,1,0
txn_744a1acfeb17,3.88,0.1578,14,0,79.0,79.0,59.0,1.0,0.0,18.0,14.0,55.0,4.2956,0.0967,8.3,8.3,215.0,0.0396,246.54,439.0,0.1313,0.0031,0.5974,0.4086,165.0,0.0,1,credential_based_fraud,card_testing,cred_card_testing_001,scn_67ebf15987d6,overt_fraud,1,0,1,1,1,3,3,5,1,2
txn_2eb48c116cae,5.07,0.2447,14,0,80.0,80.0,0.0,2.0,0.0,18.0,0.0,56.0,4.2904,0.1817,2.75,1440.0,215.0,0.0396,246.54,439.0,0.1313,0.0031,0.5974,0.0,0.0,0.0,1,credential_based_fraud,card_testing,cred_card_testing_001,scn_67ebf15987d6,overt_fraud,4,0,1,1,1,2,2,1,2,1
txn_6a91115167e7,1.06,0.2441,14,0,81.0,81.0,60.0,0.0,0.0,19.0,14.0,57.0,4.3,0.7535,0.93,3.68,215.0,0.0396,246.54,439.0,0.1313,0.0031,0.5974,0.4086,165.0,0.0,1,credential_based_fraud,card_testing,cred_card_testing_001,scn_67ebf15987d6,overt_fraud,4,0,1,1,0,5,5,4,1,0
txn_3e1cf89413c2,0.74,0.2819,14,0,82.0,82.0,61.0,1.0,0.0,20.0,15.0,57.0,4.2605,0.8263,5.11,5.11,215.0,0.0396,246.54,439.0,0.1313,0.0031,0.5974,0.4086,165.0,0.0,1,credential_based_fraud,card_testing,cred_card_testing_001,scn_67ebf15987d6,overt_fraud,0,0,1,1,1,1,1,3,1,2
txn_d5632d312957,6.41,0.1647,14,0,83.0,83.0,62.0,2.0,0.0,13.0,10.0,58.0,4.2181,0.5197,12.84,12.84,215.0,0.0396,246.54,439.0,0.1313,0.0031,0.5974,0.4086,165.0,0.0,1,credential_based_fraud,card_testing,cred_card_testing_001,scn_67ebf15987d6,overt_fraud,3,0,1,1,1,1,1,3,2,2
txn_2ce5050c1a86,1.62,0.42,14,0,84.0,84.0,0.0,0.0,0.0,14.0,0.0,59.0,4.2442,0.6183,3.63,1440.0,215.0,0.0396,246.54,439.0,0.1313,0.0031,0.5974,0.0,0.0,0.0,1,credential_based_fraud,card_testing,cred_card_testing_001,scn_67ebf15987d6,overt_fraud,0,0,1,1,0,4,4,1,2,0
txn_4640f252fb66,14.14,0.9036,9,0,0.0,0.0,0.0,0.0,0.0,0.0,0.0,0.0,0.0,0.0,1440.0,1440.0,475.0,0.1794,283.74,17.0,0.2145,0.0442,0.8161,0.0,0.0,0.0,1,credential_based_fraud,card_not_present,cred_cnp_001,scn_32ed1527bc46,overt_fraud,0,4,1,1,0,5,5,3,1,0
txn_1f7aedc6a14c,194.98,0.6076,9,0,1.0,1.0,0.0,1.0,0.0,1.0,0.0,0.0,14.14,12.7893,0.05,1440.0,475.0,0.1794,283.74,17.0,0.2145,0.0442,0.8161,0.3151,24.0,1.0,1,credential_based_fraud,card_not_present,cred_cnp_001,scn_32ed1527bc46,overt_fraud,2,4,1,1,0,0,0,2,1,0
txn_e8fd81de4a90,46.53,0.5213,9,0,2.0,2.0,1.0,2.0,0.0,2.0,1.0,0.0,104.56,0.555,0.25,0.25,475.0,0.1794,283.74,17.0,0.2145,0.0442,0.8161,0.3151,24.0,1.0,1,credential_based_fraud,card_not_present,cred_cnp_001,scn_32ed1527bc46,overt_fraud,4,4,1,1,0,5,5,1,2,0
txn_734ce9024d4d,23.43,0.5216,9,1,3.0,3.0,2.0,0.0,1.0,3.0,2.0,0.0,85.2167,0.7251,1.63,1.63,475.0,0.1794,283.74,17.0,0.2145,0.0442,0.8161,0.3151,24.0,1.0,1,credential_based_fraud,card_not_present,cred_cnp_001,scn_32ed1527bc46,overt_fraud,4,4,1,1,0,2,1,3,2,0
txn_84d782cd6283,46.54,0.4587,9,0,4.0,4.0,0.0,1.0,1.0,4.0,0.0,0.0,69.77,0.333,0.37,1440.0,475.0,0.1794,283.74,17.0,0.2145,0.0442,0.8161,0.0,0.0,0.0,1,credential_based_fraud,card_not_present,cred_cnp_001,scn_32ed1527bc46,overt_fraud,3,4,1,1,0,1,1,4,1,0
txn_b67e80bdd036,25.28,0.5317,9,0,5.0,5.0,3.0,2.0,0.0,5.0,3.0,0.0,65.124,0.6118,5.54,5.91,475.0,0.1794,283.74,17.0,0.2145,0.0442,0.8161,0.3151,24.0,1.0,1,credential_based_fraud,card_not_present,cred_cnp_001,scn_32ed1527bc46,overt_fraud,2,4,1,1,0,0,0,4,1,0
txn_6887e87e215c,55.58,0.3904,10,1,6.0,6.0,4.0,0.0,0.0,6.0,4.0,0.0,58.4833,0.0496,4.73,4.73,475.0,0.1794,283.74,17.0,0.2145,0.0442,0.8161,0.3151,24.0,1.0,1,credential_based_fraud,card_not_present,cred_cnp_001,scn_32ed1527bc46,overt_fraud,3,4,1,1,0,3,1,1,2,0
txn_9c1800a1e180,27.49,0.4409,10,0,7.0,7.0,5.0,1.0,0.0,7.0,5.0,0.0,58.0686,0.5266,1.93,1.93,475.0,0.1794,283.74,17.0,0.2145,0.0442,0.8161,0.3151,24.0,1.0,1,credential_based_fraud,card_not_present,cred_cnp_001,scn_32ed1527bc46,overt_fraud,2,4,1,1,0,3,3,0,1,0
txn_ae4e4ae32597,24.87,0.4118,10,0,8.0,8.0,0.0,2.0,1.0,8.0,0.0,0.0,54.2462,0.5415,0.57,1440.0,475.0,0.1794,283.74,17.0,0.2145,0.0442,0.8161,0.0,0.0,0.0,1,credential_based_fraud,card_not_present,cred_cnp_001,scn_32ed1527bc46,overt_fraud,0,4,1,1,0,3,3,5,2,0
txn_a3ac7d794aef,14.04,0.4772,10,0,9.0,9.0,6.0,0.0,1.0,9.0,6.0,0.0,50.9822,0.7246,9.79,10.36,475.0,0.1794,283.74,17.0,0.2145,0.0442,0.8161,0.3151,24.0,1.0,1,credential_based_fraud,card_not_present,cred_cnp_001,scn_32ed1527bc46,overt_fraud,0,4,1,1,1,3,3,1,2,1
txn_bf907ab8dc6e,9.93,0.4471,10,0,10.0,10.0,7.0,1.0,0.0,10.0,7.0,1.0,47.288,0.79,0.45,0.45,475.0,0.1794,283.74,17.0,0.2145,0.0442,0.8161,0.3151,24.0,1.0,1,credential_based_fraud,card_not_present,cred_cnp_001,scn_32ed1527bc46,overt_fraud,1,4,1,1,0,4,4,3,2,0
txn_2766a7cf6f66,78.23,0.7322,10,0,11.0,11.0,8.0,2.0,1.0,11.0,8.0,1.0,43.8918,0.7823,0.4,0.4,475.0,0.1794,283.74,17.0,0.2145,0.0442,0.8161,0.3151,24.0,1.0,1,credential_based_fraud,card_not_present,cred_cnp_001,scn_32ed1527bc46,overt_fraud,3,4,1,1,0,2,2,2,1,0
txn_615d1642416a,8.79,0.3268,10,0,12.0,12.0,0.0,0.0,1.0,12.0,0.0,1.0,46.7533,0.812,5.32,1440.0,475.0,0.1794,283.74,17.0,0.2145,0.0442,0.8161,0.0,0.0,0.0,1,credential_based_fraud,card_not_present,cred_cnp_001,scn_32ed1527bc46,overt_fraud,2,4,1,1,0,1,1,2,2,0
txn_69f493957fb7,81.66,0.2726,10,0,13.0,13.0,9.0,1.0,1.0,13.0,9.0,1.0,43.8331,0.863,1.27,6.59,475.0,0.1794,283.74,17.0,0.2145,0.0442,0.8161,0.3151,24.0,1.0,1,credential_based_fraud,card_not_present,cred_cnp_001,scn_32ed1527bc46,overt_fraud,2,4,1,1,0,1,1,2,2,0
txn_9854a4692598,35.93,0.4216,10,0,14.0,14.0,10.0,2.0,1.0,14.0,10.0,1.0,46.535,0.2279,6.8,6.8,475.0,0.1794,283.74,17.0,0.2145,0.0442,0.8161,0.3151,24.0,1.0,1,credential_based_fraud,card_not_present,cred_cnp_001,scn_32ed1527bc46,overt_fraud,1,4,1,1,0,2,2,4,1,0
txn_404ef656c4a1,146.8,0.5011,10,0,15.0,15.0,11.0,0.0,1.0,15.0,11.0,1.0,45.828,2.2033,6.23,6.23,475.0,0.1794,283.74,17.0,0.2145,0.0442,0.8161,0.3151,24.0,1.0,1,credential_based_fraud,card_not_present,cred_cnp_001,scn_32ed1527bc46,overt_fraud,1,4,1,1,0,2,2,5,1,0
txn_2263e61aea6e,16.81,0.6294,10,0,16.0,16.0,0.0,1.0,2.0,16.0,0.0,1.0,52.1387,0.6776,2.24,1440.0,475.0,0.1794,283.74,17.0,0.2145,0.0442,0.8161,0.0,0.0,0.0,1,credential_based_fraud,card_not_present,cred_cnp_001,scn_32ed1527bc46,overt_fraud,3,4,1,1,0,3,3,3,2,0
txn_3ef540fd585c,62.12,0.4572,10,0,17.0,17.0,12.0,2.0,2.0,13.0,9.0,1.0,50.0606,0.2409,14.62,16.86,475.0,0.1794,283.74,17.0,0.2145,0.0442,0.8161,0.3151,24.0,1.0,1,credential_based_fraud,card_not_present,cred_cnp_001,scn_32ed1527bc46,overt_fraud,2,4,1,1,0,3,3,5,1,0
txn_4e62f0aeb4ba,106.42,0.404,10,0,18.0,18.0,13.0,0.0,2.0,13.0,10.0,1.0,50.7306,1.0977,5.31,5.31,475.0,0.1794,283.74,17.0,0.2145,0.0442,0.8161,0.3151,24.0,1.0,1,credential_based_fraud,card_not_present,cred_cnp_001,scn_32ed1527bc46,overt_fraud,2,4,1,1,0,4,4,0,1,0
txn_725a5cdaa866,31.97,0.7519,11,1,19.0,19.0,14.0,1.0,1.0,13.0,10.0,1.0,53.6616,0.4042,2.84,2.84,475.0,0.1794,283.74,17.0,0.2145,0.0442,0.8161,0.3151,24.0,1.0,1,credential_based_fraud,card_not_present,cred_cnp_001,scn_32ed1527bc46,overt_fraud,1,4,1,1,0,2,1,3,1,0
txn_5ad76f426413,7.67,0.4455,11,0,20.0,20.0,0.0,2.0,1.0,14.0,0.0,1.0,52.577,0.8541,0.31,1440.0,475.0,0.1794,283.74,17.0,0.2145,0.0442,0.8161,0.0,0.0,0.0,1,credential_based_fraud,card_not_present,cred_cnp_001,scn_32ed1527bc46,overt_fraud,1,4,1,1,0,0,0,4,2,0
txn_459c669ef39d,61.48,0.7313,11,0,21.0,21.0,15.0,0.0,1.0,15.0,11.0,1.0,50.4386,0.2189,0.51,0.82,475.0,0.1794,283.74,17.0,0.2145,0.0442,0.8161,0.3151,24.0,1.0,1,credential_based_fraud,card_not_present,cred_cnp_001,scn_32ed1527bc46,overt_fraud,2,4,1,1,0,3,3,6,1,0
txn_b150723b07fc,11.33,0.4256,11,1,22.0,22.0,16.0,1.0,1.0,16.0,12.0,1.0,50.9405,0.7776,1.21,1.21,475.0,0.1794,283.74,17.0,0.2145,0.0442,0.8161,0.3151,24.0,1.0,1,credential_based_fraud,card_not_present,cred_cnp_001,scn_32ed1527bc46,overt_fraud,0,4,1,1,0,5,4,6,2,0
txn_996dcd119edb,49.49,0.4221,11,0,23.0,23.0,17.0,2.0,1.0,16.0,12.0,1.0,49.2183,0.0055,0.94,0.94,475.0,0.1794,283.74,17.0,0.2145,0.0442,0.8161,0.3151,24.0,1.0,1,credential_based_fraud,card_not_present,cred_cnp_001,scn_32ed1527bc46,overt_fraud,4,4,1,1,0,5,5,6,2,0
txn_1b19284e34c7,18.78,0.4913,11,1,24.0,24.0,0.0,0.0,0.0,15.0,0.0,1.0,49.2296,0.6185,6.18,1440.0,475.0,0.1794,283.74,17.0,0.2145,0.0442,0.8161,0.0,0.0,0.0,1,credential_based_fraud,card_not_present,cred_cnp_001,scn_32ed1527bc46,overt_fraud,4,4,1,1,1,3,0,2,2,1
txn_3cf40103f882,11.87,0.6614,11,0,25.0,25.0,18.0,1.0,0.0,16.0,12.0,2.0,48.0116,0.7528,0.58,6.76,475.0,0.1794,283.74,17.0,0.2145,0.0442,0.8161,0.3151,24.0,1.0,1,credential_based_fraud,card_not_present,cred_cnp_001,scn_32ed1527bc46,overt_fraud,1,4,1,1,0,3,3,3,1,0
txn_4ca5bc93a306,72.7,0.2076,11,0,26.0,26.0,19.0,2.0,0.0,14.0,10.0,2.0,46.6215,0.5594,10.24,10.24,475.0,0.1794,283.74,17.0,0.2145,0.0442,0.8161,0.3151,24.0,1.0,1,credential_based_fraud,card_not_present,cred_cnp_001,scn_32ed1527bc46,overt_fraud,1,4,1,1,0,1,1,1,2,0
txn_9d15afd37365,82.32,0.4589,11,1,27.0,27.0,20.0,0.0,0.0,13.0,10.0,2.0,47.5874,0.7299,3.75,3.75,475.0,0.1794,283.74,17.0,0.2145,0.0442,0.8161,0.3151,24.0,1.0,1,credential_based_fraud,card_not_present,cred_cnp_001,scn_32ed1527bc46,overt_fraud,1,4,1,1,0,4,1,1,2,0
txn_65a4f12fb51b,41.85,0.5571,11,0,28.0,28.0,0.0,1.0,0.0,14.0,0.0,2.0,48.8279,0.1429,3.79,1440.0,475.0,0.1794,283.74,17.0,0.2145,0.0442,0.8161,0.0,0.0,0.0,1,credential_based_fraud,card_not_present,cred_cnp_001,scn_32ed1527bc46,overt_fraud,4,4,1,1,0,3,3,1,1,0
txn_cf4e968f2945,115.53,0.5143,11,0,29.0,29.0,21.0,2.0,1.0,12.0,9.0,2.0,48.5872,1.3778,12.21,16.0,475.0,0.1794,283.74,17.0,0.2145,0.0442,0.8161,0.3151,24.0,1.0,1,credential_based_fraud,card_not_present,cred_cnp_001,scn_32ed1527bc46,overt_fraud,3,4,1,1,0,1,1,5,1,0
txn_32dd2a886f7c,29.52,0.658,11,0,30.0,30.0,22.0,0.0,1.0,13.0,10.0,2.0,50.8187,0.4191,1.21,1.21,475.0,0.1794,283.74,17.0,0.2145,0.0442,0.8161,0.3151,24.0,1.0,1,credential_based_fraud,card_not_present,cred_cnp_001,scn_32ed1527bc46,overt_fraud,4,4,1,1,0,2,2,2,2,0
txn_ca1fba1862e5,79.68,0.141,10,0,0.0,0.0,0.0,0.0,2.0,0.0,0.0,0.0,0.0,0.0,1440.0,1440.0,646.0,0.2034,122.66,125.0,0.0827,0.0511,1.2488,0.0,0.0,0.0,1,credential_based_fraud,consumer_account_takeover,cred_consumer_ato_001,scn_d84f4d706562,overt_fraud,1,8,4,1,0,1,1,3,3,0
txn_1b82d60d31e7,144.91,0.4995,10,0,1.0,1.0,0.0,1.0,2.0,1.0,0.0,0.0,79.68,0.8186,3.57,1440.0,646.0,0.2034,122.66,125.0,0.0827,0.0511,1.2488,0.8311,138.0,0.0,1,credential_based_fraud,consumer_account_takeover,cred_consumer_ato_001,scn_d84f4d706562,overt_fraud,0,8,4,1,0,3,3,2,3,0
txn_c6c58f73e92b,141.48,0.2946,10,1,2.0,2.0,1.0,2.0,4.0,2.0,1.0,0.0,112.295,0.2599,14.33,14.33,646.0,0.2034,122.66,125.0,0.0827,0.0511,1.2488,0.8311,138.0,0.0,1,credential_based_fraud,consumer_account_takeover,cred_consumer_ato_001,scn_d84f4d706562,overt_fraud,3,8,4,1,1,1,3,3,3,1
txn_257c96821bfd,32.62,0.3719,11,0,3.0,3.0,2.0,0.0,3.0,1.0,1.0,1.0,122.0233,0.7327,57.23,57.23,646.0,0.2034,122.66,125.0,0.0827,0.0511,1.2488,0.8311,138.0,0.0,1,credential_based_fraud,consumer_account_takeover,cred_consumer_ato_001,scn_d84f4d706562,overt_fraud,2,8,4,1,0,2,2,2,3,0
txn_2bb4d1b566fe,64.0,0.6545,11,1,4.0,4.0,0.0,1.0,4.0,1.0,0.0,1.0,99.6725,0.3579,16.49,1440.0,646.0,0.2034,122.66,125.0,0.0827,0.0511,1.2488,0.0,0.0,0.0,1,credential_based_fraud,consumer_account_takeover,cred_consumer_ato_001,scn_d84f4d706562,overt_fraud,2,8,4,1,0,1,4,6,3,0
txn_1de64ef6f574,53.2,0.3095,13,0,5.0,5.0,3.0,2.0,5.0,0.0,0.0,1.0,92.538,0.4251,101.91,118.4,646.0,0.2034,122.66,125.0,0.0827,0.0511,1.2488,0.8311,138.0,0.0,1,credential_based_fraud,consumer_account_takeover,cred_consumer_ato_001,scn_d84f4d706562,overt_fraud,4,8,4,1,0,5,5,4,3,0
txn_670aa092fa53,226.61,0.08,14,0,6.0,6.0,4.0,0.0,7.0,0.0,0.0,1.0,85.9817,1.6356,74.81,74.81,646.0,0.2034,122.66,125.0,0.0827,0.0511,1.2488,0.8311,138.0,0.0,1,credential_based_fraud,consumer_account_takeover,cred_consumer_ato_001,scn_d84f4d706562,overt_fraud,4,8,4,1,0,2,2,5,3,0
txn_edba32144615,73.01,0.4635,15,0,7.0,7.0,5.0,1.0,7.0,1.0,1.0,1.0,106.0714,0.3117,13.08,13.08,646.0,0.2034,122.66,125.0,0.0827,0.0511,1.2488,0.8311,138.0,0.0,1,credential_based_fraud,consumer_account_takeover,cred_consumer_ato_001,scn_d84f4d706562,overt_fraud,1,8,4,1,0,5,5,0,3,0
txn_033d46f6dc52,4.0,0.3819,17,0,8.0,8.0,0.0,2.0,8.0,0.0,0.0,1.0,101.9387,0.9608,160.69,1440.0,646.0,0.2034,122.66,125.0,0.0827,0.0511,1.2488,0.0,0.0,0.0,1,credential_based_fraud,consumer_account_takeover,cred_consumer_ato_001,scn_d84f4d706562,overt_fraud,1,8,4,1,0,2,2,0,3,0
txn_014d35eca4ee,32.15,0.4943,18,0,9.0,9.0,6.0,0.0,9.0,0.0,0.0,1.0,91.0567,0.6469,63.61,224.3,646.0,0.2034,122.66,125.0,0.0827,0.0511,1.2488,0.8311,138.0,0.0,1,credential_based_fraud,consumer_account_takeover,cred_consumer_ato_001,scn_d84f4d706562,overt_fraud,1,8,4,1,0,3,3,0,3,0
txn_ffd0e2e1e3b1,21.09,0.5309,19,0,10.0,10.0,7.0,1.0,10.0,1.0,1.0,1.0,85.166,0.7524,51.55,51.55,646.0,0.2034,122.66,125.0,0.0827,0.0511,1.2488,0.8311,138.0,0.0,1,credential_based_fraud,consumer_account_takeover,cred_consumer_ato_001,scn_d84f4d706562,overt_fraud,0,8,4,1,0,2,2,6,3,0
txn_e606efbda8dc,37.53,0.4421,22,1,11.0,11.0,8.0,2.0,12.0,0.0,0.0,1.0,79.3409,0.527,186.53,186.53,646.0,0.2034,122.66,125.0,0.0827,0.0511,1.2488,0.8311,138.0,0.0,1,credential_based_fraud,consumer_account_takeover,cred_consumer_ato_001,scn_d84f4d706562,overt_fraud,3,8,4,1,0,4,2,5,3,0
txn_a33f9832491b,105.43,0.2152,23,1,12.0,12.0,0.0,0.0,12.0,0.0,0.0,1.0,75.8567,0.3899,60.98,1440.0,646.0,0.2034,122.66,125.0,0.0827,0.0511,1.2488,0.0,0.0,0.0,1,credential_based_fraud,consumer_account_takeover,cred_consumer_ato_001,scn_d84f4d706562,overt_fraud,1,8,4,1,0,0,2,4,3,0
txn_1012ccb4566b,23.26,0.3138,2,0,13.0,13.0,9.0,1.0,15.0,0.0,0.0,1.0,78.1315,0.7023,180.17,241.15,646.0,0.2034,122.66,125.0,0.0827,0.0511,1.2488,0.8311,138.0,0.0,1,credential_based_fraud,consumer_account_takeover,cred_consumer_ato_001,scn_d84f4d706562,overt_fraud,4,8,4,1,0,1,1,5,3,0
txn_54860aedaf31,14.84,0.5802,4,1,14.0,14.0,10.0,2.0,16.0,0.0,0.0,1.0,74.2121,0.8,126.23,126.23,646.0,0.2034,122.66,125.0,0.0827,0.0511,1.2488,0.8311,138.0,0.0,1,credential_based_fraud,consumer_account_takeover,cred_consumer_ato_001,scn_d84f4d706562,overt_fraud,4,8,4,1,0,2,3,0,3,0
txn_05895b2f261f,71.07,0.5279,5,0,15.0,15.0,11.0,0.0,17.0,1.0,1.0,1.0,70.254,0.0116,52.96,52.96,646.0,0.2034,122.66,125.0,0.0827,0.0511,1.2488,0.8311,138.0,0.0,1,credential_based_fraud,consumer_account_takeover,cred_consumer_ato_001,scn_d84f4d706562,overt_fraud,4,8,4,1,0,5,5,5,3,0
txn_be5f6aa0ba86,127.99,0.4394,6,0,16.0,16.0,0.0,1.0,18.0,1.0,0.0,1.0,70.305,0.8205,13.42,1440.0,646.0,0.2034,122.66,125.0,0.0827,0.0511,1.2488,0.0,0.0,0.0,1,credential_based_fraud,consumer_account_takeover,cred_consumer_ato_001,scn_d84f4d706562,overt_fraud,4,8,4,1,0,0,0,0,3,0
txn_212b36bfaa14,44.29,0.3704,10,0,0.0,0.0,0.0,0.0,3.0,0.0,0.0,0.0,0.0,0.0,1440.0,1440.0,236.0,0.2846,184.96,1165.0,0.2258,0.0063,1.3886,0.0,0.0,0.0,1,credential_based_fraud,merchant_admin_takeover,cred_merchant_admin_ato_001,scn_1110cbdeca5c,overt_fraud,3,7,0,0,0,4,4,1,0,0
txn_023780445f49,23.43,0.2896,10,1,1.0,1.0,0.0,1.0,3.0,1.0,0.0,0.0,44.29,0.471,2.35,1440.0,236.0,0.2846,184.96,1165.0,0.2258,0.0063,1.3886,0.5061,156.0,1.0,1,credential_based_fraud,merchant_admin_takeover,cred_merchant_admin_ato_001,scn_1110cbdeca5c,overt_fraud,4,7,0,0,0,1,2,6,0,0
txn_3b12d338a90d,21.17,0.2312,12,0,2.0,2.0,1.0,2.0,4.0,0.0,0.0,0.0,33.86,0.3748,94.87,94.87,236.0,0.2846,184.96,1165.0,0.2258,0.0063,1.3886,0.5061,156.0,1.0,1,credential_based_fraud,merchant_admin_takeover,cred_merchant_admin_ato_001,scn_1110cbdeca5c,overt_fraud,1,7,0,0,0,4,4,6,0,0
txn_85cfa438e66b,47.42,0.3039,12,0,3.0,3.0,2.0,0.0,5.0,1.0,1.0,0.0,29.63,0.6004,39.07,39.07,236.0,0.2846,184.96,1165.0,0.2258,0.0063,1.3886,0.5061,156.0,1.0,1,credential_based_fraud,merchant_admin_takeover,cred_merchant_admin_ato_001,scn_1110cbdeca5c,overt_fraud,3,7,0,0,0,0,0,3,0,0
txn_97b52e9f4462,28.95,0.7732,17,0,4.0,4.0,0.0,1.0,7.0,0.0,0.0,0.0,34.0775,0.1505,260.52,1440.0,236.0,0.2846,184.96,1165.0,0.2258,0.0063,1.3886,0.0,0.0,0.0,1,credential_based_fraud,merchant_admin_takeover,cred_merchant_admin_ato_001,scn_1110cbdeca5c,overt_fraud,3,7,0,0,0,1,1,5,0,0
txn_e907b5a72f99,54.62,0.5252,17,1,5.0,5.0,3.0,2.0,8.0,1.0,0.0,0.0,33.052,0.6525,14.35,274.87,236.0,0.2846,184.96,1165.0,0.2258,0.0063,1.3886,0.5061,156.0,1.0,1,credential_based_fraud,merchant_admin_takeover,cred_merchant_admin_ato_001,scn_1110cbdeca5c,overt_fraud,2,7,0,0,0,5,1,5,0,0
txn_2c762911d6ed,43.63,0.4271,19,0,6.0,6.0,4.0,0.0,9.0,0.0,0.0,0.0,36.6467,0.1906,112.54,112.54,236.0,0.2846,184.96,1165.0,0.2258,0.0063,1.3886,0.5061,156.0,1.0,1,credential_based_fraud,merchant_admin_takeover,cred_merchant_admin_ato_001,scn_1110cbdeca5c,overt_fraud,1,7,0,0,0,2,2,0,0,0
txn_69605cc2d2ec,6.89,0.3806,9,0,0.0,0.0,0.0,0.0,0.0,0.0,0.0,0.0,0.0,0.0,1440.0,1440.0,223.0,0.0642,63.75,368.0,0.0044,0.0005,0.1104,0.0,0.0,0.0,1,credential_based_fraud,credential_stuffing,cred_stuffing_001,scn_e1461744d3d4,stealth_fraud,1,8,4,1,0,3,3,6,3,0
txn_01c5630e227f,5.69,0.2738,9,0,1.0,1.0,0.0,1.0,0.0,1.0,0.0,0.0,6.89,0.1742,0.83,1440.0,223.0,0.0642,63.75,368.0,0.0044,0.0005,0.1104,0.0901,994.0,0.0,1,credential_based_fraud,credential_stuffing,cred_stuffing_001,scn_e1461744d3d4,stealth_fraud,1,8,4,1,0,5,5,3,3,0
txn_634d8967bf92,7.91,0.6197,10,0,2.0,2.0,1.0,2.0,1.0,2.0,1.0,0.0,6.29,0.2576,12.01,12.01,223.0,0.0642,63.75,368.0,0.0044,0.0005,0.1104,0.0901,994.0,0.0,1,credential_based_fraud,credential_stuffing,cred_stuffing_001,scn_e1461744d3d4,stealth_fraud,0,8,4,1,0,3,3,5,3,0
txn_b13177ff7fb5,6.36,0.3457,10,0,3.0,3.0,2.0,0.0,1.0,3.0,2.0,0.0,6.83,0.0688,5.46,5.46,223.0,0.0642,63.75,368.0,0.0044,0.0005,0.1104,0.0901,994.0,0.0,1,credential_based_fraud,credential_stuffing,cred_stuffing_001,scn_e1461744d3d4,stealth_fraud,2,8,4,1,0,3,3,1,3,0
txn_1839ea15f235,7.18,0.5448,10,0,4.0,4.0,0.0,1.0,2.0,4.0,0.0,0.0,6.7125,0.0696,21.18,1440.0,223.0,0.0642,63.75,368.0,0.0044,0.0005,0.1104,0.0,0.0,0.0,1,credential_based_fraud,credential_stuffing,cred_stuffing_001,scn_e1461744d3d4,stealth_fraud,1,8,4,1,0,3,3,1,3,0
txn_2def6f6fc198,3.05,0.3975,10,0,5.0,5.0,3.0,2.0,3.0,5.0,3.0,0.0,6.806,0.5519,3.08,24.26,223.0,0.0642,63.75,368.0,0.0044,0.0005,0.1104,0.0901,994.0,0.0,1,credential_based_fraud,credential_stuffing,cred_stuffing_001,scn_e1461744d3d4,stealth_fraud,2,8,4,1,0,5,5,1,3,0
txn_facf8435b1c5,6.62,0.158,10,0,6.0,6.0,4.0,0.0,4.0,6.0,4.0,0.0,6.18,0.0712,0.2,0.2,223.0,0.0642,63.75,368.0,0.0044,0.0005,0.1104,0.0901,994.0,0.0,1,credential_based_fraud,credential_stuffing,cred_stuffing_001,scn_e1461744d3d4,stealth_fraud,2,8,4,1,0,5,5,1,3,0
txn_39992d21bbce,2.76,0.407,10,0,7.0,7.0,5.0,1.0,2.0,7.0,5.0,0.0,6.2429,0.5579,7.87,7.87,223.0,0.0642,63.75,368.0,0.0044,0.0005,0.1104,0.0901,994.0,0.0,1,credential_based_fraud,credential_stuffing,cred_stuffing_001,scn_e1461744d3d4,stealth_fraud,0,8,4,1,0,3,3,4,3,0
txn_5c2ab8e7fc5f,3.45,0.3755,10,0,8.0,8.0,0.0,2.0,3.0,6.0,0.0,0.0,5.8075,0.4059,11.86,1440.0,223.0,0.0642,63.75,368.0,0.0044,0.0005,0.1104,0.0,0.0,0.0,1,credential_based_fraud,credential_stuffing,cred_stuffing_001,scn_e1461744d3d4,stealth_fraud,1,8,4,1,0,3,3,0,3,0
txn_0273f2ae996d,4.4,0.09,10,0,9.0,9.0,6.0,0.0,3.0,7.0,5.0,0.0,5.5456,0.2066,7.22,19.08,223.0,0.0642,63.75,368.0,0.0044,0.0005,0.1104,0.0901,994.0,0.0,1,credential_based_fraud,credential_stuffing,cred_stuffing_001,scn_e1461744d3d4,stealth_fraud,0,8,4,1,0,5,5,3,3,0
txn_53c4e697f880,4.56,0.434,10,0,10.0,10.0,7.0,1.0,4.0,8.0,6.0,0.0,5.431,0.1604,0.0,0.0,223.0,0.0642,63.75,368.0,0.0044,0.0005,0.1104,0.0901,994.0,0.0,1,credential_based_fraud,credential_stuffing,cred_stuffing_001,scn_e1461744d3d4,stealth_fraud,1,8,4,1,0,2,2,0,3,0
txn_00911bfdbf93,4.62,0.3144,11,0,11.0,11.0,8.0,2.0,3.0,7.0,5.0,0.0,5.3518,0.1367,13.95,13.95,223.0,0.0642,63.75,368.0,0.0044,0.0005,0.1104,0.0901,994.0,0.0,1,credential_based_fraud,credential_stuffing,cred_stuffing_001,scn_e1461744d3d4,stealth_fraud,2,8,4,1,0,4,4,3,3,0
txn_64d493b68797,3.59,0.1875,11,0,12.0,12.0,0.0,0.0,4.0,8.0,0.0,0.0,5.2908,0.3215,8.72,1440.0,223.0,0.0642,63.75,368.0,0.0044,0.0005,0.1104,0.0,0.0,0.0,1,credential_based_fraud,credential_stuffing,cred_stuffing_001,scn_e1461744d3d4,stealth_fraud,3,8,4,1,0,4,4,0,3,0
txn_44544bb61fc0,7.71,0.08,11,0,13.0,13.0,9.0,1.0,4.0,9.0,6.0,0.0,5.16,0.4942,4.71,13.43,223.0,0.0642,63.75,368.0,0.0044,0.0005,0.1104,0.0901,994.0,0.0,1,credential_based_fraud,credential_stuffing,cred_stuffing_001,scn_e1461744d3d4,stealth_fraud,0,8,4,1,0,5,5,0,3,0
txn_2de8b18d23da,0.77,0.298,11,0,14.0,14.0,10.0,2.0,3.0,10.0,7.0,0.0,5.3421,0.8559,2.37,2.37,223.0,0.0642,63.75,368.0,0.0044,0.0005,0.1104,0.0901,994.0,0.0,1,credential_based_fraud,credential_stuffing,cred_stuffing_001,scn_e1461744d3d4,stealth_fraud,4,8,4,1,0,5,5,3,3,0
txn_b906798594df,4.37,0.3972,11,0,15.0,15.0,11.0,0.0,5.0,7.0,5.0,0.0,5.0373,0.1325,17.11,17.11,223.0,0.0642,63.75,368.0,0.0044,0.0005,0.1104,0.0901,994.0,0.0,1,credential_based_fraud,credential_stuffing,cred_stuffing_001,scn_e1461744d3d4,stealth_fraud,2,8,4,1,0,0,0,1,3,0
txn_649cc8e2c263,5.06,0.1089,11,0,16.0,16.0,0.0,1.0,3.0,8.0,0.0,0.0,4.9956,0.0129,0.58,1440.0,223.0,0.0642,63.75,368.0,0.0044,0.0005,0.1104,0.0,0.0,0.0,1,credential_based_fraud,credential_stuffing,cred_stuffing_001,scn_e1461744d3d4,stealth_fraud,0,8,4,1,0,1,1,6,3,0
txn_6d30179dba8a,7.3,0.5457,11,0,17.0,17.0,12.0,2.0,3.0,9.0,6.0,0.0,4.9994,0.4602,1.38,1.96,223.0,0.0642,63.75,368.0,0.0044,0.0005,0.1104,0.0901,994.0,0.0,1,credential_based_fraud,credential_stuffing,cred_stuffing_001,scn_e1461744d3d4,stealth_fraud,2,8,4,1,0,3,3,1,3,0
txn_1c2b201af65b,3.48,0.3338,11,1,18.0,18.0,13.0,0.0,3.0,10.0,7.0,0.0,5.1272,0.3213,2.26,2.26,223.0,0.0642,63.75,368.0,0.0044,0.0005,0.1104,0.0901,994.0,0.0,1,credential_based_fraud,credential_stuffing,cred_stuffing_001,scn_e1461744d3d4,stealth_fraud,1,8,4,1,0,5,1,6,3,0
txn_4cb8875d7dbb,7.61,0.4095,11,0,19.0,19.0,14.0,1.0,4.0,11.0,8.0,0.0,5.0405,0.5098,0.68,0.68,223.0,0.0642,63.75,368.0,0.0044,0.0005,0.1104,0.0901,994.0,0.0,1,credential_based_fraud,credential_stuffing,cred_stuffing_001,scn_e1461744d3d4,stealth_fraud,1,8,4,1,0,1,1,6,3,0
txn_928c184cb1b1,0.8,0.2698,11,0,20.0,20.0,0.0,2.0,4.0,11.0,0.0,0.0,5.169,0.8452,7.35,1440.0,223.0,0.0642,63.75,368.0,0.0044,0.0005,0.1104,0.0,0.0,0.0,1,credential_based_fraud,credential_stuffing,cred_stuffing_001,scn_e1461744d3d4,stealth_fraud,2,8,4,1,0,5,5,4,3,0
txn_86e7309a35af,3.55,0.3521,12,0,21.0,21.0,15.0,0.0,2.0,10.0,7.0,0.0,4.961,0.2844,5.28,12.63,223.0,0.0642,63.75,368.0,0.0044,0.0005,0.1104,0.0901,994.0,0.0,1,credential_based_fraud,credential_stuffing,cred_stuffing_001,scn_e1461744d3d4,stealth_fraud,2,8,4,1,0,0,0,4,3,0
txn_b50a6ebed0ed,3.59,0.5065,12,0,22.0,22.0,16.0,1.0,2.0,11.0,8.0,0.0,4.8968,0.2669,1.14,1.14,223.0,0.0642,63.75,368.0,0.0044,0.0005,0.1104,0.0901,994.0,0.0,1,credential_based_fraud,credential_stuffing,cred_stuffing_001,scn_e1461744d3d4,stealth_fraud,0,8,4,1,0,1,1,3,3,0
txn_14a8e1707ddc,6.94,0.6908,12,0,23.0,23.0,17.0,2.0,2.0,12.0,9.0,0.0,4.84,0.4339,0.17,0.17,223.0,0.0642,63.75,368.0,0.0044,0.0005,0.1104,0.0901,994.0,0.0,1,credential_based_fraud,credential_stuffing,cred_stuffing_001,scn_e1461744d3d4,stealth_fraud,3,8,4,1,0,2,2,1,3,0
txn_2572fb43e4e4,1.33,0.4113,12,0,24.0,24.0,0.0,0.0,2.0,10.0,0.0,0.0,4.9275,0.7301,22.91,1440.0,223.0,0.0642,63.75,368.0,0.0044,0.0005,0.1104,0.0,0.0,0.0,1,credential_based_fraud,credential_stuffing,cred_stuffing_001,scn_e1461744d3d4,stealth_fraud,0,8,4,1,0,4,4,6,3,0
txn_2636d77183e9,1.55,0.3195,12,0,25.0,25.0,18.0,1.0,2.0,10.0,7.0,0.0,4.7836,0.676,3.94,26.85,223.0,0.0642,63.75,368.0,0.0044,0.0005,0.1104,0.0901,994.0,0.0,1,credential_based_fraud,credential_stuffing,cred_stuffing_001,scn_e1461744d3d4,stealth_fraud,2,8,4,1,0,1,1,3,3,0
txn_69f86dcd77ed,3.49,0.4208,12,0,26.0,26.0,19.0,2.0,2.0,11.0,8.0,0.0,4.6592,0.2509,2.87,2.87,223.0,0.0642,63.75,368.0,0.0044,0.0005,0.1104,0.0901,994.0,0.0,1,credential_based_fraud,credential_stuffing,cred_stuffing_001,scn_e1461744d3d4,stealth_fraud,0,8,4,1,0,5,5,0,3,0
txn_6f2f5094ee17,0.79,0.2724,12,1,27.0,27.0,20.0,0.0,2.0,12.0,9.0,0.0,4.6159,0.8289,5.72,5.72,223.0,0.0642,63.75,368.0,0.0044,0.0005,0.1104,0.0901,994.0,0.0,1,credential_based_fraud,credential_stuffing,cred_stuffing_001,scn_e1461744d3d4,stealth_fraud,3,8,4,1,0,2,5,5,3,0
txn_061b6c10457b,2.45,0.4527,12,0,28.0,28.0,0.0,1.0,1.0,13.0,0.0,0.0,4.4793,0.453,1.22,1440.0,223.0,0.0642,63.75,368.0,0.0044,0.0005,0.1104,0.0,0.0,0.0,1,credential_based_fraud,credential_stuffing,cred_stuffing_001,scn_e1461744d3d4,stealth_fraud,2,8,4,1,0,2,2,1,3,0
txn_339cc6e28069,0.71,0.48,12,0,29.0,29.0,21.0,2.0,1.0,14.0,10.0,0.0,4.4093,0.839,1.2,2.42,223.0,0.0642,63.75,368.0,0.0044,0.0005,0.1104,0.0901,994.0,0.0,1,credential_based_fraud,credential_stuffing,cred_stuffing_001,scn_e1461744d3d4,stealth_fraud,1,8,4,1,0,1,1,5,3,0
txn_ad36408846a3,2.88,0.4493,12,0,30.0,30.0,22.0,0.0,1.0,15.0,11.0,0.0,4.286,0.328,1.12,1.12,223.0,0.0642,63.75,368.0,0.0044,0.0005,0.1104,0.0901,994.0,0.0,1,credential_based_fraud,credential_stuffing,cred_stuffing_001,scn_e1461744d3d4,stealth_fraud,2,8,4,1,0,1,1,4,3,0
txn_f1a131b41ac0,5.0,0.2071,12,0,31.0,31.0,23.0,1.0,1.0,16.0,12.0,0.0,4.2406,0.1791,0.01,0.01,223.0,0.0642,63.75,368.0,0.0044,0.0005,0.1104,0.0901,994.0,0.0,1,credential_based_fraud,credential_stuffing,cred_stuffing_001,scn_e1461744d3d4,stealth_fraud,2,8,4,1,0,1,1,5,3,0
txn_c3324c2be06b,4.15,0.2382,12,0,32.0,32.0,0.0,2.0,1.0,17.0,0.0,0.0,4.2644,0.0268,1.75,1440.0,223.0,0.0642,63.75,368.0,0.0044,0.0005,0.1104,0.0,0.0,0.0,1,credential_based_fraud,credential_stuffing,cred_stuffing_001,scn_e1461744d3d4,stealth_fraud,0,8,4,1,0,4,4,0,3,0
txn_3ff6e91bad53,2.47,0.2785,12,0,33.0,33.0,24.0,0.0,1.0,12.0,9.0,0.0,4.2609,0.4203,13.52,15.27,223.0,0.0642,63.75,368.0,0.0044,0.0005,0.1104,0.0901,994.0,0.0,1,credential_based_fraud,credential_stuffing,cred_stuffing_001,scn_e1461744d3d4,stealth_fraud,1,8,4,1,0,5,5,5,3,0
txn_d20359c9a04c,4.61,0.3981,13,0,34.0,34.0,25.0,1.0,1.0,10.0,7.0,0.0,4.2082,0.0955,7.99,7.99,223.0,0.0642,63.75,368.0,0.0044,0.0005,0.1104,0.0901,994.0,0.0,1,credential_based_fraud,credential_stuffing,cred_stuffing_001,scn_e1461744d3d4,stealth_fraud,3,8,4,1,0,3,3,5,3,0
txn_87ba0aed5619,6.04,0.641,13,0,35.0,35.0,26.0,2.0,1.0,11.0,8.0,0.0,4.2197,0.4314,0.34,0.34,223.0,0.0642,63.75,368.0,0.0044,0.0005,0.1104,0.0901,994.0,0.0,1,credential_based_fraud,credential_stuffing,cred_stuffing_001,scn_e1461744d3d4,stealth_fraud,3,8,4,1,0,3,3,3,3,0
txn_a4688938cb96,7.06,0.56,13,0,36.0,36.0,0.0,0.0,1.0,12.0,0.0,0.0,4.2703,0.6533,0.66,1440.0,223.0,0.0642,63.75,368.0,0.0044,0.0005,0.1104,0.0,0.0,0.0,1,credential_based_fraud,credential_stuffing,cred_stuffing_001,scn_e1461744d3d4,stealth_fraud,2,8,4,1,0,4,4,5,3,0
txn_779639f5eafb,2.2,0.4245,13,0,37.0,37.0,27.0,1.0,1.0,13.0,9.0,0.0,4.3457,0.4937,0.53,1.19,223.0,0.0642,63.75,368.0,0.0044,0.0005,0.1104,0.0901,994.0,0.0,1,credential_based_fraud,credential_stuffing,cred_stuffing_001,scn_e1461744d3d4,stealth_fraud,2,8,4,1,1,2,2,3,3,1
txn_791773496e87,4.5,0.5012,13,0,38.0,38.0,28.0,2.0,1.0,14.0,10.0,1.0,4.2892,0.0491,0.9,0.9,223.0,0.0642,63.75,368.0,0.0044,0.0005,0.1104,0.0901,994.0,0.0,1,credential_based_fraud,credential_stuffing,cred_stuffing_001,scn_e1461744d3d4,stealth_fraud,2,8,4,1,0,4,4,4,3,0
txn_79341cab6e87,1.24,0.4617,13,0,39.0,39.0,29.0,0.0,1.0,15.0,11.0,1.0,4.2946,0.7113,5.79,5.79,223.0,0.0642,63.75,368.0,0.0044,0.0005,0.1104,0.0901,994.0,0.0,1,credential_based_fraud,credential_stuffing,cred_stuffing_001,scn_e1461744d3d4,stealth_fraud,2,8,4,1,0,5,5,5,3,0
txn_5bfe74c6cf3c,2.25,0.4313,13,0,40.0,40.0,0.0,1.0,1.0,16.0,0.0,1.0,4.2182,0.4666,0.4,1440.0,223.0,0.0642,63.75,368.0,0.0044,0.0005,0.1104,0.0,0.0,0.0,1,credential_based_fraud,credential_stuffing,cred_stuffing_001,scn_e1461744d3d4,stealth_fraud,1,8,4,1,0,4,4,1,3,0
txn_a52d7c66e1b0,5.86,0.5061,13,0,41.0,41.0,30.0,2.0,1.0,17.0,12.0,1.0,4.1702,0.4052,4.89,5.29,223.0,0.0642,63.75,368.0,0.0044,0.0005,0.1104,0.0901,994.0,0.0,1,credential_based_fraud,credential_stuffing,cred_stuffing_001,scn_e1461744d3d4,stealth_fraud,2,8,4,1,0,4,4,2,3,0
txn_044d3b48a98a,7.18,0.4136,13,0,42.0,42.0,31.0,0.0,1.0,18.0,13.0,1.0,4.2105,0.7053,0.36,0.36,223.0,0.0642,63.75,368.0,0.0044,0.0005,0.1104,0.0901,994.0,0.0,1,credential_based_fraud,credential_stuffing,cred_stuffing_001,scn_e1461744d3d4,stealth_fraud,1,8,4,1,0,5,5,3,3,0
txn_913c849ed8bc,4.61,0.467,13,0,43.0,43.0,32.0,1.0,1.0,19.0,14.0,1.0,4.2795,0.0772,1.76,1.76,223.0,0.0642,63.75,368.0,0.0044,0.0005,0.1104,0.0901,994.0,0.0,1,credential_based_fraud,credential_stuffing,cred_stuffing_001,scn_e1461744d3d4,stealth_fraud,4,8,4,1,0,4,4,4,3,0
txn_4ddcf19f7fa6,6.76,0.4397,13,0,44.0,44.0,0.0,2.0,1.0,20.0,0.0,1.0,4.287,0.5768,0.04,1440.0,223.0,0.0642,63.75,368.0,0.0044,0.0005,0.1104,0.0,0.0,0.0,1,credential_based_fraud,credential_stuffing,cred_stuffing_001,scn_e1461744d3d4,stealth_fraud,1,8,4,1,0,5,5,4,3,0
txn_25e8a0071fd0,0.74,0.249,13,0,45.0,45.0,33.0,0.0,1.0,19.0,14.0,1.0,4.342,0.8296,9.21,9.25,223.0,0.0642,63.75,368.0,0.0044,0.0005,0.1104,0.0901,994.0,0.0,1,credential_based_fraud,credential_stuffing,cred_stuffing_001,scn_e1461744d3d4,stealth_fraud,4,8,4,1,0,4,4,0,3,0
txn_ea162f0932d0,2.21,0.6499,13,0,46.0,46.0,34.0,1.0,1.0,20.0,15.0,1.0,4.2637,0.4817,1.82,1.82,223.0,0.0642,63.75,368.0,0.0044,0.0005,0.1104,0.0901,994.0,0.0,1,credential_based_fraud,credential_stuffing,cred_stuffing_001,scn_e1461744d3d4,stealth_fraud,2,8,4,1,0,0,0,1,3,0
txn_4066f1d6f3de,0.66,0.4007,13,0,47.0,47.0,35.0,2.0,1.0,19.0,14.0,1.0,4.22,0.8436,6.84,6.84,223.0,0.0642,63.75,368.0,0.0044,0.0005,0.1104,0.0901,994.0,0.0,1,credential_based_fraud,credential_stuffing,cred_stuffing_001,scn_e1461744d3d4,stealth_fraud,2,8,4,1,0,0,0,0,3,0
txn_492f754a927d,3.99,0.3434,13,0,48.0,48.0,0.0,0.0,1.0,19.0,0.0,1.0,4.1458,0.0376,2.07,1440.0,223.0,0.0642,63.75,368.0,0.0044,0.0005,0.1104,0.0,0.0,0.0,1,credential_based_fraud,credential_stuffing,cred_stuffing_001,scn_e1461744d3d4,stealth_fraud,0,8,4,1,0,5,5,3,3,0
txn_34daa77e700a,6.16,0.31,13,0,49.0,49.0,36.0,1.0,1.0,19.0,14.0,1.0,4.1427,0.487,0.05,2.12,223.0,0.0642,63.75,368.0,0.0044,0.0005,0.1104,0.0901,994.0,0.0,1,credential_based_fraud,credential_stuffing,cred_stuffing_001,scn_e1461744d3d4,stealth_fraud,4,8,4,1,0,5,5,3,3,0
txn_90754989b144,5.47,0.0886,13,0,50.0,50.0,37.0,2.0,1.0,17.0,13.0,1.0,4.183,0.3077,10.05,10.05,223.0,0.0642,63.75,368.0,0.0044,0.0005,0.1104,0.0901,994.0,0.0,1,credential_based_fraud,credential_stuffing,cred_stuffing_001,scn_e1461744d3d4,stealth_fraud,3,8,4,1,1,1,1,5,3,1
txn_70a578c5b006,7.19,0.354,13,0,51.0,51.0,38.0,0.0,1.0,18.0,14.0,2.0,4.2082,0.7086,3.34,3.34,223.0,0.0642,63.75,368.0,0.0044,0.0005,0.1104,0.0901,994.0,0.0,1,credential_based_fraud,credential_stuffing,cred_stuffing_001,scn_e1461744d3d4,stealth_fraud,1,8,4,1,0,4,4,1,3,0
txn_36391151ef95,0.67,0.5293,13,0,52.0,52.0,0.0,1.0,1.0,19.0,0.0,2.0,4.2656,0.8429,1.17,1440.0,223.0,0.0642,63.75,368.0,0.0044,0.0005,0.1104,0.0,0.0,0.0,1,credential_based_fraud,credential_stuffing,cred_stuffing_001,scn_e1461744d3d4,stealth_fraud,1,8,4,1,0,3,3,4,3,0
txn_19368d8b7e82,4.33,0.453,14,0,53.0,53.0,39.0,2.0,1.0,19.0,14.0,2.0,4.1977,0.0315,7.34,8.51,223.0,0.0642,63.75,368.0,0.0044,0.0005,0.1104,0.0901,994.0,0.0,1,credential_based_fraud,credential_stuffing,cred_stuffing_001,scn_e1461744d3d4,stealth_fraud,3,8,4,1,0,4,4,4,3,0
txn_5789e4d15556,5.34,0.4181,14,0,54.0,54.0,40.0,0.0,1.0,15.0,11.0,2.0,4.2002,0.2714,6.76,6.76,223.0,0.0642,63.75,368.0,0.0044,0.0005,0.1104,0.0901,994.0,0.0,1,credential_based_fraud,credential_stuffing,cred_stuffing_001,scn_e1461744d3d4,stealth_fraud,0,8,4,1,0,4,4,1,3,0
txn_b93bff3d3587,6.94,0.2555,14,1,55.0,55.0,41.0,1.0,1.0,16.0,12.0,2.0,4.2209,0.6442,0.53,0.53,223.0,0.0642,63.75,368.0,0.0044,0.0005,0.1104,0.0901,994.0,0.0,1,credential_based_fraud,credential_stuffing,cred_stuffing_001,scn_e1461744d3d4,stealth_fraud,1,8,4,1,0,4,5,4,3,0
txn_59e7cf0d9e4c,1.48,0.2731,14,0,56.0,56.0,0.0,2.0,1.0,17.0,0.0,2.0,4.2695,0.6534,2.28,1440.0,223.0,0.0642,63.75,368.0,0.0044,0.0005,0.1104,0.0,0.0,0.0,1,credential_based_fraud,credential_stuffing,cred_stuffing_001,scn_e1461744d3d4,stealth_fraud,4,8,4,1,0,3,3,0,3,0
txn_d628d17a55f5,5.38,0.4335,14,0,57.0,57.0,42.0,0.0,1.0,17.0,12.0,2.0,4.2205,0.2747,1.34,3.62,223.0,0.0642,63.75,368.0,0.0044,0.0005,0.1104,0.0901,994.0,0.0,1,credential_based_fraud,credential_stuffing,cred_stuffing_001,scn_e1461744d3d4,stealth_fraud,1,8,4,1,0,3,3,6,3,0
txn_77ba9c4315d1,2.49,0.4805,14,1,58.0,58.0,43.0,1.0,1.0,17.0,13.0,2.0,4.2405,0.4128,0.98,0.98,223.0,0.0642,63.75,368.0,0.0044,0.0005,0.1104,0.0901,994.0,0.0,1,credential_based_fraud,credential_stuffing,cred_stuffing_001,scn_e1461744d3d4,stealth_fraud,2,8,4,1,0,2,3,2,3,0
txn_6cb2c2b8b5ab,2.36,0.2387,14,0,59.0,59.0,44.0,2.0,1.0,18.0,14.0,2.0,4.2108,0.4395,2.59,2.59,223.0,0.0642,63.75,368.0,0.0044,0.0005,0.1104,0.0901,994.0,0.0,1,credential_based_fraud,credential_stuffing,cred_stuffing_001,scn_e1461744d3d4,stealth_fraud,2,8,4,1,0,5,5,0,3,0
txn_c2f337d7ddc4,5.68,0.4106,14,0,60.0,60.0,0.0,0.0,1.0,17.0,0.0,2.0,4.18,0.3589,2.18,1440.0,223.0,0.0642,63.75,368.0,0.0044,0.0005,0.1104,0.0,0.0,0.0,1,credential_based_fraud,credential_stuffing,cred_stuffing_001,scn_e1461744d3d4,stealth_fraud,4,8,4,1,0,3,3,5,3,0
txn_6aac440a1b30,3.13,0.2847,14,0,61.0,61.0,45.0,1.0,1.0,15.0,11.0,2.0,4.2046,0.2556,11.32,13.5,223.0,0.0642,63.75,368.0,0.0044,0.0005,0.1104,0.0901,994.0,0.0,1,credential_based_fraud,credential_stuffing,cred_stuffing_001,scn_e1461744d3d4,stealth_fraud,2,8,4,1,0,3,3,6,3,0
txn_4966f90c7d45,7.79,0.3546,14,0,62.0,62.0,46.0,2.0,1.0,15.0,11.0,2.0,4.1873,0.8604,2.12,2.12,223.0,0.0642,63.75,368.0,0.0044,0.0005,0.1104,0.0901,994.0,0.0,1,credential_based_fraud,credential_stuffing,cred_stuffing_001,scn_e1461744d3d4,stealth_fraud,2,8,4,1,0,0,0,5,3,0
txn_4006129896e7,5.14,0.6439,14,0,63.0,63.0,47.0,0.0,1.0,13.0,10.0,2.0,4.2444,0.211,13.2,13.2,223.0,0.0642,63.75,368.0,0.0044,0.0005,0.1104,0.0901,994.0,0.0,1,credential_based_fraud,credential_stuffing,cred_stuffing_001,scn_e1461744d3d4,stealth_fraud,3,8,4,1,0,5,5,1,3,0
txn_982bf9fb391d,3.46,0.08,14,0,64.0,64.0,0.0,1.0,1.0,12.0,0.0,2.0,4.2584,0.1875,9.14,1440.0,223.0,0.0642,63.75,368.0,0.0044,0.0005,0.1104,0.0,0.0,0.0,1,credential_based_fraud,credential_stuffing,cred_stuffing_001,scn_e1461744d3d4,stealth_fraud,4,8,4,1,0,0,0,3,3,0
txn_c9abc43c7b2f,1.74,0.4131,15,0,65.0,65.0,48.0,2.0,1.0,12.0,9.0,2.0,4.2462,0.5902,5.47,14.61,223.0,0.0642,63.75,368.0,0.0044,0.0005,0.1104,0.0901,994.0,0.0,1,credential_based_fraud,credential_stuffing,cred_stuffing_001,scn_e1461744d3d4,stealth_fraud,3,8,4,1,0,1,1,2,3,0
txn_c50953b0074d,3.26,0.2525,15,0,66.0,66.0,49.0,0.0,1.0,12.0,9.0,2.0,4.2082,0.2253,3.07,3.07,223.0,0.0642,63.75,368.0,0.0044,0.0005,0.1104,0.0901,994.0,0.0,1,credential_based_fraud,credential_stuffing,cred_stuffing_001,scn_e1461744d3d4,stealth_fraud,1,8,4,1,0,2,2,4,3,0
txn_bd4b4c9b4156,2.09,0.2661,15,0,67.0,67.0,50.0,1.0,1.0,13.0,10.0,2.0,4.194,0.5017,2.93,2.93,223.0,0.0642,63.75,368.0,0.0044,0.0005,0.1104,0.0901,994.0,0.0,1,credential_based_fraud,credential_stuffing,cred_stuffing_001,scn_e1461744d3d4,stealth_fraud,3,8,4,1,0,2,2,0,3,0
txn_89ec7371a8d2,4.23,0.4662,15,0,68.0,68.0,0.0,2.0,1.0,14.0,0.0,2.0,4.1631,0.0161,0.2,1440.0,223.0,0.0642,63.75,368.0,0.0044,0.0005,0.1104,0.0,0.0,0.0,1,credential_based_fraud,credential_stuffing,cred_stuffing_001,scn_e1461744d3d4,stealth_fraud,2,8,4,1,0,5,5,6,3,0
txn_0e9a5b617fba,5.21,0.3918,15,0,69.0,69.0,51.0,0.0,1.0,12.0,9.0,2.0,4.1641,0.2512,6.19,6.39,223.0,0.0642,63.75,368.0,0.0044,0.0005,0.1104,0.0901,994.0,0.0,1,credential_based_fraud,credential_stuffing,cred_stuffing_001,scn_e1461744d3d4,stealth_fraud,0,8,4,1,0,3,3,0,3,0
txn_112b3ec3f821,7.39,0.4871,15,0,70.0,70.0,52.0,1.0,1.0,9.0,7.0,2.0,4.179,0.7684,6.71,6.71,223.0,0.0642,63.75,368.0,0.0044,0.0005,0.1104,0.0901,994.0,0.0,1,credential_based_fraud,credential_stuffing,cred_stuffing_001,scn_e1461744d3d4,stealth_fraud,2,8,4,1,0,3,3,3,3,0
txn_e543557c13e9,5.85,0.5179,15,0,71.0,71.0,53.0,2.0,1.0,10.0,8.0,2.0,4.2242,0.3849,1.57,1.57,223.0,0.0642,63.75,368.0,0.0044,0.0005,0.1104,0.0901,994.0,0.0,1,credential_based_fraud,credential_stuffing,cred_stuffing_001,scn_e1461744d3d4,stealth_fraud,3,8,4,1,0,2,2,4,3,0
txn_9501efe6da3d,7.66,0.4538,15,1,72.0,72.0,0.0,0.0,1.0,11.0,0.0,2.0,4.2468,0.8037,0.29,1440.0,223.0,0.0642,63.75,368.0,0.0044,0.0005,0.1104,0.0,0.0,0.0,1,credential_based_fraud,credential_stuffing,cred_stuffing_001,scn_e1461744d3d4,stealth_fraud,2,8,4,1,0,1,4,4,3,0
txn_fb815502ecbd,3.14,0.3918,15,0,73.0,73.0,54.0,1.0,1.0,12.0,9.0,2.0,4.2936,0.2687,5.26,5.55,223.0,0.0642,63.75,368.0,0.0044,0.0005,0.1104,0.0901,994.0,0.0,1,credential_based_fraud,credential_stuffing,cred_stuffing_001,scn_e1461744d3d4,stealth_fraud,1,8,4,1,0,1,1,4,3,0
txn_34d286961deb,4.26,0.4123,15,0,74.0,74.0,55.0,2.0,1.0,13.0,10.0,2.0,4.278,0.0042,2.64,2.64,223.0,0.0642,63.75,368.0,0.0044,0.0005,0.1104,0.0901,994.0,0.0,1,credential_based_fraud,credential_stuffing,cred_stuffing_001,scn_e1461744d3d4,stealth_fraud,0,8,4,1,0,3,3,6,3,0
txn_70ef592f4d67,1.44,0.4807,15,0,75.0,75.0,56.0,0.0,1.0,12.0,9.0,2.0,4.2777,0.6634,5.11,5.11,223.0,0.0642,63.75,368.0,0.0044,0.0005,0.1104,0.0901,994.0,0.0,1,credential_based_fraud,credential_stuffing,cred_stuffing_001,scn_e1461744d3d4,stealth_fraud,0,8,4,1,0,2,2,6,3,0
txn_25711631ed3f,6.18,0.1437,15,0,76.0,76.0,0.0,1.0,1.0,13.0,0.0,2.0,4.2404,0.4574,8.32,1440.0,223.0,0.0642,63.75,368.0,0.0044,0.0005,0.1104,0.0,0.0,0.0,1,credential_based_fraud,credential_stuffing,cred_stuffing_001,scn_e1461744d3d4,stealth_fraud,4,8,4,1,0,0,0,4,3,0
txn_68dc2e9acd1e,6.7,0.3841,15,0,77.0,77.0,57.0,2.0,1.0,14.0,10.0,2.0,4.2656,0.5707,0.93,9.25,223.0,0.0642,63.75,368.0,0.0044,0.0005,0.1104,0.0901,994.0,0.0,1,credential_based_fraud,credential_stuffing,cred_stuffing_001,scn_e1461744d3d4,stealth_fraud,0,8,4,1,0,1,1,0,3,0
txn_832e91f9d39b,7.78,0.5072,15,0,78.0,78.0,58.0,0.0,1.0,15.0,11.0,2.0,4.2968,0.8107,0.17,0.17,223.0,0.0642,63.75,368.0,0.0044,0.0005,0.1104,0.0901,994.0,0.0,1,credential_based_fraud,credential_stuffing,cred_stuffing_001,scn_e1461744d3d4,stealth_fraud,0,8,4,1,0,5,5,5,3,0
txn_cb2b850f7a45,2.77,0.612,15,0,79.0,79.0,59.0,1.0,1.0,16.0,12.0,2.0,4.3409,0.3619,1.15,1.15,223.0,0.0642,63.75,368.0,0.0044,0.0005,0.1104,0.0901,994.0,0.0,1,credential_based_fraud,credential_stuffing,cred_stuffing_001,scn_e1461744d3d4,stealth_fraud,3,8,4,1,0,2,2,2,3,0
txn_9ee682af52bf,1.51,0.2497,15,0,80.0,80.0,0.0,2.0,1.0,16.0,0.0,2.0,4.3212,0.6506,5.67,1440.0,223.0,0.0642,63.75,368.0,0.0044,0.0005,0.1104,0.0,0.0,0.0,1,credential_based_fraud,credential_stuffing,cred_stuffing_001,scn_e1461744d3d4,stealth_fraud,0,8,4,1,0,4,4,4,3,0
txn_211b2ee7e234,5.73,0.2276,15,0,81.0,81.0,60.0,0.0,0.0,17.0,12.0,2.0,4.2865,0.3367,0.27,5.94,223.0,0.0642,63.75,368.0,0.0044,0.0005,0.1104,0.0901,994.0,0.0,1,credential_based_fraud,credential_stuffing,cred_stuffing_001,scn_e1461744d3d4,stealth_fraud,0,8,4,1,0,5,5,1,3,0
txn_892273888554,6.74,0.357,15,0,82.0,82.0,61.0,1.0,0.0,18.0,13.0,2.0,4.3041,0.5659,0.71,0.71,223.0,0.0642,63.75,368.0,0.0044,0.0005,0.1104,0.0901,994.0,0.0,1,credential_based_fraud,credential_stuffing,cred_stuffing_001,scn_e1461744d3d4,stealth_fraud,1,8,4,1,0,2,2,3,3,0
txn_8eab73369af3,1.49,0.3843,15,0,83.0,83.0,62.0,2.0,0.0,19.0,14.0,2.0,4.3335,0.6562,1.29,1.29,223.0,0.0642,63.75,368.0,0.0044,0.0005,0.1104,0.0901,994.0,0.0,1,credential_based_fraud,credential_stuffing,cred_stuffing_001,scn_e1461744d3d4,stealth_fraud,3,8,4,1,0,0,0,4,3,0
txn_81df9a6c075e,7.37,0.468,15,1,84.0,84.0,0.0,0.0,0.0,20.0,0.0,2.0,4.2996,0.7141,0.66,1440.0,223.0,0.0642,63.75,368.0,0.0044,0.0005,0.1104,0.0,0.0,0.0,1,credential_based_fraud,credential_stuffing,cred_stuffing_001,scn_e1461744d3d4,stealth_fraud,2,8,4,1,0,5,0,5,3,0
txn_6f51067ac8e1,7.52,0.2691,15,0,85.0,85.0,63.0,1.0,0.0,20.0,15.0,2.0,4.3358,0.7344,3.35,4.01,223.0,0.0642,63.75,368.0,0.0044,0.0005,0.1104,0.0901,994.0,0.0,1,credential_based_fraud,credential_stuffing,cred_stuffing_001,scn_e1461744d3d4,stealth_fraud,3,8,4,1,0,5,5,0,3,0
txn_66929f0799c5,6.82,0.6137,15,0,86.0,86.0,64.0,2.0,0.0,21.0,16.0,2.0,4.3728,0.5596,0.9,0.9,223.0,0.0642,63.75,368.0,0.0044,0.0005,0.1104,0.0901,994.0,0.0,1,credential_based_fraud,credential_stuffing,cred_stuffing_001,scn_e1461744d3d4,stealth_fraud,4,8,4,1,0,5,5,2,3,0
txn_d8dbf39d6d3a,4.75,0.3336,16,0,87.0,87.0,65.0,0.0,0.0,22.0,17.0,2.0,4.4009,0.0793,2.21,2.21,223.0,0.0642,63.75,368.0,0.0044,0.0005,0.1104,0.0901,994.0,0.0,1,credential_based_fraud,credential_stuffing,cred_stuffing_001,scn_e1461744d3d4,stealth_fraud,2,8,4,1,0,0,0,2,3,0
txn_8de1bde6acee,4.64,0.1396,16,0,88.0,88.0,0.0,1.0,0.0,22.0,0.0,2.0,4.4049,0.0534,1.16,1440.0,223.0,0.0642,63.75,368.0,0.0044,0.0005,0.1104,0.0,0.0,0.0,1,credential_based_fraud,credential_stuffing,cred_stuffing_001,scn_e1461744d3d4,stealth_fraud,2,8,4,1,0,1,1,6,3,0
txn_4be24b05121f,2.14,0.4477,16,0,89.0,89.0,66.0,2.0,0.0,23.0,17.0,2.0,4.4075,0.5145,1.44,2.6,223.0,0.0642,63.75,368.0,0.0044,0.0005,0.1104,0.0901,994.0,0.0,1,credential_based_fraud,credential_stuffing,cred_stuffing_001,scn_e1461744d3d4,stealth_fraud,3,8,4,1,0,2,2,6,3,0
txn_adb18b49fc2e,5.21,0.4603,16,0,90.0,90.0,67.0,0.0,0.0,24.0,18.0,2.0,4.3823,0.1889,0.24,0.24,223.0,0.0642,63.75,368.0,0.0044,0.0005,0.1104,0.0901,994.0,0.0,1,credential_based_fraud,credential_stuffing,cred_stuffing_001,scn_e1461744d3d4,stealth_fraud,1,8,4,1,0,1,1,2,3,0
txn_853080679579,0.77,0.3508,16,0,91.0,91.0,68.0,1.0,0.0,23.0,17.0,2.0,4.3914,0.8247,3.73,3.73,223.0,0.0642,63.75,368.0,0.0044,0.0005,0.1104,0.0901,994.0,0.0,1,credential_based_fraud,credential_stuffing,cred_stuffing_001,scn_e1461744d3d4,stealth_fraud,0,8,4,1,0,3,3,0,3,0
txn_f23f3aebf4bc,6.36,0.3833,16,0,92.0,92.0,0.0,2.0,0.0,23.0,0.0,2.0,4.3521,0.4614,1.75,1440.0,223.0,0.0642,63.75,368.0,0.0044,0.0005,0.1104,0.0,0.0,0.0,1,credential_based_fraud,credential_stuffing,cred_stuffing_001,scn_e1461744d3d4,stealth_fraud,4,8,4,1,0,1,1,0,3,0
txn_08d9b8efe43e,6.37,0.3235,16,0,93.0,93.0,69.0,0.0,0.0,24.0,18.0,2.0,4.3737,0.4564,0.65,2.4,223.0,0.0642,63.75,368.0,0.0044,0.0005,0.1104,0.0901,994.0,0.0,1,credential_based_fraud,credential_stuffing,cred_stuffing_001,scn_e1461744d3d4,stealth_fraud,4,8,4,1,0,5,5,3,3,0
txn_40df80e6ff92,3.22,0.3512,16,0,94.0,94.0,70.0,1.0,0.0,25.0,19.0,2.0,4.3949,0.2673,0.05,0.05,223.0,0.0642,63.75,368.0,0.0044,0.0005,0.1104,0.0901,994.0,0.0,1,credential_based_fraud,credential_stuffing,cred_stuffing_001,scn_e1461744d3d4,stealth_fraud,1,8,4,1,0,4,4,6,3,0
txn_78873f5037bd,5.43,0.3643,16,0,95.0,95.0,71.0,2.0,0.0,22.0,17.0,2.0,4.3825,0.239,14.7,14.7,223.0,0.0642,63.75,368.0,0.0044,0.0005,0.1104,0.0901,994.0,0.0,1,credential_based_fraud,credential_stuffing,cred_stuffing_001,scn_e1461744d3d4,stealth_fraud,2,8,4,1,0,3,3,6,3,0
txn_ea50c38b7c0c,2.43,0.1684,16,0,96.0,96.0,0.0,0.0,0.0,23.0,0.0,2.0,4.3934,0.4469,1.49,1440.0,223.0,0.0642,63.75,368.0,0.0044,0.0005,0.1104,0.0,0.0,0.0,1,credential_based_fraud,credential_stuffing,cred_stuffing_001,scn_e1461744d3d4,stealth_fraud,2,8,4,1,0,2,2,6,3,0
txn_dc3eb6abc83e,2.62,0.08,16,0,97.0,97.0,72.0,1.0,0.0,22.0,16.0,2.0,4.3732,0.4009,4.6,6.09,223.0,0.0642,63.75,368.0,0.0044,0.0005,0.1104,0.0901,994.0,0.0,1,credential_based_fraud,credential_stuffing,cred_stuffing_001,scn_e1461744d3d4,stealth_fraud,3,8,4,1,0,2,2,3,3,0
txn_43c011f6d883,6.42,0.338,16,0,98.0,98.0,73.0,2.0,0.0,23.0,17.0,2.0,4.3553,0.4741,1.31,1.31,223.0,0.0642,63.75,368.0,0.0044,0.0005,0.1104,0.0901,994.0,0.0,1,credential_based_fraud,credential_stuffing,cred_stuffing_001,scn_e1461744d3d4,stealth_fraud,1,8,4,1,0,5,5,3,3,0
txn_6f73567557ec,7.73,0.4387,16,0,99.0,99.0,74.0,0.0,0.0,24.0,18.0,2.0,4.3762,0.7664,1.42,1.42,223.0,0.0642,63.75,368.0,0.0044,0.0005,0.1104,0.0901,994.0,0.0,1,credential_based_fraud,credential_stuffing,cred_stuffing_001,scn_e1461744d3d4,stealth_fraud,0,8,4,1,0,5,5,3,3,0
txn_f3b2874f1403,1.52,0.4536,16,0,100.0,100.0,0.0,1.0,0.0,24.0,0.0,2.0,4.4097,0.6553,2.78,1440.0,223.0,0.0642,63.75,368.0,0.0044,0.0005,0.1104,0.0,0.0,0.0,1,credential_based_fraud,credential_stuffing,cred_stuffing_001,scn_e1461744d3d4,stealth_fraud,0,8,4,1,0,0,0,1,3,0
txn_f217d998442d,1.7,0.3281,16,0,101.0,101.0,75.0,2.0,0.0,25.0,18.0,2.0,4.3811,0.612,3.34,6.12,223.0,0.0642,63.75,368.0,0.0044,0.0005,0.1104,0.0901,994.0,0.0,1,credential_based_fraud,credential_stuffing,cred_stuffing_001,scn_e1461744d3d4,stealth_fraud,2,8,4,1,0,4,4,2,3,0
txn_9ea0f98bd23d,5.55,0.4672,16,1,102.0,102.0,76.0,0.0,0.0,26.0,19.0,2.0,4.3548,0.2745,3.68,3.68,223.0,0.0642,63.75,368.0,0.0044,0.0005,0.1104,0.0901,994.0,0.0,1,credential_based_fraud,credential_stuffing,cred_stuffing_001,scn_e1461744d3d4,stealth_fraud,0,8,4,1,0,5,0,1,3,0
txn_ca125b3fefb1,1.92,0.4799,16,0,103.0,103.0,77.0,1.0,0.0,26.0,20.0,2.0,4.3664,0.5603,0.84,0.84,223.0,0.0642,63.75,368.0,0.0044,0.0005,0.1104,0.0901,994.0,0.0,1,credential_based_fraud,credential_stuffing,cred_stuffing_001,scn_e1461744d3d4,stealth_fraud,3,8,4,1,0,3,3,1,3,0
txn_19777a1aac45,4.56,0.4025,16,0,104.0,104.0,0.0,2.0,0.0,27.0,0.0,2.0,4.3429,0.05,0.44,1440.0,223.0,0.0642,63.75,368.0,0.0044,0.0005,0.1104,0.0,0.0,0.0,1,credential_based_fraud,credential_stuffing,cred_stuffing_001,scn_e1461744d3d4,stealth_fraud,1,8,4,1,0,3,3,2,3,0
txn_5e21743868f4,7.33,0.4937,16,0,105.0,105.0,78.0,0.0,0.0,26.0,19.0,2.0,4.345,0.687,0.28,0.72,223.0,0.0642,63.75,368.0,0.0044,0.0005,0.1104,0.0901,994.0,0.0,1,credential_based_fraud,credential_stuffing,cred_stuffing_001,scn_e1461744d3d4,stealth_fraud,3,8,4,1,0,3,3,5,3,0
txn_1b97d22ecc4d,1.53,0.27,16,0,106.0,106.0,79.0,1.0,0.0,26.0,19.0,2.0,4.3731,0.6501,1.18,1.18,223.0,0.0642,63.75,368.0,0.0044,0.0005,0.1104,0.0901,994.0,0.0,1,credential_based_fraud,credential_stuffing,cred_stuffing_001,scn_e1461744d3d4,stealth_fraud,0,8,4,1,0,3,3,5,3,0
txn_b775d04291a9,7.7,0.3874,16,0,107.0,107.0,80.0,2.0,0.0,27.0,20.0,2.0,4.3465,0.7715,0.02,0.02,223.0,0.0642,63.75,368.0,0.0044,0.0005,0.1104,0.0901,994.0,0.0,1,credential_based_fraud,credential_stuffing,cred_stuffing_001,scn_e1461744d3d4,stealth_fraud,4,8,4,1,0,3,3,6,3,0
txn_4330731ae593,2.25,0.5776,16,0,108.0,108.0,0.0,0.0,0.0,28.0,0.0,2.0,4.3776,0.486,4.32,1440.0,223.0,0.0642,63.75,368.0,0.0044,0.0005,0.1104,0.0,0.0,0.0,1,credential_based_fraud,credential_stuffing,cred_stuffing_001,scn_e1461744d3d4,stealth_fraud,1,8,4,1,1,0,0,4,3,1
txn_18ce5af3c2e2,5.42,0.1364,16,0,109.0,109.0,81.0,1.0,0.0,24.0,18.0,3.0,4.3581,0.2437,5.26,9.58,223.0,0.0642,63.75,368.0,0.0044,0.0005,0.1104,0.0901,994.0,0.0,1,credential_based_fraud,credential_stuffing,cred_stuffing_001,scn_e1461744d3d4,stealth_fraud,4,8,4,1,0,1,1,5,3,0
txn_9c7335325d4e,3.81,0.3563,16,0,110.0,110.0,82.0,2.0,0.0,24.0,18.0,3.0,4.3677,0.1277,2.85,2.85,223.0,0.0642,63.75,368.0,0.0044,0.0005,0.1104,0.0901,994.0,0.0,1,credential_based_fraud,credential_stuffing,cred_stuffing_001,scn_e1461744d3d4,stealth_fraud,3,8,4,1,0,3,3,3,3,0
txn_eb22f849094f,4.13,0.6259,16,0,111.0,111.0,83.0,0.0,0.0,24.0,18.0,3.0,4.3627,0.0533,0.89,0.89,223.0,0.0642,63.75,368.0,0.0044,0.0005,0.1104,0.0901,994.0,0.0,1,credential_based_fraud,credential_stuffing,cred_stuffing_001,scn_e1461744d3d4,stealth_fraud,4,8,4,1,0,0,0,2,3,0
txn_1a07a9c4fb6b,6.07,0.08,17,0,112.0,112.0,0.0,1.0,0.0,23.0,0.0,3.0,4.3606,0.392,3.74,1440.0,223.0,0.0642,63.75,368.0,0.0044,0.0005,0.1104,0.0,0.0,0.0,1,credential_based_fraud,credential_stuffing,cred_stuffing_001,scn_e1461744d3d4,stealth_fraud,0,8,4,1,0,1,1,0,3,0
txn_cd32e899b23a,1.83,0.5562,17,0,113.0,113.0,84.0,2.0,0.0,23.0,17.0,3.0,4.3758,0.5818,0.57,4.31,223.0,0.0642,63.75,368.0,0.0044,0.0005,0.1104,0.0901,994.0,0.0,1,credential_based_fraud,credential_stuffing,cred_stuffing_001,scn_e1461744d3d4,stealth_fraud,1,8,4,1,0,4,4,0,3,0
txn_14bb617cc7ee,5.49,0.2014,17,0,114.0,114.0,85.0,0.0,0.0,22.0,16.0,3.0,4.3534,0.2611,5.49,5.49,223.0,0.0642,63.75,368.0,0.0044,0.0005,0.1104,0.0901,994.0,0.0,1,credential_based_fraud,credential_stuffing,cred_stuffing_001,scn_e1461744d3d4,stealth_fraud,3,8,4,1,0,2,2,3,3,0
txn_081a5f157b6d,0.84,0.2782,17,0,115.0,115.0,86.0,1.0,0.0,20.0,15.0,3.0,4.3633,0.8075,0.93,0.93,223.0,0.0642,63.75,368.0,0.0044,0.0005,0.1104,0.0901,994.0,0.0,1,credential_based_fraud,credential_stuffing,cred_stuffing_001,scn_e1461744d3d4,stealth_fraud,3,8,4,1,1,5,5,2,3,1
txn_fb7a1c0d0128,4.46,0.341,17,0,116.0,116.0,0.0,2.0,0.0,21.0,0.0,4.0,4.3329,0.0293,0.81,1440.0,223.0,0.0642,63.75,368.0,0.0044,0.0005,0.1104,0.0,0.0,0.0,1,credential_based_fraud,credential_stuffing,cred_stuffing_001,scn_e1461744d3d4,stealth_fraud,4,8,4,1,0,3,3,2,3,0
txn_ab6b1e535467,3.35,0.3693,17,0,117.0,117.0,87.0,0.0,0.0,22.0,16.0,4.0,4.334,0.227,0.4,1.21,223.0,0.0642,63.75,368.0,0.0044,0.0005,0.1104,0.0901,994.0,0.0,1,credential_based_fraud,credential_stuffing,cred_stuffing_001,scn_e1461744d3d4,stealth_fraud,2,8,4,1,0,3,3,1,3,0
txn_318eb40565aa,5.69,0.167,17,0,118.0,118.0,88.0,1.0,0.0,23.0,17.0,4.0,4.3257,0.3154,3.71,3.71,223.0,0.0642,63.75,368.0,0.0044,0.0005,0.1104,0.0901,994.0,0.0,1,credential_based_fraud,credential_stuffing,cred_stuffing_001,scn_e1461744d3d4,stealth_fraud,0,8,4,1,0,2,2,0,3,0
txn_f69a8693e7af,4.3,0.4313,17,0,119.0,119.0,89.0,2.0,0.0,24.0,18.0,4.0,4.3371,0.0086,2.49,2.49,223.0,0.0642,63.75,368.0,0.0044,0.0005,0.1104,0.0901,994.0,0.0,1,credential_based_fraud,credential_stuffing,cred_stuffing_001,scn_e1461744d3d4,stealth_fraud,3,8,4,1,0,1,1,0,3,0
txn_1749138f7f68,6.92,0.4125,17,0,120.0,120.0,0.0,0.0,0.0,25.0,0.0,4.0,4.3368,0.5956,2.38,1440.0,223.0,0.0642,63.75,368.0,0.0044,0.0005,0.1104,0.0,0.0,0.0,1,credential_based_fraud,credential_stuffing,cred_stuffing_001,scn_e1461744d3d4,stealth_fraud,3,8,4,1,0,1,1,3,3,0
txn_78271bb71810,1.92,0.1506,17,0,121.0,121.0,90.0,1.0,0.0,24.0,18.0,4.0,4.3582,0.5594,6.37,8.75,223.0,0.0642,63.75,368.0,0.0044,0.0005,0.1104,0.0901,994.0,0.0,1,credential_based_fraud,credential_stuffing,cred_stuffing_001,scn_e1461744d3d4,stealth_fraud,0,8,4,1,0,5,5,6,3,0
txn_9e14e322c7cf,0.96,0.3533,17,0,122.0,122.0,91.0,2.0,0.0,25.0,19.0,4.0,4.3382,0.7787,1.39,1.39,223.0,0.0642,63.75,368.0,0.0044,0.0005,0.1104,0.0901,994.0,0.0,1,credential_based_fraud,credential_stuffing,cred_stuffing_001,scn_e1461744d3d4,stealth_fraud,1,8,4,1,0,0,0,6,3,0
txn_60b1c88c587b,2.66,0.3256,17,0,123.0,123.0,92.0,0.0,0.0,26.0,20.0,4.0,4.3107,0.3829,0.72,0.72,223.0,0.0642,63.75,368.0,0.0044,0.0005,0.1104,0.0901,994.0,0.0,1,credential_based_fraud,credential_stuffing,cred_stuffing_001,scn_e1461744d3d4,stealth_fraud,1,8,4,1,0,2,2,6,3,0
txn_8bbaf34fbad9,4.83,0.3731,17,0,124.0,124.0,0.0,1.0,0.0,27.0,0.0,4.0,4.2974,0.1239,0.1,1440.0,223.0,0.0642,63.75,368.0,0.0044,0.0005,0.1104,0.0,0.0,0.0,1,credential_based_fraud,credential_stuffing,cred_stuffing_001,scn_e1461744d3d4,stealth_fraud,4,8,4,1,0,3,3,4,3,0
txn_06bf719a241d,2.24,0.3393,17,0,125.0,125.0,93.0,2.0,0.0,28.0,21.0,4.0,4.3017,0.4793,0.29,0.39,223.0,0.0642,63.75,368.0,0.0044,0.0005,0.1104,0.0901,994.0,0.0,1,credential_based_fraud,credential_stuffing,cred_stuffing_001,scn_e1461744d3d4,stealth_fraud,1,8,4,1,0,3,3,2,3,0
txn_c44c419b9ab6,1.18,0.08,17,0,126.0,126.0,94.0,0.0,0.0,28.0,21.0,4.0,4.2853,0.7246,2.97,2.97,223.0,0.0642,63.75,368.0,0.0044,0.0005,0.1104,0.0901,994.0,0.0,1,credential_based_fraud,credential_stuffing,cred_stuffing_001,scn_e1461744d3d4,stealth_fraud,3,8,4,1,0,1,1,6,3,0
txn_e704fc285d2b,3.75,0.3994,17,0,127.0,127.0,95.0,1.0,0.0,26.0,20.0,4.0,4.2609,0.1199,6.76,6.76,223.0,0.0642,63.75,368.0,0.0044,0.0005,0.1104,0.0901,994.0,0.0,1,credential_based_fraud,credential_stuffing,cred_stuffing_001,scn_e1461744d3d4,stealth_fraud,4,8,4,1,0,4,4,2,3,0
txn_77679bf84a45,2.9,0.4572,17,0,128.0,128.0,0.0,2.0,0.0,26.0,0.0,4.0,4.2569,0.3187,1.23,1440.0,223.0,0.0642,63.75,368.0,0.0044,0.0005,0.1104,0.0,0.0,0.0,1,credential_based_fraud,credential_stuffing,cred_stuffing_001,scn_e1461744d3d4,stealth_fraud,0,8,4,1,0,5,5,6,3,0
txn_58f37145c169,1.53,0.08,17,0,129.0,129.0,96.0,0.0,0.0,27.0,20.0,4.0,4.2464,0.6397,0.13,1.36,223.0,0.0642,63.75,368.0,0.0044,0.0005,0.1104,0.0901,994.0,0.0,1,credential_based_fraud,credential_stuffing,cred_stuffing_001,scn_e1461744d3d4,stealth_fraud,1,8,4,1,0,1,1,3,3,0
txn_f24b637626df,7.21,0.3608,17,0,130.0,130.0,97.0,1.0,0.0,28.0,21.0,4.0,4.2255,0.7063,0.9,0.9,223.0,0.0642,63.75,368.0,0.0044,0.0005,0.1104,0.0901,994.0,0.0,1,credential_based_fraud,credential_stuffing,cred_stuffing_001,scn_e1461744d3d4,stealth_fraud,2,8,4,1,0,2,2,3,3,0
txn_09cf2fdb17b2,5.68,0.3816,17,0,131.0,131.0,98.0,2.0,0.0,25.0,19.0,4.0,4.2482,0.337,5.01,5.01,223.0,0.0642,63.75,368.0,0.0044,0.0005,0.1104,0.0901,994.0,0.0,1,credential_based_fraud,credential_stuffing,cred_stuffing_001,scn_e1461744d3d4,stealth_fraud,1,8,4,1,1,2,2,5,3,1
txn_147d797d1faf,1.15,0.3093,17,0,132.0,132.0,0.0,0.0,0.0,24.0,0.0,5.0,4.2591,0.73,0.67,1440.0,223.0,0.0642,63.75,368.0,0.0044,0.0005,0.1104,0.0,0.0,0.0,1,credential_based_fraud,credential_stuffing,cred_stuffing_001,scn_e1461744d3d4,stealth_fraud,2,8,4,1,0,2,2,5,3,0
txn_769ffd7d5d94,2.55,0.2764,17,0,133.0,133.0,99.0,1.0,0.0,24.0,18.0,5.0,4.2357,0.398,3.99,4.66,223.0,0.0642,63.75,368.0,0.0044,0.0005,0.1104,0.0901,994.0,0.0,1,credential_based_fraud,credential_stuffing,cred_stuffing_001,scn_e1461744d3d4,stealth_fraud,0,8,4,1,0,2,2,0,3,0
txn_ac5798d2d5c6,0.68,0.2618,17,1,134.0,134.0,100.0,2.0,0.0,25.0,19.0,5.0,4.2231,0.839,0.26,0.26,223.0,0.0642,63.75,368.0,0.0044,0.0005,0.1104,0.0901,994.0,0.0,1,credential_based_fraud,credential_stuffing,cred_stuffing_001,scn_e1461744d3d4,stealth_fraud,4,8,4,1,1,5,0,4,3,1
txn_999b1ec71b9c,7.75,0.4726,17,0,135.0,135.0,101.0,0.0,0.0,25.0,19.0,6.0,4.1969,0.8466,5.32,5.32,223.0,0.0642,63.75,368.0,0.0044,0.0005,0.1104,0.0901,994.0,0.0,1,credential_based_fraud,credential_stuffing,cred_stuffing_001,scn_e1461744d3d4,stealth_fraud,3,8,4,1,1,0,0,0,3,1
txn_ddd34487ae3c,4.16,0.4391,17,0,136.0,136.0,0.0,1.0,0.0,26.0,0.0,7.0,4.223,0.0149,0.21,1440.0,223.0,0.0642,63.75,368.0,0.0044,0.0005,0.1104,0.0,0.0,0.0,1,credential_based_fraud,credential_stuffing,cred_stuffing_001,scn_e1461744d3d4,stealth_fraud,2,8,4,1,0,2,2,5,3,0
txn_608357d54415,3.32,0.3683,17,0,137.0,137.0,102.0,2.0,0.0,26.0,19.0,7.0,4.2226,0.2137,2.52,2.73,223.0,0.0642,63.75,368.0,0.0044,0.0005,0.1104,0.0901,994.0,0.0,1,credential_based_fraud,credential_stuffing,cred_stuffing_001,scn_e1461744d3d4,stealth_fraud,0,8,4,1,0,5,5,4,3,0
txn_700edea2d1b6,7.21,0.17,17,0,138.0,138.0,103.0,0.0,0.0,27.0,20.0,7.0,4.216,0.7101,0.02,0.02,223.0,0.0642,63.75,368.0,0.0044,0.0005,0.1104,0.0901,994.0,0.0,1,credential_based_fraud,credential_stuffing,cred_stuffing_001,scn_e1461744d3d4,stealth_fraud,1,8,4,1,0,2,2,1,3,0
txn_3f75ccbb47a3,4.07,0.3871,18,0,139.0,139.0,104.0,1.0,0.0,25.0,19.0,7.0,4.2376,0.0395,9.14,9.14,223.0,0.0642,63.75,368.0,0.0044,0.0005,0.1104,0.0901,994.0,0.0,1,credential_based_fraud,credential_stuffing,cred_stuffing_001,scn_e1461744d3d4,stealth_fraud,3,8,4,1,0,0,0,4,3,0
txn_582c5536a7a9,2.0,0.6775,18,1,140.0,140.0,0.0,2.0,0.0,22.0,0.0,7.0,4.2364,0.5279,3.73,1440.0,223.0,0.0642,63.75,368.0,0.0044,0.0005,0.1104,0.0,0.0,0.0,1,credential_based_fraud,credential_stuffing,cred_stuffing_001,scn_e1461744d3d4,stealth_fraud,0,8,4,1,0,2,1,0,3,0
txn_d3412c563726,2.33,0.3205,18,1,141.0,141.0,105.0,0.0,0.0,15.0,11.0,7.0,4.2205,0.4479,17.82,21.55,223.0,0.0642,63.75,368.0,0.0044,0.0005,0.1104,0.0901,994.0,0.0,1,credential_based_fraud,credential_stuffing,cred_stuffing_001,scn_e1461744d3d4,stealth_fraud,0,8,4,1,0,5,4,4,3,0
txn_f4c542c2cb20,4.6,0.2685,18,0,142.0,142.0,106.0,1.0,0.0,16.0,12.0,7.0,4.2072,0.0934,0.91,0.91,223.0,0.0642,63.75,368.0,0.0044,0.0005,0.1104,0.0901,994.0,0.0,1,credential_based_fraud,credential_stuffing,cred_stuffing_001,scn_e1461744d3d4,stealth_fraud,2,8,4,1,0,3,3,5,3,0
txn_276883fbd628,4.53,0.4415,18,0,143.0,143.0,107.0,2.0,0.0,13.0,10.0,7.0,4.2099,0.076,10.03,10.03,223.0,0.0642,63.75,368.0,0.0044,0.0005,0.1104,0.0901,994.0,0.0,1,credential_based_fraud,credential_stuffing,cred_stuffing_001,scn_e1461744d3d4,stealth_fraud,0,8,4,1,0,4,4,1,3,0
txn_37ae0d50910b,7.62,0.551,18,0,144.0,144.0,0.0,0.0,0.0,12.0,0.0,7.0,4.2122,0.8091,5.65,1440.0,223.0,0.0642,63.75,368.0,0.0044,0.0005,0.1104,0.0,0.0,0.0,1,credential_based_fraud,credential_stuffing,cred_stuffing_001,scn_e1461744d3d4,stealth_fraud,4,8,4,1,0,2,2,4,3,0
txn_f6d9b831aff0,5.43,0.3009,18,0,145.0,145.0,108.0,1.0,0.0,12.0,9.0,7.0,4.2357,0.282,4.09,9.74,223.0,0.0642,63.75,368.0,0.0044,0.0005,0.1104,0.0901,994.0,0.0,1,credential_based_fraud,credential_stuffing,cred_stuffing_001,scn_e1461744d3d4,stealth_fraud,2,8,4,1,0,4,4,6,3,0
txn_570f56c8d280,7.59,0.4153,18,0,146.0,146.0,109.0,2.0,0.0,11.0,8.0,7.0,4.2438,0.7885,5.21,5.21,223.0,0.0642,63.75,368.0,0.0044,0.0005,0.1104,0.0901,994.0,0.0,1,credential_based_fraud,credential_stuffing,cred_stuffing_001,scn_e1461744d3d4,stealth_fraud,2,8,4,1,0,3,3,0,3,0
txn_95de4547a228,6.4,0.7215,19,0,147.0,147.0,110.0,0.0,0.0,8.0,6.0,7.0,4.2666,0.5,10.94,10.94,223.0,0.0642,63.75,368.0,0.0044,0.0005,0.1104,0.0901,994.0,0.0,1,credential_based_fraud,credential_stuffing,cred_stuffing_001,scn_e1461744d3d4,stealth_fraud,3,8,4,1,0,5,5,3,3,0
txn_4ded96038330,7.11,0.7666,19,1,148.0,148.0,0.0,1.0,0.0,8.0,0.0,7.0,4.281,0.6608,4.07,1440.0,223.0,0.0642,63.75,368.0,0.0044,0.0005,0.1104,0.0,0.0,0.0,1,credential_based_fraud,credential_stuffing,cred_stuffing_001,scn_e1461744d3d4,stealth_fraud,3,8,4,1,0,4,0,1,3,0
txn_7d1e133c24ec,4.37,0.2997,19,0,149.0,149.0,111.0,2.0,0.0,8.0,6.0,7.0,4.3,0.0163,10.46,14.53,223.0,0.0642,63.75,368.0,0.0044,0.0005,0.1104,0.0901,994.0,0.0,1,credential_based_fraud,credential_stuffing,cred_stuffing_001,scn_e1461744d3d4,stealth_fraud,4,8,4,1,0,5,5,3,3,0
txn_9aedb4f72f0c,4.11,0.415,19,0,150.0,150.0,112.0,0.0,0.0,9.0,7.0,7.0,4.3005,0.0443,6.14,6.14,223.0,0.0642,63.75,368.0,0.0044,0.0005,0.1104,0.0901,994.0,0.0,1,credential_based_fraud,credential_stuffing,cred_stuffing_001,scn_e1461744d3d4,stealth_fraud,2,8,4,1,0,2,2,6,3,0
txn_31d05f9b091a,1.53,0.1565,19,0,151.0,151.0,113.0,1.0,0.0,10.0,8.0,7.0,4.2992,0.6441,0.76,0.76,223.0,0.0642,63.75,368.0,0.0044,0.0005,0.1104,0.0901,994.0,0.0,1,credential_based_fraud,credential_stuffing,cred_stuffing_001,scn_e1461744d3d4,stealth_fraud,4,8,4,1,0,5,5,5,3,0
txn_5e96eceb7e34,1.71,0.6452,19,0,152.0,152.0,0.0,2.0,0.0,11.0,0.0,7.0,4.281,0.6006,1.51,1440.0,223.0,0.0642,63.75,368.0,0.0044,0.0005,0.1104,0.0,0.0,0.0,1,credential_based_fraud,credential_stuffing,cred_stuffing_001,scn_e1461744d3d4,stealth_fraud,2,8,4,1,0,4,4,3,3,0
txn_f0bd57a4f408,4.05,0.4087,19,0,153.0,153.0,114.0,0.0,0.0,10.0,7.0,7.0,4.2642,0.0502,1.86,3.37,223.0,0.0642,63.75,368.0,0.0044,0.0005,0.1104,0.0901,994.0,0.0,1,credential_based_fraud,credential_stuffing,cred_stuffing_001,scn_e1461744d3d4,stealth_fraud,2,8,4,1,0,2,2,4,3,0
txn_cb57fb6ea7ed,1.36,0.3488,19,0,154.0,154.0,115.0,1.0,0.0,11.0,8.0,7.0,4.2628,0.681,3.86,3.86,223.0,0.0642,63.75,368.0,0.0044,0.0005,0.1104,0.0901,994.0,0.0,1,credential_based_fraud,credential_stuffing,cred_stuffing_001,scn_e1461744d3d4,stealth_fraud,4,8,4,1,0,0,0,3,3,0
txn_10ffac62dcce,1.42,0.481,19,0,155.0,155.0,116.0,2.0,0.0,11.0,8.0,7.0,4.2441,0.6654,5.91,5.91,223.0,0.0642,63.75,368.0,0.0044,0.0005,0.1104,0.0901,994.0,0.0,1,credential_based_fraud,credential_stuffing,cred_stuffing_001,scn_e1461744d3d4,stealth_fraud,3,8,4,1,0,5,5,6,3,0
txn_c41873a1fbec,6.8,0.3725,19,0,156.0,156.0,0.0,0.0,0.0,12.0,0.0,7.0,4.226,0.6091,3.24,1440.0,223.0,0.0642,63.75,368.0,0.0044,0.0005,0.1104,0.0,0.0,0.0,1,credential_based_fraud,credential_stuffing,cred_stuffing_001,scn_e1461744d3d4,stealth_fraud,3,8,4,1,0,0,0,5,3,0
txn_ae49bbf3bb7e,2.63,0.5236,19,0,157.0,157.0,117.0,1.0,0.0,12.0,9.0,7.0,4.2424,0.3801,5.41,8.65,223.0,0.0642,63.75,368.0,0.0044,0.0005,0.1104,0.0901,994.0,0.0,1,credential_based_fraud,credential_stuffing,cred_stuffing_001,scn_e1461744d3d4,stealth_fraud,2,8,4,1,0,3,3,1,3,0
txn_9798b4aa7057,5.52,0.4289,19,0,158.0,158.0,118.0,2.0,0.0,12.0,9.0,7.0,4.2322,0.3043,4.86,4.86,223.0,0.0642,63.75,368.0,0.0044,0.0005,0.1104,0.0901,994.0,0.0,1,credential_based_fraud,credential_stuffing,cred_stuffing_001,scn_e1461744d3d4,stealth_fraud,0,8,4,1,0,3,3,0,3,0
txn_07cf6d405814,1.94,0.5843,20,0,159.0,159.0,119.0,0.0,0.0,12.0,9.0,7.0,4.2403,0.5425,9.24,9.24,223.0,0.0642,63.75,368.0,0.0044,0.0005,0.1104,0.0901,994.0,0.0,1,credential_based_fraud,credential_stuffing,cred_stuffing_001,scn_e1461744d3d4,stealth_fraud,3,8,4,1,0,2,2,0,3,0
txn_0b8a8fdb372b,6.41,0.4804,20,0,160.0,160.0,0.0,1.0,0.0,12.0,0.0,7.0,4.2259,0.5168,5.13,1440.0,223.0,0.0642,63.75,368.0,0.0044,0.0005,0.1104,0.0,0.0,0.0,1,credential_based_fraud,credential_stuffing,cred_stuffing_001,scn_e1461744d3d4,stealth_fraud,0,8,4,1,0,2,2,6,3,0
txn_1030186e873c,3.64,0.8094,20,0,161.0,161.0,120.0,2.0,0.0,13.0,9.0,7.0,4.2394,0.1414,1.24,6.37,223.0,0.0642,63.75,368.0,0.0044,0.0005,0.1104,0.0901,994.0,0.0,1,credential_based_fraud,credential_stuffing,cred_stuffing_001,scn_e1461744d3d4,stealth_fraud,3,8,4,1,0,3,3,0,3,0
txn_e3cee9c1b28a,3.52,0.2599,20,0,162.0,162.0,121.0,0.0,0.0,13.0,10.0,7.0,4.2357,0.169,4.52,4.52,223.0,0.0642,63.75,368.0,0.0044,0.0005,0.1104,0.0901,994.0,0.0,1,credential_based_fraud,credential_stuffing,cred_stuffing_001,scn_e1461744d3d4,stealth_fraud,0,8,4,1,0,5,5,0,3,0
txn_34b8a684f613,3.1,0.5102,20,0,163.0,163.0,122.0,1.0,0.0,14.0,11.0,7.0,4.2313,0.2674,0.63,0.63,223.0,0.0642,63.75,368.0,0.0044,0.0005,0.1104,0.0901,994.0,0.0,1,credential_based_fraud,credential_stuffing,cred_stuffing_001,scn_e1461744d3d4,stealth_fraud,3,8,4,1,0,1,1,0,3,0
txn_eab2d5ba1560,5.91,0.4258,20,0,164.0,164.0,0.0,2.0,0.0,15.0,0.0,7.0,4.2245,0.399,3.14,1440.0,223.0,0.0642,63.75,368.0,0.0044,0.0005,0.1104,0.0,0.0,0.0,1,credential_based_fraud,credential_stuffing,cred_stuffing_001,scn_e1461744d3d4,stealth_fraud,2,8,4,1,0,3,3,1,3,0
txn_20fa61cdd512,2.18,0.3538,20,0,165.0,165.0,123.0,0.0,0.0,16.0,12.0,7.0,4.2347,0.4852,1.89,5.03,223.0,0.0642,63.75,368.0,0.0044,0.0005,0.1104,0.0901,994.0,0.0,1,credential_based_fraud,credential_stuffing,cred_stuffing_001,scn_e1461744d3d4,stealth_fraud,4,8,4,1,0,0,0,6,3,0
txn_79785dd6d0b1,1.31,0.1929,20,0,166.0,166.0,124.0,1.0,0.0,12.0,9.0,7.0,4.2223,0.6897,11.35,11.35,223.0,0.0642,63.75,368.0,0.0044,0.0005,0.1104,0.0901,994.0,0.0,1,credential_based_fraud,credential_stuffing,cred_stuffing_001,scn_e1461744d3d4,stealth_fraud,4,8,4,1,0,4,4,3,3,0
txn_93b4a8229433,2.34,0.3985,20,0,167.0,167.0,125.0,2.0,0.0,13.0,10.0,7.0,4.2049,0.4435,2.75,2.75,223.0,0.0642,63.75,368.0,0.0044,0.0005,0.1104,0.0901,994.0,0.0,1,credential_based_fraud,credential_stuffing,cred_stuffing_001,scn_e1461744d3d4,stealth_fraud,2,8,4,1,0,5,5,4,3,0
txn_0c72a83959d5,3.19,0.4752,20,0,168.0,168.0,0.0,0.0,0.0,13.0,0.0,7.0,4.1937,0.2393,3.2,1440.0,223.0,0.0642,63.75,368.0,0.0044,0.0005,0.1104,0.0,0.0,0.0,1,credential_based_fraud,credential_stuffing,cred_stuffing_001,scn_e1461744d3d4,stealth_fraud,4,8,4,1,0,3,3,4,3,0
txn_88cd3e18a9fe,3.68,0.4681,20,0,169.0,169.0,126.0,1.0,0.0,13.0,9.0,7.0,4.1878,0.1213,5.53,8.73,223.0,0.0642,63.75,368.0,0.0044,0.0005,0.1104,0.0901,994.0,0.0,1,credential_based_fraud,credential_stuffing,cred_stuffing_001,scn_e1461744d3d4,stealth_fraud,1,8,4,1,0,1,1,5,3,0
txn_c1d59b56ae4e,6.91,0.436,20,0,170.0,170.0,127.0,2.0,0.0,13.0,10.0,7.0,4.1848,0.6512,5.66,5.66,223.0,0.0642,63.75,368.0,0.0044,0.0005,0.1104,0.0901,994.0,0.0,1,credential_based_fraud,credential_stuffing,cred_stuffing_001,scn_e1461744d3d4,stealth_fraud,2,8,4,1,0,0,0,5,3,0
txn_5cbc6d61965f,3.7,0.2481,20,0,171.0,171.0,128.0,0.0,0.0,14.0,11.0,7.0,4.2008,0.1192,0.38,0.38,223.0,0.0642,63.75,368.0,0.0044,0.0005,0.1104,0.0901,994.0,0.0,1,credential_based_fraud,credential_stuffing,cred_stuffing_001,scn_e1461744d3d4,stealth_fraud,2,8,4,1,0,5,5,6,3,0
txn_13c51bca874c,7.58,0.5137,20,0,172.0,172.0,0.0,1.0,0.0,14.0,0.0,7.0,4.1978,0.8057,1.45,1440.0,223.0,0.0642,63.75,368.0,0.0044,0.0005,0.1104,0.0,0.0,0.0,1,credential_based_fraud,credential_stuffing,cred_stuffing_001,scn_e1461744d3d4,stealth_fraud,2,8,4,1,0,3,3,4,3,0
txn_d3b28fafcb2c,1.12,0.2972,20,0,173.0,173.0,129.0,2.0,0.0,15.0,11.0,7.0,4.2174,0.7344,3.32,4.77,223.0,0.0642,63.75,368.0,0.0044,0.0005,0.1104,0.0901,994.0,0.0,1,credential_based_fraud,credential_stuffing,cred_stuffing_001,scn_e1461744d3d4,stealth_fraud,2,8,4,1,0,5,5,6,3,0
txn_d4b9919d67d1,5.21,0.4458,20,1,174.0,174.0,130.0,0.0,0.0,15.0,11.0,7.0,4.1996,0.2406,3.58,3.58,223.0,0.0642,63.75,368.0,0.0044,0.0005,0.1104,0.0901,994.0,0.0,1,credential_based_fraud,credential_stuffing,cred_stuffing_001,scn_e1461744d3d4,stealth_fraud,2,8,4,1,0,1,4,3,3,0
txn_7957a4f8d5b0,7.47,0.3731,21,0,175.0,175.0,131.0,1.0,0.0,16.0,12.0,7.0,4.2054,0.7763,2.38,2.38,223.0,0.0642,63.75,368.0,0.0044,0.0005,0.1104,0.0901,994.0,0.0,1,credential_based_fraud,credential_stuffing,cred_stuffing_001,scn_e1461744d3d4,stealth_fraud,3,8,4,1,0,5,5,3,3,0
txn_3ddc9e6a15db,2.8,0.3979,21,0,176.0,176.0,0.0,2.0,0.0,17.0,0.0,7.0,4.2239,0.3371,3.77,1440.0,223.0,0.0642,63.75,368.0,0.0044,0.0005,0.1104,0.0,0.0,0.0,1,credential_based_fraud,credential_stuffing,cred_stuffing_001,scn_e1461744d3d4,stealth_fraud,4,8,4,1,0,2,2,0,3,0
txn_f36f6f58cff5,7.02,0.3061,21,0,177.0,177.0,132.0,0.0,0.0,17.0,12.0,7.0,4.2159,0.6651,4.33,8.1,223.0,0.0642,63.75,368.0,0.0044,0.0005,0.1104,0.0901,994.0,0.0,1,credential_based_fraud,credential_stuffing,cred_stuffing_001,scn_e1461744d3d4,stealth_fraud,0,8,4,1,0,4,4,4,3,0
txn_a6272ebb5f23,0.88,0.3426,21,0,178.0,178.0,133.0,1.0,0.0,18.0,13.0,7.0,4.2316,0.792,0.42,0.42,223.0,0.0642,63.75,368.0,0.0044,0.0005,0.1104,0.0901,994.0,0.0,1,credential_based_fraud,credential_stuffing,cred_stuffing_001,scn_e1461744d3d4,stealth_fraud,4,8,4,1,0,3,3,4,3,0
txn_d0042d108143,4.44,0.4329,21,0,179.0,179.0,134.0,2.0,0.0,18.0,14.0,7.0,4.2129,0.0539,1.46,1.46,223.0,0.0642,63.75,368.0,0.0044,0.0005,0.1104,0.0901,994.0,0.0,1,credential_based_fraud,credential_stuffing,cred_stuffing_001,scn_e1461744d3d4,stealth_fraud,2,8,4,1,0,0,0,0,3,0
txn_76124b015862,6.92,0.3135,21,0,180.0,180.0,0.0,0.0,0.0,18.0,0.0,7.0,4.2142,0.6421,3.06,1440.0,223.0,0.0642,63.75,368.0,0.0044,0.0005,0.1104,0.0,0.0,0.0,1,credential_based_fraud,credential_stuffing,cred_stuffing_001,scn_e1461744d3d4,stealth_fraud,0,8,4,1,0,0,0,3,3,0
txn_1e9a8869b279,5.59,0.3402,21,0,181.0,181.0,135.0,1.0,0.0,16.0,12.0,7.0,4.2291,0.3218,5.95,9.01,223.0,0.0642,63.75,368.0,0.0044,0.0005,0.1104,0.0901,994.0,0.0,1,credential_based_fraud,credential_stuffing,cred_stuffing_001,scn_e1461744d3d4,stealth_fraud,0,8,4,1,0,1,1,1,3,0
txn_f7f9b32b5479,0.84,0.2816,21,0,182.0,182.0,136.0,2.0,0.0,17.0,13.0,7.0,4.2366,0.8017,0.29,0.29,223.0,0.0642,63.75,368.0,0.0044,0.0005,0.1104,0.0901,994.0,0.0,1,credential_based_fraud,credential_stuffing,cred_stuffing_001,scn_e1461744d3d4,stealth_fraud,0,8,4,1,0,5,5,2,3,0
txn_216d743632e2,3.81,0.3448,21,0,183.0,183.0,137.0,0.0,0.0,18.0,14.0,7.0,4.218,0.0967,0.91,0.91,223.0,0.0642,63.75,368.0,0.0044,0.0005,0.1104,0.0901,994.0,0.0,1,credential_based_fraud,credential_stuffing,cred_stuffing_001,scn_e1461744d3d4,stealth_fraud,0,8,4,1,0,0,0,5,3,0
txn_90bf62a04c57,2.43,0.5661,21,0,184.0,184.0,0.0,1.0,0.0,18.0,0.0,7.0,4.2158,0.4236,2.38,1440.0,223.0,0.0642,63.75,368.0,0.0044,0.0005,0.1104,0.0,0.0,0.0,1,credential_based_fraud,credential_stuffing,cred_stuffing_001,scn_e1461744d3d4,stealth_fraud,2,8,4,1,0,3,3,2,3,0
txn_d7e69b239bb9,6.81,0.2346,21,0,185.0,185.0,138.0,2.0,0.0,19.0,14.0,7.0,4.2062,0.6191,3.05,5.43,223.0,0.0642,63.75,368.0,0.0044,0.0005,0.1104,0.0901,994.0,0.0,1,credential_based_fraud,credential_stuffing,cred_stuffing_001,scn_e1461744d3d4,stealth_fraud,4,8,4,1,0,3,3,3,3,0
txn_bd4810759b5e,4.88,0.6918,21,0,186.0,186.0,139.0,0.0,0.0,20.0,15.0,7.0,4.2202,0.1564,1.42,1.42,223.0,0.0642,63.75,368.0,0.0044,0.0005,0.1104,0.0901,994.0,0.0,1,credential_based_fraud,credential_stuffing,cred_stuffing_001,scn_e1461744d3d4,stealth_fraud,1,8,4,1,0,3,3,2,3,0
txn_dff1e8ceef9d,2.54,0.3076,21,1,187.0,187.0,140.0,1.0,0.0,21.0,16.0,7.0,4.2237,0.3986,2.15,2.15,223.0,0.0642,63.75,368.0,0.0044,0.0005,0.1104,0.0901,994.0,0.0,1,credential_based_fraud,credential_stuffing,cred_stuffing_001,scn_e1461744d3d4,stealth_fraud,4,8,4,1,0,2,0,0,3,0
txn_2282cfceea65,0.77,0.4896,21,0,188.0,188.0,0.0,2.0,0.0,22.0,0.0,7.0,4.2147,0.8173,0.04,1440.0,223.0,0.0642,63.75,368.0,0.0044,0.0005,0.1104,0.0,0.0,0.0,1,credential_based_fraud,credential_stuffing,cred_stuffing_001,scn_e1461744d3d4,stealth_fraud,4,8,4,1,0,4,4,2,3,0
txn_4d2ac377fd53,4.04,0.2621,21,0,189.0,189.0,141.0,0.0,0.0,22.0,16.0,7.0,4.1965,0.0373,2.58,2.62,223.0,0.0642,63.75,368.0,0.0044,0.0005,0.1104,0.0901,994.0,0.0,1,credential_based_fraud,credential_stuffing,cred_stuffing_001,scn_e1461744d3d4,stealth_fraud,2,8,4,1,1,5,5,6,3,1
txn_fb7e87242082,1.48,0.1434,21,0,190.0,190.0,142.0,1.0,0.0,22.0,16.0,8.0,4.1957,0.6473,4.54,4.54,223.0,0.0642,63.75,368.0,0.0044,0.0005,0.1104,0.0901,994.0,0.0,1,credential_based_fraud,credential_stuffing,cred_stuffing_001,scn_e1461744d3d4,stealth_fraud,0,8,4,1,0,0,0,4,3,0
txn_b57e9d418db9,7.44,0.4649,21,0,191.0,191.0,143.0,2.0,0.0,22.0,17.0,8.0,4.1815,0.7793,6.52,6.52,223.0,0.0642,63.75,368.0,0.0044,0.0005,0.1104,0.0901,994.0,0.0,1,credential_based_fraud,credential_stuffing,cred_stuffing_001,scn_e1461744d3d4,stealth_fraud,2,8,4,1,0,0,0,1,3,0
txn_c705ae9ba8ed,6.82,0.3491,21,0,192.0,192.0,0.0,0.0,0.0,23.0,0.0,8.0,4.1984,0.6244,0.19,1440.0,223.0,0.0642,63.75,368.0,0.0044,0.0005,0.1104,0.0,0.0,0.0,1,credential_based_fraud,credential_stuffing,cred_stuffing_001,scn_e1461744d3d4,stealth_fraud,3,8,4,1,0,2,2,5,3,0
txn_db3ec29b18ae,0.56,0.2384,21,0,193.0,193.0,144.0,1.0,0.0,23.0,17.0,8.0,4.212,0.867,2.9,3.09,223.0,0.0642,63.75,368.0,0.0044,0.0005,0.1104,0.0901,994.0,0.0,1,credential_based_fraud,credential_stuffing,cred_stuffing_001,scn_e1461744d3d4,stealth_fraud,3,8,4,1,0,0,0,3,3,0
txn_363e2fcd50b4,5.66,0.3605,21,1,194.0,194.0,145.0,2.0,0.0,21.0,16.0,8.0,4.1932,0.3498,6.58,6.58,223.0,0.0642,63.75,368.0,0.0044,0.0005,0.1104,0.0901,994.0,0.0,1,credential_based_fraud,credential_stuffing,cred_stuffing_001,scn_e1461744d3d4,stealth_fraud,3,8,4,1,0,2,3,6,3,0
txn_f17d719f6022,2.21,0.373,21,0,195.0,195.0,146.0,0.0,0.0,21.0,16.0,8.0,4.2007,0.4739,2.31,2.31,223.0,0.0642,63.75,368.0,0.0044,0.0005,0.1104,0.0901,994.0,0.0,1,credential_based_fraud,credential_stuffing,cred_stuffing_001,scn_e1461744d3d4,stealth_fraud,1,8,4,1,0,2,2,3,3,0
txn_c0c908b3b0ed,3.63,0.3541,22,0,196.0,196.0,0.0,1.0,0.0,19.0,0.0,8.0,4.1906,0.1338,12.01,1440.0,223.0,0.0642,63.75,368.0,0.0044,0.0005,0.1104,0.0,0.0,0.0,1,credential_based_fraud,credential_stuffing,cred_stuffing_001,scn_e1461744d3d4,stealth_fraud,4,8,4,1,0,4,4,6,3,0
txn_fcde3d6bf66f,4.55,0.7956,22,0,197.0,197.0,147.0,2.0,0.0,17.0,12.0,8.0,4.1877,0.0865,4.03,16.04,223.0,0.0642,63.75,368.0,0.0044,0.0005,0.1104,0.0901,994.0,0.0,1,credential_based_fraud,credential_stuffing,cred_stuffing_001,scn_e1461744d3d4,stealth_fraud,4,8,4,1,1,0,0,1,3,1
txn_2a508827765a,0.64,0.1955,22,0,198.0,198.0,148.0,0.0,0.0,17.0,13.0,9.0,4.1895,0.8472,2.94,2.94,223.0,0.0642,63.75,368.0,0.0044,0.0005,0.1104,0.0901,994.0,0.0,1,credential_based_fraud,credential_stuffing,cred_stuffing_001,scn_e1461744d3d4,stealth_fraud,0,8,4,1,0,0,0,1,3,0
txn_68f22a5cc1d7,5.79,0.5796,22,0,199.0,199.0,149.0,1.0,0.0,18.0,14.0,9.0,4.1717,0.3879,2.14,2.14,223.0,0.0642,63.75,368.0,0.0044,0.0005,0.1104,0.0901,994.0,0.0,1,credential_based_fraud,credential_stuffing,cred_stuffing_001,scn_e1461744d3d4,stealth_fraud,1,8,4,1,0,3,3,0,3,0
txn_3dfb27b85999,4.4,0.2675,22,0,200.0,200.0,0.0,2.0,0.0,17.0,0.0,9.0,4.1798,0.0527,3.44,1440.0,223.0,0.0642,63.75,368.0,0.0044,0.0005,0.1104,0.0,0.0,0.0,1,credential_based_fraud,credential_stuffing,cred_stuffing_001,scn_e1461744d3d4,stealth_fraud,0,8,4,1,0,1,1,3,3,0
txn_e8137696f185,7.44,0.361,22,1,201.0,201.0,150.0,0.0,0.0,18.0,13.0,9.0,4.1809,0.7795,0.68,4.12,223.0,0.0642,63.75,368.0,0.0044,0.0005,0.1104,0.0901,994.0,0.0,1,credential_based_fraud,credential_stuffing,cred_stuffing_001,scn_e1461744d3d4,stealth_fraud,3,8,4,1,0,2,0,0,3,0
txn_7b8806beb85b,5.36,0.3246,22,0,202.0,202.0,151.0,1.0,0.0,18.0,13.0,9.0,4.197,0.2771,0.43,0.43,223.0,0.0642,63.75,368.0,0.0044,0.0005,0.1104,0.0901,994.0,0.0,1,credential_based_fraud,credential_stuffing,cred_stuffing_001,scn_e1461744d3d4,stealth_fraud,1,8,4,1,0,5,5,0,3,0
txn_86e1db2fa337,6.11,0.4385,22,0,203.0,203.0,152.0,2.0,0.0,17.0,13.0,9.0,4.2028,0.4538,6.19,6.19,223.0,0.0642,63.75,368.0,0.0044,0.0005,0.1104,0.0901,994.0,0.0,1,credential_based_fraud,credential_stuffing,cred_stuffing_001,scn_e1461744d3d4,stealth_fraud,1,8,4,1,0,2,2,6,3,0
txn_f481de77d0cb,3.64,0.5793,22,0,204.0,204.0,0.0,0.0,0.0,17.0,0.0,9.0,4.2121,0.1358,0.46,1440.0,223.0,0.0642,63.75,368.0,0.0044,0.0005,0.1104,0.0,0.0,0.0,1,credential_based_fraud,credential_stuffing,cred_stuffing_001,scn_e1461744d3d4,stealth_fraud,0,8,4,1,0,1,1,0,3,0
txn_362a00145086,1.18,0.4047,22,1,205.0,205.0,153.0,1.0,0.0,18.0,13.0,9.0,4.2093,0.7197,0.31,0.77,223.0,0.0642,63.75,368.0,0.0044,0.0005,0.1104,0.0901,994.0,0.0,1,credential_based_fraud,credential_stuffing,cred_stuffing_001,scn_e1461744d3d4,stealth_fraud,0,8,4,1,0,5,1,0,3,0
txn_e06a93f67fdd,4.36,0.2966,22,0,206.0,206.0,154.0,2.0,0.0,16.0,12.0,9.0,4.1946,0.0394,5.58,5.58,223.0,0.0642,63.75,368.0,0.0044,0.0005,0.1104,0.0901,994.0,0.0,1,credential_based_fraud,credential_stuffing,cred_stuffing_001,scn_e1461744d3d4,stealth_fraud,3,8,4,1,0,1,1,4,3,0
txn_f73533c36f59,5.5,0.08,22,0,207.0,207.0,155.0,0.0,0.0,17.0,13.0,9.0,4.1954,0.311,1.33,1.33,223.0,0.0642,63.75,368.0,0.0044,0.0005,0.1104,0.0901,994.0,0.0,1,credential_based_fraud,credential_stuffing,cred_stuffing_001,scn_e1461744d3d4,stealth_fraud,3,8,4,1,0,3,3,6,3,0
txn_91cf8ad1bbcd,6.13,0.4135,22,0,208.0,208.0,0.0,1.0,0.0,18.0,0.0,9.0,4.2017,0.4589,1.3,1440.0,223.0,0.0642,63.75,368.0,0.0044,0.0005,0.1104,0.0,0.0,0.0,1,credential_based_fraud,credential_stuffing,cred_stuffing_001,scn_e1461744d3d4,stealth_fraud,0,8,4,1,0,1,1,6,3,0
txn_9fa5b62c1d48,2.12,0.5859,22,0,209.0,209.0,156.0,2.0,0.0,19.0,14.0,9.0,4.2109,0.4965,0.51,1.81,223.0,0.0642,63.75,368.0,0.0044,0.0005,0.1104,0.0901,994.0,0.0,1,credential_based_fraud,credential_stuffing,cred_stuffing_001,scn_e1461744d3d4,stealth_fraud,2,8,4,1,0,3,3,0,3,0
txn_de473e435daf,4.31,0.4368,22,0,210.0,210.0,157.0,0.0,0.0,16.0,12.0,9.0,4.201,0.026,10.03,10.03,223.0,0.0642,63.75,368.0,0.0044,0.0005,0.1104,0.0901,994.0,0.0,1,credential_based_fraud,credential_stuffing,cred_stuffing_001,scn_e1461744d3d4,stealth_fraud,2,8,4,1,0,2,2,6,3,0
txn_ccbe69f4dd36,2.84,0.465,22,0,211.0,211.0,158.0,1.0,0.0,17.0,13.0,9.0,4.2015,0.324,2.02,2.02,223.0,0.0642,63.75,368.0,0.0044,0.0005,0.1104,0.0901,994.0,0.0,1,credential_based_fraud,credential_stuffing,cred_stuffing_001,scn_e1461744d3d4,stealth_fraud,0,8,4,1,0,2,2,1,3,0
txn_a1cb2de4c27b,4.5,0.2676,22,0,212.0,212.0,0.0,2.0,0.0,18.0,0.0,9.0,4.195,0.0727,0.5,1440.0,223.0,0.0642,63.75,368.0,0.0044,0.0005,0.1104,0.0,0.0,0.0,1,credential_based_fraud,credential_stuffing,cred_stuffing_001,scn_e1461744d3d4,stealth_fraud,3,8,4,1,0,1,1,2,3,0
txn_a4a5f3a6e1b3,6.83,0.4198,22,0,213.0,213.0,159.0,0.0,0.0,17.0,12.0,9.0,4.1965,0.6276,10.25,10.75,223.0,0.0642,63.75,368.0,0.0044,0.0005,0.1104,0.0901,994.0,0.0,1,credential_based_fraud,credential_stuffing,cred_stuffing_001,scn_e1461744d3d4,stealth_fraud,2,8,4,1,0,5,5,4,3,0
txn_392621a15b10,6.78,0.4809,22,0,214.0,214.0,160.0,1.0,0.0,18.0,13.0,9.0,4.2088,0.6109,0.74,0.74,223.0,0.0642,63.75,368.0,0.0044,0.0005,0.1104,0.0901,994.0,0.0,1,credential_based_fraud,credential_stuffing,cred_stuffing_001,scn_e1461744d3d4,stealth_fraud,0,8,4,1,0,3,3,6,3,0
txn_66858bdb0d30,3.71,0.6677,23,0,215.0,215.0,161.0,2.0,0.0,18.0,14.0,9.0,4.2207,0.121,9.15,9.15,223.0,0.0642,63.75,368.0,0.0044,0.0005,0.1104,0.0901,994.0,0.0,1,credential_based_fraud,credential_stuffing,cred_stuffing_001,scn_e1461744d3d4,stealth_fraud,3,8,4,1,0,5,5,4,3,0
txn_aff4ba47df00,3.5,0.526,23,1,216.0,216.0,0.0,0.0,0.0,19.0,0.0,9.0,4.2184,0.1703,0.79,1440.0,223.0,0.0642,63.75,368.0,0.0044,0.0005,0.1104,0.0,0.0,0.0,1,credential_based_fraud,credential_stuffing,cred_stuffing_001,scn_e1461744d3d4,stealth_fraud,3,8,4,1,0,3,4,3,3,0
txn_114cd7ab9844,1.16,0.3427,23,0,217.0,217.0,162.0,1.0,0.0,20.0,15.0,9.0,4.2151,0.7248,1.14,1.93,223.0,0.0642,63.75,368.0,0.0044,0.0005,0.1104,0.0901,994.0,0.0,1,credential_based_fraud,credential_stuffing,cred_stuffing_001,scn_e1461744d3d4,stealth_fraud,0,8,4,1,0,5,5,1,3,0
txn_eb45f9d8e840,2.69,0.1771,23,1,218.0,218.0,163.0,2.0,0.0,20.0,15.0,9.0,4.2011,0.3597,2.49,2.49,223.0,0.0642,63.75,368.0,0.0044,0.0005,0.1104,0.0901,994.0,0.0,1,credential_based_fraud,credential_stuffing,cred_stuffing_001,scn_e1461744d3d4,stealth_fraud,3,8,4,1,0,5,2,6,3,0
txn_f57515b35b16,7.7,0.5562,23,0,219.0,219.0,164.0,0.0,0.0,19.0,14.0,9.0,4.1942,0.8359,2.72,2.72,223.0,0.0642,63.75,368.0,0.0044,0.0005,0.1104,0.0901,994.0,0.0,1,credential_based_fraud,credential_stuffing,cred_stuffing_001,scn_e1461744d3d4,stealth_fraud,4,8,4,1,0,1,1,3,3,0
txn_dba09afddabc,4.85,0.2181,23,0,220.0,220.0,0.0,1.0,0.0,17.0,0.0,9.0,4.2101,0.152,6.38,1440.0,223.0,0.0642,63.75,368.0,0.0044,0.0005,0.1104,0.0,0.0,0.0,1,credential_based_fraud,credential_stuffing,cred_stuffing_001,scn_e1461744d3d4,stealth_fraud,4,8,4,1,0,2,2,5,3,0
txn_6866adfdac74,7.54,0.1616,23,0,221.0,221.0,165.0,2.0,0.0,18.0,13.0,9.0,4.213,0.7897,0.34,6.72,223.0,0.0642,63.75,368.0,0.0044,0.0005,0.1104,0.0901,994.0,0.0,1,credential_based_fraud,credential_stuffing,cred_stuffing_001,scn_e1461744d3d4,stealth_fraud,2,8,4,1,0,5,5,5,3,0
txn_4ecbff386418,4.14,0.6636,23,0,222.0,222.0,166.0,0.0,0.0,19.0,14.0,9.0,4.228,0.0208,2.49,2.49,223.0,0.0642,63.75,368.0,0.0044,0.0005,0.1104,0.0901,994.0,0.0,1,credential_based_fraud,credential_stuffing,cred_stuffing_001,scn_e1461744d3d4,stealth_fraud,2,8,4,1,0,3,3,6,3,0
txn_06efbf57492c,0.69,0.2599,23,0,223.0,223.0,167.0,1.0,0.0,20.0,15.0,9.0,4.2276,0.8368,0.09,0.09,223.0,0.0642,63.75,368.0,0.0044,0.0005,0.1104,0.0901,994.0,0.0,1,credential_based_fraud,credential_stuffing,cred_stuffing_001,scn_e1461744d3d4,stealth_fraud,2,8,4,1,0,3,3,5,3,0
txn_78ce7f3c0a52,7.1,0.4985,23,1,224.0,224.0,0.0,2.0,0.0,21.0,0.0,9.0,4.2118,0.6857,1.28,1440.0,223.0,0.0642,63.75,368.0,0.0044,0.0005,0.1104,0.0,0.0,0.0,1,credential_based_fraud,credential_stuffing,cred_stuffing_001,scn_e1461744d3d4,stealth_fraud,2,8,4,1,0,4,0,4,3,0
txn_a5b955b07c8c,1.0,0.4616,23,0,225.0,225.0,168.0,0.0,0.0,15.0,11.0,9.0,4.2246,0.7633,9.93,11.21,223.0,0.0642,63.75,368.0,0.0044,0.0005,0.1104,0.0901,994.0,0.0,1,credential_based_fraud,credential_stuffing,cred_stuffing_001,scn_e1461744d3d4,stealth_fraud,2,8,4,1,0,0,0,6,3,0
txn_025d457cf191,3.73,0.2696,23,0,226.0,226.0,169.0,1.0,0.0,16.0,12.0,9.0,4.2104,0.1141,9.14,9.14,223.0,0.0642,63.75,368.0,0.0044,0.0005,0.1104,0.0901,994.0,0.0,1,credential_based_fraud,credential_stuffing,cred_stuffing_001,scn_e1461744d3d4,stealth_fraud,4,8,4,1,0,5,5,6,3,0
txn_9e6d0b0b5625,7.5,0.1015,23,0,227.0,227.0,170.0,2.0,0.0,14.0,11.0,9.0,4.2082,0.7822,5.33,5.33,223.0,0.0642,63.75,368.0,0.0044,0.0005,0.1104,0.0901,994.0,0.0,1,credential_based_fraud,credential_stuffing,cred_stuffing_001,scn_e1461744d3d4,stealth_fraud,0,8,4,1,0,0,0,0,3,0
txn_920604a8e095,1.07,0.3956,23,0,228.0,228.0,0.0,0.0,0.0,15.0,0.0,9.0,4.2227,0.7466,2.9,1440.0,223.0,0.0642,63.75,368.0,0.0044,0.0005,0.1104,0.0,0.0,0.0,1,credential_based_fraud,credential_stuffing,cred_stuffing_001,scn_e1461744d3d4,stealth_fraud,1,8,4,1,0,1,1,2,3,0
txn_d2c92a8d2a11,2.54,0.1825,23,0,229.0,229.0,171.0,1.0,0.0,16.0,12.0,9.0,4.2089,0.3965,4.4,7.3,223.0,0.0642,63.75,368.0,0.0044,0.0005,0.1104,0.0901,994.0,0.0,1,credential_based_fraud,credential_stuffing,cred_stuffing_001,scn_e1461744d3d4,stealth_fraud,3,8,4,1,0,1,1,6,3,0
txn_48ed5d05b6cb,4.44,0.4866,0,0,230.0,230.0,172.0,2.0,0.0,15.0,11.0,9.0,4.2017,0.0567,1.56,1.56,223.0,0.0642,63.75,368.0,0.0044,0.0005,0.1104,0.0901,994.0,0.0,1,credential_based_fraud,credential_stuffing,cred_stuffing_001,scn_e1461744d3d4,stealth_fraud,4,8,4,1,0,5,5,6,3,0
txn_dc51f3a50da2,0.5,0.1033,0,0,231.0,231.0,173.0,0.0,0.0,16.0,12.0,9.0,4.2027,0.881,0.19,0.19,223.0,0.0642,63.75,368.0,0.0044,0.0005,0.1104,0.0901,994.0,0.0,1,credential_based_fraud,credential_stuffing,cred_stuffing_001,scn_e1461744d3d4,stealth_fraud,1,8,4,1,0,1,1,2,3,0
txn_a053e027f3d2,3.26,0.6931,0,0,232.0,232.0,0.0,1.0,0.0,17.0,0.0,9.0,4.1867,0.2213,0.33,1440.0,223.0,0.0642,63.75,368.0,0.0044,0.0005,0.1104,0.0,0.0,0.0,1,credential_based_fraud,credential_stuffing,cred_stuffing_001,scn_e1461744d3d4,stealth_fraud,0,8,4,1,0,3,3,5,3,0
txn_269deb5a852f,6.32,0.542,0,0,233.0,233.0,174.0,2.0,0.0,18.0,13.0,9.0,4.1827,0.511,1.43,1.76,223.0,0.0642,63.75,368.0,0.0044,0.0005,0.1104,0.0901,994.0,0.0,1,credential_based_fraud,credential_stuffing,cred_stuffing_001,scn_e1461744d3d4,stealth_fraud,1,8,4,1,0,4,4,4,3,0
txn_64b3244fe543,5.91,0.1274,0,0,234.0,234.0,175.0,0.0,0.0,19.0,14.0,9.0,4.1919,0.4099,4.44,4.44,223.0,0.0642,63.75,368.0,0.0044,0.0005,0.1104,0.0901,994.0,0.0,1,credential_based_fraud,credential_stuffing,cred_stuffing_001,scn_e1461744d3d4,stealth_fraud,3,8,4,1,0,1,1,3,3,0
txn_5278d5e106b3,6.3,0.4296,0,0,235.0,235.0,176.0,1.0,0.0,20.0,15.0,9.0,4.1992,0.5003,1.6,1.6,223.0,0.0642,63.75,368.0,0.0044,0.0005,0.1104,0.0901,994.0,0.0,1,credential_based_fraud,credential_stuffing,cred_stuffing_001,scn_e1461744d3d4,stealth_fraud,2,8,4,1,0,4,4,3,3,0
txn_16ea7334146c,5.33,0.08,0,0,236.0,236.0,0.0,2.0,0.0,19.0,0.0,9.0,4.2081,0.2666,2.79,1440.0,223.0,0.0642,63.75,368.0,0.0044,0.0005,0.1104,0.0,0.0,0.0,1,credential_based_fraud,credential_stuffing,cred_stuffing_001,scn_e1461744d3d4,stealth_fraud,4,8,4,1,0,1,1,2,3,0
txn_5d12b8721552,4.55,0.3843,0,0,237.0,237.0,177.0,0.0,0.0,19.0,14.0,9.0,4.2128,0.08,1.89,4.68,223.0,0.0642,63.75,368.0,0.0044,0.0005,0.1104,0.0901,994.0,0.0,1,credential_based_fraud,credential_stuffing,cred_stuffing_001,scn_e1461744d3d4,stealth_fraud,3,8,4,1,0,5,5,0,3,0
txn_4acbd4543356,1.57,0.5932,0,0,238.0,238.0,178.0,1.0,0.0,19.0,14.0,9.0,4.2142,0.6275,1.94,1.94,223.0,0.0642,63.75,368.0,0.0044,0.0005,0.1104,0.0901,994.0,0.0,1,credential_based_fraud,credential_stuffing,cred_stuffing_001,scn_e1461744d3d4,stealth_fraud,0,8,4,1,0,3,3,1,3,0
txn_f06f1bc536cf,7.14,0.4642,0,0,239.0,239.0,179.0,2.0,0.0,19.0,14.0,9.0,4.2032,0.6987,4.45,4.45,223.0,0.0642,63.75,368.0,0.0044,0.0005,0.1104,0.0901,994.0,0.0,1,credential_based_fraud,credential_stuffing,cred_stuffing_001,scn_e1461744d3d4,stealth_fraud,1,8,4,1,0,4,4,3,3,0
txn_f15f12ffa53c,4.35,0.1893,0,0,240.0,240.0,0.0,0.0,0.0,18.0,0.0,9.0,4.2154,0.0319,6.0,1440.0,223.0,0.0642,63.75,368.0,0.0044,0.0005,0.1104,0.0,0.0,0.0,1,credential_based_fraud,credential_stuffing,cred_stuffing_001,scn_e1461744d3d4,stealth_fraud,4,8,4,1,0,3,3,0,3,0
txn_bcbbf11fa0cb,1.7,0.4631,0,0,241.0,241.0,180.0,1.0,0.0,16.0,12.0,9.0,4.216,0.5968,5.71,11.71,223.0,0.0642,63.75,368.0,0.0044,0.0005,0.1104,0.0901,994.0,0.0,1,credential_based_fraud,credential_stuffing,cred_stuffing_001,scn_e1461744d3d4,stealth_fraud,0,8,4,1,0,2,2,4,3,0
txn_e3ff8be20b57,6.18,0.1737,0,1,242.0,242.0,181.0,2.0,0.0,16.0,12.0,9.0,4.2056,0.4695,7.01,7.01,223.0,0.0642,63.75,368.0,0.0044,0.0005,0.1104,0.0901,994.0,0.0,1,credential_based_fraud,credential_stuffing,cred_stuffing_001,scn_e1461744d3d4,stealth_fraud,1,8,4,1,0,3,0,3,3,0
txn_31f49e8a62ce,3.52,0.3153,0,0,243.0,243.0,182.0,0.0,0.0,17.0,13.0,9.0,4.2137,0.1646,2.6,2.6,223.0,0.0642,63.75,368.0,0.0044,0.0005,0.1104,0.0901,994.0,0.0,1,credential_based_fraud,credential_stuffing,cred_stuffing_001,scn_e1461744d3d4,stealth_fraud,0,8,4,1,0,3,3,2,3,0
txn_de558ed46bf6,5.01,0.2838,0,0,244.0,244.0,0.0,1.0,0.0,18.0,0.0,9.0,4.2109,0.1898,0.98,1440.0,223.0,0.0642,63.75,368.0,0.0044,0.0005,0.1104,0.0,0.0,0.0,1,credential_based_fraud,credential_stuffing,cred_stuffing_001,scn_e1461744d3d4,stealth_fraud,4,8,4,1,0,2,2,1,3,0
txn_1a4ff6feff78,6.98,0.4613,0,0,245.0,245.0,183.0,2.0,0.0,19.0,14.0,9.0,4.2141,0.6563,0.51,1.49,223.0,0.0642,63.75,368.0,0.0044,0.0005,0.1104,0.0901,994.0,0.0,1,credential_based_fraud,credential_stuffing,cred_stuffing_001,scn_e1461744d3d4,stealth_fraud,0,8,4,1,0,1,1,1,3,0
txn_fc99870d6641,1.72,0.6511,0,0,246.0,246.0,184.0,0.0,0.0,20.0,15.0,9.0,4.2254,0.5929,2.36,2.36,223.0,0.0642,63.75,368.0,0.0044,0.0005,0.1104,0.0901,994.0,0.0,1,credential_based_fraud,credential_stuffing,cred_stuffing_001,scn_e1461744d3d4,stealth_fraud,3,8,4,1,0,3,3,4,3,0
txn_d82936abf718,4.4,0.4993,0,0,247.0,247.0,185.0,1.0,0.0,21.0,16.0,9.0,4.2152,0.0438,0.47,0.47,223.0,0.0642,63.75,368.0,0.0044,0.0005,0.1104,0.0901,994.0,0.0,1,credential_based_fraud,credential_stuffing,cred_stuffing_001,scn_e1461744d3d4,stealth_fraud,4,8,4,1,0,0,0,3,3,0
txn_a145e3308fa1,3.71,0.3723,0,0,248.0,248.0,0.0,2.0,0.0,21.0,0.0,9.0,4.216,0.12,1.86,1440.0,223.0,0.0642,63.75,368.0,0.0044,0.0005,0.1104,0.0,0.0,0.0,1,credential_based_fraud,credential_stuffing,cred_stuffing_001,scn_e1461744d3d4,stealth_fraud,4,8,4,1,0,3,3,0,3,0
txn_620ad6af4ba1,3.83,0.2927,0,0,249.0,249.0,186.0,0.0,0.0,20.0,15.0,9.0,4.2139,0.0911,8.51,10.37,223.0,0.0642,63.75,368.0,0.0044,0.0005,0.1104,0.0901,994.0,0.0,1,credential_based_fraud,credential_stuffing,cred_stuffing_001,scn_e1461744d3d4,stealth_fraud,1,8,4,1,0,0,0,6,3,0
txn_85ad80dc5aea,6.48,0.1818,1,0,250.0,250.0,187.0,1.0,1.0,13.0,10.0,9.0,4.2124,0.5383,16.2,16.2,223.0,0.0642,63.75,368.0,0.0044,0.0005,0.1104,0.0901,994.0,0.0,1,credential_based_fraud,credential_stuffing,cred_stuffing_001,scn_e1461744d3d4,stealth_fraud,1,8,4,1,1,0,0,6,3,1
txn_d4f8152a8371,5.94,0.271,1,0,251.0,251.0,188.0,2.0,2.0,14.0,11.0,10.0,4.2214,0.4071,0.87,0.87,223.0,0.0642,63.75,368.0,0.0044,0.0005,0.1104,0.0901,994.0,0.0,1,credential_based_fraud,credential_stuffing,cred_stuffing_001,scn_e1461744d3d4,stealth_fraud,1,8,4,1,0,3,3,4,3,0
txn_d9a5cf23f4dc,7.88,0.4641,1,0,252.0,252.0,0.0,0.0,3.0,14.0,0.0,10.0,4.2283,0.8637,0.77,1440.0,223.0,0.0642,63.75,368.0,0.0044,0.0005,0.1104,0.0,0.0,0.0,1,credential_based_fraud,credential_stuffing,cred_stuffing_001,scn_e1461744d3d4,stealth_fraud,2,8,4,1,0,4,4,1,3,0
txn_fecab4329a5b,4.92,0.2152,1,0,253.0,253.0,189.0,1.0,4.0,14.0,10.0,10.0,4.2427,0.1596,4.02,4.79,223.0,0.0642,63.75,368.0,0.0044,0.0005,0.1104,0.0901,994.0,0.0,1,credential_based_fraud,credential_stuffing,cred_stuffing_001,scn_e1461744d3d4,stealth_fraud,1,8,4,1,0,5,5,6,3,0
txn_48ec5a3cd5fa,2.18,0.6765,1,1,254.0,254.0,190.0,2.0,5.0,15.0,11.0,10.0,4.2454,0.4865,1.89,1.89,223.0,0.0642,63.75,368.0,0.0044,0.0005,0.1104,0.0901,994.0,0.0,1,credential_based_fraud,credential_stuffing,cred_stuffing_001,scn_e1461744d3d4,stealth_fraud,4,8,4,1,0,0,2,6,3,0
txn_980cf0208391,6.57,0.1891,1,0,255.0,255.0,191.0,0.0,6.0,15.0,11.0,10.0,4.2373,0.5505,3.62,3.62,223.0,0.0642,63.75,368.0,0.0044,0.0005,0.1104,0.0901,994.0,0.0,1,credential_based_fraud,credential_stuffing,cred_stuffing_001,scn_e1461744d3d4,stealth_fraud,4,8,4,1,0,3,3,5,3,0
txn_ce1d106058fc,1.01,0.4749,1,0,256.0,256.0,0.0,1.0,7.0,15.0,0.0,10.0,4.2464,0.7621,5.33,1440.0,223.0,0.0642,63.75,368.0,0.0044,0.0005,0.1104,0.0,0.0,0.0,1,credential_based_fraud,credential_stuffing,cred_stuffing_001,scn_e1461744d3d4,stealth_fraud,1,8,4,1,0,2,2,3,3,0
txn_615e9670529b,2.92,0.4036,1,0,257.0,257.0,192.0,2.0,8.0,15.0,11.0,10.0,4.2338,0.3103,3.25,8.58,223.0,0.0642,63.75,368.0,0.0044,0.0005,0.1104,0.0901,994.0,0.0,1,credential_based_fraud,credential_stuffing,cred_stuffing_001,scn_e1461744d3d4,stealth_fraud,3,8,4,1,1,1,1,6,3,1
txn_74eff9725b2d,5.9,0.2371,1,1,258.0,258.0,193.0,0.0,9.0,16.0,12.0,11.0,4.2287,0.3952,0.63,0.63,223.0,0.0642,63.75,368.0,0.0044,0.0005,0.1104,0.0901,994.0,0.0,1,credential_based_fraud,credential_stuffing,cred_stuffing_001,scn_e1461744d3d4,stealth_fraud,4,8,4,1,0,4,5,3,3,0
txn_223fcb0c19ba,7.24,0.544,1,0,259.0,259.0,194.0,1.0,10.0,17.0,13.0,11.0,4.2351,0.7095,3.02,3.02,223.0,0.0642,63.75,368.0,0.0044,0.0005,0.1104,0.0901,994.0,0.0,1,credential_based_fraud,credential_stuffing,cred_stuffing_001,scn_e1461744d3d4,stealth_fraud,3,8,4,1,0,0,0,2,3,0
txn_7fed933fe85d,0.71,0.165,1,0,260.0,260.0,0.0,2.0,10.0,18.0,0.0,11.0,4.2467,0.8328,2.26,1440.0,223.0,0.0642,63.75,368.0,0.0044,0.0005,0.1104,0.0,0.0,0.0,1,credential_based_fraud,credential_stuffing,cred_stuffing_001,scn_e1461744d3d4,stealth_fraud,2,8,4,1,0,3,3,6,3,0
txn_9354c0f89405,7.82,0.3532,1,1,261.0,261.0,195.0,0.0,11.0,12.0,9.0,11.0,4.2331,0.8473,13.02,15.28,223.0,0.0642,63.75,368.0,0.0044,0.0005,0.1104,0.0901,994.0,0.0,1,credential_based_fraud,credential_stuffing,cred_stuffing_001,scn_e1461744d3d4,stealth_fraud,2,8,4,1,0,1,2,2,3,0
txn_2620f7893300,2.33,0.486,1,0,262.0,262.0,196.0,1.0,12.0,13.0,10.0,11.0,4.2468,0.4514,2.51,2.51,223.0,0.0642,63.75,368.0,0.0044,0.0005,0.1104,0.0901,994.0,0.0,1,credential_based_fraud,credential_stuffing,cred_stuffing_001,scn_e1461744d3d4,stealth_fraud,3,8,4,1,0,4,4,2,3,0
txn_4eb78704a603,3.56,0.4507,1,0,263.0,263.0,197.0,2.0,13.0,13.0,10.0,11.0,4.2395,0.1603,4.77,4.77,223.0,0.0642,63.75,368.0,0.0044,0.0005,0.1104,0.0901,994.0,0.0,1,credential_based_fraud,credential_stuffing,cred_stuffing_001,scn_e1461744d3d4,stealth_fraud,3,8,4,1,0,4,4,3,3,0
txn_e00715e68c79,5.21,0.3486,2,0,264.0,264.0,0.0,0.0,14.0,14.0,0.0,11.0,4.237,0.2297,4.81,1440.0,223.0,0.0642,63.75,368.0,0.0044,0.0005,0.1104,0.0,0.0,0.0,1,credential_based_fraud,credential_stuffing,cred_stuffing_001,scn_e1461744d3d4,stealth_fraud,0,8,4,1,0,4,4,5,3,0
txn_853e2801d904,1.19,0.08,2,0,265.0,265.0,198.0,1.0,14.0,15.0,11.0,11.0,4.2406,0.7194,3.88,8.69,223.0,0.0642,63.75,368.0,0.0044,0.0005,0.1104,0.0901,994.0,0.0,1,credential_based_fraud,credential_stuffing,cred_stuffing_001,scn_e1461744d3d4,stealth_fraud,4,8,4,1,0,0,0,0,3,0
txn_a2651344c664,7.61,0.4776,2,0,266.0,266.0,199.0,2.0,15.0,16.0,12.0,11.0,4.2292,0.7994,0.4,0.4,223.0,0.0642,63.75,368.0,0.0044,0.0005,0.1104,0.0901,994.0,0.0,1,credential_based_fraud,credential_stuffing,cred_stuffing_001,scn_e1461744d3d4,stealth_fraud,3,8,4,1,0,1,1,0,3,0
txn_bc2680f1226e,7.01,0.1659,2,0,267.0,267.0,200.0,0.0,16.0,17.0,13.0,11.0,4.2418,0.6526,3.51,3.51,223.0,0.0642,63.75,368.0,0.0044,0.0005,0.1104,0.0901,994.0,0.0,1,credential_based_fraud,credential_stuffing,cred_stuffing_001,scn_e1461744d3d4,stealth_fraud,3,8,4,1,0,5,5,1,3,0
txn_46946f05f611,4.12,0.5231,2,0,268.0,268.0,0.0,1.0,16.0,15.0,0.0,11.0,4.2522,0.0311,3.97,1440.0,223.0,0.0642,63.75,368.0,0.0044,0.0005,0.1104,0.0,0.0,0.0,1,credential_based_fraud,credential_stuffing,cred_stuffing_001,scn_e1461744d3d4,stealth_fraud,0,8,4,1,0,0,0,2,3,0
txn_0b1782f2af88,6.92,0.156,2,1,269.0,269.0,201.0,2.0,15.0,16.0,12.0,11.0,4.2517,0.6276,0.75,4.72,223.0,0.0642,63.75,368.0,0.0044,0.0005,0.1104,0.0901,994.0,0.0,1,credential_based_fraud,credential_stuffing,cred_stuffing_001,scn_e1461744d3d4,stealth_fraud,0,8,4,1,0,2,0,5,3,0
txn_66cecb5acfd9,1.03,0.1817,2,0,270.0,270.0,202.0,0.0,16.0,15.0,11.0,11.0,4.2616,0.7583,5.7,5.7,223.0,0.0642,63.75,368.0,0.0044,0.0005,0.1104,0.0901,994.0,0.0,1,credential_based_fraud,credential_stuffing,cred_stuffing_001,scn_e1461744d3d4,stealth_fraud,3,8,4,1,0,1,1,6,3,0
txn_d87101703b81,4.36,0.64,2,0,271.0,271.0,203.0,1.0,14.0,15.0,11.0,11.0,4.2496,0.026,5.04,5.04,223.0,0.0642,63.75,368.0,0.0044,0.0005,0.1104,0.0901,994.0,0.0,1,credential_based_fraud,credential_stuffing,cred_stuffing_001,scn_e1461744d3d4,stealth_fraud,4,8,4,1,0,1,1,0,3,0
txn_cbc080cc095c,1.06,0.2046,2,0,272.0,272.0,0.0,2.0,15.0,13.0,0.0,11.0,4.25,0.7506,6.56,1440.0,223.0,0.0642,63.75,368.0,0.0044,0.0005,0.1104,0.0,0.0,0.0,1,credential_based_fraud,credential_stuffing,cred_stuffing_001,scn_e1461744d3d4,stealth_fraud,2,8,4,1,0,0,0,0,3,0
txn_a00d925b8481,5.66,0.4971,2,0,273.0,273.0,204.0,0.0,15.0,13.0,9.0,11.0,4.2384,0.3354,2.93,9.49,223.0,0.0642,63.75,368.0,0.0044,0.0005,0.1104,0.0901,994.0,0.0,1,credential_based_fraud,credential_stuffing,cred_stuffing_001,scn_e1461744d3d4,stealth_fraud,1,8,4,1,0,0,0,5,3,0
txn_132fe3c44064,3.01,0.5191,2,0,274.0,274.0,205.0,1.0,15.0,13.0,10.0,11.0,4.2435,0.2907,2.75,2.75,223.0,0.0642,63.75,368.0,0.0044,0.0005,0.1104,0.0901,994.0,0.0,1,credential_based_fraud,credential_stuffing,cred_stuffing_001,scn_e1461744d3d4,stealth_fraud,0,8,4,1,0,5,5,5,3,0
txn_920e5dc3fb76,1.3,0.4352,2,0,275.0,275.0,206.0,2.0,15.0,14.0,11.0,11.0,4.2391,0.6933,3.12,3.12,223.0,0.0642,63.75,368.0,0.0044,0.0005,0.1104,0.0901,994.0,0.0,1,credential_based_fraud,credential_stuffing,cred_stuffing_001,scn_e1461744d3d4,stealth_fraud,1,8,4,1,0,4,4,6,3,0
txn_3504728e5cb3,7.25,0.3021,2,0,276.0,276.0,0.0,0.0,12.0,15.0,0.0,11.0,4.2284,0.7146,4.54,1440.0,223.0,0.0642,63.75,368.0,0.0044,0.0005,0.1104,0.0,0.0,0.0,1,credential_based_fraud,credential_stuffing,cred_stuffing_001,scn_e1461744d3d4,stealth_fraud,2,8,4,1,0,3,3,1,3,0
txn_1dcbb4f159fe,3.34,0.4558,2,1,277.0,277.0,207.0,1.0,11.0,14.0,10.0,11.0,4.2393,0.2121,9.8,14.34,223.0,0.0642,63.75,368.0,0.0044,0.0005,0.1104,0.0901,994.0,0.0,1,credential_based_fraud,credential_stuffing,cred_stuffing_001,scn_e1461744d3d4,stealth_fraud,0,8,4,1,0,0,3,1,3,0
txn_33ff6e1442fd,1.57,0.2543,3,0,278.0,278.0,208.0,2.0,10.0,12.0,9.0,11.0,4.2361,0.6294,11.1,11.1,223.0,0.0642,63.75,368.0,0.0044,0.0005,0.1104,0.0901,994.0,0.0,1,credential_based_fraud,credential_stuffing,cred_stuffing_001,scn_e1461744d3d4,stealth_fraud,2,8,4,1,0,3,3,6,3,0
txn_bfdf46c2a593,4.86,0.1957,3,0,279.0,279.0,209.0,0.0,9.0,7.0,5.0,11.0,4.2265,0.1499,20.14,20.14,223.0,0.0642,63.75,368.0,0.0044,0.0005,0.1104,0.0901,994.0,0.0,1,credential_based_fraud,credential_stuffing,cred_stuffing_001,scn_e1461744d3d4,stealth_fraud,0,8,4,1,0,1,1,5,3,0
txn_69ff0cbfd286,6.8,0.4072,3,0,280.0,280.0,0.0,1.0,8.0,8.0,0.0,11.0,4.2288,0.608,4.5,1440.0,223.0,0.0642,63.75,368.0,0.0044,0.0005,0.1104,0.0,0.0,0.0,1,credential_based_fraud,credential_stuffing,cred_stuffing_001,scn_e1461744d3d4,stealth_fraud,0,8,4,1,0,2,2,2,3,0
txn_c86fba96c8ca,7.28,0.4921,3,0,281.0,281.0,210.0,2.0,6.0,8.0,6.0,11.0,4.2379,0.7178,1.16,5.66,223.0,0.0642,63.75,368.0,0.0044,0.0005,0.1104,0.0901,994.0,0.0,1,credential_based_fraud,credential_stuffing,cred_stuffing_001,scn_e1461744d3d4,stealth_fraud,1,8,4,1,0,3,3,2,3,0
txn_24ff0a55151d,5.52,0.3248,3,0,282.0,282.0,211.0,0.0,5.0,9.0,7.0,11.0,4.2487,0.2992,2.34,2.34,223.0,0.0642,63.75,368.0,0.0044,0.0005,0.1104,0.0901,994.0,0.0,1,credential_based_fraud,credential_stuffing,cred_stuffing_001,scn_e1461744d3d4,stealth_fraud,1,8,4,1,0,1,1,3,3,0
txn_5fced1ad1e81,7.57,0.5007,3,0,283.0,283.0,212.0,1.0,3.0,9.0,7.0,11.0,4.2532,0.7798,1.45,1.45,223.0,0.0642,63.75,368.0,0.0044,0.0005,0.1104,0.0901,994.0,0.0,1,credential_based_fraud,credential_stuffing,cred_stuffing_001,scn_e1461744d3d4,stealth_fraud,2,8,4,1,0,5,5,1,3,0
txn_07797765b8f5,7.51,0.08,3,0,284.0,284.0,0.0,2.0,3.0,8.0,0.0,11.0,4.2649,0.7609,6.85,1440.0,223.0,0.0642,63.75,368.0,0.0044,0.0005,0.1104,0.0,0.0,0.0,1,credential_based_fraud,credential_stuffing,cred_stuffing_001,scn_e1461744d3d4,stealth_fraud,1,8,4,1,0,2,2,2,3,0
txn_2d28ef8a1525,5.43,0.3004,3,0,285.0,285.0,213.0,0.0,2.0,9.0,6.0,11.0,4.2763,0.2698,0.07,6.92,223.0,0.0642,63.75,368.0,0.0044,0.0005,0.1104,0.0901,994.0,0.0,1,credential_based_fraud,credential_stuffing,cred_stuffing_001,scn_e1461744d3d4,stealth_fraud,3,8,4,1,0,1,1,0,3,0
txn_92133a2fa1c7,7.81,0.4527,3,0,286.0,286.0,214.0,1.0,2.0,10.0,7.0,11.0,4.2803,0.8246,1.67,1.67,223.0,0.0642,63.75,368.0,0.0044,0.0005,0.1104,0.0901,994.0,0.0,1,credential_based_fraud,credential_stuffing,cred_stuffing_001,scn_e1461744d3d4,stealth_fraud,1,8,4,1,0,3,3,6,3,0
txn_7fc1730d669f,4.9,0.2969,3,0,287.0,287.0,215.0,2.0,2.0,9.0,7.0,11.0,4.2926,0.1415,11.78,11.78,223.0,0.0642,63.75,368.0,0.0044,0.0005,0.1104,0.0901,994.0,0.0,1,credential_based_fraud,credential_stuffing,cred_stuffing_001,scn_e1461744d3d4,stealth_fraud,4,8,4,1,0,3,3,6,3,0
txn_77d74edc715b,5.13,0.1403,3,0,288.0,288.0,0.0,0.0,2.0,10.0,0.0,11.0,4.2947,0.1945,1.36,1440.0,223.0,0.0642,63.75,368.0,0.0044,0.0005,0.1104,0.0,0.0,0.0,1,credential_based_fraud,credential_stuffing,cred_stuffing_001,scn_e1461744d3d4,stealth_fraud,4,8,4,1,0,5,5,0,3,0
txn_c8b61104dabd,7.64,0.3141,3,0,289.0,289.0,216.0,1.0,2.0,11.0,8.0,11.0,4.2976,0.7777,0.82,2.18,223.0,0.0642,63.75,368.0,0.0044,0.0005,0.1104,0.0901,994.0,0.0,1,credential_based_fraud,credential_stuffing,cred_stuffing_001,scn_e1461744d3d4,stealth_fraud,1,8,4,1,0,2,2,0,3,0
txn_21341989ccfa,0.58,0.5706,3,0,290.0,290.0,217.0,2.0,2.0,12.0,9.0,11.0,4.3091,0.8654,0.14,0.14,223.0,0.0642,63.75,368.0,0.0044,0.0005,0.1104,0.0901,994.0,0.0,1,credential_based_fraud,credential_stuffing,cred_stuffing_001,scn_e1461744d3d4,stealth_fraud,4,8,4,1,0,0,0,3,3,0
txn_24fc13ace00f,2.59,0.2848,4,0,291.0,291.0,218.0,0.0,2.0,13.0,10.0,11.0,4.2963,0.3972,1.75,1.75,223.0,0.0642,63.75,368.0,0.0044,0.0005,0.1104,0.0901,994.0,0.0,1,credential_based_fraud,credential_stuffing,cred_stuffing_001,scn_e1461744d3d4,stealth_fraud,0,8,4,1,0,3,3,5,3,0
txn_c36b89845203,1.98,0.3018,4,0,292.0,292.0,0.0,1.0,2.0,13.0,0.0,11.0,4.2905,0.5385,14.69,1440.0,223.0,0.0642,63.75,368.0,0.0044,0.0005,0.1104,0.0,0.0,0.0,1,credential_based_fraud,credential_stuffing,cred_stuffing_001,scn_e1461744d3d4,stealth_fraud,3,8,4,1,0,1,1,5,3,0
txn_d631f15012e4,1.3,0.2638,4,0,293.0,293.0,219.0,2.0,2.0,14.0,10.0,11.0,4.2826,0.6964,3.38,18.07,223.0,0.0642,63.75,368.0,0.0044,0.0005,0.1104,0.0901,994.0,0.0,1,credential_based_fraud,credential_stuffing,cred_stuffing_001,scn_e1461744d3d4,stealth_fraud,3,8,4,1,0,2,2,5,3,0
txn_12ae1269f588,7.19,0.4316,4,0,294.0,294.0,220.0,0.0,2.0,15.0,11.0,11.0,4.2724,0.6829,6.04,6.04,223.0,0.0642,63.75,368.0,0.0044,0.0005,0.1104,0.0901,994.0,0.0,1,credential_based_fraud,credential_stuffing,cred_stuffing_001,scn_e1461744d3d4,stealth_fraud,4,8,4,1,0,0,0,1,3,0
txn_0897b1c2ca69,1.94,0.3692,4,0,295.0,295.0,221.0,1.0,2.0,15.0,11.0,11.0,4.2823,0.547,2.33,2.33,223.0,0.0642,63.75,368.0,0.0044,0.0005,0.1104,0.0901,994.0,0.0,1,credential_based_fraud,credential_stuffing,cred_stuffing_001,scn_e1461744d3d4,stealth_fraud,3,8,4,1,0,5,5,5,3,0
txn_57816e3caf02,5.53,0.3976,4,0,296.0,296.0,0.0,2.0,2.0,16.0,0.0,11.0,4.2744,0.2937,0.58,1440.0,223.0,0.0642,63.75,368.0,0.0044,0.0005,0.1104,0.0,0.0,0.0,1,credential_based_fraud,credential_stuffing,cred_stuffing_001,scn_e1461744d3d4,stealth_fraud,0,8,4,1,0,4,4,1,3,0
txn_4b26c5ae7880,1.56,0.5407,4,0,297.0,297.0,222.0,0.0,2.0,15.0,11.0,11.0,4.2787,0.6354,6.02,6.6,223.0,0.0642,63.75,368.0,0.0044,0.0005,0.1104,0.0901,994.0,0.0,1,credential_based_fraud,credential_stuffing,cred_stuffing_001,scn_e1461744d3d4,stealth_fraud,0,8,4,1,0,1,1,3,3,0
txn_6e0628e116c7,7.57,0.1634,4,0,298.0,298.0,223.0,1.0,2.0,15.0,11.0,11.0,4.2695,0.773,2.44,2.44,223.0,0.0642,63.75,368.0,0.0044,0.0005,0.1104,0.0901,994.0,0.0,1,credential_based_fraud,credential_stuffing,cred_stuffing_001,scn_e1461744d3d4,stealth_fraud,1,8,4,1,0,0,0,5,3,0
txn_88a58574c89d,7.3,0.1744,4,0,299.0,299.0,224.0,2.0,2.0,15.0,11.0,11.0,4.2806,0.7054,0.41,0.41,223.0,0.0642,63.75,368.0,0.0044,0.0005,0.1104,0.0901,994.0,0.0,1,credential_based_fraud,credential_stuffing,cred_stuffing_001,scn_e1461744d3d4,stealth_fraud,0,8,4,1,0,3,3,0,3,0
txn_cd0c3469d061,7.59,0.2973,4,0,300.0,300.0,0.0,0.0,2.0,16.0,0.0,11.0,4.2906,0.769,1.48,1440.0,223.0,0.0642,63.75,368.0,0.0044,0.0005,0.1104,0.0,0.0,0.0,1,credential_based_fraud,credential_stuffing,cred_stuffing_001,scn_e1461744d3d4,stealth_fraud,2,8,4,1,0,3,3,5,3,0
txn_1833b79758a7,5.89,0.08,4,0,301.0,301.0,225.0,1.0,2.0,17.0,12.0,11.0,4.3016,0.3693,1.49,2.97,223.0,0.0642,63.75,368.0,0.0044,0.0005,0.1104,0.0901,994.0,0.0,1,credential_based_fraud,credential_stuffing,cred_stuffing_001,scn_e1461744d3d4,stealth_fraud,4,8,4,1,0,2,2,2,3,0
txn_76af273263b3,3.04,0.3144,4,0,302.0,302.0,226.0,2.0,2.0,18.0,13.0,11.0,4.3069,0.2941,0.17,0.17,223.0,0.0642,63.75,368.0,0.0044,0.0005,0.1104,0.0901,994.0,0.0,1,credential_based_fraud,credential_stuffing,cred_stuffing_001,scn_e1461744d3d4,stealth_fraud,4,8,4,1,0,4,4,3,3,0
txn_da76e76bc778,5.13,0.323,4,0,303.0,303.0,227.0,0.0,2.0,19.0,14.0,11.0,4.3027,0.1923,0.03,0.03,223.0,0.0642,63.75,368.0,0.0044,0.0005,0.1104,0.0901,994.0,0.0,1,credential_based_fraud,credential_stuffing,cred_stuffing_001,scn_e1461744d3d4,stealth_fraud,4,8,4,1,0,1,1,2,3,0
txn_282a32cf472a,6.18,0.3265,4,1,304.0,304.0,0.0,1.0,2.0,17.0,0.0,11.0,4.3054,0.4354,5.93,1440.0,223.0,0.0642,63.75,368.0,0.0044,0.0005,0.1104,0.0,0.0,0.0,1,credential_based_fraud,credential_stuffing,cred_stuffing_001,scn_e1461744d3d4,stealth_fraud,3,8,4,1,0,4,0,5,3,0
txn_437df3e908b6,6.56,0.214,4,0,305.0,305.0,228.0,2.0,2.0,18.0,13.0,11.0,4.3115,0.5215,0.11,6.04,223.0,0.0642,63.75,368.0,0.0044,0.0005,0.1104,0.0901,994.0,0.0,1,credential_based_fraud,credential_stuffing,cred_stuffing_001,scn_e1461744d3d4,stealth_fraud,1,8,4,1,0,4,4,4,3,0
txn_010d76a98107,56.24,0.1765,14,0,0.0,0.0,0.0,0.0,5.0,0.0,0.0,0.0,0.0,0.0,1440.0,1440.0,491.0,0.2803,153.7,779.0,0.2417,0.039,1.3478,0.5855,95.0,3.0,1,identity_onboarding_fraud,fraudulent_merchant_onboarding,identity_fraud_merchant_001,scn_9b1c00be65ac,overt_fraud,4,7,1,1,0,0,0,0,1,0
txn_422203e19c52,16.34,0.3836,14,0,1.0,1.0,1.0,1.0,6.0,1.0,1.0,0.0,56.24,0.7095,2.29,2.29,491.0,0.2803,153.7,779.0,0.2417,0.039,1.3478,0.5855,95.0,3.0,1,identity_onboarding_fraud,fraudulent_merchant_onboarding,identity_fraud_merchant_001,scn_9b1c00be65ac,overt_fraud,3,7,1,1,0,4,4,3,1,0
txn_29b920e654de,117.8,0.8021,14,0,2.0,2.0,2.0,2.0,6.0,2.0,2.0,0.0,36.29,2.2461,32.93,32.93,491.0,0.2803,153.7,779.0,0.2417,0.039,1.3478,0.5855,95.0,3.0,1,identity_onboarding_fraud,fraudulent_merchant_onboarding,identity_fraud_merchant_001,scn_9b1c00be65ac,overt_fraud,2,7,1,1,0,1,1,5,1,0
txn_7eae58bf5c92,25.57,0.3836,14,0,3.0,3.0,3.0,0.0,6.0,3.0,3.0,0.0,63.46,0.5971,10.24,10.24,491.0,0.2803,153.7,779.0,0.2417,0.039,1.3478,0.5855,95.0,3.0,1,identity_onboarding_fraud,fraudulent_merchant_onboarding,identity_fraud_merchant_001,scn_9b1c00be65ac,overt_fraud,3,7,1,1,0,1,1,5,1,0
txn_b075ad32faf0,16.51,0.1965,15,0,4.0,4.0,4.0,1.0,8.0,2.0,2.0,0.0,53.9875,0.6942,31.22,31.22,491.0,0.2803,153.7,779.0,0.2417,0.039,1.3478,0.5855,95.0,3.0,1,identity_onboarding_fraud,fraudulent_merchant_onboarding,identity_fraud_merchant_001,scn_9b1c00be65ac,overt_fraud,1,7,1,1,1,5,5,6,1,1
txn_70680c8e9065,14.15,0.3629,18,0,5.0,5.0,5.0,2.0,9.0,0.0,0.0,1.0,46.492,0.6956,190.3,190.3,491.0,0.2803,153.7,779.0,0.2417,0.039,1.3478,0.5855,95.0,3.0,1,identity_onboarding_fraud,fraudulent_merchant_onboarding,identity_fraud_merchant_001,scn_9b1c00be65ac,overt_fraud,4,7,1,1,0,5,5,2,2,0
txn_ff3b692625c3,4.3,0.1413,19,1,6.0,6.0,6.0,0.0,10.0,0.0,0.0,1.0,41.1017,0.8954,67.38,67.38,491.0,0.2803,153.7,779.0,0.2417,0.039,1.3478,0.5855,95.0,3.0,1,identity_onboarding_fraud,fraudulent_merchant_onboarding,identity_fraud_merchant_001,scn_9b1c00be65ac,overt_fraud,0,7,1,1,1,1,5,6,2,1
txn_57ceb6b9c1f2,46.13,0.3156,19,0,7.0,7.0,7.0,1.0,11.0,1.0,1.0,2.0,35.8443,0.287,16.26,16.26,491.0,0.2803,153.7,779.0,0.2417,0.039,1.3478,0.5855,95.0,3.0,1,identity_onboarding_fraud,fraudulent_merchant_onboarding,identity_fraud_merchant_001,scn_9b1c00be65ac,overt_fraud,4,7,1,1,0,0,0,0,1,0
txn_d4989f3b192b,102.02,0.5904,21,0,8.0,8.0,8.0,2.0,11.0,0.0,0.0,2.0,37.13,1.7476,70.68,70.68,491.0,0.2803,153.7,779.0,0.2417,0.039,1.3478,0.5855,95.0,3.0,1,identity_onboarding_fraud,fraudulent_merchant_onboarding,identity_fraud_merchant_001,scn_9b1c00be65ac,overt_fraud,2,7,1,1,0,4,4,0,2,0
txn_6abe5992dd65,58.61,0.2664,0,0,9.0,9.0,9.0,0.0,13.0,0.0,0.0,2.0,44.34,0.3218,220.65,220.65,491.0,0.2803,153.7,779.0,0.2417,0.039,1.3478,0.5855,95.0,3.0,1,identity_onboarding_fraud,fraudulent_merchant_onboarding,identity_fraud_merchant_001,scn_9b1c00be65ac,overt_fraud,4,7,1,1,0,4,4,1,1,0
txn_d4ebb4f780d0,7.27,0.1961,1,0,10.0,10.0,10.0,1.0,13.0,1.0,1.0,2.0,45.767,0.8412,19.05,19.05,491.0,0.2803,153.7,779.0,0.2417,0.039,1.3478,0.5855,95.0,3.0,1,identity_onboarding_fraud,fraudulent_merchant_onboarding,identity_fraud_merchant_001,scn_9b1c00be65ac,overt_fraud,2,7,1,1,0,1,1,4,2,0
txn_2512b1b450dd,91.96,0.2744,1,0,11.0,11.0,11.0,2.0,14.0,2.0,2.0,2.0,42.2673,1.1757,30.06,30.06,491.0,0.2803,153.7,779.0,0.2417,0.039,1.3478,0.5855,95.0,3.0,1,identity_onboarding_fraud,fraudulent_merchant_onboarding,identity_fraud_merchant_001,scn_9b1c00be65ac,overt_fraud,4,7,1,1,0,4,4,2,2,0
txn_dca6ddf99848,44.44,0.124,1,0,12.0,12.0,12.0,0.0,15.0,3.0,3.0,2.0,46.4083,0.0424,1.09,1.09,491.0,0.2803,153.7,779.0,0.2417,0.039,1.3478,0.5855,95.0,3.0,1,identity_onboarding_fraud,fraudulent_merchant_onboarding,identity_fraud_merchant_001,scn_9b1c00be65ac,overt_fraud,4,7,1,1,0,1,1,2,1,0
txn_bf3f5600845d,80.14,0.3339,1,0,13.0,13.0,13.0,1.0,15.0,4.0,4.0,2.0,46.2569,0.7325,9.43,9.43,491.0,0.2803,153.7,779.0,0.2417,0.039,1.3478,0.5855,95.0,3.0,1,identity_onboarding_fraud,fraudulent_merchant_onboarding,identity_fraud_merchant_001,scn_9b1c00be65ac,overt_fraud,4,7,1,1,0,0,0,0,1,0
txn_d14c7990f0f5,32.61,0.3043,2,0,14.0,14.0,14.0,2.0,16.0,0.0,0.0,2.0,48.6771,0.3301,61.89,61.89,491.0,0.2803,153.7,779.0,0.2417,0.039,1.3478,0.5855,95.0,3.0,1,identity_onboarding_fraud,fraudulent_merchant_onboarding,identity_fraud_merchant_001,scn_9b1c00be65ac,overt_fraud,4,7,1,1,0,4,4,1,1,0
txn_ddb036ee86ba,27.02,0.5134,3,0,15.0,15.0,15.0,0.0,18.0,1.0,1.0,2.0,47.606,0.4324,42.15,42.15,491.0,0.2803,153.7,779.0,0.2417,0.039,1.3478,0.5855,95.0,3.0,1,identity_onboarding_fraud,fraudulent_merchant_onboarding,identity_fraud_merchant_001,scn_9b1c00be65ac,overt_fraud,2,7,1,1,0,5,5,4,1,0
txn_cbd09125f633,33.27,0.3622,4,0,16.0,16.0,16.0,1.0,17.0,1.0,1.0,2.0,46.3194,0.2817,57.19,57.19,491.0,0.2803,153.7,779.0,0.2417,0.039,1.3478,0.5855,95.0,3.0,1,identity_onboarding_fraud,fraudulent_merchant_onboarding,identity_fraud_merchant_001,scn_9b1c00be65ac,overt_fraud,1,7,1,1,0,4,4,2,1,0
txn_7b84a8b00557,142.38,0.5301,6,0,17.0,17.0,17.0,2.0,19.0,0.0,0.0,2.0,45.5518,2.1257,146.8,146.8,491.0,0.2803,153.7,779.0,0.2417,0.039,1.3478,0.5855,95.0,3.0,1,identity_onboarding_fraud,fraudulent_merchant_onboarding,identity_fraud_merchant_001,scn_9b1c00be65ac,overt_fraud,3,7,1,1,0,3,3,5,1,0
txn_39655ddd4c04,62.07,0.3353,7,1,18.0,18.0,18.0,0.0,18.0,1.0,1.0,2.0,50.9311,0.2187,34.87,34.87,491.0,0.2803,153.7,779.0,0.2417,0.039,1.3478,0.5855,95.0,3.0,1,identity_onboarding_fraud,fraudulent_merchant_onboarding,identity_fraud_merchant_001,scn_9b1c00be65ac,overt_fraud,3,7,1,1,0,0,1,4,2,0
txn_f687356231ff,56.27,0.2574,8,0,19.0,19.0,19.0,1.0,18.0,0.0,0.0,2.0,51.5174,0.0923,65.78,65.78,491.0,0.2803,153.7,779.0,0.2417,0.039,1.3478,0.5855,95.0,3.0,1,identity_onboarding_fraud,fraudulent_merchant_onboarding,identity_fraud_merchant_001,scn_9b1c00be65ac,overt_fraud,4,7,1,1,0,5,5,6,1,0
txn_f10727152e54,78.66,0.2025,9,0,20.0,20.0,20.0,2.0,18.0,1.0,1.0,2.0,51.755,0.5199,29.95,29.95,491.0,0.2803,153.7,779.0,0.2417,0.039,1.3478,0.5855,95.0,3.0,1,identity_onboarding_fraud,fraudulent_merchant_onboarding,identity_fraud_merchant_001,scn_9b1c00be65ac,overt_fraud,3,7,1,1,0,3,3,4,2,0
txn_97c87d4c47d4,34.83,0.5742,11,0,21.0,21.0,21.0,0.0,15.0,0.0,0.0,2.0,53.0362,0.3433,117.01,117.01,491.0,0.2803,153.7,779.0,0.2417,0.039,1.3478,0.5855,95.0,3.0,1,identity_onboarding_fraud,fraudulent_merchant_onboarding,identity_fraud_merchant_001,scn_9b1c00be65ac,overt_fraud,1,7,1,1,0,1,1,4,2,0
txn_77f6e7493c91,37.25,0.08,11,0,22.0,22.0,22.0,1.0,13.0,1.0,1.0,2.0,52.2086,0.2865,7.15,7.15,491.0,0.2803,153.7,779.0,0.2417,0.039,1.3478,0.5855,95.0,3.0,1,identity_onboarding_fraud,fraudulent_merchant_onboarding,identity_fraud_merchant_001,scn_9b1c00be65ac,overt_fraud,4,7,1,1,0,0,0,4,1,0
txn_1840bb38ad92,21.05,0.5448,11,0,23.0,23.0,23.0,2.0,13.0,2.0,2.0,2.0,51.5583,0.5917,26.24,26.24,491.0,0.2803,153.7,779.0,0.2417,0.039,1.3478,0.5855,95.0,3.0,1,identity_onboarding_fraud,fraudulent_merchant_onboarding,identity_fraud_merchant_001,scn_9b1c00be65ac,overt_fraud,0,7,1,1,0,2,2,4,2,0
txn_d09323b6daa9,41.57,0.3207,11,0,24.0,24.0,24.0,0.0,12.0,3.0,3.0,2.0,50.2871,0.1733,8.77,8.77,491.0,0.2803,153.7,779.0,0.2417,0.039,1.3478,0.5855,95.0,3.0,1,identity_onboarding_fraud,fraudulent_merchant_onboarding,identity_fraud_merchant_001,scn_9b1c00be65ac,overt_fraud,0,7,1,1,0,2,2,3,1,0
txn_d4d0aef11194,16.25,0.3993,17,1,25.0,25.0,25.0,1.0,13.0,0.0,0.0,1.0,49.9384,0.6746,326.31,326.31,491.0,0.2803,153.7,779.0,0.2417,0.039,1.3478,0.5855,95.0,3.0,1,identity_onboarding_fraud,fraudulent_merchant_onboarding,identity_fraud_merchant_001,scn_9b1c00be65ac,overt_fraud,4,7,1,1,0,0,3,2,1,0
txn_d8d768ae53f2,17.94,0.2994,18,0,26.0,26.0,26.0,2.0,12.0,1.0,1.0,1.0,48.6427,0.6312,47.32,47.32,491.0,0.2803,153.7,779.0,0.2417,0.039,1.3478,0.5855,95.0,3.0,1,identity_onboarding_fraud,fraudulent_merchant_onboarding,identity_fraud_merchant_001,scn_9b1c00be65ac,overt_fraud,0,7,1,1,0,0,0,0,2,0
txn_f1341c2df655,98.29,0.336,18,1,27.0,27.0,27.0,0.0,9.0,1.0,1.0,1.0,47.5056,1.069,33.52,33.52,491.0,0.2803,153.7,779.0,0.2417,0.039,1.3478,0.5855,95.0,3.0,1,identity_onboarding_fraud,fraudulent_merchant_onboarding,identity_fraud_merchant_001,scn_9b1c00be65ac,overt_fraud,4,7,1,1,0,3,1,4,1,0
txn_8c8cdec5ff34,32.11,0.4604,21,0,28.0,28.0,28.0,1.0,9.0,0.0,0.0,0.0,49.3193,0.3489,160.54,160.54,491.0,0.2803,153.7,779.0,0.2417,0.039,1.3478,0.5855,95.0,3.0,1,identity_onboarding_fraud,fraudulent_merchant_onboarding,identity_fraud_merchant_001,scn_9b1c00be65ac,overt_fraud,0,7,1,1,0,0,0,0,2,0
txn_d2003dd39f7d,16.92,0.5948,22,0,29.0,29.0,29.0,2.0,8.0,1.0,1.0,0.0,48.7259,0.6528,55.37,55.37,491.0,0.2803,153.7,779.0,0.2417,0.039,1.3478,0.5855,95.0,3.0,1,identity_onboarding_fraud,fraudulent_merchant_onboarding,identity_fraud_merchant_001,scn_9b1c00be65ac,overt_fraud,1,7,1,1,0,2,2,2,1,0
txn_5201961c7e86,34.83,0.4491,22,0,30.0,30.0,30.0,0.0,7.0,2.0,2.0,0.0,47.6657,0.2693,2.29,2.29,491.0,0.2803,153.7,779.0,0.2417,0.039,1.3478,0.5855,95.0,3.0,1,identity_onboarding_fraud,fraudulent_merchant_onboarding,identity_fraud_merchant_001,scn_9b1c00be65ac,overt_fraud,1,7,1,1,0,0,0,0,2,0
txn_a8a9f8da8a48,45.87,0.3894,22,0,31.0,31.0,31.0,1.0,7.0,2.0,2.0,0.0,47.2516,0.0292,8.16,8.16,491.0,0.2803,153.7,779.0,0.2417,0.039,1.3478,0.5855,95.0,3.0,1,identity_onboarding_fraud,fraudulent_merchant_onboarding,identity_fraud_merchant_001,scn_9b1c00be65ac,overt_fraud,0,7,1,1,0,4,4,4,2,0
txn_dd3eaa73b871,24.52,0.5046,23,0,32.0,32.0,32.0,2.0,7.0,0.0,0.0,0.0,47.2084,0.4806,76.81,76.81,491.0,0.2803,153.7,779.0,0.2417,0.039,1.3478,0.5855,95.0,3.0,1,identity_onboarding_fraud,fraudulent_merchant_onboarding,identity_fraud_merchant_001,scn_9b1c00be65ac,overt_fraud,3,7,1,1,0,2,2,4,2,0
txn_4bf33f780858,22.48,0.3518,1,1,33.0,33.0,33.0,0.0,10.0,0.0,0.0,0.0,46.5209,0.5168,82.38,82.38,491.0,0.2803,153.7,779.0,0.2417,0.039,1.3478,0.5855,95.0,3.0,1,identity_onboarding_fraud,fraudulent_merchant_onboarding,identity_fraud_merchant_001,scn_9b1c00be65ac,overt_fraud,0,7,1,1,0,1,4,0,2,0
txn_9964fe3831e7,55.28,0.2944,1,0,34.0,34.0,34.0,1.0,7.0,1.0,1.0,0.0,45.8138,0.2066,1.1,1.1,491.0,0.2803,153.7,779.0,0.2417,0.039,1.3478,0.5855,95.0,3.0,1,identity_onboarding_fraud,fraudulent_merchant_onboarding,identity_fraud_merchant_001,scn_9b1c00be65ac,overt_fraud,2,7,1,1,0,1,1,2,2,0
txn_52f411d1495a,17.75,0.512,1,0,35.0,35.0,35.0,2.0,6.0,2.0,2.0,0.0,46.0843,0.6148,18.35,18.35,491.0,0.2803,153.7,779.0,0.2417,0.039,1.3478,0.5855,95.0,3.0,1,identity_onboarding_fraud,fraudulent_merchant_onboarding,identity_fraud_merchant_001,scn_9b1c00be65ac,overt_fraud,1,7,1,1,0,3,3,0,1,0
txn_2c1bb9101df7,12.07,0.13,3,0,36.0,36.0,36.0,0.0,6.0,0.0,0.0,0.0,45.2972,0.7335,115.72,115.72,491.0,0.2803,153.7,779.0,0.2417,0.039,1.3478,0.5855,95.0,3.0,1,identity_onboarding_fraud,fraudulent_merchant_onboarding,identity_fraud_merchant_001,scn_9b1c00be65ac,overt_fraud,1,7,1,1,0,4,4,6,1,0
txn_30e0090bbc9e,42.2,0.581,3,0,37.0,37.0,37.0,1.0,6.0,1.0,1.0,0.0,44.3992,0.0495,36.52,36.52,491.0,0.2803,153.7,779.0,0.2417,0.039,1.3478,0.5855,95.0,3.0,1,identity_onboarding_fraud,fraudulent_merchant_onboarding,identity_fraud_merchant_001,scn_9b1c00be65ac,overt_fraud,3,7,1,1,0,4,4,3,1,0
txn_5bdb0a935cae,38.6,0.3986,4,0,38.0,38.0,38.0,2.0,6.0,1.0,1.0,0.0,44.3413,0.1295,24.57,24.57,491.0,0.2803,153.7,779.0,0.2417,0.039,1.3478,0.5855,95.0,3.0,1,identity_onboarding_fraud,fraudulent_merchant_onboarding,identity_fraud_merchant_001,scn_9b1c00be65ac,overt_fraud,4,7,1,1,0,4,4,0,2,0
txn_af774f5189e1,23.45,0.1552,10,0,0.0,0.0,0.0,0.0,3.0,0.0,0.0,0.0,0.0,0.0,1440.0,1440.0,690.0,0.307,83.01,141.0,0.1328,0.0682,0.2459,0.7042,224.0,2.0,1,identity_onboarding_fraud,mule_account_creation,identity_mule_account_001,scn_33f8d175e754,overt_fraud,0,9,3,1,0,3,3,1,0,0
txn_57ebca8ccb56,119.25,0.0829,10,0,1.0,1.0,1.0,1.0,3.0,1.0,1.0,0.0,23.45,4.0853,12.26,12.26,690.0,0.307,83.01,141.0,0.1328,0.0682,0.2459,0.7042,224.0,2.0,1,identity_onboarding_fraud,mule_account_creation,identity_mule_account_001,scn_33f8d175e754,overt_fraud,1,9,3,1,0,1,1,1,0,0
txn_eb7801f72e26,37.03,0.3344,11,0,2.0,2.0,2.0,2.0,3.0,2.0,2.0,0.0,71.35,0.481,34.79,34.79,690.0,0.307,83.01,141.0,0.1328,0.0682,0.2459,0.7042,224.0,2.0,1,identity_onboarding_fraud,mule_account_creation,identity_mule_account_001,scn_33f8d175e754,overt_fraud,4,9,3,1,1,1,1,0,0,1
txn_f84a52abb4ac,172.93,0.3245,14,0,3.0,3.0,3.0,0.0,6.0,0.0,0.0,1.0,59.91,1.8865,196.52,196.52,690.0,0.307,83.01,141.0,0.1328,0.0682,0.2459,0.7042,224.0,2.0,1,identity_onboarding_fraud,mule_account_creation,identity_mule_account_001,scn_33f8d175e754,overt_fraud,1,9,3,1,0,1,1,2,0,0
txn_41b15f039e11,50.63,0.6224,14,0,4.0,4.0,4.0,1.0,6.0,1.0,1.0,1.0,88.165,0.4257,7.77,7.77,690.0,0.307,83.01,141.0,0.1328,0.0682,0.2459,0.7042,224.0,2.0,1,identity_onboarding_fraud,mule_account_creation,identity_mule_account_001,scn_33f8d175e754,overt_fraud,2,9,3,1,0,4,4,1,0,0
txn_17df180d4fd2,128.79,0.4688,15,0,5.0,5.0,5.0,2.0,7.0,2.0,2.0,1.0,80.658,0.5967,39.01,39.01,690.0,0.307,83.01,141.0,0.1328,0.0682,0.2459,0.7042,224.0,2.0,1,identity_onboarding_fraud,mule_account_creation,identity_mule_account_001,scn_33f8d175e754,overt_fraud,0,9,3,1,0,1,1,2,0,0
txn_d1f7498cc897,31.69,0.2085,17,0,6.0,6.0,6.0,0.0,8.0,0.0,0.0,1.0,88.68,0.6426,126.69,126.69,690.0,0.307,83.01,141.0,0.1328,0.0682,0.2459,0.7042,224.0,2.0,1,identity_onboarding_fraud,mule_account_creation,identity_mule_account_001,scn_33f8d175e754,overt_fraud,2,9,3,1,0,5,5,4,0,0
txn_f538ffba4021,19.9,0.5713,19,1,7.0,7.0,7.0,1.0,9.0,0.0,0.0,1.0,80.5386,0.7529,129.25,129.25,690.0,0.307,83.01,141.0,0.1328,0.0682,0.2459,0.7042,224.0,2.0,1,identity_onboarding_fraud,mule_account_creation,identity_mule_account_001,scn_33f8d175e754,overt_fraud,0,9,3,1,0,1,3,6,0,0
txn_0db5cd7ddd60,60.93,0.1763,20,0,8.0,8.0,8.0,2.0,11.0,0.0,0.0,1.0,72.9587,0.1649,74.3,74.3,690.0,0.307,83.01,141.0,0.1328,0.0682,0.2459,0.7042,224.0,2.0,1,identity_onboarding_fraud,mule_account_creation,identity_mule_account_001,scn_33f8d175e754,overt_fraud,3,9,3,1,0,3,3,0,0,0
txn_24830e235083,67.8,0.4446,21,0,9.0,9.0,9.0,0.0,11.0,1.0,1.0,1.0,71.6222,0.0534,36.94,36.94,690.0,0.307,83.01,141.0,0.1328,0.0682,0.2459,0.7042,224.0,2.0,1,identity_onboarding_fraud,mule_account_creation,identity_mule_account_001,scn_33f8d175e754,overt_fraud,4,9,3,1,0,1,1,0,0,0
txn_8c3b2a8a39f1,47.08,0.2797,22,0,10.0,10.0,10.0,1.0,13.0,0.0,0.0,1.0,71.24,0.3391,76.13,76.13,690.0,0.307,83.01,141.0,0.1328,0.0682,0.2459,0.7042,224.0,2.0,1,identity_onboarding_fraud,mule_account_creation,identity_mule_account_001,scn_33f8d175e754,overt_fraud,1,9,3,1,0,4,4,3,0,0
txn_e49475ad8967,30.56,0.4484,0,0,11.0,11.0,11.0,2.0,14.0,0.0,0.0,1.0,69.0436,0.5574,148.34,148.34,690.0,0.307,83.01,141.0,0.1328,0.0682,0.2459,0.7042,224.0,2.0,1,identity_onboarding_fraud,mule_account_creation,identity_mule_account_001,scn_33f8d175e754,overt_fraud,4,9,3,1,0,3,3,6,0,0
txn_36b1d66a4e2b,10.34,0.3733,2,0,12.0,12.0,12.0,0.0,17.0,0.0,0.0,1.0,65.8367,0.8429,103.29,103.29,690.0,0.307,83.01,141.0,0.1328,0.0682,0.2459,0.7042,224.0,2.0,1,identity_onboarding_fraud,mule_account_creation,identity_mule_account_001,scn_33f8d175e754,overt_fraud,3,9,3,1,0,5,5,6,0,0
txn_9e5d5dc40cfd,13.16,0.5544,3,0,13.0,13.0,13.0,1.0,17.0,1.0,1.0,1.0,61.5677,0.7863,43.48,43.48,690.0,0.307,83.01,141.0,0.1328,0.0682,0.2459,0.7042,224.0,2.0,1,identity_onboarding_fraud,mule_account_creation,identity_mule_account_001,scn_33f8d175e754,overt_fraud,2,9,3,1,0,0,0,2,0,0
txn_8d103baf3171,27.05,0.2875,3,0,14.0,14.0,14.0,2.0,17.0,2.0,2.0,1.0,58.11,0.5345,3.66,3.66,690.0,0.307,83.01,141.0,0.1328,0.0682,0.2459,0.7042,224.0,2.0,1,identity_onboarding_fraud,mule_account_creation,identity_mule_account_001,scn_33f8d175e754,overt_fraud,2,9,3,1,0,4,4,6,0,0
txn_63b423cc6ce4,52.41,0.3525,5,0,15.0,15.0,15.0,0.0,18.0,0.0,0.0,1.0,56.0393,0.0648,147.1,147.1,690.0,0.307,83.01,141.0,0.1328,0.0682,0.2459,0.7042,224.0,2.0,1,identity_onboarding_fraud,mule_account_creation,identity_mule_account_001,scn_33f8d175e754,overt_fraud,3,9,3,1,0,4,4,1,0,0
txn_e2a3b1796370,32.18,0.3739,6,0,16.0,16.0,16.0,1.0,18.0,1.0,1.0,1.0,55.8125,0.4234,50.88,50.88,690.0,0.307,83.01,141.0,0.1328,0.0682,0.2459,0.7042,224.0,2.0,1,identity_onboarding_fraud,mule_account_creation,identity_mule_account_001,scn_33f8d175e754,overt_fraud,3,9,3,1,0,3,3,5,0,0
txn_67d5677893c2,43.89,0.4279,8,0,17.0,17.0,17.0,2.0,19.0,0.0,0.0,1.0,54.4224,0.1935,84.07,84.07,690.0,0.307,83.01,141.0,0.1328,0.0682,0.2459,0.7042,224.0,2.0,1,identity_onboarding_fraud,mule_account_creation,identity_mule_account_001,scn_33f8d175e754,overt_fraud,0,9,3,1,0,2,2,1,0,0
txn_121e0a2ef3a0,39.66,0.08,8,0,18.0,18.0,18.0,0.0,17.0,1.0,1.0,1.0,53.8372,0.2633,9.22,9.22,690.0,0.307,83.01,141.0,0.1328,0.0682,0.2459,0.7042,224.0,2.0,1,identity_onboarding_fraud,mule_account_creation,identity_mule_account_001,scn_33f8d175e754,overt_fraud,2,9,3,1,0,3,3,3,0,0
txn_1ed4aa67d8f4,99.08,0.1394,8,0,19.0,19.0,19.0,1.0,17.0,2.0,2.0,1.0,53.0911,0.8662,5.25,5.25,690.0,0.307,83.01,141.0,0.1328,0.0682,0.2459,0.7042,224.0,2.0,1,identity_onboarding_fraud,mule_account_creation,identity_mule_account_001,scn_33f8d175e754,overt_fraud,1,9,3,1,0,1,1,4,0,0
txn_89a4b7627d52,70.79,0.4885,13,0,20.0,20.0,20.0,2.0,16.0,0.0,0.0,0.0,55.3905,0.278,290.56,290.56,690.0,0.307,83.01,141.0,0.1328,0.0682,0.2459,0.7042,224.0,2.0,1,identity_onboarding_fraud,mule_account_creation,identity_mule_account_001,scn_33f8d175e754,overt_fraud,4,9,3,1,0,1,1,4,0,0
txn_9d846df83b43,82.61,0.4604,14,1,21.0,21.0,21.0,0.0,16.0,1.0,1.0,0.0,56.1238,0.4719,49.5,49.5,690.0,0.307,83.01,141.0,0.1328,0.0682,0.2459,0.7042,224.0,2.0,1,identity_onboarding_fraud,mule_account_creation,identity_mule_account_001,scn_33f8d175e754,overt_fraud,3,9,3,1,0,2,4,4,0,0
txn_5102a809c536,50.33,0.3834,14,0,22.0,22.0,22.0,1.0,15.0,1.0,1.0,0.0,57.3277,0.1221,42.77,42.77,690.0,0.307,83.01,141.0,0.1328,0.0682,0.2459,0.7042,224.0,2.0,1,identity_onboarding_fraud,mule_account_creation,identity_mule_account_001,scn_33f8d175e754,overt_fraud,0,9,3,1,0,5,5,4,0,0
txn_d9c0ab98e11b,53.52,0.2527,14,0,23.0,23.0,23.0,2.0,13.0,2.0,2.0,0.0,57.0235,0.0614,9.92,9.92,690.0,0.307,83.01,141.0,0.1328,0.0682,0.2459,0.7042,224.0,2.0,1,identity_onboarding_fraud,mule_account_creation,identity_mule_account_001,scn_33f8d175e754,overt_fraud,0,9,3,1,0,2,2,4,0,0
txn_18f1787a076f,42.76,0.1813,16,0,24.0,24.0,24.0,0.0,11.0,0.0,0.0,0.0,56.8775,0.2482,66.97,66.97,690.0,0.307,83.01,141.0,0.1328,0.0682,0.2459,0.7042,224.0,2.0,1,identity_onboarding_fraud,mule_account_creation,identity_mule_account_001,scn_33f8d175e754,overt_fraud,0,9,3,1,0,5,5,2,0,0
txn_abbda02b8d73,31.46,0.08,16,0,25.0,25.0,25.0,1.0,9.0,1.0,1.0,0.0,56.3128,0.4413,22.28,22.28,690.0,0.307,83.01,141.0,0.1328,0.0682,0.2459,0.7042,224.0,2.0,1,identity_onboarding_fraud,mule_account_creation,identity_mule_account_001,scn_33f8d175e754,overt_fraud,4,9,3,1,0,0,0,4,0,0
txn_dbe3a864560e,38.35,0.3583,17,0,26.0,26.0,26.0,2.0,8.0,0.0,0.0,0.0,55.3569,0.3072,69.36,69.36,690.0,0.307,83.01,141.0,0.1328,0.0682,0.2459,0.7042,224.0,2.0,1,identity_onboarding_fraud,mule_account_creation,identity_mule_account_001,scn_33f8d175e754,overt_fraud,0,9,3,1,0,4,4,6,0,0
txn_5964ca1d1f38,377.35,0.4752,19,1,27.0,27.0,27.0,0.0,7.0,0.0,0.0,0.0,54.727,5.8951,97.01,97.01,690.0,0.307,83.01,141.0,0.1328,0.0682,0.2459,0.7042,224.0,2.0,1,identity_onboarding_fraud,mule_account_creation,identity_mule_account_001,scn_33f8d175e754,overt_fraud,0,9,3,1,0,4,0,0,0,0
txn_a86b45db1a9a,25.79,0.4272,19,0,28.0,28.0,28.0,1.0,7.0,1.0,1.0,0.0,66.2493,0.6107,5.35,5.35,690.0,0.307,83.01,141.0,0.1328,0.0682,0.2459,0.7042,224.0,2.0,1,identity_onboarding_fraud,mule_account_creation,identity_mule_account_001,scn_33f8d175e754,overt_fraud,1,9,3,1,0,3,3,1,0,0
txn_a09e5fff61f3,136.16,0.3991,23,0,29.0,29.0,29.0,2.0,10.0,0.0,0.0,0.0,64.8541,1.0995,230.3,230.3,690.0,0.307,83.01,141.0,0.1328,0.0682,0.2459,0.7042,224.0,2.0,1,identity_onboarding_fraud,mule_account_creation,identity_mule_account_001,scn_33f8d175e754,overt_fraud,4,9,3,1,0,5,5,5,0,0
txn_5e75329441a5,29.84,0.4033,23,0,30.0,30.0,30.0,0.0,9.0,1.0,1.0,0.0,67.231,0.5562,9.74,9.74,690.0,0.307,83.01,141.0,0.1328,0.0682,0.2459,0.7042,224.0,2.0,1,identity_onboarding_fraud,mule_account_creation,identity_mule_account_001,scn_33f8d175e754,overt_fraud,2,9,3,1,0,4,4,2,0,0
txn_1284bf5fea30,24.84,0.3202,23,0,31.0,31.0,31.0,1.0,8.0,2.0,2.0,0.0,66.0248,0.6238,37.28,37.28,690.0,0.307,83.01,141.0,0.1328,0.0682,0.2459,0.7042,224.0,2.0,1,identity_onboarding_fraud,mule_account_creation,identity_mule_account_001,scn_33f8d175e754,overt_fraud,2,9,3,1,0,1,1,2,0,0
txn_c19f05623f9c,48.48,0.1516,0,0,32.0,32.0,32.0,2.0,7.0,2.0,2.0,0.0,64.7378,0.2511,13.98,13.98,690.0,0.307,83.01,141.0,0.1328,0.0682,0.2459,0.7042,224.0,2.0,1,identity_onboarding_fraud,mule_account_creation,identity_mule_account_001,scn_33f8d175e754,overt_fraud,4,9,3,1,0,0,0,1,0,0
txn_9fcb926a0084,115.92,0.2149,2,0,33.0,33.0,33.0,0.0,10.0,0.0,0.0,0.0,64.2452,0.8043,136.29,136.29,690.0,0.307,83.01,141.0,0.1328,0.0682,0.2459,0.7042,224.0,2.0,1,identity_onboarding_fraud,mule_account_creation,identity_mule_account_001,scn_33f8d175e754,overt_fraud,4,9,3,1,0,2,2,0,0,0
txn_209213606cbc,22.4,0.6919,4,0,34.0,34.0,34.0,1.0,9.0,0.0,0.0,0.0,65.765,0.6594,99.51,99.51,690.0,0.307,83.01,141.0,0.1328,0.0682,0.2459,0.7042,224.0,2.0,1,identity_onboarding_fraud,mule_account_creation,identity_mule_account_001,scn_33f8d175e754,overt_fraud,1,9,3,1,1,1,1,6,0,1
txn_d254307d4f95,51.06,0.3961,4,1,35.0,35.0,35.0,2.0,8.0,1.0,1.0,1.0,64.526,0.2087,49.03,49.03,690.0,0.307,83.01,141.0,0.1328,0.0682,0.2459,0.7042,224.0,2.0,1,identity_onboarding_fraud,mule_account_creation,identity_mule_account_001,scn_33f8d175e754,overt_fraud,3,9,3,1,0,5,0,1,0,0
txn_22ad41ee7e58,108.52,0.1365,5,0,36.0,36.0,36.0,0.0,8.0,1.0,1.0,1.0,64.1519,0.6916,43.93,43.93,690.0,0.307,83.01,141.0,0.1328,0.0682,0.2459,0.7042,224.0,2.0,1,identity_onboarding_fraud,mule_account_creation,identity_mule_account_001,scn_33f8d175e754,overt_fraud,1,9,3,1,0,1,1,5,0,0
txn_26560b7730e0,36.5,0.4907,6,0,37.0,37.0,37.0,1.0,8.0,1.0,1.0,1.0,65.3511,0.4415,34.0,34.0,690.0,0.307,83.01,141.0,0.1328,0.0682,0.2459,0.7042,224.0,2.0,1,identity_onboarding_fraud,mule_account_creation,identity_mule_account_001,scn_33f8d175e754,overt_fraud,0,9,3,1,0,0,0,3,0,0
txn_cd23e9a0eadc,13.1,0.2729,6,0,38.0,38.0,38.0,2.0,7.0,1.0,1.0,1.0,64.5918,0.7972,30.54,30.54,690.0,0.307,83.01,141.0,0.1328,0.0682,0.2459,0.7042,224.0,2.0,1,identity_onboarding_fraud,mule_account_creation,identity_mule_account_001,scn_33f8d175e754,overt_fraud,2,9,3,1,0,1,1,4,0,0
txn_a67f359e0f2c,31.3,0.4628,9,0,39.0,39.0,39.0,0.0,8.0,0.0,0.0,1.0,63.2715,0.5053,142.36,142.36,690.0,0.307,83.01,141.0,0.1328,0.0682,0.2459,0.7042,224.0,2.0,1,identity_onboarding_fraud,mule_account_creation,identity_mule_account_001,scn_33f8d175e754,overt_fraud,2,9,3,1,0,0,0,5,0,0
txn_1d18f6a41dd5,96.78,0.3278,11,0,0.0,0.0,0.0,0.0,4.0,0.0,0.0,0.0,0.0,0.0,1440.0,1440.0,803.0,0.1646,272.67,54.0,0.224,0.0236,0.072,0.482,162.0,2.0,1,identity_onboarding_fraud,stolen_identity_signup,identity_stolen_signup_001,scn_cde3aa617988,overt_fraud,4,9,4,1,0,1,1,3,3,0
txn_218cf51add5e,19.6,0.1648,13,0,1.0,1.0,1.0,1.0,5.0,0.0,0.0,0.0,96.78,0.7975,160.39,160.39,803.0,0.1646,272.67,54.0,0.224,0.0236,0.072,0.482,162.0,2.0,1,identity_onboarding_fraud,stolen_identity_signup,identity_stolen_signup_001,scn_cde3aa617988,overt_fraud,1,9,4,1,0,5,5,5,3,0
txn_077ecf2a486f,31.73,0.5426,14,0,2.0,2.0,2.0,2.0,5.0,1.0,1.0,0.0,58.19,0.4547,18.19,18.19,803.0,0.1646,272.67,54.0,0.224,0.0236,0.072,0.482,162.0,2.0,1,identity_onboarding_fraud,stolen_identity_signup,identity_stolen_signup_001,scn_cde3aa617988,overt_fraud,1,9,4,1,0,1,1,4,3,0
txn_ea48db7355cd,21.73,0.2169,14,0,3.0,3.0,3.0,0.0,7.0,2.0,2.0,0.0,49.37,0.5599,37.4,37.4,803.0,0.1646,272.67,54.0,0.224,0.0236,0.072,0.482,162.0,2.0,1,identity_onboarding_fraud,stolen_identity_signup,identity_stolen_signup_001,scn_cde3aa617988,overt_fraud,3,9,4,1,0,1,1,2,3,0
txn_6a47d8add6d0,156.5,0.1764,14,0,4.0,4.0,4.0,1.0,6.0,3.0,3.0,0.0,42.46,2.6858,0.18,0.18,803.0,0.1646,272.67,54.0,0.224,0.0236,0.072,0.482,162.0,2.0,1,identity_onboarding_fraud,stolen_identity_signup,identity_stolen_signup_001,scn_cde3aa617988,overt_fraud,4,9,4,1,0,5,5,6,3,0
txn_d1a13e580f68,70.74,0.2507,15,1,5.0,5.0,5.0,2.0,7.0,0.0,0.0,0.0,65.268,0.0838,72.13,72.13,803.0,0.1646,272.67,54.0,0.224,0.0236,0.072,0.482,162.0,2.0,1,identity_onboarding_fraud,stolen_identity_signup,identity_stolen_signup_001,scn_cde3aa617988,overt_fraud,4,9,4,1,0,4,2,1,3,0
txn_9f962caa6abc,9.04,0.3975,18,0,6.0,6.0,6.0,0.0,8.0,0.0,0.0,0.0,66.18,0.8634,135.34,135.34,803.0,0.1646,272.67,54.0,0.224,0.0236,0.072,0.482,162.0,2.0,1,identity_onboarding_fraud,stolen_identity_signup,identity_stolen_signup_001,scn_cde3aa617988,overt_fraud,3,9,4,1,0,0,0,0,3,0
txn_a3b02a07c56d,62.27,0.4779,19,0,7.0,7.0,7.0,1.0,9.0,1.0,1.0,0.0,58.0171,0.0733,57.45,57.45,803.0,0.1646,272.67,54.0,0.224,0.0236,0.072,0.482,162.0,2.0,1,identity_onboarding_fraud,stolen_identity_signup,identity_stolen_signup_001,scn_cde3aa617988,overt_fraud,3,9,4,1,0,0,0,3,3,0
txn_80d83b69f16f,39.51,0.6454,21,1,8.0,8.0,8.0,2.0,10.0,0.0,0.0,0.0,58.5487,0.3252,123.33,123.33,803.0,0.1646,272.67,54.0,0.224,0.0236,0.072,0.482,162.0,2.0,1,identity_onboarding_fraud,stolen_identity_signup,identity_stolen_signup_001,scn_cde3aa617988,overt_fraud,3,9,4,1,0,3,5,0,3,0
txn_c3709d3d5878,146.11,0.3246,21,0,9.0,9.0,9.0,0.0,11.0,1.0,1.0,0.0,56.4333,1.5891,18.57,18.57,803.0,0.1646,272.67,54.0,0.224,0.0236,0.072,0.482,162.0,2.0,1,identity_onboarding_fraud,stolen_identity_signup,identity_stolen_signup_001,scn_cde3aa617988,overt_fraud,2,9,4,1,0,0,0,5,3,0
txn_8ead8af38871,25.62,0.8834,21,0,10.0,10.0,10.0,1.0,11.0,2.0,2.0,0.0,65.401,0.6083,9.41,9.41,803.0,0.1646,272.67,54.0,0.224,0.0236,0.072,0.482,162.0,2.0,1,identity_onboarding_fraud,stolen_identity_signup,identity_stolen_signup_001,scn_cde3aa617988,overt_fraud,2,9,4,1,0,4,4,2,3,0
txn_6826a925e649,54.5,0.1498,22,1,11.0,11.0,11.0,2.0,12.0,2.0,2.0,0.0,61.7845,0.1179,46.7,46.7,803.0,0.1646,272.67,54.0,0.224,0.0236,0.072,0.482,162.0,2.0,1,identity_onboarding_fraud,stolen_identity_signup,identity_stolen_signup_001,scn_cde3aa617988,overt_fraud,3,9,4,1,0,3,0,3,3,0
txn_ef552fb5a250,16.67,0.4956,22,0,12.0,12.0,12.0,0.0,13.0,1.0,1.0,0.0,61.1775,0.7275,30.38,30.38,803.0,0.1646,272.67,54.0,0.224,0.0236,0.072,0.482,162.0,2.0,1,identity_onboarding_fraud,stolen_identity_signup,identity_stolen_signup_001,scn_cde3aa617988,overt_fraud,0,9,4,1,0,2,2,3,3,0
txn_4b0593b7019f,249.91,0.3037,0,0,13.0,13.0,13.0,1.0,14.0,0.0,0.0,0.0,57.7538,3.3272,93.99,93.99,803.0,0.1646,272.67,54.0,0.224,0.0236,0.072,0.482,162.0,2.0,1,identity_onboarding_fraud,stolen_identity_signup,identity_stolen_signup_001,scn_cde3aa617988,overt_fraud,2,9,4,1,0,1,1,0,3,0
txn_55309f50e35e,61.94,0.4842,3,1,14.0,14.0,14.0,2.0,16.0,0.0,0.0,0.0,71.4793,0.1335,159.33,159.33,803.0,0.1646,272.67,54.0,0.224,0.0236,0.072,0.482,162.0,2.0,1,identity_onboarding_fraud,stolen_identity_signup,identity_stolen_signup_001,scn_cde3aa617988,overt_fraud,0,9,4,1,0,5,4,0,3,0
txn_92a3447d8168,26.44,0.3868,3,0,15.0,15.0,15.0,0.0,16.0,1.0,1.0,0.0,70.8433,0.6268,41.04,41.04,803.0,0.1646,272.67,54.0,0.224,0.0236,0.072,0.482,162.0,2.0,1,identity_onboarding_fraud,stolen_identity_signup,identity_stolen_signup_001,scn_cde3aa617988,overt_fraud,1,9,4,1,0,2,2,0,3,0
txn_682218f258c3,10.39,0.5106,11,0,0.0,0.0,0.0,0.0,4.0,0.0,0.0,0.0,0.0,0.0,1440.0,1440.0,1551.0,0.0431,220.56,1958.0,0.0123,0.0124,0.1186,0.1072,212.0,0.0,1,identity_onboarding_fraud,synthetic_identity,identity_synthetic_001,scn_3abb87b65aff,stealth_fraud,3,9,4,1,0,2,2,2,3,0
txn_f6a494dab98b,44.92,0.5059,13,0,1.0,1.0,1.0,1.0,4.0,0.0,0.0,0.0,10.39,3.3234,109.28,109.28,1551.0,0.0431,220.56,1958.0,0.0123,0.0124,0.1186,0.1072,212.0,0.0,1,identity_onboarding_fraud,synthetic_identity,identity_synthetic_001,scn_3abb87b65aff,stealth_fraud,3,9,4,1,0,1,1,1,3,0
txn_1520775aab7d,49.4,0.2068,13,0,2.0,2.0,2.0,2.0,5.0,1.0,1.0,0.0,27.655,0.7863,35.06,35.06,1551.0,0.0431,220.56,1958.0,0.0123,0.0124,0.1186,0.1072,212.0,0.0,1,identity_onboarding_fraud,synthetic_identity,identity_synthetic_001,scn_3abb87b65aff,stealth_fraud,4,9,4,1,0,0,0,1,3,0
txn_59cd9c564325,64.78,0.4794,16,0,3.0,3.0,3.0,0.0,8.0,0.0,0.0,0.0,34.9033,0.856,147.7,147.7,1551.0,0.0431,220.56,1958.0,0.0123,0.0124,0.1186,0.1072,212.0,0.0,1,identity_onboarding_fraud,synthetic_identity,identity_synthetic_001,scn_3abb87b65aff,stealth_fraud,3,9,4,1,0,5,5,1,3,0
txn_70e8a9121fed,75.5,0.5259,19,0,4.0,4.0,4.0,1.0,9.0,0.0,0.0,0.0,42.3725,0.7818,191.55,191.55,1551.0,0.0431,220.56,1958.0,0.0123,0.0124,0.1186,0.1072,212.0,0.0,1,identity_onboarding_fraud,synthetic_identity,identity_synthetic_001,scn_3abb87b65aff,stealth_fraud,2,9,4,1,0,3,3,5,3,0
txn_69fb285e462d,23.01,0.3773,20,0,5.0,5.0,5.0,2.0,10.0,1.0,1.0,0.0,48.998,0.5304,45.02,45.02,1551.0,0.0431,220.56,1958.0,0.0123,0.0124,0.1186,0.1072,212.0,0.0,1,identity_onboarding_fraud,synthetic_identity,identity_synthetic_001,scn_3abb87b65aff,stealth_fraud,3,9,4,1,0,5,5,4,3,0
txn_e156044cd8c5,17.47,0.1226,20,0,6.0,6.0,6.0,0.0,10.0,2.0,2.0,0.0,44.6667,0.6089,6.23,6.23,1551.0,0.0431,220.56,1958.0,0.0123,0.0124,0.1186,0.1072,212.0,0.0,1,identity_onboarding_fraud,synthetic_identity,identity_synthetic_001,scn_3abb87b65aff,stealth_fraud,4,9,4,1,0,4,4,0,3,0
txn_ae3ddb8c66a1,48.02,0.4163,21,0,7.0,7.0,7.0,1.0,12.0,0.0,0.0,0.0,40.7814,0.1775,84.39,84.39,1551.0,0.0431,220.56,1958.0,0.0123,0.0124,0.1186,0.1072,212.0,0.0,1,identity_onboarding_fraud,synthetic_identity,identity_synthetic_001,scn_3abb87b65aff,stealth_fraud,1,9,4,1,0,5,5,0,3,0
txn_54ca458c2c17,209.11,0.3597,22,0,8.0,8.0,8.0,2.0,12.0,1.0,1.0,0.0,41.6863,4.0163,27.96,27.96,1551.0,0.0431,220.56,1958.0,0.0123,0.0124,0.1186,0.1072,212.0,0.0,1,identity_onboarding_fraud,synthetic_identity,identity_synthetic_001,scn_3abb87b65aff,stealth_fraud,0,9,4,1,0,2,2,0,3,0
txn_22be6e94c562,39.87,0.3844,23,0,9.0,9.0,9.0,0.0,13.0,0.0,0.0,0.0,60.2889,0.3387,77.32,77.32,1551.0,0.0431,220.56,1958.0,0.0123,0.0124,0.1186,0.1072,212.0,0.0,1,identity_onboarding_fraud,synthetic_identity,identity_synthetic_001,scn_3abb87b65aff,stealth_fraud,3,9,4,1,0,0,0,6,3,0
txn_df91b6961bb7,17.29,0.5267,23,0,10.0,10.0,10.0,1.0,14.0,1.0,1.0,0.0,58.247,0.7032,17.29,17.29,1551.0,0.0431,220.56,1958.0,0.0123,0.0124,0.1186,0.1072,212.0,0.0,1,identity_onboarding_fraud,synthetic_identity,identity_synthetic_001,scn_3abb87b65aff,stealth_fraud,1,9,4,1,0,3,3,5,3,0
txn_511618fef5a5,38.48,0.5649,10,0,0.0,0.0,0.0,0.0,0.0,0.0,0.0,0.0,0.0,0.0,1440.0,1440.0,495.0,0.3391,326.43,874.0,0.1507,0.0295,0.651,0.2244,147.0,2.0,1,identity_onboarding_fraud,synthetic_business,identity_synthetic_business_001,scn_21c7e145a44a,overt_fraud,1,7,1,1,0,1,1,4,2,0
txn_ac2c09b7f1e5,20.34,0.3913,10,0,1.0,1.0,1.0,1.0,2.0,1.0,1.0,0.0,38.48,0.4714,15.0,15.0,495.0,0.3391,326.43,874.0,0.1507,0.0295,0.651,0.2244,147.0,2.0,1,identity_onboarding_fraud,synthetic_business,identity_synthetic_business_001,scn_21c7e145a44a,overt_fraud,1,7,1,1,0,4,4,4,2,0
txn_5e6e3a5aa786,45.29,0.4327,10,0,2.0,2.0,2.0,2.0,3.0,2.0,2.0,0.0,29.41,0.54,28.01,28.01,495.0,0.3391,326.43,874.0,0.1507,0.0295,0.651,0.2244,147.0,2.0,1,identity_onboarding_fraud,synthetic_business,identity_synthetic_business_001,scn_21c7e145a44a,overt_fraud,0,7,1,1,0,0,0,2,1,0
txn_bf64c9d5dc0d,93.94,0.3807,11,0,3.0,3.0,3.0,0.0,4.0,1.0,1.0,0.0,34.7033,1.7069,41.08,41.08,495.0,0.3391,326.43,874.0,0.1507,0.0295,0.651,0.2244,147.0,2.0,1,identity_onboarding_fraud,synthetic_business,identity_synthetic_business_001,scn_21c7e145a44a,overt_fraud,0,7,1,1,0,4,4,6,1,0
txn_1df8270ac8e7,43.9,0.614,12,0,4.0,4.0,4.0,1.0,4.0,1.0,1.0,0.0,49.5125,0.1134,55.56,55.56,495.0,0.3391,326.43,874.0,0.1507,0.0295,0.651,0.2244,147.0,2.0,1,identity_onboarding_fraud,synthetic_business,identity_synthetic_business_001,scn_21c7e145a44a,overt_fraud,0,7,1,1,0,0,0,2,1,0
txn_627596b31710,10.54,0.3898,14,0,5.0,5.0,5.0,2.0,6.0,0.0,0.0,0.0,48.39,0.7822,118.54,118.54,495.0,0.3391,326.43,874.0,0.1507,0.0295,0.651,0.2244,147.0,2.0,1,identity_onboarding_fraud,synthetic_business,identity_synthetic_business_001,scn_21c7e145a44a,overt_fraud,1,7,1,1,0,1,1,1,2,0
txn_6f3921895a19,108.27,0.3818,16,0,6.0,6.0,6.0,0.0,9.0,0.0,0.0,0.0,42.0817,1.5729,134.42,134.42,495.0,0.3391,326.43,874.0,0.1507,0.0295,0.651,0.2244,147.0,2.0,1,identity_onboarding_fraud,synthetic_business,identity_synthetic_business_001,scn_21c7e145a44a,overt_fraud,2,7,1,1,0,5,5,3,1,0
txn_f4a66e1e0cc5,52.77,0.2107,19,0,7.0,7.0,7.0,1.0,10.0,0.0,0.0,0.0,51.5371,0.0239,179.68,179.68,495.0,0.3391,326.43,874.0,0.1507,0.0295,0.651,0.2244,147.0,2.0,1,identity_onboarding_fraud,synthetic_business,identity_synthetic_business_001,scn_21c7e145a44a,overt_fraud,1,7,1,1,0,0,0,3,1,0
txn_c34e2b9ecffa,54.58,0.3461,21,0,8.0,8.0,8.0,2.0,10.0,0.0,0.0,0.0,51.6912,0.0559,104.03,104.03,495.0,0.3391,326.43,874.0,0.1507,0.0295,0.651,0.2244,147.0,2.0,1,identity_onboarding_fraud,synthetic_business,identity_synthetic_business_001,scn_21c7e145a44a,overt_fraud,1,7,1,1,0,4,4,4,1,0
txn_c27037301d64,35.91,0.5605,21,0,9.0,9.0,9.0,0.0,11.0,1.0,1.0,0.0,52.0122,0.3096,26.2,26.2,495.0,0.3391,326.43,874.0,0.1507,0.0295,0.651,0.2244,147.0,2.0,1,identity_onboarding_fraud,synthetic_business,identity_synthetic_business_001,scn_21c7e145a44a,overt_fraud,3,7,1,1,0,1,1,5,1,0
txn_08bd59797eeb,71.64,0.5007,22,0,10.0,10.0,10.0,1.0,12.0,1.0,1.0,0.0,50.402,0.4214,56.37,56.37,495.0,0.3391,326.43,874.0,0.1507,0.0295,0.651,0.2244,147.0,2.0,1,identity_onboarding_fraud,synthetic_business,identity_synthetic_business_001,scn_21c7e145a44a,overt_fraud,1,7,1,1,0,0,0,1,1,0
txn_487fb91bbd54,12.96,0.2371,0,0,11.0,11.0,11.0,2.0,13.0,0.0,0.0,0.0,52.3327,0.7524,90.3,90.3,495.0,0.3391,326.43,874.0,0.1507,0.0295,0.651,0.2244,147.0,2.0,1,identity_onboarding_fraud,synthetic_business,identity_synthetic_business_001,scn_21c7e145a44a,overt_fraud,3,7,1,1,0,5,5,1,2,0
txn_aa9fe97c512c,1066.23,0.3851,10,0,0.0,0.0,0.0,0.0,0.0,0.0,0.0,0.0,0.0,0.0,1440.0,1440.0,2159.0,0.0796,259.41,3503.0,0.0001,0.0082,0.0907,0.0686,1052.0,0.0,1,merchant_ecosystem_abuse,bust_out_merchant,merchant_bustout_001,scn_33316761f03d,stealth_fraud,1,7,1,1,0,0,0,0,2,0
txn_1f8d2099e15a,293.4,0.4255,11,0,1.0,1.0,1.0,1.0,5.0,0.0,0.0,0.0,1066.23,0.7248,101.51,101.51,2159.0,0.0796,259.41,3503.0,0.0001,0.0082,0.0907,0.0686,1052.0,0.0,1,merchant_ecosystem_abuse,bust_out_merchant,merchant_bustout_001,scn_33316761f03d,stealth_fraud,4,7,1,1,0,5,5,0,2,0
txn_80f317d97afd,350.99,0.3463,12,0,2.0,2.0,2.0,2.0,6.0,0.0,0.0,0.0,679.815,0.4837,62.45,62.45,2159.0,0.0796,259.41,3503.0,0.0001,0.0082,0.0907,0.0686,1052.0,0.0,1,merchant_ecosystem_abuse,bust_out_merchant,merchant_bustout_001,scn_33316761f03d,stealth_fraud,2,7,1,1,0,2,2,4,1,0
txn_f3a56a6ca3c4,818.66,0.3082,14,0,3.0,3.0,3.0,0.0,6.0,0.0,0.0,0.0,570.2067,0.4357,112.45,112.45,2159.0,0.0796,259.41,3503.0,0.0001,0.0082,0.0907,0.0686,1052.0,0.0,1,merchant_ecosystem_abuse,bust_out_merchant,merchant_bustout_001,scn_33316761f03d,stealth_fraud,0,7,1,1,0,1,1,1,1,0
txn_9e90cd63124f,733.53,0.2538,15,1,4.0,4.0,4.0,1.0,7.0,1.0,1.0,0.0,632.32,0.1601,25.03,25.03,2159.0,0.0796,259.41,3503.0,0.0001,0.0082,0.0907,0.0686,1052.0,0.0,1,merchant_ecosystem_abuse,bust_out_merchant,merchant_bustout_001,scn_33316761f03d,stealth_fraud,4,7,1,1,0,2,0,1,2,0
txn_c9f07d21317d,829.52,0.1497,16,0,5.0,5.0,5.0,2.0,8.0,0.0,0.0,0.0,652.562,0.2712,69.95,69.95,2159.0,0.0796,259.41,3503.0,0.0001,0.0082,0.0907,0.0686,1052.0,0.0,1,merchant_ecosystem_abuse,bust_out_merchant,merchant_bustout_001,scn_33316761f03d,stealth_fraud,4,7,1,1,0,2,2,0,1,0
txn_d8667b08abd7,174.54,0.3641,18,0,6.0,6.0,6.0,0.0,8.0,0.0,0.0,0.0,682.055,0.7441,128.48,128.48,2159.0,0.0796,259.41,3503.0,0.0001,0.0082,0.0907,0.0686,1052.0,0.0,1,merchant_ecosystem_abuse,bust_out_merchant,merchant_bustout_001,scn_33316761f03d,stealth_fraud,4,7,1,1,0,2,2,1,1,0
txn_1717ff47e22a,899.3,0.6018,18,0,7.0,7.0,7.0,1.0,9.0,1.0,1.0,0.0,609.5529,0.4753,22.03,22.03,2159.0,0.0796,259.41,3503.0,0.0001,0.0082,0.0907,0.0686,1052.0,0.0,1,merchant_ecosystem_abuse,bust_out_merchant,merchant_bustout_001,scn_33316761f03d,stealth_fraud,4,7,1,1,0,1,1,1,1,0
txn_f8bcb9d71122,767.29,0.1698,19,0,8.0,8.0,8.0,2.0,10.0,1.0,1.0,0.0,645.7713,0.1882,57.7,57.7,2159.0,0.0796,259.41,3503.0,0.0001,0.0082,0.0907,0.0686,1052.0,0.0,1,merchant_ecosystem_abuse,bust_out_merchant,merchant_bustout_001,scn_33316761f03d,stealth_fraud,2,7,1,1,1,0,0,4,1,1
txn_49bcb8293c15,791.69,0.3115,20,0,9.0,9.0,9.0,0.0,11.0,1.0,1.0,1.0,659.2733,0.2009,16.67,16.67,2159.0,0.0796,259.41,3503.0,0.0001,0.0082,0.0907,0.0686,1052.0,0.0,1,merchant_ecosystem_abuse,bust_out_merchant,merchant_bustout_001,scn_33316761f03d,stealth_fraud,3,7,1,1,0,2,2,4,1,0
txn_7334e3b8b66e,450.91,0.307,20,0,10.0,10.0,10.0,1.0,12.0,2.0,2.0,1.0,672.515,0.3295,14.56,14.56,2159.0,0.0796,259.41,3503.0,0.0001,0.0082,0.0907,0.0686,1052.0,0.0,1,merchant_ecosystem_abuse,bust_out_merchant,merchant_bustout_001,scn_33316761f03d,stealth_fraud,1,7,1,1,0,0,0,4,1,0
txn_32f305bc5560,539.29,0.307,21,0,11.0,11.0,11.0,2.0,12.0,0.0,0.0,1.0,652.3691,0.1733,91.69,91.69,2159.0,0.0796,259.41,3503.0,0.0001,0.0082,0.0907,0.0686,1052.0,0.0,1,merchant_ecosystem_abuse,bust_out_merchant,merchant_bustout_001,scn_33316761f03d,stealth_fraud,2,7,1,1,0,0,0,4,2,0
txn_8ecfa967d329,1027.14,0.3517,22,0,12.0,12.0,12.0,0.0,13.0,1.0,1.0,1.0,642.9458,0.5976,34.01,34.01,2159.0,0.0796,259.41,3503.0,0.0001,0.0082,0.0907,0.0686,1052.0,0.0,1,merchant_ecosystem_abuse,bust_out_merchant,merchant_bustout_001,scn_33316761f03d,stealth_fraud,2,7,1,1,0,5,5,1,1,0
txn_2b978aad2e9d,1106.1,0.5895,22,0,13.0,13.0,13.0,1.0,14.0,2.0,2.0,1.0,672.4992,0.6448,1.56,1.56,2159.0,0.0796,259.41,3503.0,0.0001,0.0082,0.0907,0.0686,1052.0,0.0,1,merchant_ecosystem_abuse,bust_out_merchant,merchant_bustout_001,scn_33316761f03d,stealth_fraud,4,7,1,1,0,0,0,0,1,0
txn_2dbfd83b8f2f,606.08,0.6332,22,0,14.0,14.0,14.0,2.0,14.0,3.0,3.0,1.0,703.4707,0.1384,18.88,18.88,2159.0,0.0796,259.41,3503.0,0.0001,0.0082,0.0907,0.0686,1052.0,0.0,1,merchant_ecosystem_abuse,bust_out_merchant,merchant_bustout_001,scn_33316761f03d,stealth_fraud,2,7,1,1,0,4,4,0,1,0
txn_0a47af99aadf,1226.84,0.5734,2,0,15.0,15.0,15.0,0.0,14.0,0.0,0.0,1.0,696.978,0.7602,228.88,228.88,2159.0,0.0796,259.41,3503.0,0.0001,0.0082,0.0907,0.0686,1052.0,0.0,1,merchant_ecosystem_abuse,bust_out_merchant,merchant_bustout_001,scn_33316761f03d,stealth_fraud,4,7,1,1,0,2,2,0,1,0
txn_f9df7fc77d75,457.49,0.2803,7,0,16.0,16.0,16.0,1.0,14.0,0.0,0.0,1.0,730.0944,0.3734,285.93,285.93,2159.0,0.0796,259.41,3503.0,0.0001,0.0082,0.0907,0.0686,1052.0,0.0,1,merchant_ecosystem_abuse,bust_out_merchant,merchant_bustout_001,scn_33316761f03d,stealth_fraud,3,7,1,1,0,4,4,0,1,0
txn_a2485a279656,735.52,0.2702,11,0,17.0,17.0,17.0,2.0,14.0,0.0,0.0,1.0,714.0588,0.0301,270.82,270.82,2159.0,0.0796,259.41,3503.0,0.0001,0.0082,0.0907,0.0686,1052.0,0.0,1,merchant_ecosystem_abuse,bust_out_merchant,merchant_bustout_001,scn_33316761f03d,stealth_fraud,1,7,1,1,0,4,4,4,1,0
txn_4c287d05d2fa,1313.24,0.2015,15,0,18.0,18.0,18.0,0.0,16.0,0.0,0.0,1.0,715.2511,0.8361,231.38,231.38,2159.0,0.0796,259.41,3503.0,0.0001,0.0082,0.0907,0.0686,1052.0,0.0,1,merchant_ecosystem_abuse,bust_out_merchant,merchant_bustout_001,scn_33316761f03d,stealth_fraud,1,7,1,1,0,3,3,0,1,0
txn_43e114112ebe,402.78,0.2976,15,0,19.0,19.0,19.0,1.0,14.0,1.0,1.0,1.0,746.7242,0.4606,10.86,10.86,2159.0,0.0796,259.41,3503.0,0.0001,0.0082,0.0907,0.0686,1052.0,0.0,1,merchant_ecosystem_abuse,bust_out_merchant,merchant_bustout_001,scn_33316761f03d,stealth_fraud,0,7,1,1,0,2,2,4,1,0
txn_02834c984d9d,243.21,0.3748,17,0,20.0,20.0,20.0,2.0,14.0,0.0,0.0,1.0,729.527,0.6666,99.85,99.85,2159.0,0.0796,259.41,3503.0,0.0001,0.0082,0.0907,0.0686,1052.0,0.0,1,merchant_ecosystem_abuse,bust_out_merchant,merchant_bustout_001,scn_33316761f03d,stealth_fraud,1,7,1,1,0,3,3,4,1,0
txn_cb4bc538c7f0,1243.24,0.3401,17,0,21.0,21.0,21.0,0.0,11.0,1.0,1.0,1.0,706.369,0.76,15.39,15.39,2159.0,0.0796,259.41,3503.0,0.0001,0.0082,0.0907,0.0686,1052.0,0.0,1,merchant_ecosystem_abuse,bust_out_merchant,merchant_bustout_001,scn_33316761f03d,stealth_fraud,2,7,1,1,0,4,4,0,2,0
txn_42361dc37b6f,235.38,0.386,22,0,22.0,22.0,22.0,1.0,11.0,0.0,0.0,0.0,730.7723,0.6779,267.77,267.77,2159.0,0.0796,259.41,3503.0,0.0001,0.0082,0.0907,0.0686,1052.0,0.0,1,merchant_ecosystem_abuse,bust_out_merchant,merchant_bustout_001,scn_33316761f03d,stealth_fraud,3,7,1,1,0,5,5,0,2,0
txn_6d831fbd7391,1350.87,0.4083,22,0,23.0,23.0,23.0,2.0,10.0,1.0,1.0,0.0,709.2335,0.9047,36.23,36.23,2159.0,0.0796,259.41,3503.0,0.0001,0.0082,0.0907,0.0686,1052.0,0.0,1,merchant_ecosystem_abuse,bust_out_merchant,merchant_bustout_001,scn_33316761f03d,stealth_fraud,1,7,1,1,0,0,0,1,1,0
txn_56d1cba05e3d,868.8,0.1586,22,0,24.0,24.0,24.0,0.0,10.0,2.0,2.0,0.0,735.9683,0.1805,2.32,2.32,2159.0,0.0796,259.41,3503.0,0.0001,0.0082,0.0907,0.0686,1052.0,0.0,1,merchant_ecosystem_abuse,bust_out_merchant,merchant_bustout_001,scn_33316761f03d,stealth_fraud,1,7,1,1,0,5,5,0,2,0
txn_2b1ab384e3a6,927.95,0.2206,22,0,25.0,25.0,25.0,1.0,9.0,3.0,3.0,0.0,741.2816,0.2518,2.04,2.04,2159.0,0.0796,259.41,3503.0,0.0001,0.0082,0.0907,0.0686,1052.0,0.0,1,merchant_ecosystem_abuse,bust_out_merchant,merchant_bustout_001,scn_33316761f03d,stealth_fraud,4,7,1,1,0,0,0,4,1,0
txn_1e26d973adc0,480.37,0.2948,23,0,26.0,26.0,26.0,2.0,10.0,2.0,2.0,0.0,748.4612,0.3582,57.12,57.12,2159.0,0.0796,259.41,3503.0,0.0001,0.0082,0.0907,0.0686,1052.0,0.0,1,merchant_ecosystem_abuse,bust_out_merchant,merchant_bustout_001,scn_33316761f03d,stealth_fraud,1,7,1,1,0,0,0,1,1,0
txn_9678c9b74863,280.72,0.26,0,0,27.0,27.0,27.0,0.0,9.0,1.0,1.0,0.0,738.5319,0.6199,17.56,17.56,2159.0,0.0796,259.41,3503.0,0.0001,0.0082,0.0907,0.0686,1052.0,0.0,1,merchant_ecosystem_abuse,bust_out_merchant,merchant_bustout_001,scn_33316761f03d,stealth_fraud,0,7,1,1,0,5,5,1,2,0
txn_2237ff335d80,1059.27,0.1886,0,0,28.0,28.0,28.0,1.0,9.0,2.0,2.0,0.0,722.1814,0.4668,29.25,29.25,2159.0,0.0796,259.41,3503.0,0.0001,0.0082,0.0907,0.0686,1052.0,0.0,1,merchant_ecosystem_abuse,bust_out_merchant,merchant_bustout_001,scn_33316761f03d,stealth_fraud,1,7,1,1,0,5,5,0,2,0
txn_62376570404f,1109.33,0.295,2,0,29.0,29.0,29.0,2.0,9.0,0.0,0.0,0.0,733.8052,0.5118,88.27,88.27,2159.0,0.0796,259.41,3503.0,0.0001,0.0082,0.0907,0.0686,1052.0,0.0,1,merchant_ecosystem_abuse,bust_out_merchant,merchant_bustout_001,scn_33316761f03d,stealth_fraud,2,7,1,1,0,3,3,0,1,0
txn_545ec4c0fce5,986.05,0.5425,3,0,30.0,30.0,30.0,0.0,8.0,0.0,0.0,0.0,746.3227,0.3212,98.87,98.87,2159.0,0.0796,259.41,3503.0,0.0001,0.0082,0.0907,0.0686,1052.0,0.0,1,merchant_ecosystem_abuse,bust_out_merchant,merchant_bustout_001,scn_33316761f03d,stealth_fraud,1,7,1,1,0,2,2,4,1,0
txn_c32b0a71646a,245.32,0.2499,7,0,31.0,31.0,31.0,1.0,9.0,0.0,0.0,0.0,754.0558,0.6747,232.95,232.95,2159.0,0.0796,259.41,3503.0,0.0001,0.0082,0.0907,0.0686,1052.0,0.0,1,merchant_ecosystem_abuse,bust_out_merchant,merchant_bustout_001,scn_33316761f03d,stealth_fraud,4,7,1,1,0,5,5,0,2,0
txn_ea13aafcd461,1190.43,0.3993,7,1,32.0,32.0,32.0,2.0,9.0,1.0,1.0,0.0,738.1578,0.6127,7.11,7.11,2159.0,0.0796,259.41,3503.0,0.0001,0.0082,0.0907,0.0686,1052.0,0.0,1,merchant_ecosystem_abuse,bust_out_merchant,merchant_bustout_001,scn_33316761f03d,stealth_fraud,1,7,1,1,0,2,5,1,2,0
txn_a886b0ebb7f9,1277.76,0.2824,8,0,33.0,33.0,33.0,0.0,9.0,2.0,2.0,0.0,751.863,0.6995,31.29,31.29,2159.0,0.0796,259.41,3503.0,0.0001,0.0082,0.0907,0.0686,1052.0,0.0,1,merchant_ecosystem_abuse,bust_out_merchant,merchant_bustout_001,scn_33316761f03d,stealth_fraud,4,7,1,1,0,1,1,1,1,0
txn_864c19bda634,1037.39,0.08,8,0,34.0,34.0,34.0,1.0,8.0,1.0,1.0,0.0,767.3306,0.3519,30.08,30.08,2159.0,0.0796,259.41,3503.0,0.0001,0.0082,0.0907,0.0686,1052.0,0.0,1,merchant_ecosystem_abuse,bust_out_merchant,merchant_bustout_001,scn_33316761f03d,stealth_fraud,4,7,1,1,0,3,3,0,2,0
txn_1081543f527b,364.31,0.08,8,0,35.0,35.0,35.0,2.0,7.0,2.0,2.0,0.0,775.0466,0.53,0.06,0.06,2159.0,0.0796,259.41,3503.0,0.0001,0.0082,0.0907,0.0686,1052.0,0.0,1,merchant_ecosystem_abuse,bust_out_merchant,merchant_bustout_001,scn_33316761f03d,stealth_fraud,2,7,1,1,0,2,2,4,1,0
txn_13e7fb29e09f,475.69,0.2032,9,0,36.0,36.0,36.0,0.0,7.0,0.0,0.0,0.0,763.6372,0.3771,66.05,66.05,2159.0,0.0796,259.41,3503.0,0.0001,0.0082,0.0907,0.0686,1052.0,0.0,1,merchant_ecosystem_abuse,bust_out_merchant,merchant_bustout_001,scn_33316761f03d,stealth_fraud,2,7,1,1,0,1,1,4,1,0
txn_1f3d4429dbe1,1047.67,0.3341,10,0,37.0,37.0,37.0,1.0,7.0,1.0,1.0,0.0,755.8549,0.3861,44.04,44.04,2159.0,0.0796,259.41,3503.0,0.0001,0.0082,0.0907,0.0686,1052.0,0.0,1,merchant_ecosystem_abuse,bust_out_merchant,merchant_bustout_001,scn_33316761f03d,stealth_fraud,4,7,1,1,0,0,0,4,2,0
txn_a87b08b21fb5,825.73,0.1422,12,0,38.0,38.0,38.0,2.0,7.0,0.0,0.0,0.0,763.5342,0.0815,112.3,112.3,2159.0,0.0796,259.41,3503.0,0.0001,0.0082,0.0907,0.0686,1052.0,0.0,1,merchant_ecosystem_abuse,bust_out_merchant,merchant_bustout_001,scn_33316761f03d,stealth_fraud,1,7,1,1,0,4,4,0,2,0
txn_1a1a111d2313,441.48,0.08,13,0,39.0,39.0,39.0,0.0,7.0,0.0,0.0,0.0,765.129,0.423,84.77,84.77,2159.0,0.0796,259.41,3503.0,0.0001,0.0082,0.0907,0.0686,1052.0,0.0,1,merchant_ecosystem_abuse,bust_out_merchant,merchant_bustout_001,scn_33316761f03d,stealth_fraud,1,7,1,1,0,5,5,4,1,0
txn_fcd974722740,1335.01,0.5701,14,0,40.0,40.0,40.0,1.0,7.0,1.0,1.0,0.0,757.0377,0.7635,36.0,36.0,2159.0,0.0796,259.41,3503.0,0.0001,0.0082,0.0907,0.0686,1052.0,0.0,1,merchant_ecosystem_abuse,bust_out_merchant,merchant_bustout_001,scn_33316761f03d,stealth_fraud,0,7,1,1,0,4,4,1,1,0
txn_2e1a3af60ade,308.38,0.167,16,0,41.0,41.0,41.0,2.0,7.0,0.0,0.0,0.0,771.1346,0.6001,115.94,115.94,2159.0,0.0796,259.41,3503.0,0.0001,0.0082,0.0907,0.0686,1052.0,0.0,1,merchant_ecosystem_abuse,bust_out_merchant,merchant_bustout_001,scn_33316761f03d,stealth_fraud,1,7,1,1,0,4,4,0,2,0
txn_554aa671f418,158.12,0.5495,18,0,42.0,42.0,42.0,0.0,7.0,0.0,0.0,0.0,760.1167,0.792,133.9,133.9,2159.0,0.0796,259.41,3503.0,0.0001,0.0082,0.0907,0.0686,1052.0,0.0,1,merchant_ecosystem_abuse,bust_out_merchant,merchant_bustout_001,scn_33316761f03d,stealth_fraud,2,7,1,1,0,5,5,4,1,0
txn_19f4a99ff3a1,1192.32,0.4451,18,0,43.0,43.0,43.0,1.0,7.0,1.0,1.0,0.0,746.1167,0.598,0.35,0.35,2159.0,0.0796,259.41,3503.0,0.0001,0.0082,0.0907,0.0686,1052.0,0.0,1,merchant_ecosystem_abuse,bust_out_merchant,merchant_bustout_001,scn_33316761f03d,stealth_fraud,2,7,1,1,0,5,5,4,1,0
txn_2e3ec75e40bc,1081.36,0.3765,19,0,44.0,44.0,44.0,2.0,7.0,2.0,2.0,0.0,756.2577,0.4299,31.39,31.39,2159.0,0.0796,259.41,3503.0,0.0001,0.0082,0.0907,0.0686,1052.0,0.0,1,merchant_ecosystem_abuse,bust_out_merchant,merchant_bustout_001,scn_33316761f03d,stealth_fraud,3,7,1,1,0,2,2,1,1,0
txn_2829505cc854,1415.95,0.3486,21,0,45.0,45.0,45.0,0.0,6.0,0.0,0.0,0.0,763.4822,0.8546,122.79,122.79,2159.0,0.0796,259.41,3503.0,0.0001,0.0082,0.0907,0.0686,1052.0,0.0,1,merchant_ecosystem_abuse,bust_out_merchant,merchant_bustout_001,scn_33316761f03d,stealth_fraud,2,7,1,1,0,3,3,1,2,0
txn_f3fee2cae528,239.05,0.212,21,0,46.0,46.0,46.0,1.0,5.0,1.0,1.0,0.0,777.6663,0.6926,16.45,16.45,2159.0,0.0796,259.41,3503.0,0.0001,0.0082,0.0907,0.0686,1052.0,0.0,1,merchant_ecosystem_abuse,bust_out_merchant,merchant_bustout_001,scn_33316761f03d,stealth_fraud,1,7,1,1,0,0,0,1,2,0
txn_f1194f8d7988,1030.07,0.2759,23,0,47.0,47.0,47.0,2.0,4.0,0.0,0.0,0.0,766.2064,0.3444,119.34,119.34,2159.0,0.0796,259.41,3503.0,0.0001,0.0082,0.0907,0.0686,1052.0,0.0,1,merchant_ecosystem_abuse,bust_out_merchant,merchant_bustout_001,scn_33316761f03d,stealth_fraud,3,7,1,1,0,4,4,0,1,0
txn_2209d5150510,395.99,0.1868,0,1,48.0,48.0,48.0,0.0,4.0,1.0,1.0,0.0,771.7035,0.4869,57.56,57.56,2159.0,0.0796,259.41,3503.0,0.0001,0.0082,0.0907,0.0686,1052.0,0.0,1,merchant_ecosystem_abuse,bust_out_merchant,merchant_bustout_001,scn_33316761f03d,stealth_fraud,1,7,1,1,0,5,4,1,1,0
txn_23e2270f719b,376.45,0.2689,0,0,49.0,49.0,49.0,1.0,4.0,1.0,1.0,0.0,764.0359,0.5073,13.81,13.81,2159.0,0.0796,259.41,3503.0,0.0001,0.0082,0.0907,0.0686,1052.0,0.0,1,merchant_ecosystem_abuse,bust_out_merchant,merchant_bustout_001,scn_33316761f03d,stealth_fraud,3,7,1,1,0,3,3,1,1,0
txn_4a28635113a4,988.08,0.1302,0,0,50.0,50.0,50.0,2.0,4.0,2.0,2.0,0.0,756.2842,0.3065,4.78,4.78,2159.0,0.0796,259.41,3503.0,0.0001,0.0082,0.0907,0.0686,1052.0,0.0,1,merchant_ecosystem_abuse,bust_out_merchant,merchant_bustout_001,scn_33316761f03d,stealth_fraud,1,7,1,1,0,1,1,0,1,0
txn_e94dae92e624,117.62,0.3593,1,0,51.0,51.0,51.0,0.0,4.0,3.0,3.0,0.0,760.8292,0.8454,11.37,11.37,2159.0,0.0796,259.41,3503.0,0.0001,0.0082,0.0907,0.0686,1052.0,0.0,1,merchant_ecosystem_abuse,bust_out_merchant,merchant_bustout_001,scn_33316761f03d,stealth_fraud,4,7,1,1,0,1,1,0,2,0
txn_58161f6dae1d,785.74,0.3212,4,0,52.0,52.0,52.0,1.0,4.0,0.0,0.0,0.0,748.4598,0.0498,190.4,190.4,2159.0,0.0796,259.41,3503.0,0.0001,0.0082,0.0907,0.0686,1052.0,0.0,1,merchant_ecosystem_abuse,bust_out_merchant,merchant_bustout_001,scn_33316761f03d,stealth_fraud,2,7,1,1,0,5,5,0,2,0
txn_83027e727a89,554.2,0.3335,4,0,53.0,53.0,53.0,2.0,4.0,1.0,1.0,0.0,749.1632,0.2602,17.95,17.95,2159.0,0.0796,259.41,3503.0,0.0001,0.0082,0.0907,0.0686,1052.0,0.0,1,merchant_ecosystem_abuse,bust_out_merchant,merchant_bustout_001,scn_33316761f03d,stealth_fraud,1,7,1,1,0,4,4,0,2,0
txn_a4f4974fd832,984.82,0.2833,5,0,54.0,54.0,54.0,0.0,4.0,2.0,2.0,0.0,745.5528,0.3209,32.72,32.72,2159.0,0.0796,259.41,3503.0,0.0001,0.0082,0.0907,0.0686,1052.0,0.0,1,merchant_ecosystem_abuse,bust_out_merchant,merchant_bustout_001,scn_33316761f03d,stealth_fraud,0,7,1,1,0,3,3,1,2,0
txn_9969d59d9071,1305.79,0.3719,10,0,0.0,0.0,0.0,0.0,4.0,0.0,0.0,0.0,0.0,0.0,1440.0,1440.0,637.0,0.0225,262.97,204.0,0.0726,0.0597,0.783,0.4634,167.0,3.0,1,merchant_ecosystem_abuse,gift_card_abuse,merchant_gift_card_001,scn_0295da855189,overt_fraud,2,4,4,1,0,4,4,3,3,0
txn_f1bd6dc21156,177.52,0.401,11,0,1.0,1.0,1.0,1.0,5.0,1.0,1.0,0.0,1305.79,0.8641,50.43,50.43,637.0,0.0225,262.97,204.0,0.0726,0.0597,0.783,0.4634,167.0,3.0,1,merchant_ecosystem_abuse,gift_card_abuse,merchant_gift_card_001,scn_0295da855189,overt_fraud,3,4,4,1,0,3,3,3,3,0
txn_b6c067fc403a,828.81,0.297,14,1,2.0,2.0,2.0,2.0,7.0,0.0,0.0,0.0,741.655,0.1175,181.48,181.48,637.0,0.0225,262.97,204.0,0.0726,0.0597,0.783,0.4634,167.0,3.0,1,merchant_ecosystem_abuse,gift_card_abuse,merchant_gift_card_001,scn_0295da855189,overt_fraud,3,4,4,1,0,2,4,3,3,0
txn_6282be42a548,1144.81,0.3719,15,0,3.0,3.0,3.0,0.0,8.0,1.0,1.0,0.0,770.7067,0.4854,24.43,24.43,637.0,0.0225,262.97,204.0,0.0726,0.0597,0.783,0.4634,167.0,3.0,1,merchant_ecosystem_abuse,gift_card_abuse,merchant_gift_card_001,scn_0295da855189,overt_fraud,4,4,4,1,0,5,5,3,3,0
txn_30e8de793fc4,369.7,0.7135,16,0,4.0,4.0,4.0,1.0,7.0,1.0,1.0,0.0,864.2325,0.5722,57.51,57.51,637.0,0.0225,262.97,204.0,0.0726,0.0597,0.783,0.4634,167.0,3.0,1,merchant_ecosystem_abuse,gift_card_abuse,merchant_gift_card_001,scn_0295da855189,overt_fraud,3,4,4,1,0,1,1,3,3,0
txn_bab567ad79ef,1200.87,0.6637,17,0,5.0,5.0,5.0,2.0,7.0,0.0,0.0,0.0,765.326,0.5691,77.02,77.02,637.0,0.0225,262.97,204.0,0.0726,0.0597,0.783,0.4634,167.0,3.0,1,merchant_ecosystem_abuse,gift_card_abuse,merchant_gift_card_001,scn_0295da855189,overt_fraud,4,4,4,1,0,1,1,3,3,0
txn_5fa00cc4cf0c,1058.13,0.5445,17,0,6.0,6.0,6.0,0.0,8.0,1.0,1.0,0.0,837.9167,0.2628,10.96,10.96,637.0,0.0225,262.97,204.0,0.0726,0.0597,0.783,0.4634,167.0,3.0,1,merchant_ecosystem_abuse,gift_card_abuse,merchant_gift_card_001,scn_0295da855189,overt_fraud,3,4,4,1,0,4,4,3,3,0
txn_22d378449b4b,831.57,0.3386,18,0,7.0,7.0,7.0,1.0,9.0,2.0,2.0,0.0,869.3757,0.0435,44.32,44.32,637.0,0.0225,262.97,204.0,0.0726,0.0597,0.783,0.4634,167.0,3.0,1,merchant_ecosystem_abuse,gift_card_abuse,merchant_gift_card_001,scn_0295da855189,overt_fraud,2,4,4,1,0,2,2,3,3,0
txn_0c7bad365a03,877.87,0.1568,19,1,8.0,8.0,8.0,2.0,10.0,1.0,1.0,0.0,864.65,0.0153,37.5,37.5,637.0,0.0225,262.97,204.0,0.0726,0.0597,0.783,0.4634,167.0,3.0,1,merchant_ecosystem_abuse,gift_card_abuse,merchant_gift_card_001,scn_0295da855189,overt_fraud,4,4,4,1,0,4,0,3,3,0
txn_90d866ea60c4,1298.32,0.4811,19,0,9.0,9.0,9.0,0.0,11.0,2.0,2.0,0.0,866.1189,0.499,6.17,6.17,637.0,0.0225,262.97,204.0,0.0726,0.0597,0.783,0.4634,167.0,3.0,1,merchant_ecosystem_abuse,gift_card_abuse,merchant_gift_card_001,scn_0295da855189,overt_fraud,1,4,4,1,0,4,4,3,3,0
txn_adf32b1a8db8,960.72,0.5752,0,0,10.0,10.0,10.0,1.0,13.0,0.0,0.0,0.0,909.339,0.0565,326.31,326.31,637.0,0.0225,262.97,204.0,0.0726,0.0597,0.783,0.4634,167.0,3.0,1,merchant_ecosystem_abuse,gift_card_abuse,merchant_gift_card_001,scn_0295da855189,overt_fraud,1,4,4,1,0,2,2,3,3,0
txn_7c3d8ca59466,812.39,0.5811,0,0,11.0,11.0,11.0,2.0,14.0,1.0,1.0,0.0,914.01,0.1112,11.81,11.81,637.0,0.0225,262.97,204.0,0.0726,0.0597,0.783,0.4634,167.0,3.0,1,merchant_ecosystem_abuse,gift_card_abuse,merchant_gift_card_001,scn_0295da855189,overt_fraud,1,4,4,1,0,1,1,3,3,0
txn_64cda01e21f4,753.07,0.606,3,1,12.0,12.0,12.0,0.0,16.0,0.0,0.0,0.0,905.5417,0.1684,137.91,137.91,637.0,0.0225,262.97,204.0,0.0726,0.0597,0.783,0.4634,167.0,3.0,1,merchant_ecosystem_abuse,gift_card_abuse,merchant_gift_card_001,scn_0295da855189,overt_fraud,3,4,4,1,0,3,4,3,3,0
txn_54c126ba4051,1601.8,0.56,3,1,13.0,13.0,13.0,1.0,16.0,1.0,1.0,0.0,893.8131,0.7921,13.81,13.81,637.0,0.0225,262.97,204.0,0.0726,0.0597,0.783,0.4634,167.0,3.0,1,merchant_ecosystem_abuse,gift_card_abuse,merchant_gift_card_001,scn_0295da855189,overt_fraud,4,4,4,1,0,4,5,3,3,0
txn_e4ec261f9ba8,801.15,0.4266,3,0,14.0,14.0,14.0,2.0,16.0,2.0,2.0,0.0,944.3836,0.1517,25.44,25.44,637.0,0.0225,262.97,204.0,0.0726,0.0597,0.783,0.4634,167.0,3.0,1,merchant_ecosystem_abuse,gift_card_abuse,merchant_gift_card_001,scn_0295da855189,overt_fraud,0,4,4,1,0,5,5,3,3,0
txn_4ab5da800c0f,987.7,0.545,4,0,15.0,15.0,15.0,0.0,13.0,2.0,2.0,0.0,934.8347,0.0566,21.51,21.51,637.0,0.0225,262.97,204.0,0.0726,0.0597,0.783,0.4634,167.0,3.0,1,merchant_ecosystem_abuse,gift_card_abuse,merchant_gift_card_001,scn_0295da855189,overt_fraud,1,4,4,1,0,3,3,3,3,0
txn_aac2a5dfac42,1254.87,0.6,4,0,16.0,16.0,16.0,1.0,12.0,3.0,3.0,0.0,938.1387,0.3376,7.15,7.15,637.0,0.0225,262.97,204.0,0.0726,0.0597,0.783,0.4634,167.0,3.0,1,merchant_ecosystem_abuse,gift_card_abuse,merchant_gift_card_001,scn_0295da855189,overt_fraud,0,4,4,1,0,0,0,3,3,0
txn_a0927a97a34a,1945.55,0.146,6,0,17.0,17.0,17.0,2.0,12.0,0.0,0.0,0.0,956.77,1.0335,150.81,150.81,637.0,0.0225,262.97,204.0,0.0726,0.0597,0.783,0.4634,167.0,3.0,1,merchant_ecosystem_abuse,gift_card_abuse,merchant_gift_card_001,scn_0295da855189,overt_fraud,0,4,4,1,0,3,3,3,3,0
txn_01f957e657ea,1523.18,0.5731,7,0,18.0,18.0,18.0,0.0,11.0,1.0,1.0,0.0,1011.7022,0.5056,25.95,25.95,637.0,0.0225,262.97,204.0,0.0726,0.0597,0.783,0.4634,167.0,3.0,1,merchant_ecosystem_abuse,gift_card_abuse,merchant_gift_card_001,scn_0295da855189,overt_fraud,4,4,4,1,0,2,2,3,3,0
txn_d482fcc5bb76,1845.81,0.5874,8,0,19.0,19.0,19.0,1.0,10.0,0.0,0.0,0.0,1038.6221,0.7772,75.4,75.4,637.0,0.0225,262.97,204.0,0.0726,0.0597,0.783,0.4634,167.0,3.0,1,merchant_ecosystem_abuse,gift_card_abuse,merchant_gift_card_001,scn_0295da855189,overt_fraud,3,4,4,1,0,3,3,3,3,0
txn_71d6212d3b10,945.03,0.7104,10,0,20.0,20.0,20.0,2.0,7.0,0.0,0.0,0.0,1078.9815,0.1241,127.8,127.8,637.0,0.0225,262.97,204.0,0.0726,0.0597,0.783,0.4634,167.0,3.0,1,merchant_ecosystem_abuse,gift_card_abuse,merchant_gift_card_001,scn_0295da855189,overt_fraud,4,4,4,1,0,1,1,3,3,0
txn_3fac42fc8f2d,484.85,0.4784,12,0,21.0,21.0,21.0,0.0,7.0,0.0,0.0,0.0,1072.6029,0.548,131.92,131.92,637.0,0.0225,262.97,204.0,0.0726,0.0597,0.783,0.4634,167.0,3.0,1,merchant_ecosystem_abuse,gift_card_abuse,merchant_gift_card_001,scn_0295da855189,overt_fraud,1,4,4,1,0,5,5,3,3,0
txn_550a70102440,1844.69,0.3438,14,0,22.0,22.0,22.0,1.0,6.0,0.0,0.0,0.0,1045.8868,0.7638,96.05,96.05,637.0,0.0225,262.97,204.0,0.0726,0.0597,0.783,0.4634,167.0,3.0,1,merchant_ecosystem_abuse,gift_card_abuse,merchant_gift_card_001,scn_0295da855189,overt_fraud,4,4,4,1,0,1,1,3,3,0
txn_7a67a7ecab35,740.73,0.6934,17,0,23.0,23.0,23.0,2.0,6.0,0.0,0.0,0.0,1080.6174,0.3145,188.7,188.7,637.0,0.0225,262.97,204.0,0.0726,0.0597,0.783,0.4634,167.0,3.0,1,merchant_ecosystem_abuse,gift_card_abuse,merchant_gift_card_001,scn_0295da855189,overt_fraud,1,4,4,1,0,3,3,3,3,0
txn_6113deff1b0f,790.86,0.7949,17,0,24.0,24.0,24.0,0.0,6.0,1.0,1.0,0.0,1066.4554,0.2584,16.11,16.11,637.0,0.0225,262.97,204.0,0.0726,0.0597,0.783,0.4634,167.0,3.0,1,merchant_ecosystem_abuse,gift_card_abuse,merchant_gift_card_001,scn_0295da855189,overt_fraud,2,4,4,1,0,5,5,3,3,0
txn_5165ed2cb463,1803.1,0.5684,17,1,25.0,25.0,25.0,1.0,6.0,2.0,2.0,0.0,1055.4316,0.7084,1.06,1.06,637.0,0.0225,262.97,204.0,0.0726,0.0597,0.783,0.4634,167.0,3.0,1,merchant_ecosystem_abuse,gift_card_abuse,merchant_gift_card_001,scn_0295da855189,overt_fraud,3,4,4,1,0,4,2,3,3,0
txn_0cfb99acca88,744.97,0.4221,17,0,26.0,26.0,26.0,2.0,6.0,3.0,3.0,0.0,1084.1881,0.3129,10.37,10.37,637.0,0.0225,262.97,204.0,0.0726,0.0597,0.783,0.4634,167.0,3.0,1,merchant_ecosystem_abuse,gift_card_abuse,merchant_gift_card_001,scn_0295da855189,overt_fraud,2,4,4,1,0,0,0,3,3,0
txn_5dbdeb41b4ae,1768.93,0.6196,19,0,27.0,27.0,27.0,0.0,6.0,0.0,0.0,0.0,1071.6244,0.6507,99.96,99.96,637.0,0.0225,262.97,204.0,0.0726,0.0597,0.783,0.4634,167.0,3.0,1,merchant_ecosystem_abuse,gift_card_abuse,merchant_gift_card_001,scn_0295da855189,overt_fraud,3,4,4,1,0,1,1,3,3,0
txn_a86cb3202bd7,362.04,0.3608,20,0,28.0,28.0,28.0,1.0,6.0,1.0,1.0,0.0,1096.5282,0.6698,46.41,46.41,637.0,0.0225,262.97,204.0,0.0726,0.0597,0.783,0.4634,167.0,3.0,1,merchant_ecosystem_abuse,gift_card_abuse,merchant_gift_card_001,scn_0295da855189,overt_fraud,3,4,4,1,0,5,5,3,3,0
txn_ac1295510fed,1668.98,0.3788,20,0,29.0,29.0,29.0,2.0,5.0,1.0,1.0,0.0,1071.201,0.558,33.91,33.91,637.0,0.0225,262.97,204.0,0.0726,0.0597,0.783,0.4634,167.0,3.0,1,merchant_ecosystem_abuse,gift_card_abuse,merchant_gift_card_001,scn_0295da855189,overt_fraud,1,4,4,1,0,2,2,3,3,0
txn_4e5aa9cf41fe,383.78,0.7779,22,0,30.0,30.0,30.0,0.0,5.0,0.0,0.0,0.0,1091.127,0.6483,70.92,70.92,637.0,0.0225,262.97,204.0,0.0726,0.0597,0.783,0.4634,167.0,3.0,1,merchant_ecosystem_abuse,gift_card_abuse,merchant_gift_card_001,scn_0295da855189,overt_fraud,1,4,4,1,0,2,2,3,3,0
txn_d2c3c007e744,1797.34,0.5497,22,0,31.0,31.0,31.0,1.0,5.0,1.0,1.0,0.0,1068.3094,0.6824,5.81,5.81,637.0,0.0225,262.97,204.0,0.0726,0.0597,0.783,0.4634,167.0,3.0,1,merchant_ecosystem_abuse,gift_card_abuse,merchant_gift_card_001,scn_0295da855189,overt_fraud,2,4,4,1,0,3,3,3,3,0
txn_3cfafa74950f,1369.98,0.1862,23,0,32.0,32.0,32.0,2.0,5.0,2.0,2.0,0.0,1091.0916,0.2556,48.33,48.33,637.0,0.0225,262.97,204.0,0.0726,0.0597,0.783,0.4634,167.0,3.0,1,merchant_ecosystem_abuse,gift_card_abuse,merchant_gift_card_001,scn_0295da855189,overt_fraud,0,4,4,1,0,0,0,3,3,0
txn_dc4a26958111,1688.0,0.3686,0,0,33.0,33.0,33.0,0.0,5.0,0.0,0.0,0.0,1099.5427,0.5352,73.15,73.15,637.0,0.0225,262.97,204.0,0.0726,0.0597,0.783,0.4634,167.0,3.0,1,merchant_ecosystem_abuse,gift_card_abuse,merchant_gift_card_001,scn_0295da855189,overt_fraud,4,4,4,1,0,1,1,3,3,0
txn_c13dcf0fa9ac,1673.3,0.7526,0,0,34.0,34.0,34.0,1.0,5.0,1.0,1.0,0.0,1116.8503,0.4982,19.8,19.8,637.0,0.0225,262.97,204.0,0.0726,0.0597,0.783,0.4634,167.0,3.0,1,merchant_ecosystem_abuse,gift_card_abuse,merchant_gift_card_001,scn_0295da855189,overt_fraud,3,4,4,1,0,3,3,3,3,0
txn_9f5a25fe237d,1246.54,0.7259,1,0,35.0,35.0,35.0,2.0,5.0,0.0,0.0,0.0,1132.7489,0.1005,79.22,79.22,637.0,0.0225,262.97,204.0,0.0726,0.0597,0.783,0.4634,167.0,3.0,1,merchant_ecosystem_abuse,gift_card_abuse,merchant_gift_card_001,scn_0295da855189,overt_fraud,2,4,4,1,0,4,4,3,3,0
txn_ef41fcd2a3de,806.23,0.1655,2,1,36.0,36.0,36.0,0.0,5.0,1.0,1.0,0.0,1135.9097,0.2902,52.33,52.33,637.0,0.0225,262.97,204.0,0.0726,0.0597,0.783,0.4634,167.0,3.0,1,merchant_ecosystem_abuse,gift_card_abuse,merchant_gift_card_001,scn_0295da855189,overt_fraud,2,4,4,1,0,1,0,3,3,0
txn_d51932b986c5,778.04,0.3361,4,0,37.0,37.0,37.0,1.0,5.0,0.0,0.0,0.0,1126.9995,0.3096,76.24,76.24,637.0,0.0225,262.97,204.0,0.0726,0.0597,0.783,0.4634,167.0,3.0,1,merchant_ecosystem_abuse,gift_card_abuse,merchant_gift_card_001,scn_0295da855189,overt_fraud,0,4,4,1,0,3,3,3,3,0
txn_443203b8dc29,923.08,0.3331,6,0,38.0,38.0,38.0,2.0,4.0,0.0,0.0,0.0,1117.8163,0.1742,172.52,172.52,637.0,0.0225,262.97,204.0,0.0726,0.0597,0.783,0.4634,167.0,3.0,1,merchant_ecosystem_abuse,gift_card_abuse,merchant_gift_card_001,scn_0295da855189,overt_fraud,1,4,4,1,0,4,4,3,3,0
txn_ed0bfb8242d4,1735.37,0.4125,7,0,39.0,39.0,39.0,0.0,5.0,1.0,1.0,0.0,1112.8231,0.5594,19.93,19.93,637.0,0.0225,262.97,204.0,0.0726,0.0597,0.783,0.4634,167.0,3.0,1,merchant_ecosystem_abuse,gift_card_abuse,merchant_gift_card_001,scn_0295da855189,overt_fraud,3,4,4,1,0,3,3,3,3,0
txn_740b74b3124b,595.83,0.75,7,0,40.0,40.0,40.0,1.0,4.0,1.0,1.0,0.0,1128.3868,0.472,41.92,41.92,637.0,0.0225,262.97,204.0,0.0726,0.0597,0.783,0.4634,167.0,3.0,1,merchant_ecosystem_abuse,gift_card_abuse,merchant_gift_card_001,scn_0295da855189,overt_fraud,2,4,4,1,0,5,5,3,3,0
txn_aebd67309ae3,992.12,0.4444,7,0,41.0,41.0,41.0,2.0,4.0,2.0,2.0,0.0,1115.3976,0.1105,0.62,0.62,637.0,0.0225,262.97,204.0,0.0726,0.0597,0.783,0.4634,167.0,3.0,1,merchant_ecosystem_abuse,gift_card_abuse,merchant_gift_card_001,scn_0295da855189,overt_fraud,0,4,4,1,0,0,0,3,3,0
txn_b05a1c98ae08,1108.03,0.1614,8,0,42.0,42.0,42.0,0.0,4.0,2.0,2.0,0.0,1112.4624,0.004,29.19,29.19,637.0,0.0225,262.97,204.0,0.0726,0.0597,0.783,0.4634,167.0,3.0,1,merchant_ecosystem_abuse,gift_card_abuse,merchant_gift_card_001,scn_0295da855189,overt_fraud,4,4,4,1,0,5,5,3,3,0
txn_fee1d9626fdd,1808.81,0.5974,14,0,43.0,43.0,43.0,1.0,5.0,0.0,0.0,0.0,1112.3593,0.6261,363.39,363.39,637.0,0.0225,262.97,204.0,0.0726,0.0597,0.783,0.4634,167.0,3.0,1,merchant_ecosystem_abuse,gift_card_abuse,merchant_gift_card_001,scn_0295da855189,overt_fraud,3,4,4,1,0,0,0,3,3,0
txn_0e19c5b45668,1873.31,0.3905,14,0,44.0,44.0,44.0,2.0,4.0,1.0,1.0,0.0,1128.1877,0.6605,27.48,27.48,637.0,0.0225,262.97,204.0,0.0726,0.0597,0.783,0.4634,167.0,3.0,1,merchant_ecosystem_abuse,gift_card_abuse,merchant_gift_card_001,scn_0295da855189,overt_fraud,1,4,4,1,0,0,0,3,3,0
txn_79a7b0a831a3,606.2,0.2177,15,0,45.0,45.0,45.0,0.0,3.0,2.0,2.0,0.0,1144.746,0.4705,4.57,4.57,637.0,0.0225,262.97,204.0,0.0726,0.0597,0.783,0.4634,167.0,3.0,1,merchant_ecosystem_abuse,gift_card_abuse,merchant_gift_card_001,scn_0295da855189,overt_fraud,4,4,4,1,0,3,3,3,3,0
txn_e04ad0a3ef20,1259.54,0.553,16,0,46.0,46.0,46.0,1.0,3.0,0.0,0.0,0.0,1133.0385,0.1116,92.05,92.05,637.0,0.0225,262.97,204.0,0.0726,0.0597,0.783,0.4634,167.0,3.0,1,merchant_ecosystem_abuse,gift_card_abuse,merchant_gift_card_001,scn_0295da855189,overt_fraud,3,4,4,1,0,1,1,3,3,0
txn_0ef4c0b74934,1712.94,0.5559,18,0,47.0,47.0,47.0,2.0,3.0,0.0,0.0,0.0,1135.73,0.5082,128.91,128.91,637.0,0.0225,262.97,204.0,0.0726,0.0597,0.783,0.4634,167.0,3.0,1,merchant_ecosystem_abuse,gift_card_abuse,merchant_gift_card_001,scn_0295da855189,overt_fraud,4,4,4,1,0,1,1,3,3,0
txn_809edc625c0c,749.72,0.4906,19,0,48.0,48.0,48.0,0.0,3.0,1.0,1.0,0.0,1147.7552,0.3468,33.09,33.09,637.0,0.0225,262.97,204.0,0.0726,0.0597,0.783,0.4634,167.0,3.0,1,merchant_ecosystem_abuse,gift_card_abuse,merchant_gift_card_001,scn_0295da855189,overt_fraud,3,4,4,1,0,3,3,3,3,0
txn_de3a37c63eeb,324.23,0.5972,19,0,49.0,49.0,49.0,1.0,3.0,1.0,1.0,0.0,1139.632,0.7155,30.62,30.62,637.0,0.0225,262.97,204.0,0.0726,0.0597,0.783,0.4634,167.0,3.0,1,merchant_ecosystem_abuse,gift_card_abuse,merchant_gift_card_001,scn_0295da855189,overt_fraud,0,4,4,1,0,3,3,3,3,0
txn_af209e3a0b85,1058.92,0.5715,22,0,50.0,50.0,50.0,2.0,3.0,0.0,0.0,0.0,1123.324,0.0573,161.63,161.63,637.0,0.0225,262.97,204.0,0.0726,0.0597,0.783,0.4634,167.0,3.0,1,merchant_ecosystem_abuse,gift_card_abuse,merchant_gift_card_001,scn_0295da855189,overt_fraud,1,4,4,1,0,5,5,3,3,0
txn_674142b148ae,948.27,0.565,23,0,51.0,51.0,51.0,0.0,3.0,0.0,0.0,0.0,1122.0612,0.1549,65.77,65.77,637.0,0.0225,262.97,204.0,0.0726,0.0597,0.783,0.4634,167.0,3.0,1,merchant_ecosystem_abuse,gift_card_abuse,merchant_gift_card_001,scn_0295da855189,overt_fraud,1,4,4,1,0,1,1,3,3,0
txn_e54e72ce4823,196.61,0.662,23,0,52.0,52.0,52.0,1.0,3.0,1.0,1.0,0.0,1118.719,0.8243,21.06,21.06,637.0,0.0225,262.97,204.0,0.0726,0.0597,0.783,0.4634,167.0,3.0,1,merchant_ecosystem_abuse,gift_card_abuse,merchant_gift_card_001,scn_0295da855189,overt_fraud,4,4,4,1,0,3,3,3,3,0
txn_ab753d784971,1581.13,0.4285,0,0,53.0,53.0,53.0,2.0,3.0,2.0,2.0,0.0,1101.3208,0.4357,35.03,35.03,637.0,0.0225,262.97,204.0,0.0726,0.0597,0.783,0.4634,167.0,3.0,1,merchant_ecosystem_abuse,gift_card_abuse,merchant_gift_card_001,scn_0295da855189,overt_fraud,0,4,4,1,0,2,2,3,3,0
txn_327ed2b296fe,1646.72,0.6803,0,1,54.0,54.0,54.0,0.0,3.0,1.0,1.0,0.0,1110.2061,0.4833,26.13,26.13,637.0,0.0225,262.97,204.0,0.0726,0.0597,0.783,0.4634,167.0,3.0,1,merchant_ecosystem_abuse,gift_card_abuse,merchant_gift_card_001,scn_0295da855189,overt_fraud,0,4,4,1,0,1,0,3,3,0
txn_2159fc558030,1711.42,0.3592,1,0,55.0,55.0,55.0,1.0,3.0,1.0,1.0,0.0,1119.9609,0.5281,47.19,47.19,637.0,0.0225,262.97,204.0,0.0726,0.0597,0.783,0.4634,167.0,3.0,1,merchant_ecosystem_abuse,gift_card_abuse,merchant_gift_card_001,scn_0295da855189,overt_fraud,4,4,4,1,0,2,2,3,3,0
txn_9ee46e059cd8,1023.43,0.2878,9,1,56.0,56.0,56.0,2.0,3.0,0.0,0.0,0.0,1130.5227,0.0947,450.9,450.9,637.0,0.0225,262.97,204.0,0.0726,0.0597,0.783,0.4634,167.0,3.0,1,merchant_ecosystem_abuse,gift_card_abuse,merchant_gift_card_001,scn_0295da855189,overt_fraud,1,4,4,1,0,4,2,3,3,0
txn_7e73ef8eed06,1652.65,0.4349,9,0,57.0,57.0,57.0,0.0,3.0,1.0,1.0,0.0,1128.6439,0.4643,18.42,18.42,637.0,0.0225,262.97,204.0,0.0726,0.0597,0.783,0.4634,167.0,3.0,1,merchant_ecosystem_abuse,gift_card_abuse,merchant_gift_card_001,scn_0295da855189,overt_fraud,1,4,4,1,1,2,2,3,3,1
txn_d0b5e3f5a529,1422.2,0.5213,10,1,58.0,58.0,58.0,1.0,3.0,2.0,2.0,1.0,1137.6784,0.2501,34.21,34.21,637.0,0.0225,262.97,204.0,0.0726,0.0597,0.783,0.4634,167.0,3.0,1,merchant_ecosystem_abuse,gift_card_abuse,merchant_gift_card_001,scn_0295da855189,overt_fraud,3,4,4,1,0,4,1,3,3,0
txn_92e1eaa4d28b,1944.83,0.7457,10,0,59.0,59.0,59.0,2.0,3.0,1.0,1.0,1.0,1142.5008,0.7023,46.32,46.32,637.0,0.0225,262.97,204.0,0.0726,0.0597,0.783,0.4634,167.0,3.0,1,merchant_ecosystem_abuse,gift_card_abuse,merchant_gift_card_001,scn_0295da855189,overt_fraud,3,4,4,1,1,2,2,3,3,1
txn_5a601db21c3e,272.98,0.3962,11,0,60.0,60.0,60.0,0.0,3.0,1.0,1.0,2.0,1155.873,0.7638,40.03,40.03,637.0,0.0225,262.97,204.0,0.0726,0.0597,0.783,0.4634,167.0,3.0,1,merchant_ecosystem_abuse,gift_card_abuse,merchant_gift_card_001,scn_0295da855189,overt_fraud,2,4,4,1,0,2,2,3,3,0
txn_4138907e63d8,229.21,0.5655,12,0,61.0,61.0,61.0,1.0,3.0,1.0,1.0,2.0,1141.3993,0.7992,30.7,30.7,637.0,0.0225,262.97,204.0,0.0726,0.0597,0.783,0.4634,167.0,3.0,1,merchant_ecosystem_abuse,gift_card_abuse,merchant_gift_card_001,scn_0295da855189,overt_fraud,2,4,4,1,0,5,5,3,3,0
txn_7bfcb837f32a,1753.94,0.0879,12,0,62.0,62.0,62.0,2.0,3.0,2.0,2.0,2.0,1126.6866,0.5567,15.46,15.46,637.0,0.0225,262.97,204.0,0.0726,0.0597,0.783,0.4634,167.0,3.0,1,merchant_ecosystem_abuse,gift_card_abuse,merchant_gift_card_001,scn_0295da855189,overt_fraud,2,4,4,1,0,4,4,3,3,0
txn_a8d7edefb7f9,1774.73,0.4094,12,0,63.0,63.0,63.0,0.0,3.0,2.0,2.0,2.0,1136.643,0.5614,17.01,17.01,637.0,0.0225,262.97,204.0,0.0726,0.0597,0.783,0.4634,167.0,3.0,1,merchant_ecosystem_abuse,gift_card_abuse,merchant_gift_card_001,scn_0295da855189,overt_fraud,2,4,4,1,0,3,3,3,3,0
txn_ead91cf311be,1868.89,0.7135,13,0,64.0,64.0,64.0,1.0,3.0,2.0,2.0,2.0,1146.6131,0.6299,40.27,40.27,637.0,0.0225,262.97,204.0,0.0726,0.0597,0.783,0.4634,167.0,3.0,1,merchant_ecosystem_abuse,gift_card_abuse,merchant_gift_card_001,scn_0295da855189,overt_fraud,4,4,4,1,0,1,1,3,3,0
txn_57f8e0cd64f6,1771.11,0.4401,13,1,65.0,65.0,65.0,2.0,3.0,1.0,1.0,2.0,1157.7251,0.5298,41.04,41.04,637.0,0.0225,262.97,204.0,0.0726,0.0597,0.783,0.4634,167.0,3.0,1,merchant_ecosystem_abuse,gift_card_abuse,merchant_gift_card_001,scn_0295da855189,overt_fraud,0,4,4,1,0,1,5,3,3,0
txn_34f1265e42f5,1521.03,0.5755,15,0,66.0,66.0,66.0,0.0,3.0,0.0,0.0,2.0,1167.0188,0.3033,113.9,113.9,637.0,0.0225,262.97,204.0,0.0726,0.0597,0.783,0.4634,167.0,3.0,1,merchant_ecosystem_abuse,gift_card_abuse,merchant_gift_card_001,scn_0295da855189,overt_fraud,4,4,4,1,0,3,3,3,3,0
txn_3a5de7ebd3f5,163.36,0.1143,16,0,67.0,67.0,67.0,1.0,3.0,1.0,1.0,2.0,1172.3025,0.8607,23.56,23.56,637.0,0.0225,262.97,204.0,0.0726,0.0597,0.783,0.4634,167.0,3.0,1,merchant_ecosystem_abuse,gift_card_abuse,merchant_gift_card_001,scn_0295da855189,overt_fraud,3,4,4,1,0,0,0,3,3,0
txn_10c7c3c4b9ad,1471.43,0.6936,16,0,68.0,68.0,68.0,2.0,3.0,2.0,2.0,2.0,1157.4651,0.2713,21.96,21.96,637.0,0.0225,262.97,204.0,0.0726,0.0597,0.783,0.4634,167.0,3.0,1,merchant_ecosystem_abuse,gift_card_abuse,merchant_gift_card_001,scn_0295da855189,overt_fraud,3,4,4,1,0,0,0,3,3,0
txn_b808e7a3913b,1085.94,0.7087,18,0,69.0,69.0,69.0,0.0,3.0,0.0,0.0,2.0,1162.0154,0.0655,106.15,106.15,637.0,0.0225,262.97,204.0,0.0726,0.0597,0.783,0.4634,167.0,3.0,1,merchant_ecosystem_abuse,gift_card_abuse,merchant_gift_card_001,scn_0295da855189,overt_fraud,0,4,4,1,0,3,3,3,3,0
txn_a55e23eaf0e0,1354.11,0.7193,20,0,70.0,70.0,70.0,1.0,3.0,0.0,0.0,2.0,1160.9286,0.1664,154.1,154.1,637.0,0.0225,262.97,204.0,0.0726,0.0597,0.783,0.4634,167.0,3.0,1,merchant_ecosystem_abuse,gift_card_abuse,merchant_gift_card_001,scn_0295da855189,overt_fraud,4,4,4,1,0,5,5,3,3,0
txn_81b41a3a1542,1923.27,0.4656,21,0,71.0,71.0,71.0,2.0,3.0,1.0,1.0,2.0,1163.6494,0.6528,30.36,30.36,637.0,0.0225,262.97,204.0,0.0726,0.0597,0.783,0.4634,167.0,3.0,1,merchant_ecosystem_abuse,gift_card_abuse,merchant_gift_card_001,scn_0295da855189,overt_fraud,4,4,4,1,0,1,1,3,3,0
txn_2ce2741cfcfa,440.58,0.3581,23,0,72.0,72.0,72.0,0.0,3.0,0.0,0.0,2.0,1174.1997,0.6248,121.35,121.35,637.0,0.0225,262.97,204.0,0.0726,0.0597,0.783,0.4634,167.0,3.0,1,merchant_ecosystem_abuse,gift_card_abuse,merchant_gift_card_001,scn_0295da855189,overt_fraud,0,4,4,1,0,4,4,3,3,0
txn_350142d9310b,648.68,0.6333,23,0,73.0,73.0,73.0,1.0,2.0,1.0,1.0,2.0,1164.1501,0.4428,8.88,8.88,637.0,0.0225,262.97,204.0,0.0726,0.0597,0.783,0.4634,167.0,3.0,1,merchant_ecosystem_abuse,gift_card_abuse,merchant_gift_card_001,scn_0295da855189,overt_fraud,4,4,4,1,0,2,2,3,3,0
txn_3978f83ed669,1918.06,0.7061,0,0,74.0,74.0,74.0,2.0,1.0,2.0,2.0,2.0,1157.1843,0.6575,30.27,30.27,637.0,0.0225,262.97,204.0,0.0726,0.0597,0.783,0.4634,167.0,3.0,1,merchant_ecosystem_abuse,gift_card_abuse,merchant_gift_card_001,scn_0295da855189,overt_fraud,3,4,4,1,0,1,1,3,3,0
txn_4db2f99592b9,439.14,0.5869,1,0,75.0,75.0,75.0,0.0,1.0,0.0,0.0,2.0,1167.3293,0.6238,77.91,77.91,637.0,0.0225,262.97,204.0,0.0726,0.0597,0.783,0.4634,167.0,3.0,1,merchant_ecosystem_abuse,gift_card_abuse,merchant_gift_card_001,scn_0295da855189,overt_fraud,1,4,4,1,0,5,5,3,3,0
txn_0e1d0db1fe36,343.1,0.698,1,0,76.0,76.0,76.0,1.0,1.0,1.0,1.0,2.0,1157.7479,0.7036,32.16,32.16,637.0,0.0225,262.97,204.0,0.0726,0.0597,0.783,0.4634,167.0,3.0,1,merchant_ecosystem_abuse,gift_card_abuse,merchant_gift_card_001,scn_0295da855189,overt_fraud,4,4,4,1,0,5,5,3,3,0
txn_7cedec0de362,1065.55,0.5156,2,0,77.0,77.0,77.0,2.0,1.0,1.0,1.0,2.0,1147.1681,0.0711,28.53,28.53,637.0,0.0225,262.97,204.0,0.0726,0.0597,0.783,0.4634,167.0,3.0,1,merchant_ecosystem_abuse,gift_card_abuse,merchant_gift_card_001,scn_0295da855189,overt_fraud,1,4,4,1,0,3,3,3,3,0
txn_2f73a28c1a78,358.83,0.829,2,0,78.0,78.0,78.0,0.0,1.0,2.0,2.0,2.0,1146.1217,0.6869,25.6,25.6,637.0,0.0225,262.97,204.0,0.0726,0.0597,0.783,0.4634,167.0,3.0,1,merchant_ecosystem_abuse,gift_card_abuse,merchant_gift_card_001,scn_0295da855189,overt_fraud,2,4,4,1,0,2,2,3,3,0
txn_7ae14631ebc5,343.61,0.7276,2,0,79.0,79.0,79.0,1.0,1.0,3.0,3.0,2.0,1136.1559,0.6976,0.55,0.55,637.0,0.0225,262.97,204.0,0.0726,0.0597,0.783,0.4634,167.0,3.0,1,merchant_ecosystem_abuse,gift_card_abuse,merchant_gift_card_001,scn_0295da855189,overt_fraud,3,4,4,1,0,0,0,3,3,0
txn_10b8ce42ddde,1342.63,0.5531,4,0,80.0,80.0,80.0,2.0,1.0,0.0,0.0,2.0,1126.2491,0.1921,80.62,80.62,637.0,0.0225,262.97,204.0,0.0726,0.0597,0.783,0.4634,167.0,3.0,1,merchant_ecosystem_abuse,gift_card_abuse,merchant_gift_card_001,scn_0295da855189,overt_fraud,4,4,4,1,0,0,0,3,3,0
txn_0b94b1ee896d,434.86,0.4155,5,1,81.0,81.0,81.0,0.0,1.0,1.0,1.0,2.0,1128.9205,0.6148,48.74,48.74,637.0,0.0225,262.97,204.0,0.0726,0.0597,0.783,0.4634,167.0,3.0,1,merchant_ecosystem_abuse,gift_card_abuse,merchant_gift_card_001,scn_0295da855189,overt_fraud,0,4,4,1,0,2,1,3,3,0
txn_576aa68fb955,529.94,0.5227,5,0,82.0,82.0,82.0,1.0,1.0,2.0,2.0,2.0,1120.4563,0.527,6.65,6.65,637.0,0.0225,262.97,204.0,0.0726,0.0597,0.783,0.4634,167.0,3.0,1,merchant_ecosystem_abuse,gift_card_abuse,merchant_gift_card_001,scn_0295da855189,overt_fraud,2,4,4,1,0,4,4,3,3,0
txn_ead7619c3d61,1035.52,0.4111,7,1,83.0,83.0,83.0,2.0,1.0,0.0,0.0,2.0,1113.3417,0.0699,110.0,110.0,637.0,0.0225,262.97,204.0,0.0726,0.0597,0.783,0.4634,167.0,3.0,1,merchant_ecosystem_abuse,gift_card_abuse,merchant_gift_card_001,scn_0295da855189,overt_fraud,1,4,4,1,0,4,0,3,3,0
txn_0aeb4fff8591,193.69,0.5889,8,0,84.0,84.0,84.0,0.0,1.0,0.0,0.0,2.0,1112.4152,0.8259,64.15,64.15,637.0,0.0225,262.97,204.0,0.0726,0.0597,0.783,0.4634,167.0,3.0,1,merchant_ecosystem_abuse,gift_card_abuse,merchant_gift_card_001,scn_0295da855189,overt_fraud,0,4,4,1,0,3,3,3,3,0
txn_014f0d83ae36,1530.0,0.2212,8,0,85.0,85.0,85.0,1.0,1.0,1.0,1.0,2.0,1101.6067,0.3889,47.79,47.79,637.0,0.0225,262.97,204.0,0.0726,0.0597,0.783,0.4634,167.0,3.0,1,merchant_ecosystem_abuse,gift_card_abuse,merchant_gift_card_001,scn_0295da855189,overt_fraud,4,4,4,1,0,2,2,3,3,0
txn_98587f09c06a,374.43,0.3894,9,0,0.0,0.0,0.0,0.0,0.0,0.0,0.0,0.0,0.0,0.0,1440.0,1440.0,2337.0,0.0585,80.85,1830.0,0.0792,0.0082,0.1943,0.0242,1352.0,1.0,1,merchant_ecosystem_abuse,mule_laundering,merchant_mule_laundering_001,scn_1d54fa06dff5,stealth_fraud,4,1,3,3,0,4,4,4,0,0
txn_f560248358e8,961.91,0.5039,12,0,1.0,1.0,1.0,1.0,5.0,0.0,0.0,0.0,374.43,1.569,146.67,146.67,2337.0,0.0585,80.85,1830.0,0.0792,0.0082,0.1943,0.0242,1352.0,1.0,1,merchant_ecosystem_abuse,mule_laundering,merchant_mule_laundering_001,scn_1d54fa06dff5,stealth_fraud,0,1,3,3,0,0,0,1,0,0
txn_dc678296434b,454.77,0.3017,13,0,2.0,2.0,2.0,2.0,5.0,0.0,0.0,0.0,668.17,0.3194,64.44,64.44,2337.0,0.0585,80.85,1830.0,0.0792,0.0082,0.1943,0.0242,1352.0,1.0,1,merchant_ecosystem_abuse,mule_laundering,merchant_mule_laundering_001,scn_1d54fa06dff5,stealth_fraud,4,1,3,3,0,2,2,0,0,0
txn_238c644d5b44,1291.89,0.2416,14,0,3.0,3.0,3.0,0.0,6.0,1.0,1.0,0.0,597.0367,1.1638,40.46,40.46,2337.0,0.0585,80.85,1830.0,0.0792,0.0082,0.1943,0.0242,1352.0,1.0,1,merchant_ecosystem_abuse,mule_laundering,merchant_mule_laundering_001,scn_1d54fa06dff5,stealth_fraud,1,1,3,3,0,5,5,1,0,0
txn_61a25a3f68e0,147.31,0.1869,19,0,4.0,4.0,4.0,1.0,9.0,0.0,0.0,0.0,770.75,0.8089,306.1,306.1,2337.0,0.0585,80.85,1830.0,0.0792,0.0082,0.1943,0.0242,1352.0,1.0,1,merchant_ecosystem_abuse,mule_laundering,merchant_mule_laundering_001,scn_1d54fa06dff5,stealth_fraud,3,1,3,3,0,4,4,1,0,0
txn_0774f1ad6c3d,911.57,0.284,21,0,5.0,5.0,5.0,2.0,12.0,0.0,0.0,0.0,646.062,0.411,165.42,165.42,2337.0,0.0585,80.85,1830.0,0.0792,0.0082,0.1943,0.0242,1352.0,1.0,1,merchant_ecosystem_abuse,mule_laundering,merchant_mule_laundering_001,scn_1d54fa06dff5,stealth_fraud,1,1,3,3,0,5,5,0,0,0
txn_ac173500c8e3,607.17,0.2849,22,0,6.0,6.0,6.0,0.0,13.0,1.0,1.0,0.0,690.3133,0.1204,35.03,35.03,2337.0,0.0585,80.85,1830.0,0.0792,0.0082,0.1943,0.0242,1352.0,1.0,1,merchant_ecosystem_abuse,mule_laundering,merchant_mule_laundering_001,scn_1d54fa06dff5,stealth_fraud,3,1,3,3,0,0,0,0,0,0
txn_de694dda4f32,121.52,0.3194,23,0,7.0,7.0,7.0,1.0,14.0,1.0,1.0,0.0,678.4357,0.8209,50.59,50.59,2337.0,0.0585,80.85,1830.0,0.0792,0.0082,0.1943,0.0242,1352.0,1.0,1,merchant_ecosystem_abuse,mule_laundering,merchant_mule_laundering_001,scn_1d54fa06dff5,stealth_fraud,4,1,3,3,0,3,3,4,0,0
txn_f524b222777f,597.63,0.5689,2,0,8.0,8.0,8.0,2.0,15.0,0.0,0.0,0.0,608.8213,0.0184,168.59,168.59,2337.0,0.0585,80.85,1830.0,0.0792,0.0082,0.1943,0.0242,1352.0,1.0,1,merchant_ecosystem_abuse,mule_laundering,merchant_mule_laundering_001,scn_1d54fa06dff5,stealth_fraud,4,1,3,3,0,0,0,4,0,0
txn_f5bc64c00f23,1299.58,0.2521,2,0,9.0,9.0,9.0,0.0,15.0,1.0,1.0,0.0,607.5778,1.139,39.09,39.09,2337.0,0.0585,80.85,1830.0,0.0792,0.0082,0.1943,0.0242,1352.0,1.0,1,merchant_ecosystem_abuse,mule_laundering,merchant_mule_laundering_001,scn_1d54fa06dff5,stealth_fraud,3,1,3,3,0,5,5,4,0,0
txn_f6aded86a5a0,878.83,0.4032,5,0,10.0,10.0,10.0,1.0,17.0,0.0,0.0,0.0,676.778,0.2985,179.47,179.47,2337.0,0.0585,80.85,1830.0,0.0792,0.0082,0.1943,0.0242,1352.0,1.0,1,merchant_ecosystem_abuse,mule_laundering,merchant_mule_laundering_001,scn_1d54fa06dff5,stealth_fraud,2,1,3,3,0,2,2,1,0,0
txn_ee99cd5dcc63,636.85,0.2899,6,0,11.0,11.0,11.0,2.0,17.0,1.0,1.0,0.0,695.1464,0.0839,45.45,45.45,2337.0,0.0585,80.85,1830.0,0.0792,0.0082,0.1943,0.0242,1352.0,1.0,1,merchant_ecosystem_abuse,mule_laundering,merchant_mule_laundering_001,scn_1d54fa06dff5,stealth_fraud,3,1,3,3,0,4,4,0,0,0
txn_81c0c5e33f33,607.69,0.1157,9,0,12.0,12.0,12.0,0.0,19.0,0.0,0.0,0.0,690.2883,0.1197,164.7,164.7,2337.0,0.0585,80.85,1830.0,0.0792,0.0082,0.1943,0.0242,1352.0,1.0,1,merchant_ecosystem_abuse,mule_laundering,merchant_mule_laundering_001,scn_1d54fa06dff5,stealth_fraud,3,1,3,3,0,3,3,0,0,0
txn_a6e5e5494528,143.2,0.2366,10,0,13.0,13.0,13.0,1.0,19.0,1.0,1.0,0.0,683.9346,0.7906,38.2,38.2,2337.0,0.0585,80.85,1830.0,0.0792,0.0082,0.1943,0.0242,1352.0,1.0,1,merchant_ecosystem_abuse,mule_laundering,merchant_mule_laundering_001,scn_1d54fa06dff5,stealth_fraud,1,1,3,3,0,3,3,1,0,0
txn_e77c263501b1,355.57,0.3752,13,0,14.0,14.0,14.0,2.0,17.0,0.0,0.0,0.0,645.3107,0.449,208.43,208.43,2337.0,0.0585,80.85,1830.0,0.0792,0.0082,0.1943,0.0242,1352.0,1.0,1,merchant_ecosystem_abuse,mule_laundering,merchant_mule_laundering_001,scn_1d54fa06dff5,stealth_fraud,3,1,3,3,0,2,2,1,0,0
txn_09d34b6bfc91,601.21,0.1397,13,0,15.0,15.0,15.0,0.0,15.0,1.0,1.0,0.0,625.9947,0.0396,1.51,1.51,2337.0,0.0585,80.85,1830.0,0.0792,0.0082,0.1943,0.0242,1352.0,1.0,1,merchant_ecosystem_abuse,mule_laundering,merchant_mule_laundering_001,scn_1d54fa06dff5,stealth_fraud,0,1,3,3,0,2,2,1,0,0
txn_e451d4fefbdb,451.59,0.4396,14,0,16.0,16.0,16.0,1.0,14.0,2.0,2.0,0.0,624.4456,0.2768,34.68,34.68,2337.0,0.0585,80.85,1830.0,0.0792,0.0082,0.1943,0.0242,1352.0,1.0,1,merchant_ecosystem_abuse,mule_laundering,merchant_mule_laundering_001,scn_1d54fa06dff5,stealth_fraud,0,1,3,3,0,2,2,0,0,0
txn_4890e047b3bd,1406.91,0.2662,16,0,17.0,17.0,17.0,2.0,15.0,0.0,0.0,0.0,614.2776,1.2903,135.14,135.14,2337.0,0.0585,80.85,1830.0,0.0792,0.0082,0.1943,0.0242,1352.0,1.0,1,merchant_ecosystem_abuse,mule_laundering,merchant_mule_laundering_001,scn_1d54fa06dff5,stealth_fraud,4,1,3,3,0,2,2,1,0,0
txn_badf9489c840,224.46,0.2223,16,0,18.0,18.0,18.0,0.0,12.0,1.0,1.0,0.0,658.3128,0.659,11.11,11.11,2337.0,0.0585,80.85,1830.0,0.0792,0.0082,0.1943,0.0242,1352.0,1.0,1,merchant_ecosystem_abuse,mule_laundering,merchant_mule_laundering_001,scn_1d54fa06dff5,stealth_fraud,4,1,3,3,0,5,5,0,0,0
txn_8f3f124d0c2e,1409.42,0.2548,16,1,19.0,19.0,19.0,1.0,10.0,2.0,2.0,0.0,635.4784,1.2179,2.26,2.26,2337.0,0.0585,80.85,1830.0,0.0792,0.0082,0.1943,0.0242,1352.0,1.0,1,merchant_ecosystem_abuse,mule_laundering,merchant_mule_laundering_001,scn_1d54fa06dff5,stealth_fraud,2,1,3,3,0,5,4,0,0,0
txn_6700f14bdd3c,564.88,0.1874,18,0,20.0,20.0,20.0,2.0,10.0,0.0,0.0,0.0,674.1755,0.1621,136.4,136.4,2337.0,0.0585,80.85,1830.0,0.0792,0.0082,0.1943,0.0242,1352.0,1.0,1,merchant_ecosystem_abuse,mule_laundering,merchant_mule_laundering_001,scn_1d54fa06dff5,stealth_fraud,4,1,3,3,0,3,3,1,0,0
txn_e50f0b40717f,198.02,0.2241,20,0,21.0,21.0,21.0,0.0,8.0,0.0,0.0,0.0,668.971,0.704,109.95,109.95,2337.0,0.0585,80.85,1830.0,0.0792,0.0082,0.1943,0.0242,1352.0,1.0,1,merchant_ecosystem_abuse,mule_laundering,merchant_mule_laundering_001,scn_1d54fa06dff5,stealth_fraud,3,1,3,3,0,3,3,0,0,0
txn_870aa9e7d188,975.28,0.2515,22,0,22.0,22.0,22.0,1.0,9.0,0.0,0.0,0.0,647.5641,0.5061,96.62,96.62,2337.0,0.0585,80.85,1830.0,0.0792,0.0082,0.1943,0.0242,1352.0,1.0,1,merchant_ecosystem_abuse,mule_laundering,merchant_mule_laundering_001,scn_1d54fa06dff5,stealth_fraud,1,1,3,3,0,5,5,1,0,0
txn_0484c5c4144f,398.77,0.1932,22,0,23.0,23.0,23.0,2.0,8.0,1.0,1.0,0.0,661.8126,0.3975,8.8,8.8,2337.0,0.0585,80.85,1830.0,0.0792,0.0082,0.1943,0.0242,1352.0,1.0,1,merchant_ecosystem_abuse,mule_laundering,merchant_mule_laundering_001,scn_1d54fa06dff5,stealth_fraud,2,1,3,3,0,4,4,4,0,0
txn_1acda7d27eef,1152.92,0.24,23,0,24.0,24.0,24.0,0.0,8.0,2.0,2.0,0.0,650.8525,0.7714,45.07,45.07,2337.0,0.0585,80.85,1830.0,0.0792,0.0082,0.1943,0.0242,1352.0,1.0,1,merchant_ecosystem_abuse,mule_laundering,merchant_mule_laundering_001,scn_1d54fa06dff5,stealth_fraud,0,1,3,3,0,5,5,0,0,0
txn_223755053ac4,678.93,0.141,0,0,25.0,25.0,25.0,1.0,10.0,0.0,0.0,0.0,670.9352,0.0119,67.12,67.12,2337.0,0.0585,80.85,1830.0,0.0792,0.0082,0.1943,0.0242,1352.0,1.0,1,merchant_ecosystem_abuse,mule_laundering,merchant_mule_laundering_001,scn_1d54fa06dff5,stealth_fraud,0,1,3,3,0,1,1,1,0,0
txn_90208d374e41,637.54,0.2894,0,0,26.0,26.0,26.0,2.0,8.0,1.0,1.0,0.0,671.2427,0.0502,5.32,5.32,2337.0,0.0585,80.85,1830.0,0.0792,0.0082,0.1943,0.0242,1352.0,1.0,1,merchant_ecosystem_abuse,mule_laundering,merchant_mule_laundering_001,scn_1d54fa06dff5,stealth_fraud,2,1,3,3,0,3,3,4,0,0
txn_450dd28751c4,505.45,0.1015,2,0,27.0,27.0,27.0,0.0,8.0,0.0,0.0,0.0,669.9944,0.2456,106.04,106.04,2337.0,0.0585,80.85,1830.0,0.0792,0.0082,0.1943,0.0242,1352.0,1.0,1,merchant_ecosystem_abuse,mule_laundering,merchant_mule_laundering_001,scn_1d54fa06dff5,stealth_fraud,0,1,3,3,0,4,4,4,0,0
txn_36a072ff1747,1342.38,0.2801,3,0,28.0,28.0,28.0,1.0,7.0,0.0,0.0,0.0,664.1179,1.0213,61.28,61.28,2337.0,0.0585,80.85,1830.0,0.0792,0.0082,0.1943,0.0242,1352.0,1.0,1,merchant_ecosystem_abuse,mule_laundering,merchant_mule_laundering_001,scn_1d54fa06dff5,stealth_fraud,2,1,3,3,0,1,1,0,0,0
txn_67579a6b81dd,1198.19,0.2016,3,0,29.0,29.0,29.0,2.0,7.0,1.0,1.0,0.0,687.5062,0.7428,36.9,36.9,2337.0,0.0585,80.85,1830.0,0.0792,0.0082,0.1943,0.0242,1352.0,1.0,1,merchant_ecosystem_abuse,mule_laundering,merchant_mule_laundering_001,scn_1d54fa06dff5,stealth_fraud,2,1,3,3,0,0,0,0,0,0
txn_fd765ce2aaf8,234.26,0.1711,4,0,30.0,30.0,30.0,0.0,7.0,2.0,2.0,0.0,704.529,0.6675,16.45,16.45,2337.0,0.0585,80.85,1830.0,0.0792,0.0082,0.1943,0.0242,1352.0,1.0,1,merchant_ecosystem_abuse,mule_laundering,merchant_mule_laundering_001,scn_1d54fa06dff5,stealth_fraud,4,1,3,3,0,2,2,1,0,0
txn_c3ce79254224,773.61,0.3236,4,0,31.0,31.0,31.0,1.0,7.0,1.0,1.0,0.0,689.359,0.1222,48.96,48.96,2337.0,0.0585,80.85,1830.0,0.0792,0.0082,0.1943,0.0242,1352.0,1.0,1,merchant_ecosystem_abuse,mule_laundering,merchant_mule_laundering_001,scn_1d54fa06dff5,stealth_fraud,2,1,3,3,0,3,3,1,0,0
txn_648ec716467b,149.15,0.08,6,0,32.0,32.0,32.0,2.0,6.0,0.0,0.0,0.0,691.9919,0.7845,76.87,76.87,2337.0,0.0585,80.85,1830.0,0.0792,0.0082,0.1943,0.0242,1352.0,1.0,1,merchant_ecosystem_abuse,mule_laundering,merchant_mule_laundering_001,scn_1d54fa06dff5,stealth_fraud,2,1,3,3,0,5,5,4,0,0
txn_2baf7998cdb0,905.98,0.3317,6,0,33.0,33.0,33.0,0.0,6.0,1.0,1.0,0.0,675.5421,0.3411,3.39,3.39,2337.0,0.0585,80.85,1830.0,0.0792,0.0082,0.1943,0.0242,1352.0,1.0,1,merchant_ecosystem_abuse,mule_laundering,merchant_mule_laundering_001,scn_1d54fa06dff5,stealth_fraud,3,1,3,3,0,5,5,4,0,0
txn_1fceb39c0023,1350.07,0.5766,7,0,34.0,34.0,34.0,1.0,6.0,0.0,0.0,0.0,682.3197,0.9786,71.5,71.5,2337.0,0.0585,80.85,1830.0,0.0792,0.0082,0.1943,0.0242,1352.0,1.0,1,merchant_ecosystem_abuse,mule_laundering,merchant_mule_laundering_001,scn_1d54fa06dff5,stealth_fraud,3,1,3,3,0,5,5,4,0,0
txn_c2a1cca3f689,99.58,0.3546,8,0,35.0,35.0,35.0,2.0,6.0,1.0,1.0,0.0,701.3983,0.858,57.33,57.33,2337.0,0.0585,80.85,1830.0,0.0792,0.0082,0.1943,0.0242,1352.0,1.0,1,merchant_ecosystem_abuse,mule_laundering,merchant_mule_laundering_001,scn_1d54fa06dff5,stealth_fraud,0,1,3,3,0,2,2,4,0,0
txn_ab4866108f47,1108.2,0.2958,10,0,36.0,36.0,36.0,0.0,6.0,0.0,0.0,0.0,684.6811,0.6186,104.59,104.59,2337.0,0.0585,80.85,1830.0,0.0792,0.0082,0.1943,0.0242,1352.0,1.0,1,merchant_ecosystem_abuse,mule_laundering,merchant_mule_laundering_001,scn_1d54fa06dff5,stealth_fraud,3,1,3,3,0,2,2,0,0,0
txn_ed2f3c2a0e7e,536.83,0.08,10,0,37.0,37.0,37.0,1.0,6.0,1.0,1.0,0.0,696.1276,0.2288,12.47,12.47,2337.0,0.0585,80.85,1830.0,0.0792,0.0082,0.1943,0.0242,1352.0,1.0,1,merchant_ecosystem_abuse,mule_laundering,merchant_mule_laundering_001,scn_1d54fa06dff5,stealth_fraud,2,1,3,3,0,3,3,0,0,0
txn_9fcb4c8a2427,496.34,0.1789,10,0,38.0,38.0,38.0,2.0,6.0,2.0,2.0,0.0,691.9355,0.2827,8.82,8.82,2337.0,0.0585,80.85,1830.0,0.0792,0.0082,0.1943,0.0242,1352.0,1.0,1,merchant_ecosystem_abuse,mule_laundering,merchant_mule_laundering_001,scn_1d54fa06dff5,stealth_fraud,0,1,3,3,0,0,0,0,0,0
txn_f5404754926f,302.31,0.6037,14,1,39.0,39.0,39.0,0.0,6.0,0.0,0.0,0.0,686.9203,0.5599,261.5,261.5,2337.0,0.0585,80.85,1830.0,0.0792,0.0082,0.1943,0.0242,1352.0,1.0,1,merchant_ecosystem_abuse,mule_laundering,merchant_mule_laundering_001,scn_1d54fa06dff5,stealth_fraud,3,1,3,3,0,4,0,1,0,0
txn_9fab1d261468,977.22,0.2634,15,0,40.0,40.0,40.0,1.0,6.0,1.0,1.0,0.0,677.305,0.4428,33.08,33.08,2337.0,0.0585,80.85,1830.0,0.0792,0.0082,0.1943,0.0242,1352.0,1.0,1,merchant_ecosystem_abuse,mule_laundering,merchant_mule_laundering_001,scn_1d54fa06dff5,stealth_fraud,4,1,3,3,0,3,3,0,0,0
txn_4545ecdd2746,1382.62,0.2625,15,0,41.0,41.0,41.0,2.0,6.0,2.0,2.0,0.0,684.62,1.0195,4.56,4.56,2337.0,0.0585,80.85,1830.0,0.0792,0.0082,0.1943,0.0242,1352.0,1.0,1,merchant_ecosystem_abuse,mule_laundering,merchant_mule_laundering_001,scn_1d54fa06dff5,stealth_fraud,3,1,3,3,0,4,4,0,0,0
txn_1a9c64a243d4,827.42,0.568,18,0,42.0,42.0,42.0,0.0,6.0,0.0,0.0,0.0,701.239,0.1799,166.41,166.41,2337.0,0.0585,80.85,1830.0,0.0792,0.0082,0.1943,0.0242,1352.0,1.0,1,merchant_ecosystem_abuse,mule_laundering,merchant_mule_laundering_001,scn_1d54fa06dff5,stealth_fraud,0,1,3,3,0,1,1,1,0,0
txn_3ca5706cc7af,923.33,0.1499,18,0,43.0,43.0,43.0,1.0,5.0,1.0,1.0,0.0,704.1735,0.3112,26.72,26.72,2337.0,0.0585,80.85,1830.0,0.0792,0.0082,0.1943,0.0242,1352.0,1.0,1,merchant_ecosystem_abuse,mule_laundering,merchant_mule_laundering_001,scn_1d54fa06dff5,stealth_fraud,3,1,3,3,0,5,5,1,0,0
txn_e5f01a2348e5,846.29,0.1388,19,0,44.0,44.0,44.0,2.0,4.0,2.0,2.0,0.0,709.1543,0.1934,32.54,32.54,2337.0,0.0585,80.85,1830.0,0.0792,0.0082,0.1943,0.0242,1352.0,1.0,1,merchant_ecosystem_abuse,mule_laundering,merchant_mule_laundering_001,scn_1d54fa06dff5,stealth_fraud,2,1,3,3,0,2,2,1,0,0
txn_cb9d87bab2ae,499.74,0.3339,23,0,45.0,45.0,45.0,0.0,5.0,0.0,0.0,0.0,712.2018,0.2983,287.46,287.46,2337.0,0.0585,80.85,1830.0,0.0792,0.0082,0.1943,0.0242,1352.0,1.0,1,merchant_ecosystem_abuse,mule_laundering,merchant_mule_laundering_001,scn_1d54fa06dff5,stealth_fraud,4,1,3,3,0,2,2,4,0,0
txn_05e6f5ac4b0f,1062.35,0.5624,0,0,46.0,46.0,46.0,1.0,5.0,1.0,1.0,0.0,707.583,0.5014,52.76,52.76,2337.0,0.0585,80.85,1830.0,0.0792,0.0082,0.1943,0.0242,1352.0,1.0,1,merchant_ecosystem_abuse,mule_laundering,merchant_mule_laundering_001,scn_1d54fa06dff5,stealth_fraud,3,1,3,3,0,2,2,1,0,0
txn_50e253a1daf3,317.98,0.1239,2,0,47.0,47.0,47.0,2.0,5.0,0.0,0.0,0.0,715.1313,0.5554,122.05,122.05,2337.0,0.0585,80.85,1830.0,0.0792,0.0082,0.1943,0.0242,1352.0,1.0,1,merchant_ecosystem_abuse,mule_laundering,merchant_mule_laundering_001,scn_1d54fa06dff5,stealth_fraud,0,1,3,3,0,0,0,1,0,0
txn_6b050a866116,1261.93,0.0817,5,0,48.0,48.0,48.0,0.0,5.0,0.0,0.0,0.0,706.8573,0.7853,150.19,150.19,2337.0,0.0585,80.85,1830.0,0.0792,0.0082,0.1943,0.0242,1352.0,1.0,1,merchant_ecosystem_abuse,mule_laundering,merchant_mule_laundering_001,scn_1d54fa06dff5,stealth_fraud,3,1,3,3,0,5,5,4,0,0
txn_0667ef42b3ef,506.18,0.4602,6,0,49.0,49.0,49.0,1.0,5.0,1.0,1.0,0.0,718.1853,0.2952,41.22,41.22,2337.0,0.0585,80.85,1830.0,0.0792,0.0082,0.1943,0.0242,1352.0,1.0,1,merchant_ecosystem_abuse,mule_laundering,merchant_mule_laundering_001,scn_1d54fa06dff5,stealth_fraud,3,1,3,3,0,1,1,0,0,0
txn_665319c9a4ec,1375.48,0.4084,7,0,50.0,50.0,50.0,2.0,5.0,0.0,0.0,0.0,713.9452,0.9266,100.9,100.9,2337.0,0.0585,80.85,1830.0,0.0792,0.0082,0.1943,0.0242,1352.0,1.0,1,merchant_ecosystem_abuse,mule_laundering,merchant_mule_laundering_001,scn_1d54fa06dff5,stealth_fraud,3,1,3,3,0,4,4,1,0,0
txn_62d215e05c0e,798.43,0.08,9,0,51.0,51.0,51.0,0.0,5.0,0.0,0.0,0.0,726.9165,0.0984,102.39,102.39,2337.0,0.0585,80.85,1830.0,0.0792,0.0082,0.1943,0.0242,1352.0,1.0,1,merchant_ecosystem_abuse,mule_laundering,merchant_mule_laundering_001,scn_1d54fa06dff5,stealth_fraud,3,1,3,3,0,4,4,1,0,0
txn_df8185c528ee,449.64,0.4541,11,0,52.0,52.0,52.0,1.0,5.0,0.0,0.0,0.0,728.2917,0.3826,138.31,138.31,2337.0,0.0585,80.85,1830.0,0.0792,0.0082,0.1943,0.0242,1352.0,1.0,1,merchant_ecosystem_abuse,mule_laundering,merchant_mule_laundering_001,scn_1d54fa06dff5,stealth_fraud,0,1,3,3,0,3,3,1,0,0
txn_939cd38e68e9,1166.37,0.08,12,0,53.0,53.0,53.0,2.0,4.0,1.0,1.0,0.0,723.0342,0.6132,44.17,44.17,2337.0,0.0585,80.85,1830.0,0.0792,0.0082,0.1943,0.0242,1352.0,1.0,1,merchant_ecosystem_abuse,mule_laundering,merchant_mule_laundering_001,scn_1d54fa06dff5,stealth_fraud,1,1,3,3,0,1,1,1,0,0
txn_9921e2a48d75,1309.89,0.3172,13,0,54.0,54.0,54.0,0.0,4.0,1.0,1.0,0.0,731.2441,0.7913,59.58,59.58,2337.0,0.0585,80.85,1830.0,0.0792,0.0082,0.1943,0.0242,1352.0,1.0,1,merchant_ecosystem_abuse,mule_laundering,merchant_mule_laundering_001,scn_1d54fa06dff5,stealth_fraud,0,1,3,3,0,3,3,1,0,0
txn_8fd41afe41a2,770.62,0.3323,15,0,55.0,55.0,55.0,1.0,4.0,0.0,0.0,0.0,741.7649,0.0389,146.6,146.6,2337.0,0.0585,80.85,1830.0,0.0792,0.0082,0.1943,0.0242,1352.0,1.0,1,merchant_ecosystem_abuse,mule_laundering,merchant_mule_laundering_001,scn_1d54fa06dff5,stealth_fraud,0,1,3,3,0,1,1,0,0,0
txn_7b6f413988d2,636.44,0.1473,17,0,56.0,56.0,56.0,2.0,4.0,0.0,0.0,0.0,742.2802,0.1426,119.54,119.54,2337.0,0.0585,80.85,1830.0,0.0792,0.0082,0.1943,0.0242,1352.0,1.0,1,merchant_ecosystem_abuse,mule_laundering,merchant_mule_laundering_001,scn_1d54fa06dff5,stealth_fraud,3,1,3,3,0,3,3,4,0,0
txn_793247ede0a0,1068.63,0.0917,19,0,57.0,57.0,57.0,0.0,4.0,0.0,0.0,0.0,740.4233,0.4433,87.44,87.44,2337.0,0.0585,80.85,1830.0,0.0792,0.0082,0.1943,0.0242,1352.0,1.0,1,merchant_ecosystem_abuse,mule_laundering,merchant_mule_laundering_001,scn_1d54fa06dff5,stealth_fraud,2,1,3,3,0,0,0,1,0,0
txn_6c87db048145,803.51,0.3044,22,0,58.0,58.0,58.0,1.0,4.0,0.0,0.0,0.0,746.0821,0.077,188.4,188.4,2337.0,0.0585,80.85,1830.0,0.0792,0.0082,0.1943,0.0242,1352.0,1.0,1,merchant_ecosystem_abuse,mule_laundering,merchant_mule_laundering_001,scn_1d54fa06dff5,stealth_fraud,2,1,3,3,0,5,5,0,0,0
txn_5f331e6f4e3e,1359.84,0.2653,23,0,59.0,59.0,59.0,2.0,4.0,1.0,1.0,0.0,747.0554,0.8203,49.92,49.92,2337.0,0.0585,80.85,1830.0,0.0792,0.0082,0.1943,0.0242,1352.0,1.0,1,merchant_ecosystem_abuse,mule_laundering,merchant_mule_laundering_001,scn_1d54fa06dff5,stealth_fraud,4,1,3,3,0,2,2,1,0,0
txn_bd73173c25b9,1137.58,0.2149,0,0,60.0,60.0,60.0,0.0,4.0,0.0,0.0,0.0,757.2685,0.5022,85.48,85.48,2337.0,0.0585,80.85,1830.0,0.0792,0.0082,0.1943,0.0242,1352.0,1.0,1,merchant_ecosystem_abuse,mule_laundering,merchant_mule_laundering_001,scn_1d54fa06dff5,stealth_fraud,2,1,3,3,0,3,3,1,0,0
txn_4ccd55f1ef7e,876.15,0.2939,0,0,61.0,61.0,61.0,1.0,4.0,1.0,1.0,0.0,763.5031,0.1475,8.45,8.45,2337.0,0.0585,80.85,1830.0,0.0792,0.0082,0.1943,0.0242,1352.0,1.0,1,merchant_ecosystem_abuse,mule_laundering,merchant_mule_laundering_001,scn_1d54fa06dff5,stealth_fraud,3,1,3,3,0,2,2,0,0,0
txn_37d971cc1833,1387.36,0.3342,1,0,62.0,62.0,62.0,2.0,4.0,2.0,2.0,0.0,765.32,0.8128,2.94,2.94,2337.0,0.0585,80.85,1830.0,0.0792,0.0082,0.1943,0.0242,1352.0,1.0,1,merchant_ecosystem_abuse,mule_laundering,merchant_mule_laundering_001,scn_1d54fa06dff5,stealth_fraud,0,1,3,3,0,5,5,1,0,0
txn_8bc59c932c9e,1203.4,0.1357,1,0,63.0,63.0,63.0,0.0,4.0,3.0,3.0,0.0,775.1937,0.5524,45.28,45.28,2337.0,0.0585,80.85,1830.0,0.0792,0.0082,0.1943,0.0242,1352.0,1.0,1,merchant_ecosystem_abuse,mule_laundering,merchant_mule_laundering_001,scn_1d54fa06dff5,stealth_fraud,1,1,3,3,0,5,5,0,0,0
txn_e67886382a6a,1250.2,0.202,2,0,64.0,64.0,64.0,1.0,4.0,1.0,1.0,0.0,781.8844,0.599,47.23,47.23,2337.0,0.0585,80.85,1830.0,0.0792,0.0082,0.1943,0.0242,1352.0,1.0,1,merchant_ecosystem_abuse,mule_laundering,merchant_mule_laundering_001,scn_1d54fa06dff5,stealth_fraud,1,1,3,3,0,1,1,1,0,0
txn_90224aecda88,116.54,0.2302,3,0,65.0,65.0,65.0,2.0,4.0,1.0,1.0,0.0,789.0892,0.8523,35.71,35.71,2337.0,0.0585,80.85,1830.0,0.0792,0.0082,0.1943,0.0242,1352.0,1.0,1,merchant_ecosystem_abuse,mule_laundering,merchant_mule_laundering_001,scn_1d54fa06dff5,stealth_fraud,2,1,3,3,0,0,0,1,0,0
txn_60190d5ccadc,958.61,0.08,3,0,66.0,66.0,66.0,0.0,4.0,1.0,1.0,0.0,778.8991,0.2307,43.29,43.29,2337.0,0.0585,80.85,1830.0,0.0792,0.0082,0.1943,0.0242,1352.0,1.0,1,merchant_ecosystem_abuse,mule_laundering,merchant_mule_laundering_001,scn_1d54fa06dff5,stealth_fraud,3,1,3,3,0,3,3,1,0,0
txn_36669615f15d,477.47,0.1804,3,0,67.0,67.0,67.0,1.0,4.0,2.0,2.0,0.0,781.5813,0.3891,6.22,6.22,2337.0,0.0585,80.85,1830.0,0.0792,0.0082,0.1943,0.0242,1352.0,1.0,1,merchant_ecosystem_abuse,mule_laundering,merchant_mule_laundering_001,scn_1d54fa06dff5,stealth_fraud,3,1,3,3,0,2,2,4,0,0
txn_4149d890bc26,869.98,0.0844,4,0,68.0,68.0,68.0,2.0,4.0,2.0,2.0,0.0,777.1091,0.1195,30.5,30.5,2337.0,0.0585,80.85,1830.0,0.0792,0.0082,0.1943,0.0242,1352.0,1.0,1,merchant_ecosystem_abuse,mule_laundering,merchant_mule_laundering_001,scn_1d54fa06dff5,stealth_fraud,0,1,3,3,0,5,5,4,0,0
txn_1d389a586955,438.92,0.08,6,0,69.0,69.0,69.0,0.0,4.0,0.0,0.0,0.0,778.4551,0.4362,132.21,132.21,2337.0,0.0585,80.85,1830.0,0.0792,0.0082,0.1943,0.0242,1352.0,1.0,1,merchant_ecosystem_abuse,mule_laundering,merchant_mule_laundering_001,scn_1d54fa06dff5,stealth_fraud,2,1,3,3,0,5,5,1,0,0
txn_f3a36f882fbb,1103.94,0.4805,7,1,70.0,70.0,70.0,1.0,4.0,1.0,1.0,0.0,773.6046,0.427,55.46,55.46,2337.0,0.0585,80.85,1830.0,0.0792,0.0082,0.1943,0.0242,1352.0,1.0,1,merchant_ecosystem_abuse,mule_laundering,merchant_mule_laundering_001,scn_1d54fa06dff5,stealth_fraud,1,1,3,3,0,1,3,4,0,0
txn_080fd039b316,831.9,0.2739,8,0,71.0,71.0,71.0,2.0,4.0,1.0,1.0,0.0,778.2572,0.0689,46.99,46.99,2337.0,0.0585,80.85,1830.0,0.0792,0.0082,0.1943,0.0242,1352.0,1.0,1,merchant_ecosystem_abuse,mule_laundering,merchant_mule_laundering_001,scn_1d54fa06dff5,stealth_fraud,3,1,3,3,0,1,1,1,0,0
txn_9722f441e279,1033.3,0.644,10,0,0.0,0.0,0.0,0.0,0.0,0.0,0.0,0.0,0.0,0.0,1440.0,1440.0,142.0,0.3214,88.81,889.0,0.1031,0.0331,0.9608,0.5847,3.0,2.0,1,merchant_ecosystem_abuse,marketplace_seller_fraud,merchant_seller_fraud_001,scn_f2b3c83737c3,overt_fraud,1,6,1,1,0,5,5,4,1,0
txn_bde87bbd8282,1305.24,0.8437,10,0,1.0,1.0,1.0,1.0,3.0,1.0,1.0,0.0,1033.3,0.2632,19.12,19.12,142.0,0.3214,88.81,889.0,0.1031,0.0331,0.9608,0.5847,3.0,2.0,1,merchant_ecosystem_abuse,marketplace_seller_fraud,merchant_seller_fraud_001,scn_f2b3c83737c3,overt_fraud,1,6,1,1,1,3,3,0,1,1
txn_aa05bbcde788,930.72,0.6612,13,0,2.0,2.0,2.0,2.0,5.0,0.0,0.0,1.0,1169.27,0.204,172.07,172.07,142.0,0.3214,88.81,889.0,0.1031,0.0331,0.9608,0.5847,3.0,2.0,1,merchant_ecosystem_abuse,marketplace_seller_fraud,merchant_seller_fraud_001,scn_f2b3c83737c3,overt_fraud,0,6,1,1,0,0,0,1,1,0
txn_cfde536efcc0,743.44,0.6193,13,0,3.0,3.0,3.0,0.0,6.0,1.0,1.0,1.0,1089.7533,0.3178,34.21,34.21,142.0,0.3214,88.81,889.0,0.1031,0.0331,0.9608,0.5847,3.0,2.0,1,merchant_ecosystem_abuse,marketplace_seller_fraud,merchant_seller_fraud_001,scn_f2b3c83737c3,overt_fraud,4,6,1,1,0,0,0,4,1,0
txn_2c3028f9fe8b,1360.92,0.7561,14,1,4.0,4.0,4.0,1.0,7.0,2.0,2.0,1.0,1003.175,0.3566,4.56,4.56,142.0,0.3214,88.81,889.0,0.1031,0.0331,0.9608,0.5847,3.0,2.0,1,merchant_ecosystem_abuse,marketplace_seller_fraud,merchant_seller_fraud_001,scn_f2b3c83737c3,overt_fraud,0,6,1,1,0,3,1,0,1,0
txn_653a1a00f4c6,1510.65,0.606,14,0,5.0,5.0,5.0,2.0,8.0,2.0,2.0,1.0,1074.724,0.4056,49.48,49.48,142.0,0.3214,88.81,889.0,0.1031,0.0331,0.9608,0.5847,3.0,2.0,1,merchant_ecosystem_abuse,marketplace_seller_fraud,merchant_seller_fraud_001,scn_f2b3c83737c3,overt_fraud,4,6,1,1,0,1,1,0,1,0
txn_bce84c95e279,159.89,0.5308,15,1,6.0,6.0,6.0,0.0,8.0,1.0,1.0,1.0,1147.3783,0.8606,44.44,44.44,142.0,0.3214,88.81,889.0,0.1031,0.0331,0.9608,0.5847,3.0,2.0,1,merchant_ecosystem_abuse,marketplace_seller_fraud,merchant_seller_fraud_001,scn_f2b3c83737c3,overt_fraud,1,6,1,1,0,5,0,0,2,0
txn_7b6ab1081a37,1144.33,0.6227,16,0,7.0,7.0,7.0,1.0,9.0,1.0,1.0,1.0,1006.3086,0.1372,42.0,42.0,142.0,0.3214,88.81,889.0,0.1031,0.0331,0.9608,0.5847,3.0,2.0,1,merchant_ecosystem_abuse,marketplace_seller_fraud,merchant_seller_fraud_001,scn_f2b3c83737c3,overt_fraud,3,6,1,1,0,0,0,0,1,0
txn_af127d1fd851,1166.34,0.5171,18,0,8.0,8.0,8.0,2.0,11.0,0.0,0.0,1.0,1023.5613,0.1395,159.47,159.47,142.0,0.3214,88.81,889.0,0.1031,0.0331,0.9608,0.5847,3.0,2.0,1,merchant_ecosystem_abuse,marketplace_seller_fraud,merchant_seller_fraud_001,scn_f2b3c83737c3,overt_fraud,0,6,1,1,0,0,0,4,2,0
txn_32703e36a8f4,457.02,0.4948,21,0,9.0,9.0,9.0,0.0,12.0,0.0,0.0,1.0,1039.4256,0.5603,157.92,157.92,142.0,0.3214,88.81,889.0,0.1031,0.0331,0.9608,0.5847,3.0,2.0,1,merchant_ecosystem_abuse,marketplace_seller_fraud,merchant_seller_fraud_001,scn_f2b3c83737c3,overt_fraud,4,6,1,1,0,1,1,1,1,0
txn_2204c25e906d,1159.87,0.4539,21,1,10.0,10.0,10.0,1.0,13.0,1.0,1.0,1.0,981.185,0.1821,8.83,8.83,142.0,0.3214,88.81,889.0,0.1031,0.0331,0.9608,0.5847,3.0,2.0,1,merchant_ecosystem_abuse,marketplace_seller_fraud,merchant_seller_fraud_001,scn_f2b3c83737c3,overt_fraud,1,6,1,1,0,2,0,1,2,0
txn_2a3e679e7042,1667.44,0.6808,22,1,11.0,11.0,11.0,2.0,13.0,2.0,2.0,1.0,997.4291,0.6717,25.89,25.89,142.0,0.3214,88.81,889.0,0.1031,0.0331,0.9608,0.5847,3.0,2.0,1,merchant_ecosystem_abuse,marketplace_seller_fraud,merchant_seller_fraud_001,scn_f2b3c83737c3,overt_fraud,3,6,1,1,0,5,3,4,1,0
txn_2f6b24677463,533.89,0.5915,22,0,12.0,12.0,12.0,0.0,13.0,3.0,3.0,1.0,1053.2633,0.4931,21.98,21.98,142.0,0.3214,88.81,889.0,0.1031,0.0331,0.9608,0.5847,3.0,2.0,1,merchant_ecosystem_abuse,marketplace_seller_fraud,merchant_seller_fraud_001,scn_f2b3c83737c3,overt_fraud,3,6,1,1,0,2,2,1,2,0
txn_9002bf550b90,190.57,0.4675,23,0,13.0,13.0,13.0,1.0,11.0,2.0,2.0,1.0,1013.3115,0.8119,38.02,38.02,142.0,0.3214,88.81,889.0,0.1031,0.0331,0.9608,0.5847,3.0,2.0,1,merchant_ecosystem_abuse,marketplace_seller_fraud,merchant_seller_fraud_001,scn_f2b3c83737c3,overt_fraud,2,6,1,1,0,2,2,1,1,0
txn_b76fe517b973,1393.73,0.4404,0,0,14.0,14.0,14.0,2.0,10.0,0.0,0.0,1.0,954.5443,0.4601,91.92,91.92,142.0,0.3214,88.81,889.0,0.1031,0.0331,0.9608,0.5847,3.0,2.0,1,merchant_ecosystem_abuse,marketplace_seller_fraud,merchant_seller_fraud_001,scn_f2b3c83737c3,overt_fraud,4,6,1,1,0,0,0,0,1,0
txn_1b0c1dc1502b,1029.83,0.3882,0,0,15.0,15.0,15.0,0.0,9.0,1.0,1.0,1.0,983.8233,0.0468,14.92,14.92,142.0,0.3214,88.81,889.0,0.1031,0.0331,0.9608,0.5847,3.0,2.0,1,merchant_ecosystem_abuse,marketplace_seller_fraud,merchant_seller_fraud_001,scn_f2b3c83737c3,overt_fraud,4,6,1,1,0,2,2,0,1,0
txn_a1d2ddc52c55,746.49,0.4842,0,1,16.0,16.0,16.0,1.0,8.0,2.0,2.0,1.0,986.6988,0.2434,2.8,2.8,142.0,0.3214,88.81,889.0,0.1031,0.0331,0.9608,0.5847,3.0,2.0,1,merchant_ecosystem_abuse,marketplace_seller_fraud,merchant_seller_fraud_001,scn_f2b3c83737c3,overt_fraud,1,6,1,1,0,3,1,1,2,0
txn_7355b543574a,1597.74,0.4808,2,0,17.0,17.0,17.0,2.0,7.0,0.0,0.0,1.0,972.5688,0.6428,74.66,74.66,142.0,0.3214,88.81,889.0,0.1031,0.0331,0.9608,0.5847,3.0,2.0,1,merchant_ecosystem_abuse,marketplace_seller_fraud,merchant_seller_fraud_001,scn_f2b3c83737c3,overt_fraud,3,6,1,1,0,2,2,4,2,0
txn_5b5297fa82b5,1238.48,0.5692,3,0,18.0,18.0,18.0,0.0,5.0,1.0,1.0,1.0,1007.3006,0.2295,49.76,49.76,142.0,0.3214,88.81,889.0,0.1031,0.0331,0.9608,0.5847,3.0,2.0,1,merchant_ecosystem_abuse,marketplace_seller_fraud,merchant_seller_fraud_001,scn_f2b3c83737c3,overt_fraud,1,6,1,1,1,5,5,4,1,1
txn_d49c950306f3,1095.4,0.6506,3,0,19.0,19.0,19.0,1.0,4.0,2.0,2.0,2.0,1019.4679,0.0745,10.0,10.0,142.0,0.3214,88.81,889.0,0.1031,0.0331,0.9608,0.5847,3.0,2.0,1,merchant_ecosystem_abuse,marketplace_seller_fraud,merchant_seller_fraud_001,scn_f2b3c83737c3,overt_fraud,3,6,1,1,0,3,3,4,2,0
txn_b57e45ad1731,1983.06,0.4953,4,0,20.0,20.0,20.0,2.0,4.0,0.0,0.0,2.0,1023.2645,0.938,87.18,87.18,142.0,0.3214,88.81,889.0,0.1031,0.0331,0.9608,0.5847,3.0,2.0,1,merchant_ecosystem_abuse,marketplace_seller_fraud,merchant_seller_fraud_001,scn_f2b3c83737c3,overt_fraud,2,6,1,1,0,2,2,4,1,0
txn_c97f57cd6359,1296.95,0.6644,4,0,21.0,21.0,21.0,0.0,4.0,1.0,1.0,2.0,1068.969,0.2133,6.55,6.55,142.0,0.3214,88.81,889.0,0.1031,0.0331,0.9608,0.5847,3.0,2.0,1,merchant_ecosystem_abuse,marketplace_seller_fraud,merchant_seller_fraud_001,scn_f2b3c83737c3,overt_fraud,3,6,1,1,0,5,5,0,2,0
txn_ebe0f5bbc775,728.61,0.6954,5,0,22.0,22.0,22.0,1.0,3.0,2.0,2.0,2.0,1079.3318,0.3249,23.9,23.9,142.0,0.3214,88.81,889.0,0.1031,0.0331,0.9608,0.5847,3.0,2.0,1,merchant_ecosystem_abuse,marketplace_seller_fraud,merchant_seller_fraud_001,scn_f2b3c83737c3,overt_fraud,4,6,1,1,0,2,2,1,2,0
txn_04947131e1fb,1547.24,0.6474,6,0,23.0,23.0,23.0,2.0,3.0,1.0,1.0,2.0,1064.083,0.4541,58.3,58.3,142.0,0.3214,88.81,889.0,0.1031,0.0331,0.9608,0.5847,3.0,2.0,1,merchant_ecosystem_abuse,marketplace_seller_fraud,merchant_seller_fraud_001,scn_f2b3c83737c3,overt_fraud,1,6,1,1,0,4,4,1,2,0
txn_710b6bcf164b,1978.75,0.5543,6,0,24.0,24.0,24.0,0.0,3.0,1.0,1.0,2.0,1084.2146,0.8251,44.28,44.28,142.0,0.3214,88.81,889.0,0.1031,0.0331,0.9608,0.5847,3.0,2.0,1,merchant_ecosystem_abuse,marketplace_seller_fraud,merchant_seller_fraud_001,scn_f2b3c83737c3,overt_fraud,0,6,1,1,0,4,4,1,1,0
txn_6b5b0459a067,1871.22,0.3695,8,0,25.0,25.0,25.0,1.0,3.0,0.0,0.0,2.0,1119.996,0.6707,76.14,76.14,142.0,0.3214,88.81,889.0,0.1031,0.0331,0.9608,0.5847,3.0,2.0,1,merchant_ecosystem_abuse,marketplace_seller_fraud,merchant_seller_fraud_001,scn_f2b3c83737c3,overt_fraud,0,6,1,1,0,2,2,1,2,0
txn_5746e3428411,1487.35,0.4939,8,0,26.0,26.0,26.0,2.0,3.0,1.0,1.0,2.0,1148.8892,0.2946,21.79,21.79,142.0,0.3214,88.81,889.0,0.1031,0.0331,0.9608,0.5847,3.0,2.0,1,merchant_ecosystem_abuse,marketplace_seller_fraud,merchant_seller_fraud_001,scn_f2b3c83737c3,overt_fraud,2,6,1,1,0,1,1,0,1,0
txn_b8acf292a5d0,1114.54,0.6767,9,0,27.0,27.0,27.0,0.0,3.0,2.0,2.0,2.0,1161.4248,0.0404,38.18,38.18,142.0,0.3214,88.81,889.0,0.1031,0.0331,0.9608,0.5847,3.0,2.0,1,merchant_ecosystem_abuse,marketplace_seller_fraud,merchant_seller_fraud_001,scn_f2b3c83737c3,overt_fraud,3,6,1,1,0,3,3,4,2,0
txn_a1aa79f752db,1226.87,0.5913,9,1,28.0,28.0,28.0,1.0,3.0,2.0,2.0,2.0,1159.7504,0.0579,7.87,7.87,142.0,0.3214,88.81,889.0,0.1031,0.0331,0.9608,0.5847,3.0,2.0,1,merchant_ecosystem_abuse,marketplace_seller_fraud,merchant_seller_fraud_001,scn_f2b3c83737c3,overt_fraud,0,6,1,1,0,4,0,1,1,0
txn_73378d4f6f39,1660.85,0.3672,9,0,29.0,29.0,29.0,2.0,3.0,2.0,2.0,2.0,1162.0648,0.4292,23.83,23.83,142.0,0.3214,88.81,889.0,0.1031,0.0331,0.9608,0.5847,3.0,2.0,1,merchant_ecosystem_abuse,marketplace_seller_fraud,merchant_seller_fraud_001,scn_f2b3c83737c3,overt_fraud,3,6,1,1,0,4,4,0,1,0
txn_3af16288a5ca,955.62,0.4255,10,0,30.0,30.0,30.0,0.0,3.0,0.0,0.0,1.0,1178.691,0.1893,68.17,68.17,142.0,0.3214,88.81,889.0,0.1031,0.0331,0.9608,0.5847,3.0,2.0,1,merchant_ecosystem_abuse,marketplace_seller_fraud,merchant_seller_fraud_001,scn_f2b3c83737c3,overt_fraud,1,6,1,1,0,5,5,1,1,0
txn_1c60b5c6a2b4,506.39,0.353,11,0,31.0,31.0,31.0,1.0,3.0,1.0,1.0,1.0,1171.4952,0.5677,31.15,31.15,142.0,0.3214,88.81,889.0,0.1031,0.0331,0.9608,0.5847,3.0,2.0,1,merchant_ecosystem_abuse,marketplace_seller_fraud,merchant_seller_fraud_001,scn_f2b3c83737c3,overt_fraud,4,6,1,1,0,5,5,0,2,0
txn_df5af850c8ee,542.98,0.3443,11,0,32.0,32.0,32.0,2.0,3.0,2.0,2.0,1.0,1150.7106,0.5281,7.49,7.49,142.0,0.3214,88.81,889.0,0.1031,0.0331,0.9608,0.5847,3.0,2.0,1,merchant_ecosystem_abuse,marketplace_seller_fraud,merchant_seller_fraud_001,scn_f2b3c83737c3,overt_fraud,0,6,1,1,0,3,3,0,2,0
txn_5b82e36996b4,522.1,0.4339,11,0,33.0,33.0,33.0,0.0,3.0,3.0,3.0,1.0,1132.2945,0.5389,1.24,1.24,142.0,0.3214,88.81,889.0,0.1031,0.0331,0.9608,0.5847,3.0,2.0,1,merchant_ecosystem_abuse,marketplace_seller_fraud,merchant_seller_fraud_001,scn_f2b3c83737c3,overt_fraud,1,6,1,1,0,0,0,1,1,0
txn_ec73aefbc2bf,762.57,0.739,13,0,34.0,34.0,34.0,1.0,3.0,0.0,0.0,1.0,1114.3476,0.3157,100.84,100.84,142.0,0.3214,88.81,889.0,0.1031,0.0331,0.9608,0.5847,3.0,2.0,1,merchant_ecosystem_abuse,marketplace_seller_fraud,merchant_seller_fraud_001,scn_f2b3c83737c3,overt_fraud,3,6,1,1,0,5,5,1,2,0
txn_0feeec494103,929.84,0.4756,14,0,35.0,35.0,35.0,2.0,3.0,1.0,1.0,1.0,1104.2969,0.158,58.88,58.88,142.0,0.3214,88.81,889.0,0.1031,0.0331,0.9608,0.5847,3.0,2.0,1,merchant_ecosystem_abuse,marketplace_seller_fraud,merchant_seller_fraud_001,scn_f2b3c83737c3,overt_fraud,4,6,1,1,0,1,1,4,1,0
txn_0b35ca567027,903.65,0.625,14,0,36.0,36.0,36.0,0.0,3.0,1.0,1.0,1.0,1099.4508,0.1781,30.74,30.74,142.0,0.3214,88.81,889.0,0.1031,0.0331,0.9608,0.5847,3.0,2.0,1,merchant_ecosystem_abuse,marketplace_seller_fraud,merchant_seller_fraud_001,scn_f2b3c83737c3,overt_fraud,1,6,1,1,0,1,1,1,1,0
txn_2d8374ba03ba,1081.31,0.7514,15,0,37.0,37.0,37.0,1.0,3.0,1.0,1.0,1.0,1094.1589,0.0117,46.53,46.53,142.0,0.3214,88.81,889.0,0.1031,0.0331,0.9608,0.5847,3.0,2.0,1,merchant_ecosystem_abuse,marketplace_seller_fraud,merchant_seller_fraud_001,scn_f2b3c83737c3,overt_fraud,0,6,1,1,0,4,4,1,1,0
txn_c0f8aa3c1d37,970.7,0.6722,16,0,38.0,38.0,38.0,2.0,3.0,1.0,1.0,1.0,1093.8208,0.1126,55.8,55.8,142.0,0.3214,88.81,889.0,0.1031,0.0331,0.9608,0.5847,3.0,2.0,1,merchant_ecosystem_abuse,marketplace_seller_fraud,merchant_seller_fraud_001,scn_f2b3c83737c3,overt_fraud,1,6,1,1,0,4,4,0,2,0
txn_7eb4d9b74650,1691.06,0.6129,16,0,39.0,39.0,39.0,0.0,3.0,1.0,1.0,1.0,1090.6638,0.5505,22.18,22.18,142.0,0.3214,88.81,889.0,0.1031,0.0331,0.9608,0.5847,3.0,2.0,1,merchant_ecosystem_abuse,marketplace_seller_fraud,merchant_seller_fraud_001,scn_f2b3c83737c3,overt_fraud,0,6,1,1,0,1,1,4,2,0
txn_78af45fcd263,652.2,0.4608,19,0,40.0,40.0,40.0,1.0,3.0,0.0,0.0,1.0,1105.6738,0.4101,175.35,175.35,142.0,0.3214,88.81,889.0,0.1031,0.0331,0.9608,0.5847,3.0,2.0,1,merchant_ecosystem_abuse,marketplace_seller_fraud,merchant_seller_fraud_001,scn_f2b3c83737c3,overt_fraud,2,6,1,1,0,0,0,4,1,0
txn_13e708c1fff7,1749.95,0.5293,21,0,41.0,41.0,41.0,2.0,3.0,0.0,0.0,1.0,1094.6134,0.5987,85.84,85.84,142.0,0.3214,88.81,889.0,0.1031,0.0331,0.9608,0.5847,3.0,2.0,1,merchant_ecosystem_abuse,marketplace_seller_fraud,merchant_seller_fraud_001,scn_f2b3c83737c3,overt_fraud,3,6,1,1,0,5,5,0,2,0
txn_dc7525daaa48,1263.51,0.7682,21,0,42.0,42.0,42.0,0.0,3.0,1.0,1.0,1.0,1110.2167,0.1381,1.02,1.02,142.0,0.3214,88.81,889.0,0.1031,0.0331,0.9608,0.5847,3.0,2.0,1,merchant_ecosystem_abuse,marketplace_seller_fraud,merchant_seller_fraud_001,scn_f2b3c83737c3,overt_fraud,0,6,1,1,0,3,3,1,1,0
txn_aa0d79e2bd5a,319.39,0.6832,21,0,43.0,43.0,43.0,1.0,2.0,2.0,2.0,1.0,1113.7816,0.7132,5.14,5.14,142.0,0.3214,88.81,889.0,0.1031,0.0331,0.9608,0.5847,3.0,2.0,1,merchant_ecosystem_abuse,marketplace_seller_fraud,merchant_seller_fraud_001,scn_f2b3c83737c3,overt_fraud,0,6,1,1,0,3,3,4,2,0
txn_b721792bae84,180.33,0.3683,21,0,44.0,44.0,44.0,2.0,2.0,3.0,3.0,1.0,1095.7273,0.8354,28.83,28.83,142.0,0.3214,88.81,889.0,0.1031,0.0331,0.9608,0.5847,3.0,2.0,1,merchant_ecosystem_abuse,marketplace_seller_fraud,merchant_seller_fraud_001,scn_f2b3c83737c3,overt_fraud,3,6,1,1,0,5,5,4,1,0
txn_0dd3e88ced62,1281.12,0.3495,0,1,45.0,45.0,45.0,0.0,2.0,0.0,0.0,1.0,1075.3851,0.1913,140.4,140.4,142.0,0.3214,88.81,889.0,0.1031,0.0331,0.9608,0.5847,3.0,2.0,1,merchant_ecosystem_abuse,marketplace_seller_fraud,merchant_seller_fraud_001,scn_f2b3c83737c3,overt_fraud,2,6,1,1,0,3,4,1,1,0
txn_0a4eec3b5653,498.71,0.5625,3,0,46.0,46.0,46.0,1.0,2.0,0.0,0.0,0.0,1079.8576,0.5382,222.96,222.96,142.0,0.3214,88.81,889.0,0.1031,0.0331,0.9608,0.5847,3.0,2.0,1,merchant_ecosystem_abuse,marketplace_seller_fraud,merchant_seller_fraud_001,scn_f2b3c83737c3,overt_fraud,1,6,1,1,1,2,2,4,1,1
txn_8df359eed710,1575.92,0.5758,4,0,47.0,47.0,47.0,2.0,2.0,1.0,1.0,1.0,1067.4928,0.4763,21.48,21.48,142.0,0.3214,88.81,889.0,0.1031,0.0331,0.9608,0.5847,3.0,2.0,1,merchant_ecosystem_abuse,marketplace_seller_fraud,merchant_seller_fraud_001,scn_f2b3c83737c3,overt_fraud,3,6,1,1,1,1,1,1,2,1
txn_a97b3256621f,532.95,0.6611,4,0,48.0,48.0,48.0,0.0,2.0,2.0,2.0,2.0,1078.085,0.5057,18.7,18.7,142.0,0.3214,88.81,889.0,0.1031,0.0331,0.9608,0.5847,3.0,2.0,1,merchant_ecosystem_abuse,marketplace_seller_fraud,merchant_seller_fraud_001,scn_f2b3c83737c3,overt_fraud,2,6,1,1,0,0,0,1,1,0
txn_15e3472ede30,1021.15,0.6303,5,1,49.0,49.0,49.0,1.0,2.0,2.0,2.0,2.0,1066.9598,0.0429,41.29,41.29,142.0,0.3214,88.81,889.0,0.1031,0.0331,0.9608,0.5847,3.0,2.0,1,merchant_ecosystem_abuse,marketplace_seller_fraud,merchant_seller_fraud_001,scn_f2b3c83737c3,overt_fraud,0,6,1,1,1,1,4,4,2,1
txn_f74ceac34e76,1901.35,0.7569,6,1,50.0,50.0,50.0,2.0,2.0,0.0,0.0,3.0,1066.0436,0.7836,83.49,83.49,142.0,0.3214,88.81,889.0,0.1031,0.0331,0.9608,0.5847,3.0,2.0,1,merchant_ecosystem_abuse,marketplace_seller_fraud,merchant_seller_fraud_001,scn_f2b3c83737c3,overt_fraud,4,6,1,1,0,4,0,0,1,0
txn_4f49a48a107b,1473.66,0.8017,7,0,51.0,51.0,51.0,0.0,2.0,0.0,0.0,3.0,1082.4222,0.3614,71.38,71.38,142.0,0.3214,88.81,889.0,0.1031,0.0331,0.9608,0.5847,3.0,2.0,1,merchant_ecosystem_abuse,marketplace_seller_fraud,merchant_seller_fraud_001,scn_f2b3c83737c3,overt_fraud,2,6,1,1,0,2,2,0,1,0
txn_6949f664679d,708.97,0.5297,7,0,52.0,52.0,52.0,1.0,2.0,1.0,1.0,3.0,1089.946,0.3495,3.16,3.16,142.0,0.3214,88.81,889.0,0.1031,0.0331,0.9608,0.5847,3.0,2.0,1,merchant_ecosystem_abuse,marketplace_seller_fraud,merchant_seller_fraud_001,scn_f2b3c83737c3,overt_fraud,4,6,1,1,0,3,3,0,2,0
txn_c052a63c2bd0,1216.38,0.4292,7,0,53.0,53.0,53.0,2.0,2.0,2.0,2.0,3.0,1082.7577,0.1234,2.44,2.44,142.0,0.3214,88.81,889.0,0.1031,0.0331,0.9608,0.5847,3.0,2.0,1,merchant_ecosystem_abuse,marketplace_seller_fraud,merchant_seller_fraud_001,scn_f2b3c83737c3,overt_fraud,0,6,1,1,0,5,5,1,2,0
txn_b4fedc5de7d0,615.87,0.5139,8,0,54.0,54.0,54.0,0.0,2.0,3.0,3.0,3.0,1085.2322,0.4325,31.97,31.97,142.0,0.3214,88.81,889.0,0.1031,0.0331,0.9608,0.5847,3.0,2.0,1,merchant_ecosystem_abuse,marketplace_seller_fraud,merchant_seller_fraud_001,scn_f2b3c83737c3,overt_fraud,2,6,1,1,0,2,2,1,2,0
txn_2f9dda612b79,811.13,0.5592,9,1,55.0,55.0,55.0,1.0,2.0,1.0,1.0,3.0,1076.6984,0.2467,57.38,57.38,142.0,0.3214,88.81,889.0,0.1031,0.0331,0.9608,0.5847,3.0,2.0,1,merchant_ecosystem_abuse,marketplace_seller_fraud,merchant_seller_fraud_001,scn_f2b3c83737c3,overt_fraud,2,6,1,1,0,4,0,1,2,0
txn_ac8bef947b5d,1101.13,0.5463,9,0,56.0,56.0,56.0,2.0,2.0,1.0,1.0,3.0,1071.9561,0.0272,5.68,5.68,142.0,0.3214,88.81,889.0,0.1031,0.0331,0.9608,0.5847,3.0,2.0,1,merchant_ecosystem_abuse,marketplace_seller_fraud,merchant_seller_fraud_001,scn_f2b3c83737c3,overt_fraud,2,6,1,1,0,1,1,1,2,0
txn_b16d565ec5ce,1442.46,0.3563,9,0,57.0,57.0,57.0,0.0,2.0,2.0,2.0,3.0,1072.4679,0.345,38.46,38.46,142.0,0.3214,88.81,889.0,0.1031,0.0331,0.9608,0.5847,3.0,2.0,1,merchant_ecosystem_abuse,marketplace_seller_fraud,merchant_seller_fraud_001,scn_f2b3c83737c3,overt_fraud,3,6,1,1,0,3,3,0,2,0
txn_b551fecd924d,1598.83,0.43,12,0,58.0,58.0,58.0,1.0,2.0,0.0,0.0,3.0,1078.8471,0.482,143.06,143.06,142.0,0.3214,88.81,889.0,0.1031,0.0331,0.9608,0.5847,3.0,2.0,1,merchant_ecosystem_abuse,marketplace_seller_fraud,merchant_seller_fraud_001,scn_f2b3c83737c3,overt_fraud,3,6,1,1,0,1,1,0,2,0
txn_c3d3f59183dc,1023.31,0.3044,12,1,59.0,59.0,59.0,2.0,2.0,1.0,1.0,3.0,1087.6603,0.0592,7.85,7.85,142.0,0.3214,88.81,889.0,0.1031,0.0331,0.9608,0.5847,3.0,2.0,1,merchant_ecosystem_abuse,marketplace_seller_fraud,merchant_seller_fraud_001,scn_f2b3c83737c3,overt_fraud,1,6,1,1,0,3,4,0,1,0
txn_eea8025fb8e6,1616.71,0.6652,13,0,60.0,60.0,60.0,0.0,2.0,0.0,0.0,3.0,1086.5878,0.4879,67.88,67.88,142.0,0.3214,88.81,889.0,0.1031,0.0331,0.9608,0.5847,3.0,2.0,1,merchant_ecosystem_abuse,marketplace_seller_fraud,merchant_seller_fraud_001,scn_f2b3c83737c3,overt_fraud,1,6,1,1,0,2,2,1,2,0
txn_ac5b12ec4034,622.42,0.7314,15,0,61.0,61.0,61.0,1.0,2.0,0.0,0.0,3.0,1095.2784,0.4317,98.1,98.1,142.0,0.3214,88.81,889.0,0.1031,0.0331,0.9608,0.5847,3.0,2.0,1,merchant_ecosystem_abuse,marketplace_seller_fraud,merchant_seller_fraud_001,scn_f2b3c83737c3,overt_fraud,4,6,1,1,0,0,0,1,2,0
txn_90024b547867,383.34,0.5703,18,0,62.0,62.0,62.0,2.0,2.0,0.0,0.0,3.0,1087.6516,0.6476,212.67,212.67,142.0,0.3214,88.81,889.0,0.1031,0.0331,0.9608,0.5847,3.0,2.0,1,merchant_ecosystem_abuse,marketplace_seller_fraud,merchant_seller_fraud_001,scn_f2b3c83737c3,overt_fraud,1,6,1,1,0,1,1,1,2,0
txn_4db8e0a639fe,311.4,0.5689,21,0,63.0,63.0,63.0,0.0,2.0,0.0,0.0,3.0,1076.4721,0.7107,152.59,152.59,142.0,0.3214,88.81,889.0,0.1031,0.0331,0.9608,0.5847,3.0,2.0,1,merchant_ecosystem_abuse,marketplace_seller_fraud,merchant_seller_fraud_001,scn_f2b3c83737c3,overt_fraud,2,6,1,1,0,3,3,4,1,0
txn_7496766ab3d7,452.1,0.4824,21,0,64.0,64.0,64.0,1.0,2.0,1.0,1.0,3.0,1064.5178,0.5753,0.86,0.86,142.0,0.3214,88.81,889.0,0.1031,0.0331,0.9608,0.5847,3.0,2.0,1,merchant_ecosystem_abuse,marketplace_seller_fraud,merchant_seller_fraud_001,scn_f2b3c83737c3,overt_fraud,0,6,1,1,0,3,3,1,2,0
txn_0b3fd44ead32,1677.8,0.4963,21,1,65.0,65.0,65.0,2.0,2.0,2.0,2.0,3.0,1055.096,0.5902,5.99,5.99,142.0,0.3214,88.81,889.0,0.1031,0.0331,0.9608,0.5847,3.0,2.0,1,merchant_ecosystem_abuse,marketplace_seller_fraud,merchant_seller_fraud_001,scn_f2b3c83737c3,overt_fraud,3,6,1,1,0,1,3,1,1,0
txn_f8d9c442f6a6,1211.54,0.3727,21,0,66.0,66.0,66.0,0.0,2.0,3.0,3.0,3.0,1064.5309,0.1381,26.33,26.33,142.0,0.3214,88.81,889.0,0.1031,0.0331,0.9608,0.5847,3.0,2.0,1,merchant_ecosystem_abuse,marketplace_seller_fraud,merchant_seller_fraud_001,scn_f2b3c83737c3,overt_fraud,2,6,1,1,0,0,0,4,1,0
txn_85abd04c0f9b,272.25,0.5313,23,0,67.0,67.0,67.0,1.0,2.0,0.0,0.0,3.0,1066.7251,0.7448,110.93,110.93,142.0,0.3214,88.81,889.0,0.1031,0.0331,0.9608,0.5847,3.0,2.0,1,merchant_ecosystem_abuse,marketplace_seller_fraud,merchant_seller_fraud_001,scn_f2b3c83737c3,overt_fraud,3,6,1,1,0,5,5,0,1,0
txn_7936530bd93d,744.87,0.4111,2,1,68.0,68.0,68.0,2.0,2.0,0.0,0.0,3.0,1055.0416,0.294,184.15,184.15,142.0,0.3214,88.81,889.0,0.1031,0.0331,0.9608,0.5847,3.0,2.0,1,merchant_ecosystem_abuse,marketplace_seller_fraud,merchant_seller_fraud_001,scn_f2b3c83737c3,overt_fraud,1,6,1,1,0,0,5,0,2,0
txn_350d0fcc5751,1961.69,0.5427,9,0,69.0,69.0,69.0,0.0,2.0,0.0,0.0,0.0,1050.5464,0.8673,388.87,388.87,142.0,0.3214,88.81,889.0,0.1031,0.0331,0.9608,0.5847,3.0,2.0,1,merchant_ecosystem_abuse,marketplace_seller_fraud,merchant_seller_fraud_001,scn_f2b3c83737c3,overt_fraud,4,6,1,1,0,3,3,4,2,0
txn_9b4339d956d6,1677.14,0.5335,9,0,70.0,70.0,70.0,1.0,2.0,1.0,1.0,0.0,1063.5627,0.5769,18.21,18.21,142.0,0.3214,88.81,889.0,0.1031,0.0331,0.9608,0.5847,3.0,2.0,1,merchant_ecosystem_abuse,marketplace_seller_fraud,merchant_seller_fraud_001,scn_f2b3c83737c3,overt_fraud,2,6,1,1,0,3,3,1,1,0
txn_b0ece5fa3599,1485.99,0.3226,9,0,0.0,0.0,0.0,0.0,0.0,0.0,0.0,0.0,0.0,0.0,1440.0,1440.0,2735.0,0.0495,205.37,2883.0,0.0166,0.0114,0.3261,0.2255,412.0,0.0,1,merchant_ecosystem_abuse,triangulation_fraud,merchant_triangulation_001,scn_6b17af5b0231,stealth_fraud,3,6,1,1,0,5,5,1,2,0
txn_38742312fd3a,470.65,0.1749,9,0,1.0,1.0,1.0,1.0,0.0,1.0,1.0,0.0,1485.99,0.6833,0.66,0.66,2735.0,0.0495,205.37,2883.0,0.0166,0.0114,0.3261,0.2255,412.0,0.0,1,merchant_ecosystem_abuse,triangulation_fraud,merchant_triangulation_001,scn_6b17af5b0231,stealth_fraud,1,6,1,1,0,1,1,4,2,0
txn_3a05004d7c0f,350.98,0.2855,10,0,2.0,2.0,2.0,2.0,0.0,2.0,2.0,0.0,978.32,0.6412,14.64,14.64,2735.0,0.0495,205.37,2883.0,0.0166,0.0114,0.3261,0.2255,412.0,0.0,1,merchant_ecosystem_abuse,triangulation_fraud,merchant_triangulation_001,scn_6b17af5b0231,stealth_fraud,4,6,1,1,0,1,1,4,2,0
txn_52c5202ae3fe,1432.8,0.1947,10,0,3.0,3.0,3.0,0.0,1.0,3.0,3.0,0.0,769.2067,0.8627,15.01,15.01,2735.0,0.0495,205.37,2883.0,0.0166,0.0114,0.3261,0.2255,412.0,0.0,1,merchant_ecosystem_abuse,triangulation_fraud,merchant_triangulation_001,scn_6b17af5b0231,stealth_fraud,2,6,1,1,0,5,5,0,2,0
txn_e99153d67de1,496.12,0.4192,11,0,4.0,4.0,4.0,1.0,5.0,0.0,0.0,0.0,935.105,0.4694,69.09,69.09,2735.0,0.0495,205.37,2883.0,0.0166,0.0114,0.3261,0.2255,412.0,0.0,1,merchant_ecosystem_abuse,triangulation_fraud,merchant_triangulation_001,scn_6b17af5b0231,stealth_fraud,3,6,1,1,0,4,4,4,1,0
txn_43ef7e338f1d,802.94,0.4259,12,0,5.0,5.0,5.0,2.0,6.0,1.0,1.0,0.0,847.308,0.0524,48.63,48.63,2735.0,0.0495,205.37,2883.0,0.0166,0.0114,0.3261,0.2255,412.0,0.0,1,merchant_ecosystem_abuse,triangulation_fraud,merchant_triangulation_001,scn_6b17af5b0231,stealth_fraud,1,6,1,1,0,1,1,0,2,0
txn_d9b5ba4970f5,586.56,0.4595,13,0,6.0,6.0,6.0,0.0,8.0,0.0,0.0,0.0,839.9133,0.3016,66.04,66.04,2735.0,0.0495,205.37,2883.0,0.0166,0.0114,0.3261,0.2255,412.0,0.0,1,merchant_ecosystem_abuse,triangulation_fraud,merchant_triangulation_001,scn_6b17af5b0231,stealth_fraud,3,6,1,1,0,3,3,0,2,0
txn_f4e3979a1db9,1444.06,0.3238,17,0,7.0,7.0,7.0,1.0,10.0,0.0,0.0,0.0,803.72,0.7967,213.08,213.08,2735.0,0.0495,205.37,2883.0,0.0166,0.0114,0.3261,0.2255,412.0,0.0,1,merchant_ecosystem_abuse,triangulation_fraud,merchant_triangulation_001,scn_6b17af5b0231,stealth_fraud,3,6,1,1,0,5,5,4,1,0
txn_8adc75bba6bd,1409.62,0.4717,17,0,8.0,8.0,8.0,2.0,10.0,1.0,1.0,0.0,883.7625,0.595,32.13,32.13,2735.0,0.0495,205.37,2883.0,0.0166,0.0114,0.3261,0.2255,412.0,0.0,1,merchant_ecosystem_abuse,triangulation_fraud,merchant_triangulation_001,scn_6b17af5b0231,stealth_fraud,1,6,1,1,0,4,4,1,1,0
txn_6ef8150a55ef,855.85,0.2625,19,0,9.0,9.0,9.0,0.0,11.0,0.0,0.0,0.0,942.1911,0.0916,94.93,94.93,2735.0,0.0495,205.37,2883.0,0.0166,0.0114,0.3261,0.2255,412.0,0.0,1,merchant_ecosystem_abuse,triangulation_fraud,merchant_triangulation_001,scn_6b17af5b0231,stealth_fraud,1,6,1,1,0,4,4,0,1,0
txn_f64fde23a2c3,1495.0,0.396,20,0,10.0,10.0,10.0,1.0,11.0,0.0,0.0,0.0,933.557,0.6014,61.06,61.06,2735.0,0.0495,205.37,2883.0,0.0166,0.0114,0.3261,0.2255,412.0,0.0,1,merchant_ecosystem_abuse,triangulation_fraud,merchant_triangulation_001,scn_6b17af5b0231,stealth_fraud,4,6,1,1,0,4,4,0,1,0
txn_8a09f80e7cd5,188.1,0.3817,20,0,11.0,11.0,11.0,2.0,11.0,1.0,1.0,0.0,984.5973,0.809,32.15,32.15,2735.0,0.0495,205.37,2883.0,0.0166,0.0114,0.3261,0.2255,412.0,0.0,1,merchant_ecosystem_abuse,triangulation_fraud,merchant_triangulation_001,scn_6b17af5b0231,stealth_fraud,2,6,1,1,0,2,2,4,1,0
txn_d4b294287e00,1395.98,0.0867,20,0,12.0,12.0,12.0,0.0,9.0,2.0,2.0,0.0,918.2225,0.5203,12.76,12.76,2735.0,0.0495,205.37,2883.0,0.0166,0.0114,0.3261,0.2255,412.0,0.0,1,merchant_ecosystem_abuse,triangulation_fraud,merchant_triangulation_001,scn_6b17af5b0231,stealth_fraud,0,6,1,1,0,2,2,4,1,0
txn_a5f25bb36dc8,811.82,0.2189,22,1,13.0,13.0,13.0,1.0,9.0,0.0,0.0,0.0,954.9731,0.1499,70.8,70.8,2735.0,0.0495,205.37,2883.0,0.0166,0.0114,0.3261,0.2255,412.0,0.0,1,merchant_ecosystem_abuse,triangulation_fraud,merchant_triangulation_001,scn_6b17af5b0231,stealth_fraud,2,6,1,1,0,2,5,0,2,0
txn_5183e45c883a,896.29,0.0878,3,0,14.0,14.0,14.0,2.0,11.0,0.0,0.0,0.0,944.7479,0.0513,301.26,301.26,2735.0,0.0495,205.37,2883.0,0.0166,0.0114,0.3261,0.2255,412.0,0.0,1,merchant_ecosystem_abuse,triangulation_fraud,merchant_triangulation_001,scn_6b17af5b0231,stealth_fraud,2,6,1,1,0,3,3,0,1,0
txn_7b2a3c9e779a,1266.97,0.1407,6,0,15.0,15.0,15.0,0.0,10.0,0.0,0.0,0.0,941.5173,0.3457,194.81,194.81,2735.0,0.0495,205.37,2883.0,0.0166,0.0114,0.3261,0.2255,412.0,0.0,1,merchant_ecosystem_abuse,triangulation_fraud,merchant_triangulation_001,scn_6b17af5b0231,stealth_fraud,1,6,1,1,0,4,4,1,2,0
txn_9dc3390bb153,158.95,0.1324,7,0,16.0,16.0,16.0,1.0,9.0,0.0,0.0,0.0,961.8581,0.8347,87.36,87.36,2735.0,0.0495,205.37,2883.0,0.0166,0.0114,0.3261,0.2255,412.0,0.0,1,merchant_ecosystem_abuse,triangulation_fraud,merchant_triangulation_001,scn_6b17af5b0231,stealth_fraud,3,6,1,1,0,3,3,1,1,0
txn_44a14d06c6f7,886.9,0.3872,11,0,17.0,17.0,17.0,2.0,8.0,0.0,0.0,0.0,914.6282,0.0303,201.86,201.86,2735.0,0.0495,205.37,2883.0,0.0166,0.0114,0.3261,0.2255,412.0,0.0,1,merchant_ecosystem_abuse,triangulation_fraud,merchant_triangulation_001,scn_6b17af5b0231,stealth_fraud,3,6,1,1,0,0,0,4,2,0
txn_4bb849db517c,1216.48,0.3758,12,0,18.0,18.0,18.0,0.0,6.0,1.0,1.0,0.0,913.0878,0.3323,58.04,58.04,2735.0,0.0495,205.37,2883.0,0.0166,0.0114,0.3261,0.2255,412.0,0.0,1,merchant_ecosystem_abuse,triangulation_fraud,merchant_triangulation_001,scn_6b17af5b0231,stealth_fraud,4,6,1,1,0,5,5,1,1,0
txn_7a2686a1313b,364.4,0.1006,12,0,19.0,19.0,19.0,1.0,5.0,1.0,1.0,0.0,929.0558,0.6078,12.13,12.13,2735.0,0.0495,205.37,2883.0,0.0166,0.0114,0.3261,0.2255,412.0,0.0,1,merchant_ecosystem_abuse,triangulation_fraud,merchant_triangulation_001,scn_6b17af5b0231,stealth_fraud,3,6,1,1,0,2,2,4,1,0
txn_4da2e4513488,757.78,0.4182,12,0,20.0,20.0,20.0,2.0,5.0,2.0,2.0,0.0,900.823,0.1588,9.9,9.9,2735.0,0.0495,205.37,2883.0,0.0166,0.0114,0.3261,0.2255,412.0,0.0,1,merchant_ecosystem_abuse,triangulation_fraud,merchant_triangulation_001,scn_6b17af5b0231,stealth_fraud,1,6,1,1,0,3,3,1,1,0
txn_422676f51442,391.0,0.2391,14,0,21.0,21.0,21.0,0.0,5.0,0.0,0.0,0.0,894.0114,0.5626,100.19,100.19,2735.0,0.0495,205.37,2883.0,0.0166,0.0114,0.3261,0.2255,412.0,0.0,1,merchant_ecosystem_abuse,triangulation_fraud,merchant_triangulation_001,scn_6b17af5b0231,stealth_fraud,2,6,1,1,0,0,0,1,1,0
txn_f1c8ad73308e,574.97,0.4561,14,0,22.0,22.0,22.0,1.0,5.0,1.0,1.0,0.0,871.1473,0.34,8.15,8.15,2735.0,0.0495,205.37,2883.0,0.0166,0.0114,0.3261,0.2255,412.0,0.0,1,merchant_ecosystem_abuse,triangulation_fraud,merchant_triangulation_001,scn_6b17af5b0231,stealth_fraud,1,6,1,1,0,3,3,4,2,0
txn_bb516f11dbcf,404.26,0.4432,14,1,23.0,23.0,23.0,2.0,5.0,2.0,2.0,0.0,858.27,0.529,32.9,32.9,2735.0,0.0495,205.37,2883.0,0.0166,0.0114,0.3261,0.2255,412.0,0.0,1,merchant_ecosystem_abuse,triangulation_fraud,merchant_triangulation_001,scn_6b17af5b0231,stealth_fraud,1,6,1,1,0,2,1,0,1,0
txn_19f2ad5e1778,1375.17,0.3009,17,0,24.0,24.0,24.0,0.0,5.0,0.0,0.0,0.0,839.3529,0.6384,156.01,156.01,2735.0,0.0495,205.37,2883.0,0.0166,0.0114,0.3261,0.2255,412.0,0.0,1,merchant_ecosystem_abuse,triangulation_fraud,merchant_triangulation_001,scn_6b17af5b0231,stealth_fraud,3,6,1,1,0,3,3,0,2,0
txn_af888ebb312a,667.35,0.353,17,0,25.0,25.0,25.0,1.0,5.0,1.0,1.0,0.0,860.7856,0.2247,14.39,14.39,2735.0,0.0495,205.37,2883.0,0.0166,0.0114,0.3261,0.2255,412.0,0.0,1,merchant_ecosystem_abuse,triangulation_fraud,merchant_triangulation_001,scn_6b17af5b0231,stealth_fraud,1,6,1,1,0,1,1,4,2,0
txn_18e6077781f8,1121.93,0.4083,18,0,26.0,26.0,26.0,2.0,4.0,2.0,2.0,0.0,853.3458,0.3147,31.66,31.66,2735.0,0.0495,205.37,2883.0,0.0166,0.0114,0.3261,0.2255,412.0,0.0,1,merchant_ecosystem_abuse,triangulation_fraud,merchant_triangulation_001,scn_6b17af5b0231,stealth_fraud,4,6,1,1,0,0,0,0,2,0
txn_aa95b1e9539b,817.99,0.2361,19,0,27.0,27.0,27.0,0.0,4.0,1.0,1.0,0.0,863.2933,0.0525,50.79,50.79,2735.0,0.0495,205.37,2883.0,0.0166,0.0114,0.3261,0.2255,412.0,0.0,1,merchant_ecosystem_abuse,triangulation_fraud,merchant_triangulation_001,scn_6b17af5b0231,stealth_fraud,1,6,1,1,0,3,3,1,1,0
txn_81cd1581f918,527.12,0.4595,19,0,28.0,28.0,28.0,1.0,4.0,2.0,2.0,0.0,861.6754,0.3883,2.02,2.02,2735.0,0.0495,205.37,2883.0,0.0166,0.0114,0.3261,0.2255,412.0,0.0,1,merchant_ecosystem_abuse,triangulation_fraud,merchant_triangulation_001,scn_6b17af5b0231,stealth_fraud,0,6,1,1,0,1,1,1,2,0
txn_ed7a0bacae48,1649.02,0.388,20,0,29.0,29.0,29.0,2.0,4.0,0.0,0.0,0.0,850.139,0.9397,91.37,91.37,2735.0,0.0495,205.37,2883.0,0.0166,0.0114,0.3261,0.2255,412.0,0.0,1,merchant_ecosystem_abuse,triangulation_fraud,merchant_triangulation_001,scn_6b17af5b0231,stealth_fraud,4,6,1,1,0,1,1,0,2,0
txn_e49c5377346f,819.97,0.3749,22,0,30.0,30.0,30.0,0.0,4.0,0.0,0.0,0.0,876.7683,0.0648,102.41,102.41,2735.0,0.0495,205.37,2883.0,0.0166,0.0114,0.3261,0.2255,412.0,0.0,1,merchant_ecosystem_abuse,triangulation_fraud,merchant_triangulation_001,scn_6b17af5b0231,stealth_fraud,2,6,1,1,0,3,3,0,2,0
txn_302a913a236f,1589.87,0.531,0,0,31.0,31.0,31.0,1.0,4.0,0.0,0.0,0.0,874.9361,0.8171,104.97,104.97,2735.0,0.0495,205.37,2883.0,0.0166,0.0114,0.3261,0.2255,412.0,0.0,1,merchant_ecosystem_abuse,triangulation_fraud,merchant_triangulation_001,scn_6b17af5b0231,stealth_fraud,0,6,1,1,0,1,1,1,1,0
txn_ddeb89350cce,1523.52,0.3673,0,1,32.0,32.0,32.0,2.0,4.0,1.0,1.0,0.0,897.2778,0.6979,13.38,13.38,2735.0,0.0495,205.37,2883.0,0.0166,0.0114,0.3261,0.2255,412.0,0.0,1,merchant_ecosystem_abuse,triangulation_fraud,merchant_triangulation_001,scn_6b17af5b0231,stealth_fraud,4,6,1,1,0,4,3,4,2,0
txn_4e2cb117bf6d,280.08,0.3678,0,0,33.0,33.0,33.0,0.0,4.0,2.0,2.0,0.0,916.2548,0.6943,1.79,1.79,2735.0,0.0495,205.37,2883.0,0.0166,0.0114,0.3261,0.2255,412.0,0.0,1,merchant_ecosystem_abuse,triangulation_fraud,merchant_triangulation_001,scn_6b17af5b0231,stealth_fraud,4,6,1,1,0,0,0,0,2,0
txn_a6ae6b48ddf1,301.64,0.1678,2,0,34.0,34.0,34.0,1.0,4.0,0.0,0.0,0.0,897.5438,0.6639,131.36,131.36,2735.0,0.0495,205.37,2883.0,0.0166,0.0114,0.3261,0.2255,412.0,0.0,1,merchant_ecosystem_abuse,triangulation_fraud,merchant_triangulation_001,scn_6b17af5b0231,stealth_fraud,4,6,1,1,0,3,3,4,1,0
txn_0c56d2a8b07b,432.55,0.3598,7,0,35.0,35.0,35.0,2.0,5.0,0.0,0.0,0.0,880.518,0.5088,264.89,264.89,2735.0,0.0495,205.37,2883.0,0.0166,0.0114,0.3261,0.2255,412.0,0.0,1,merchant_ecosystem_abuse,triangulation_fraud,merchant_triangulation_001,scn_6b17af5b0231,stealth_fraud,4,6,1,1,0,2,2,1,1,0
txn_67f89fe818c0,239.69,0.5007,7,0,36.0,36.0,36.0,0.0,4.0,1.0,1.0,0.0,868.0744,0.7239,7.01,7.01,2735.0,0.0495,205.37,2883.0,0.0166,0.0114,0.3261,0.2255,412.0,0.0,1,merchant_ecosystem_abuse,triangulation_fraud,merchant_triangulation_001,scn_6b17af5b0231,stealth_fraud,4,6,1,1,0,0,0,4,1,0
txn_9230548e39d2,442.08,0.3724,9,0,37.0,37.0,37.0,1.0,5.0,0.0,0.0,0.0,851.0911,0.4806,124.04,124.04,2735.0,0.0495,205.37,2883.0,0.0166,0.0114,0.3261,0.2255,412.0,0.0,1,merchant_ecosystem_abuse,triangulation_fraud,merchant_triangulation_001,scn_6b17af5b0231,stealth_fraud,3,6,1,1,0,4,4,4,1,0
txn_5e36be3d3738,609.98,0.0868,11,0,38.0,38.0,38.0,2.0,5.0,0.0,0.0,0.0,840.3276,0.2741,114.67,114.67,2735.0,0.0495,205.37,2883.0,0.0166,0.0114,0.3261,0.2255,412.0,0.0,1,merchant_ecosystem_abuse,triangulation_fraud,merchant_triangulation_001,scn_6b17af5b0231,stealth_fraud,0,6,1,1,0,5,5,4,1,0
txn_7d58beb4adbb,527.45,0.3792,13,0,39.0,39.0,39.0,0.0,5.0,0.0,0.0,0.0,834.4213,0.3679,123.36,123.36,2735.0,0.0495,205.37,2883.0,0.0166,0.0114,0.3261,0.2255,412.0,0.0,1,merchant_ecosystem_abuse,triangulation_fraud,merchant_triangulation_001,scn_6b17af5b0231,stealth_fraud,2,6,1,1,0,4,4,4,2,0
txn_5f89e9fde754,1469.69,0.4836,13,0,40.0,40.0,40.0,1.0,4.0,1.0,1.0,0.0,826.747,0.7777,43.64,43.64,2735.0,0.0495,205.37,2883.0,0.0166,0.0114,0.3261,0.2255,412.0,0.0,1,merchant_ecosystem_abuse,triangulation_fraud,merchant_triangulation_001,scn_6b17af5b0231,stealth_fraud,3,6,1,1,0,1,1,4,1,0
txn_86c25e37bff1,211.87,0.6092,11,0,0.0,0.0,0.0,0.0,4.0,0.0,0.0,0.0,0.0,0.0,1440.0,1440.0,470.0,0.2934,344.92,392.0,0.229,0.0305,0.2135,0.6622,107.0,3.0,1,post_transaction_abuse,alternative_refund_abuse,post_alt_refund_001,scn_5f9ed116c949,overt_fraud,1,3,4,2,0,2,2,4,3,0
txn_5d9ec2c0ce64,39.6,0.4717,12,0,1.0,1.0,1.0,1.0,5.0,1.0,1.0,0.0,211.87,0.8131,43.09,43.09,470.0,0.2934,344.92,392.0,0.229,0.0305,0.2135,0.6622,107.0,3.0,1,post_transaction_abuse,alternative_refund_abuse,post_alt_refund_001,scn_5f9ed116c949,overt_fraud,1,3,4,2,0,0,0,2,3,0
txn_7e4d6a1609da,170.18,0.348,13,1,2.0,2.0,2.0,2.0,6.0,0.0,0.0,0.0,125.735,0.3535,95.91,95.91,470.0,0.2934,344.92,392.0,0.229,0.0305,0.2135,0.6622,107.0,3.0,1,post_transaction_abuse,alternative_refund_abuse,post_alt_refund_001,scn_5f9ed116c949,overt_fraud,0,3,4,2,0,0,5,3,3,0
txn_2fcaab26803a,307.21,0.3814,14,0,3.0,3.0,3.0,0.0,7.0,1.0,1.0,0.0,140.55,1.1858,40.53,40.53,470.0,0.2934,344.92,392.0,0.229,0.0305,0.2135,0.6622,107.0,3.0,1,post_transaction_abuse,alternative_refund_abuse,post_alt_refund_001,scn_5f9ed116c949,overt_fraud,1,3,4,2,0,4,4,5,3,0
txn_4d0529347e08,199.03,0.3651,15,0,4.0,4.0,4.0,1.0,9.0,0.0,0.0,0.0,182.215,0.0923,60.5,60.5,470.0,0.2934,344.92,392.0,0.229,0.0305,0.2135,0.6622,107.0,3.0,1,post_transaction_abuse,alternative_refund_abuse,post_alt_refund_001,scn_5f9ed116c949,overt_fraud,2,3,4,2,0,1,1,2,3,0
txn_5894bd53991c,87.02,0.2108,16,0,5.0,5.0,5.0,2.0,10.0,1.0,1.0,0.0,185.578,0.5311,44.98,44.98,470.0,0.2934,344.92,392.0,0.229,0.0305,0.2135,0.6622,107.0,3.0,1,post_transaction_abuse,alternative_refund_abuse,post_alt_refund_001,scn_5f9ed116c949,overt_fraud,3,3,4,2,0,5,5,6,3,0
txn_8ab9238cb468,255.38,0.5893,16,0,6.0,6.0,6.0,0.0,9.0,2.0,2.0,0.0,169.1517,0.5098,2.1,2.1,470.0,0.2934,344.92,392.0,0.229,0.0305,0.2135,0.6622,107.0,3.0,1,post_transaction_abuse,alternative_refund_abuse,post_alt_refund_001,scn_5f9ed116c949,overt_fraud,4,3,4,2,0,1,1,0,3,0
txn_324cbeae2da9,54.39,0.6648,18,0,7.0,7.0,7.0,1.0,11.0,0.0,0.0,0.0,181.47,0.7003,114.17,114.17,470.0,0.2934,344.92,392.0,0.229,0.0305,0.2135,0.6622,107.0,3.0,1,post_transaction_abuse,alternative_refund_abuse,post_alt_refund_001,scn_5f9ed116c949,overt_fraud,2,3,4,2,0,4,4,2,3,0
txn_fd278a75fc60,199.96,0.4806,20,0,8.0,8.0,8.0,2.0,12.0,0.0,0.0,0.0,165.585,0.2076,144.66,144.66,470.0,0.2934,344.92,392.0,0.229,0.0305,0.2135,0.6622,107.0,3.0,1,post_transaction_abuse,alternative_refund_abuse,post_alt_refund_001,scn_5f9ed116c949,overt_fraud,1,3,4,2,0,0,0,6,3,0
txn_0a5d65e3b956,133.28,0.08,11,0,0.0,0.0,0.0,0.0,3.0,0.0,0.0,0.0,0.0,0.0,1440.0,1440.0,2689.0,0.0644,128.38,2252.0,0.0697,0.0016,0.1698,0.165,156.0,0.0,1,post_transaction_abuse,chargeback_fraud,post_chargeback_001,scn_27e88e3cce0d,stealth_fraud,0,4,1,2,0,3,3,3,2,0
txn_6b833a589fac,438.43,0.3635,11,0,1.0,1.0,1.0,1.0,5.0,1.0,1.0,0.0,133.28,2.2895,41.67,41.67,2689.0,0.0644,128.38,2252.0,0.0697,0.0016,0.1698,0.165,156.0,0.0,1,post_transaction_abuse,chargeback_fraud,post_chargeback_001,scn_27e88e3cce0d,stealth_fraud,3,4,1,2,0,0,0,4,2,0
txn_f13ee6b76616,105.44,0.4688,12,0,2.0,2.0,2.0,2.0,6.0,1.0,1.0,0.0,285.855,0.6311,39.45,39.45,2689.0,0.0644,128.38,2252.0,0.0697,0.0016,0.1698,0.165,156.0,0.0,1,post_transaction_abuse,chargeback_fraud,post_chargeback_001,scn_27e88e3cce0d,stealth_fraud,2,4,1,2,0,2,2,4,2,0
txn_7c92b1d1bbc8,212.2,0.6186,12,0,3.0,3.0,3.0,0.0,7.0,2.0,2.0,0.0,225.7167,0.0599,10.28,10.28,2689.0,0.0644,128.38,2252.0,0.0697,0.0016,0.1698,0.165,156.0,0.0,1,post_transaction_abuse,chargeback_fraud,post_chargeback_001,scn_27e88e3cce0d,stealth_fraud,0,4,1,2,0,4,4,3,1,0
txn_f02dd578beba,47.08,0.3775,12,0,4.0,4.0,4.0,1.0,6.0,2.0,2.0,0.0,222.3375,0.7882,14.26,14.26,2689.0,0.0644,128.38,2252.0,0.0697,0.0016,0.1698,0.165,156.0,0.0,1,post_transaction_abuse,chargeback_fraud,post_chargeback_001,scn_27e88e3cce0d,stealth_fraud,4,4,1,2,0,3,3,2,2,0
txn_3c27ce799be7,40.71,0.335,13,0,5.0,5.0,5.0,2.0,4.0,3.0,3.0,0.0,187.286,0.7826,34.88,34.88,2689.0,0.0644,128.38,2252.0,0.0697,0.0016,0.1698,0.165,156.0,0.0,1,post_transaction_abuse,chargeback_fraud,post_chargeback_001,scn_27e88e3cce0d,stealth_fraud,4,4,1,2,0,3,3,2,1,0
txn_0e078a0be3e5,277.48,0.3918,14,0,6.0,6.0,6.0,0.0,7.0,1.0,1.0,0.0,162.8567,0.7038,42.53,42.53,2689.0,0.0644,128.38,2252.0,0.0697,0.0016,0.1698,0.165,156.0,0.0,1,post_transaction_abuse,chargeback_fraud,post_chargeback_001,scn_27e88e3cce0d,stealth_fraud,0,4,1,2,0,1,1,2,2,0
txn_abe517cc1749,107.42,0.1933,14,0,7.0,7.0,7.0,1.0,7.0,2.0,2.0,0.0,179.2314,0.4007,6.98,6.98,2689.0,0.0644,128.38,2252.0,0.0697,0.0016,0.1698,0.165,156.0,0.0,1,post_transaction_abuse,chargeback_fraud,post_chargeback_001,scn_27e88e3cce0d,stealth_fraud,2,4,1,2,0,5,5,3,1,0
txn_755ef8305814,428.65,0.3256,18,0,8.0,8.0,8.0,2.0,8.0,0.0,0.0,0.0,170.255,1.5177,254.78,254.78,2689.0,0.0644,128.38,2252.0,0.0697,0.0016,0.1698,0.165,156.0,0.0,1,post_transaction_abuse,chargeback_fraud,post_chargeback_001,scn_27e88e3cce0d,stealth_fraud,2,4,1,2,0,4,4,6,2,0
txn_ed239e768aa4,362.69,0.2752,19,0,9.0,9.0,9.0,0.0,9.0,0.0,0.0,0.0,198.9656,0.8229,62.7,62.7,2689.0,0.0644,128.38,2252.0,0.0697,0.0016,0.1698,0.165,156.0,0.0,1,post_transaction_abuse,chargeback_fraud,post_chargeback_001,scn_27e88e3cce0d,stealth_fraud,0,4,1,2,0,0,0,1,1,0
txn_ed99220c1f3e,191.8,0.5587,10,0,0.0,0.0,0.0,0.0,0.0,0.0,0.0,0.0,0.0,0.0,1440.0,1440.0,527.0,0.0136,258.6,894.0,0.1387,0.0611,0.7597,0.4797,8.0,1.0,1,post_transaction_abuse,non_delivery_claim,post_non_delivery_001,scn_6e66af2dfef1,overt_fraud,0,3,1,2,0,2,2,2,2,0
txn_a8286b22b8e9,213.48,0.4815,11,0,1.0,1.0,1.0,1.0,4.0,0.0,0.0,0.0,191.8,0.113,79.38,79.38,527.0,0.0136,258.6,894.0,0.1387,0.0611,0.7597,0.4797,8.0,1.0,1,post_transaction_abuse,non_delivery_claim,post_non_delivery_001,scn_6e66af2dfef1,overt_fraud,0,3,1,2,0,1,1,3,1,0
txn_9f0479d9296b,111.55,0.5406,11,1,2.0,2.0,2.0,2.0,4.0,1.0,1.0,0.0,202.64,0.4495,5.88,5.88,527.0,0.0136,258.6,894.0,0.1387,0.0611,0.7597,0.4797,8.0,1.0,1,post_transaction_abuse,non_delivery_claim,post_non_delivery_001,scn_6e66af2dfef1,overt_fraud,1,3,1,2,0,2,3,6,1,0
txn_405dada2f35a,179.47,0.7506,11,0,3.0,3.0,3.0,0.0,2.0,2.0,2.0,0.0,172.2767,0.0418,6.63,6.63,527.0,0.0136,258.6,894.0,0.1387,0.0611,0.7597,0.4797,8.0,1.0,1,post_transaction_abuse,non_delivery_claim,post_non_delivery_001,scn_6e66af2dfef1,overt_fraud,4,3,1,2,0,2,2,5,1,0
txn_631cd3d52c16,268.52,0.6782,13,0,4.0,4.0,4.0,1.0,7.0,0.0,0.0,0.0,174.075,0.5426,113.66,113.66,527.0,0.0136,258.6,894.0,0.1387,0.0611,0.7597,0.4797,8.0,1.0,1,post_transaction_abuse,non_delivery_claim,post_non_delivery_001,scn_6e66af2dfef1,overt_fraud,4,3,1,2,0,0,0,6,1,0
txn_071c733e1406,414.64,0.5634,15,0,5.0,5.0,5.0,2.0,9.0,0.0,0.0,0.0,192.964,1.1488,101.76,101.76,527.0,0.0136,258.6,894.0,0.1387,0.0611,0.7597,0.4797,8.0,1.0,1,post_transaction_abuse,non_delivery_claim,post_non_delivery_001,scn_6e66af2dfef1,overt_fraud,0,3,1,2,0,3,3,5,2,0
txn_c18e3e7fb9a0,58.95,0.5433,15,1,6.0,6.0,6.0,0.0,9.0,1.0,1.0,0.0,229.91,0.7436,18.02,18.02,527.0,0.0136,258.6,894.0,0.1387,0.0611,0.7597,0.4797,8.0,1.0,1,post_transaction_abuse,non_delivery_claim,post_non_delivery_001,scn_6e66af2dfef1,overt_fraud,1,3,1,2,0,2,0,6,2,0
txn_1e4d75e13bcb,325.52,0.735,19,0,7.0,7.0,7.0,1.0,10.0,0.0,0.0,0.0,205.4871,0.5841,238.43,238.43,527.0,0.0136,258.6,894.0,0.1387,0.0611,0.7597,0.4797,8.0,1.0,1,post_transaction_abuse,non_delivery_claim,post_non_delivery_001,scn_6e66af2dfef1,overt_fraud,0,3,1,2,0,5,5,0,2,0
txn_2877c56d9f21,440.52,0.3734,20,0,8.0,8.0,8.0,2.0,12.0,0.0,0.0,0.0,220.4913,0.9979,75.78,75.78,527.0,0.0136,258.6,894.0,0.1387,0.0611,0.7597,0.4797,8.0,1.0,1,post_transaction_abuse,non_delivery_claim,post_non_delivery_001,scn_6e66af2dfef1,overt_fraud,4,3,1,2,0,5,5,5,1,0
txn_8d6bf71ab411,375.07,0.5981,21,0,9.0,9.0,9.0,0.0,10.0,1.0,1.0,0.0,244.9389,0.5313,37.04,37.04,527.0,0.0136,258.6,894.0,0.1387,0.0611,0.7597,0.4797,8.0,1.0,1,post_transaction_abuse,non_delivery_claim,post_non_delivery_001,scn_6e66af2dfef1,overt_fraud,2,3,1,2,0,1,1,0,2,0
txn_00339f8fe4a9,366.96,0.5563,21,1,10.0,10.0,10.0,1.0,7.0,2.0,2.0,0.0,257.952,0.4226,5.95,5.95,527.0,0.0136,258.6,894.0,0.1387,0.0611,0.7597,0.4797,8.0,1.0,1,post_transaction_abuse,non_delivery_claim,post_non_delivery_001,scn_6e66af2dfef1,overt_fraud,2,3,1,2,0,5,2,6,2,0
txn_b06dc1aa9201,258.76,0.29,22,0,11.0,11.0,11.0,2.0,7.0,0.0,0.0,0.0,267.8618,0.034,60.42,60.42,527.0,0.0136,258.6,894.0,0.1387,0.0611,0.7597,0.4797,8.0,1.0,1,post_transaction_abuse,non_delivery_claim,post_non_delivery_001,scn_6e66af2dfef1,overt_fraud,0,3,1,2,0,0,0,0,2,0
txn_13b55a30596f,333.33,0.445,22,0,12.0,12.0,12.0,0.0,6.0,1.0,1.0,0.0,267.1033,0.2479,2.61,2.61,527.0,0.0136,258.6,894.0,0.1387,0.0611,0.7597,0.4797,8.0,1.0,1,post_transaction_abuse,non_delivery_claim,post_non_delivery_001,scn_6e66af2dfef1,overt_fraud,3,3,1,2,0,3,3,6,1,0
txn_ab4fe8c733c7,32.99,0.3454,0,0,13.0,13.0,13.0,1.0,6.0,0.0,0.0,0.0,272.1977,0.8788,84.69,84.69,527.0,0.0136,258.6,894.0,0.1387,0.0611,0.7597,0.4797,8.0,1.0,1,post_transaction_abuse,non_delivery_claim,post_non_delivery_001,scn_6e66af2dfef1,overt_fraud,1,3,1,2,0,5,5,6,2,0
txn_b37e7bb84ad7,223.45,0.3118,2,0,14.0,14.0,14.0,2.0,4.0,0.0,0.0,0.0,255.1114,0.1241,145.15,145.15,527.0,0.0136,258.6,894.0,0.1387,0.0611,0.7597,0.4797,8.0,1.0,1,post_transaction_abuse,non_delivery_claim,post_non_delivery_001,scn_6e66af2dfef1,overt_fraud,2,3,1,2,0,2,2,1,2,0
txn_68752d597e1f,318.68,0.4901,2,0,15.0,15.0,15.0,0.0,3.0,1.0,1.0,0.0,253.0007,0.2596,19.79,19.79,527.0,0.0136,258.6,894.0,0.1387,0.0611,0.7597,0.4797,8.0,1.0,1,post_transaction_abuse,non_delivery_claim,post_non_delivery_001,scn_6e66af2dfef1,overt_fraud,0,3,1,2,0,1,1,1,2,0
txn_c5f7dcf10bfa,376.81,0.1434,10,0,0.0,0.0,0.0,0.0,0.0,0.0,0.0,0.0,0.0,0.0,1440.0,1440.0,133.0,0.3229,342.09,107.0,0.0211,0.0515,0.7083,0.6715,141.0,3.0,1,post_transaction_abuse,refund_fraud,post_refund_001,scn_7d631f67f961,overt_fraud,2,3,1,2,0,2,2,2,2,0
txn_eb5b20d63d7d,298.01,0.4344,11,0,1.0,1.0,1.0,1.0,3.0,0.0,0.0,0.0,376.81,0.2091,73.75,73.75,133.0,0.3229,342.09,107.0,0.0211,0.0515,0.7083,0.6715,141.0,3.0,1,post_transaction_abuse,refund_fraud,post_refund_001,scn_7d631f67f961,overt_fraud,4,3,1,2,0,2,2,0,2,0
txn_f57076f7b1e9,155.57,0.1412,11,0,2.0,2.0,2.0,2.0,4.0,1.0,1.0,0.0,337.41,0.5389,16.75,16.75,133.0,0.3229,342.09,107.0,0.0211,0.0515,0.7083,0.6715,141.0,3.0,1,post_transaction_abuse,refund_fraud,post_refund_001,scn_7d631f67f961,overt_fraud,3,3,1,2,0,5,5,4,1,0
txn_86dab5f454d9,217.99,0.3486,13,0,3.0,3.0,3.0,0.0,5.0,0.0,0.0,0.0,276.7967,0.2125,95.69,95.69,133.0,0.3229,342.09,107.0,0.0211,0.0515,0.7083,0.6715,141.0,3.0,1,post_transaction_abuse,refund_fraud,post_refund_001,scn_7d631f67f961,overt_fraud,4,3,1,2,0,3,3,2,1,0
txn_8db52f672285,77.2,0.3879,13,0,4.0,4.0,4.0,1.0,6.0,1.0,1.0,0.0,262.095,0.7055,27.13,27.13,133.0,0.3229,342.09,107.0,0.0211,0.0515,0.7083,0.6715,141.0,3.0,1,post_transaction_abuse,refund_fraud,post_refund_001,scn_7d631f67f961,overt_fraud,2,3,1,2,0,5,5,4,2,0
txn_51f1c72de09c,66.5,0.42,14,0,5.0,5.0,5.0,2.0,6.0,2.0,2.0,0.0,225.116,0.7046,16.84,16.84,133.0,0.3229,342.09,107.0,0.0211,0.0515,0.7083,0.6715,141.0,3.0,1,post_transaction_abuse,refund_fraud,post_refund_001,scn_7d631f67f961,overt_fraud,4,3,1,2,0,4,4,2,2,0
txn_e4a2956318dc,377.21,0.4252,14,0,6.0,6.0,6.0,0.0,6.0,3.0,3.0,0.0,198.68,0.8986,6.19,6.19,133.0,0.3229,342.09,107.0,0.0211,0.0515,0.7083,0.6715,141.0,3.0,1,post_transaction_abuse,refund_fraud,post_refund_001,scn_7d631f67f961,overt_fraud,2,3,1,2,0,5,5,3,2,0
txn_73e0893bd7c1,125.74,0.4308,17,0,7.0,7.0,7.0,1.0,7.0,0.0,0.0,0.0,224.1843,0.4391,222.54,222.54,133.0,0.3229,342.09,107.0,0.0211,0.0515,0.7083,0.6715,141.0,3.0,1,post_transaction_abuse,refund_fraud,post_refund_001,scn_7d631f67f961,overt_fraud,0,3,1,2,0,2,2,3,1,0
txn_65b28c00a8f9,123.35,0.5665,18,0,8.0,8.0,8.0,2.0,7.0,1.0,1.0,0.0,211.8787,0.4178,18.55,18.55,133.0,0.3229,342.09,107.0,0.0211,0.0515,0.7083,0.6715,141.0,3.0,1,post_transaction_abuse,refund_fraud,post_refund_001,scn_7d631f67f961,overt_fraud,0,3,1,2,0,4,4,6,2,0
txn_69daa5f2d016,419.98,0.3685,18,0,9.0,9.0,9.0,0.0,6.0,2.0,2.0,0.0,202.0422,1.0787,9.6,9.6,133.0,0.3229,342.09,107.0,0.0211,0.0515,0.7083,0.6715,141.0,3.0,1,post_transaction_abuse,refund_fraud,post_refund_001,scn_7d631f67f961,overt_fraud,3,3,1,2,0,5,5,5,2,0
txn_398a02833240,126.76,0.4076,23,0,10.0,10.0,10.0,1.0,8.0,0.0,0.0,0.0,223.836,0.4337,286.4,286.4,133.0,0.3229,342.09,107.0,0.0211,0.0515,0.7083,0.6715,141.0,3.0,1,post_transaction_abuse,refund_fraud,post_refund_001,scn_7d631f67f961,overt_fraud,4,3,1,2,0,0,0,2,1,0
txn_8e53d9278817,285.24,0.3532,10,0,0.0,0.0,0.0,0.0,0.0,0.0,0.0,0.0,0.0,0.0,1440.0,1440.0,2340.0,0.0286,230.01,653.0,0.0134,0.0095,0.2442,0.032,855.0,1.0,1,post_transaction_abuse,return_policy_abuse,post_return_policy_001,scn_3ffe7ebdbbdf,stealth_fraud,4,4,1,2,0,4,4,1,1,0
txn_942d00f1156e,63.97,0.7271,12,0,1.0,1.0,1.0,1.0,5.0,0.0,0.0,0.0,285.24,0.7757,132.15,132.15,2340.0,0.0286,230.01,653.0,0.0134,0.0095,0.2442,0.032,855.0,1.0,1,post_transaction_abuse,return_policy_abuse,post_return_policy_001,scn_3ffe7ebdbbdf,stealth_fraud,0,4,1,2,0,3,3,3,1,0
txn_07b88c42995b,388.64,0.5464,14,0,2.0,2.0,2.0,2.0,8.0,0.0,0.0,0.0,174.605,1.2258,154.82,154.82,2340.0,0.0286,230.01,653.0,0.0134,0.0095,0.2442,0.032,855.0,1.0,1,post_transaction_abuse,return_policy_abuse,post_return_policy_001,scn_3ffe7ebdbbdf,stealth_fraud,2,4,1,2,0,1,1,3,1,0
txn_6f58ebeae2a1,394.77,0.0878,15,0,3.0,3.0,3.0,0.0,8.0,1.0,1.0,0.0,245.95,0.6051,4.68,4.68,2340.0,0.0286,230.01,653.0,0.0134,0.0095,0.2442,0.032,855.0,1.0,1,post_transaction_abuse,return_policy_abuse,post_return_policy_001,scn_3ffe7ebdbbdf,stealth_fraud,2,4,1,2,0,0,0,1,2,0
txn_7a9294fd7b05,122.44,0.2356,16,0,4.0,4.0,4.0,1.0,10.0,0.0,0.0,0.0,283.155,0.5676,89.4,89.4,2340.0,0.0286,230.01,653.0,0.0134,0.0095,0.2442,0.032,855.0,1.0,1,post_transaction_abuse,return_policy_abuse,post_return_policy_001,scn_3ffe7ebdbbdf,stealth_fraud,2,4,1,2,0,5,5,5,1,0
txn_4cbf5649ca34,92.26,0.4904,18,0,5.0,5.0,5.0,2.0,9.0,0.0,0.0,0.0,251.012,0.6324,125.21,125.21,2340.0,0.0286,230.01,653.0,0.0134,0.0095,0.2442,0.032,855.0,1.0,1,post_transaction_abuse,return_policy_abuse,post_return_policy_001,scn_3ffe7ebdbbdf,stealth_fraud,1,4,1,2,0,2,2,6,1,0
txn_88770af98e0c,277.38,0.4674,18,0,6.0,6.0,6.0,0.0,8.0,1.0,1.0,0.0,224.5533,0.2353,16.89,16.89,2340.0,0.0286,230.01,653.0,0.0134,0.0095,0.2442,0.032,855.0,1.0,1,post_transaction_abuse,return_policy_abuse,post_return_policy_001,scn_3ffe7ebdbbdf,stealth_fraud,2,4,1,2,0,3,3,6,1,0
txn_c477b9d65e63,207.43,0.4524,20,0,7.0,7.0,7.0,1.0,8.0,0.0,0.0,0.0,232.1,0.1063,90.5,90.5,2340.0,0.0286,230.01,653.0,0.0134,0.0095,0.2442,0.032,855.0,1.0,1,post_transaction_abuse,return_policy_abuse,post_return_policy_001,scn_3ffe7ebdbbdf,stealth_fraud,3,4,1,2,0,5,5,4,2,0
txn_de1dbeded6bd,303.3,0.3032,21,0,8.0,8.0,8.0,2.0,8.0,0.0,0.0,0.0,229.0162,0.3244,79.21,79.21,2340.0,0.0286,230.01,653.0,0.0134,0.0095,0.2442,0.032,855.0,1.0,1,post_transaction_abuse,return_policy_abuse,post_return_policy_001,scn_3ffe7ebdbbdf,stealth_fraud,1,4,1,2,0,5,5,6,2,0
txn_985ce798d10c,397.61,0.2012,22,1,9.0,9.0,9.0,0.0,6.0,1.0,1.0,0.0,237.27,0.6758,35.51,35.51,2340.0,0.0286,230.01,653.0,0.0134,0.0095,0.2442,0.032,855.0,1.0,1,post_transaction_abuse,return_policy_abuse,post_return_policy_001,scn_3ffe7ebdbbdf,stealth_fraud,0,4,1,2,0,5,4,1,1,0
txn_fc230ec45fad,261.75,0.2983,23,0,10.0,10.0,10.0,1.0,7.0,1.0,1.0,0.0,253.304,0.0333,44.47,44.47,2340.0,0.0286,230.01,653.0,0.0134,0.0095,0.2442,0.032,855.0,1.0,1,post_transaction_abuse,return_policy_abuse,post_return_policy_001,scn_3ffe7ebdbbdf,stealth_fraud,0,4,1,2,0,4,4,3,2,0
txn_71da449119ca,128.55,0.2896,23,0,11.0,11.0,11.0,2.0,5.0,1.0,1.0,0.0,254.0718,0.494,27.74,27.74,2340.0,0.0286,230.01,653.0,0.0134,0.0095,0.2442,0.032,855.0,1.0,1,post_transaction_abuse,return_policy_abuse,post_return_policy_001,scn_3ffe7ebdbbdf,stealth_fraud,3,4,1,2,0,1,1,4,2,0
txn_3ed048f3b7ae,231.26,0.5828,1,0,12.0,12.0,12.0,0.0,3.0,0.0,0.0,0.0,243.6117,0.0507,93.76,93.76,2340.0,0.0286,230.01,653.0,0.0134,0.0095,0.2442,0.032,855.0,1.0,1,post_transaction_abuse,return_policy_abuse,post_return_policy_001,scn_3ffe7ebdbbdf,stealth_fraud,0,4,1,2,0,3,3,3,1,0
txn_e8e15014ff39,140.48,0.5339,1,1,13.0,13.0,13.0,1.0,2.0,1.0,1.0,0.0,242.6615,0.4211,2.8,2.8,2340.0,0.0286,230.01,653.0,0.0134,0.0095,0.2442,0.032,855.0,1.0,1,post_transaction_abuse,return_policy_abuse,post_return_policy_001,scn_3ffe7ebdbbdf,stealth_fraud,2,4,1,2,0,2,0,5,1,0
txn_bb6474931f34,350.23,0.5986,3,0,14.0,14.0,14.0,2.0,2.0,0.0,0.0,0.0,235.3629,0.488,124.09,124.09,2340.0,0.0286,230.01,653.0,0.0134,0.0095,0.2442,0.032,855.0,1.0,1,post_transaction_abuse,return_policy_abuse,post_return_policy_001,scn_3ffe7ebdbbdf,stealth_fraud,4,4,1,2,0,3,3,4,1,0
txn_788bc774e926,241.95,0.2962,3,1,15.0,15.0,15.0,0.0,2.0,1.0,1.0,0.0,243.0207,0.0044,16.89,16.89,2340.0,0.0286,230.01,653.0,0.0134,0.0095,0.2442,0.032,855.0,1.0,1,post_transaction_abuse,return_policy_abuse,post_return_policy_001,scn_3ffe7ebdbbdf,stealth_fraud,3,4,1,2,0,0,5,5,2,0
txn_33ec359a3f82,275.4,0.1822,5,0,16.0,16.0,16.0,1.0,4.0,0.0,0.0,0.0,242.9538,0.1335,148.95,148.95,2340.0,0.0286,230.01,653.0,0.0134,0.0095,0.2442,0.032,855.0,1.0,1,post_transaction_abuse,return_policy_abuse,post_return_policy_001,scn_3ffe7ebdbbdf,stealth_fraud,3,4,1,2,0,4,4,5,2,0
txn_d1eb5d8e7d34,147.64,0.2045,6,1,17.0,17.0,17.0,2.0,4.0,1.0,1.0,0.0,244.8624,0.397,41.23,41.23,2340.0,0.0286,230.01,653.0,0.0134,0.0095,0.2442,0.032,855.0,1.0,1,post_transaction_abuse,return_policy_abuse,post_return_policy_001,scn_3ffe7ebdbbdf,stealth_fraud,0,4,1,2,0,4,1,2,1,0
txn_d5924f6ce235,311.28,0.271,7,0,18.0,18.0,18.0,0.0,4.0,0.0,0.0,0.0,239.4611,0.2999,73.36,73.36,2340.0,0.0286,230.01,653.0,0.0134,0.0095,0.2442,0.032,855.0,1.0,1,post_transaction_abuse,return_policy_abuse,post_return_policy_001,scn_3ffe7ebdbbdf,stealth_fraud,0,4,1,2,0,4,4,6,2,0
txn_d91b87234f96,284.75,0.3095,8,0,19.0,19.0,19.0,1.0,4.0,0.0,0.0,0.0,243.2411,0.1706,63.12,63.12,2340.0,0.0286,230.01,653.0,0.0134,0.0095,0.2442,0.032,855.0,1.0,1,post_transaction_abuse,return_policy_abuse,post_return_policy_001,scn_3ffe7ebdbbdf,stealth_fraud,1,4,1,2,0,3,3,3,1,0
txn_14cac801add9,255.74,0.5492,9,0,20.0,20.0,20.0,2.0,4.0,1.0,1.0,0.0,245.3165,0.0425,41.18,41.18,2340.0,0.0286,230.01,653.0,0.0134,0.0095,0.2442,0.032,855.0,1.0,1,post_transaction_abuse,return_policy_abuse,post_return_policy_001,scn_3ffe7ebdbbdf,stealth_fraud,1,4,1,2,0,3,3,0,2,0
txn_9f8359313748,48.78,0.08,13,0,0.0,0.0,0.0,0.0,7.0,0.0,0.0,0.0,0.0,0.0,1440.0,1440.0,1035.0,0.0006,68.63,2254.0,0.0098,0.0071,0.2736,0.0816,947.0,1.0,1,social_engineering_payment_fraud,ai_impersonation,social_ai_impersonation_001,scn_616d138d9d15,stealth_fraud,3,2,1,1,0,2,2,2,2,0
txn_80c50628e3ad,58.33,0.163,13,0,1.0,1.0,1.0,1.0,6.0,1.0,1.0,0.0,48.78,0.1958,0.64,0.64,1035.0,0.0006,68.63,2254.0,0.0098,0.0071,0.2736,0.0816,947.0,1.0,1,social_engineering_payment_fraud,ai_impersonation,social_ai_impersonation_001,scn_616d138d9d15,stealth_fraud,1,2,1,1,0,5,5,2,1,0
txn_58b332f82dc4,92.66,0.159,13,0,2.0,2.0,2.0,2.0,5.0,2.0,2.0,0.0,53.555,0.7302,23.26,23.26,1035.0,0.0006,68.63,2254.0,0.0098,0.0071,0.2736,0.0816,947.0,1.0,1,social_engineering_payment_fraud,ai_impersonation,social_ai_impersonation_001,scn_616d138d9d15,stealth_fraud,1,2,1,1,0,3,3,2,1,0
txn_e15cc02fb794,74.76,0.4102,15,0,3.0,3.0,3.0,0.0,8.0,0.0,0.0,0.0,66.59,0.1227,79.48,79.48,1035.0,0.0006,68.63,2254.0,0.0098,0.0071,0.2736,0.0816,947.0,1.0,1,social_engineering_payment_fraud,ai_impersonation,social_ai_impersonation_001,scn_616d138d9d15,stealth_fraud,2,2,1,1,0,2,2,2,1,0
txn_d832b2334ba8,28.55,0.6217,20,0,4.0,4.0,4.0,1.0,12.0,0.0,0.0,0.0,68.6325,0.584,311.89,311.89,1035.0,0.0006,68.63,2254.0,0.0098,0.0071,0.2736,0.0816,947.0,1.0,1,social_engineering_payment_fraud,ai_impersonation,social_ai_impersonation_001,scn_616d138d9d15,stealth_fraud,1,2,1,1,0,2,2,2,1,0
txn_c551834061fa,125.57,0.1846,20,0,5.0,5.0,5.0,2.0,10.0,1.0,1.0,0.0,60.616,1.0716,6.85,6.85,1035.0,0.0006,68.63,2254.0,0.0098,0.0071,0.2736,0.0816,947.0,1.0,1,social_engineering_payment_fraud,ai_impersonation,social_ai_impersonation_001,scn_616d138d9d15,stealth_fraud,0,2,1,1,0,0,0,2,1,0
txn_a89dc4984c94,13.94,0.5943,10,0,0.0,0.0,0.0,0.0,0.0,0.0,0.0,0.0,0.0,0.0,1440.0,1440.0,1264.0,0.0528,123.61,2502.0,0.0246,0.0112,0.235,0.1684,98.0,0.0,1,social_engineering_payment_fraud,authorized_push_payment_scam,social_app_scam_001,scn_f3943cb603e1,stealth_fraud,0,1,2,3,0,2,2,2,0,0
txn_e75b31e0ab73,40.64,0.311,12,0,1.0,1.0,1.0,1.0,4.0,0.0,0.0,0.0,13.94,1.9154,132.75,132.75,1264.0,0.0528,123.61,2502.0,0.0246,0.0112,0.235,0.1684,98.0,0.0,1,social_engineering_payment_fraud,authorized_push_payment_scam,social_app_scam_001,scn_f3943cb603e1,stealth_fraud,1,1,2,3,0,1,1,2,0,0
txn_fac58334c15f,29.72,0.2953,13,0,2.0,2.0,2.0,2.0,5.0,1.0,1.0,0.0,27.29,0.089,16.95,16.95,1264.0,0.0528,123.61,2502.0,0.0246,0.0112,0.235,0.1684,98.0,0.0,1,social_engineering_payment_fraud,authorized_push_payment_scam,social_app_scam_001,scn_f3943cb603e1,stealth_fraud,0,1,2,3,0,1,1,2,0,0
txn_27eafd08f31c,23.9,0.2513,14,0,3.0,3.0,3.0,0.0,7.0,0.0,0.0,0.0,28.1,0.1495,88.62,88.62,1264.0,0.0528,123.61,2502.0,0.0246,0.0112,0.235,0.1684,98.0,0.0,1,social_engineering_payment_fraud,authorized_push_payment_scam,social_app_scam_001,scn_f3943cb603e1,stealth_fraud,2,1,2,3,0,4,4,2,0,0
txn_f149af4fd5fd,13.67,0.4495,15,0,4.0,4.0,4.0,1.0,6.0,0.0,0.0,0.0,27.05,0.4946,67.47,67.47,1264.0,0.0528,123.61,2502.0,0.0246,0.0112,0.235,0.1684,98.0,0.0,1,social_engineering_payment_fraud,authorized_push_payment_scam,social_app_scam_001,scn_f3943cb603e1,stealth_fraud,2,1,2,3,0,3,3,2,0,0
txn_677b2eb50eb5,51.13,0.08,16,0,5.0,5.0,5.0,2.0,6.0,1.0,1.0,0.0,24.374,1.0977,46.3,46.3,1264.0,0.0528,123.61,2502.0,0.0246,0.0112,0.235,0.1684,98.0,0.0,1,social_engineering_payment_fraud,authorized_push_payment_scam,social_app_scam_001,scn_f3943cb603e1,stealth_fraud,2,1,2,3,0,0,0,2,0,0
txn_ea8a1ea7bbb4,34.69,0.08,18,0,6.0,6.0,6.0,0.0,5.0,0.0,0.0,0.0,28.8333,0.2031,98.02,98.02,1264.0,0.0528,123.61,2502.0,0.0246,0.0112,0.235,0.1684,98.0,0.0,1,social_engineering_payment_fraud,authorized_push_payment_scam,social_app_scam_001,scn_f3943cb603e1,stealth_fraud,3,1,2,3,0,2,2,2,0,0
txn_e452fcbf5851,62.51,0.1186,18,0,7.0,7.0,7.0,1.0,5.0,1.0,1.0,0.0,29.67,1.1068,20.13,20.13,1264.0,0.0528,123.61,2502.0,0.0246,0.0112,0.235,0.1684,98.0,0.0,1,social_engineering_payment_fraud,authorized_push_payment_scam,social_app_scam_001,scn_f3943cb603e1,stealth_fraud,2,1,2,3,0,2,2,2,0,0
txn_4f22ab59c398,9.19,0.1393,21,0,8.0,8.0,8.0,2.0,5.0,0.0,0.0,0.0,33.775,0.7279,202.12,202.12,1264.0,0.0528,123.61,2502.0,0.0246,0.0112,0.235,0.1684,98.0,0.0,1,social_engineering_payment_fraud,authorized_push_payment_scam,social_app_scam_001,scn_f3943cb603e1,stealth_fraud,1,1,2,3,0,2,2,2,0,0
txn_8934083b69e4,22893.41,0.3445,10,0,0.0,0.0,0.0,0.0,0.0,0.0,0.0,0.0,0.0,0.0,1440.0,1440.0,2641.0,0.0563,29.3,1769.0,0.0522,0.0022,0.1596,0.2319,387.0,0.0,1,social_engineering_payment_fraud,business_email_compromise,social_bec_001,scn_0889a10644c3,stealth_fraud,1,5,5,1,0,4,4,2,0,0
txn_56d3af73fb58,5287.49,0.3892,11,0,1.0,1.0,1.0,1.0,3.0,1.0,1.0,0.0,22893.41,0.769,46.24,46.24,2641.0,0.0563,29.3,1769.0,0.0522,0.0022,0.1596,0.2319,387.0,0.0,1,social_engineering_payment_fraud,business_email_compromise,social_bec_001,scn_0889a10644c3,stealth_fraud,0,5,5,1,0,3,3,2,0,0
txn_e2b405637cf8,3776.93,0.4503,11,0,2.0,2.0,2.0,2.0,3.0,1.0,1.0,0.0,14090.45,0.732,37.8,37.8,2641.0,0.0563,29.3,1769.0,0.0522,0.0022,0.1596,0.2319,387.0,0.0,1,social_engineering_payment_fraud,business_email_compromise,social_bec_001,scn_0889a10644c3,stealth_fraud,0,5,5,1,0,3,3,2,0,0
txn_05f24770e359,34604.52,0.3403,13,0,3.0,3.0,3.0,0.0,5.0,0.0,0.0,0.0,10652.61,2.2485,98.84,98.84,2641.0,0.0563,29.3,1769.0,0.0522,0.0022,0.1596,0.2319,387.0,0.0,1,social_engineering_payment_fraud,business_email_compromise,social_bec_001,scn_0889a10644c3,stealth_fraud,2,5,5,1,0,3,3,2,0,0
txn_7f4cf57ab41f,37294.24,0.5144,13,0,4.0,4.0,4.0,1.0,3.0,1.0,1.0,0.0,16640.5875,1.2412,24.85,24.85,2641.0,0.0563,29.3,1769.0,0.0522,0.0022,0.1596,0.2319,387.0,0.0,1,social_engineering_payment_fraud,business_email_compromise,social_bec_001,scn_0889a10644c3,stealth_fraud,1,5,5,1,0,1,1,2,0,0
txn_6a983f363ed1,12341.6,0.3311,16,0,5.0,5.0,5.0,2.0,3.0,0.0,0.0,0.0,20771.318,0.4058,126.77,126.77,2641.0,0.0563,29.3,1769.0,0.0522,0.0022,0.1596,0.2319,387.0,0.0,1,social_engineering_payment_fraud,business_email_compromise,social_bec_001,scn_0889a10644c3,stealth_fraud,4,5,5,1,0,2,2,2,0,0
txn_8fdb524241e0,5297.58,0.6965,17,1,6.0,6.0,6.0,0.0,4.0,0.0,0.0,0.0,19366.365,0.7265,63.06,63.06,2641.0,0.0563,29.3,1769.0,0.0522,0.0022,0.1596,0.2319,387.0,0.0,1,social_engineering_payment_fraud,business_email_compromise,social_bec_001,scn_0889a10644c3,stealth_fraud,2,5,5,1,0,3,5,2,0,0
txn_2726526371ea,29111.45,0.1187,21,0,7.0,7.0,7.0,1.0,4.0,0.0,0.0,0.0,17356.5386,0.6773,274.88,274.88,2641.0,0.0563,29.3,1769.0,0.0522,0.0022,0.1596,0.2319,387.0,0.0,1,social_engineering_payment_fraud,business_email_compromise,social_bec_001,scn_0889a10644c3,stealth_fraud,1,5,5,1,0,2,2,2,0,0
txn_695c6fb4c160,5152.75,0.273,22,0,8.0,8.0,8.0,2.0,4.0,1.0,1.0,0.0,18825.9025,0.7263,45.55,45.55,2641.0,0.0563,29.3,1769.0,0.0522,0.0022,0.1596,0.2319,387.0,0.0,1,social_engineering_payment_fraud,business_email_compromise,social_bec_001,scn_0889a10644c3,stealth_fraud,3,5,5,1,0,2,2,2,0,0
txn_68f6d07f4c51,11008.19,0.097,11,0,0.0,0.0,0.0,0.0,0.0,0.0,0.0,0.0,0.0,0.0,1440.0,1440.0,1238.0,0.0271,159.83,3695.0,0.0449,0.004,0.2219,0.1842,307.0,0.0,1,social_engineering_payment_fraud,executive_impersonation,social_exec_impersonation_001,scn_829d97148ee8,stealth_fraud,1,5,5,1,0,3,3,2,0,0
txn_fcaae8cd0c46,41848.36,0.3796,12,0,1.0,1.0,1.0,1.0,5.0,0.0,0.0,0.0,11008.19,2.8016,89.67,89.67,1238.0,0.0271,159.83,3695.0,0.0449,0.004,0.2219,0.1842,307.0,0.0,1,social_engineering_payment_fraud,executive_impersonation,social_exec_impersonation_001,scn_829d97148ee8,stealth_fraud,0,5,5,1,0,5,5,2,0,0
txn_2eda3c051a2c,12383.79,0.6372,12,0,2.0,2.0,2.0,2.0,4.0,1.0,1.0,0.0,26428.275,0.5314,6.69,6.69,1238.0,0.0271,159.83,3695.0,0.0449,0.004,0.2219,0.1842,307.0,0.0,1,social_engineering_payment_fraud,executive_impersonation,social_exec_impersonation_001,scn_829d97148ee8,stealth_fraud,3,5,5,1,0,5,5,2,0,0
txn_67f53723ab08,19448.94,0.3596,14,0,3.0,3.0,3.0,0.0,4.0,0.0,0.0,0.0,21746.78,0.1057,88.39,88.39,1238.0,0.0271,159.83,3695.0,0.0449,0.004,0.2219,0.1842,307.0,0.0,1,social_engineering_payment_fraud,executive_impersonation,social_exec_impersonation_001,scn_829d97148ee8,stealth_fraud,3,5,5,1,0,3,3,2,0,0
txn_2b9f2eacf810,46262.82,0.4356,10,0,0.0,0.0,0.0,0.0,0.0,0.0,0.0,0.0,0.0,0.0,1440.0,1440.0,866.0,0.2968,60.46,232.0,0.1982,0.0065,0.2708,0.2842,88.0,0.0,1,social_engineering_payment_fraud,vendor_rerouting,social_vendor_reroute_001,scn_9c10ec0e2367,overt_fraud,0,5,0,1,0,3,3,2,0,0
txn_b846a31ecaa3,7459.35,0.2341,12,1,1.0,1.0,1.0,1.0,3.0,0.0,0.0,0.0,46262.82,0.8388,118.02,118.02,866.0,0.2968,60.46,232.0,0.1982,0.0065,0.2708,0.2842,88.0,0.0,1,social_engineering_payment_fraud,vendor_rerouting,social_vendor_reroute_001,scn_9c10ec0e2367,overt_fraud,1,5,0,1,1,2,4,2,0,1
txn_caae463f29bf,28849.61,0.3774,14,0,2.0,2.0,2.0,2.0,5.0,0.0,0.0,1.0,26861.085,0.074,157.11,157.11,866.0,0.2968,60.46,232.0,0.1982,0.0065,0.2708,0.2842,88.0,0.0,1,social_engineering_payment_fraud,vendor_rerouting,social_vendor_reroute_001,scn_9c10ec0e2367,overt_fraud,4,5,0,1,0,0,0,2,0,0
txn_1b1e48b23cef,19489.19,0.174,16,0,3.0,3.0,3.0,0.0,4.0,0.0,0.0,1.0,27523.9267,0.2919,81.55,81.55,866.0,0.2968,60.46,232.0,0.1982,0.0065,0.2708,0.2842,88.0,0.0,1,social_engineering_payment_fraud,vendor_rerouting,social_vendor_reroute_001,scn_9c10ec0e2367,overt_fraud,2,5,0,1,0,2,2,2,0,0
txn_476c53b92164,41542.76,0.2524,16,1,4.0,4.0,4.0,1.0,3.0,1.0,1.0,1.0,25515.2425,0.6282,6.75,6.75,866.0,0.2968,60.46,232.0,0.1982,0.0065,0.2708,0.2842,88.0,0.0,1,social_engineering_payment_fraud,vendor_rerouting,social_vendor_reroute_001,scn_9c10ec0e2367,overt_fraud,0,5,0,1,0,3,4,2,0,0
txn_07ee79da9f78,26721.41,0.4151,16,0,5.0,5.0,5.0,2.0,3.0,2.0,2.0,1.0,28720.746,0.0696,32.08,32.08,866.0,0.2968,60.46,232.0,0.1982,0.0065,0.2708,0.2842,88.0,0.0,1,social_engineering_payment_fraud,vendor_rerouting,social_vendor_reroute_001,scn_9c10ec0e2367,overt_fraud,2,5,0,1,0,1,1,2,0,0
txn_fd1deec424ba,18350.77,0.4012,19,0,6.0,6.0,6.0,0.0,3.0,0.0,0.0,1.0,28387.5233,0.3536,168.72,168.72,866.0,0.2968,60.46,232.0,0.1982,0.0065,0.2708,0.2842,88.0,0.0,1,social_engineering_payment_fraud,vendor_rerouting,social_vendor_reroute_001,scn_9c10ec0e2367,overt_fraud,0,5,0,1,0,1,1,2,0,0
