transaction_id,fraud_score,prediction,ml_fraud_score,ml_prediction,decision_engine,llm_reviewed,llm_provider,llm_semantic_risk_score,llm_novelty_score,llm_recommendation,llm_rationale,llm_risk_indicators,llm_fallback,label,attack_bucket,attack_subtype,reason_codes
txn_f5142e8ab368,0.02905059469852681,0,0.029051,0,ml_only,0,,,,,,,,0,,,customer payment cadence lowers risk;IP velocity lowers risk;session velocity lowers risk
txn_10449be37726,0.1167644310980225,0,0.116764,0,ml_only,0,,,,,,,,0,,,IP velocity lowers risk;session velocity lowers risk;high generated risk score lowers risk
txn_26d576d350fd,0.05481985493298938,0,0.05482,0,ml_only,0,,,,,,,,0,,,merchant age lowers risk;IP velocity lowers risk;session velocity lowers risk
txn_1e336c972dc2,0.09901127374399218,0,0.099011,0,ml_only,0,,,,,,,,0,,,IP velocity lowers risk;high generated risk score lowers risk;session velocity lowers risk
txn_379e585fbbf9,0.037403524276534254,0,0.037404,0,ml_only,0,,,,,,,,0,,,IP velocity lowers risk;session velocity lowers risk;high generated risk score lowers risk
txn_4e6870abfd29,0.1508803796186155,0,0.15088,0,ml_only,0,,,,,,,,0,,,high generated risk score lowers risk;IP velocity lowers risk;session velocity lowers risk
txn_c206a31ff7e0,0.2342368551892871,0,0.234237,0,ml_only,0,,,,,,,,0,,,IP velocity lowers risk;session velocity lowers risk;payment_method_type_code lowers risk
txn_f1e98d17caf5,0.02442814186688712,0,0.024428,0,ml_only,0,,,,,,,,0,,,customer payment cadence lowers risk;IP velocity lowers risk;session velocity lowers risk
txn_2f98a4660c29,0.05814269281519233,0,0.058143,0,ml_only,0,,,,,,,,0,,,IP velocity lowers risk;merchant age lowers risk;session velocity lowers risk
txn_ecc107c778b7,0.010433661543705482,0,0.010434,0,ml_only,0,,,,,,,,0,,,customer payment cadence lowers risk;merchant age lowers risk;IP velocity lowers risk
txn_34ac9ef571e6,0.10473688667447137,0,0.104737,0,ml_only,0,,,,,,,,0,,,IP velocity lowers risk;session velocity lowers risk;high generated risk score lowers risk
txn_59a2fe596426,0.028780508471415615,0,0.028781,0,ml_only,0,,,,,,,,0,,,merchant age lowers risk;IP velocity lowers risk;session velocity lowers risk
txn_56d0609fa109,0.1130286053785069,0,0.113029,0,ml_only,0,,,,,,,,0,,,IP velocity lowers risk;session velocity lowers risk;high generated risk score lowers risk
txn_4567c4cde7b7,0.15688631143887904,0,0.156886,0,ml_only,0,,,,,,,,0,,,IP velocity lowers risk;high generated risk score lowers risk;session velocity lowers risk
txn_917948913213,0.15860144830379191,0,0.158601,0,ml_only,0,,,,,,,,0,,,IP velocity lowers risk;session velocity lowers risk;merchant age lowers risk
txn_5a748823564c,0.11826899098366772,0,0.118269,0,ml_only,0,,,,,,,,0,,,customer payment cadence lowers risk;IP velocity lowers risk;session velocity lowers risk
txn_ba500d83f947,0.0801640820620084,0,0.080164,0,ml_only,0,,,,,,,,0,,,merchant age lowers risk;IP velocity lowers risk;session velocity lowers risk
txn_247601281e67,0.013817547075037295,0,0.013818,0,ml_only,0,,,,,,,,0,,,customer payment cadence lowers risk;merchant age lowers risk;IP velocity lowers risk
txn_ee2a1bca658d,0.1141831146637356,0,0.114183,0,ml_only,0,,,,,,,,0,,,IP velocity lowers risk;high generated risk score lowers risk;session velocity lowers risk
txn_775c9fd8ae76,0.20490374186911756,0,0.204904,0,ml_only,0,,,,,,,,0,,,IP velocity lowers risk;session velocity lowers risk;amount deviation from customer history lowers risk
txn_f24567c918e8,0.005737108351854497,0,0.005737,0,ml_only,0,,,,,,,,0,,,customer payment cadence lowers risk;merchant age lowers risk;IP velocity lowers risk
txn_c821c103346c,0.07134425060979917,0,0.071344,0,ml_only,0,,,,,,,,0,,,IP velocity lowers risk;session velocity lowers risk;amount deviation from customer history lowers risk
txn_29a289332c36,0.0868051773749864,0,0.086805,0,ml_only,0,,,,,,,,0,,,IP velocity lowers risk;session velocity lowers risk;merchant age lowers risk
txn_00b1384bc661,0.16570466272862514,0,0.165705,0,ml_only,0,,,,,,,,0,,,IP velocity lowers risk;high generated risk score lowers risk;session velocity lowers risk
txn_c13154d09aba,0.10248693219471432,0,0.102487,0,ml_only,0,,,,,,,,0,,,session velocity lowers risk;IP velocity lowers risk;high generated risk score lowers risk
txn_d57b99a8cc53,0.1224124408287584,0,0.122412,0,ml_only,0,,,,,,,,0,,,IP velocity lowers risk;session velocity lowers risk;high generated risk score raises risk
txn_8a990305aa8c,0.007519785695394739,0,0.00752,0,ml_only,0,,,,,,,,0,,,customer payment cadence lowers risk;IP velocity lowers risk;merchant age lowers risk
txn_1f534183e6ad,0.003638778625877464,0,0.003639,0,ml_only,0,,,,,,,,0,,,amount deviation from customer history lowers risk;merchant age lowers risk;high generated risk score raises risk
txn_d2e1c7881702,0.008266802272314053,0,0.008267,0,ml_only,0,,,,,,,,0,,,amount deviation from customer history lowers risk;high generated risk score raises risk;session velocity lowers risk
txn_f7e6768d6e91,0.1036696891560488,0,0.10367,0,ml_only,0,,,,,,,,0,,,merchant age lowers risk;session velocity lowers risk;IP velocity lowers risk
txn_991647e01c50,0.012410427868932044,0,0.01241,0,ml_only,0,,,,,,,,0,,,customer payment cadence lowers risk;IP velocity lowers risk;session velocity lowers risk
txn_f42976b67a1b,0.174692471457892,0,0.174692,0,ml_only,0,,,,,,,,0,,,IP velocity lowers risk;session velocity lowers risk;merchant age lowers risk
txn_179aa9fecb46,0.04769472815389922,0,0.047695,0,ml_only,0,,,,,,,,0,,,customer payment cadence lowers risk;IP velocity lowers risk;session velocity lowers risk
txn_e07c6c345784,0.012289475170476972,0,0.012289,0,ml_only,0,,,,,,,,0,,,amount deviation from customer history lowers risk;IP velocity lowers risk;session velocity lowers risk
txn_6c1bfd5b7231,0.08357201424015594,0,0.083572,0,ml_only,0,,,,,,,,0,,,merchant age lowers risk;IP velocity lowers risk;session velocity lowers risk
txn_41c6ade2a40b,0.008428460029457756,0,0.008428,0,ml_only,0,,,,,,,,0,,,amount deviation from customer history lowers risk;merchant age lowers risk;IP velocity lowers risk
txn_c2d2bdcb73eb,0.04293221770867976,0,0.042932,0,ml_only,0,,,,,,,,0,,,IP velocity lowers risk;session velocity lowers risk;amount deviation from customer history lowers risk
txn_d3babd780366,0.008207016505001559,0,0.008207,0,ml_only,0,,,,,,,,0,,,customer payment cadence lowers risk;IP velocity lowers risk;session velocity lowers risk
txn_312f251c7288,0.020714588416748544,0,0.020715,0,ml_only,0,,,,,,,,0,,,merchant age lowers risk;IP velocity lowers risk;session velocity lowers risk
txn_4dcd5c5b4f5b,0.03115712189775965,0,0.031157,0,ml_only,0,,,,,,,,0,,,IP velocity lowers risk;session velocity lowers risk;device history lowers risk
txn_1d6ba91f198a,0.02558336218431677,0,0.025583,0,ml_only,0,,,,,,,,0,,,high generated risk score lowers risk;IP velocity lowers risk;device history lowers risk
txn_a307a9b90fa0,0.023737719342176385,0,0.023738,0,ml_only,0,,,,,,,,0,,,customer payment cadence lowers risk;IP velocity lowers risk;device history lowers risk
txn_d859b976d957,0.1348435073099186,0,0.134844,0,ml_only,0,,,,,,,,0,,,IP velocity lowers risk;device history lowers risk;session velocity lowers risk
txn_01e25959fded,0.13969600848128585,0,0.139696,0,ml_only,0,,,,,,,,0,,,IP velocity lowers risk;device history lowers risk;session velocity lowers risk
txn_06cdd8aa8d06,0.040874024287262174,0,0.040874,0,ml_only,0,,,,,,,,0,,,high generated risk score lowers risk;IP velocity lowers risk;merchant age lowers risk
txn_d9e46eb30b54,0.0007938899131076047,0,0.000794,0,ml_only,0,,,,,,,,0,,,amount deviation from customer history lowers risk;merchant age lowers risk;IP velocity lowers risk
txn_52daf3084756,0.07154311176627802,0,0.071543,0,ml_only,0,,,,,,,,0,,,high generated risk score lowers risk;IP velocity lowers risk;session velocity lowers risk
txn_186666b133c9,0.012153392868402687,0,0.012153,0,ml_only,0,,,,,,,,0,,,customer payment cadence lowers risk;merchant age lowers risk;IP velocity lowers risk
txn_626ea8ea3dbc,0.012266908469422369,0,0.012267,0,ml_only,0,,,,,,,,0,,,customer payment cadence lowers risk;IP velocity lowers risk;session velocity lowers risk
txn_e4e65d53655e,0.19519578928742917,0,0.195196,0,ml_only,0,,,,,,,,0,,,session velocity lowers risk;device history lowers risk;merchant age lowers risk
txn_55f96b81db31,0.05457391794218125,0,0.054574,0,ml_only,0,,,,,,,,0,,,amount deviation from customer history lowers risk;IP velocity lowers risk;session velocity lowers risk
txn_cc3b2532dd56,0.13702025520577357,0,0.13702,0,ml_only,0,,,,,,,,0,,,IP velocity lowers risk;session velocity lowers risk;customer one-hour velocity lowers risk
txn_d422205dcfe9,0.005170090068226813,0,0.00517,0,ml_only,0,,,,,,,,0,,,customer payment cadence lowers risk;merchant age lowers risk;IP velocity lowers risk
txn_4126188cc2b1,0.019797956231627337,0,0.019798,0,ml_only,0,,,,,,,,0,,,merchant age lowers risk;IP velocity lowers risk;high generated risk score lowers risk
txn_18c95871a86d,0.304289,1,0.26327,0,hybrid_ml_llm,1,local_lmstudio,0.4,0.4,allow,"Transaction amount aligns with customer history, device and IP have low risk scores; however, billing/shipping mismatch and new IP may warrant further review.",billing_shipping_mismatch;device_ip_reputation_score;ip_transaction_count,,0,,,amount deviation from customer history lowers risk;IP velocity lowers risk;session velocity lowers risk
txn_ba2dc718e9c9,0.014190694585334188,0,0.014191,0,ml_only,0,,,,,,,,0,,,amount deviation from customer history lowers risk;high generated risk score lowers risk;IP velocity lowers risk
txn_c515096d7361,0.07988848772370655,0,0.079888,0,ml_only,0,,,,,,,,0,,,merchant age lowers risk;high generated risk score raises risk;session velocity lowers risk
txn_3a4065129c2c,0.012844108969139201,0,0.012844,0,ml_only,0,,,,,,,,0,,,customer payment cadence lowers risk;IP velocity lowers risk;session velocity lowers risk
txn_465e778fdece,0.026026049230984546,0,0.026026,0,ml_only,0,,,,,,,,0,,,IP velocity lowers risk;session velocity lowers risk;device history lowers risk
txn_ec60b8aa307c,0.05383401422482693,0,0.053834,0,ml_only,0,,,,,,,,0,,,amount deviation from customer history lowers risk;IP velocity lowers risk;session velocity lowers risk
txn_2b1713ca7a82,0.0625346813793315,0,0.062535,0,ml_only,0,,,,,,,,0,,,customer payment cadence lowers risk;IP velocity lowers risk;session velocity lowers risk
txn_3debab9cd7df,0.03009588218843746,0,0.030096,0,ml_only,0,,,,,,,,0,,,IP velocity lowers risk;session velocity lowers risk;payment_method_type_code lowers risk
txn_3e2c458de003,0.14815619112756712,0,0.148156,0,ml_only,0,,,,,,,,0,,,high generated risk score raises risk;merchant age lowers risk;session velocity lowers risk
txn_9c0e215391d2,0.02355759531880416,0,0.023558,0,ml_only,0,,,,,,,,0,,,merchant age lowers risk;IP velocity lowers risk;session velocity lowers risk
txn_4c6522969cfd,0.00381339506821781,0,0.003813,0,ml_only,0,,,,,,,,0,,,customer payment cadence lowers risk;IP velocity lowers risk;session velocity lowers risk
txn_ea28de44bcf5,0.0326693282050341,0,0.032669,0,ml_only,0,,,,,,,,0,,,merchant age lowers risk;high generated risk score lowers risk;session velocity lowers risk
txn_59fce9e95f2c,0.020909313627949924,0,0.020909,0,ml_only,0,,,,,,,,0,,,high generated risk score lowers risk;session velocity lowers risk;device history lowers risk
txn_cf9ff32b920d,0.013594240811092811,0,0.013594,0,ml_only,0,,,,,,,,0,,,IP velocity lowers risk;session velocity lowers risk;device history lowers risk
txn_f631ef3f55c2,0.06755529750814422,0,0.067555,0,ml_only,0,,,,,,,,0,,,high generated risk score lowers risk;session velocity lowers risk;device history lowers risk
txn_8ccedb43cc52,0.054941485333659765,0,0.054941,0,ml_only,0,,,,,,,,0,,,IP velocity lowers risk;session velocity lowers risk;device history lowers risk
txn_affbd4c9c276,0.0077943711230704146,0,0.007794,0,ml_only,0,,,,,,,,0,,,customer payment cadence lowers risk;merchant age lowers risk;IP velocity lowers risk
txn_feee4662f51c,0.004155774386236261,0,0.004156,0,ml_only,0,,,,,,,,0,,,amount deviation from customer history lowers risk;merchant age lowers risk;high generated risk score raises risk
txn_58a2fbf81de9,0.0099275003879027,0,0.009928,0,ml_only,0,,,,,,,,0,,,customer payment cadence lowers risk;high generated risk score lowers risk;IP velocity lowers risk
txn_2b2d42a02389,0.09313790449844578,0,0.093138,0,ml_only,0,,,,,,,,0,,,device history lowers risk;session velocity lowers risk;IP velocity lowers risk
txn_4ab72c1c8182,0.0034047839971430884,0,0.003405,0,ml_only,0,,,,,,,,0,,,merchant age lowers risk;high generated risk score lowers risk;device history lowers risk
txn_a87726d6c876,0.03154027792568579,0,0.03154,0,ml_only,0,,,,,,,,0,,,session velocity lowers risk;merchant age lowers risk;IP velocity lowers risk
txn_711ddcdb2e99,0.025254939572905276,0,0.025255,0,ml_only,0,,,,,,,,0,,,high generated risk score lowers risk;IP velocity lowers risk;session velocity lowers risk
txn_08c6712f201f,0.0706745414386011,0,0.070675,0,ml_only,0,,,,,,,,0,,,IP velocity lowers risk;session velocity lowers risk;payment_method_type_code lowers risk
txn_a3fb8db48b51,0.008009904665584959,0,0.00801,0,ml_only,0,,,,,,,,0,,,customer payment cadence lowers risk;high generated risk score lowers risk;session velocity lowers risk
txn_c69b3c0dd735,0.2469975547908133,0,0.246998,0,ml_only,0,,,,,,,,0,,,IP velocity lowers risk;session velocity lowers risk;customer payment cadence raises risk
txn_05a066a2f9ba,0.0062199794177013185,0,0.00622,0,ml_only,0,,,,,,,,0,,,customer payment cadence lowers risk;IP velocity lowers risk;merchant age lowers risk
txn_177405a51d6b,0.05390915447459025,0,0.053909,0,ml_only,0,,,,,,,,0,,,merchant age lowers risk;high generated risk score lowers risk;session velocity lowers risk
txn_83764358940a,0.12139499116768311,0,0.121395,0,ml_only,0,,,,,,,,0,,,session velocity lowers risk;high generated risk score lowers risk;IP velocity lowers risk
txn_70db3b0a6af4,0.023534483728024486,0,0.023534,0,ml_only,0,,,,,,,,0,,,merchant age lowers risk;session velocity lowers risk;IP velocity lowers risk
txn_5d22b555e397,0.12707168485372905,0,0.127072,0,ml_only,0,,,,,,,,0,,,IP velocity lowers risk;session velocity lowers risk;customer one-hour velocity lowers risk
txn_7cd1b8f35696,0.039522989539365,0,0.039523,0,ml_only,0,,,,,,,,0,,,customer payment cadence lowers risk;session velocity lowers risk;device history lowers risk
txn_0e213b5d9231,0.031507584358737586,0,0.031508,0,ml_only,0,,,,,,,,0,,,high generated risk score lowers risk;session velocity lowers risk;device history lowers risk
txn_2c237d6568dc,0.011506089055418915,0,0.011506,0,ml_only,0,,,,,,,,0,,,customer payment cadence lowers risk;session velocity lowers risk;device history lowers risk
txn_11614eb9963d,0.013523896679810297,0,0.013524,0,ml_only,0,,,,,,,,0,,,customer payment cadence lowers risk;merchant age lowers risk;session velocity lowers risk
txn_93ea54b814fb,0.043991000925665075,0,0.043991,0,ml_only,0,,,,,,,,0,,,merchant age lowers risk;session velocity lowers risk;device history lowers risk
txn_f8ffb49d6b6b,0.10107865865121608,0,0.101079,0,ml_only,0,,,,,,,,0,,,IP velocity lowers risk;session velocity lowers risk;customer one-hour velocity lowers risk
txn_0b56a104eb28,0.13904109793736397,0,0.139041,0,ml_only,0,,,,,,,,0,,,session velocity lowers risk;IP velocity lowers risk;customer one-hour velocity lowers risk
txn_5ca2522836bf,0.06217122651781414,0,0.062171,0,ml_only,0,,,,,,,,0,,,merchant age lowers risk;IP velocity lowers risk;session velocity lowers risk
txn_ea06e3733748,0.03712716337054331,0,0.037127,0,ml_only,0,,,,,,,,0,,,customer payment cadence lowers risk;IP velocity lowers risk;session velocity lowers risk
txn_87d7fc7a12d6,0.03001751964011362,0,0.030018,0,ml_only,0,,,,,,,,0,,,IP velocity lowers risk;session velocity lowers risk;amount deviation from customer history lowers risk
txn_dcaff1485ffa,0.017419146674255082,0,0.017419,0,ml_only,0,,,,,,,,0,,,customer payment cadence lowers risk;high generated risk score lowers risk;IP velocity lowers risk
txn_327b71b5905f,0.20125149208691825,0,0.201251,0,ml_only,0,,,,,,,,0,,,IP velocity lowers risk;session velocity lowers risk;device history raises risk
txn_c88943d62494,0.04812826761315309,0,0.048128,0,ml_only,0,,,,,,,,0,,,IP velocity lowers risk;session velocity lowers risk;device history raises risk
txn_27c2ff9d95f6,0.011780459895763526,0,0.01178,0,ml_only,0,,,,,,,,0,,,customer payment cadence lowers risk;IP velocity lowers risk;merchant age lowers risk
txn_0ced9dba2aa4,0.11642089485378575,0,0.116421,0,ml_only,0,,,,,,,,0,,,merchant age lowers risk;high generated risk score lowers risk;session velocity lowers risk
txn_ec0ef7b0804d,0.08524009046517868,0,0.08524,0,ml_only,0,,,,,,,,0,,,amount deviation from customer history lowers risk;high generated risk score lowers risk;session velocity lowers risk
txn_f562373ead80,0.047740442872509045,0,0.04774,0,ml_only,0,,,,,,,,0,,,merchant age lowers risk;high generated risk score lowers risk;session velocity lowers risk
txn_3c270eeb394f,0.08217395600356901,0,0.082174,0,ml_only,0,,,,,,,,0,,,session velocity lowers risk;IP velocity lowers risk;payment_method_type_code lowers risk
txn_42d100c241c9,0.042272163626320164,0,0.042272,0,ml_only,0,,,,,,,,0,,,customer payment cadence lowers risk;session velocity lowers risk;IP velocity lowers risk
txn_a6579141622d,0.01217588807740496,0,0.012176,0,ml_only,0,,,,,,,,0,,,customer payment cadence lowers risk;IP velocity lowers risk;session velocity lowers risk
txn_7dffba2975e5,0.06356995537238785,0,0.06357,0,ml_only,0,,,,,,,,0,,,session velocity lowers risk;IP velocity lowers risk;high generated risk score lowers risk
txn_31b6fe64b67b,0.013733118664171878,0,0.013733,0,ml_only,0,,,,,,,,0,,,customer payment cadence lowers risk;merchant age lowers risk;session velocity lowers risk
txn_a969dda32da6,0.21054083623908515,0,0.210541,0,ml_only,0,,,,,,,,0,,,merchant age lowers risk;session velocity lowers risk;customer payment cadence raises risk
txn_69169ea1ca1b,0.014857868691493548,0,0.014858,0,ml_only,0,,,,,,,,0,,,customer payment cadence lowers risk;IP velocity lowers risk;session velocity lowers risk
txn_9e55f4d2b8c7,0.07280082323110304,0,0.072801,0,ml_only,0,,,,,,,,0,,,session velocity lowers risk;IP velocity lowers risk;customer one-hour velocity lowers risk
txn_f10272505739,0.03228588143794203,0,0.032286,0,ml_only,0,,,,,,,,0,,,merchant age lowers risk;IP velocity lowers risk;session velocity lowers risk
txn_62f2ca195648,0.1293254698862546,0,0.129325,0,ml_only,0,,,,,,,,0,,,high generated risk score lowers risk;session velocity lowers risk;merchant age lowers risk
txn_6aaa5146af4d,0.04886877556111813,0,0.048869,0,ml_only,0,,,,,,,,0,,,IP velocity lowers risk;session velocity lowers risk;merchant age lowers risk
txn_7a22c2ae4a98,0.06400863518301501,0,0.064009,0,ml_only,0,,,,,,,,0,,,customer payment cadence lowers risk;IP velocity lowers risk;session velocity lowers risk
txn_419379023fa3,0.2459447110701465,0,0.245945,0,ml_only,0,,,,,,,,0,,,IP velocity lowers risk;session velocity lowers risk;customer one-hour velocity lowers risk
txn_2dec21995144,0.03593674074704898,0,0.035937,0,ml_only,0,,,,,,,,0,,,session velocity lowers risk;device history lowers risk;IP velocity lowers risk
txn_b9af4a940857,0.008745257383200108,0,0.008745,0,ml_only,0,,,,,,,,0,,,high generated risk score lowers risk;IP velocity lowers risk;merchant age lowers risk
txn_9f8b1a6e0414,0.015236115426855401,0,0.015236,0,ml_only,0,,,,,,,,0,,,merchant age lowers risk;IP velocity lowers risk;session velocity lowers risk
txn_41e2b8d02da1,0.16286653651543948,0,0.162867,0,ml_only,0,,,,,,,,0,,,customer payment cadence lowers risk;high generated risk score raises risk;IP velocity lowers risk
txn_8a8dfca1103d,0.023446912806773534,0,0.023447,0,ml_only,0,,,,,,,,0,,,merchant age lowers risk;session velocity lowers risk;device history lowers risk
txn_3aa9821a5317,0.011189134288573526,0,0.011189,0,ml_only,0,,,,,,,,0,,,customer payment cadence lowers risk;IP velocity lowers risk;session velocity lowers risk
txn_4fd6e58e7bec,0.10788267892745597,0,0.107883,0,ml_only,0,,,,,,,,0,,,IP velocity lowers risk;session velocity lowers risk;merchant age lowers risk
txn_07f143219e24,0.016308139953233932,0,0.016308,0,ml_only,0,,,,,,,,0,,,customer payment cadence lowers risk;IP velocity lowers risk;session velocity lowers risk
txn_a5871b53dcdd,0.1357134441670285,0,0.135713,0,ml_only,0,,,,,,,,0,,,high generated risk score raises risk;session velocity lowers risk;IP velocity lowers risk
txn_2ce943aaea98,0.027254676575642588,0,0.027255,0,ml_only,0,,,,,,,,0,,,customer payment cadence lowers risk;merchant age lowers risk;session velocity lowers risk
txn_539a70229451,0.010010452759710917,0,0.01001,0,ml_only,0,,,,,,,,0,,,merchant age lowers risk;IP velocity lowers risk;session velocity lowers risk
txn_eae9f8af9687,0.24918368495286583,0,0.249184,0,ml_only,0,,,,,,,,0,,,session velocity lowers risk;customer payment cadence raises risk;customer one-hour velocity lowers risk
txn_89bc9603849b,0.07329632512822179,0,0.073296,0,ml_only,0,,,,,,,,0,,,IP velocity lowers risk;amount deviation from customer history lowers risk;session velocity lowers risk
txn_9b9dfa388423,0.007351091739773728,0,0.007351,0,ml_only,0,,,,,,,,0,,,customer payment cadence lowers risk;merchant age lowers risk;session velocity lowers risk
txn_38be11ed8900,0.055677713032496974,0,0.055678,0,ml_only,0,,,,,,,,0,,,IP velocity lowers risk;session velocity lowers risk;merchant age lowers risk
txn_fd106d46b8d2,0.108368859570445,0,0.108369,0,ml_only,0,,,,,,,,0,,,IP velocity lowers risk;session velocity lowers risk;high generated risk score lowers risk
txn_09544c9d4934,0.08730095466754892,0,0.087301,0,ml_only,0,,,,,,,,0,,,high generated risk score lowers risk;session velocity lowers risk;IP velocity lowers risk
txn_9a6ceb74025a,0.06296396670221244,0,0.062964,0,ml_only,0,,,,,,,,0,,,session velocity lowers risk;IP velocity lowers risk;customer decline history lowers risk
txn_e034b0242207,0.039084762662075744,0,0.039085,0,ml_only,0,,,,,,,,0,,,IP velocity lowers risk;session velocity lowers risk;high generated risk score lowers risk
txn_80062e54f0c1,0.01794012978558617,0,0.01794,0,ml_only,0,,,,,,,,0,,,high generated risk score lowers risk;merchant age lowers risk;session velocity lowers risk
txn_71d8cef13985,0.005270797746405512,0,0.005271,0,ml_only,0,,,,,,,,0,,,customer payment cadence lowers risk;merchant age lowers risk;IP velocity lowers risk
txn_ee806e58bbfd,0.15146058646779895,0,0.151461,0,ml_only,0,,,,,,,,0,,,IP velocity lowers risk;session velocity lowers risk;customer decline history lowers risk
txn_5ffb32f1e75a,0.015556341787171175,0,0.015556,0,ml_only,0,,,,,,,,0,,,customer payment cadence lowers risk;merchant age lowers risk;session velocity lowers risk
txn_f672dffe6e74,0.0726127790398994,0,0.072613,0,ml_only,0,,,,,,,,0,,,IP velocity lowers risk;session velocity lowers risk;customer decline history lowers risk
txn_a5e9da92907f,0.03064001802386215,0,0.03064,0,ml_only,0,,,,,,,,0,,,IP velocity lowers risk;session velocity lowers risk;customer payment cadence lowers risk
txn_07ccd96d665e,0.014204318372130586,0,0.014204,0,ml_only,0,,,,,,,,0,,,customer payment cadence lowers risk;IP velocity lowers risk;session velocity lowers risk
txn_755fa4c1a292,0.08898426306189589,0,0.088984,0,ml_only,0,,,,,,,,0,,,session velocity lowers risk;high generated risk score lowers risk;IP velocity lowers risk
txn_e76545f633c0,0.012103568055773768,0,0.012104,0,ml_only,0,,,,,,,,0,,,merchant age lowers risk;amount deviation from customer history lowers risk;session velocity lowers risk
txn_e950139a9d1c,0.018253723035587945,0,0.018254,0,ml_only,0,,,,,,,,0,,,customer payment cadence lowers risk;merchant age lowers risk;IP velocity lowers risk
txn_d792c19edc8d,0.299935,1,0.278479,1,hybrid_ml_llm,1,local_lmstudio,0.35,0.3,step_up_authentication,"The transaction exhibits moderate novelty due to the low device IP reputation score (0.2358) and the 'merchant_category_code' reason code, which suggests potential alignment with high-risk industries. However, other signals like session velocity and customer one-hour velocity lower the overall risk profile.",low_device_ip_reputation_score;merchant_category_code_raises_risk,,0,,,session velocity lowers risk;customer one-hour velocity lowers risk;merchant_category_code raises risk
txn_9ad59e99be08,0.013891966198426024,0,0.013892,0,ml_only,0,,,,,,,,0,,,customer payment cadence lowers risk;IP velocity lowers risk;session velocity lowers risk
txn_749191e72c65,0.03952785346016153,0,0.039528,0,ml_only,0,,,,,,,,0,,,merchant age lowers risk;high generated risk score lowers risk;session velocity lowers risk
txn_c0f64ab8f665,0.010086778322100469,0,0.010087,0,ml_only,0,,,,,,,,0,,,IP velocity lowers risk;high generated risk score lowers risk;session velocity lowers risk
txn_2216cc698ac0,0.011903604827752337,0,0.011904,0,ml_only,0,,,,,,,,0,,,customer payment cadence lowers risk;IP velocity lowers risk;session velocity lowers risk
txn_e9cb9aa979bf,0.07789231543587695,0,0.077892,0,ml_only,0,,,,,,,,0,,,high generated risk score lowers risk;session velocity lowers risk;device history lowers risk
txn_b0a1c5c081e5,0.07595063506674371,0,0.075951,0,ml_only,0,,,,,,,,0,,,customer payment cadence lowers risk;IP velocity lowers risk;session velocity lowers risk
txn_4b3154cc7f8e,0.1146128640063934,0,0.114613,0,ml_only,0,,,,,,,,0,,,device activity cadence lowers risk;IP velocity lowers risk;session velocity lowers risk
txn_06002550dcb4,0.015849296556409324,0,0.015849,0,ml_only,0,,,,,,,,0,,,customer payment cadence lowers risk;IP velocity lowers risk;merchant age lowers risk
txn_a38c6a6e5c61,0.007840796152670691,0,0.007841,0,ml_only,0,,,,,,,,0,,,customer payment cadence lowers risk;merchant age lowers risk;IP velocity lowers risk
txn_8c065a432bab,0.35641131659391945,1,0.356411,1,ml_only,0,,,,,,,,0,,,IP velocity lowers risk;session velocity lowers risk;customer decline history lowers risk
txn_3be7401133a2,0.021464573286663263,0,0.021465,0,ml_only,0,,,,,,,,0,,,customer payment cadence lowers risk;merchant age lowers risk;session velocity lowers risk
txn_c48b14e7b6f8,0.04075336272841013,0,0.040753,0,ml_only,0,,,,,,,,0,,,IP velocity lowers risk;session velocity lowers risk;payment_method_type_code lowers risk
txn_cc38b4bb77ec,0.017766654496489325,0,0.017767,0,ml_only,0,,,,,,,,0,,,customer payment cadence lowers risk;IP velocity lowers risk;session velocity lowers risk
txn_f0449b109d84,0.07141242820884501,0,0.071412,0,ml_only,0,,,,,,,,0,,,session velocity lowers risk;merchant age lowers risk;IP velocity lowers risk
txn_ce1519a6d979,0.10443585741100753,0,0.104436,0,ml_only,0,,,,,,,,0,,,amount deviation from customer history lowers risk;session velocity lowers risk;high generated risk score raises risk
txn_70126999b55f,0.009704528296136751,0,0.009705,0,ml_only,0,,,,,,,,0,,,customer payment cadence lowers risk;merchant age lowers risk;session velocity lowers risk
txn_63a14ca346bb,0.03102002295236702,0,0.03102,0,ml_only,0,,,,,,,,0,,,merchant age lowers risk;session velocity lowers risk;IP velocity lowers risk
txn_c319d744b191,0.06476661629902049,0,0.064767,0,ml_only,0,,,,,,,,0,,,customer payment cadence lowers risk;session velocity lowers risk;IP velocity lowers risk
txn_499abb13dae4,0.3121032628102101,1,0.312103,1,ml_only,0,,,,,,,,0,,,session velocity lowers risk;customer decline history lowers risk;customer one-hour velocity lowers risk
txn_0fa1cb476f0a,0.03516841227270401,0,0.035168,0,ml_only,0,,,,,,,,0,,,merchant age lowers risk;session velocity lowers risk;IP velocity lowers risk
txn_f7a1e2392280,0.012902620785696758,0,0.012903,0,ml_only,0,,,,,,,,0,,,customer payment cadence lowers risk;session velocity lowers risk;merchant age lowers risk
txn_b12cad9e92d6,0.0562047313180079,0,0.056205,0,ml_only,0,,,,,,,,0,,,session velocity lowers risk;merchant age lowers risk;customer one-hour velocity lowers risk
txn_b870cd291f70,0.03722702193266277,0,0.037227,0,ml_only,0,,,,,,,,0,,,customer payment cadence lowers risk;IP velocity lowers risk;session velocity lowers risk
txn_b51f05502f6d,0.02427876601511492,0,0.024279,0,ml_only,0,,,,,,,,0,,,customer payment cadence lowers risk;session velocity lowers risk;IP velocity lowers risk
txn_f590d36078b0,0.03677772981727908,0,0.036778,0,ml_only,0,,,,,,,,0,,,high generated risk score lowers risk;IP velocity lowers risk;session velocity lowers risk
txn_fed63e06058e,0.028782813722864807,0,0.028783,0,ml_only,0,,,,,,,,0,,,IP velocity lowers risk;merchant age lowers risk;session velocity lowers risk
txn_4e8a313120a1,0.003814163189967048,0,0.003814,0,ml_only,0,,,,,,,,0,,,merchant age lowers risk;customer payment cadence lowers risk;session velocity lowers risk
txn_7af254e2734b,0.38108661370386504,1,0.381087,1,ml_only,0,,,,,,,,0,,,session velocity lowers risk;customer one-hour velocity lowers risk;device history raises risk
txn_83607782d594,0.013945625252278337,0,0.013946,0,ml_only,0,,,,,,,,0,,,merchant age lowers risk;high generated risk score lowers risk;session velocity lowers risk
txn_f83401430af4,0.07643388355843857,0,0.076434,0,ml_only,0,,,,,,,,0,,,session velocity lowers risk;IP velocity lowers risk;payment_method_type_code lowers risk
txn_4f46a94ea75a,0.03963739077889022,0,0.039637,0,ml_only,0,,,,,,,,0,,,customer payment cadence lowers risk;session velocity lowers risk;IP velocity lowers risk
txn_86c7f36426b6,0.037862037750039414,0,0.037862,0,ml_only,0,,,,,,,,0,,,session velocity lowers risk;merchant age lowers risk;IP velocity lowers risk
txn_44f8befa2da8,0.00921858372397969,0,0.009219,0,ml_only,0,,,,,,,,0,,,customer payment cadence lowers risk;IP velocity lowers risk;session velocity lowers risk
txn_442680f74427,0.01683313480294639,0,0.016833,0,ml_only,0,,,,,,,,0,,,merchant age lowers risk;IP velocity lowers risk;session velocity lowers risk
txn_88d9382813f9,0.07206248164439791,0,0.072062,0,ml_only,0,,,,,,,,0,,,merchant age lowers risk;IP velocity lowers risk;session velocity lowers risk
txn_739adf49b9b2,0.028288692514032356,0,0.028289,0,ml_only,0,,,,,,,,0,,,customer payment cadence lowers risk;session velocity lowers risk;payment_method_type_code lowers risk
txn_6e6f2b70302b,0.09599211774989302,0,0.095992,0,ml_only,0,,,,,,,,0,,,IP velocity lowers risk;session velocity lowers risk;payment_method_type_code lowers risk
txn_bb9e3d0cf919,0.007758813359115248,0,0.007759,0,ml_only,0,,,,,,,,0,,,customer payment cadence lowers risk;merchant age lowers risk;session velocity lowers risk
txn_24ac38e3b8ff,0.021534644854414874,0,0.021535,0,ml_only,0,,,,,,,,0,,,customer payment cadence lowers risk;session velocity lowers risk;merchant age lowers risk
txn_f8482102046b,0.031739187600792196,0,0.031739,0,ml_only,0,,,,,,,,0,,,customer payment cadence lowers risk;session velocity lowers risk;merchant age lowers risk
txn_acaadbea3587,0.1448013623043437,0,0.144801,0,ml_only,0,,,,,,,,0,,,IP velocity lowers risk;session velocity lowers risk;customer decline history lowers risk
txn_26811f8d1912,0.0503980465262228,0,0.050398,0,ml_only,0,,,,,,,,0,,,high generated risk score lowers risk;session velocity lowers risk;customer payment cadence lowers risk
txn_42f9fd62cdea,0.016379050902246,0,0.016379,0,ml_only,0,,,,,,,,0,,,session velocity lowers risk;customer payment cadence lowers risk;IP velocity lowers risk
txn_8dc7524503b6,0.012326085999129877,0,0.012326,0,ml_only,0,,,,,,,,0,,,IP velocity lowers risk;merchant age lowers risk;session velocity lowers risk
txn_9cd885675084,0.04775447012086895,0,0.047754,0,ml_only,0,,,,,,,,0,,,customer payment cadence lowers risk;merchant age lowers risk;IP velocity lowers risk
txn_f474f7856e47,0.15062122242742135,0,0.150621,0,ml_only,0,,,,,,,,0,,,session velocity lowers risk;device history lowers risk;customer one-hour velocity lowers risk
txn_ab9bf2515280,0.012203595958218466,0,0.012204,0,ml_only,0,,,,,,,,0,,,customer payment cadence lowers risk;merchant age lowers risk;session velocity lowers risk
txn_92cd428035f8,0.06798432785180183,0,0.067984,0,ml_only,0,,,,,,,,0,,,session velocity lowers risk;device history lowers risk;high generated risk score lowers risk
txn_c5e13e740b45,0.015746926133886053,0,0.015747,0,ml_only,0,,,,,,,,0,,,session velocity lowers risk;device history lowers risk;IP velocity lowers risk
txn_82e1663679d0,0.01182530151861438,0,0.011825,0,ml_only,0,,,,,,,,0,,,amount deviation from customer history lowers risk;customer payment cadence lowers risk;session velocity lowers risk
txn_fa03703d0653,0.009779637937646335,0,0.00978,0,ml_only,0,,,,,,,,0,,,customer payment cadence lowers risk;session velocity lowers risk;high generated risk score lowers risk
txn_0c5b3d0bce97,0.016538964011065402,0,0.016539,0,ml_only,0,,,,,,,,0,,,customer payment cadence lowers risk;merchant age lowers risk;session velocity lowers risk
txn_9a40d53a7096,0.08123680378899448,0,0.081237,0,ml_only,0,,,,,,,,0,,,merchant age lowers risk;session velocity lowers risk;IP velocity lowers risk
txn_1d8e3bca373d,0.031541902347309504,0,0.031542,0,ml_only,0,,,,,,,,0,,,customer payment cadence lowers risk;high generated risk score lowers risk;IP velocity lowers risk
txn_4ed080aab847,0.05140828554678539,0,0.051408,0,ml_only,0,,,,,,,,0,,,session velocity lowers risk;IP velocity lowers risk;amount deviation from customer history lowers risk
txn_ea811189fcb4,0.0027923326202796157,0,0.002792,0,ml_only,0,,,,,,,,0,,,customer payment cadence lowers risk;merchant age lowers risk;device activity cadence lowers risk
txn_5e91e5a6a241,0.05379200218239765,0,0.053792,0,ml_only,0,,,,,,,,0,,,amount deviation from customer history lowers risk;IP velocity lowers risk;session velocity lowers risk
txn_6cb97d6610ea,0.00960536345840172,0,0.009605,0,ml_only,0,,,,,,,,0,,,customer payment cadence lowers risk;high generated risk score lowers risk;IP velocity lowers risk
txn_46c05a977846,0.01435338657310753,0,0.014353,0,ml_only,0,,,,,,,,0,,,customer payment cadence lowers risk;IP velocity lowers risk;session velocity lowers risk
txn_d5ab1ca6a3d5,0.042858432802470814,0,0.042858,0,ml_only,0,,,,,,,,0,,,customer payment cadence lowers risk;session velocity lowers risk;amount deviation from customer history lowers risk
txn_0cd6ea4bf458,0.023176513431428573,0,0.023177,0,ml_only,0,,,,,,,,0,,,customer payment cadence lowers risk;session velocity lowers risk;IP velocity lowers risk
txn_2dadd761c752,0.03544939070686395,0,0.035449,0,ml_only,0,,,,,,,,0,,,customer payment cadence lowers risk;merchant age lowers risk;session velocity lowers risk
txn_69a438b0c2cc,0.029037220992542998,0,0.029037,0,ml_only,0,,,,,,,,0,,,merchant age lowers risk;session velocity lowers risk;payment_method_type_code lowers risk
txn_61219616ccb8,0.02814083161425259,0,0.028141,0,ml_only,0,,,,,,,,0,,,customer payment cadence lowers risk;high generated risk score lowers risk;IP velocity lowers risk
txn_b3ddebf297ee,0.012967663083723366,0,0.012968,0,ml_only,0,,,,,,,,0,,,customer payment cadence lowers risk;merchant age lowers risk;session velocity lowers risk
txn_2801f2dc8b8a,0.06821762954752504,0,0.068218,0,ml_only,0,,,,,,,,0,,,session velocity lowers risk;IP velocity lowers risk;device activity cadence lowers risk
txn_0aa2f171809f,0.06434729282763939,0,0.064347,0,ml_only,0,,,,,,,,0,,,session velocity lowers risk;high generated risk score lowers risk;merchant age lowers risk
txn_2ed655645ef9,0.005077648071145187,0,0.005078,0,ml_only,0,,,,,,,,0,,,customer payment cadence lowers risk;IP velocity lowers risk;session velocity lowers risk
txn_d189889e5b8c,0.04019121602291899,0,0.040191,0,ml_only,0,,,,,,,,0,,,customer payment cadence lowers risk;session velocity lowers risk;IP velocity lowers risk
txn_8532280d7b8a,0.013571367603275802,0,0.013571,0,ml_only,0,,,,,,,,0,,,customer payment cadence lowers risk;merchant age lowers risk;IP velocity lowers risk
txn_aead5b2bf028,0.027002610813879602,0,0.027003,0,ml_only,0,,,,,,,,0,,,merchant age lowers risk;session velocity lowers risk;IP velocity lowers risk
txn_41787bd1e047,0.023396558012331158,0,0.023397,0,ml_only,0,,,,,,,,0,,,customer payment cadence lowers risk;IP velocity lowers risk;session velocity lowers risk
txn_141fe0bb2d57,0.05623037926972046,0,0.05623,0,ml_only,0,,,,,,,,0,,,session velocity lowers risk;high generated risk score lowers risk;customer payment cadence lowers risk
txn_a967d3733a25,0.022064332787578304,0,0.022064,0,ml_only,0,,,,,,,,0,,,merchant age lowers risk;customer payment cadence lowers risk;session velocity lowers risk
txn_a41a626965cd,0.09506047137407304,0,0.09506,0,ml_only,0,,,,,,,,0,,,session velocity lowers risk;merchant age lowers risk;IP velocity lowers risk
txn_6c7b77d6d52e,0.006539414859967072,0,0.006539,0,ml_only,0,,,,,,,,0,,,customer payment cadence lowers risk;IP velocity lowers risk;session velocity lowers risk
txn_01d201e7aa12,0.14289521070855632,0,0.142895,0,ml_only,0,,,,,,,,0,,,session velocity lowers risk;device history lowers risk;customer one-hour velocity lowers risk
txn_b4fc2e5ca97a,0.03674227395814199,0,0.036742,0,ml_only,0,,,,,,,,0,,,customer payment cadence lowers risk;session velocity lowers risk;device history lowers risk
txn_e46b39780ff0,0.031699645710948354,0,0.0317,0,ml_only,0,,,,,,,,0,,,customer payment cadence lowers risk;session velocity lowers risk;device history lowers risk
txn_df5e0e3cd143,0.06980995361991431,0,0.06981,0,ml_only,0,,,,,,,,0,,,merchant age lowers risk;session velocity lowers risk;IP velocity lowers risk
txn_a329bc2d3608,0.010053266867292224,0,0.010053,0,ml_only,0,,,,,,,,0,,,customer payment cadence lowers risk;merchant age lowers risk;session velocity lowers risk
txn_acf1b84999bd,0.004120995858849444,0,0.004121,0,ml_only,0,,,,,,,,0,,,customer payment cadence lowers risk;device activity cadence lowers risk;session velocity lowers risk
txn_8bb45ed148f9,0.008430256563723277,0,0.00843,0,ml_only,0,,,,,,,,0,,,customer payment cadence lowers risk;merchant age lowers risk;high generated risk score lowers risk
txn_a5e577cffe4b,0.007621248559026612,0,0.007621,0,ml_only,0,,,,,,,,0,,,amount deviation from customer history lowers risk;session velocity lowers risk;high generated risk score raises risk
txn_43b297ecb144,0.01387020645188904,0,0.01387,0,ml_only,0,,,,,,,,0,,,customer payment cadence lowers risk;session velocity lowers risk;IP velocity lowers risk
txn_e9eabb9ed03f,0.015113659169912575,0,0.015114,0,ml_only,0,,,,,,,,0,,,customer payment cadence lowers risk;IP velocity lowers risk;session velocity lowers risk
txn_9744a7170ef6,0.0026484003948638456,0,0.002648,0,ml_only,0,,,,,,,,0,,,customer payment cadence lowers risk;high generated risk score lowers risk;session velocity lowers risk
txn_4c26d0e4f01f,0.0003588260454880822,0,0.000359,0,ml_only,0,,,,,,,,0,,,customer payment cadence lowers risk;device activity cadence lowers risk;merchant age lowers risk
txn_2e43b28cc8a4,0.1989235683937032,0,0.198924,0,ml_only,0,,,,,,,,0,,,merchant age lowers risk;session velocity lowers risk;device history lowers risk
txn_67b10e7bd6c8,0.078895947912237,0,0.078896,0,ml_only,0,,,,,,,,0,,,IP velocity lowers risk;session velocity lowers risk;high generated risk score lowers risk
txn_f9e2bc9055fe,0.11651842913385521,0,0.116518,0,ml_only,0,,,,,,,,0,,,customer payment cadence lowers risk;IP velocity lowers risk;session velocity lowers risk
txn_567c03030e22,0.03822258457709165,0,0.038223,0,ml_only,0,,,,,,,,0,,,merchant age lowers risk;high generated risk score lowers risk;session velocity lowers risk
txn_8cd909d988d6,0.04950914850426671,0,0.049509,0,ml_only,0,,,,,,,,0,,,customer payment cadence lowers risk;IP velocity lowers risk;session velocity lowers risk
txn_ec39e09903a3,0.13894203896633342,0,0.138942,0,ml_only,0,,,,,,,,0,,,session velocity lowers risk;high generated risk score lowers risk;merchant age lowers risk
txn_afe380e9df16,0.1846413625896873,0,0.184641,0,ml_only,0,,,,,,,,0,,,amount deviation from customer history lowers risk;session velocity lowers risk;IP velocity lowers risk
txn_fe72108f6529,0.0377922797153071,0,0.037792,0,ml_only,0,,,,,,,,0,,,customer payment cadence lowers risk;session velocity lowers risk;customer one-hour velocity lowers risk
txn_15d97c9ed1b9,0.08877729181439098,0,0.088777,0,ml_only,0,,,,,,,,0,,,amount deviation from customer history lowers risk;session velocity lowers risk;IP velocity lowers risk
txn_94ee0d06bb36,0.18525558376823517,0,0.185256,0,ml_only,0,,,,,,,,0,,,merchant age lowers risk;session velocity lowers risk;high generated risk score raises risk
txn_1477e7bc2d4e,0.002375271196420653,0,0.002375,0,ml_only,0,,,,,,,,0,,,customer payment cadence lowers risk;amount deviation from customer history lowers risk;merchant age lowers risk
txn_da0d3dc9a33a,0.1617969848855031,0,0.161797,0,ml_only,0,,,,,,,,0,,,session velocity lowers risk;customer decline history lowers risk;customer one-hour velocity lowers risk
txn_7c27bbbdd6f8,0.0671093432314301,0,0.067109,0,ml_only,0,,,,,,,,0,,,merchant age lowers risk;session velocity lowers risk;high generated risk score lowers risk
txn_47a04f2caae8,0.08145250136836536,0,0.081453,0,ml_only,0,,,,,,,,0,,,IP velocity lowers risk;session velocity lowers risk;customer decline history lowers risk
txn_4bb1a69f6518,0.011193036241174516,0,0.011193,0,ml_only,0,,,,,,,,0,,,customer payment cadence lowers risk;session velocity lowers risk;high generated risk score lowers risk
txn_05cf397a2534,0.0025058231416012077,0,0.002506,0,ml_only,0,,,,,,,,0,,,customer payment cadence lowers risk;device activity cadence lowers risk;IP velocity lowers risk
txn_b8f82c903a91,0.06971606844790222,0,0.069716,0,ml_only,0,,,,,,,,0,,,high generated risk score lowers risk;session velocity lowers risk;customer decline history lowers risk
txn_b9d04240379e,0.039548012689303726,0,0.039548,0,ml_only,0,,,,,,,,0,,,customer payment cadence lowers risk;merchant age lowers risk;high generated risk score raises risk
txn_8aa330efadbf,0.010326897651573125,0,0.010327,0,ml_only,0,,,,,,,,0,,,merchant age lowers risk;device activity cadence lowers risk;session velocity lowers risk
txn_e33e7c3a4cd6,0.11459738419518493,0,0.114597,0,ml_only,0,,,,,,,,0,,,IP velocity lowers risk;session velocity lowers risk;high generated risk score lowers risk
txn_76b42e06bbb2,0.08147020277472439,0,0.08147,0,ml_only,0,,,,,,,,0,,,customer payment cadence lowers risk;session velocity lowers risk;amount deviation from customer history lowers risk
txn_582b59886582,0.03641859525943571,0,0.036419,0,ml_only,0,,,,,,,,0,,,merchant age lowers risk;session velocity lowers risk;high generated risk score lowers risk
txn_ca351eaa3bd3,0.016127801268060873,0,0.016128,0,ml_only,0,,,,,,,,0,,,customer payment cadence lowers risk;IP velocity lowers risk;session velocity lowers risk
txn_df7b463d698c,0.0021367165986916174,0,0.002137,0,ml_only,0,,,,,,,,0,,,customer payment cadence lowers risk;device activity cadence lowers risk;session velocity lowers risk
txn_48949718c819,0.15674732685633036,0,0.156747,0,ml_only,0,,,,,,,,0,,,session velocity lowers risk;customer payment cadence lowers risk;customer one-hour velocity lowers risk
txn_4042cb5858e6,0.229684,0,0.263834,0,hybrid_ml_llm,1,local_lmstudio,0.15,0.25,allow,"The transaction has a low fraud score and is not flagged by any of the machine learning models. The customer has a long account age and a low number of transactions, which suggests that they are a legitimate customer. The device and IP reputation scores are also low, which indicates that the transaction is coming from a trusted source.",low fraud score;long account age;low number of transactions;low device and IP reputation scores,,0,,,session velocity lowers risk;customer one-hour velocity lowers risk;customer decline history lowers risk
txn_3cb29b71dcce,0.040822903031839886,0,0.040823,0,ml_only,0,,,,,,,,0,,,customer payment cadence lowers risk;session velocity lowers risk;IP velocity lowers risk
txn_207b42161d0f,0.007304315468428653,0,0.007304,0,ml_only,0,,,,,,,,0,,,customer payment cadence lowers risk;high generated risk score lowers risk;merchant age lowers risk
txn_d843be5c931e,0.0004325013869931044,0,0.000433,0,ml_only,0,,,,,,,,0,,,customer payment cadence lowers risk;amount deviation from customer history lowers risk;merchant age lowers risk
txn_4bff06b9fd17,0.11113314712107226,0,0.111133,0,ml_only,0,,,,,,,,0,,,session velocity lowers risk;IP velocity lowers risk;payment_method_type_code lowers risk
txn_baf46bd4c4e3,0.026265765471099344,0,0.026266,0,ml_only,0,,,,,,,,0,,,merchant age lowers risk;high generated risk score lowers risk;customer payment cadence lowers risk
txn_0328577c9580,0.05535715601264807,0,0.055357,0,ml_only,0,,,,,,,,0,,,IP velocity lowers risk;session velocity lowers risk;high generated risk score lowers risk
txn_d05c1ee1660d,0.0183723405185832,0,0.018372,0,ml_only,0,,,,,,,,0,,,customer payment cadence lowers risk;session velocity lowers risk;high generated risk score lowers risk
txn_56be2121b514,0.08408423917544015,0,0.084084,0,ml_only,0,,,,,,,,0,,,session velocity lowers risk;high generated risk score lowers risk;merchant age lowers risk
txn_4ea41e0fd95c,0.008804818189031833,0,0.008805,0,ml_only,0,,,,,,,,0,,,customer payment cadence lowers risk;IP velocity lowers risk;session velocity lowers risk
txn_b49054a17d8b,0.001941577483347251,0,0.001942,0,ml_only,0,,,,,,,,0,,,customer payment cadence lowers risk;merchant age lowers risk;high generated risk score lowers risk
txn_aba9839f8215,0.00019993434880324724,0,0.0002,0,ml_only,0,,,,,,,,0,,,customer payment cadence lowers risk;device activity cadence lowers risk;merchant age lowers risk
txn_ab27a321df84,0.017626432487713277,0,0.017626,0,ml_only,0,,,,,,,,0,,,customer payment cadence lowers risk;session velocity lowers risk;high generated risk score lowers risk
txn_d1663e819d87,0.06871589874622391,0,0.068716,0,ml_only,0,,,,,,,,0,,,IP velocity lowers risk;session velocity lowers risk;high generated risk score lowers risk
txn_bda0ae1e527a,0.022404750033594597,0,0.022405,0,ml_only,0,,,,,,,,0,,,customer payment cadence lowers risk;merchant age lowers risk;session velocity lowers risk
txn_b1a1d9ce6ccd,0.08922091817441002,0,0.089221,0,ml_only,0,,,,,,,,0,,,IP velocity lowers risk;session velocity lowers risk;high generated risk score raises risk
txn_65efa6f91c93,0.06414976034231354,0,0.06415,0,ml_only,0,,,,,,,,0,,,session velocity lowers risk;merchant age lowers risk;IP velocity lowers risk
txn_800538db5f19,0.5552613752287805,1,0.555261,1,ml_only,0,,,,,,,,0,,,session velocity lowers risk;customer one-hour velocity lowers risk;merchant age raises risk
txn_fa5d66d8c3f8,0.011189699282680378,0,0.01119,0,ml_only,0,,,,,,,,0,,,customer payment cadence lowers risk;high generated risk score lowers risk;session velocity lowers risk
txn_f255fe2667d1,0.013698080468225477,0,0.013698,0,ml_only,0,,,,,,,,0,,,customer payment cadence lowers risk;high generated risk score lowers risk;IP velocity lowers risk
txn_cef79daa16c4,0.007504907285958911,0,0.007505,0,ml_only,0,,,,,,,,0,,,customer payment cadence lowers risk;merchant age lowers risk;session velocity lowers risk
txn_be8aaa9d31ee,0.035266453124346446,0,0.035266,0,ml_only,0,,,,,,,,0,,,merchant age lowers risk;high generated risk score lowers risk;IP velocity lowers risk
txn_a59d36a60f81,0.4893853133414085,1,0.489385,1,ml_only,0,,,,,,,,0,,,session velocity lowers risk;IP velocity lowers risk;high generated risk score raises risk
txn_aa62e8f994e9,0.08763964637276202,0,0.08764,0,ml_only,0,,,,,,,,0,,,merchant age lowers risk;session velocity lowers risk;customer one-hour velocity lowers risk
txn_82e0592c92fd,0.07367855379756692,0,0.073679,0,ml_only,0,,,,,,,,0,,,session velocity lowers risk;customer one-hour velocity lowers risk;merchant_category_code lowers risk
txn_4d7fc5348aca,0.04723311813362474,0,0.047233,0,ml_only,0,,,,,,,,0,,,customer payment cadence lowers risk;session velocity lowers risk;high generated risk score lowers risk
txn_20c8a95d443f,0.05630850778483494,0,0.056309,0,ml_only,0,,,,,,,,0,,,customer payment cadence lowers risk;IP velocity lowers risk;session velocity lowers risk
txn_4e36c0cc38fb,0.0031142184338932323,0,0.003114,0,ml_only,0,,,,,,,,0,,,customer payment cadence lowers risk;device activity cadence lowers risk;session velocity lowers risk
txn_c13d5a7b5393,0.0376504184247251,0,0.03765,0,ml_only,0,,,,,,,,0,,,merchant age lowers risk;session velocity lowers risk;IP velocity lowers risk
txn_f80bd041b064,0.0018620589641766502,0,0.001862,0,ml_only,0,,,,,,,,0,,,amount deviation from customer history lowers risk;merchant age lowers risk;high generated risk score lowers risk
txn_dea918f76e9f,0.03538361191937993,0,0.035384,0,ml_only,0,,,,,,,,0,,,customer payment cadence lowers risk;IP velocity lowers risk;high generated risk score lowers risk
txn_dfa409b3a030,0.19163840547084693,0,0.191638,0,ml_only,0,,,,,,,,0,,,customer payment cadence lowers risk;IP velocity lowers risk;session velocity lowers risk
txn_e360076fd5fa,0.028346200361397792,0,0.028346,0,ml_only,0,,,,,,,,0,,,merchant age lowers risk;IP velocity lowers risk;session velocity lowers risk
txn_38256999ba56,0.004516436792737169,0,0.004516,0,ml_only,0,,,,,,,,0,,,customer payment cadence lowers risk;device activity cadence lowers risk;IP velocity lowers risk
txn_00460f05c445,0.0014098604867227081,0,0.00141,0,ml_only,0,,,,,,,,0,,,customer payment cadence lowers risk;device activity cadence lowers risk;high generated risk score lowers risk
txn_02bf6e503b68,0.060866564189830254,0,0.060867,0,ml_only,0,,,,,,,,0,,,customer payment cadence lowers risk;IP velocity lowers risk;session velocity lowers risk
txn_2dc91ccf84bc,0.15373820281990508,0,0.153738,0,ml_only,0,,,,,,,,0,,,session velocity lowers risk;payment_method_type_code lowers risk;customer one-hour velocity lowers risk
txn_a0e90d387f2f,0.006592331350463104,0,0.006592,0,ml_only,0,,,,,,,,0,,,customer payment cadence lowers risk;IP velocity lowers risk;session velocity lowers risk
txn_5d5d496703a9,0.008323491061701532,0,0.008323,0,ml_only,0,,,,,,,,0,,,customer payment cadence lowers risk;high generated risk score lowers risk;merchant age lowers risk
txn_78a63cadbb4f,0.01717768869991383,0,0.017178,0,ml_only,0,,,,,,,,0,,,merchant age lowers risk;high generated risk score lowers risk;IP velocity lowers risk
txn_e058543479c0,0.263183,0,0.264548,0,hybrid_ml_llm,1,local_lmstudio,0.26,0.34,allow,The transaction has a low fraud score and is consistent with the customer's historical behavior.,low fraud score,,0,,,session velocity lowers risk;customer one-hour velocity lowers risk;customer velocity lowers risk
txn_b3a67d289a19,0.003985491345918782,0,0.003985,0,ml_only,0,,,,,,,,0,,,customer payment cadence lowers risk;merchant age lowers risk;high generated risk score lowers risk
txn_7dfcdacc4860,0.16430478258882572,0,0.164305,0,ml_only,0,,,,,,,,0,,,IP velocity lowers risk;session velocity lowers risk;customer one-hour velocity lowers risk
txn_c29158fa62ad,0.01537956117397935,0,0.01538,0,ml_only,0,,,,,,,,0,,,customer payment cadence lowers risk;IP velocity lowers risk;high generated risk score lowers risk
txn_b50664e90815,0.010479653990514242,0,0.01048,0,ml_only,0,,,,,,,,0,,,customer payment cadence lowers risk;high generated risk score lowers risk;session velocity lowers risk
txn_0bcf79a5a3f7,0.0003528484646691379,0,0.000353,0,ml_only,0,,,,,,,,0,,,customer payment cadence lowers risk;device activity cadence lowers risk;session velocity lowers risk
txn_3ed04770c60c,0.038433187969727396,0,0.038433,0,ml_only,0,,,,,,,,0,,,merchant age lowers risk;session velocity lowers risk;customer payment cadence lowers risk
txn_276847ab8e20,0.017697248967389594,0,0.017697,0,ml_only,0,,,,,,,,0,,,merchant age lowers risk;session velocity lowers risk;customer payment cadence lowers risk
txn_008711f5dfd2,0.062313926879403125,0,0.062314,0,ml_only,0,,,,,,,,0,,,session velocity lowers risk;customer one-hour velocity lowers risk;device history lowers risk
txn_e6ddd562def8,0.02703822493645615,0,0.027038,0,ml_only,0,,,,,,,,0,,,customer payment cadence lowers risk;high generated risk score lowers risk;session velocity lowers risk
txn_b39508f28cb6,0.0007902880011263231,0,0.00079,0,ml_only,0,,,,,,,,0,,,customer payment cadence lowers risk;merchant age lowers risk;amount deviation from customer history lowers risk
txn_6af5c9bb7665,0.0025447532787627163,0,0.002545,0,ml_only,0,,,,,,,,0,,,customer payment cadence lowers risk;session velocity lowers risk;merchant age lowers risk
txn_2e353a62c043,0.010116178032825746,0,0.010116,0,ml_only,0,,,,,,,,0,,,IP velocity lowers risk;session velocity lowers risk;high generated risk score lowers risk
txn_1f30c6f65d1b,0.03905163561481427,0,0.039052,0,ml_only,0,,,,,,,,0,,,customer payment cadence lowers risk;high generated risk score raises risk;session velocity lowers risk
txn_bda7d41070ec,0.0008932883095471536,0,0.000893,0,ml_only,0,,,,,,,,0,,,customer payment cadence lowers risk;device activity cadence lowers risk;session velocity lowers risk
txn_68cced4907d7,0.036407685077489656,0,0.036408,0,ml_only,0,,,,,,,,0,,,session velocity lowers risk;device history lowers risk;payment_method_type_code lowers risk
txn_82e35a9dafa4,0.00951934479205924,0,0.009519,0,ml_only,0,,,,,,,,0,,,customer payment cadence lowers risk;merchant age lowers risk;session velocity lowers risk
txn_403e251e4dcb,0.031054558835170675,0,0.031055,0,ml_only,0,,,,,,,,0,,,merchant age lowers risk;session velocity lowers risk;high generated risk score lowers risk
txn_500c025848b6,0.15633106566466387,0,0.156331,0,ml_only,0,,,,,,,,0,,,session velocity lowers risk;customer one-hour velocity lowers risk;customer decline history lowers risk
txn_45849ab18f61,0.00540719854959846,0,0.005407,0,ml_only,0,,,,,,,,0,,,customer payment cadence lowers risk;merchant age lowers risk;high generated risk score lowers risk
txn_87efb7c05490,0.000900486578269675,0,0.0009,0,ml_only,0,,,,,,,,0,,,customer payment cadence lowers risk;device activity cadence lowers risk;session velocity lowers risk
txn_bc0bc709530a,0.060766669536526215,0,0.060767,0,ml_only,0,,,,,,,,0,,,session velocity lowers risk;high generated risk score lowers risk;customer payment cadence raises risk
txn_20e694bf44e0,0.010058198475954582,0,0.010058,0,ml_only,0,,,,,,,,0,,,customer payment cadence lowers risk;IP velocity lowers risk;high generated risk score lowers risk
txn_435db34f2389,0.001312799946197024,0,0.001313,0,ml_only,0,,,,,,,,0,,,customer payment cadence lowers risk;device activity cadence lowers risk;amount deviation from customer history lowers risk
txn_9928d8e0d1d4,0.003651375288261671,0,0.003651,0,ml_only,0,,,,,,,,0,,,customer payment cadence lowers risk;merchant age lowers risk;session velocity lowers risk
txn_176143312640,0.14423108437705606,0,0.144231,0,ml_only,0,,,,,,,,0,,,merchant age lowers risk;IP velocity lowers risk;session velocity lowers risk
txn_cfb9b4e359e5,0.020017674841869032,0,0.020018,0,ml_only,0,,,,,,,,0,,,customer payment cadence lowers risk;session velocity lowers risk;customer one-hour velocity lowers risk
txn_702262eb855b,0.11345191389561322,0,0.113452,0,ml_only,0,,,,,,,,0,,,session velocity lowers risk;customer payment cadence lowers risk;device history lowers risk
txn_049fde679332,0.0031552362848317962,0,0.003155,0,ml_only,0,,,,,,,,0,,,customer payment cadence lowers risk;device activity cadence lowers risk;merchant age lowers risk
txn_fcd5b566a9c7,0.02842821119875373,0,0.028428,0,ml_only,0,,,,,,,,0,,,customer payment cadence lowers risk;high generated risk score raises risk;session velocity lowers risk
txn_508fc352f536,0.013261962311801224,0,0.013262,0,ml_only,0,,,,,,,,0,,,high generated risk score lowers risk;IP velocity lowers risk;session velocity lowers risk
txn_3806567ac380,0.048353776923262565,0,0.048354,0,ml_only,0,,,,,,,,0,,,customer payment cadence lowers risk;high generated risk score lowers risk;session velocity lowers risk
txn_b72ddde37dc9,0.03439447273178354,0,0.034394,0,ml_only,0,,,,,,,,0,,,session velocity lowers risk;high generated risk score lowers risk;IP velocity lowers risk
txn_5769c2e3dd6d,0.07788497745864141,0,0.077885,0,ml_only,0,,,,,,,,0,,,IP velocity lowers risk;session velocity lowers risk;customer one-hour velocity lowers risk
txn_c781fbe7d694,0.009220967157406484,0,0.009221,0,ml_only,0,,,,,,,,0,,,merchant age lowers risk;session velocity lowers risk;customer payment cadence lowers risk
txn_6ec4cac61157,0.011283789452472512,0,0.011284,0,ml_only,0,,,,,,,,0,,,merchant age lowers risk;IP velocity lowers risk;customer payment cadence lowers risk
txn_66ba6d0f19c4,0.15566440007843219,0,0.155664,0,ml_only,0,,,,,,,,0,,,session velocity lowers risk;IP velocity lowers risk;customer one-hour velocity lowers risk
txn_392955dc8580,0.0051064459019703875,0,0.005106,0,ml_only,0,,,,,,,,0,,,customer payment cadence lowers risk;merchant age lowers risk;IP velocity lowers risk
txn_e575f2ec28ee,0.030462128055554323,0,0.030462,0,ml_only,0,,,,,,,,0,,,customer payment cadence lowers risk;IP velocity lowers risk;device history lowers risk
txn_6da8302dfa05,0.13545243594715203,0,0.135452,0,ml_only,0,,,,,,,,0,,,device history lowers risk;session velocity lowers risk;merchant age lowers risk
txn_ef3514b28e36,0.00019851573084744614,0,0.000199,0,ml_only,0,,,,,,,,0,,,customer payment cadence lowers risk;device activity cadence lowers risk;device history lowers risk
txn_8e5e08e62401,0.008478194551467477,0,0.008478,0,ml_only,0,,,,,,,,0,,,customer payment cadence lowers risk;IP velocity lowers risk;device history lowers risk
txn_a10a96e541a8,0.0012270796741003947,0,0.001227,0,ml_only,0,,,,,,,,0,,,customer payment cadence lowers risk;merchant age lowers risk;device activity cadence lowers risk
txn_f051b8d49584,0.04089228479285017,0,0.040892,0,ml_only,0,,,,,,,,0,,,merchant age lowers risk;IP velocity lowers risk;high generated risk score lowers risk
txn_027028da28a8,0.12870331721358247,0,0.128703,0,ml_only,0,,,,,,,,0,,,IP velocity lowers risk;session velocity lowers risk;customer decline history lowers risk
txn_4728db4c6198,0.05473594891905647,0,0.054736,0,ml_only,0,,,,,,,,0,,,customer payment cadence lowers risk;IP velocity lowers risk;session velocity lowers risk
txn_988c142ae727,0.013511656110471379,0,0.013512,0,ml_only,0,,,,,,,,0,,,customer payment cadence lowers risk;merchant age lowers risk;session velocity lowers risk
txn_a5bb770f9022,0.016813801630349654,0,0.016814,0,ml_only,0,,,,,,,,0,,,customer payment cadence lowers risk;session velocity lowers risk;merchant age lowers risk
txn_a23a20421348,0.022789237543149387,0,0.022789,0,ml_only,0,,,,,,,,0,,,customer payment cadence lowers risk;session velocity lowers risk;merchant age lowers risk
txn_517ee7f398bd,0.1758514404079138,0,0.175851,0,ml_only,0,,,,,,,,0,,,session velocity lowers risk;IP velocity lowers risk;customer one-hour velocity lowers risk
txn_41e3bdfcf674,0.004809529953306812,0,0.00481,0,ml_only,0,,,,,,,,0,,,customer payment cadence lowers risk;amount deviation from customer history lowers risk;high generated risk score lowers risk
txn_0922bf832c8a,0.015601013502554304,0,0.015601,0,ml_only,0,,,,,,,,0,,,customer payment cadence lowers risk;device activity cadence lowers risk;high generated risk score lowers risk
txn_845f023bb5e5,0.03339183390317622,0,0.033392,0,ml_only,0,,,,,,,,0,,,amount deviation from customer history lowers risk;merchant age lowers risk;session velocity lowers risk
txn_a1b5203258ee,0.060895049612663905,0,0.060895,0,ml_only,0,,,,,,,,0,,,merchant age lowers risk;high generated risk score lowers risk;session velocity lowers risk
txn_bf81ac8028c5,0.012816328319832584,0,0.012816,0,ml_only,0,,,,,,,,0,,,customer payment cadence lowers risk;IP velocity lowers risk;session velocity lowers risk
txn_c5f0dec655b8,0.004385301749031845,0,0.004385,0,ml_only,0,,,,,,,,0,,,customer payment cadence lowers risk;merchant age lowers risk;device activity cadence lowers risk
txn_5a842742a4ba,0.003188192929487397,0,0.003188,0,ml_only,0,,,,,,,,0,,,customer payment cadence lowers risk;high generated risk score lowers risk;session velocity lowers risk
txn_bdf194480e4d,0.005020469282261532,0,0.00502,0,ml_only,0,,,,,,,,0,,,customer payment cadence lowers risk;high generated risk score lowers risk;IP velocity lowers risk
txn_4a10e972f2e0,0.006318300184473876,0,0.006318,0,ml_only,0,,,,,,,,0,,,amount deviation from customer history lowers risk;session velocity lowers risk;device history lowers risk
txn_cbd5bb2d004c,0.00024029299422486926,0,0.00024,0,ml_only,0,,,,,,,,0,,,customer payment cadence lowers risk;device activity cadence lowers risk;session velocity lowers risk
txn_bf5884aa33ab,0.0023759911875843908,0,0.002376,0,ml_only,0,,,,,,,,0,,,customer payment cadence lowers risk;merchant age lowers risk;session velocity lowers risk
txn_f6e10b9f9080,0.003746668298566778,0,0.003747,0,ml_only,0,,,,,,,,0,,,customer payment cadence lowers risk;merchant age lowers risk;high generated risk score lowers risk
txn_072e35710bc4,0.12106356489080775,0,0.121064,0,ml_only,0,,,,,,,,0,,,high generated risk score lowers risk;session velocity lowers risk;IP velocity lowers risk
txn_6b3469d7d8ed,0.022022332182712448,0,0.022022,0,ml_only,0,,,,,,,,0,,,customer payment cadence lowers risk;high generated risk score lowers risk;session velocity lowers risk
txn_260df4089cb9,0.015118306888954557,0,0.015118,0,ml_only,0,,,,,,,,0,,,merchant age lowers risk;IP velocity lowers risk;session velocity lowers risk
txn_ae292018adc8,0.00905890250270351,0,0.009059,0,ml_only,0,,,,,,,,0,,,customer payment cadence lowers risk;device activity cadence lowers risk;session velocity lowers risk
txn_8cf6767299fd,0.03468231559944226,0,0.034682,0,ml_only,0,,,,,,,,0,,,IP velocity lowers risk;session velocity lowers risk;merchant age lowers risk
txn_06559c0621e2,0.14264285867098273,0,0.142643,0,ml_only,0,,,,,,,,0,,,high generated risk score lowers risk;session velocity lowers risk;customer one-hour velocity lowers risk
txn_34ce164b2a16,0.039790257898836924,0,0.03979,0,ml_only,0,,,,,,,,0,,,customer payment cadence lowers risk;high generated risk score lowers risk;session velocity lowers risk
txn_32c5e1cecc7a,0.03007480277500942,0,0.030075,0,ml_only,0,,,,,,,,0,,,customer payment cadence lowers risk;session velocity lowers risk;customer one-hour velocity lowers risk
txn_771b90599798,0.005612551681335558,0,0.005613,0,ml_only,0,,,,,,,,0,,,customer payment cadence lowers risk;merchant age lowers risk;session velocity lowers risk
txn_39bc0cb4dedf,0.0029105449233893035,0,0.002911,0,ml_only,0,,,,,,,,0,,,customer payment cadence lowers risk;device activity cadence lowers risk;merchant age lowers risk
txn_6992f3476a67,0.0305219227450218,0,0.030522,0,ml_only,0,,,,,,,,0,,,customer payment cadence lowers risk;session velocity lowers risk;high generated risk score lowers risk
txn_4e7cc2629b64,0.004766396098135559,0,0.004766,0,ml_only,0,,,,,,,,0,,,customer payment cadence lowers risk;merchant age lowers risk;high generated risk score lowers risk
txn_9bc17c4ddd65,0.06402337407893126,0,0.064023,0,ml_only,0,,,,,,,,0,,,session velocity lowers risk;high generated risk score lowers risk;IP velocity lowers risk
txn_b472fb7f8071,0.010407355552972708,0,0.010407,0,ml_only,0,,,,,,,,0,,,customer payment cadence lowers risk;IP velocity lowers risk;session velocity lowers risk
txn_9d9c56a785a6,0.030941133084874353,0,0.030941,0,ml_only,0,,,,,,,,0,,,customer payment cadence lowers risk;session velocity lowers risk;merchant age lowers risk
txn_b41b9cf9ae0c,0.02596038080452052,0,0.02596,0,ml_only,0,,,,,,,,0,,,customer payment cadence lowers risk;session velocity lowers risk;payment_method_type_code lowers risk
txn_08d78f947c3c,0.043835582869835375,0,0.043836,0,ml_only,0,,,,,,,,0,,,merchant age lowers risk;IP velocity lowers risk;session velocity lowers risk
txn_78787a29fe0a,0.0021008685570741824,0,0.002101,0,ml_only,0,,,,,,,,0,,,customer payment cadence lowers risk;merchant age lowers risk;high generated risk score lowers risk
txn_8877a99f531d,0.03886824311948167,0,0.038868,0,ml_only,0,,,,,,,,0,,,customer payment cadence lowers risk;high generated risk score lowers risk;session velocity lowers risk
txn_9092689d3aaa,0.13003077726942439,0,0.130031,0,ml_only,0,,,,,,,,0,,,high generated risk score lowers risk;IP velocity lowers risk;session velocity lowers risk
txn_2d0f231ebf60,0.011904219023891244,0,0.011904,0,ml_only,0,,,,,,,,0,,,merchant age lowers risk;IP velocity lowers risk;session velocity lowers risk
txn_80616973b431,0.03455305669223969,0,0.034553,0,ml_only,0,,,,,,,,0,,,session velocity lowers risk;merchant age lowers risk;payment_method_type_code lowers risk
txn_0bd3ebd2d3ab,0.010066598325985955,0,0.010067,0,ml_only,0,,,,,,,,0,,,customer payment cadence lowers risk;session velocity lowers risk;merchant age lowers risk
txn_4303379b819e,0.0010702896093805207,0,0.00107,0,ml_only,0,,,,,,,,0,,,customer payment cadence lowers risk;session velocity lowers risk;device activity cadence lowers risk
txn_96e9307fed6a,0.000726772073139644,0,0.000727,0,ml_only,0,,,,,,,,0,,,customer payment cadence lowers risk;device activity cadence lowers risk;high generated risk score lowers risk
txn_0b79f6bdf4cb,0.012753162896511742,0,0.012753,0,ml_only,0,,,,,,,,0,,,customer payment cadence lowers risk;session velocity lowers risk;IP velocity lowers risk
txn_a1ff45b77adb,0.03708239540258804,0,0.037082,0,ml_only,0,,,,,,,,0,,,merchant age lowers risk;session velocity lowers risk;high generated risk score lowers risk
txn_6766849de74d,0.007102082403350104,0,0.007102,0,ml_only,0,,,,,,,,0,,,customer payment cadence lowers risk;merchant age lowers risk;session velocity lowers risk
txn_f62b113218b9,0.04148691150606387,0,0.041487,0,ml_only,0,,,,,,,,0,,,IP velocity lowers risk;session velocity lowers risk;customer one-hour velocity lowers risk
txn_e76ece30cf1c,3.439235490543352e-05,0,3.4e-05,0,ml_only,0,,,,,,,,0,,,customer payment cadence lowers risk;device activity cadence lowers risk;merchant age lowers risk
txn_3b762a21a5b7,0.021067835876600185,0,0.021068,0,ml_only,0,,,,,,,,0,,,customer payment cadence lowers risk;high generated risk score lowers risk;session velocity lowers risk
txn_aec2f9245ef3,0.08281103685374137,0,0.082811,0,ml_only,0,,,,,,,,0,,,session velocity lowers risk;payment_method_type_code lowers risk;device activity cadence lowers risk
txn_56ee7142acce,0.03463702224086703,0,0.034637,0,ml_only,0,,,,,,,,0,,,customer payment cadence lowers risk;session velocity lowers risk;high generated risk score raises risk
txn_e85c6354058f,0.0029929922267148,0,0.002993,0,ml_only,0,,,,,,,,0,,,customer payment cadence lowers risk;device activity cadence lowers risk;session velocity lowers risk
txn_4060249dc10e,0.08819991506011492,0,0.0882,0,ml_only,0,,,,,,,,0,,,customer payment cadence lowers risk;merchant age lowers risk;session velocity lowers risk
txn_4a072ec1689b,0.013137850225363294,0,0.013138,0,ml_only,0,,,,,,,,0,,,merchant age lowers risk;device history lowers risk;session velocity lowers risk
txn_42418544e97c,0.012698195358670436,0,0.012698,0,ml_only,0,,,,,,,,0,,,customer payment cadence lowers risk;high generated risk score lowers risk;device history lowers risk
txn_a033257aad54,0.007690572238613241,0,0.007691,0,ml_only,0,,,,,,,,0,,,customer payment cadence lowers risk;device activity cadence lowers risk;device history lowers risk
txn_1c7a03968364,0.005105891076657927,0,0.005106,0,ml_only,0,,,,,,,,0,,,customer payment cadence lowers risk;merchant age lowers risk;IP velocity lowers risk
txn_1e80e2177a57,0.07315925490475332,0,0.073159,0,ml_only,0,,,,,,,,0,,,device history lowers risk;session velocity lowers risk;merchant age lowers risk
txn_415cf330c09a,0.00805744646427327,0,0.008057,0,ml_only,0,,,,,,,,0,,,device activity cadence lowers risk;customer payment cadence lowers risk;session velocity lowers risk
txn_e96350416edb,0.09156455615235207,0,0.091565,0,ml_only,0,,,,,,,,0,,,session velocity lowers risk;high generated risk score lowers risk;IP velocity lowers risk
txn_8657f4f6448e,0.23502024279853484,0,0.23502,0,ml_only,0,,,,,,,,0,,,session velocity lowers risk;high generated risk score lowers risk;customer payment cadence raises risk
txn_6dda8254fc4b,9.974450617586035e-05,0,0.0001,0,ml_only,0,,,,,,,,0,,,customer payment cadence lowers risk;device activity cadence lowers risk;session velocity lowers risk
txn_0037d8869a41,0.007508394490996861,0,0.007508,0,ml_only,0,,,,,,,,0,,,customer payment cadence lowers risk;high generated risk score lowers risk;merchant age lowers risk
txn_f9a578955f6e,0.012419344222412749,0,0.012419,0,ml_only,0,,,,,,,,0,,,customer payment cadence lowers risk;merchant age lowers risk;high generated risk score lowers risk
txn_6f808f0ec025,0.007384329515045836,0,0.007384,0,ml_only,0,,,,,,,,0,,,customer payment cadence lowers risk;session velocity lowers risk;customer one-hour velocity lowers risk
txn_997f6c1e8b03,0.005272031077617643,0,0.005272,0,ml_only,0,,,,,,,,0,,,customer payment cadence lowers risk;merchant age lowers risk;session velocity lowers risk
txn_70b2cc571434,0.0034108771555573843,0,0.003411,0,ml_only,0,,,,,,,,0,,,customer payment cadence lowers risk;session velocity lowers risk;high generated risk score lowers risk
txn_d580cf977638,0.0538313673810396,0,0.053831,0,ml_only,0,,,,,,,,0,,,customer payment cadence lowers risk;session velocity lowers risk;IP velocity lowers risk
txn_f29ff29e3e6c,0.05082628171515815,0,0.050826,0,ml_only,0,,,,,,,,0,,,customer payment cadence lowers risk;session velocity lowers risk;merchant age lowers risk
txn_a29d234c6a89,0.006904150945429681,0,0.006904,0,ml_only,0,,,,,,,,0,,,customer payment cadence lowers risk;device activity cadence lowers risk;high generated risk score lowers risk
txn_c42ff4339bae,0.005750657843025428,0,0.005751,0,ml_only,0,,,,,,,,0,,,customer payment cadence lowers risk;merchant age lowers risk;IP velocity lowers risk
txn_c1216c359b62,0.0016844582833664223,0,0.001684,0,ml_only,0,,,,,,,,0,,,merchant age lowers risk;amount deviation from customer history lowers risk;customer payment cadence lowers risk
txn_428f0caec43d,0.00037083016755792906,0,0.000371,0,ml_only,0,,,,,,,,0,,,customer payment cadence lowers risk;device activity cadence lowers risk;session velocity lowers risk
txn_f93a2ea2ec2b,0.0039658897700071095,0,0.003966,0,ml_only,0,,,,,,,,0,,,customer payment cadence lowers risk;device activity cadence lowers risk;IP velocity lowers risk
txn_ab2304fb8759,0.005840286456973432,0,0.00584,0,ml_only,0,,,,,,,,0,,,customer payment cadence lowers risk;merchant age lowers risk;session velocity lowers risk
txn_2b01441369a8,0.029060578469572104,0,0.029061,0,ml_only,0,,,,,,,,0,,,customer payment cadence lowers risk;session velocity lowers risk;merchant age lowers risk
txn_f97da9a05ce1,0.008394124760131318,0,0.008394,0,ml_only,0,,,,,,,,0,,,customer payment cadence lowers risk;IP velocity lowers risk;device activity cadence lowers risk
txn_c39c60d5906c,0.17371474499941147,0,0.173715,0,ml_only,0,,,,,,,,0,,,session velocity lowers risk;IP velocity lowers risk;customer payment cadence raises risk
txn_57a142e7e1d0,0.24287775006143525,0,0.242878,0,ml_only,0,,,,,,,,0,,,session velocity lowers risk;customer payment cadence lowers risk;customer one-hour velocity lowers risk
txn_10f2caa6125e,0.00969578045833509,0,0.009696,0,ml_only,0,,,,,,,,0,,,customer payment cadence lowers risk;IP velocity lowers risk;session velocity lowers risk
txn_ca81692a4376,0.0006294194898131748,0,0.000629,0,ml_only,0,,,,,,,,0,,,customer payment cadence lowers risk;device activity cadence lowers risk;merchant age lowers risk
txn_f3daef0e9277,0.0006298654941034507,0,0.00063,0,ml_only,0,,,,,,,,0,,,customer payment cadence lowers risk;merchant age lowers risk;high generated risk score lowers risk
txn_fc07d1d1df3a,0.06892081435425339,0,0.068921,0,ml_only,0,,,,,,,,0,,,device activity cadence lowers risk;IP velocity lowers risk;session velocity lowers risk
txn_837128f9fa3b,0.006194888559029029,0,0.006195,0,ml_only,0,,,,,,,,0,,,customer payment cadence lowers risk;merchant age lowers risk;IP velocity lowers risk
txn_682c35942588,0.09458448498292882,0,0.094584,0,ml_only,0,,,,,,,,0,,,session velocity lowers risk;payment_method_type_code lowers risk;customer decline history lowers risk
txn_d4bdef6b68a2,0.00018537079648365106,0,0.000185,0,ml_only,0,,,,,,,,0,,,customer payment cadence lowers risk;high generated risk score lowers risk;session velocity lowers risk
txn_10e794630841,0.00041270301659346,0,0.000413,0,ml_only,0,,,,,,,,0,,,customer payment cadence lowers risk;IP velocity lowers risk;session velocity lowers risk
txn_3acedbefaff0,0.061179866754123895,0,0.06118,0,ml_only,0,,,,,,,,0,,,customer payment cadence lowers risk;session velocity lowers risk;high generated risk score lowers risk
txn_bab4233a5140,0.005596604938656569,0,0.005597,0,ml_only,0,,,,,,,,0,,,device activity cadence lowers risk;customer payment cadence lowers risk;merchant age lowers risk
txn_5a57a08b85c4,0.015410922474429859,0,0.015411,0,ml_only,0,,,,,,,,0,,,customer payment cadence lowers risk;merchant age lowers risk;session velocity lowers risk
txn_9b956823ac76,0.009892832148797074,0,0.009893,0,ml_only,0,,,,,,,,0,,,customer payment cadence lowers risk;session velocity lowers risk;device activity cadence lowers risk
txn_f0a54bdea293,0.03699954772362991,0,0.037,0,ml_only,0,,,,,,,,0,,,customer payment cadence lowers risk;session velocity lowers risk;customer one-hour velocity lowers risk
txn_648809bbff62,0.002062735967559979,0,0.002063,0,ml_only,0,,,,,,,,0,,,customer payment cadence lowers risk;merchant age lowers risk;IP velocity lowers risk
txn_fe5796b248ac,0.0485855945583951,0,0.048586,0,ml_only,0,,,,,,,,0,,,session velocity lowers risk;device history lowers risk;merchant age lowers risk
txn_4750c136c7c6,0.00497480362399879,0,0.004975,0,ml_only,0,,,,,,,,0,,,customer payment cadence lowers risk;session velocity lowers risk;merchant age lowers risk
txn_fe61cfd35914,0.014380973889365536,0,0.014381,0,ml_only,0,,,,,,,,0,,,customer payment cadence lowers risk;session velocity lowers risk;device activity cadence lowers risk
txn_75ef83f714b0,0.003132999078766034,0,0.003133,0,ml_only,0,,,,,,,,0,,,amount deviation from customer history lowers risk;customer payment cadence lowers risk;session velocity lowers risk
txn_0abe298c37a9,0.006681626463994241,0,0.006682,0,ml_only,0,,,,,,,,0,,,customer payment cadence lowers risk;high generated risk score lowers risk;session velocity lowers risk
txn_35845e5cb9f8,0.004246109554825533,0,0.004246,0,ml_only,0,,,,,,,,0,,,customer payment cadence lowers risk;device activity cadence lowers risk;device history lowers risk
txn_99998e763c36,0.011846128428529496,0,0.011846,0,ml_only,0,,,,,,,,0,,,customer payment cadence lowers risk;merchant age lowers risk;device history lowers risk
txn_5ccd11c6d048,0.09177073822688091,0,0.091771,0,ml_only,0,,,,,,,,0,,,IP velocity lowers risk;device history lowers risk;session velocity lowers risk
txn_e04ab0e50378,2.108795752929069e-05,0,2.1e-05,0,ml_only,0,,,,,,,,0,,,customer payment cadence lowers risk;device activity cadence lowers risk;merchant age lowers risk
txn_0dcdff39edc7,0.013291735798217595,0,0.013292,0,ml_only,0,,,,,,,,0,,,customer payment cadence lowers risk;device history lowers risk;session velocity lowers risk
txn_019e9db5948b,0.0061055543046312395,0,0.006106,0,ml_only,0,,,,,,,,0,,,customer payment cadence lowers risk;device activity cadence lowers risk;session velocity lowers risk
txn_12ff7662a170,0.011080196124232462,0,0.01108,0,ml_only,0,,,,,,,,0,,,customer payment cadence lowers risk;IP velocity lowers risk;session velocity lowers risk
txn_714f0cca0db7,0.013976100143891345,0,0.013976,0,ml_only,0,,,,,,,,0,,,amount deviation from customer history lowers risk;IP velocity lowers risk;session velocity lowers risk
txn_4d9b83a7cae7,0.0008114274818835817,0,0.000811,0,ml_only,0,,,,,,,,0,,,customer payment cadence lowers risk;device activity cadence lowers risk;merchant age lowers risk
txn_16128210b190,0.018539744184191142,0,0.01854,0,ml_only,0,,,,,,,,0,,,merchant age lowers risk;customer payment cadence lowers risk;session velocity lowers risk
txn_68e2d1e7f177,0.00028964908576933944,0,0.00029,0,ml_only,0,,,,,,,,0,,,customer payment cadence lowers risk;amount deviation from customer history lowers risk;device activity cadence lowers risk
txn_3b1591111e38,0.013503313828866076,0,0.013503,0,ml_only,0,,,,,,,,0,,,customer payment cadence lowers risk;IP velocity lowers risk;session velocity lowers risk
txn_be79b71ab6a0,0.0018164241343957615,0,0.001816,0,ml_only,0,,,,,,,,0,,,customer payment cadence lowers risk;merchant age lowers risk;amount deviation from customer history lowers risk
txn_2b88ea0818a4,0.007068025997586106,0,0.007068,0,ml_only,0,,,,,,,,0,,,high generated risk score lowers risk;IP velocity lowers risk;session velocity lowers risk
txn_96d23b6e679c,0.005098575099726525,0,0.005099,0,ml_only,0,,,,,,,,0,,,customer payment cadence lowers risk;high generated risk score lowers risk;device activity cadence lowers risk
txn_c4f32d0ecfc1,0.025155398932774672,0,0.025155,0,ml_only,0,,,,,,,,0,,,device activity cadence lowers risk;IP velocity lowers risk;session velocity lowers risk
txn_9d9c57c4e84e,0.003164199802018933,0,0.003164,0,ml_only,0,,,,,,,,0,,,customer payment cadence lowers risk;device activity cadence lowers risk;high generated risk score lowers risk
txn_ec9fba645037,0.00011139183098559397,0,0.000111,0,ml_only,0,,,,,,,,0,,,customer payment cadence lowers risk;device activity cadence lowers risk;session velocity lowers risk
txn_1c7e3cd704b5,0.006135125598891311,0,0.006135,0,ml_only,0,,,,,,,,0,,,customer payment cadence lowers risk;IP velocity lowers risk;merchant age lowers risk
txn_8c7d69b2acbe,0.1413393462949028,0,0.141339,0,ml_only,0,,,,,,,,0,,,merchant age lowers risk;session velocity lowers risk;device history lowers risk
txn_9fa857beed87,0.0020520343799945336,0,0.002052,0,ml_only,0,,,,,,,,0,,,customer payment cadence lowers risk;device activity cadence lowers risk;session velocity lowers risk
txn_f2d8fff263b9,0.03699558372430446,0,0.036996,0,ml_only,0,,,,,,,,0,,,customer payment cadence lowers risk;merchant age lowers risk;high generated risk score lowers risk
txn_d5322d9d795b,0.041620910943476336,0,0.041621,0,ml_only,0,,,,,,,,0,,,high generated risk score lowers risk;session velocity lowers risk;customer payment cadence lowers risk
txn_724d61705cee,0.030270263095073184,0,0.03027,0,ml_only,0,,,,,,,,0,,,customer payment cadence lowers risk;session velocity lowers risk;payment_method_type_code lowers risk
txn_96d436568eaf,0.009750443245354644,0,0.00975,0,ml_only,0,,,,,,,,0,,,customer payment cadence lowers risk;high generated risk score lowers risk;session velocity lowers risk
txn_6e307b788d32,0.011081224402440037,0,0.011081,0,ml_only,0,,,,,,,,0,,,customer payment cadence lowers risk;session velocity lowers risk;device history lowers risk
txn_25d0940ac80f,8.853922697464124e-06,0,9e-06,0,ml_only,0,,,,,,,,0,,,customer payment cadence lowers risk;merchant age lowers risk;session velocity lowers risk
txn_c4d56caa58b5,0.0013490234843575026,0,0.001349,0,ml_only,0,,,,,,,,0,,,customer payment cadence lowers risk;merchant age lowers risk;IP velocity lowers risk
txn_e509b3c87ca2,0.013956696554779458,0,0.013957,0,ml_only,0,,,,,,,,0,,,device activity cadence lowers risk;customer payment cadence lowers risk;high generated risk score raises risk
txn_b7ec0a9b1b86,0.09547724834216802,0,0.095477,0,ml_only,0,,,,,,,,0,,,session velocity lowers risk;device history lowers risk;payment_method_type_code lowers risk
txn_371737deb9f1,0.036609701829801056,0,0.03661,0,ml_only,0,,,,,,,,0,,,merchant age lowers risk;IP velocity lowers risk;session velocity lowers risk
txn_01041bf59f01,0.035404463748275265,0,0.035404,0,ml_only,0,,,,,,,,0,,,customer payment cadence lowers risk;session velocity lowers risk;merchant age lowers risk
txn_78a1ff63db04,0.12521517378133556,0,0.125215,0,ml_only,0,,,,,,,,0,,,session velocity lowers risk;merchant age lowers risk;IP velocity lowers risk
txn_b1237ce3178b,1.5929638953820713e-05,0,1.6e-05,0,ml_only,0,,,,,,,,0,,,customer payment cadence lowers risk;device activity cadence lowers risk;amount deviation from customer history lowers risk
txn_c6fe8597fced,0.030257629240616306,0,0.030258,0,ml_only,0,,,,,,,,0,,,customer payment cadence lowers risk;IP velocity lowers risk;session velocity lowers risk
txn_91f8567c3097,0.05268517053647147,0,0.052685,0,ml_only,0,,,,,,,,0,,,session velocity lowers risk;device activity cadence lowers risk;customer decline history lowers risk
txn_d37a76998cc6,0.026214440600065184,0,0.026214,0,ml_only,0,,,,,,,,0,,,customer payment cadence lowers risk;IP velocity lowers risk;merchant age lowers risk
txn_e5f845594915,0.0014685660043343455,0,0.001469,0,ml_only,0,,,,,,,,0,,,customer payment cadence lowers risk;device activity cadence lowers risk;merchant age lowers risk
txn_cd21ac23fcc3,0.002922509942165584,0,0.002923,0,ml_only,0,,,,,,,,0,,,customer payment cadence lowers risk;session velocity lowers risk;device activity cadence lowers risk
txn_597bf15bf8ab,0.0033029478102009208,0,0.003303,0,ml_only,0,,,,,,,,0,,,customer payment cadence lowers risk;merchant age lowers risk;device activity cadence lowers risk
txn_67523df8d90e,0.00717390778324651,0,0.007174,0,ml_only,0,,,,,,,,0,,,customer payment cadence lowers risk;high generated risk score lowers risk;session velocity lowers risk
txn_33ce10af2656,0.004216386428596872,0,0.004216,0,ml_only,0,,,,,,,,0,,,customer payment cadence lowers risk;amount deviation from customer history lowers risk;IP velocity lowers risk
txn_8f7fc0486d14,0.01964030339415179,0,0.01964,0,ml_only,0,,,,,,,,0,,,device activity cadence lowers risk;customer payment cadence lowers risk;session velocity lowers risk
txn_380f8b851323,0.04650719675281999,0,0.046507,0,ml_only,0,,,,,,,,0,,,session velocity lowers risk;customer payment cadence lowers risk;payment_method_type_code lowers risk
txn_5091edc6d0d4,0.018632555597737365,0,0.018633,0,ml_only,0,,,,,,,,0,,,customer payment cadence lowers risk;merchant age lowers risk;session velocity lowers risk
txn_fd50e4c4db5c,3.126898257855233e-05,0,3.1e-05,0,ml_only,0,,,,,,,,0,,,customer payment cadence lowers risk;device activity cadence lowers risk;merchant age lowers risk
txn_d754b0a696b1,0.019135632393588006,0,0.019136,0,ml_only,0,,,,,,,,0,,,customer payment cadence lowers risk;high generated risk score lowers risk;session velocity lowers risk
txn_43617bc77889,0.06590813959702345,0,0.065908,0,ml_only,0,,,,,,,,0,,,IP velocity lowers risk;session velocity lowers risk;customer payment cadence lowers risk
txn_0680d9a494e5,0.0028346458742605873,0,0.002835,0,ml_only,0,,,,,,,,0,,,customer payment cadence lowers risk;merchant age lowers risk;session velocity lowers risk
txn_13ea7b2c09c4,0.00795950828298304,0,0.00796,0,ml_only,0,,,,,,,,0,,,customer payment cadence lowers risk;session velocity lowers risk;merchant age lowers risk
txn_88a3054463e9,0.00014017793336806248,0,0.00014,0,ml_only,0,,,,,,,,0,,,customer payment cadence lowers risk;session velocity lowers risk;merchant age lowers risk
txn_43f787abe3d6,0.1352029652985168,0,0.135203,0,ml_only,0,,,,,,,,0,,,session velocity lowers risk;IP velocity lowers risk;customer decline history lowers risk
txn_77d54b83d33e,0.003544390867876093,0,0.003544,0,ml_only,0,,,,,,,,0,,,device activity cadence lowers risk;customer payment cadence lowers risk;IP velocity lowers risk
txn_bed540bf80db,0.012188065163239713,0,0.012188,0,ml_only,0,,,,,,,,0,,,customer payment cadence lowers risk;high generated risk score lowers risk;IP velocity lowers risk
txn_8bc2af094c66,0.03695070204047435,0,0.036951,0,ml_only,0,,,,,,,,0,,,merchant age lowers risk;session velocity lowers risk;IP velocity lowers risk
txn_a8394fcb1871,0.00044876772381009404,0,0.000449,0,ml_only,0,,,,,,,,0,,,customer payment cadence lowers risk;merchant age lowers risk;device history lowers risk
txn_20b780656930,0.0365616268795941,0,0.036562,0,ml_only,0,,,,,,,,0,,,customer payment cadence lowers risk;device history lowers risk;session velocity lowers risk
txn_feafa79cbb46,8.579478765779317e-06,0,9e-06,0,ml_only,0,,,,,,,,0,,,customer payment cadence lowers risk;device activity cadence lowers risk;merchant age lowers risk
txn_813df8b41e46,0.001723335686734438,0,0.001723,0,ml_only,0,,,,,,,,0,,,customer payment cadence lowers risk;device activity cadence lowers risk;device history lowers risk
txn_f59ead576a43,0.042729291561153536,0,0.042729,0,ml_only,0,,,,,,,,0,,,device history lowers risk;session velocity lowers risk;merchant age lowers risk
txn_3e5f49b1ef69,0.13211909075302808,0,0.132119,0,ml_only,0,,,,,,,,1,credential_based_fraud,card_testing,customer payment cadence lowers risk;IP velocity lowers risk;session velocity lowers risk
txn_b1a89d1f6dd8,0.579411844829048,1,0.579412,1,ml_only,0,,,,,,,,1,credential_based_fraud,card_testing,IP velocity lowers risk;customer payment cadence raises risk;device activity cadence lowers risk
txn_dad3e8df4fb4,0.8696629140716552,1,0.869663,1,ml_only,0,,,,,,,,1,credential_based_fraud,card_testing,session velocity raises risk;IP velocity lowers risk;customer payment cadence raises risk
txn_1dad71200c4a,0.8054651749917294,1,0.805465,1,ml_only,0,,,,,,,,1,credential_based_fraud,card_testing,session velocity lowers risk;IP velocity lowers risk;customer payment cadence raises risk
txn_785e46f55609,0.8190862959781984,1,0.819086,1,ml_only,0,,,,,,,,1,credential_based_fraud,card_testing,high generated risk score raises risk;customer payment cadence raises risk;device history raises risk
txn_a36bacc01a9d,0.8630172925980489,1,0.863017,1,ml_only,0,,,,,,,,1,credential_based_fraud,card_testing,session velocity raises risk;customer payment cadence raises risk;channel_code raises risk
txn_ff47f4c53f49,0.8386267017341407,1,0.838627,1,ml_only,0,,,,,,,,1,credential_based_fraud,card_testing,high generated risk score raises risk;session velocity lowers risk;customer payment cadence raises risk
txn_8d116f66a2a8,0.878245029146179,1,0.878245,1,ml_only,0,,,,,,,,1,credential_based_fraud,card_testing,customer payment cadence raises risk;channel_code raises risk;IP velocity lowers risk
txn_76964d5cf2d6,0.8771519243531442,1,0.877152,1,ml_only,0,,,,,,,,1,credential_based_fraud,card_testing,session velocity raises risk;IP velocity lowers risk;customer payment cadence raises risk
txn_5106ac76a3cb,0.8858312004170084,1,0.885831,1,ml_only,0,,,,,,,,1,credential_based_fraud,card_testing,session velocity lowers risk;high generated risk score raises risk;customer payment cadence raises risk
txn_8762a93c8d06,0.9543004171752196,1,0.9543,1,ml_only,0,,,,,,,,1,credential_based_fraud,card_testing,customer payment cadence raises risk;channel_code raises risk;customer one-hour velocity raises risk
txn_5197dda934ca,0.979283592261466,1,0.979284,1,ml_only,0,,,,,,,,1,credential_based_fraud,card_testing,session velocity raises risk;IP velocity lowers risk;customer payment cadence raises risk
txn_611f25b0d334,0.9137817990341941,1,0.913782,1,ml_only,0,,,,,,,,1,credential_based_fraud,card_testing,high generated risk score raises risk;session velocity lowers risk;customer one-hour velocity raises risk
txn_837a0dc1ab20,0.9437944657264944,1,0.943794,1,ml_only,0,,,,,,,,1,credential_based_fraud,card_testing,customer one-hour velocity raises risk;customer payment cadence raises risk;channel_code raises risk
txn_f91d2bb11697,0.9421921876618784,1,0.942192,1,ml_only,0,,,,,,,,1,credential_based_fraud,card_testing,session velocity raises risk;customer one-hour velocity raises risk;customer payment cadence raises risk
txn_961bd429d906,0.9028938311308906,1,0.902894,1,ml_only,0,,,,,,,,1,credential_based_fraud,card_testing,customer one-hour velocity raises risk;high generated risk score lowers risk;session velocity lowers risk
txn_0f6b2a777378,0.9398348859792321,1,0.939835,1,ml_only,0,,,,,,,,1,credential_based_fraud,card_testing,customer one-hour velocity raises risk;high generated risk score raises risk;customer payment cadence raises risk
txn_4b9936ea3562,0.988570628402522,1,0.988571,1,ml_only,0,,,,,,,,1,credential_based_fraud,card_testing,session velocity raises risk;customer one-hour velocity raises risk;customer payment cadence raises risk
txn_658326e22a2c,0.9415792792390976,1,0.941579,1,ml_only,0,,,,,,,,1,credential_based_fraud,card_testing,customer one-hour velocity raises risk;session velocity lowers risk;IP velocity lowers risk
txn_5ac058390fee,0.9380624820739523,1,0.938062,1,ml_only,0,,,,,,,,1,credential_based_fraud,card_testing,customer one-hour velocity raises risk;device one-hour velocity raises risk;IP velocity lowers risk
txn_455227f53b50,0.9540145206935382,1,0.954015,1,ml_only,0,,,,,,,,1,credential_based_fraud,card_testing,session velocity raises risk;customer one-hour velocity raises risk;IP velocity lowers risk
txn_7bc2e5ef0ccf,0.9640590161627399,1,0.964059,1,ml_only,0,,,,,,,,1,credential_based_fraud,card_testing,customer one-hour velocity raises risk;session velocity lowers risk;device one-hour velocity raises risk
txn_8df1cc6e159b,0.9702540682688058,1,0.970254,1,ml_only,0,,,,,,,,1,credential_based_fraud,card_testing,customer one-hour velocity raises risk;device one-hour velocity raises risk;customer payment cadence raises risk
txn_ed8980e8518e,0.9818870320030986,1,0.981887,1,ml_only,0,,,,,,,,1,credential_based_fraud,card_testing,session velocity raises risk;customer one-hour velocity raises risk;device one-hour velocity raises risk
txn_2c5073a302e9,0.9288687461829621,1,0.928869,1,ml_only,0,,,,,,,,1,credential_based_fraud,card_testing,customer one-hour velocity raises risk;session velocity lowers risk;customer payment cadence raises risk
txn_15cbb6df8e38,0.9626976115921229,1,0.962698,1,ml_only,0,,,,,,,,1,credential_based_fraud,card_testing,customer one-hour velocity raises risk;customer payment cadence raises risk;device one-hour velocity raises risk
txn_7aeb847bd287,0.9912614489093161,1,0.991261,1,ml_only,0,,,,,,,,1,credential_based_fraud,card_testing,session velocity raises risk;customer one-hour velocity raises risk;customer payment cadence raises risk
txn_52286cc0175e,0.9113108544573516,1,0.911311,1,ml_only,0,,,,,,,,1,credential_based_fraud,card_testing,customer one-hour velocity raises risk;session velocity lowers risk;high generated risk score lowers risk
txn_94a89a411f1f,0.9519155884021501,1,0.951916,1,ml_only,0,,,,,,,,1,credential_based_fraud,card_testing,customer one-hour velocity raises risk;high generated risk score raises risk;customer payment cadence raises risk
txn_c04bd16360a6,0.9737761798978932,1,0.973776,1,ml_only,0,,,,,,,,1,credential_based_fraud,card_testing,session velocity raises risk;customer one-hour velocity raises risk;customer payment cadence raises risk
txn_c30600555ad4,0.9150200996619916,1,0.91502,1,ml_only,0,,,,,,,,1,credential_based_fraud,card_testing,customer one-hour velocity raises risk;session velocity lowers risk;IP velocity lowers risk
txn_8c40f34ceb91,0.9519134102937125,1,0.951913,1,ml_only,0,,,,,,,,1,credential_based_fraud,card_testing,customer one-hour velocity raises risk;IP velocity lowers risk;device one-hour velocity raises risk
txn_239e3960250f,0.9240428077507149,1,0.924043,1,ml_only,0,,,,,,,,1,credential_based_fraud,card_testing,session velocity raises risk;customer one-hour velocity raises risk;IP velocity lowers risk
txn_1a8acaea9a11,0.9511233527969818,1,0.951123,1,ml_only,0,,,,,,,,1,credential_based_fraud,card_testing,customer one-hour velocity raises risk;IP velocity lowers risk;session velocity lowers risk
txn_9c65ff930300,0.9448950571875752,1,0.944895,1,ml_only,0,,,,,,,,1,credential_based_fraud,card_testing,customer one-hour velocity raises risk;IP velocity lowers risk;device one-hour velocity raises risk
txn_c82493cf76b7,0.9742580199233108,1,0.974258,1,ml_only,0,,,,,,,,1,credential_based_fraud,card_testing,session velocity raises risk;customer one-hour velocity raises risk;IP velocity lowers risk
txn_8312e25b4438,0.7387219360816832,1,0.738722,1,ml_only,0,,,,,,,,1,credential_based_fraud,card_testing,customer one-hour velocity raises risk;IP velocity lowers risk;session velocity lowers risk
txn_6a1f9f4a3bcb,0.9624507668056766,1,0.962451,1,ml_only,0,,,,,,,,1,credential_based_fraud,card_testing,customer one-hour velocity raises risk;IP velocity lowers risk;device one-hour velocity raises risk
txn_b6451a1dacb2,0.989436734654535,1,0.989437,1,ml_only,0,,,,,,,,1,credential_based_fraud,card_testing,session velocity raises risk;customer one-hour velocity raises risk;IP velocity lowers risk
txn_f5890d75f61c,0.9759951668581779,1,0.975995,1,ml_only,0,,,,,,,,1,credential_based_fraud,card_testing,customer one-hour velocity raises risk;IP velocity lowers risk;session velocity lowers risk
txn_aaf233f73757,0.8126116918427467,1,0.812612,1,ml_only,0,,,,,,,,1,credential_based_fraud,card_testing,customer one-hour velocity raises risk;IP velocity lowers risk;high generated risk score lowers risk
txn_839bde980e57,0.9909902250318058,1,0.99099,1,ml_only,0,,,,,,,,1,credential_based_fraud,card_testing,session velocity raises risk;customer one-hour velocity raises risk;IP velocity lowers risk
txn_4bf42a29b505,0.9718374680684025,1,0.971837,1,ml_only,0,,,,,,,,1,credential_based_fraud,card_testing,customer one-hour velocity raises risk;IP velocity lowers risk;session velocity lowers risk
txn_492ab1805c39,0.9696632764952925,1,0.969663,1,ml_only,0,,,,,,,,1,credential_based_fraud,card_testing,customer one-hour velocity raises risk;IP velocity lowers risk;device one-hour velocity raises risk
txn_ebb497589953,0.9755927669483695,1,0.975593,1,ml_only,0,,,,,,,,1,credential_based_fraud,card_testing,session velocity raises risk;customer one-hour velocity raises risk;IP velocity lowers risk
txn_f9c8800384f6,0.9529230874700226,1,0.952923,1,ml_only,0,,,,,,,,1,credential_based_fraud,card_testing,customer one-hour velocity raises risk;IP velocity lowers risk;session velocity lowers risk
txn_ffce5c739f7e,0.9738328660986021,1,0.973833,1,ml_only,0,,,,,,,,1,credential_based_fraud,card_testing,customer one-hour velocity raises risk;IP velocity lowers risk;device one-hour velocity raises risk
txn_22f5f99e5d06,0.9796482702934095,1,0.979648,1,ml_only,0,,,,,,,,1,credential_based_fraud,card_testing,session velocity raises risk;customer one-hour velocity raises risk;IP velocity lowers risk
txn_d06e5ff24f3b,0.6671173997047847,1,0.667117,1,ml_only,0,,,,,,,,1,credential_based_fraud,card_testing,IP velocity lowers risk;customer one-hour velocity raises risk;session velocity lowers risk
txn_c777cbbfcb82,0.9869862706007201,1,0.986986,1,ml_only,0,,,,,,,,1,credential_based_fraud,card_testing,high generated risk score raises risk;IP velocity lowers risk;customer one-hour velocity raises risk
txn_819d04932fb4,0.9932862765553346,1,0.993286,1,ml_only,0,,,,,,,,1,credential_based_fraud,card_testing,session velocity raises risk;customer one-hour velocity raises risk;IP velocity lowers risk
txn_5090b773d86a,0.8371698784315278,1,0.83717,1,ml_only,0,,,,,,,,1,credential_based_fraud,card_testing,IP velocity lowers risk;session velocity lowers risk;customer one-hour velocity raises risk
txn_0c59cccba17d,0.869733353382333,1,0.869733,1,ml_only,0,,,,,,,,1,credential_based_fraud,card_testing,IP velocity lowers risk;customer one-hour velocity raises risk;recent customer declines raises risk
txn_bd5337993888,0.9844530923815306,1,0.984453,1,ml_only,0,,,,,,,,1,credential_based_fraud,card_testing,session velocity raises risk;customer one-hour velocity raises risk;IP velocity lowers risk
txn_0de9837d129f,0.929672223579454,1,0.929672,1,ml_only,0,,,,,,,,1,credential_based_fraud,card_testing,IP velocity lowers risk;customer one-hour velocity raises risk;session velocity lowers risk
txn_ce51258fbf87,0.9604883658891469,1,0.960488,1,ml_only,0,,,,,,,,1,credential_based_fraud,card_testing,IP velocity lowers risk;recent customer declines raises risk;customer one-hour velocity raises risk
txn_9ea0d747d902,0.9572505714655696,1,0.957251,1,ml_only,0,,,,,,,,1,credential_based_fraud,card_testing,session velocity raises risk;IP velocity lowers risk;customer one-hour velocity raises risk
txn_87eb70147608,0.9757436678308191,1,0.975744,1,ml_only,0,,,,,,,,1,credential_based_fraud,card_testing,customer one-hour velocity raises risk;IP velocity lowers risk;session velocity lowers risk
txn_00b8d61234d1,0.9756388628564951,1,0.975639,1,ml_only,0,,,,,,,,1,credential_based_fraud,card_testing,customer one-hour velocity raises risk;IP velocity lowers risk;recent customer declines raises risk
txn_34c1a006a47f,0.9878081116098258,1,0.987808,1,ml_only,0,,,,,,,,1,credential_based_fraud,card_testing,session velocity raises risk;customer one-hour velocity raises risk;IP velocity lowers risk
txn_7fffdc411e58,0.9269126968330447,1,0.926913,1,ml_only,0,,,,,,,,1,credential_based_fraud,card_testing,customer one-hour velocity raises risk;IP velocity lowers risk;recent customer declines raises risk
txn_29cf19fb6ce6,0.9866993366124086,1,0.986699,1,ml_only,0,,,,,,,,1,credential_based_fraud,card_testing,customer one-hour velocity raises risk;IP velocity lowers risk;recent customer declines raises risk
txn_e6a91dd7456c,0.9950662408376916,1,0.995066,1,ml_only,0,,,,,,,,1,credential_based_fraud,card_testing,session velocity raises risk;customer one-hour velocity raises risk;IP velocity lowers risk
txn_e20a071c1ca0,0.9782835627254658,1,0.978284,1,ml_only,0,,,,,,,,1,credential_based_fraud,card_testing,customer one-hour velocity raises risk;IP velocity lowers risk;recent customer declines raises risk
txn_d2cd6f18a5b0,0.8888348776421794,1,0.888835,1,ml_only,0,,,,,,,,1,credential_based_fraud,card_testing,customer one-hour velocity raises risk;IP velocity lowers risk;high generated risk score lowers risk
txn_27c2769815a4,0.9918916601727484,1,0.991892,1,ml_only,0,,,,,,,,1,credential_based_fraud,card_testing,session velocity raises risk;customer one-hour velocity raises risk;IP velocity lowers risk
txn_0f0f8fc3f671,0.9860738123880923,1,0.986074,1,ml_only,0,,,,,,,,1,credential_based_fraud,card_testing,customer one-hour velocity raises risk;recent customer declines raises risk;IP velocity lowers risk
txn_9a5b9d0be084,0.9795415887318485,1,0.979542,1,ml_only,0,,,,,,,,1,credential_based_fraud,card_testing,customer one-hour velocity raises risk;recent customer declines raises risk;IP velocity lowers risk
txn_cf0fbf370781,0.9755228784020888,1,0.975523,1,ml_only,0,,,,,,,,1,credential_based_fraud,card_testing,session velocity raises risk;customer one-hour velocity raises risk;recent customer declines raises risk
txn_318b0f855c2e,0.9635652321763518,1,0.963565,1,ml_only,0,,,,,,,,1,credential_based_fraud,card_testing,customer one-hour velocity raises risk;recent customer declines raises risk;IP velocity lowers risk
txn_65dd51828792,0.9891474464318515,1,0.989147,1,ml_only,0,,,,,,,,1,credential_based_fraud,card_testing,customer one-hour velocity raises risk;recent customer declines raises risk;IP velocity lowers risk
txn_28fb078e7460,0.9968329222509962,1,0.996833,1,ml_only,0,,,,,,,,1,credential_based_fraud,card_testing,session velocity raises risk;customer one-hour velocity raises risk;recent customer declines raises risk
txn_72c3fc2688cc,0.9066186121514697,1,0.906619,1,ml_only,0,,,,,,,,1,credential_based_fraud,card_testing,customer one-hour velocity raises risk;recent customer declines raises risk;IP velocity lowers risk
txn_42e7a905cc45,0.9742837700776492,1,0.974284,1,ml_only,0,,,,,,,,1,credential_based_fraud,card_testing,customer one-hour velocity raises risk;recent customer declines raises risk;IP velocity lowers risk
txn_0fb0cad6057e,0.9975133087326828,1,0.997513,1,ml_only,0,,,,,,,,1,credential_based_fraud,card_testing,session velocity raises risk;customer one-hour velocity raises risk;recent customer declines raises risk
txn_95e6c56bd08c,0.9886960756494083,1,0.988696,1,ml_only,0,,,,,,,,1,credential_based_fraud,card_testing,customer one-hour velocity raises risk;recent customer declines raises risk;IP velocity lowers risk
txn_bbf9c506a4a3,0.968785494728235,1,0.968785,1,ml_only,0,,,,,,,,1,credential_based_fraud,card_testing,customer one-hour velocity raises risk;recent customer declines raises risk;IP velocity lowers risk
txn_71302fe995f4,0.9943003477611977,1,0.9943,1,ml_only,0,,,,,,,,1,credential_based_fraud,card_testing,session velocity raises risk;customer one-hour velocity raises risk;recent customer declines raises risk
txn_40de9687e259,0.9742792404352649,1,0.974279,1,ml_only,0,,,,,,,,1,credential_based_fraud,card_testing,customer one-hour velocity raises risk;recent customer declines raises risk;IP velocity lowers risk
txn_744a1acfeb17,0.9748252130416486,1,0.974825,1,ml_only,0,,,,,,,,1,credential_based_fraud,card_testing,customer one-hour velocity raises risk;recent customer declines raises risk;IP velocity lowers risk
txn_2eb48c116cae,0.9849608048241023,1,0.984961,1,ml_only,0,,,,,,,,1,credential_based_fraud,card_testing,session velocity raises risk;customer one-hour velocity raises risk;recent customer declines raises risk
txn_6a91115167e7,0.9765777623221442,1,0.976578,1,ml_only,0,,,,,,,,1,credential_based_fraud,card_testing,customer one-hour velocity raises risk;recent customer declines raises risk;IP velocity lowers risk
txn_3e1cf89413c2,0.9852616988474852,1,0.985262,1,ml_only,0,,,,,,,,1,credential_based_fraud,card_testing,customer one-hour velocity raises risk;recent customer declines raises risk;IP velocity lowers risk
txn_d5632d312957,0.9882114247478009,1,0.988211,1,ml_only,0,,,,,,,,1,credential_based_fraud,card_testing,session velocity raises risk;recent customer declines raises risk;IP velocity lowers risk
txn_2ce5050c1a86,0.9480401255441432,1,0.94804,1,ml_only,0,,,,,,,,1,credential_based_fraud,card_testing,recent customer declines raises risk;IP velocity lowers risk;customer one-hour velocity raises risk
txn_4640f252fb66,0.7075189916326401,1,0.707519,1,ml_only,0,,,,,,,,1,credential_based_fraud,card_not_present,high generated risk score raises risk;customer payment cadence lowers risk;IP velocity lowers risk
txn_1f7aedc6a14c,0.19151743601179305,0,0.191517,0,ml_only,0,,,,,,,,1,credential_based_fraud,card_not_present,amount deviation from customer history lowers risk;high generated risk score raises risk;IP velocity lowers risk
txn_e8fd81de4a90,0.9867563850916768,1,0.986756,1,ml_only,0,,,,,,,,1,credential_based_fraud,card_not_present,session velocity raises risk;IP velocity lowers risk;customer decline history raises risk
txn_734ce9024d4d,0.9278394711018761,1,0.927839,1,ml_only,0,,,,,,,,1,credential_based_fraud,card_not_present,customer decline history raises risk;session velocity lowers risk;IP velocity lowers risk
txn_84d782cd6283,0.9201746772177868,1,0.920175,1,ml_only,0,,,,,,,,1,credential_based_fraud,card_not_present,customer decline history raises risk;IP velocity lowers risk;merchant age raises risk
txn_b67e80bdd036,0.9806691472399564,1,0.980669,1,ml_only,0,,,,,,,,1,credential_based_fraud,card_not_present,session velocity raises risk;IP velocity lowers risk;customer decline history raises risk
txn_6887e87e215c,0.9448185074735214,1,0.944819,1,ml_only,0,,,,,,,,1,credential_based_fraud,card_not_present,IP velocity lowers risk;customer decline history raises risk;session velocity lowers risk
txn_9c1800a1e180,0.9746984563910919,1,0.974698,1,ml_only,0,,,,,,,,1,credential_based_fraud,card_not_present,IP velocity lowers risk;customer decline history raises risk;merchant age raises risk
txn_ae4e4ae32597,0.9743954457827076,1,0.974395,1,ml_only,0,,,,,,,,1,credential_based_fraud,card_not_present,session velocity raises risk;customer decline history raises risk;IP velocity lowers risk
txn_a3ac7d794aef,0.9453463144500591,1,0.945346,1,ml_only,0,,,,,,,,1,credential_based_fraud,card_not_present,customer decline history raises risk;session velocity lowers risk;IP velocity lowers risk
txn_bf907ab8dc6e,0.9791767079435896,1,0.979177,1,ml_only,0,,,,,,,,1,credential_based_fraud,card_not_present,IP velocity lowers risk;customer decline history raises risk;merchant age raises risk
txn_2766a7cf6f66,0.9966764118193567,1,0.996676,1,ml_only,0,,,,,,,,1,credential_based_fraud,card_not_present,session velocity raises risk;high generated risk score raises risk;customer decline history raises risk
txn_615d1642416a,0.8993452769566876,1,0.899345,1,ml_only,0,,,,,,,,1,credential_based_fraud,card_not_present,customer decline history raises risk;session velocity lowers risk;IP velocity lowers risk
txn_69f493957fb7,0.9816068193990815,1,0.981607,1,ml_only,0,,,,,,,,1,credential_based_fraud,card_not_present,customer decline history raises risk;customer one-hour velocity raises risk;IP velocity lowers risk
txn_9854a4692598,0.994134787721346,1,0.994135,1,ml_only,0,,,,,,,,1,credential_based_fraud,card_not_present,session velocity raises risk;customer decline history raises risk;customer one-hour velocity raises risk
txn_404ef656c4a1,0.9503012330108456,1,0.950301,1,ml_only,0,,,,,,,,1,credential_based_fraud,card_not_present,customer one-hour velocity raises risk;customer decline history raises risk;session velocity lowers risk
txn_2263e61aea6e,0.9878710455326254,1,0.987871,1,ml_only,0,,,,,,,,1,credential_based_fraud,card_not_present,customer one-hour velocity raises risk;high generated risk score raises risk;customer decline history raises risk
txn_3ef540fd585c,0.9946965923442546,1,0.994697,1,ml_only,0,,,,,,,,1,credential_based_fraud,card_not_present,session velocity raises risk;customer decline history raises risk;customer one-hour velocity raises risk
txn_4e62f0aeb4ba,0.9761508334210939,1,0.976151,1,ml_only,0,,,,,,,,1,credential_based_fraud,card_not_present,customer decline history raises risk;session velocity lowers risk;customer one-hour velocity raises risk
txn_725a5cdaa866,0.9949165604970127,1,0.994917,1,ml_only,0,,,,,,,,1,credential_based_fraud,card_not_present,high generated risk score raises risk;customer decline history raises risk;customer one-hour velocity raises risk
txn_5ad76f426413,0.986251445201217,1,0.986251,1,ml_only,0,,,,,,,,1,credential_based_fraud,card_not_present,session velocity raises risk;customer decline history raises risk;customer one-hour velocity raises risk
txn_459c669ef39d,0.985142882990776,1,0.985143,1,ml_only,0,,,,,,,,1,credential_based_fraud,card_not_present,high generated risk score raises risk;customer one-hour velocity raises risk;customer decline history raises risk
txn_b150723b07fc,0.989954884302122,1,0.989955,1,ml_only,0,,,,,,,,1,credential_based_fraud,card_not_present,customer one-hour velocity raises risk;customer decline history raises risk;IP velocity lowers risk
txn_996dcd119edb,0.9966866632336643,1,0.996687,1,ml_only,0,,,,,,,,1,credential_based_fraud,card_not_present,session velocity raises risk;customer one-hour velocity raises risk;customer decline history raises risk
txn_1b19284e34c7,0.9397542106157426,1,0.939754,1,ml_only,0,,,,,,,,1,credential_based_fraud,card_not_present,customer one-hour velocity raises risk;customer decline history raises risk;session velocity lowers risk
txn_3cf40103f882,0.9957345083801411,1,0.995735,1,ml_only,0,,,,,,,,1,credential_based_fraud,card_not_present,high generated risk score raises risk;customer one-hour velocity raises risk;customer decline history raises risk
txn_4ca5bc93a306,0.9946323931666738,1,0.994632,1,ml_only,0,,,,,,,,1,credential_based_fraud,card_not_present,session velocity raises risk;customer decline history raises risk;customer one-hour velocity raises risk
txn_9d15afd37365,0.9838956880469913,1,0.983896,1,ml_only,0,,,,,,,,1,credential_based_fraud,card_not_present,customer decline history raises risk;session velocity lowers risk;customer one-hour velocity raises risk
txn_65a4f12fb51b,0.9850413632562545,1,0.985041,1,ml_only,0,,,,,,,,1,credential_based_fraud,card_not_present,customer decline history raises risk;customer one-hour velocity raises risk;high generated risk score raises risk
txn_cf4e968f2945,0.9940644852652243,1,0.994064,1,ml_only,0,,,,,,,,1,credential_based_fraud,card_not_present,session velocity raises risk;customer decline history raises risk;customer one-hour velocity raises risk
txn_32dd2a886f7c,0.9898090851690656,1,0.989809,1,ml_only,0,,,,,,,,1,credential_based_fraud,card_not_present,high generated risk score raises risk;customer decline history raises risk;session velocity lowers risk
txn_ca1fba1862e5,0.38887731381290086,1,0.388877,1,ml_only,0,,,,,,,,1,credential_based_fraud,consumer_account_takeover,customer payment cadence lowers risk;customer decline history raises risk;merchant growth pattern raises risk
txn_1b82d60d31e7,0.9510137271739805,1,0.951014,1,ml_only,0,,,,,,,,1,credential_based_fraud,consumer_account_takeover,customer decline history raises risk;merchant growth pattern raises risk;customer payment cadence raises risk
txn_c6c58f73e92b,0.985087130401371,1,0.985087,1,ml_only,0,,,,,,,,1,credential_based_fraud,consumer_account_takeover,session velocity raises risk;customer decline history raises risk;merchant growth pattern raises risk
txn_257c96821bfd,0.9295207255379508,1,0.929521,1,ml_only,0,,,,,,,,1,credential_based_fraud,consumer_account_takeover,customer decline history raises risk;merchant growth pattern raises risk;session velocity lowers risk
txn_2bb4d1b566fe,0.9732523959560998,1,0.973252,1,ml_only,0,,,,,,,,1,credential_based_fraud,consumer_account_takeover,high generated risk score raises risk;customer decline history raises risk;merchant growth pattern raises risk
txn_1de64ef6f574,0.9882296335574368,1,0.98823,1,ml_only,0,,,,,,,,1,credential_based_fraud,consumer_account_takeover,session velocity raises risk;customer decline history raises risk;merchant growth pattern raises risk
txn_670aa092fa53,0.8745003030117955,1,0.8745,1,ml_only,0,,,,,,,,1,credential_based_fraud,consumer_account_takeover,customer decline history raises risk;merchant growth pattern raises risk;high generated risk score lowers risk
txn_edba32144615,0.9941365492028333,1,0.994137,1,ml_only,0,,,,,,,,1,credential_based_fraud,consumer_account_takeover,customer decline history raises risk;merchant growth pattern raises risk;IP velocity raises risk
txn_033d46f6dc52,0.9924461788283722,1,0.992446,1,ml_only,0,,,,,,,,1,credential_based_fraud,consumer_account_takeover,session velocity raises risk;IP velocity raises risk;customer decline history raises risk
txn_014d35eca4ee,0.987446754897056,1,0.987447,1,ml_only,0,,,,,,,,1,credential_based_fraud,consumer_account_takeover,IP velocity raises risk;customer decline history raises risk;merchant growth pattern raises risk
txn_ffd0e2e1e3b1,0.9934863764192949,1,0.993486,1,ml_only,0,,,,,,,,1,credential_based_fraud,consumer_account_takeover,IP velocity raises risk;customer decline history raises risk;merchant growth pattern raises risk
txn_e606efbda8dc,0.9979540274717545,1,0.997954,1,ml_only,0,,,,,,,,1,credential_based_fraud,consumer_account_takeover,IP velocity raises risk;session velocity raises risk;customer decline history raises risk
txn_a33f9832491b,0.9702635307860088,1,0.970264,1,ml_only,0,,,,,,,,1,credential_based_fraud,consumer_account_takeover,IP velocity raises risk;customer decline history raises risk;merchant growth pattern raises risk
txn_1012ccb4566b,0.9918426953555501,1,0.991843,1,ml_only,0,,,,,,,,1,credential_based_fraud,consumer_account_takeover,IP velocity raises risk;customer decline history raises risk;merchant growth pattern raises risk
txn_54860aedaf31,0.999427312116485,1,0.999427,1,ml_only,0,,,,,,,,1,credential_based_fraud,consumer_account_takeover,IP velocity raises risk;session velocity raises risk;customer decline history raises risk
txn_05895b2f261f,0.996335130214931,1,0.996335,1,ml_only,0,,,,,,,,1,credential_based_fraud,consumer_account_takeover,IP velocity raises risk;customer decline history raises risk;merchant growth pattern raises risk
txn_be5f6aa0ba86,0.9977202127454592,1,0.99772,1,ml_only,0,,,,,,,,1,credential_based_fraud,consumer_account_takeover,IP velocity raises risk;customer decline history raises risk;merchant growth pattern raises risk
txn_212b36bfaa14,0.24694695038911152,0,0.246947,0,ml_only,0,,,,,,,,1,credential_based_fraud,merchant_admin_takeover,transaction_type_code lowers risk;customer decline history raises risk;customer payment cadence lowers risk
txn_023780445f49,0.582856151574087,1,0.582856,1,ml_only,0,,,,,,,,1,credential_based_fraud,merchant_admin_takeover,transaction_type_code lowers risk;customer decline history raises risk;merchant growth pattern raises risk
txn_3b12d338a90d,0.8435424034077571,1,0.843542,1,ml_only,0,,,,,,,,1,credential_based_fraud,merchant_admin_takeover,transaction_type_code lowers risk;customer decline history raises risk;session velocity raises risk
txn_85cfa438e66b,0.6682008658239108,1,0.668201,1,ml_only,0,,,,,,,,1,credential_based_fraud,merchant_admin_takeover,transaction_type_code lowers risk;customer decline history raises risk;merchant growth pattern raises risk
txn_97b52e9f4462,0.9270745640498999,1,0.927075,1,ml_only,0,,,,,,,,1,credential_based_fraud,merchant_admin_takeover,transaction_type_code lowers risk;customer decline history raises risk;high generated risk score raises risk
txn_e907b5a72f99,0.973421894730778,1,0.973422,1,ml_only,0,,,,,,,,1,credential_based_fraud,merchant_admin_takeover,transaction_type_code lowers risk;customer decline history raises risk;session velocity raises risk
txn_2c762911d6ed,0.9067120199826254,1,0.906712,1,ml_only,0,,,,,,,,1,credential_based_fraud,merchant_admin_takeover,transaction_type_code lowers risk;customer decline history raises risk;IP velocity raises risk
txn_69605cc2d2ec,0.0505414521915962,0,0.050541,0,ml_only,0,,,,,,,,1,credential_based_fraud,credential_stuffing,customer payment cadence lowers risk;IP velocity lowers risk;session velocity lowers risk
txn_01c5630e227f,0.290169,1,0.264527,0,hybrid_ml_llm,1,local_lmstudio,0.35,0.45,review,"The transaction shows low fraud signals (ml_fraud_score: 0.26), no billing/shipping mismatch, and good device/IP reputation. However, the new customer and merchant accounts with only one transaction each raise concerns about potential misuse.",new_merchant;low_transaction_frequency;no_historical_data,,1,credential_based_fraud,credential_stuffing,IP velocity lowers risk;customer payment cadence raises risk;device activity cadence lowers risk
txn_634d8967bf92,0.8061983891553206,1,0.806198,1,ml_only,0,,,,,,,,1,credential_based_fraud,credential_stuffing,session velocity raises risk;high generated risk score raises risk;IP velocity lowers risk
txn_b13177ff7fb5,0.39959285141519546,1,0.399593,1,ml_only,0,,,,,,,,1,credential_based_fraud,credential_stuffing,session velocity lowers risk;IP velocity lowers risk;customer payment cadence raises risk
txn_1839ea15f235,0.7799458396173393,1,0.779946,1,ml_only,0,,,,,,,,1,credential_based_fraud,credential_stuffing,high generated risk score raises risk;customer payment cadence raises risk;device history raises risk
txn_2def6f6fc198,0.883085064532212,1,0.883085,1,ml_only,0,,,,,,,,1,credential_based_fraud,credential_stuffing,session velocity raises risk;customer payment cadence raises risk;merchant age raises risk
txn_facf8435b1c5,0.5176237444481631,1,0.517624,1,ml_only,0,,,,,,,,1,credential_based_fraud,credential_stuffing,session velocity lowers risk;high generated risk score lowers risk;customer payment cadence raises risk
txn_39992d21bbce,0.6904438369919212,1,0.690444,1,ml_only,0,,,,,,,,1,credential_based_fraud,credential_stuffing,customer payment cadence raises risk;merchant age raises risk;IP velocity lowers risk
txn_5c2ab8e7fc5f,0.8920662618365266,1,0.892066,1,ml_only,0,,,,,,,,1,credential_based_fraud,credential_stuffing,session velocity raises risk;customer payment cadence raises risk;device history raises risk
txn_0273f2ae996d,0.38689624866418604,1,0.386896,1,ml_only,0,,,,,,,,1,credential_based_fraud,credential_stuffing,high generated risk score lowers risk;session velocity lowers risk;customer payment cadence raises risk
txn_53c4e697f880,0.8816217294202149,1,0.881622,1,ml_only,0,,,,,,,,1,credential_based_fraud,credential_stuffing,customer payment cadence raises risk;merchant age raises risk;merchant_category_code raises risk
txn_00911bfdbf93,0.8821857081554265,1,0.882186,1,ml_only,0,,,,,,,,1,credential_based_fraud,credential_stuffing,session velocity raises risk;customer payment cadence raises risk;merchant age raises risk
txn_64d493b68797,0.5695365317487833,1,0.569537,1,ml_only,0,,,,,,,,1,credential_based_fraud,credential_stuffing,session velocity lowers risk;customer payment cadence raises risk;device history raises risk
txn_44544bb61fc0,0.7588304154722091,1,0.75883,1,ml_only,0,,,,,,,,1,credential_based_fraud,credential_stuffing,high generated risk score lowers risk;customer payment cadence raises risk;merchant age raises risk
txn_2de8b18d23da,0.8967549286747805,1,0.896755,1,ml_only,0,,,,,,,,1,credential_based_fraud,credential_stuffing,session velocity raises risk;customer payment cadence raises risk;merchant age raises risk
txn_b906798594df,0.7299985152611569,1,0.729999,1,ml_only,0,,,,,,,,1,credential_based_fraud,credential_stuffing,session velocity lowers risk;customer payment cadence raises risk;merchant age raises risk
txn_649cc8e2c263,0.5282082651443724,1,0.528208,1,ml_only,0,,,,,,,,1,credential_based_fraud,credential_stuffing,high generated risk score lowers risk;customer payment cadence raises risk;device history raises risk
txn_6d30179dba8a,0.9536030290851863,1,0.953603,1,ml_only,0,,,,,,,,1,credential_based_fraud,credential_stuffing,session velocity raises risk;high generated risk score raises risk;customer payment cadence raises risk
txn_1c2b201af65b,0.5822350041223775,1,0.582235,1,ml_only,0,,,,,,,,1,credential_based_fraud,credential_stuffing,session velocity lowers risk;customer payment cadence raises risk;merchant_category_code lowers risk
txn_4cb8875d7dbb,0.8262411931647625,1,0.826241,1,ml_only,0,,,,,,,,1,credential_based_fraud,credential_stuffing,customer payment cadence raises risk;customer one-hour velocity raises risk;merchant_category_code lowers risk
txn_928c184cb1b1,0.8773508987832574,1,0.877351,1,ml_only,0,,,,,,,,1,credential_based_fraud,credential_stuffing,session velocity raises risk;customer payment cadence raises risk;device history raises risk
txn_86e7309a35af,0.628301632919136,1,0.628302,1,ml_only,0,,,,,,,,1,credential_based_fraud,credential_stuffing,session velocity lowers risk;customer payment cadence raises risk;merchant age raises risk
txn_b50a6ebed0ed,0.9083667619766718,1,0.908367,1,ml_only,0,,,,,,,,1,credential_based_fraud,credential_stuffing,customer payment cadence raises risk;high generated risk score raises risk;customer one-hour velocity raises risk
txn_14a8e1707ddc,0.9796897544583261,1,0.97969,1,ml_only,0,,,,,,,,1,credential_based_fraud,credential_stuffing,session velocity raises risk;high generated risk score raises risk;customer one-hour velocity raises risk
txn_2572fb43e4e4,0.5637522760112369,1,0.563752,1,ml_only,0,,,,,,,,1,credential_based_fraud,credential_stuffing,session velocity lowers risk;device history raises risk;customer payment cadence raises risk
txn_2636d77183e9,0.8027368861100538,1,0.802737,1,ml_only,0,,,,,,,,1,credential_based_fraud,credential_stuffing,customer payment cadence raises risk;merchant age raises risk;customer one-hour velocity raises risk
txn_69f86dcd77ed,0.9635922007697937,1,0.963592,1,ml_only,0,,,,,,,,1,credential_based_fraud,credential_stuffing,session velocity raises risk;customer payment cadence raises risk;customer one-hour velocity raises risk
txn_6f2f5094ee17,0.5864025143189898,1,0.586403,1,ml_only,0,,,,,,,,1,credential_based_fraud,credential_stuffing,session velocity lowers risk;customer one-hour velocity raises risk;customer payment cadence raises risk
txn_061b6c10457b,0.836705118908413,1,0.836705,1,ml_only,0,,,,,,,,1,credential_based_fraud,credential_stuffing,customer one-hour velocity raises risk;IP velocity lowers risk;customer payment cadence raises risk
txn_339cc6e28069,0.9280236741433926,1,0.928024,1,ml_only,0,,,,,,,,1,credential_based_fraud,credential_stuffing,session velocity raises risk;customer one-hour velocity raises risk;IP velocity lowers risk
txn_ad36408846a3,0.7493808980155997,1,0.749381,1,ml_only,0,,,,,,,,1,credential_based_fraud,credential_stuffing,customer one-hour velocity raises risk;session velocity lowers risk;IP velocity lowers risk
txn_f1a131b41ac0,0.805992735497116,1,0.805993,1,ml_only,0,,,,,,,,1,credential_based_fraud,credential_stuffing,customer one-hour velocity raises risk;IP velocity lowers risk;customer payment cadence raises risk
txn_c3324c2be06b,0.9288816378711481,1,0.928882,1,ml_only,0,,,,,,,,1,credential_based_fraud,credential_stuffing,session velocity raises risk;customer one-hour velocity raises risk;IP velocity lowers risk
txn_3ff6e91bad53,0.5674990363758969,1,0.567499,1,ml_only,0,,,,,,,,1,credential_based_fraud,credential_stuffing,session velocity lowers risk;IP velocity lowers risk;customer one-hour velocity raises risk
txn_d20359c9a04c,0.7987013846231683,1,0.798701,1,ml_only,0,,,,,,,,1,credential_based_fraud,credential_stuffing,IP velocity lowers risk;customer payment cadence raises risk;merchant age raises risk
txn_87ba0aed5619,0.9609428337422657,1,0.960943,1,ml_only,0,,,,,,,,1,credential_based_fraud,credential_stuffing,session velocity raises risk;high generated risk score raises risk;IP velocity lowers risk
txn_a4688938cb96,0.6327653052216743,1,0.632765,1,ml_only,0,,,,,,,,1,credential_based_fraud,credential_stuffing,session velocity lowers risk;high generated risk score raises risk;IP velocity lowers risk
txn_779639f5eafb,0.812535755599067,1,0.812536,1,ml_only,0,,,,,,,,1,credential_based_fraud,credential_stuffing,customer one-hour velocity raises risk;IP velocity lowers risk;customer payment cadence raises risk
txn_791773496e87,0.9613648155210716,1,0.961365,1,ml_only,0,,,,,,,,1,credential_based_fraud,credential_stuffing,session velocity raises risk;customer one-hour velocity raises risk;IP velocity lowers risk
txn_79341cab6e87,0.7553002231623251,1,0.7553,1,ml_only,0,,,,,,,,1,credential_based_fraud,credential_stuffing,customer one-hour velocity raises risk;session velocity lowers risk;IP velocity lowers risk
txn_5bfe74c6cf3c,0.8774319197842695,1,0.877432,1,ml_only,0,,,,,,,,1,credential_based_fraud,credential_stuffing,customer one-hour velocity raises risk;IP velocity lowers risk;customer payment cadence raises risk
txn_a52d7c66e1b0,0.9758346111518633,1,0.975835,1,ml_only,0,,,,,,,,1,credential_based_fraud,credential_stuffing,session velocity raises risk;customer one-hour velocity raises risk;IP velocity lowers risk
txn_044d3b48a98a,0.8302790778850159,1,0.830279,1,ml_only,0,,,,,,,,1,credential_based_fraud,credential_stuffing,customer one-hour velocity raises risk;session velocity lowers risk;IP velocity lowers risk
txn_913c849ed8bc,0.9458006389303243,1,0.945801,1,ml_only,0,,,,,,,,1,credential_based_fraud,credential_stuffing,customer one-hour velocity raises risk;device one-hour velocity raises risk;IP velocity lowers risk
txn_4ddcf19f7fa6,0.9457353709564632,1,0.945735,1,ml_only,0,,,,,,,,1,credential_based_fraud,credential_stuffing,session velocity raises risk;customer one-hour velocity raises risk;IP velocity lowers risk
txn_25e8a0071fd0,0.8351783055651655,1,0.835178,1,ml_only,0,,,,,,,,1,credential_based_fraud,credential_stuffing,customer one-hour velocity raises risk;session velocity lowers risk;device one-hour velocity raises risk
txn_ea162f0932d0,0.9737128206680061,1,0.973713,1,ml_only,0,,,,,,,,1,credential_based_fraud,credential_stuffing,customer one-hour velocity raises risk;high generated risk score raises risk;device one-hour velocity raises risk
txn_4066f1d6f3de,0.976868603985638,1,0.976869,1,ml_only,0,,,,,,,,1,credential_based_fraud,credential_stuffing,session velocity raises risk;customer one-hour velocity raises risk;device one-hour velocity raises risk
txn_492f754a927d,0.7362028341758987,1,0.736203,1,ml_only,0,,,,,,,,1,credential_based_fraud,credential_stuffing,customer one-hour velocity raises risk;session velocity lowers risk;IP velocity lowers risk
txn_34daa77e700a,0.9260486760483043,1,0.926049,1,ml_only,0,,,,,,,,1,credential_based_fraud,credential_stuffing,customer one-hour velocity raises risk;device one-hour velocity raises risk;IP velocity lowers risk
txn_90754989b144,0.8748025050101714,1,0.874803,1,ml_only,0,,,,,,,,1,credential_based_fraud,credential_stuffing,session velocity raises risk;customer one-hour velocity raises risk;high generated risk score lowers risk
txn_70a578c5b006,0.8596846813821747,1,0.859685,1,ml_only,0,,,,,,,,1,credential_based_fraud,credential_stuffing,customer one-hour velocity raises risk;session velocity lowers risk;device one-hour velocity raises risk
txn_36391151ef95,0.8877218411009326,1,0.887722,1,ml_only,0,,,,,,,,1,credential_based_fraud,credential_stuffing,customer one-hour velocity raises risk;high generated risk score raises risk;IP velocity lowers risk
txn_19368d8b7e82,0.9797845728515988,1,0.979785,1,ml_only,0,,,,,,,,1,credential_based_fraud,credential_stuffing,session velocity raises risk;customer one-hour velocity raises risk;device one-hour velocity raises risk
txn_5789e4d15556,0.8577898472046455,1,0.85779,1,ml_only,0,,,,,,,,1,credential_based_fraud,credential_stuffing,customer one-hour velocity raises risk;session velocity lowers risk;IP velocity lowers risk
txn_b93bff3d3587,0.8878285401738545,1,0.887829,1,ml_only,0,,,,,,,,1,credential_based_fraud,credential_stuffing,customer one-hour velocity raises risk;IP velocity lowers risk;customer payment cadence raises risk
txn_59e7cf0d9e4c,0.9410080827118646,1,0.941008,1,ml_only,0,,,,,,,,1,credential_based_fraud,credential_stuffing,session velocity raises risk;customer one-hour velocity raises risk;IP velocity lowers risk
txn_d628d17a55f5,0.8139916481047392,1,0.813992,1,ml_only,0,,,,,,,,1,credential_based_fraud,credential_stuffing,customer one-hour velocity raises risk;session velocity lowers risk;IP velocity lowers risk
txn_77ba9c4315d1,0.9567220240865968,1,0.956722,1,ml_only,0,,,,,,,,1,credential_based_fraud,credential_stuffing,customer one-hour velocity raises risk;IP velocity lowers risk;device one-hour velocity raises risk
txn_6cb2c2b8b5ab,0.975301337354517,1,0.975301,1,ml_only,0,,,,,,,,1,credential_based_fraud,credential_stuffing,session velocity raises risk;customer one-hour velocity raises risk;device one-hour velocity raises risk
txn_c2f337d7ddc4,0.7033129597408286,1,0.703313,1,ml_only,0,,,,,,,,1,credential_based_fraud,credential_stuffing,customer one-hour velocity raises risk;session velocity lowers risk;IP velocity lowers risk
txn_6aac440a1b30,0.8630556167199771,1,0.863056,1,ml_only,0,,,,,,,,1,credential_based_fraud,credential_stuffing,customer one-hour velocity raises risk;IP velocity lowers risk;customer payment cadence raises risk
txn_4966f90c7d45,0.9436795067717876,1,0.94368,1,ml_only,0,,,,,,,,1,credential_based_fraud,credential_stuffing,session velocity raises risk;customer one-hour velocity raises risk;IP velocity lowers risk
txn_4006129896e7,0.9151614458002727,1,0.915161,1,ml_only,0,,,,,,,,1,credential_based_fraud,credential_stuffing,high generated risk score raises risk;session velocity lowers risk;customer one-hour velocity raises risk
txn_982bf9fb391d,0.6828714245255268,1,0.682871,1,ml_only,0,,,,,,,,1,credential_based_fraud,credential_stuffing,high generated risk score lowers risk;IP velocity lowers risk;customer one-hour velocity raises risk
txn_c9abc43c7b2f,0.960076345169409,1,0.960076,1,ml_only,0,,,,,,,,1,credential_based_fraud,credential_stuffing,session velocity raises risk;IP velocity lowers risk;customer one-hour velocity raises risk
txn_c50953b0074d,0.6997395219097208,1,0.69974,1,ml_only,0,,,,,,,,1,credential_based_fraud,credential_stuffing,session velocity lowers risk;IP velocity lowers risk;customer one-hour velocity raises risk
txn_bd4b4c9b4156,0.9113452102850578,1,0.911345,1,ml_only,0,,,,,,,,1,credential_based_fraud,credential_stuffing,customer one-hour velocity raises risk;IP velocity lowers risk;customer payment cadence raises risk
txn_89ec7371a8d2,0.9369975112545811,1,0.936998,1,ml_only,0,,,,,,,,1,credential_based_fraud,credential_stuffing,session velocity raises risk;customer one-hour velocity raises risk;IP velocity lowers risk
txn_0e9a5b617fba,0.8480049856915044,1,0.848005,1,ml_only,0,,,,,,,,1,credential_based_fraud,credential_stuffing,session velocity lowers risk;IP velocity lowers risk;customer one-hour velocity raises risk
txn_112b3ec3f821,0.8887981498552151,1,0.888798,1,ml_only,0,,,,,,,,1,credential_based_fraud,credential_stuffing,IP velocity lowers risk;customer payment cadence raises risk;high generated risk score raises risk
txn_e543557c13e9,0.9608089904671326,1,0.960809,1,ml_only,0,,,,,,,,1,credential_based_fraud,credential_stuffing,session velocity raises risk;IP velocity lowers risk;high generated risk score raises risk
txn_9501efe6da3d,0.6685504588035439,1,0.66855,1,ml_only,0,,,,,,,,1,credential_based_fraud,credential_stuffing,session velocity lowers risk;IP velocity lowers risk;customer payment cadence raises risk
txn_fb815502ecbd,0.8968597802920703,1,0.89686,1,ml_only,0,,,,,,,,1,credential_based_fraud,credential_stuffing,IP velocity lowers risk;customer one-hour velocity raises risk;customer payment cadence raises risk
txn_34d286961deb,0.9585697915751531,1,0.95857,1,ml_only,0,,,,,,,,1,credential_based_fraud,credential_stuffing,session velocity raises risk;customer one-hour velocity raises risk;IP velocity lowers risk
txn_70ef592f4d67,0.7636581702931481,1,0.763658,1,ml_only,0,,,,,,,,1,credential_based_fraud,credential_stuffing,session velocity lowers risk;IP velocity lowers risk;customer one-hour velocity raises risk
txn_25711631ed3f,0.717411846254949,1,0.717412,1,ml_only,0,,,,,,,,1,credential_based_fraud,credential_stuffing,customer one-hour velocity raises risk;high generated risk score lowers risk;IP velocity lowers risk
txn_68dc2e9acd1e,0.9748806490455058,1,0.974881,1,ml_only,0,,,,,,,,1,credential_based_fraud,credential_stuffing,session velocity raises risk;customer one-hour velocity raises risk;IP velocity lowers risk
txn_832e91f9d39b,0.8512611512667654,1,0.851261,1,ml_only,0,,,,,,,,1,credential_based_fraud,credential_stuffing,customer one-hour velocity raises risk;session velocity lowers risk;IP velocity lowers risk
txn_cb2b850f7a45,0.9713117783690114,1,0.971312,1,ml_only,0,,,,,,,,1,credential_based_fraud,credential_stuffing,customer one-hour velocity raises risk;high generated risk score raises risk;IP velocity lowers risk
txn_9ee682af52bf,0.9132178768886189,1,0.913218,1,ml_only,0,,,,,,,,1,credential_based_fraud,credential_stuffing,session velocity raises risk;customer one-hour velocity raises risk;IP velocity lowers risk
txn_211b2ee7e234,0.8406088014247195,1,0.840609,1,ml_only,0,,,,,,,,1,credential_based_fraud,credential_stuffing,customer one-hour velocity raises risk;IP velocity lowers risk;session velocity lowers risk
txn_892273888554,0.9360472581401106,1,0.936047,1,ml_only,0,,,,,,,,1,credential_based_fraud,credential_stuffing,customer one-hour velocity raises risk;IP velocity lowers risk;device one-hour velocity raises risk
txn_8eab73369af3,0.9740814607549947,1,0.974081,1,ml_only,0,,,,,,,,1,credential_based_fraud,credential_stuffing,session velocity raises risk;customer one-hour velocity raises risk;IP velocity lowers risk
txn_81df9a6c075e,0.7725804114148497,1,0.77258,1,ml_only,0,,,,,,,,1,credential_based_fraud,credential_stuffing,customer one-hour velocity raises risk;IP velocity lowers risk;session velocity lowers risk
txn_6f51067ac8e1,0.9576638430275255,1,0.957664,1,ml_only,0,,,,,,,,1,credential_based_fraud,credential_stuffing,customer one-hour velocity raises risk;IP velocity lowers risk;device one-hour velocity raises risk
txn_66929f0799c5,0.992655861502954,1,0.992656,1,ml_only,0,,,,,,,,1,credential_based_fraud,credential_stuffing,session velocity raises risk;customer one-hour velocity raises risk;high generated risk score raises risk
txn_d8dbf39d6d3a,0.9262479855035571,1,0.926248,1,ml_only,0,,,,,,,,1,credential_based_fraud,credential_stuffing,customer one-hour velocity raises risk;IP velocity lowers risk;device one-hour velocity raises risk
txn_8de1bde6acee,0.804913404837458,1,0.804913,1,ml_only,0,,,,,,,,1,credential_based_fraud,credential_stuffing,customer one-hour velocity raises risk;IP velocity lowers risk;high generated risk score lowers risk
txn_4be24b05121f,0.985013905285817,1,0.985014,1,ml_only,0,,,,,,,,1,credential_based_fraud,credential_stuffing,customer one-hour velocity raises risk;session velocity raises risk;IP velocity lowers risk
txn_adb18b49fc2e,0.9559123163539437,1,0.955912,1,ml_only,0,,,,,,,,1,credential_based_fraud,credential_stuffing,customer one-hour velocity raises risk;device one-hour velocity raises risk;IP velocity lowers risk
txn_853080679579,0.9745290989921384,1,0.974529,1,ml_only,0,,,,,,,,1,credential_based_fraud,credential_stuffing,customer one-hour velocity raises risk;IP velocity lowers risk;device one-hour velocity raises risk
txn_f23f3aebf4bc,0.9752791732968765,1,0.975279,1,ml_only,0,,,,,,,,1,credential_based_fraud,credential_stuffing,customer one-hour velocity raises risk;session velocity raises risk;IP velocity lowers risk
txn_08d9b8efe43e,0.9354465492052007,1,0.935447,1,ml_only,0,,,,,,,,1,credential_based_fraud,credential_stuffing,customer one-hour velocity raises risk;device one-hour velocity raises risk;IP velocity lowers risk
txn_40df80e6ff92,0.9687610689932344,1,0.968761,1,ml_only,0,,,,,,,,1,credential_based_fraud,credential_stuffing,customer one-hour velocity raises risk;device one-hour velocity raises risk;IP velocity lowers risk
txn_78873f5037bd,0.9827791743887037,1,0.982779,1,ml_only,0,,,,,,,,1,credential_based_fraud,credential_stuffing,customer one-hour velocity raises risk;session velocity raises risk;IP velocity lowers risk
txn_ea50c38b7c0c,0.6517640458355679,1,0.651764,1,ml_only,0,,,,,,,,1,credential_based_fraud,credential_stuffing,customer one-hour velocity raises risk;IP velocity lowers risk;session velocity lowers risk
txn_dc3eb6abc83e,0.9350694131462027,1,0.935069,1,ml_only,0,,,,,,,,1,credential_based_fraud,credential_stuffing,customer one-hour velocity raises risk;IP velocity lowers risk;high generated risk score lowers risk
txn_43c011f6d883,0.9880719449265076,1,0.988072,1,ml_only,0,,,,,,,,1,credential_based_fraud,credential_stuffing,customer one-hour velocity raises risk;session velocity raises risk;IP velocity lowers risk
txn_6f73567557ec,0.9482479480828195,1,0.948248,1,ml_only,0,,,,,,,,1,credential_based_fraud,credential_stuffing,customer one-hour velocity raises risk;device one-hour velocity raises risk;IP velocity lowers risk
txn_f3b2874f1403,0.9450183356427977,1,0.945018,1,ml_only,0,,,,,,,,1,credential_based_fraud,credential_stuffing,customer one-hour velocity raises risk;IP velocity lowers risk;customer payment cadence raises risk
txn_f217d998442d,0.9908156257980159,1,0.990816,1,ml_only,0,,,,,,,,1,credential_based_fraud,credential_stuffing,customer one-hour velocity raises risk;session velocity raises risk;device one-hour velocity raises risk
txn_9ea0f98bd23d,0.9745549748407514,1,0.974555,1,ml_only,0,,,,,,,,1,credential_based_fraud,credential_stuffing,customer one-hour velocity raises risk;device one-hour velocity raises risk;IP velocity lowers risk
txn_ca125b3fefb1,0.9890741709702362,1,0.989074,1,ml_only,0,,,,,,,,1,credential_based_fraud,credential_stuffing,customer one-hour velocity raises risk;device one-hour velocity raises risk;IP velocity lowers risk
txn_19777a1aac45,0.9823997896630137,1,0.9824,1,ml_only,0,,,,,,,,1,credential_based_fraud,credential_stuffing,customer one-hour velocity raises risk;session velocity raises risk;IP velocity lowers risk
txn_5e21743868f4,0.956996590778612,1,0.956997,1,ml_only,0,,,,,,,,1,credential_based_fraud,credential_stuffing,customer one-hour velocity raises risk;device one-hour velocity raises risk;IP velocity lowers risk
txn_1b97d22ecc4d,0.9677094596033131,1,0.967709,1,ml_only,0,,,,,,,,1,credential_based_fraud,credential_stuffing,customer one-hour velocity raises risk;device one-hour velocity raises risk;IP velocity lowers risk
txn_b775d04291a9,0.9904919798234325,1,0.990492,1,ml_only,0,,,,,,,,1,credential_based_fraud,credential_stuffing,customer one-hour velocity raises risk;session velocity raises risk;device one-hour velocity raises risk
txn_4330731ae593,0.8719510854498757,1,0.871951,1,ml_only,0,,,,,,,,1,credential_based_fraud,credential_stuffing,customer one-hour velocity raises risk;IP velocity lowers risk;high generated risk score raises risk
txn_18ce5af3c2e2,0.9537014488934734,1,0.953701,1,ml_only,0,,,,,,,,1,credential_based_fraud,credential_stuffing,customer one-hour velocity raises risk;device one-hour velocity raises risk;IP velocity lowers risk
txn_9c7335325d4e,0.9921177847531426,1,0.992118,1,ml_only,0,,,,,,,,1,credential_based_fraud,credential_stuffing,customer one-hour velocity raises risk;session velocity raises risk;device one-hour velocity raises risk
txn_eb22f849094f,0.9790416860733011,1,0.979042,1,ml_only,0,,,,,,,,1,credential_based_fraud,credential_stuffing,customer one-hour velocity raises risk;high generated risk score raises risk;device one-hour velocity raises risk
txn_1a07a9c4fb6b,0.8950084035325144,1,0.895008,1,ml_only,0,,,,,,,,1,credential_based_fraud,credential_stuffing,customer one-hour velocity raises risk;IP velocity lowers risk;high generated risk score lowers risk
txn_cd32e899b23a,0.9959889097070816,1,0.995989,1,ml_only,0,,,,,,,,1,credential_based_fraud,credential_stuffing,customer one-hour velocity raises risk;session velocity raises risk;IP velocity lowers risk
txn_14bb617cc7ee,0.9152980201967732,1,0.915298,1,ml_only,0,,,,,,,,1,credential_based_fraud,credential_stuffing,customer one-hour velocity raises risk;IP velocity lowers risk;session velocity lowers risk
txn_081a5f157b6d,0.9480159350439753,1,0.948016,1,ml_only,0,,,,,,,,1,credential_based_fraud,credential_stuffing,customer one-hour velocity raises risk;IP velocity lowers risk;device one-hour velocity raises risk
txn_fb7a1c0d0128,0.9737634755591781,1,0.973763,1,ml_only,0,,,,,,,,1,credential_based_fraud,credential_stuffing,session velocity raises risk;customer one-hour velocity raises risk;IP velocity lowers risk
txn_ab6b1e535467,0.9585189412373448,1,0.958519,1,ml_only,0,,,,,,,,1,credential_based_fraud,credential_stuffing,customer one-hour velocity raises risk;IP velocity lowers risk;session velocity lowers risk
txn_318eb40565aa,0.9754531716338232,1,0.975453,1,ml_only,0,,,,,,,,1,credential_based_fraud,credential_stuffing,customer one-hour velocity raises risk;IP velocity lowers risk;device one-hour velocity raises risk
txn_f69a8693e7af,0.9960642683876619,1,0.996064,1,ml_only,0,,,,,,,,1,credential_based_fraud,credential_stuffing,customer one-hour velocity raises risk;session velocity raises risk;device one-hour velocity raises risk
txn_1749138f7f68,0.8775841495782583,1,0.877584,1,ml_only,0,,,,,,,,1,credential_based_fraud,credential_stuffing,customer one-hour velocity raises risk;IP velocity lowers risk;session velocity lowers risk
txn_78271bb71810,0.9558660472644447,1,0.955866,1,ml_only,0,,,,,,,,1,credential_based_fraud,credential_stuffing,customer one-hour velocity raises risk;device one-hour velocity raises risk;IP velocity lowers risk
txn_9e14e322c7cf,0.9889060652217265,1,0.988906,1,ml_only,0,,,,,,,,1,credential_based_fraud,credential_stuffing,customer one-hour velocity raises risk;session velocity raises risk;device one-hour velocity raises risk
txn_60b1c88c587b,0.948642978763473,1,0.948643,1,ml_only,0,,,,,,,,1,credential_based_fraud,credential_stuffing,customer one-hour velocity raises risk;device one-hour velocity raises risk;IP velocity lowers risk
txn_8bbaf34fbad9,0.9543158334762053,1,0.954316,1,ml_only,0,,,,,,,,1,credential_based_fraud,credential_stuffing,customer one-hour velocity raises risk;IP velocity lowers risk;customer payment cadence raises risk
txn_06bf719a241d,0.9956859695641401,1,0.995686,1,ml_only,0,,,,,,,,1,credential_based_fraud,credential_stuffing,customer one-hour velocity raises risk;session velocity raises risk;device one-hour velocity raises risk
txn_c44c419b9ab6,0.915894059083945,1,0.915894,1,ml_only,0,,,,,,,,1,credential_based_fraud,credential_stuffing,customer one-hour velocity raises risk;device one-hour velocity raises risk;IP velocity lowers risk
txn_e704fc285d2b,0.9909020346090686,1,0.990902,1,ml_only,0,,,,,,,,1,credential_based_fraud,credential_stuffing,customer one-hour velocity raises risk;device one-hour velocity raises risk;IP velocity lowers risk
txn_77679bf84a45,0.9785892657916664,1,0.978589,1,ml_only,0,,,,,,,,1,credential_based_fraud,credential_stuffing,customer one-hour velocity raises risk;session velocity raises risk;IP velocity lowers risk
txn_58f37145c169,0.934637519167978,1,0.934638,1,ml_only,0,,,,,,,,1,credential_based_fraud,credential_stuffing,customer one-hour velocity raises risk;device one-hour velocity raises risk;IP velocity lowers risk
txn_f24b637626df,0.9885413442501014,1,0.988541,1,ml_only,0,,,,,,,,1,credential_based_fraud,credential_stuffing,customer one-hour velocity raises risk;device one-hour velocity raises risk;IP velocity lowers risk
txn_09cf2fdb17b2,0.9895601421773145,1,0.98956,1,ml_only,0,,,,,,,,1,credential_based_fraud,credential_stuffing,customer one-hour velocity raises risk;session velocity raises risk;device one-hour velocity raises risk
txn_147d797d1faf,0.8129498556162154,1,0.81295,1,ml_only,0,,,,,,,,1,credential_based_fraud,credential_stuffing,customer one-hour velocity raises risk;IP velocity lowers risk;session velocity lowers risk
txn_769ffd7d5d94,0.9861415189391237,1,0.986142,1,ml_only,0,,,,,,,,1,credential_based_fraud,credential_stuffing,customer one-hour velocity raises risk;device one-hour velocity raises risk;IP velocity lowers risk
txn_ac5798d2d5c6,0.9878859841016784,1,0.987886,1,ml_only,0,,,,,,,,1,credential_based_fraud,credential_stuffing,customer one-hour velocity raises risk;session velocity raises risk;device one-hour velocity raises risk
txn_999b1ec71b9c,0.9699543808247095,1,0.969954,1,ml_only,0,,,,,,,,1,credential_based_fraud,credential_stuffing,customer one-hour velocity raises risk;device one-hour velocity raises risk;IP velocity lowers risk
txn_ddd34487ae3c,0.9591089639682888,1,0.959109,1,ml_only,0,,,,,,,,1,credential_based_fraud,credential_stuffing,customer one-hour velocity raises risk;IP velocity lowers risk;customer payment cadence raises risk
txn_608357d54415,0.9952594700741422,1,0.995259,1,ml_only,0,,,,,,,,1,credential_based_fraud,credential_stuffing,customer one-hour velocity raises risk;session velocity raises risk;device one-hour velocity raises risk
txn_700edea2d1b6,0.9642996846062358,1,0.9643,1,ml_only,0,,,,,,,,1,credential_based_fraud,credential_stuffing,customer one-hour velocity raises risk;device one-hour velocity raises risk;IP velocity lowers risk
txn_3f75ccbb47a3,0.9883504002151523,1,0.98835,1,ml_only,0,,,,,,,,1,credential_based_fraud,credential_stuffing,customer one-hour velocity raises risk;device one-hour velocity raises risk;IP velocity lowers risk
txn_582c5536a7a9,0.9929050596116674,1,0.992905,1,ml_only,0,,,,,,,,1,credential_based_fraud,credential_stuffing,customer one-hour velocity raises risk;session velocity raises risk;high generated risk score raises risk
txn_d3412c563726,0.9071300550645204,1,0.90713,1,ml_only,0,,,,,,,,1,credential_based_fraud,credential_stuffing,customer one-hour velocity raises risk;IP velocity lowers risk;session velocity lowers risk
txn_f4c542c2cb20,0.9565635860502996,1,0.956564,1,ml_only,0,,,,,,,,1,credential_based_fraud,credential_stuffing,customer one-hour velocity raises risk;IP velocity lowers risk;customer velocity raises risk
txn_276883fbd628,0.990145878784436,1,0.990146,1,ml_only,0,,,,,,,,1,credential_based_fraud,credential_stuffing,session velocity raises risk;IP velocity lowers risk;customer one-hour velocity raises risk
txn_37ae0d50910b,0.8161853163288821,1,0.816185,1,ml_only,0,,,,,,,,1,credential_based_fraud,credential_stuffing,IP velocity lowers risk;session velocity lowers risk;high generated risk score raises risk
txn_f6d9b831aff0,0.9315639291330119,1,0.931564,1,ml_only,0,,,,,,,,1,credential_based_fraud,credential_stuffing,IP velocity lowers risk;customer velocity raises risk;customer one-hour velocity raises risk
txn_570f56c8d280,0.9857246220886815,1,0.985725,1,ml_only,0,,,,,,,,1,credential_based_fraud,credential_stuffing,session velocity raises risk;IP velocity lowers risk;customer velocity raises risk
txn_95de4547a228,0.9396953297851518,1,0.939695,1,ml_only,0,,,,,,,,1,credential_based_fraud,credential_stuffing,high generated risk score raises risk;IP velocity lowers risk;session velocity lowers risk
txn_4ded96038330,0.9615197289473616,1,0.96152,1,ml_only,0,,,,,,,,1,credential_based_fraud,credential_stuffing,high generated risk score raises risk;IP velocity lowers risk;customer velocity raises risk
txn_7d1e133c24ec,0.9739307638331082,1,0.973931,1,ml_only,0,,,,,,,,1,credential_based_fraud,credential_stuffing,session velocity raises risk;IP velocity lowers risk;customer velocity raises risk
txn_9aedb4f72f0c,0.8591617168328467,1,0.859162,1,ml_only,0,,,,,,,,1,credential_based_fraud,credential_stuffing,IP velocity lowers risk;session velocity lowers risk;customer velocity raises risk
txn_31d05f9b091a,0.8995840104523508,1,0.899584,1,ml_only,0,,,,,,,,1,credential_based_fraud,credential_stuffing,IP velocity lowers risk;customer velocity raises risk;high generated risk score lowers risk
txn_5e96eceb7e34,0.9775187303429281,1,0.977519,1,ml_only,0,,,,,,,,1,credential_based_fraud,credential_stuffing,session velocity raises risk;high generated risk score raises risk;IP velocity lowers risk
txn_f0bd57a4f408,0.8947623518081297,1,0.894762,1,ml_only,0,,,,,,,,1,credential_based_fraud,credential_stuffing,IP velocity lowers risk;session velocity lowers risk;customer velocity raises risk
txn_cb57fb6ea7ed,0.9486814543594873,1,0.948681,1,ml_only,0,,,,,,,,1,credential_based_fraud,credential_stuffing,IP velocity lowers risk;customer velocity raises risk;device reuse pattern raises risk
txn_10ffac62dcce,0.980808655994381,1,0.980809,1,ml_only,0,,,,,,,,1,credential_based_fraud,credential_stuffing,session velocity raises risk;IP velocity lowers risk;customer velocity raises risk
txn_c41873a1fbec,0.7371483435985648,1,0.737148,1,ml_only,0,,,,,,,,1,credential_based_fraud,credential_stuffing,IP velocity lowers risk;session velocity lowers risk;customer velocity raises risk
txn_ae49bbf3bb7e,0.9803043219768502,1,0.980304,1,ml_only,0,,,,,,,,1,credential_based_fraud,credential_stuffing,IP velocity lowers risk;customer velocity raises risk;high generated risk score raises risk
txn_9798b4aa7057,0.990929660823637,1,0.99093,1,ml_only,0,,,,,,,,1,credential_based_fraud,credential_stuffing,session velocity raises risk;IP velocity lowers risk;customer velocity raises risk
txn_07cf6d405814,0.9633824957128957,1,0.963382,1,ml_only,0,,,,,,,,1,credential_based_fraud,credential_stuffing,IP velocity lowers risk;high generated risk score raises risk;session velocity lowers risk
txn_0b8a8fdb372b,0.899992362336379,1,0.899992,1,ml_only,0,,,,,,,,1,credential_based_fraud,credential_stuffing,IP velocity lowers risk;customer velocity raises risk;customer one-hour velocity raises risk
txn_1030186e873c,0.997342890872286,1,0.997343,1,ml_only,0,,,,,,,,1,credential_based_fraud,credential_stuffing,high generated risk score raises risk;session velocity raises risk;IP velocity lowers risk
txn_e3cee9c1b28a,0.9384378951473505,1,0.938438,1,ml_only,0,,,,,,,,1,credential_based_fraud,credential_stuffing,IP velocity lowers risk;session velocity lowers risk;customer velocity raises risk
txn_34b8a684f613,0.9872258892689194,1,0.987226,1,ml_only,0,,,,,,,,1,credential_based_fraud,credential_stuffing,IP velocity lowers risk;customer one-hour velocity raises risk;customer velocity raises risk
txn_eab2d5ba1560,0.9798707685385019,1,0.979871,1,ml_only,0,,,,,,,,1,credential_based_fraud,credential_stuffing,session velocity raises risk;customer one-hour velocity raises risk;IP velocity lowers risk
txn_20fa61cdd512,0.9211829928717152,1,0.921183,1,ml_only,0,,,,,,,,1,credential_based_fraud,credential_stuffing,customer one-hour velocity raises risk;IP velocity lowers risk;session velocity lowers risk
txn_79785dd6d0b1,0.946616937048366,1,0.946617,1,ml_only,0,,,,,,,,1,credential_based_fraud,credential_stuffing,IP velocity lowers risk;customer velocity raises risk;device reuse pattern raises risk
txn_93b4a8229433,0.9882310757733628,1,0.988231,1,ml_only,0,,,,,,,,1,credential_based_fraud,credential_stuffing,session velocity raises risk;IP velocity lowers risk;customer velocity raises risk
txn_0c72a83959d5,0.8598400015453171,1,0.85984,1,ml_only,0,,,,,,,,1,credential_based_fraud,credential_stuffing,IP velocity lowers risk;session velocity lowers risk;customer velocity raises risk
txn_88cd3e18a9fe,0.9723408051376877,1,0.972341,1,ml_only,0,,,,,,,,1,credential_based_fraud,credential_stuffing,IP velocity lowers risk;customer velocity raises risk;customer one-hour velocity raises risk
txn_c1d59b56ae4e,0.9861418647783776,1,0.986142,1,ml_only,0,,,,,,,,1,credential_based_fraud,credential_stuffing,session velocity raises risk;IP velocity lowers risk;customer velocity raises risk
txn_5cbc6d61965f,0.9060139366834034,1,0.906014,1,ml_only,0,,,,,,,,1,credential_based_fraud,credential_stuffing,IP velocity lowers risk;customer velocity raises risk;customer one-hour velocity raises risk
txn_13c51bca874c,0.9385477396030107,1,0.938548,1,ml_only,0,,,,,,,,1,credential_based_fraud,credential_stuffing,IP velocity lowers risk;customer velocity raises risk;customer one-hour velocity raises risk
txn_d3b28fafcb2c,0.9836992341040811,1,0.983699,1,ml_only,0,,,,,,,,1,credential_based_fraud,credential_stuffing,session velocity raises risk;customer one-hour velocity raises risk;IP velocity lowers risk
txn_d4b9919d67d1,0.9627609796919792,1,0.962761,1,ml_only,0,,,,,,,,1,credential_based_fraud,credential_stuffing,customer one-hour velocity raises risk;IP velocity lowers risk;customer velocity raises risk
txn_7957a4f8d5b0,0.980708588158731,1,0.980709,1,ml_only,0,,,,,,,,1,credential_based_fraud,credential_stuffing,customer one-hour velocity raises risk;IP velocity lowers risk;customer velocity raises risk
txn_3ddc9e6a15db,0.9855180556216739,1,0.985518,1,ml_only,0,,,,,,,,1,credential_based_fraud,credential_stuffing,session velocity raises risk;customer one-hour velocity raises risk;IP velocity lowers risk
txn_f36f6f58cff5,0.9424800225443947,1,0.94248,1,ml_only,0,,,,,,,,1,credential_based_fraud,credential_stuffing,customer one-hour velocity raises risk;IP velocity lowers risk;customer velocity raises risk
txn_a6272ebb5f23,0.9806475256287874,1,0.980648,1,ml_only,0,,,,,,,,1,credential_based_fraud,credential_stuffing,customer one-hour velocity raises risk;IP velocity lowers risk;customer velocity raises risk
txn_d0042d108143,0.9967938610787829,1,0.996794,1,ml_only,0,,,,,,,,1,credential_based_fraud,credential_stuffing,session velocity raises risk;customer one-hour velocity raises risk;IP velocity lowers risk
txn_76124b015862,0.8524424144689869,1,0.852442,1,ml_only,0,,,,,,,,1,credential_based_fraud,credential_stuffing,customer one-hour velocity raises risk;IP velocity lowers risk;customer velocity raises risk
txn_1e9a8869b279,0.9845699524784283,1,0.98457,1,ml_only,0,,,,,,,,1,credential_based_fraud,credential_stuffing,customer one-hour velocity raises risk;IP velocity lowers risk;customer velocity raises risk
txn_f7f9b32b5479,0.9923959157038984,1,0.992396,1,ml_only,0,,,,,,,,1,credential_based_fraud,credential_stuffing,session velocity raises risk;customer one-hour velocity raises risk;IP velocity lowers risk
txn_216d743632e2,0.9577785570771347,1,0.957779,1,ml_only,0,,,,,,,,1,credential_based_fraud,credential_stuffing,customer one-hour velocity raises risk;IP velocity lowers risk;customer velocity raises risk
txn_90bf62a04c57,0.9743608701185711,1,0.974361,1,ml_only,0,,,,,,,,1,credential_based_fraud,credential_stuffing,customer one-hour velocity raises risk;customer velocity raises risk;IP velocity lowers risk
txn_d7e69b239bb9,0.9927320907680244,1,0.992732,1,ml_only,0,,,,,,,,1,credential_based_fraud,credential_stuffing,session velocity raises risk;customer one-hour velocity raises risk;customer velocity raises risk
txn_bd4810759b5e,0.9908629283366113,1,0.990863,1,ml_only,0,,,,,,,,1,credential_based_fraud,credential_stuffing,customer one-hour velocity raises risk;high generated risk score raises risk;customer velocity raises risk
txn_dff1e8ceef9d,0.9930204173332441,1,0.99302,1,ml_only,0,,,,,,,,1,credential_based_fraud,credential_stuffing,customer one-hour velocity raises risk;customer velocity raises risk;IP velocity lowers risk
txn_2282cfceea65,0.9899736176014491,1,0.989974,1,ml_only,0,,,,,,,,1,credential_based_fraud,credential_stuffing,customer one-hour velocity raises risk;session velocity raises risk;customer velocity raises risk
txn_4d2ac377fd53,0.9516550693938096,1,0.951655,1,ml_only,0,,,,,,,,1,credential_based_fraud,credential_stuffing,customer one-hour velocity raises risk;customer velocity raises risk;IP velocity lowers risk
txn_fb7e87242082,0.9806102418289051,1,0.98061,1,ml_only,0,,,,,,,,1,credential_based_fraud,credential_stuffing,customer one-hour velocity raises risk;customer velocity raises risk;IP velocity lowers risk
txn_b57e9d418db9,0.9977045551494481,1,0.997705,1,ml_only,0,,,,,,,,1,credential_based_fraud,credential_stuffing,customer one-hour velocity raises risk;session velocity raises risk;customer velocity raises risk
txn_c705ae9ba8ed,0.8989954335239421,1,0.898995,1,ml_only,0,,,,,,,,1,credential_based_fraud,credential_stuffing,customer one-hour velocity raises risk;customer velocity raises risk;IP velocity lowers risk
txn_db3ec29b18ae,0.9881099300616518,1,0.98811,1,ml_only,0,,,,,,,,1,credential_based_fraud,credential_stuffing,customer one-hour velocity raises risk;customer velocity raises risk;IP velocity lowers risk
txn_363e2fcd50b4,0.9956168603925418,1,0.995617,1,ml_only,0,,,,,,,,1,credential_based_fraud,credential_stuffing,session velocity raises risk;customer one-hour velocity raises risk;customer velocity raises risk
txn_f17d719f6022,0.9791538368156294,1,0.979154,1,ml_only,0,,,,,,,,1,credential_based_fraud,credential_stuffing,customer one-hour velocity raises risk;customer velocity raises risk;IP velocity lowers risk
txn_c0c908b3b0ed,0.9500844989465473,1,0.950084,1,ml_only,0,,,,,,,,1,credential_based_fraud,credential_stuffing,customer one-hour velocity raises risk;customer velocity raises risk;IP velocity lowers risk
txn_fcde3d6bf66f,0.9980826535491535,1,0.998083,1,ml_only,0,,,,,,,,1,credential_based_fraud,credential_stuffing,high generated risk score raises risk;session velocity raises risk;customer one-hour velocity raises risk
txn_2a508827765a,0.9559058204242263,1,0.955906,1,ml_only,0,,,,,,,,1,credential_based_fraud,credential_stuffing,customer one-hour velocity raises risk;customer velocity raises risk;IP velocity lowers risk
txn_68f22a5cc1d7,0.9958365812204805,1,0.995837,1,ml_only,0,,,,,,,,1,credential_based_fraud,credential_stuffing,customer one-hour velocity raises risk;customer velocity raises risk;IP velocity lowers risk
txn_3dfb27b85999,0.977962230694628,1,0.977962,1,ml_only,0,,,,,,,,1,credential_based_fraud,credential_stuffing,session velocity raises risk;customer one-hour velocity raises risk;customer velocity raises risk
txn_e8137696f185,0.9806504617352046,1,0.98065,1,ml_only,0,,,,,,,,1,credential_based_fraud,credential_stuffing,customer one-hour velocity raises risk;customer velocity raises risk;IP velocity lowers risk
txn_7b8806beb85b,0.9923954955451884,1,0.992395,1,ml_only,0,,,,,,,,1,credential_based_fraud,credential_stuffing,customer one-hour velocity raises risk;customer velocity raises risk;IP velocity lowers risk
txn_86e1db2fa337,0.9943899767172899,1,0.99439,1,ml_only,0,,,,,,,,1,credential_based_fraud,credential_stuffing,session velocity raises risk;customer one-hour velocity raises risk;customer velocity raises risk
txn_f481de77d0cb,0.9598427294112494,1,0.959843,1,ml_only,0,,,,,,,,1,credential_based_fraud,credential_stuffing,customer one-hour velocity raises risk;customer velocity raises risk;IP velocity lowers risk
txn_362a00145086,0.9934539609770504,1,0.993454,1,ml_only,0,,,,,,,,1,credential_based_fraud,credential_stuffing,customer one-hour velocity raises risk;customer velocity raises risk;IP velocity lowers risk
txn_e06a93f67fdd,0.9938354687621286,1,0.993835,1,ml_only,0,,,,,,,,1,credential_based_fraud,credential_stuffing,session velocity raises risk;customer velocity raises risk;customer one-hour velocity raises risk
txn_f73533c36f59,0.9288189509558423,1,0.928819,1,ml_only,0,,,,,,,,1,credential_based_fraud,credential_stuffing,customer one-hour velocity raises risk;customer velocity raises risk;IP velocity lowers risk
txn_91cf8ad1bbcd,0.9495979601255223,1,0.949598,1,ml_only,0,,,,,,,,1,credential_based_fraud,credential_stuffing,customer one-hour velocity raises risk;customer velocity raises risk;IP velocity lowers risk
txn_9fa5b62c1d48,0.9986002825434366,1,0.9986,1,ml_only,0,,,,,,,,1,credential_based_fraud,credential_stuffing,session velocity raises risk;customer one-hour velocity raises risk;customer velocity raises risk
txn_de473e435daf,0.9697617301740842,1,0.969762,1,ml_only,0,,,,,,,,1,credential_based_fraud,credential_stuffing,customer velocity raises risk;customer one-hour velocity raises risk;IP velocity lowers risk
txn_ccbe69f4dd36,0.993725014262295,1,0.993725,1,ml_only,0,,,,,,,,1,credential_based_fraud,credential_stuffing,customer one-hour velocity raises risk;customer velocity raises risk;device reuse pattern raises risk
txn_a1cb2de4c27b,0.9839364848394749,1,0.983936,1,ml_only,0,,,,,,,,1,credential_based_fraud,credential_stuffing,session velocity raises risk;customer one-hour velocity raises risk;customer velocity raises risk
txn_a4a5f3a6e1b3,0.9745789018896358,1,0.974579,1,ml_only,0,,,,,,,,1,credential_based_fraud,credential_stuffing,customer one-hour velocity raises risk;customer velocity raises risk;device reuse pattern raises risk
txn_392621a15b10,0.9896706157132327,1,0.989671,1,ml_only,0,,,,,,,,1,credential_based_fraud,credential_stuffing,customer one-hour velocity raises risk;customer velocity raises risk;device reuse pattern raises risk
txn_66858bdb0d30,0.9985093733137336,1,0.998509,1,ml_only,0,,,,,,,,1,credential_based_fraud,credential_stuffing,session velocity raises risk;customer one-hour velocity raises risk;high generated risk score raises risk
txn_aff4ba47df00,0.9582223616942066,1,0.958222,1,ml_only,0,,,,,,,,1,credential_based_fraud,credential_stuffing,customer one-hour velocity raises risk;customer velocity raises risk;IP velocity lowers risk
txn_114cd7ab9844,0.9939341090691641,1,0.993934,1,ml_only,0,,,,,,,,1,credential_based_fraud,credential_stuffing,customer one-hour velocity raises risk;customer velocity raises risk;device reuse pattern raises risk
txn_eb45f9d8e840,0.9945412933713363,1,0.994541,1,ml_only,0,,,,,,,,1,credential_based_fraud,credential_stuffing,session velocity raises risk;customer one-hour velocity raises risk;customer velocity raises risk
txn_f57515b35b16,0.987287579488443,1,0.987288,1,ml_only,0,,,,,,,,1,credential_based_fraud,credential_stuffing,customer one-hour velocity raises risk;customer velocity raises risk;device reuse pattern raises risk
txn_dba09afddabc,0.9397727024269082,1,0.939773,1,ml_only,0,,,,,,,,1,credential_based_fraud,credential_stuffing,customer velocity raises risk;customer one-hour velocity raises risk;IP velocity lowers risk
txn_6866adfdac74,0.9923086104837759,1,0.992309,1,ml_only,0,,,,,,,,1,credential_based_fraud,credential_stuffing,session velocity raises risk;customer one-hour velocity raises risk;customer velocity raises risk
txn_4ecbff386418,0.9900034501605338,1,0.990003,1,ml_only,0,,,,,,,,1,credential_based_fraud,credential_stuffing,customer one-hour velocity raises risk;customer velocity raises risk;high generated risk score raises risk
txn_06efbf57492c,0.9882284115165441,1,0.988228,1,ml_only,0,,,,,,,,1,credential_based_fraud,credential_stuffing,customer one-hour velocity raises risk;customer velocity raises risk;device reuse pattern raises risk
txn_78ce7f3c0a52,0.9914594310631227,1,0.991459,1,ml_only,0,,,,,,,,1,credential_based_fraud,credential_stuffing,session velocity raises risk;customer one-hour velocity raises risk;customer velocity raises risk
txn_a5b955b07c8c,0.9658254893903496,1,0.965825,1,ml_only,0,,,,,,,,1,credential_based_fraud,credential_stuffing,customer velocity raises risk;device reuse pattern raises risk;customer one-hour velocity raises risk
txn_025d457cf191,0.9854574407815629,1,0.985457,1,ml_only,0,,,,,,,,1,credential_based_fraud,credential_stuffing,customer velocity raises risk;customer one-hour velocity raises risk;device reuse pattern raises risk
txn_9e6d0b0b5625,0.9920994003806434,1,0.992099,1,ml_only,0,,,,,,,,1,credential_based_fraud,credential_stuffing,session velocity raises risk;customer velocity raises risk;device reuse pattern raises risk
txn_920604a8e095,0.9122356564844968,1,0.912236,1,ml_only,0,,,,,,,,1,credential_based_fraud,credential_stuffing,customer velocity raises risk;customer one-hour velocity raises risk;IP velocity lowers risk
txn_d2c92a8d2a11,0.9788516387774574,1,0.978852,1,ml_only,0,,,,,,,,1,credential_based_fraud,credential_stuffing,customer velocity raises risk;customer one-hour velocity raises risk;device reuse pattern raises risk
txn_48ed5d05b6cb,0.99358271267477,1,0.993583,1,ml_only,0,,,,,,,,1,credential_based_fraud,credential_stuffing,session velocity raises risk;customer velocity raises risk;device reuse pattern raises risk
txn_dc51f3a50da2,0.9199818147393026,1,0.919982,1,ml_only,0,,,,,,,,1,credential_based_fraud,credential_stuffing,customer velocity raises risk;customer one-hour velocity raises risk;device reuse pattern raises risk
txn_a053e027f3d2,0.9693102118170552,1,0.96931,1,ml_only,0,,,,,,,,1,credential_based_fraud,credential_stuffing,customer velocity raises risk;high generated risk score raises risk;customer one-hour velocity raises risk
txn_269deb5a852f,0.9962288182202215,1,0.996229,1,ml_only,0,,,,,,,,1,credential_based_fraud,credential_stuffing,session velocity raises risk;customer velocity raises risk;customer one-hour velocity raises risk
txn_64b3244fe543,0.948259442356872,1,0.948259,1,ml_only,0,,,,,,,,1,credential_based_fraud,credential_stuffing,customer one-hour velocity raises risk;customer velocity raises risk;device reuse pattern raises risk
txn_5278d5e106b3,0.9916738776965073,1,0.991674,1,ml_only,0,,,,,,,,1,credential_based_fraud,credential_stuffing,customer one-hour velocity raises risk;customer velocity raises risk;device reuse pattern raises risk
txn_16ea7334146c,0.9627681797365647,1,0.962768,1,ml_only,0,,,,,,,,1,credential_based_fraud,credential_stuffing,session velocity raises risk;customer one-hour velocity raises risk;customer velocity raises risk
txn_5d12b8721552,0.9848433952551164,1,0.984843,1,ml_only,0,,,,,,,,1,credential_based_fraud,credential_stuffing,customer one-hour velocity raises risk;customer velocity raises risk;device reuse pattern raises risk
txn_4acbd4543356,0.9949011412969571,1,0.994901,1,ml_only,0,,,,,,,,1,credential_based_fraud,credential_stuffing,customer one-hour velocity raises risk;customer velocity raises risk;device reuse pattern raises risk
txn_f06f1bc536cf,0.9963994473383911,1,0.996399,1,ml_only,0,,,,,,,,1,credential_based_fraud,credential_stuffing,session velocity raises risk;customer one-hour velocity raises risk;customer velocity raises risk
txn_f15f12ffa53c,0.8853488627743118,1,0.885349,1,ml_only,0,,,,,,,,1,credential_based_fraud,credential_stuffing,customer velocity raises risk;customer one-hour velocity raises risk;IP velocity lowers risk
txn_bcbbf11fa0cb,0.9862275552865875,1,0.986228,1,ml_only,0,,,,,,,,1,credential_based_fraud,credential_stuffing,customer velocity raises risk;device reuse pattern raises risk;customer one-hour velocity raises risk
txn_e3ff8be20b57,0.990827206585518,1,0.990827,1,ml_only,0,,,,,,,,1,credential_based_fraud,credential_stuffing,session velocity raises risk;customer velocity raises risk;device reuse pattern raises risk
txn_31f49e8a62ce,0.9714440912304212,1,0.971444,1,ml_only,0,,,,,,,,1,credential_based_fraud,credential_stuffing,customer velocity raises risk;customer one-hour velocity raises risk;device reuse pattern raises risk
txn_de558ed46bf6,0.9546040541346663,1,0.954604,1,ml_only,0,,,,,,,,1,credential_based_fraud,credential_stuffing,customer velocity raises risk;customer one-hour velocity raises risk;IP velocity lowers risk
txn_1a4ff6feff78,0.9971568469713777,1,0.997157,1,ml_only,0,,,,,,,,1,credential_based_fraud,credential_stuffing,session velocity raises risk;customer velocity raises risk;customer one-hour velocity raises risk
txn_fc99870d6641,0.9883020517980009,1,0.988302,1,ml_only,0,,,,,,,,1,credential_based_fraud,credential_stuffing,customer one-hour velocity raises risk;customer velocity raises risk;device reuse pattern raises risk
txn_d82936abf718,0.9950902650406905,1,0.99509,1,ml_only,0,,,,,,,,1,credential_based_fraud,credential_stuffing,customer one-hour velocity raises risk;customer velocity raises risk;device reuse pattern raises risk
txn_a145e3308fa1,0.9900404882288987,1,0.99004,1,ml_only,0,,,,,,,,1,credential_based_fraud,credential_stuffing,session velocity raises risk;customer one-hour velocity raises risk;customer velocity raises risk
txn_620ad6af4ba1,0.965851713137237,1,0.965852,1,ml_only,0,,,,,,,,1,credential_based_fraud,credential_stuffing,customer one-hour velocity raises risk;customer velocity raises risk;device reuse pattern raises risk
txn_85ad80dc5aea,0.9453330382511226,1,0.945333,1,ml_only,0,,,,,,,,1,credential_based_fraud,credential_stuffing,customer velocity raises risk;device reuse pattern raises risk;merchant velocity raises risk
txn_d4f8152a8371,0.9940675103718496,1,0.994068,1,ml_only,0,,,,,,,,1,credential_based_fraud,credential_stuffing,session velocity raises risk;customer velocity raises risk;device reuse pattern raises risk
txn_d9a5cf23f4dc,0.9432134673870498,1,0.943213,1,ml_only,0,,,,,,,,1,credential_based_fraud,credential_stuffing,customer velocity raises risk;customer one-hour velocity raises risk;session velocity lowers risk
txn_fecab4329a5b,0.9866749420411924,1,0.986675,1,ml_only,0,,,,,,,,1,credential_based_fraud,credential_stuffing,customer velocity raises risk;device reuse pattern raises risk;customer one-hour velocity raises risk
txn_48ec5a3cd5fa,0.9987730655887098,1,0.998773,1,ml_only,0,,,,,,,,1,credential_based_fraud,credential_stuffing,session velocity raises risk;customer velocity raises risk;high generated risk score raises risk
txn_980cf0208391,0.9791207530442306,1,0.979121,1,ml_only,0,,,,,,,,1,credential_based_fraud,credential_stuffing,customer velocity raises risk;device reuse pattern raises risk;customer one-hour velocity raises risk
txn_ce1d106058fc,0.9871267493370439,1,0.987127,1,ml_only,0,,,,,,,,1,credential_based_fraud,credential_stuffing,customer velocity raises risk;customer one-hour velocity raises risk;IP velocity raises risk
txn_615e9670529b,0.997763316207678,1,0.997763,1,ml_only,0,,,,,,,,1,credential_based_fraud,credential_stuffing,session velocity raises risk;customer velocity raises risk;device reuse pattern raises risk
txn_74eff9725b2d,0.994178708651454,1,0.994179,1,ml_only,0,,,,,,,,1,credential_based_fraud,credential_stuffing,customer velocity raises risk;IP velocity raises risk;device reuse pattern raises risk
txn_223fcb0c19ba,0.999073944654407,1,0.999074,1,ml_only,0,,,,,,,,1,credential_based_fraud,credential_stuffing,IP velocity raises risk;customer velocity raises risk;device reuse pattern raises risk
txn_7fed933fe85d,0.9927847900717435,1,0.992785,1,ml_only,0,,,,,,,,1,credential_based_fraud,credential_stuffing,IP velocity raises risk;session velocity raises risk;customer velocity raises risk
txn_9354c0f89405,0.9949611791784952,1,0.994961,1,ml_only,0,,,,,,,,1,credential_based_fraud,credential_stuffing,IP velocity raises risk;customer velocity raises risk;device reuse pattern raises risk
txn_2620f7893300,0.9990663679257822,1,0.999066,1,ml_only,0,,,,,,,,1,credential_based_fraud,credential_stuffing,IP velocity raises risk;customer velocity raises risk;device reuse pattern raises risk
txn_4eb78704a603,0.9996506722332851,1,0.999651,1,ml_only,0,,,,,,,,1,credential_based_fraud,credential_stuffing,IP velocity raises risk;session velocity raises risk;customer velocity raises risk
txn_e00715e68c79,0.9882014565372783,1,0.988201,1,ml_only,0,,,,,,,,1,credential_based_fraud,credential_stuffing,IP velocity raises risk;customer velocity raises risk;customer one-hour velocity raises risk
txn_853e2801d904,0.9986492255811719,1,0.998649,1,ml_only,0,,,,,,,,1,credential_based_fraud,credential_stuffing,IP velocity raises risk;customer velocity raises risk;device reuse pattern raises risk
txn_a2651344c664,0.9998610802609827,1,0.999861,1,ml_only,0,,,,,,,,1,credential_based_fraud,credential_stuffing,IP velocity raises risk;session velocity raises risk;customer velocity raises risk
txn_bc2680f1226e,0.9986252390718019,1,0.998625,1,ml_only,0,,,,,,,,1,credential_based_fraud,credential_stuffing,IP velocity raises risk;customer velocity raises risk;device reuse pattern raises risk
txn_46946f05f611,0.9986481790799498,1,0.998648,1,ml_only,0,,,,,,,,1,credential_based_fraud,credential_stuffing,IP velocity raises risk;customer velocity raises risk;customer one-hour velocity raises risk
txn_0b1782f2af88,0.9994955396488966,1,0.999496,1,ml_only,0,,,,,,,,1,credential_based_fraud,credential_stuffing,IP velocity raises risk;session velocity raises risk;customer velocity raises risk
txn_66cecb5acfd9,0.9966779120826847,1,0.996678,1,ml_only,0,,,,,,,,1,credential_based_fraud,credential_stuffing,IP velocity raises risk;customer velocity raises risk;device reuse pattern raises risk
txn_d87101703b81,0.9997765334937896,1,0.999777,1,ml_only,0,,,,,,,,1,credential_based_fraud,credential_stuffing,IP velocity raises risk;customer velocity raises risk;device reuse pattern raises risk
txn_cbc080cc095c,0.9983251852122011,1,0.998325,1,ml_only,0,,,,,,,,1,credential_based_fraud,credential_stuffing,IP velocity raises risk;session velocity raises risk;customer velocity raises risk
txn_a00d925b8481,0.9982493966594533,1,0.998249,1,ml_only,0,,,,,,,,1,credential_based_fraud,credential_stuffing,IP velocity raises risk;customer velocity raises risk;device reuse pattern raises risk
txn_132fe3c44064,0.9994402995686517,1,0.99944,1,ml_only,0,,,,,,,,1,credential_based_fraud,credential_stuffing,IP velocity raises risk;customer velocity raises risk;device reuse pattern raises risk
txn_920e5dc3fb76,0.9997358759061511,1,0.999736,1,ml_only,0,,,,,,,,1,credential_based_fraud,credential_stuffing,IP velocity raises risk;session velocity raises risk;customer velocity raises risk
txn_3504728e5cb3,0.9918096760014201,1,0.99181,1,ml_only,0,,,,,,,,1,credential_based_fraud,credential_stuffing,IP velocity raises risk;customer velocity raises risk;customer one-hour velocity raises risk
txn_1dcbb4f159fe,0.9995664773024342,1,0.999566,1,ml_only,0,,,,,,,,1,credential_based_fraud,credential_stuffing,IP velocity raises risk;customer velocity raises risk;device reuse pattern raises risk
txn_33ff6e1442fd,0.9992503611254999,1,0.99925,1,ml_only,0,,,,,,,,1,credential_based_fraud,credential_stuffing,IP velocity raises risk;customer velocity raises risk;session velocity raises risk
txn_bfdf46c2a593,0.9923759767014613,1,0.992376,1,ml_only,0,,,,,,,,1,credential_based_fraud,credential_stuffing,IP velocity raises risk;customer velocity raises risk;device reuse pattern raises risk
txn_69ff0cbfd286,0.9945064034776265,1,0.994506,1,ml_only,0,,,,,,,,1,credential_based_fraud,credential_stuffing,IP velocity raises risk;customer velocity raises risk;merchant velocity raises risk
txn_c86fba96c8ca,0.9991808604704049,1,0.999181,1,ml_only,0,,,,,,,,1,credential_based_fraud,credential_stuffing,customer velocity raises risk;IP velocity raises risk;session velocity raises risk
txn_24ff0a55151d,0.9898582555146418,1,0.989858,1,ml_only,0,,,,,,,,1,credential_based_fraud,credential_stuffing,customer velocity raises risk;device reuse pattern raises risk;IP velocity raises risk
txn_5fced1ad1e81,0.9962576693271566,1,0.996258,1,ml_only,0,,,,,,,,1,credential_based_fraud,credential_stuffing,customer velocity raises risk;device reuse pattern raises risk;merchant velocity raises risk
txn_07797765b8f5,0.976174325155787,1,0.976174,1,ml_only,0,,,,,,,,1,credential_based_fraud,credential_stuffing,customer velocity raises risk;session velocity raises risk;high generated risk score lowers risk
txn_2d28ef8a1525,0.977092472216039,1,0.977092,1,ml_only,0,,,,,,,,1,credential_based_fraud,credential_stuffing,customer velocity raises risk;device reuse pattern raises risk;merchant velocity raises risk
txn_92133a2fa1c7,0.9870908310670117,1,0.987091,1,ml_only,0,,,,,,,,1,credential_based_fraud,credential_stuffing,customer velocity raises risk;device reuse pattern raises risk;merchant velocity raises risk
txn_7fc1730d669f,0.9933247712536157,1,0.993325,1,ml_only,0,,,,,,,,1,credential_based_fraud,credential_stuffing,customer velocity raises risk;session velocity raises risk;device reuse pattern raises risk
txn_77d74edc715b,0.9002843537542333,1,0.900284,1,ml_only,0,,,,,,,,1,credential_based_fraud,credential_stuffing,customer velocity raises risk;merchant velocity raises risk;session velocity lowers risk
txn_c8b61104dabd,0.9920490177454347,1,0.992049,1,ml_only,0,,,,,,,,1,credential_based_fraud,credential_stuffing,customer velocity raises risk;device reuse pattern raises risk;merchant velocity raises risk
txn_21341989ccfa,0.9978843800465379,1,0.997884,1,ml_only,0,,,,,,,,1,credential_based_fraud,credential_stuffing,customer velocity raises risk;session velocity raises risk;device reuse pattern raises risk
txn_24fc13ace00f,0.9754642938037019,1,0.975464,1,ml_only,0,,,,,,,,1,credential_based_fraud,credential_stuffing,customer velocity raises risk;device reuse pattern raises risk;merchant velocity raises risk
txn_c36b89845203,0.9524643923053319,1,0.952464,1,ml_only,0,,,,,,,,1,credential_based_fraud,credential_stuffing,customer velocity raises risk;merchant velocity raises risk;customer one-hour velocity raises risk
txn_d631f15012e4,0.9956836573161034,1,0.995684,1,ml_only,0,,,,,,,,1,credential_based_fraud,credential_stuffing,customer velocity raises risk;session velocity raises risk;device reuse pattern raises risk
txn_12ae1269f588,0.9906154268756366,1,0.990615,1,ml_only,0,,,,,,,,1,credential_based_fraud,credential_stuffing,customer velocity raises risk;device reuse pattern raises risk;customer one-hour velocity raises risk
txn_0897b1c2ca69,0.9938719319399957,1,0.993872,1,ml_only,0,,,,,,,,1,credential_based_fraud,credential_stuffing,customer velocity raises risk;device reuse pattern raises risk;customer one-hour velocity raises risk
txn_57816e3caf02,0.9933364192490356,1,0.993336,1,ml_only,0,,,,,,,,1,credential_based_fraud,credential_stuffing,customer velocity raises risk;session velocity raises risk;customer one-hour velocity raises risk
txn_4b26c5ae7880,0.9912995019583264,1,0.9913,1,ml_only,0,,,,,,,,1,credential_based_fraud,credential_stuffing,customer velocity raises risk;device reuse pattern raises risk;merchant velocity raises risk
txn_6e0628e116c7,0.9875169404026163,1,0.987517,1,ml_only,0,,,,,,,,1,credential_based_fraud,credential_stuffing,customer velocity raises risk;device reuse pattern raises risk;merchant velocity raises risk
txn_88a58574c89d,0.9974926701042668,1,0.997493,1,ml_only,0,,,,,,,,1,credential_based_fraud,credential_stuffing,customer velocity raises risk;session velocity raises risk;device reuse pattern raises risk
txn_cd0c3469d061,0.9124928977168572,1,0.912493,1,ml_only,0,,,,,,,,1,credential_based_fraud,credential_stuffing,customer velocity raises risk;customer one-hour velocity raises risk;merchant velocity raises risk
txn_1833b79758a7,0.9929230705515764,1,0.992923,1,ml_only,0,,,,,,,,1,credential_based_fraud,credential_stuffing,customer velocity raises risk;device reuse pattern raises risk;customer one-hour velocity raises risk
txn_76af273263b3,0.9985825218583191,1,0.998583,1,ml_only,0,,,,,,,,1,credential_based_fraud,credential_stuffing,customer velocity raises risk;session velocity raises risk;device reuse pattern raises risk
txn_da76e76bc778,0.9932474439792814,1,0.993247,1,ml_only,0,,,,,,,,1,credential_based_fraud,credential_stuffing,customer velocity raises risk;device reuse pattern raises risk;customer one-hour velocity raises risk
txn_282a32cf472a,0.9739561108276505,1,0.973956,1,ml_only,0,,,,,,,,1,credential_based_fraud,credential_stuffing,customer velocity raises risk;customer one-hour velocity raises risk;merchant velocity raises risk
txn_437df3e908b6,0.9977599665584842,1,0.99776,1,ml_only,0,,,,,,,,1,credential_based_fraud,credential_stuffing,customer velocity raises risk;session velocity raises risk;device reuse pattern raises risk
txn_010d76a98107,0.5157619258586696,1,0.515762,1,ml_only,0,,,,,,,,1,identity_onboarding_fraud,fraudulent_merchant_onboarding,customer decline history raises risk;customer payment cadence lowers risk;merchant growth pattern raises risk
txn_422203e19c52,0.9716721955558744,1,0.971672,1,ml_only,0,,,,,,,,1,identity_onboarding_fraud,fraudulent_merchant_onboarding,customer decline history raises risk;merchant growth pattern raises risk;customer payment cadence raises risk
txn_29b920e654de,0.992235620268725,1,0.992236,1,ml_only,0,,,,,,,,1,identity_onboarding_fraud,fraudulent_merchant_onboarding,customer decline history raises risk;high generated risk score raises risk;session velocity raises risk
txn_7eae58bf5c92,0.9324575653136183,1,0.932458,1,ml_only,0,,,,,,,,1,identity_onboarding_fraud,fraudulent_merchant_onboarding,customer decline history raises risk;merchant growth pattern raises risk;session velocity lowers risk
txn_b075ad32faf0,0.9422431040545689,1,0.942243,1,ml_only,0,,,,,,,,1,identity_onboarding_fraud,fraudulent_merchant_onboarding,customer decline history raises risk;IP velocity raises risk;merchant growth pattern raises risk
txn_70680c8e9065,0.9940363051021633,1,0.994036,1,ml_only,0,,,,,,,,1,identity_onboarding_fraud,fraudulent_merchant_onboarding,customer decline history raises risk;session velocity raises risk;IP velocity raises risk
txn_ff3b692625c3,0.8990748432524142,1,0.899075,1,ml_only,0,,,,,,,,1,identity_onboarding_fraud,fraudulent_merchant_onboarding,customer decline history raises risk;IP velocity raises risk;merchant growth pattern raises risk
txn_57ceb6b9c1f2,0.9928770453148317,1,0.992877,1,ml_only,0,,,,,,,,1,identity_onboarding_fraud,fraudulent_merchant_onboarding,IP velocity raises risk;customer decline history raises risk;merchant growth pattern raises risk
txn_d4989f3b192b,0.9981417552187638,1,0.998142,1,ml_only,0,,,,,,,,1,identity_onboarding_fraud,fraudulent_merchant_onboarding,IP velocity raises risk;customer decline history raises risk;session velocity raises risk
txn_6abe5992dd65,0.9657186651829173,1,0.965719,1,ml_only,0,,,,,,,,1,identity_onboarding_fraud,fraudulent_merchant_onboarding,IP velocity raises risk;customer decline history raises risk;merchant growth pattern raises risk
txn_d4ebb4f780d0,0.9844700335648662,1,0.98447,1,ml_only,0,,,,,,,,1,identity_onboarding_fraud,fraudulent_merchant_onboarding,IP velocity raises risk;customer decline history raises risk;merchant growth pattern raises risk
txn_2512b1b450dd,0.9969927513762784,1,0.996993,1,ml_only,0,,,,,,,,1,identity_onboarding_fraud,fraudulent_merchant_onboarding,IP velocity raises risk;customer decline history raises risk;session velocity raises risk
txn_dca6ddf99848,0.9821690940806501,1,0.982169,1,ml_only,0,,,,,,,,1,identity_onboarding_fraud,fraudulent_merchant_onboarding,IP velocity raises risk;customer decline history raises risk;merchant growth pattern raises risk
txn_bf3f5600845d,0.9962894288395506,1,0.996289,1,ml_only,0,,,,,,,,1,identity_onboarding_fraud,fraudulent_merchant_onboarding,IP velocity raises risk;customer decline history raises risk;merchant growth pattern raises risk
txn_d14c7990f0f5,0.997916086392347,1,0.997916,1,ml_only,0,,,,,,,,1,identity_onboarding_fraud,fraudulent_merchant_onboarding,IP velocity raises risk;customer decline history raises risk;session velocity raises risk
txn_ddb036ee86ba,0.9939485297815788,1,0.993949,1,ml_only,0,,,,,,,,1,identity_onboarding_fraud,fraudulent_merchant_onboarding,IP velocity raises risk;customer decline history raises risk;merchant growth pattern raises risk
txn_cbd09125f633,0.9966007062964393,1,0.996601,1,ml_only,0,,,,,,,,1,identity_onboarding_fraud,fraudulent_merchant_onboarding,IP velocity raises risk;customer decline history raises risk;merchant growth pattern raises risk
txn_7b84a8b00557,0.998169218975046,1,0.998169,1,ml_only,0,,,,,,,,1,identity_onboarding_fraud,fraudulent_merchant_onboarding,IP velocity raises risk;customer decline history raises risk;session velocity raises risk
txn_39655ddd4c04,0.994003358764347,1,0.994003,1,ml_only,0,,,,,,,,1,identity_onboarding_fraud,fraudulent_merchant_onboarding,IP velocity raises risk;customer decline history raises risk;merchant growth pattern raises risk
txn_f687356231ff,0.994808944272024,1,0.994809,1,ml_only,0,,,,,,,,1,identity_onboarding_fraud,fraudulent_merchant_onboarding,IP velocity raises risk;customer decline history raises risk;merchant growth pattern raises risk
txn_f10727152e54,0.9987798910220756,1,0.99878,1,ml_only,0,,,,,,,,1,identity_onboarding_fraud,fraudulent_merchant_onboarding,IP velocity raises risk;customer decline history raises risk;session velocity raises risk
txn_97c87d4c47d4,0.9950172919231476,1,0.995017,1,ml_only,0,,,,,,,,1,identity_onboarding_fraud,fraudulent_merchant_onboarding,IP velocity raises risk;customer decline history raises risk;merchant growth pattern raises risk
txn_77f6e7493c91,0.9918107571786708,1,0.991811,1,ml_only,0,,,,,,,,1,identity_onboarding_fraud,fraudulent_merchant_onboarding,IP velocity raises risk;customer decline history raises risk;merchant growth pattern raises risk
txn_1840bb38ad92,0.9993681818318491,1,0.999368,1,ml_only,0,,,,,,,,1,identity_onboarding_fraud,fraudulent_merchant_onboarding,IP velocity raises risk;customer decline history raises risk;session velocity raises risk
txn_d09323b6daa9,0.9941737791538037,1,0.994174,1,ml_only,0,,,,,,,,1,identity_onboarding_fraud,fraudulent_merchant_onboarding,IP velocity raises risk;customer decline history raises risk;merchant growth pattern raises risk
txn_d4d0aef11194,0.9971001538568283,1,0.9971,1,ml_only,0,,,,,,,,1,identity_onboarding_fraud,fraudulent_merchant_onboarding,IP velocity raises risk;customer decline history raises risk;merchant growth pattern raises risk
txn_d8d768ae53f2,0.9992418900986619,1,0.999242,1,ml_only,0,,,,,,,,1,identity_onboarding_fraud,fraudulent_merchant_onboarding,IP velocity raises risk;customer decline history raises risk;session velocity raises risk
txn_f1341c2df655,0.9804986619455682,1,0.980499,1,ml_only,0,,,,,,,,1,identity_onboarding_fraud,fraudulent_merchant_onboarding,IP velocity raises risk;customer decline history raises risk;merchant growth pattern raises risk
txn_8c8cdec5ff34,0.9964772635723459,1,0.996477,1,ml_only,0,,,,,,,,1,identity_onboarding_fraud,fraudulent_merchant_onboarding,IP velocity raises risk;customer decline history raises risk;merchant growth pattern raises risk
txn_d2003dd39f7d,0.998530588127815,1,0.998531,1,ml_only,0,,,,,,,,1,identity_onboarding_fraud,fraudulent_merchant_onboarding,IP velocity raises risk;customer decline history raises risk;session velocity raises risk
txn_5201961c7e86,0.9911565754313874,1,0.991157,1,ml_only,0,,,,,,,,1,identity_onboarding_fraud,fraudulent_merchant_onboarding,customer decline history raises risk;IP velocity raises risk;merchant growth pattern raises risk
txn_a8a9f8da8a48,0.9942547630197899,1,0.994255,1,ml_only,0,,,,,,,,1,identity_onboarding_fraud,fraudulent_merchant_onboarding,customer decline history raises risk;IP velocity raises risk;merchant growth pattern raises risk
txn_dd3eaa73b871,0.9972672582011505,1,0.997267,1,ml_only,0,,,,,,,,1,identity_onboarding_fraud,fraudulent_merchant_onboarding,customer decline history raises risk;session velocity raises risk;IP velocity raises risk
txn_4bf33f780858,0.9854232263206522,1,0.985423,1,ml_only,0,,,,,,,,1,identity_onboarding_fraud,fraudulent_merchant_onboarding,IP velocity raises risk;customer decline history raises risk;merchant growth pattern raises risk
txn_9964fe3831e7,0.9826056571962848,1,0.982606,1,ml_only,0,,,,,,,,1,identity_onboarding_fraud,fraudulent_merchant_onboarding,customer decline history raises risk;merchant growth pattern raises risk;IP velocity raises risk
txn_52f411d1495a,0.9951727462646763,1,0.995173,1,ml_only,0,,,,,,,,1,identity_onboarding_fraud,fraudulent_merchant_onboarding,customer decline history raises risk;session velocity raises risk;merchant growth pattern raises risk
txn_2c1bb9101df7,0.8389766075670343,1,0.838977,1,ml_only,0,,,,,,,,1,identity_onboarding_fraud,fraudulent_merchant_onboarding,customer decline history raises risk;merchant growth pattern raises risk;IP velocity raises risk
txn_30e0090bbc9e,0.9880205727774516,1,0.988021,1,ml_only,0,,,,,,,,1,identity_onboarding_fraud,fraudulent_merchant_onboarding,customer decline history raises risk;merchant growth pattern raises risk;high generated risk score raises risk
txn_5bdb0a935cae,0.9958121228464173,1,0.995812,1,ml_only,0,,,,,,,,1,identity_onboarding_fraud,fraudulent_merchant_onboarding,customer decline history raises risk;session velocity raises risk;merchant growth pattern raises risk
txn_af774f5189e1,0.24622022180876474,0,0.24622,0,ml_only,0,,,,,,,,1,identity_onboarding_fraud,mule_account_creation,customer decline history raises risk;customer payment cadence lowers risk;session velocity lowers risk
txn_57ebca8ccb56,0.6469468280910334,1,0.646947,1,ml_only,0,,,,,,,,1,identity_onboarding_fraud,mule_account_creation,customer decline history raises risk;amount deviation from customer history lowers risk;high generated risk score lowers risk
txn_eb7801f72e26,0.9593869790582167,1,0.959387,1,ml_only,0,,,,,,,,1,identity_onboarding_fraud,mule_account_creation,customer decline history raises risk;session velocity raises risk;merchant chargeback behavior raises risk
txn_f84a52abb4ac,0.7759581490206279,1,0.775958,1,ml_only,0,,,,,,,,1,identity_onboarding_fraud,mule_account_creation,customer decline history raises risk;session velocity lowers risk;merchant chargeback behavior raises risk
txn_41b15f039e11,0.9820272709781257,1,0.982027,1,ml_only,0,,,,,,,,1,identity_onboarding_fraud,mule_account_creation,customer decline history raises risk;high generated risk score raises risk;merchant chargeback behavior raises risk
txn_17df180d4fd2,0.9895268250145192,1,0.989527,1,ml_only,0,,,,,,,,1,identity_onboarding_fraud,mule_account_creation,customer decline history raises risk;session velocity raises risk;IP velocity raises risk
txn_d1f7498cc897,0.8558876826004568,1,0.855888,1,ml_only,0,,,,,,,,1,identity_onboarding_fraud,mule_account_creation,customer decline history raises risk;IP velocity raises risk;session velocity lowers risk
txn_f538ffba4021,0.9742433617240521,1,0.974243,1,ml_only,0,,,,,,,,1,identity_onboarding_fraud,mule_account_creation,customer decline history raises risk;IP velocity raises risk;merchant chargeback behavior raises risk
txn_0db5cd7ddd60,0.9922231949707735,1,0.992223,1,ml_only,0,,,,,,,,1,identity_onboarding_fraud,mule_account_creation,customer decline history raises risk;IP velocity raises risk;session velocity raises risk
txn_24830e235083,0.9815506053300673,1,0.981551,1,ml_only,0,,,,,,,,1,identity_onboarding_fraud,mule_account_creation,customer decline history raises risk;IP velocity raises risk;session velocity lowers risk
txn_8c3b2a8a39f1,0.9861218046629702,1,0.986122,1,ml_only,0,,,,,,,,1,identity_onboarding_fraud,mule_account_creation,IP velocity raises risk;customer decline history raises risk;merchant chargeback behavior raises risk
txn_e49475ad8967,0.9911157106369257,1,0.991116,1,ml_only,0,,,,,,,,1,identity_onboarding_fraud,mule_account_creation,IP velocity raises risk;customer decline history raises risk;session velocity raises risk
txn_36b1d66a4e2b,0.966180796477351,1,0.966181,1,ml_only,0,,,,,,,,1,identity_onboarding_fraud,mule_account_creation,IP velocity raises risk;customer decline history raises risk;session velocity lowers risk
txn_9e5d5dc40cfd,0.9952848519865222,1,0.995285,1,ml_only,0,,,,,,,,1,identity_onboarding_fraud,mule_account_creation,IP velocity raises risk;customer decline history raises risk;merchant chargeback behavior raises risk
txn_8d103baf3171,0.9957032599077982,1,0.995703,1,ml_only,0,,,,,,,,1,identity_onboarding_fraud,mule_account_creation,IP velocity raises risk;customer decline history raises risk;session velocity raises risk
txn_63b423cc6ce4,0.9873268581851433,1,0.987327,1,ml_only,0,,,,,,,,1,identity_onboarding_fraud,mule_account_creation,IP velocity raises risk;customer decline history raises risk;session velocity lowers risk
txn_e2a3b1796370,0.9934083711922765,1,0.993408,1,ml_only,0,,,,,,,,1,identity_onboarding_fraud,mule_account_creation,IP velocity raises risk;customer decline history raises risk;merchant chargeback behavior raises risk
txn_67d5677893c2,0.9986826490963902,1,0.998683,1,ml_only,0,,,,,,,,1,identity_onboarding_fraud,mule_account_creation,IP velocity raises risk;customer decline history raises risk;session velocity raises risk
txn_121e0a2ef3a0,0.9723911113693925,1,0.972391,1,ml_only,0,,,,,,,,1,identity_onboarding_fraud,mule_account_creation,IP velocity raises risk;customer decline history raises risk;high generated risk score lowers risk
txn_1ed4aa67d8f4,0.9900283447994811,1,0.990028,1,ml_only,0,,,,,,,,1,identity_onboarding_fraud,mule_account_creation,IP velocity raises risk;customer decline history raises risk;merchant chargeback behavior raises risk
txn_89a4b7627d52,0.9977486774156861,1,0.997749,1,ml_only,0,,,,,,,,1,identity_onboarding_fraud,mule_account_creation,IP velocity raises risk;customer decline history raises risk;session velocity raises risk
txn_9d846df83b43,0.9933435654325412,1,0.993344,1,ml_only,0,,,,,,,,1,identity_onboarding_fraud,mule_account_creation,IP velocity raises risk;customer decline history raises risk;session velocity lowers risk
txn_5102a809c536,0.996805095656569,1,0.996805,1,ml_only,0,,,,,,,,1,identity_onboarding_fraud,mule_account_creation,IP velocity raises risk;customer decline history raises risk;merchant chargeback behavior raises risk
txn_d9c0ab98e11b,0.9980698202973616,1,0.99807,1,ml_only,0,,,,,,,,1,identity_onboarding_fraud,mule_account_creation,IP velocity raises risk;customer decline history raises risk;session velocity raises risk
txn_18f1787a076f,0.9791836191639497,1,0.979184,1,ml_only,0,,,,,,,,1,identity_onboarding_fraud,mule_account_creation,IP velocity raises risk;customer decline history raises risk;session velocity lowers risk
txn_abbda02b8d73,0.9810828767456526,1,0.981083,1,ml_only,0,,,,,,,,1,identity_onboarding_fraud,mule_account_creation,IP velocity raises risk;customer decline history raises risk;high generated risk score lowers risk
txn_dbe3a864560e,0.9911279954399531,1,0.991128,1,ml_only,0,,,,,,,,1,identity_onboarding_fraud,mule_account_creation,customer decline history raises risk;IP velocity raises risk;session velocity raises risk
txn_5964ca1d1f38,0.8918469146246908,1,0.891847,1,ml_only,0,,,,,,,,1,identity_onboarding_fraud,mule_account_creation,amount deviation from customer history lowers risk;customer decline history raises risk;IP velocity raises risk
txn_a86b45db1a9a,0.9899254685555694,1,0.989925,1,ml_only,0,,,,,,,,1,identity_onboarding_fraud,mule_account_creation,customer decline history raises risk;IP velocity raises risk;merchant chargeback behavior raises risk
txn_a09e5fff61f3,0.9927796925200806,1,0.99278,1,ml_only,0,,,,,,,,1,identity_onboarding_fraud,mule_account_creation,IP velocity raises risk;customer decline history raises risk;session velocity raises risk
txn_5e75329441a5,0.9795959175774547,1,0.979596,1,ml_only,0,,,,,,,,1,identity_onboarding_fraud,mule_account_creation,customer decline history raises risk;IP velocity raises risk;session velocity lowers risk
txn_1284bf5fea30,0.9874952430677667,1,0.987495,1,ml_only,0,,,,,,,,1,identity_onboarding_fraud,mule_account_creation,customer decline history raises risk;IP velocity raises risk;merchant chargeback behavior raises risk
txn_c19f05623f9c,0.9868374322076315,1,0.986837,1,ml_only,0,,,,,,,,1,identity_onboarding_fraud,mule_account_creation,customer decline history raises risk;session velocity raises risk;IP velocity raises risk
txn_9fcb926a0084,0.9365232118617899,1,0.936523,1,ml_only,0,,,,,,,,1,identity_onboarding_fraud,mule_account_creation,customer decline history raises risk;IP velocity raises risk;session velocity lowers risk
txn_209213606cbc,0.9743231281272684,1,0.974323,1,ml_only,0,,,,,,,,1,identity_onboarding_fraud,mule_account_creation,customer decline history raises risk;IP velocity raises risk;high generated risk score raises risk
txn_d254307d4f95,0.9940053519152624,1,0.994005,1,ml_only,0,,,,,,,,1,identity_onboarding_fraud,mule_account_creation,customer decline history raises risk;session velocity raises risk;IP velocity raises risk
txn_22ad41ee7e58,0.8456161198133224,1,0.845616,1,ml_only,0,,,,,,,,1,identity_onboarding_fraud,mule_account_creation,customer decline history raises risk;IP velocity raises risk;session velocity lowers risk
txn_26560b7730e0,0.979495820172861,1,0.979496,1,ml_only,0,,,,,,,,1,identity_onboarding_fraud,mule_account_creation,customer decline history raises risk;IP velocity raises risk;merchant chargeback behavior raises risk
txn_cd23e9a0eadc,0.9788847954759655,1,0.978885,1,ml_only,0,,,,,,,,1,identity_onboarding_fraud,mule_account_creation,customer decline history raises risk;session velocity raises risk;IP velocity raises risk
txn_a67f359e0f2c,0.9349520096384548,1,0.934952,1,ml_only,0,,,,,,,,1,identity_onboarding_fraud,mule_account_creation,customer decline history raises risk;IP velocity raises risk;session velocity lowers risk
txn_1d18f6a41dd5,0.20822237107644886,0,0.208222,0,ml_only,0,,,,,,,,1,identity_onboarding_fraud,stolen_identity_signup,customer payment cadence lowers risk;session velocity lowers risk;customer decline history raises risk
txn_218cf51add5e,0.7132814927826938,1,0.713281,1,ml_only,0,,,,,,,,1,identity_onboarding_fraud,stolen_identity_signup,customer decline history raises risk;high generated risk score lowers risk;merchant age raises risk
txn_077ecf2a486f,0.9653182964073639,1,0.965318,1,ml_only,0,,,,,,,,1,identity_onboarding_fraud,stolen_identity_signup,session velocity raises risk;customer decline history raises risk;high generated risk score raises risk
txn_ea48db7355cd,0.7967760639027387,1,0.796776,1,ml_only,0,,,,,,,,1,identity_onboarding_fraud,stolen_identity_signup,IP velocity raises risk;session velocity lowers risk;customer decline history raises risk
txn_6a47d8add6d0,0.759229611073207,1,0.75923,1,ml_only,0,,,,,,,,1,identity_onboarding_fraud,stolen_identity_signup,amount deviation from customer history lowers risk;customer decline history raises risk;customer payment cadence raises risk
txn_d1a13e580f68,0.969342068556571,1,0.969342,1,ml_only,0,,,,,,,,1,identity_onboarding_fraud,stolen_identity_signup,session velocity raises risk;IP velocity raises risk;customer decline history raises risk
txn_9f962caa6abc,0.8704400879698917,1,0.87044,1,ml_only,0,,,,,,,,1,identity_onboarding_fraud,stolen_identity_signup,IP velocity raises risk;session velocity lowers risk;customer decline history raises risk
txn_a3b02a07c56d,0.9675014037402629,1,0.967501,1,ml_only,0,,,,,,,,1,identity_onboarding_fraud,stolen_identity_signup,IP velocity raises risk;customer decline history raises risk;merchant age raises risk
txn_80d83b69f16f,0.9947054388907534,1,0.994705,1,ml_only,0,,,,,,,,1,identity_onboarding_fraud,stolen_identity_signup,IP velocity raises risk;session velocity raises risk;high generated risk score raises risk
txn_c3709d3d5878,0.8688215664077218,1,0.868822,1,ml_only,0,,,,,,,,1,identity_onboarding_fraud,stolen_identity_signup,IP velocity raises risk;session velocity lowers risk;customer decline history raises risk
txn_8ead8af38871,0.9942882379031862,1,0.994288,1,ml_only,0,,,,,,,,1,identity_onboarding_fraud,stolen_identity_signup,high generated risk score raises risk;IP velocity raises risk;customer decline history raises risk
txn_6826a925e649,0.9877384493349097,1,0.987738,1,ml_only,0,,,,,,,,1,identity_onboarding_fraud,stolen_identity_signup,IP velocity raises risk;session velocity raises risk;customer decline history raises risk
txn_ef552fb5a250,0.9637540305240617,1,0.963754,1,ml_only,0,,,,,,,,1,identity_onboarding_fraud,stolen_identity_signup,IP velocity raises risk;session velocity lowers risk;customer decline history raises risk
txn_4b0593b7019f,0.9340283746551894,1,0.934028,1,ml_only,0,,,,,,,,1,identity_onboarding_fraud,stolen_identity_signup,IP velocity raises risk;amount deviation from customer history lowers risk;customer decline history raises risk
txn_55309f50e35e,0.9960771125594786,1,0.996077,1,ml_only,0,,,,,,,,1,identity_onboarding_fraud,stolen_identity_signup,IP velocity raises risk;session velocity raises risk;customer decline history raises risk
txn_92a3447d8168,0.9701942324761151,1,0.970194,1,ml_only,0,,,,,,,,1,identity_onboarding_fraud,stolen_identity_signup,IP velocity raises risk;session velocity lowers risk;customer decline history raises risk
txn_682218f258c3,0.14444799277378076,0,0.144448,0,ml_only,0,,,,,,,,1,identity_onboarding_fraud,synthetic_identity,customer payment cadence lowers risk;session velocity lowers risk;high generated risk score raises risk
txn_f6a494dab98b,0.5657260874761769,1,0.565726,1,ml_only,0,,,,,,,,1,identity_onboarding_fraud,synthetic_identity,amount deviation from customer history lowers risk;high generated risk score raises risk;customer one-hour velocity lowers risk
txn_1520775aab7d,0.8325040141000696,1,0.832504,1,ml_only,0,,,,,,,,1,identity_onboarding_fraud,synthetic_identity,session velocity raises risk;customer payment cadence raises risk;high generated risk score lowers risk
txn_59cd9c564325,0.7248076483814595,1,0.724808,1,ml_only,0,,,,,,,,1,identity_onboarding_fraud,synthetic_identity,IP velocity raises risk;session velocity lowers risk;customer one-hour velocity lowers risk
txn_70e8a9121fed,0.846596724579369,1,0.846597,1,ml_only,0,,,,,,,,1,identity_onboarding_fraud,synthetic_identity,IP velocity raises risk;high generated risk score raises risk;customer one-hour velocity lowers risk
txn_69fb285e462d,0.9543777902097341,1,0.954378,1,ml_only,0,,,,,,,,1,identity_onboarding_fraud,synthetic_identity,IP velocity raises risk;session velocity raises risk;customer payment cadence raises risk
txn_e156044cd8c5,0.7664291401922209,1,0.766429,1,ml_only,0,,,,,,,,1,identity_onboarding_fraud,synthetic_identity,IP velocity raises risk;session velocity lowers risk;high generated risk score lowers risk
txn_ae3ddb8c66a1,0.9548249034948446,1,0.954825,1,ml_only,0,,,,,,,,1,identity_onboarding_fraud,synthetic_identity,IP velocity raises risk;customer one-hour velocity lowers risk;customer payment cadence raises risk
txn_54ca458c2c17,0.9421803567060303,1,0.94218,1,ml_only,0,,,,,,,,1,identity_onboarding_fraud,synthetic_identity,IP velocity raises risk;session velocity raises risk;amount deviation from customer history lowers risk
txn_22be6e94c562,0.8173407394995412,1,0.817341,1,ml_only,0,,,,,,,,1,identity_onboarding_fraud,synthetic_identity,IP velocity raises risk;session velocity lowers risk;customer one-hour velocity lowers risk
txn_df91b6961bb7,0.9622800028844238,1,0.96228,1,ml_only,0,,,,,,,,1,identity_onboarding_fraud,synthetic_identity,IP velocity raises risk;high generated risk score raises risk;customer payment cadence raises risk
txn_511618fef5a5,0.5149988123782463,1,0.514999,1,ml_only,0,,,,,,,,1,identity_onboarding_fraud,synthetic_business,customer decline history raises risk;customer payment cadence lowers risk;IP velocity lowers risk
txn_ac2c09b7f1e5,0.957404929888082,1,0.957405,1,ml_only,0,,,,,,,,1,identity_onboarding_fraud,synthetic_business,customer decline history raises risk;customer payment cadence raises risk;customer one-hour velocity lowers risk
txn_5e6e3a5aa786,0.9866746705238577,1,0.986675,1,ml_only,0,,,,,,,,1,identity_onboarding_fraud,synthetic_business,customer decline history raises risk;session velocity raises risk;customer payment cadence raises risk
txn_bf64c9d5dc0d,0.846579952503843,1,0.84658,1,ml_only,0,,,,,,,,1,identity_onboarding_fraud,synthetic_business,customer decline history raises risk;session velocity lowers risk;customer payment cadence raises risk
txn_1df8270ac8e7,0.9840624396041698,1,0.984062,1,ml_only,0,,,,,,,,1,identity_onboarding_fraud,synthetic_business,customer decline history raises risk;high generated risk score raises risk;customer payment cadence raises risk
txn_627596b31710,0.9921399965043971,1,0.99214,1,ml_only,0,,,,,,,,1,identity_onboarding_fraud,synthetic_business,customer decline history raises risk;session velocity raises risk;IP velocity raises risk
txn_6f3921895a19,0.9531489158663603,1,0.953149,1,ml_only,0,,,,,,,,1,identity_onboarding_fraud,synthetic_business,customer decline history raises risk;IP velocity raises risk;session velocity lowers risk
txn_f4a66e1e0cc5,0.9825503817363114,1,0.98255,1,ml_only,0,,,,,,,,1,identity_onboarding_fraud,synthetic_business,customer decline history raises risk;IP velocity raises risk;customer one-hour velocity lowers risk
txn_c34e2b9ecffa,0.9956702734279858,1,0.99567,1,ml_only,0,,,,,,,,1,identity_onboarding_fraud,synthetic_business,customer decline history raises risk;IP velocity raises risk;session velocity raises risk
txn_c27037301d64,0.9878572944487582,1,0.987857,1,ml_only,0,,,,,,,,1,identity_onboarding_fraud,synthetic_business,customer decline history raises risk;IP velocity raises risk;session velocity lowers risk
txn_08bd59797eeb,0.9967362160984304,1,0.996736,1,ml_only,0,,,,,,,,1,identity_onboarding_fraud,synthetic_business,customer decline history raises risk;IP velocity raises risk;high generated risk score raises risk
txn_487fb91bbd54,0.9964598818491812,1,0.99646,1,ml_only,0,,,,,,,,1,identity_onboarding_fraud,synthetic_business,IP velocity raises risk;customer decline history raises risk;session velocity raises risk
txn_aa9fe97c512c,0.03587217097769567,0,0.035872,0,ml_only,0,,,,,,,,1,merchant_ecosystem_abuse,bust_out_merchant,customer payment cadence lowers risk;merchant age lowers risk;IP velocity lowers risk
txn_1f8d2099e15a,0.6666141940646171,1,0.666614,1,ml_only,0,,,,,,,,1,merchant_ecosystem_abuse,bust_out_merchant,merchant age lowers risk;customer one-hour velocity lowers risk;customer payment cadence raises risk
txn_80f317d97afd,0.7123260074872353,1,0.712326,1,ml_only,0,,,,,,,,1,merchant_ecosystem_abuse,bust_out_merchant,session velocity raises risk;merchant age lowers risk;IP velocity raises risk
txn_f3a56a6ca3c4,0.3462737302875132,1,0.346274,1,ml_only,0,,,,,,,,1,merchant_ecosystem_abuse,bust_out_merchant,merchant age lowers risk;session velocity lowers risk;IP velocity raises risk
txn_9e90cd63124f,0.7466308072583566,1,0.746631,1,ml_only,0,,,,,,,,1,merchant_ecosystem_abuse,bust_out_merchant,merchant age lowers risk;IP velocity raises risk;customer payment cadence raises risk
txn_c9f07d21317d,0.8218492745956746,1,0.821849,1,ml_only,0,,,,,,,,1,merchant_ecosystem_abuse,bust_out_merchant,session velocity raises risk;IP velocity raises risk;merchant age lowers risk
txn_d8667b08abd7,0.47712459016780584,1,0.477125,1,ml_only,0,,,,,,,,1,merchant_ecosystem_abuse,bust_out_merchant,IP velocity raises risk;merchant age lowers risk;session velocity lowers risk
txn_1717ff47e22a,0.8897130851574355,1,0.889713,1,ml_only,0,,,,,,,,1,merchant_ecosystem_abuse,bust_out_merchant,IP velocity raises risk;merchant age lowers risk;high generated risk score raises risk
txn_f8bcb9d71122,0.7817777226233846,1,0.781778,1,ml_only,0,,,,,,,,1,merchant_ecosystem_abuse,bust_out_merchant,IP velocity raises risk;session velocity raises risk;merchant age lowers risk
txn_49bcb8293c15,0.6531498871594185,1,0.65315,1,ml_only,0,,,,,,,,1,merchant_ecosystem_abuse,bust_out_merchant,IP velocity raises risk;merchant age lowers risk;session velocity lowers risk
txn_7334e3b8b66e,0.8448704845075103,1,0.84487,1,ml_only,0,,,,,,,,1,merchant_ecosystem_abuse,bust_out_merchant,IP velocity raises risk;merchant age lowers risk;customer payment cadence raises risk
txn_32f305bc5560,0.930116941060291,1,0.930117,1,ml_only,0,,,,,,,,1,merchant_ecosystem_abuse,bust_out_merchant,IP velocity raises risk;session velocity raises risk;merchant age lowers risk
txn_8ecfa967d329,0.8179573760796088,1,0.817957,1,ml_only,0,,,,,,,,1,merchant_ecosystem_abuse,bust_out_merchant,IP velocity raises risk;merchant age lowers risk;session velocity lowers risk
txn_2b978aad2e9d,0.9689403415865403,1,0.96894,1,ml_only,0,,,,,,,,1,merchant_ecosystem_abuse,bust_out_merchant,IP velocity raises risk;merchant age lowers risk;high generated risk score raises risk
txn_2dbfd83b8f2f,0.9912079713546598,1,0.991208,1,ml_only,0,,,,,,,,1,merchant_ecosystem_abuse,bust_out_merchant,IP velocity raises risk;session velocity raises risk;high generated risk score raises risk
txn_0a47af99aadf,0.8349063817371839,1,0.834906,1,ml_only,0,,,,,,,,1,merchant_ecosystem_abuse,bust_out_merchant,IP velocity raises risk;merchant age lowers risk;session velocity lowers risk
txn_f9df7fc77d75,0.8852110836694435,1,0.885211,1,ml_only,0,,,,,,,,1,merchant_ecosystem_abuse,bust_out_merchant,IP velocity raises risk;merchant age lowers risk;customer one-hour velocity lowers risk
txn_a2485a279656,0.9479733934617385,1,0.947973,1,ml_only,0,,,,,,,,1,merchant_ecosystem_abuse,bust_out_merchant,IP velocity raises risk;session velocity raises risk;merchant age lowers risk
txn_4c287d05d2fa,0.8745269114729223,1,0.874527,1,ml_only,0,,,,,,,,1,merchant_ecosystem_abuse,bust_out_merchant,IP velocity raises risk;merchant age lowers risk;session velocity lowers risk
txn_43e114112ebe,0.9460757843662728,1,0.946076,1,ml_only,0,,,,,,,,1,merchant_ecosystem_abuse,bust_out_merchant,IP velocity raises risk;merchant age lowers risk;customer payment cadence raises risk
txn_02834c984d9d,0.9764789263485567,1,0.976479,1,ml_only,0,,,,,,,,1,merchant_ecosystem_abuse,bust_out_merchant,IP velocity raises risk;session velocity raises risk;merchant age lowers risk
txn_cb4bc538c7f0,0.9155174970448158,1,0.915517,1,ml_only,0,,,,,,,,1,merchant_ecosystem_abuse,bust_out_merchant,IP velocity raises risk;merchant age lowers risk;session velocity lowers risk
txn_42361dc37b6f,0.9287611137934878,1,0.928761,1,ml_only,0,,,,,,,,1,merchant_ecosystem_abuse,bust_out_merchant,IP velocity raises risk;merchant age lowers risk;customer one-hour velocity lowers risk
txn_6d831fbd7391,0.9684196158602133,1,0.96842,1,ml_only,0,,,,,,,,1,merchant_ecosystem_abuse,bust_out_merchant,IP velocity raises risk;session velocity raises risk;merchant age lowers risk
txn_56d1cba05e3d,0.8549007778870678,1,0.854901,1,ml_only,0,,,,,,,,1,merchant_ecosystem_abuse,bust_out_merchant,IP velocity raises risk;merchant age lowers risk;session velocity lowers risk
txn_2b1ab384e3a6,0.8578233556661473,1,0.857823,1,ml_only,0,,,,,,,,1,merchant_ecosystem_abuse,bust_out_merchant,IP velocity raises risk;merchant age lowers risk;customer payment cadence raises risk
txn_1e26d973adc0,0.958498002291718,1,0.958498,1,ml_only,0,,,,,,,,1,merchant_ecosystem_abuse,bust_out_merchant,IP velocity raises risk;session velocity raises risk;merchant age lowers risk
txn_9678c9b74863,0.6508148019205724,1,0.650815,1,ml_only,0,,,,,,,,1,merchant_ecosystem_abuse,bust_out_merchant,IP velocity raises risk;merchant age lowers risk;session velocity lowers risk
txn_2237ff335d80,0.8513233262673298,1,0.851323,1,ml_only,0,,,,,,,,1,merchant_ecosystem_abuse,bust_out_merchant,IP velocity raises risk;merchant age lowers risk;customer payment cadence raises risk
txn_62376570404f,0.8997297576979277,1,0.89973,1,ml_only,0,,,,,,,,1,merchant_ecosystem_abuse,bust_out_merchant,IP velocity raises risk;session velocity raises risk;merchant age lowers risk
txn_545ec4c0fce5,0.6021190276590189,1,0.602119,1,ml_only,0,,,,,,,,1,merchant_ecosystem_abuse,bust_out_merchant,IP velocity raises risk;merchant age lowers risk;session velocity lowers risk
txn_c32b0a71646a,0.7764262958829576,1,0.776426,1,ml_only,0,,,,,,,,1,merchant_ecosystem_abuse,bust_out_merchant,IP velocity raises risk;merchant age lowers risk;customer one-hour velocity lowers risk
txn_ea13aafcd461,0.956543908725409,1,0.956544,1,ml_only,0,,,,,,,,1,merchant_ecosystem_abuse,bust_out_merchant,IP velocity raises risk;session velocity raises risk;merchant age lowers risk
txn_a886b0ebb7f9,0.6741737114404232,1,0.674174,1,ml_only,0,,,,,,,,1,merchant_ecosystem_abuse,bust_out_merchant,IP velocity raises risk;merchant age lowers risk;session velocity lowers risk
txn_864c19bda634,0.7820366964864736,1,0.782037,1,ml_only,0,,,,,,,,1,merchant_ecosystem_abuse,bust_out_merchant,IP velocity raises risk;merchant age lowers risk;high generated risk score lowers risk
txn_1081543f527b,0.7792379375151441,1,0.779238,1,ml_only,0,,,,,,,,1,merchant_ecosystem_abuse,bust_out_merchant,session velocity raises risk;IP velocity raises risk;merchant age lowers risk
txn_13e7fb29e09f,0.3375868450319207,1,0.337587,1,ml_only,0,,,,,,,,1,merchant_ecosystem_abuse,bust_out_merchant,merchant age lowers risk;IP velocity raises risk;session velocity lowers risk
txn_1f3d4429dbe1,0.7491338458382437,1,0.749134,1,ml_only,0,,,,,,,,1,merchant_ecosystem_abuse,bust_out_merchant,merchant age lowers risk;IP velocity raises risk;customer payment cadence raises risk
txn_a87b08b21fb5,0.8720043213845524,1,0.872004,1,ml_only,0,,,,,,,,1,merchant_ecosystem_abuse,bust_out_merchant,session velocity raises risk;merchant age lowers risk;IP velocity raises risk
txn_1a1a111d2313,0.3050698783688242,1,0.30507,1,ml_only,0,,,,,,,,1,merchant_ecosystem_abuse,bust_out_merchant,merchant age lowers risk;high generated risk score lowers risk;IP velocity raises risk
txn_fcd974722740,0.8761369280372923,1,0.876137,1,ml_only,0,,,,,,,,1,merchant_ecosystem_abuse,bust_out_merchant,merchant age lowers risk;IP velocity raises risk;high generated risk score raises risk
txn_2e1a3af60ade,0.8685002783559604,1,0.8685,1,ml_only,0,,,,,,,,1,merchant_ecosystem_abuse,bust_out_merchant,session velocity raises risk;merchant age lowers risk;IP velocity raises risk
txn_554aa671f418,0.5920703024394064,1,0.59207,1,ml_only,0,,,,,,,,1,merchant_ecosystem_abuse,bust_out_merchant,merchant age lowers risk;IP velocity raises risk;session velocity lowers risk
txn_19f4a99ff3a1,0.8248357980619967,1,0.824836,1,ml_only,0,,,,,,,,1,merchant_ecosystem_abuse,bust_out_merchant,merchant age lowers risk;IP velocity raises risk;customer payment cadence raises risk
txn_2e3ec75e40bc,0.9382942393258097,1,0.938294,1,ml_only,0,,,,,,,,1,merchant_ecosystem_abuse,bust_out_merchant,session velocity raises risk;merchant age lowers risk;IP velocity raises risk
txn_2829505cc854,0.6226907926320114,1,0.622691,1,ml_only,0,,,,,,,,1,merchant_ecosystem_abuse,bust_out_merchant,merchant age lowers risk;session velocity lowers risk;IP velocity raises risk
txn_f3fee2cae528,0.7213691508835475,1,0.721369,1,ml_only,0,,,,,,,,1,merchant_ecosystem_abuse,bust_out_merchant,merchant age lowers risk;customer payment cadence raises risk;device history lowers risk
txn_f1194f8d7988,0.862729924507692,1,0.86273,1,ml_only,0,,,,,,,,1,merchant_ecosystem_abuse,bust_out_merchant,session velocity raises risk;merchant age lowers risk;customer one-hour velocity lowers risk
txn_2209d5150510,0.32064030095347124,1,0.32064,1,ml_only,0,,,,,,,,1,merchant_ecosystem_abuse,bust_out_merchant,merchant age lowers risk;session velocity lowers risk;high generated risk score lowers risk
txn_23e2270f719b,0.5818268185169698,1,0.581827,1,ml_only,0,,,,,,,,1,merchant_ecosystem_abuse,bust_out_merchant,merchant age lowers risk;customer payment cadence raises risk;device history lowers risk
txn_4a28635113a4,0.7713140866750353,1,0.771314,1,ml_only,0,,,,,,,,1,merchant_ecosystem_abuse,bust_out_merchant,session velocity raises risk;merchant age lowers risk;high generated risk score lowers risk
txn_e94dae92e624,0.5370039262357837,1,0.537004,1,ml_only,0,,,,,,,,1,merchant_ecosystem_abuse,bust_out_merchant,merchant age lowers risk;session velocity lowers risk;customer payment cadence raises risk
txn_58161f6dae1d,0.6935432827238424,1,0.693543,1,ml_only,0,,,,,,,,1,merchant_ecosystem_abuse,bust_out_merchant,merchant age lowers risk;customer one-hour velocity lowers risk;device history lowers risk
txn_83027e727a89,0.8825472344560796,1,0.882547,1,ml_only,0,,,,,,,,1,merchant_ecosystem_abuse,bust_out_merchant,session velocity raises risk;merchant age lowers risk;customer payment cadence raises risk
txn_a4f4974fd832,0.5267697401590825,1,0.52677,1,ml_only,0,,,,,,,,1,merchant_ecosystem_abuse,bust_out_merchant,merchant age lowers risk;session velocity lowers risk;customer payment cadence raises risk
txn_9969d59d9071,0.34275704135887824,1,0.342757,1,ml_only,0,,,,,,,,1,merchant_ecosystem_abuse,gift_card_abuse,customer payment cadence lowers risk;session velocity lowers risk;merchant chargeback behavior raises risk
txn_f1bd6dc21156,0.9255023088257357,1,0.925502,1,ml_only,0,,,,,,,,1,merchant_ecosystem_abuse,gift_card_abuse,merchant chargeback behavior raises risk;customer payment cadence raises risk;merchant age raises risk
txn_b6c067fc403a,0.9747976905652013,1,0.974798,1,ml_only,0,,,,,,,,1,merchant_ecosystem_abuse,gift_card_abuse,session velocity raises risk;IP velocity raises risk;merchant chargeback behavior raises risk
txn_6282be42a548,0.9261865671348831,1,0.926187,1,ml_only,0,,,,,,,,1,merchant_ecosystem_abuse,gift_card_abuse,IP velocity raises risk;session velocity lowers risk;merchant chargeback behavior raises risk
txn_30e8de793fc4,0.9802843286298818,1,0.980284,1,ml_only,0,,,,,,,,1,merchant_ecosystem_abuse,gift_card_abuse,high generated risk score raises risk;IP velocity raises risk;merchant chargeback behavior raises risk
txn_bab567ad79ef,0.9908821849435488,1,0.990882,1,ml_only,0,,,,,,,,1,merchant_ecosystem_abuse,gift_card_abuse,session velocity raises risk;high generated risk score raises risk;IP velocity raises risk
txn_5fa00cc4cf0c,0.9581853405790534,1,0.958185,1,ml_only,0,,,,,,,,1,merchant_ecosystem_abuse,gift_card_abuse,IP velocity raises risk;session velocity lowers risk;high generated risk score raises risk
txn_22d378449b4b,0.9775389610252576,1,0.977539,1,ml_only,0,,,,,,,,1,merchant_ecosystem_abuse,gift_card_abuse,IP velocity raises risk;merchant chargeback behavior raises risk;customer payment cadence raises risk
txn_0c7bad365a03,0.9884932705679708,1,0.988493,1,ml_only,0,,,,,,,,1,merchant_ecosystem_abuse,gift_card_abuse,IP velocity raises risk;session velocity raises risk;merchant chargeback behavior raises risk
txn_90d866ea60c4,0.9757769396840701,1,0.975777,1,ml_only,0,,,,,,,,1,merchant_ecosystem_abuse,gift_card_abuse,IP velocity raises risk;session velocity lowers risk;merchant chargeback behavior raises risk
txn_adf32b1a8db8,0.9829852339420401,1,0.982985,1,ml_only,0,,,,,,,,1,merchant_ecosystem_abuse,gift_card_abuse,IP velocity raises risk;high generated risk score raises risk;merchant chargeback behavior raises risk
txn_7c3d8ca59466,0.9967291744032996,1,0.996729,1,ml_only,0,,,,,,,,1,merchant_ecosystem_abuse,gift_card_abuse,IP velocity raises risk;session velocity raises risk;high generated risk score raises risk
txn_64cda01e21f4,0.9864701288077439,1,0.98647,1,ml_only,0,,,,,,,,1,merchant_ecosystem_abuse,gift_card_abuse,IP velocity raises risk;high generated risk score raises risk;session velocity lowers risk
txn_54c126ba4051,0.9953100484901931,1,0.99531,1,ml_only,0,,,,,,,,1,merchant_ecosystem_abuse,gift_card_abuse,IP velocity raises risk;high generated risk score raises risk;merchant chargeback behavior raises risk
txn_e4ec261f9ba8,0.9979097574645254,1,0.99791,1,ml_only,0,,,,,,,,1,merchant_ecosystem_abuse,gift_card_abuse,IP velocity raises risk;session velocity raises risk;merchant chargeback behavior raises risk
txn_4ab5da800c0f,0.9874375602785866,1,0.987438,1,ml_only,0,,,,,,,,1,merchant_ecosystem_abuse,gift_card_abuse,IP velocity raises risk;session velocity lowers risk;high generated risk score raises risk
txn_aac2a5dfac42,0.9956900213519164,1,0.99569,1,ml_only,0,,,,,,,,1,merchant_ecosystem_abuse,gift_card_abuse,IP velocity raises risk;high generated risk score raises risk;merchant chargeback behavior raises risk
txn_a0927a97a34a,0.9915657817522467,1,0.991566,1,ml_only,0,,,,,,,,1,merchant_ecosystem_abuse,gift_card_abuse,IP velocity raises risk;session velocity raises risk;merchant chargeback behavior raises risk
txn_01f957e657ea,0.9898555012519823,1,0.989856,1,ml_only,0,,,,,,,,1,merchant_ecosystem_abuse,gift_card_abuse,IP velocity raises risk;session velocity lowers risk;high generated risk score raises risk
txn_d482fcc5bb76,0.9942387647954759,1,0.994239,1,ml_only,0,,,,,,,,1,merchant_ecosystem_abuse,gift_card_abuse,IP velocity raises risk;high generated risk score raises risk;merchant chargeback behavior raises risk
txn_71d6212d3b10,0.9971093363302735,1,0.997109,1,ml_only,0,,,,,,,,1,merchant_ecosystem_abuse,gift_card_abuse,IP velocity raises risk;session velocity raises risk;high generated risk score raises risk
txn_3fac42fc8f2d,0.9505147907570711,1,0.950515,1,ml_only,0,,,,,,,,1,merchant_ecosystem_abuse,gift_card_abuse,IP velocity raises risk;session velocity lowers risk;merchant chargeback behavior raises risk
txn_550a70102440,0.9709093991091018,1,0.970909,1,ml_only,0,,,,,,,,1,merchant_ecosystem_abuse,gift_card_abuse,IP velocity raises risk;merchant chargeback behavior raises risk;customer one-hour velocity lowers risk
txn_7a67a7ecab35,0.994942499014636,1,0.994942,1,ml_only,0,,,,,,,,1,merchant_ecosystem_abuse,gift_card_abuse,session velocity raises risk;IP velocity raises risk;high generated risk score raises risk
txn_6113deff1b0f,0.9825916396520756,1,0.982592,1,ml_only,0,,,,,,,,1,merchant_ecosystem_abuse,gift_card_abuse,high generated risk score raises risk;IP velocity raises risk;session velocity lowers risk
txn_5165ed2cb463,0.9876159107445571,1,0.987616,1,ml_only,0,,,,,,,,1,merchant_ecosystem_abuse,gift_card_abuse,IP velocity raises risk;high generated risk score raises risk;merchant chargeback behavior raises risk
txn_0cfb99acca88,0.9919093780858931,1,0.991909,1,ml_only,0,,,,,,,,1,merchant_ecosystem_abuse,gift_card_abuse,session velocity raises risk;IP velocity raises risk;merchant chargeback behavior raises risk
txn_5dbdeb41b4ae,0.9595011272778529,1,0.959501,1,ml_only,0,,,,,,,,1,merchant_ecosystem_abuse,gift_card_abuse,high generated risk score raises risk;IP velocity raises risk;session velocity lowers risk
txn_a86cb3202bd7,0.9650863140283914,1,0.965086,1,ml_only,0,,,,,,,,1,merchant_ecosystem_abuse,gift_card_abuse,merchant chargeback behavior raises risk;IP velocity raises risk;customer payment cadence raises risk
txn_ac1295510fed,0.9858601785003863,1,0.98586,1,ml_only,0,,,,,,,,1,merchant_ecosystem_abuse,gift_card_abuse,session velocity raises risk;merchant chargeback behavior raises risk;customer payment cadence raises risk
txn_4e5aa9cf41fe,0.9596218430786805,1,0.959622,1,ml_only,0,,,,,,,,1,merchant_ecosystem_abuse,gift_card_abuse,high generated risk score raises risk;session velocity lowers risk;merchant chargeback behavior raises risk
txn_d2c3c007e744,0.9807459812339185,1,0.980746,1,ml_only,0,,,,,,,,1,merchant_ecosystem_abuse,gift_card_abuse,high generated risk score raises risk;merchant chargeback behavior raises risk;customer payment cadence raises risk
txn_3cfafa74950f,0.9811252443078606,1,0.981125,1,ml_only,0,,,,,,,,1,merchant_ecosystem_abuse,gift_card_abuse,session velocity raises risk;merchant chargeback behavior raises risk;customer payment cadence raises risk
txn_dc4a26958111,0.8558221246929772,1,0.855822,1,ml_only,0,,,,,,,,1,merchant_ecosystem_abuse,gift_card_abuse,session velocity lowers risk;merchant chargeback behavior raises risk;customer one-hour velocity lowers risk
txn_c13dcf0fa9ac,0.9813600202330448,1,0.98136,1,ml_only,0,,,,,,,,1,merchant_ecosystem_abuse,gift_card_abuse,high generated risk score raises risk;merchant chargeback behavior raises risk;customer payment cadence raises risk
txn_9f5a25fe237d,0.9909749782937184,1,0.990975,1,ml_only,0,,,,,,,,1,merchant_ecosystem_abuse,gift_card_abuse,session velocity raises risk;high generated risk score raises risk;merchant chargeback behavior raises risk
txn_ef41fcd2a3de,0.8187234675301714,1,0.818723,1,ml_only,0,,,,,,,,1,merchant_ecosystem_abuse,gift_card_abuse,session velocity lowers risk;merchant chargeback behavior raises risk;high generated risk score lowers risk
txn_d51932b986c5,0.9365258426037468,1,0.936526,1,ml_only,0,,,,,,,,1,merchant_ecosystem_abuse,gift_card_abuse,merchant chargeback behavior raises risk;customer one-hour velocity lowers risk;merchant age raises risk
txn_443203b8dc29,0.9681636976612218,1,0.968164,1,ml_only,0,,,,,,,,1,merchant_ecosystem_abuse,gift_card_abuse,session velocity raises risk;merchant chargeback behavior raises risk;customer one-hour velocity lowers risk
txn_ed0bfb8242d4,0.9169217138365504,1,0.916922,1,ml_only,0,,,,,,,,1,merchant_ecosystem_abuse,gift_card_abuse,session velocity lowers risk;merchant chargeback behavior raises risk;customer payment cadence raises risk
txn_740b74b3124b,0.9798657144701607,1,0.979866,1,ml_only,0,,,,,,,,1,merchant_ecosystem_abuse,gift_card_abuse,high generated risk score raises risk;merchant chargeback behavior raises risk;customer payment cadence raises risk
txn_aebd67309ae3,0.9853723014871315,1,0.985372,1,ml_only,0,,,,,,,,1,merchant_ecosystem_abuse,gift_card_abuse,session velocity raises risk;merchant chargeback behavior raises risk;customer payment cadence raises risk
txn_b05a1c98ae08,0.865507391910426,1,0.865507,1,ml_only,0,,,,,,,,1,merchant_ecosystem_abuse,gift_card_abuse,session velocity lowers risk;merchant chargeback behavior raises risk;high generated risk score lowers risk
txn_fee1d9626fdd,0.9647754354113796,1,0.964775,1,ml_only,0,,,,,,,,1,merchant_ecosystem_abuse,gift_card_abuse,high generated risk score raises risk;merchant chargeback behavior raises risk;customer one-hour velocity lowers risk
txn_0e19c5b45668,0.9836992540858481,1,0.983699,1,ml_only,0,,,,,,,,1,merchant_ecosystem_abuse,gift_card_abuse,session velocity raises risk;merchant chargeback behavior raises risk;customer payment cadence raises risk
txn_79a7b0a831a3,0.8609883598062306,1,0.860988,1,ml_only,0,,,,,,,,1,merchant_ecosystem_abuse,gift_card_abuse,session velocity lowers risk;merchant chargeback behavior raises risk;customer payment cadence raises risk
txn_e04ad0a3ef20,0.9685345549815642,1,0.968535,1,ml_only,0,,,,,,,,1,merchant_ecosystem_abuse,gift_card_abuse,high generated risk score raises risk;merchant chargeback behavior raises risk;customer one-hour velocity lowers risk
txn_0ef4c0b74934,0.9866506633400784,1,0.986651,1,ml_only,0,,,,,,,,1,merchant_ecosystem_abuse,gift_card_abuse,session velocity raises risk;high generated risk score raises risk;merchant chargeback behavior raises risk
txn_809edc625c0c,0.9292482382665503,1,0.929248,1,ml_only,0,,,,,,,,1,merchant_ecosystem_abuse,gift_card_abuse,session velocity lowers risk;merchant chargeback behavior raises risk;customer payment cadence raises risk
txn_de3a37c63eeb,0.972422504119711,1,0.972423,1,ml_only,0,,,,,,,,1,merchant_ecosystem_abuse,gift_card_abuse,high generated risk score raises risk;merchant chargeback behavior raises risk;customer payment cadence raises risk
txn_af209e3a0b85,0.9894295026396073,1,0.98943,1,ml_only,0,,,,,,,,1,merchant_ecosystem_abuse,gift_card_abuse,session velocity raises risk;high generated risk score raises risk;merchant chargeback behavior raises risk
txn_674142b148ae,0.9406462360878729,1,0.940646,1,ml_only,0,,,,,,,,1,merchant_ecosystem_abuse,gift_card_abuse,session velocity lowers risk;high generated risk score raises risk;merchant chargeback behavior raises risk
txn_e54e72ce4823,0.9799385995567592,1,0.979939,1,ml_only,0,,,,,,,,1,merchant_ecosystem_abuse,gift_card_abuse,high generated risk score raises risk;merchant chargeback behavior raises risk;customer payment cadence raises risk
txn_ab753d784971,0.980755731435345,1,0.980756,1,ml_only,0,,,,,,,,1,merchant_ecosystem_abuse,gift_card_abuse,session velocity raises risk;merchant chargeback behavior raises risk;customer payment cadence raises risk
txn_327ed2b296fe,0.9403572264375568,1,0.940357,1,ml_only,0,,,,,,,,1,merchant_ecosystem_abuse,gift_card_abuse,high generated risk score raises risk;session velocity lowers risk;merchant chargeback behavior raises risk
txn_2159fc558030,0.9425655761746998,1,0.942566,1,ml_only,0,,,,,,,,1,merchant_ecosystem_abuse,gift_card_abuse,merchant chargeback behavior raises risk;customer payment cadence raises risk;merchant age raises risk
txn_9ee46e059cd8,0.9578508100006051,1,0.957851,1,ml_only,0,,,,,,,,1,merchant_ecosystem_abuse,gift_card_abuse,session velocity raises risk;merchant chargeback behavior raises risk;customer one-hour velocity lowers risk
txn_7e73ef8eed06,0.8734534664057134,1,0.873453,1,ml_only,0,,,,,,,,1,merchant_ecosystem_abuse,gift_card_abuse,session velocity lowers risk;merchant chargeback behavior raises risk;customer payment cadence raises risk
txn_d0b5e3f5a529,0.9783600558336927,1,0.97836,1,ml_only,0,,,,,,,,1,merchant_ecosystem_abuse,gift_card_abuse,merchant chargeback behavior raises risk;high generated risk score raises risk;customer payment cadence raises risk
txn_92e1eaa4d28b,0.9898883763882346,1,0.989888,1,ml_only,0,,,,,,,,1,merchant_ecosystem_abuse,gift_card_abuse,session velocity raises risk;high generated risk score raises risk;merchant chargeback behavior raises risk
txn_5a601db21c3e,0.8873341780802928,1,0.887334,1,ml_only,0,,,,,,,,1,merchant_ecosystem_abuse,gift_card_abuse,session velocity lowers risk;merchant chargeback behavior raises risk;customer payment cadence raises risk
txn_4138907e63d8,0.9712137879059061,1,0.971214,1,ml_only,0,,,,,,,,1,merchant_ecosystem_abuse,gift_card_abuse,high generated risk score raises risk;merchant chargeback behavior raises risk;customer payment cadence raises risk
txn_7bfcb837f32a,0.973171244062567,1,0.973171,1,ml_only,0,,,,,,,,1,merchant_ecosystem_abuse,gift_card_abuse,session velocity raises risk;high generated risk score lowers risk;merchant chargeback behavior raises risk
txn_a8d7edefb7f9,0.932566113912699,1,0.932566,1,ml_only,0,,,,,,,,1,merchant_ecosystem_abuse,gift_card_abuse,session velocity lowers risk;merchant chargeback behavior raises risk;customer payment cadence raises risk
txn_ead91cf311be,0.9867848713232497,1,0.986785,1,ml_only,0,,,,,,,,1,merchant_ecosystem_abuse,gift_card_abuse,high generated risk score raises risk;merchant chargeback behavior raises risk;customer payment cadence raises risk
txn_57f8e0cd64f6,0.9889862561436162,1,0.988986,1,ml_only,0,,,,,,,,1,merchant_ecosystem_abuse,gift_card_abuse,session velocity raises risk;merchant chargeback behavior raises risk;customer payment cadence raises risk
txn_34f1265e42f5,0.9461843150233751,1,0.946184,1,ml_only,0,,,,,,,,1,merchant_ecosystem_abuse,gift_card_abuse,high generated risk score raises risk;session velocity lowers risk;merchant chargeback behavior raises risk
txn_3a5de7ebd3f5,0.916482438662456,1,0.916482,1,ml_only,0,,,,,,,,1,merchant_ecosystem_abuse,gift_card_abuse,high generated risk score lowers risk;merchant chargeback behavior raises risk;customer payment cadence raises risk
txn_10c7c3c4b9ad,0.9952575549180149,1,0.995258,1,ml_only,0,,,,,,,,1,merchant_ecosystem_abuse,gift_card_abuse,session velocity raises risk;high generated risk score raises risk;merchant chargeback behavior raises risk
txn_b808e7a3913b,0.9648745532660951,1,0.964875,1,ml_only,0,,,,,,,,1,merchant_ecosystem_abuse,gift_card_abuse,high generated risk score raises risk;session velocity lowers risk;merchant chargeback behavior raises risk
txn_a55e23eaf0e0,0.9871270443995662,1,0.987127,1,ml_only,0,,,,,,,,1,merchant_ecosystem_abuse,gift_card_abuse,high generated risk score raises risk;merchant chargeback behavior raises risk;customer one-hour velocity lowers risk
txn_81b41a3a1542,0.9915273888514314,1,0.991527,1,ml_only,0,,,,,,,,1,merchant_ecosystem_abuse,gift_card_abuse,session velocity raises risk;merchant chargeback behavior raises risk;customer payment cadence raises risk
txn_2ce2741cfcfa,0.9078992884105913,1,0.907899,1,ml_only,0,,,,,,,,1,merchant_ecosystem_abuse,gift_card_abuse,session velocity lowers risk;merchant chargeback behavior raises risk;customer one-hour velocity lowers risk
txn_350142d9310b,0.9841434240864558,1,0.984143,1,ml_only,0,,,,,,,,1,merchant_ecosystem_abuse,gift_card_abuse,high generated risk score raises risk;merchant chargeback behavior raises risk;customer payment cadence raises risk
txn_3978f83ed669,0.9901717001674264,1,0.990172,1,ml_only,0,,,,,,,,1,merchant_ecosystem_abuse,gift_card_abuse,session velocity raises risk;high generated risk score raises risk;merchant chargeback behavior raises risk
txn_4db2f99592b9,0.8883690204964694,1,0.888369,1,ml_only,0,,,,,,,,1,merchant_ecosystem_abuse,gift_card_abuse,high generated risk score raises risk;session velocity lowers risk;merchant chargeback behavior raises risk
txn_0e1d0db1fe36,0.9699332598182074,1,0.969933,1,ml_only,0,,,,,,,,1,merchant_ecosystem_abuse,gift_card_abuse,high generated risk score raises risk;merchant chargeback behavior raises risk;IP velocity lowers risk
txn_7cedec0de362,0.9846474954740073,1,0.984647,1,ml_only,0,,,,,,,,1,merchant_ecosystem_abuse,gift_card_abuse,session velocity raises risk;merchant chargeback behavior raises risk;IP velocity lowers risk
txn_2f73a28c1a78,0.9533207880919023,1,0.953321,1,ml_only,0,,,,,,,,1,merchant_ecosystem_abuse,gift_card_abuse,high generated risk score raises risk;session velocity lowers risk;merchant chargeback behavior raises risk
txn_7ae14631ebc5,0.9778097443890452,1,0.97781,1,ml_only,0,,,,,,,,1,merchant_ecosystem_abuse,gift_card_abuse,high generated risk score raises risk;merchant chargeback behavior raises risk;IP velocity lowers risk
txn_10b8ce42ddde,0.9840277592038875,1,0.984028,1,ml_only,0,,,,,,,,1,merchant_ecosystem_abuse,gift_card_abuse,session velocity raises risk;high generated risk score raises risk;merchant chargeback behavior raises risk
txn_0b94b1ee896d,0.8786964450898358,1,0.878696,1,ml_only,0,,,,,,,,1,merchant_ecosystem_abuse,gift_card_abuse,session velocity lowers risk;merchant chargeback behavior raises risk;IP velocity lowers risk
txn_576aa68fb955,0.9673493900048087,1,0.967349,1,ml_only,0,,,,,,,,1,merchant_ecosystem_abuse,gift_card_abuse,merchant chargeback behavior raises risk;IP velocity lowers risk;high generated risk score raises risk
txn_ead7619c3d61,0.9805665481215557,1,0.980567,1,ml_only,0,,,,,,,,1,merchant_ecosystem_abuse,gift_card_abuse,session velocity raises risk;merchant chargeback behavior raises risk;IP velocity lowers risk
txn_0aeb4fff8591,0.9041007413482774,1,0.904101,1,ml_only,0,,,,,,,,1,merchant_ecosystem_abuse,gift_card_abuse,high generated risk score raises risk;session velocity lowers risk;merchant chargeback behavior raises risk
txn_014f0d83ae36,0.936532245944844,1,0.936532,1,ml_only,0,,,,,,,,1,merchant_ecosystem_abuse,gift_card_abuse,merchant chargeback behavior raises risk;IP velocity lowers risk;customer payment cadence raises risk
txn_98587f09c06a,0.11502803158574151,0,0.115028,0,ml_only,0,,,,,,,,1,merchant_ecosystem_abuse,mule_laundering,transaction_type_code raises risk;customer payment cadence lowers risk;IP velocity lowers risk
txn_f560248358e8,0.8842666034987908,1,0.884267,1,ml_only,0,,,,,,,,1,merchant_ecosystem_abuse,mule_laundering,transaction_type_code raises risk;device history lowers risk;payment_method_type_code lowers risk
txn_dc678296434b,0.9582961883689761,1,0.958296,1,ml_only,0,,,,,,,,1,merchant_ecosystem_abuse,mule_laundering,transaction_type_code raises risk;session velocity raises risk;device history lowers risk
txn_238c644d5b44,0.7889052178555729,1,0.788905,1,ml_only,0,,,,,,,,1,merchant_ecosystem_abuse,mule_laundering,transaction_type_code raises risk;session velocity lowers risk;device history lowers risk
txn_61a25a3f68e0,0.9031322075999237,1,0.903132,1,ml_only,0,,,,,,,,1,merchant_ecosystem_abuse,mule_laundering,transaction_type_code raises risk;IP velocity raises risk;device history lowers risk
txn_0774f1ad6c3d,0.9898473976430601,1,0.989847,1,ml_only,0,,,,,,,,1,merchant_ecosystem_abuse,mule_laundering,transaction_type_code raises risk;IP velocity raises risk;session velocity raises risk
txn_ac173500c8e3,0.964048098030939,1,0.964048,1,ml_only,0,,,,,,,,1,merchant_ecosystem_abuse,mule_laundering,transaction_type_code raises risk;IP velocity raises risk;session velocity lowers risk
txn_de694dda4f32,0.9782533375711712,1,0.978253,1,ml_only,0,,,,,,,,1,merchant_ecosystem_abuse,mule_laundering,transaction_type_code raises risk;IP velocity raises risk;device history lowers risk
txn_f524b222777f,0.9930451484174383,1,0.993045,1,ml_only,0,,,,,,,,1,merchant_ecosystem_abuse,mule_laundering,IP velocity raises risk;transaction_type_code raises risk;session velocity raises risk
txn_f5bc64c00f23,0.9241307562454713,1,0.924131,1,ml_only,0,,,,,,,,1,merchant_ecosystem_abuse,mule_laundering,IP velocity raises risk;transaction_type_code raises risk;session velocity lowers risk
txn_f6aded86a5a0,0.9881559473617232,1,0.988156,1,ml_only,0,,,,,,,,1,merchant_ecosystem_abuse,mule_laundering,IP velocity raises risk;transaction_type_code raises risk;device history lowers risk
txn_ee99cd5dcc63,0.9963288831359035,1,0.996329,1,ml_only,0,,,,,,,,1,merchant_ecosystem_abuse,mule_laundering,IP velocity raises risk;transaction_type_code raises risk;session velocity raises risk
txn_81c0c5e33f33,0.9696537819344069,1,0.969654,1,ml_only,0,,,,,,,,1,merchant_ecosystem_abuse,mule_laundering,IP velocity raises risk;transaction_type_code raises risk;session velocity lowers risk
txn_a6e5e5494528,0.9919262664513644,1,0.991926,1,ml_only,0,,,,,,,,1,merchant_ecosystem_abuse,mule_laundering,IP velocity raises risk;transaction_type_code raises risk;device history lowers risk
txn_e77c263501b1,0.9967910783129337,1,0.996791,1,ml_only,0,,,,,,,,1,merchant_ecosystem_abuse,mule_laundering,IP velocity raises risk;transaction_type_code raises risk;session velocity raises risk
txn_09d34b6bfc91,0.9757446731588891,1,0.975745,1,ml_only,0,,,,,,,,1,merchant_ecosystem_abuse,mule_laundering,IP velocity raises risk;transaction_type_code raises risk;session velocity lowers risk
txn_e451d4fefbdb,0.9960315020534504,1,0.996032,1,ml_only,0,,,,,,,,1,merchant_ecosystem_abuse,mule_laundering,IP velocity raises risk;transaction_type_code raises risk;device history lowers risk
txn_4890e047b3bd,0.9968871611932038,1,0.996887,1,ml_only,0,,,,,,,,1,merchant_ecosystem_abuse,mule_laundering,IP velocity raises risk;transaction_type_code raises risk;session velocity raises risk
txn_badf9489c840,0.9785029909382083,1,0.978503,1,ml_only,0,,,,,,,,1,merchant_ecosystem_abuse,mule_laundering,IP velocity raises risk;transaction_type_code raises risk;session velocity lowers risk
txn_8f3f124d0c2e,0.9904117720095698,1,0.990412,1,ml_only,0,,,,,,,,1,merchant_ecosystem_abuse,mule_laundering,IP velocity raises risk;transaction_type_code raises risk;device history lowers risk
txn_6700f14bdd3c,0.9899121648042769,1,0.989912,1,ml_only,0,,,,,,,,1,merchant_ecosystem_abuse,mule_laundering,transaction_type_code raises risk;IP velocity raises risk;session velocity raises risk
txn_e50f0b40717f,0.9230720784830057,1,0.923072,1,ml_only,0,,,,,,,,1,merchant_ecosystem_abuse,mule_laundering,transaction_type_code raises risk;IP velocity raises risk;session velocity lowers risk
txn_870aa9e7d188,0.9784109909941657,1,0.978411,1,ml_only,0,,,,,,,,1,merchant_ecosystem_abuse,mule_laundering,transaction_type_code raises risk;IP velocity raises risk;device history lowers risk
txn_0484c5c4144f,0.9827262317886941,1,0.982726,1,ml_only,0,,,,,,,,1,merchant_ecosystem_abuse,mule_laundering,transaction_type_code raises risk;IP velocity raises risk;session velocity raises risk
txn_1acda7d27eef,0.9491035257089095,1,0.949104,1,ml_only,0,,,,,,,,1,merchant_ecosystem_abuse,mule_laundering,transaction_type_code raises risk;IP velocity raises risk;session velocity lowers risk
txn_223755053ac4,0.9542109550951394,1,0.954211,1,ml_only,0,,,,,,,,1,merchant_ecosystem_abuse,mule_laundering,transaction_type_code raises risk;IP velocity raises risk;device history lowers risk
txn_90208d374e41,0.9798195662417416,1,0.97982,1,ml_only,0,,,,,,,,1,merchant_ecosystem_abuse,mule_laundering,transaction_type_code raises risk;IP velocity raises risk;session velocity raises risk
txn_450dd28751c4,0.749560663336864,1,0.749561,1,ml_only,0,,,,,,,,1,merchant_ecosystem_abuse,mule_laundering,transaction_type_code raises risk;IP velocity raises risk;session velocity lowers risk
txn_36a072ff1747,0.9368641910219907,1,0.936864,1,ml_only,0,,,,,,,,1,merchant_ecosystem_abuse,mule_laundering,transaction_type_code raises risk;IP velocity raises risk;device history lowers risk
txn_67579a6b81dd,0.9737266801944621,1,0.973727,1,ml_only,0,,,,,,,,1,merchant_ecosystem_abuse,mule_laundering,transaction_type_code raises risk;session velocity raises risk;IP velocity raises risk
txn_fd765ce2aaf8,0.8270653150294965,1,0.827065,1,ml_only,0,,,,,,,,1,merchant_ecosystem_abuse,mule_laundering,transaction_type_code raises risk;IP velocity raises risk;session velocity lowers risk
txn_c3ce79254224,0.9507743388133543,1,0.950774,1,ml_only,0,,,,,,,,1,merchant_ecosystem_abuse,mule_laundering,transaction_type_code raises risk;IP velocity raises risk;device history lowers risk
txn_648ec716467b,0.910868661513982,1,0.910869,1,ml_only,0,,,,,,,,1,merchant_ecosystem_abuse,mule_laundering,transaction_type_code raises risk;session velocity raises risk;high generated risk score lowers risk
txn_2baf7998cdb0,0.8444363426671173,1,0.844436,1,ml_only,0,,,,,,,,1,merchant_ecosystem_abuse,mule_laundering,transaction_type_code raises risk;session velocity lowers risk;device history lowers risk
txn_1fceb39c0023,0.9490003204355759,1,0.949,1,ml_only,0,,,,,,,,1,merchant_ecosystem_abuse,mule_laundering,transaction_type_code raises risk;high generated risk score raises risk;device history lowers risk
txn_c2a1cca3f689,0.9599099473262447,1,0.95991,1,ml_only,0,,,,,,,,1,merchant_ecosystem_abuse,mule_laundering,transaction_type_code raises risk;session velocity raises risk;device history lowers risk
txn_ab4866108f47,0.8597589551898954,1,0.859759,1,ml_only,0,,,,,,,,1,merchant_ecosystem_abuse,mule_laundering,transaction_type_code raises risk;session velocity lowers risk;device history lowers risk
txn_ed2f3c2a0e7e,0.9221671772585813,1,0.922167,1,ml_only,0,,,,,,,,1,merchant_ecosystem_abuse,mule_laundering,transaction_type_code raises risk;high generated risk score lowers risk;device history lowers risk
txn_9fcb4c8a2427,0.9749947247557035,1,0.974995,1,ml_only,0,,,,,,,,1,merchant_ecosystem_abuse,mule_laundering,transaction_type_code raises risk;session velocity raises risk;device history lowers risk
txn_f5404754926f,0.9183306783836921,1,0.918331,1,ml_only,0,,,,,,,,1,merchant_ecosystem_abuse,mule_laundering,transaction_type_code raises risk;high generated risk score raises risk;session velocity lowers risk
txn_9fab1d261468,0.9576568718197345,1,0.957657,1,ml_only,0,,,,,,,,1,merchant_ecosystem_abuse,mule_laundering,transaction_type_code raises risk;device history lowers risk;payment_method_type_code lowers risk
txn_4545ecdd2746,0.9835168957205715,1,0.983517,1,ml_only,0,,,,,,,,1,merchant_ecosystem_abuse,mule_laundering,transaction_type_code raises risk;session velocity raises risk;device history lowers risk
txn_1a9c64a243d4,0.9343050386136202,1,0.934305,1,ml_only,0,,,,,,,,1,merchant_ecosystem_abuse,mule_laundering,transaction_type_code raises risk;session velocity lowers risk;high generated risk score raises risk
txn_3ca5706cc7af,0.9376376297226794,1,0.937638,1,ml_only,0,,,,,,,,1,merchant_ecosystem_abuse,mule_laundering,transaction_type_code raises risk;device history lowers risk;high generated risk score lowers risk
txn_e5f01a2348e5,0.9705335376680546,1,0.970534,1,ml_only,0,,,,,,,,1,merchant_ecosystem_abuse,mule_laundering,transaction_type_code raises risk;session velocity raises risk;device history lowers risk
txn_cb9d87bab2ae,0.8127438315865145,1,0.812744,1,ml_only,0,,,,,,,,1,merchant_ecosystem_abuse,mule_laundering,transaction_type_code raises risk;session velocity lowers risk;device history lowers risk
txn_05e6f5ac4b0f,0.9616180845760495,1,0.961618,1,ml_only,0,,,,,,,,1,merchant_ecosystem_abuse,mule_laundering,transaction_type_code raises risk;high generated risk score raises risk;device history lowers risk
txn_50e253a1daf3,0.9305371088170777,1,0.930537,1,ml_only,0,,,,,,,,1,merchant_ecosystem_abuse,mule_laundering,transaction_type_code raises risk;session velocity raises risk;high generated risk score lowers risk
txn_6b050a866116,0.6427788146299429,1,0.642779,1,ml_only,0,,,,,,,,1,merchant_ecosystem_abuse,mule_laundering,transaction_type_code raises risk;high generated risk score lowers risk;session velocity lowers risk
txn_0667ef42b3ef,0.9625678675906081,1,0.962568,1,ml_only,0,,,,,,,,1,merchant_ecosystem_abuse,mule_laundering,transaction_type_code raises risk;device history lowers risk;payment_method_type_code lowers risk
txn_665319c9a4ec,0.9763154990215116,1,0.976315,1,ml_only,0,,,,,,,,1,merchant_ecosystem_abuse,mule_laundering,transaction_type_code raises risk;session velocity raises risk;device history lowers risk
txn_62d215e05c0e,0.783015841675573,1,0.783016,1,ml_only,0,,,,,,,,1,merchant_ecosystem_abuse,mule_laundering,transaction_type_code raises risk;high generated risk score lowers risk;session velocity lowers risk
txn_df8185c528ee,0.95212872712297,1,0.952129,1,ml_only,0,,,,,,,,1,merchant_ecosystem_abuse,mule_laundering,transaction_type_code raises risk;device history lowers risk;payment_method_type_code lowers risk
txn_939cd38e68e9,0.9533689728603383,1,0.953369,1,ml_only,0,,,,,,,,1,merchant_ecosystem_abuse,mule_laundering,transaction_type_code raises risk;session velocity raises risk;high generated risk score lowers risk
txn_9921e2a48d75,0.8646587296206756,1,0.864659,1,ml_only,0,,,,,,,,1,merchant_ecosystem_abuse,mule_laundering,transaction_type_code raises risk;session velocity lowers risk;device history lowers risk
txn_8fd41afe41a2,0.9448480223280497,1,0.944848,1,ml_only,0,,,,,,,,1,merchant_ecosystem_abuse,mule_laundering,transaction_type_code raises risk;device history lowers risk;payment_method_type_code lowers risk
txn_7b6f413988d2,0.948869904948762,1,0.94887,1,ml_only,0,,,,,,,,1,merchant_ecosystem_abuse,mule_laundering,transaction_type_code raises risk;session velocity raises risk;device history lowers risk
txn_793247ede0a0,0.7897632589280302,1,0.789763,1,ml_only,0,,,,,,,,1,merchant_ecosystem_abuse,mule_laundering,transaction_type_code raises risk;high generated risk score lowers risk;session velocity lowers risk
txn_6c87db048145,0.954241568727239,1,0.954242,1,ml_only,0,,,,,,,,1,merchant_ecosystem_abuse,mule_laundering,transaction_type_code raises risk;device history lowers risk;payment_method_type_code lowers risk
txn_5f331e6f4e3e,0.9801139338398932,1,0.980114,1,ml_only,0,,,,,,,,1,merchant_ecosystem_abuse,mule_laundering,transaction_type_code raises risk;session velocity raises risk;device history lowers risk
txn_bd73173c25b9,0.7777650327034782,1,0.777765,1,ml_only,0,,,,,,,,1,merchant_ecosystem_abuse,mule_laundering,transaction_type_code raises risk;session velocity lowers risk;device history lowers risk
txn_4ccd55f1ef7e,0.9426730650866403,1,0.942673,1,ml_only,0,,,,,,,,1,merchant_ecosystem_abuse,mule_laundering,transaction_type_code raises risk;device history lowers risk;payment_method_type_code lowers risk
txn_37d971cc1833,0.9772613890264387,1,0.977261,1,ml_only,0,,,,,,,,1,merchant_ecosystem_abuse,mule_laundering,transaction_type_code raises risk;session velocity raises risk;device history lowers risk
txn_8bc59c932c9e,0.8435645624630197,1,0.843565,1,ml_only,0,,,,,,,,1,merchant_ecosystem_abuse,mule_laundering,transaction_type_code raises risk;session velocity lowers risk;device history lowers risk
txn_e67886382a6a,0.9122578291877763,1,0.912258,1,ml_only,0,,,,,,,,1,merchant_ecosystem_abuse,mule_laundering,transaction_type_code raises risk;device history lowers risk;payment_method_type_code lowers risk
txn_90224aecda88,0.9578047236539416,1,0.957805,1,ml_only,0,,,,,,,,1,merchant_ecosystem_abuse,mule_laundering,transaction_type_code raises risk;session velocity raises risk;device history lowers risk
txn_60190d5ccadc,0.7886150723602178,1,0.788615,1,ml_only,0,,,,,,,,1,merchant_ecosystem_abuse,mule_laundering,transaction_type_code raises risk;high generated risk score lowers risk;session velocity lowers risk
txn_36669615f15d,0.89867793351601,1,0.898678,1,ml_only,0,,,,,,,,1,merchant_ecosystem_abuse,mule_laundering,transaction_type_code raises risk;device history lowers risk;payment_method_type_code lowers risk
txn_4149d890bc26,0.9529302962366084,1,0.95293,1,ml_only,0,,,,,,,,1,merchant_ecosystem_abuse,mule_laundering,transaction_type_code raises risk;session velocity raises risk;high generated risk score lowers risk
txn_1d389a586955,0.7448478271316469,1,0.744848,1,ml_only,0,,,,,,,,1,merchant_ecosystem_abuse,mule_laundering,transaction_type_code raises risk;high generated risk score lowers risk;session velocity lowers risk
txn_f3a36f882fbb,0.956106782803102,1,0.956107,1,ml_only,0,,,,,,,,1,merchant_ecosystem_abuse,mule_laundering,transaction_type_code raises risk;device history lowers risk;payment_method_type_code lowers risk
txn_080fd039b316,0.9785152383687912,1,0.978515,1,ml_only,0,,,,,,,,1,merchant_ecosystem_abuse,mule_laundering,transaction_type_code raises risk;session velocity raises risk;device history lowers risk
txn_9722f441e279,0.5656623247713934,1,0.565662,1,ml_only,0,,,,,,,,1,merchant_ecosystem_abuse,marketplace_seller_fraud,customer decline history raises risk;customer payment cadence lowers risk;high generated risk score raises risk
txn_bde87bbd8282,0.9906274606737726,1,0.990627,1,ml_only,0,,,,,,,,1,merchant_ecosystem_abuse,marketplace_seller_fraud,customer decline history raises risk;high generated risk score raises risk;merchant growth pattern raises risk
txn_aa05bbcde788,0.9955866580310124,1,0.995587,1,ml_only,0,,,,,,,,1,merchant_ecosystem_abuse,marketplace_seller_fraud,customer decline history raises risk;session velocity raises risk;high generated risk score raises risk
txn_cfde536efcc0,0.9748645713888424,1,0.974865,1,ml_only,0,,,,,,,,1,merchant_ecosystem_abuse,marketplace_seller_fraud,customer decline history raises risk;high generated risk score raises risk;session velocity lowers risk
txn_2c3028f9fe8b,0.9974169002033254,1,0.997417,1,ml_only,0,,,,,,,,1,merchant_ecosystem_abuse,marketplace_seller_fraud,customer decline history raises risk;high generated risk score raises risk;IP velocity raises risk
txn_653a1a00f4c6,0.9985551036221493,1,0.998555,1,ml_only,0,,,,,,,,1,merchant_ecosystem_abuse,marketplace_seller_fraud,customer decline history raises risk;session velocity raises risk;IP velocity raises risk
txn_bce84c95e279,0.988620864257903,1,0.988621,1,ml_only,0,,,,,,,,1,merchant_ecosystem_abuse,marketplace_seller_fraud,customer decline history raises risk;IP velocity raises risk;session velocity lowers risk
txn_7b6ab1081a37,0.9970549777773949,1,0.997055,1,ml_only,0,,,,,,,,1,merchant_ecosystem_abuse,marketplace_seller_fraud,customer decline history raises risk;IP velocity raises risk;high generated risk score raises risk
txn_af127d1fd851,0.9982218079651012,1,0.998222,1,ml_only,0,,,,,,,,1,merchant_ecosystem_abuse,marketplace_seller_fraud,customer decline history raises risk;IP velocity raises risk;session velocity raises risk
txn_32703e36a8f4,0.990981029884954,1,0.990981,1,ml_only,0,,,,,,,,1,merchant_ecosystem_abuse,marketplace_seller_fraud,IP velocity raises risk;customer decline history raises risk;session velocity lowers risk
txn_2204c25e906d,0.9985940373083867,1,0.998594,1,ml_only,0,,,,,,,,1,merchant_ecosystem_abuse,marketplace_seller_fraud,IP velocity raises risk;customer decline history raises risk;merchant growth pattern raises risk
txn_2a3e679e7042,0.9995135307097776,1,0.999514,1,ml_only,0,,,,,,,,1,merchant_ecosystem_abuse,marketplace_seller_fraud,IP velocity raises risk;customer decline history raises risk;session velocity raises risk
txn_2f6b24677463,0.9980933558547675,1,0.998093,1,ml_only,0,,,,,,,,1,merchant_ecosystem_abuse,marketplace_seller_fraud,IP velocity raises risk;customer decline history raises risk;high generated risk score raises risk
txn_9002bf550b90,0.9978312356827909,1,0.997831,1,ml_only,0,,,,,,,,1,merchant_ecosystem_abuse,marketplace_seller_fraud,IP velocity raises risk;customer decline history raises risk;merchant growth pattern raises risk
txn_b76fe517b973,0.9983705708664762,1,0.998371,1,ml_only,0,,,,,,,,1,merchant_ecosystem_abuse,marketplace_seller_fraud,IP velocity raises risk;customer decline history raises risk;session velocity raises risk
txn_1b0c1dc1502b,0.992240734391862,1,0.992241,1,ml_only,0,,,,,,,,1,merchant_ecosystem_abuse,marketplace_seller_fraud,IP velocity raises risk;customer decline history raises risk;session velocity lowers risk
txn_a1d2ddc52c55,0.9980671218293139,1,0.998067,1,ml_only,0,,,,,,,,1,merchant_ecosystem_abuse,marketplace_seller_fraud,IP velocity raises risk;customer decline history raises risk;merchant growth pattern raises risk
txn_7355b543574a,0.9980390005988009,1,0.998039,1,ml_only,0,,,,,,,,1,merchant_ecosystem_abuse,marketplace_seller_fraud,IP velocity raises risk;customer decline history raises risk;session velocity raises risk
txn_5b5297fa82b5,0.9771135780519739,1,0.977114,1,ml_only,0,,,,,,,,1,merchant_ecosystem_abuse,marketplace_seller_fraud,customer decline history raises risk;IP velocity raises risk;session velocity lowers risk
txn_d49c950306f3,0.9953996199163946,1,0.9954,1,ml_only,0,,,,,,,,1,merchant_ecosystem_abuse,marketplace_seller_fraud,customer decline history raises risk;high generated risk score raises risk;IP velocity raises risk
txn_b57e45ad1731,0.9941261098574083,1,0.994126,1,ml_only,0,,,,,,,,1,merchant_ecosystem_abuse,marketplace_seller_fraud,customer decline history raises risk;session velocity raises risk;IP velocity raises risk
txn_c97f57cd6359,0.9915540922025856,1,0.991554,1,ml_only,0,,,,,,,,1,merchant_ecosystem_abuse,marketplace_seller_fraud,customer decline history raises risk;high generated risk score raises risk;session velocity lowers risk
txn_ebe0f5bbc775,0.9934900046833015,1,0.99349,1,ml_only,0,,,,,,,,1,merchant_ecosystem_abuse,marketplace_seller_fraud,customer decline history raises risk;high generated risk score raises risk;merchant growth pattern raises risk
txn_04947131e1fb,0.9973889058907003,1,0.997389,1,ml_only,0,,,,,,,,1,merchant_ecosystem_abuse,marketplace_seller_fraud,customer decline history raises risk;session velocity raises risk;high generated risk score raises risk
txn_710b6bcf164b,0.9687384399337868,1,0.968738,1,ml_only,0,,,,,,,,1,merchant_ecosystem_abuse,marketplace_seller_fraud,customer decline history raises risk;session velocity lowers risk;high generated risk score raises risk
txn_6b5b0459a067,0.9815806793751931,1,0.981581,1,ml_only,0,,,,,,,,1,merchant_ecosystem_abuse,marketplace_seller_fraud,customer decline history raises risk;merchant growth pattern raises risk;device history raises risk
txn_5746e3428411,0.9953780413895252,1,0.995378,1,ml_only,0,,,,,,,,1,merchant_ecosystem_abuse,marketplace_seller_fraud,customer decline history raises risk;session velocity raises risk;merchant growth pattern raises risk
txn_b8acf292a5d0,0.9827082985080049,1,0.982708,1,ml_only,0,,,,,,,,1,merchant_ecosystem_abuse,marketplace_seller_fraud,customer decline history raises risk;high generated risk score raises risk;session velocity lowers risk
txn_a1aa79f752db,0.9929136936295387,1,0.992914,1,ml_only,0,,,,,,,,1,merchant_ecosystem_abuse,marketplace_seller_fraud,customer decline history raises risk;high generated risk score raises risk;merchant growth pattern raises risk
txn_73378d4f6f39,0.9949730870156989,1,0.994973,1,ml_only,0,,,,,,,,1,merchant_ecosystem_abuse,marketplace_seller_fraud,customer decline history raises risk;session velocity raises risk;merchant growth pattern raises risk
txn_3af16288a5ca,0.9608892000374278,1,0.960889,1,ml_only,0,,,,,,,,1,merchant_ecosystem_abuse,marketplace_seller_fraud,customer decline history raises risk;session velocity lowers risk;merchant growth pattern raises risk
txn_1c60b5c6a2b4,0.987141513271954,1,0.987142,1,ml_only,0,,,,,,,,1,merchant_ecosystem_abuse,marketplace_seller_fraud,customer decline history raises risk;merchant growth pattern raises risk;device history raises risk
txn_df5af850c8ee,0.9951032088825601,1,0.995103,1,ml_only,0,,,,,,,,1,merchant_ecosystem_abuse,marketplace_seller_fraud,customer decline history raises risk;session velocity raises risk;merchant growth pattern raises risk
txn_5b82e36996b4,0.9697338116320134,1,0.969734,1,ml_only,0,,,,,,,,1,merchant_ecosystem_abuse,marketplace_seller_fraud,customer decline history raises risk;session velocity lowers risk;merchant growth pattern raises risk
txn_ec73aefbc2bf,0.9945556795058774,1,0.994556,1,ml_only,0,,,,,,,,1,merchant_ecosystem_abuse,marketplace_seller_fraud,customer decline history raises risk;high generated risk score raises risk;merchant growth pattern raises risk
txn_0feeec494103,0.9935712916044376,1,0.993571,1,ml_only,0,,,,,,,,1,merchant_ecosystem_abuse,marketplace_seller_fraud,customer decline history raises risk;session velocity raises risk;merchant growth pattern raises risk
txn_0b35ca567027,0.9818611860243176,1,0.981861,1,ml_only,0,,,,,,,,1,merchant_ecosystem_abuse,marketplace_seller_fraud,customer decline history raises risk;high generated risk score raises risk;session velocity lowers risk
txn_2d8374ba03ba,0.9954092926012278,1,0.995409,1,ml_only,0,,,,,,,,1,merchant_ecosystem_abuse,marketplace_seller_fraud,customer decline history raises risk;high generated risk score raises risk;merchant growth pattern raises risk
txn_c0f8aa3c1d37,0.9983759122141664,1,0.998376,1,ml_only,0,,,,,,,,1,merchant_ecosystem_abuse,marketplace_seller_fraud,customer decline history raises risk;session velocity raises risk;high generated risk score raises risk
txn_7eb4d9b74650,0.9808847666100736,1,0.980885,1,ml_only,0,,,,,,,,1,merchant_ecosystem_abuse,marketplace_seller_fraud,customer decline history raises risk;high generated risk score raises risk;session velocity lowers risk
txn_78af45fcd263,0.9787794823613852,1,0.978779,1,ml_only,0,,,,,,,,1,merchant_ecosystem_abuse,marketplace_seller_fraud,customer decline history raises risk;merchant growth pattern raises risk;device history raises risk
txn_13e708c1fff7,0.9976620982387211,1,0.997662,1,ml_only,0,,,,,,,,1,merchant_ecosystem_abuse,marketplace_seller_fraud,customer decline history raises risk;session velocity raises risk;high generated risk score raises risk
txn_dc7525daaa48,0.9916920583580268,1,0.991692,1,ml_only,0,,,,,,,,1,merchant_ecosystem_abuse,marketplace_seller_fraud,customer decline history raises risk;high generated risk score raises risk;session velocity lowers risk
txn_aa0d79e2bd5a,0.9930993475647708,1,0.993099,1,ml_only,0,,,,,,,,1,merchant_ecosystem_abuse,marketplace_seller_fraud,customer decline history raises risk;high generated risk score raises risk;merchant growth pattern raises risk
txn_b721792bae84,0.9927462155900799,1,0.992746,1,ml_only,0,,,,,,,,1,merchant_ecosystem_abuse,marketplace_seller_fraud,customer decline history raises risk;session velocity raises risk;merchant growth pattern raises risk
txn_0dd3e88ced62,0.9399957728433176,1,0.939996,1,ml_only,0,,,,,,,,1,merchant_ecosystem_abuse,marketplace_seller_fraud,customer decline history raises risk;session velocity lowers risk;merchant growth pattern raises risk
txn_0a4eec3b5653,0.9537348819082315,1,0.953735,1,ml_only,0,,,,,,,,1,merchant_ecosystem_abuse,marketplace_seller_fraud,customer decline history raises risk;high generated risk score raises risk;merchant growth pattern raises risk
txn_8df359eed710,0.9946289857409948,1,0.994629,1,ml_only,0,,,,,,,,1,merchant_ecosystem_abuse,marketplace_seller_fraud,customer decline history raises risk;session velocity raises risk;high generated risk score raises risk
txn_a97b3256621f,0.9777339265350703,1,0.977734,1,ml_only,0,,,,,,,,1,merchant_ecosystem_abuse,marketplace_seller_fraud,customer decline history raises risk;high generated risk score raises risk;session velocity lowers risk
txn_15e3472ede30,0.9881417276115932,1,0.988142,1,ml_only,0,,,,,,,,1,merchant_ecosystem_abuse,marketplace_seller_fraud,customer decline history raises risk;high generated risk score raises risk;merchant growth pattern raises risk
txn_f74ceac34e76,0.9975176596459809,1,0.997518,1,ml_only,0,,,,,,,,1,merchant_ecosystem_abuse,marketplace_seller_fraud,customer decline history raises risk;session velocity raises risk;high generated risk score raises risk
txn_4f49a48a107b,0.986782426137045,1,0.986782,1,ml_only,0,,,,,,,,1,merchant_ecosystem_abuse,marketplace_seller_fraud,customer decline history raises risk;high generated risk score raises risk;session velocity lowers risk
txn_6949f664679d,0.9927241714402496,1,0.992724,1,ml_only,0,,,,,,,,1,merchant_ecosystem_abuse,marketplace_seller_fraud,customer decline history raises risk;high generated risk score raises risk;merchant growth pattern raises risk
txn_c052a63c2bd0,0.9967092179025021,1,0.996709,1,ml_only,0,,,,,,,,1,merchant_ecosystem_abuse,marketplace_seller_fraud,customer decline history raises risk;session velocity raises risk;merchant growth pattern raises risk
txn_b4fedc5de7d0,0.9823533637216421,1,0.982353,1,ml_only,0,,,,,,,,1,merchant_ecosystem_abuse,marketplace_seller_fraud,customer decline history raises risk;session velocity lowers risk;merchant growth pattern raises risk
txn_2f9dda612b79,0.9932163702014253,1,0.993216,1,ml_only,0,,,,,,,,1,merchant_ecosystem_abuse,marketplace_seller_fraud,customer decline history raises risk;high generated risk score raises risk;merchant growth pattern raises risk
txn_ac8bef947b5d,0.9973634261675544,1,0.997363,1,ml_only,0,,,,,,,,1,merchant_ecosystem_abuse,marketplace_seller_fraud,customer decline history raises risk;session velocity raises risk;high generated risk score raises risk
txn_b16d565ec5ce,0.9788853638754151,1,0.978885,1,ml_only,0,,,,,,,,1,merchant_ecosystem_abuse,marketplace_seller_fraud,customer decline history raises risk;session velocity lowers risk;merchant growth pattern raises risk
txn_b551fecd924d,0.989643506704698,1,0.989644,1,ml_only,0,,,,,,,,1,merchant_ecosystem_abuse,marketplace_seller_fraud,customer decline history raises risk;merchant growth pattern raises risk;device history raises risk
txn_c3d3f59183dc,0.9955668228483083,1,0.995567,1,ml_only,0,,,,,,,,1,merchant_ecosystem_abuse,marketplace_seller_fraud,customer decline history raises risk;session velocity raises risk;merchant growth pattern raises risk
txn_eea8025fb8e6,0.9869968202485669,1,0.986997,1,ml_only,0,,,,,,,,1,merchant_ecosystem_abuse,marketplace_seller_fraud,customer decline history raises risk;high generated risk score raises risk;session velocity lowers risk
txn_ac5b12ec4034,0.9950000243802569,1,0.995,1,ml_only,0,,,,,,,,1,merchant_ecosystem_abuse,marketplace_seller_fraud,customer decline history raises risk;high generated risk score raises risk;merchant growth pattern raises risk
txn_90024b547867,0.9962070820338522,1,0.996207,1,ml_only,0,,,,,,,,1,merchant_ecosystem_abuse,marketplace_seller_fraud,customer decline history raises risk;session velocity raises risk;high generated risk score raises risk
txn_4db8e0a639fe,0.9669595372338116,1,0.96696,1,ml_only,0,,,,,,,,1,merchant_ecosystem_abuse,marketplace_seller_fraud,customer decline history raises risk;session velocity lowers risk;high generated risk score raises risk
txn_7496766ab3d7,0.9936234735705683,1,0.993623,1,ml_only,0,,,,,,,,1,merchant_ecosystem_abuse,marketplace_seller_fraud,customer decline history raises risk;merchant growth pattern raises risk;customer payment cadence raises risk
txn_0b3fd44ead32,0.9979012400939672,1,0.997901,1,ml_only,0,,,,,,,,1,merchant_ecosystem_abuse,marketplace_seller_fraud,customer decline history raises risk;session velocity raises risk;merchant growth pattern raises risk
txn_f8d9c442f6a6,0.9758398058346736,1,0.97584,1,ml_only,0,,,,,,,,1,merchant_ecosystem_abuse,marketplace_seller_fraud,customer decline history raises risk;session velocity lowers risk;merchant growth pattern raises risk
txn_85abd04c0f9b,0.9923238998607444,1,0.992324,1,ml_only,0,,,,,,,,1,merchant_ecosystem_abuse,marketplace_seller_fraud,customer decline history raises risk;high generated risk score raises risk;merchant growth pattern raises risk
txn_7936530bd93d,0.9948414846537947,1,0.994841,1,ml_only,0,,,,,,,,1,merchant_ecosystem_abuse,marketplace_seller_fraud,customer decline history raises risk;session velocity raises risk;merchant growth pattern raises risk
txn_350d0fcc5751,0.9575358852137557,1,0.957536,1,ml_only,0,,,,,,,,1,merchant_ecosystem_abuse,marketplace_seller_fraud,customer decline history raises risk;session velocity lowers risk;high generated risk score raises risk
txn_9b4339d956d6,0.99211904479927,1,0.992119,1,ml_only,0,,,,,,,,1,merchant_ecosystem_abuse,marketplace_seller_fraud,customer decline history raises risk;high generated risk score raises risk;merchant growth pattern raises risk
txn_b0ece5fa3599,0.060471660904913495,0,0.060472,0,ml_only,0,,,,,,,,1,merchant_ecosystem_abuse,triangulation_fraud,customer payment cadence lowers risk;IP velocity lowers risk;session velocity lowers risk
txn_38742312fd3a,0.36760784523875195,1,0.367608,1,ml_only,0,,,,,,,,1,merchant_ecosystem_abuse,triangulation_fraud,IP velocity lowers risk;merchant age lowers risk;customer payment cadence raises risk
txn_3a05004d7c0f,0.6818160935714069,1,0.681816,1,ml_only,0,,,,,,,,1,merchant_ecosystem_abuse,triangulation_fraud,session velocity raises risk;IP velocity lowers risk;merchant age lowers risk
txn_52c5202ae3fe,0.410586615335161,1,0.410587,1,ml_only,0,,,,,,,,1,merchant_ecosystem_abuse,triangulation_fraud,session velocity lowers risk;merchant age lowers risk;IP velocity lowers risk
txn_e99153d67de1,0.6839202446454636,1,0.68392,1,ml_only,0,,,,,,,,1,merchant_ecosystem_abuse,triangulation_fraud,merchant age lowers risk;customer one-hour velocity lowers risk;customer payment cadence raises risk
txn_43ef7e338f1d,0.945825578458919,1,0.945826,1,ml_only,0,,,,,,,,1,merchant_ecosystem_abuse,triangulation_fraud,session velocity raises risk;merchant age lowers risk;IP velocity raises risk
txn_d9b5ba4970f5,0.7975142420403005,1,0.797514,1,ml_only,0,,,,,,,,1,merchant_ecosystem_abuse,triangulation_fraud,IP velocity raises risk;session velocity lowers risk;merchant age lowers risk
txn_f4e3979a1db9,0.8159007444375324,1,0.815901,1,ml_only,0,,,,,,,,1,merchant_ecosystem_abuse,triangulation_fraud,IP velocity raises risk;merchant age lowers risk;customer one-hour velocity lowers risk
txn_8adc75bba6bd,0.9726297518464482,1,0.97263,1,ml_only,0,,,,,,,,1,merchant_ecosystem_abuse,triangulation_fraud,IP velocity raises risk;session velocity raises risk;merchant age lowers risk
txn_6ef8150a55ef,0.8099346781152523,1,0.809935,1,ml_only,0,,,,,,,,1,merchant_ecosystem_abuse,triangulation_fraud,IP velocity raises risk;session velocity lowers risk;merchant age lowers risk
txn_f64fde23a2c3,0.9408874236083664,1,0.940887,1,ml_only,0,,,,,,,,1,merchant_ecosystem_abuse,triangulation_fraud,IP velocity raises risk;merchant age lowers risk;customer one-hour velocity lowers risk
txn_8a09f80e7cd5,0.9612757150756492,1,0.961276,1,ml_only,0,,,,,,,,1,merchant_ecosystem_abuse,triangulation_fraud,IP velocity raises risk;session velocity raises risk;merchant age lowers risk
txn_d4b294287e00,0.6970963184769691,1,0.697096,1,ml_only,0,,,,,,,,1,merchant_ecosystem_abuse,triangulation_fraud,IP velocity raises risk;high generated risk score lowers risk;session velocity lowers risk
txn_a5f25bb36dc8,0.9486110630820433,1,0.948611,1,ml_only,0,,,,,,,,1,merchant_ecosystem_abuse,triangulation_fraud,IP velocity raises risk;merchant age lowers risk;customer one-hour velocity lowers risk
txn_5183e45c883a,0.9474042556774512,1,0.947404,1,ml_only,0,,,,,,,,1,merchant_ecosystem_abuse,triangulation_fraud,IP velocity raises risk;session velocity raises risk;high generated risk score lowers risk
txn_7b2a3c9e779a,0.8282783622141788,1,0.828278,1,ml_only,0,,,,,,,,1,merchant_ecosystem_abuse,triangulation_fraud,IP velocity raises risk;session velocity lowers risk;merchant age lowers risk
txn_9dc3390bb153,0.8718608863862428,1,0.871861,1,ml_only,0,,,,,,,,1,merchant_ecosystem_abuse,triangulation_fraud,IP velocity raises risk;high generated risk score lowers risk;merchant age lowers risk
txn_44a14d06c6f7,0.968430890909236,1,0.968431,1,ml_only,0,,,,,,,,1,merchant_ecosystem_abuse,triangulation_fraud,IP velocity raises risk;session velocity raises risk;merchant age lowers risk
txn_4bb849db517c,0.8023038290327014,1,0.802304,1,ml_only,0,,,,,,,,1,merchant_ecosystem_abuse,triangulation_fraud,IP velocity raises risk;session velocity lowers risk;merchant age lowers risk
txn_7a2686a1313b,0.6956564263585153,1,0.695656,1,ml_only,0,,,,,,,,1,merchant_ecosystem_abuse,triangulation_fraud,IP velocity raises risk;high generated risk score lowers risk;merchant age lowers risk
txn_4da2e4513488,0.962933995130965,1,0.962934,1,ml_only,0,,,,,,,,1,merchant_ecosystem_abuse,triangulation_fraud,session velocity raises risk;IP velocity raises risk;merchant age lowers risk
txn_422676f51442,0.5580688285055837,1,0.558069,1,ml_only,0,,,,,,,,1,merchant_ecosystem_abuse,triangulation_fraud,IP velocity raises risk;session velocity lowers risk;merchant age lowers risk
txn_f1c8ad73308e,0.8623389014765698,1,0.862339,1,ml_only,0,,,,,,,,1,merchant_ecosystem_abuse,triangulation_fraud,merchant age lowers risk;customer payment cadence raises risk;IP velocity raises risk
txn_bb516f11dbcf,0.9531806515034454,1,0.953181,1,ml_only,0,,,,,,,,1,merchant_ecosystem_abuse,triangulation_fraud,session velocity raises risk;merchant age lowers risk;IP velocity raises risk
txn_19f2ad5e1778,0.6886638894881374,1,0.688664,1,ml_only,0,,,,,,,,1,merchant_ecosystem_abuse,triangulation_fraud,session velocity lowers risk;merchant age lowers risk;IP velocity raises risk
txn_af888ebb312a,0.8154445207834811,1,0.815445,1,ml_only,0,,,,,,,,1,merchant_ecosystem_abuse,triangulation_fraud,merchant age lowers risk;customer payment cadence raises risk;customer one-hour velocity lowers risk
txn_18e6077781f8,0.9527784102873368,1,0.952778,1,ml_only,0,,,,,,,,1,merchant_ecosystem_abuse,triangulation_fraud,session velocity raises risk;merchant age lowers risk;customer payment cadence raises risk
txn_aa95b1e9539b,0.5847323695392841,1,0.584732,1,ml_only,0,,,,,,,,1,merchant_ecosystem_abuse,triangulation_fraud,session velocity lowers risk;merchant age lowers risk;customer payment cadence raises risk
txn_81cd1581f918,0.8891642338103362,1,0.889164,1,ml_only,0,,,,,,,,1,merchant_ecosystem_abuse,triangulation_fraud,merchant age lowers risk;customer payment cadence raises risk;high generated risk score raises risk
txn_ed7a0bacae48,0.9316317109226008,1,0.931632,1,ml_only,0,,,,,,,,1,merchant_ecosystem_abuse,triangulation_fraud,session velocity raises risk;merchant age lowers risk;customer one-hour velocity lowers risk
txn_e49c5377346f,0.7305530851042928,1,0.730553,1,ml_only,0,,,,,,,,1,merchant_ecosystem_abuse,triangulation_fraud,session velocity lowers risk;merchant age lowers risk;customer one-hour velocity lowers risk
txn_302a913a236f,0.7668810868522287,1,0.766881,1,ml_only,0,,,,,,,,1,merchant_ecosystem_abuse,triangulation_fraud,merchant age lowers risk;high generated risk score raises risk;customer one-hour velocity lowers risk
txn_ddeb89350cce,0.8869053554604597,1,0.886905,1,ml_only,0,,,,,,,,1,merchant_ecosystem_abuse,triangulation_fraud,session velocity raises risk;merchant age lowers risk;customer payment cadence raises risk
txn_4e2cb117bf6d,0.6271393227287311,1,0.627139,1,ml_only,0,,,,,,,,1,merchant_ecosystem_abuse,triangulation_fraud,session velocity lowers risk;merchant age lowers risk;customer payment cadence raises risk
txn_a6ae6b48ddf1,0.4713549285984058,1,0.471355,1,ml_only,0,,,,,,,,1,merchant_ecosystem_abuse,triangulation_fraud,merchant age lowers risk;high generated risk score lowers risk;customer one-hour velocity lowers risk
txn_0c56d2a8b07b,0.8612505613905799,1,0.861251,1,ml_only,0,,,,,,,,1,merchant_ecosystem_abuse,triangulation_fraud,session velocity raises risk;merchant age lowers risk;customer one-hour velocity lowers risk
txn_67f89fe818c0,0.5584425548425641,1,0.558443,1,ml_only,0,,,,,,,,1,merchant_ecosystem_abuse,triangulation_fraud,session velocity lowers risk;merchant age lowers risk;customer payment cadence raises risk
txn_9230548e39d2,0.7183714796847014,1,0.718371,1,ml_only,0,,,,,,,,1,merchant_ecosystem_abuse,triangulation_fraud,merchant age lowers risk;customer one-hour velocity lowers risk;customer payment cadence raises risk
txn_5e36be3d3738,0.7752853087578601,1,0.775285,1,ml_only,0,,,,,,,,1,merchant_ecosystem_abuse,triangulation_fraud,session velocity raises risk;high generated risk score lowers risk;merchant age lowers risk
txn_7d58beb4adbb,0.612679925666148,1,0.61268,1,ml_only,0,,,,,,,,1,merchant_ecosystem_abuse,triangulation_fraud,session velocity lowers risk;merchant age lowers risk;customer one-hour velocity lowers risk
txn_5f89e9fde754,0.8051204695149985,1,0.80512,1,ml_only,0,,,,,,,,1,merchant_ecosystem_abuse,triangulation_fraud,merchant age lowers risk;customer payment cadence raises risk;high generated risk score raises risk
txn_86c25e37bff1,0.8546073609580842,1,0.854607,1,ml_only,0,,,,,,,,1,post_transaction_abuse,alternative_refund_abuse,customer decline history raises risk;customer payment cadence lowers risk;transaction_type_code raises risk
txn_5d9ec2c0ce64,0.9912333491054206,1,0.991233,1,ml_only,0,,,,,,,,1,post_transaction_abuse,alternative_refund_abuse,customer decline history raises risk;transaction_type_code raises risk;customer payment cadence raises risk
txn_7e4d6a1609da,0.9959683789736634,1,0.995968,1,ml_only,0,,,,,,,,1,post_transaction_abuse,alternative_refund_abuse,customer decline history raises risk;session velocity raises risk;transaction_type_code raises risk
txn_2fcaab26803a,0.975839186450273,1,0.975839,1,ml_only,0,,,,,,,,1,post_transaction_abuse,alternative_refund_abuse,customer decline history raises risk;transaction_type_code raises risk;IP velocity raises risk
txn_4d0529347e08,0.995747575584309,1,0.995748,1,ml_only,0,,,,,,,,1,post_transaction_abuse,alternative_refund_abuse,customer decline history raises risk;IP velocity raises risk;transaction_type_code raises risk
txn_5894bd53991c,0.9969946551742139,1,0.996995,1,ml_only,0,,,,,,,,1,post_transaction_abuse,alternative_refund_abuse,customer decline history raises risk;IP velocity raises risk;session velocity raises risk
txn_8ab9238cb468,0.9965591724741103,1,0.996559,1,ml_only,0,,,,,,,,1,post_transaction_abuse,alternative_refund_abuse,customer decline history raises risk;IP velocity raises risk;transaction_type_code raises risk
txn_324cbeae2da9,0.9985328664430613,1,0.998533,1,ml_only,0,,,,,,,,1,post_transaction_abuse,alternative_refund_abuse,IP velocity raises risk;customer decline history raises risk;transaction_type_code raises risk
txn_fd278a75fc60,0.9988286335154933,1,0.998829,1,ml_only,0,,,,,,,,1,post_transaction_abuse,alternative_refund_abuse,IP velocity raises risk;customer decline history raises risk;session velocity raises risk
txn_0a5d65e3b956,0.12403858632936149,0,0.124039,0,ml_only,0,,,,,,,,1,post_transaction_abuse,chargeback_fraud,customer payment cadence lowers risk;transaction_type_code raises risk;high generated risk score lowers risk
txn_6b833a589fac,0.8233564181681924,1,0.823356,1,ml_only,0,,,,,,,,1,post_transaction_abuse,chargeback_fraud,transaction_type_code raises risk;amount deviation from customer history lowers risk;customer payment cadence raises risk
txn_f13ee6b76616,0.9700997363540768,1,0.9701,1,ml_only,0,,,,,,,,1,post_transaction_abuse,chargeback_fraud,session velocity raises risk;transaction_type_code raises risk;IP velocity raises risk
txn_7c92b1d1bbc8,0.9258455536747617,1,0.925846,1,ml_only,0,,,,,,,,1,post_transaction_abuse,chargeback_fraud,transaction_type_code raises risk;high generated risk score raises risk;IP velocity raises risk
txn_f02dd578beba,0.9392511825945994,1,0.939251,1,ml_only,0,,,,,,,,1,post_transaction_abuse,chargeback_fraud,transaction_type_code raises risk;IP velocity raises risk;customer payment cadence raises risk
txn_3c27ce799be7,0.9542194740539992,1,0.954219,1,ml_only,0,,,,,,,,1,post_transaction_abuse,chargeback_fraud,session velocity raises risk;transaction_type_code raises risk;customer payment cadence raises risk
txn_0e078a0be3e5,0.8738471006578616,1,0.873847,1,ml_only,0,,,,,,,,1,post_transaction_abuse,chargeback_fraud,transaction_type_code raises risk;IP velocity raises risk;session velocity lowers risk
txn_abe517cc1749,0.9115353573135728,1,0.911535,1,ml_only,0,,,,,,,,1,post_transaction_abuse,chargeback_fraud,transaction_type_code raises risk;IP velocity raises risk;customer payment cadence raises risk
txn_755ef8305814,0.9444278039020437,1,0.944428,1,ml_only,0,,,,,,,,1,post_transaction_abuse,chargeback_fraud,session velocity raises risk;transaction_type_code raises risk;IP velocity raises risk
txn_ed239e768aa4,0.885927098111287,1,0.885927,1,ml_only,0,,,,,,,,1,post_transaction_abuse,chargeback_fraud,IP velocity raises risk;transaction_type_code raises risk;session velocity lowers risk
txn_ed99220c1f3e,0.5684304039155178,1,0.56843,1,ml_only,0,,,,,,,,1,post_transaction_abuse,non_delivery_claim,customer payment cadence lowers risk;transaction_type_code raises risk;IP velocity lowers risk
txn_a8286b22b8e9,0.9694669317353773,1,0.969467,1,ml_only,0,,,,,,,,1,post_transaction_abuse,non_delivery_claim,transaction_type_code raises risk;merchant chargeback behavior raises risk;device history raises risk
txn_9f0479d9296b,0.9883375900541765,1,0.988338,1,ml_only,0,,,,,,,,1,post_transaction_abuse,non_delivery_claim,session velocity raises risk;transaction_type_code raises risk;merchant chargeback behavior raises risk
txn_405dada2f35a,0.9577543653281604,1,0.957754,1,ml_only,0,,,,,,,,1,post_transaction_abuse,non_delivery_claim,high generated risk score raises risk;transaction_type_code raises risk;session velocity lowers risk
txn_631cd3d52c16,0.9842139450122699,1,0.984214,1,ml_only,0,,,,,,,,1,post_transaction_abuse,non_delivery_claim,transaction_type_code raises risk;high generated risk score raises risk;IP velocity raises risk
txn_071c733e1406,0.9955337361029133,1,0.995534,1,ml_only,0,,,,,,,,1,post_transaction_abuse,non_delivery_claim,session velocity raises risk;IP velocity raises risk;transaction_type_code raises risk
txn_c18e3e7fb9a0,0.9789409849263805,1,0.978941,1,ml_only,0,,,,,,,,1,post_transaction_abuse,non_delivery_claim,IP velocity raises risk;transaction_type_code raises risk;session velocity lowers risk
txn_1e4d75e13bcb,0.9971903904496728,1,0.99719,1,ml_only,0,,,,,,,,1,post_transaction_abuse,non_delivery_claim,IP velocity raises risk;high generated risk score raises risk;transaction_type_code raises risk
txn_2877c56d9f21,0.9969293792555503,1,0.996929,1,ml_only,0,,,,,,,,1,post_transaction_abuse,non_delivery_claim,IP velocity raises risk;session velocity raises risk;transaction_type_code raises risk
txn_8d6bf71ab411,0.9957502112429103,1,0.99575,1,ml_only,0,,,,,,,,1,post_transaction_abuse,non_delivery_claim,IP velocity raises risk;transaction_type_code raises risk;high generated risk score raises risk
txn_00339f8fe4a9,0.9960840220876676,1,0.996084,1,ml_only,0,,,,,,,,1,post_transaction_abuse,non_delivery_claim,IP velocity raises risk;transaction_type_code raises risk;high generated risk score raises risk
txn_b06dc1aa9201,0.998071297939985,1,0.998071,1,ml_only,0,,,,,,,,1,post_transaction_abuse,non_delivery_claim,IP velocity raises risk;session velocity raises risk;transaction_type_code raises risk
txn_13b55a30596f,0.9848937718719829,1,0.984894,1,ml_only,0,,,,,,,,1,post_transaction_abuse,non_delivery_claim,IP velocity raises risk;transaction_type_code raises risk;session velocity lowers risk
txn_ab4fe8c733c7,0.978789655848541,1,0.97879,1,ml_only,0,,,,,,,,1,post_transaction_abuse,non_delivery_claim,IP velocity raises risk;transaction_type_code raises risk;merchant chargeback behavior raises risk
txn_b37e7bb84ad7,0.9935510936081676,1,0.993551,1,ml_only,0,,,,,,,,1,post_transaction_abuse,non_delivery_claim,session velocity raises risk;transaction_type_code raises risk;IP velocity raises risk
txn_68752d597e1f,0.9727243431512703,1,0.972724,1,ml_only,0,,,,,,,,1,post_transaction_abuse,non_delivery_claim,transaction_type_code raises risk;session velocity lowers risk;merchant chargeback behavior raises risk
txn_c5f7dcf10bfa,0.7805435315628004,1,0.780544,1,ml_only,0,,,,,,,,1,post_transaction_abuse,refund_fraud,customer decline history raises risk;customer payment cadence lowers risk;transaction_type_code raises risk
txn_eb5b20d63d7d,0.9971712264359993,1,0.997171,1,ml_only,0,,,,,,,,1,post_transaction_abuse,refund_fraud,customer decline history raises risk;transaction_type_code raises risk;merchant chargeback behavior raises risk
txn_f57076f7b1e9,0.9963856522376378,1,0.996386,1,ml_only,0,,,,,,,,1,post_transaction_abuse,refund_fraud,customer decline history raises risk;session velocity raises risk;transaction_type_code raises risk
txn_86dab5f454d9,0.9908166391015282,1,0.990817,1,ml_only,0,,,,,,,,1,post_transaction_abuse,refund_fraud,customer decline history raises risk;transaction_type_code raises risk;session velocity lowers risk
txn_8db52f672285,0.9974447847922384,1,0.997445,1,ml_only,0,,,,,,,,1,post_transaction_abuse,refund_fraud,customer decline history raises risk;transaction_type_code raises risk;IP velocity raises risk
txn_51f1c72de09c,0.9993672807196711,1,0.999367,1,ml_only,0,,,,,,,,1,post_transaction_abuse,refund_fraud,customer decline history raises risk;session velocity raises risk;transaction_type_code raises risk
txn_e4a2956318dc,0.9962604761781894,1,0.99626,1,ml_only,0,,,,,,,,1,post_transaction_abuse,refund_fraud,customer decline history raises risk;transaction_type_code raises risk;session velocity lowers risk
txn_73e0893bd7c1,0.9976648632083429,1,0.997665,1,ml_only,0,,,,,,,,1,post_transaction_abuse,refund_fraud,customer decline history raises risk;transaction_type_code raises risk;IP velocity raises risk
txn_65b28c00a8f9,0.9996367813646242,1,0.999637,1,ml_only,0,,,,,,,,1,post_transaction_abuse,refund_fraud,customer decline history raises risk;session velocity raises risk;IP velocity raises risk
txn_69daa5f2d016,0.9968256288083001,1,0.996826,1,ml_only,0,,,,,,,,1,post_transaction_abuse,refund_fraud,customer decline history raises risk;IP velocity raises risk;transaction_type_code raises risk
txn_398a02833240,0.9990699313895574,1,0.99907,1,ml_only,0,,,,,,,,1,post_transaction_abuse,refund_fraud,IP velocity raises risk;customer decline history raises risk;transaction_type_code raises risk
txn_8e53d9278817,0.1571647829085993,0,0.157165,0,ml_only,0,,,,,,,,1,post_transaction_abuse,return_policy_abuse,customer payment cadence lowers risk;transaction_type_code raises risk;IP velocity lowers risk
txn_942d00f1156e,0.9355678724480393,1,0.935568,1,ml_only,0,,,,,,,,1,post_transaction_abuse,return_policy_abuse,high generated risk score raises risk;transaction_type_code raises risk;customer one-hour velocity lowers risk
txn_07b88c42995b,0.972675553688179,1,0.972676,1,ml_only,0,,,,,,,,1,post_transaction_abuse,return_policy_abuse,session velocity raises risk;transaction_type_code raises risk;IP velocity raises risk
txn_6f58ebeae2a1,0.8319482745885971,1,0.831948,1,ml_only,0,,,,,,,,1,post_transaction_abuse,return_policy_abuse,transaction_type_code raises risk;IP velocity raises risk;high generated risk score lowers risk
txn_7a9294fd7b05,0.9199034354655536,1,0.919903,1,ml_only,0,,,,,,,,1,post_transaction_abuse,return_policy_abuse,IP velocity raises risk;transaction_type_code raises risk;customer one-hour velocity lowers risk
txn_4cbf5649ca34,0.9737895929368565,1,0.97379,1,ml_only,0,,,,,,,,1,post_transaction_abuse,return_policy_abuse,session velocity raises risk;IP velocity raises risk;transaction_type_code raises risk
txn_88770af98e0c,0.9029966689661669,1,0.902997,1,ml_only,0,,,,,,,,1,post_transaction_abuse,return_policy_abuse,IP velocity raises risk;transaction_type_code raises risk;session velocity lowers risk
txn_c477b9d65e63,0.9754238668504011,1,0.975424,1,ml_only,0,,,,,,,,1,post_transaction_abuse,return_policy_abuse,IP velocity raises risk;transaction_type_code raises risk;customer one-hour velocity lowers risk
txn_de1dbeded6bd,0.9840395167400293,1,0.98404,1,ml_only,0,,,,,,,,1,post_transaction_abuse,return_policy_abuse,IP velocity raises risk;session velocity raises risk;transaction_type_code raises risk
txn_985ce798d10c,0.9178310582230467,1,0.917831,1,ml_only,0,,,,,,,,1,post_transaction_abuse,return_policy_abuse,IP velocity raises risk;transaction_type_code raises risk;session velocity lowers risk
txn_fc230ec45fad,0.9829868612359769,1,0.982987,1,ml_only,0,,,,,,,,1,post_transaction_abuse,return_policy_abuse,IP velocity raises risk;transaction_type_code raises risk;customer payment cadence raises risk
txn_71da449119ca,0.983604935087275,1,0.983605,1,ml_only,0,,,,,,,,1,post_transaction_abuse,return_policy_abuse,session velocity raises risk;IP velocity raises risk;transaction_type_code raises risk
txn_3ed048f3b7ae,0.8735160572788917,1,0.873516,1,ml_only,0,,,,,,,,1,post_transaction_abuse,return_policy_abuse,transaction_type_code raises risk;high generated risk score raises risk;IP velocity raises risk
txn_e8e15014ff39,0.9101946093684739,1,0.910195,1,ml_only,0,,,,,,,,1,post_transaction_abuse,return_policy_abuse,transaction_type_code raises risk;high generated risk score raises risk;customer payment cadence raises risk
txn_bb6474931f34,0.955065194957085,1,0.955065,1,ml_only,0,,,,,,,,1,post_transaction_abuse,return_policy_abuse,session velocity raises risk;transaction_type_code raises risk;high generated risk score raises risk
txn_788bc774e926,0.7470833434643405,1,0.747083,1,ml_only,0,,,,,,,,1,post_transaction_abuse,return_policy_abuse,transaction_type_code raises risk;session velocity lowers risk;customer payment cadence raises risk
txn_33ec359a3f82,0.8462720598955281,1,0.846272,1,ml_only,0,,,,,,,,1,post_transaction_abuse,return_policy_abuse,transaction_type_code raises risk;IP velocity raises risk;high generated risk score lowers risk
txn_d1eb5d8e7d34,0.9451614922233598,1,0.945161,1,ml_only,0,,,,,,,,1,post_transaction_abuse,return_policy_abuse,session velocity raises risk;transaction_type_code raises risk;customer payment cadence raises risk
txn_d5924f6ce235,0.6986862836128059,1,0.698686,1,ml_only,0,,,,,,,,1,post_transaction_abuse,return_policy_abuse,transaction_type_code raises risk;session velocity lowers risk;customer one-hour velocity lowers risk
txn_d91b87234f96,0.8851370250299924,1,0.885137,1,ml_only,0,,,,,,,,1,post_transaction_abuse,return_policy_abuse,transaction_type_code raises risk;customer one-hour velocity lowers risk;customer payment cadence raises risk
txn_14cac801add9,0.9854635933978512,1,0.985464,1,ml_only,0,,,,,,,,1,post_transaction_abuse,return_policy_abuse,session velocity raises risk;transaction_type_code raises risk;high generated risk score raises risk
txn_9f8359313748,0.04412468607551745,0,0.044125,0,ml_only,0,,,,,,,,1,social_engineering_payment_fraud,ai_impersonation,customer payment cadence lowers risk;high generated risk score lowers risk;IP velocity raises risk
txn_80c50628e3ad,0.48422739429760114,1,0.484227,1,ml_only,0,,,,,,,,1,social_engineering_payment_fraud,ai_impersonation,customer decline history lowers risk;high generated risk score lowers risk;customer payment cadence raises risk
txn_58b332f82dc4,0.630447804415251,1,0.630448,1,ml_only,0,,,,,,,,1,social_engineering_payment_fraud,ai_impersonation,session velocity raises risk;customer decline history lowers risk;high generated risk score lowers risk
txn_e15cc02fb794,0.46922305268150716,1,0.469223,1,ml_only,0,,,,,,,,1,social_engineering_payment_fraud,ai_impersonation,IP velocity raises risk;session velocity lowers risk;customer decline history lowers risk
txn_d832b2334ba8,0.8490260096017218,1,0.849026,1,ml_only,0,,,,,,,,1,social_engineering_payment_fraud,ai_impersonation,IP velocity raises risk;high generated risk score raises risk;customer decline history lowers risk
txn_c551834061fa,0.8437524691445798,1,0.843752,1,ml_only,0,,,,,,,,1,social_engineering_payment_fraud,ai_impersonation,IP velocity raises risk;session velocity raises risk;customer decline history lowers risk
txn_a89dc4984c94,0.44446265441675636,1,0.444463,1,ml_only,0,,,,,,,,1,social_engineering_payment_fraud,authorized_push_payment_scam,transaction_type_code raises risk;customer payment cadence lowers risk;IP velocity lowers risk
txn_e75b31e0ab73,0.8948020757625375,1,0.894802,1,ml_only,0,,,,,,,,1,social_engineering_payment_fraud,authorized_push_payment_scam,transaction_type_code raises risk;payment_method_type_code lowers risk;amount deviation from customer history lowers risk
txn_fac58334c15f,0.9835780664471496,1,0.983578,1,ml_only,0,,,,,,,,1,social_engineering_payment_fraud,authorized_push_payment_scam,transaction_type_code raises risk;session velocity raises risk;payment_method_type_code lowers risk
txn_27eafd08f31c,0.9190216646101573,1,0.919022,1,ml_only,0,,,,,,,,1,social_engineering_payment_fraud,authorized_push_payment_scam,transaction_type_code raises risk;IP velocity raises risk;session velocity lowers risk
txn_f149af4fd5fd,0.9780609010504451,1,0.978061,1,ml_only,0,,,,,,,,1,social_engineering_payment_fraud,authorized_push_payment_scam,transaction_type_code raises risk;IP velocity raises risk;payment_method_type_code lowers risk
txn_677b2eb50eb5,0.9792464155468965,1,0.979246,1,ml_only,0,,,,,,,,1,social_engineering_payment_fraud,authorized_push_payment_scam,transaction_type_code raises risk;session velocity raises risk;IP velocity raises risk
txn_ea8a1ea7bbb4,0.9045512627618588,1,0.904551,1,ml_only,0,,,,,,,,1,social_engineering_payment_fraud,authorized_push_payment_scam,transaction_type_code raises risk;IP velocity raises risk;high generated risk score lowers risk
txn_e452fcbf5851,0.9679210681151219,1,0.967921,1,ml_only,0,,,,,,,,1,social_engineering_payment_fraud,authorized_push_payment_scam,transaction_type_code raises risk;IP velocity raises risk;high generated risk score lowers risk
txn_4f22ab59c398,0.9872307605346291,1,0.987231,1,ml_only,0,,,,,,,,1,social_engineering_payment_fraud,authorized_push_payment_scam,transaction_type_code raises risk;IP velocity raises risk;session velocity raises risk
txn_8934083b69e4,0.3425569674594343,1,0.342557,1,ml_only,0,,,,,,,,1,social_engineering_payment_fraud,business_email_compromise,unusual amount raises risk;customer payment cadence lowers risk;IP velocity lowers risk
txn_56d3af73fb58,0.9647355353918124,1,0.964736,1,ml_only,0,,,,,,,,1,social_engineering_payment_fraud,business_email_compromise,customer amount baseline raises risk;unusual amount raises risk;payment_method_type_code lowers risk
txn_e2b405637cf8,0.9552809867500585,1,0.955281,1,ml_only,0,,,,,,,,1,social_engineering_payment_fraud,business_email_compromise,customer amount baseline raises risk;session velocity raises risk;unusual amount raises risk
txn_05f24770e359,0.9933293255177251,1,0.993329,1,ml_only,0,,,,,,,,1,social_engineering_payment_fraud,business_email_compromise,unusual amount raises risk;customer amount baseline raises risk;session velocity lowers risk
txn_7f4cf57ab41f,0.9996096786843571,1,0.99961,1,ml_only,0,,,,,,,,1,social_engineering_payment_fraud,business_email_compromise,unusual amount raises risk;customer amount baseline raises risk;high generated risk score raises risk
txn_6a983f363ed1,0.9958048975068019,1,0.995805,1,ml_only,0,,,,,,,,1,social_engineering_payment_fraud,business_email_compromise,customer amount baseline raises risk;unusual amount raises risk;session velocity raises risk
txn_8fdb524241e0,0.9773679343114365,1,0.977368,1,ml_only,0,,,,,,,,1,social_engineering_payment_fraud,business_email_compromise,customer amount baseline raises risk;high generated risk score raises risk;unusual amount raises risk
txn_2726526371ea,0.9983428678176484,1,0.998343,1,ml_only,0,,,,,,,,1,social_engineering_payment_fraud,business_email_compromise,unusual amount raises risk;customer amount baseline raises risk;IP velocity raises risk
txn_695c6fb4c160,0.9912093886331259,1,0.991209,1,ml_only,0,,,,,,,,1,social_engineering_payment_fraud,business_email_compromise,customer amount baseline raises risk;session velocity raises risk;IP velocity raises risk
txn_68f6d07f4c51,0.028846387783866348,0,0.028846,0,ml_only,0,,,,,,,,1,social_engineering_payment_fraud,executive_impersonation,unusual amount raises risk;customer payment cadence lowers risk;merchant age lowers risk
txn_fcaae8cd0c46,0.9980973216551923,1,0.998097,1,ml_only,0,,,,,,,,1,social_engineering_payment_fraud,executive_impersonation,unusual amount raises risk;customer amount baseline raises risk;merchant age lowers risk
txn_2eda3c051a2c,0.9985363149633152,1,0.998536,1,ml_only,0,,,,,,,,1,social_engineering_payment_fraud,executive_impersonation,customer amount baseline raises risk;unusual amount raises risk;session velocity raises risk
txn_67f53723ab08,0.9891653074768618,1,0.989165,1,ml_only,0,,,,,,,,1,social_engineering_payment_fraud,executive_impersonation,unusual amount raises risk;customer amount baseline raises risk;merchant age lowers risk
txn_2b9f2eacf810,0.9967087879294171,1,0.996709,1,ml_only,0,,,,,,,,1,social_engineering_payment_fraud,vendor_rerouting,unusual amount raises risk;customer decline history raises risk;customer payment cadence lowers risk
txn_b846a31ecaa3,0.9998169527028372,1,0.999817,1,ml_only,0,,,,,,,,1,social_engineering_payment_fraud,vendor_rerouting,customer amount baseline raises risk;customer decline history raises risk;unusual amount raises risk
txn_caae463f29bf,0.9999913064216926,1,0.999991,1,ml_only,0,,,,,,,,1,social_engineering_payment_fraud,vendor_rerouting,unusual amount raises risk;customer amount baseline raises risk;customer decline history raises risk
txn_1b1e48b23cef,0.999712964049214,1,0.999713,1,ml_only,0,,,,,,,,1,social_engineering_payment_fraud,vendor_rerouting,customer amount baseline raises risk;unusual amount raises risk;customer decline history raises risk
txn_476c53b92164,0.9999954583665868,1,0.999995,1,ml_only,0,,,,,,,,1,social_engineering_payment_fraud,vendor_rerouting,unusual amount raises risk;customer amount baseline raises risk;customer decline history raises risk
txn_07ee79da9f78,0.999995009772503,1,0.999995,1,ml_only,0,,,,,,,,1,social_engineering_payment_fraud,vendor_rerouting,unusual amount raises risk;customer amount baseline raises risk;customer decline history raises risk
txn_fd1deec424ba,0.9997824217793185,1,0.999782,1,ml_only,0,,,,,,,,1,social_engineering_payment_fraud,vendor_rerouting,customer amount baseline raises risk;unusual amount raises risk;customer decline history raises risk
txn_e9066e276e29,0.40559930509299735,1,0.405599,1,ml_only,0,,,,,,,,1,merchant_ecosystem_abuse,gift_card_abuse,customer decline history raises risk;customer payment cadence lowers risk;failed login activity lowers risk
txn_c64207aaa7b7,0.9672848817357745,1,0.967285,1,ml_only,0,,,,,,,,1,merchant_ecosystem_abuse,gift_card_abuse,customer decline history raises risk;failed login activity lowers risk;merchant growth pattern raises risk
txn_14a5160dd01c,0.9957666724932203,1,0.995767,1,ml_only,0,,,,,,,,1,merchant_ecosystem_abuse,gift_card_abuse,customer decline history raises risk;session velocity raises risk;failed login activity lowers risk
txn_2b22e2d684b2,0.9835723578217468,1,0.983572,1,ml_only,0,,,,,,,,1,merchant_ecosystem_abuse,gift_card_abuse,customer decline history raises risk;failed login activity lowers risk;high generated risk score raises risk
txn_39eae3273a2a,0.9924509837587894,1,0.992451,1,ml_only,0,,,,,,,,1,merchant_ecosystem_abuse,gift_card_abuse,customer decline history raises risk;failed login activity lowers risk;high generated risk score raises risk
txn_50369aebd4f1,0.9940028617069235,1,0.994003,1,ml_only,0,,,,,,,,1,merchant_ecosystem_abuse,gift_card_abuse,customer decline history raises risk;session velocity raises risk;failed login activity lowers risk
txn_c3a22f3a1736,0.9490398457579278,1,0.94904,1,ml_only,0,,,,,,,,1,merchant_ecosystem_abuse,gift_card_abuse,customer decline history raises risk;failed login activity lowers risk;merchant growth pattern raises risk
txn_1243bfdfe631,0.96757575118608,1,0.967576,1,ml_only,0,,,,,,,,1,merchant_ecosystem_abuse,gift_card_abuse,customer decline history raises risk;failed login activity lowers risk;merchant growth pattern raises risk
txn_5670774112e2,0.9914469843605325,1,0.991447,1,ml_only,0,,,,,,,,1,merchant_ecosystem_abuse,gift_card_abuse,customer decline history raises risk;session velocity raises risk;failed login activity lowers risk
txn_df5561919730,0.9578347397595501,1,0.957835,1,ml_only,0,,,,,,,,1,merchant_ecosystem_abuse,gift_card_abuse,customer decline history raises risk;failed login activity lowers risk;merchant growth pattern raises risk
txn_604c02eaea18,0.9517775271943829,1,0.951778,1,ml_only,0,,,,,,,,1,merchant_ecosystem_abuse,gift_card_abuse,customer decline history raises risk;failed login activity lowers risk;merchant growth pattern raises risk
txn_d80ff7e43b14,0.991499335387565,1,0.991499,1,ml_only,0,,,,,,,,1,merchant_ecosystem_abuse,gift_card_abuse,customer decline history raises risk;session velocity raises risk;failed login activity lowers risk
txn_d555df249fd2,0.983128634443679,1,0.983129,1,ml_only,0,,,,,,,,1,merchant_ecosystem_abuse,gift_card_abuse,customer decline history raises risk;failed login activity lowers risk;IP velocity raises risk
txn_fe7776e5472a,0.9941259079753233,1,0.994126,1,ml_only,0,,,,,,,,1,merchant_ecosystem_abuse,gift_card_abuse,customer decline history raises risk;failed login activity lowers risk;IP velocity raises risk
txn_c75def722c7c,0.9903518484003547,1,0.990352,1,ml_only,0,,,,,,,,1,merchant_ecosystem_abuse,gift_card_abuse,customer decline history raises risk;session velocity raises risk;failed login activity lowers risk
txn_a0e5546cbda3,0.9885315177433555,1,0.988532,1,ml_only,0,,,,,,,,1,merchant_ecosystem_abuse,gift_card_abuse,customer decline history raises risk;high generated risk score raises risk;failed login activity lowers risk
txn_07797a4915ae,0.9931489924090869,1,0.993149,1,ml_only,0,,,,,,,,1,merchant_ecosystem_abuse,gift_card_abuse,customer decline history raises risk;high generated risk score raises risk;failed login activity lowers risk
txn_8884a541fb6c,0.9973619878970875,1,0.997362,1,ml_only,0,,,,,,,,1,merchant_ecosystem_abuse,gift_card_abuse,customer decline history raises risk;session velocity raises risk;IP velocity raises risk
txn_3aa519e0b562,0.9881136043050962,1,0.988114,1,ml_only,0,,,,,,,,1,merchant_ecosystem_abuse,gift_card_abuse,customer decline history raises risk;IP velocity raises risk;failed login activity lowers risk
txn_373218591936,0.995814281137972,1,0.995814,1,ml_only,0,,,,,,,,1,merchant_ecosystem_abuse,gift_card_abuse,customer decline history raises risk;high generated risk score raises risk;failed login activity lowers risk
txn_7bbf682ac075,0.9922441684801969,1,0.992244,1,ml_only,0,,,,,,,,1,merchant_ecosystem_abuse,gift_card_abuse,customer decline history raises risk;session velocity raises risk;failed login activity lowers risk
txn_6828e5c373ef,0.9624325872441422,1,0.962433,1,ml_only,0,,,,,,,,1,merchant_ecosystem_abuse,gift_card_abuse,customer decline history raises risk;failed login activity lowers risk;IP velocity raises risk
txn_3252521f7e2b,0.9903897166405505,1,0.99039,1,ml_only,0,,,,,,,,1,merchant_ecosystem_abuse,gift_card_abuse,customer decline history raises risk;failed login activity lowers risk;IP velocity raises risk
txn_6adba64a33bd,0.9971933384504932,1,0.997193,1,ml_only,0,,,,,,,,1,merchant_ecosystem_abuse,gift_card_abuse,customer decline history raises risk;session velocity raises risk;failed login activity lowers risk
txn_1441a85ff197,0.9811216161486978,1,0.981122,1,ml_only,0,,,,,,,,1,merchant_ecosystem_abuse,gift_card_abuse,customer decline history raises risk;failed login activity lowers risk;IP velocity raises risk
txn_81769734ba36,0.9960504800512142,1,0.99605,1,ml_only,0,,,,,,,,1,merchant_ecosystem_abuse,gift_card_abuse,customer decline history raises risk;high generated risk score raises risk;failed login activity lowers risk
txn_a81a6f6af292,0.996075078919638,1,0.996075,1,ml_only,0,,,,,,,,1,merchant_ecosystem_abuse,gift_card_abuse,customer decline history raises risk;session velocity raises risk;failed login activity lowers risk
txn_52a0c8ef3242,0.9826904370262599,1,0.98269,1,ml_only,0,,,,,,,,1,merchant_ecosystem_abuse,gift_card_abuse,customer decline history raises risk;high generated risk score raises risk;failed login activity lowers risk
txn_a93712f517de,0.9975093684590013,1,0.997509,1,ml_only,0,,,,,,,,1,merchant_ecosystem_abuse,gift_card_abuse,customer decline history raises risk;high generated risk score raises risk;failed login activity lowers risk
txn_7d9ee5b44015,0.997136410131523,1,0.997136,1,ml_only,0,,,,,,,,1,merchant_ecosystem_abuse,gift_card_abuse,customer decline history raises risk;session velocity raises risk;failed login activity lowers risk
txn_24bd305eb620,0.9909106206876271,1,0.990911,1,ml_only,0,,,,,,,,1,merchant_ecosystem_abuse,gift_card_abuse,customer decline history raises risk;failed login activity lowers risk;merchant growth pattern raises risk
txn_318053347ab8,0.9934529028490388,1,0.993453,1,ml_only,0,,,,,,,,1,merchant_ecosystem_abuse,gift_card_abuse,customer decline history raises risk;failed login activity lowers risk;merchant growth pattern raises risk
txn_485b8f03ce74,0.9972257658402852,1,0.997226,1,ml_only,0,,,,,,,,1,merchant_ecosystem_abuse,gift_card_abuse,customer decline history raises risk;session velocity raises risk;failed login activity lowers risk
txn_ad4122a6dced,0.9876025500407785,1,0.987603,1,ml_only,0,,,,,,,,1,merchant_ecosystem_abuse,gift_card_abuse,customer decline history raises risk;failed login activity lowers risk;merchant growth pattern raises risk
txn_0e9d21793fbc,0.9939813040005449,1,0.993981,1,ml_only,0,,,,,,,,1,merchant_ecosystem_abuse,gift_card_abuse,customer decline history raises risk;failed login activity lowers risk;high generated risk score raises risk
txn_d3f95468107d,0.9935598449964562,1,0.99356,1,ml_only,0,,,,,,,,1,merchant_ecosystem_abuse,gift_card_abuse,customer decline history raises risk;session velocity raises risk;failed login activity lowers risk
txn_842ad0f5f06e,0.983144630885263,1,0.983145,1,ml_only,0,,,,,,,,1,merchant_ecosystem_abuse,gift_card_abuse,customer decline history raises risk;high generated risk score raises risk;failed login activity lowers risk
txn_3d5d3480f713,0.9903159354573218,1,0.990316,1,ml_only,0,,,,,,,,1,merchant_ecosystem_abuse,gift_card_abuse,customer decline history raises risk;failed login activity lowers risk;merchant growth pattern raises risk
txn_505f7db9d032,0.9965189840611529,1,0.996519,1,ml_only,0,,,,,,,,1,merchant_ecosystem_abuse,gift_card_abuse,customer decline history raises risk;session velocity raises risk;failed login activity lowers risk
txn_2a7107a92970,0.9516381215232365,1,0.951638,1,ml_only,0,,,,,,,,1,merchant_ecosystem_abuse,gift_card_abuse,customer decline history raises risk;failed login activity lowers risk;merchant growth pattern raises risk
txn_0afe2eeb5995,0.9842993780325557,1,0.984299,1,ml_only,0,,,,,,,,1,merchant_ecosystem_abuse,gift_card_abuse,customer decline history raises risk;failed login activity lowers risk;merchant growth pattern raises risk
txn_9ec355531cc1,0.9977028222478256,1,0.997703,1,ml_only,0,,,,,,,,1,merchant_ecosystem_abuse,gift_card_abuse,customer decline history raises risk;session velocity raises risk;failed login activity lowers risk
txn_0c27fb16f708,0.9775141622223572,1,0.977514,1,ml_only,0,,,,,,,,1,merchant_ecosystem_abuse,gift_card_abuse,customer decline history raises risk;failed login activity lowers risk;merchant growth pattern raises risk
txn_13679e65e75c,0.9949595951972983,1,0.99496,1,ml_only,0,,,,,,,,1,merchant_ecosystem_abuse,gift_card_abuse,customer decline history raises risk;failed login activity lowers risk;merchant growth pattern raises risk
txn_94ab095c1142,0.02350760880208547,0,0.023508,0,ml_only,0,,,,,,,,1,social_engineering_payment_fraud,ai_impersonation,merchant age lowers risk;customer payment cadence lowers risk;IP velocity lowers risk
txn_6c216ca31580,0.3982041659604285,1,0.398204,1,ml_only,0,,,,,,,,1,social_engineering_payment_fraud,ai_impersonation,merchant age lowers risk;customer one-hour velocity lowers risk;customer decline history lowers risk
txn_a40271541de5,0.8744170174857285,1,0.874417,1,ml_only,0,,,,,,,,1,social_engineering_payment_fraud,ai_impersonation,session velocity raises risk;merchant age lowers risk;IP velocity raises risk
txn_87f2a57fcd16,0.32605319404103644,1,0.326053,1,ml_only,0,,,,,,,,1,social_engineering_payment_fraud,ai_impersonation,merchant age lowers risk;IP velocity raises risk;session velocity lowers risk
txn_9a139252d559,0.6544710143164731,1,0.654471,1,ml_only,0,,,,,,,,1,social_engineering_payment_fraud,ai_impersonation,IP velocity raises risk;merchant age lowers risk;customer one-hour velocity lowers risk
txn_2fd14bb18a91,0.8345253435152938,1,0.834525,1,ml_only,0,,,,,,,,1,social_engineering_payment_fraud,ai_impersonation,IP velocity raises risk;session velocity raises risk;merchant age lowers risk
txn_e135d644c822,0.03590319282734161,0,0.035903,0,ml_only,0,,,,,,,,1,post_transaction_abuse,non_delivery_claim,customer payment cadence lowers risk;merchant age lowers risk;transaction_type_code raises risk
txn_f413c136e9be,0.5380636501731818,1,0.538064,1,ml_only,0,,,,,,,,1,post_transaction_abuse,non_delivery_claim,merchant age lowers risk;transaction_type_code raises risk;device history lowers risk
txn_7f8b9d27d1ce,0.804564290218688,1,0.804564,1,ml_only,0,,,,,,,,1,post_transaction_abuse,non_delivery_claim,session velocity raises risk;merchant age lowers risk;transaction_type_code raises risk
txn_d1ee388dc12f,0.06606944477092501,0,0.066069,0,ml_only,0,,,,,,,,1,post_transaction_abuse,non_delivery_claim,amount deviation from customer history lowers risk;merchant age lowers risk;transaction_type_code raises risk
txn_c705a1fc2916,0.17978388600726417,0,0.179784,0,ml_only,0,,,,,,,,1,post_transaction_abuse,non_delivery_claim,merchant age lowers risk;transaction_type_code raises risk;high generated risk score lowers risk
txn_264eb6aecc33,0.06430284039619433,0,0.064303,0,ml_only,0,,,,,,,,1,credential_based_fraud,consumer_account_takeover,customer payment cadence lowers risk;IP velocity lowers risk;session velocity lowers risk
txn_ee90398d42aa,0.3255063250381825,1,0.325506,1,ml_only,0,,,,,,,,1,credential_based_fraud,consumer_account_takeover,customer one-hour velocity lowers risk;device activity cadence lowers risk;customer payment cadence raises risk
txn_616ecd8e28e1,0.7268328366123664,1,0.726833,1,ml_only,0,,,,,,,,1,credential_based_fraud,consumer_account_takeover,session velocity raises risk;customer payment cadence raises risk;merchant_category_code lowers risk
txn_b70d0352de1a,0.2335177810247338,0,0.233518,0,ml_only,0,,,,,,,,1,credential_based_fraud,consumer_account_takeover,high generated risk score lowers risk;session velocity lowers risk;customer one-hour velocity lowers risk
txn_349ec835997f,0.44342919930713487,1,0.443429,1,ml_only,0,,,,,,,,1,credential_based_fraud,consumer_account_takeover,device history raises risk;customer one-hour velocity lowers risk;device activity cadence lowers risk
txn_857792103850,0.7636692635054565,1,0.763669,1,ml_only,0,,,,,,,,1,credential_based_fraud,consumer_account_takeover,session velocity raises risk;IP velocity raises risk;customer one-hour velocity lowers risk
txn_11b3d1df2dc7,0.44646314979843904,1,0.446463,1,ml_only,0,,,,,,,,1,credential_based_fraud,consumer_account_takeover,IP velocity raises risk;session velocity lowers risk;customer payment cadence raises risk
txn_5a95a861c2a0,0.6786106672080982,1,0.678611,1,ml_only,0,,,,,,,,1,credential_based_fraud,consumer_account_takeover,customer payment cadence raises risk;merchant_category_code raises risk;session velocity raises risk
txn_c519b5f1e1d7,0.741196642259324,1,0.741197,1,ml_only,0,,,,,,,,1,credential_based_fraud,consumer_account_takeover,session velocity raises risk;device history raises risk;customer payment cadence raises risk
txn_da45f531baf6,0.39640392203616104,1,0.396404,1,ml_only,0,,,,,,,,1,credential_based_fraud,consumer_account_takeover,session velocity lowers risk;customer one-hour velocity lowers risk;customer payment cadence raises risk
txn_000708cca127,0.5546044049935797,1,0.554604,1,ml_only,0,,,,,,,,1,credential_based_fraud,consumer_account_takeover,customer one-hour velocity lowers risk;customer payment cadence raises risk;session velocity raises risk
txn_12cb9c3cb0c7,0.014485108839973332,0,0.014485,0,ml_only,0,,,,,,,,1,credential_based_fraud,merchant_admin_takeover,transaction_type_code lowers risk;customer payment cadence lowers risk;IP velocity lowers risk
txn_60168c657567,0.05702852742035855,0,0.057029,0,ml_only,0,,,,,,,,1,credential_based_fraud,merchant_admin_takeover,transaction_type_code lowers risk;IP velocity lowers risk;customer decline history lowers risk
txn_1d3a2103c086,0.16568446175197532,0,0.165684,0,ml_only,0,,,,,,,,1,credential_based_fraud,merchant_admin_takeover,transaction_type_code lowers risk;session velocity raises risk;customer decline history lowers risk
txn_43f22fbfd6ad,0.05670022069421118,0,0.0567,0,ml_only,0,,,,,,,,1,credential_based_fraud,merchant_admin_takeover,transaction_type_code lowers risk;session velocity lowers risk;customer decline history lowers risk
txn_01441a68b6e4,0.08613939692036071,0,0.086139,0,ml_only,0,,,,,,,,1,credential_based_fraud,merchant_admin_takeover,transaction_type_code lowers risk;customer decline history lowers risk;payment_method_type_code lowers risk
txn_5eec1a88b706,0.2195499213658117,0,0.21955,0,ml_only,0,,,,,,,,1,credential_based_fraud,merchant_admin_takeover,transaction_type_code lowers risk;session velocity raises risk;customer decline history lowers risk
