transaction_id,fraud_score,prediction,ml_fraud_score,ml_prediction,decision_engine,llm_reviewed,llm_provider,llm_semantic_risk_score,llm_novelty_score,llm_recommendation,llm_rationale,llm_risk_indicators,llm_fallback,label,attack_bucket,attack_subtype,reason_codes
txn_1228ad2cefe8,0.015116844310080575,0,0.015117,0,ml_only,0,,,,,,,,0,,,customer payment cadence lowers risk;IP velocity lowers risk;event_hour lowers risk
txn_4790a68c3bdf,0.018970093350555484,0,0.01897,0,ml_only,0,,,,,,,,0,,,high generated risk score lowers risk;IP velocity lowers risk;event_hour lowers risk
txn_b886787848c6,0.03195654529354187,0,0.031957,0,ml_only,0,,,,,,,,0,,,high generated risk score lowers risk;IP velocity lowers risk;event_hour lowers risk
txn_89dc0aa4acde,0.03253095231381862,0,0.032531,0,ml_only,0,,,,,,,,0,,,high generated risk score lowers risk;IP velocity lowers risk;event_hour lowers risk
txn_7d1277f78d10,0.007637585611387033,0,0.007638,0,ml_only,0,,,,,,,,0,,,customer payment cadence lowers risk;high generated risk score lowers risk;IP velocity lowers risk
txn_3710a1533e7e,0.05756945729694112,0,0.057569,0,ml_only,0,,,,,,,,0,,,IP velocity lowers risk;event_hour lowers risk;high generated risk score lowers risk
txn_2a79556444a6,0.054916848276740815,0,0.054917,0,ml_only,0,,,,,,,,0,,,high generated risk score lowers risk;IP velocity lowers risk;event_hour lowers risk
txn_d397da168c20,0.012148685527869532,0,0.012149,0,ml_only,0,,,,,,,,0,,,amount deviation from customer history lowers risk;high generated risk score lowers risk;IP velocity lowers risk
txn_10c6287d13ff,0.02325846896312003,0,0.023258,0,ml_only,0,,,,,,,,0,,,IP velocity lowers risk;event_hour lowers risk;high generated risk score lowers risk
txn_95dda685c895,0.03561413459166983,0,0.035614,0,ml_only,0,,,,,,,,0,,,high generated risk score lowers risk;IP velocity lowers risk;event_hour lowers risk
txn_3a4ce753a195,0.011709348216041433,0,0.011709,0,ml_only,0,,,,,,,,0,,,customer payment cadence lowers risk;IP velocity lowers risk;event_hour lowers risk
txn_947fb889d7f1,0.019116300920259878,0,0.019116,0,ml_only,0,,,,,,,,0,,,high generated risk score lowers risk;IP velocity lowers risk;event_hour lowers risk
txn_cf1982d23fd8,0.066759804303679,0,0.06676,0,ml_only,0,,,,,,,,0,,,IP velocity lowers risk;event_hour lowers risk;session velocity lowers risk
txn_a6ff13150ffe,0.059382310287836804,0,0.059382,0,ml_only,0,,,,,,,,0,,,IP velocity lowers risk;event_hour lowers risk;session velocity lowers risk
txn_128b6547e713,0.03203446307052456,0,0.032034,0,ml_only,0,,,,,,,,0,,,customer payment cadence lowers risk;high generated risk score lowers risk;IP velocity lowers risk
txn_f2905fc8e813,0.029988196614068707,0,0.029988,0,ml_only,0,,,,,,,,0,,,high generated risk score lowers risk;IP velocity lowers risk;merchant chargeback behavior lowers risk
txn_3645f47fcdf7,0.026945991802356833,0,0.026946,0,ml_only,0,,,,,,,,0,,,customer payment cadence lowers risk;IP velocity lowers risk;event_hour lowers risk
txn_a2352d41560c,0.05006847838064126,0,0.050068,0,ml_only,0,,,,,,,,0,,,IP velocity lowers risk;merchant chargeback behavior lowers risk;high generated risk score lowers risk
txn_0d789f72644c,0.030227713556402004,0,0.030228,0,ml_only,0,,,,,,,,0,,,amount deviation from customer history lowers risk;IP velocity lowers risk;merchant chargeback behavior lowers risk
txn_dc9bf8142826,0.08685973887050662,0,0.08686,0,ml_only,0,,,,,,,,0,,,high generated risk score lowers risk;IP velocity lowers risk;session velocity lowers risk
txn_2de970216fbb,0.021083294025562124,0,0.021083,0,ml_only,0,,,,,,,,0,,,customer payment cadence lowers risk;IP velocity lowers risk;high generated risk score lowers risk
txn_c4c771932396,0.06186860248315948,0,0.061869,0,ml_only,0,,,,,,,,0,,,IP velocity lowers risk;event_hour lowers risk;high generated risk score lowers risk
txn_d5dc2c8094f9,0.0702965726285816,0,0.070297,0,ml_only,0,,,,,,,,0,,,IP velocity lowers risk;merchant chargeback behavior lowers risk;session velocity lowers risk
txn_20f625927f3e,0.07419809182442223,0,0.074198,0,ml_only,0,,,,,,,,0,,,IP velocity lowers risk;session velocity lowers risk;merchant chargeback behavior lowers risk
txn_27faa1770aa4,0.140947,1,0.122454,0,hybrid_ml_llm,1,local_rules,0.1841,0.3575,allow,Deterministic defensive review based on the primary model score and supplied behavioral signals.,IP velocity lowers risk;session velocity lowers risk;merchant chargeback behavior lowers risk,,0,,,IP velocity lowers risk;session velocity lowers risk;merchant chargeback behavior lowers risk
txn_7b2dd9dd429c,0.162121,1,0.144645,1,hybrid_ml_llm,1,local_rules,0.2029,0.3646,allow,Deterministic defensive review based on the primary model score and supplied behavioral signals.,IP velocity lowers risk;session velocity lowers risk;high generated risk score lowers risk,,0,,,IP velocity lowers risk;session velocity lowers risk;high generated risk score lowers risk
txn_a2f5bcb4b609,0.03170446152017973,0,0.031704,0,ml_only,0,,,,,,,,0,,,IP velocity lowers risk;merchant chargeback behavior lowers risk;session velocity lowers risk
txn_3156afbdd6f6,0.01609465610209732,0,0.016095,0,ml_only,0,,,,,,,,0,,,customer payment cadence lowers risk;IP velocity lowers risk;high generated risk score lowers risk
txn_f78da9bbf3e2,0.023649906803564134,0,0.02365,0,ml_only,0,,,,,,,,0,,,customer payment cadence lowers risk;IP velocity lowers risk;high generated risk score lowers risk
txn_981227a71b02,0.015663981248784046,0,0.015664,0,ml_only,0,,,,,,,,0,,,amount deviation from customer history lowers risk;IP velocity lowers risk;high generated risk score lowers risk
txn_ec0f4081b161,0.07656978763562027,0,0.07657,0,ml_only,0,,,,,,,,0,,,high generated risk score lowers risk;IP velocity lowers risk;session velocity lowers risk
txn_11f8971562c5,0.06524793065876597,0,0.065248,0,ml_only,0,,,,,,,,0,,,high generated risk score lowers risk;IP velocity lowers risk;session velocity lowers risk
txn_52a8828af8ad,0.09765700277302759,0,0.097657,0,ml_only,0,,,,,,,,0,,,IP velocity lowers risk;high generated risk score lowers risk;session velocity lowers risk
txn_f64b3fe2a0c4,0.05499009695974853,0,0.05499,0,ml_only,0,,,,,,,,0,,,IP velocity lowers risk;high generated risk score lowers risk;merchant chargeback behavior lowers risk
txn_8d81af180876,0.04831250598965364,0,0.048313,0,ml_only,0,,,,,,,,0,,,customer payment cadence lowers risk;IP velocity lowers risk;event_hour lowers risk
txn_b65034c2e3cd,0.02934340042495584,0,0.029343,0,ml_only,0,,,,,,,,0,,,IP velocity lowers risk;merchant chargeback behavior lowers risk;high generated risk score lowers risk
txn_6a91b4365fe3,0.0194490251370316,0,0.019449,0,ml_only,0,,,,,,,,0,,,customer payment cadence lowers risk;high generated risk score lowers risk;IP velocity lowers risk
txn_84f8884c38cc,0.06419940513653537,0,0.064199,0,ml_only,0,,,,,,,,0,,,IP velocity lowers risk;event_hour lowers risk;session velocity lowers risk
txn_c0275f6c3af6,0.05737981139342617,0,0.05738,0,ml_only,0,,,,,,,,0,,,IP velocity lowers risk;merchant chargeback behavior lowers risk;high generated risk score lowers risk
txn_c196d1a02637,0.07075558408690726,0,0.070756,0,ml_only,0,,,,,,,,0,,,high generated risk score lowers risk;IP velocity lowers risk;session velocity lowers risk
txn_2ae08d77231b,0.04708828319191948,0,0.047088,0,ml_only,0,,,,,,,,0,,,IP velocity lowers risk;merchant chargeback behavior lowers risk;high generated risk score lowers risk
txn_5afea5744c8c,0.013541523591910545,0,0.013542,0,ml_only,0,,,,,,,,0,,,amount deviation from customer history lowers risk;IP velocity lowers risk;session velocity lowers risk
txn_d354f1ad2dc1,0.023552001879064234,0,0.023552,0,ml_only,0,,,,,,,,0,,,customer payment cadence lowers risk;high generated risk score lowers risk;IP velocity lowers risk
txn_6e3286052baf,0.04011498784767528,0,0.040115,0,ml_only,0,,,,,,,,0,,,IP velocity lowers risk;high generated risk score lowers risk;session velocity lowers risk
txn_5a5796c0002b,0.08862418734990292,0,0.088624,0,ml_only,0,,,,,,,,0,,,IP velocity lowers risk;merchant chargeback behavior lowers risk;session velocity lowers risk
txn_358d4196ccbf,0.19287834228797168,1,0.192878,1,ml_only,0,,,,,,,,0,,,high generated risk score lowers risk;IP velocity lowers risk;merchant chargeback behavior lowers risk
txn_bb6daf618cc0,0.025716950881986285,0,0.025717,0,ml_only,0,,,,,,,,0,,,high generated risk score lowers risk;IP velocity lowers risk;session velocity lowers risk
txn_4fdc74026df8,0.0175868069615426,0,0.017587,0,ml_only,0,,,,,,,,0,,,customer payment cadence lowers risk;IP velocity lowers risk;high generated risk score lowers risk
txn_099c52ef4bae,0.019929646551127497,0,0.01993,0,ml_only,0,,,,,,,,0,,,customer payment cadence lowers risk;IP velocity lowers risk;high generated risk score lowers risk
txn_d837c4b3a94a,0.044132883102048916,0,0.044133,0,ml_only,0,,,,,,,,0,,,high generated risk score lowers risk;IP velocity lowers risk;session velocity lowers risk
txn_3cb77d119c81,0.6051905806296445,1,0.605191,1,ml_only,0,,,,,,,,1,credential_based_fraud,card_testing,customer payment cadence lowers risk;IP velocity lowers risk;high generated risk score raises risk
txn_cd9720687d0a,0.8297708614745216,1,0.829771,1,ml_only,0,,,,,,,,1,credential_based_fraud,card_testing,IP velocity lowers risk;device activity cadence raises risk;channel_code raises risk
txn_caae78823e95,0.6745009126596153,1,0.674501,1,ml_only,0,,,,,,,,1,credential_based_fraud,card_testing,IP velocity lowers risk;session velocity raises risk;high generated risk score lowers risk
txn_aa0214110511,0.7828030034347033,1,0.782803,1,ml_only,0,,,,,,,,1,credential_based_fraud,card_testing,IP velocity lowers risk;session velocity lowers risk;high generated risk score raises risk
txn_0f7e6466e781,0.8372326212420699,1,0.837233,1,ml_only,0,,,,,,,,1,credential_based_fraud,card_testing,IP velocity lowers risk;device activity cadence raises risk;high generated risk score raises risk
txn_6c27a8fe7519,0.8162692793740502,1,0.816269,1,ml_only,0,,,,,,,,1,credential_based_fraud,card_testing,session velocity raises risk;IP velocity lowers risk;channel_code raises risk
txn_edddb379cbda,0.8211949014722877,1,0.821195,1,ml_only,0,,,,,,,,1,credential_based_fraud,card_testing,IP velocity lowers risk;high generated risk score raises risk;session velocity lowers risk
txn_9e651709b8a9,0.5467249955739989,1,0.546725,1,ml_only,0,,,,,,,,1,credential_based_fraud,card_testing,IP velocity lowers risk;high generated risk score lowers risk;channel_code raises risk
txn_4dd68e11f060,0.9393307226371946,1,0.939331,1,ml_only,0,,,,,,,,1,credential_based_fraud,card_testing,IP velocity lowers risk;high generated risk score raises risk;session velocity raises risk
txn_d771d54ca7a1,0.8547992077923489,1,0.854799,1,ml_only,0,,,,,,,,1,credential_based_fraud,card_testing,IP velocity lowers risk;high generated risk score raises risk;session velocity lowers risk
txn_f2344d902aca,0.7941448641919745,1,0.794145,1,ml_only,0,,,,,,,,1,credential_based_fraud,card_testing,IP velocity lowers risk;channel_code raises risk;event_hour raises risk
txn_1c69d0c0b0af,0.7755224071974965,1,0.775522,1,ml_only,0,,,,,,,,1,credential_based_fraud,card_testing,IP velocity lowers risk;session velocity raises risk;high generated risk score lowers risk
txn_3b6d447ce69e,0.7903018566655203,1,0.790302,1,ml_only,0,,,,,,,,1,credential_based_fraud,card_testing,IP velocity lowers risk;session velocity lowers risk;device activity cadence raises risk
txn_ebbccb85ced2,0.803410506933772,1,0.803411,1,ml_only,0,,,,,,,,1,credential_based_fraud,card_testing,IP velocity lowers risk;channel_code raises risk;event_hour raises risk
txn_fa72c5bd6b58,0.8395787221164424,1,0.839579,1,ml_only,0,,,,,,,,1,credential_based_fraud,card_testing,session velocity raises risk;IP velocity lowers risk;channel_code raises risk
txn_41eacf278e71,0.6906410425750396,1,0.690641,1,ml_only,0,,,,,,,,1,credential_based_fraud,card_testing,IP velocity lowers risk;session velocity lowers risk;channel_code raises risk
txn_b0266f273bcc,0.8570988892191418,1,0.857099,1,ml_only,0,,,,,,,,1,credential_based_fraud,card_testing,IP velocity lowers risk;device activity cadence raises risk;channel_code raises risk
txn_3f79ee5dfdef,0.9445442492096409,1,0.944544,1,ml_only,0,,,,,,,,1,credential_based_fraud,card_testing,IP velocity lowers risk;high generated risk score raises risk;session velocity raises risk
txn_5e21b0ac406c,0.8821261047699148,1,0.882126,1,ml_only,0,,,,,,,,1,credential_based_fraud,card_testing,high generated risk score raises risk;IP velocity lowers risk;session velocity lowers risk
txn_ff5f7a9e1a05,0.849810156852915,1,0.84981,1,ml_only,0,,,,,,,,1,credential_based_fraud,card_testing,IP velocity lowers risk;channel_code raises risk;event_hour raises risk
txn_76c40ddcb846,0.9597025721751261,1,0.959703,1,ml_only,0,,,,,,,,1,credential_based_fraud,card_testing,high generated risk score raises risk;session velocity raises risk;IP velocity lowers risk
txn_50c7fc6b64bc,0.836752017522921,1,0.836752,1,ml_only,0,,,,,,,,1,credential_based_fraud,card_testing,session velocity lowers risk;IP velocity lowers risk;channel_code raises risk
txn_b949e35d1889,0.9536049029288894,1,0.953605,1,ml_only,0,,,,,,,,1,credential_based_fraud,card_testing,high generated risk score raises risk;IP velocity lowers risk;channel_code raises risk
txn_22075d745385,0.9555162892545612,1,0.955516,1,ml_only,0,,,,,,,,1,credential_based_fraud,card_testing,session velocity raises risk;high generated risk score raises risk;IP velocity lowers risk
txn_a72e829d3295,0.7769164790133506,1,0.776916,1,ml_only,0,,,,,,,,1,credential_based_fraud,card_testing,IP velocity lowers risk;session velocity lowers risk;device activity cadence raises risk
txn_810a6794b074,0.9113937960361495,1,0.911394,1,ml_only,0,,,,,,,,1,credential_based_fraud,card_testing,high generated risk score raises risk;IP velocity lowers risk;channel_code raises risk
txn_29e1d104f794,0.9505983155463672,1,0.950598,1,ml_only,0,,,,,,,,1,credential_based_fraud,card_testing,session velocity raises risk;IP velocity lowers risk;channel_code raises risk
txn_9a7b979550f6,0.7674534669698,1,0.767453,1,ml_only,0,,,,,,,,1,credential_based_fraud,card_testing,IP velocity lowers risk;session velocity lowers risk;high generated risk score lowers risk
txn_f9597348f0bb,0.884391774518168,1,0.884392,1,ml_only,0,,,,,,,,1,credential_based_fraud,card_testing,IP velocity lowers risk;device activity cadence raises risk;high generated risk score raises risk
txn_839353570a61,0.9153432939701517,1,0.915343,1,ml_only,0,,,,,,,,1,credential_based_fraud,card_testing,session velocity raises risk;IP velocity lowers risk;channel_code raises risk
txn_166960dbff1f,0.9330315598851342,1,0.933032,1,ml_only,0,,,,,,,,1,credential_based_fraud,card_testing,high generated risk score raises risk;IP velocity lowers risk;session velocity lowers risk
txn_5a2e0bb2859a,0.9007649923824856,1,0.900765,1,ml_only,0,,,,,,,,1,credential_based_fraud,card_testing,IP velocity lowers risk;channel_code raises risk;event_hour raises risk
txn_248fd0abbf06,0.9451594860026808,1,0.945159,1,ml_only,0,,,,,,,,1,credential_based_fraud,card_testing,session velocity raises risk;IP velocity lowers risk;device activity cadence raises risk
txn_84f96256936c,0.8395329250321565,1,0.839533,1,ml_only,0,,,,,,,,1,credential_based_fraud,card_testing,IP velocity lowers risk;session velocity lowers risk;event_hour raises risk
txn_a5fe084f9c7b,0.8323808267045129,1,0.832381,1,ml_only,0,,,,,,,,1,credential_based_fraud,card_testing,IP velocity lowers risk;event_hour raises risk;high generated risk score lowers risk
txn_b82edb127864,0.9692975382555887,1,0.969298,1,ml_only,0,,,,,,,,1,credential_based_fraud,card_testing,high generated risk score raises risk;session velocity raises risk;IP velocity lowers risk
txn_f2652e64e4dc,0.8910000459573657,1,0.891,1,ml_only,0,,,,,,,,1,credential_based_fraud,card_testing,IP velocity lowers risk;session velocity lowers risk;device activity cadence raises risk
txn_51173e3f5f87,0.9392870682880294,1,0.939287,1,ml_only,0,,,,,,,,1,credential_based_fraud,card_testing,high generated risk score raises risk;IP velocity lowers risk;event_hour raises risk
txn_373a713818b2,0.9340584645097277,1,0.934058,1,ml_only,0,,,,,,,,1,credential_based_fraud,card_testing,session velocity raises risk;IP velocity lowers risk;event_hour raises risk
txn_b14a05a87e44,0.9318581148270234,1,0.931858,1,ml_only,0,,,,,,,,1,credential_based_fraud,card_testing,high generated risk score raises risk;IP velocity lowers risk;session velocity lowers risk
txn_1b761c0938d3,0.8670067973625802,1,0.867007,1,ml_only,0,,,,,,,,1,credential_based_fraud,card_testing,IP velocity lowers risk;device activity cadence raises risk;event_hour raises risk
txn_dd2f1eb7adde,0.9670349327690134,1,0.967035,1,ml_only,0,,,,,,,,1,credential_based_fraud,card_testing,high generated risk score raises risk;session velocity raises risk;IP velocity lowers risk
txn_6c06dbe1fbeb,0.8286290244651492,1,0.828629,1,ml_only,0,,,,,,,,1,credential_based_fraud,card_testing,IP velocity lowers risk;session velocity lowers risk;event_hour raises risk
txn_786303037f28,0.9248171045572865,1,0.924817,1,ml_only,0,,,,,,,,1,credential_based_fraud,card_testing,IP velocity lowers risk;high generated risk score raises risk;event_hour raises risk
txn_df24fdf757f3,0.9105304637796784,1,0.91053,1,ml_only,0,,,,,,,,1,credential_based_fraud,card_testing,session velocity raises risk;IP velocity lowers risk;device activity cadence raises risk
txn_e04732fd438d,0.8577165209041696,1,0.857717,1,ml_only,0,,,,,,,,1,credential_based_fraud,card_testing,IP velocity lowers risk;session velocity lowers risk;event_hour raises risk
txn_73060e2c7675,0.9186832757851819,1,0.918683,1,ml_only,0,,,,,,,,1,credential_based_fraud,card_testing,IP velocity lowers risk;high generated risk score raises risk;event_hour raises risk
txn_f1c23a72e541,0.950529340535172,1,0.950529,1,ml_only,0,,,,,,,,1,credential_based_fraud,card_testing,session velocity raises risk;IP velocity lowers risk;event_hour raises risk
txn_15a9fc0aab13,0.9632224661189132,1,0.963222,1,ml_only,0,,,,,,,,1,credential_based_fraud,card_testing,high generated risk score raises risk;IP velocity lowers risk;session velocity lowers risk
txn_3af2d58d2dbd,0.9153403473795315,1,0.91534,1,ml_only,0,,,,,,,,1,credential_based_fraud,card_testing,IP velocity lowers risk;event_hour raises risk;channel_code raises risk
txn_2d778f81b73d,0.9643943764928657,1,0.964394,1,ml_only,0,,,,,,,,1,credential_based_fraud,card_testing,high generated risk score raises risk;session velocity raises risk;IP velocity lowers risk
txn_37eedfa4eb82,0.9051896855215827,1,0.90519,1,ml_only,0,,,,,,,,1,credential_based_fraud,card_testing,IP velocity lowers risk;session velocity lowers risk;event_hour raises risk
txn_f7915bda25dc,0.9330013319890046,1,0.933001,1,ml_only,0,,,,,,,,1,credential_based_fraud,card_testing,high generated risk score raises risk;IP velocity lowers risk;device activity cadence raises risk
txn_3a4ddf54e369,0.8977396754830202,1,0.89774,1,ml_only,0,,,,,,,,1,credential_based_fraud,card_testing,session velocity raises risk;IP velocity lowers risk;event_hour raises risk
txn_ec17ab0df1d4,0.9063169591517973,1,0.906317,1,ml_only,0,,,,,,,,1,credential_based_fraud,card_testing,IP velocity lowers risk;session velocity lowers risk;event_hour raises risk
txn_01f36b9934eb,0.8052371759306499,1,0.805237,1,ml_only,0,,,,,,,,1,credential_based_fraud,card_testing,high generated risk score lowers risk;IP velocity lowers risk;event_hour raises risk
txn_f02dd20f05c2,0.9619042751528397,1,0.961904,1,ml_only,0,,,,,,,,1,credential_based_fraud,card_testing,session velocity raises risk;IP velocity lowers risk;device activity cadence raises risk
txn_2626f4644493,0.8577221256474923,1,0.857722,1,ml_only,0,,,,,,,,1,credential_based_fraud,card_testing,IP velocity lowers risk;session velocity lowers risk;event_hour raises risk
txn_36ab16c23519,0.9360923633532598,1,0.936092,1,ml_only,0,,,,,,,,1,credential_based_fraud,card_testing,IP velocity lowers risk;event_hour raises risk;channel_code raises risk
txn_989e7470b1bf,0.947438313225168,1,0.947438,1,ml_only,0,,,,,,,,1,credential_based_fraud,card_testing,session velocity raises risk;IP velocity lowers risk;event_hour raises risk
txn_14c8fe536b8a,0.8536777875182261,1,0.853678,1,ml_only,0,,,,,,,,1,credential_based_fraud,card_testing,IP velocity lowers risk;session velocity lowers risk;device activity cadence raises risk
txn_95fd9ac214cf,0.853027263278772,1,0.853027,1,ml_only,0,,,,,,,,1,credential_based_fraud,card_testing,IP velocity lowers risk;high generated risk score lowers risk;event_hour raises risk
txn_8caa8aecd545,0.9746460282871883,1,0.974646,1,ml_only,0,,,,,,,,1,credential_based_fraud,card_testing,IP velocity lowers risk;session velocity raises risk;high generated risk score raises risk
txn_55a555edbe68,0.9432493825968775,1,0.943249,1,ml_only,0,,,,,,,,1,credential_based_fraud,card_testing,IP velocity lowers risk;high generated risk score raises risk;session velocity lowers risk
txn_22c946b2722c,0.9245252210892977,1,0.924525,1,ml_only,0,,,,,,,,1,credential_based_fraud,card_testing,IP velocity lowers risk;device activity cadence raises risk;event_hour raises risk
txn_31eb14d915e3,0.9797249883383602,1,0.979725,1,ml_only,0,,,,,,,,1,credential_based_fraud,card_testing,high generated risk score raises risk;IP velocity lowers risk;session velocity raises risk
txn_7c0831c6ef38,0.9491631832665199,1,0.949163,1,ml_only,0,,,,,,,,1,credential_based_fraud,card_testing,high generated risk score raises risk;IP velocity lowers risk;session velocity lowers risk
txn_d5b51d01f22e,0.9667257290909095,1,0.966726,1,ml_only,0,,,,,,,,1,credential_based_fraud,card_testing,IP velocity lowers risk;high generated risk score raises risk;event_hour raises risk
txn_839b001a61d2,0.8793687760023244,1,0.879369,1,ml_only,0,,,,,,,,1,credential_based_fraud,card_testing,IP velocity lowers risk;session velocity raises risk;device activity cadence raises risk
txn_0e9cf59bdb32,0.8083560298953555,1,0.808356,1,ml_only,0,,,,,,,,1,credential_based_fraud,card_testing,IP velocity lowers risk;high generated risk score lowers risk;session velocity lowers risk
txn_6e872649ebb6,0.959377308327997,1,0.959377,1,ml_only,0,,,,,,,,1,credential_based_fraud,card_testing,IP velocity lowers risk;high generated risk score raises risk;event_hour raises risk
txn_8bd03bc8fe86,0.9609192399910841,1,0.960919,1,ml_only,0,,,,,,,,1,credential_based_fraud,card_testing,IP velocity lowers risk;session velocity raises risk;event_hour raises risk
txn_d181b9fcf30a,0.9085509703894933,1,0.908551,1,ml_only,0,,,,,,,,1,credential_based_fraud,card_testing,IP velocity lowers risk;session velocity lowers risk;device activity cadence raises risk
txn_ef52582be8a6,0.9081554230679614,1,0.908155,1,ml_only,0,,,,,,,,1,credential_based_fraud,card_testing,IP velocity lowers risk;event_hour raises risk;customer one-hour velocity raises risk
txn_c35e45f9fa2b,0.9704134451237728,1,0.970413,1,ml_only,0,,,,,,,,1,credential_based_fraud,card_testing,IP velocity lowers risk;session velocity raises risk;event_hour raises risk
txn_fb0869bd6af4,0.9052035185946996,1,0.905204,1,ml_only,0,,,,,,,,1,credential_based_fraud,card_testing,IP velocity lowers risk;session velocity lowers risk;event_hour raises risk
txn_30e8cda053d3,0.8650943483213128,1,0.865094,1,ml_only,0,,,,,,,,1,credential_based_fraud,card_testing,IP velocity lowers risk;device activity cadence raises risk;event_hour raises risk
txn_39bca3fc9be3,0.9882430057740639,1,0.988243,1,ml_only,0,,,,,,,,1,credential_based_fraud,card_testing,high generated risk score raises risk;IP velocity lowers risk;session velocity raises risk
txn_23db53179232,0.8885046911343696,1,0.888505,1,ml_only,0,,,,,,,,1,credential_based_fraud,card_testing,IP velocity lowers risk;session velocity lowers risk;event_hour raises risk
txn_4274b5a879b7,0.9344567278447301,1,0.934457,1,ml_only,0,,,,,,,,1,credential_based_fraud,card_testing,IP velocity lowers risk;event_hour raises risk;customer one-hour velocity raises risk
txn_ee21db0c6531,0.9089836125312246,1,0.908984,1,ml_only,0,,,,,,,,1,credential_based_fraud,card_testing,IP velocity lowers risk;session velocity raises risk;device activity cadence raises risk
txn_1d416e886545,0.9686553150338935,1,0.968655,1,ml_only,0,,,,,,,,1,credential_based_fraud,card_testing,high generated risk score raises risk;IP velocity lowers risk;session velocity lowers risk
txn_b4bea6708dd5,0.9375821082515627,1,0.937582,1,ml_only,0,,,,,,,,1,credential_based_fraud,card_testing,IP velocity lowers risk;event_hour raises risk;customer one-hour velocity raises risk
txn_e31bc2e5fd4a,0.9786962653626038,1,0.978696,1,ml_only,0,,,,,,,,1,credential_based_fraud,card_testing,IP velocity lowers risk;session velocity raises risk;event_hour raises risk
txn_9aff952c3e47,0.8808995147701079,1,0.8809,1,ml_only,0,,,,,,,,1,credential_based_fraud,card_testing,IP velocity lowers risk;session velocity lowers risk;device activity cadence raises risk
txn_bb102d111484,0.9432310765189461,1,0.943231,1,ml_only,0,,,,,,,,1,credential_based_fraud,card_testing,IP velocity lowers risk;customer one-hour velocity raises risk;event_hour raises risk
txn_df718f14f701,0.9693460437173754,1,0.969346,1,ml_only,0,,,,,,,,1,credential_based_fraud,card_testing,IP velocity lowers risk;session velocity raises risk;customer one-hour velocity raises risk
txn_0a03aed95bdb,0.9725313742092538,1,0.972531,1,ml_only,0,,,,,,,,1,credential_based_fraud,card_testing,high generated risk score raises risk;IP velocity lowers risk;session velocity lowers risk
txn_e08a704107d2,0.921938913482232,1,0.921939,1,ml_only,0,,,,,,,,1,credential_based_fraud,card_testing,IP velocity lowers risk;device activity cadence raises risk;customer one-hour velocity raises risk
txn_3df3388a942e,0.9770719663256463,1,0.977072,1,ml_only,0,,,,,,,,1,credential_based_fraud,card_testing,IP velocity lowers risk;session velocity raises risk;customer one-hour velocity raises risk
txn_e43996b509e3,0.9260069554320686,1,0.926007,1,ml_only,0,,,,,,,,1,credential_based_fraud,card_testing,IP velocity lowers risk;session velocity lowers risk;event_hour raises risk
txn_c19ac01c6aed,0.9470032941261896,1,0.947003,1,ml_only,0,,,,,,,,1,credential_based_fraud,card_testing,IP velocity lowers risk;event_hour raises risk;customer one-hour velocity raises risk
txn_36b7ef789376,0.9496827320825332,1,0.949683,1,ml_only,0,,,,,,,,1,credential_based_fraud,card_testing,IP velocity lowers risk;session velocity raises risk;device activity cadence raises risk
txn_288cf098239a,0.9413922693840455,1,0.941392,1,ml_only,0,,,,,,,,1,credential_based_fraud,card_testing,IP velocity lowers risk;session velocity lowers risk;event_hour raises risk
txn_66467bd30f2d,0.9750515847991609,1,0.975052,1,ml_only,0,,,,,,,,1,credential_based_fraud,card_testing,high generated risk score raises risk;IP velocity lowers risk;event_hour raises risk
txn_eedce0d8c25b,0.9318383930208358,1,0.931838,1,ml_only,0,,,,,,,,1,credential_based_fraud,card_testing,IP velocity lowers risk;session velocity raises risk;high generated risk score lowers risk
txn_90944bbb70f0,0.9208353853744687,1,0.920835,1,ml_only,0,,,,,,,,1,credential_based_fraud,card_testing,IP velocity lowers risk;session velocity lowers risk;device activity cadence raises risk
txn_b6dd5b1a9ef9,0.9016759953847361,1,0.901676,1,ml_only,0,,,,,,,,1,credential_based_fraud,card_testing,IP velocity lowers risk;event_hour raises risk;channel_code raises risk
txn_a4e4d9bee439,0.9391286791494838,1,0.939129,1,ml_only,0,,,,,,,,1,credential_based_fraud,card_testing,IP velocity lowers risk;session velocity raises risk;event_hour raises risk
txn_455504463232,0.9392922809436025,1,0.939292,1,ml_only,0,,,,,,,,1,credential_based_fraud,card_testing,IP velocity lowers risk;high generated risk score raises risk;session velocity lowers risk
txn_43b98d0aaec8,0.8947493470931481,1,0.894749,1,ml_only,0,,,,,,,,1,credential_based_fraud,card_testing,IP velocity lowers risk;device activity cadence raises risk;event_hour raises risk
txn_7425f3386d42,0.9405359583713175,1,0.940536,1,ml_only,0,,,,,,,,1,credential_based_fraud,card_testing,IP velocity lowers risk;session velocity raises risk;event_hour raises risk
txn_1ae29059d2c6,0.9234522789646537,1,0.923452,1,ml_only,0,,,,,,,,1,credential_based_fraud,card_testing,IP velocity lowers risk;session velocity lowers risk;event_hour raises risk
txn_9670fe59b4e6,0.960926597452835,1,0.960927,1,ml_only,0,,,,,,,,1,credential_based_fraud,card_testing,IP velocity lowers risk;event_hour raises risk;channel_code raises risk
txn_290731dea728,0.9551095111604051,1,0.95511,1,ml_only,0,,,,,,,,1,credential_based_fraud,card_testing,IP velocity lowers risk;session velocity raises risk;device activity cadence raises risk
txn_bf48ce7db192,0.8296107569226099,1,0.829611,1,ml_only,0,,,,,,,,1,credential_based_fraud,card_testing,IP velocity lowers risk;high generated risk score lowers risk;session velocity lowers risk
txn_514aa25af076,0.963263411808117,1,0.963263,1,ml_only,0,,,,,,,,1,credential_based_fraud,card_testing,IP velocity lowers risk;event_hour raises risk;channel_code raises risk
txn_2357cfc076b2,0.9551073399600671,1,0.955107,1,ml_only,0,,,,,,,,1,credential_based_fraud,card_testing,IP velocity lowers risk;session velocity raises risk;event_hour raises risk
txn_9034bdf5ad69,0.8075898903223967,1,0.80759,1,ml_only,0,,,,,,,,1,credential_based_fraud,card_testing,IP velocity lowers risk;session velocity lowers risk;high generated risk score lowers risk
txn_3cff3ade9965,0.8838746711489033,1,0.883875,1,ml_only,0,,,,,,,,1,credential_based_fraud,card_testing,IP velocity lowers risk;event_hour raises risk;high generated risk score lowers risk
txn_b78b339a7692,0.9516517519820756,1,0.951652,1,ml_only,0,,,,,,,,1,credential_based_fraud,card_testing,IP velocity lowers risk;session velocity raises risk;event_hour raises risk
txn_75a5f06bac35,0.9705903952919098,1,0.97059,1,ml_only,0,,,,,,,,1,credential_based_fraud,card_testing,IP velocity lowers risk;high generated risk score raises risk;session velocity lowers risk
txn_3f1681bf4d19,0.878552219212908,1,0.878552,1,ml_only,0,,,,,,,,1,credential_based_fraud,card_testing,IP velocity lowers risk;event_hour raises risk;device activity cadence raises risk
txn_ddc0e392fc6a,0.9537688054316831,1,0.953769,1,ml_only,0,,,,,,,,1,credential_based_fraud,card_testing,IP velocity lowers risk;session velocity raises risk;event_hour raises risk
txn_dac1d75cc4a5,0.9744841505632487,1,0.974484,1,ml_only,0,,,,,,,,1,credential_based_fraud,card_testing,high generated risk score raises risk;IP velocity lowers risk;session velocity lowers risk
txn_bc50eaf0d376,0.9147749463148515,1,0.914775,1,ml_only,0,,,,,,,,1,credential_based_fraud,card_testing,IP velocity lowers risk;event_hour raises risk;channel_code raises risk
txn_1cb146e13121,0.9627043723399216,1,0.962704,1,ml_only,0,,,,,,,,1,credential_based_fraud,card_testing,IP velocity lowers risk;session velocity raises risk;event_hour raises risk
txn_07085bcb4a13,0.939754621510209,1,0.939755,1,ml_only,0,,,,,,,,1,credential_based_fraud,card_testing,IP velocity lowers risk;session velocity lowers risk;event_hour raises risk
txn_13d64f05eb14,0.9562603045918255,1,0.95626,1,ml_only,0,,,,,,,,1,credential_based_fraud,card_testing,IP velocity lowers risk;event_hour raises risk;channel_code raises risk
txn_b9994a943379,0.9884559938061432,1,0.988456,1,ml_only,0,,,,,,,,1,credential_based_fraud,card_testing,high generated risk score raises risk;IP velocity lowers risk;session velocity raises risk
txn_fb45135ac46b,0.9193576947586889,1,0.919358,1,ml_only,0,,,,,,,,1,credential_based_fraud,card_testing,IP velocity lowers risk;session velocity lowers risk;event_hour raises risk
txn_68730633728b,0.9775843076375684,1,0.977584,1,ml_only,0,,,,,,,,1,credential_based_fraud,card_testing,high generated risk score raises risk;IP velocity lowers risk;event_hour raises risk
txn_9fa7ce669c8f,0.9811265872023713,1,0.981127,1,ml_only,0,,,,,,,,1,credential_based_fraud,card_testing,IP velocity lowers risk;high generated risk score raises risk;session velocity raises risk
txn_5bed9cd8b5fa,0.9673666093112201,1,0.967367,1,ml_only,0,,,,,,,,1,credential_based_fraud,card_testing,high generated risk score raises risk;IP velocity lowers risk;session velocity lowers risk
txn_13a6f6697346,0.9049715261347536,1,0.904972,1,ml_only,0,,,,,,,,1,credential_based_fraud,card_testing,IP velocity lowers risk;event_hour raises risk;device activity cadence raises risk
txn_a8b84959242d,0.9762779444466113,1,0.976278,1,ml_only,0,,,,,,,,1,credential_based_fraud,card_testing,IP velocity lowers risk;session velocity raises risk;event_hour raises risk
txn_a38dd831ed50,0.9439535376085164,1,0.943954,1,ml_only,0,,,,,,,,1,credential_based_fraud,card_testing,IP velocity lowers risk;session velocity lowers risk;event_hour raises risk
txn_e6d586856932,0.8835986748849138,1,0.883599,1,ml_only,0,,,,,,,,1,credential_based_fraud,card_testing,IP velocity lowers risk;high generated risk score lowers risk;event_hour raises risk
txn_3bc1c1e19251,0.9135716199377043,1,0.913572,1,ml_only,0,,,,,,,,1,credential_based_fraud,card_testing,IP velocity lowers risk;session velocity raises risk;high generated risk score lowers risk
txn_e097b931d3f1,0.9740414977488039,1,0.974041,1,ml_only,0,,,,,,,,1,credential_based_fraud,card_testing,high generated risk score raises risk;IP velocity lowers risk;session velocity lowers risk
txn_ad5293338716,0.9515319588214027,1,0.951532,1,ml_only,0,,,,,,,,1,credential_based_fraud,card_testing,IP velocity lowers risk;event_hour raises risk;channel_code raises risk
txn_5e9d8917697a,0.9814332074242329,1,0.981433,1,ml_only,0,,,,,,,,1,credential_based_fraud,card_testing,IP velocity lowers risk;session velocity raises risk;event_hour raises risk
txn_1ff19e387e14,0.8581030305014862,1,0.858103,1,ml_only,0,,,,,,,,1,credential_based_fraud,card_testing,IP velocity lowers risk;high generated risk score lowers risk;session velocity lowers risk
txn_de4158d82362,0.4569484932457924,1,0.456948,1,ml_only,0,,,,,,,,1,credential_based_fraud,card_not_present,customer payment cadence lowers risk;IP velocity lowers risk;session velocity lowers risk
txn_cb8128e157bb,0.7854668527875316,1,0.785467,1,ml_only,0,,,,,,,,1,credential_based_fraud,card_not_present,IP velocity lowers risk;device activity cadence raises risk;merchant chargeback behavior raises risk
txn_36c76d773e0e,0.8476167318197694,1,0.847617,1,ml_only,0,,,,,,,,1,credential_based_fraud,card_not_present,session velocity raises risk;IP velocity lowers risk;high generated risk score lowers risk
txn_e128b9d205c5,0.7000251292351848,1,0.700025,1,ml_only,0,,,,,,,,1,credential_based_fraud,card_not_present,session velocity lowers risk;IP velocity lowers risk;event_hour raises risk
txn_7c467f8bd257,0.8922399180047343,1,0.89224,1,ml_only,0,,,,,,,,1,credential_based_fraud,card_not_present,device activity cadence raises risk;IP velocity lowers risk;event_hour raises risk
txn_a430d97f2cf6,0.9662133693809178,1,0.966213,1,ml_only,0,,,,,,,,1,credential_based_fraud,card_not_present,session velocity raises risk;high generated risk score raises risk;event_hour raises risk
txn_2bfe7ffa0c94,0.7389550927076941,1,0.738955,1,ml_only,0,,,,,,,,1,credential_based_fraud,card_not_present,session velocity lowers risk;event_hour raises risk;high generated risk score lowers risk
txn_df1725e9130b,0.936435180893443,1,0.936435,1,ml_only,0,,,,,,,,1,credential_based_fraud,card_not_present,high generated risk score raises risk;event_hour raises risk;merchant chargeback behavior raises risk
txn_02c0c4a1e2ad,0.9246714363915639,1,0.924671,1,ml_only,0,,,,,,,,1,credential_based_fraud,card_not_present,session velocity raises risk;device activity cadence raises risk;IP velocity lowers risk
txn_61e79c01a2ae,0.8688349946272308,1,0.868835,1,ml_only,0,,,,,,,,1,credential_based_fraud,card_not_present,session velocity lowers risk;event_hour raises risk;merchant chargeback behavior raises risk
txn_b79b3792486a,0.8142258965521966,1,0.814226,1,ml_only,0,,,,,,,,1,credential_based_fraud,card_not_present,high generated risk score lowers risk;IP velocity lowers risk;event_hour raises risk
txn_1ab51cf5943c,0.9241666272895652,1,0.924167,1,ml_only,0,,,,,,,,1,credential_based_fraud,card_not_present,session velocity raises risk;high generated risk score lowers risk;event_hour raises risk
txn_d9cbe14febd9,0.9091345969664525,1,0.909135,1,ml_only,0,,,,,,,,1,credential_based_fraud,card_not_present,session velocity lowers risk;device activity cadence raises risk;IP velocity lowers risk
txn_b3a9a255602d,0.9100584434746802,1,0.910058,1,ml_only,0,,,,,,,,1,credential_based_fraud,card_not_present,event_hour raises risk;merchant chargeback behavior raises risk;amount deviation from customer history lowers risk
txn_63d043e09156,0.6835905523882382,1,0.683591,1,ml_only,0,,,,,,,,1,credential_based_fraud,card_not_present,amount deviation from customer history lowers risk;session velocity raises risk;high generated risk score lowers risk
txn_a5afb87230bd,0.8489327067031572,1,0.848933,1,ml_only,0,,,,,,,,1,credential_based_fraud,card_not_present,session velocity lowers risk;event_hour raises risk;merchant chargeback behavior raises risk
txn_1a9fb5c4b3be,0.9549947356949807,1,0.954995,1,ml_only,0,,,,,,,,1,credential_based_fraud,card_not_present,device activity cadence raises risk;event_hour raises risk;high generated risk score raises risk
txn_d0b11f128787,0.9259975035404678,1,0.925998,1,ml_only,0,,,,,,,,1,credential_based_fraud,card_not_present,session velocity raises risk;high generated risk score lowers risk;event_hour raises risk
txn_b839c56ec481,0.7304191551670243,1,0.730419,1,ml_only,0,,,,,,,,1,credential_based_fraud,card_not_present,session velocity lowers risk;high generated risk score lowers risk;event_hour raises risk
txn_f9a3e5acd81f,0.9784867617445998,1,0.978487,1,ml_only,0,,,,,,,,1,credential_based_fraud,card_not_present,high generated risk score raises risk;event_hour raises risk;merchant chargeback behavior raises risk
txn_d50c10710a1d,0.9752466263520706,1,0.975247,1,ml_only,0,,,,,,,,1,credential_based_fraud,card_not_present,session velocity raises risk;device activity cadence raises risk;high generated risk score raises risk
txn_575091e541af,0.8753389625146378,1,0.875339,1,ml_only,0,,,,,,,,1,credential_based_fraud,card_not_present,session velocity lowers risk;event_hour raises risk;merchant chargeback behavior raises risk
txn_a52cffc7d776,0.9445666917921088,1,0.944567,1,ml_only,0,,,,,,,,1,credential_based_fraud,card_not_present,event_hour raises risk;merchant chargeback behavior raises risk;rail_code raises risk
txn_483d98f5f47b,0.9532330472119156,1,0.953233,1,ml_only,0,,,,,,,,1,credential_based_fraud,card_not_present,session velocity raises risk;event_hour raises risk;merchant chargeback behavior raises risk
txn_4c83259a2765,0.8884276873513242,1,0.888428,1,ml_only,0,,,,,,,,1,credential_based_fraud,card_not_present,session velocity lowers risk;device activity cadence raises risk;event_hour raises risk
txn_99b2579dbf2a,0.8812504857055168,1,0.88125,1,ml_only,0,,,,,,,,1,credential_based_fraud,card_not_present,event_hour raises risk;IP velocity lowers risk;merchant chargeback behavior raises risk
txn_7a5641b587aa,0.44292975776637844,1,0.44293,1,ml_only,0,,,,,,,,1,credential_based_fraud,consumer_account_takeover,customer payment cadence lowers risk;session velocity lowers risk;device activity cadence raises risk
txn_bf3182a16a77,0.8627899924343516,1,0.86279,1,ml_only,0,,,,,,,,1,credential_based_fraud,consumer_account_takeover,high generated risk score lowers risk;device activity cadence raises risk;event_hour raises risk
txn_a8351a595d2f,0.7719194732451887,1,0.771919,1,ml_only,0,,,,,,,,1,credential_based_fraud,consumer_account_takeover,high generated risk score lowers risk;session velocity raises risk;event_hour raises risk
txn_ac1b86da8dc5,0.9062852199109374,1,0.906285,1,ml_only,0,,,,,,,,1,credential_based_fraud,consumer_account_takeover,session velocity lowers risk;event_hour raises risk;high generated risk score raises risk
txn_f008c11c04b6,0.9300124153744649,1,0.930012,1,ml_only,0,,,,,,,,1,credential_based_fraud,consumer_account_takeover,event_hour raises risk;device activity cadence raises risk;IP reputation lowers risk
txn_ef5bd6ec58c9,0.8299271892487842,1,0.829927,1,ml_only,0,,,,,,,,1,credential_based_fraud,consumer_account_takeover,event_hour lowers risk;session velocity raises risk;IP velocity raises risk
txn_da2a09dd73ad,0.6092859389541257,1,0.609286,1,ml_only,0,,,,,,,,1,credential_based_fraud,consumer_account_takeover,event_hour lowers risk;IP velocity raises risk;session velocity lowers risk
txn_bda1bf3fdd0f,0.6725227617616488,1,0.672523,1,ml_only,0,,,,,,,,1,credential_based_fraud,consumer_account_takeover,high generated risk score lowers risk;IP velocity raises risk;event_hour lowers risk
txn_6713776f3874,0.9619320548356183,1,0.961932,1,ml_only,0,,,,,,,,1,credential_based_fraud,consumer_account_takeover,IP velocity raises risk;session velocity raises risk;device activity cadence raises risk
txn_e896d89dc975,0.9190921920933808,1,0.919092,1,ml_only,0,,,,,,,,1,credential_based_fraud,consumer_account_takeover,IP velocity raises risk;session velocity lowers risk;event_hour lowers risk
txn_6248c87a48d8,0.933462782093584,1,0.933463,1,ml_only,0,,,,,,,,1,credential_based_fraud,consumer_account_takeover,IP velocity raises risk;event_hour lowers risk;channel_code lowers risk
txn_63f4298ba90c,0.9720656807519459,1,0.972066,1,ml_only,0,,,,,,,,1,credential_based_fraud,consumer_account_takeover,IP velocity raises risk;session velocity raises risk;high generated risk score lowers risk
txn_a322362d7646,0.9667817142426053,1,0.966782,1,ml_only,0,,,,,,,,1,credential_based_fraud,consumer_account_takeover,IP velocity raises risk;session velocity lowers risk;device activity cadence raises risk
txn_a2247c2c2cc8,0.307235556020148,1,0.307236,1,ml_only,0,,,,,,,,1,credential_based_fraud,merchant_admin_takeover,customer payment cadence lowers risk;merchant chargeback behavior lowers risk;session velocity lowers risk
txn_3c6aa3fab3a0,0.6910467115031481,1,0.691047,1,ml_only,0,,,,,,,,1,credential_based_fraud,merchant_admin_takeover,merchant chargeback behavior lowers risk;device activity cadence raises risk;high generated risk score lowers risk
txn_9c92bd38a3ae,0.8012793378106106,1,0.801279,1,ml_only,0,,,,,,,,1,credential_based_fraud,merchant_admin_takeover,merchant chargeback behavior lowers risk;session velocity raises risk;event_hour raises risk
txn_d417e9e8f866,0.16118905290126118,1,0.161189,1,ml_only,0,,,,,,,,1,credential_based_fraud,merchant_admin_takeover,amount deviation from customer history lowers risk;event_hour lowers risk;merchant chargeback behavior lowers risk
txn_866e0e85da43,0.6193042401077252,1,0.619304,1,ml_only,0,,,,,,,,1,credential_based_fraud,merchant_admin_takeover,event_hour lowers risk;merchant chargeback behavior lowers risk;IP velocity raises risk
txn_cbeb32479287,0.8130275110650726,1,0.813028,1,ml_only,0,,,,,,,,1,credential_based_fraud,merchant_admin_takeover,IP velocity raises risk;merchant chargeback behavior lowers risk;session velocity raises risk
txn_3f12cb7cab8e,0.5803559788017192,1,0.580356,1,ml_only,0,,,,,,,,1,credential_based_fraud,merchant_admin_takeover,IP velocity raises risk;merchant chargeback behavior lowers risk;session velocity lowers risk
txn_8f43c7a3b6e4,0.4332186697260952,1,0.433219,1,ml_only,0,,,,,,,,1,credential_based_fraud,credential_stuffing,customer payment cadence lowers risk;IP velocity lowers risk;session velocity lowers risk
txn_cbfe690ed16c,0.8353194814136076,1,0.835319,1,ml_only,0,,,,,,,,1,credential_based_fraud,credential_stuffing,IP velocity lowers risk;device activity cadence raises risk;event_hour raises risk
txn_26802d5c6ddc,0.8581089989547086,1,0.858109,1,ml_only,0,,,,,,,,1,credential_based_fraud,credential_stuffing,IP velocity lowers risk;session velocity raises risk;event_hour raises risk
txn_35ebbc0ac4e3,0.4590858504052539,1,0.459086,1,ml_only,0,,,,,,,,1,credential_based_fraud,credential_stuffing,IP velocity lowers risk;session velocity lowers risk;amount deviation from customer history lowers risk
txn_1deb80155783,0.8369008998317156,1,0.836901,1,ml_only,0,,,,,,,,1,credential_based_fraud,credential_stuffing,IP velocity lowers risk;device activity cadence raises risk;event_hour raises risk
txn_f56527335a99,0.8972665778453848,1,0.897267,1,ml_only,0,,,,,,,,1,credential_based_fraud,credential_stuffing,session velocity raises risk;IP velocity lowers risk;event_hour raises risk
txn_6557de1e94a7,0.7028125478356227,1,0.702813,1,ml_only,0,,,,,,,,1,credential_based_fraud,credential_stuffing,session velocity lowers risk;IP velocity lowers risk;event_hour raises risk
txn_7aa4f29a3518,0.7566380443400704,1,0.756638,1,ml_only,0,,,,,,,,1,credential_based_fraud,credential_stuffing,IP velocity lowers risk;event_hour raises risk;merchant growth pattern raises risk
txn_df3b251774c1,0.8429419404078169,1,0.842942,1,ml_only,0,,,,,,,,1,credential_based_fraud,credential_stuffing,high generated risk score lowers risk;session velocity raises risk;IP velocity lowers risk
txn_0073e1a41ea5,0.7110571006475678,1,0.711057,1,ml_only,0,,,,,,,,1,credential_based_fraud,credential_stuffing,IP velocity lowers risk;session velocity lowers risk;event_hour raises risk
txn_8966aefdb0dd,0.7923947512861427,1,0.792395,1,ml_only,0,,,,,,,,1,credential_based_fraud,credential_stuffing,IP velocity lowers risk;event_hour raises risk;merchant growth pattern raises risk
txn_ca1ed4d6414b,0.8832953800550702,1,0.883295,1,ml_only,0,,,,,,,,1,credential_based_fraud,credential_stuffing,session velocity raises risk;IP velocity lowers risk;event_hour raises risk
txn_d42e00fa21f1,0.646191737266258,1,0.646192,1,ml_only,0,,,,,,,,1,credential_based_fraud,credential_stuffing,high generated risk score lowers risk;IP velocity lowers risk;session velocity lowers risk
txn_64b7b1e62486,0.7266876457190333,1,0.726688,1,ml_only,0,,,,,,,,1,credential_based_fraud,credential_stuffing,IP velocity lowers risk;high generated risk score lowers risk;event_hour raises risk
txn_9423dd5a6500,0.9078990411590282,1,0.907899,1,ml_only,0,,,,,,,,1,credential_based_fraud,credential_stuffing,session velocity raises risk;IP velocity lowers risk;event_hour raises risk
txn_ce266fdd2fe4,0.697609738625817,1,0.69761,1,ml_only,0,,,,,,,,1,credential_based_fraud,credential_stuffing,IP velocity lowers risk;session velocity lowers risk;event_hour raises risk
txn_601dc73841e1,0.8576992233267023,1,0.857699,1,ml_only,0,,,,,,,,1,credential_based_fraud,credential_stuffing,IP velocity lowers risk;device activity cadence raises risk;event_hour raises risk
txn_ea55d043834e,0.8958881087375725,1,0.895888,1,ml_only,0,,,,,,,,1,credential_based_fraud,credential_stuffing,IP velocity lowers risk;session velocity raises risk;event_hour raises risk
txn_f3a4a1122da7,0.698132641029094,1,0.698133,1,ml_only,0,,,,,,,,1,credential_based_fraud,credential_stuffing,IP velocity lowers risk;session velocity lowers risk;event_hour raises risk
txn_67b897287a6a,0.7657119304702811,1,0.765712,1,ml_only,0,,,,,,,,1,credential_based_fraud,credential_stuffing,IP velocity lowers risk;event_hour raises risk;merchant growth pattern raises risk
txn_737aab9fe503,0.956171827534721,1,0.956172,1,ml_only,0,,,,,,,,1,credential_based_fraud,credential_stuffing,IP velocity lowers risk;session velocity raises risk;high generated risk score raises risk
txn_532e1775af9c,0.8483899587178484,1,0.84839,1,ml_only,0,,,,,,,,1,credential_based_fraud,credential_stuffing,high generated risk score raises risk;IP velocity lowers risk;session velocity lowers risk
txn_41d7712c5a84,0.858041307315398,1,0.858041,1,ml_only,0,,,,,,,,1,credential_based_fraud,credential_stuffing,IP velocity lowers risk;event_hour raises risk;high generated risk score raises risk
txn_5ef1a8d98107,0.9179588632611444,1,0.917959,1,ml_only,0,,,,,,,,1,credential_based_fraud,credential_stuffing,IP velocity lowers risk;session velocity raises risk;event_hour raises risk
txn_c1593c50a107,0.7809129112619023,1,0.780913,1,ml_only,0,,,,,,,,1,credential_based_fraud,credential_stuffing,IP velocity lowers risk;session velocity lowers risk;device activity cadence raises risk
txn_1d27e789b660,0.7143777282375123,1,0.714378,1,ml_only,0,,,,,,,,1,credential_based_fraud,credential_stuffing,IP velocity lowers risk;high generated risk score lowers risk;event_hour raises risk
txn_8b6e33002028,0.9685574278080326,1,0.968557,1,ml_only,0,,,,,,,,1,credential_based_fraud,credential_stuffing,high generated risk score raises risk;IP velocity lowers risk;session velocity raises risk
txn_a9a81c0c3f70,0.744833121317329,1,0.744833,1,ml_only,0,,,,,,,,1,credential_based_fraud,credential_stuffing,IP velocity lowers risk;session velocity lowers risk;event_hour raises risk
txn_9c7d25fc84ae,0.895739303208834,1,0.895739,1,ml_only,0,,,,,,,,1,credential_based_fraud,credential_stuffing,IP velocity lowers risk;device activity cadence raises risk;high generated risk score raises risk
txn_32b7610b3928,0.8309184595815657,1,0.830918,1,ml_only,0,,,,,,,,1,credential_based_fraud,credential_stuffing,high generated risk score lowers risk;IP velocity lowers risk;session velocity raises risk
txn_f4cdd1d31779,0.7652759786406669,1,0.765276,1,ml_only,0,,,,,,,,1,credential_based_fraud,credential_stuffing,IP velocity lowers risk;session velocity lowers risk;event_hour raises risk
txn_59f1c575cc2a,0.8166597484907961,1,0.81666,1,ml_only,0,,,,,,,,1,credential_based_fraud,credential_stuffing,IP velocity lowers risk;event_hour raises risk;customer one-hour velocity raises risk
txn_880b28be2a12,0.9574870985370048,1,0.957487,1,ml_only,0,,,,,,,,1,credential_based_fraud,credential_stuffing,IP velocity lowers risk;session velocity raises risk;device activity cadence raises risk
txn_45de7e95ea08,0.8577387639807872,1,0.857739,1,ml_only,0,,,,,,,,1,credential_based_fraud,credential_stuffing,IP velocity lowers risk;session velocity lowers risk;high generated risk score raises risk
txn_8064f3cf75df,0.9100783759530645,1,0.910078,1,ml_only,0,,,,,,,,1,credential_based_fraud,credential_stuffing,IP velocity lowers risk;high generated risk score raises risk;event_hour raises risk
txn_5cebeff4ac97,0.8790082919589618,1,0.879008,1,ml_only,0,,,,,,,,1,credential_based_fraud,credential_stuffing,IP velocity lowers risk;session velocity raises risk;event_hour raises risk
txn_206abf4116b1,0.8197495009424761,1,0.81975,1,ml_only,0,,,,,,,,1,credential_based_fraud,credential_stuffing,IP velocity lowers risk;high generated risk score raises risk;session velocity lowers risk
txn_8490ccdee499,0.950083409867723,1,0.950083,1,ml_only,0,,,,,,,,1,credential_based_fraud,credential_stuffing,high generated risk score raises risk;IP velocity lowers risk;event_hour raises risk
txn_2368b3ce756a,0.9259755429303531,1,0.925976,1,ml_only,0,,,,,,,,1,credential_based_fraud,credential_stuffing,IP velocity lowers risk;session velocity raises risk;event_hour raises risk
txn_f823cb04dd23,0.6341165553820475,1,0.634117,1,ml_only,0,,,,,,,,1,credential_based_fraud,credential_stuffing,high generated risk score lowers risk;IP velocity lowers risk;session velocity lowers risk
txn_2c7d724efc8d,0.9187083072631462,1,0.918708,1,ml_only,0,,,,,,,,1,credential_based_fraud,credential_stuffing,IP velocity lowers risk;device activity cadence raises risk;high generated risk score raises risk
txn_776fbfb61e2a,0.9694629961738707,1,0.969463,1,ml_only,0,,,,,,,,1,credential_based_fraud,credential_stuffing,IP velocity lowers risk;high generated risk score raises risk;session velocity raises risk
txn_327383541f4d,0.9206958880451004,1,0.920696,1,ml_only,0,,,,,,,,1,credential_based_fraud,credential_stuffing,high generated risk score raises risk;IP velocity lowers risk;session velocity lowers risk
txn_267c3907a087,0.8956018321692959,1,0.895602,1,ml_only,0,,,,,,,,1,credential_based_fraud,credential_stuffing,IP velocity lowers risk;event_hour raises risk;customer one-hour velocity raises risk
txn_ba9a3a763ab9,0.8655482380444105,1,0.865548,1,ml_only,0,,,,,,,,1,credential_based_fraud,credential_stuffing,IP velocity lowers risk;session velocity raises risk;high generated risk score lowers risk
txn_078e9ad8b283,0.8629544559231926,1,0.862954,1,ml_only,0,,,,,,,,1,credential_based_fraud,credential_stuffing,IP velocity lowers risk;session velocity lowers risk;event_hour raises risk
txn_78125b98f5ea,0.7448109493711543,1,0.744811,1,ml_only,0,,,,,,,,1,credential_based_fraud,credential_stuffing,IP velocity lowers risk;high generated risk score lowers risk;event_hour raises risk
txn_818712171ab2,0.9519264243206351,1,0.951926,1,ml_only,0,,,,,,,,1,credential_based_fraud,credential_stuffing,IP velocity lowers risk;session velocity raises risk;event_hour raises risk
txn_efe6bd97ad8a,0.7852409225138767,1,0.785241,1,ml_only,0,,,,,,,,1,credential_based_fraud,credential_stuffing,IP velocity lowers risk;session velocity lowers risk;device activity cadence raises risk
txn_84b7b05ab823,0.8937359938430282,1,0.893736,1,ml_only,0,,,,,,,,1,credential_based_fraud,credential_stuffing,IP velocity lowers risk;high generated risk score raises risk;event_hour raises risk
txn_1b20722d685e,0.9365028971634619,1,0.936503,1,ml_only,0,,,,,,,,1,credential_based_fraud,credential_stuffing,IP velocity lowers risk;session velocity raises risk;event_hour raises risk
txn_4db78a1707b4,0.7514142858733281,1,0.751414,1,ml_only,0,,,,,,,,1,credential_based_fraud,credential_stuffing,IP velocity lowers risk;session velocity lowers risk;event_hour raises risk
txn_ba41b781c98a,0.8480093533032114,1,0.848009,1,ml_only,0,,,,,,,,1,credential_based_fraud,credential_stuffing,IP velocity lowers risk;device activity cadence raises risk;event_hour raises risk
txn_91fc9689eea3,0.921606605398014,1,0.921607,1,ml_only,0,,,,,,,,1,credential_based_fraud,credential_stuffing,IP velocity lowers risk;session velocity raises risk;event_hour raises risk
txn_8923fa6caac1,0.8790633168560346,1,0.879063,1,ml_only,0,,,,,,,,1,credential_based_fraud,credential_stuffing,IP velocity lowers risk;high generated risk score raises risk;session velocity lowers risk
txn_dad54518d9bf,0.8843099098489038,1,0.88431,1,ml_only,0,,,,,,,,1,credential_based_fraud,credential_stuffing,IP velocity lowers risk;event_hour raises risk;merchant growth pattern raises risk
txn_ff9d96761bbc,0.9837741634962532,1,0.983774,1,ml_only,0,,,,,,,,1,credential_based_fraud,credential_stuffing,high generated risk score raises risk;session velocity raises risk;IP velocity lowers risk
txn_d411e6edba67,0.8660245218598543,1,0.866025,1,ml_only,0,,,,,,,,1,credential_based_fraud,credential_stuffing,IP velocity lowers risk;session velocity lowers risk;event_hour raises risk
txn_a18d998f975c,0.8739112348167193,1,0.873911,1,ml_only,0,,,,,,,,1,credential_based_fraud,credential_stuffing,IP velocity lowers risk;event_hour raises risk;merchant growth pattern raises risk
txn_43127f344029,0.9391387217429602,1,0.939139,1,ml_only,0,,,,,,,,1,credential_based_fraud,credential_stuffing,session velocity raises risk;IP velocity lowers risk;event_hour raises risk
txn_1657ac41f19d,0.8405694187471976,1,0.840569,1,ml_only,0,,,,,,,,1,credential_based_fraud,credential_stuffing,IP velocity lowers risk;session velocity lowers risk;device activity cadence raises risk
txn_8c152335f86b,0.9332863599249019,1,0.933286,1,ml_only,0,,,,,,,,1,credential_based_fraud,credential_stuffing,IP velocity lowers risk;event_hour raises risk;high generated risk score raises risk
txn_254abbfe9e8a,0.9511688707505456,1,0.951169,1,ml_only,0,,,,,,,,1,credential_based_fraud,credential_stuffing,session velocity raises risk;IP velocity lowers risk;event_hour raises risk
txn_64675e160869,0.8286704765937737,1,0.82867,1,ml_only,0,,,,,,,,1,credential_based_fraud,credential_stuffing,IP velocity lowers risk;session velocity lowers risk;event_hour raises risk
txn_80672c24cb81,0.8699605999410175,1,0.869961,1,ml_only,0,,,,,,,,1,credential_based_fraud,credential_stuffing,IP velocity lowers risk;device activity cadence raises risk;event_hour raises risk
txn_a2d823f0cc9f,0.9344020497354506,1,0.934402,1,ml_only,0,,,,,,,,1,credential_based_fraud,credential_stuffing,session velocity raises risk;IP velocity lowers risk;event_hour raises risk
txn_78670e7b1475,0.7626887034302774,1,0.762689,1,ml_only,0,,,,,,,,1,credential_based_fraud,credential_stuffing,IP velocity lowers risk;session velocity lowers risk;high generated risk score lowers risk
txn_9868590ade8b,0.8749423863357313,1,0.874942,1,ml_only,0,,,,,,,,1,credential_based_fraud,credential_stuffing,IP velocity lowers risk;high generated risk score lowers risk;event_hour raises risk
txn_1fec7b9d42fd,0.9396096440901788,1,0.93961,1,ml_only,0,,,,,,,,1,credential_based_fraud,credential_stuffing,session velocity raises risk;IP velocity lowers risk;device activity cadence raises risk
txn_fd4dc0542d78,0.8665691529031364,1,0.866569,1,ml_only,0,,,,,,,,1,credential_based_fraud,credential_stuffing,IP velocity lowers risk;session velocity lowers risk;event_hour raises risk
txn_c47133016ce3,0.9820404637850704,1,0.98204,1,ml_only,0,,,,,,,,1,credential_based_fraud,credential_stuffing,high generated risk score raises risk;IP velocity lowers risk;event_hour raises risk
txn_b229c2a68138,0.8796811492006301,1,0.879681,1,ml_only,0,,,,,,,,1,credential_based_fraud,credential_stuffing,high generated risk score lowers risk;session velocity raises risk;IP velocity lowers risk
txn_be3447bb87db,0.9296747955403085,1,0.929675,1,ml_only,0,,,,,,,,1,credential_based_fraud,credential_stuffing,high generated risk score raises risk;IP velocity lowers risk;session velocity lowers risk
txn_4efd3b2b0aaf,0.904374447190318,1,0.904374,1,ml_only,0,,,,,,,,1,credential_based_fraud,credential_stuffing,IP velocity lowers risk;event_hour raises risk;merchant growth pattern raises risk
txn_8b0a51ea8a6a,0.9576107435192005,1,0.957611,1,ml_only,0,,,,,,,,1,credential_based_fraud,credential_stuffing,session velocity raises risk;IP velocity lowers risk;event_hour raises risk
txn_3bc35020484d,0.851158371436938,1,0.851158,1,ml_only,0,,,,,,,,1,credential_based_fraud,credential_stuffing,IP velocity lowers risk;session velocity lowers risk;event_hour raises risk
txn_aa67effbbb8e,0.9599174559772982,1,0.959917,1,ml_only,0,,,,,,,,1,credential_based_fraud,credential_stuffing,high generated risk score raises risk;IP velocity lowers risk;device activity cadence raises risk
txn_04fab669db9c,0.9401419717403624,1,0.940142,1,ml_only,0,,,,,,,,1,credential_based_fraud,credential_stuffing,session velocity raises risk;IP velocity lowers risk;event_hour raises risk
txn_2d463a92bfc4,0.900843932606971,1,0.900844,1,ml_only,0,,,,,,,,1,credential_based_fraud,credential_stuffing,IP velocity lowers risk;session velocity lowers risk;event_hour raises risk
txn_a57347161afe,0.9169308866401199,1,0.916931,1,ml_only,0,,,,,,,,1,credential_based_fraud,credential_stuffing,IP velocity lowers risk;event_hour raises risk;high generated risk score lowers risk
txn_d7e7c62a7f12,0.9325435272713093,1,0.932544,1,ml_only,0,,,,,,,,1,credential_based_fraud,credential_stuffing,session velocity raises risk;IP velocity lowers risk;high generated risk score lowers risk
txn_56c4bb55b780,0.9546117806244748,1,0.954612,1,ml_only,0,,,,,,,,1,credential_based_fraud,credential_stuffing,high generated risk score raises risk;IP velocity lowers risk;session velocity lowers risk
txn_26dbc473107f,0.9351470273907486,1,0.935147,1,ml_only,0,,,,,,,,1,credential_based_fraud,credential_stuffing,IP velocity lowers risk;event_hour raises risk;customer one-hour velocity raises risk
txn_5c36097dae0b,0.892195074815073,1,0.892195,1,ml_only,0,,,,,,,,1,credential_based_fraud,credential_stuffing,high generated risk score lowers risk;session velocity raises risk;IP velocity lowers risk
txn_191ca41c4828,0.9350396217179451,1,0.93504,1,ml_only,0,,,,,,,,1,credential_based_fraud,credential_stuffing,high generated risk score raises risk;IP velocity lowers risk;session velocity lowers risk
txn_f90d7f6cad8c,0.9510879114037274,1,0.951088,1,ml_only,0,,,,,,,,1,credential_based_fraud,credential_stuffing,IP velocity lowers risk;event_hour raises risk;customer one-hour velocity raises risk
txn_17183b06cee1,0.9577248505940645,1,0.957725,1,ml_only,0,,,,,,,,1,credential_based_fraud,credential_stuffing,session velocity raises risk;IP velocity lowers risk;event_hour raises risk
txn_2a789e9c9ecd,0.9015891753172943,1,0.901589,1,ml_only,0,,,,,,,,1,credential_based_fraud,credential_stuffing,IP velocity lowers risk;session velocity lowers risk;high generated risk score raises risk
txn_b03471604167,0.9532531283882888,1,0.953253,1,ml_only,0,,,,,,,,1,credential_based_fraud,credential_stuffing,IP velocity lowers risk;device activity cadence raises risk;event_hour raises risk
txn_be437e3a1db8,0.9759678179531176,1,0.975968,1,ml_only,0,,,,,,,,1,credential_based_fraud,credential_stuffing,high generated risk score raises risk;session velocity raises risk;IP velocity lowers risk
txn_5bb9c78ae004,0.7965368783241963,1,0.796537,1,ml_only,0,,,,,,,,1,credential_based_fraud,credential_stuffing,IP velocity lowers risk;high generated risk score lowers risk;session velocity lowers risk
txn_9189b92a6c38,0.9207270468935448,1,0.920727,1,ml_only,0,,,,,,,,1,credential_based_fraud,credential_stuffing,IP velocity lowers risk;event_hour raises risk;customer one-hour velocity raises risk
txn_abc29a61afd6,0.9581649627174906,1,0.958165,1,ml_only,0,,,,,,,,1,credential_based_fraud,credential_stuffing,session velocity raises risk;IP velocity lowers risk;device activity cadence raises risk
txn_628690658dd0,0.8701646775790557,1,0.870165,1,ml_only,0,,,,,,,,1,credential_based_fraud,credential_stuffing,IP velocity lowers risk;session velocity lowers risk;event_hour raises risk
txn_19b7fe32ddf3,0.8659832092643779,1,0.865983,1,ml_only,0,,,,,,,,1,credential_based_fraud,credential_stuffing,high generated risk score lowers risk;IP velocity lowers risk;event_hour raises risk
txn_34cb461db324,0.9483107833957404,1,0.948311,1,ml_only,0,,,,,,,,1,credential_based_fraud,credential_stuffing,session velocity raises risk;IP velocity lowers risk;event_hour raises risk
txn_d9d3b48870b7,0.7554185670163828,1,0.755419,1,ml_only,0,,,,,,,,1,credential_based_fraud,credential_stuffing,high generated risk score lowers risk;IP velocity lowers risk;session velocity lowers risk
txn_d86148fdf60b,0.9359388507312592,1,0.935939,1,ml_only,0,,,,,,,,1,credential_based_fraud,credential_stuffing,IP velocity lowers risk;event_hour raises risk;customer one-hour velocity raises risk
txn_209be237b952,0.977312983527691,1,0.977313,1,ml_only,0,,,,,,,,1,credential_based_fraud,credential_stuffing,session velocity raises risk;IP velocity lowers risk;event_hour raises risk
txn_fa12033cec1c,0.8959112781536637,1,0.895911,1,ml_only,0,,,,,,,,1,credential_based_fraud,credential_stuffing,IP velocity lowers risk;session velocity lowers risk;event_hour raises risk
txn_9aff8301c98d,0.8722546706013242,1,0.872255,1,ml_only,0,,,,,,,,1,credential_based_fraud,credential_stuffing,high generated risk score lowers risk;IP velocity lowers risk;event_hour raises risk
txn_ccb39d23529d,0.9593392050886226,1,0.959339,1,ml_only,0,,,,,,,,1,credential_based_fraud,credential_stuffing,session velocity raises risk;IP velocity lowers risk;event_hour raises risk
txn_1747123baece,0.9085069320354727,1,0.908507,1,ml_only,0,,,,,,,,1,credential_based_fraud,credential_stuffing,IP velocity lowers risk;session velocity lowers risk;event_hour raises risk
txn_b6e834e79ab0,0.9503131309283456,1,0.950313,1,ml_only,0,,,,,,,,1,credential_based_fraud,credential_stuffing,IP velocity lowers risk;event_hour raises risk;customer one-hour velocity raises risk
txn_28d5cbcdc73b,0.9793005506037208,1,0.979301,1,ml_only,0,,,,,,,,1,credential_based_fraud,credential_stuffing,session velocity raises risk;IP velocity lowers risk;event_hour raises risk
txn_b501efd5de5d,0.8600206908173785,1,0.860021,1,ml_only,0,,,,,,,,1,credential_based_fraud,credential_stuffing,IP velocity lowers risk;session velocity lowers risk;event_hour raises risk
txn_0503653ffb02,0.9256122574060928,1,0.925612,1,ml_only,0,,,,,,,,1,credential_based_fraud,credential_stuffing,IP velocity lowers risk;event_hour raises risk;merchant growth pattern raises risk
txn_2e3296485d70,0.9219662822477211,1,0.921966,1,ml_only,0,,,,,,,,1,credential_based_fraud,credential_stuffing,session velocity raises risk;IP velocity lowers risk;high generated risk score lowers risk
txn_c3250b0581bc,0.7677099195761681,1,0.76771,1,ml_only,0,,,,,,,,1,credential_based_fraud,credential_stuffing,high generated risk score lowers risk;IP velocity lowers risk;session velocity lowers risk
txn_bd461a4ab677,0.9112974931240162,1,0.911297,1,ml_only,0,,,,,,,,1,credential_based_fraud,credential_stuffing,IP velocity lowers risk;event_hour raises risk;merchant growth pattern raises risk
txn_b7c725158a93,0.9570851013329066,1,0.957085,1,ml_only,0,,,,,,,,1,credential_based_fraud,credential_stuffing,session velocity raises risk;IP velocity lowers risk;event_hour raises risk
txn_e16a29ced253,0.8818618983711888,1,0.881862,1,ml_only,0,,,,,,,,1,credential_based_fraud,credential_stuffing,IP velocity lowers risk;session velocity lowers risk;event_hour raises risk
txn_966c437324f0,0.9306706750376337,1,0.930671,1,ml_only,0,,,,,,,,1,credential_based_fraud,credential_stuffing,IP velocity lowers risk;event_hour raises risk;device activity cadence raises risk
txn_f8d3375e9463,0.9796043889812511,1,0.979604,1,ml_only,0,,,,,,,,1,credential_based_fraud,credential_stuffing,high generated risk score raises risk;session velocity raises risk;IP velocity lowers risk
txn_23919377b08f,0.8497763913522425,1,0.849776,1,ml_only,0,,,,,,,,1,credential_based_fraud,credential_stuffing,IP velocity lowers risk;session velocity lowers risk;event_hour raises risk
txn_e192566139c7,0.948605560410492,1,0.948606,1,ml_only,0,,,,,,,,1,credential_based_fraud,credential_stuffing,IP velocity lowers risk;event_hour raises risk;merchant growth pattern raises risk
txn_41de495a81da,0.9778357494108589,1,0.977836,1,ml_only,0,,,,,,,,1,credential_based_fraud,credential_stuffing,session velocity raises risk;IP velocity lowers risk;event_hour raises risk
txn_4893d444ecc6,0.8955721360258736,1,0.895572,1,ml_only,0,,,,,,,,1,credential_based_fraud,credential_stuffing,IP velocity lowers risk;session velocity lowers risk;event_hour raises risk
txn_e44d6ecfc65f,0.9576892514221952,1,0.957689,1,ml_only,0,,,,,,,,1,credential_based_fraud,credential_stuffing,IP velocity lowers risk;event_hour raises risk;high generated risk score raises risk
txn_3b134056253b,0.9701692457377046,1,0.970169,1,ml_only,0,,,,,,,,1,credential_based_fraud,credential_stuffing,session velocity raises risk;event_hour raises risk;IP velocity lowers risk
txn_cdf61aac6533,0.8745167456067338,1,0.874517,1,ml_only,0,,,,,,,,1,credential_based_fraud,credential_stuffing,event_hour raises risk;IP velocity lowers risk;session velocity lowers risk
txn_dc85753e0721,0.9503398092835387,1,0.95034,1,ml_only,0,,,,,,,,1,credential_based_fraud,credential_stuffing,event_hour raises risk;IP velocity lowers risk;merchant growth pattern raises risk
txn_fca3aadaf7aa,0.9566131071426615,1,0.956613,1,ml_only,0,,,,,,,,1,credential_based_fraud,credential_stuffing,session velocity raises risk;event_hour raises risk;IP velocity lowers risk
txn_2d5c6247c92f,0.8879221274978893,1,0.887922,1,ml_only,0,,,,,,,,1,credential_based_fraud,credential_stuffing,event_hour raises risk;IP velocity lowers risk;session velocity lowers risk
txn_56bf841435f3,0.9850626738179044,1,0.985063,1,ml_only,0,,,,,,,,1,credential_based_fraud,credential_stuffing,high generated risk score raises risk;event_hour raises risk;IP velocity lowers risk
txn_831d04cc3e88,0.9633830189217053,1,0.963383,1,ml_only,0,,,,,,,,1,credential_based_fraud,credential_stuffing,session velocity raises risk;event_hour raises risk;IP velocity lowers risk
txn_01908cd74df5,0.9330041687448708,1,0.933004,1,ml_only,0,,,,,,,,1,credential_based_fraud,credential_stuffing,event_hour raises risk;IP velocity lowers risk;high generated risk score raises risk
txn_e990fec737e4,0.9414703656907009,1,0.94147,1,ml_only,0,,,,,,,,1,credential_based_fraud,credential_stuffing,event_hour raises risk;IP velocity lowers risk;merchant growth pattern raises risk
txn_956005e057d4,0.9809841982682647,1,0.980984,1,ml_only,0,,,,,,,,1,credential_based_fraud,credential_stuffing,session velocity raises risk;event_hour raises risk;IP velocity lowers risk
txn_cff728fbd626,0.8647177184924447,1,0.864718,1,ml_only,0,,,,,,,,1,credential_based_fraud,credential_stuffing,IP velocity lowers risk;event_hour raises risk;session velocity lowers risk
txn_3e9d566c856c,0.9382979234423935,1,0.938298,1,ml_only,0,,,,,,,,1,credential_based_fraud,credential_stuffing,IP velocity lowers risk;event_hour raises risk;merchant growth pattern raises risk
txn_2f6317bca05b,0.9786135819367093,1,0.978614,1,ml_only,0,,,,,,,,1,credential_based_fraud,credential_stuffing,IP velocity lowers risk;session velocity raises risk;high generated risk score raises risk
txn_1cc689bc8f85,0.9099197483653488,1,0.90992,1,ml_only,0,,,,,,,,1,credential_based_fraud,credential_stuffing,IP velocity lowers risk;event_hour raises risk;session velocity lowers risk
txn_624f59ffd5d8,0.9393731056929868,1,0.939373,1,ml_only,0,,,,,,,,1,credential_based_fraud,credential_stuffing,IP velocity lowers risk;event_hour raises risk;merchant growth pattern raises risk
txn_0adb5c371148,0.966183864628328,1,0.966184,1,ml_only,0,,,,,,,,1,credential_based_fraud,credential_stuffing,IP velocity lowers risk;session velocity raises risk;event_hour raises risk
txn_b26ed4057b13,0.8709362277708828,1,0.870936,1,ml_only,0,,,,,,,,1,credential_based_fraud,credential_stuffing,IP velocity lowers risk;event_hour raises risk;session velocity lowers risk
txn_7f87df99e541,0.9630781604359632,1,0.963078,1,ml_only,0,,,,,,,,1,credential_based_fraud,credential_stuffing,IP velocity lowers risk;event_hour raises risk;device activity cadence raises risk
txn_b7779909db0e,0.9589687227647165,1,0.958969,1,ml_only,0,,,,,,,,1,credential_based_fraud,credential_stuffing,IP velocity lowers risk;session velocity raises risk;event_hour raises risk
txn_e6a7f9a67de4,0.8755933696872531,1,0.875593,1,ml_only,0,,,,,,,,1,credential_based_fraud,credential_stuffing,IP velocity lowers risk;event_hour raises risk;session velocity lowers risk
txn_96e645c0b10c,0.937944432206058,1,0.937944,1,ml_only,0,,,,,,,,1,credential_based_fraud,credential_stuffing,IP velocity lowers risk;event_hour raises risk;merchant growth pattern raises risk
txn_b1c60a5d9b88,0.9707877348477018,1,0.970788,1,ml_only,0,,,,,,,,1,credential_based_fraud,credential_stuffing,IP velocity lowers risk;session velocity raises risk;event_hour raises risk
txn_110546a67ec0,0.9465129058807096,1,0.946513,1,ml_only,0,,,,,,,,1,credential_based_fraud,credential_stuffing,IP velocity lowers risk;event_hour raises risk;high generated risk score raises risk
txn_ae753ba11bb3,0.9780251059275397,1,0.978025,1,ml_only,0,,,,,,,,1,credential_based_fraud,credential_stuffing,high generated risk score raises risk;IP velocity lowers risk;event_hour raises risk
txn_3f7f0d6a2cec,0.9784129565306822,1,0.978413,1,ml_only,0,,,,,,,,1,credential_based_fraud,credential_stuffing,IP velocity lowers risk;session velocity raises risk;event_hour raises risk
txn_cc270f92002b,0.9224971896261229,1,0.922497,1,ml_only,0,,,,,,,,1,credential_based_fraud,credential_stuffing,IP velocity lowers risk;event_hour raises risk;session velocity lowers risk
txn_da92c1044aa0,0.9278453189886714,1,0.927845,1,ml_only,0,,,,,,,,1,credential_based_fraud,credential_stuffing,IP velocity lowers risk;event_hour raises risk;high generated risk score lowers risk
txn_cf700993c3b9,0.9793690557296115,1,0.979369,1,ml_only,0,,,,,,,,1,credential_based_fraud,credential_stuffing,IP velocity lowers risk;session velocity raises risk;event_hour raises risk
txn_203132a161d9,0.9602244790848362,1,0.960224,1,ml_only,0,,,,,,,,1,credential_based_fraud,credential_stuffing,IP velocity lowers risk;event_hour raises risk;high generated risk score raises risk
txn_6ae663a555fc,0.9824488976100051,1,0.982449,1,ml_only,0,,,,,,,,1,credential_based_fraud,credential_stuffing,high generated risk score raises risk;IP velocity lowers risk;event_hour raises risk
txn_822f4b26f5b4,0.9715873278725106,1,0.971587,1,ml_only,0,,,,,,,,1,credential_based_fraud,credential_stuffing,IP velocity lowers risk;session velocity raises risk;event_hour raises risk
txn_f4823dc91520,0.8403519809282686,1,0.840352,1,ml_only,0,,,,,,,,1,credential_based_fraud,credential_stuffing,high generated risk score lowers risk;IP velocity lowers risk;event_hour raises risk
txn_86e5a6d3faec,0.9137069513089171,1,0.913707,1,ml_only,0,,,,,,,,1,credential_based_fraud,credential_stuffing,IP velocity lowers risk;event_hour raises risk;high generated risk score lowers risk
txn_7af5fe58b426,0.9860231947534761,1,0.986023,1,ml_only,0,,,,,,,,1,credential_based_fraud,credential_stuffing,IP velocity lowers risk;high generated risk score raises risk;session velocity raises risk
txn_f53f545bd911,0.9400579492760686,1,0.940058,1,ml_only,0,,,,,,,,1,credential_based_fraud,credential_stuffing,IP velocity lowers risk;event_hour raises risk;session velocity lowers risk
txn_5698d166fd86,0.9546268260262238,1,0.954627,1,ml_only,0,,,,,,,,1,credential_based_fraud,credential_stuffing,IP velocity lowers risk;event_hour raises risk;customer one-hour velocity raises risk
txn_c0b45e79c0d0,0.955169499169843,1,0.955169,1,ml_only,0,,,,,,,,1,credential_based_fraud,credential_stuffing,IP velocity lowers risk;session velocity raises risk;event_hour raises risk
txn_7ebdcdf79a88,0.752862662772927,1,0.752863,1,ml_only,0,,,,,,,,1,credential_based_fraud,credential_stuffing,IP velocity lowers risk;event_hour lowers risk;session velocity lowers risk
txn_3b5439e56f7f,0.8345099158594382,1,0.83451,1,ml_only,0,,,,,,,,1,credential_based_fraud,credential_stuffing,IP velocity lowers risk;event_hour lowers risk;customer one-hour velocity raises risk
txn_0b8daff1c99d,0.931825936758014,1,0.931826,1,ml_only,0,,,,,,,,1,credential_based_fraud,credential_stuffing,IP velocity lowers risk;event_hour lowers risk;session velocity raises risk
txn_2ee3d2320f25,0.6747970797395633,1,0.674797,1,ml_only,0,,,,,,,,1,credential_based_fraud,credential_stuffing,IP velocity lowers risk;event_hour lowers risk;session velocity lowers risk
txn_05006be8f0ce,0.8814288812473903,1,0.881429,1,ml_only,0,,,,,,,,1,credential_based_fraud,credential_stuffing,IP velocity lowers risk;event_hour lowers risk;device activity cadence raises risk
txn_d4f564f0c709,0.916840319051236,1,0.91684,1,ml_only,0,,,,,,,,1,credential_based_fraud,credential_stuffing,IP velocity lowers risk;event_hour lowers risk;session velocity raises risk
txn_f58f1b62b051,0.5562091542017,1,0.556209,1,ml_only,0,,,,,,,,1,credential_based_fraud,credential_stuffing,IP velocity lowers risk;event_hour lowers risk;session velocity lowers risk
txn_4afe04e31f73,0.7513314175013538,1,0.751331,1,ml_only,0,,,,,,,,1,credential_based_fraud,credential_stuffing,IP velocity lowers risk;event_hour lowers risk;high generated risk score lowers risk
txn_4426c1062654,0.8927437879816958,1,0.892744,1,ml_only,0,,,,,,,,1,credential_based_fraud,credential_stuffing,IP velocity lowers risk;event_hour lowers risk;session velocity raises risk
txn_73eb369e2b35,0.7486775805971597,1,0.748678,1,ml_only,0,,,,,,,,1,credential_based_fraud,credential_stuffing,IP velocity lowers risk;event_hour lowers risk;session velocity lowers risk
txn_a9efa8241744,0.8104293756681352,1,0.810429,1,ml_only,0,,,,,,,,1,credential_based_fraud,credential_stuffing,IP velocity lowers risk;event_hour lowers risk;customer one-hour velocity raises risk
txn_021817ea127e,0.953426695635659,1,0.953427,1,ml_only,0,,,,,,,,1,credential_based_fraud,credential_stuffing,IP velocity lowers risk;event_hour lowers risk;high generated risk score raises risk
txn_07dcd0aaa7ef,0.6358505800818809,1,0.635851,1,ml_only,0,,,,,,,,1,credential_based_fraud,credential_stuffing,IP velocity lowers risk;event_hour lowers risk;session velocity lowers risk
txn_b4e75c124ae5,0.7585878240237267,1,0.758588,1,ml_only,0,,,,,,,,1,credential_based_fraud,credential_stuffing,IP velocity lowers risk;event_hour lowers risk;high generated risk score lowers risk
txn_834233753757,0.8783158854991403,1,0.878316,1,ml_only,0,,,,,,,,1,credential_based_fraud,credential_stuffing,IP velocity lowers risk;event_hour lowers risk;session velocity raises risk
txn_d4996bde6f17,0.7487844899238272,1,0.748784,1,ml_only,0,,,,,,,,1,credential_based_fraud,credential_stuffing,IP velocity lowers risk;event_hour lowers risk;session velocity lowers risk
txn_026182888eb3,0.8347592491663582,1,0.834759,1,ml_only,0,,,,,,,,1,credential_based_fraud,credential_stuffing,IP velocity lowers risk;event_hour lowers risk;device activity cadence raises risk
txn_ebd9c0f1d07d,0.8798810119455186,1,0.879881,1,ml_only,0,,,,,,,,1,credential_based_fraud,credential_stuffing,IP velocity lowers risk;event_hour lowers risk;session velocity raises risk
txn_40cb56962631,0.7322542097431755,1,0.732254,1,ml_only,0,,,,,,,,1,credential_based_fraud,credential_stuffing,IP velocity lowers risk;event_hour lowers risk;session velocity lowers risk
txn_92ba5cad73f6,0.8450880640483152,1,0.845088,1,ml_only,0,,,,,,,,1,credential_based_fraud,credential_stuffing,IP velocity lowers risk;event_hour lowers risk;customer velocity raises risk
txn_a28aca885182,0.8335122784610556,1,0.833512,1,ml_only,0,,,,,,,,1,credential_based_fraud,credential_stuffing,IP velocity lowers risk;event_hour lowers risk;session velocity raises risk
txn_8edfddcc32d7,0.5590059768512831,1,0.559006,1,ml_only,0,,,,,,,,1,credential_based_fraud,credential_stuffing,high generated risk score lowers risk;IP velocity lowers risk;event_hour lowers risk
txn_c63aec040134,0.8760306837766086,1,0.876031,1,ml_only,0,,,,,,,,1,credential_based_fraud,credential_stuffing,IP velocity lowers risk;event_hour lowers risk;customer velocity raises risk
txn_89ac7356f5e0,0.9543939273183842,1,0.954394,1,ml_only,0,,,,,,,,1,credential_based_fraud,credential_stuffing,IP velocity lowers risk;event_hour lowers risk;session velocity raises risk
txn_5734783570ca,0.8964088302002721,1,0.896409,1,ml_only,0,,,,,,,,1,credential_based_fraud,credential_stuffing,IP velocity lowers risk;event_hour lowers risk;high generated risk score raises risk
txn_93e86287e4b0,0.7979059016542114,1,0.797906,1,ml_only,0,,,,,,,,1,credential_based_fraud,credential_stuffing,IP velocity lowers risk;event_hour lowers risk;high generated risk score lowers risk
txn_2eeca9a5d604,0.9099527897505696,1,0.909953,1,ml_only,0,,,,,,,,1,credential_based_fraud,credential_stuffing,IP velocity lowers risk;event_hour lowers risk;session velocity raises risk
txn_f62e4f3fc600,0.729847783525985,1,0.729848,1,ml_only,0,,,,,,,,1,credential_based_fraud,credential_stuffing,IP velocity lowers risk;event_hour lowers risk;session velocity lowers risk
txn_41d67222238f,0.8634052003607092,1,0.863405,1,ml_only,0,,,,,,,,1,credential_based_fraud,credential_stuffing,IP velocity lowers risk;event_hour lowers risk;device activity cadence raises risk
txn_57a677840454,0.9445211894484926,1,0.944521,1,ml_only,0,,,,,,,,1,credential_based_fraud,credential_stuffing,IP velocity lowers risk;event_hour lowers risk;session velocity raises risk
txn_8230b2058e18,0.7563780937337287,1,0.756378,1,ml_only,0,,,,,,,,1,credential_based_fraud,credential_stuffing,IP velocity lowers risk;event_hour lowers risk;session velocity lowers risk
txn_f56ffc016431,0.9471349830059664,1,0.947135,1,ml_only,0,,,,,,,,1,credential_based_fraud,credential_stuffing,high generated risk score raises risk;IP velocity lowers risk;event_hour lowers risk
txn_d98ea6ccdc84,0.9044636990957543,1,0.904464,1,ml_only,0,,,,,,,,1,credential_based_fraud,credential_stuffing,IP velocity lowers risk;event_hour lowers risk;session velocity raises risk
txn_3653a828f7cd,0.9239695993994705,1,0.92397,1,ml_only,0,,,,,,,,1,credential_based_fraud,credential_stuffing,high generated risk score raises risk;IP velocity lowers risk;event_hour lowers risk
txn_080f74a444e0,0.8092008235668965,1,0.809201,1,ml_only,0,,,,,,,,1,credential_based_fraud,credential_stuffing,IP velocity lowers risk;event_hour lowers risk;high generated risk score lowers risk
txn_a2b25d8292ac,0.9354664598162722,1,0.935466,1,ml_only,0,,,,,,,,1,credential_based_fraud,credential_stuffing,IP velocity lowers risk;event_hour lowers risk;session velocity raises risk
txn_21d97d644764,0.702491292761562,1,0.702491,1,ml_only,0,,,,,,,,1,credential_based_fraud,credential_stuffing,IP velocity lowers risk;event_hour lowers risk;session velocity lowers risk
txn_a813f9cf364b,0.9059177094720913,1,0.905918,1,ml_only,0,,,,,,,,1,credential_based_fraud,credential_stuffing,IP velocity lowers risk;event_hour lowers risk;customer velocity raises risk
txn_e0ea180b396d,0.9753818650618535,1,0.975382,1,ml_only,0,,,,,,,,1,credential_based_fraud,credential_stuffing,high generated risk score raises risk;IP velocity lowers risk;event_hour lowers risk
txn_0b08c3b8b954,0.7476418753751964,1,0.747642,1,ml_only,0,,,,,,,,1,credential_based_fraud,credential_stuffing,IP velocity lowers risk;event_hour lowers risk;session velocity lowers risk
txn_d9d2c189ec29,0.8605100540384851,1,0.86051,1,ml_only,0,,,,,,,,1,credential_based_fraud,credential_stuffing,IP velocity lowers risk;event_hour lowers risk;device activity cadence raises risk
txn_d178802981a6,0.9332241540480359,1,0.933224,1,ml_only,0,,,,,,,,1,credential_based_fraud,credential_stuffing,IP velocity lowers risk;event_hour lowers risk;session velocity raises risk
txn_ec1f270c74f9,0.8061609164805429,1,0.806161,1,ml_only,0,,,,,,,,1,credential_based_fraud,credential_stuffing,IP velocity lowers risk;event_hour lowers risk;session velocity lowers risk
txn_67d16321198c,0.9222831157114681,1,0.922283,1,ml_only,0,,,,,,,,1,credential_based_fraud,credential_stuffing,IP velocity lowers risk;event_hour lowers risk;high generated risk score raises risk
txn_8b0ba96ae9ba,0.8934444732858113,1,0.893444,1,ml_only,0,,,,,,,,1,credential_based_fraud,credential_stuffing,IP velocity lowers risk;event_hour lowers risk;session velocity raises risk
txn_a9d952a7ad6f,0.8618452626638924,1,0.861845,1,ml_only,0,,,,,,,,1,credential_based_fraud,credential_stuffing,IP velocity lowers risk;event_hour lowers risk;session velocity lowers risk
txn_64df69c2d055,0.9244974462691399,1,0.924497,1,ml_only,0,,,,,,,,1,credential_based_fraud,credential_stuffing,IP velocity lowers risk;event_hour lowers risk;customer velocity raises risk
txn_21240c258e7b,0.8676819306081681,1,0.867682,1,ml_only,0,,,,,,,,1,credential_based_fraud,credential_stuffing,IP velocity lowers risk;event_hour lowers risk;high generated risk score lowers risk
txn_3bbd9347331c,0.6977638874510523,1,0.697764,1,ml_only,0,,,,,,,,1,credential_based_fraud,credential_stuffing,IP velocity lowers risk;event_hour lowers risk;session velocity lowers risk
txn_92632a22cf3e,0.9108708570035456,1,0.910871,1,ml_only,0,,,,,,,,1,credential_based_fraud,credential_stuffing,IP velocity lowers risk;event_hour lowers risk;high generated risk score raises risk
txn_3de0b5f1ec1e,0.9167615196345333,1,0.916762,1,ml_only,0,,,,,,,,1,credential_based_fraud,credential_stuffing,IP velocity lowers risk;event_hour lowers risk;session velocity raises risk
txn_54074240f064,0.8007106080643821,1,0.800711,1,ml_only,0,,,,,,,,1,credential_based_fraud,credential_stuffing,IP velocity lowers risk;event_hour lowers risk;session velocity lowers risk
txn_072863fc4703,0.7503671525154939,1,0.750367,1,ml_only,0,,,,,,,,1,credential_based_fraud,credential_stuffing,IP velocity lowers risk;high generated risk score lowers risk;event_hour lowers risk
txn_23a475c41a5f,0.8597007539817161,1,0.859701,1,ml_only,0,,,,,,,,1,credential_based_fraud,credential_stuffing,high generated risk score lowers risk;IP velocity lowers risk;event_hour lowers risk
txn_5c8615bdd4a6,0.902231235323185,1,0.902231,1,ml_only,0,,,,,,,,1,credential_based_fraud,credential_stuffing,IP velocity lowers risk;event_hour lowers risk;high generated risk score raises risk
txn_a71d53ecf57a,0.9406845566631303,1,0.940685,1,ml_only,0,,,,,,,,1,credential_based_fraud,credential_stuffing,IP velocity lowers risk;event_hour lowers risk;high generated risk score raises risk
txn_325f7a259bf4,0.9291164403723375,1,0.929116,1,ml_only,0,,,,,,,,1,credential_based_fraud,credential_stuffing,IP velocity lowers risk;event_hour lowers risk;session velocity raises risk
txn_61862e43806c,0.8678498867208929,1,0.86785,1,ml_only,0,,,,,,,,1,credential_based_fraud,credential_stuffing,IP velocity lowers risk;event_hour lowers risk;high generated risk score raises risk
txn_ff10ef0a7588,0.8980107823154764,1,0.898011,1,ml_only,0,,,,,,,,1,credential_based_fraud,credential_stuffing,IP velocity lowers risk;event_hour lowers risk;customer velocity raises risk
txn_315e78748e07,0.9474421114263964,1,0.947442,1,ml_only,0,,,,,,,,1,credential_based_fraud,credential_stuffing,IP velocity lowers risk;event_hour lowers risk;session velocity raises risk
txn_dc649dcb2fa5,0.8630205710540487,1,0.863021,1,ml_only,0,,,,,,,,1,credential_based_fraud,credential_stuffing,IP velocity lowers risk;event_hour lowers risk;high generated risk score raises risk
txn_9e056032ec1c,0.9786337199524308,1,0.978634,1,ml_only,0,,,,,,,,1,credential_based_fraud,credential_stuffing,high generated risk score raises risk;IP velocity lowers risk;event_hour lowers risk
txn_d0c9a89880ba,0.9618152918525752,1,0.961815,1,ml_only,0,,,,,,,,1,credential_based_fraud,credential_stuffing,IP velocity lowers risk;event_hour lowers risk;session velocity raises risk
txn_a8867361fb02,0.85024572802489,1,0.850246,1,ml_only,0,,,,,,,,1,credential_based_fraud,credential_stuffing,IP velocity lowers risk;event_hour lowers risk;session velocity lowers risk
txn_d18e20a810a7,0.833773827952565,1,0.833774,1,ml_only,0,,,,,,,,1,credential_based_fraud,credential_stuffing,IP velocity lowers risk;event_hour lowers risk;device activity cadence raises risk
txn_b0d9e3e058d4,0.9427572325681705,1,0.942757,1,ml_only,0,,,,,,,,1,credential_based_fraud,credential_stuffing,IP velocity lowers risk;event_hour lowers risk;session velocity raises risk
txn_e602105ceb83,0.8431486039657589,1,0.843149,1,ml_only,0,,,,,,,,1,credential_based_fraud,credential_stuffing,IP velocity lowers risk;event_hour lowers risk;session velocity lowers risk
txn_04e799799a97,0.9364895641383357,1,0.93649,1,ml_only,0,,,,,,,,1,credential_based_fraud,credential_stuffing,IP velocity lowers risk;event_hour lowers risk;high generated risk score raises risk
txn_4a81d7ef62c0,0.8880816958460236,1,0.888082,1,ml_only,0,,,,,,,,1,credential_based_fraud,credential_stuffing,IP velocity lowers risk;event_hour lowers risk;session velocity raises risk
txn_b37872e67e3a,0.9188072143156967,1,0.918807,1,ml_only,0,,,,,,,,1,credential_based_fraud,credential_stuffing,IP velocity lowers risk;high generated risk score raises risk;event_hour lowers risk
txn_dcf8fabf2eb5,0.8593487606019014,1,0.859349,1,ml_only,0,,,,,,,,1,credential_based_fraud,credential_stuffing,IP velocity lowers risk;event_hour lowers risk;customer velocity raises risk
txn_144f7e03c6e1,0.9383074431741409,1,0.938307,1,ml_only,0,,,,,,,,1,credential_based_fraud,credential_stuffing,IP velocity lowers risk;event_hour lowers risk;session velocity raises risk
txn_7748eff47471,0.8950418372851127,1,0.895042,1,ml_only,0,,,,,,,,1,credential_based_fraud,credential_stuffing,high generated risk score raises risk;IP velocity lowers risk;event_hour lowers risk
txn_b2cfe5399d24,0.8887324964542734,1,0.888732,1,ml_only,0,,,,,,,,1,credential_based_fraud,credential_stuffing,IP velocity lowers risk;event_hour lowers risk;customer velocity raises risk
txn_347c62bc98cb,0.8825903708287818,1,0.88259,1,ml_only,0,,,,,,,,1,credential_based_fraud,credential_stuffing,IP velocity lowers risk;high generated risk score lowers risk;event_hour lowers risk
txn_6c3ed13631a0,0.8110662531673292,1,0.811066,1,ml_only,0,,,,,,,,1,credential_based_fraud,credential_stuffing,IP velocity lowers risk;event_hour lowers risk;session velocity lowers risk
txn_abb0c2866be5,0.8730403590531463,1,0.87304,1,ml_only,0,,,,,,,,1,credential_based_fraud,credential_stuffing,IP velocity lowers risk;event_hour lowers risk;device activity cadence raises risk
txn_df9905615051,0.9031454933953187,1,0.903145,1,ml_only,0,,,,,,,,1,credential_based_fraud,credential_stuffing,IP velocity lowers risk;event_hour lowers risk;session velocity raises risk
txn_ba49079f4f58,0.8768706754778873,1,0.876871,1,ml_only,0,,,,,,,,1,credential_based_fraud,credential_stuffing,IP velocity lowers risk;event_hour lowers risk;session velocity lowers risk
txn_85d484b8b2a6,0.9450472449985102,1,0.945047,1,ml_only,0,,,,,,,,1,credential_based_fraud,credential_stuffing,IP velocity lowers risk;event_hour lowers risk;customer velocity raises risk
txn_49d5275f65cd,0.9464553086828787,1,0.946455,1,ml_only,0,,,,,,,,1,credential_based_fraud,credential_stuffing,IP velocity lowers risk;event_hour lowers risk;session velocity raises risk
txn_30b56583cf49,0.9041923086004534,1,0.904192,1,ml_only,0,,,,,,,,1,credential_based_fraud,credential_stuffing,high generated risk score raises risk;IP velocity lowers risk;event_hour lowers risk
txn_0f4f1929a9cd,0.8660334354295683,1,0.866033,1,ml_only,0,,,,,,,,1,credential_based_fraud,credential_stuffing,IP velocity lowers risk;event_hour lowers risk;customer velocity raises risk
txn_b40bb17dc9be,0.899278401753518,1,0.899278,1,ml_only,0,,,,,,,,1,credential_based_fraud,credential_stuffing,IP velocity lowers risk;event_hour lowers risk;session velocity raises risk
txn_cb606303ff73,0.8001522853904975,1,0.800152,1,ml_only,0,,,,,,,,1,credential_based_fraud,credential_stuffing,IP velocity lowers risk;event_hour lowers risk;session velocity lowers risk
txn_7c3d39fe1902,0.8834372431413964,1,0.883437,1,ml_only,0,,,,,,,,1,credential_based_fraud,credential_stuffing,IP velocity lowers risk;event_hour lowers risk;customer velocity raises risk
txn_78ef54249e3b,0.9276904052448038,1,0.92769,1,ml_only,0,,,,,,,,1,credential_based_fraud,credential_stuffing,IP velocity lowers risk;session velocity raises risk;event_hour lowers risk
txn_b66c74532992,0.7511972260719416,1,0.751197,1,ml_only,0,,,,,,,,1,credential_based_fraud,credential_stuffing,IP velocity lowers risk;high generated risk score lowers risk;event_hour lowers risk
txn_0d578308617c,0.9396867572078189,1,0.939687,1,ml_only,0,,,,,,,,1,credential_based_fraud,credential_stuffing,IP velocity lowers risk;high generated risk score raises risk;event_hour lowers risk
txn_382e38cb7e2e,0.9477052686678712,1,0.947705,1,ml_only,0,,,,,,,,1,credential_based_fraud,credential_stuffing,IP velocity lowers risk;session velocity raises risk;event_hour lowers risk
txn_35cc831e52cb,0.8856276969317961,1,0.885628,1,ml_only,0,,,,,,,,1,credential_based_fraud,credential_stuffing,IP velocity lowers risk;event_hour lowers risk;session velocity lowers risk
txn_a0748f5d3d7d,0.8204401161735736,1,0.82044,1,ml_only,0,,,,,,,,1,credential_based_fraud,credential_stuffing,IP velocity lowers risk;high generated risk score lowers risk;event_hour lowers risk
txn_6b0d0ac23087,0.9450428905201483,1,0.945043,1,ml_only,0,,,,,,,,1,credential_based_fraud,credential_stuffing,IP velocity lowers risk;session velocity raises risk;event_hour lowers risk
txn_85adc6de30f1,0.9167801132503086,1,0.91678,1,ml_only,0,,,,,,,,1,credential_based_fraud,credential_stuffing,IP velocity lowers risk;event_hour lowers risk;session velocity lowers risk
txn_4e94fdb29f49,0.9639030809615416,1,0.963903,1,ml_only,0,,,,,,,,1,credential_based_fraud,credential_stuffing,high generated risk score raises risk;IP velocity lowers risk;event_hour lowers risk
txn_845b37bcda1f,0.9659208458912857,1,0.965921,1,ml_only,0,,,,,,,,1,credential_based_fraud,credential_stuffing,session velocity raises risk;event_hour lowers risk;customer velocity raises risk
txn_d97548dfc2ce,0.7934196977416598,1,0.79342,1,ml_only,0,,,,,,,,1,credential_based_fraud,credential_stuffing,high generated risk score lowers risk;event_hour lowers risk;session velocity lowers risk
txn_06cfca355fd9,0.9739222108514366,1,0.973922,1,ml_only,0,,,,,,,,1,credential_based_fraud,credential_stuffing,event_hour lowers risk;customer velocity raises risk;merchant velocity raises risk
txn_21117f0bc606,0.9869206121899102,1,0.986921,1,ml_only,0,,,,,,,,1,credential_based_fraud,credential_stuffing,session velocity raises risk;event_hour lowers risk;customer velocity raises risk
txn_2abb6b8c0c2a,0.9683120699593879,1,0.968312,1,ml_only,0,,,,,,,,1,credential_based_fraud,credential_stuffing,event_hour lowers risk;session velocity lowers risk;customer velocity raises risk
txn_729d8616afcf,0.9703483617108397,1,0.970348,1,ml_only,0,,,,,,,,1,credential_based_fraud,credential_stuffing,event_hour lowers risk;IP velocity raises risk;device activity cadence raises risk
txn_721025d1074a,0.9821263138466712,1,0.982126,1,ml_only,0,,,,,,,,1,credential_based_fraud,credential_stuffing,high generated risk score lowers risk;IP velocity raises risk;session velocity raises risk
txn_3b3fb8ffafb3,0.9705024890490765,1,0.970502,1,ml_only,0,,,,,,,,1,credential_based_fraud,credential_stuffing,IP velocity raises risk;event_hour lowers risk;session velocity lowers risk
txn_b7e5cd97f484,0.9816395445208912,1,0.98164,1,ml_only,0,,,,,,,,1,credential_based_fraud,credential_stuffing,IP velocity raises risk;event_hour lowers risk;customer velocity raises risk
txn_f4a7e791f4db,0.9828195520212024,1,0.98282,1,ml_only,0,,,,,,,,1,credential_based_fraud,credential_stuffing,IP velocity raises risk;session velocity raises risk;event_hour lowers risk
txn_3bee47550c20,0.9839829120239901,1,0.983983,1,ml_only,0,,,,,,,,1,credential_based_fraud,credential_stuffing,IP velocity raises risk;event_hour lowers risk;session velocity lowers risk
txn_58e11663d8c3,0.9796154485702062,1,0.979615,1,ml_only,0,,,,,,,,1,credential_based_fraud,credential_stuffing,IP velocity raises risk;event_hour lowers risk;high generated risk score lowers risk
txn_56a25a6a1c39,0.9981498735273966,1,0.99815,1,ml_only,0,,,,,,,,1,credential_based_fraud,credential_stuffing,IP velocity raises risk;high generated risk score raises risk;session velocity raises risk
txn_02d9709629a4,0.9824162171411395,1,0.982416,1,ml_only,0,,,,,,,,1,credential_based_fraud,credential_stuffing,IP velocity raises risk;event_hour lowers risk;session velocity lowers risk
txn_a942f3d2dff4,0.9854461609818772,1,0.985446,1,ml_only,0,,,,,,,,1,credential_based_fraud,credential_stuffing,IP velocity raises risk;event_hour lowers risk;customer velocity raises risk
txn_5ce1ef403df6,0.9987187143180236,1,0.998719,1,ml_only,0,,,,,,,,1,credential_based_fraud,credential_stuffing,IP velocity raises risk;high generated risk score raises risk;session velocity raises risk
txn_5573e003bec6,0.9793534541611933,1,0.979353,1,ml_only,0,,,,,,,,1,credential_based_fraud,credential_stuffing,IP velocity raises risk;event_hour lowers risk;session velocity lowers risk
txn_ed011f40c6fb,0.9886659782169817,1,0.988666,1,ml_only,0,,,,,,,,1,credential_based_fraud,credential_stuffing,IP velocity raises risk;event_hour lowers risk;customer velocity raises risk
txn_bcfd03133fa9,0.9963172890739154,1,0.996317,1,ml_only,0,,,,,,,,1,credential_based_fraud,credential_stuffing,IP velocity raises risk;session velocity raises risk;event_hour lowers risk
txn_7a67495cecab,0.9884579182774634,1,0.988458,1,ml_only,0,,,,,,,,1,credential_based_fraud,credential_stuffing,IP velocity raises risk;event_hour lowers risk;customer velocity raises risk
txn_f713a0670b9b,0.993959551593843,1,0.99396,1,ml_only,0,,,,,,,,1,credential_based_fraud,credential_stuffing,IP velocity raises risk;event_hour lowers risk;customer velocity raises risk
txn_356930fa9e3d,0.9903150139842581,1,0.990315,1,ml_only,0,,,,,,,,1,credential_based_fraud,credential_stuffing,IP velocity raises risk;session velocity raises risk;customer velocity raises risk
txn_f8daff27e5be,0.984914631321384,1,0.984915,1,ml_only,0,,,,,,,,1,credential_based_fraud,credential_stuffing,IP velocity raises risk;customer velocity raises risk;merchant velocity raises risk
txn_3169fea2131c,0.9936304706652053,1,0.99363,1,ml_only,0,,,,,,,,1,credential_based_fraud,credential_stuffing,IP velocity raises risk;customer velocity raises risk;merchant velocity raises risk
txn_f2e58cf26470,0.9966077217154884,1,0.996608,1,ml_only,0,,,,,,,,1,credential_based_fraud,credential_stuffing,IP velocity raises risk;session velocity raises risk;customer velocity raises risk
txn_6c5c465efc5f,0.9888226462514949,1,0.988823,1,ml_only,0,,,,,,,,1,credential_based_fraud,credential_stuffing,IP velocity raises risk;high generated risk score raises risk;customer velocity raises risk
txn_32ba1a7f4c81,0.989891995828997,1,0.989892,1,ml_only,0,,,,,,,,1,credential_based_fraud,credential_stuffing,IP velocity raises risk;customer velocity raises risk;merchant velocity raises risk
txn_e06635301622,0.9904146245206537,1,0.990415,1,ml_only,0,,,,,,,,1,credential_based_fraud,credential_stuffing,IP velocity raises risk;session velocity raises risk;customer velocity raises risk
txn_c80a357a8122,0.9646247593298977,1,0.964625,1,ml_only,0,,,,,,,,1,credential_based_fraud,credential_stuffing,customer velocity raises risk;merchant velocity raises risk;IP velocity raises risk
txn_89107bc9b1db,0.9613750143848022,1,0.961375,1,ml_only,0,,,,,,,,1,credential_based_fraud,credential_stuffing,customer velocity raises risk;merchant velocity raises risk;device activity cadence raises risk
txn_517dd1d9614a,0.9898589790032748,1,0.989859,1,ml_only,0,,,,,,,,1,credential_based_fraud,credential_stuffing,session velocity raises risk;customer velocity raises risk;merchant velocity raises risk
txn_8d5f15eb080f,0.945226222818039,1,0.945226,1,ml_only,0,,,,,,,,1,credential_based_fraud,credential_stuffing,customer velocity raises risk;merchant velocity raises risk;session velocity lowers risk
txn_f09f19753052,0.9425774489091026,1,0.942577,1,ml_only,0,,,,,,,,1,credential_based_fraud,credential_stuffing,customer velocity raises risk;merchant velocity raises risk;event_hour lowers risk
txn_4dd434425b80,0.9560809456589062,1,0.956081,1,ml_only,0,,,,,,,,1,credential_based_fraud,credential_stuffing,session velocity raises risk;customer velocity raises risk;merchant velocity raises risk
txn_bc56a2317c9a,0.8135441871690317,1,0.813544,1,ml_only,0,,,,,,,,1,credential_based_fraud,credential_stuffing,high generated risk score lowers risk;customer velocity raises risk;merchant velocity raises risk
txn_fa5093415acb,0.9686183439417773,1,0.968618,1,ml_only,0,,,,,,,,1,credential_based_fraud,credential_stuffing,customer velocity raises risk;merchant velocity raises risk;event_hour lowers risk
txn_ac4e15cf5c37,0.9735277662365701,1,0.973528,1,ml_only,0,,,,,,,,1,credential_based_fraud,credential_stuffing,session velocity raises risk;customer velocity raises risk;merchant velocity raises risk
txn_2a74656c1701,0.9433955085041098,1,0.943396,1,ml_only,0,,,,,,,,1,credential_based_fraud,credential_stuffing,high generated risk score raises risk;customer velocity raises risk;merchant velocity raises risk
txn_d3d5cff848ee,0.9669916751264536,1,0.966992,1,ml_only,0,,,,,,,,1,credential_based_fraud,credential_stuffing,customer velocity raises risk;merchant velocity raises risk;event_hour lowers risk
txn_ffe3be7046dd,0.9730732839806647,1,0.973073,1,ml_only,0,,,,,,,,1,credential_based_fraud,credential_stuffing,session velocity raises risk;customer velocity raises risk;merchant velocity raises risk
txn_a8992c15203d,0.9595730470622553,1,0.959573,1,ml_only,0,,,,,,,,1,credential_based_fraud,credential_stuffing,high generated risk score raises risk;customer velocity raises risk;merchant velocity raises risk
txn_f8aad58b858e,0.9225307526463363,1,0.922531,1,ml_only,0,,,,,,,,1,credential_based_fraud,credential_stuffing,customer velocity raises risk;merchant velocity raises risk;device activity cadence raises risk
txn_1374c4308470,0.9839725240143444,1,0.983973,1,ml_only,0,,,,,,,,1,credential_based_fraud,credential_stuffing,customer velocity raises risk;merchant velocity raises risk;session velocity raises risk
txn_db0ee7a6570a,0.9611417080196356,1,0.961142,1,ml_only,0,,,,,,,,1,credential_based_fraud,credential_stuffing,customer velocity raises risk;merchant velocity raises risk;session velocity lowers risk
txn_f441e7118770,0.981589505972792,1,0.98159,1,ml_only,0,,,,,,,,1,credential_based_fraud,credential_stuffing,customer velocity raises risk;merchant velocity raises risk;event_hour lowers risk
txn_793563b5333f,0.9620766515754265,1,0.962077,1,ml_only,0,,,,,,,,1,credential_based_fraud,credential_stuffing,customer velocity raises risk;merchant velocity raises risk;session velocity raises risk
txn_af8e1e224334,0.9258853983077514,1,0.925885,1,ml_only,0,,,,,,,,1,credential_based_fraud,credential_stuffing,customer velocity raises risk;merchant velocity raises risk;session velocity lowers risk
txn_e480a2bbf0d1,0.9507508757365273,1,0.950751,1,ml_only,0,,,,,,,,1,credential_based_fraud,credential_stuffing,customer velocity raises risk;merchant velocity raises risk;event_hour lowers risk
txn_944d90dafec1,0.9801711625615277,1,0.980171,1,ml_only,0,,,,,,,,1,credential_based_fraud,credential_stuffing,customer velocity raises risk;merchant velocity raises risk;session velocity raises risk
txn_c6ce7bb4844e,0.26586302293106306,1,0.265863,1,ml_only,0,,,,,,,,1,identity_onboarding_fraud,fraudulent_merchant_onboarding,customer payment cadence lowers risk;merchant chargeback behavior lowers risk;session velocity lowers risk
txn_001e2eeb2523,0.4971219866176735,1,0.497122,1,ml_only,0,,,,,,,,1,identity_onboarding_fraud,fraudulent_merchant_onboarding,merchant chargeback behavior lowers risk;amount deviation from customer history lowers risk;event_hour raises risk
txn_c303edec1d1a,0.7142600977406046,1,0.71426,1,ml_only,0,,,,,,,,1,identity_onboarding_fraud,fraudulent_merchant_onboarding,merchant chargeback behavior lowers risk;session velocity raises risk;event_hour raises risk
txn_1f85bd71bf23,0.56009366384011,1,0.560094,1,ml_only,0,,,,,,,,1,identity_onboarding_fraud,fraudulent_merchant_onboarding,merchant chargeback behavior lowers risk;session velocity lowers risk;event_hour raises risk
txn_fbc6b58bb404,0.7235097854024487,1,0.72351,1,ml_only,0,,,,,,,,1,identity_onboarding_fraud,fraudulent_merchant_onboarding,high generated risk score lowers risk;merchant chargeback behavior lowers risk;IP velocity raises risk
txn_09b918ac9d4a,0.6418185584345755,1,0.641819,1,ml_only,0,,,,,,,,1,identity_onboarding_fraud,fraudulent_merchant_onboarding,IP velocity raises risk;event_hour lowers risk;merchant chargeback behavior lowers risk
txn_086752fbd9db,0.49436956818063804,1,0.49437,1,ml_only,0,,,,,,,,1,identity_onboarding_fraud,fraudulent_merchant_onboarding,IP velocity raises risk;merchant chargeback behavior lowers risk;event_hour lowers risk
txn_eeeacea38870,0.5933232812544409,1,0.593323,1,ml_only,0,,,,,,,,1,identity_onboarding_fraud,fraudulent_merchant_onboarding,IP velocity raises risk;high generated risk score lowers risk;merchant chargeback behavior lowers risk
txn_0e9d2359a9de,0.9175582182618169,1,0.917558,1,ml_only,0,,,,,,,,1,identity_onboarding_fraud,fraudulent_merchant_onboarding,IP velocity raises risk;merchant chargeback behavior lowers risk;session velocity raises risk
txn_200b7559b5ae,0.5956286298932686,1,0.595629,1,ml_only,0,,,,,,,,1,identity_onboarding_fraud,fraudulent_merchant_onboarding,IP velocity raises risk;high generated risk score lowers risk;merchant chargeback behavior lowers risk
txn_693b153d3cb6,0.8740142276564463,1,0.874014,1,ml_only,0,,,,,,,,1,identity_onboarding_fraud,fraudulent_merchant_onboarding,IP velocity raises risk;merchant chargeback behavior lowers risk;merchant age raises risk
txn_91894abe05d1,0.8859639103756793,1,0.885964,1,ml_only,0,,,,,,,,1,identity_onboarding_fraud,fraudulent_merchant_onboarding,IP velocity raises risk;merchant chargeback behavior lowers risk;session velocity raises risk
txn_95850c1f70db,0.9363676458354079,1,0.936368,1,ml_only,0,,,,,,,,1,identity_onboarding_fraud,fraudulent_merchant_onboarding,IP velocity raises risk;merchant chargeback behavior lowers risk;high generated risk score raises risk
txn_dbeef5beef89,0.9564634684456927,1,0.956463,1,ml_only,0,,,,,,,,1,identity_onboarding_fraud,fraudulent_merchant_onboarding,IP velocity raises risk;merchant chargeback behavior lowers risk;merchant age raises risk
txn_4ddeab3826a0,0.9647384070249932,1,0.964738,1,ml_only,0,,,,,,,,1,identity_onboarding_fraud,fraudulent_merchant_onboarding,IP velocity raises risk;merchant chargeback behavior lowers risk;session velocity raises risk
txn_1bf334b384b0,0.8493946001720845,1,0.849395,1,ml_only,0,,,,,,,,1,identity_onboarding_fraud,fraudulent_merchant_onboarding,IP velocity raises risk;high generated risk score lowers risk;merchant chargeback behavior lowers risk
txn_5c1a9edef098,0.9723616721162268,1,0.972362,1,ml_only,0,,,,,,,,1,identity_onboarding_fraud,fraudulent_merchant_onboarding,IP velocity raises risk;merchant chargeback behavior lowers risk;merchant age raises risk
txn_7db6c70c9eea,0.9841854580172175,1,0.984185,1,ml_only,0,,,,,,,,1,identity_onboarding_fraud,fraudulent_merchant_onboarding,IP velocity raises risk;merchant chargeback behavior lowers risk;session velocity raises risk
txn_2c736a2f034c,0.9781018812564539,1,0.978102,1,ml_only,0,,,,,,,,1,identity_onboarding_fraud,fraudulent_merchant_onboarding,IP velocity raises risk;merchant chargeback behavior lowers risk;session velocity lowers risk
txn_12b4279459d6,0.9843246001019982,1,0.984325,1,ml_only,0,,,,,,,,1,identity_onboarding_fraud,fraudulent_merchant_onboarding,IP velocity raises risk;merchant chargeback behavior lowers risk;event_hour raises risk
txn_4fe5f88d0111,0.9874603793151889,1,0.98746,1,ml_only,0,,,,,,,,1,identity_onboarding_fraud,fraudulent_merchant_onboarding,IP velocity raises risk;high generated risk score lowers risk;merchant chargeback behavior lowers risk
txn_7c44d382b3f3,0.9705340626272423,1,0.970534,1,ml_only,0,,,,,,,,1,identity_onboarding_fraud,fraudulent_merchant_onboarding,IP velocity raises risk;merchant chargeback behavior lowers risk;session velocity lowers risk
txn_6e2998649557,0.9199165804376047,1,0.919917,1,ml_only,0,,,,,,,,1,identity_onboarding_fraud,fraudulent_merchant_onboarding,IP velocity raises risk;event_hour lowers risk;merchant chargeback behavior lowers risk
txn_9487bd9548bd,0.9814793310179694,1,0.981479,1,ml_only,0,,,,,,,,1,identity_onboarding_fraud,fraudulent_merchant_onboarding,IP velocity raises risk;merchant chargeback behavior lowers risk;session velocity raises risk
txn_f43ab326e1ed,0.9588667322817449,1,0.958867,1,ml_only,0,,,,,,,,1,identity_onboarding_fraud,fraudulent_merchant_onboarding,IP velocity raises risk;merchant chargeback behavior lowers risk;session velocity lowers risk
txn_771f7ddf9d39,0.9201195624439694,1,0.92012,1,ml_only,0,,,,,,,,1,identity_onboarding_fraud,fraudulent_merchant_onboarding,IP velocity raises risk;merchant chargeback behavior lowers risk;event_hour lowers risk
txn_5e66d7c686cd,0.9541927881522434,1,0.954193,1,ml_only,0,,,,,,,,1,identity_onboarding_fraud,fraudulent_merchant_onboarding,IP velocity raises risk;merchant chargeback behavior lowers risk;session velocity raises risk
txn_467c54c3a5d9,0.7343525431124284,1,0.734353,1,ml_only,0,,,,,,,,1,identity_onboarding_fraud,fraudulent_merchant_onboarding,IP velocity raises risk;merchant chargeback behavior lowers risk;session velocity lowers risk
txn_9c82108ad8ae,0.6755921268364824,1,0.675592,1,ml_only,0,,,,,,,,1,identity_onboarding_fraud,fraudulent_merchant_onboarding,IP velocity raises risk;high generated risk score lowers risk;merchant chargeback behavior lowers risk
txn_622a6f1bf6c5,0.8074265190402443,1,0.807427,1,ml_only,0,,,,,,,,1,identity_onboarding_fraud,fraudulent_merchant_onboarding,IP velocity raises risk;high generated risk score lowers risk;merchant chargeback behavior lowers risk
txn_f68a6197fb5d,0.7371990191209171,1,0.737199,1,ml_only,0,,,,,,,,1,identity_onboarding_fraud,fraudulent_merchant_onboarding,IP velocity raises risk;merchant chargeback behavior lowers risk;session velocity lowers risk
txn_adbd5a45fb0e,0.7803871636788923,1,0.780387,1,ml_only,0,,,,,,,,1,identity_onboarding_fraud,fraudulent_merchant_onboarding,IP velocity raises risk;merchant chargeback behavior lowers risk;high generated risk score lowers risk
txn_778553e4c24a,0.9355238626145295,1,0.935524,1,ml_only,0,,,,,,,,1,identity_onboarding_fraud,fraudulent_merchant_onboarding,IP velocity raises risk;merchant chargeback behavior lowers risk;session velocity raises risk
txn_da9603452bf9,0.6832416210103043,1,0.683242,1,ml_only,0,,,,,,,,1,identity_onboarding_fraud,fraudulent_merchant_onboarding,IP velocity raises risk;merchant chargeback behavior lowers risk;session velocity lowers risk
txn_91e70b406c17,0.8312273635573026,1,0.831227,1,ml_only,0,,,,,,,,1,identity_onboarding_fraud,fraudulent_merchant_onboarding,IP velocity raises risk;merchant chargeback behavior lowers risk;merchant age raises risk
txn_64e87c42070e,0.8257544159468885,1,0.825754,1,ml_only,0,,,,,,,,1,identity_onboarding_fraud,fraudulent_merchant_onboarding,IP velocity raises risk;high generated risk score lowers risk;merchant chargeback behavior lowers risk
txn_4071687dbd8a,0.15432602669743792,1,0.154326,1,ml_only,0,,,,,,,,1,identity_onboarding_fraud,mule_account_creation,customer payment cadence lowers risk;session velocity lowers risk;device activity cadence raises risk
txn_057e903cc7fb,0.29259109204435896,1,0.292591,1,ml_only,0,,,,,,,,1,identity_onboarding_fraud,mule_account_creation,amount deviation from customer history lowers risk;merchant chargeback behavior lowers risk;merchant age raises risk
txn_91ea58a0d922,0.5210041017730944,1,0.521004,1,ml_only,0,,,,,,,,1,identity_onboarding_fraud,mule_account_creation,session velocity raises risk;merchant chargeback behavior lowers risk;merchant age raises risk
txn_45712cd8b093,0.40105362700289315,1,0.401054,1,ml_only,0,,,,,,,,1,identity_onboarding_fraud,mule_account_creation,session velocity lowers risk;merchant chargeback behavior lowers risk;merchant age raises risk
txn_b4abdc4d5f81,0.6750453383084833,1,0.675045,1,ml_only,0,,,,,,,,1,identity_onboarding_fraud,mule_account_creation,merchant chargeback behavior lowers risk;merchant age raises risk;event_hour raises risk
txn_7e7782e60ba0,0.8879598771027447,1,0.88796,1,ml_only,0,,,,,,,,1,identity_onboarding_fraud,mule_account_creation,session velocity raises risk;IP velocity raises risk;event_hour raises risk
txn_d0c2b8ad701c,0.3467653960507757,1,0.346765,1,ml_only,0,,,,,,,,1,identity_onboarding_fraud,mule_account_creation,event_hour lowers risk;IP velocity raises risk;session velocity lowers risk
txn_46ed3574d15d,0.3813735645976294,1,0.381374,1,ml_only,0,,,,,,,,1,identity_onboarding_fraud,mule_account_creation,IP velocity raises risk;event_hour lowers risk;high generated risk score lowers risk
txn_df5fce97dc40,0.7209217769489162,1,0.720922,1,ml_only,0,,,,,,,,1,identity_onboarding_fraud,mule_account_creation,IP velocity raises risk;session velocity raises risk;event_hour lowers risk
txn_ef28c3c86300,0.5127539673157958,1,0.512754,1,ml_only,0,,,,,,,,1,identity_onboarding_fraud,mule_account_creation,IP velocity raises risk;session velocity lowers risk;event_hour lowers risk
txn_71a64c66bb60,0.6950454181197667,1,0.695045,1,ml_only,0,,,,,,,,1,identity_onboarding_fraud,mule_account_creation,IP velocity raises risk;merchant chargeback behavior lowers risk;event_hour lowers risk
txn_d903a0541bac,0.918518614539834,1,0.918519,1,ml_only,0,,,,,,,,1,identity_onboarding_fraud,mule_account_creation,IP velocity raises risk;session velocity raises risk;high generated risk score raises risk
txn_a7b42f3046d2,0.7084455621713531,1,0.708446,1,ml_only,0,,,,,,,,1,identity_onboarding_fraud,mule_account_creation,IP velocity raises risk;high generated risk score lowers risk;session velocity lowers risk
txn_4bdbeb67ff3e,0.8849604145133124,1,0.88496,1,ml_only,0,,,,,,,,1,identity_onboarding_fraud,mule_account_creation,IP velocity raises risk;merchant chargeback behavior lowers risk;merchant age raises risk
txn_0667aa575a02,0.8843686048163398,1,0.884369,1,ml_only,0,,,,,,,,1,identity_onboarding_fraud,mule_account_creation,IP velocity raises risk;session velocity raises risk;high generated risk score lowers risk
txn_bb158f163502,0.9361334459248268,1,0.936133,1,ml_only,0,,,,,,,,1,identity_onboarding_fraud,mule_account_creation,IP velocity raises risk;high generated risk score raises risk;session velocity lowers risk
txn_ce1df055a37a,0.8517663805989961,1,0.851766,1,ml_only,0,,,,,,,,1,identity_onboarding_fraud,mule_account_creation,IP velocity raises risk;merchant chargeback behavior lowers risk;amount deviation from customer history lowers risk
txn_01891731ac49,0.9863631519314581,1,0.986363,1,ml_only,0,,,,,,,,1,identity_onboarding_fraud,mule_account_creation,IP velocity raises risk;high generated risk score raises risk;session velocity raises risk
txn_26d8d3ee0fbc,0.9308983276232591,1,0.930898,1,ml_only,0,,,,,,,,1,identity_onboarding_fraud,mule_account_creation,IP velocity raises risk;session velocity lowers risk;merchant chargeback behavior lowers risk
txn_e2fc4ccdaddc,0.9484631919806865,1,0.948463,1,ml_only,0,,,,,,,,1,identity_onboarding_fraud,mule_account_creation,IP velocity raises risk;high generated risk score lowers risk;merchant chargeback behavior lowers risk
txn_8fcaa19fcac4,0.974689244469717,1,0.974689,1,ml_only,0,,,,,,,,1,identity_onboarding_fraud,mule_account_creation,IP velocity raises risk;session velocity raises risk;merchant chargeback behavior lowers risk
txn_8b7ad42671c0,0.9582942553527273,1,0.958294,1,ml_only,0,,,,,,,,1,identity_onboarding_fraud,mule_account_creation,IP velocity raises risk;session velocity lowers risk;event_hour raises risk
txn_1ec20b0e6a1a,0.9847414840891205,1,0.984741,1,ml_only,0,,,,,,,,1,identity_onboarding_fraud,mule_account_creation,IP velocity raises risk;event_hour raises risk;merchant chargeback behavior lowers risk
txn_35edfd4c6828,0.9395023881097982,1,0.939502,1,ml_only,0,,,,,,,,1,identity_onboarding_fraud,mule_account_creation,IP velocity raises risk;event_hour lowers risk;session velocity raises risk
txn_ae78b1b2d2fc,0.6775744325364986,1,0.677574,1,ml_only,0,,,,,,,,1,identity_onboarding_fraud,mule_account_creation,IP velocity raises risk;event_hour lowers risk;session velocity lowers risk
txn_5de3c4cd0fc4,0.6349018720960337,1,0.634902,1,ml_only,0,,,,,,,,1,identity_onboarding_fraud,mule_account_creation,IP velocity raises risk;high generated risk score lowers risk;merchant chargeback behavior lowers risk
txn_cf1155217484,0.8272549292426272,1,0.827255,1,ml_only,0,,,,,,,,1,identity_onboarding_fraud,mule_account_creation,IP velocity raises risk;session velocity raises risk;merchant chargeback behavior lowers risk
txn_4c3b5bb66081,0.47463744862612983,1,0.474637,1,ml_only,0,,,,,,,,1,identity_onboarding_fraud,mule_account_creation,IP velocity raises risk;high generated risk score lowers risk;session velocity lowers risk
txn_1bb9852c3e60,0.7334512258746111,1,0.733451,1,ml_only,0,,,,,,,,1,identity_onboarding_fraud,mule_account_creation,IP velocity raises risk;merchant chargeback behavior lowers risk;merchant age raises risk
txn_dc1a7dbe24f6,0.9066452659410149,1,0.906645,1,ml_only,0,,,,,,,,1,identity_onboarding_fraud,mule_account_creation,IP velocity raises risk;session velocity raises risk;merchant chargeback behavior lowers risk
txn_05f90a0c66af,0.38004229068965417,1,0.380042,1,ml_only,0,,,,,,,,1,identity_onboarding_fraud,mule_account_creation,IP velocity raises risk;high generated risk score lowers risk;session velocity lowers risk
txn_e4f2746fcd03,0.8804784437683639,1,0.880478,1,ml_only,0,,,,,,,,1,identity_onboarding_fraud,mule_account_creation,IP velocity raises risk;merchant chargeback behavior lowers risk;merchant age raises risk
txn_77ca2f2c7a50,0.834454189612564,1,0.834454,1,ml_only,0,,,,,,,,1,identity_onboarding_fraud,mule_account_creation,IP velocity raises risk;session velocity raises risk;merchant chargeback behavior lowers risk
txn_f1f7d042e3fc,0.7995260388518699,1,0.799526,1,ml_only,0,,,,,,,,1,identity_onboarding_fraud,mule_account_creation,IP velocity raises risk;session velocity lowers risk;merchant chargeback behavior lowers risk
txn_d5b11eabb421,0.4626390091266252,1,0.462639,1,ml_only,0,,,,,,,,1,identity_onboarding_fraud,mule_account_creation,high generated risk score lowers risk;IP velocity raises risk;merchant chargeback behavior lowers risk
txn_c8fc90013539,0.7456459059674706,1,0.745646,1,ml_only,0,,,,,,,,1,identity_onboarding_fraud,mule_account_creation,IP velocity raises risk;session velocity raises risk;high generated risk score lowers risk
txn_bf759d14c7ff,0.6553964221367248,1,0.655396,1,ml_only,0,,,,,,,,1,identity_onboarding_fraud,mule_account_creation,IP velocity raises risk;session velocity lowers risk;merchant chargeback behavior lowers risk
txn_1b5f1db65a61,0.6852504015606294,1,0.68525,1,ml_only,0,,,,,,,,1,identity_onboarding_fraud,mule_account_creation,high generated risk score lowers risk;IP velocity raises risk;merchant chargeback behavior lowers risk
txn_e85ac35d63ac,0.906334614561292,1,0.906335,1,ml_only,0,,,,,,,,1,identity_onboarding_fraud,mule_account_creation,IP velocity raises risk;session velocity raises risk;event_hour raises risk
txn_e9508e2ecf9b,0.7738416969353316,1,0.773842,1,ml_only,0,,,,,,,,1,identity_onboarding_fraud,mule_account_creation,IP velocity raises risk;event_hour raises risk;session velocity lowers risk
txn_a415f9a806ff,0.6744151590432741,1,0.674415,1,ml_only,0,,,,,,,,1,identity_onboarding_fraud,mule_account_creation,IP velocity raises risk;event_hour lowers risk;merchant chargeback behavior lowers risk
txn_19789bc8074b,0.7928501133936126,1,0.79285,1,ml_only,0,,,,,,,,1,identity_onboarding_fraud,mule_account_creation,IP velocity raises risk;session velocity raises risk;event_hour lowers risk
txn_0ffe749c7bd2,0.5237145474753407,1,0.523715,1,ml_only,0,,,,,,,,1,identity_onboarding_fraud,mule_account_creation,IP velocity raises risk;session velocity lowers risk;event_hour lowers risk
txn_81f14fef68c9,0.5533483841669479,1,0.553348,1,ml_only,0,,,,,,,,1,identity_onboarding_fraud,mule_account_creation,IP velocity raises risk;high generated risk score lowers risk;merchant chargeback behavior lowers risk
txn_c44a8fa07b91,0.8177699762665589,1,0.81777,1,ml_only,0,,,,,,,,1,identity_onboarding_fraud,mule_account_creation,IP velocity raises risk;session velocity raises risk;high generated risk score raises risk
txn_098613ffd841,0.5109655361807409,1,0.510966,1,ml_only,0,,,,,,,,1,identity_onboarding_fraud,mule_account_creation,IP velocity raises risk;session velocity lowers risk;merchant chargeback behavior lowers risk
txn_7fc18dd10b27,0.5830879180599345,1,0.583088,1,ml_only,0,,,,,,,,1,identity_onboarding_fraud,mule_account_creation,IP velocity raises risk;merchant chargeback behavior lowers risk;merchant age raises risk
txn_268abb9fd297,0.8227647320050715,1,0.822765,1,ml_only,0,,,,,,,,1,identity_onboarding_fraud,mule_account_creation,session velocity raises risk;IP velocity raises risk;merchant chargeback behavior lowers risk
txn_efb5b4f34be6,0.6801283028360131,1,0.680128,1,ml_only,0,,,,,,,,1,identity_onboarding_fraud,mule_account_creation,IP velocity raises risk;session velocity lowers risk;merchant chargeback behavior lowers risk
txn_bab5d23811b9,0.45163486672902403,1,0.451635,1,ml_only,0,,,,,,,,1,identity_onboarding_fraud,mule_account_creation,high generated risk score lowers risk;merchant chargeback behavior lowers risk;merchant age raises risk
txn_d89743e3c267,0.7181273521155418,1,0.718127,1,ml_only,0,,,,,,,,1,identity_onboarding_fraud,mule_account_creation,session velocity raises risk;merchant chargeback behavior lowers risk;merchant age raises risk
txn_83d6e0bbf55a,0.45238760849326726,1,0.452388,1,ml_only,0,,,,,,,,1,identity_onboarding_fraud,mule_account_creation,session velocity lowers risk;merchant chargeback behavior lowers risk;merchant age raises risk
txn_ce62ea9cd2a8,0.7281047573082197,1,0.728105,1,ml_only,0,,,,,,,,1,identity_onboarding_fraud,mule_account_creation,amount deviation from customer history lowers risk;high generated risk score raises risk;merchant chargeback behavior lowers risk
txn_9ebd263a5078,0.7259552018563568,1,0.725955,1,ml_only,0,,,,,,,,1,identity_onboarding_fraud,mule_account_creation,session velocity raises risk;high generated risk score lowers risk;event_hour raises risk
txn_4f17b94f9c9b,0.5768614549762281,1,0.576861,1,ml_only,0,,,,,,,,1,identity_onboarding_fraud,mule_account_creation,session velocity lowers risk;high generated risk score lowers risk;event_hour raises risk
txn_5c0e9faecbd4,0.6343813373309488,1,0.634381,1,ml_only,0,,,,,,,,1,identity_onboarding_fraud,mule_account_creation,high generated risk score lowers risk;event_hour raises risk;merchant chargeback behavior lowers risk
txn_9ace1fc93809,0.9074393573261932,1,0.907439,1,ml_only,0,,,,,,,,1,identity_onboarding_fraud,mule_account_creation,session velocity raises risk;event_hour raises risk;merchant chargeback behavior lowers risk
txn_1c9671326a08,0.1956787979630709,1,0.195679,1,ml_only,0,,,,,,,,1,identity_onboarding_fraud,stolen_identity_signup,customer payment cadence lowers risk;session velocity lowers risk;merchant chargeback behavior lowers risk
txn_b0efecf1bf5b,0.4335209427235327,1,0.433521,1,ml_only,0,,,,,,,,1,identity_onboarding_fraud,stolen_identity_signup,merchant chargeback behavior lowers risk;event_hour raises risk;high generated risk score lowers risk
txn_db081086dc24,0.7459786915794835,1,0.745979,1,ml_only,0,,,,,,,,1,identity_onboarding_fraud,stolen_identity_signup,session velocity raises risk;merchant chargeback behavior lowers risk;event_hour raises risk
txn_3ca2d5e3e991,0.6002046728962434,1,0.600205,1,ml_only,0,,,,,,,,1,identity_onboarding_fraud,stolen_identity_signup,event_hour raises risk;IP velocity raises risk;high generated risk score raises risk
txn_6b716938e308,0.5877393298397864,1,0.587739,1,ml_only,0,,,,,,,,1,identity_onboarding_fraud,stolen_identity_signup,IP velocity raises risk;event_hour raises risk;merchant chargeback behavior lowers risk
txn_59531d43df5f,0.41529836774711193,1,0.415298,1,ml_only,0,,,,,,,,1,identity_onboarding_fraud,stolen_identity_signup,IP velocity raises risk;high generated risk score lowers risk;event_hour lowers risk
txn_dc357b2839d6,0.43516752503913847,1,0.435168,1,ml_only,0,,,,,,,,1,identity_onboarding_fraud,stolen_identity_signup,IP velocity raises risk;event_hour lowers risk;session velocity lowers risk
txn_e87c8d6b02ee,0.8133068869256038,1,0.813307,1,ml_only,0,,,,,,,,1,identity_onboarding_fraud,stolen_identity_signup,IP velocity raises risk;high generated risk score raises risk;merchant chargeback behavior lowers risk
txn_84955d7af412,0.887173855576854,1,0.887174,1,ml_only,0,,,,,,,,1,identity_onboarding_fraud,stolen_identity_signup,IP velocity raises risk;session velocity raises risk;merchant chargeback behavior lowers risk
txn_c6c4b4700435,0.7357852157229624,1,0.735785,1,ml_only,0,,,,,,,,1,identity_onboarding_fraud,stolen_identity_signup,IP velocity raises risk;high generated risk score raises risk;session velocity lowers risk
txn_ba30cbe08ab9,0.9170992670215506,1,0.917099,1,ml_only,0,,,,,,,,1,identity_onboarding_fraud,stolen_identity_signup,IP velocity raises risk;high generated risk score raises risk;merchant chargeback behavior lowers risk
txn_bb3092b39dce,0.8179846845088022,1,0.817985,1,ml_only,0,,,,,,,,1,identity_onboarding_fraud,stolen_identity_signup,IP velocity raises risk;session velocity raises risk;merchant chargeback behavior lowers risk
txn_3c20621db8d5,0.8444971365384867,1,0.844497,1,ml_only,0,,,,,,,,1,identity_onboarding_fraud,stolen_identity_signup,IP velocity raises risk;session velocity lowers risk;merchant chargeback behavior lowers risk
txn_b7d2f8c60c29,0.7750287536547504,1,0.775029,1,ml_only,0,,,,,,,,1,identity_onboarding_fraud,stolen_identity_signup,IP velocity raises risk;high generated risk score lowers risk;merchant chargeback behavior lowers risk
txn_fe17e496aaeb,0.9690174176957472,1,0.969017,1,ml_only,0,,,,,,,,1,identity_onboarding_fraud,stolen_identity_signup,IP velocity raises risk;session velocity raises risk;merchant chargeback behavior lowers risk
txn_7d8f0298377b,0.9496363200748271,1,0.949636,1,ml_only,0,,,,,,,,1,identity_onboarding_fraud,stolen_identity_signup,IP velocity raises risk;session velocity lowers risk;merchant chargeback behavior lowers risk
txn_57f10685c990,0.9825921543429391,1,0.982592,1,ml_only,0,,,,,,,,1,identity_onboarding_fraud,stolen_identity_signup,IP velocity raises risk;high generated risk score raises risk;merchant chargeback behavior lowers risk
txn_e2e1486d17ea,0.929581764156549,1,0.929582,1,ml_only,0,,,,,,,,1,identity_onboarding_fraud,stolen_identity_signup,IP velocity raises risk;amount deviation from customer history lowers risk;session velocity raises risk
txn_aadc58b29590,0.9334282795172224,1,0.933428,1,ml_only,0,,,,,,,,1,identity_onboarding_fraud,stolen_identity_signup,IP velocity raises risk;session velocity lowers risk;merchant chargeback behavior lowers risk
txn_69e7af3aace1,0.9690556520583661,1,0.969056,1,ml_only,0,,,,,,,,1,identity_onboarding_fraud,stolen_identity_signup,IP velocity raises risk;merchant chargeback behavior lowers risk;event_hour raises risk
txn_c87a4e6636c6,0.995194962955928,1,0.995195,1,ml_only,0,,,,,,,,1,identity_onboarding_fraud,stolen_identity_signup,IP velocity raises risk;high generated risk score raises risk;session velocity raises risk
txn_642198fba7a9,0.917423476216751,1,0.917423,1,ml_only,0,,,,,,,,1,identity_onboarding_fraud,stolen_identity_signup,IP velocity raises risk;session velocity lowers risk;merchant chargeback behavior lowers risk
txn_603480c5fbb5,0.5782995230477089,1,0.5783,1,ml_only,0,,,,,,,,1,identity_onboarding_fraud,synthetic_identity,customer payment cadence lowers risk;session velocity lowers risk;device activity cadence raises risk
txn_09bfe7d321f5,0.8078604831998123,1,0.80786,1,ml_only,0,,,,,,,,1,identity_onboarding_fraud,synthetic_identity,event_hour raises risk;high generated risk score lowers risk;channel_code lowers risk
txn_847911ac410f,0.9201485678293779,1,0.920149,1,ml_only,0,,,,,,,,1,identity_onboarding_fraud,synthetic_identity,session velocity raises risk;event_hour raises risk;channel_code lowers risk
txn_087d81a0b5d1,0.8006937415669548,1,0.800694,1,ml_only,0,,,,,,,,1,identity_onboarding_fraud,synthetic_identity,amount deviation from customer history lowers risk;session velocity lowers risk;event_hour raises risk
txn_18f2b0fc6908,0.9697538193096398,1,0.969754,1,ml_only,0,,,,,,,,1,identity_onboarding_fraud,synthetic_identity,high generated risk score raises risk;IP velocity raises risk;event_hour raises risk
txn_5e8bfedca7a0,0.9536537023108592,1,0.953654,1,ml_only,0,,,,,,,,1,identity_onboarding_fraud,synthetic_identity,session velocity raises risk;event_hour raises risk;IP velocity raises risk
txn_7ec4976a5ccc,0.6372237251178675,1,0.637224,1,ml_only,0,,,,,,,,1,identity_onboarding_fraud,synthetic_identity,IP velocity raises risk;event_hour lowers risk;session velocity lowers risk
txn_3ac585f63615,0.882949271991662,1,0.882949,1,ml_only,0,,,,,,,,1,identity_onboarding_fraud,synthetic_identity,IP velocity raises risk;event_hour lowers risk;channel_code lowers risk
txn_e4b603ef42a8,0.9455866055395428,1,0.945587,1,ml_only,0,,,,,,,,1,identity_onboarding_fraud,synthetic_identity,IP velocity raises risk;session velocity raises risk;high generated risk score lowers risk
txn_b6aa58e4b569,0.9362272247187597,1,0.936227,1,ml_only,0,,,,,,,,1,identity_onboarding_fraud,synthetic_identity,IP velocity raises risk;high generated risk score raises risk;session velocity lowers risk
txn_7f6085401abc,0.9486830137025223,1,0.948683,1,ml_only,0,,,,,,,,1,identity_onboarding_fraud,synthetic_identity,IP velocity raises risk;event_hour lowers risk;channel_code lowers risk
txn_37ff53b463d0,0.9843721010550661,1,0.984372,1,ml_only,0,,,,,,,,1,identity_onboarding_fraud,synthetic_identity,IP velocity raises risk;session velocity raises risk;channel_code lowers risk
txn_bad287492bcd,0.154522,1,0.13666,1,hybrid_ml_llm,1,local_rules,0.1962,0.3567,allow,Deterministic defensive review based on the primary model score and supplied behavioral signals.,customer payment cadence lowers risk;high generated risk score lowers risk;session velocity lowers risk,,1,identity_onboarding_fraud,synthetic_business,customer payment cadence lowers risk;high generated risk score lowers risk;session velocity lowers risk
txn_7e716871e408,0.3899730696834117,1,0.389973,1,ml_only,0,,,,,,,,1,identity_onboarding_fraud,synthetic_business,high generated risk score lowers risk;merchant chargeback behavior lowers risk;event_hour raises risk
txn_28245c1026d5,0.6303864016040498,1,0.630386,1,ml_only,0,,,,,,,,1,identity_onboarding_fraud,synthetic_business,session velocity raises risk;event_hour raises risk;merchant chargeback behavior lowers risk
txn_d8e3f4988aef,0.48662028662312623,1,0.48662,1,ml_only,0,,,,,,,,1,identity_onboarding_fraud,synthetic_business,session velocity lowers risk;event_hour raises risk;merchant chargeback behavior lowers risk
txn_4800fd6595f6,0.639895882869336,1,0.639896,1,ml_only,0,,,,,,,,1,identity_onboarding_fraud,synthetic_business,event_hour raises risk;IP velocity raises risk;high generated risk score lowers risk
txn_447c5954e51c,0.5922858870667514,1,0.592286,1,ml_only,0,,,,,,,,1,identity_onboarding_fraud,synthetic_business,event_hour lowers risk;session velocity raises risk;IP velocity raises risk
txn_d8fd811ffe0a,0.3587982694930356,1,0.358798,1,ml_only,0,,,,,,,,1,identity_onboarding_fraud,synthetic_business,IP velocity raises risk;event_hour lowers risk;session velocity lowers risk
txn_84eb7bc77799,0.7776777782066201,1,0.777678,1,ml_only,0,,,,,,,,1,identity_onboarding_fraud,synthetic_business,high generated risk score raises risk;IP velocity raises risk;event_hour lowers risk
txn_7e737fabf8f4,0.5134346302460464,1,0.513435,1,ml_only,0,,,,,,,,1,identity_onboarding_fraud,synthetic_business,IP velocity raises risk;amount deviation from customer history lowers risk;session velocity raises risk
txn_e4f2630da487,0.6654492722668428,1,0.665449,1,ml_only,0,,,,,,,,1,identity_onboarding_fraud,synthetic_business,IP velocity raises risk;session velocity lowers risk;event_hour lowers risk
txn_46ecec19ac0d,0.6858914636062823,1,0.685891,1,ml_only,0,,,,,,,,1,identity_onboarding_fraud,synthetic_business,IP velocity raises risk;high generated risk score lowers risk;merchant chargeback behavior lowers risk
txn_2b47ec42df8c,0.8954332448811315,1,0.895433,1,ml_only,0,,,,,,,,1,identity_onboarding_fraud,synthetic_business,IP velocity raises risk;session velocity raises risk;high generated risk score lowers risk
txn_89e22d5eef20,0.8807586673615858,1,0.880759,1,ml_only,0,,,,,,,,1,identity_onboarding_fraud,synthetic_business,IP velocity raises risk;session velocity lowers risk;merchant chargeback behavior lowers risk
txn_f4cdae50c8f8,0.9227599926769735,1,0.92276,1,ml_only,0,,,,,,,,1,identity_onboarding_fraud,synthetic_business,IP velocity raises risk;high generated risk score lowers risk;merchant chargeback behavior lowers risk
txn_93d3b1d40241,0.9828253519706984,1,0.982825,1,ml_only,0,,,,,,,,1,identity_onboarding_fraud,synthetic_business,IP velocity raises risk;session velocity raises risk;merchant chargeback behavior lowers risk
txn_0af93f2eab55,0.22746170767071927,1,0.227462,1,ml_only,0,,,,,,,,1,merchant_ecosystem_abuse,bust_out_merchant,customer payment cadence lowers risk;IP velocity lowers risk;session velocity lowers risk
txn_c43965f1f94e,0.7303048499282092,1,0.730305,1,ml_only,0,,,,,,,,1,merchant_ecosystem_abuse,bust_out_merchant,merchant chargeback behavior lowers risk;merchant age raises risk;event_hour raises risk
txn_5e63af85752e,0.8153866102891956,1,0.815387,1,ml_only,0,,,,,,,,1,merchant_ecosystem_abuse,bust_out_merchant,high generated risk score lowers risk;session velocity raises risk;event_hour raises risk
txn_e43502c0dfae,0.3080201064245012,1,0.30802,1,ml_only,0,,,,,,,,1,merchant_ecosystem_abuse,bust_out_merchant,event_hour lowers risk;IP velocity raises risk;high generated risk score lowers risk
txn_46feeff7611a,0.5415576627808253,1,0.541558,1,ml_only,0,,,,,,,,1,merchant_ecosystem_abuse,bust_out_merchant,IP velocity raises risk;high generated risk score lowers risk;event_hour lowers risk
txn_da2adf471242,0.755950879371776,1,0.755951,1,ml_only,0,,,,,,,,1,merchant_ecosystem_abuse,bust_out_merchant,IP velocity raises risk;high generated risk score lowers risk;session velocity raises risk
txn_793dbe33b99d,0.42018858317562957,1,0.420189,1,ml_only,0,,,,,,,,1,merchant_ecosystem_abuse,bust_out_merchant,IP velocity raises risk;high generated risk score lowers risk;event_hour lowers risk
txn_f30183751c23,0.739835257332933,1,0.739835,1,ml_only,0,,,,,,,,1,merchant_ecosystem_abuse,bust_out_merchant,IP velocity raises risk;high generated risk score lowers risk;merchant chargeback behavior lowers risk
txn_e0dc944bb095,0.8834887736977975,1,0.883489,1,ml_only,0,,,,,,,,1,merchant_ecosystem_abuse,bust_out_merchant,IP velocity raises risk;session velocity raises risk;merchant chargeback behavior lowers risk
txn_bdb164a2229c,0.6111799954702856,1,0.61118,1,ml_only,0,,,,,,,,1,merchant_ecosystem_abuse,bust_out_merchant,IP velocity raises risk;high generated risk score lowers risk;session velocity lowers risk
txn_1b69d1c2dc12,0.8387082765293539,1,0.838708,1,ml_only,0,,,,,,,,1,merchant_ecosystem_abuse,bust_out_merchant,IP velocity raises risk;high generated risk score lowers risk;merchant chargeback behavior lowers risk
txn_1c21d051b671,0.8979835664976058,1,0.897984,1,ml_only,0,,,,,,,,1,merchant_ecosystem_abuse,bust_out_merchant,IP velocity raises risk;high generated risk score lowers risk;session velocity raises risk
txn_eded6a30b903,0.8011040976728067,1,0.801104,1,ml_only,0,,,,,,,,1,merchant_ecosystem_abuse,bust_out_merchant,IP velocity raises risk;high generated risk score lowers risk;session velocity lowers risk
txn_e0044e76a94d,0.9178713288882534,1,0.917871,1,ml_only,0,,,,,,,,1,merchant_ecosystem_abuse,bust_out_merchant,IP velocity raises risk;high generated risk score lowers risk;merchant chargeback behavior lowers risk
txn_375d9016f771,0.9800535526736609,1,0.980054,1,ml_only,0,,,,,,,,1,merchant_ecosystem_abuse,bust_out_merchant,IP velocity raises risk;session velocity raises risk;merchant chargeback behavior lowers risk
txn_aa4e454f2878,0.970742079392086,1,0.970742,1,ml_only,0,,,,,,,,1,merchant_ecosystem_abuse,bust_out_merchant,IP velocity raises risk;session velocity lowers risk;merchant chargeback behavior lowers risk
txn_216d78f0e945,0.9185972937363068,1,0.918597,1,ml_only,0,,,,,,,,1,merchant_ecosystem_abuse,bust_out_merchant,IP velocity raises risk;high generated risk score lowers risk;merchant chargeback behavior lowers risk
txn_97c6e7575ab2,0.958566175695141,1,0.958566,1,ml_only,0,,,,,,,,1,merchant_ecosystem_abuse,bust_out_merchant,IP velocity raises risk;high generated risk score lowers risk;session velocity raises risk
txn_5be7f483690d,0.9612505201386424,1,0.961251,1,ml_only,0,,,,,,,,1,merchant_ecosystem_abuse,bust_out_merchant,IP velocity raises risk;session velocity lowers risk;merchant chargeback behavior lowers risk
txn_9a5c8ae3b6e7,0.9746367349094661,1,0.974637,1,ml_only,0,,,,,,,,1,merchant_ecosystem_abuse,bust_out_merchant,IP velocity raises risk;merchant chargeback behavior lowers risk;merchant age raises risk
txn_7bfbcf290e48,0.9451010470782218,1,0.945101,1,ml_only,0,,,,,,,,1,merchant_ecosystem_abuse,bust_out_merchant,IP velocity raises risk;session velocity raises risk;merchant chargeback behavior lowers risk
txn_b7ff66090612,0.7462129044370612,1,0.746213,1,ml_only,0,,,,,,,,1,merchant_ecosystem_abuse,bust_out_merchant,IP velocity raises risk;session velocity lowers risk;merchant chargeback behavior lowers risk
txn_119afaa42356,0.7860010300394841,1,0.786001,1,ml_only,0,,,,,,,,1,merchant_ecosystem_abuse,bust_out_merchant,IP velocity raises risk;merchant chargeback behavior lowers risk;merchant age raises risk
txn_271e60847197,0.8009206871781513,1,0.800921,1,ml_only,0,,,,,,,,1,merchant_ecosystem_abuse,bust_out_merchant,high generated risk score lowers risk;IP velocity raises risk;session velocity raises risk
txn_af80feb8d74d,0.7876287028605085,1,0.787629,1,ml_only,0,,,,,,,,1,merchant_ecosystem_abuse,bust_out_merchant,IP velocity raises risk;session velocity lowers risk;merchant chargeback behavior lowers risk
txn_4a6cea2d3706,0.9082214984378371,1,0.908221,1,ml_only,0,,,,,,,,1,merchant_ecosystem_abuse,bust_out_merchant,IP velocity raises risk;event_hour raises risk;merchant chargeback behavior lowers risk
txn_37dc12aaa761,0.9293981066718664,1,0.929398,1,ml_only,0,,,,,,,,1,merchant_ecosystem_abuse,bust_out_merchant,IP velocity raises risk;session velocity raises risk;event_hour raises risk
txn_a5ae16250172,0.665812466434064,1,0.665812,1,ml_only,0,,,,,,,,1,merchant_ecosystem_abuse,bust_out_merchant,event_hour lowers risk;IP velocity raises risk;session velocity lowers risk
txn_59bf87ab54dc,0.5160172565650429,1,0.516017,1,ml_only,0,,,,,,,,1,merchant_ecosystem_abuse,bust_out_merchant,IP velocity raises risk;high generated risk score lowers risk;event_hour lowers risk
txn_e0350e08b12f,0.8006606062172938,1,0.800661,1,ml_only,0,,,,,,,,1,merchant_ecosystem_abuse,bust_out_merchant,session velocity raises risk;merchant chargeback behavior lowers risk;event_hour lowers risk
txn_649e8aa31bf7,0.4025277602145761,1,0.402528,1,ml_only,0,,,,,,,,1,merchant_ecosystem_abuse,bust_out_merchant,high generated risk score lowers risk;session velocity lowers risk;merchant chargeback behavior lowers risk
txn_c616b2976d7a,0.6348572319469311,1,0.634857,1,ml_only,0,,,,,,,,1,merchant_ecosystem_abuse,bust_out_merchant,merchant chargeback behavior lowers risk;merchant age raises risk;event_hour lowers risk
txn_1c893e8c1958,0.557675829972849,1,0.557676,1,ml_only,0,,,,,,,,1,merchant_ecosystem_abuse,bust_out_merchant,high generated risk score lowers risk;session velocity raises risk;merchant chargeback behavior lowers risk
txn_31f062326c06,0.4942513584950193,1,0.494251,1,ml_only,0,,,,,,,,1,merchant_ecosystem_abuse,bust_out_merchant,IP velocity raises risk;session velocity lowers risk;merchant chargeback behavior lowers risk
txn_9623ede3fe3a,0.7843412307607386,1,0.784341,1,ml_only,0,,,,,,,,1,merchant_ecosystem_abuse,bust_out_merchant,IP velocity raises risk;merchant chargeback behavior lowers risk;merchant age raises risk
txn_37a5c2543e6f,0.9337796724439607,1,0.93378,1,ml_only,0,,,,,,,,1,merchant_ecosystem_abuse,bust_out_merchant,high generated risk score raises risk;session velocity raises risk;IP velocity raises risk
txn_67c8e7e53c93,0.507187747999311,1,0.507188,1,ml_only,0,,,,,,,,1,merchant_ecosystem_abuse,bust_out_merchant,high generated risk score lowers risk;IP velocity raises risk;session velocity lowers risk
txn_c27bd4c25f66,0.9250288620393875,1,0.925029,1,ml_only,0,,,,,,,,1,merchant_ecosystem_abuse,bust_out_merchant,high generated risk score raises risk;IP velocity raises risk;merchant chargeback behavior lowers risk
txn_28499cc8173f,0.6861045247360703,1,0.686105,1,ml_only,0,,,,,,,,1,merchant_ecosystem_abuse,bust_out_merchant,high generated risk score lowers risk;session velocity raises risk;merchant chargeback behavior lowers risk
txn_a4ece173ab05,0.6563358403190486,1,0.656336,1,ml_only,0,,,,,,,,1,merchant_ecosystem_abuse,bust_out_merchant,session velocity lowers risk;merchant chargeback behavior lowers risk;merchant age raises risk
txn_613e2767d74a,0.8268013734589564,1,0.826801,1,ml_only,0,,,,,,,,1,merchant_ecosystem_abuse,bust_out_merchant,merchant chargeback behavior lowers risk;merchant age raises risk;high generated risk score raises risk
txn_98a5275ab508,0.817848841487079,1,0.817849,1,ml_only,0,,,,,,,,1,merchant_ecosystem_abuse,bust_out_merchant,session velocity raises risk;high generated risk score lowers risk;merchant chargeback behavior lowers risk
txn_cedcaca94957,0.5363071725529033,1,0.536307,1,ml_only,0,,,,,,,,1,merchant_ecosystem_abuse,bust_out_merchant,high generated risk score lowers risk;session velocity lowers risk;event_hour raises risk
txn_64453909c475,0.7599143569620822,1,0.759914,1,ml_only,0,,,,,,,,1,merchant_ecosystem_abuse,bust_out_merchant,high generated risk score lowers risk;event_hour raises risk;merchant chargeback behavior lowers risk
txn_f0b5646140e0,0.5178048327228905,1,0.517805,1,ml_only,0,,,,,,,,1,merchant_ecosystem_abuse,bust_out_merchant,high generated risk score lowers risk;event_hour lowers risk;session velocity raises risk
txn_da8587333ccb,0.21152346425936494,1,0.211523,1,ml_only,0,,,,,,,,1,merchant_ecosystem_abuse,bust_out_merchant,event_hour lowers risk;session velocity lowers risk;merchant chargeback behavior lowers risk
txn_e1677b51020d,0.48693903748207984,1,0.486939,1,ml_only,0,,,,,,,,1,merchant_ecosystem_abuse,bust_out_merchant,event_hour lowers risk;merchant chargeback behavior lowers risk;merchant age raises risk
txn_86daaca583ed,0.7286333066475619,1,0.728633,1,ml_only,0,,,,,,,,1,merchant_ecosystem_abuse,bust_out_merchant,session velocity raises risk;event_hour lowers risk;merchant chargeback behavior lowers risk
txn_bf6744e0fb8f,0.28028608524736404,1,0.280286,1,ml_only,0,,,,,,,,1,merchant_ecosystem_abuse,bust_out_merchant,high generated risk score lowers risk;event_hour lowers risk;session velocity lowers risk
txn_08dc9fec4329,0.5359373016698289,1,0.535937,1,ml_only,0,,,,,,,,1,merchant_ecosystem_abuse,bust_out_merchant,merchant chargeback behavior lowers risk;event_hour lowers risk;high generated risk score lowers risk
txn_9ff37ee9b41d,0.49566859801751845,1,0.495669,1,ml_only,0,,,,,,,,1,merchant_ecosystem_abuse,bust_out_merchant,high generated risk score lowers risk;session velocity raises risk;merchant chargeback behavior lowers risk
txn_30f363ad9792,0.48314666057965006,1,0.483147,1,ml_only,0,,,,,,,,1,merchant_ecosystem_abuse,bust_out_merchant,session velocity lowers risk;merchant chargeback behavior lowers risk;merchant age raises risk
txn_250db1300bf1,0.41046738473362726,1,0.410467,1,ml_only,0,,,,,,,,1,merchant_ecosystem_abuse,bust_out_merchant,high generated risk score lowers risk;merchant chargeback behavior lowers risk;merchant age raises risk
txn_6c7ea476d997,0.739302283931478,1,0.739302,1,ml_only,0,,,,,,,,1,merchant_ecosystem_abuse,bust_out_merchant,high generated risk score lowers risk;session velocity raises risk;merchant chargeback behavior lowers risk
txn_f28048d7db25,0.7706506505657269,1,0.770651,1,ml_only,0,,,,,,,,1,merchant_ecosystem_abuse,bust_out_merchant,high generated risk score raises risk;session velocity lowers risk;merchant chargeback behavior lowers risk
txn_686b22763f24,0.7089270357415302,1,0.708927,1,ml_only,0,,,,,,,,1,merchant_ecosystem_abuse,gift_card_abuse,customer payment cadence lowers risk;merchant chargeback behavior raises risk;session velocity lowers risk
txn_98a9cbf03957,0.9655684877353442,1,0.965568,1,ml_only,0,,,,,,,,1,merchant_ecosystem_abuse,gift_card_abuse,merchant chargeback behavior raises risk;high generated risk score raises risk;event_hour raises risk
txn_d647b742e571,0.9815889330759205,1,0.981589,1,ml_only,0,,,,,,,,1,merchant_ecosystem_abuse,gift_card_abuse,merchant chargeback behavior raises risk;session velocity raises risk;event_hour raises risk
txn_412918c3535c,0.9304757849352723,1,0.930476,1,ml_only,0,,,,,,,,1,merchant_ecosystem_abuse,gift_card_abuse,merchant chargeback behavior raises risk;event_hour raises risk;session velocity lowers risk
txn_fc4f29cb96d4,0.8965069265490464,1,0.896507,1,ml_only,0,,,,,,,,1,merchant_ecosystem_abuse,gift_card_abuse,event_hour lowers risk;merchant chargeback behavior raises risk;IP velocity raises risk
txn_fa8f727f4d0c,0.9086360560028879,1,0.908636,1,ml_only,0,,,,,,,,1,merchant_ecosystem_abuse,gift_card_abuse,event_hour lowers risk;IP velocity raises risk;merchant chargeback behavior raises risk
txn_8246ceaa8337,0.8156774637686259,1,0.815677,1,ml_only,0,,,,,,,,1,merchant_ecosystem_abuse,gift_card_abuse,IP velocity raises risk;merchant chargeback behavior raises risk;event_hour lowers risk
txn_626130810eef,0.8932429176785253,1,0.893243,1,ml_only,0,,,,,,,,1,merchant_ecosystem_abuse,gift_card_abuse,IP velocity raises risk;merchant chargeback behavior raises risk;event_hour lowers risk
txn_950803abc149,0.9510732509614496,1,0.951073,1,ml_only,0,,,,,,,,1,merchant_ecosystem_abuse,gift_card_abuse,IP velocity raises risk;merchant chargeback behavior raises risk;event_hour lowers risk
txn_39b67e13fb08,0.9392262048224386,1,0.939226,1,ml_only,0,,,,,,,,1,merchant_ecosystem_abuse,gift_card_abuse,IP velocity raises risk;merchant chargeback behavior raises risk;high generated risk score raises risk
txn_45ef6aaf374e,0.9662272226198083,1,0.966227,1,ml_only,0,,,,,,,,1,merchant_ecosystem_abuse,gift_card_abuse,IP velocity raises risk;merchant chargeback behavior raises risk;event_hour lowers risk
txn_f7a841a13d63,0.9712471891771047,1,0.971247,1,ml_only,0,,,,,,,,1,merchant_ecosystem_abuse,gift_card_abuse,IP velocity raises risk;merchant chargeback behavior raises risk;session velocity raises risk
txn_c91077c52e86,0.9639259362818938,1,0.963926,1,ml_only,0,,,,,,,,1,merchant_ecosystem_abuse,gift_card_abuse,IP velocity raises risk;merchant chargeback behavior raises risk;session velocity lowers risk
txn_f846f36d990a,0.9794233926737734,1,0.979423,1,ml_only,0,,,,,,,,1,merchant_ecosystem_abuse,gift_card_abuse,IP velocity raises risk;merchant chargeback behavior raises risk;event_hour lowers risk
txn_fa45a1ce8ba8,0.9901491550462568,1,0.990149,1,ml_only,0,,,,,,,,1,merchant_ecosystem_abuse,gift_card_abuse,IP velocity raises risk;merchant chargeback behavior raises risk;session velocity raises risk
txn_875e13bd9559,0.9772800789760608,1,0.97728,1,ml_only,0,,,,,,,,1,merchant_ecosystem_abuse,gift_card_abuse,IP velocity raises risk;merchant chargeback behavior raises risk;session velocity lowers risk
txn_1443dec89957,0.9810533492100216,1,0.981053,1,ml_only,0,,,,,,,,1,merchant_ecosystem_abuse,gift_card_abuse,IP velocity raises risk;merchant chargeback behavior raises risk;customer_historical_spend_mean lowers risk
txn_cfd7332e1675,0.9912071680384443,1,0.991207,1,ml_only,0,,,,,,,,1,merchant_ecosystem_abuse,gift_card_abuse,IP velocity raises risk;merchant chargeback behavior raises risk;session velocity raises risk
txn_81e6da034b27,0.9820301494306476,1,0.98203,1,ml_only,0,,,,,,,,1,merchant_ecosystem_abuse,gift_card_abuse,IP velocity raises risk;merchant chargeback behavior raises risk;session velocity lowers risk
txn_11e9cbbf7987,0.9582384764592514,1,0.958238,1,ml_only,0,,,,,,,,1,merchant_ecosystem_abuse,gift_card_abuse,IP velocity raises risk;high generated risk score lowers risk;merchant chargeback behavior raises risk
txn_847a50a7adb1,0.9816533936358671,1,0.981653,1,ml_only,0,,,,,,,,1,merchant_ecosystem_abuse,gift_card_abuse,IP velocity raises risk;merchant chargeback behavior raises risk;session velocity raises risk
txn_99b7449172f2,0.956576125669394,1,0.956576,1,ml_only,0,,,,,,,,1,merchant_ecosystem_abuse,gift_card_abuse,IP velocity raises risk;merchant chargeback behavior raises risk;session velocity lowers risk
txn_913c4876e266,0.937995677266143,1,0.937996,1,ml_only,0,,,,,,,,1,merchant_ecosystem_abuse,gift_card_abuse,merchant chargeback behavior raises risk;high generated risk score lowers risk;IP velocity raises risk
txn_fbb31ad9e90e,0.9908067344516611,1,0.990807,1,ml_only,0,,,,,,,,1,merchant_ecosystem_abuse,gift_card_abuse,merchant chargeback behavior raises risk;high generated risk score raises risk;session velocity raises risk
txn_0e4c81036631,0.9192606277577335,1,0.919261,1,ml_only,0,,,,,,,,1,merchant_ecosystem_abuse,gift_card_abuse,merchant chargeback behavior raises risk;high generated risk score lowers risk;IP velocity raises risk
txn_64ed9c136cd9,0.9805258105084722,1,0.980526,1,ml_only,0,,,,,,,,1,merchant_ecosystem_abuse,gift_card_abuse,merchant chargeback behavior raises risk;IP velocity raises risk;event_hour raises risk
txn_8851f72be37a,0.9862019009383438,1,0.986202,1,ml_only,0,,,,,,,,1,merchant_ecosystem_abuse,gift_card_abuse,merchant chargeback behavior raises risk;session velocity raises risk;event_hour raises risk
txn_816d0dd045cf,0.9398707568590976,1,0.939871,1,ml_only,0,,,,,,,,1,merchant_ecosystem_abuse,gift_card_abuse,merchant chargeback behavior raises risk;session velocity lowers risk;event_hour raises risk
txn_7a09aca5505d,0.9608640223306645,1,0.960864,1,ml_only,0,,,,,,,,1,merchant_ecosystem_abuse,gift_card_abuse,merchant chargeback behavior raises risk;event_hour raises risk;customer_historical_spend_mean lowers risk
txn_628a2767b8e5,0.8436438774945317,1,0.843644,1,ml_only,0,,,,,,,,1,merchant_ecosystem_abuse,gift_card_abuse,merchant chargeback behavior raises risk;event_hour lowers risk;high generated risk score lowers risk
txn_ce2d3a6811d2,0.8363796924954935,1,0.83638,1,ml_only,0,,,,,,,,1,merchant_ecosystem_abuse,gift_card_abuse,merchant chargeback behavior raises risk;event_hour lowers risk;session velocity lowers risk
txn_9d7ec5dbf870,0.8851963060590093,1,0.885196,1,ml_only,0,,,,,,,,1,merchant_ecosystem_abuse,gift_card_abuse,merchant chargeback behavior raises risk;event_hour lowers risk;customer_historical_spend_mean lowers risk
txn_a3cc5ad6f178,0.9046707837116628,1,0.904671,1,ml_only,0,,,,,,,,1,merchant_ecosystem_abuse,gift_card_abuse,merchant chargeback behavior raises risk;session velocity raises risk;event_hour lowers risk
txn_e7bb8b875920,0.8440984220839818,1,0.844098,1,ml_only,0,,,,,,,,1,merchant_ecosystem_abuse,gift_card_abuse,merchant chargeback behavior raises risk;session velocity lowers risk;event_hour lowers risk
txn_c41d7fd040f6,0.9145812162355276,1,0.914581,1,ml_only,0,,,,,,,,1,merchant_ecosystem_abuse,gift_card_abuse,merchant chargeback behavior raises risk;event_hour lowers risk;customer_historical_spend_mean lowers risk
txn_a4a84c05eb94,0.9404962523571211,1,0.940496,1,ml_only,0,,,,,,,,1,merchant_ecosystem_abuse,gift_card_abuse,merchant chargeback behavior raises risk;session velocity raises risk;event_hour lowers risk
txn_db12c49e36b1,0.8475168360147816,1,0.847517,1,ml_only,0,,,,,,,,1,merchant_ecosystem_abuse,gift_card_abuse,merchant chargeback behavior raises risk;session velocity lowers risk;event_hour lowers risk
txn_b601ef7e6a64,0.9018308421633852,1,0.901831,1,ml_only,0,,,,,,,,1,merchant_ecosystem_abuse,gift_card_abuse,merchant chargeback behavior raises risk;event_hour lowers risk;customer_historical_spend_mean lowers risk
txn_a858a4b0a318,0.9734733778930633,1,0.973473,1,ml_only,0,,,,,,,,1,merchant_ecosystem_abuse,gift_card_abuse,merchant chargeback behavior raises risk;session velocity raises risk;high generated risk score raises risk
txn_59384e9fd84d,0.8418231061292905,1,0.841823,1,ml_only,0,,,,,,,,1,merchant_ecosystem_abuse,gift_card_abuse,merchant chargeback behavior raises risk;session velocity lowers risk;customer_historical_spend_mean lowers risk
txn_19803135b52d,0.9004011901466034,1,0.900401,1,ml_only,0,,,,,,,,1,merchant_ecosystem_abuse,gift_card_abuse,merchant chargeback behavior raises risk;customer_historical_spend_mean lowers risk;merchant refund behavior raises risk
txn_cea4f26c9411,0.9671970488269418,1,0.967197,1,ml_only,0,,,,,,,,1,merchant_ecosystem_abuse,gift_card_abuse,merchant chargeback behavior raises risk;session velocity raises risk;high generated risk score raises risk
txn_30661d6f5efa,0.8469414908323818,1,0.846941,1,ml_only,0,,,,,,,,1,merchant_ecosystem_abuse,gift_card_abuse,merchant chargeback behavior raises risk;session velocity lowers risk;customer_historical_spend_mean lowers risk
txn_1ae7674c66a3,0.9672392808893504,1,0.967239,1,ml_only,0,,,,,,,,1,merchant_ecosystem_abuse,gift_card_abuse,high generated risk score raises risk;merchant chargeback behavior raises risk;customer_historical_spend_mean lowers risk
txn_9d503a082146,0.9605615227165699,1,0.960562,1,ml_only,0,,,,,,,,1,merchant_ecosystem_abuse,gift_card_abuse,merchant chargeback behavior raises risk;session velocity raises risk;high generated risk score raises risk
txn_57cf26a0b097,0.7864610922278846,1,0.786461,1,ml_only,0,,,,,,,,1,merchant_ecosystem_abuse,gift_card_abuse,merchant chargeback behavior raises risk;session velocity lowers risk;high generated risk score lowers risk
txn_89f9f6d5ead6,0.888102715461015,1,0.888103,1,ml_only,0,,,,,,,,1,merchant_ecosystem_abuse,gift_card_abuse,merchant chargeback behavior raises risk;high generated risk score lowers risk;customer_historical_spend_mean lowers risk
txn_92fa522a66dc,0.9321697947113451,1,0.93217,1,ml_only,0,,,,,,,,1,merchant_ecosystem_abuse,gift_card_abuse,merchant chargeback behavior raises risk;session velocity raises risk;customer_historical_spend_mean lowers risk
txn_925f386b1a7a,0.8717079878245718,1,0.871708,1,ml_only,0,,,,,,,,1,merchant_ecosystem_abuse,gift_card_abuse,merchant chargeback behavior raises risk;session velocity lowers risk;customer_historical_spend_mean lowers risk
txn_19d8bf63a73e,0.9337272792547822,1,0.933727,1,ml_only,0,,,,,,,,1,merchant_ecosystem_abuse,gift_card_abuse,merchant chargeback behavior raises risk;customer_historical_spend_mean lowers risk;merchant refund behavior raises risk
txn_cab2e7a86eda,0.9755611746034107,1,0.975561,1,ml_only,0,,,,,,,,1,merchant_ecosystem_abuse,gift_card_abuse,merchant chargeback behavior raises risk;session velocity raises risk;high generated risk score raises risk
txn_98b4c71cd596,0.811716188416571,1,0.811716,1,ml_only,0,,,,,,,,1,merchant_ecosystem_abuse,gift_card_abuse,merchant chargeback behavior raises risk;session velocity lowers risk;high generated risk score lowers risk
txn_af31da3cdfb0,0.909043130633865,1,0.909043,1,ml_only,0,,,,,,,,1,merchant_ecosystem_abuse,gift_card_abuse,merchant chargeback behavior raises risk;high generated risk score lowers risk;event_hour raises risk
txn_4a5da3b22947,0.9768265497983444,1,0.976827,1,ml_only,0,,,,,,,,1,merchant_ecosystem_abuse,gift_card_abuse,merchant chargeback behavior raises risk;session velocity raises risk;event_hour raises risk
txn_5265032f2e2c,0.935183119801185,1,0.935183,1,ml_only,0,,,,,,,,1,merchant_ecosystem_abuse,gift_card_abuse,merchant chargeback behavior raises risk;session velocity lowers risk;event_hour raises risk
txn_5e153069efd2,0.7597416730594534,1,0.759742,1,ml_only,0,,,,,,,,1,merchant_ecosystem_abuse,gift_card_abuse,event_hour lowers risk;merchant chargeback behavior raises risk;customer_historical_spend_mean lowers risk
txn_46e656074e21,0.868647558576563,1,0.868648,1,ml_only,0,,,,,,,,1,merchant_ecosystem_abuse,gift_card_abuse,merchant chargeback behavior raises risk;event_hour lowers risk;session velocity raises risk
txn_bf09e7077779,0.7602146359694701,1,0.760215,1,ml_only,0,,,,,,,,1,merchant_ecosystem_abuse,gift_card_abuse,merchant chargeback behavior raises risk;event_hour lowers risk;session velocity lowers risk
txn_ad610e1bda81,0.8004165698055785,1,0.800417,1,ml_only,0,,,,,,,,1,merchant_ecosystem_abuse,gift_card_abuse,merchant chargeback behavior raises risk;high generated risk score lowers risk;event_hour lowers risk
txn_cbc505def16b,0.8972733142340719,1,0.897273,1,ml_only,0,,,,,,,,1,merchant_ecosystem_abuse,gift_card_abuse,merchant chargeback behavior raises risk;session velocity raises risk;event_hour lowers risk
txn_80d5f09833cb,0.5708732886739254,1,0.570873,1,ml_only,0,,,,,,,,1,merchant_ecosystem_abuse,gift_card_abuse,high generated risk score lowers risk;merchant chargeback behavior raises risk;session velocity lowers risk
txn_7f136ff6eddf,0.8018955560561086,1,0.801896,1,ml_only,0,,,,,,,,1,merchant_ecosystem_abuse,gift_card_abuse,merchant chargeback behavior raises risk;high generated risk score lowers risk;customer_historical_spend_mean lowers risk
txn_280dfa90570f,0.9264795846613132,1,0.92648,1,ml_only,0,,,,,,,,1,merchant_ecosystem_abuse,gift_card_abuse,merchant chargeback behavior raises risk;session velocity raises risk;high generated risk score lowers risk
txn_05c972953cf3,0.8031405114596394,1,0.803141,1,ml_only,0,,,,,,,,1,merchant_ecosystem_abuse,gift_card_abuse,merchant chargeback behavior raises risk;session velocity lowers risk;customer_historical_spend_mean lowers risk
txn_b328ad1432df,0.9714445703001079,1,0.971445,1,ml_only,0,,,,,,,,1,merchant_ecosystem_abuse,gift_card_abuse,high generated risk score raises risk;merchant chargeback behavior raises risk;customer_historical_spend_mean lowers risk
txn_7043ca862725,0.958045380174547,1,0.958045,1,ml_only,0,,,,,,,,1,merchant_ecosystem_abuse,gift_card_abuse,merchant chargeback behavior raises risk;session velocity raises risk;customer_historical_spend_mean lowers risk
txn_f8d5cee64743,0.8667131928560694,1,0.866713,1,ml_only,0,,,,,,,,1,merchant_ecosystem_abuse,gift_card_abuse,merchant chargeback behavior raises risk;session velocity lowers risk;customer_historical_spend_mean lowers risk
txn_198a6edf8425,0.9451436849486592,1,0.945144,1,ml_only,0,,,,,,,,1,merchant_ecosystem_abuse,gift_card_abuse,merchant chargeback behavior raises risk;high generated risk score raises risk;customer_historical_spend_mean lowers risk
txn_c235e4cbb2ed,0.9637763545100408,1,0.963776,1,ml_only,0,,,,,,,,1,merchant_ecosystem_abuse,gift_card_abuse,merchant chargeback behavior raises risk;session velocity raises risk;customer_historical_spend_mean lowers risk
txn_ca732fc61ef6,0.513919991345284,1,0.51392,1,ml_only,0,,,,,,,,1,merchant_ecosystem_abuse,mule_laundering,customer payment cadence lowers risk;high generated risk score lowers risk;session velocity lowers risk
txn_644f3769b492,0.935091049986077,1,0.935091,1,ml_only,0,,,,,,,,1,merchant_ecosystem_abuse,mule_laundering,event_hour raises risk;transaction_type_code raises risk;channel_code raises risk
txn_786ea0961fe9,0.9874082775576182,1,0.987408,1,ml_only,0,,,,,,,,1,merchant_ecosystem_abuse,mule_laundering,high generated risk score raises risk;session velocity raises risk;event_hour raises risk
txn_c1396b08877c,0.9580905619665012,1,0.958091,1,ml_only,0,,,,,,,,1,merchant_ecosystem_abuse,mule_laundering,high generated risk score raises risk;session velocity lowers risk;event_hour raises risk
txn_abae785b3f2e,0.9597412497198735,1,0.959741,1,ml_only,0,,,,,,,,1,merchant_ecosystem_abuse,mule_laundering,event_hour raises risk;transaction_type_code raises risk;channel_code raises risk
txn_f4fc6d67d6c4,0.9735947893367943,1,0.973595,1,ml_only,0,,,,,,,,1,merchant_ecosystem_abuse,mule_laundering,session velocity raises risk;event_hour raises risk;IP velocity raises risk
txn_221bb1c93e8d,0.9708603390313287,1,0.97086,1,ml_only,0,,,,,,,,1,merchant_ecosystem_abuse,mule_laundering,IP velocity raises risk;session velocity lowers risk;event_hour raises risk
txn_2985d32709a6,0.9706362173569159,1,0.970636,1,ml_only,0,,,,,,,,1,merchant_ecosystem_abuse,mule_laundering,event_hour raises risk;high generated risk score raises risk;transaction_type_code raises risk
txn_f5394962c14e,0.9802425602884964,1,0.980243,1,ml_only,0,,,,,,,,1,merchant_ecosystem_abuse,mule_laundering,IP velocity raises risk;high generated risk score raises risk;event_hour lowers risk
txn_d7a3c13b026f,0.8945288735289632,1,0.894529,1,ml_only,0,,,,,,,,1,merchant_ecosystem_abuse,mule_laundering,IP velocity raises risk;event_hour lowers risk;session velocity lowers risk
txn_c989349b7841,0.9350150396564879,1,0.935015,1,ml_only,0,,,,,,,,1,merchant_ecosystem_abuse,mule_laundering,IP velocity raises risk;event_hour lowers risk;transaction_type_code raises risk
txn_283f05d7c68b,0.9875469887504136,1,0.987547,1,ml_only,0,,,,,,,,1,merchant_ecosystem_abuse,mule_laundering,IP velocity raises risk;session velocity raises risk;high generated risk score raises risk
txn_9b06c3456e8c,0.9418676351437011,1,0.941868,1,ml_only,0,,,,,,,,1,merchant_ecosystem_abuse,mule_laundering,IP velocity raises risk;session velocity lowers risk;event_hour lowers risk
txn_7582c979a2b5,0.9737496769756446,1,0.97375,1,ml_only,0,,,,,,,,1,merchant_ecosystem_abuse,mule_laundering,IP velocity raises risk;event_hour lowers risk;transaction_type_code raises risk
txn_92cc17197e9e,0.9915804505174143,1,0.99158,1,ml_only,0,,,,,,,,1,merchant_ecosystem_abuse,mule_laundering,IP velocity raises risk;high generated risk score raises risk;session velocity raises risk
txn_f15a25f4ad21,0.965831039993131,1,0.965831,1,ml_only,0,,,,,,,,1,merchant_ecosystem_abuse,mule_laundering,IP velocity raises risk;session velocity lowers risk;high generated risk score raises risk
txn_edb7020ff87c,0.9772436597421562,1,0.977244,1,ml_only,0,,,,,,,,1,merchant_ecosystem_abuse,mule_laundering,IP velocity raises risk;transaction_type_code raises risk;channel_code raises risk
txn_8534e6ec25fb,0.9860935440974861,1,0.986094,1,ml_only,0,,,,,,,,1,merchant_ecosystem_abuse,mule_laundering,IP velocity raises risk;session velocity raises risk;transaction_type_code raises risk
txn_c807b1843851,0.9326614867894706,1,0.932661,1,ml_only,0,,,,,,,,1,merchant_ecosystem_abuse,mule_laundering,IP velocity raises risk;session velocity lowers risk;transaction_type_code raises risk
txn_e19d961fa42c,0.9446147762593375,1,0.944615,1,ml_only,0,,,,,,,,1,merchant_ecosystem_abuse,mule_laundering,IP velocity raises risk;transaction_type_code raises risk;channel_code raises risk
txn_01aff79d49cc,0.973264621679472,1,0.973265,1,ml_only,0,,,,,,,,1,merchant_ecosystem_abuse,mule_laundering,session velocity raises risk;IP velocity raises risk;transaction_type_code raises risk
txn_76cdfcd69867,0.8723077980020525,1,0.872308,1,ml_only,0,,,,,,,,1,merchant_ecosystem_abuse,mule_laundering,session velocity lowers risk;transaction_type_code raises risk;channel_code raises risk
txn_fbcda75aa016,0.9278612259521105,1,0.927861,1,ml_only,0,,,,,,,,1,merchant_ecosystem_abuse,mule_laundering,transaction_type_code raises risk;channel_code raises risk;high generated risk score raises risk
txn_78fddef237e3,0.9657441261424932,1,0.965744,1,ml_only,0,,,,,,,,1,merchant_ecosystem_abuse,mule_laundering,session velocity raises risk;transaction_type_code raises risk;channel_code raises risk
txn_032df8a56245,0.8674050627715273,1,0.867405,1,ml_only,0,,,,,,,,1,merchant_ecosystem_abuse,mule_laundering,session velocity lowers risk;high generated risk score lowers risk;transaction_type_code raises risk
txn_ff12a61390d8,0.9694112934634787,1,0.969411,1,ml_only,0,,,,,,,,1,merchant_ecosystem_abuse,mule_laundering,high generated risk score raises risk;event_hour raises risk;transaction_type_code raises risk
txn_33d8c36169d8,0.9787576713293114,1,0.978758,1,ml_only,0,,,,,,,,1,merchant_ecosystem_abuse,mule_laundering,session velocity raises risk;event_hour raises risk;transaction_type_code raises risk
txn_eb1433ec8bf9,0.9299658835437868,1,0.929966,1,ml_only,0,,,,,,,,1,merchant_ecosystem_abuse,mule_laundering,session velocity lowers risk;event_hour raises risk;transaction_type_code raises risk
txn_c060c2b26bde,0.9710475914888105,1,0.971048,1,ml_only,0,,,,,,,,1,merchant_ecosystem_abuse,mule_laundering,high generated risk score raises risk;event_hour raises risk;transaction_type_code raises risk
txn_2d1ecad80287,0.9611932423260228,1,0.961193,1,ml_only,0,,,,,,,,1,merchant_ecosystem_abuse,mule_laundering,session velocity raises risk;high generated risk score lowers risk;event_hour raises risk
txn_9b3297e1d144,0.9195891866733757,1,0.919589,1,ml_only,0,,,,,,,,1,merchant_ecosystem_abuse,mule_laundering,session velocity lowers risk;event_hour raises risk;transaction_type_code raises risk
txn_7bfb738d3bcf,0.9476665285516609,1,0.947667,1,ml_only,0,,,,,,,,1,merchant_ecosystem_abuse,mule_laundering,event_hour raises risk;transaction_type_code raises risk;channel_code raises risk
txn_cf4a7f5a136c,0.9376445924142635,1,0.937645,1,ml_only,0,,,,,,,,1,merchant_ecosystem_abuse,mule_laundering,session velocity raises risk;event_hour raises risk;high generated risk score lowers risk
txn_5b08505797e1,0.9713179980798997,1,0.971318,1,ml_only,0,,,,,,,,1,merchant_ecosystem_abuse,mule_laundering,high generated risk score raises risk;session velocity lowers risk;event_hour raises risk
txn_630e095ad2f1,0.948148450446381,1,0.948148,1,ml_only,0,,,,,,,,1,merchant_ecosystem_abuse,mule_laundering,event_hour raises risk;transaction_type_code raises risk;channel_code raises risk
txn_47807ff6de1d,0.9875976613633887,1,0.987598,1,ml_only,0,,,,,,,,1,merchant_ecosystem_abuse,mule_laundering,high generated risk score raises risk;session velocity raises risk;event_hour raises risk
txn_0f4aafcaa5fd,0.5948017685356567,1,0.594802,1,ml_only,0,,,,,,,,1,merchant_ecosystem_abuse,mule_laundering,event_hour lowers risk;session velocity lowers risk;transaction_type_code raises risk
txn_5855cc56a723,0.8831503293232371,1,0.88315,1,ml_only,0,,,,,,,,1,merchant_ecosystem_abuse,mule_laundering,event_hour lowers risk;high generated risk score raises risk;transaction_type_code raises risk
txn_ccc6da8de07b,0.7752408234106133,1,0.775241,1,ml_only,0,,,,,,,,1,merchant_ecosystem_abuse,mule_laundering,high generated risk score lowers risk;event_hour lowers risk;session velocity raises risk
txn_205762e3168e,0.7346582597334084,1,0.734658,1,ml_only,0,,,,,,,,1,merchant_ecosystem_abuse,mule_laundering,session velocity lowers risk;event_hour lowers risk;IP velocity lowers risk
txn_9bdcbee0d03b,0.7483779601827242,1,0.748378,1,ml_only,0,,,,,,,,1,merchant_ecosystem_abuse,mule_laundering,high generated risk score lowers risk;IP velocity lowers risk;event_hour lowers risk
txn_353146775289,0.943493991061608,1,0.943494,1,ml_only,0,,,,,,,,1,merchant_ecosystem_abuse,mule_laundering,session velocity raises risk;IP velocity lowers risk;event_hour lowers risk
txn_9c84733c5755,0.6704312488678426,1,0.670431,1,ml_only,0,,,,,,,,1,merchant_ecosystem_abuse,mule_laundering,session velocity lowers risk;IP velocity lowers risk;transaction_type_code raises risk
txn_9600b7a210f5,0.8932286390689712,1,0.893229,1,ml_only,0,,,,,,,,1,merchant_ecosystem_abuse,mule_laundering,IP velocity lowers risk;transaction_type_code raises risk;channel_code raises risk
txn_68992e53630c,0.947068902260001,1,0.947069,1,ml_only,0,,,,,,,,1,merchant_ecosystem_abuse,mule_laundering,session velocity raises risk;IP velocity lowers risk;transaction_type_code raises risk
txn_22ccda4cf487,0.8932614019156189,1,0.893261,1,ml_only,0,,,,,,,,1,merchant_ecosystem_abuse,mule_laundering,high generated risk score raises risk;session velocity lowers risk;IP velocity lowers risk
txn_280f0b27226c,0.9036350045504962,1,0.903635,1,ml_only,0,,,,,,,,1,merchant_ecosystem_abuse,mule_laundering,high generated risk score raises risk;IP velocity lowers risk;transaction_type_code raises risk
txn_453546649e31,0.9133214212014655,1,0.913321,1,ml_only,0,,,,,,,,1,merchant_ecosystem_abuse,mule_laundering,session velocity raises risk;high generated risk score lowers risk;IP velocity lowers risk
txn_5d45802aa4d3,0.8681518367783536,1,0.868152,1,ml_only,0,,,,,,,,1,merchant_ecosystem_abuse,mule_laundering,session velocity lowers risk;IP velocity lowers risk;transaction_type_code raises risk
txn_7c0196218d4f,0.9244511205182451,1,0.924451,1,ml_only,0,,,,,,,,1,merchant_ecosystem_abuse,mule_laundering,IP velocity lowers risk;high generated risk score raises risk;transaction_type_code raises risk
txn_439e63fe0d73,0.9162133810444153,1,0.916213,1,ml_only,0,,,,,,,,1,merchant_ecosystem_abuse,mule_laundering,session velocity raises risk;high generated risk score lowers risk;IP velocity lowers risk
txn_2d1c56de0a34,0.8270465285304247,1,0.827047,1,ml_only,0,,,,,,,,1,merchant_ecosystem_abuse,mule_laundering,session velocity lowers risk;IP velocity lowers risk;transaction_type_code raises risk
txn_bf19ba0bc41c,0.9694364436862243,1,0.969436,1,ml_only,0,,,,,,,,1,merchant_ecosystem_abuse,mule_laundering,high generated risk score raises risk;IP velocity lowers risk;transaction_type_code raises risk
txn_4f94cb1b2091,0.9731929115550015,1,0.973193,1,ml_only,0,,,,,,,,1,merchant_ecosystem_abuse,mule_laundering,session velocity raises risk;high generated risk score raises risk;IP velocity lowers risk
txn_2d67775c7c5b,0.79712982444415,1,0.79713,1,ml_only,0,,,,,,,,1,merchant_ecosystem_abuse,mule_laundering,high generated risk score lowers risk;session velocity lowers risk;event_hour raises risk
txn_09af1ef6ef3d,0.9352684090582807,1,0.935268,1,ml_only,0,,,,,,,,1,merchant_ecosystem_abuse,mule_laundering,event_hour raises risk;IP velocity lowers risk;transaction_type_code raises risk
txn_3711d9a3ff75,0.9733220654595235,1,0.973322,1,ml_only,0,,,,,,,,1,merchant_ecosystem_abuse,mule_laundering,session velocity raises risk;event_hour raises risk;IP velocity lowers risk
txn_e59687ec41f8,0.9245973328345946,1,0.924597,1,ml_only,0,,,,,,,,1,merchant_ecosystem_abuse,mule_laundering,event_hour raises risk;session velocity lowers risk;IP velocity lowers risk
txn_43e8e2e93b55,0.8831472692773641,1,0.883147,1,ml_only,0,,,,,,,,1,merchant_ecosystem_abuse,mule_laundering,event_hour lowers risk;high generated risk score raises risk;IP velocity lowers risk
txn_2eaf3503e922,0.783686650146326,1,0.783687,1,ml_only,0,,,,,,,,1,merchant_ecosystem_abuse,mule_laundering,high generated risk score lowers risk;event_hour lowers risk;session velocity raises risk
txn_d419a34f7a3b,0.5354343033338371,1,0.535434,1,ml_only,0,,,,,,,,1,merchant_ecosystem_abuse,mule_laundering,event_hour lowers risk;high generated risk score lowers risk;session velocity lowers risk
txn_acb4b3d6c0d5,0.8682545758567652,1,0.868255,1,ml_only,0,,,,,,,,1,merchant_ecosystem_abuse,mule_laundering,event_hour lowers risk;IP velocity lowers risk;transaction_type_code raises risk
txn_d5ee2e87f1c9,0.9385085705206595,1,0.938509,1,ml_only,0,,,,,,,,1,merchant_ecosystem_abuse,mule_laundering,session velocity raises risk;event_hour lowers risk;IP velocity lowers risk
txn_65f57408a22b,0.7751201802690403,1,0.77512,1,ml_only,0,,,,,,,,1,merchant_ecosystem_abuse,mule_laundering,session velocity lowers risk;event_hour lowers risk;IP velocity lowers risk
txn_8333bce26259,0.872046411707253,1,0.872046,1,ml_only,0,,,,,,,,1,merchant_ecosystem_abuse,mule_laundering,event_hour lowers risk;IP velocity lowers risk;transaction_type_code raises risk
txn_4f1e82358b27,0.9413541878957922,1,0.941354,1,ml_only,0,,,,,,,,1,merchant_ecosystem_abuse,mule_laundering,session velocity raises risk;IP velocity lowers risk;event_hour lowers risk
txn_b599838bd164,0.7807565893863758,1,0.780757,1,ml_only,0,,,,,,,,1,merchant_ecosystem_abuse,mule_laundering,session velocity lowers risk;IP velocity lowers risk;transaction_type_code raises risk
txn_b8f2bf990863,0.9176963374410441,1,0.917696,1,ml_only,0,,,,,,,,1,merchant_ecosystem_abuse,mule_laundering,IP velocity lowers risk;transaction_type_code raises risk;event_hour lowers risk
txn_709df093c4b6,0.9121580295856436,1,0.912158,1,ml_only,0,,,,,,,,1,merchant_ecosystem_abuse,mule_laundering,session velocity raises risk;IP velocity lowers risk;transaction_type_code raises risk
txn_da520e4a51ab,0.6672553229524808,1,0.667255,1,ml_only,0,,,,,,,,1,merchant_ecosystem_abuse,mule_laundering,high generated risk score lowers risk;session velocity lowers risk;IP velocity lowers risk
txn_805baea307eb,0.9492842658986317,1,0.949284,1,ml_only,0,,,,,,,,1,merchant_ecosystem_abuse,mule_laundering,high generated risk score raises risk;IP velocity lowers risk;transaction_type_code raises risk
txn_9a320e5923ce,0.9745779664766004,1,0.974578,1,ml_only,0,,,,,,,,1,merchant_ecosystem_abuse,mule_laundering,high generated risk score raises risk;session velocity raises risk;IP velocity lowers risk
txn_bb4df263eecf,0.8897669620232428,1,0.889767,1,ml_only,0,,,,,,,,1,merchant_ecosystem_abuse,mule_laundering,session velocity lowers risk;IP velocity lowers risk;high generated risk score raises risk
txn_628ef1d55fc0,0.8583306506653772,1,0.858331,1,ml_only,0,,,,,,,,1,merchant_ecosystem_abuse,mule_laundering,high generated risk score lowers risk;IP velocity lowers risk;transaction_type_code raises risk
txn_9a39f8697199,0.9709790846484141,1,0.970979,1,ml_only,0,,,,,,,,1,merchant_ecosystem_abuse,mule_laundering,session velocity raises risk;IP velocity lowers risk;transaction_type_code raises risk
txn_6e127600109d,0.896122568414146,1,0.896123,1,ml_only,0,,,,,,,,1,merchant_ecosystem_abuse,mule_laundering,session velocity lowers risk;IP velocity lowers risk;transaction_type_code raises risk
txn_3a1438e21b0f,0.9600868138886979,1,0.960087,1,ml_only,0,,,,,,,,1,merchant_ecosystem_abuse,mule_laundering,high generated risk score raises risk;IP velocity lowers risk;transaction_type_code raises risk
txn_faa6bd5d459e,0.9783268882451787,1,0.978327,1,ml_only,0,,,,,,,,1,merchant_ecosystem_abuse,mule_laundering,session velocity raises risk;event_hour raises risk;IP velocity lowers risk
txn_35c442b42812,0.921166339734816,1,0.921166,1,ml_only,0,,,,,,,,1,merchant_ecosystem_abuse,mule_laundering,event_hour raises risk;session velocity lowers risk;IP velocity lowers risk
txn_19287ee4dff2,0.9566500489158235,1,0.95665,1,ml_only,0,,,,,,,,1,merchant_ecosystem_abuse,mule_laundering,event_hour raises risk;IP velocity lowers risk;transaction_type_code raises risk
txn_cd91126d39a5,0.9767316435108131,1,0.976732,1,ml_only,0,,,,,,,,1,merchant_ecosystem_abuse,mule_laundering,session velocity raises risk;event_hour raises risk;IP velocity lowers risk
txn_581987a1e201,0.7511224923527146,1,0.751122,1,ml_only,0,,,,,,,,1,merchant_ecosystem_abuse,mule_laundering,event_hour lowers risk;session velocity lowers risk;IP velocity lowers risk
txn_dbefdcbe5a67,0.887397764795137,1,0.887398,1,ml_only,0,,,,,,,,1,merchant_ecosystem_abuse,mule_laundering,event_hour lowers risk;IP velocity lowers risk;high generated risk score raises risk
txn_794a34e2d194,0.8613554598700371,1,0.861355,1,ml_only,0,,,,,,,,1,merchant_ecosystem_abuse,mule_laundering,event_hour lowers risk;session velocity raises risk;high generated risk score lowers risk
txn_8f691ffc430e,0.6171025720647834,1,0.617103,1,ml_only,0,,,,,,,,1,merchant_ecosystem_abuse,mule_laundering,event_hour lowers risk;high generated risk score lowers risk;session velocity lowers risk
txn_5d1456a74d10,0.7930792918082615,1,0.793079,1,ml_only,0,,,,,,,,1,merchant_ecosystem_abuse,mule_laundering,event_hour lowers risk;high generated risk score lowers risk;IP velocity lowers risk
txn_92cd655ee9b8,0.9599637771092954,1,0.959964,1,ml_only,0,,,,,,,,1,merchant_ecosystem_abuse,mule_laundering,high generated risk score raises risk;session velocity raises risk;event_hour lowers risk
txn_8539d373295e,0.6640914981797015,1,0.664091,1,ml_only,0,,,,,,,,1,merchant_ecosystem_abuse,mule_laundering,high generated risk score lowers risk;session velocity lowers risk;event_hour lowers risk
txn_1077829fca0d,0.9241386302572104,1,0.924139,1,ml_only,0,,,,,,,,1,merchant_ecosystem_abuse,mule_laundering,event_hour lowers risk;IP velocity lowers risk;transaction_type_code raises risk
txn_690b0d77b5ec,0.9249575225476554,1,0.924958,1,ml_only,0,,,,,,,,1,merchant_ecosystem_abuse,mule_laundering,session velocity raises risk;IP velocity lowers risk;event_hour lowers risk
txn_e82ad4817349,0.7818241990683799,1,0.781824,1,ml_only,0,,,,,,,,1,merchant_ecosystem_abuse,mule_laundering,session velocity lowers risk;IP velocity lowers risk;event_hour lowers risk
txn_434380c3dc11,0.9456004384864635,1,0.9456,1,ml_only,0,,,,,,,,1,merchant_ecosystem_abuse,mule_laundering,high generated risk score raises risk;IP velocity lowers risk;transaction_type_code raises risk
txn_86a181aa72e8,0.917452588193721,1,0.917453,1,ml_only,0,,,,,,,,1,merchant_ecosystem_abuse,mule_laundering,session velocity raises risk;high generated risk score lowers risk;IP velocity lowers risk
txn_d01fc19bb6f3,0.8617753914833686,1,0.861775,1,ml_only,0,,,,,,,,1,merchant_ecosystem_abuse,mule_laundering,session velocity lowers risk;IP velocity lowers risk;transaction_type_code raises risk
txn_5f3061459b42,0.8623663875849085,1,0.862366,1,ml_only,0,,,,,,,,1,merchant_ecosystem_abuse,mule_laundering,high generated risk score lowers risk;IP velocity lowers risk;transaction_type_code raises risk
txn_7d54f542304f,0.972736508225698,1,0.972737,1,ml_only,0,,,,,,,,1,merchant_ecosystem_abuse,mule_laundering,session velocity raises risk;IP velocity lowers risk;transaction_type_code raises risk
txn_75b4487459eb,0.9282441570397606,1,0.928244,1,ml_only,0,,,,,,,,1,merchant_ecosystem_abuse,mule_laundering,session velocity lowers risk;IP velocity lowers risk;transaction_type_code raises risk
txn_d950df8d94ad,0.9689591915026773,1,0.968959,1,ml_only,0,,,,,,,,1,merchant_ecosystem_abuse,mule_laundering,high generated risk score raises risk;IP velocity lowers risk;transaction_type_code raises risk
txn_c4e01bf601d6,0.2430098307196866,1,0.24301,1,ml_only,0,,,,,,,,1,merchant_ecosystem_abuse,marketplace_seller_fraud,customer payment cadence lowers risk;session velocity lowers risk;device activity cadence raises risk
txn_ad021cf14519,0.3954232524441367,1,0.395423,1,ml_only,0,,,,,,,,1,merchant_ecosystem_abuse,marketplace_seller_fraud,high generated risk score lowers risk;event_hour raises risk;merchant chargeback behavior lowers risk
txn_703f19b31d23,0.7654724558521915,1,0.765472,1,ml_only,0,,,,,,,,1,merchant_ecosystem_abuse,marketplace_seller_fraud,event_hour lowers risk;high generated risk score raises risk;session velocity raises risk
txn_267f0f3c6079,0.157739,1,0.140056,1,hybrid_ml_llm,1,local_rules,0.199,0.3601,allow,Deterministic defensive review based on the primary model score and supplied behavioral signals.,high generated risk score lowers risk;event_hour lowers risk;IP velocity raises risk,,1,merchant_ecosystem_abuse,marketplace_seller_fraud,high generated risk score lowers risk;event_hour lowers risk;IP velocity raises risk
txn_9224f6bfca43,0.47819083731309187,1,0.478191,1,ml_only,0,,,,,,,,1,merchant_ecosystem_abuse,marketplace_seller_fraud,IP velocity raises risk;event_hour lowers risk;merchant chargeback behavior lowers risk
txn_95cdaad3a21a,0.6630024317780875,1,0.663002,1,ml_only,0,,,,,,,,1,merchant_ecosystem_abuse,marketplace_seller_fraud,IP velocity raises risk;event_hour lowers risk;session velocity raises risk
txn_0da9b25bcb87,0.46858129818063615,1,0.468581,1,ml_only,0,,,,,,,,1,merchant_ecosystem_abuse,marketplace_seller_fraud,IP velocity raises risk;event_hour lowers risk;session velocity lowers risk
txn_c0527e568a81,0.8812250811694632,1,0.881225,1,ml_only,0,,,,,,,,1,merchant_ecosystem_abuse,marketplace_seller_fraud,IP velocity raises risk;high generated risk score raises risk;merchant chargeback behavior lowers risk
txn_b1c46c90232e,0.8816692324927173,1,0.881669,1,ml_only,0,,,,,,,,1,merchant_ecosystem_abuse,marketplace_seller_fraud,IP velocity raises risk;session velocity raises risk;merchant chargeback behavior lowers risk
txn_7da13253c653,0.6204930987094647,1,0.620493,1,ml_only,0,,,,,,,,1,merchant_ecosystem_abuse,marketplace_seller_fraud,IP velocity raises risk;session velocity lowers risk;merchant chargeback behavior lowers risk
txn_ae364c6cd099,0.8091239098710241,1,0.809124,1,ml_only,0,,,,,,,,1,merchant_ecosystem_abuse,marketplace_seller_fraud,IP velocity raises risk;high generated risk score lowers risk;merchant chargeback behavior lowers risk
txn_f921a07f84c7,0.9123335869128514,1,0.912334,1,ml_only,0,,,,,,,,1,merchant_ecosystem_abuse,marketplace_seller_fraud,IP velocity raises risk;session velocity raises risk;merchant chargeback behavior lowers risk
txn_7dac0d3fb74b,0.8847791037365734,1,0.884779,1,ml_only,0,,,,,,,,1,merchant_ecosystem_abuse,marketplace_seller_fraud,IP velocity raises risk;session velocity lowers risk;merchant chargeback behavior lowers risk
txn_07e5fddbda8c,0.9477984748707569,1,0.947798,1,ml_only,0,,,,,,,,1,merchant_ecosystem_abuse,marketplace_seller_fraud,IP velocity raises risk;merchant chargeback behavior lowers risk;high generated risk score raises risk
txn_9c851c43a708,0.983097495040111,1,0.983097,1,ml_only,0,,,,,,,,1,merchant_ecosystem_abuse,marketplace_seller_fraud,IP velocity raises risk;session velocity raises risk;merchant chargeback behavior lowers risk
txn_cc47966a319f,0.9213991125688498,1,0.921399,1,ml_only,0,,,,,,,,1,merchant_ecosystem_abuse,marketplace_seller_fraud,IP velocity raises risk;session velocity lowers risk;merchant chargeback behavior lowers risk
txn_c370e105298b,0.9849705626686539,1,0.984971,1,ml_only,0,,,,,,,,1,merchant_ecosystem_abuse,marketplace_seller_fraud,IP velocity raises risk;high generated risk score raises risk;merchant chargeback behavior lowers risk
txn_4db18c7593d6,0.9390223812268079,1,0.939022,1,ml_only,0,,,,,,,,1,merchant_ecosystem_abuse,marketplace_seller_fraud,IP velocity raises risk;session velocity raises risk;merchant chargeback behavior lowers risk
txn_ac037fb1c4e1,0.7433630352831735,1,0.743363,1,ml_only,0,,,,,,,,1,merchant_ecosystem_abuse,marketplace_seller_fraud,IP velocity raises risk;session velocity lowers risk;merchant chargeback behavior lowers risk
txn_f036d2c33c98,0.6976150471533621,1,0.697615,1,ml_only,0,,,,,,,,1,merchant_ecosystem_abuse,marketplace_seller_fraud,IP velocity raises risk;merchant chargeback behavior lowers risk;event_hour raises risk
txn_4a560b068ab6,0.8270382144212207,1,0.827038,1,ml_only,0,,,,,,,,1,merchant_ecosystem_abuse,marketplace_seller_fraud,IP velocity raises risk;session velocity raises risk;high generated risk score lowers risk
txn_ebff3af97202,0.4935064201845249,1,0.493506,1,ml_only,0,,,,,,,,1,merchant_ecosystem_abuse,marketplace_seller_fraud,IP velocity raises risk;event_hour lowers risk;session velocity lowers risk
txn_ee8420d9c489,0.6310572970810665,1,0.631057,1,ml_only,0,,,,,,,,1,merchant_ecosystem_abuse,marketplace_seller_fraud,IP velocity raises risk;event_hour lowers risk;merchant chargeback behavior lowers risk
txn_18819c36de36,0.7540210833443277,1,0.754021,1,ml_only,0,,,,,,,,1,merchant_ecosystem_abuse,marketplace_seller_fraud,IP velocity raises risk;event_hour lowers risk;session velocity raises risk
txn_6bb8611f11c0,0.305746050441679,1,0.305746,1,ml_only,0,,,,,,,,1,merchant_ecosystem_abuse,marketplace_seller_fraud,IP velocity raises risk;high generated risk score lowers risk;session velocity lowers risk
txn_bebaaf3c9c2b,0.7803599211142709,1,0.78036,1,ml_only,0,,,,,,,,1,merchant_ecosystem_abuse,marketplace_seller_fraud,IP velocity raises risk;high generated risk score raises risk;merchant chargeback behavior lowers risk
txn_53a50df7fa63,0.7360019551445454,1,0.736002,1,ml_only,0,,,,,,,,1,merchant_ecosystem_abuse,marketplace_seller_fraud,IP velocity raises risk;session velocity raises risk;merchant chargeback behavior lowers risk
txn_45fb6d1fa8f2,0.1951320193751697,1,0.195132,1,ml_only,0,,,,,,,,1,merchant_ecosystem_abuse,marketplace_seller_fraud,high generated risk score lowers risk;IP velocity raises risk;session velocity lowers risk
txn_3a7e22951ce1,0.7341972554245764,1,0.734197,1,ml_only,0,,,,,,,,1,merchant_ecosystem_abuse,marketplace_seller_fraud,IP velocity raises risk;merchant chargeback behavior lowers risk;high generated risk score raises risk
txn_6cdcdf76d219,0.7884151741231693,1,0.788415,1,ml_only,0,,,,,,,,1,merchant_ecosystem_abuse,marketplace_seller_fraud,IP velocity raises risk;session velocity raises risk;merchant chargeback behavior lowers risk
txn_885c5394bc75,0.7971671948506264,1,0.797167,1,ml_only,0,,,,,,,,1,merchant_ecosystem_abuse,marketplace_seller_fraud,high generated risk score raises risk;IP velocity raises risk;session velocity lowers risk
txn_aaa00fef811f,0.6309869894405166,1,0.630987,1,ml_only,0,,,,,,,,1,merchant_ecosystem_abuse,marketplace_seller_fraud,IP velocity raises risk;merchant chargeback behavior lowers risk;rail_code raises risk
txn_0928dca64e7a,0.8874394368490214,1,0.887439,1,ml_only,0,,,,,,,,1,merchant_ecosystem_abuse,marketplace_seller_fraud,IP velocity raises risk;session velocity raises risk;merchant chargeback behavior lowers risk
txn_5b74691f54f4,0.4903523469862871,1,0.490352,1,ml_only,0,,,,,,,,1,merchant_ecosystem_abuse,marketplace_seller_fraud,IP velocity raises risk;session velocity lowers risk;merchant chargeback behavior lowers risk
txn_2d1d57bca531,0.938725257183936,1,0.938725,1,ml_only,0,,,,,,,,1,merchant_ecosystem_abuse,marketplace_seller_fraud,high generated risk score raises risk;IP velocity raises risk;merchant chargeback behavior lowers risk
txn_00b00f1c04b4,0.739530000088551,1,0.73953,1,ml_only,0,,,,,,,,1,merchant_ecosystem_abuse,marketplace_seller_fraud,session velocity raises risk;IP velocity raises risk;merchant chargeback behavior lowers risk
txn_cb71803cc11e,0.5654827023106472,1,0.565483,1,ml_only,0,,,,,,,,1,merchant_ecosystem_abuse,marketplace_seller_fraud,IP velocity raises risk;session velocity lowers risk;merchant chargeback behavior lowers risk
txn_a61eff89ac58,0.41815338475342406,1,0.418153,1,ml_only,0,,,,,,,,1,merchant_ecosystem_abuse,marketplace_seller_fraud,high generated risk score lowers risk;event_hour raises risk;merchant chargeback behavior lowers risk
txn_1814be9dd1cd,0.6435037587669676,1,0.643504,1,ml_only,0,,,,,,,,1,merchant_ecosystem_abuse,marketplace_seller_fraud,event_hour lowers risk;session velocity raises risk;merchant chargeback behavior lowers risk
txn_79c50ec2e7f5,0.21082771882480592,1,0.210828,1,ml_only,0,,,,,,,,1,merchant_ecosystem_abuse,marketplace_seller_fraud,event_hour lowers risk;session velocity lowers risk;merchant chargeback behavior lowers risk
txn_7c4ed8073e2d,0.4550928666294098,1,0.455093,1,ml_only,0,,,,,,,,1,merchant_ecosystem_abuse,marketplace_seller_fraud,event_hour lowers risk;merchant chargeback behavior lowers risk;IP velocity raises risk
txn_f92b24f3e6fd,0.49550858548650834,1,0.495509,1,ml_only,0,,,,,,,,1,merchant_ecosystem_abuse,marketplace_seller_fraud,session velocity raises risk;high generated risk score lowers risk;merchant chargeback behavior lowers risk
txn_e74097525366,0.24312174127769529,1,0.243122,1,ml_only,0,,,,,,,,1,merchant_ecosystem_abuse,marketplace_seller_fraud,session velocity lowers risk;merchant chargeback behavior lowers risk;high generated risk score lowers risk
txn_a6f4c96ddf8a,0.4180428274076999,1,0.418043,1,ml_only,0,,,,,,,,1,merchant_ecosystem_abuse,marketplace_seller_fraud,merchant chargeback behavior lowers risk;high generated risk score lowers risk;rail_code raises risk
txn_6adba531deb7,0.7032366476434704,1,0.703237,1,ml_only,0,,,,,,,,1,merchant_ecosystem_abuse,marketplace_seller_fraud,session velocity raises risk;merchant chargeback behavior lowers risk;rail_code raises risk
txn_da5c43090588,0.5886883333485523,1,0.588688,1,ml_only,0,,,,,,,,1,merchant_ecosystem_abuse,marketplace_seller_fraud,session velocity lowers risk;merchant chargeback behavior lowers risk;high generated risk score raises risk
txn_e9ab5e799e88,0.3083770149902352,1,0.308377,1,ml_only,0,,,,,,,,1,merchant_ecosystem_abuse,marketplace_seller_fraud,high generated risk score lowers risk;merchant chargeback behavior lowers risk;rail_code raises risk
txn_62113e70e5cf,0.7067401216375776,1,0.70674,1,ml_only,0,,,,,,,,1,merchant_ecosystem_abuse,marketplace_seller_fraud,session velocity raises risk;merchant chargeback behavior lowers risk;high generated risk score lowers risk
txn_8f35bf2d5ff1,0.3571081142611934,1,0.357108,1,ml_only,0,,,,,,,,1,merchant_ecosystem_abuse,marketplace_seller_fraud,session velocity lowers risk;merchant chargeback behavior lowers risk;high generated risk score lowers risk
txn_784a0793f311,0.7787912760408584,1,0.778791,1,ml_only,0,,,,,,,,1,merchant_ecosystem_abuse,marketplace_seller_fraud,high generated risk score raises risk;merchant chargeback behavior lowers risk;rail_code raises risk
txn_cc0b2d0a189d,0.8041615621391083,1,0.804162,1,ml_only,0,,,,,,,,1,merchant_ecosystem_abuse,marketplace_seller_fraud,session velocity raises risk;merchant chargeback behavior lowers risk;event_hour raises risk
txn_a02816ecdf49,0.5801328339522839,1,0.580133,1,ml_only,0,,,,,,,,1,merchant_ecosystem_abuse,marketplace_seller_fraud,session velocity lowers risk;merchant chargeback behavior lowers risk;event_hour raises risk
txn_587533e2c3eb,0.6169925286185073,1,0.616993,1,ml_only,0,,,,,,,,1,merchant_ecosystem_abuse,marketplace_seller_fraud,merchant chargeback behavior lowers risk;event_hour raises risk;high generated risk score lowers risk
txn_a4e6db4bc178,0.6890368919683411,1,0.689037,1,ml_only,0,,,,,,,,1,merchant_ecosystem_abuse,marketplace_seller_fraud,session velocity raises risk;high generated risk score lowers risk;merchant chargeback behavior lowers risk
txn_7176b836d818,0.6068306248252914,1,0.606831,1,ml_only,0,,,,,,,,1,merchant_ecosystem_abuse,marketplace_seller_fraud,session velocity lowers risk;merchant chargeback behavior lowers risk;event_hour raises risk
txn_597a15aa7f38,0.6897796915020121,1,0.68978,1,ml_only,0,,,,,,,,1,merchant_ecosystem_abuse,marketplace_seller_fraud,event_hour raises risk;merchant chargeback behavior lowers risk;rail_code raises risk
txn_7017fd1ea8e8,0.8412914266182735,1,0.841291,1,ml_only,0,,,,,,,,1,merchant_ecosystem_abuse,marketplace_seller_fraud,session velocity raises risk;event_hour raises risk;merchant chargeback behavior lowers risk
txn_f1832c1339e5,0.37161544914130107,1,0.371615,1,ml_only,0,,,,,,,,1,merchant_ecosystem_abuse,marketplace_seller_fraud,high generated risk score lowers risk;session velocity lowers risk;event_hour raises risk
txn_5b78ce8f54c5,0.31106063680091,1,0.311061,1,ml_only,0,,,,,,,,1,merchant_ecosystem_abuse,marketplace_seller_fraud,event_hour lowers risk;merchant chargeback behavior lowers risk;rail_code raises risk
txn_c06b904b224d,0.5130427115832379,1,0.513043,1,ml_only,0,,,,,,,,1,merchant_ecosystem_abuse,marketplace_seller_fraud,event_hour lowers risk;session velocity raises risk;merchant chargeback behavior lowers risk
txn_2057e287387c,0.6775189921211776,1,0.677519,1,ml_only,0,,,,,,,,1,merchant_ecosystem_abuse,triangulation_fraud,customer payment cadence lowers risk;merchant chargeback behavior raises risk;IP velocity lowers risk
txn_55c8e9a15e0a,0.9105654543364914,1,0.910565,1,ml_only,0,,,,,,,,1,merchant_ecosystem_abuse,triangulation_fraud,merchant chargeback behavior raises risk;event_hour raises risk;merchant growth pattern lowers risk
txn_fbc4dc5e6785,0.9894567530754516,1,0.989457,1,ml_only,0,,,,,,,,1,merchant_ecosystem_abuse,triangulation_fraud,merchant chargeback behavior raises risk;session velocity raises risk;high generated risk score raises risk
txn_c14a0a6fcf9f,0.7973244897768648,1,0.797324,1,ml_only,0,,,,,,,,1,merchant_ecosystem_abuse,triangulation_fraud,high generated risk score lowers risk;merchant chargeback behavior raises risk;IP velocity raises risk
txn_a168602ff3d3,0.9792023370683542,1,0.979202,1,ml_only,0,,,,,,,,1,merchant_ecosystem_abuse,triangulation_fraud,merchant chargeback behavior raises risk;IP velocity raises risk;event_hour raises risk
txn_eceb1ae061de,0.965893855369694,1,0.965894,1,ml_only,0,,,,,,,,1,merchant_ecosystem_abuse,triangulation_fraud,IP velocity raises risk;merchant chargeback behavior raises risk;event_hour lowers risk
txn_4cce5170fb1e,0.9521770825098699,1,0.952177,1,ml_only,0,,,,,,,,1,merchant_ecosystem_abuse,triangulation_fraud,IP velocity raises risk;merchant chargeback behavior raises risk;high generated risk score raises risk
txn_fa9a9fa81a6e,0.9379540586125429,1,0.937954,1,ml_only,0,,,,,,,,1,merchant_ecosystem_abuse,triangulation_fraud,IP velocity raises risk;merchant chargeback behavior raises risk;high generated risk score lowers risk
txn_33b2c1a4887d,0.9858585051533388,1,0.985859,1,ml_only,0,,,,,,,,1,merchant_ecosystem_abuse,triangulation_fraud,IP velocity raises risk;merchant chargeback behavior raises risk;session velocity raises risk
txn_7150e2ccefc1,0.972607005299231,1,0.972607,1,ml_only,0,,,,,,,,1,merchant_ecosystem_abuse,triangulation_fraud,IP velocity raises risk;merchant chargeback behavior raises risk;session velocity lowers risk
txn_40991c5f9869,0.9877780482727025,1,0.987778,1,ml_only,0,,,,,,,,1,merchant_ecosystem_abuse,triangulation_fraud,IP velocity raises risk;merchant chargeback behavior raises risk;event_hour lowers risk
txn_24bbf8d4729f,0.9901109745560799,1,0.990111,1,ml_only,0,,,,,,,,1,merchant_ecosystem_abuse,triangulation_fraud,IP velocity raises risk;merchant chargeback behavior raises risk;session velocity raises risk
txn_32ce6a5aa299,0.9873951496518577,1,0.987395,1,ml_only,0,,,,,,,,1,merchant_ecosystem_abuse,triangulation_fraud,IP velocity raises risk;merchant chargeback behavior raises risk;high generated risk score raises risk
txn_726389c8dd1c,0.9622760075481913,1,0.962276,1,ml_only,0,,,,,,,,1,merchant_ecosystem_abuse,triangulation_fraud,IP velocity raises risk;high generated risk score lowers risk;merchant chargeback behavior raises risk
txn_3544268b0a74,0.9918679540659731,1,0.991868,1,ml_only,0,,,,,,,,1,merchant_ecosystem_abuse,triangulation_fraud,IP velocity raises risk;merchant chargeback behavior raises risk;session velocity raises risk
txn_ea8f55b097ba,0.9882104950506335,1,0.98821,1,ml_only,0,,,,,,,,1,merchant_ecosystem_abuse,triangulation_fraud,IP velocity raises risk;merchant chargeback behavior raises risk;session velocity lowers risk
txn_bc4f2ade08a1,0.9807314876935789,1,0.980731,1,ml_only,0,,,,,,,,1,merchant_ecosystem_abuse,triangulation_fraud,IP velocity raises risk;merchant chargeback behavior raises risk;high generated risk score lowers risk
txn_67cffaf74d7c,0.9895439025237794,1,0.989544,1,ml_only,0,,,,,,,,1,merchant_ecosystem_abuse,triangulation_fraud,IP velocity raises risk;merchant chargeback behavior raises risk;session velocity raises risk
txn_c6fd2a9c7565,0.9576745744838715,1,0.957675,1,ml_only,0,,,,,,,,1,merchant_ecosystem_abuse,triangulation_fraud,IP velocity raises risk;merchant chargeback behavior raises risk;session velocity lowers risk
txn_28694f7458b6,0.9820319307991123,1,0.982032,1,ml_only,0,,,,,,,,1,merchant_ecosystem_abuse,triangulation_fraud,IP velocity raises risk;merchant chargeback behavior raises risk;event_hour raises risk
txn_d421914ca685,0.9855608644458766,1,0.985561,1,ml_only,0,,,,,,,,1,merchant_ecosystem_abuse,triangulation_fraud,IP velocity raises risk;merchant chargeback behavior raises risk;session velocity raises risk
txn_df423a8e21b8,0.8719306998339871,1,0.871931,1,ml_only,0,,,,,,,,1,merchant_ecosystem_abuse,triangulation_fraud,IP velocity raises risk;merchant chargeback behavior raises risk;event_hour lowers risk
txn_8fc0f1311db4,0.866348602242642,1,0.866349,1,ml_only,0,,,,,,,,1,merchant_ecosystem_abuse,triangulation_fraud,IP velocity raises risk;merchant chargeback behavior raises risk;event_hour lowers risk
txn_f0f4c521f249,0.9620172737637223,1,0.962017,1,ml_only,0,,,,,,,,1,merchant_ecosystem_abuse,triangulation_fraud,IP velocity raises risk;merchant chargeback behavior raises risk;event_hour lowers risk
txn_c7aa3fdaf1e5,0.7775922331172148,1,0.777592,1,ml_only,0,,,,,,,,1,merchant_ecosystem_abuse,triangulation_fraud,merchant chargeback behavior raises risk;event_hour lowers risk;IP velocity raises risk
txn_73b5d7c2bf8a,0.897455040724076,1,0.897455,1,ml_only,0,,,,,,,,1,merchant_ecosystem_abuse,triangulation_fraud,merchant chargeback behavior raises risk;IP velocity raises risk;event_hour lowers risk
txn_5e46efa3e889,0.9629848996786755,1,0.962985,1,ml_only,0,,,,,,,,1,merchant_ecosystem_abuse,triangulation_fraud,merchant chargeback behavior raises risk;session velocity raises risk;IP velocity raises risk
txn_2488183a4c1d,0.8387858001878457,1,0.838786,1,ml_only,0,,,,,,,,1,merchant_ecosystem_abuse,triangulation_fraud,merchant chargeback behavior raises risk;IP velocity raises risk;session velocity lowers risk
txn_b6a7d781c3c4,0.961073704035709,1,0.961074,1,ml_only,0,,,,,,,,1,merchant_ecosystem_abuse,triangulation_fraud,merchant chargeback behavior raises risk;IP velocity raises risk;high generated risk score raises risk
txn_1fd1a62e7e8b,0.9551812177247172,1,0.955181,1,ml_only,0,,,,,,,,1,merchant_ecosystem_abuse,triangulation_fraud,merchant chargeback behavior raises risk;session velocity raises risk;IP velocity raises risk
txn_6959d41eda0b,0.8948351335723794,1,0.894835,1,ml_only,0,,,,,,,,1,merchant_ecosystem_abuse,triangulation_fraud,merchant chargeback behavior raises risk;session velocity lowers risk;IP velocity raises risk
txn_44beadc42053,0.9423019620814036,1,0.942302,1,ml_only,0,,,,,,,,1,merchant_ecosystem_abuse,triangulation_fraud,merchant chargeback behavior raises risk;high generated risk score raises risk;IP velocity raises risk
txn_426d9733c2c3,0.9394239905766768,1,0.939424,1,ml_only,0,,,,,,,,1,merchant_ecosystem_abuse,triangulation_fraud,merchant chargeback behavior raises risk;session velocity raises risk;IP velocity raises risk
txn_65a8f41fcbc3,0.7079129462296553,1,0.707913,1,ml_only,0,,,,,,,,1,merchant_ecosystem_abuse,triangulation_fraud,merchant chargeback behavior raises risk;high generated risk score lowers risk;session velocity lowers risk
txn_1a3dddab5233,0.8601260163608414,1,0.860126,1,ml_only,0,,,,,,,,1,merchant_ecosystem_abuse,triangulation_fraud,merchant chargeback behavior raises risk;high generated risk score lowers risk;merchant growth pattern lowers risk
txn_2a23a4da811e,0.9606486472103629,1,0.960649,1,ml_only,0,,,,,,,,1,merchant_ecosystem_abuse,triangulation_fraud,merchant chargeback behavior raises risk;session velocity raises risk;merchant growth pattern lowers risk
txn_d609c3a429a0,0.9192180945612587,1,0.919218,1,ml_only,0,,,,,,,,1,merchant_ecosystem_abuse,triangulation_fraud,merchant chargeback behavior raises risk;high generated risk score raises risk;session velocity lowers risk
txn_006efb80177d,0.9141904535469781,1,0.91419,1,ml_only,0,,,,,,,,1,merchant_ecosystem_abuse,triangulation_fraud,merchant chargeback behavior raises risk;merchant growth pattern lowers risk;event_hour raises risk
txn_188957869d0e,0.9537963836261368,1,0.953796,1,ml_only,0,,,,,,,,1,merchant_ecosystem_abuse,triangulation_fraud,merchant chargeback behavior raises risk;session velocity raises risk;merchant growth pattern lowers risk
txn_9f24f6e6f125,0.935598349316537,1,0.935598,1,ml_only,0,,,,,,,,1,merchant_ecosystem_abuse,triangulation_fraud,merchant chargeback behavior raises risk;session velocity lowers risk;high generated risk score raises risk
txn_33d5f3c526ad,0.9575124954959247,1,0.957512,1,ml_only,0,,,,,,,,1,merchant_ecosystem_abuse,triangulation_fraud,merchant chargeback behavior raises risk;high generated risk score raises risk;merchant growth pattern lowers risk
txn_b211d64cdc74,0.9088623817263324,1,0.908862,1,ml_only,0,,,,,,,,1,post_transaction_abuse,alternative_refund_abuse,customer payment cadence lowers risk;merchant chargeback behavior raises risk;session velocity lowers risk
txn_fb039a9ce0db,0.9700905828692388,1,0.970091,1,ml_only,0,,,,,,,,1,post_transaction_abuse,alternative_refund_abuse,merchant chargeback behavior raises risk;merchant growth pattern raises risk;event_hour raises risk
txn_0e1ba9b5af5f,0.9753392925622277,1,0.975339,1,ml_only,0,,,,,,,,1,post_transaction_abuse,alternative_refund_abuse,merchant chargeback behavior raises risk;session velocity raises risk;merchant growth pattern raises risk
txn_c28c9004b069,0.9376333297779821,1,0.937633,1,ml_only,0,,,,,,,,1,post_transaction_abuse,alternative_refund_abuse,merchant chargeback behavior raises risk;session velocity lowers risk;merchant growth pattern raises risk
txn_68587ba0dd26,0.9819571320764121,1,0.981957,1,ml_only,0,,,,,,,,1,post_transaction_abuse,alternative_refund_abuse,merchant chargeback behavior raises risk;IP velocity raises risk;event_hour raises risk
txn_f48b3068d06f,0.9918044927357577,1,0.991804,1,ml_only,0,,,,,,,,1,post_transaction_abuse,alternative_refund_abuse,merchant chargeback behavior raises risk;session velocity raises risk;event_hour raises risk
txn_0e9b6c97b725,0.961134279450402,1,0.961134,1,ml_only,0,,,,,,,,1,post_transaction_abuse,alternative_refund_abuse,IP velocity raises risk;event_hour lowers risk;merchant chargeback behavior raises risk
txn_1f30330e007e,0.9819425479058915,1,0.981943,1,ml_only,0,,,,,,,,1,post_transaction_abuse,alternative_refund_abuse,IP velocity raises risk;high generated risk score raises risk;merchant chargeback behavior raises risk
txn_fd4802bead95,0.9954871859196013,1,0.995487,1,ml_only,0,,,,,,,,1,post_transaction_abuse,alternative_refund_abuse,IP velocity raises risk;merchant chargeback behavior raises risk;session velocity raises risk
txn_e85bce8f2e6e,0.9935645545030057,1,0.993565,1,ml_only,0,,,,,,,,1,post_transaction_abuse,alternative_refund_abuse,IP velocity raises risk;high generated risk score raises risk;merchant chargeback behavior raises risk
txn_7ba27d6fbe74,0.6268722728390026,1,0.626872,1,ml_only,0,,,,,,,,1,post_transaction_abuse,chargeback_fraud,customer payment cadence lowers risk;session velocity lowers risk;device activity cadence raises risk
txn_10bcee6b013e,0.8569447553006179,1,0.856945,1,ml_only,0,,,,,,,,1,post_transaction_abuse,chargeback_fraud,event_hour raises risk;merchant chargeback behavior lowers risk;high generated risk score raises risk
txn_01e09ab0578f,0.8909602036204812,1,0.89096,1,ml_only,0,,,,,,,,1,post_transaction_abuse,chargeback_fraud,high generated risk score lowers risk;session velocity raises risk;event_hour raises risk
txn_6933f2992d99,0.6991297733933525,1,0.69913,1,ml_only,0,,,,,,,,1,post_transaction_abuse,chargeback_fraud,high generated risk score lowers risk;IP velocity raises risk;event_hour raises risk
txn_6c67a4a1d451,0.9477860300311026,1,0.947786,1,ml_only,0,,,,,,,,1,post_transaction_abuse,chargeback_fraud,event_hour raises risk;IP velocity raises risk;high generated risk score raises risk
txn_7138bd72b4fc,0.7398242053596086,1,0.739824,1,ml_only,0,,,,,,,,1,post_transaction_abuse,chargeback_fraud,event_hour lowers risk;session velocity raises risk;merchant chargeback behavior lowers risk
txn_f507cd24ae9b,0.33063012883967247,1,0.33063,1,ml_only,0,,,,,,,,1,post_transaction_abuse,chargeback_fraud,high generated risk score lowers risk;IP velocity raises risk;event_hour lowers risk
txn_ca30b949587f,0.823514842283478,1,0.823515,1,ml_only,0,,,,,,,,1,post_transaction_abuse,chargeback_fraud,IP velocity raises risk;event_hour lowers risk;merchant chargeback behavior lowers risk
txn_8c7d0c46cee9,0.9476962027313001,1,0.947696,1,ml_only,0,,,,,,,,1,post_transaction_abuse,chargeback_fraud,IP velocity raises risk;session velocity raises risk;event_hour lowers risk
txn_b65cb3598d03,0.7893240618759824,1,0.789324,1,ml_only,0,,,,,,,,1,post_transaction_abuse,chargeback_fraud,IP velocity raises risk;session velocity lowers risk;event_hour lowers risk
txn_bcc8aab88a66,0.8646921206606276,1,0.864692,1,ml_only,0,,,,,,,,1,post_transaction_abuse,chargeback_fraud,IP velocity raises risk;event_hour lowers risk;merchant chargeback behavior lowers risk
txn_2f14c84609eb,0.9292800362225374,1,0.92928,1,ml_only,0,,,,,,,,1,post_transaction_abuse,chargeback_fraud,IP velocity raises risk;session velocity raises risk;merchant chargeback behavior lowers risk
txn_0d2c6e42d601,0.9069192171146963,1,0.906919,1,ml_only,0,,,,,,,,1,post_transaction_abuse,chargeback_fraud,IP velocity raises risk;high generated risk score lowers risk;session velocity lowers risk
txn_329e18cf0835,0.9678764674043294,1,0.967876,1,ml_only,0,,,,,,,,1,post_transaction_abuse,chargeback_fraud,IP velocity raises risk;high generated risk score lowers risk;merchant chargeback behavior lowers risk
txn_b36b9109ecef,0.6738343681822355,1,0.673834,1,ml_only,0,,,,,,,,1,post_transaction_abuse,non_delivery_claim,customer payment cadence lowers risk;session velocity lowers risk;device activity cadence raises risk
txn_4df82d6f3bcb,0.39893704816018705,1,0.398937,1,ml_only,0,,,,,,,,1,post_transaction_abuse,non_delivery_claim,amount deviation from customer history lowers risk;high generated risk score lowers risk;merchant chargeback behavior lowers risk
txn_723cae208000,0.9647089150901911,1,0.964709,1,ml_only,0,,,,,,,,1,post_transaction_abuse,non_delivery_claim,session velocity raises risk;event_hour raises risk;merchant chargeback behavior lowers risk
txn_18ed662cd9a1,0.7261915834367831,1,0.726192,1,ml_only,0,,,,,,,,1,post_transaction_abuse,non_delivery_claim,event_hour lowers risk;IP velocity raises risk;session velocity lowers risk
txn_d685f8462da1,0.9570949860102785,1,0.957095,1,ml_only,0,,,,,,,,1,post_transaction_abuse,non_delivery_claim,IP velocity raises risk;high generated risk score raises risk;event_hour lowers risk
txn_3d894f5a495c,0.9701259532914005,1,0.970126,1,ml_only,0,,,,,,,,1,post_transaction_abuse,non_delivery_claim,IP velocity raises risk;session velocity raises risk;event_hour lowers risk
txn_7bc753e1a598,0.9174566131845963,1,0.917457,1,ml_only,0,,,,,,,,1,post_transaction_abuse,non_delivery_claim,IP velocity raises risk;session velocity lowers risk;merchant chargeback behavior lowers risk
txn_41ec2664a683,0.9785380881490223,1,0.978538,1,ml_only,0,,,,,,,,1,post_transaction_abuse,non_delivery_claim,IP velocity raises risk;merchant chargeback behavior lowers risk;event_hour lowers risk
txn_936dd87cabae,0.9929788858310613,1,0.992979,1,ml_only,0,,,,,,,,1,post_transaction_abuse,non_delivery_claim,IP velocity raises risk;session velocity raises risk;high generated risk score raises risk
txn_2d080af70a72,0.9336225780830556,1,0.933623,1,ml_only,0,,,,,,,,1,post_transaction_abuse,non_delivery_claim,IP velocity raises risk;session velocity lowers risk;merchant chargeback behavior lowers risk
txn_ade0502abebb,0.977538653844609,1,0.977539,1,ml_only,0,,,,,,,,1,post_transaction_abuse,non_delivery_claim,IP velocity raises risk;merchant chargeback behavior lowers risk;high generated risk score raises risk
txn_12bd2763b2a3,0.978338253428876,1,0.978338,1,ml_only,0,,,,,,,,1,post_transaction_abuse,non_delivery_claim,IP velocity raises risk;session velocity raises risk;merchant chargeback behavior lowers risk
txn_56837e1954f2,0.9597707039265905,1,0.959771,1,ml_only,0,,,,,,,,1,post_transaction_abuse,non_delivery_claim,IP velocity raises risk;session velocity lowers risk;merchant chargeback behavior lowers risk
txn_a7558f5eee70,0.3503638873044752,1,0.350364,1,ml_only,0,,,,,,,,1,post_transaction_abuse,refund_fraud,customer payment cadence lowers risk;IP velocity lowers risk;session velocity lowers risk
txn_a60f5c5d524b,0.8320025496704114,1,0.832003,1,ml_only,0,,,,,,,,1,post_transaction_abuse,refund_fraud,merchant chargeback behavior lowers risk;high generated risk score raises risk;event_hour raises risk
txn_bc2b615fb662,0.8390233799239942,1,0.839023,1,ml_only,0,,,,,,,,1,post_transaction_abuse,refund_fraud,session velocity raises risk;merchant chargeback behavior lowers risk;event_hour raises risk
txn_1d4382fd504c,0.6372883222488209,1,0.637288,1,ml_only,0,,,,,,,,1,post_transaction_abuse,refund_fraud,session velocity lowers risk;high generated risk score lowers risk;event_hour raises risk
txn_f49539320fec,0.5452006751771413,1,0.545201,1,ml_only,0,,,,,,,,1,post_transaction_abuse,refund_fraud,event_hour lowers risk;merchant chargeback behavior lowers risk;IP velocity raises risk
txn_95ee9aa298d2,0.7839407714591211,1,0.783941,1,ml_only,0,,,,,,,,1,post_transaction_abuse,refund_fraud,event_hour lowers risk;session velocity raises risk;IP velocity raises risk
txn_4f5a2bd17d9d,0.699866764078652,1,0.699867,1,ml_only,0,,,,,,,,1,post_transaction_abuse,refund_fraud,IP velocity raises risk;session velocity lowers risk;event_hour lowers risk
txn_558d9e37a7e3,0.926143198707577,1,0.926143,1,ml_only,0,,,,,,,,1,post_transaction_abuse,refund_fraud,IP velocity raises risk;merchant chargeback behavior lowers risk;merchant age raises risk
txn_2afdc31bbb5d,0.980818561729611,1,0.980819,1,ml_only,0,,,,,,,,1,post_transaction_abuse,refund_fraud,IP velocity raises risk;session velocity raises risk;merchant chargeback behavior lowers risk
txn_fb69811a1eec,0.9547300644476363,1,0.95473,1,ml_only,0,,,,,,,,1,post_transaction_abuse,refund_fraud,IP velocity raises risk;session velocity lowers risk;merchant chargeback behavior lowers risk
txn_7c5ac38d593b,0.9234802891316473,1,0.92348,1,ml_only,0,,,,,,,,1,post_transaction_abuse,refund_fraud,IP velocity raises risk;high generated risk score lowers risk;merchant chargeback behavior lowers risk
txn_fd9698ac54d3,0.962414719554369,1,0.962415,1,ml_only,0,,,,,,,,1,post_transaction_abuse,refund_fraud,IP velocity raises risk;session velocity raises risk;merchant chargeback behavior lowers risk
txn_72d757ac0dbb,0.6114820103655799,1,0.611482,1,ml_only,0,,,,,,,,1,post_transaction_abuse,return_policy_abuse,customer payment cadence lowers risk;session velocity lowers risk;event_hour raises risk
txn_765fc8d9dd42,0.8386640947183378,1,0.838664,1,ml_only,0,,,,,,,,1,post_transaction_abuse,return_policy_abuse,high generated risk score raises risk;amount deviation from customer history lowers risk;event_hour raises risk
txn_6b4a30f19cab,0.7960881724338207,1,0.796088,1,ml_only,0,,,,,,,,1,post_transaction_abuse,return_policy_abuse,high generated risk score lowers risk;session velocity raises risk;event_hour raises risk
txn_f38ba1d13022,0.6442081942534801,1,0.644208,1,ml_only,0,,,,,,,,1,post_transaction_abuse,return_policy_abuse,event_hour raises risk;session velocity lowers risk;merchant chargeback behavior lowers risk
txn_105f83c57c10,0.36195704340579626,1,0.361957,1,ml_only,0,,,,,,,,1,post_transaction_abuse,return_policy_abuse,high generated risk score lowers risk;event_hour lowers risk;merchant chargeback behavior lowers risk
txn_73cf95e10bcf,0.8250708449103924,1,0.825071,1,ml_only,0,,,,,,,,1,post_transaction_abuse,return_policy_abuse,event_hour lowers risk;session velocity raises risk;IP velocity raises risk
txn_aadb99673010,0.43852409424685485,1,0.438524,1,ml_only,0,,,,,,,,1,post_transaction_abuse,return_policy_abuse,event_hour lowers risk;IP velocity raises risk;session velocity lowers risk
txn_8046d7875fdb,0.553419415293171,1,0.553419,1,ml_only,0,,,,,,,,1,post_transaction_abuse,return_policy_abuse,high generated risk score lowers risk;event_hour lowers risk;IP velocity raises risk
txn_d532e0b265c9,0.7001226813986122,1,0.700123,1,ml_only,0,,,,,,,,1,post_transaction_abuse,return_policy_abuse,session velocity raises risk;event_hour lowers risk;IP velocity raises risk
txn_4cc20657ac38,0.7806946575375354,1,0.780695,1,ml_only,0,,,,,,,,1,post_transaction_abuse,return_policy_abuse,IP velocity raises risk;session velocity lowers risk;merchant chargeback behavior lowers risk
txn_4cfdf32a6e5a,0.8869638374898982,1,0.886964,1,ml_only,0,,,,,,,,1,post_transaction_abuse,return_policy_abuse,IP velocity raises risk;merchant chargeback behavior lowers risk;event_hour lowers risk
txn_45275de52f82,0.82186219505239,1,0.821862,1,ml_only,0,,,,,,,,1,post_transaction_abuse,return_policy_abuse,IP velocity raises risk;high generated risk score lowers risk;session velocity raises risk
txn_e23cb4d91536,0.5559822098608023,1,0.555982,1,ml_only,0,,,,,,,,1,post_transaction_abuse,return_policy_abuse,IP velocity raises risk;session velocity lowers risk;merchant chargeback behavior lowers risk
txn_7dd2a90eddf3,0.7101928455109453,1,0.710193,1,ml_only,0,,,,,,,,1,post_transaction_abuse,return_policy_abuse,merchant chargeback behavior lowers risk;merchant age raises risk;high generated risk score lowers risk
txn_bea5bb4e12e0,0.8810736567531219,1,0.881074,1,ml_only,0,,,,,,,,1,post_transaction_abuse,return_policy_abuse,session velocity raises risk;merchant chargeback behavior lowers risk;IP velocity raises risk
txn_3e0e926a7a51,0.7388260745916024,1,0.738826,1,ml_only,0,,,,,,,,1,post_transaction_abuse,return_policy_abuse,session velocity lowers risk;merchant chargeback behavior lowers risk;IP velocity raises risk
txn_828e0b7f82be,0.7674988095251866,1,0.767499,1,ml_only,0,,,,,,,,1,post_transaction_abuse,return_policy_abuse,high generated risk score lowers risk;merchant chargeback behavior lowers risk;IP velocity raises risk
txn_7c49a0d35200,0.8721221315545787,1,0.872122,1,ml_only,0,,,,,,,,1,post_transaction_abuse,return_policy_abuse,session velocity raises risk;merchant chargeback behavior lowers risk;IP velocity raises risk
txn_10950cf73212,0.7845610651244993,1,0.784561,1,ml_only,0,,,,,,,,1,post_transaction_abuse,return_policy_abuse,IP velocity raises risk;session velocity lowers risk;event_hour raises risk
txn_3d9dd65ee6f7,0.37542571387912543,1,0.375426,1,ml_only,0,,,,,,,,1,social_engineering_payment_fraud,ai_impersonation,customer payment cadence lowers risk;merchant chargeback behavior lowers risk;session velocity lowers risk
txn_b44ba276b115,0.4474064601261287,1,0.447406,1,ml_only,0,,,,,,,,1,social_engineering_payment_fraud,ai_impersonation,event_hour lowers risk;merchant chargeback behavior lowers risk;IP velocity raises risk
txn_1b096c85eca9,0.4571165463021106,1,0.457117,1,ml_only,0,,,,,,,,1,social_engineering_payment_fraud,ai_impersonation,amount deviation from customer history lowers risk;event_hour lowers risk;merchant chargeback behavior lowers risk
txn_4f1633b98839,0.43834724181555257,1,0.438347,1,ml_only,0,,,,,,,,1,social_engineering_payment_fraud,ai_impersonation,IP velocity raises risk;event_hour lowers risk;merchant chargeback behavior lowers risk
txn_fc5028a56162,0.7991066713351074,1,0.799107,1,ml_only,0,,,,,,,,1,social_engineering_payment_fraud,ai_impersonation,IP velocity raises risk;merchant chargeback behavior lowers risk;high generated risk score raises risk
txn_0d19d23ec297,0.8644336197471425,1,0.864434,1,ml_only,0,,,,,,,,1,social_engineering_payment_fraud,ai_impersonation,IP velocity raises risk;merchant chargeback behavior lowers risk;session velocity raises risk
txn_3dd5f105e4c0,0.5188459469440224,1,0.518846,1,ml_only,0,,,,,,,,1,social_engineering_payment_fraud,ai_impersonation,IP velocity raises risk;high generated risk score lowers risk;merchant chargeback behavior lowers risk
txn_85c2852ab4a3,0.8486237909320541,1,0.848624,1,ml_only,0,,,,,,,,1,social_engineering_payment_fraud,ai_impersonation,IP velocity raises risk;merchant chargeback behavior lowers risk;event_hour lowers risk
txn_981b41823456,0.9416887605515131,1,0.941689,1,ml_only,0,,,,,,,,1,social_engineering_payment_fraud,ai_impersonation,IP velocity raises risk;merchant chargeback behavior lowers risk;session velocity raises risk
txn_e4a2b4e323a1,0.23668340839552154,1,0.236683,1,ml_only,0,,,,,,,,1,social_engineering_payment_fraud,authorized_push_payment_scam,customer payment cadence lowers risk;IP velocity lowers risk;session velocity lowers risk
txn_df642aeb066e,0.6563524193285887,1,0.656352,1,ml_only,0,,,,,,,,1,social_engineering_payment_fraud,authorized_push_payment_scam,high generated risk score lowers risk;merchant chargeback behavior lowers risk;event_hour raises risk
txn_fd4f5d480135,0.7791675774257844,1,0.779168,1,ml_only,0,,,,,,,,1,social_engineering_payment_fraud,authorized_push_payment_scam,high generated risk score lowers risk;session velocity raises risk;merchant chargeback behavior lowers risk
txn_e9bfd174c61a,0.7417556666938946,1,0.741756,1,ml_only,0,,,,,,,,1,social_engineering_payment_fraud,authorized_push_payment_scam,session velocity lowers risk;event_hour raises risk;merchant chargeback behavior lowers risk
txn_1023a1dd08de,0.47627785213478346,1,0.476278,1,ml_only,0,,,,,,,,1,social_engineering_payment_fraud,authorized_push_payment_scam,high generated risk score lowers risk;IP velocity raises risk;event_hour lowers risk
txn_cefa84fd0daf,0.8276028766466259,1,0.827603,1,ml_only,0,,,,,,,,1,social_engineering_payment_fraud,authorized_push_payment_scam,IP velocity raises risk;event_hour lowers risk;session velocity raises risk
txn_eb6bf4d9c13a,0.49009768740970394,1,0.490098,1,ml_only,0,,,,,,,,1,social_engineering_payment_fraud,authorized_push_payment_scam,IP velocity raises risk;session velocity lowers risk;amount deviation from customer history lowers risk
txn_7962ceb34d3b,0.8690782305344545,1,0.869078,1,ml_only,0,,,,,,,,1,social_engineering_payment_fraud,authorized_push_payment_scam,IP velocity raises risk;merchant chargeback behavior lowers risk;high generated risk score raises risk
txn_bf395740c228,0.8209693193726824,1,0.820969,1,ml_only,0,,,,,,,,1,social_engineering_payment_fraud,authorized_push_payment_scam,IP velocity raises risk;high generated risk score lowers risk;session velocity raises risk
txn_218f160cb976,0.7389450972993413,1,0.738945,1,ml_only,0,,,,,,,,1,social_engineering_payment_fraud,authorized_push_payment_scam,IP velocity raises risk;session velocity lowers risk;merchant chargeback behavior lowers risk
txn_ddf3733ff800,0.6480992471635062,1,0.648099,1,ml_only,0,,,,,,,,1,social_engineering_payment_fraud,business_email_compromise,unusual amount raises risk;customer payment cadence lowers risk;IP velocity lowers risk
txn_fb00f2f1a80e,0.978131132774275,1,0.978131,1,ml_only,0,,,,,,,,1,social_engineering_payment_fraud,business_email_compromise,customer amount baseline raises risk;unusual amount raises risk;merchant chargeback behavior lowers risk
txn_2c082c21c68b,0.9547520915379205,1,0.954752,1,ml_only,0,,,,,,,,1,social_engineering_payment_fraud,business_email_compromise,customer amount baseline raises risk;unusual amount raises risk;session velocity raises risk
txn_17ff46970d2b,0.9559678016932632,1,0.955968,1,ml_only,0,,,,,,,,1,social_engineering_payment_fraud,business_email_compromise,unusual amount raises risk;customer amount baseline raises risk;session velocity lowers risk
txn_3e8c2c3a06af,0.5691074537741639,1,0.569107,1,ml_only,0,,,,,,,,1,social_engineering_payment_fraud,business_email_compromise,customer amount baseline raises risk;event_hour lowers risk;unusual amount raises risk
txn_5566c5c1d057,0.840675953152433,1,0.840676,1,ml_only,0,,,,,,,,1,social_engineering_payment_fraud,business_email_compromise,customer amount baseline raises risk;unusual amount raises risk;event_hour lowers risk
txn_cf5bef96a52f,0.6863757497086058,1,0.686376,1,ml_only,0,,,,,,,,1,social_engineering_payment_fraud,business_email_compromise,unusual amount raises risk;customer amount baseline raises risk;event_hour lowers risk
txn_873a649ac6fc,0.6461663197823583,1,0.646166,1,ml_only,0,,,,,,,,1,social_engineering_payment_fraud,business_email_compromise,customer amount baseline raises risk;event_hour lowers risk;merchant chargeback behavior lowers risk
txn_df9fe42ee8ad,0.5292027117300421,1,0.529203,1,ml_only,0,,,,,,,,1,social_engineering_payment_fraud,executive_impersonation,customer payment cadence lowers risk;unusual amount raises risk;IP velocity lowers risk
txn_865b5a5c25ff,0.8793891473128128,1,0.879389,1,ml_only,0,,,,,,,,1,social_engineering_payment_fraud,executive_impersonation,unusual amount raises risk;merchant chargeback behavior lowers risk;customer amount baseline raises risk
txn_9b2b7cf535f1,0.8903106611362669,1,0.890311,1,ml_only,0,,,,,,,,1,social_engineering_payment_fraud,executive_impersonation,unusual amount raises risk;high generated risk score lowers risk;session velocity raises risk
txn_9dc07bfae79b,0.9580908392597389,1,0.958091,1,ml_only,0,,,,,,,,1,social_engineering_payment_fraud,vendor_rerouting,unusual amount raises risk;customer payment cadence lowers risk;session velocity lowers risk
txn_3871d7848e6a,0.9414643030501836,1,0.941464,1,ml_only,0,,,,,,,,1,social_engineering_payment_fraud,vendor_rerouting,customer amount baseline raises risk;unusual amount raises risk;event_hour lowers risk
txn_759973b3eb0a,0.934314454883039,1,0.934314,1,ml_only,0,,,,,,,,1,social_engineering_payment_fraud,vendor_rerouting,customer amount baseline raises risk;event_hour lowers risk;unusual amount raises risk
txn_bed29dcd393c,0.8864640633272278,1,0.886464,1,ml_only,0,,,,,,,,1,social_engineering_payment_fraud,vendor_rerouting,unusual amount raises risk;customer amount baseline raises risk;event_hour lowers risk
txn_77ff76f4f21e,0.6699320898381141,1,0.669932,1,ml_only,0,,,,,,,,1,social_engineering_payment_fraud,vendor_rerouting,customer amount baseline raises risk;high generated risk score lowers risk;event_hour lowers risk
txn_cd5667c95235,0.9845339341740236,1,0.984534,1,ml_only,0,,,,,,,,1,social_engineering_payment_fraud,vendor_rerouting,unusual amount raises risk;customer amount baseline raises risk;event_hour lowers risk
txn_336bca8a74e8,0.9404151104296332,1,0.940415,1,ml_only,0,,,,,,,,1,social_engineering_payment_fraud,vendor_rerouting,unusual amount raises risk;customer amount baseline raises risk;event_hour lowers risk
txn_f2106ab615a4,0.9337413760868407,1,0.933741,1,ml_only,0,,,,,,,,1,social_engineering_payment_fraud,vendor_rerouting,customer amount baseline raises risk;unusual amount raises risk;merchant chargeback behavior lowers risk
txn_70e4cc3e895c,0.154744,1,0.136891,1,hybrid_ml_llm,1,local_rules,0.1964,0.3569,allow,Deterministic defensive review based on the primary model score and supplied behavioral signals.,customer payment cadence lowers risk;IP velocity lowers risk;session velocity lowers risk,,1,credential_based_fraud,merchant_admin_takeover,customer payment cadence lowers risk;IP velocity lowers risk;session velocity lowers risk
txn_93258028a5cf,0.5023137721124756,1,0.502314,1,ml_only,0,,,,,,,,1,credential_based_fraud,merchant_admin_takeover,event_hour lowers risk;device activity cadence raises risk;merchant chargeback behavior lowers risk
txn_bae9f2eb68a8,0.39625858506236933,1,0.396259,1,ml_only,0,,,,,,,,1,credential_based_fraud,merchant_admin_takeover,event_hour lowers risk;session velocity raises risk;high generated risk score lowers risk
txn_c22117d3c6b1,0.17848840232385757,1,0.178488,1,ml_only,0,,,,,,,,1,credential_based_fraud,merchant_admin_takeover,event_hour lowers risk;session velocity lowers risk;merchant chargeback behavior lowers risk
txn_5e04288d1aea,0.5010150614347901,1,0.501015,1,ml_only,0,,,,,,,,1,credential_based_fraud,merchant_admin_takeover,IP velocity raises risk;high generated risk score lowers risk;device activity cadence raises risk
txn_a0fe537e3a97,0.6434462200829343,1,0.643446,1,ml_only,0,,,,,,,,1,credential_based_fraud,merchant_admin_takeover,session velocity raises risk;IP velocity raises risk;merchant chargeback behavior lowers risk
txn_c255bf0c88f7,0.43992128155992394,1,0.439921,1,ml_only,0,,,,,,,,1,social_engineering_payment_fraud,ai_impersonation,customer payment cadence lowers risk;session velocity lowers risk;merchant chargeback behavior lowers risk
txn_548d58f98361,0.21103211556760146,1,0.211032,1,ml_only,0,,,,,,,,1,social_engineering_payment_fraud,ai_impersonation,event_hour lowers risk;high generated risk score lowers risk;merchant chargeback behavior lowers risk
txn_54eeb01db2d1,0.4948653006320729,1,0.494865,1,ml_only,0,,,,,,,,1,social_engineering_payment_fraud,ai_impersonation,high generated risk score lowers risk;session velocity raises risk;event_hour lowers risk
txn_1c89b472804d,0.42184965574371813,1,0.42185,1,ml_only,0,,,,,,,,1,social_engineering_payment_fraud,ai_impersonation,IP velocity raises risk;session velocity lowers risk;merchant chargeback behavior lowers risk
txn_e610b1827675,0.6646849811585369,1,0.664685,1,ml_only,0,,,,,,,,1,identity_onboarding_fraud,synthetic_business,customer payment cadence lowers risk;session velocity lowers risk;device activity cadence raises risk
txn_bd0e5b573406,0.5153311651764143,1,0.515331,1,ml_only,0,,,,,,,,1,identity_onboarding_fraud,synthetic_business,event_hour lowers risk;amount deviation from customer history lowers risk;high generated risk score raises risk
txn_8976be78003c,0.7273867619881386,1,0.727387,1,ml_only,0,,,,,,,,1,identity_onboarding_fraud,synthetic_business,session velocity raises risk;event_hour lowers risk;merchant chargeback behavior lowers risk
txn_dc2dc75feb01,0.7228294994550303,1,0.722829,1,ml_only,0,,,,,,,,1,identity_onboarding_fraud,synthetic_business,session velocity lowers risk;event_hour lowers risk;merchant chargeback behavior lowers risk
txn_bd5a9f7edbc2,0.7516057444859545,1,0.751606,1,ml_only,0,,,,,,,,1,identity_onboarding_fraud,synthetic_business,merchant chargeback behavior lowers risk;merchant age raises risk;IP velocity raises risk
txn_32feea191acf,0.8251733581756351,1,0.825173,1,ml_only,0,,,,,,,,1,identity_onboarding_fraud,synthetic_business,session velocity raises risk;merchant chargeback behavior lowers risk;merchant age raises risk
txn_65f59dcc8f78,0.524078811647922,1,0.524079,1,ml_only,0,,,,,,,,1,identity_onboarding_fraud,synthetic_business,session velocity lowers risk;merchant chargeback behavior lowers risk;merchant age raises risk
txn_0638a41d01d9,0.7613864449851907,1,0.761386,1,ml_only,0,,,,,,,,1,identity_onboarding_fraud,synthetic_business,high generated risk score raises risk;merchant chargeback behavior lowers risk;merchant age raises risk
txn_35004b3307cc,0.9036642116526268,1,0.903664,1,ml_only,0,,,,,,,,1,identity_onboarding_fraud,synthetic_business,session velocity raises risk;merchant chargeback behavior lowers risk;merchant age raises risk
txn_5b5525dcdd7d,0.5088251955679476,1,0.508825,1,ml_only,0,,,,,,,,1,identity_onboarding_fraud,synthetic_business,amount deviation from customer history lowers risk;session velocity lowers risk;merchant chargeback behavior lowers risk
txn_22fc5c33338e,0.9037767069110556,1,0.903777,1,ml_only,0,,,,,,,,1,identity_onboarding_fraud,synthetic_business,high generated risk score raises risk;merchant chargeback behavior lowers risk;merchant age raises risk
txn_c4c5b2a9d9bb,0.9272402577892713,1,0.92724,1,ml_only,0,,,,,,,,1,identity_onboarding_fraud,synthetic_business,session velocity raises risk;high generated risk score raises risk;merchant chargeback behavior lowers risk
txn_b3a901d8be41,0.33514017774474447,1,0.33514,1,ml_only,0,,,,,,,,1,social_engineering_payment_fraud,authorized_push_payment_scam,customer payment cadence lowers risk;session velocity lowers risk;device activity cadence raises risk
txn_02113642219f,0.5563610301355504,1,0.556361,1,ml_only,0,,,,,,,,1,social_engineering_payment_fraud,authorized_push_payment_scam,event_hour lowers risk;high generated risk score raises risk;merchant chargeback behavior lowers risk
txn_071a7a514084,0.5118918658514288,1,0.511892,1,ml_only,0,,,,,,,,1,social_engineering_payment_fraud,authorized_push_payment_scam,event_hour lowers risk;session velocity raises risk;merchant chargeback behavior lowers risk
txn_8f1c022dde60,0.33138458001415766,1,0.331385,1,ml_only,0,,,,,,,,1,social_engineering_payment_fraud,authorized_push_payment_scam,session velocity lowers risk;event_hour lowers risk;merchant chargeback behavior lowers risk
txn_70741be66029,0.8946481918852902,1,0.894648,1,ml_only,0,,,,,,,,1,merchant_ecosystem_abuse,mule_laundering,customer payment cadence lowers risk;session velocity lowers risk;device activity cadence raises risk
txn_211125627972,0.9643253748528853,1,0.964325,1,ml_only,0,,,,,,,,1,merchant_ecosystem_abuse,mule_laundering,event_hour raises risk;IP velocity lowers risk;transaction_type_code raises risk
txn_cbe27b109506,0.9002037823820385,1,0.900204,1,ml_only,0,,,,,,,,1,merchant_ecosystem_abuse,mule_laundering,event_hour lowers risk;session velocity raises risk;IP velocity lowers risk
txn_46def1a1a9cc,0.6981267302769136,1,0.698127,1,ml_only,0,,,,,,,,1,merchant_ecosystem_abuse,mule_laundering,event_hour lowers risk;session velocity lowers risk;high generated risk score lowers risk
txn_d92d3fb6c731,0.8643060088797085,1,0.864306,1,ml_only,0,,,,,,,,1,merchant_ecosystem_abuse,mule_laundering,high generated risk score lowers risk;event_hour lowers risk;transaction_type_code raises risk
txn_cbdb7ab06c44,0.9215991120025979,1,0.921599,1,ml_only,0,,,,,,,,1,merchant_ecosystem_abuse,mule_laundering,session velocity raises risk;transaction_type_code raises risk;event_hour lowers risk
txn_8aed63106a47,0.8652726778759331,1,0.865273,1,ml_only,0,,,,,,,,1,merchant_ecosystem_abuse,mule_laundering,session velocity lowers risk;transaction_type_code raises risk;merchant chargeback behavior raises risk
txn_03d8d68f5af7,0.9622205395610234,1,0.962221,1,ml_only,0,,,,,,,,1,merchant_ecosystem_abuse,mule_laundering,high generated risk score raises risk;transaction_type_code raises risk;merchant chargeback behavior raises risk
txn_93e93291653a,0.9585225931020934,1,0.958523,1,ml_only,0,,,,,,,,1,merchant_ecosystem_abuse,mule_laundering,session velocity raises risk;transaction_type_code raises risk;merchant chargeback behavior raises risk
txn_a48c95870ce7,0.9471596651496277,1,0.94716,1,ml_only,0,,,,,,,,1,merchant_ecosystem_abuse,mule_laundering,session velocity lowers risk;transaction_type_code raises risk;merchant chargeback behavior raises risk
txn_f814b3b47a61,0.9713932702523597,1,0.971393,1,ml_only,0,,,,,,,,1,merchant_ecosystem_abuse,mule_laundering,transaction_type_code raises risk;merchant chargeback behavior raises risk;IP reputation raises risk
txn_791130816d33,0.9862197706318097,1,0.98622,1,ml_only,0,,,,,,,,1,merchant_ecosystem_abuse,mule_laundering,session velocity raises risk;high generated risk score raises risk;transaction_type_code raises risk
txn_e9da6a9d9359,0.965823275717486,1,0.965823,1,ml_only,0,,,,,,,,1,merchant_ecosystem_abuse,mule_laundering,session velocity lowers risk;event_hour raises risk;transaction_type_code raises risk
txn_011d4c096892,0.9205878860906089,1,0.920588,1,ml_only,0,,,,,,,,1,merchant_ecosystem_abuse,mule_laundering,event_hour lowers risk;transaction_type_code raises risk;merchant chargeback behavior raises risk
txn_cabf9f55d359,0.9496273349199215,1,0.949627,1,ml_only,0,,,,,,,,1,merchant_ecosystem_abuse,mule_laundering,session velocity raises risk;high generated risk score lowers risk;event_hour lowers risk
txn_e4ff27a757a9,0.8829526020027606,1,0.882953,1,ml_only,0,,,,,,,,1,merchant_ecosystem_abuse,mule_laundering,session velocity lowers risk;event_hour lowers risk;transaction_type_code raises risk
txn_f2c559b25e04,0.9707345138080249,1,0.970735,1,ml_only,0,,,,,,,,1,merchant_ecosystem_abuse,mule_laundering,transaction_type_code raises risk;event_hour lowers risk;merchant chargeback behavior raises risk
txn_b04cf5d24099,0.9715531936123964,1,0.971553,1,ml_only,0,,,,,,,,1,merchant_ecosystem_abuse,mule_laundering,session velocity raises risk;transaction_type_code raises risk;merchant chargeback behavior raises risk
txn_f62cd92a107c,0.9284581073592788,1,0.928458,1,ml_only,0,,,,,,,,1,merchant_ecosystem_abuse,mule_laundering,session velocity lowers risk;IP velocity raises risk;transaction_type_code raises risk
txn_a6faa9891fa3,0.9927281975903629,1,0.992728,1,ml_only,0,,,,,,,,1,merchant_ecosystem_abuse,mule_laundering,IP velocity raises risk;event_hour raises risk;high generated risk score raises risk
txn_e313c847bb2e,0.998463625912256,1,0.998464,1,ml_only,0,,,,,,,,1,merchant_ecosystem_abuse,mule_laundering,high generated risk score raises risk;IP velocity raises risk;session velocity raises risk
txn_a4dabc1d5a44,0.964594811321296,1,0.964595,1,ml_only,0,,,,,,,,1,merchant_ecosystem_abuse,mule_laundering,high generated risk score raises risk;event_hour lowers risk;IP velocity raises risk
txn_852bc50e9d36,0.9296868597023649,1,0.929687,1,ml_only,0,,,,,,,,1,merchant_ecosystem_abuse,mule_laundering,event_hour lowers risk;IP velocity raises risk;transaction_type_code raises risk
txn_a83518b4945e,0.9948090440090311,1,0.994809,1,ml_only,0,,,,,,,,1,merchant_ecosystem_abuse,mule_laundering,IP velocity raises risk;customer payment cadence lowers risk;session velocity raises risk
txn_28ee42ac2376,0.9821667870200107,1,0.982167,1,ml_only,0,,,,,,,,1,merchant_ecosystem_abuse,mule_laundering,IP velocity raises risk;session velocity lowers risk;transaction_type_code raises risk
txn_d581404c4c65,0.9925873880878207,1,0.992587,1,ml_only,0,,,,,,,,1,merchant_ecosystem_abuse,mule_laundering,IP velocity raises risk;event_hour raises risk;transaction_type_code raises risk
txn_7082ccc1bc24,0.9728608795631759,1,0.972861,1,ml_only,0,,,,,,,,1,merchant_ecosystem_abuse,mule_laundering,session velocity raises risk;IP velocity raises risk;transaction_type_code raises risk
txn_8dabc010b95e,0.9768704819734376,1,0.97687,1,ml_only,0,,,,,,,,1,merchant_ecosystem_abuse,mule_laundering,IP velocity raises risk;session velocity lowers risk;high generated risk score raises risk
txn_99d18e522312,0.9903208953736211,1,0.990321,1,ml_only,0,,,,,,,,1,merchant_ecosystem_abuse,mule_laundering,IP velocity raises risk;high generated risk score raises risk;transaction_type_code raises risk
txn_fde2b2f2052f,0.9927704975743886,1,0.99277,1,ml_only,0,,,,,,,,1,merchant_ecosystem_abuse,mule_laundering,session velocity raises risk;IP velocity raises risk;transaction_type_code raises risk
txn_98db27b5b4b6,0.9733493220558391,1,0.973349,1,ml_only,0,,,,,,,,1,merchant_ecosystem_abuse,mule_laundering,IP velocity raises risk;session velocity lowers risk;transaction_type_code raises risk
txn_754c404d2e9e,0.9856468995330071,1,0.985647,1,ml_only,0,,,,,,,,1,merchant_ecosystem_abuse,mule_laundering,IP velocity raises risk;transaction_type_code raises risk;merchant chargeback behavior raises risk
txn_3b8d51d036ee,0.9919860125971606,1,0.991986,1,ml_only,0,,,,,,,,1,merchant_ecosystem_abuse,mule_laundering,session velocity raises risk;IP velocity raises risk;event_hour raises risk
txn_f14c456f8baa,0.9490042156194327,1,0.949004,1,ml_only,0,,,,,,,,1,merchant_ecosystem_abuse,mule_laundering,high generated risk score lowers risk;IP velocity raises risk;session velocity lowers risk
txn_7390b26fe1b1,0.9871680515195973,1,0.987168,1,ml_only,0,,,,,,,,1,merchant_ecosystem_abuse,mule_laundering,event_hour raises risk;IP velocity raises risk;transaction_type_code raises risk
txn_d7f0b54eda2d,0.9948008921538477,1,0.994801,1,ml_only,0,,,,,,,,1,merchant_ecosystem_abuse,mule_laundering,session velocity raises risk;event_hour raises risk;IP velocity raises risk
txn_ab58ceb6837c,0.8878712538195551,1,0.887871,1,ml_only,0,,,,,,,,1,merchant_ecosystem_abuse,mule_laundering,event_hour lowers risk;session velocity lowers risk;transaction_type_code raises risk
txn_f37d05186a6c,0.9102422227616371,1,0.910242,1,ml_only,0,,,,,,,,1,merchant_ecosystem_abuse,mule_laundering,event_hour lowers risk;transaction_type_code raises risk;high generated risk score lowers risk
txn_deb1ca96d82e,0.9184686156183635,1,0.918469,1,ml_only,0,,,,,,,,1,merchant_ecosystem_abuse,mule_laundering,high generated risk score lowers risk;session velocity raises risk;event_hour lowers risk
txn_dfc51d72cd6d,0.9273722981315106,1,0.927372,1,ml_only,0,,,,,,,,1,merchant_ecosystem_abuse,mule_laundering,session velocity lowers risk;transaction_type_code raises risk;merchant chargeback behavior raises risk
txn_9bb1b7dcb49a,0.9742571830127781,1,0.974257,1,ml_only,0,,,,,,,,1,merchant_ecosystem_abuse,mule_laundering,transaction_type_code raises risk;merchant chargeback behavior raises risk;IP reputation raises risk
txn_90224af7abc3,0.9898291685919969,1,0.989829,1,ml_only,0,,,,,,,,1,merchant_ecosystem_abuse,mule_laundering,high generated risk score raises risk;session velocity raises risk;transaction_type_code raises risk
txn_e076d3df3eef,0.9726653436344701,1,0.972665,1,ml_only,0,,,,,,,,1,merchant_ecosystem_abuse,mule_laundering,session velocity lowers risk;high generated risk score raises risk;transaction_type_code raises risk
txn_4fa5d70f8bab,0.9758867365337116,1,0.975887,1,ml_only,0,,,,,,,,1,merchant_ecosystem_abuse,mule_laundering,transaction_type_code raises risk;merchant chargeback behavior raises risk;IP reputation raises risk
txn_a24275484304,0.9931939263414541,1,0.993194,1,ml_only,0,,,,,,,,1,merchant_ecosystem_abuse,mule_laundering,session velocity raises risk;event_hour raises risk;high generated risk score raises risk
txn_b8089f6ad6dd,0.975700123548096,1,0.9757,1,ml_only,0,,,,,,,,1,merchant_ecosystem_abuse,mule_laundering,session velocity lowers risk;event_hour raises risk;transaction_type_code raises risk
txn_0692550ced9f,0.9355604693866499,1,0.93556,1,ml_only,0,,,,,,,,1,merchant_ecosystem_abuse,mule_laundering,event_hour lowers risk;transaction_type_code raises risk;merchant chargeback behavior raises risk
txn_adb06c578e04,0.9515087511645963,1,0.951509,1,ml_only,0,,,,,,,,1,merchant_ecosystem_abuse,mule_laundering,event_hour lowers risk;session velocity raises risk;high generated risk score lowers risk
txn_464c03d241f6,0.8827748810727705,1,0.882775,1,ml_only,0,,,,,,,,1,merchant_ecosystem_abuse,mule_laundering,event_hour lowers risk;session velocity lowers risk;transaction_type_code raises risk
txn_be59f626eff6,0.9556698990369071,1,0.95567,1,ml_only,0,,,,,,,,1,merchant_ecosystem_abuse,mule_laundering,transaction_type_code raises risk;event_hour lowers risk;merchant chargeback behavior raises risk
txn_1d699e8b8467,0.9821518649717901,1,0.982152,1,ml_only,0,,,,,,,,1,merchant_ecosystem_abuse,mule_laundering,session velocity raises risk;transaction_type_code raises risk;merchant chargeback behavior raises risk
txn_153f166a682b,0.9430265796684312,1,0.943027,1,ml_only,0,,,,,,,,1,merchant_ecosystem_abuse,mule_laundering,session velocity lowers risk;transaction_type_code raises risk;merchant chargeback behavior raises risk
txn_4dac6e2e40fb,0.9463502567387732,1,0.94635,1,ml_only,0,,,,,,,,1,merchant_ecosystem_abuse,mule_laundering,high generated risk score lowers risk;transaction_type_code raises risk;merchant chargeback behavior raises risk
txn_383e3cdb9412,0.9892415609161568,1,0.989242,1,ml_only,0,,,,,,,,1,merchant_ecosystem_abuse,mule_laundering,session velocity raises risk;event_hour raises risk;transaction_type_code raises risk
txn_f0c044053230,0.9783400030973283,1,0.97834,1,ml_only,0,,,,,,,,1,merchant_ecosystem_abuse,mule_laundering,high generated risk score raises risk;session velocity lowers risk;event_hour raises risk
txn_05b4a19177f5,0.988884085965251,1,0.988884,1,ml_only,0,,,,,,,,1,merchant_ecosystem_abuse,mule_laundering,high generated risk score raises risk;event_hour raises risk;transaction_type_code raises risk
txn_4e6b4c0fa027,0.991006538189527,1,0.991007,1,ml_only,0,,,,,,,,1,merchant_ecosystem_abuse,mule_laundering,session velocity raises risk;event_hour raises risk;transaction_type_code raises risk
txn_a7fc80d9066a,0.8844430663520807,1,0.884443,1,ml_only,0,,,,,,,,1,merchant_ecosystem_abuse,mule_laundering,event_hour lowers risk;session velocity lowers risk;transaction_type_code raises risk
txn_3fdcd0d9c9ed,0.9843036686002624,1,0.984304,1,ml_only,0,,,,,,,,1,merchant_ecosystem_abuse,mule_laundering,high generated risk score raises risk;event_hour lowers risk;transaction_type_code raises risk
txn_28095522e255,0.9735600424356959,1,0.97356,1,ml_only,0,,,,,,,,1,merchant_ecosystem_abuse,mule_laundering,session velocity raises risk;event_hour lowers risk;high generated risk score raises risk
txn_065274a874bf,0.9346979025005743,1,0.934698,1,ml_only,0,,,,,,,,1,merchant_ecosystem_abuse,mule_laundering,session velocity lowers risk;event_hour lowers risk;transaction_type_code raises risk
txn_64da0e70438c,0.9671745654738597,1,0.967175,1,ml_only,0,,,,,,,,1,merchant_ecosystem_abuse,mule_laundering,event_hour lowers risk;transaction_type_code raises risk;merchant chargeback behavior raises risk
txn_8f9e751cda78,0.9686527744587407,1,0.968653,1,ml_only,0,,,,,,,,1,merchant_ecosystem_abuse,mule_laundering,session velocity raises risk;transaction_type_code raises risk;event_hour lowers risk
txn_56ee1099bc26,0.9656002457285775,1,0.9656,1,ml_only,0,,,,,,,,1,merchant_ecosystem_abuse,mule_laundering,high generated risk score raises risk;session velocity lowers risk;transaction_type_code raises risk
txn_eecfcb126653,0.9837004725641194,1,0.9837,1,ml_only,0,,,,,,,,1,merchant_ecosystem_abuse,mule_laundering,high generated risk score raises risk;transaction_type_code raises risk;merchant chargeback behavior raises risk
txn_165f3d694f37,0.9913926239225112,1,0.991393,1,ml_only,0,,,,,,,,1,merchant_ecosystem_abuse,mule_laundering,session velocity raises risk;high generated risk score raises risk;transaction_type_code raises risk
txn_3976874c5a73,0.9775942708720757,1,0.977594,1,ml_only,0,,,,,,,,1,merchant_ecosystem_abuse,mule_laundering,high generated risk score raises risk;session velocity lowers risk;transaction_type_code raises risk
txn_fddac53cb823,0.9782814727867319,1,0.978281,1,ml_only,0,,,,,,,,1,merchant_ecosystem_abuse,mule_laundering,event_hour raises risk;transaction_type_code raises risk;merchant chargeback behavior raises risk
txn_312beaff16e2,0.9909639986119765,1,0.990964,1,ml_only,0,,,,,,,,1,merchant_ecosystem_abuse,mule_laundering,session velocity raises risk;event_hour raises risk;transaction_type_code raises risk
txn_44b9de9ca938,0.8157125541552381,1,0.815713,1,ml_only,0,,,,,,,,1,merchant_ecosystem_abuse,mule_laundering,event_hour lowers risk;session velocity lowers risk;high generated risk score lowers risk
txn_54052658620c,0.9415564216448109,1,0.941556,1,ml_only,0,,,,,,,,1,merchant_ecosystem_abuse,mule_laundering,event_hour lowers risk;transaction_type_code raises risk;merchant chargeback behavior raises risk
txn_1c2ed2b71461,0.9721459947066446,1,0.972146,1,ml_only,0,,,,,,,,1,merchant_ecosystem_abuse,mule_laundering,session velocity raises risk;event_hour lowers risk;transaction_type_code raises risk
