transaction_id,fraud_score,prediction,ml_fraud_score,ml_prediction,decision_engine,llm_reviewed,llm_provider,llm_semantic_risk_score,llm_novelty_score,llm_recommendation,llm_rationale,llm_risk_indicators,llm_fallback,label,attack_bucket,attack_subtype,reason_codes
txn_f5142e8ab368,0.0003531524064888316,0,0.000353,0,ml_only,0,,,,,,,,0,,,device history lowers risk;session velocity lowers risk;high generated risk score lowers risk
txn_10449be37726,0.0008626833944894489,0,0.000863,0,ml_only,0,,,,,,,,0,,,device history lowers risk;session velocity lowers risk;high generated risk score lowers risk
txn_26d576d350fd,0.0004485982406056114,0,0.000449,0,ml_only,0,,,,,,,,0,,,device history lowers risk;session velocity lowers risk;high generated risk score lowers risk
txn_1e336c972dc2,0.00046831553481576765,0,0.000468,0,ml_only,0,,,,,,,,0,,,device history lowers risk;session velocity lowers risk;high generated risk score lowers risk
txn_379e585fbbf9,0.00016204088116060532,0,0.000162,0,ml_only,0,,,,,,,,0,,,device history lowers risk;session velocity lowers risk;high generated risk score lowers risk
txn_4e6870abfd29,0.0003699741300397142,0,0.00037,0,ml_only,0,,,,,,,,0,,,session velocity lowers risk;high generated risk score lowers risk;device history lowers risk
txn_c206a31ff7e0,7.990654421598675e-05,0,8e-05,0,ml_only,0,,,,,,,,0,,,merchant age lowers risk;session velocity lowers risk;high generated risk score lowers risk
txn_f1e98d17caf5,0.0009912623304788614,0,0.000991,0,ml_only,0,,,,,,,,0,,,session velocity lowers risk;device history lowers risk;high generated risk score lowers risk
txn_2f98a4660c29,0.0030771990079716998,0,0.003077,0,ml_only,0,,,,,,,,0,,,session velocity lowers risk;high generated risk score lowers risk;device history lowers risk
txn_ecc107c778b7,0.0008134516940244846,0,0.000813,0,ml_only,0,,,,,,,,0,,,merchant age lowers risk;session velocity lowers risk;device history lowers risk
txn_34ac9ef571e6,0.01310742124209848,0,0.013107,0,ml_only,0,,,,,,,,0,,,session velocity lowers risk;high generated risk score lowers risk;merchant chargeback behavior lowers risk
txn_59a2fe596426,0.006462725759833758,0,0.006463,0,ml_only,0,,,,,,,,0,,,session velocity lowers risk;high generated risk score lowers risk;merchant age lowers risk
txn_56d0609fa109,0.0011291294277888243,0,0.001129,0,ml_only,0,,,,,,,,0,,,session velocity lowers risk;merchant age lowers risk;high generated risk score lowers risk
txn_4567c4cde7b7,0.0025503159709288846,0,0.00255,0,ml_only,0,,,,,,,,0,,,session velocity lowers risk;high generated risk score lowers risk;merchant chargeback behavior lowers risk
txn_917948913213,0.00046243380011306185,0,0.000462,0,ml_only,0,,,,,,,,0,,,merchant age lowers risk;session velocity lowers risk;high generated risk score lowers risk
txn_5a748823564c,0.0001838286023188044,0,0.000184,0,ml_only,0,,,,,,,,0,,,merchant age lowers risk;session velocity lowers risk;high generated risk score lowers risk
txn_ba500d83f947,0.0007258434997383163,0,0.000726,0,ml_only,0,,,,,,,,0,,,session velocity lowers risk;device history lowers risk;high generated risk score lowers risk
txn_247601281e67,0.00013826328243506756,0,0.000138,0,ml_only,0,,,,,,,,0,,,session velocity lowers risk;device history lowers risk;high generated risk score lowers risk
txn_ee2a1bca658d,0.0002698453588591624,0,0.00027,0,ml_only,0,,,,,,,,0,,,high generated risk score lowers risk;session velocity lowers risk;device history lowers risk
txn_775c9fd8ae76,0.0004038164888528863,0,0.000404,0,ml_only,0,,,,,,,,0,,,high generated risk score lowers risk;session velocity lowers risk;device history lowers risk
txn_f24567c918e8,0.000500808439573624,0,0.000501,0,ml_only,0,,,,,,,,0,,,device history lowers risk;high generated risk score lowers risk;session velocity lowers risk
txn_c821c103346c,0.0006403459297521945,0,0.00064,0,ml_only,0,,,,,,,,0,,,device history lowers risk;session velocity lowers risk;customer account age lowers risk
txn_29a289332c36,0.0005909667800712546,0,0.000591,0,ml_only,0,,,,,,,,0,,,device history lowers risk;session velocity lowers risk;high generated risk score lowers risk
txn_00b1384bc661,0.0011361745332148145,0,0.001136,0,ml_only,0,,,,,,,,0,,,device history lowers risk;session velocity lowers risk;customer account age lowers risk
txn_c13154d09aba,0.00032271957438410024,0,0.000323,0,ml_only,0,,,,,,,,0,,,merchant age lowers risk;device history lowers risk;session velocity lowers risk
txn_d57b99a8cc53,0.053588,1,0.025126,0,hybrid_ml_llm,1,local_lmstudio,0.12,0.15,allow,"The transaction exhibits low-risk characteristics: aligned billing/shipping addresses, moderate transaction frequency for both customer and device/IP, and a legitimate merchant profile. The ML model confidently classifies this as non-fraudulent.",low novelty score;low ml fraud score;legitimate merchant profile,,0,,,session velocity lowers risk;high generated risk score lowers risk;IP velocity lowers risk
txn_8a990305aa8c,0.009171624152283557,0,0.009172,0,ml_only,0,,,,,,,,0,,,session velocity lowers risk;high generated risk score lowers risk;merchant chargeback behavior lowers risk
txn_1f534183e6ad,0.00520160664363523,0,0.005202,0,ml_only,0,,,,,,,,0,,,merchant age lowers risk;session velocity lowers risk;high generated risk score lowers risk
txn_d2e1c7881702,0.002044910268653303,0,0.002045,0,ml_only,0,,,,,,,,0,,,customer account age lowers risk;session velocity lowers risk;high generated risk score lowers risk
txn_f7e6768d6e91,0.000954118998737468,0,0.000954,0,ml_only,0,,,,,,,,0,,,customer account age lowers risk;session velocity lowers risk;high generated risk score lowers risk
txn_991647e01c50,5.377395967039397e-05,0,5.4e-05,0,ml_only,0,,,,,,,,0,,,customer account age lowers risk;session velocity lowers risk;merchant age lowers risk
txn_f42976b67a1b,0.00031708231751916867,0,0.000317,0,ml_only,0,,,,,,,,0,,,customer account age lowers risk;session velocity lowers risk;device history lowers risk
txn_179aa9fecb46,0.0001606669756170506,0,0.000161,0,ml_only,0,,,,,,,,0,,,merchant age lowers risk;high generated risk score lowers risk;session velocity lowers risk
txn_e07c6c345784,5.75664479426535e-05,0,5.8e-05,0,ml_only,0,,,,,,,,0,,,merchant age lowers risk;session velocity lowers risk;high generated risk score lowers risk
txn_6c1bfd5b7231,0.0017679572549693376,0,0.001768,0,ml_only,0,,,,,,,,0,,,session velocity lowers risk;device history lowers risk;high generated risk score lowers risk
txn_41c6ade2a40b,0.00021661402773346725,0,0.000217,0,ml_only,0,,,,,,,,0,,,high generated risk score lowers risk;session velocity lowers risk;device history lowers risk
txn_c2d2bdcb73eb,0.002763735601662498,0,0.002764,0,ml_only,0,,,,,,,,0,,,session velocity lowers risk;high generated risk score lowers risk;device history lowers risk
txn_d3babd780366,0.008667299373040215,0,0.008667,0,ml_only,0,,,,,,,,0,,,session velocity lowers risk;high generated risk score lowers risk;device history lowers risk
txn_312f251c7288,0.00436842822814421,0,0.004368,0,ml_only,0,,,,,,,,0,,,session velocity lowers risk;high generated risk score lowers risk;device history lowers risk
txn_4dcd5c5b4f5b,0.004157791049837213,0,0.004158,0,ml_only,0,,,,,,,,0,,,session velocity lowers risk;device history lowers risk;high generated risk score lowers risk
txn_1d6ba91f198a,0.001787297055161221,0,0.001787,0,ml_only,0,,,,,,,,0,,,high generated risk score lowers risk;session velocity lowers risk;customer account age lowers risk
txn_a307a9b90fa0,0.0009117755574702205,0,0.000912,0,ml_only,0,,,,,,,,0,,,session velocity lowers risk;customer account age lowers risk;high generated risk score lowers risk
txn_d859b976d957,0.00039147044290404324,0,0.000391,0,ml_only,0,,,,,,,,0,,,merchant age lowers risk;session velocity lowers risk;customer account age lowers risk
txn_01e25959fded,0.004046290744913091,0,0.004046,0,ml_only,0,,,,,,,,0,,,session velocity lowers risk;customer account age lowers risk;high generated risk score lowers risk
txn_06cdd8aa8d06,0.014324179826723918,0,0.014324,0,ml_only,0,,,,,,,,0,,,session velocity lowers risk;high generated risk score lowers risk;IP velocity lowers risk
txn_d9e46eb30b54,0.001826968426831599,0,0.001827,0,ml_only,0,,,,,,,,0,,,merchant age lowers risk;high generated risk score lowers risk;session velocity lowers risk
txn_52daf3084756,0.0068862356114799475,0,0.006886,0,ml_only,0,,,,,,,,0,,,high generated risk score lowers risk;session velocity lowers risk;merchant chargeback behavior lowers risk
txn_186666b133c9,0.0028852970230526576,0,0.002885,0,ml_only,0,,,,,,,,0,,,session velocity lowers risk;high generated risk score lowers risk;merchant age lowers risk
txn_626ea8ea3dbc,0.0013351655946116075,0,0.001335,0,ml_only,0,,,,,,,,0,,,session velocity lowers risk;merchant age lowers risk;high generated risk score lowers risk
txn_e4e65d53655e,0.004908175056046251,0,0.004908,0,ml_only,0,,,,,,,,0,,,session velocity lowers risk;customer account age lowers risk;high generated risk score lowers risk
txn_55f96b81db31,0.00010670606141169992,0,0.000107,0,ml_only,0,,,,,,,,0,,,device history lowers risk;merchant age lowers risk;session velocity lowers risk
txn_cc3b2532dd56,3.130567471927907e-05,0,3.1e-05,0,ml_only,0,,,,,,,,0,,,device history lowers risk;merchant age lowers risk;high generated risk score lowers risk
txn_d422205dcfe9,0.0006418057554523897,0,0.000642,0,ml_only,0,,,,,,,,0,,,device history lowers risk;session velocity lowers risk;high generated risk score lowers risk
txn_4126188cc2b1,0.00028802782187470696,0,0.000288,0,ml_only,0,,,,,,,,0,,,device history lowers risk;session velocity lowers risk;merchant age lowers risk
txn_18c95871a86d,0.0007428451087618928,0,0.000743,0,ml_only,0,,,,,,,,0,,,device history lowers risk;session velocity lowers risk;high generated risk score lowers risk
txn_ba2dc718e9c9,0.0016946976100111382,0,0.001695,0,ml_only,0,,,,,,,,0,,,session velocity lowers risk;high generated risk score lowers risk;customer account age lowers risk
txn_c515096d7361,0.0009302427088342883,0,0.00093,0,ml_only,0,,,,,,,,0,,,session velocity lowers risk;high generated risk score lowers risk;customer account age lowers risk
txn_3a4065129c2c,0.000703580303014451,0,0.000704,0,ml_only,0,,,,,,,,0,,,session velocity lowers risk;customer account age lowers risk;high generated risk score lowers risk
txn_465e778fdece,0.0003728081649403368,0,0.000373,0,ml_only,0,,,,,,,,0,,,session velocity lowers risk;customer account age lowers risk;high generated risk score lowers risk
txn_ec60b8aa307c,0.00035510389477720725,0,0.000355,0,ml_only,0,,,,,,,,0,,,high generated risk score lowers risk;session velocity lowers risk;customer account age lowers risk
txn_2b1713ca7a82,0.0005347758035097531,0,0.000535,0,ml_only,0,,,,,,,,0,,,customer account age lowers risk;merchant age lowers risk;session velocity lowers risk
txn_3debab9cd7df,0.0007808292008896089,0,0.000781,0,ml_only,0,,,,,,,,0,,,customer account age lowers risk;high generated risk score lowers risk;session velocity lowers risk
txn_3e2c458de003,0.0011618206220019797,0,0.001162,0,ml_only,0,,,,,,,,0,,,customer account age lowers risk;session velocity lowers risk;high generated risk score lowers risk
txn_9c0e215391d2,0.0002641634594821364,0,0.000264,0,ml_only,0,,,,,,,,0,,,customer account age lowers risk;high generated risk score lowers risk;merchant age lowers risk
txn_4c6522969cfd,0.006879236250611402,0,0.006879,0,ml_only,0,,,,,,,,0,,,session velocity lowers risk;high generated risk score lowers risk;merchant chargeback behavior lowers risk
txn_ea28de44bcf5,0.0009993761538735057,0,0.000999,0,ml_only,0,,,,,,,,0,,,high generated risk score lowers risk;session velocity lowers risk;merchant age lowers risk
txn_59fce9e95f2c,0.0009889639370419079,0,0.000989,0,ml_only,0,,,,,,,,0,,,high generated risk score lowers risk;session velocity lowers risk;merchant age lowers risk
txn_cf9ff32b920d,0.0030108052593187454,0,0.003011,0,ml_only,0,,,,,,,,0,,,session velocity lowers risk;high generated risk score lowers risk;customer account age lowers risk
txn_f631ef3f55c2,0.002002308109618343,0,0.002002,0,ml_only,0,,,,,,,,0,,,merchant age lowers risk;session velocity lowers risk;high generated risk score lowers risk
txn_8ccedb43cc52,0.001090642889940249,0,0.001091,0,ml_only,0,,,,,,,,0,,,merchant age lowers risk;high generated risk score lowers risk;session velocity lowers risk
txn_affbd4c9c276,0.015552563286004586,0,0.015553,0,ml_only,0,,,,,,,,0,,,session velocity lowers risk;high generated risk score lowers risk;device history lowers risk
txn_feee4662f51c,0.0022686862818859987,0,0.002269,0,ml_only,0,,,,,,,,0,,,high generated risk score lowers risk;session velocity lowers risk;merchant age lowers risk
txn_58a2fbf81de9,0.0006614946325714151,0,0.000661,0,ml_only,0,,,,,,,,0,,,session velocity lowers risk;high generated risk score lowers risk;customer account age lowers risk
txn_2b2d42a02389,0.0021115198914828702,0,0.002112,0,ml_only,0,,,,,,,,0,,,session velocity lowers risk;high generated risk score lowers risk;customer account age lowers risk
txn_4ab72c1c8182,0.0018605956722169824,0,0.001861,0,ml_only,0,,,,,,,,0,,,session velocity lowers risk;customer account age lowers risk;high generated risk score lowers risk
txn_a87726d6c876,0.0008504615231100872,0,0.00085,0,ml_only,0,,,,,,,,0,,,device history lowers risk;session velocity lowers risk;high generated risk score lowers risk
txn_711ddcdb2e99,0.00197658355127542,0,0.001977,0,ml_only,0,,,,,,,,0,,,device history lowers risk;session velocity lowers risk;high generated risk score lowers risk
txn_08c6712f201f,0.0010817687735595219,0,0.001082,0,ml_only,0,,,,,,,,0,,,device history lowers risk;session velocity lowers risk;high generated risk score lowers risk
txn_a3fb8db48b51,0.0004924489347843078,0,0.000492,0,ml_only,0,,,,,,,,0,,,merchant age lowers risk;device history lowers risk;session velocity lowers risk
txn_c69b3c0dd735,0.0025171997145333113,0,0.002517,0,ml_only,0,,,,,,,,0,,,device history lowers risk;session velocity lowers risk;high generated risk score lowers risk
txn_05a066a2f9ba,0.007849019288069954,0,0.007849,0,ml_only,0,,,,,,,,0,,,session velocity lowers risk;high generated risk score lowers risk;device history lowers risk
txn_177405a51d6b,0.0016205795676458726,0,0.001621,0,ml_only,0,,,,,,,,0,,,merchant age lowers risk;session velocity lowers risk;high generated risk score lowers risk
txn_83764358940a,0.001540882612166514,0,0.001541,0,ml_only,0,,,,,,,,0,,,high generated risk score lowers risk;session velocity lowers risk;IP velocity lowers risk
txn_70db3b0a6af4,0.001628513573524103,0,0.001629,0,ml_only,0,,,,,,,,0,,,session velocity lowers risk;high generated risk score lowers risk;merchant age lowers risk
txn_5d22b555e397,0.0018725731728068066,0,0.001873,0,ml_only,0,,,,,,,,0,,,high generated risk score lowers risk;session velocity lowers risk;merchant age lowers risk
txn_7cd1b8f35696,0.0014656209866819397,0,0.001466,0,ml_only,0,,,,,,,,0,,,device history lowers risk;session velocity lowers risk;high generated risk score lowers risk
txn_0e213b5d9231,0.00030568744760375816,0,0.000306,0,ml_only,0,,,,,,,,0,,,device history lowers risk;merchant age lowers risk;high generated risk score lowers risk
txn_2c237d6568dc,0.00025664909104226483,0,0.000257,0,ml_only,0,,,,,,,,0,,,device history lowers risk;merchant age lowers risk;session velocity lowers risk
txn_11614eb9963d,0.00100186952398489,0,0.001002,0,ml_only,0,,,,,,,,0,,,device history lowers risk;session velocity lowers risk;high generated risk score lowers risk
txn_93ea54b814fb,0.00013384976952233386,0,0.000134,0,ml_only,0,,,,,,,,0,,,device history lowers risk;session velocity lowers risk;merchant age lowers risk
txn_f8ffb49d6b6b,0.00047242132388694244,0,0.000472,0,ml_only,0,,,,,,,,0,,,device history lowers risk;session velocity lowers risk;high generated risk score lowers risk
txn_0b56a104eb28,0.000541472199877923,0,0.000541,0,ml_only,0,,,,,,,,0,,,high generated risk score lowers risk;device history lowers risk;session velocity lowers risk
txn_5ca2522836bf,0.0007005552639626281,0,0.000701,0,ml_only,0,,,,,,,,0,,,device history lowers risk;session velocity lowers risk;high generated risk score lowers risk
txn_ea06e3733748,0.000579309544510234,0,0.000579,0,ml_only,0,,,,,,,,0,,,device history lowers risk;session velocity lowers risk;high generated risk score lowers risk
txn_87d7fc7a12d6,0.00022412044459263643,0,0.000224,0,ml_only,0,,,,,,,,0,,,high generated risk score lowers risk;device history lowers risk;session velocity lowers risk
txn_dcaff1485ffa,0.0017364808944835396,0,0.001736,0,ml_only,0,,,,,,,,0,,,session velocity lowers risk;high generated risk score lowers risk;customer account age lowers risk
txn_327b71b5905f,0.0009367268292208467,0,0.000937,0,ml_only,0,,,,,,,,0,,,merchant age lowers risk;session velocity lowers risk;high generated risk score lowers risk
txn_c88943d62494,0.012793337842255711,0,0.012793,0,ml_only,0,,,,,,,,0,,,session velocity lowers risk;high generated risk score lowers risk;customer account age lowers risk
txn_27c2ff9d95f6,0.003849150824752645,0,0.003849,0,ml_only,0,,,,,,,,0,,,session velocity lowers risk;high generated risk score lowers risk;customer account age lowers risk
txn_0ced9dba2aa4,0.0017312662777435328,0,0.001731,0,ml_only,0,,,,,,,,0,,,merchant age lowers risk;session velocity lowers risk;high generated risk score lowers risk
txn_ec0ef7b0804d,0.002069260466157231,0,0.002069,0,ml_only,0,,,,,,,,0,,,session velocity lowers risk;device history lowers risk;high generated risk score lowers risk
txn_f562373ead80,0.001165400016825468,0,0.001165,0,ml_only,0,,,,,,,,0,,,session velocity lowers risk;device history lowers risk;merchant age lowers risk
txn_3c270eeb394f,0.0008664164760477346,0,0.000866,0,ml_only,0,,,,,,,,0,,,session velocity lowers risk;merchant age lowers risk;device history lowers risk
txn_42d100c241c9,0.0017702663075129634,0,0.00177,0,ml_only,0,,,,,,,,0,,,session velocity lowers risk;device history lowers risk;high generated risk score lowers risk
txn_a6579141622d,0.00035907516412173333,0,0.000359,0,ml_only,0,,,,,,,,0,,,merchant age lowers risk;session velocity lowers risk;high generated risk score lowers risk
txn_7dffba2975e5,0.00018140034344539345,0,0.000181,0,ml_only,0,,,,,,,,0,,,merchant age lowers risk;device history lowers risk;session velocity lowers risk
txn_31b6fe64b67b,0.0014887042917809176,0,0.001489,0,ml_only,0,,,,,,,,0,,,device history lowers risk;session velocity lowers risk;high generated risk score lowers risk
txn_a969dda32da6,0.0003122480448396127,0,0.000312,0,ml_only,0,,,,,,,,0,,,device history lowers risk;session velocity lowers risk;merchant age lowers risk
txn_69169ea1ca1b,0.0022745233054962634,0,0.002275,0,ml_only,0,,,,,,,,0,,,device history lowers risk;session velocity lowers risk;high generated risk score lowers risk
txn_9e55f4d2b8c7,0.0013226726293320541,0,0.001323,0,ml_only,0,,,,,,,,0,,,device history lowers risk;session velocity lowers risk;high generated risk score lowers risk
txn_f10272505739,0.010785520200193844,0,0.010786,0,ml_only,0,,,,,,,,0,,,session velocity lowers risk;high generated risk score lowers risk;merchant refund behavior lowers risk
txn_62f2ca195648,0.008253524597984261,0,0.008254,0,ml_only,0,,,,,,,,0,,,high generated risk score lowers risk;session velocity lowers risk;merchant chargeback behavior lowers risk
txn_6aaa5146af4d,0.003915841037709619,0,0.003916,0,ml_only,0,,,,,,,,0,,,session velocity lowers risk;high generated risk score lowers risk;customer account age raises risk
txn_7a22c2ae4a98,0.004715704734287053,0,0.004716,0,ml_only,0,,,,,,,,0,,,session velocity lowers risk;high generated risk score lowers risk;customer account age raises risk
txn_419379023fa3,0.0020318097379158945,0,0.002032,0,ml_only,0,,,,,,,,0,,,merchant age lowers risk;session velocity lowers risk;high generated risk score lowers risk
txn_2dec21995144,0.0033291254968779746,0,0.003329,0,ml_only,0,,,,,,,,0,,,session velocity lowers risk;high generated risk score lowers risk;device history lowers risk
txn_b9af4a940857,0.0043614469386577,0,0.004361,0,ml_only,0,,,,,,,,0,,,high generated risk score lowers risk;session velocity lowers risk;device history lowers risk
txn_9f8b1a6e0414,0.0013567084138871094,0,0.001357,0,ml_only,0,,,,,,,,0,,,merchant age lowers risk;session velocity lowers risk;high generated risk score lowers risk
txn_41e2b8d02da1,0.0033407509717719146,0,0.003341,0,ml_only,0,,,,,,,,0,,,session velocity lowers risk;high generated risk score lowers risk;device history lowers risk
txn_8a8dfca1103d,0.000400100325617667,0,0.0004,0,ml_only,0,,,,,,,,0,,,high generated risk score lowers risk;session velocity lowers risk;merchant age lowers risk
txn_3aa9821a5317,3.232956777260774e-05,0,3.2e-05,0,ml_only,0,,,,,,,,0,,,device history lowers risk;customer account age lowers risk;high generated risk score lowers risk
txn_4fd6e58e7bec,0.00018058875024050777,0,0.000181,0,ml_only,0,,,,,,,,0,,,device history lowers risk;customer account age lowers risk;session velocity lowers risk
txn_07f143219e24,2.6709490533264332e-05,0,2.7e-05,0,ml_only,0,,,,,,,,0,,,device history lowers risk;merchant age lowers risk;customer account age lowers risk
txn_a5871b53dcdd,3.204164483811506e-05,0,3.2e-05,0,ml_only,0,,,,,,,,0,,,device history lowers risk;merchant age lowers risk;customer account age lowers risk
txn_2ce943aaea98,0.0008943741014840134,0,0.000894,0,ml_only,0,,,,,,,,0,,,device history lowers risk;session velocity lowers risk;customer account age lowers risk
txn_539a70229451,0.0004222354903720044,0,0.000422,0,ml_only,0,,,,,,,,0,,,session velocity lowers risk;device history lowers risk;merchant age lowers risk
txn_eae9f8af9687,0.0009632706320632238,0,0.000963,0,ml_only,0,,,,,,,,0,,,session velocity lowers risk;device history lowers risk;customer account age lowers risk
txn_89bc9603849b,0.001088830658302877,0,0.001089,0,ml_only,0,,,,,,,,0,,,session velocity lowers risk;device history lowers risk;high generated risk score lowers risk
txn_9b9dfa388423,0.0006485497802886292,0,0.000649,0,ml_only,0,,,,,,,,0,,,customer account age lowers risk;session velocity lowers risk;device history lowers risk
txn_38be11ed8900,0.0005879421905656816,0,0.000588,0,ml_only,0,,,,,,,,0,,,customer account age lowers risk;session velocity lowers risk;high generated risk score lowers risk
txn_fd106d46b8d2,0.0005818069640938934,0,0.000582,0,ml_only,0,,,,,,,,0,,,customer account age lowers risk;session velocity lowers risk;high generated risk score lowers risk
txn_09544c9d4934,0.0006356349250141388,0,0.000636,0,ml_only,0,,,,,,,,0,,,customer account age lowers risk;session velocity lowers risk;high generated risk score lowers risk
txn_9a6ceb74025a,0.00017514677121029012,0,0.000175,0,ml_only,0,,,,,,,,0,,,merchant age lowers risk;customer account age lowers risk;session velocity lowers risk
txn_e034b0242207,0.0010818993299214893,0,0.001082,0,ml_only,0,,,,,,,,0,,,high generated risk score lowers risk;customer account age lowers risk;session velocity lowers risk
txn_80062e54f0c1,0.004243528208503934,0,0.004244,0,ml_only,0,,,,,,,,0,,,customer account age lowers risk;session velocity lowers risk;high generated risk score lowers risk
txn_71d8cef13985,0.0004183839881711186,0,0.000418,0,ml_only,0,,,,,,,,0,,,high generated risk score lowers risk;merchant age lowers risk;customer account age lowers risk
txn_ee806e58bbfd,0.005097734380730197,0,0.005098,0,ml_only,0,,,,,,,,0,,,session velocity lowers risk;high generated risk score lowers risk;merchant chargeback behavior lowers risk
txn_5ffb32f1e75a,0.0024444999291405186,0,0.002444,0,ml_only,0,,,,,,,,0,,,high generated risk score lowers risk;session velocity lowers risk;merchant age lowers risk
txn_f672dffe6e74,0.002340873909211267,0,0.002341,0,ml_only,0,,,,,,,,0,,,session velocity lowers risk;merchant age lowers risk;high generated risk score lowers risk
txn_a5e9da92907f,0.002811981331904512,0,0.002812,0,ml_only,0,,,,,,,,0,,,session velocity lowers risk;high generated risk score lowers risk;merchant chargeback behavior lowers risk
txn_07ccd96d665e,0.0005506069440066729,0,0.000551,0,ml_only,0,,,,,,,,0,,,merchant age lowers risk;high generated risk score lowers risk;session velocity lowers risk
txn_755fa4c1a292,0.0008266132662660187,0,0.000827,0,ml_only,0,,,,,,,,0,,,merchant age lowers risk;session velocity lowers risk;high generated risk score lowers risk
txn_e76545f633c0,0.008500970444858081,0,0.008501,0,ml_only,0,,,,,,,,0,,,session velocity lowers risk;high generated risk score lowers risk;customer account age lowers risk
txn_e950139a9d1c,0.0007678102855499244,0,0.000768,0,ml_only,0,,,,,,,,0,,,session velocity lowers risk;high generated risk score lowers risk;merchant age lowers risk
txn_d792c19edc8d,0.0016435970684243754,0,0.001644,0,ml_only,0,,,,,,,,0,,,session velocity lowers risk;high generated risk score lowers risk;customer account age lowers risk
txn_9ad59e99be08,0.0015242827006896787,0,0.001524,0,ml_only,0,,,,,,,,0,,,session velocity lowers risk;high generated risk score lowers risk;customer account age lowers risk
txn_749191e72c65,0.0053736868085844085,0,0.005374,0,ml_only,0,,,,,,,,0,,,session velocity lowers risk;high generated risk score lowers risk;customer account age lowers risk
txn_c0f64ab8f665,0.00358457089220043,0,0.003585,0,ml_only,0,,,,,,,,0,,,session velocity lowers risk;high generated risk score lowers risk;customer account age lowers risk
txn_2216cc698ac0,0.004398024606902832,0,0.004398,0,ml_only,0,,,,,,,,0,,,session velocity lowers risk;high generated risk score lowers risk;device history lowers risk
txn_e9cb9aa979bf,0.0030323194845196014,0,0.003032,0,ml_only,0,,,,,,,,0,,,session velocity lowers risk;high generated risk score lowers risk;device history lowers risk
txn_b0a1c5c081e5,0.0006513859020039341,0,0.000651,0,ml_only,0,,,,,,,,0,,,merchant age lowers risk;session velocity lowers risk;device history lowers risk
txn_4b3154cc7f8e,0.002647822575571442,0,0.002648,0,ml_only,0,,,,,,,,0,,,session velocity lowers risk;device history lowers risk;high generated risk score lowers risk
txn_06002550dcb4,0.001616349544279806,0,0.001616,0,ml_only,0,,,,,,,,0,,,session velocity lowers risk;high generated risk score lowers risk;device history lowers risk
txn_a38c6a6e5c61,0.0005671269552974328,0,0.000567,0,ml_only,0,,,,,,,,0,,,merchant age lowers risk;high generated risk score lowers risk;session velocity lowers risk
txn_8c065a432bab,0.003909060301773541,0,0.003909,0,ml_only,0,,,,,,,,0,,,session velocity lowers risk;device history lowers risk;high generated risk score lowers risk
txn_3be7401133a2,0.007064370025648877,0,0.007064,0,ml_only,0,,,,,,,,0,,,session velocity lowers risk;merchant age lowers risk;high generated risk score lowers risk
txn_c48b14e7b6f8,0.003193936924840922,0,0.003194,0,ml_only,0,,,,,,,,0,,,session velocity lowers risk;merchant age lowers risk;high generated risk score lowers risk
txn_cc38b4bb77ec,0.005995604973941384,0,0.005996,0,ml_only,0,,,,,,,,0,,,session velocity lowers risk;high generated risk score lowers risk;IP velocity lowers risk
txn_f0449b109d84,0.0021962807435878273,0,0.002196,0,ml_only,0,,,,,,,,0,,,merchant age lowers risk;session velocity lowers risk;high generated risk score lowers risk
txn_ce1519a6d979,0.001523248430217043,0,0.001523,0,ml_only,0,,,,,,,,0,,,merchant age lowers risk;session velocity lowers risk;high generated risk score lowers risk
txn_70126999b55f,0.0007844513638138846,0,0.000784,0,ml_only,0,,,,,,,,0,,,device history lowers risk;session velocity lowers risk;customer account age lowers risk
txn_63a14ca346bb,0.0001963449463185816,0,0.000196,0,ml_only,0,,,,,,,,0,,,high generated risk score lowers risk;device history lowers risk;session velocity lowers risk
txn_c319d744b191,0.0004772467508660889,0,0.000477,0,ml_only,0,,,,,,,,0,,,device history lowers risk;session velocity lowers risk;high generated risk score lowers risk
txn_499abb13dae4,0.0009282104392627962,0,0.000928,0,ml_only,0,,,,,,,,0,,,device history lowers risk;session velocity lowers risk;customer account age lowers risk
txn_0fa1cb476f0a,0.0008994340442033305,0,0.000899,0,ml_only,0,,,,,,,,0,,,device history lowers risk;session velocity lowers risk;high generated risk score lowers risk
txn_f7a1e2392280,0.0002840315692514705,0,0.000284,0,ml_only,0,,,,,,,,0,,,device history lowers risk;high generated risk score lowers risk;session velocity lowers risk
txn_b12cad9e92d6,0.00044419696141010994,0,0.000444,0,ml_only,0,,,,,,,,0,,,device history lowers risk;session velocity lowers risk;high generated risk score lowers risk
txn_b870cd291f70,0.0005065129093588535,0,0.000507,0,ml_only,0,,,,,,,,0,,,device history lowers risk;session velocity lowers risk;high generated risk score lowers risk
txn_b51f05502f6d,7.044231206279233e-05,0,7e-05,0,ml_only,0,,,,,,,,0,,,device history lowers risk;merchant age lowers risk;customer account age lowers risk
txn_f590d36078b0,0.00022999378986903637,0,0.00023,0,ml_only,0,,,,,,,,0,,,device history lowers risk;customer account age lowers risk;session velocity lowers risk
txn_fed63e06058e,0.0009346696436488568,0,0.000935,0,ml_only,0,,,,,,,,0,,,customer account age lowers risk;device history lowers risk;session velocity lowers risk
txn_4e8a313120a1,9.496529754496994e-05,0,9.5e-05,0,ml_only,0,,,,,,,,0,,,merchant age lowers risk;customer account age lowers risk;device history lowers risk
txn_7af254e2734b,0.0029575250254157497,0,0.002958,0,ml_only,0,,,,,,,,0,,,device history lowers risk;session velocity lowers risk;high generated risk score lowers risk
txn_83607782d594,0.0018444032707685448,0,0.001844,0,ml_only,0,,,,,,,,0,,,device history lowers risk;session velocity lowers risk;high generated risk score lowers risk
txn_f83401430af4,0.0007373534133852856,0,0.000737,0,ml_only,0,,,,,,,,0,,,device history lowers risk;session velocity lowers risk;merchant age lowers risk
txn_4f46a94ea75a,0.0018093183242400563,0,0.001809,0,ml_only,0,,,,,,,,0,,,device history lowers risk;session velocity lowers risk;high generated risk score lowers risk
txn_86c7f36426b6,9.649852626916382e-05,0,9.6e-05,0,ml_only,0,,,,,,,,0,,,customer account age lowers risk;merchant age lowers risk;device history lowers risk
txn_44f8befa2da8,6.369396591990682e-05,0,6.4e-05,0,ml_only,0,,,,,,,,0,,,merchant age lowers risk;customer account age lowers risk;device history lowers risk
txn_442680f74427,0.0005978912322189594,0,0.000598,0,ml_only,0,,,,,,,,0,,,customer account age lowers risk;device history lowers risk;session velocity lowers risk
txn_88d9382813f9,7.349954234571591e-05,0,7.3e-05,0,ml_only,0,,,,,,,,0,,,customer account age lowers risk;high generated risk score lowers risk;device history lowers risk
txn_739adf49b9b2,0.0005831632017006015,0,0.000583,0,ml_only,0,,,,,,,,0,,,device history lowers risk;session velocity lowers risk;high generated risk score lowers risk
txn_6e6f2b70302b,0.0008043089008173548,0,0.000804,0,ml_only,0,,,,,,,,0,,,device history lowers risk;session velocity lowers risk;high generated risk score lowers risk
txn_bb9e3d0cf919,0.0007924162153751349,0,0.000792,0,ml_only,0,,,,,,,,0,,,device history lowers risk;session velocity lowers risk;high generated risk score lowers risk
txn_24ac38e3b8ff,0.0003196432673237681,0,0.00032,0,ml_only,0,,,,,,,,0,,,device history lowers risk;high generated risk score lowers risk;session velocity lowers risk
txn_f8482102046b,0.00011084816268039804,0,0.000111,0,ml_only,0,,,,,,,,0,,,device history lowers risk;session velocity lowers risk;high generated risk score lowers risk
txn_acaadbea3587,0.0005347625270099286,0,0.000535,0,ml_only,0,,,,,,,,0,,,device history lowers risk;session velocity lowers risk;customer account age lowers risk
txn_26811f8d1912,0.0001677147830730966,0,0.000168,0,ml_only,0,,,,,,,,0,,,device history lowers risk;merchant age lowers risk;session velocity lowers risk
txn_42f9fd62cdea,0.00038372660321989063,0,0.000384,0,ml_only,0,,,,,,,,0,,,device history lowers risk;session velocity lowers risk;high generated risk score lowers risk
txn_8dc7524503b6,0.0011824620011996142,0,0.001182,0,ml_only,0,,,,,,,,0,,,device history lowers risk;session velocity lowers risk;customer account age lowers risk
txn_9cd885675084,0.00011746884137562681,0,0.000117,0,ml_only,0,,,,,,,,0,,,device history lowers risk;merchant age lowers risk;session velocity lowers risk
txn_f474f7856e47,0.004075756054949282,0,0.004076,0,ml_only,0,,,,,,,,0,,,session velocity lowers risk;high generated risk score lowers risk;customer account age lowers risk
txn_ab9bf2515280,0.002961278949796,0,0.002961,0,ml_only,0,,,,,,,,0,,,session velocity lowers risk;customer account age lowers risk;merchant age lowers risk
txn_92cd428035f8,0.0004723613260063988,0,0.000472,0,ml_only,0,,,,,,,,0,,,customer account age lowers risk;session velocity lowers risk;merchant age lowers risk
txn_c5e13e740b45,0.0008686903907859029,0,0.000869,0,ml_only,0,,,,,,,,0,,,customer account age lowers risk;high generated risk score lowers risk;session velocity lowers risk
txn_82e1663679d0,0.0002407431836273229,0,0.000241,0,ml_only,0,,,,,,,,0,,,customer account age lowers risk;merchant age lowers risk;high generated risk score lowers risk
txn_fa03703d0653,0.00013225729438647046,0,0.000132,0,ml_only,0,,,,,,,,0,,,merchant age lowers risk;customer account age lowers risk;session velocity lowers risk
txn_0c5b3d0bce97,0.004025090639922003,0,0.004025,0,ml_only,0,,,,,,,,0,,,customer account age lowers risk;session velocity lowers risk;high generated risk score lowers risk
txn_9a40d53a7096,0.00041890462174255284,0,0.000419,0,ml_only,0,,,,,,,,0,,,customer account age lowers risk;high generated risk score lowers risk;session velocity lowers risk
txn_1d8e3bca373d,0.0005254347479627324,0,0.000525,0,ml_only,0,,,,,,,,0,,,customer account age lowers risk;high generated risk score lowers risk;session velocity lowers risk
txn_4ed080aab847,0.0012603376850692082,0,0.00126,0,ml_only,0,,,,,,,,0,,,customer account age lowers risk;high generated risk score lowers risk;session velocity lowers risk
txn_ea811189fcb4,0.0024219504761941813,0,0.002422,0,ml_only,0,,,,,,,,0,,,session velocity lowers risk;high generated risk score lowers risk;IP reputation lowers risk
txn_5e91e5a6a241,0.00328532731168121,0,0.003285,0,ml_only,0,,,,,,,,0,,,session velocity lowers risk;high generated risk score lowers risk;merchant chargeback behavior lowers risk
txn_6cb97d6610ea,0.0007293867500331345,0,0.000729,0,ml_only,0,,,,,,,,0,,,high generated risk score lowers risk;session velocity lowers risk;IP velocity lowers risk
txn_46c05a977846,0.004017101274700501,0,0.004017,0,ml_only,0,,,,,,,,0,,,session velocity lowers risk;high generated risk score lowers risk;IP reputation lowers risk
txn_d5ab1ca6a3d5,0.0014901020118156256,0,0.00149,0,ml_only,0,,,,,,,,0,,,merchant age lowers risk;high generated risk score lowers risk;session velocity lowers risk
txn_0cd6ea4bf458,0.011250251034061853,0,0.01125,0,ml_only,0,,,,,,,,0,,,session velocity lowers risk;high generated risk score lowers risk;customer account age raises risk
txn_2dadd761c752,0.014630775327267441,0,0.014631,0,ml_only,0,,,,,,,,0,,,session velocity lowers risk;high generated risk score lowers risk;IP velocity lowers risk
txn_69a438b0c2cc,0.0018519841352181092,0,0.001852,0,ml_only,0,,,,,,,,0,,,high generated risk score lowers risk;merchant age lowers risk;session velocity lowers risk
txn_61219616ccb8,0.0019456261271457572,0,0.001946,0,ml_only,0,,,,,,,,0,,,session velocity lowers risk;high generated risk score lowers risk;merchant chargeback behavior lowers risk
txn_b3ddebf297ee,0.0008811397492895615,0,0.000881,0,ml_only,0,,,,,,,,0,,,session velocity lowers risk;high generated risk score lowers risk;merchant age lowers risk
txn_2801f2dc8b8a,0.0003845562205799578,0,0.000385,0,ml_only,0,,,,,,,,0,,,session velocity lowers risk;merchant age lowers risk;device history lowers risk
txn_0aa2f171809f,0.0020437954471143054,0,0.002044,0,ml_only,0,,,,,,,,0,,,session velocity lowers risk;device history lowers risk;high generated risk score lowers risk
txn_2ed655645ef9,0.0006168237832443141,0,0.000617,0,ml_only,0,,,,,,,,0,,,merchant age lowers risk;session velocity lowers risk;device history lowers risk
txn_d189889e5b8c,0.0003105885293145562,0,0.000311,0,ml_only,0,,,,,,,,0,,,merchant age lowers risk;session velocity lowers risk;device history lowers risk
txn_8532280d7b8a,0.00352362046791453,0,0.003524,0,ml_only,0,,,,,,,,0,,,session velocity lowers risk;device history lowers risk;high generated risk score lowers risk
txn_aead5b2bf028,0.0032137149552449082,0,0.003214,0,ml_only,0,,,,,,,,0,,,session velocity lowers risk;high generated risk score lowers risk;merchant age lowers risk
txn_41787bd1e047,0.010714303053216833,0,0.010714,0,ml_only,0,,,,,,,,0,,,session velocity lowers risk;high generated risk score lowers risk;merchant chargeback behavior lowers risk
txn_141fe0bb2d57,0.005229175131945851,0,0.005229,0,ml_only,0,,,,,,,,0,,,high generated risk score lowers risk;session velocity lowers risk;merchant chargeback behavior lowers risk
txn_a967d3733a25,0.015473084171712798,0,0.015473,0,ml_only,0,,,,,,,,0,,,session velocity lowers risk;high generated risk score lowers risk;customer account age raises risk
txn_a41a626965cd,0.008434394275150107,0,0.008434,0,ml_only,0,,,,,,,,0,,,session velocity lowers risk;high generated risk score lowers risk;IP velocity lowers risk
txn_6c7b77d6d52e,0.0008411103308532389,0,0.000841,0,ml_only,0,,,,,,,,0,,,customer account age lowers risk;session velocity lowers risk;high generated risk score lowers risk
txn_01d201e7aa12,0.0006614085395743822,0,0.000661,0,ml_only,0,,,,,,,,0,,,high generated risk score lowers risk;customer account age lowers risk;session velocity lowers risk
txn_b4fc2e5ca97a,0.0005336628632038094,0,0.000534,0,ml_only,0,,,,,,,,0,,,merchant age lowers risk;customer account age lowers risk;session velocity lowers risk
txn_e46b39780ff0,0.001821468663376712,0,0.001821,0,ml_only,0,,,,,,,,0,,,customer account age lowers risk;session velocity lowers risk;high generated risk score lowers risk
txn_df5e0e3cd143,0.011834245551174004,0,0.011834,0,ml_only,0,,,,,,,,0,,,session velocity lowers risk;high generated risk score lowers risk;customer account age lowers risk
txn_a329bc2d3608,0.0007791001149187262,0,0.000779,0,ml_only,0,,,,,,,,0,,,merchant age lowers risk;session velocity lowers risk;high generated risk score lowers risk
txn_acf1b84999bd,0.0023743547711470663,0,0.002374,0,ml_only,0,,,,,,,,0,,,high generated risk score lowers risk;session velocity lowers risk;customer account age lowers risk
txn_8bb45ed148f9,0.0007746273719092209,0,0.000775,0,ml_only,0,,,,,,,,0,,,session velocity lowers risk;merchant age lowers risk;customer account age lowers risk
txn_a5e577cffe4b,0.0003548647549568109,0,0.000355,0,ml_only,0,,,,,,,,0,,,session velocity lowers risk;merchant age lowers risk;high generated risk score lowers risk
txn_43b297ecb144,0.0011594521752835896,0,0.001159,0,ml_only,0,,,,,,,,0,,,session velocity lowers risk;customer account age lowers risk;high generated risk score lowers risk
txn_e9eabb9ed03f,0.00028612021806549145,0,0.000286,0,ml_only,0,,,,,,,,0,,,merchant age lowers risk;session velocity lowers risk;customer account age lowers risk
txn_9744a7170ef6,0.00013027299796417299,0,0.00013,0,ml_only,0,,,,,,,,0,,,merchant age lowers risk;session velocity lowers risk;high generated risk score lowers risk
txn_4c26d0e4f01f,0.002800782469112754,0,0.002801,0,ml_only,0,,,,,,,,0,,,session velocity lowers risk;customer account age lowers risk;device history lowers risk
txn_2e43b28cc8a4,0.000209561050018272,0,0.00021,0,ml_only,0,,,,,,,,0,,,session velocity lowers risk;customer account age lowers risk;high generated risk score lowers risk
txn_67b10e7bd6c8,0.0008364170370534213,0,0.000836,0,ml_only,0,,,,,,,,0,,,high generated risk score lowers risk;session velocity lowers risk;customer account age lowers risk
txn_f9e2bc9055fe,0.000420022288311773,0,0.00042,0,ml_only,0,,,,,,,,0,,,device history lowers risk;session velocity lowers risk;customer account age lowers risk
txn_567c03030e22,0.0007057909964229097,0,0.000706,0,ml_only,0,,,,,,,,0,,,device history lowers risk;session velocity lowers risk;high generated risk score lowers risk
txn_8cd909d988d6,0.0014895254579043735,0,0.00149,0,ml_only,0,,,,,,,,0,,,device history lowers risk;session velocity lowers risk;high generated risk score lowers risk
txn_ec39e09903a3,0.0009999117642235935,0,0.001,0,ml_only,0,,,,,,,,0,,,device history lowers risk;session velocity lowers risk;high generated risk score lowers risk
txn_afe380e9df16,0.001033943850298461,0,0.001034,0,ml_only,0,,,,,,,,0,,,device history lowers risk;session velocity lowers risk;high generated risk score lowers risk
txn_fe72108f6529,0.0005505411302701795,0,0.000551,0,ml_only,0,,,,,,,,0,,,merchant age lowers risk;high generated risk score lowers risk;session velocity lowers risk
txn_15d97c9ed1b9,0.0068913209305452635,0,0.006891,0,ml_only,0,,,,,,,,0,,,session velocity lowers risk;high generated risk score lowers risk;customer account age lowers risk
txn_94ee0d06bb36,0.004836089156692491,0,0.004836,0,ml_only,0,,,,,,,,0,,,session velocity lowers risk;customer account age lowers risk;high generated risk score lowers risk
txn_1477e7bc2d4e,0.0006522571724520346,0,0.000652,0,ml_only,0,,,,,,,,0,,,merchant age lowers risk;high generated risk score lowers risk;session velocity lowers risk
txn_da0d3dc9a33a,0.003944193895309914,0,0.003944,0,ml_only,0,,,,,,,,0,,,high generated risk score lowers risk;session velocity lowers risk;merchant chargeback behavior lowers risk
txn_7c27bbbdd6f8,0.003906403410468425,0,0.003906,0,ml_only,0,,,,,,,,0,,,session velocity lowers risk;high generated risk score lowers risk;merchant age lowers risk
txn_47a04f2caae8,0.0034188018372832423,0,0.003419,0,ml_only,0,,,,,,,,0,,,session velocity lowers risk;merchant age lowers risk;high generated risk score lowers risk
txn_4bb1a69f6518,0.005295375901936059,0,0.005295,0,ml_only,0,,,,,,,,0,,,session velocity lowers risk;high generated risk score lowers risk;IP velocity lowers risk
txn_05cf397a2534,0.0006508014969963745,0,0.000651,0,ml_only,0,,,,,,,,0,,,merchant age lowers risk;high generated risk score lowers risk;session velocity lowers risk
txn_b8f82c903a91,0.0012836156631352669,0,0.001284,0,ml_only,0,,,,,,,,0,,,merchant age lowers risk;session velocity lowers risk;high generated risk score lowers risk
txn_b9d04240379e,0.045914,0,0.022734,0,hybrid_ml_llm,1,local_lmstudio,0.1,0.1,allow,"The transaction involves a low amount and aligns with typical customer behavior patterns based on historical data. However, there is slight deviation in device/IP usage frequency compared to direct user activity metrics.",low_amount;trusted_ip;long_term_customer,,0,,,session velocity lowers risk;high generated risk score lowers risk;customer account age lowers risk
txn_8aa330efadbf,0.005543736017457954,0,0.005544,0,ml_only,0,,,,,,,,0,,,session velocity lowers risk;merchant age lowers risk;high generated risk score lowers risk
txn_e33e7c3a4cd6,0.009607982067834251,0,0.009608,0,ml_only,0,,,,,,,,0,,,session velocity lowers risk;high generated risk score lowers risk;merchant chargeback behavior lowers risk
txn_76b42e06bbb2,0.009233138284883372,0,0.009233,0,ml_only,0,,,,,,,,0,,,session velocity lowers risk;high generated risk score lowers risk;merchant chargeback behavior lowers risk
txn_582b59886582,0.006746478908927706,0,0.006746,0,ml_only,0,,,,,,,,0,,,session velocity lowers risk;high generated risk score lowers risk;IP velocity lowers risk
txn_ca351eaa3bd3,0.002971218035697088,0,0.002971,0,ml_only,0,,,,,,,,0,,,high generated risk score lowers risk;session velocity lowers risk;device history lowers risk
txn_df7b463d698c,0.0030766639369827513,0,0.003077,0,ml_only,0,,,,,,,,0,,,session velocity lowers risk;high generated risk score lowers risk;device history lowers risk
txn_48949718c819,0.001698446109855263,0,0.001698,0,ml_only,0,,,,,,,,0,,,session velocity lowers risk;high generated risk score lowers risk;device history lowers risk
txn_4042cb5858e6,0.0007155427738748322,0,0.000716,0,ml_only,0,,,,,,,,0,,,merchant age lowers risk;session velocity lowers risk;high generated risk score lowers risk
txn_3cb29b71dcce,0.002832383101922864,0,0.002832,0,ml_only,0,,,,,,,,0,,,high generated risk score lowers risk;session velocity lowers risk;device history lowers risk
txn_207b42161d0f,0.0001864762489970702,0,0.000186,0,ml_only,0,,,,,,,,0,,,device history lowers risk;customer account age lowers risk;session velocity lowers risk
txn_d843be5c931e,4.273234149471531e-05,0,4.3e-05,0,ml_only,0,,,,,,,,0,,,device history lowers risk;customer account age lowers risk;merchant age lowers risk
txn_4bff06b9fd17,0.00017217529064172363,0,0.000172,0,ml_only,0,,,,,,,,0,,,device history lowers risk;customer account age lowers risk;session velocity lowers risk
txn_baf46bd4c4e3,7.030279833592469e-05,0,7e-05,0,ml_only,0,,,,,,,,0,,,device history lowers risk;customer account age lowers risk;session velocity lowers risk
txn_0328577c9580,0.00020593481716752018,0,0.000206,0,ml_only,0,,,,,,,,0,,,device history lowers risk;session velocity lowers risk;merchant age lowers risk
txn_d05c1ee1660d,0.0015211130262903715,0,0.001521,0,ml_only,0,,,,,,,,0,,,device history lowers risk;session velocity lowers risk;high generated risk score lowers risk
txn_56be2121b514,0.0001850895860132565,0,0.000185,0,ml_only,0,,,,,,,,0,,,merchant age lowers risk;device history lowers risk;session velocity lowers risk
txn_4ea41e0fd95c,0.00025103476971817057,0,0.000251,0,ml_only,0,,,,,,,,0,,,merchant age lowers risk;device history lowers risk;session velocity lowers risk
txn_b49054a17d8b,0.00019922274216297093,0,0.000199,0,ml_only,0,,,,,,,,0,,,device history lowers risk;high generated risk score lowers risk;session velocity lowers risk
txn_aba9839f8215,9.087096293728105e-05,0,9.1e-05,0,ml_only,0,,,,,,,,0,,,device history lowers risk;session velocity lowers risk;customer account age lowers risk
txn_ab27a321df84,0.0011827798073358097,0,0.001183,0,ml_only,0,,,,,,,,0,,,session velocity lowers risk;customer account age lowers risk;high generated risk score lowers risk
txn_d1663e819d87,0.0008746296301679951,0,0.000875,0,ml_only,0,,,,,,,,0,,,session velocity lowers risk;high generated risk score lowers risk;customer account age lowers risk
txn_bda0ae1e527a,0.0023667721377404532,0,0.002367,0,ml_only,0,,,,,,,,0,,,session velocity lowers risk;high generated risk score lowers risk;customer account age lowers risk
txn_b1a1d9ce6ccd,0.0028436656020978707,0,0.002844,0,ml_only,0,,,,,,,,0,,,high generated risk score lowers risk;session velocity lowers risk;merchant chargeback behavior lowers risk
txn_65efa6f91c93,0.0009722392836840807,0,0.000972,0,ml_only,0,,,,,,,,0,,,session velocity lowers risk;high generated risk score lowers risk;customer account age lowers risk
txn_800538db5f19,0.0001793751836622621,0,0.000179,0,ml_only,0,,,,,,,,0,,,device history lowers risk;high generated risk score lowers risk;session velocity lowers risk
txn_fa5d66d8c3f8,8.254938781405901e-05,0,8.3e-05,0,ml_only,0,,,,,,,,0,,,device history lowers risk;merchant age lowers risk;session velocity lowers risk
txn_f255fe2667d1,0.0007364647049297072,0,0.000736,0,ml_only,0,,,,,,,,0,,,device history lowers risk;session velocity lowers risk;high generated risk score lowers risk
txn_cef79daa16c4,0.0008597054977540743,0,0.00086,0,ml_only,0,,,,,,,,0,,,device history lowers risk;session velocity lowers risk;high generated risk score lowers risk
txn_be8aaa9d31ee,7.848112778293298e-05,0,7.8e-05,0,ml_only,0,,,,,,,,0,,,device history lowers risk;merchant age lowers risk;session velocity lowers risk
txn_a59d36a60f81,0.0008580511304681894,0,0.000858,0,ml_only,0,,,,,,,,0,,,device history lowers risk;high generated risk score lowers risk;session velocity lowers risk
txn_aa62e8f994e9,0.0005521980101777334,0,0.000552,0,ml_only,0,,,,,,,,0,,,device history lowers risk;session velocity lowers risk;high generated risk score lowers risk
txn_82e0592c92fd,0.00019504108894099386,0,0.000195,0,ml_only,0,,,,,,,,0,,,device history lowers risk;session velocity lowers risk;merchant age lowers risk
txn_4d7fc5348aca,0.0005893184836011083,0,0.000589,0,ml_only,0,,,,,,,,0,,,device history lowers risk;session velocity lowers risk;high generated risk score lowers risk
txn_20c8a95d443f,5.3255523005842936e-05,0,5.3e-05,0,ml_only,0,,,,,,,,0,,,device history lowers risk;customer account age lowers risk;merchant age lowers risk
txn_4e36c0cc38fb,2.951575066147932e-05,0,3e-05,0,ml_only,0,,,,,,,,0,,,device history lowers risk;merchant age lowers risk;customer account age lowers risk
txn_c13d5a7b5393,0.0002518073329642912,0,0.000252,0,ml_only,0,,,,,,,,0,,,device history lowers risk;customer account age lowers risk;session velocity lowers risk
txn_f80bd041b064,5.0188504786111234e-05,0,5e-05,0,ml_only,0,,,,,,,,0,,,device history lowers risk;customer account age lowers risk;high generated risk score lowers risk
txn_dea918f76e9f,0.00026284659817423894,0,0.000263,0,ml_only,0,,,,,,,,0,,,device history lowers risk;high generated risk score lowers risk;session velocity lowers risk
txn_dfa409b3a030,0.0002774032178701979,0,0.000277,0,ml_only,0,,,,,,,,0,,,device history lowers risk;high generated risk score lowers risk;session velocity lowers risk
txn_e360076fd5fa,0.0014996443787183436,0,0.0015,0,ml_only,0,,,,,,,,0,,,device history lowers risk;session velocity lowers risk;high generated risk score lowers risk
txn_38256999ba56,0.0004153719019322237,0,0.000415,0,ml_only,0,,,,,,,,0,,,device history lowers risk;high generated risk score lowers risk;session velocity lowers risk
txn_00460f05c445,0.00030346790574578184,0,0.000303,0,ml_only,0,,,,,,,,0,,,device history lowers risk;customer account age lowers risk;session velocity lowers risk
txn_02bf6e503b68,0.00033117461194848635,0,0.000331,0,ml_only,0,,,,,,,,0,,,device history lowers risk;customer account age lowers risk;session velocity lowers risk
txn_2dc91ccf84bc,7.656760822716975e-05,0,7.7e-05,0,ml_only,0,,,,,,,,0,,,device history lowers risk;merchant age lowers risk;customer account age lowers risk
txn_a0e90d387f2f,0.005915962866838773,0,0.005916,0,ml_only,0,,,,,,,,0,,,customer account age lowers risk;session velocity lowers risk;high generated risk score lowers risk
txn_5d5d496703a9,0.017235328063181996,0,0.017235,0,ml_only,0,,,,,,,,0,,,session velocity lowers risk;high generated risk score lowers risk;IP velocity lowers risk
txn_78a63cadbb4f,0.004522378537757892,0,0.004522,0,ml_only,0,,,,,,,,0,,,merchant age lowers risk;session velocity lowers risk;high generated risk score lowers risk
txn_e058543479c0,0.060696,1,0.022422,0,hybrid_ml_llm,1,local_lmstudio,0.15,0.2,allow,"While the transaction appears to be low-risk based on the ml_fraud_score and other signals, there are some unusual patterns such as a relatively new customer account with few transactions and a merchant with a low number of transactions despite being established for over two years.",low transaction frequency;low merchant transaction count,,0,,,session velocity lowers risk;high generated risk score lowers risk;merchant chargeback behavior lowers risk
txn_b3a67d289a19,0.00459203710732029,0,0.004592,0,ml_only,0,,,,,,,,0,,,session velocity lowers risk;high generated risk score lowers risk;merchant age lowers risk
txn_7dfcdacc4860,0.0006306957597145659,0,0.000631,0,ml_only,0,,,,,,,,0,,,device history lowers risk;high generated risk score lowers risk;session velocity lowers risk
txn_c29158fa62ad,0.0035202821833136286,0,0.00352,0,ml_only,0,,,,,,,,0,,,device history lowers risk;session velocity lowers risk;high generated risk score lowers risk
txn_b50664e90815,0.0003251407348237039,0,0.000325,0,ml_only,0,,,,,,,,0,,,device history lowers risk;merchant age lowers risk;session velocity lowers risk
txn_0bcf79a5a3f7,0.00014148380702228347,0,0.000141,0,ml_only,0,,,,,,,,0,,,merchant age lowers risk;device history lowers risk;high generated risk score lowers risk
txn_3ed04770c60c,0.0011673396794800563,0,0.001167,0,ml_only,0,,,,,,,,0,,,device history lowers risk;session velocity lowers risk;high generated risk score lowers risk
txn_276847ab8e20,0.00047334112895403143,0,0.000473,0,ml_only,0,,,,,,,,0,,,device history lowers risk;session velocity lowers risk;high generated risk score lowers risk
txn_008711f5dfd2,0.000533639600258685,0,0.000534,0,ml_only,0,,,,,,,,0,,,device history lowers risk;session velocity lowers risk;high generated risk score lowers risk
txn_e6ddd562def8,0.0007286296941015434,0,0.000729,0,ml_only,0,,,,,,,,0,,,device history lowers risk;session velocity lowers risk;high generated risk score lowers risk
txn_b39508f28cb6,0.0016758548709689197,0,0.001676,0,ml_only,0,,,,,,,,0,,,device history lowers risk;session velocity lowers risk;high generated risk score lowers risk
txn_6af5c9bb7665,0.0009162400295301613,0,0.000916,0,ml_only,0,,,,,,,,0,,,device history lowers risk;session velocity lowers risk;high generated risk score lowers risk
txn_2e353a62c043,0.0013395914689843312,0,0.00134,0,ml_only,0,,,,,,,,0,,,session velocity lowers risk;device history lowers risk;high generated risk score lowers risk
txn_1f30c6f65d1b,0.0011527314600041922,0,0.001153,0,ml_only,0,,,,,,,,0,,,session velocity lowers risk;device history lowers risk;high generated risk score lowers risk
txn_bda7d41070ec,0.0001540850878345177,0,0.000154,0,ml_only,0,,,,,,,,0,,,merchant age lowers risk;session velocity lowers risk;device history lowers risk
txn_68cced4907d7,0.0011238221446977408,0,0.001124,0,ml_only,0,,,,,,,,0,,,session velocity lowers risk;high generated risk score lowers risk;device history lowers risk
txn_82e35a9dafa4,0.0016724901789809652,0,0.001672,0,ml_only,0,,,,,,,,0,,,session velocity lowers risk;device history lowers risk;high generated risk score lowers risk
txn_403e251e4dcb,0.00047118571534343265,0,0.000471,0,ml_only,0,,,,,,,,0,,,merchant age lowers risk;session velocity lowers risk;high generated risk score lowers risk
txn_500c025848b6,0.006370642412052537,0,0.006371,0,ml_only,0,,,,,,,,0,,,session velocity lowers risk;high generated risk score lowers risk;merchant chargeback behavior lowers risk
txn_45849ab18f61,0.0035117426307056327,0,0.003512,0,ml_only,0,,,,,,,,0,,,session velocity lowers risk;high generated risk score lowers risk;merchant age lowers risk
txn_87efb7c05490,0.0018461207580759778,0,0.001846,0,ml_only,0,,,,,,,,0,,,session velocity lowers risk;merchant age lowers risk;high generated risk score lowers risk
txn_bc0bc709530a,0.007740579996667108,0,0.007741,0,ml_only,0,,,,,,,,0,,,session velocity lowers risk;high generated risk score lowers risk;merchant chargeback behavior lowers risk
txn_20e694bf44e0,0.0015709717238121858,0,0.001571,0,ml_only,0,,,,,,,,0,,,merchant age lowers risk;session velocity lowers risk;high generated risk score lowers risk
txn_435db34f2389,0.0017810452776708895,0,0.001781,0,ml_only,0,,,,,,,,0,,,merchant age lowers risk;session velocity lowers risk;high generated risk score lowers risk
txn_9928d8e0d1d4,0.0109434666135257,0,0.010943,0,ml_only,0,,,,,,,,0,,,session velocity lowers risk;high generated risk score lowers risk;device history raises risk
txn_176143312640,0.002527053846242882,0,0.002527,0,ml_only,0,,,,,,,,0,,,high generated risk score lowers risk;session velocity lowers risk;merchant age lowers risk
txn_cfb9b4e359e5,0.001786937969482429,0,0.001787,0,ml_only,0,,,,,,,,0,,,session velocity lowers risk;high generated risk score lowers risk;customer account age lowers risk
txn_702262eb855b,0.0018288743317206675,0,0.001829,0,ml_only,0,,,,,,,,0,,,session velocity lowers risk;high generated risk score lowers risk;device history lowers risk
txn_049fde679332,0.0013999862208218486,0,0.0014,0,ml_only,0,,,,,,,,0,,,session velocity lowers risk;high generated risk score lowers risk;device history lowers risk
txn_fcd5b566a9c7,0.0018878319284290166,0,0.001888,0,ml_only,0,,,,,,,,0,,,high generated risk score lowers risk;session velocity lowers risk;device history lowers risk
txn_508fc352f536,0.001096591137860135,0,0.001097,0,ml_only,0,,,,,,,,0,,,session velocity lowers risk;high generated risk score lowers risk;device history lowers risk
txn_3806567ac380,0.003252385569452499,0,0.003252,0,ml_only,0,,,,,,,,0,,,session velocity lowers risk;high generated risk score lowers risk;device history lowers risk
txn_b72ddde37dc9,0.0025346629541099157,0,0.002535,0,ml_only,0,,,,,,,,0,,,merchant age lowers risk;session velocity lowers risk;high generated risk score lowers risk
txn_5769c2e3dd6d,0.016103582312312962,0,0.016104,0,ml_only,0,,,,,,,,0,,,session velocity lowers risk;high generated risk score lowers risk;merchant chargeback behavior lowers risk
txn_c781fbe7d694,0.0010888365086364012,0,0.001089,0,ml_only,0,,,,,,,,0,,,customer account age lowers risk;session velocity lowers risk;high generated risk score lowers risk
txn_6ec4cac61157,0.0004702709321988674,0,0.00047,0,ml_only,0,,,,,,,,0,,,customer account age lowers risk;merchant age lowers risk;high generated risk score lowers risk
txn_66ba6d0f19c4,0.0031145994410216116,0,0.003115,0,ml_only,0,,,,,,,,0,,,customer account age lowers risk;session velocity lowers risk;high generated risk score lowers risk
txn_392955dc8580,0.0003027263686925235,0,0.000303,0,ml_only,0,,,,,,,,0,,,customer account age lowers risk;session velocity lowers risk;high generated risk score lowers risk
txn_e575f2ec28ee,0.00019685901663608104,0,0.000197,0,ml_only,0,,,,,,,,0,,,customer account age lowers risk;session velocity lowers risk;merchant age lowers risk
txn_6da8302dfa05,0.0005685082529422434,0,0.000569,0,ml_only,0,,,,,,,,0,,,customer account age lowers risk;session velocity lowers risk;high generated risk score lowers risk
txn_ef3514b28e36,8.00187480203639e-05,0,8e-05,0,ml_only,0,,,,,,,,0,,,customer account age lowers risk;merchant age lowers risk;session velocity lowers risk
txn_8e5e08e62401,9.773961901755105e-05,0,9.8e-05,0,ml_only,0,,,,,,,,0,,,merchant age lowers risk;customer account age lowers risk;session velocity lowers risk
txn_a10a96e541a8,0.078607,1,0.026582,0,hybrid_ml_llm,1,local_lmstudio,0.2,0.3,review,"Despite a low ML fraud score, the combination of a relatively new customer account (342 days old) with only four prior transactions raises questions about potential account takeover or first-time fraud. The device IP reputation score (0.1506) suggests potential risk, though this is partially offset by session velocity factors.",Low device IP reputation;New customer account with limited transaction history,,0,,,session velocity lowers risk;high generated risk score lowers risk;IP velocity lowers risk
txn_f051b8d49584,0.0030998433429686337,0,0.0031,0,ml_only,0,,,,,,,,0,,,session velocity lowers risk;high generated risk score lowers risk;merchant age lowers risk
txn_027028da28a8,0.003715885151273177,0,0.003716,0,ml_only,0,,,,,,,,0,,,session velocity lowers risk;high generated risk score lowers risk;IP velocity lowers risk
txn_4728db4c6198,0.005963461023871725,0,0.005963,0,ml_only,0,,,,,,,,0,,,session velocity lowers risk;high generated risk score lowers risk;merchant chargeback behavior lowers risk
txn_988c142ae727,0.005969008242009831,0,0.005969,0,ml_only,0,,,,,,,,0,,,session velocity lowers risk;high generated risk score lowers risk;IP velocity lowers risk
txn_a5bb770f9022,0.00928092126340056,0,0.009281,0,ml_only,0,,,,,,,,0,,,session velocity lowers risk;high generated risk score lowers risk;merchant chargeback behavior lowers risk
txn_a23a20421348,0.011518288941625732,0,0.011518,0,ml_only,0,,,,,,,,0,,,session velocity lowers risk;high generated risk score lowers risk;merchant refund behavior lowers risk
txn_517ee7f398bd,0.008502397197661384,0,0.008502,0,ml_only,0,,,,,,,,0,,,session velocity lowers risk;high generated risk score lowers risk;merchant chargeback behavior lowers risk
txn_41e3bdfcf674,0.0054158530148212675,0,0.005416,0,ml_only,0,,,,,,,,0,,,merchant age lowers risk;session velocity lowers risk;high generated risk score lowers risk
txn_0922bf832c8a,0.012489407210044434,0,0.012489,0,ml_only,0,,,,,,,,0,,,session velocity lowers risk;high generated risk score lowers risk;IP velocity lowers risk
txn_845f023bb5e5,0.002223060766110744,0,0.002223,0,ml_only,0,,,,,,,,0,,,session velocity lowers risk;device history lowers risk;high generated risk score lowers risk
txn_a1b5203258ee,0.00036138766242873953,0,0.000361,0,ml_only,0,,,,,,,,0,,,merchant age lowers risk;high generated risk score lowers risk;session velocity lowers risk
txn_bf81ac8028c5,0.0012871831853963278,0,0.001287,0,ml_only,0,,,,,,,,0,,,session velocity lowers risk;device history lowers risk;high generated risk score lowers risk
txn_c5f0dec655b8,0.000480147444448182,0,0.00048,0,ml_only,0,,,,,,,,0,,,high generated risk score lowers risk;session velocity lowers risk;device history lowers risk
txn_5a842742a4ba,0.00061793189327036,0,0.000618,0,ml_only,0,,,,,,,,0,,,session velocity lowers risk;merchant age lowers risk;device history lowers risk
txn_bdf194480e4d,0.0035274764752650386,0,0.003527,0,ml_only,0,,,,,,,,0,,,session velocity lowers risk;device history lowers risk;high generated risk score lowers risk
txn_4a10e972f2e0,0.00018337357285800687,0,0.000183,0,ml_only,0,,,,,,,,0,,,merchant age lowers risk;high generated risk score lowers risk;session velocity lowers risk
txn_cbd5bb2d004c,9.522851288337079e-05,0,9.5e-05,0,ml_only,0,,,,,,,,0,,,merchant age lowers risk;session velocity lowers risk;high generated risk score lowers risk
txn_bf5884aa33ab,0.0030278208433194157,0,0.003028,0,ml_only,0,,,,,,,,0,,,session velocity lowers risk;device history lowers risk;customer account age lowers risk
txn_f6e10b9f9080,0.000129498881663589,0,0.000129,0,ml_only,0,,,,,,,,0,,,high generated risk score lowers risk;session velocity lowers risk;device history lowers risk
txn_072e35710bc4,0.0009345365243669381,0,0.000935,0,ml_only,0,,,,,,,,0,,,customer account age lowers risk;session velocity lowers risk;high generated risk score lowers risk
txn_6b3469d7d8ed,0.0016706881687440008,0,0.001671,0,ml_only,0,,,,,,,,0,,,customer account age lowers risk;high generated risk score lowers risk;session velocity lowers risk
txn_260df4089cb9,0.0026414780050283493,0,0.002641,0,ml_only,0,,,,,,,,0,,,customer account age lowers risk;session velocity lowers risk;high generated risk score lowers risk
txn_ae292018adc8,0.0014814685034542589,0,0.001481,0,ml_only,0,,,,,,,,0,,,customer account age lowers risk;session velocity lowers risk;high generated risk score lowers risk
txn_8cf6767299fd,0.006531599466985337,0,0.006532,0,ml_only,0,,,,,,,,0,,,session velocity lowers risk;high generated risk score lowers risk;merchant refund behavior lowers risk
txn_06559c0621e2,0.012060377292105686,0,0.01206,0,ml_only,0,,,,,,,,0,,,session velocity lowers risk;high generated risk score lowers risk;merchant chargeback behavior lowers risk
txn_34ce164b2a16,0.00287885310911473,0,0.002879,0,ml_only,0,,,,,,,,0,,,merchant age lowers risk;session velocity lowers risk;high generated risk score lowers risk
txn_32c5e1cecc7a,0.009269918488600955,0,0.00927,0,ml_only,0,,,,,,,,0,,,session velocity lowers risk;high generated risk score lowers risk;merchant chargeback behavior lowers risk
txn_771b90599798,0.008594429504524825,0,0.008594,0,ml_only,0,,,,,,,,0,,,session velocity lowers risk;high generated risk score lowers risk;merchant chargeback behavior lowers risk
txn_39bc0cb4dedf,0.0033188783242797176,0,0.003319,0,ml_only,0,,,,,,,,0,,,high generated risk score lowers risk;merchant age lowers risk;session velocity lowers risk
txn_6992f3476a67,0.001841698767929954,0,0.001842,0,ml_only,0,,,,,,,,0,,,device history lowers risk;high generated risk score lowers risk;session velocity lowers risk
txn_4e7cc2629b64,0.0014166102637364294,0,0.001417,0,ml_only,0,,,,,,,,0,,,device history lowers risk;session velocity lowers risk;high generated risk score lowers risk
txn_9bc17c4ddd65,7.989286572681778e-05,0,8e-05,0,ml_only,0,,,,,,,,0,,,device history lowers risk;session velocity lowers risk;merchant age lowers risk
txn_b472fb7f8071,0.00022299556848983586,0,0.000223,0,ml_only,0,,,,,,,,0,,,device history lowers risk;session velocity lowers risk;customer account age lowers risk
txn_9d9c56a785a6,5.795514935725591e-05,0,5.8e-05,0,ml_only,0,,,,,,,,0,,,device history lowers risk;merchant age lowers risk;high generated risk score lowers risk
txn_b41b9cf9ae0c,0.00047113471310869027,0,0.000471,0,ml_only,0,,,,,,,,0,,,merchant age lowers risk;high generated risk score lowers risk;session velocity lowers risk
txn_08d78f947c3c,0.013677533298709913,0,0.013678,0,ml_only,0,,,,,,,,0,,,high generated risk score lowers risk;session velocity lowers risk;device history raises risk
txn_78787a29fe0a,0.006230162790684673,0,0.00623,0,ml_only,0,,,,,,,,0,,,session velocity lowers risk;merchant age lowers risk;high generated risk score lowers risk
txn_8877a99f531d,0.003838533709432003,0,0.003839,0,ml_only,0,,,,,,,,0,,,session velocity lowers risk;high generated risk score lowers risk;merchant chargeback behavior lowers risk
txn_9092689d3aaa,0.0074339722312684025,0,0.007434,0,ml_only,0,,,,,,,,0,,,session velocity lowers risk;high generated risk score lowers risk;merchant chargeback behavior lowers risk
txn_2d0f231ebf60,0.006716015021834383,0,0.006716,0,ml_only,0,,,,,,,,0,,,session velocity lowers risk;high generated risk score lowers risk;merchant refund behavior lowers risk
txn_80616973b431,0.006607289769658396,0,0.006607,0,ml_only,0,,,,,,,,0,,,session velocity lowers risk;high generated risk score lowers risk;IP velocity lowers risk
txn_0bd3ebd2d3ab,0.003219800280423506,0,0.00322,0,ml_only,0,,,,,,,,0,,,session velocity lowers risk;high generated risk score lowers risk;merchant refund behavior lowers risk
txn_4303379b819e,0.0021247407637903924,0,0.002125,0,ml_only,0,,,,,,,,0,,,session velocity lowers risk;high generated risk score lowers risk;merchant chargeback behavior lowers risk
txn_96e9307fed6a,0.0019177430256761693,0,0.001918,0,ml_only,0,,,,,,,,0,,,merchant age lowers risk;session velocity lowers risk;high generated risk score lowers risk
txn_0b79f6bdf4cb,0.0008606361457896885,0,0.000861,0,ml_only,0,,,,,,,,0,,,device history lowers risk;high generated risk score lowers risk;session velocity lowers risk
txn_a1ff45b77adb,0.0013240310640158267,0,0.001324,0,ml_only,0,,,,,,,,0,,,device history lowers risk;session velocity lowers risk;high generated risk score lowers risk
txn_6766849de74d,0.00032514386759108536,0,0.000325,0,ml_only,0,,,,,,,,0,,,merchant age lowers risk;device history lowers risk;session velocity lowers risk
txn_f62b113218b9,0.0002105894807831984,0,0.000211,0,ml_only,0,,,,,,,,0,,,customer account age lowers risk;device history lowers risk;session velocity lowers risk
txn_e76ece30cf1c,6.506731687439046e-05,0,6.5e-05,0,ml_only,0,,,,,,,,0,,,customer account age lowers risk;device history lowers risk;high generated risk score lowers risk
txn_3b762a21a5b7,0.0006086039943054866,0,0.000609,0,ml_only,0,,,,,,,,0,,,customer account age lowers risk;session velocity lowers risk;merchant age lowers risk
txn_aec2f9245ef3,0.00047405186399843423,0,0.000474,0,ml_only,0,,,,,,,,0,,,customer account age lowers risk;high generated risk score lowers risk;session velocity lowers risk
txn_56ee7142acce,0.00023984035559193633,0,0.00024,0,ml_only,0,,,,,,,,0,,,merchant age lowers risk;high generated risk score lowers risk;session velocity lowers risk
txn_e85c6354058f,0.00012578405167887026,0,0.000126,0,ml_only,0,,,,,,,,0,,,merchant age lowers risk;high generated risk score lowers risk;session velocity lowers risk
txn_4060249dc10e,0.0032294218773772487,0,0.003229,0,ml_only,0,,,,,,,,0,,,session velocity lowers risk;high generated risk score lowers risk;customer account age lowers risk
txn_4a072ec1689b,0.00033988912259774447,0,0.00034,0,ml_only,0,,,,,,,,0,,,session velocity lowers risk;device history lowers risk;merchant age lowers risk
txn_42418544e97c,0.00026525366320712584,0,0.000265,0,ml_only,0,,,,,,,,0,,,high generated risk score lowers risk;session velocity lowers risk;customer account age lowers risk
txn_a033257aad54,0.0005695851509624992,0,0.00057,0,ml_only,0,,,,,,,,0,,,session velocity lowers risk;customer account age lowers risk;device history lowers risk
txn_1c7a03968364,0.0006464779248937926,0,0.000646,0,ml_only,0,,,,,,,,0,,,high generated risk score lowers risk;session velocity lowers risk;customer account age lowers risk
txn_1e80e2177a57,0.0009569488896656871,0,0.000957,0,ml_only,0,,,,,,,,0,,,session velocity lowers risk;customer account age lowers risk;device history lowers risk
txn_415cf330c09a,0.0012566033077677516,0,0.001257,0,ml_only,0,,,,,,,,0,,,high generated risk score lowers risk;session velocity lowers risk;device history lowers risk
txn_e96350416edb,0.0015869325745702567,0,0.001587,0,ml_only,0,,,,,,,,0,,,session velocity lowers risk;high generated risk score lowers risk;device history lowers risk
txn_8657f4f6448e,0.001005024121408409,0,0.001005,0,ml_only,0,,,,,,,,0,,,merchant age lowers risk;session velocity lowers risk;high generated risk score lowers risk
txn_6dda8254fc4b,0.006651851132892071,0,0.006652,0,ml_only,0,,,,,,,,0,,,session velocity lowers risk;high generated risk score lowers risk;device history lowers risk
txn_0037d8869a41,0.005636176330674363,0,0.005636,0,ml_only,0,,,,,,,,0,,,session velocity lowers risk;high generated risk score lowers risk;device history lowers risk
txn_f9a578955f6e,0.001992998822617401,0,0.001993,0,ml_only,0,,,,,,,,0,,,merchant age lowers risk;session velocity lowers risk;high generated risk score lowers risk
txn_6f808f0ec025,0.00992686270755172,0,0.009927,0,ml_only,0,,,,,,,,0,,,high generated risk score lowers risk;session velocity lowers risk;merchant chargeback behavior lowers risk
txn_997f6c1e8b03,0.0035228917990850236,0,0.003523,0,ml_only,0,,,,,,,,0,,,session velocity lowers risk;high generated risk score lowers risk;merchant age lowers risk
txn_70b2cc571434,0.0004266642845429057,0,0.000427,0,ml_only,0,,,,,,,,0,,,session velocity lowers risk;merchant age lowers risk;customer account age lowers risk
txn_d580cf977638,0.0019912548315476146,0,0.001991,0,ml_only,0,,,,,,,,0,,,session velocity lowers risk;customer account age lowers risk;high generated risk score lowers risk
txn_f29ff29e3e6c,0.00024736913962409706,0,0.000247,0,ml_only,0,,,,,,,,0,,,merchant age lowers risk;high generated risk score lowers risk;session velocity lowers risk
txn_a29d234c6a89,0.0005273172079080042,0,0.000527,0,ml_only,0,,,,,,,,0,,,merchant age lowers risk;session velocity lowers risk;customer account age lowers risk
txn_c42ff4339bae,0.018652936965807703,0,0.018653,0,ml_only,0,,,,,,,,0,,,session velocity lowers risk;high generated risk score lowers risk;IP velocity lowers risk
txn_c1216c359b62,0.0028111180327904683,0,0.002811,0,ml_only,0,,,,,,,,0,,,high generated risk score lowers risk;session velocity lowers risk;merchant age lowers risk
txn_428f0caec43d,0.007928553008339527,0,0.007929,0,ml_only,0,,,,,,,,0,,,session velocity lowers risk;high generated risk score lowers risk;merchant chargeback behavior lowers risk
txn_f93a2ea2ec2b,0.010160656267374049,0,0.010161,0,ml_only,0,,,,,,,,0,,,session velocity lowers risk;high generated risk score lowers risk;merchant chargeback behavior lowers risk
txn_ab2304fb8759,0.0021280508485837114,0,0.002128,0,ml_only,0,,,,,,,,0,,,high generated risk score lowers risk;session velocity lowers risk;customer account age lowers risk
txn_2b01441369a8,0.002259875938602163,0,0.00226,0,ml_only,0,,,,,,,,0,,,session velocity lowers risk;high generated risk score lowers risk;customer account age lowers risk
txn_f97da9a05ce1,0.0008116437570076376,0,0.000812,0,ml_only,0,,,,,,,,0,,,session velocity lowers risk;high generated risk score lowers risk;customer account age lowers risk
txn_c39c60d5906c,0.0017760824617904976,0,0.001776,0,ml_only,0,,,,,,,,0,,,session velocity lowers risk;customer account age lowers risk;high generated risk score lowers risk
txn_57a142e7e1d0,0.0006447842791280328,0,0.000645,0,ml_only,0,,,,,,,,0,,,merchant age lowers risk;device history lowers risk;session velocity lowers risk
txn_10f2caa6125e,0.0024346885567402116,0,0.002435,0,ml_only,0,,,,,,,,0,,,device history lowers risk;session velocity lowers risk;high generated risk score lowers risk
txn_ca81692a4376,0.003693848163897574,0,0.003694,0,ml_only,0,,,,,,,,0,,,device history lowers risk;session velocity lowers risk;high generated risk score lowers risk
txn_f3daef0e9277,0.00032489977805096916,0,0.000325,0,ml_only,0,,,,,,,,0,,,merchant age lowers risk;device history lowers risk;session velocity lowers risk
txn_fc07d1d1df3a,0.0007124981054272747,0,0.000712,0,ml_only,0,,,,,,,,0,,,high generated risk score lowers risk;device history lowers risk;session velocity lowers risk
txn_837128f9fa3b,0.0008612623201663717,0,0.000861,0,ml_only,0,,,,,,,,0,,,session velocity lowers risk;high generated risk score lowers risk;merchant age lowers risk
txn_682c35942588,0.0009640094711855389,0,0.000964,0,ml_only,0,,,,,,,,0,,,session velocity lowers risk;merchant age lowers risk;high generated risk score lowers risk
txn_d4bdef6b68a2,0.0016949188158645373,0,0.001695,0,ml_only,0,,,,,,,,0,,,session velocity lowers risk;high generated risk score lowers risk;device history lowers risk
txn_10e794630841,0.0010988297259563067,0,0.001099,0,ml_only,0,,,,,,,,0,,,merchant age lowers risk;session velocity lowers risk;high generated risk score lowers risk
txn_3acedbefaff0,0.0006692836686583065,0,0.000669,0,ml_only,0,,,,,,,,0,,,merchant age lowers risk;high generated risk score lowers risk;session velocity lowers risk
txn_bab4233a5140,0.004137029127553266,0,0.004137,0,ml_only,0,,,,,,,,0,,,device history lowers risk;session velocity lowers risk;high generated risk score lowers risk
txn_5a57a08b85c4,0.0007061294165456558,0,0.000706,0,ml_only,0,,,,,,,,0,,,device history lowers risk;session velocity lowers risk;merchant age lowers risk
txn_9b956823ac76,0.0010892566353678996,0,0.001089,0,ml_only,0,,,,,,,,0,,,device history lowers risk;session velocity lowers risk;high generated risk score lowers risk
txn_f0a54bdea293,0.0031000991410034427,0,0.0031,0,ml_only,0,,,,,,,,0,,,device history lowers risk;session velocity lowers risk;high generated risk score lowers risk
txn_648809bbff62,0.0021914131268086666,0,0.002191,0,ml_only,0,,,,,,,,0,,,device history lowers risk;session velocity lowers risk;high generated risk score lowers risk
txn_fe5796b248ac,0.001915216059137366,0,0.001915,0,ml_only,0,,,,,,,,0,,,device history lowers risk;session velocity lowers risk;high generated risk score lowers risk
txn_4750c136c7c6,0.0005813456741953862,0,0.000581,0,ml_only,0,,,,,,,,0,,,device history lowers risk;session velocity lowers risk;high generated risk score lowers risk
txn_fe61cfd35914,0.0002758124135216401,0,0.000276,0,ml_only,0,,,,,,,,0,,,device history lowers risk;session velocity lowers risk;high generated risk score lowers risk
txn_75ef83f714b0,0.00011338028538822099,0,0.000113,0,ml_only,0,,,,,,,,0,,,device history lowers risk;merchant age lowers risk;high generated risk score lowers risk
txn_0abe298c37a9,0.0013100649797913235,0,0.00131,0,ml_only,0,,,,,,,,0,,,device history lowers risk;session velocity lowers risk;high generated risk score lowers risk
txn_35845e5cb9f8,0.00020118285531136676,0,0.000201,0,ml_only,0,,,,,,,,0,,,device history lowers risk;customer account age lowers risk;session velocity lowers risk
txn_99998e763c36,4.563614829589377e-05,0,4.6e-05,0,ml_only,0,,,,,,,,0,,,device history lowers risk;customer account age lowers risk;merchant age lowers risk
txn_5ccd11c6d048,0.0002382438918007158,0,0.000238,0,ml_only,0,,,,,,,,0,,,device history lowers risk;customer account age lowers risk;session velocity lowers risk
txn_e04ab0e50378,0.00012557478259433392,0,0.000126,0,ml_only,0,,,,,,,,0,,,device history lowers risk;customer account age lowers risk;session velocity lowers risk
txn_0dcdff39edc7,7.12558196288988e-05,0,7.1e-05,0,ml_only,0,,,,,,,,0,,,device history lowers risk;session velocity lowers risk;merchant age lowers risk
txn_019e9db5948b,0.001417086189739372,0,0.001417,0,ml_only,0,,,,,,,,0,,,high generated risk score lowers risk;session velocity lowers risk;customer account age lowers risk
txn_12ff7662a170,0.00027188073987596036,0,0.000272,0,ml_only,0,,,,,,,,0,,,merchant age lowers risk;session velocity lowers risk;customer account age lowers risk
txn_714f0cca0db7,0.00023487139703528477,0,0.000235,0,ml_only,0,,,,,,,,0,,,merchant age lowers risk;high generated risk score lowers risk;session velocity lowers risk
txn_4d9b83a7cae7,0.017511522684080297,0,0.017512,0,ml_only,0,,,,,,,,0,,,session velocity lowers risk;high generated risk score lowers risk;merchant chargeback behavior lowers risk
txn_16128210b190,0.002707769705956836,0,0.002708,0,ml_only,0,,,,,,,,0,,,session velocity lowers risk;high generated risk score lowers risk;merchant age lowers risk
txn_68e2d1e7f177,0.0011661497839751999,0,0.001166,0,ml_only,0,,,,,,,,0,,,session velocity lowers risk;high generated risk score lowers risk;device history lowers risk
txn_3b1591111e38,0.002722320765935907,0,0.002722,0,ml_only,0,,,,,,,,0,,,session velocity lowers risk;high generated risk score lowers risk;device history lowers risk
txn_be79b71ab6a0,0.0021371985501202405,0,0.002137,0,ml_only,0,,,,,,,,0,,,session velocity lowers risk;high generated risk score lowers risk;device history lowers risk
txn_2b88ea0818a4,0.001444040778896797,0,0.001444,0,ml_only,0,,,,,,,,0,,,high generated risk score lowers risk;session velocity lowers risk;device history lowers risk
txn_96d23b6e679c,0.0013232155300979282,0,0.001323,0,ml_only,0,,,,,,,,0,,,session velocity lowers risk;high generated risk score lowers risk;device history lowers risk
txn_c4f32d0ecfc1,0.0063215370606637105,0,0.006322,0,ml_only,0,,,,,,,,0,,,session velocity lowers risk;high generated risk score lowers risk;customer account age lowers risk
txn_9d9c57c4e84e,0.0032777475304142938,0,0.003278,0,ml_only,0,,,,,,,,0,,,merchant age lowers risk;session velocity lowers risk;high generated risk score lowers risk
txn_ec9fba645037,0.051774,1,0.029091,0,hybrid_ml_llm,1,local_rules,0.1047,0.3709,allow,Deterministic defensive review based on the primary model score and supplied behavioral signals.,session velocity lowers risk;high generated risk score lowers risk;merchant chargeback behavior lowers risk,"{'from_provider': 'local_lmstudio', 'to_provider': 'local_rules', 'reason': 'model_output_failed_defense_review_contract'}",0,,,session velocity lowers risk;high generated risk score lowers risk;merchant chargeback behavior lowers risk
txn_1c7e3cd704b5,0.011572567570747004,0,0.011573,0,ml_only,0,,,,,,,,0,,,high generated risk score lowers risk;session velocity lowers risk;IP velocity lowers risk
txn_8c7d69b2acbe,0.007395998655372475,0,0.007396,0,ml_only,0,,,,,,,,0,,,merchant age lowers risk;session velocity lowers risk;high generated risk score lowers risk
txn_9fa857beed87,0.0012469059675114151,0,0.001247,0,ml_only,0,,,,,,,,0,,,session velocity lowers risk;device history lowers risk;high generated risk score lowers risk
txn_f2d8fff263b9,0.000748130891682173,0,0.000748,0,ml_only,0,,,,,,,,0,,,session velocity lowers risk;device history lowers risk;high generated risk score lowers risk
txn_d5322d9d795b,0.00020956647081171145,0,0.00021,0,ml_only,0,,,,,,,,0,,,high generated risk score lowers risk;session velocity lowers risk;merchant age lowers risk
txn_724d61705cee,0.0013117854533872557,0,0.001312,0,ml_only,0,,,,,,,,0,,,session velocity lowers risk;device history lowers risk;high generated risk score lowers risk
txn_96d436568eaf,0.0003346254692728047,0,0.000335,0,ml_only,0,,,,,,,,0,,,merchant age lowers risk;session velocity lowers risk;device history lowers risk
txn_6e307b788d32,0.0002972284756392444,0,0.000297,0,ml_only,0,,,,,,,,0,,,merchant age lowers risk;session velocity lowers risk;high generated risk score lowers risk
txn_25d0940ac80f,0.007707803760124408,0,0.007708,0,ml_only,0,,,,,,,,0,,,session velocity lowers risk;high generated risk score lowers risk;customer account age lowers risk
txn_c4d56caa58b5,0.000774377059149145,0,0.000774,0,ml_only,0,,,,,,,,0,,,session velocity lowers risk;high generated risk score lowers risk;merchant age lowers risk
txn_e509b3c87ca2,0.004885799071919944,0,0.004886,0,ml_only,0,,,,,,,,0,,,session velocity lowers risk;high generated risk score lowers risk;merchant chargeback behavior lowers risk
txn_b7ec0a9b1b86,0.003978335763113498,0,0.003978,0,ml_only,0,,,,,,,,0,,,session velocity lowers risk;high generated risk score lowers risk;merchant chargeback behavior lowers risk
txn_371737deb9f1,0.004100452403808742,0,0.0041,0,ml_only,0,,,,,,,,0,,,session velocity lowers risk;high generated risk score lowers risk;IP velocity lowers risk
txn_01041bf59f01,0.010964414976620852,0,0.010964,0,ml_only,0,,,,,,,,0,,,session velocity lowers risk;high generated risk score lowers risk;merchant chargeback behavior lowers risk
txn_78a1ff63db04,0.0011299137914867177,0,0.00113,0,ml_only,0,,,,,,,,0,,,session velocity lowers risk;high generated risk score lowers risk;customer account age lowers risk
txn_b1237ce3178b,0.0013558247001482962,0,0.001356,0,ml_only,0,,,,,,,,0,,,session velocity lowers risk;high generated risk score lowers risk;customer account age lowers risk
txn_c6fe8597fced,0.00045635596772672826,0,0.000456,0,ml_only,0,,,,,,,,0,,,merchant age lowers risk;high generated risk score lowers risk;session velocity lowers risk
txn_91f8567c3097,0.003095346976872648,0,0.003095,0,ml_only,0,,,,,,,,0,,,session velocity lowers risk;high generated risk score lowers risk;customer account age lowers risk
txn_d37a76998cc6,0.01626037414959898,0,0.01626,0,ml_only,0,,,,,,,,0,,,session velocity lowers risk;high generated risk score lowers risk;IP velocity lowers risk
txn_e5f845594915,0.0029604474427111617,0,0.00296,0,ml_only,0,,,,,,,,0,,,merchant age lowers risk;session velocity lowers risk;high generated risk score lowers risk
txn_cd21ac23fcc3,0.008380257586175522,0,0.00838,0,ml_only,0,,,,,,,,0,,,high generated risk score lowers risk;session velocity lowers risk;IP velocity lowers risk
txn_597bf15bf8ab,0.004500887854252321,0,0.004501,0,ml_only,0,,,,,,,,0,,,session velocity lowers risk;high generated risk score lowers risk;merchant age lowers risk
txn_67523df8d90e,0.001759470083177531,0,0.001759,0,ml_only,0,,,,,,,,0,,,high generated risk score lowers risk;session velocity lowers risk;merchant age lowers risk
txn_33ce10af2656,0.011274268354338939,0,0.011274,0,ml_only,0,,,,,,,,0,,,session velocity lowers risk;high generated risk score lowers risk;merchant chargeback behavior lowers risk
txn_8f7fc0486d14,0.0015886245153653752,0,0.001589,0,ml_only,0,,,,,,,,0,,,merchant age lowers risk;session velocity lowers risk;high generated risk score lowers risk
txn_380f8b851323,0.001024847696151802,0,0.001025,0,ml_only,0,,,,,,,,0,,,merchant age lowers risk;session velocity lowers risk;high generated risk score lowers risk
txn_5091edc6d0d4,0.004210331348244649,0,0.00421,0,ml_only,0,,,,,,,,0,,,customer account age lowers risk;session velocity lowers risk;high generated risk score lowers risk
txn_fd50e4c4db5c,5.5335067648517076e-05,0,5.5e-05,0,ml_only,0,,,,,,,,0,,,device history lowers risk;customer account age lowers risk;session velocity lowers risk
txn_d754b0a696b1,0.00010371644032080256,0,0.000104,0,ml_only,0,,,,,,,,0,,,device history lowers risk;customer account age lowers risk;session velocity lowers risk
txn_43617bc77889,0.00014174898693206708,0,0.000142,0,ml_only,0,,,,,,,,0,,,device history lowers risk;customer account age lowers risk;session velocity lowers risk
txn_0680d9a494e5,0.00031380690211423745,0,0.000314,0,ml_only,0,,,,,,,,0,,,device history lowers risk;high generated risk score lowers risk;session velocity lowers risk
txn_13ea7b2c09c4,0.00048507158180515674,0,0.000485,0,ml_only,0,,,,,,,,0,,,device history lowers risk;session velocity lowers risk;customer account age lowers risk
txn_88a3054463e9,0.0019281686988359354,0,0.001928,0,ml_only,0,,,,,,,,0,,,session velocity lowers risk;customer account age lowers risk;high generated risk score lowers risk
txn_43f787abe3d6,0.0011518082390392177,0,0.001152,0,ml_only,0,,,,,,,,0,,,session velocity lowers risk;customer account age lowers risk;high generated risk score lowers risk
txn_77d54b83d33e,0.001524633271207793,0,0.001525,0,ml_only,0,,,,,,,,0,,,merchant age lowers risk;session velocity lowers risk;high generated risk score lowers risk
txn_bed540bf80db,0.013445550791236185,0,0.013446,0,ml_only,0,,,,,,,,0,,,session velocity lowers risk;high generated risk score lowers risk;IP reputation lowers risk
txn_8bc2af094c66,0.013709315536149812,0,0.013709,0,ml_only,0,,,,,,,,0,,,session velocity lowers risk;high generated risk score lowers risk;IP reputation lowers risk
txn_a8394fcb1871,0.0019448530585189589,0,0.001945,0,ml_only,0,,,,,,,,0,,,merchant age lowers risk;session velocity lowers risk;high generated risk score lowers risk
txn_20b780656930,0.002548849808621605,0,0.002549,0,ml_only,0,,,,,,,,0,,,session velocity lowers risk;high generated risk score lowers risk;customer account age lowers risk
txn_feafa79cbb46,0.0005225308724938793,0,0.000523,0,ml_only,0,,,,,,,,0,,,high generated risk score lowers risk;session velocity lowers risk;customer account age lowers risk
txn_813df8b41e46,0.0003891673456547342,0,0.000389,0,ml_only,0,,,,,,,,0,,,session velocity lowers risk;merchant age lowers risk;high generated risk score lowers risk
txn_f59ead576a43,0.0017528327450762537,0,0.001753,0,ml_only,0,,,,,,,,0,,,session velocity lowers risk;customer account age lowers risk;high generated risk score lowers risk
txn_3e5f49b1ef69,0.8375556123178314,1,0.837556,1,ml_only,0,,,,,,,,1,credential_based_fraud,card_testing,session velocity raises risk;merchant chargeback behavior lowers risk;device history raises risk
txn_b1a89d1f6dd8,0.9833952774363994,1,0.983395,1,ml_only,0,,,,,,,,1,credential_based_fraud,card_testing,high generated risk score raises risk;auth_result_code raises risk;session velocity raises risk
txn_dad3e8df4fb4,0.986759352391917,1,0.986759,1,ml_only,0,,,,,,,,1,credential_based_fraud,card_testing,high generated risk score raises risk;auth_result_code raises risk;session velocity raises risk
txn_1dad71200c4a,0.867911073991147,1,0.867911,1,ml_only,0,,,,,,,,1,credential_based_fraud,card_testing,session velocity raises risk;merchant chargeback behavior lowers risk;channel_code raises risk
txn_785e46f55609,0.9622540588299254,1,0.962254,1,ml_only,0,,,,,,,,1,credential_based_fraud,card_testing,auth_result_code raises risk;session velocity raises risk;merchant chargeback behavior lowers risk
txn_a36bacc01a9d,0.9812125358195911,1,0.981213,1,ml_only,0,,,,,,,,1,credential_based_fraud,card_testing,high generated risk score raises risk;auth_result_code raises risk;session velocity raises risk
txn_ff47f4c53f49,0.9830801510261445,1,0.98308,1,ml_only,0,,,,,,,,1,credential_based_fraud,card_testing,high generated risk score raises risk;session velocity raises risk;merchant chargeback behavior lowers risk
txn_8d116f66a2a8,0.9659493554254682,1,0.965949,1,ml_only,0,,,,,,,,1,credential_based_fraud,card_testing,auth_result_code raises risk;session velocity raises risk;merchant chargeback behavior lowers risk
txn_76964d5cf2d6,0.9606209647480918,1,0.960621,1,ml_only,0,,,,,,,,1,credential_based_fraud,card_testing,auth_result_code raises risk;session velocity raises risk;merchant chargeback behavior lowers risk
txn_5106ac76a3cb,0.9594862421424664,1,0.959486,1,ml_only,0,,,,,,,,1,credential_based_fraud,card_testing,high generated risk score raises risk;session velocity raises risk;merchant chargeback behavior lowers risk
txn_8762a93c8d06,0.9895126022883586,1,0.989513,1,ml_only,0,,,,,,,,1,credential_based_fraud,card_testing,high generated risk score raises risk;auth_result_code raises risk;session velocity raises risk
txn_5197dda934ca,0.9829321080522827,1,0.982932,1,ml_only,0,,,,,,,,1,credential_based_fraud,card_testing,high generated risk score raises risk;session velocity raises risk;merchant chargeback behavior lowers risk
txn_611f25b0d334,0.929854120364836,1,0.929854,1,ml_only,0,,,,,,,,1,credential_based_fraud,card_testing,session velocity raises risk;merchant chargeback behavior lowers risk;device history raises risk
txn_837a0dc1ab20,0.9787461563541676,1,0.978746,1,ml_only,0,,,,,,,,1,credential_based_fraud,card_testing,auth_result_code raises risk;session velocity raises risk;merchant chargeback behavior lowers risk
txn_f91d2bb11697,0.9904750011895141,1,0.990475,1,ml_only,0,,,,,,,,1,credential_based_fraud,card_testing,high generated risk score raises risk;session velocity raises risk;merchant chargeback behavior lowers risk
txn_961bd429d906,0.9765098541112528,1,0.97651,1,ml_only,0,,,,,,,,1,credential_based_fraud,card_testing,high generated risk score raises risk;session velocity raises risk;merchant chargeback behavior lowers risk
txn_0f6b2a777378,0.9701593633028577,1,0.970159,1,ml_only,0,,,,,,,,1,credential_based_fraud,card_testing,IP velocity raises risk;session velocity raises risk;merchant chargeback behavior lowers risk
txn_4b9936ea3562,0.9826639321706234,1,0.982664,1,ml_only,0,,,,,,,,1,credential_based_fraud,card_testing,IP velocity raises risk;session velocity raises risk;merchant chargeback behavior lowers risk
txn_658326e22a2c,0.9466799896298761,1,0.94668,1,ml_only,0,,,,,,,,1,credential_based_fraud,card_testing,IP velocity raises risk;session velocity raises risk;merchant chargeback behavior lowers risk
txn_5ac058390fee,0.9813553624832004,1,0.981355,1,ml_only,0,,,,,,,,1,credential_based_fraud,card_testing,IP velocity raises risk;session velocity raises risk;merchant chargeback behavior lowers risk
txn_455227f53b50,0.9626079294058433,1,0.962608,1,ml_only,0,,,,,,,,1,credential_based_fraud,card_testing,IP velocity raises risk;session velocity raises risk;merchant chargeback behavior lowers risk
txn_7bc2e5ef0ccf,0.9795661688896256,1,0.979566,1,ml_only,0,,,,,,,,1,credential_based_fraud,card_testing,high generated risk score raises risk;IP velocity raises risk;session velocity raises risk
txn_8df1cc6e159b,0.9925145358039658,1,0.992515,1,ml_only,0,,,,,,,,1,credential_based_fraud,card_testing,IP velocity raises risk;high generated risk score raises risk;auth_result_code raises risk
txn_ed8980e8518e,0.9859353759981514,1,0.985935,1,ml_only,0,,,,,,,,1,credential_based_fraud,card_testing,IP velocity raises risk;auth_result_code raises risk;session velocity raises risk
txn_2c5073a302e9,0.9200101894729363,1,0.92001,1,ml_only,0,,,,,,,,1,credential_based_fraud,card_testing,IP velocity raises risk;session velocity raises risk;merchant chargeback behavior lowers risk
txn_15cbb6df8e38,0.98606116703386,1,0.986061,1,ml_only,0,,,,,,,,1,credential_based_fraud,card_testing,IP velocity raises risk;session velocity raises risk;merchant chargeback behavior lowers risk
txn_7aeb847bd287,0.9916559338929322,1,0.991656,1,ml_only,0,,,,,,,,1,credential_based_fraud,card_testing,high generated risk score raises risk;IP velocity raises risk;session velocity raises risk
txn_52286cc0175e,0.9542301152576415,1,0.95423,1,ml_only,0,,,,,,,,1,credential_based_fraud,card_testing,IP velocity raises risk;session velocity raises risk;merchant chargeback behavior lowers risk
txn_94a89a411f1f,0.9677532201317827,1,0.967753,1,ml_only,0,,,,,,,,1,credential_based_fraud,card_testing,IP velocity raises risk;session velocity raises risk;merchant chargeback behavior lowers risk
txn_c04bd16360a6,0.9833764483521479,1,0.983376,1,ml_only,0,,,,,,,,1,credential_based_fraud,card_testing,IP velocity raises risk;session velocity raises risk;merchant chargeback behavior lowers risk
txn_c30600555ad4,0.9729795575160386,1,0.97298,1,ml_only,0,,,,,,,,1,credential_based_fraud,card_testing,IP velocity raises risk;high generated risk score raises risk;session velocity raises risk
txn_8c40f34ceb91,0.9839871307599328,1,0.983987,1,ml_only,0,,,,,,,,1,credential_based_fraud,card_testing,IP velocity raises risk;auth_result_code raises risk;session velocity raises risk
txn_239e3960250f,0.984185632068462,1,0.984186,1,ml_only,0,,,,,,,,1,credential_based_fraud,card_testing,high generated risk score raises risk;auth_result_code raises risk;IP velocity raises risk
txn_1a8acaea9a11,0.9731950201770168,1,0.973195,1,ml_only,0,,,,,,,,1,credential_based_fraud,card_testing,high generated risk score raises risk;session velocity raises risk;merchant chargeback behavior lowers risk
txn_9c65ff930300,0.9839916974698837,1,0.983992,1,ml_only,0,,,,,,,,1,credential_based_fraud,card_testing,high generated risk score raises risk;session velocity raises risk;merchant chargeback behavior lowers risk
txn_c82493cf76b7,0.9772149180205144,1,0.977215,1,ml_only,0,,,,,,,,1,credential_based_fraud,card_testing,auth_result_code raises risk;session velocity raises risk;merchant chargeback behavior lowers risk
txn_8312e25b4438,0.9046556973314033,1,0.904656,1,ml_only,0,,,,,,,,1,credential_based_fraud,card_testing,session velocity raises risk;merchant chargeback behavior lowers risk;device history raises risk
txn_6a1f9f4a3bcb,0.9920601945370892,1,0.99206,1,ml_only,0,,,,,,,,1,credential_based_fraud,card_testing,high generated risk score raises risk;auth_result_code raises risk;session velocity raises risk
txn_b6451a1dacb2,0.9907553635207955,1,0.990755,1,ml_only,0,,,,,,,,1,credential_based_fraud,card_testing,auth_result_code raises risk;high generated risk score raises risk;session velocity raises risk
txn_f5890d75f61c,0.9685403907434037,1,0.96854,1,ml_only,0,,,,,,,,1,credential_based_fraud,card_testing,session velocity raises risk;merchant chargeback behavior lowers risk;channel_code raises risk
txn_aaf233f73757,0.9686843188392874,1,0.968684,1,ml_only,0,,,,,,,,1,credential_based_fraud,card_testing,high generated risk score raises risk;session velocity raises risk;merchant chargeback behavior lowers risk
txn_839bde980e57,0.9903330976010535,1,0.990333,1,ml_only,0,,,,,,,,1,credential_based_fraud,card_testing,high generated risk score raises risk;auth_result_code raises risk;session velocity raises risk
txn_4bf42a29b505,0.9842843945113089,1,0.984284,1,ml_only,0,,,,,,,,1,credential_based_fraud,card_testing,high generated risk score raises risk;session velocity raises risk;merchant chargeback behavior lowers risk
txn_492ab1805c39,0.9899552682024132,1,0.989955,1,ml_only,0,,,,,,,,1,credential_based_fraud,card_testing,high generated risk score raises risk;auth_result_code raises risk;session velocity raises risk
txn_ebb497589953,0.9736461821981215,1,0.973646,1,ml_only,0,,,,,,,,1,credential_based_fraud,card_testing,high generated risk score raises risk;auth_result_code raises risk;session velocity raises risk
txn_f9c8800384f6,0.950009024022117,1,0.950009,1,ml_only,0,,,,,,,,1,credential_based_fraud,card_testing,high generated risk score raises risk;session velocity raises risk;merchant chargeback behavior lowers risk
txn_ffce5c739f7e,0.9466914517107913,1,0.946691,1,ml_only,0,,,,,,,,1,credential_based_fraud,card_testing,session velocity raises risk;merchant chargeback behavior lowers risk;channel_code raises risk
txn_22f5f99e5d06,0.9897356563883215,1,0.989736,1,ml_only,0,,,,,,,,1,credential_based_fraud,card_testing,high generated risk score raises risk;auth_result_code raises risk;session velocity raises risk
txn_d06e5ff24f3b,0.8965644228613552,1,0.896564,1,ml_only,0,,,,,,,,1,credential_based_fraud,card_testing,session velocity raises risk;merchant chargeback behavior lowers risk;device history raises risk
txn_c777cbbfcb82,0.9794946628830277,1,0.979495,1,ml_only,0,,,,,,,,1,credential_based_fraud,card_testing,auth_result_code raises risk;session velocity raises risk;merchant chargeback behavior lowers risk
txn_819d04932fb4,0.9781814520323644,1,0.978181,1,ml_only,0,,,,,,,,1,credential_based_fraud,card_testing,auth_result_code raises risk;session velocity raises risk;merchant chargeback behavior lowers risk
txn_5090b773d86a,0.926650247232672,1,0.92665,1,ml_only,0,,,,,,,,1,credential_based_fraud,card_testing,session velocity raises risk;merchant chargeback behavior lowers risk;channel_code raises risk
txn_0c59cccba17d,0.969619536083918,1,0.96962,1,ml_only,0,,,,,,,,1,credential_based_fraud,card_testing,auth_result_code raises risk;session velocity raises risk;merchant chargeback behavior lowers risk
txn_bd5337993888,0.9820151464894692,1,0.982015,1,ml_only,0,,,,,,,,1,credential_based_fraud,card_testing,high generated risk score raises risk;session velocity raises risk;merchant chargeback behavior lowers risk
txn_0de9837d129f,0.9733116329599127,1,0.973312,1,ml_only,0,,,,,,,,1,credential_based_fraud,card_testing,high generated risk score raises risk;session velocity raises risk;merchant chargeback behavior lowers risk
txn_ce51258fbf87,0.9675426831487698,1,0.967543,1,ml_only,0,,,,,,,,1,credential_based_fraud,card_testing,session velocity raises risk;merchant chargeback behavior lowers risk;channel_code raises risk
txn_9ea0d747d902,0.9314001677195822,1,0.9314,1,ml_only,0,,,,,,,,1,credential_based_fraud,card_testing,session velocity raises risk;merchant chargeback behavior lowers risk;device history raises risk
txn_87eb70147608,0.9570146199175987,1,0.957015,1,ml_only,0,,,,,,,,1,credential_based_fraud,card_testing,high generated risk score raises risk;session velocity raises risk;merchant chargeback behavior lowers risk
txn_00b8d61234d1,0.9857100991091208,1,0.98571,1,ml_only,0,,,,,,,,1,credential_based_fraud,card_testing,high generated risk score raises risk;auth_result_code raises risk;session velocity raises risk
txn_34c1a006a47f,0.9764760522848671,1,0.976476,1,ml_only,0,,,,,,,,1,credential_based_fraud,card_testing,high generated risk score raises risk;session velocity raises risk;merchant chargeback behavior lowers risk
txn_7fffdc411e58,0.819110201997842,1,0.81911,1,ml_only,0,,,,,,,,1,credential_based_fraud,card_testing,session velocity raises risk;merchant chargeback behavior lowers risk;device history raises risk
txn_29cf19fb6ce6,0.9720528742148503,1,0.972053,1,ml_only,0,,,,,,,,1,credential_based_fraud,card_testing,auth_result_code raises risk;session velocity raises risk;merchant chargeback behavior lowers risk
txn_e6a91dd7456c,0.9603880496096258,1,0.960388,1,ml_only,0,,,,,,,,1,credential_based_fraud,card_testing,session velocity raises risk;merchant chargeback behavior lowers risk;channel_code raises risk
txn_e20a071c1ca0,0.9357545448750624,1,0.935755,1,ml_only,0,,,,,,,,1,credential_based_fraud,card_testing,session velocity raises risk;merchant chargeback behavior lowers risk;channel_code raises risk
txn_d2cd6f18a5b0,0.9662693029442573,1,0.966269,1,ml_only,0,,,,,,,,1,credential_based_fraud,card_testing,auth_result_code raises risk;session velocity raises risk;merchant chargeback behavior lowers risk
txn_27c2769815a4,0.9795131275849601,1,0.979513,1,ml_only,0,,,,,,,,1,credential_based_fraud,card_testing,high generated risk score raises risk;session velocity raises risk;merchant chargeback behavior lowers risk
txn_0f0f8fc3f671,0.8968147546712749,1,0.896815,1,ml_only,0,,,,,,,,1,credential_based_fraud,card_testing,session velocity raises risk;merchant chargeback behavior lowers risk;channel_code raises risk
txn_9a5b9d0be084,0.9622063638570472,1,0.962206,1,ml_only,0,,,,,,,,1,credential_based_fraud,card_testing,auth_result_code raises risk;session velocity raises risk;merchant chargeback behavior lowers risk
txn_cf0fbf370781,0.9583892782352897,1,0.958389,1,ml_only,0,,,,,,,,1,credential_based_fraud,card_testing,auth_result_code raises risk;session velocity raises risk;merchant chargeback behavior lowers risk
txn_318b0f855c2e,0.956507571550267,1,0.956508,1,ml_only,0,,,,,,,,1,credential_based_fraud,card_testing,high generated risk score raises risk;session velocity raises risk;merchant chargeback behavior lowers risk
txn_65dd51828792,0.9682485049475587,1,0.968249,1,ml_only,0,,,,,,,,1,credential_based_fraud,card_testing,high generated risk score raises risk;session velocity raises risk;merchant chargeback behavior lowers risk
txn_28fb078e7460,0.98276832280602,1,0.982768,1,ml_only,0,,,,,,,,1,credential_based_fraud,card_testing,high generated risk score raises risk;auth_result_code raises risk;session velocity raises risk
txn_72c3fc2688cc,0.8627545480647084,1,0.862755,1,ml_only,0,,,,,,,,1,credential_based_fraud,card_testing,session velocity raises risk;merchant chargeback behavior lowers risk;device history raises risk
txn_42e7a905cc45,0.9789904680007517,1,0.97899,1,ml_only,0,,,,,,,,1,credential_based_fraud,card_testing,high generated risk score raises risk;session velocity raises risk;merchant chargeback behavior lowers risk
txn_0fb0cad6057e,0.9591927388898114,1,0.959193,1,ml_only,0,,,,,,,,1,credential_based_fraud,card_testing,auth_result_code raises risk;session velocity raises risk;merchant chargeback behavior lowers risk
txn_95e6c56bd08c,0.9222112916640077,1,0.922211,1,ml_only,0,,,,,,,,1,credential_based_fraud,card_testing,session velocity raises risk;merchant chargeback behavior lowers risk;channel_code raises risk
txn_bbf9c506a4a3,0.9592138294152549,1,0.959214,1,ml_only,0,,,,,,,,1,credential_based_fraud,card_testing,auth_result_code raises risk;session velocity raises risk;merchant chargeback behavior lowers risk
txn_71302fe995f4,0.9626938870722697,1,0.962694,1,ml_only,0,,,,,,,,1,credential_based_fraud,card_testing,auth_result_code raises risk;session velocity raises risk;merchant chargeback behavior lowers risk
txn_40de9687e259,0.894132944685295,1,0.894133,1,ml_only,0,,,,,,,,1,credential_based_fraud,card_testing,session velocity raises risk;merchant chargeback behavior lowers risk;channel_code raises risk
txn_744a1acfeb17,0.9754679655545093,1,0.975468,1,ml_only,0,,,,,,,,1,credential_based_fraud,card_testing,auth_result_code raises risk;session velocity raises risk;merchant chargeback behavior lowers risk
txn_2eb48c116cae,0.9561675070948366,1,0.956168,1,ml_only,0,,,,,,,,1,credential_based_fraud,card_testing,high generated risk score raises risk;session velocity raises risk;merchant chargeback behavior lowers risk
txn_6a91115167e7,0.9324098850092669,1,0.93241,1,ml_only,0,,,,,,,,1,credential_based_fraud,card_testing,high generated risk score raises risk;session velocity raises risk;merchant chargeback behavior lowers risk
txn_3e1cf89413c2,0.9848858819755482,1,0.984886,1,ml_only,0,,,,,,,,1,credential_based_fraud,card_testing,high generated risk score raises risk;auth_result_code raises risk;session velocity raises risk
txn_d5632d312957,0.9803281433662309,1,0.980328,1,ml_only,0,,,,,,,,1,credential_based_fraud,card_testing,high generated risk score raises risk;auth_result_code raises risk;session velocity raises risk
txn_2ce5050c1a86,0.5451466499259467,1,0.545147,1,ml_only,0,,,,,,,,1,credential_based_fraud,card_testing,session velocity lowers risk;high generated risk score raises risk;merchant chargeback behavior lowers risk
txn_4640f252fb66,0.9465914519234421,1,0.946591,1,ml_only,0,,,,,,,,1,credential_based_fraud,card_not_present,merchant refund behavior raises risk;session velocity raises risk;device history raises risk
txn_1f7aedc6a14c,0.974439800425471,1,0.97444,1,ml_only,0,,,,,,,,1,credential_based_fraud,card_not_present,merchant refund behavior raises risk;session velocity raises risk;device history raises risk
txn_e8fd81de4a90,0.9897125148417993,1,0.989713,1,ml_only,0,,,,,,,,1,credential_based_fraud,card_not_present,high generated risk score raises risk;merchant refund behavior raises risk;session velocity raises risk
txn_734ce9024d4d,0.9879430336413799,1,0.987943,1,ml_only,0,,,,,,,,1,credential_based_fraud,card_not_present,merchant refund behavior raises risk;session velocity raises risk;device history raises risk
txn_84d782cd6283,0.9831788560111008,1,0.983179,1,ml_only,0,,,,,,,,1,credential_based_fraud,card_not_present,high generated risk score raises risk;merchant refund behavior raises risk;session velocity raises risk
txn_b67e80bdd036,0.9845500271057442,1,0.98455,1,ml_only,0,,,,,,,,1,credential_based_fraud,card_not_present,merchant refund behavior raises risk;session velocity raises risk;device history raises risk
txn_6887e87e215c,0.9937163064472261,1,0.993716,1,ml_only,0,,,,,,,,1,credential_based_fraud,card_not_present,high generated risk score raises risk;merchant refund behavior raises risk;session velocity raises risk
txn_9c1800a1e180,0.9922967587435999,1,0.992297,1,ml_only,0,,,,,,,,1,credential_based_fraud,card_not_present,merchant refund behavior raises risk;high generated risk score raises risk;session velocity raises risk
txn_ae4e4ae32597,0.9849929703210365,1,0.984993,1,ml_only,0,,,,,,,,1,credential_based_fraud,card_not_present,merchant refund behavior raises risk;high generated risk score raises risk;session velocity raises risk
txn_a3ac7d794aef,0.9837991417293267,1,0.983799,1,ml_only,0,,,,,,,,1,credential_based_fraud,card_not_present,merchant refund behavior raises risk;session velocity raises risk;device history raises risk
txn_bf907ab8dc6e,0.987148653021535,1,0.987149,1,ml_only,0,,,,,,,,1,credential_based_fraud,card_not_present,merchant refund behavior raises risk;session velocity raises risk;device history raises risk
txn_2766a7cf6f66,0.9881357421723073,1,0.988136,1,ml_only,0,,,,,,,,1,credential_based_fraud,card_not_present,merchant refund behavior raises risk;session velocity raises risk;device history raises risk
txn_615d1642416a,0.9908755605655162,1,0.990876,1,ml_only,0,,,,,,,,1,credential_based_fraud,card_not_present,merchant refund behavior raises risk;high generated risk score raises risk;session velocity raises risk
txn_69f493957fb7,0.9871754994257673,1,0.987175,1,ml_only,0,,,,,,,,1,credential_based_fraud,card_not_present,merchant refund behavior raises risk;session velocity raises risk;device history raises risk
txn_9854a4692598,0.9969393468258109,1,0.996939,1,ml_only,0,,,,,,,,1,credential_based_fraud,card_not_present,high generated risk score raises risk;merchant refund behavior raises risk;session velocity raises risk
txn_404ef656c4a1,0.9932707179120823,1,0.993271,1,ml_only,0,,,,,,,,1,credential_based_fraud,card_not_present,merchant refund behavior raises risk;high generated risk score raises risk;IP velocity raises risk
txn_2263e61aea6e,0.9929589515782962,1,0.992959,1,ml_only,0,,,,,,,,1,credential_based_fraud,card_not_present,merchant refund behavior raises risk;high generated risk score raises risk;IP velocity raises risk
txn_3ef540fd585c,0.9932835828617484,1,0.993284,1,ml_only,0,,,,,,,,1,credential_based_fraud,card_not_present,merchant refund behavior raises risk;IP velocity raises risk;session velocity raises risk
txn_4e62f0aeb4ba,0.9899399002641996,1,0.98994,1,ml_only,0,,,,,,,,1,credential_based_fraud,card_not_present,merchant refund behavior raises risk;IP velocity raises risk;session velocity raises risk
txn_725a5cdaa866,0.9959608376904111,1,0.995961,1,ml_only,0,,,,,,,,1,credential_based_fraud,card_not_present,high generated risk score raises risk;merchant refund behavior raises risk;IP velocity raises risk
txn_5ad76f426413,0.9936071136560343,1,0.993607,1,ml_only,0,,,,,,,,1,credential_based_fraud,card_not_present,high generated risk score raises risk;merchant refund behavior raises risk;IP velocity raises risk
txn_459c669ef39d,0.9937760047447881,1,0.993776,1,ml_only,0,,,,,,,,1,credential_based_fraud,card_not_present,merchant refund behavior raises risk;IP velocity raises risk;session velocity raises risk
txn_b150723b07fc,0.9899469866512868,1,0.989947,1,ml_only,0,,,,,,,,1,credential_based_fraud,card_not_present,merchant refund behavior raises risk;IP velocity raises risk;session velocity raises risk
txn_996dcd119edb,0.99534619418271,1,0.995346,1,ml_only,0,,,,,,,,1,credential_based_fraud,card_not_present,merchant refund behavior raises risk;IP velocity raises risk;high generated risk score raises risk
txn_1b19284e34c7,0.9920626809124893,1,0.992063,1,ml_only,0,,,,,,,,1,credential_based_fraud,card_not_present,IP velocity raises risk;merchant refund behavior raises risk;session velocity raises risk
txn_3cf40103f882,0.99258769051305,1,0.992588,1,ml_only,0,,,,,,,,1,credential_based_fraud,card_not_present,merchant refund behavior raises risk;IP velocity raises risk;session velocity raises risk
txn_4ca5bc93a306,0.9933187019314286,1,0.993319,1,ml_only,0,,,,,,,,1,credential_based_fraud,card_not_present,merchant refund behavior raises risk;IP velocity raises risk;session velocity raises risk
txn_9d15afd37365,0.9946983782342251,1,0.994698,1,ml_only,0,,,,,,,,1,credential_based_fraud,card_not_present,IP velocity raises risk;merchant refund behavior raises risk;session velocity raises risk
txn_65a4f12fb51b,0.9932023677986952,1,0.993202,1,ml_only,0,,,,,,,,1,credential_based_fraud,card_not_present,high generated risk score raises risk;IP velocity raises risk;merchant refund behavior raises risk
txn_cf4e968f2945,0.9945460276125092,1,0.994546,1,ml_only,0,,,,,,,,1,credential_based_fraud,card_not_present,merchant refund behavior raises risk;IP velocity raises risk;session velocity raises risk
txn_32dd2a886f7c,0.9641107291556363,1,0.964111,1,ml_only,0,,,,,,,,1,credential_based_fraud,card_not_present,session velocity lowers risk;merchant refund behavior raises risk;IP velocity raises risk
txn_ca1fba1862e5,0.8233380058426442,1,0.823338,1,ml_only,0,,,,,,,,1,credential_based_fraud,consumer_account_takeover,session velocity raises risk;device history raises risk;IP reputation lowers risk
txn_1b82d60d31e7,0.9117109549198081,1,0.911711,1,ml_only,0,,,,,,,,1,credential_based_fraud,consumer_account_takeover,IP reputation raises risk;session velocity raises risk;merchant growth pattern raises risk
txn_c6c58f73e92b,0.9514354428707515,1,0.951435,1,ml_only,0,,,,,,,,1,credential_based_fraud,consumer_account_takeover,IP reputation raises risk;session velocity raises risk;merchant growth pattern raises risk
txn_257c96821bfd,0.979415763439316,1,0.979416,1,ml_only,0,,,,,,,,1,credential_based_fraud,consumer_account_takeover,high generated risk score raises risk;IP reputation raises risk;session velocity raises risk
txn_2bb4d1b566fe,0.9607148961295182,1,0.960715,1,ml_only,0,,,,,,,,1,credential_based_fraud,consumer_account_takeover,session velocity raises risk;device history raises risk;IP reputation lowers risk
txn_1de64ef6f574,0.9780786610737616,1,0.978079,1,ml_only,0,,,,,,,,1,credential_based_fraud,consumer_account_takeover,high generated risk score raises risk;IP reputation raises risk;session velocity raises risk
txn_670aa092fa53,0.9562482479892269,1,0.956248,1,ml_only,0,,,,,,,,1,credential_based_fraud,consumer_account_takeover,IP reputation raises risk;session velocity raises risk;merchant growth pattern raises risk
txn_edba32144615,0.9887857679868076,1,0.988786,1,ml_only,0,,,,,,,,1,credential_based_fraud,consumer_account_takeover,IP reputation raises risk;high generated risk score raises risk;session velocity raises risk
txn_033d46f6dc52,0.9404235261498862,1,0.940424,1,ml_only,0,,,,,,,,1,credential_based_fraud,consumer_account_takeover,high generated risk score raises risk;session velocity raises risk;device history raises risk
txn_014d35eca4ee,0.9642791399975902,1,0.964279,1,ml_only,0,,,,,,,,1,credential_based_fraud,consumer_account_takeover,IP reputation raises risk;session velocity raises risk;merchant growth pattern raises risk
txn_ffd0e2e1e3b1,0.9836063376523446,1,0.983606,1,ml_only,0,,,,,,,,1,credential_based_fraud,consumer_account_takeover,IP reputation raises risk;high generated risk score raises risk;session velocity raises risk
txn_e606efbda8dc,0.9659123397194402,1,0.965912,1,ml_only,0,,,,,,,,1,credential_based_fraud,consumer_account_takeover,IP reputation raises risk;session velocity raises risk;merchant growth pattern raises risk
txn_a33f9832491b,0.8816402369858083,1,0.88164,1,ml_only,0,,,,,,,,1,credential_based_fraud,consumer_account_takeover,session velocity raises risk;device history raises risk;IP reputation lowers risk
txn_1012ccb4566b,0.975188129502364,1,0.975188,1,ml_only,0,,,,,,,,1,credential_based_fraud,consumer_account_takeover,IP reputation raises risk;session velocity raises risk;high generated risk score raises risk
txn_54860aedaf31,0.9874851866702923,1,0.987485,1,ml_only,0,,,,,,,,1,credential_based_fraud,consumer_account_takeover,high generated risk score raises risk;IP reputation raises risk;IP velocity raises risk
txn_05895b2f261f,0.909708455428913,1,0.909708,1,ml_only,0,,,,,,,,1,credential_based_fraud,consumer_account_takeover,IP reputation raises risk;IP velocity raises risk;merchant growth pattern raises risk
txn_be5f6aa0ba86,0.9248356309975645,1,0.924836,1,ml_only,0,,,,,,,,1,credential_based_fraud,consumer_account_takeover,high generated risk score raises risk;IP velocity raises risk;device history raises risk
txn_212b36bfaa14,0.8932981420790091,1,0.893298,1,ml_only,0,,,,,,,,1,credential_based_fraud,merchant_admin_takeover,merchant refund behavior raises risk;session velocity raises risk;customer decline history raises risk
txn_023780445f49,0.969904834041885,1,0.969905,1,ml_only,0,,,,,,,,1,credential_based_fraud,merchant_admin_takeover,merchant refund behavior raises risk;high generated risk score raises risk;session velocity raises risk
txn_3b12d338a90d,0.9588441066803325,1,0.958844,1,ml_only,0,,,,,,,,1,credential_based_fraud,merchant_admin_takeover,merchant refund behavior raises risk;session velocity raises risk;customer decline history raises risk
txn_85cfa438e66b,0.9684170955130701,1,0.968417,1,ml_only,0,,,,,,,,1,credential_based_fraud,merchant_admin_takeover,merchant refund behavior raises risk;session velocity raises risk;customer decline history raises risk
txn_97b52e9f4462,0.9431002347737621,1,0.9431,1,ml_only,0,,,,,,,,1,credential_based_fraud,merchant_admin_takeover,merchant refund behavior raises risk;high generated risk score raises risk;session velocity raises risk
txn_e907b5a72f99,0.9834595785872629,1,0.98346,1,ml_only,0,,,,,,,,1,credential_based_fraud,merchant_admin_takeover,high generated risk score raises risk;merchant refund behavior raises risk;session velocity raises risk
txn_2c762911d6ed,0.867249173965223,1,0.867249,1,ml_only,0,,,,,,,,1,credential_based_fraud,merchant_admin_takeover,session velocity lowers risk;merchant refund behavior raises risk;high generated risk score raises risk
txn_69605cc2d2ec,0.9387580834550885,1,0.938758,1,ml_only,0,,,,,,,,1,credential_based_fraud,credential_stuffing,merchant chargeback behavior raises risk;customer velocity raises risk;session velocity raises risk
txn_01c5630e227f,0.9900101381241135,1,0.99001,1,ml_only,0,,,,,,,,1,credential_based_fraud,credential_stuffing,merchant chargeback behavior raises risk;customer velocity raises risk;session velocity raises risk
txn_634d8967bf92,0.9947128803890681,1,0.994713,1,ml_only,0,,,,,,,,1,credential_based_fraud,credential_stuffing,high generated risk score raises risk;merchant chargeback behavior raises risk;customer velocity raises risk
txn_b13177ff7fb5,0.9935133619733023,1,0.993513,1,ml_only,0,,,,,,,,1,credential_based_fraud,credential_stuffing,merchant chargeback behavior raises risk;customer velocity raises risk;session velocity raises risk
txn_1839ea15f235,0.9661255779007965,1,0.966126,1,ml_only,0,,,,,,,,1,credential_based_fraud,credential_stuffing,merchant chargeback behavior raises risk;customer velocity raises risk;session velocity raises risk
txn_2def6f6fc198,0.9957224867039517,1,0.995722,1,ml_only,0,,,,,,,,1,credential_based_fraud,credential_stuffing,merchant chargeback behavior raises risk;high generated risk score raises risk;customer velocity raises risk
txn_facf8435b1c5,0.995426979838691,1,0.995427,1,ml_only,0,,,,,,,,1,credential_based_fraud,credential_stuffing,merchant chargeback behavior raises risk;customer velocity raises risk;high generated risk score raises risk
txn_39992d21bbce,0.9938734100033556,1,0.993873,1,ml_only,0,,,,,,,,1,credential_based_fraud,credential_stuffing,merchant chargeback behavior raises risk;customer velocity raises risk;session velocity raises risk
txn_5c2ab8e7fc5f,0.9755711748545175,1,0.975571,1,ml_only,0,,,,,,,,1,credential_based_fraud,credential_stuffing,merchant chargeback behavior raises risk;high generated risk score raises risk;customer velocity raises risk
txn_0273f2ae996d,0.9923326247796711,1,0.992333,1,ml_only,0,,,,,,,,1,credential_based_fraud,credential_stuffing,merchant chargeback behavior raises risk;customer velocity raises risk;session velocity raises risk
txn_53c4e697f880,0.9971672301052689,1,0.997167,1,ml_only,0,,,,,,,,1,credential_based_fraud,credential_stuffing,merchant chargeback behavior raises risk;high generated risk score raises risk;customer velocity raises risk
txn_00911bfdbf93,0.994288394835052,1,0.994288,1,ml_only,0,,,,,,,,1,credential_based_fraud,credential_stuffing,merchant chargeback behavior raises risk;customer velocity raises risk;session velocity raises risk
txn_64d493b68797,0.9852672275093759,1,0.985267,1,ml_only,0,,,,,,,,1,credential_based_fraud,credential_stuffing,high generated risk score raises risk;merchant chargeback behavior raises risk;customer velocity raises risk
txn_44544bb61fc0,0.9979636546575892,1,0.997964,1,ml_only,0,,,,,,,,1,credential_based_fraud,credential_stuffing,high generated risk score raises risk;IP velocity raises risk;merchant chargeback behavior raises risk
txn_2de8b18d23da,0.9980862980090986,1,0.998086,1,ml_only,0,,,,,,,,1,credential_based_fraud,credential_stuffing,high generated risk score raises risk;IP velocity raises risk;merchant chargeback behavior raises risk
txn_b906798594df,0.9977562383173989,1,0.997756,1,ml_only,0,,,,,,,,1,credential_based_fraud,credential_stuffing,high generated risk score raises risk;IP velocity raises risk;merchant chargeback behavior raises risk
txn_649cc8e2c263,0.9931641441409136,1,0.993164,1,ml_only,0,,,,,,,,1,credential_based_fraud,credential_stuffing,IP velocity raises risk;merchant chargeback behavior raises risk;customer velocity raises risk
txn_6d30179dba8a,0.9957714089547798,1,0.995771,1,ml_only,0,,,,,,,,1,credential_based_fraud,credential_stuffing,IP velocity raises risk;merchant chargeback behavior raises risk;customer velocity raises risk
txn_1c2b201af65b,0.9981865857803037,1,0.998187,1,ml_only,0,,,,,,,,1,credential_based_fraud,credential_stuffing,high generated risk score raises risk;IP velocity raises risk;merchant chargeback behavior raises risk
txn_4cb8875d7dbb,0.9978653201612896,1,0.997865,1,ml_only,0,,,,,,,,1,credential_based_fraud,credential_stuffing,IP velocity raises risk;high generated risk score raises risk;merchant chargeback behavior raises risk
txn_928c184cb1b1,0.9791492210659335,1,0.979149,1,ml_only,0,,,,,,,,1,credential_based_fraud,credential_stuffing,IP velocity raises risk;merchant chargeback behavior raises risk;customer velocity raises risk
txn_86e7309a35af,0.9971549574930408,1,0.997155,1,ml_only,0,,,,,,,,1,credential_based_fraud,credential_stuffing,IP velocity raises risk;merchant chargeback behavior raises risk;customer velocity raises risk
txn_b50a6ebed0ed,0.9977349890497926,1,0.997735,1,ml_only,0,,,,,,,,1,credential_based_fraud,credential_stuffing,IP velocity raises risk;high generated risk score raises risk;merchant chargeback behavior raises risk
txn_14a8e1707ddc,0.9970600864423427,1,0.99706,1,ml_only,0,,,,,,,,1,credential_based_fraud,credential_stuffing,IP velocity raises risk;merchant chargeback behavior raises risk;customer velocity raises risk
txn_2572fb43e4e4,0.9788088837519847,1,0.978809,1,ml_only,0,,,,,,,,1,credential_based_fraud,credential_stuffing,IP velocity raises risk;merchant chargeback behavior raises risk;customer velocity raises risk
txn_2636d77183e9,0.9963118961463963,1,0.996312,1,ml_only,0,,,,,,,,1,credential_based_fraud,credential_stuffing,IP velocity raises risk;merchant chargeback behavior raises risk;customer velocity raises risk
txn_69f86dcd77ed,0.9945304768123788,1,0.99453,1,ml_only,0,,,,,,,,1,credential_based_fraud,credential_stuffing,IP velocity raises risk;merchant chargeback behavior raises risk;customer velocity raises risk
txn_6f2f5094ee17,0.9953914423712852,1,0.995391,1,ml_only,0,,,,,,,,1,credential_based_fraud,credential_stuffing,IP velocity raises risk;merchant chargeback behavior raises risk;customer velocity raises risk
txn_061b6c10457b,0.9846319326445394,1,0.984632,1,ml_only,0,,,,,,,,1,credential_based_fraud,credential_stuffing,high generated risk score raises risk;merchant chargeback behavior raises risk;customer velocity raises risk
txn_339cc6e28069,0.9936113597303307,1,0.993611,1,ml_only,0,,,,,,,,1,credential_based_fraud,credential_stuffing,merchant chargeback behavior raises risk;customer velocity raises risk;session velocity raises risk
txn_ad36408846a3,0.9968562793687586,1,0.996856,1,ml_only,0,,,,,,,,1,credential_based_fraud,credential_stuffing,merchant chargeback behavior raises risk;customer velocity raises risk;session velocity raises risk
txn_f1a131b41ac0,0.99550559101605,1,0.995506,1,ml_only,0,,,,,,,,1,credential_based_fraud,credential_stuffing,merchant chargeback behavior raises risk;customer velocity raises risk;session velocity raises risk
txn_c3324c2be06b,0.9683286512980629,1,0.968329,1,ml_only,0,,,,,,,,1,credential_based_fraud,credential_stuffing,merchant chargeback behavior raises risk;customer velocity raises risk;session velocity raises risk
txn_3ff6e91bad53,0.9937974713724862,1,0.993797,1,ml_only,0,,,,,,,,1,credential_based_fraud,credential_stuffing,merchant chargeback behavior raises risk;customer velocity raises risk;session velocity raises risk
txn_d20359c9a04c,0.9962328859646344,1,0.996233,1,ml_only,0,,,,,,,,1,credential_based_fraud,credential_stuffing,merchant chargeback behavior raises risk;customer velocity raises risk;session velocity raises risk
txn_87ba0aed5619,0.9971566910301799,1,0.997157,1,ml_only,0,,,,,,,,1,credential_based_fraud,credential_stuffing,high generated risk score raises risk;merchant chargeback behavior raises risk;customer velocity raises risk
txn_a4688938cb96,0.9591679447478499,1,0.959168,1,ml_only,0,,,,,,,,1,credential_based_fraud,credential_stuffing,merchant chargeback behavior raises risk;customer velocity raises risk;session velocity raises risk
txn_779639f5eafb,0.9923934518762253,1,0.992393,1,ml_only,0,,,,,,,,1,credential_based_fraud,credential_stuffing,merchant chargeback behavior raises risk;customer velocity raises risk;session velocity raises risk
txn_791773496e87,0.9952954556956102,1,0.995295,1,ml_only,0,,,,,,,,1,credential_based_fraud,credential_stuffing,merchant chargeback behavior raises risk;high generated risk score raises risk;customer velocity raises risk
txn_79341cab6e87,0.996857551562229,1,0.996858,1,ml_only,0,,,,,,,,1,credential_based_fraud,credential_stuffing,high generated risk score raises risk;merchant chargeback behavior raises risk;customer velocity raises risk
txn_5bfe74c6cf3c,0.9767297332040088,1,0.97673,1,ml_only,0,,,,,,,,1,credential_based_fraud,credential_stuffing,merchant chargeback behavior raises risk;high generated risk score raises risk;customer velocity raises risk
txn_a52d7c66e1b0,0.9921504322729777,1,0.99215,1,ml_only,0,,,,,,,,1,credential_based_fraud,credential_stuffing,merchant chargeback behavior raises risk;customer velocity raises risk;session velocity raises risk
txn_044d3b48a98a,0.991841509843907,1,0.991842,1,ml_only,0,,,,,,,,1,credential_based_fraud,credential_stuffing,merchant chargeback behavior raises risk;customer velocity raises risk;session velocity raises risk
txn_913c849ed8bc,0.9968437208917789,1,0.996844,1,ml_only,0,,,,,,,,1,credential_based_fraud,credential_stuffing,high generated risk score raises risk;merchant chargeback behavior raises risk;customer velocity raises risk
txn_4ddcf19f7fa6,0.9628636588991311,1,0.962864,1,ml_only,0,,,,,,,,1,credential_based_fraud,credential_stuffing,merchant chargeback behavior raises risk;customer velocity raises risk;session velocity raises risk
txn_25e8a0071fd0,0.996890597442174,1,0.996891,1,ml_only,0,,,,,,,,1,credential_based_fraud,credential_stuffing,high generated risk score raises risk;merchant chargeback behavior raises risk;customer velocity raises risk
txn_ea162f0932d0,0.9939726773351871,1,0.993973,1,ml_only,0,,,,,,,,1,credential_based_fraud,credential_stuffing,merchant chargeback behavior raises risk;customer velocity raises risk;session velocity raises risk
txn_4066f1d6f3de,0.9933559671672519,1,0.993356,1,ml_only,0,,,,,,,,1,credential_based_fraud,credential_stuffing,merchant chargeback behavior raises risk;customer velocity raises risk;session velocity raises risk
txn_492f754a927d,0.9677001563129549,1,0.9677,1,ml_only,0,,,,,,,,1,credential_based_fraud,credential_stuffing,merchant chargeback behavior raises risk;customer velocity raises risk;session velocity raises risk
txn_34daa77e700a,0.993673208247657,1,0.993673,1,ml_only,0,,,,,,,,1,credential_based_fraud,credential_stuffing,merchant chargeback behavior raises risk;customer velocity raises risk;session velocity raises risk
txn_90754989b144,0.9926462764129185,1,0.992646,1,ml_only,0,,,,,,,,1,credential_based_fraud,credential_stuffing,merchant chargeback behavior raises risk;customer velocity raises risk;session velocity raises risk
txn_70a578c5b006,0.9899975807666576,1,0.989998,1,ml_only,0,,,,,,,,1,credential_based_fraud,credential_stuffing,merchant chargeback behavior raises risk;customer velocity raises risk;session velocity raises risk
txn_36391151ef95,0.9743795845940144,1,0.97438,1,ml_only,0,,,,,,,,1,credential_based_fraud,credential_stuffing,high generated risk score raises risk;merchant chargeback behavior raises risk;customer velocity raises risk
txn_19368d8b7e82,0.9930478362589348,1,0.993048,1,ml_only,0,,,,,,,,1,credential_based_fraud,credential_stuffing,merchant chargeback behavior raises risk;customer velocity raises risk;session velocity raises risk
txn_5789e4d15556,0.9886608205358003,1,0.988661,1,ml_only,0,,,,,,,,1,credential_based_fraud,credential_stuffing,merchant chargeback behavior raises risk;customer velocity raises risk;session velocity raises risk
txn_b93bff3d3587,0.9905219447932221,1,0.990522,1,ml_only,0,,,,,,,,1,credential_based_fraud,credential_stuffing,merchant chargeback behavior raises risk;customer velocity raises risk;session velocity raises risk
txn_59e7cf0d9e4c,0.9596412448972085,1,0.959641,1,ml_only,0,,,,,,,,1,credential_based_fraud,credential_stuffing,merchant chargeback behavior raises risk;customer velocity raises risk;session velocity raises risk
txn_d628d17a55f5,0.9949992137835499,1,0.994999,1,ml_only,0,,,,,,,,1,credential_based_fraud,credential_stuffing,high generated risk score raises risk;merchant chargeback behavior raises risk;customer velocity raises risk
txn_77ba9c4315d1,0.9970157149526941,1,0.997016,1,ml_only,0,,,,,,,,1,credential_based_fraud,credential_stuffing,high generated risk score raises risk;merchant chargeback behavior raises risk;customer velocity raises risk
txn_6cb2c2b8b5ab,0.9946222731774996,1,0.994622,1,ml_only,0,,,,,,,,1,credential_based_fraud,credential_stuffing,high generated risk score raises risk;merchant chargeback behavior raises risk;customer velocity raises risk
txn_c2f337d7ddc4,0.9391615573321581,1,0.939162,1,ml_only,0,,,,,,,,1,credential_based_fraud,credential_stuffing,merchant chargeback behavior raises risk;customer velocity raises risk;session velocity raises risk
txn_6aac440a1b30,0.9919043017334904,1,0.991904,1,ml_only,0,,,,,,,,1,credential_based_fraud,credential_stuffing,merchant chargeback behavior raises risk;customer velocity raises risk;session velocity raises risk
txn_4966f90c7d45,0.9967011853070737,1,0.996701,1,ml_only,0,,,,,,,,1,credential_based_fraud,credential_stuffing,high generated risk score raises risk;merchant chargeback behavior raises risk;customer velocity raises risk
txn_4006129896e7,0.9944373354510146,1,0.994437,1,ml_only,0,,,,,,,,1,credential_based_fraud,credential_stuffing,merchant chargeback behavior raises risk;customer velocity raises risk;session velocity raises risk
txn_982bf9fb391d,0.960170570890642,1,0.960171,1,ml_only,0,,,,,,,,1,credential_based_fraud,credential_stuffing,merchant chargeback behavior raises risk;customer velocity raises risk;session velocity raises risk
txn_c9abc43c7b2f,0.9958307434730587,1,0.995831,1,ml_only,0,,,,,,,,1,credential_based_fraud,credential_stuffing,high generated risk score raises risk;merchant chargeback behavior raises risk;customer velocity raises risk
txn_c50953b0074d,0.9931980663173724,1,0.993198,1,ml_only,0,,,,,,,,1,credential_based_fraud,credential_stuffing,merchant chargeback behavior raises risk;customer velocity raises risk;session velocity raises risk
txn_bd4b4c9b4156,0.9929824004746604,1,0.992982,1,ml_only,0,,,,,,,,1,credential_based_fraud,credential_stuffing,merchant chargeback behavior raises risk;customer velocity raises risk;session velocity raises risk
txn_89ec7371a8d2,0.9102560430337959,1,0.910256,1,ml_only,0,,,,,,,,1,credential_based_fraud,credential_stuffing,merchant chargeback behavior raises risk;customer velocity raises risk;session velocity raises risk
txn_0e9a5b617fba,0.993329629696212,1,0.99333,1,ml_only,0,,,,,,,,1,credential_based_fraud,credential_stuffing,high generated risk score raises risk;merchant chargeback behavior raises risk;customer velocity raises risk
txn_112b3ec3f821,0.987989406239671,1,0.987989,1,ml_only,0,,,,,,,,1,credential_based_fraud,credential_stuffing,merchant chargeback behavior raises risk;customer velocity raises risk;session velocity raises risk
txn_e543557c13e9,0.9956382545011463,1,0.995638,1,ml_only,0,,,,,,,,1,credential_based_fraud,credential_stuffing,high generated risk score raises risk;merchant chargeback behavior raises risk;customer velocity raises risk
txn_9501efe6da3d,0.9340262819167471,1,0.934026,1,ml_only,0,,,,,,,,1,credential_based_fraud,credential_stuffing,merchant chargeback behavior raises risk;customer velocity raises risk;session velocity raises risk
txn_fb815502ecbd,0.9891894263003146,1,0.989189,1,ml_only,0,,,,,,,,1,credential_based_fraud,credential_stuffing,merchant chargeback behavior raises risk;customer velocity raises risk;session velocity raises risk
txn_34d286961deb,0.9918807923038203,1,0.991881,1,ml_only,0,,,,,,,,1,credential_based_fraud,credential_stuffing,merchant chargeback behavior raises risk;customer velocity raises risk;session velocity raises risk
txn_70ef592f4d67,0.9925617318668684,1,0.992562,1,ml_only,0,,,,,,,,1,credential_based_fraud,credential_stuffing,merchant chargeback behavior raises risk;high generated risk score raises risk;customer velocity raises risk
txn_25711631ed3f,0.916981466845526,1,0.916981,1,ml_only,0,,,,,,,,1,credential_based_fraud,credential_stuffing,merchant chargeback behavior raises risk;customer velocity raises risk;session velocity raises risk
txn_68dc2e9acd1e,0.9898629401821701,1,0.989863,1,ml_only,0,,,,,,,,1,credential_based_fraud,credential_stuffing,merchant chargeback behavior raises risk;customer velocity raises risk;session velocity raises risk
txn_832e91f9d39b,0.9911701278831707,1,0.99117,1,ml_only,0,,,,,,,,1,credential_based_fraud,credential_stuffing,merchant chargeback behavior raises risk;customer velocity raises risk;session velocity raises risk
txn_cb2b850f7a45,0.9915027567315736,1,0.991503,1,ml_only,0,,,,,,,,1,credential_based_fraud,credential_stuffing,merchant chargeback behavior raises risk;customer velocity raises risk;session velocity raises risk
txn_9ee682af52bf,0.9532986394067487,1,0.953299,1,ml_only,0,,,,,,,,1,credential_based_fraud,credential_stuffing,merchant chargeback behavior raises risk;customer velocity raises risk;session velocity raises risk
txn_211b2ee7e234,0.987472959524587,1,0.987473,1,ml_only,0,,,,,,,,1,credential_based_fraud,credential_stuffing,merchant chargeback behavior raises risk;customer velocity raises risk;session velocity raises risk
txn_892273888554,0.9884518771622657,1,0.988452,1,ml_only,0,,,,,,,,1,credential_based_fraud,credential_stuffing,merchant chargeback behavior raises risk;customer velocity raises risk;session velocity raises risk
txn_8eab73369af3,0.994491228515861,1,0.994491,1,ml_only,0,,,,,,,,1,credential_based_fraud,credential_stuffing,high generated risk score raises risk;merchant chargeback behavior raises risk;customer velocity raises risk
txn_81df9a6c075e,0.9374565929033568,1,0.937457,1,ml_only,0,,,,,,,,1,credential_based_fraud,credential_stuffing,merchant chargeback behavior raises risk;customer velocity raises risk;session velocity raises risk
txn_6f51067ac8e1,0.9844403445410633,1,0.98444,1,ml_only,0,,,,,,,,1,credential_based_fraud,credential_stuffing,merchant chargeback behavior raises risk;customer velocity raises risk;session velocity raises risk
txn_66929f0799c5,0.9933038367341228,1,0.993304,1,ml_only,0,,,,,,,,1,credential_based_fraud,credential_stuffing,high generated risk score raises risk;merchant chargeback behavior raises risk;customer velocity raises risk
txn_d8dbf39d6d3a,0.9938480018583508,1,0.993848,1,ml_only,0,,,,,,,,1,credential_based_fraud,credential_stuffing,high generated risk score raises risk;merchant chargeback behavior raises risk;customer velocity raises risk
txn_8de1bde6acee,0.9182605170327879,1,0.918261,1,ml_only,0,,,,,,,,1,credential_based_fraud,credential_stuffing,merchant chargeback behavior raises risk;customer velocity raises risk;session velocity raises risk
txn_4be24b05121f,0.9855151929763739,1,0.985515,1,ml_only,0,,,,,,,,1,credential_based_fraud,credential_stuffing,merchant chargeback behavior raises risk;customer velocity raises risk;session velocity raises risk
txn_adb18b49fc2e,0.9899134642944405,1,0.989913,1,ml_only,0,,,,,,,,1,credential_based_fraud,credential_stuffing,merchant chargeback behavior raises risk;customer velocity raises risk;session velocity raises risk
txn_853080679579,0.9842393998872053,1,0.984239,1,ml_only,0,,,,,,,,1,credential_based_fraud,credential_stuffing,merchant chargeback behavior raises risk;customer velocity raises risk;session velocity raises risk
txn_f23f3aebf4bc,0.9419237780005487,1,0.941924,1,ml_only,0,,,,,,,,1,credential_based_fraud,credential_stuffing,merchant chargeback behavior raises risk;customer velocity raises risk;session velocity raises risk
txn_08d9b8efe43e,0.9862681166969723,1,0.986268,1,ml_only,0,,,,,,,,1,credential_based_fraud,credential_stuffing,merchant chargeback behavior raises risk;customer velocity raises risk;session velocity raises risk
txn_40df80e6ff92,0.9812309853200712,1,0.981231,1,ml_only,0,,,,,,,,1,credential_based_fraud,credential_stuffing,merchant chargeback behavior raises risk;customer velocity raises risk;session velocity raises risk
txn_78873f5037bd,0.9873666227956921,1,0.987367,1,ml_only,0,,,,,,,,1,credential_based_fraud,credential_stuffing,merchant chargeback behavior raises risk;customer velocity raises risk;session velocity raises risk
txn_ea50c38b7c0c,0.8929414876176586,1,0.892941,1,ml_only,0,,,,,,,,1,credential_based_fraud,credential_stuffing,merchant chargeback behavior raises risk;customer velocity raises risk;session velocity raises risk
txn_dc3eb6abc83e,0.9861869538768712,1,0.986187,1,ml_only,0,,,,,,,,1,credential_based_fraud,credential_stuffing,merchant chargeback behavior raises risk;customer velocity raises risk;session velocity raises risk
txn_43c011f6d883,0.9828822728452212,1,0.982882,1,ml_only,0,,,,,,,,1,credential_based_fraud,credential_stuffing,merchant chargeback behavior raises risk;customer velocity raises risk;session velocity raises risk
txn_6f73567557ec,0.9889523415282591,1,0.988952,1,ml_only,0,,,,,,,,1,credential_based_fraud,credential_stuffing,merchant chargeback behavior raises risk;customer velocity raises risk;session velocity raises risk
txn_f3b2874f1403,0.9637919347136681,1,0.963792,1,ml_only,0,,,,,,,,1,credential_based_fraud,credential_stuffing,high generated risk score raises risk;merchant chargeback behavior raises risk;customer velocity raises risk
txn_f217d998442d,0.9912679064263628,1,0.991268,1,ml_only,0,,,,,,,,1,credential_based_fraud,credential_stuffing,merchant chargeback behavior raises risk;customer velocity raises risk;session velocity raises risk
txn_9ea0f98bd23d,0.9912500979070122,1,0.99125,1,ml_only,0,,,,,,,,1,credential_based_fraud,credential_stuffing,merchant chargeback behavior raises risk;customer velocity raises risk;session velocity raises risk
txn_ca125b3fefb1,0.9943461953289605,1,0.994346,1,ml_only,0,,,,,,,,1,credential_based_fraud,credential_stuffing,high generated risk score raises risk;merchant chargeback behavior raises risk;customer velocity raises risk
txn_19777a1aac45,0.9493546517611456,1,0.949355,1,ml_only,0,,,,,,,,1,credential_based_fraud,credential_stuffing,high generated risk score raises risk;merchant chargeback behavior raises risk;customer velocity raises risk
txn_5e21743868f4,0.9897000467440698,1,0.9897,1,ml_only,0,,,,,,,,1,credential_based_fraud,credential_stuffing,merchant chargeback behavior raises risk;customer velocity raises risk;high generated risk score raises risk
txn_1b97d22ecc4d,0.9863486368423884,1,0.986349,1,ml_only,0,,,,,,,,1,credential_based_fraud,credential_stuffing,merchant chargeback behavior raises risk;customer velocity raises risk;session velocity raises risk
txn_b775d04291a9,0.9917688302673691,1,0.991769,1,ml_only,0,,,,,,,,1,credential_based_fraud,credential_stuffing,merchant chargeback behavior raises risk;high generated risk score raises risk;customer velocity raises risk
txn_4330731ae593,0.9130868993085577,1,0.913087,1,ml_only,0,,,,,,,,1,credential_based_fraud,credential_stuffing,merchant chargeback behavior raises risk;customer velocity raises risk;session velocity raises risk
txn_18ce5af3c2e2,0.9906258936541095,1,0.990626,1,ml_only,0,,,,,,,,1,credential_based_fraud,credential_stuffing,merchant chargeback behavior raises risk;customer velocity raises risk;session velocity raises risk
txn_9c7335325d4e,0.9938666752211743,1,0.993867,1,ml_only,0,,,,,,,,1,credential_based_fraud,credential_stuffing,high generated risk score raises risk;merchant chargeback behavior raises risk;customer velocity raises risk
txn_eb22f849094f,0.994198488950612,1,0.994198,1,ml_only,0,,,,,,,,1,credential_based_fraud,credential_stuffing,high generated risk score raises risk;merchant chargeback behavior raises risk;customer velocity raises risk
txn_1a07a9c4fb6b,0.9524385260370585,1,0.952439,1,ml_only,0,,,,,,,,1,credential_based_fraud,credential_stuffing,merchant chargeback behavior raises risk;high generated risk score raises risk;customer velocity raises risk
txn_cd32e899b23a,0.9896885288757504,1,0.989689,1,ml_only,0,,,,,,,,1,credential_based_fraud,credential_stuffing,merchant chargeback behavior raises risk;customer velocity raises risk;session velocity raises risk
txn_14bb617cc7ee,0.9878161935924767,1,0.987816,1,ml_only,0,,,,,,,,1,credential_based_fraud,credential_stuffing,merchant chargeback behavior raises risk;customer velocity raises risk;session velocity raises risk
txn_081a5f157b6d,0.9876415132319194,1,0.987642,1,ml_only,0,,,,,,,,1,credential_based_fraud,credential_stuffing,merchant chargeback behavior raises risk;customer velocity raises risk;session velocity raises risk
txn_fb7a1c0d0128,0.9307646638801849,1,0.930765,1,ml_only,0,,,,,,,,1,credential_based_fraud,credential_stuffing,merchant chargeback behavior raises risk;customer velocity raises risk;session velocity raises risk
txn_ab6b1e535467,0.9847032781900812,1,0.984703,1,ml_only,0,,,,,,,,1,credential_based_fraud,credential_stuffing,merchant chargeback behavior raises risk;customer velocity raises risk;session velocity raises risk
txn_318eb40565aa,0.993515782323962,1,0.993516,1,ml_only,0,,,,,,,,1,credential_based_fraud,credential_stuffing,high generated risk score raises risk;merchant chargeback behavior raises risk;customer velocity raises risk
txn_f69a8693e7af,0.9929421303463122,1,0.992942,1,ml_only,0,,,,,,,,1,credential_based_fraud,credential_stuffing,high generated risk score raises risk;merchant chargeback behavior raises risk;customer velocity raises risk
txn_1749138f7f68,0.9281014385838973,1,0.928101,1,ml_only,0,,,,,,,,1,credential_based_fraud,credential_stuffing,merchant chargeback behavior raises risk;customer velocity raises risk;session velocity raises risk
txn_78271bb71810,0.9897606454192662,1,0.989761,1,ml_only,0,,,,,,,,1,credential_based_fraud,credential_stuffing,merchant chargeback behavior raises risk;high generated risk score raises risk;customer velocity raises risk
txn_9e14e322c7cf,0.9905234237487112,1,0.990523,1,ml_only,0,,,,,,,,1,credential_based_fraud,credential_stuffing,merchant chargeback behavior raises risk;customer velocity raises risk;session velocity raises risk
txn_60b1c88c587b,0.9939931018412942,1,0.993993,1,ml_only,0,,,,,,,,1,credential_based_fraud,credential_stuffing,high generated risk score raises risk;merchant chargeback behavior raises risk;customer velocity raises risk
txn_8bbaf34fbad9,0.9349441089936398,1,0.934944,1,ml_only,0,,,,,,,,1,credential_based_fraud,credential_stuffing,merchant chargeback behavior raises risk;customer velocity raises risk;session velocity raises risk
txn_06bf719a241d,0.9907757253241604,1,0.990776,1,ml_only,0,,,,,,,,1,credential_based_fraud,credential_stuffing,merchant chargeback behavior raises risk;high generated risk score raises risk;customer velocity raises risk
txn_c44c419b9ab6,0.9788527779595981,1,0.978853,1,ml_only,0,,,,,,,,1,credential_based_fraud,credential_stuffing,merchant chargeback behavior raises risk;customer velocity raises risk;session velocity raises risk
txn_e704fc285d2b,0.9898957180352016,1,0.989896,1,ml_only,0,,,,,,,,1,credential_based_fraud,credential_stuffing,merchant chargeback behavior raises risk;high generated risk score raises risk;customer velocity raises risk
txn_77679bf84a45,0.944701127816419,1,0.944701,1,ml_only,0,,,,,,,,1,credential_based_fraud,credential_stuffing,merchant chargeback behavior raises risk;customer velocity raises risk;session velocity raises risk
txn_58f37145c169,0.9902159487263243,1,0.990216,1,ml_only,0,,,,,,,,1,credential_based_fraud,credential_stuffing,merchant chargeback behavior raises risk;customer velocity raises risk;session velocity raises risk
txn_f24b637626df,0.9918123104412998,1,0.991812,1,ml_only,0,,,,,,,,1,credential_based_fraud,credential_stuffing,high generated risk score raises risk;merchant chargeback behavior raises risk;customer velocity raises risk
txn_09cf2fdb17b2,0.9866758024625367,1,0.986676,1,ml_only,0,,,,,,,,1,credential_based_fraud,credential_stuffing,merchant chargeback behavior raises risk;customer velocity raises risk;session velocity raises risk
txn_147d797d1faf,0.9612147327973469,1,0.961215,1,ml_only,0,,,,,,,,1,credential_based_fraud,credential_stuffing,high generated risk score raises risk;merchant chargeback behavior raises risk;customer velocity raises risk
txn_769ffd7d5d94,0.9945769742707772,1,0.994577,1,ml_only,0,,,,,,,,1,credential_based_fraud,credential_stuffing,high generated risk score raises risk;merchant chargeback behavior raises risk;customer velocity raises risk
txn_ac5798d2d5c6,0.9933551397050762,1,0.993355,1,ml_only,0,,,,,,,,1,credential_based_fraud,credential_stuffing,high generated risk score raises risk;merchant chargeback behavior raises risk;customer velocity raises risk
txn_999b1ec71b9c,0.995604385190368,1,0.995604,1,ml_only,0,,,,,,,,1,credential_based_fraud,credential_stuffing,high generated risk score raises risk;merchant chargeback behavior raises risk;customer velocity raises risk
txn_ddd34487ae3c,0.9517609796693948,1,0.951761,1,ml_only,0,,,,,,,,1,credential_based_fraud,credential_stuffing,merchant chargeback behavior raises risk;customer velocity raises risk;session velocity raises risk
txn_608357d54415,0.987195361912004,1,0.987195,1,ml_only,0,,,,,,,,1,credential_based_fraud,credential_stuffing,merchant chargeback behavior raises risk;customer velocity raises risk;session velocity raises risk
txn_700edea2d1b6,0.9931724270903964,1,0.993172,1,ml_only,0,,,,,,,,1,credential_based_fraud,credential_stuffing,high generated risk score raises risk;merchant chargeback behavior raises risk;customer velocity raises risk
txn_3f75ccbb47a3,0.990464365815065,1,0.990464,1,ml_only,0,,,,,,,,1,credential_based_fraud,credential_stuffing,merchant chargeback behavior raises risk;customer velocity raises risk;session velocity raises risk
txn_582c5536a7a9,0.9191994136292096,1,0.919199,1,ml_only,0,,,,,,,,1,credential_based_fraud,credential_stuffing,merchant chargeback behavior raises risk;customer velocity raises risk;session velocity raises risk
txn_d3412c563726,0.9930087316562725,1,0.993009,1,ml_only,0,,,,,,,,1,credential_based_fraud,credential_stuffing,high generated risk score raises risk;merchant chargeback behavior raises risk;customer velocity raises risk
txn_f4c542c2cb20,0.9907889991523317,1,0.990789,1,ml_only,0,,,,,,,,1,credential_based_fraud,credential_stuffing,merchant chargeback behavior raises risk;customer velocity raises risk;session velocity raises risk
txn_276883fbd628,0.9845598010475789,1,0.98456,1,ml_only,0,,,,,,,,1,credential_based_fraud,credential_stuffing,merchant chargeback behavior raises risk;customer velocity raises risk;session velocity raises risk
txn_37ae0d50910b,0.9551201343752734,1,0.95512,1,ml_only,0,,,,,,,,1,credential_based_fraud,credential_stuffing,high generated risk score raises risk;merchant chargeback behavior raises risk;customer velocity raises risk
txn_f6d9b831aff0,0.9889702643934934,1,0.98897,1,ml_only,0,,,,,,,,1,credential_based_fraud,credential_stuffing,merchant chargeback behavior raises risk;customer velocity raises risk;session velocity raises risk
txn_570f56c8d280,0.9847365562718357,1,0.984737,1,ml_only,0,,,,,,,,1,credential_based_fraud,credential_stuffing,merchant chargeback behavior raises risk;customer velocity raises risk;session velocity raises risk
txn_95de4547a228,0.9888576469980531,1,0.988858,1,ml_only,0,,,,,,,,1,credential_based_fraud,credential_stuffing,merchant chargeback behavior raises risk;customer velocity raises risk;session velocity raises risk
txn_4ded96038330,0.9556157658393964,1,0.955616,1,ml_only,0,,,,,,,,1,credential_based_fraud,credential_stuffing,merchant chargeback behavior raises risk;high generated risk score raises risk;customer velocity raises risk
txn_7d1e133c24ec,0.9907271937994133,1,0.990727,1,ml_only,0,,,,,,,,1,credential_based_fraud,credential_stuffing,high generated risk score raises risk;merchant chargeback behavior raises risk;customer velocity raises risk
txn_9aedb4f72f0c,0.9850017380290262,1,0.985002,1,ml_only,0,,,,,,,,1,credential_based_fraud,credential_stuffing,merchant chargeback behavior raises risk;customer velocity raises risk;session velocity raises risk
txn_31d05f9b091a,0.9888506309397777,1,0.988851,1,ml_only,0,,,,,,,,1,credential_based_fraud,credential_stuffing,merchant chargeback behavior raises risk;customer velocity raises risk;session velocity raises risk
txn_5e96eceb7e34,0.933153428723832,1,0.933153,1,ml_only,0,,,,,,,,1,credential_based_fraud,credential_stuffing,merchant chargeback behavior raises risk;customer velocity raises risk;session velocity raises risk
txn_f0bd57a4f408,0.9873451679023012,1,0.987345,1,ml_only,0,,,,,,,,1,credential_based_fraud,credential_stuffing,merchant chargeback behavior raises risk;customer velocity raises risk;session velocity raises risk
txn_cb57fb6ea7ed,0.9875321941130997,1,0.987532,1,ml_only,0,,,,,,,,1,credential_based_fraud,credential_stuffing,merchant chargeback behavior raises risk;customer velocity raises risk;session velocity raises risk
txn_10ffac62dcce,0.9880734088763583,1,0.988073,1,ml_only,0,,,,,,,,1,credential_based_fraud,credential_stuffing,merchant chargeback behavior raises risk;customer velocity raises risk;session velocity raises risk
txn_c41873a1fbec,0.9654117687959742,1,0.965412,1,ml_only,0,,,,,,,,1,credential_based_fraud,credential_stuffing,high generated risk score raises risk;merchant chargeback behavior raises risk;customer velocity raises risk
txn_ae49bbf3bb7e,0.991958427242742,1,0.991958,1,ml_only,0,,,,,,,,1,credential_based_fraud,credential_stuffing,merchant chargeback behavior raises risk;customer velocity raises risk;session velocity raises risk
txn_9798b4aa7057,0.9824908405820518,1,0.982491,1,ml_only,0,,,,,,,,1,credential_based_fraud,credential_stuffing,merchant chargeback behavior raises risk;customer velocity raises risk;session velocity raises risk
txn_07cf6d405814,0.9922644032860094,1,0.992264,1,ml_only,0,,,,,,,,1,credential_based_fraud,credential_stuffing,high generated risk score raises risk;merchant chargeback behavior raises risk;customer velocity raises risk
txn_0b8a8fdb372b,0.9668341842088848,1,0.966834,1,ml_only,0,,,,,,,,1,credential_based_fraud,credential_stuffing,high generated risk score raises risk;merchant chargeback behavior raises risk;customer velocity raises risk
txn_1030186e873c,0.9894764705919877,1,0.989476,1,ml_only,0,,,,,,,,1,credential_based_fraud,credential_stuffing,merchant chargeback behavior raises risk;customer velocity raises risk;session velocity raises risk
txn_e3cee9c1b28a,0.9964388572969647,1,0.996439,1,ml_only,0,,,,,,,,1,credential_based_fraud,credential_stuffing,merchant chargeback behavior raises risk;customer velocity raises risk;session velocity raises risk
txn_34b8a684f613,0.9929740785795492,1,0.992974,1,ml_only,0,,,,,,,,1,credential_based_fraud,credential_stuffing,high generated risk score raises risk;merchant chargeback behavior raises risk;customer velocity raises risk
txn_eab2d5ba1560,0.9743823741725217,1,0.974382,1,ml_only,0,,,,,,,,1,credential_based_fraud,credential_stuffing,high generated risk score raises risk;merchant chargeback behavior raises risk;customer velocity raises risk
txn_20fa61cdd512,0.9881461973088103,1,0.988146,1,ml_only,0,,,,,,,,1,credential_based_fraud,credential_stuffing,merchant chargeback behavior raises risk;customer velocity raises risk;session velocity raises risk
txn_79785dd6d0b1,0.9946214884244026,1,0.994621,1,ml_only,0,,,,,,,,1,credential_based_fraud,credential_stuffing,high generated risk score raises risk;merchant chargeback behavior raises risk;customer velocity raises risk
txn_93b4a8229433,0.9899063036594484,1,0.989906,1,ml_only,0,,,,,,,,1,credential_based_fraud,credential_stuffing,merchant chargeback behavior raises risk;customer velocity raises risk;session velocity raises risk
txn_0c72a83959d5,0.9486268201997863,1,0.948627,1,ml_only,0,,,,,,,,1,credential_based_fraud,credential_stuffing,merchant chargeback behavior raises risk;customer velocity raises risk;session velocity raises risk
txn_88cd3e18a9fe,0.9925873533781449,1,0.992587,1,ml_only,0,,,,,,,,1,credential_based_fraud,credential_stuffing,high generated risk score raises risk;merchant chargeback behavior raises risk;customer velocity raises risk
txn_c1d59b56ae4e,0.9918249511158306,1,0.991825,1,ml_only,0,,,,,,,,1,credential_based_fraud,credential_stuffing,merchant chargeback behavior raises risk;customer velocity raises risk;session velocity raises risk
txn_5cbc6d61965f,0.9935357772791282,1,0.993536,1,ml_only,0,,,,,,,,1,credential_based_fraud,credential_stuffing,high generated risk score raises risk;merchant chargeback behavior raises risk;customer velocity raises risk
txn_13c51bca874c,0.9193896044381163,1,0.91939,1,ml_only,0,,,,,,,,1,credential_based_fraud,credential_stuffing,merchant chargeback behavior raises risk;customer velocity raises risk;session velocity raises risk
txn_d3b28fafcb2c,0.9876046954533287,1,0.987605,1,ml_only,0,,,,,,,,1,credential_based_fraud,credential_stuffing,merchant chargeback behavior raises risk;customer velocity raises risk;session velocity raises risk
txn_d4b9919d67d1,0.9939315374287404,1,0.993932,1,ml_only,0,,,,,,,,1,credential_based_fraud,credential_stuffing,high generated risk score raises risk;merchant chargeback behavior raises risk;customer velocity raises risk
txn_7957a4f8d5b0,0.9934455437954732,1,0.993446,1,ml_only,0,,,,,,,,1,credential_based_fraud,credential_stuffing,high generated risk score raises risk;merchant chargeback behavior raises risk;customer velocity raises risk
txn_3ddc9e6a15db,0.9088619402962563,1,0.908862,1,ml_only,0,,,,,,,,1,credential_based_fraud,credential_stuffing,merchant chargeback behavior raises risk;customer velocity raises risk;session velocity raises risk
txn_f36f6f58cff5,0.983673544082392,1,0.983674,1,ml_only,0,,,,,,,,1,credential_based_fraud,credential_stuffing,merchant chargeback behavior raises risk;customer velocity raises risk;session velocity raises risk
txn_a6272ebb5f23,0.9865321806872847,1,0.986532,1,ml_only,0,,,,,,,,1,credential_based_fraud,credential_stuffing,merchant chargeback behavior raises risk;customer velocity raises risk;session velocity raises risk
txn_d0042d108143,0.9923621611230199,1,0.992362,1,ml_only,0,,,,,,,,1,credential_based_fraud,credential_stuffing,merchant chargeback behavior raises risk;customer velocity raises risk;high generated risk score raises risk
txn_76124b015862,0.902686831221993,1,0.902687,1,ml_only,0,,,,,,,,1,credential_based_fraud,credential_stuffing,merchant chargeback behavior raises risk;customer velocity raises risk;session velocity raises risk
txn_1e9a8869b279,0.9892837621618302,1,0.989284,1,ml_only,0,,,,,,,,1,credential_based_fraud,credential_stuffing,merchant chargeback behavior raises risk;customer velocity raises risk;session velocity raises risk
txn_f7f9b32b5479,0.993630935153986,1,0.993631,1,ml_only,0,,,,,,,,1,credential_based_fraud,credential_stuffing,high generated risk score raises risk;merchant chargeback behavior raises risk;customer velocity raises risk
txn_216d743632e2,0.995792123369386,1,0.995792,1,ml_only,0,,,,,,,,1,credential_based_fraud,credential_stuffing,merchant chargeback behavior raises risk;customer velocity raises risk;session velocity raises risk
txn_90bf62a04c57,0.9765016316131028,1,0.976502,1,ml_only,0,,,,,,,,1,credential_based_fraud,credential_stuffing,high generated risk score raises risk;merchant chargeback behavior raises risk;customer velocity raises risk
txn_d7e69b239bb9,0.9794749300325353,1,0.979475,1,ml_only,0,,,,,,,,1,credential_based_fraud,credential_stuffing,merchant chargeback behavior raises risk;customer velocity raises risk;session velocity raises risk
txn_bd4810759b5e,0.9906386772629905,1,0.990639,1,ml_only,0,,,,,,,,1,credential_based_fraud,credential_stuffing,merchant chargeback behavior raises risk;customer velocity raises risk;session velocity raises risk
txn_dff1e8ceef9d,0.9900614103395582,1,0.990061,1,ml_only,0,,,,,,,,1,credential_based_fraud,credential_stuffing,merchant chargeback behavior raises risk;customer velocity raises risk;session velocity raises risk
txn_2282cfceea65,0.9643313027028034,1,0.964331,1,ml_only,0,,,,,,,,1,credential_based_fraud,credential_stuffing,merchant chargeback behavior raises risk;high generated risk score raises risk;customer velocity raises risk
txn_4d2ac377fd53,0.9890067511222169,1,0.989007,1,ml_only,0,,,,,,,,1,credential_based_fraud,credential_stuffing,merchant chargeback behavior raises risk;customer velocity raises risk;session velocity raises risk
txn_fb7e87242082,0.9859623293936715,1,0.985962,1,ml_only,0,,,,,,,,1,credential_based_fraud,credential_stuffing,merchant chargeback behavior raises risk;customer velocity raises risk;session velocity raises risk
txn_b57e9d418db9,0.9828367962738702,1,0.982837,1,ml_only,0,,,,,,,,1,credential_based_fraud,credential_stuffing,merchant chargeback behavior raises risk;customer velocity raises risk;session velocity raises risk
txn_c705ae9ba8ed,0.915814761494363,1,0.915815,1,ml_only,0,,,,,,,,1,credential_based_fraud,credential_stuffing,merchant chargeback behavior raises risk;customer velocity raises risk;session velocity raises risk
txn_db3ec29b18ae,0.9936257150937988,1,0.993626,1,ml_only,0,,,,,,,,1,credential_based_fraud,credential_stuffing,high generated risk score raises risk;merchant chargeback behavior raises risk;customer velocity raises risk
txn_363e2fcd50b4,0.9917898704849666,1,0.99179,1,ml_only,0,,,,,,,,1,credential_based_fraud,credential_stuffing,high generated risk score raises risk;merchant chargeback behavior raises risk;customer velocity raises risk
txn_f17d719f6022,0.9928971940294694,1,0.992897,1,ml_only,0,,,,,,,,1,credential_based_fraud,credential_stuffing,high generated risk score raises risk;merchant chargeback behavior raises risk;customer velocity raises risk
txn_c0c908b3b0ed,0.949470833836414,1,0.949471,1,ml_only,0,,,,,,,,1,credential_based_fraud,credential_stuffing,merchant chargeback behavior raises risk;customer velocity raises risk;session velocity raises risk
txn_fcde3d6bf66f,0.9876942369237501,1,0.987694,1,ml_only,0,,,,,,,,1,credential_based_fraud,credential_stuffing,merchant chargeback behavior raises risk;customer velocity raises risk;session velocity raises risk
txn_2a508827765a,0.9890392620598375,1,0.989039,1,ml_only,0,,,,,,,,1,credential_based_fraud,credential_stuffing,merchant chargeback behavior raises risk;customer velocity raises risk;session velocity raises risk
txn_68f22a5cc1d7,0.9839342951024108,1,0.983934,1,ml_only,0,,,,,,,,1,credential_based_fraud,credential_stuffing,merchant chargeback behavior raises risk;customer velocity raises risk;session velocity raises risk
txn_3dfb27b85999,0.9074396377646423,1,0.90744,1,ml_only,0,,,,,,,,1,credential_based_fraud,credential_stuffing,merchant chargeback behavior raises risk;customer velocity raises risk;session velocity raises risk
txn_e8137696f185,0.9891269231965399,1,0.989127,1,ml_only,0,,,,,,,,1,credential_based_fraud,credential_stuffing,merchant chargeback behavior raises risk;customer velocity raises risk;session velocity raises risk
txn_7b8806beb85b,0.9882121591895547,1,0.988212,1,ml_only,0,,,,,,,,1,credential_based_fraud,credential_stuffing,merchant chargeback behavior raises risk;customer velocity raises risk;session velocity raises risk
txn_86e1db2fa337,0.992055939663489,1,0.992056,1,ml_only,0,,,,,,,,1,credential_based_fraud,credential_stuffing,high generated risk score raises risk;merchant chargeback behavior raises risk;customer velocity raises risk
txn_f481de77d0cb,0.9313117104320182,1,0.931312,1,ml_only,0,,,,,,,,1,credential_based_fraud,credential_stuffing,merchant chargeback behavior raises risk;customer velocity raises risk;session velocity raises risk
txn_362a00145086,0.9890307352518739,1,0.989031,1,ml_only,0,,,,,,,,1,credential_based_fraud,credential_stuffing,merchant chargeback behavior raises risk;customer velocity raises risk;session velocity raises risk
txn_e06a93f67fdd,0.9865418007902,1,0.986542,1,ml_only,0,,,,,,,,1,credential_based_fraud,credential_stuffing,merchant chargeback behavior raises risk;customer velocity raises risk;session velocity raises risk
txn_f73533c36f59,0.9929391216074613,1,0.992939,1,ml_only,0,,,,,,,,1,credential_based_fraud,credential_stuffing,high generated risk score raises risk;merchant chargeback behavior raises risk;customer velocity raises risk
txn_91cf8ad1bbcd,0.9327397633844501,1,0.93274,1,ml_only,0,,,,,,,,1,credential_based_fraud,credential_stuffing,merchant chargeback behavior raises risk;customer velocity raises risk;session velocity raises risk
txn_9fa5b62c1d48,0.9843667268983893,1,0.984367,1,ml_only,0,,,,,,,,1,credential_based_fraud,credential_stuffing,merchant chargeback behavior raises risk;customer velocity raises risk;session velocity raises risk
txn_de473e435daf,0.9958966048165834,1,0.995897,1,ml_only,0,,,,,,,,1,credential_based_fraud,credential_stuffing,high generated risk score raises risk;merchant chargeback behavior raises risk;customer velocity raises risk
txn_ccbe69f4dd36,0.9867181207847808,1,0.986718,1,ml_only,0,,,,,,,,1,credential_based_fraud,credential_stuffing,merchant chargeback behavior raises risk;customer velocity raises risk;session velocity raises risk
txn_a1cb2de4c27b,0.9538220083651952,1,0.953822,1,ml_only,0,,,,,,,,1,credential_based_fraud,credential_stuffing,merchant chargeback behavior raises risk;customer velocity raises risk;session velocity raises risk
txn_a4a5f3a6e1b3,0.9878415698804366,1,0.987842,1,ml_only,0,,,,,,,,1,credential_based_fraud,credential_stuffing,merchant chargeback behavior raises risk;customer velocity raises risk;session velocity raises risk
txn_392621a15b10,0.9821390532291396,1,0.982139,1,ml_only,0,,,,,,,,1,credential_based_fraud,credential_stuffing,merchant chargeback behavior raises risk;customer velocity raises risk;session velocity raises risk
txn_66858bdb0d30,0.9826566137681593,1,0.982657,1,ml_only,0,,,,,,,,1,credential_based_fraud,credential_stuffing,merchant chargeback behavior raises risk;customer velocity raises risk;session velocity raises risk
txn_aff4ba47df00,0.9275874386881695,1,0.927587,1,ml_only,0,,,,,,,,1,credential_based_fraud,credential_stuffing,merchant chargeback behavior raises risk;customer velocity raises risk;session velocity raises risk
txn_114cd7ab9844,0.9897520001156327,1,0.989752,1,ml_only,0,,,,,,,,1,credential_based_fraud,credential_stuffing,merchant chargeback behavior raises risk;customer velocity raises risk;session velocity raises risk
txn_eb45f9d8e840,0.9880094824745539,1,0.988009,1,ml_only,0,,,,,,,,1,credential_based_fraud,credential_stuffing,merchant chargeback behavior raises risk;customer velocity raises risk;session velocity raises risk
txn_f57515b35b16,0.9893923782746533,1,0.989392,1,ml_only,0,,,,,,,,1,credential_based_fraud,credential_stuffing,merchant chargeback behavior raises risk;customer velocity raises risk;session velocity raises risk
txn_dba09afddabc,0.9649384094584317,1,0.964938,1,ml_only,0,,,,,,,,1,credential_based_fraud,credential_stuffing,high generated risk score raises risk;merchant chargeback behavior raises risk;customer velocity raises risk
txn_6866adfdac74,0.9931897208969056,1,0.99319,1,ml_only,0,,,,,,,,1,credential_based_fraud,credential_stuffing,merchant chargeback behavior raises risk;customer velocity raises risk;session velocity raises risk
txn_4ecbff386418,0.9928287798479409,1,0.992829,1,ml_only,0,,,,,,,,1,credential_based_fraud,credential_stuffing,high generated risk score raises risk;merchant chargeback behavior raises risk;customer velocity raises risk
txn_06efbf57492c,0.9880133965163517,1,0.988013,1,ml_only,0,,,,,,,,1,credential_based_fraud,credential_stuffing,merchant chargeback behavior raises risk;customer velocity raises risk;session velocity raises risk
txn_78ce7f3c0a52,0.9732498250206096,1,0.97325,1,ml_only,0,,,,,,,,1,credential_based_fraud,credential_stuffing,high generated risk score raises risk;merchant chargeback behavior raises risk;customer velocity raises risk
txn_a5b955b07c8c,0.9934778114492668,1,0.993478,1,ml_only,0,,,,,,,,1,credential_based_fraud,credential_stuffing,high generated risk score raises risk;merchant chargeback behavior raises risk;customer velocity raises risk
txn_025d457cf191,0.9914239765867273,1,0.991424,1,ml_only,0,,,,,,,,1,credential_based_fraud,credential_stuffing,merchant chargeback behavior raises risk;customer velocity raises risk;session velocity raises risk
txn_9e6d0b0b5625,0.9943367986598817,1,0.994337,1,ml_only,0,,,,,,,,1,credential_based_fraud,credential_stuffing,high generated risk score raises risk;merchant chargeback behavior raises risk;customer velocity raises risk
txn_920604a8e095,0.9642703125018803,1,0.96427,1,ml_only,0,,,,,,,,1,credential_based_fraud,credential_stuffing,high generated risk score raises risk;merchant chargeback behavior raises risk;customer velocity raises risk
txn_d2c92a8d2a11,0.9923875984654992,1,0.992388,1,ml_only,0,,,,,,,,1,credential_based_fraud,credential_stuffing,high generated risk score raises risk;merchant chargeback behavior raises risk;customer velocity raises risk
txn_48ed5d05b6cb,0.9812905850914383,1,0.981291,1,ml_only,0,,,,,,,,1,credential_based_fraud,credential_stuffing,merchant chargeback behavior raises risk;customer velocity raises risk;session velocity raises risk
txn_dc51f3a50da2,0.9826901975460044,1,0.98269,1,ml_only,0,,,,,,,,1,credential_based_fraud,credential_stuffing,merchant chargeback behavior raises risk;customer velocity raises risk;session velocity raises risk
txn_a053e027f3d2,0.9253457348957057,1,0.925346,1,ml_only,0,,,,,,,,1,credential_based_fraud,credential_stuffing,merchant chargeback behavior raises risk;customer velocity raises risk;session velocity raises risk
txn_269deb5a852f,0.9886619139532278,1,0.988662,1,ml_only,0,,,,,,,,1,credential_based_fraud,credential_stuffing,merchant chargeback behavior raises risk;customer velocity raises risk;session velocity raises risk
txn_64b3244fe543,0.9837421328775131,1,0.983742,1,ml_only,0,,,,,,,,1,credential_based_fraud,credential_stuffing,merchant chargeback behavior raises risk;customer velocity raises risk;session velocity raises risk
txn_5278d5e106b3,0.9941135345081149,1,0.994114,1,ml_only,0,,,,,,,,1,credential_based_fraud,credential_stuffing,high generated risk score raises risk;merchant chargeback behavior raises risk;customer velocity raises risk
txn_16ea7334146c,0.8870361704925881,1,0.887036,1,ml_only,0,,,,,,,,1,credential_based_fraud,credential_stuffing,merchant chargeback behavior raises risk;customer velocity raises risk;session velocity raises risk
txn_5d12b8721552,0.985627361844985,1,0.985627,1,ml_only,0,,,,,,,,1,credential_based_fraud,credential_stuffing,merchant chargeback behavior raises risk;customer velocity raises risk;session velocity raises risk
txn_4acbd4543356,0.9921879599203932,1,0.992188,1,ml_only,0,,,,,,,,1,credential_based_fraud,credential_stuffing,high generated risk score raises risk;merchant chargeback behavior raises risk;customer velocity raises risk
txn_f06f1bc536cf,0.9925969092338978,1,0.992597,1,ml_only,0,,,,,,,,1,credential_based_fraud,credential_stuffing,high generated risk score raises risk;merchant chargeback behavior raises risk;customer velocity raises risk
txn_f15f12ffa53c,0.9414097915983634,1,0.94141,1,ml_only,0,,,,,,,,1,credential_based_fraud,credential_stuffing,merchant chargeback behavior raises risk;customer velocity raises risk;session velocity raises risk
txn_bcbbf11fa0cb,0.9905539074029405,1,0.990554,1,ml_only,0,,,,,,,,1,credential_based_fraud,credential_stuffing,merchant chargeback behavior raises risk;high generated risk score raises risk;customer velocity raises risk
txn_e3ff8be20b57,0.9808256603383179,1,0.980826,1,ml_only,0,,,,,,,,1,credential_based_fraud,credential_stuffing,merchant chargeback behavior raises risk;customer velocity raises risk;session velocity raises risk
txn_31f49e8a62ce,0.9895824495907766,1,0.989582,1,ml_only,0,,,,,,,,1,credential_based_fraud,credential_stuffing,high generated risk score raises risk;merchant chargeback behavior raises risk;customer velocity raises risk
txn_de558ed46bf6,0.8848553534711399,1,0.884855,1,ml_only,0,,,,,,,,1,credential_based_fraud,credential_stuffing,merchant chargeback behavior raises risk;customer velocity raises risk;session velocity raises risk
txn_1a4ff6feff78,0.9869574584065731,1,0.986957,1,ml_only,0,,,,,,,,1,credential_based_fraud,credential_stuffing,merchant chargeback behavior raises risk;customer velocity raises risk;session velocity raises risk
txn_fc99870d6641,0.9804835602722897,1,0.980484,1,ml_only,0,,,,,,,,1,credential_based_fraud,credential_stuffing,merchant chargeback behavior raises risk;customer velocity raises risk;session velocity raises risk
txn_d82936abf718,0.9863238542866919,1,0.986324,1,ml_only,0,,,,,,,,1,credential_based_fraud,credential_stuffing,merchant chargeback behavior raises risk;customer velocity raises risk;session velocity raises risk
txn_a145e3308fa1,0.950104063117138,1,0.950104,1,ml_only,0,,,,,,,,1,credential_based_fraud,credential_stuffing,high generated risk score raises risk;merchant chargeback behavior raises risk;customer velocity raises risk
txn_620ad6af4ba1,0.9926476384373913,1,0.992648,1,ml_only,0,,,,,,,,1,credential_based_fraud,credential_stuffing,high generated risk score raises risk;merchant chargeback behavior raises risk;customer velocity raises risk
txn_85ad80dc5aea,0.9874418209344243,1,0.987442,1,ml_only,0,,,,,,,,1,credential_based_fraud,credential_stuffing,merchant chargeback behavior raises risk;customer velocity raises risk;session velocity raises risk
txn_d4f8152a8371,0.9795920449061002,1,0.979592,1,ml_only,0,,,,,,,,1,credential_based_fraud,credential_stuffing,merchant chargeback behavior raises risk;customer velocity raises risk;session velocity raises risk
txn_d9a5cf23f4dc,0.8882646900073269,1,0.888265,1,ml_only,0,,,,,,,,1,credential_based_fraud,credential_stuffing,merchant chargeback behavior raises risk;customer velocity raises risk;session velocity raises risk
txn_fecab4329a5b,0.9870550023897475,1,0.987055,1,ml_only,0,,,,,,,,1,credential_based_fraud,credential_stuffing,merchant chargeback behavior raises risk;customer velocity raises risk;session velocity raises risk
txn_48ec5a3cd5fa,0.989739898716158,1,0.98974,1,ml_only,0,,,,,,,,1,credential_based_fraud,credential_stuffing,merchant chargeback behavior raises risk;customer velocity raises risk;session velocity raises risk
txn_980cf0208391,0.9920907918130376,1,0.992091,1,ml_only,0,,,,,,,,1,credential_based_fraud,credential_stuffing,merchant chargeback behavior raises risk;customer velocity raises risk;session velocity raises risk
txn_ce1d106058fc,0.9452087507826115,1,0.945209,1,ml_only,0,,,,,,,,1,credential_based_fraud,credential_stuffing,merchant chargeback behavior raises risk;customer velocity raises risk;session velocity raises risk
txn_615e9670529b,0.9889135919296308,1,0.988914,1,ml_only,0,,,,,,,,1,credential_based_fraud,credential_stuffing,merchant chargeback behavior raises risk;customer velocity raises risk;session velocity raises risk
txn_74eff9725b2d,0.9914232217012596,1,0.991423,1,ml_only,0,,,,,,,,1,credential_based_fraud,credential_stuffing,merchant chargeback behavior raises risk;customer velocity raises risk;session velocity raises risk
txn_223fcb0c19ba,0.9911854201256264,1,0.991185,1,ml_only,0,,,,,,,,1,credential_based_fraud,credential_stuffing,merchant chargeback behavior raises risk;customer velocity raises risk;session velocity raises risk
txn_7fed933fe85d,0.9607540121451555,1,0.960754,1,ml_only,0,,,,,,,,1,credential_based_fraud,credential_stuffing,merchant chargeback behavior raises risk;customer velocity raises risk;session velocity raises risk
txn_9354c0f89405,0.9963836336680088,1,0.996384,1,ml_only,0,,,,,,,,1,credential_based_fraud,credential_stuffing,high generated risk score raises risk;merchant chargeback behavior raises risk;customer velocity raises risk
txn_2620f7893300,0.9957245893516301,1,0.995725,1,ml_only,0,,,,,,,,1,credential_based_fraud,credential_stuffing,merchant chargeback behavior raises risk;customer velocity raises risk;session velocity raises risk
txn_4eb78704a603,0.9966461900833385,1,0.996646,1,ml_only,0,,,,,,,,1,credential_based_fraud,credential_stuffing,high generated risk score raises risk;merchant chargeback behavior raises risk;customer velocity raises risk
txn_e00715e68c79,0.9602893427548238,1,0.960289,1,ml_only,0,,,,,,,,1,credential_based_fraud,credential_stuffing,merchant chargeback behavior raises risk;customer velocity raises risk;session velocity raises risk
txn_853e2801d904,0.9950663882699784,1,0.995066,1,ml_only,0,,,,,,,,1,credential_based_fraud,credential_stuffing,merchant chargeback behavior raises risk;customer velocity raises risk;session velocity raises risk
txn_a2651344c664,0.9920027296698368,1,0.992003,1,ml_only,0,,,,,,,,1,credential_based_fraud,credential_stuffing,merchant chargeback behavior raises risk;customer velocity raises risk;IP velocity raises risk
txn_bc2680f1226e,0.9934940144896585,1,0.993494,1,ml_only,0,,,,,,,,1,credential_based_fraud,credential_stuffing,IP velocity raises risk;merchant chargeback behavior raises risk;customer velocity raises risk
txn_46946f05f611,0.9710778555493311,1,0.971078,1,ml_only,0,,,,,,,,1,credential_based_fraud,credential_stuffing,IP velocity raises risk;merchant chargeback behavior raises risk;customer velocity raises risk
txn_0b1782f2af88,0.9975247276232614,1,0.997525,1,ml_only,0,,,,,,,,1,credential_based_fraud,credential_stuffing,high generated risk score raises risk;IP velocity raises risk;merchant chargeback behavior raises risk
txn_66cecb5acfd9,0.9957351733995337,1,0.995735,1,ml_only,0,,,,,,,,1,credential_based_fraud,credential_stuffing,IP velocity raises risk;merchant chargeback behavior raises risk;customer velocity raises risk
txn_d87101703b81,0.9958673945524853,1,0.995867,1,ml_only,0,,,,,,,,1,credential_based_fraud,credential_stuffing,IP velocity raises risk;merchant chargeback behavior raises risk;customer velocity raises risk
txn_cbc080cc095c,0.9722792371800485,1,0.972279,1,ml_only,0,,,,,,,,1,credential_based_fraud,credential_stuffing,IP velocity raises risk;merchant chargeback behavior raises risk;customer velocity raises risk
txn_a00d925b8481,0.9970436683506597,1,0.997044,1,ml_only,0,,,,,,,,1,credential_based_fraud,credential_stuffing,IP velocity raises risk;merchant chargeback behavior raises risk;high generated risk score raises risk
txn_132fe3c44064,0.9978598337566899,1,0.99786,1,ml_only,0,,,,,,,,1,credential_based_fraud,credential_stuffing,IP velocity raises risk;high generated risk score raises risk;merchant chargeback behavior raises risk
txn_920e5dc3fb76,0.995649501666174,1,0.99565,1,ml_only,0,,,,,,,,1,credential_based_fraud,credential_stuffing,IP velocity raises risk;merchant chargeback behavior raises risk;customer velocity raises risk
txn_3504728e5cb3,0.9646931459778947,1,0.964693,1,ml_only,0,,,,,,,,1,credential_based_fraud,credential_stuffing,IP velocity raises risk;merchant chargeback behavior raises risk;customer velocity raises risk
txn_1dcbb4f159fe,0.9977552313853012,1,0.997755,1,ml_only,0,,,,,,,,1,credential_based_fraud,credential_stuffing,IP velocity raises risk;merchant chargeback behavior raises risk;high generated risk score raises risk
txn_33ff6e1442fd,0.9955027538022125,1,0.995503,1,ml_only,0,,,,,,,,1,credential_based_fraud,credential_stuffing,IP velocity raises risk;merchant chargeback behavior raises risk;customer velocity raises risk
txn_bfdf46c2a593,0.9948226429887198,1,0.994823,1,ml_only,0,,,,,,,,1,credential_based_fraud,credential_stuffing,IP velocity raises risk;merchant chargeback behavior raises risk;customer velocity raises risk
txn_69ff0cbfd286,0.9865940490531055,1,0.986594,1,ml_only,0,,,,,,,,1,credential_based_fraud,credential_stuffing,high generated risk score raises risk;IP velocity raises risk;merchant chargeback behavior raises risk
txn_c86fba96c8ca,0.9954187859708109,1,0.995419,1,ml_only,0,,,,,,,,1,credential_based_fraud,credential_stuffing,IP velocity raises risk;merchant chargeback behavior raises risk;customer velocity raises risk
txn_24ff0a55151d,0.9967059993446433,1,0.996706,1,ml_only,0,,,,,,,,1,credential_based_fraud,credential_stuffing,merchant chargeback behavior raises risk;high generated risk score raises risk;customer velocity raises risk
txn_5fced1ad1e81,0.9929812201974172,1,0.992981,1,ml_only,0,,,,,,,,1,credential_based_fraud,credential_stuffing,merchant chargeback behavior raises risk;customer velocity raises risk;session velocity raises risk
txn_07797765b8f5,0.9774946091116153,1,0.977495,1,ml_only,0,,,,,,,,1,credential_based_fraud,credential_stuffing,merchant chargeback behavior raises risk;customer velocity raises risk;session velocity raises risk
txn_2d28ef8a1525,0.9933970496089283,1,0.993397,1,ml_only,0,,,,,,,,1,credential_based_fraud,credential_stuffing,merchant chargeback behavior raises risk;customer velocity raises risk;session velocity raises risk
txn_92133a2fa1c7,0.9973132867380009,1,0.997313,1,ml_only,0,,,,,,,,1,credential_based_fraud,credential_stuffing,high generated risk score raises risk;merchant chargeback behavior raises risk;customer velocity raises risk
txn_7fc1730d669f,0.9920744823056848,1,0.992074,1,ml_only,0,,,,,,,,1,credential_based_fraud,credential_stuffing,merchant chargeback behavior raises risk;customer velocity raises risk;session velocity raises risk
txn_77d74edc715b,0.9587524531014435,1,0.958752,1,ml_only,0,,,,,,,,1,credential_based_fraud,credential_stuffing,merchant chargeback behavior raises risk;customer velocity raises risk;session velocity raises risk
txn_c8b61104dabd,0.9936091778483271,1,0.993609,1,ml_only,0,,,,,,,,1,credential_based_fraud,credential_stuffing,merchant chargeback behavior raises risk;customer velocity raises risk;session velocity raises risk
txn_21341989ccfa,0.995582347299682,1,0.995582,1,ml_only,0,,,,,,,,1,credential_based_fraud,credential_stuffing,merchant chargeback behavior raises risk;customer velocity raises risk;session velocity raises risk
txn_24fc13ace00f,0.9933082742150833,1,0.993308,1,ml_only,0,,,,,,,,1,credential_based_fraud,credential_stuffing,merchant chargeback behavior raises risk;customer velocity raises risk;session velocity raises risk
txn_c36b89845203,0.9843645383403437,1,0.984365,1,ml_only,0,,,,,,,,1,credential_based_fraud,credential_stuffing,high generated risk score raises risk;merchant chargeback behavior raises risk;customer velocity raises risk
txn_d631f15012e4,0.9937816107029418,1,0.993782,1,ml_only,0,,,,,,,,1,credential_based_fraud,credential_stuffing,merchant chargeback behavior raises risk;customer velocity raises risk;session velocity raises risk
txn_12ae1269f588,0.995132374368474,1,0.995132,1,ml_only,0,,,,,,,,1,credential_based_fraud,credential_stuffing,merchant chargeback behavior raises risk;high generated risk score raises risk;customer velocity raises risk
txn_0897b1c2ca69,0.9891663873624128,1,0.989166,1,ml_only,0,,,,,,,,1,credential_based_fraud,credential_stuffing,merchant chargeback behavior raises risk;customer velocity raises risk;session velocity raises risk
txn_57816e3caf02,0.9610494651480526,1,0.961049,1,ml_only,0,,,,,,,,1,credential_based_fraud,credential_stuffing,merchant chargeback behavior raises risk;customer velocity raises risk;session velocity raises risk
txn_4b26c5ae7880,0.9923138396782198,1,0.992314,1,ml_only,0,,,,,,,,1,credential_based_fraud,credential_stuffing,merchant chargeback behavior raises risk;customer velocity raises risk;session velocity raises risk
txn_6e0628e116c7,0.9943097530748908,1,0.99431,1,ml_only,0,,,,,,,,1,credential_based_fraud,credential_stuffing,high generated risk score raises risk;merchant chargeback behavior raises risk;customer velocity raises risk
txn_88a58574c89d,0.996086394035594,1,0.996086,1,ml_only,0,,,,,,,,1,credential_based_fraud,credential_stuffing,high generated risk score raises risk;merchant chargeback behavior raises risk;customer velocity raises risk
txn_cd0c3469d061,0.9759881566087032,1,0.975988,1,ml_only,0,,,,,,,,1,credential_based_fraud,credential_stuffing,high generated risk score raises risk;merchant chargeback behavior raises risk;customer velocity raises risk
txn_1833b79758a7,0.9939981813745209,1,0.993998,1,ml_only,0,,,,,,,,1,credential_based_fraud,credential_stuffing,merchant chargeback behavior raises risk;customer velocity raises risk;session velocity raises risk
txn_76af273263b3,0.9897834848297926,1,0.989783,1,ml_only,0,,,,,,,,1,credential_based_fraud,credential_stuffing,merchant chargeback behavior raises risk;customer velocity raises risk;session velocity raises risk
txn_da76e76bc778,0.9953957311657041,1,0.995396,1,ml_only,0,,,,,,,,1,credential_based_fraud,credential_stuffing,merchant chargeback behavior raises risk;customer velocity raises risk;session velocity raises risk
txn_282a32cf472a,0.981354732336221,1,0.981355,1,ml_only,0,,,,,,,,1,credential_based_fraud,credential_stuffing,high generated risk score raises risk;merchant chargeback behavior raises risk;customer velocity raises risk
txn_437df3e908b6,0.9946495804092611,1,0.99465,1,ml_only,0,,,,,,,,1,credential_based_fraud,credential_stuffing,merchant chargeback behavior raises risk;customer velocity raises risk;session velocity raises risk
txn_010d76a98107,0.9914497536274182,1,0.99145,1,ml_only,0,,,,,,,,1,identity_onboarding_fraud,fraudulent_merchant_onboarding,merchant refund behavior raises risk;session velocity raises risk;customer decline history raises risk
txn_422203e19c52,0.9909782305667123,1,0.990978,1,ml_only,0,,,,,,,,1,identity_onboarding_fraud,fraudulent_merchant_onboarding,merchant refund behavior raises risk;session velocity raises risk;customer decline history raises risk
txn_29b920e654de,0.995618392119585,1,0.995618,1,ml_only,0,,,,,,,,1,identity_onboarding_fraud,fraudulent_merchant_onboarding,merchant refund behavior raises risk;session velocity raises risk;customer decline history raises risk
txn_7eae58bf5c92,0.9973990383752058,1,0.997399,1,ml_only,0,,,,,,,,1,identity_onboarding_fraud,fraudulent_merchant_onboarding,merchant refund behavior raises risk;high generated risk score raises risk;session velocity raises risk
txn_b075ad32faf0,0.990708870530439,1,0.990709,1,ml_only,0,,,,,,,,1,identity_onboarding_fraud,fraudulent_merchant_onboarding,merchant refund behavior raises risk;session velocity raises risk;customer decline history raises risk
txn_70680c8e9065,0.9968392712060848,1,0.996839,1,ml_only,0,,,,,,,,1,identity_onboarding_fraud,fraudulent_merchant_onboarding,merchant refund behavior raises risk;high generated risk score raises risk;session velocity raises risk
txn_ff3b692625c3,0.9974987331168292,1,0.997499,1,ml_only,0,,,,,,,,1,identity_onboarding_fraud,fraudulent_merchant_onboarding,merchant refund behavior raises risk;high generated risk score raises risk;session velocity raises risk
txn_57ceb6b9c1f2,0.9933413776770759,1,0.993341,1,ml_only,0,,,,,,,,1,identity_onboarding_fraud,fraudulent_merchant_onboarding,merchant refund behavior raises risk;session velocity raises risk;customer decline history raises risk
txn_d4989f3b192b,0.9956693666405576,1,0.995669,1,ml_only,0,,,,,,,,1,identity_onboarding_fraud,fraudulent_merchant_onboarding,merchant refund behavior raises risk;session velocity raises risk;customer decline history raises risk
txn_6abe5992dd65,0.9960269133463756,1,0.996027,1,ml_only,0,,,,,,,,1,identity_onboarding_fraud,fraudulent_merchant_onboarding,merchant refund behavior raises risk;session velocity raises risk;customer decline history raises risk
txn_d4ebb4f780d0,0.9978409901826636,1,0.997841,1,ml_only,0,,,,,,,,1,identity_onboarding_fraud,fraudulent_merchant_onboarding,merchant refund behavior raises risk;high generated risk score raises risk;session velocity raises risk
txn_2512b1b450dd,0.9984029443129843,1,0.998403,1,ml_only,0,,,,,,,,1,identity_onboarding_fraud,fraudulent_merchant_onboarding,merchant refund behavior raises risk;high generated risk score raises risk;IP velocity raises risk
txn_dca6ddf99848,0.9982492542522732,1,0.998249,1,ml_only,0,,,,,,,,1,identity_onboarding_fraud,fraudulent_merchant_onboarding,merchant refund behavior raises risk;high generated risk score raises risk;IP velocity raises risk
txn_bf3f5600845d,0.9938730526747828,1,0.993873,1,ml_only,0,,,,,,,,1,identity_onboarding_fraud,fraudulent_merchant_onboarding,merchant refund behavior raises risk;IP velocity raises risk;session velocity raises risk
txn_d14c7990f0f5,0.9980678719148847,1,0.998068,1,ml_only,0,,,,,,,,1,identity_onboarding_fraud,fraudulent_merchant_onboarding,merchant refund behavior raises risk;high generated risk score raises risk;IP velocity raises risk
txn_ddb036ee86ba,0.9980830871549855,1,0.998083,1,ml_only,0,,,,,,,,1,identity_onboarding_fraud,fraudulent_merchant_onboarding,merchant refund behavior raises risk;IP velocity raises risk;session velocity raises risk
txn_cbd09125f633,0.996948897842041,1,0.996949,1,ml_only,0,,,,,,,,1,identity_onboarding_fraud,fraudulent_merchant_onboarding,merchant refund behavior raises risk;IP velocity raises risk;session velocity raises risk
txn_7b84a8b00557,0.9963380824939879,1,0.996338,1,ml_only,0,,,,,,,,1,identity_onboarding_fraud,fraudulent_merchant_onboarding,merchant refund behavior raises risk;IP velocity raises risk;session velocity raises risk
txn_39655ddd4c04,0.9966422356036065,1,0.996642,1,ml_only,0,,,,,,,,1,identity_onboarding_fraud,fraudulent_merchant_onboarding,merchant refund behavior raises risk;IP velocity raises risk;session velocity raises risk
txn_f687356231ff,0.9976543017705609,1,0.997654,1,ml_only,0,,,,,,,,1,identity_onboarding_fraud,fraudulent_merchant_onboarding,merchant refund behavior raises risk;IP velocity raises risk;session velocity raises risk
txn_f10727152e54,0.9975837379584984,1,0.997584,1,ml_only,0,,,,,,,,1,identity_onboarding_fraud,fraudulent_merchant_onboarding,merchant refund behavior raises risk;IP velocity raises risk;session velocity raises risk
txn_97c87d4c47d4,0.9983271629895404,1,0.998327,1,ml_only,0,,,,,,,,1,identity_onboarding_fraud,fraudulent_merchant_onboarding,merchant refund behavior raises risk;IP velocity raises risk;high generated risk score raises risk
txn_77f6e7493c91,0.9966141624189375,1,0.996614,1,ml_only,0,,,,,,,,1,identity_onboarding_fraud,fraudulent_merchant_onboarding,merchant refund behavior raises risk;IP velocity raises risk;session velocity raises risk
txn_1840bb38ad92,0.9975105934128432,1,0.997511,1,ml_only,0,,,,,,,,1,identity_onboarding_fraud,fraudulent_merchant_onboarding,merchant refund behavior raises risk;IP velocity raises risk;session velocity raises risk
txn_d09323b6daa9,0.9977612634309659,1,0.997761,1,ml_only,0,,,,,,,,1,identity_onboarding_fraud,fraudulent_merchant_onboarding,merchant refund behavior raises risk;IP velocity raises risk;session velocity raises risk
txn_d4d0aef11194,0.9984249107739902,1,0.998425,1,ml_only,0,,,,,,,,1,identity_onboarding_fraud,fraudulent_merchant_onboarding,merchant refund behavior raises risk;IP velocity raises risk;session velocity raises risk
txn_d8d768ae53f2,0.9963765650976135,1,0.996377,1,ml_only,0,,,,,,,,1,identity_onboarding_fraud,fraudulent_merchant_onboarding,merchant refund behavior raises risk;IP velocity raises risk;session velocity raises risk
txn_f1341c2df655,0.9984416573131457,1,0.998442,1,ml_only,0,,,,,,,,1,identity_onboarding_fraud,fraudulent_merchant_onboarding,merchant refund behavior raises risk;high generated risk score raises risk;IP velocity raises risk
txn_8c8cdec5ff34,0.9967385029556278,1,0.996739,1,ml_only,0,,,,,,,,1,identity_onboarding_fraud,fraudulent_merchant_onboarding,merchant refund behavior raises risk;session velocity raises risk;customer decline history raises risk
txn_d2003dd39f7d,0.9967484539383729,1,0.996748,1,ml_only,0,,,,,,,,1,identity_onboarding_fraud,fraudulent_merchant_onboarding,merchant refund behavior raises risk;session velocity raises risk;customer decline history raises risk
txn_5201961c7e86,0.9959498983148142,1,0.99595,1,ml_only,0,,,,,,,,1,identity_onboarding_fraud,fraudulent_merchant_onboarding,merchant refund behavior raises risk;session velocity raises risk;customer decline history raises risk
txn_a8a9f8da8a48,0.997780676565196,1,0.997781,1,ml_only,0,,,,,,,,1,identity_onboarding_fraud,fraudulent_merchant_onboarding,merchant refund behavior raises risk;high generated risk score raises risk;session velocity raises risk
txn_dd3eaa73b871,0.9979967652264662,1,0.997997,1,ml_only,0,,,,,,,,1,identity_onboarding_fraud,fraudulent_merchant_onboarding,merchant refund behavior raises risk;high generated risk score raises risk;session velocity raises risk
txn_4bf33f780858,0.9975726877645694,1,0.997573,1,ml_only,0,,,,,,,,1,identity_onboarding_fraud,fraudulent_merchant_onboarding,merchant refund behavior raises risk;high generated risk score raises risk;session velocity raises risk
txn_9964fe3831e7,0.9976987949947316,1,0.997699,1,ml_only,0,,,,,,,,1,identity_onboarding_fraud,fraudulent_merchant_onboarding,merchant refund behavior raises risk;high generated risk score raises risk;session velocity raises risk
txn_52f411d1495a,0.9972017724053958,1,0.997202,1,ml_only,0,,,,,,,,1,identity_onboarding_fraud,fraudulent_merchant_onboarding,merchant refund behavior raises risk;high generated risk score raises risk;session velocity raises risk
txn_2c1bb9101df7,0.9964650775299826,1,0.996465,1,ml_only,0,,,,,,,,1,identity_onboarding_fraud,fraudulent_merchant_onboarding,merchant refund behavior raises risk;session velocity raises risk;customer decline history raises risk
txn_30e0090bbc9e,0.9951895018212784,1,0.99519,1,ml_only,0,,,,,,,,1,identity_onboarding_fraud,fraudulent_merchant_onboarding,merchant refund behavior raises risk;session velocity raises risk;customer decline history raises risk
txn_5bdb0a935cae,0.9980400860529579,1,0.99804,1,ml_only,0,,,,,,,,1,identity_onboarding_fraud,fraudulent_merchant_onboarding,merchant refund behavior raises risk;high generated risk score raises risk;session velocity raises risk
txn_af774f5189e1,0.9801671687117932,1,0.980167,1,ml_only,0,,,,,,,,1,identity_onboarding_fraud,mule_account_creation,high generated risk score raises risk;customer decline history raises risk;IP reputation raises risk
txn_57ebca8ccb56,0.9440962172619941,1,0.944096,1,ml_only,0,,,,,,,,1,identity_onboarding_fraud,mule_account_creation,customer decline history raises risk;IP reputation raises risk;session velocity raises risk
txn_eb7801f72e26,0.9502851091660943,1,0.950285,1,ml_only,0,,,,,,,,1,identity_onboarding_fraud,mule_account_creation,customer decline history raises risk;IP reputation raises risk;session velocity raises risk
txn_f84a52abb4ac,0.9723875282740454,1,0.972388,1,ml_only,0,,,,,,,,1,identity_onboarding_fraud,mule_account_creation,customer decline history raises risk;IP reputation raises risk;session velocity raises risk
txn_41b15f039e11,0.9859947219689145,1,0.985995,1,ml_only,0,,,,,,,,1,identity_onboarding_fraud,mule_account_creation,customer decline history raises risk;IP reputation raises risk;session velocity raises risk
txn_17df180d4fd2,0.9814319314743426,1,0.981432,1,ml_only,0,,,,,,,,1,identity_onboarding_fraud,mule_account_creation,customer decline history raises risk;IP reputation raises risk;high generated risk score raises risk
txn_d1f7498cc897,0.9856051814316998,1,0.985605,1,ml_only,0,,,,,,,,1,identity_onboarding_fraud,mule_account_creation,high generated risk score raises risk;customer decline history raises risk;IP reputation raises risk
txn_f538ffba4021,0.9797539657250302,1,0.979754,1,ml_only,0,,,,,,,,1,identity_onboarding_fraud,mule_account_creation,customer decline history raises risk;IP reputation raises risk;session velocity raises risk
txn_0db5cd7ddd60,0.9940183778586358,1,0.994018,1,ml_only,0,,,,,,,,1,identity_onboarding_fraud,mule_account_creation,high generated risk score raises risk;customer decline history raises risk;IP reputation raises risk
txn_24830e235083,0.9897083473215653,1,0.989708,1,ml_only,0,,,,,,,,1,identity_onboarding_fraud,mule_account_creation,high generated risk score raises risk;customer decline history raises risk;IP reputation raises risk
txn_8c3b2a8a39f1,0.9906738997237359,1,0.990674,1,ml_only,0,,,,,,,,1,identity_onboarding_fraud,mule_account_creation,high generated risk score raises risk;customer decline history raises risk;IP reputation raises risk
txn_e49475ad8967,0.9939279855093789,1,0.993928,1,ml_only,0,,,,,,,,1,identity_onboarding_fraud,mule_account_creation,IP velocity raises risk;customer decline history raises risk;IP reputation raises risk
txn_36b1d66a4e2b,0.9857741558787666,1,0.985774,1,ml_only,0,,,,,,,,1,identity_onboarding_fraud,mule_account_creation,IP velocity raises risk;customer decline history raises risk;IP reputation raises risk
txn_9e5d5dc40cfd,0.9878612085881978,1,0.987861,1,ml_only,0,,,,,,,,1,identity_onboarding_fraud,mule_account_creation,high generated risk score raises risk;IP velocity raises risk;customer decline history raises risk
txn_8d103baf3171,0.9849277041449853,1,0.984928,1,ml_only,0,,,,,,,,1,identity_onboarding_fraud,mule_account_creation,IP velocity raises risk;customer decline history raises risk;IP reputation raises risk
txn_63b423cc6ce4,0.9679446087605161,1,0.967945,1,ml_only,0,,,,,,,,1,identity_onboarding_fraud,mule_account_creation,IP velocity raises risk;customer decline history raises risk;IP reputation raises risk
txn_e2a3b1796370,0.9840249831797949,1,0.984025,1,ml_only,0,,,,,,,,1,identity_onboarding_fraud,mule_account_creation,IP velocity raises risk;customer decline history raises risk;IP reputation raises risk
txn_67d5677893c2,0.9845748205071179,1,0.984575,1,ml_only,0,,,,,,,,1,identity_onboarding_fraud,mule_account_creation,IP velocity raises risk;customer decline history raises risk;IP reputation raises risk
txn_121e0a2ef3a0,0.9867545972776406,1,0.986755,1,ml_only,0,,,,,,,,1,identity_onboarding_fraud,mule_account_creation,IP velocity raises risk;customer decline history raises risk;IP reputation raises risk
txn_1ed4aa67d8f4,0.9908226653103085,1,0.990823,1,ml_only,0,,,,,,,,1,identity_onboarding_fraud,mule_account_creation,IP velocity raises risk;customer decline history raises risk;IP reputation raises risk
txn_89a4b7627d52,0.9823688700623834,1,0.982369,1,ml_only,0,,,,,,,,1,identity_onboarding_fraud,mule_account_creation,IP velocity raises risk;customer decline history raises risk;IP reputation raises risk
txn_9d846df83b43,0.9875283682011143,1,0.987528,1,ml_only,0,,,,,,,,1,identity_onboarding_fraud,mule_account_creation,IP velocity raises risk;customer decline history raises risk;IP reputation raises risk
txn_5102a809c536,0.9840190367542787,1,0.984019,1,ml_only,0,,,,,,,,1,identity_onboarding_fraud,mule_account_creation,IP velocity raises risk;customer decline history raises risk;IP reputation raises risk
txn_d9c0ab98e11b,0.9929451040548741,1,0.992945,1,ml_only,0,,,,,,,,1,identity_onboarding_fraud,mule_account_creation,high generated risk score raises risk;IP velocity raises risk;customer decline history raises risk
txn_18f1787a076f,0.9928492707190981,1,0.992849,1,ml_only,0,,,,,,,,1,identity_onboarding_fraud,mule_account_creation,high generated risk score raises risk;IP velocity raises risk;customer decline history raises risk
txn_abbda02b8d73,0.9937023945264964,1,0.993702,1,ml_only,0,,,,,,,,1,identity_onboarding_fraud,mule_account_creation,high generated risk score raises risk;IP velocity raises risk;customer decline history raises risk
txn_dbe3a864560e,0.9860713096955014,1,0.986071,1,ml_only,0,,,,,,,,1,identity_onboarding_fraud,mule_account_creation,customer decline history raises risk;IP reputation raises risk;IP velocity raises risk
txn_5964ca1d1f38,0.9881383595702159,1,0.988138,1,ml_only,0,,,,,,,,1,identity_onboarding_fraud,mule_account_creation,high generated risk score raises risk;customer decline history raises risk;IP reputation raises risk
txn_a86b45db1a9a,0.9753704086385261,1,0.97537,1,ml_only,0,,,,,,,,1,identity_onboarding_fraud,mule_account_creation,customer decline history raises risk;IP reputation raises risk;session velocity raises risk
txn_a09e5fff61f3,0.9697107664052833,1,0.969711,1,ml_only,0,,,,,,,,1,identity_onboarding_fraud,mule_account_creation,customer decline history raises risk;IP reputation raises risk;session velocity raises risk
txn_5e75329441a5,0.9820967668401617,1,0.982097,1,ml_only,0,,,,,,,,1,identity_onboarding_fraud,mule_account_creation,customer decline history raises risk;IP reputation raises risk;session velocity raises risk
txn_1284bf5fea30,0.9889866250775402,1,0.988987,1,ml_only,0,,,,,,,,1,identity_onboarding_fraud,mule_account_creation,high generated risk score raises risk;customer decline history raises risk;IP reputation raises risk
txn_c19f05623f9c,0.9925967854666438,1,0.992597,1,ml_only,0,,,,,,,,1,identity_onboarding_fraud,mule_account_creation,high generated risk score raises risk;customer decline history raises risk;IP reputation raises risk
txn_9fcb926a0084,0.9850417635506893,1,0.985042,1,ml_only,0,,,,,,,,1,identity_onboarding_fraud,mule_account_creation,high generated risk score raises risk;customer decline history raises risk;IP reputation raises risk
txn_209213606cbc,0.9795748393146227,1,0.979575,1,ml_only,0,,,,,,,,1,identity_onboarding_fraud,mule_account_creation,high generated risk score raises risk;customer decline history raises risk;IP reputation raises risk
txn_d254307d4f95,0.9537061551962291,1,0.953706,1,ml_only,0,,,,,,,,1,identity_onboarding_fraud,mule_account_creation,customer decline history raises risk;IP reputation raises risk;session velocity raises risk
txn_22ad41ee7e58,0.98559198652719,1,0.985592,1,ml_only,0,,,,,,,,1,identity_onboarding_fraud,mule_account_creation,high generated risk score raises risk;customer decline history raises risk;IP reputation raises risk
txn_26560b7730e0,0.9845857584569607,1,0.984586,1,ml_only,0,,,,,,,,1,identity_onboarding_fraud,mule_account_creation,high generated risk score raises risk;customer decline history raises risk;IP reputation raises risk
txn_cd23e9a0eadc,0.9818713254559536,1,0.981871,1,ml_only,0,,,,,,,,1,identity_onboarding_fraud,mule_account_creation,high generated risk score raises risk;customer decline history raises risk;IP reputation raises risk
txn_a67f359e0f2c,0.8773465919534496,1,0.877347,1,ml_only,0,,,,,,,,1,identity_onboarding_fraud,mule_account_creation,session velocity lowers risk;customer decline history raises risk;IP reputation raises risk
txn_1d18f6a41dd5,0.9231839420222625,1,0.923184,1,ml_only,0,,,,,,,,1,identity_onboarding_fraud,stolen_identity_signup,merchant refund behavior raises risk;session velocity raises risk;merchant age raises risk
txn_218cf51add5e,0.9669060949965479,1,0.966906,1,ml_only,0,,,,,,,,1,identity_onboarding_fraud,stolen_identity_signup,high generated risk score raises risk;merchant refund behavior raises risk;session velocity raises risk
txn_077ecf2a486f,0.8934517959114034,1,0.893452,1,ml_only,0,,,,,,,,1,identity_onboarding_fraud,stolen_identity_signup,merchant refund behavior raises risk;session velocity raises risk;merchant age raises risk
txn_ea48db7355cd,0.9540195576019714,1,0.95402,1,ml_only,0,,,,,,,,1,identity_onboarding_fraud,stolen_identity_signup,merchant refund behavior raises risk;high generated risk score raises risk;session velocity raises risk
txn_6a47d8add6d0,0.9483044564354057,1,0.948304,1,ml_only,0,,,,,,,,1,identity_onboarding_fraud,stolen_identity_signup,merchant refund behavior raises risk;session velocity raises risk;high generated risk score raises risk
txn_d1a13e580f68,0.9275545099440101,1,0.927555,1,ml_only,0,,,,,,,,1,identity_onboarding_fraud,stolen_identity_signup,merchant refund behavior raises risk;session velocity raises risk;merchant age raises risk
txn_9f962caa6abc,0.9752728028770599,1,0.975273,1,ml_only,0,,,,,,,,1,identity_onboarding_fraud,stolen_identity_signup,merchant refund behavior raises risk;high generated risk score raises risk;session velocity raises risk
txn_a3b02a07c56d,0.9374572501567359,1,0.937457,1,ml_only,0,,,,,,,,1,identity_onboarding_fraud,stolen_identity_signup,merchant refund behavior raises risk;session velocity raises risk;merchant age raises risk
txn_80d83b69f16f,0.978135514166651,1,0.978136,1,ml_only,0,,,,,,,,1,identity_onboarding_fraud,stolen_identity_signup,high generated risk score raises risk;merchant refund behavior raises risk;session velocity raises risk
txn_c3709d3d5878,0.9724139219639827,1,0.972414,1,ml_only,0,,,,,,,,1,identity_onboarding_fraud,stolen_identity_signup,merchant refund behavior raises risk;IP velocity raises risk;session velocity raises risk
txn_8ead8af38871,0.9818316471362925,1,0.981832,1,ml_only,0,,,,,,,,1,identity_onboarding_fraud,stolen_identity_signup,high generated risk score raises risk;merchant refund behavior raises risk;IP velocity raises risk
txn_6826a925e649,0.985497963598768,1,0.985498,1,ml_only,0,,,,,,,,1,identity_onboarding_fraud,stolen_identity_signup,high generated risk score raises risk;merchant refund behavior raises risk;IP velocity raises risk
txn_ef552fb5a250,0.9671303171598353,1,0.96713,1,ml_only,0,,,,,,,,1,identity_onboarding_fraud,stolen_identity_signup,merchant refund behavior raises risk;IP velocity raises risk;high generated risk score raises risk
txn_4b0593b7019f,0.9558948780043917,1,0.955895,1,ml_only,0,,,,,,,,1,identity_onboarding_fraud,stolen_identity_signup,merchant refund behavior raises risk;IP velocity raises risk;session velocity raises risk
txn_55309f50e35e,0.9823912121677156,1,0.982391,1,ml_only,0,,,,,,,,1,identity_onboarding_fraud,stolen_identity_signup,high generated risk score raises risk;merchant refund behavior raises risk;IP velocity raises risk
txn_92a3447d8168,0.8531259190242801,1,0.853126,1,ml_only,0,,,,,,,,1,identity_onboarding_fraud,stolen_identity_signup,session velocity lowers risk;merchant refund behavior raises risk;IP velocity raises risk
txn_682218f258c3,0.8608466735231123,1,0.860847,1,ml_only,0,,,,,,,,1,identity_onboarding_fraud,synthetic_identity,session velocity raises risk;IP reputation raises risk;device history raises risk
txn_f6a494dab98b,0.9546246454368283,1,0.954625,1,ml_only,0,,,,,,,,1,identity_onboarding_fraud,synthetic_identity,high generated risk score raises risk;session velocity raises risk;IP reputation raises risk
txn_1520775aab7d,0.8653342445311134,1,0.865334,1,ml_only,0,,,,,,,,1,identity_onboarding_fraud,synthetic_identity,session velocity raises risk;IP reputation raises risk;device history raises risk
txn_59cd9c564325,0.9524629150204138,1,0.952463,1,ml_only,0,,,,,,,,1,identity_onboarding_fraud,synthetic_identity,high generated risk score raises risk;session velocity raises risk;IP reputation raises risk
txn_70e8a9121fed,0.9039403360988306,1,0.90394,1,ml_only,0,,,,,,,,1,identity_onboarding_fraud,synthetic_identity,session velocity raises risk;IP reputation raises risk;device history raises risk
txn_69fb285e462d,0.9098802429219348,1,0.90988,1,ml_only,0,,,,,,,,1,identity_onboarding_fraud,synthetic_identity,session velocity raises risk;IP reputation raises risk;device history raises risk
txn_e156044cd8c5,0.9397492843819708,1,0.939749,1,ml_only,0,,,,,,,,1,identity_onboarding_fraud,synthetic_identity,session velocity raises risk;IP reputation raises risk;IP velocity raises risk
txn_ae3ddb8c66a1,0.9699075052213786,1,0.969908,1,ml_only,0,,,,,,,,1,identity_onboarding_fraud,synthetic_identity,high generated risk score raises risk;session velocity raises risk;IP reputation raises risk
txn_54ca458c2c17,0.9657040816758952,1,0.965704,1,ml_only,0,,,,,,,,1,identity_onboarding_fraud,synthetic_identity,high generated risk score raises risk;IP velocity raises risk;session velocity raises risk
txn_22be6e94c562,0.9079636785396811,1,0.907964,1,ml_only,0,,,,,,,,1,identity_onboarding_fraud,synthetic_identity,IP velocity raises risk;IP reputation raises risk;device history raises risk
txn_df91b6961bb7,0.8492466483117139,1,0.849247,1,ml_only,0,,,,,,,,1,identity_onboarding_fraud,synthetic_identity,IP velocity raises risk;IP reputation raises risk;device history raises risk
txn_511618fef5a5,0.9707846972994251,1,0.970785,1,ml_only,0,,,,,,,,1,identity_onboarding_fraud,synthetic_business,customer decline history raises risk;session velocity raises risk;merchant refund behavior raises risk
txn_ac2c09b7f1e5,0.9816907898575564,1,0.981691,1,ml_only,0,,,,,,,,1,identity_onboarding_fraud,synthetic_business,high generated risk score raises risk;customer decline history raises risk;session velocity raises risk
txn_5e6e3a5aa786,0.9836708320403045,1,0.983671,1,ml_only,0,,,,,,,,1,identity_onboarding_fraud,synthetic_business,high generated risk score raises risk;customer decline history raises risk;session velocity raises risk
txn_bf64c9d5dc0d,0.9870390099716827,1,0.987039,1,ml_only,0,,,,,,,,1,identity_onboarding_fraud,synthetic_business,high generated risk score raises risk;customer decline history raises risk;session velocity raises risk
txn_1df8270ac8e7,0.972367647122159,1,0.972368,1,ml_only,0,,,,,,,,1,identity_onboarding_fraud,synthetic_business,customer decline history raises risk;session velocity raises risk;high generated risk score raises risk
txn_627596b31710,0.9791077475001524,1,0.979108,1,ml_only,0,,,,,,,,1,identity_onboarding_fraud,synthetic_business,customer decline history raises risk;session velocity raises risk;high generated risk score raises risk
txn_6f3921895a19,0.9717176799646043,1,0.971718,1,ml_only,0,,,,,,,,1,identity_onboarding_fraud,synthetic_business,customer decline history raises risk;session velocity raises risk;IP velocity raises risk
txn_f4a66e1e0cc5,0.9826488740742167,1,0.982649,1,ml_only,0,,,,,,,,1,identity_onboarding_fraud,synthetic_business,customer decline history raises risk;IP velocity raises risk;session velocity raises risk
txn_c34e2b9ecffa,0.9819547384697177,1,0.981955,1,ml_only,0,,,,,,,,1,identity_onboarding_fraud,synthetic_business,customer decline history raises risk;IP velocity raises risk;session velocity raises risk
txn_c27037301d64,0.9772647162242978,1,0.977265,1,ml_only,0,,,,,,,,1,identity_onboarding_fraud,synthetic_business,customer decline history raises risk;IP velocity raises risk;session velocity raises risk
txn_08bd59797eeb,0.9819634127970991,1,0.981963,1,ml_only,0,,,,,,,,1,identity_onboarding_fraud,synthetic_business,customer decline history raises risk;IP velocity raises risk;session velocity raises risk
txn_487fb91bbd54,0.988681939739827,1,0.988682,1,ml_only,0,,,,,,,,1,identity_onboarding_fraud,synthetic_business,customer decline history raises risk;IP velocity raises risk;session velocity raises risk
txn_aa9fe97c512c,0.9405271425095104,1,0.940527,1,ml_only,0,,,,,,,,1,merchant_ecosystem_abuse,bust_out_merchant,customer decline history raises risk;session velocity raises risk;merchant refund behavior lowers risk
txn_1f8d2099e15a,0.9669097269052048,1,0.96691,1,ml_only,0,,,,,,,,1,merchant_ecosystem_abuse,bust_out_merchant,customer decline history raises risk;high generated risk score raises risk;session velocity raises risk
txn_80f317d97afd,0.9604827979667903,1,0.960483,1,ml_only,0,,,,,,,,1,merchant_ecosystem_abuse,bust_out_merchant,customer decline history raises risk;session velocity raises risk;merchant refund behavior lowers risk
txn_f3a56a6ca3c4,0.9413154257115401,1,0.941315,1,ml_only,0,,,,,,,,1,merchant_ecosystem_abuse,bust_out_merchant,customer decline history raises risk;session velocity raises risk;merchant refund behavior lowers risk
txn_9e90cd63124f,0.9774261268587208,1,0.977426,1,ml_only,0,,,,,,,,1,merchant_ecosystem_abuse,bust_out_merchant,customer decline history raises risk;high generated risk score raises risk;session velocity raises risk
txn_c9f07d21317d,0.9712800349544508,1,0.97128,1,ml_only,0,,,,,,,,1,merchant_ecosystem_abuse,bust_out_merchant,customer decline history raises risk;session velocity raises risk;IP velocity raises risk
txn_d8667b08abd7,0.9727835402227385,1,0.972784,1,ml_only,0,,,,,,,,1,merchant_ecosystem_abuse,bust_out_merchant,customer decline history raises risk;IP velocity raises risk;session velocity raises risk
txn_1717ff47e22a,0.9745333215563059,1,0.974533,1,ml_only,0,,,,,,,,1,merchant_ecosystem_abuse,bust_out_merchant,customer decline history raises risk;IP velocity raises risk;session velocity raises risk
txn_f8bcb9d71122,0.9740064491004323,1,0.974006,1,ml_only,0,,,,,,,,1,merchant_ecosystem_abuse,bust_out_merchant,customer decline history raises risk;IP velocity raises risk;session velocity raises risk
txn_49bcb8293c15,0.984773468933692,1,0.984773,1,ml_only,0,,,,,,,,1,merchant_ecosystem_abuse,bust_out_merchant,customer decline history raises risk;high generated risk score raises risk;IP velocity raises risk
txn_7334e3b8b66e,0.9708365704740289,1,0.970837,1,ml_only,0,,,,,,,,1,merchant_ecosystem_abuse,bust_out_merchant,customer decline history raises risk;IP velocity raises risk;session velocity raises risk
txn_32f305bc5560,0.970824639957724,1,0.970825,1,ml_only,0,,,,,,,,1,merchant_ecosystem_abuse,bust_out_merchant,customer decline history raises risk;IP velocity raises risk;session velocity raises risk
txn_8ecfa967d329,0.9648556790561332,1,0.964856,1,ml_only,0,,,,,,,,1,merchant_ecosystem_abuse,bust_out_merchant,customer decline history raises risk;IP velocity raises risk;session velocity raises risk
txn_2b978aad2e9d,0.9661056189760586,1,0.966106,1,ml_only,0,,,,,,,,1,merchant_ecosystem_abuse,bust_out_merchant,customer decline history raises risk;IP velocity raises risk;session velocity raises risk
txn_2dbfd83b8f2f,0.9864998823351611,1,0.9865,1,ml_only,0,,,,,,,,1,merchant_ecosystem_abuse,bust_out_merchant,high generated risk score raises risk;customer decline history raises risk;IP velocity raises risk
txn_0a47af99aadf,0.9833928507903306,1,0.983393,1,ml_only,0,,,,,,,,1,merchant_ecosystem_abuse,bust_out_merchant,IP velocity raises risk;customer decline history raises risk;high generated risk score raises risk
txn_f9df7fc77d75,0.9740447948091169,1,0.974045,1,ml_only,0,,,,,,,,1,merchant_ecosystem_abuse,bust_out_merchant,customer decline history raises risk;IP velocity raises risk;session velocity raises risk
txn_a2485a279656,0.9655000417131168,1,0.9655,1,ml_only,0,,,,,,,,1,merchant_ecosystem_abuse,bust_out_merchant,customer decline history raises risk;IP velocity raises risk;session velocity raises risk
txn_4c287d05d2fa,0.9609956667418026,1,0.960996,1,ml_only,0,,,,,,,,1,merchant_ecosystem_abuse,bust_out_merchant,IP velocity raises risk;customer decline history raises risk;session velocity raises risk
txn_43e114112ebe,0.9566097841041701,1,0.95661,1,ml_only,0,,,,,,,,1,merchant_ecosystem_abuse,bust_out_merchant,IP velocity raises risk;customer decline history raises risk;session velocity raises risk
txn_02834c984d9d,0.9651310150463118,1,0.965131,1,ml_only,0,,,,,,,,1,merchant_ecosystem_abuse,bust_out_merchant,customer decline history raises risk;IP velocity raises risk;session velocity raises risk
txn_cb4bc538c7f0,0.9815652649061491,1,0.981565,1,ml_only,0,,,,,,,,1,merchant_ecosystem_abuse,bust_out_merchant,customer decline history raises risk;high generated risk score raises risk;IP velocity raises risk
txn_42361dc37b6f,0.9544189220179244,1,0.954419,1,ml_only,0,,,,,,,,1,merchant_ecosystem_abuse,bust_out_merchant,customer decline history raises risk;IP velocity raises risk;session velocity raises risk
txn_6d831fbd7391,0.9776344466454693,1,0.977634,1,ml_only,0,,,,,,,,1,merchant_ecosystem_abuse,bust_out_merchant,high generated risk score raises risk;customer decline history raises risk;session velocity raises risk
txn_56d1cba05e3d,0.9793949519320954,1,0.979395,1,ml_only,0,,,,,,,,1,merchant_ecosystem_abuse,bust_out_merchant,customer decline history raises risk;high generated risk score raises risk;session velocity raises risk
txn_2b1ab384e3a6,0.9687782010324559,1,0.968778,1,ml_only,0,,,,,,,,1,merchant_ecosystem_abuse,bust_out_merchant,customer decline history raises risk;session velocity raises risk;IP velocity raises risk
txn_1e26d973adc0,0.9786029323896699,1,0.978603,1,ml_only,0,,,,,,,,1,merchant_ecosystem_abuse,bust_out_merchant,customer decline history raises risk;high generated risk score raises risk;session velocity raises risk
txn_9678c9b74863,0.9481068040210809,1,0.948107,1,ml_only,0,,,,,,,,1,merchant_ecosystem_abuse,bust_out_merchant,customer decline history raises risk;session velocity raises risk;merchant refund behavior lowers risk
txn_2237ff335d80,0.9440801158197593,1,0.94408,1,ml_only,0,,,,,,,,1,merchant_ecosystem_abuse,bust_out_merchant,customer decline history raises risk;session velocity raises risk;merchant refund behavior lowers risk
txn_62376570404f,0.9802870112350319,1,0.980287,1,ml_only,0,,,,,,,,1,merchant_ecosystem_abuse,bust_out_merchant,customer decline history raises risk;high generated risk score raises risk;session velocity raises risk
txn_545ec4c0fce5,0.9424811521968562,1,0.942481,1,ml_only,0,,,,,,,,1,merchant_ecosystem_abuse,bust_out_merchant,customer decline history raises risk;session velocity raises risk;merchant refund behavior lowers risk
txn_c32b0a71646a,0.9313455260606011,1,0.931346,1,ml_only,0,,,,,,,,1,merchant_ecosystem_abuse,bust_out_merchant,customer decline history raises risk;session velocity raises risk;merchant refund behavior lowers risk
txn_ea13aafcd461,0.9504992580640282,1,0.950499,1,ml_only,0,,,,,,,,1,merchant_ecosystem_abuse,bust_out_merchant,customer decline history raises risk;session velocity raises risk;merchant refund behavior lowers risk
txn_a886b0ebb7f9,0.9535720716059629,1,0.953572,1,ml_only,0,,,,,,,,1,merchant_ecosystem_abuse,bust_out_merchant,customer decline history raises risk;session velocity raises risk;merchant refund behavior lowers risk
txn_864c19bda634,0.9562581986891154,1,0.956258,1,ml_only,0,,,,,,,,1,merchant_ecosystem_abuse,bust_out_merchant,customer decline history raises risk;session velocity raises risk;merchant refund behavior lowers risk
txn_1081543f527b,0.9272148459563534,1,0.927215,1,ml_only,0,,,,,,,,1,merchant_ecosystem_abuse,bust_out_merchant,customer decline history raises risk;session velocity raises risk;merchant refund behavior lowers risk
txn_13e7fb29e09f,0.9287314674685047,1,0.928731,1,ml_only,0,,,,,,,,1,merchant_ecosystem_abuse,bust_out_merchant,customer decline history raises risk;session velocity raises risk;merchant refund behavior lowers risk
txn_1f3d4429dbe1,0.9717481111076585,1,0.971748,1,ml_only,0,,,,,,,,1,merchant_ecosystem_abuse,bust_out_merchant,high generated risk score raises risk;customer decline history raises risk;session velocity raises risk
txn_a87b08b21fb5,0.967427874027231,1,0.967428,1,ml_only,0,,,,,,,,1,merchant_ecosystem_abuse,bust_out_merchant,high generated risk score raises risk;customer decline history raises risk;session velocity raises risk
txn_1a1a111d2313,0.9675651088082311,1,0.967565,1,ml_only,0,,,,,,,,1,merchant_ecosystem_abuse,bust_out_merchant,customer decline history raises risk;high generated risk score raises risk;session velocity raises risk
txn_fcd974722740,0.9424812311765908,1,0.942481,1,ml_only,0,,,,,,,,1,merchant_ecosystem_abuse,bust_out_merchant,customer decline history raises risk;session velocity raises risk;merchant refund behavior lowers risk
txn_2e1a3af60ade,0.9535850872420372,1,0.953585,1,ml_only,0,,,,,,,,1,merchant_ecosystem_abuse,bust_out_merchant,customer decline history raises risk;session velocity raises risk;merchant refund behavior lowers risk
txn_554aa671f418,0.9278723775572706,1,0.927872,1,ml_only,0,,,,,,,,1,merchant_ecosystem_abuse,bust_out_merchant,customer decline history raises risk;session velocity raises risk;merchant refund behavior lowers risk
txn_19f4a99ff3a1,0.932043576177265,1,0.932044,1,ml_only,0,,,,,,,,1,merchant_ecosystem_abuse,bust_out_merchant,customer decline history raises risk;session velocity raises risk;merchant refund behavior lowers risk
txn_2e3ec75e40bc,0.9489695728545934,1,0.94897,1,ml_only,0,,,,,,,,1,merchant_ecosystem_abuse,bust_out_merchant,customer decline history raises risk;session velocity raises risk;merchant refund behavior lowers risk
txn_2829505cc854,0.9477094066960365,1,0.947709,1,ml_only,0,,,,,,,,1,merchant_ecosystem_abuse,bust_out_merchant,customer decline history raises risk;session velocity raises risk;merchant refund behavior lowers risk
txn_f3fee2cae528,0.9609530009712286,1,0.960953,1,ml_only,0,,,,,,,,1,merchant_ecosystem_abuse,bust_out_merchant,customer decline history raises risk;session velocity raises risk;high generated risk score raises risk
txn_f1194f8d7988,0.9454163167205026,1,0.945416,1,ml_only,0,,,,,,,,1,merchant_ecosystem_abuse,bust_out_merchant,customer decline history raises risk;session velocity raises risk;merchant refund behavior lowers risk
txn_2209d5150510,0.9434218038586477,1,0.943422,1,ml_only,0,,,,,,,,1,merchant_ecosystem_abuse,bust_out_merchant,customer decline history raises risk;session velocity raises risk;merchant refund behavior lowers risk
txn_23e2270f719b,0.9328910221644902,1,0.932891,1,ml_only,0,,,,,,,,1,merchant_ecosystem_abuse,bust_out_merchant,customer decline history raises risk;session velocity raises risk;merchant refund behavior lowers risk
txn_4a28635113a4,0.8794306702224196,1,0.879431,1,ml_only,0,,,,,,,,1,merchant_ecosystem_abuse,bust_out_merchant,customer decline history raises risk;session velocity raises risk;merchant refund behavior lowers risk
txn_e94dae92e624,0.9110700956428418,1,0.91107,1,ml_only,0,,,,,,,,1,merchant_ecosystem_abuse,bust_out_merchant,customer decline history raises risk;session velocity raises risk;merchant refund behavior lowers risk
txn_58161f6dae1d,0.9516055240635632,1,0.951606,1,ml_only,0,,,,,,,,1,merchant_ecosystem_abuse,bust_out_merchant,customer decline history raises risk;high generated risk score raises risk;session velocity raises risk
txn_83027e727a89,0.9015355348437394,1,0.901536,1,ml_only,0,,,,,,,,1,merchant_ecosystem_abuse,bust_out_merchant,customer decline history raises risk;session velocity raises risk;merchant refund behavior lowers risk
txn_a4f4974fd832,0.7404886533750275,1,0.740489,1,ml_only,0,,,,,,,,1,merchant_ecosystem_abuse,bust_out_merchant,session velocity lowers risk;customer decline history raises risk;merchant refund behavior lowers risk
txn_9969d59d9071,0.9824691760396066,1,0.982469,1,ml_only,0,,,,,,,,1,merchant_ecosystem_abuse,gift_card_abuse,high generated risk score raises risk;session velocity raises risk;merchant chargeback behavior raises risk
txn_f1bd6dc21156,0.9844660486958046,1,0.984466,1,ml_only,0,,,,,,,,1,merchant_ecosystem_abuse,gift_card_abuse,high generated risk score raises risk;session velocity raises risk;merchant chargeback behavior raises risk
txn_b6c067fc403a,0.9884484564967181,1,0.988448,1,ml_only,0,,,,,,,,1,merchant_ecosystem_abuse,gift_card_abuse,high generated risk score raises risk;session velocity raises risk;merchant chargeback behavior raises risk
txn_6282be42a548,0.9876274915150648,1,0.987627,1,ml_only,0,,,,,,,,1,merchant_ecosystem_abuse,gift_card_abuse,high generated risk score raises risk;session velocity raises risk;IP velocity raises risk
txn_30e8de793fc4,0.9751947501037763,1,0.975195,1,ml_only,0,,,,,,,,1,merchant_ecosystem_abuse,gift_card_abuse,session velocity raises risk;IP velocity raises risk;merchant chargeback behavior raises risk
txn_bab567ad79ef,0.9799141830626387,1,0.979914,1,ml_only,0,,,,,,,,1,merchant_ecosystem_abuse,gift_card_abuse,IP velocity raises risk;session velocity raises risk;merchant chargeback behavior raises risk
txn_5fa00cc4cf0c,0.9785285187380139,1,0.978529,1,ml_only,0,,,,,,,,1,merchant_ecosystem_abuse,gift_card_abuse,IP velocity raises risk;session velocity raises risk;merchant chargeback behavior raises risk
txn_22d378449b4b,0.9849614767001785,1,0.984961,1,ml_only,0,,,,,,,,1,merchant_ecosystem_abuse,gift_card_abuse,IP velocity raises risk;session velocity raises risk;merchant chargeback behavior raises risk
txn_0c7bad365a03,0.9867162005122619,1,0.986716,1,ml_only,0,,,,,,,,1,merchant_ecosystem_abuse,gift_card_abuse,IP velocity raises risk;session velocity raises risk;high generated risk score raises risk
txn_90d866ea60c4,0.9870909361058928,1,0.987091,1,ml_only,0,,,,,,,,1,merchant_ecosystem_abuse,gift_card_abuse,IP velocity raises risk;session velocity raises risk;high generated risk score raises risk
txn_adf32b1a8db8,0.9877237297406961,1,0.987724,1,ml_only,0,,,,,,,,1,merchant_ecosystem_abuse,gift_card_abuse,IP velocity raises risk;session velocity raises risk;merchant chargeback behavior raises risk
txn_7c3d8ca59466,0.98340073560344,1,0.983401,1,ml_only,0,,,,,,,,1,merchant_ecosystem_abuse,gift_card_abuse,IP velocity raises risk;session velocity raises risk;merchant chargeback behavior raises risk
txn_64cda01e21f4,0.9935998540201372,1,0.9936,1,ml_only,0,,,,,,,,1,merchant_ecosystem_abuse,gift_card_abuse,IP velocity raises risk;high generated risk score raises risk;session velocity raises risk
txn_54c126ba4051,0.9870648582673944,1,0.987065,1,ml_only,0,,,,,,,,1,merchant_ecosystem_abuse,gift_card_abuse,IP velocity raises risk;session velocity raises risk;high generated risk score raises risk
txn_e4ec261f9ba8,0.9918564976389694,1,0.991856,1,ml_only,0,,,,,,,,1,merchant_ecosystem_abuse,gift_card_abuse,IP velocity raises risk;high generated risk score raises risk;session velocity raises risk
txn_4ab5da800c0f,0.9915085011342871,1,0.991509,1,ml_only,0,,,,,,,,1,merchant_ecosystem_abuse,gift_card_abuse,high generated risk score raises risk;IP velocity raises risk;session velocity raises risk
txn_aac2a5dfac42,0.9871430031920952,1,0.987143,1,ml_only,0,,,,,,,,1,merchant_ecosystem_abuse,gift_card_abuse,IP velocity raises risk;high generated risk score raises risk;session velocity raises risk
txn_a0927a97a34a,0.9917368293768949,1,0.991737,1,ml_only,0,,,,,,,,1,merchant_ecosystem_abuse,gift_card_abuse,IP velocity raises risk;high generated risk score raises risk;session velocity raises risk
txn_01f957e657ea,0.9914999822123742,1,0.9915,1,ml_only,0,,,,,,,,1,merchant_ecosystem_abuse,gift_card_abuse,IP velocity raises risk;session velocity raises risk;high generated risk score raises risk
txn_d482fcc5bb76,0.9904682022675064,1,0.990468,1,ml_only,0,,,,,,,,1,merchant_ecosystem_abuse,gift_card_abuse,IP velocity raises risk;high generated risk score raises risk;session velocity raises risk
txn_71d6212d3b10,0.9761568007921775,1,0.976157,1,ml_only,0,,,,,,,,1,merchant_ecosystem_abuse,gift_card_abuse,IP velocity raises risk;session velocity raises risk;merchant chargeback behavior raises risk
txn_3fac42fc8f2d,0.9932668149104281,1,0.993267,1,ml_only,0,,,,,,,,1,merchant_ecosystem_abuse,gift_card_abuse,high generated risk score raises risk;IP velocity raises risk;session velocity raises risk
txn_550a70102440,0.987369572346431,1,0.98737,1,ml_only,0,,,,,,,,1,merchant_ecosystem_abuse,gift_card_abuse,high generated risk score raises risk;session velocity raises risk;IP velocity raises risk
txn_7a67a7ecab35,0.9773311479992706,1,0.977331,1,ml_only,0,,,,,,,,1,merchant_ecosystem_abuse,gift_card_abuse,session velocity raises risk;IP velocity raises risk;merchant chargeback behavior raises risk
txn_6113deff1b0f,0.9876434405064378,1,0.987643,1,ml_only,0,,,,,,,,1,merchant_ecosystem_abuse,gift_card_abuse,session velocity raises risk;IP velocity raises risk;high generated risk score raises risk
txn_5165ed2cb463,0.9819304834447329,1,0.98193,1,ml_only,0,,,,,,,,1,merchant_ecosystem_abuse,gift_card_abuse,session velocity raises risk;IP velocity raises risk;high generated risk score raises risk
txn_0cfb99acca88,0.9756283408987865,1,0.975628,1,ml_only,0,,,,,,,,1,merchant_ecosystem_abuse,gift_card_abuse,session velocity raises risk;IP velocity raises risk;merchant chargeback behavior raises risk
txn_5dbdeb41b4ae,0.9751658993778081,1,0.975166,1,ml_only,0,,,,,,,,1,merchant_ecosystem_abuse,gift_card_abuse,session velocity raises risk;IP velocity raises risk;merchant chargeback behavior raises risk
txn_a86cb3202bd7,0.9680433662610608,1,0.968043,1,ml_only,0,,,,,,,,1,merchant_ecosystem_abuse,gift_card_abuse,session velocity raises risk;merchant chargeback behavior raises risk;merchant age raises risk
txn_ac1295510fed,0.9658255685516816,1,0.965826,1,ml_only,0,,,,,,,,1,merchant_ecosystem_abuse,gift_card_abuse,session velocity raises risk;merchant chargeback behavior raises risk;merchant age raises risk
txn_4e5aa9cf41fe,0.9874330956077584,1,0.987433,1,ml_only,0,,,,,,,,1,merchant_ecosystem_abuse,gift_card_abuse,high generated risk score raises risk;session velocity raises risk;merchant chargeback behavior raises risk
txn_d2c3c007e744,0.9712415393448742,1,0.971242,1,ml_only,0,,,,,,,,1,merchant_ecosystem_abuse,gift_card_abuse,session velocity raises risk;merchant chargeback behavior raises risk;merchant age raises risk
txn_3cfafa74950f,0.988185819414719,1,0.988186,1,ml_only,0,,,,,,,,1,merchant_ecosystem_abuse,gift_card_abuse,high generated risk score raises risk;session velocity raises risk;merchant chargeback behavior raises risk
txn_dc4a26958111,0.9778618834288743,1,0.977862,1,ml_only,0,,,,,,,,1,merchant_ecosystem_abuse,gift_card_abuse,session velocity raises risk;high generated risk score raises risk;merchant chargeback behavior raises risk
txn_c13dcf0fa9ac,0.9797322041286841,1,0.979732,1,ml_only,0,,,,,,,,1,merchant_ecosystem_abuse,gift_card_abuse,session velocity raises risk;high generated risk score raises risk;merchant chargeback behavior raises risk
txn_9f5a25fe237d,0.9743416145960238,1,0.974342,1,ml_only,0,,,,,,,,1,merchant_ecosystem_abuse,gift_card_abuse,high generated risk score raises risk;session velocity raises risk;merchant chargeback behavior raises risk
txn_ef41fcd2a3de,0.9719367894366873,1,0.971937,1,ml_only,0,,,,,,,,1,merchant_ecosystem_abuse,gift_card_abuse,high generated risk score raises risk;session velocity raises risk;merchant chargeback behavior raises risk
txn_d51932b986c5,0.975304997704273,1,0.975305,1,ml_only,0,,,,,,,,1,merchant_ecosystem_abuse,gift_card_abuse,high generated risk score raises risk;session velocity raises risk;merchant chargeback behavior raises risk
txn_443203b8dc29,0.9705572509020237,1,0.970557,1,ml_only,0,,,,,,,,1,merchant_ecosystem_abuse,gift_card_abuse,session velocity raises risk;high generated risk score raises risk;merchant chargeback behavior raises risk
txn_ed0bfb8242d4,0.9673590306093431,1,0.967359,1,ml_only,0,,,,,,,,1,merchant_ecosystem_abuse,gift_card_abuse,session velocity raises risk;merchant chargeback behavior raises risk;high generated risk score raises risk
txn_740b74b3124b,0.953105090256836,1,0.953105,1,ml_only,0,,,,,,,,1,merchant_ecosystem_abuse,gift_card_abuse,session velocity raises risk;merchant chargeback behavior raises risk;merchant age raises risk
txn_aebd67309ae3,0.984235224609852,1,0.984235,1,ml_only,0,,,,,,,,1,merchant_ecosystem_abuse,gift_card_abuse,high generated risk score raises risk;session velocity raises risk;merchant chargeback behavior raises risk
txn_b05a1c98ae08,0.9713699465342703,1,0.97137,1,ml_only,0,,,,,,,,1,merchant_ecosystem_abuse,gift_card_abuse,session velocity raises risk;merchant chargeback behavior raises risk;merchant age raises risk
txn_fee1d9626fdd,0.9500994554404512,1,0.950099,1,ml_only,0,,,,,,,,1,merchant_ecosystem_abuse,gift_card_abuse,session velocity raises risk;merchant chargeback behavior raises risk;merchant age raises risk
txn_0e19c5b45668,0.9732808866623848,1,0.973281,1,ml_only,0,,,,,,,,1,merchant_ecosystem_abuse,gift_card_abuse,session velocity raises risk;high generated risk score raises risk;merchant chargeback behavior raises risk
txn_79a7b0a831a3,0.9759034165642851,1,0.975903,1,ml_only,0,,,,,,,,1,merchant_ecosystem_abuse,gift_card_abuse,high generated risk score raises risk;session velocity raises risk;merchant chargeback behavior raises risk
txn_e04ad0a3ef20,0.988011093110073,1,0.988011,1,ml_only,0,,,,,,,,1,merchant_ecosystem_abuse,gift_card_abuse,high generated risk score raises risk;session velocity raises risk;merchant chargeback behavior raises risk
txn_0ef4c0b74934,0.9775599354538745,1,0.97756,1,ml_only,0,,,,,,,,1,merchant_ecosystem_abuse,gift_card_abuse,session velocity raises risk;high generated risk score raises risk;merchant chargeback behavior raises risk
txn_809edc625c0c,0.9819228641728286,1,0.981923,1,ml_only,0,,,,,,,,1,merchant_ecosystem_abuse,gift_card_abuse,high generated risk score raises risk;session velocity raises risk;merchant chargeback behavior raises risk
txn_de3a37c63eeb,0.9712555197786162,1,0.971256,1,ml_only,0,,,,,,,,1,merchant_ecosystem_abuse,gift_card_abuse,session velocity raises risk;high generated risk score raises risk;merchant chargeback behavior raises risk
txn_af209e3a0b85,0.9778465346184042,1,0.977847,1,ml_only,0,,,,,,,,1,merchant_ecosystem_abuse,gift_card_abuse,high generated risk score raises risk;session velocity raises risk;merchant chargeback behavior raises risk
txn_674142b148ae,0.9733707994527938,1,0.973371,1,ml_only,0,,,,,,,,1,merchant_ecosystem_abuse,gift_card_abuse,session velocity raises risk;high generated risk score raises risk;merchant chargeback behavior raises risk
txn_e54e72ce4823,0.9831013883893632,1,0.983101,1,ml_only,0,,,,,,,,1,merchant_ecosystem_abuse,gift_card_abuse,high generated risk score raises risk;session velocity raises risk;merchant chargeback behavior raises risk
txn_ab753d784971,0.9655280574527515,1,0.965528,1,ml_only,0,,,,,,,,1,merchant_ecosystem_abuse,gift_card_abuse,session velocity raises risk;merchant chargeback behavior raises risk;merchant age raises risk
txn_327ed2b296fe,0.9866882305500358,1,0.986688,1,ml_only,0,,,,,,,,1,merchant_ecosystem_abuse,gift_card_abuse,high generated risk score raises risk;session velocity raises risk;merchant chargeback behavior raises risk
txn_2159fc558030,0.9751291730136022,1,0.975129,1,ml_only,0,,,,,,,,1,merchant_ecosystem_abuse,gift_card_abuse,high generated risk score raises risk;session velocity raises risk;merchant chargeback behavior raises risk
txn_9ee46e059cd8,0.9602250203193435,1,0.960225,1,ml_only,0,,,,,,,,1,merchant_ecosystem_abuse,gift_card_abuse,session velocity raises risk;high generated risk score raises risk;merchant chargeback behavior raises risk
txn_7e73ef8eed06,0.967071927584957,1,0.967072,1,ml_only,0,,,,,,,,1,merchant_ecosystem_abuse,gift_card_abuse,session velocity raises risk;high generated risk score raises risk;merchant chargeback behavior raises risk
txn_d0b5e3f5a529,0.9835243241901932,1,0.983524,1,ml_only,0,,,,,,,,1,merchant_ecosystem_abuse,gift_card_abuse,high generated risk score raises risk;session velocity raises risk;merchant chargeback behavior raises risk
txn_92e1eaa4d28b,0.9723684873866809,1,0.972368,1,ml_only,0,,,,,,,,1,merchant_ecosystem_abuse,gift_card_abuse,high generated risk score raises risk;session velocity raises risk;merchant chargeback behavior raises risk
txn_5a601db21c3e,0.969881148627574,1,0.969881,1,ml_only,0,,,,,,,,1,merchant_ecosystem_abuse,gift_card_abuse,high generated risk score raises risk;session velocity raises risk;merchant chargeback behavior raises risk
txn_4138907e63d8,0.9383856673654999,1,0.938386,1,ml_only,0,,,,,,,,1,merchant_ecosystem_abuse,gift_card_abuse,session velocity raises risk;merchant chargeback behavior raises risk;merchant age raises risk
txn_7bfcb837f32a,0.9589917055982615,1,0.958992,1,ml_only,0,,,,,,,,1,merchant_ecosystem_abuse,gift_card_abuse,session velocity raises risk;merchant chargeback behavior raises risk;merchant age raises risk
txn_a8d7edefb7f9,0.9488943439294338,1,0.948894,1,ml_only,0,,,,,,,,1,merchant_ecosystem_abuse,gift_card_abuse,session velocity raises risk;merchant chargeback behavior raises risk;merchant age raises risk
txn_ead91cf311be,0.9317286587006143,1,0.931729,1,ml_only,0,,,,,,,,1,merchant_ecosystem_abuse,gift_card_abuse,session velocity raises risk;merchant chargeback behavior raises risk;merchant age raises risk
txn_57f8e0cd64f6,0.9671685763697107,1,0.967169,1,ml_only,0,,,,,,,,1,merchant_ecosystem_abuse,gift_card_abuse,high generated risk score raises risk;session velocity raises risk;merchant chargeback behavior raises risk
txn_34f1265e42f5,0.9782714239192173,1,0.978271,1,ml_only,0,,,,,,,,1,merchant_ecosystem_abuse,gift_card_abuse,high generated risk score raises risk;session velocity raises risk;merchant chargeback behavior raises risk
txn_3a5de7ebd3f5,0.9681767487393371,1,0.968177,1,ml_only,0,,,,,,,,1,merchant_ecosystem_abuse,gift_card_abuse,session velocity raises risk;merchant chargeback behavior raises risk;merchant age raises risk
txn_10c7c3c4b9ad,0.9653485977408783,1,0.965349,1,ml_only,0,,,,,,,,1,merchant_ecosystem_abuse,gift_card_abuse,session velocity raises risk;high generated risk score raises risk;merchant chargeback behavior raises risk
txn_b808e7a3913b,0.9598492697282003,1,0.959849,1,ml_only,0,,,,,,,,1,merchant_ecosystem_abuse,gift_card_abuse,session velocity raises risk;merchant chargeback behavior raises risk;merchant age raises risk
txn_a55e23eaf0e0,0.9430954598223619,1,0.943095,1,ml_only,0,,,,,,,,1,merchant_ecosystem_abuse,gift_card_abuse,session velocity raises risk;merchant chargeback behavior raises risk;merchant age raises risk
txn_81b41a3a1542,0.9693434817378537,1,0.969343,1,ml_only,0,,,,,,,,1,merchant_ecosystem_abuse,gift_card_abuse,session velocity raises risk;high generated risk score raises risk;merchant chargeback behavior raises risk
txn_2ce2741cfcfa,0.9915787931981382,1,0.991579,1,ml_only,0,,,,,,,,1,merchant_ecosystem_abuse,gift_card_abuse,high generated risk score raises risk;session velocity raises risk;merchant chargeback behavior raises risk
txn_350142d9310b,0.9456445592919835,1,0.945645,1,ml_only,0,,,,,,,,1,merchant_ecosystem_abuse,gift_card_abuse,session velocity raises risk;merchant chargeback behavior raises risk;merchant age raises risk
txn_3978f83ed669,0.9505130226552374,1,0.950513,1,ml_only,0,,,,,,,,1,merchant_ecosystem_abuse,gift_card_abuse,session velocity raises risk;IP velocity lowers risk;merchant chargeback behavior raises risk
txn_4db2f99592b9,0.9436384574884965,1,0.943638,1,ml_only,0,,,,,,,,1,merchant_ecosystem_abuse,gift_card_abuse,session velocity raises risk;IP velocity lowers risk;merchant chargeback behavior raises risk
txn_0e1d0db1fe36,0.9709491641986878,1,0.970949,1,ml_only,0,,,,,,,,1,merchant_ecosystem_abuse,gift_card_abuse,high generated risk score raises risk;session velocity raises risk;IP velocity lowers risk
txn_7cedec0de362,0.9615033849581882,1,0.961503,1,ml_only,0,,,,,,,,1,merchant_ecosystem_abuse,gift_card_abuse,session velocity raises risk;high generated risk score raises risk;IP velocity lowers risk
txn_2f73a28c1a78,0.9712444428157642,1,0.971244,1,ml_only,0,,,,,,,,1,merchant_ecosystem_abuse,gift_card_abuse,high generated risk score raises risk;session velocity raises risk;IP velocity lowers risk
txn_7ae14631ebc5,0.955062876120662,1,0.955063,1,ml_only,0,,,,,,,,1,merchant_ecosystem_abuse,gift_card_abuse,high generated risk score raises risk;session velocity raises risk;IP velocity lowers risk
txn_10b8ce42ddde,0.9491879536163644,1,0.949188,1,ml_only,0,,,,,,,,1,merchant_ecosystem_abuse,gift_card_abuse,session velocity raises risk;IP velocity lowers risk;merchant chargeback behavior raises risk
txn_0b94b1ee896d,0.9712326675819227,1,0.971233,1,ml_only,0,,,,,,,,1,merchant_ecosystem_abuse,gift_card_abuse,high generated risk score raises risk;session velocity raises risk;IP velocity lowers risk
txn_576aa68fb955,0.9570418394731249,1,0.957042,1,ml_only,0,,,,,,,,1,merchant_ecosystem_abuse,gift_card_abuse,session velocity raises risk;high generated risk score raises risk;IP velocity lowers risk
txn_ead7619c3d61,0.9798032267562657,1,0.979803,1,ml_only,0,,,,,,,,1,merchant_ecosystem_abuse,gift_card_abuse,high generated risk score raises risk;session velocity raises risk;IP velocity lowers risk
txn_0aeb4fff8591,0.9307854807390169,1,0.930785,1,ml_only,0,,,,,,,,1,merchant_ecosystem_abuse,gift_card_abuse,high generated risk score raises risk;IP velocity lowers risk;merchant chargeback behavior raises risk
txn_014f0d83ae36,0.9599509957283099,1,0.959951,1,ml_only,0,,,,,,,,1,merchant_ecosystem_abuse,gift_card_abuse,high generated risk score raises risk;IP velocity lowers risk;merchant chargeback behavior raises risk
txn_98587f09c06a,0.955626181387056,1,0.955626,1,ml_only,0,,,,,,,,1,merchant_ecosystem_abuse,mule_laundering,customer decline history raises risk;session velocity raises risk;merchant chargeback behavior raises risk
txn_f560248358e8,0.9791220205860292,1,0.979122,1,ml_only,0,,,,,,,,1,merchant_ecosystem_abuse,mule_laundering,customer decline history raises risk;session velocity raises risk;merchant chargeback behavior raises risk
txn_dc678296434b,0.9796585169178887,1,0.979659,1,ml_only,0,,,,,,,,1,merchant_ecosystem_abuse,mule_laundering,customer decline history raises risk;session velocity raises risk;high generated risk score raises risk
txn_238c644d5b44,0.9882910928085931,1,0.988291,1,ml_only,0,,,,,,,,1,merchant_ecosystem_abuse,mule_laundering,high generated risk score raises risk;customer decline history raises risk;session velocity raises risk
txn_61a25a3f68e0,0.9761854673208771,1,0.976185,1,ml_only,0,,,,,,,,1,merchant_ecosystem_abuse,mule_laundering,customer decline history raises risk;IP velocity raises risk;session velocity raises risk
txn_0774f1ad6c3d,0.9774948177034686,1,0.977495,1,ml_only,0,,,,,,,,1,merchant_ecosystem_abuse,mule_laundering,customer decline history raises risk;IP velocity raises risk;session velocity raises risk
txn_ac173500c8e3,0.9852472394641963,1,0.985247,1,ml_only,0,,,,,,,,1,merchant_ecosystem_abuse,mule_laundering,IP velocity raises risk;customer decline history raises risk;session velocity raises risk
txn_de694dda4f32,0.9850566542693574,1,0.985057,1,ml_only,0,,,,,,,,1,merchant_ecosystem_abuse,mule_laundering,customer decline history raises risk;IP velocity raises risk;session velocity raises risk
txn_f524b222777f,0.9841099100974351,1,0.98411,1,ml_only,0,,,,,,,,1,merchant_ecosystem_abuse,mule_laundering,IP velocity raises risk;customer decline history raises risk;session velocity raises risk
txn_f5bc64c00f23,0.9902787398239721,1,0.990279,1,ml_only,0,,,,,,,,1,merchant_ecosystem_abuse,mule_laundering,IP velocity raises risk;high generated risk score raises risk;customer decline history raises risk
txn_f6aded86a5a0,0.99126662695886,1,0.991267,1,ml_only,0,,,,,,,,1,merchant_ecosystem_abuse,mule_laundering,IP velocity raises risk;high generated risk score raises risk;customer decline history raises risk
txn_ee99cd5dcc63,0.9818405606980257,1,0.981841,1,ml_only,0,,,,,,,,1,merchant_ecosystem_abuse,mule_laundering,IP velocity raises risk;customer decline history raises risk;session velocity raises risk
txn_81c0c5e33f33,0.9787887223899565,1,0.978789,1,ml_only,0,,,,,,,,1,merchant_ecosystem_abuse,mule_laundering,IP velocity raises risk;customer decline history raises risk;session velocity raises risk
txn_a6e5e5494528,0.9881327620873136,1,0.988133,1,ml_only,0,,,,,,,,1,merchant_ecosystem_abuse,mule_laundering,IP velocity raises risk;high generated risk score raises risk;customer decline history raises risk
txn_e77c263501b1,0.9707724856201807,1,0.970772,1,ml_only,0,,,,,,,,1,merchant_ecosystem_abuse,mule_laundering,IP velocity raises risk;customer decline history raises risk;session velocity raises risk
txn_09d34b6bfc91,0.9893228197557198,1,0.989323,1,ml_only,0,,,,,,,,1,merchant_ecosystem_abuse,mule_laundering,IP velocity raises risk;high generated risk score raises risk;customer decline history raises risk
txn_e451d4fefbdb,0.987625149700876,1,0.987625,1,ml_only,0,,,,,,,,1,merchant_ecosystem_abuse,mule_laundering,IP velocity raises risk;customer decline history raises risk;session velocity raises risk
txn_4890e047b3bd,0.9895230452756126,1,0.989523,1,ml_only,0,,,,,,,,1,merchant_ecosystem_abuse,mule_laundering,IP velocity raises risk;customer decline history raises risk;session velocity raises risk
txn_badf9489c840,0.9742432627652939,1,0.974243,1,ml_only,0,,,,,,,,1,merchant_ecosystem_abuse,mule_laundering,IP velocity raises risk;customer decline history raises risk;session velocity raises risk
txn_8f3f124d0c2e,0.9869679394089949,1,0.986968,1,ml_only,0,,,,,,,,1,merchant_ecosystem_abuse,mule_laundering,customer decline history raises risk;IP velocity raises risk;high generated risk score raises risk
txn_6700f14bdd3c,0.9689067622820738,1,0.968907,1,ml_only,0,,,,,,,,1,merchant_ecosystem_abuse,mule_laundering,customer decline history raises risk;IP velocity raises risk;session velocity raises risk
txn_e50f0b40717f,0.9670064765909753,1,0.967006,1,ml_only,0,,,,,,,,1,merchant_ecosystem_abuse,mule_laundering,customer decline history raises risk;session velocity raises risk;IP velocity raises risk
txn_870aa9e7d188,0.9834185414755378,1,0.983419,1,ml_only,0,,,,,,,,1,merchant_ecosystem_abuse,mule_laundering,customer decline history raises risk;session velocity raises risk;IP velocity raises risk
txn_0484c5c4144f,0.982966389542119,1,0.982966,1,ml_only,0,,,,,,,,1,merchant_ecosystem_abuse,mule_laundering,customer decline history raises risk;session velocity raises risk;IP velocity raises risk
txn_1acda7d27eef,0.9794614955360749,1,0.979461,1,ml_only,0,,,,,,,,1,merchant_ecosystem_abuse,mule_laundering,customer decline history raises risk;session velocity raises risk;IP velocity raises risk
txn_223755053ac4,0.9870328356901609,1,0.987033,1,ml_only,0,,,,,,,,1,merchant_ecosystem_abuse,mule_laundering,high generated risk score raises risk;customer decline history raises risk;session velocity raises risk
txn_90208d374e41,0.9751419718857232,1,0.975142,1,ml_only,0,,,,,,,,1,merchant_ecosystem_abuse,mule_laundering,customer decline history raises risk;session velocity raises risk;merchant chargeback behavior raises risk
txn_450dd28751c4,0.9802369033462364,1,0.980237,1,ml_only,0,,,,,,,,1,merchant_ecosystem_abuse,mule_laundering,customer decline history raises risk;session velocity raises risk;merchant chargeback behavior raises risk
txn_36a072ff1747,0.9710375771557891,1,0.971038,1,ml_only,0,,,,,,,,1,merchant_ecosystem_abuse,mule_laundering,customer decline history raises risk;session velocity raises risk;merchant chargeback behavior raises risk
txn_67579a6b81dd,0.9745524164589142,1,0.974552,1,ml_only,0,,,,,,,,1,merchant_ecosystem_abuse,mule_laundering,customer decline history raises risk;session velocity raises risk;merchant chargeback behavior raises risk
txn_fd765ce2aaf8,0.9743406484932359,1,0.974341,1,ml_only,0,,,,,,,,1,merchant_ecosystem_abuse,mule_laundering,customer decline history raises risk;high generated risk score raises risk;session velocity raises risk
txn_c3ce79254224,0.9758690378348778,1,0.975869,1,ml_only,0,,,,,,,,1,merchant_ecosystem_abuse,mule_laundering,customer decline history raises risk;session velocity raises risk;merchant chargeback behavior raises risk
txn_648ec716467b,0.9832266156508469,1,0.983227,1,ml_only,0,,,,,,,,1,merchant_ecosystem_abuse,mule_laundering,high generated risk score raises risk;customer decline history raises risk;session velocity raises risk
txn_2baf7998cdb0,0.9830247262220968,1,0.983025,1,ml_only,0,,,,,,,,1,merchant_ecosystem_abuse,mule_laundering,customer decline history raises risk;session velocity raises risk;high generated risk score raises risk
txn_1fceb39c0023,0.9755198734515701,1,0.97552,1,ml_only,0,,,,,,,,1,merchant_ecosystem_abuse,mule_laundering,customer decline history raises risk;high generated risk score raises risk;session velocity raises risk
txn_c2a1cca3f689,0.9829196570246673,1,0.98292,1,ml_only,0,,,,,,,,1,merchant_ecosystem_abuse,mule_laundering,customer decline history raises risk;session velocity raises risk;high generated risk score raises risk
txn_ab4866108f47,0.9770967556485027,1,0.977097,1,ml_only,0,,,,,,,,1,merchant_ecosystem_abuse,mule_laundering,high generated risk score raises risk;customer decline history raises risk;session velocity raises risk
txn_ed2f3c2a0e7e,0.9496950047296516,1,0.949695,1,ml_only,0,,,,,,,,1,merchant_ecosystem_abuse,mule_laundering,customer decline history raises risk;session velocity raises risk;merchant chargeback behavior raises risk
txn_9fcb4c8a2427,0.9629003958176084,1,0.9629,1,ml_only,0,,,,,,,,1,merchant_ecosystem_abuse,mule_laundering,customer decline history raises risk;session velocity raises risk;merchant chargeback behavior raises risk
txn_f5404754926f,0.9795808377089602,1,0.979581,1,ml_only,0,,,,,,,,1,merchant_ecosystem_abuse,mule_laundering,customer decline history raises risk;high generated risk score raises risk;session velocity raises risk
txn_9fab1d261468,0.9735550683744045,1,0.973555,1,ml_only,0,,,,,,,,1,merchant_ecosystem_abuse,mule_laundering,customer decline history raises risk;high generated risk score raises risk;session velocity raises risk
txn_4545ecdd2746,0.9696732587147229,1,0.969673,1,ml_only,0,,,,,,,,1,merchant_ecosystem_abuse,mule_laundering,customer decline history raises risk;session velocity raises risk;merchant chargeback behavior raises risk
txn_1a9c64a243d4,0.973616217160084,1,0.973616,1,ml_only,0,,,,,,,,1,merchant_ecosystem_abuse,mule_laundering,customer decline history raises risk;session velocity raises risk;merchant chargeback behavior raises risk
txn_3ca5706cc7af,0.9535036428591266,1,0.953504,1,ml_only,0,,,,,,,,1,merchant_ecosystem_abuse,mule_laundering,customer decline history raises risk;session velocity raises risk;merchant chargeback behavior raises risk
txn_e5f01a2348e5,0.9380239073825243,1,0.938024,1,ml_only,0,,,,,,,,1,merchant_ecosystem_abuse,mule_laundering,customer decline history raises risk;session velocity raises risk;merchant chargeback behavior raises risk
txn_cb9d87bab2ae,0.979933136092939,1,0.979933,1,ml_only,0,,,,,,,,1,merchant_ecosystem_abuse,mule_laundering,high generated risk score raises risk;customer decline history raises risk;session velocity raises risk
txn_05e6f5ac4b0f,0.9579038387402274,1,0.957904,1,ml_only,0,,,,,,,,1,merchant_ecosystem_abuse,mule_laundering,customer decline history raises risk;session velocity raises risk;merchant chargeback behavior raises risk
txn_50e253a1daf3,0.9745295497670827,1,0.97453,1,ml_only,0,,,,,,,,1,merchant_ecosystem_abuse,mule_laundering,high generated risk score raises risk;customer decline history raises risk;session velocity raises risk
txn_6b050a866116,0.9366924545594723,1,0.936692,1,ml_only,0,,,,,,,,1,merchant_ecosystem_abuse,mule_laundering,customer decline history raises risk;session velocity raises risk;merchant chargeback behavior raises risk
txn_0667ef42b3ef,0.934803243513885,1,0.934803,1,ml_only,0,,,,,,,,1,merchant_ecosystem_abuse,mule_laundering,customer decline history raises risk;session velocity raises risk;merchant chargeback behavior raises risk
txn_665319c9a4ec,0.9724069014067737,1,0.972407,1,ml_only,0,,,,,,,,1,merchant_ecosystem_abuse,mule_laundering,high generated risk score raises risk;customer decline history raises risk;session velocity raises risk
txn_62d215e05c0e,0.9690462150532061,1,0.969046,1,ml_only,0,,,,,,,,1,merchant_ecosystem_abuse,mule_laundering,customer decline history raises risk;session velocity raises risk;merchant chargeback behavior raises risk
txn_df8185c528ee,0.9706528953709412,1,0.970653,1,ml_only,0,,,,,,,,1,merchant_ecosystem_abuse,mule_laundering,customer decline history raises risk;session velocity raises risk;high generated risk score raises risk
txn_939cd38e68e9,0.9699111078576592,1,0.969911,1,ml_only,0,,,,,,,,1,merchant_ecosystem_abuse,mule_laundering,high generated risk score raises risk;customer decline history raises risk;session velocity raises risk
txn_9921e2a48d75,0.9416183509282848,1,0.941618,1,ml_only,0,,,,,,,,1,merchant_ecosystem_abuse,mule_laundering,customer decline history raises risk;session velocity raises risk;merchant chargeback behavior raises risk
txn_8fd41afe41a2,0.9536163128803584,1,0.953616,1,ml_only,0,,,,,,,,1,merchant_ecosystem_abuse,mule_laundering,customer decline history raises risk;session velocity raises risk;merchant chargeback behavior raises risk
txn_7b6f413988d2,0.9540490268954479,1,0.954049,1,ml_only,0,,,,,,,,1,merchant_ecosystem_abuse,mule_laundering,customer decline history raises risk;session velocity raises risk;merchant chargeback behavior raises risk
txn_793247ede0a0,0.9514117115226893,1,0.951412,1,ml_only,0,,,,,,,,1,merchant_ecosystem_abuse,mule_laundering,customer decline history raises risk;session velocity raises risk;merchant chargeback behavior raises risk
txn_6c87db048145,0.9686514536631315,1,0.968651,1,ml_only,0,,,,,,,,1,merchant_ecosystem_abuse,mule_laundering,customer decline history raises risk;session velocity raises risk;merchant chargeback behavior raises risk
txn_5f331e6f4e3e,0.971378209992756,1,0.971378,1,ml_only,0,,,,,,,,1,merchant_ecosystem_abuse,mule_laundering,customer decline history raises risk;session velocity raises risk;high generated risk score raises risk
txn_bd73173c25b9,0.9628949961240708,1,0.962895,1,ml_only,0,,,,,,,,1,merchant_ecosystem_abuse,mule_laundering,customer decline history raises risk;session velocity raises risk;merchant chargeback behavior raises risk
txn_4ccd55f1ef7e,0.935126325507408,1,0.935126,1,ml_only,0,,,,,,,,1,merchant_ecosystem_abuse,mule_laundering,customer decline history raises risk;session velocity raises risk;merchant chargeback behavior raises risk
txn_37d971cc1833,0.9694724853212626,1,0.969472,1,ml_only,0,,,,,,,,1,merchant_ecosystem_abuse,mule_laundering,customer decline history raises risk;session velocity raises risk;merchant chargeback behavior raises risk
txn_8bc59c932c9e,0.9745255010425579,1,0.974526,1,ml_only,0,,,,,,,,1,merchant_ecosystem_abuse,mule_laundering,customer decline history raises risk;high generated risk score raises risk;session velocity raises risk
txn_e67886382a6a,0.9520419004687951,1,0.952042,1,ml_only,0,,,,,,,,1,merchant_ecosystem_abuse,mule_laundering,customer decline history raises risk;session velocity raises risk;merchant chargeback behavior raises risk
txn_90224aecda88,0.9717188317381962,1,0.971719,1,ml_only,0,,,,,,,,1,merchant_ecosystem_abuse,mule_laundering,high generated risk score raises risk;customer decline history raises risk;session velocity raises risk
txn_60190d5ccadc,0.942905179847038,1,0.942905,1,ml_only,0,,,,,,,,1,merchant_ecosystem_abuse,mule_laundering,customer decline history raises risk;session velocity raises risk;merchant chargeback behavior raises risk
txn_36669615f15d,0.9684077494104469,1,0.968408,1,ml_only,0,,,,,,,,1,merchant_ecosystem_abuse,mule_laundering,high generated risk score raises risk;customer decline history raises risk;session velocity raises risk
txn_4149d890bc26,0.970302440797367,1,0.970302,1,ml_only,0,,,,,,,,1,merchant_ecosystem_abuse,mule_laundering,high generated risk score raises risk;customer decline history raises risk;session velocity raises risk
txn_1d389a586955,0.949767681971778,1,0.949768,1,ml_only,0,,,,,,,,1,merchant_ecosystem_abuse,mule_laundering,customer decline history raises risk;session velocity raises risk;merchant chargeback behavior raises risk
txn_f3a36f882fbb,0.9862521859166444,1,0.986252,1,ml_only,0,,,,,,,,1,merchant_ecosystem_abuse,mule_laundering,high generated risk score raises risk;customer decline history raises risk;session velocity raises risk
txn_080fd039b316,0.949882715229611,1,0.949883,1,ml_only,0,,,,,,,,1,merchant_ecosystem_abuse,mule_laundering,customer decline history raises risk;session velocity raises risk;merchant chargeback behavior raises risk
txn_9722f441e279,0.9905496583467677,1,0.99055,1,ml_only,0,,,,,,,,1,merchant_ecosystem_abuse,marketplace_seller_fraud,customer decline history raises risk;session velocity raises risk;device history raises risk
txn_bde87bbd8282,0.9941217538902827,1,0.994122,1,ml_only,0,,,,,,,,1,merchant_ecosystem_abuse,marketplace_seller_fraud,customer decline history raises risk;high generated risk score raises risk;session velocity raises risk
txn_aa05bbcde788,0.9893162430612303,1,0.989316,1,ml_only,0,,,,,,,,1,merchant_ecosystem_abuse,marketplace_seller_fraud,customer decline history raises risk;session velocity raises risk;device history raises risk
txn_cfde536efcc0,0.9948344130212959,1,0.994834,1,ml_only,0,,,,,,,,1,merchant_ecosystem_abuse,marketplace_seller_fraud,customer decline history raises risk;IP velocity raises risk;session velocity raises risk
txn_2c3028f9fe8b,0.9964816730660577,1,0.996482,1,ml_only,0,,,,,,,,1,merchant_ecosystem_abuse,marketplace_seller_fraud,high generated risk score raises risk;customer decline history raises risk;IP velocity raises risk
txn_653a1a00f4c6,0.9947466706345903,1,0.994747,1,ml_only,0,,,,,,,,1,merchant_ecosystem_abuse,marketplace_seller_fraud,IP velocity raises risk;customer decline history raises risk;session velocity raises risk
txn_bce84c95e279,0.996555332398265,1,0.996555,1,ml_only,0,,,,,,,,1,merchant_ecosystem_abuse,marketplace_seller_fraud,high generated risk score raises risk;customer decline history raises risk;IP velocity raises risk
txn_7b6ab1081a37,0.9956825036285047,1,0.995683,1,ml_only,0,,,,,,,,1,merchant_ecosystem_abuse,marketplace_seller_fraud,IP velocity raises risk;customer decline history raises risk;session velocity raises risk
txn_af127d1fd851,0.9924182337720253,1,0.992418,1,ml_only,0,,,,,,,,1,merchant_ecosystem_abuse,marketplace_seller_fraud,IP velocity raises risk;customer decline history raises risk;session velocity raises risk
txn_32703e36a8f4,0.9957544359892458,1,0.995754,1,ml_only,0,,,,,,,,1,merchant_ecosystem_abuse,marketplace_seller_fraud,IP velocity raises risk;customer decline history raises risk;high generated risk score raises risk
txn_2204c25e906d,0.9929522351180688,1,0.992952,1,ml_only,0,,,,,,,,1,merchant_ecosystem_abuse,marketplace_seller_fraud,IP velocity raises risk;customer decline history raises risk;session velocity raises risk
txn_2a3e679e7042,0.9983489379709477,1,0.998349,1,ml_only,0,,,,,,,,1,merchant_ecosystem_abuse,marketplace_seller_fraud,IP velocity raises risk;customer decline history raises risk;high generated risk score raises risk
txn_2f6b24677463,0.9980096664463936,1,0.99801,1,ml_only,0,,,,,,,,1,merchant_ecosystem_abuse,marketplace_seller_fraud,IP velocity raises risk;customer decline history raises risk;session velocity raises risk
txn_9002bf550b90,0.9926590923696851,1,0.992659,1,ml_only,0,,,,,,,,1,merchant_ecosystem_abuse,marketplace_seller_fraud,IP velocity raises risk;customer decline history raises risk;session velocity raises risk
txn_b76fe517b973,0.9913215469356326,1,0.991322,1,ml_only,0,,,,,,,,1,merchant_ecosystem_abuse,marketplace_seller_fraud,IP velocity raises risk;customer decline history raises risk;session velocity raises risk
txn_1b0c1dc1502b,0.9958276464860322,1,0.995828,1,ml_only,0,,,,,,,,1,merchant_ecosystem_abuse,marketplace_seller_fraud,IP velocity raises risk;customer decline history raises risk;session velocity raises risk
txn_a1d2ddc52c55,0.9956932364228527,1,0.995693,1,ml_only,0,,,,,,,,1,merchant_ecosystem_abuse,marketplace_seller_fraud,IP velocity raises risk;customer decline history raises risk;session velocity raises risk
txn_7355b543574a,0.9952958108904676,1,0.995296,1,ml_only,0,,,,,,,,1,merchant_ecosystem_abuse,marketplace_seller_fraud,IP velocity raises risk;customer decline history raises risk;high generated risk score raises risk
txn_5b5297fa82b5,0.9956778427486517,1,0.995678,1,ml_only,0,,,,,,,,1,merchant_ecosystem_abuse,marketplace_seller_fraud,high generated risk score raises risk;customer decline history raises risk;IP velocity raises risk
txn_d49c950306f3,0.9929511709290527,1,0.992951,1,ml_only,0,,,,,,,,1,merchant_ecosystem_abuse,marketplace_seller_fraud,customer decline history raises risk;IP velocity raises risk;session velocity raises risk
txn_b57e45ad1731,0.9952888116530481,1,0.995289,1,ml_only,0,,,,,,,,1,merchant_ecosystem_abuse,marketplace_seller_fraud,high generated risk score raises risk;customer decline history raises risk;session velocity raises risk
txn_c97f57cd6359,0.9956173272805537,1,0.995617,1,ml_only,0,,,,,,,,1,merchant_ecosystem_abuse,marketplace_seller_fraud,customer decline history raises risk;session velocity raises risk;device history raises risk
txn_ebe0f5bbc775,0.9963972085559707,1,0.996397,1,ml_only,0,,,,,,,,1,merchant_ecosystem_abuse,marketplace_seller_fraud,high generated risk score raises risk;customer decline history raises risk;session velocity raises risk
txn_04947131e1fb,0.9943862786972482,1,0.994386,1,ml_only,0,,,,,,,,1,merchant_ecosystem_abuse,marketplace_seller_fraud,high generated risk score raises risk;customer decline history raises risk;session velocity raises risk
txn_710b6bcf164b,0.9948551628427245,1,0.994855,1,ml_only,0,,,,,,,,1,merchant_ecosystem_abuse,marketplace_seller_fraud,high generated risk score raises risk;customer decline history raises risk;session velocity raises risk
txn_6b5b0459a067,0.9947824358566016,1,0.994782,1,ml_only,0,,,,,,,,1,merchant_ecosystem_abuse,marketplace_seller_fraud,high generated risk score raises risk;customer decline history raises risk;session velocity raises risk
txn_5746e3428411,0.9958919074377794,1,0.995892,1,ml_only,0,,,,,,,,1,merchant_ecosystem_abuse,marketplace_seller_fraud,customer decline history raises risk;high generated risk score raises risk;session velocity raises risk
txn_b8acf292a5d0,0.9937355253526664,1,0.993736,1,ml_only,0,,,,,,,,1,merchant_ecosystem_abuse,marketplace_seller_fraud,high generated risk score raises risk;customer decline history raises risk;session velocity raises risk
txn_a1aa79f752db,0.9934109713929286,1,0.993411,1,ml_only,0,,,,,,,,1,merchant_ecosystem_abuse,marketplace_seller_fraud,customer decline history raises risk;session velocity raises risk;device history raises risk
txn_73378d4f6f39,0.9929825310798963,1,0.992983,1,ml_only,0,,,,,,,,1,merchant_ecosystem_abuse,marketplace_seller_fraud,customer decline history raises risk;high generated risk score raises risk;session velocity raises risk
txn_3af16288a5ca,0.988531540605659,1,0.988532,1,ml_only,0,,,,,,,,1,merchant_ecosystem_abuse,marketplace_seller_fraud,customer decline history raises risk;session velocity raises risk;device history raises risk
txn_1c60b5c6a2b4,0.989968412039068,1,0.989968,1,ml_only,0,,,,,,,,1,merchant_ecosystem_abuse,marketplace_seller_fraud,customer decline history raises risk;session velocity raises risk;device history raises risk
txn_df5af850c8ee,0.9910910735186582,1,0.991091,1,ml_only,0,,,,,,,,1,merchant_ecosystem_abuse,marketplace_seller_fraud,customer decline history raises risk;session velocity raises risk;device history raises risk
txn_5b82e36996b4,0.9914763105906423,1,0.991476,1,ml_only,0,,,,,,,,1,merchant_ecosystem_abuse,marketplace_seller_fraud,customer decline history raises risk;session velocity raises risk;device history raises risk
txn_ec73aefbc2bf,0.9882241894721092,1,0.988224,1,ml_only,0,,,,,,,,1,merchant_ecosystem_abuse,marketplace_seller_fraud,customer decline history raises risk;session velocity raises risk;device history raises risk
txn_0feeec494103,0.985903072358011,1,0.985903,1,ml_only,0,,,,,,,,1,merchant_ecosystem_abuse,marketplace_seller_fraud,customer decline history raises risk;session velocity raises risk;device history raises risk
txn_0b35ca567027,0.993486261154881,1,0.993486,1,ml_only,0,,,,,,,,1,merchant_ecosystem_abuse,marketplace_seller_fraud,high generated risk score raises risk;customer decline history raises risk;session velocity raises risk
txn_2d8374ba03ba,0.9895720117019209,1,0.989572,1,ml_only,0,,,,,,,,1,merchant_ecosystem_abuse,marketplace_seller_fraud,customer decline history raises risk;session velocity raises risk;device history raises risk
txn_c0f8aa3c1d37,0.9873533387974666,1,0.987353,1,ml_only,0,,,,,,,,1,merchant_ecosystem_abuse,marketplace_seller_fraud,customer decline history raises risk;session velocity raises risk;device history raises risk
txn_7eb4d9b74650,0.9812607410408444,1,0.981261,1,ml_only,0,,,,,,,,1,merchant_ecosystem_abuse,marketplace_seller_fraud,customer decline history raises risk;session velocity raises risk;device history raises risk
txn_78af45fcd263,0.9869857599590132,1,0.986986,1,ml_only,0,,,,,,,,1,merchant_ecosystem_abuse,marketplace_seller_fraud,customer decline history raises risk;session velocity raises risk;device history raises risk
txn_13e708c1fff7,0.9891601389311607,1,0.98916,1,ml_only,0,,,,,,,,1,merchant_ecosystem_abuse,marketplace_seller_fraud,customer decline history raises risk;session velocity raises risk;high generated risk score raises risk
txn_dc7525daaa48,0.9899569771306491,1,0.989957,1,ml_only,0,,,,,,,,1,merchant_ecosystem_abuse,marketplace_seller_fraud,customer decline history raises risk;session velocity raises risk;device history raises risk
txn_aa0d79e2bd5a,0.9894007172424656,1,0.989401,1,ml_only,0,,,,,,,,1,merchant_ecosystem_abuse,marketplace_seller_fraud,high generated risk score raises risk;customer decline history raises risk;session velocity raises risk
txn_b721792bae84,0.9906431097835028,1,0.990643,1,ml_only,0,,,,,,,,1,merchant_ecosystem_abuse,marketplace_seller_fraud,high generated risk score raises risk;customer decline history raises risk;session velocity raises risk
txn_0dd3e88ced62,0.9909999849649183,1,0.991,1,ml_only,0,,,,,,,,1,merchant_ecosystem_abuse,marketplace_seller_fraud,high generated risk score raises risk;customer decline history raises risk;session velocity raises risk
txn_0a4eec3b5653,0.9850778928239892,1,0.985078,1,ml_only,0,,,,,,,,1,merchant_ecosystem_abuse,marketplace_seller_fraud,customer decline history raises risk;session velocity raises risk;device history raises risk
txn_8df359eed710,0.9901192734707618,1,0.990119,1,ml_only,0,,,,,,,,1,merchant_ecosystem_abuse,marketplace_seller_fraud,customer decline history raises risk;high generated risk score raises risk;session velocity raises risk
txn_a97b3256621f,0.9840310518935111,1,0.984031,1,ml_only,0,,,,,,,,1,merchant_ecosystem_abuse,marketplace_seller_fraud,customer decline history raises risk;session velocity raises risk;device history raises risk
txn_15e3472ede30,0.9873703847530801,1,0.98737,1,ml_only,0,,,,,,,,1,merchant_ecosystem_abuse,marketplace_seller_fraud,customer decline history raises risk;session velocity raises risk;device history raises risk
txn_f74ceac34e76,0.9818894118519471,1,0.981889,1,ml_only,0,,,,,,,,1,merchant_ecosystem_abuse,marketplace_seller_fraud,customer decline history raises risk;session velocity raises risk;device history raises risk
txn_4f49a48a107b,0.9832099154499326,1,0.98321,1,ml_only,0,,,,,,,,1,merchant_ecosystem_abuse,marketplace_seller_fraud,customer decline history raises risk;session velocity raises risk;device history raises risk
txn_6949f664679d,0.992964314200604,1,0.992964,1,ml_only,0,,,,,,,,1,merchant_ecosystem_abuse,marketplace_seller_fraud,high generated risk score raises risk;customer decline history raises risk;session velocity raises risk
txn_c052a63c2bd0,0.9884134679303692,1,0.988413,1,ml_only,0,,,,,,,,1,merchant_ecosystem_abuse,marketplace_seller_fraud,customer decline history raises risk;high generated risk score raises risk;session velocity raises risk
txn_b4fedc5de7d0,0.9872517941524622,1,0.987252,1,ml_only,0,,,,,,,,1,merchant_ecosystem_abuse,marketplace_seller_fraud,customer decline history raises risk;session velocity raises risk;device history raises risk
txn_2f9dda612b79,0.9886120943636911,1,0.988612,1,ml_only,0,,,,,,,,1,merchant_ecosystem_abuse,marketplace_seller_fraud,customer decline history raises risk;session velocity raises risk;device history raises risk
txn_ac8bef947b5d,0.9966731904891323,1,0.996673,1,ml_only,0,,,,,,,,1,merchant_ecosystem_abuse,marketplace_seller_fraud,customer decline history raises risk;high generated risk score raises risk;session velocity raises risk
txn_b16d565ec5ce,0.9844236548349586,1,0.984424,1,ml_only,0,,,,,,,,1,merchant_ecosystem_abuse,marketplace_seller_fraud,customer decline history raises risk;session velocity raises risk;device history raises risk
txn_b551fecd924d,0.997497765197029,1,0.997498,1,ml_only,0,,,,,,,,1,merchant_ecosystem_abuse,marketplace_seller_fraud,high generated risk score raises risk;customer decline history raises risk;session velocity raises risk
txn_c3d3f59183dc,0.9913492786282286,1,0.991349,1,ml_only,0,,,,,,,,1,merchant_ecosystem_abuse,marketplace_seller_fraud,high generated risk score raises risk;customer decline history raises risk;session velocity raises risk
txn_eea8025fb8e6,0.9910810443366086,1,0.991081,1,ml_only,0,,,,,,,,1,merchant_ecosystem_abuse,marketplace_seller_fraud,customer decline history raises risk;high generated risk score raises risk;session velocity raises risk
txn_ac5b12ec4034,0.9865455071342948,1,0.986546,1,ml_only,0,,,,,,,,1,merchant_ecosystem_abuse,marketplace_seller_fraud,customer decline history raises risk;session velocity raises risk;device history raises risk
txn_90024b547867,0.9822750653755777,1,0.982275,1,ml_only,0,,,,,,,,1,merchant_ecosystem_abuse,marketplace_seller_fraud,customer decline history raises risk;session velocity raises risk;device history raises risk
txn_4db8e0a639fe,0.9947559083366943,1,0.994756,1,ml_only,0,,,,,,,,1,merchant_ecosystem_abuse,marketplace_seller_fraud,customer decline history raises risk;high generated risk score raises risk;session velocity raises risk
txn_7496766ab3d7,0.9891282982630948,1,0.989128,1,ml_only,0,,,,,,,,1,merchant_ecosystem_abuse,marketplace_seller_fraud,high generated risk score raises risk;customer decline history raises risk;session velocity raises risk
txn_0b3fd44ead32,0.9917348547374406,1,0.991735,1,ml_only,0,,,,,,,,1,merchant_ecosystem_abuse,marketplace_seller_fraud,customer decline history raises risk;high generated risk score raises risk;session velocity raises risk
txn_f8d9c442f6a6,0.983868229813041,1,0.983868,1,ml_only,0,,,,,,,,1,merchant_ecosystem_abuse,marketplace_seller_fraud,customer decline history raises risk;session velocity raises risk;device history raises risk
txn_85abd04c0f9b,0.9801637424147106,1,0.980164,1,ml_only,0,,,,,,,,1,merchant_ecosystem_abuse,marketplace_seller_fraud,customer decline history raises risk;session velocity raises risk;device history raises risk
txn_7936530bd93d,0.990873928157768,1,0.990874,1,ml_only,0,,,,,,,,1,merchant_ecosystem_abuse,marketplace_seller_fraud,high generated risk score raises risk;customer decline history raises risk;session velocity raises risk
txn_350d0fcc5751,0.9527474658770282,1,0.952747,1,ml_only,0,,,,,,,,1,merchant_ecosystem_abuse,marketplace_seller_fraud,customer decline history raises risk;device history raises risk;customer account age raises risk
txn_9b4339d956d6,0.9652124103248249,1,0.965212,1,ml_only,0,,,,,,,,1,merchant_ecosystem_abuse,marketplace_seller_fraud,customer decline history raises risk;high generated risk score raises risk;device history raises risk
txn_b0ece5fa3599,0.8724604082753472,1,0.87246,1,ml_only,0,,,,,,,,1,merchant_ecosystem_abuse,triangulation_fraud,session velocity raises risk;merchant chargeback behavior lowers risk;IP velocity raises risk
txn_38742312fd3a,0.8381557288779293,1,0.838156,1,ml_only,0,,,,,,,,1,merchant_ecosystem_abuse,triangulation_fraud,session velocity raises risk;merchant chargeback behavior lowers risk;IP velocity raises risk
txn_3a05004d7c0f,0.9054943456994673,1,0.905494,1,ml_only,0,,,,,,,,1,merchant_ecosystem_abuse,triangulation_fraud,IP velocity raises risk;session velocity raises risk;merchant chargeback behavior lowers risk
txn_52c5202ae3fe,0.896263066718377,1,0.896263,1,ml_only,0,,,,,,,,1,merchant_ecosystem_abuse,triangulation_fraud,IP velocity raises risk;session velocity raises risk;merchant chargeback behavior lowers risk
txn_e99153d67de1,0.9365285262866602,1,0.936529,1,ml_only,0,,,,,,,,1,merchant_ecosystem_abuse,triangulation_fraud,IP velocity raises risk;session velocity raises risk;merchant chargeback behavior lowers risk
txn_43ef7e338f1d,0.9589942409482651,1,0.958994,1,ml_only,0,,,,,,,,1,merchant_ecosystem_abuse,triangulation_fraud,high generated risk score raises risk;IP velocity raises risk;session velocity raises risk
txn_d9b5ba4970f5,0.9376852966669845,1,0.937685,1,ml_only,0,,,,,,,,1,merchant_ecosystem_abuse,triangulation_fraud,IP velocity raises risk;session velocity raises risk;merchant chargeback behavior lowers risk
txn_f4e3979a1db9,0.9373928546772757,1,0.937393,1,ml_only,0,,,,,,,,1,merchant_ecosystem_abuse,triangulation_fraud,IP velocity raises risk;session velocity raises risk;merchant chargeback behavior lowers risk
txn_8adc75bba6bd,0.9445885698502069,1,0.944589,1,ml_only,0,,,,,,,,1,merchant_ecosystem_abuse,triangulation_fraud,IP velocity raises risk;session velocity raises risk;merchant chargeback behavior lowers risk
txn_6ef8150a55ef,0.9624377890294429,1,0.962438,1,ml_only,0,,,,,,,,1,merchant_ecosystem_abuse,triangulation_fraud,high generated risk score raises risk;IP velocity raises risk;session velocity raises risk
txn_f64fde23a2c3,0.8839116244405513,1,0.883912,1,ml_only,0,,,,,,,,1,merchant_ecosystem_abuse,triangulation_fraud,IP velocity raises risk;session velocity raises risk;merchant chargeback behavior lowers risk
txn_8a09f80e7cd5,0.9349707902380496,1,0.934971,1,ml_only,0,,,,,,,,1,merchant_ecosystem_abuse,triangulation_fraud,IP velocity raises risk;session velocity raises risk;high generated risk score raises risk
txn_d4b294287e00,0.9531764708951951,1,0.953176,1,ml_only,0,,,,,,,,1,merchant_ecosystem_abuse,triangulation_fraud,high generated risk score raises risk;IP velocity raises risk;session velocity raises risk
txn_a5f25bb36dc8,0.9552463334824695,1,0.955246,1,ml_only,0,,,,,,,,1,merchant_ecosystem_abuse,triangulation_fraud,IP velocity raises risk;high generated risk score raises risk;session velocity raises risk
txn_5183e45c883a,0.9342066697461671,1,0.934207,1,ml_only,0,,,,,,,,1,merchant_ecosystem_abuse,triangulation_fraud,IP velocity raises risk;high generated risk score raises risk;session velocity raises risk
txn_7b2a3c9e779a,0.9098776974137941,1,0.909878,1,ml_only,0,,,,,,,,1,merchant_ecosystem_abuse,triangulation_fraud,IP velocity raises risk;session velocity raises risk;merchant chargeback behavior lowers risk
txn_9dc3390bb153,0.8624730480643956,1,0.862473,1,ml_only,0,,,,,,,,1,merchant_ecosystem_abuse,triangulation_fraud,IP velocity raises risk;session velocity raises risk;merchant chargeback behavior lowers risk
txn_44a14d06c6f7,0.9325800535478217,1,0.93258,1,ml_only,0,,,,,,,,1,merchant_ecosystem_abuse,triangulation_fraud,high generated risk score raises risk;IP velocity raises risk;session velocity raises risk
txn_4bb849db517c,0.906520814457144,1,0.906521,1,ml_only,0,,,,,,,,1,merchant_ecosystem_abuse,triangulation_fraud,IP velocity raises risk;session velocity raises risk;merchant chargeback behavior lowers risk
txn_7a2686a1313b,0.9426041955969853,1,0.942604,1,ml_only,0,,,,,,,,1,merchant_ecosystem_abuse,triangulation_fraud,high generated risk score raises risk;session velocity raises risk;merchant chargeback behavior lowers risk
txn_4da2e4513488,0.8809040763192512,1,0.880904,1,ml_only,0,,,,,,,,1,merchant_ecosystem_abuse,triangulation_fraud,session velocity raises risk;merchant chargeback behavior lowers risk;IP velocity raises risk
txn_422676f51442,0.9220849337998427,1,0.922085,1,ml_only,0,,,,,,,,1,merchant_ecosystem_abuse,triangulation_fraud,high generated risk score raises risk;session velocity raises risk;merchant chargeback behavior lowers risk
txn_f1c8ad73308e,0.9036750153127834,1,0.903675,1,ml_only,0,,,,,,,,1,merchant_ecosystem_abuse,triangulation_fraud,session velocity raises risk;merchant chargeback behavior lowers risk;IP velocity raises risk
txn_bb516f11dbcf,0.867614097880374,1,0.867614,1,ml_only,0,,,,,,,,1,merchant_ecosystem_abuse,triangulation_fraud,session velocity raises risk;merchant chargeback behavior lowers risk;IP velocity raises risk
txn_19f2ad5e1778,0.9118242028881871,1,0.911824,1,ml_only,0,,,,,,,,1,merchant_ecosystem_abuse,triangulation_fraud,session velocity raises risk;merchant chargeback behavior lowers risk;IP velocity raises risk
txn_af888ebb312a,0.8718592157459963,1,0.871859,1,ml_only,0,,,,,,,,1,merchant_ecosystem_abuse,triangulation_fraud,session velocity raises risk;merchant chargeback behavior lowers risk;merchant refund behavior raises risk
txn_18e6077781f8,0.8816953373586525,1,0.881695,1,ml_only,0,,,,,,,,1,merchant_ecosystem_abuse,triangulation_fraud,session velocity raises risk;merchant chargeback behavior lowers risk;high generated risk score raises risk
txn_aa95b1e9539b,0.925302011068247,1,0.925302,1,ml_only,0,,,,,,,,1,merchant_ecosystem_abuse,triangulation_fraud,high generated risk score raises risk;session velocity raises risk;merchant chargeback behavior lowers risk
txn_81cd1581f918,0.8125960737021038,1,0.812596,1,ml_only,0,,,,,,,,1,merchant_ecosystem_abuse,triangulation_fraud,session velocity raises risk;merchant chargeback behavior lowers risk;merchant refund behavior raises risk
txn_ed7a0bacae48,0.8259611293765843,1,0.825961,1,ml_only,0,,,,,,,,1,merchant_ecosystem_abuse,triangulation_fraud,session velocity raises risk;merchant chargeback behavior lowers risk;merchant refund behavior raises risk
txn_e49c5377346f,0.8705513701146776,1,0.870551,1,ml_only,0,,,,,,,,1,merchant_ecosystem_abuse,triangulation_fraud,high generated risk score raises risk;session velocity raises risk;merchant chargeback behavior lowers risk
txn_302a913a236f,0.9190359942232681,1,0.919036,1,ml_only,0,,,,,,,,1,merchant_ecosystem_abuse,triangulation_fraud,high generated risk score raises risk;session velocity raises risk;merchant chargeback behavior lowers risk
txn_ddeb89350cce,0.8874930940010515,1,0.887493,1,ml_only,0,,,,,,,,1,merchant_ecosystem_abuse,triangulation_fraud,high generated risk score raises risk;session velocity raises risk;merchant chargeback behavior lowers risk
txn_4e2cb117bf6d,0.8923133188567327,1,0.892313,1,ml_only,0,,,,,,,,1,merchant_ecosystem_abuse,triangulation_fraud,session velocity raises risk;merchant chargeback behavior lowers risk;high generated risk score raises risk
txn_a6ae6b48ddf1,0.8280644152080328,1,0.828064,1,ml_only,0,,,,,,,,1,merchant_ecosystem_abuse,triangulation_fraud,session velocity raises risk;merchant chargeback behavior lowers risk;merchant refund behavior raises risk
txn_0c56d2a8b07b,0.8015643019234545,1,0.801564,1,ml_only,0,,,,,,,,1,merchant_ecosystem_abuse,triangulation_fraud,session velocity raises risk;merchant chargeback behavior lowers risk;merchant refund behavior raises risk
txn_67f89fe818c0,0.8290169889568556,1,0.829017,1,ml_only,0,,,,,,,,1,merchant_ecosystem_abuse,triangulation_fraud,session velocity raises risk;merchant chargeback behavior lowers risk;merchant refund behavior raises risk
txn_9230548e39d2,0.9251914393059987,1,0.925191,1,ml_only,0,,,,,,,,1,merchant_ecosystem_abuse,triangulation_fraud,high generated risk score raises risk;session velocity raises risk;merchant chargeback behavior lowers risk
txn_5e36be3d3738,0.8586012032072167,1,0.858601,1,ml_only,0,,,,,,,,1,merchant_ecosystem_abuse,triangulation_fraud,session velocity raises risk;merchant chargeback behavior lowers risk;merchant refund behavior raises risk
txn_7d58beb4adbb,0.7899715313470052,1,0.789972,1,ml_only,0,,,,,,,,1,merchant_ecosystem_abuse,triangulation_fraud,high generated risk score raises risk;merchant chargeback behavior lowers risk;merchant refund behavior raises risk
txn_5f89e9fde754,0.6563915652965542,1,0.656392,1,ml_only,0,,,,,,,,1,merchant_ecosystem_abuse,triangulation_fraud,merchant chargeback behavior lowers risk;merchant refund behavior raises risk;session velocity lowers risk
txn_86c25e37bff1,0.9963220167305068,1,0.996322,1,ml_only,0,,,,,,,,1,post_transaction_abuse,alternative_refund_abuse,merchant refund behavior raises risk;customer decline history raises risk;session velocity raises risk
txn_5d9ec2c0ce64,0.9974484135625001,1,0.997448,1,ml_only,0,,,,,,,,1,post_transaction_abuse,alternative_refund_abuse,merchant refund behavior raises risk;high generated risk score raises risk;customer decline history raises risk
txn_7e4d6a1609da,0.997703666171031,1,0.997704,1,ml_only,0,,,,,,,,1,post_transaction_abuse,alternative_refund_abuse,merchant refund behavior raises risk;IP velocity raises risk;high generated risk score raises risk
txn_2fcaab26803a,0.9969034026890223,1,0.996903,1,ml_only,0,,,,,,,,1,post_transaction_abuse,alternative_refund_abuse,merchant refund behavior raises risk;IP velocity raises risk;customer decline history raises risk
txn_4d0529347e08,0.9973849631559567,1,0.997385,1,ml_only,0,,,,,,,,1,post_transaction_abuse,alternative_refund_abuse,merchant refund behavior raises risk;IP velocity raises risk;customer decline history raises risk
txn_5894bd53991c,0.9979348149645952,1,0.997935,1,ml_only,0,,,,,,,,1,post_transaction_abuse,alternative_refund_abuse,merchant refund behavior raises risk;IP velocity raises risk;customer decline history raises risk
txn_8ab9238cb468,0.9983929958997423,1,0.998393,1,ml_only,0,,,,,,,,1,post_transaction_abuse,alternative_refund_abuse,merchant refund behavior raises risk;IP velocity raises risk;customer decline history raises risk
txn_324cbeae2da9,0.9985478755577326,1,0.998548,1,ml_only,0,,,,,,,,1,post_transaction_abuse,alternative_refund_abuse,merchant refund behavior raises risk;IP velocity raises risk;customer decline history raises risk
txn_fd278a75fc60,0.9973712087574151,1,0.997371,1,ml_only,0,,,,,,,,1,post_transaction_abuse,alternative_refund_abuse,merchant refund behavior raises risk;IP velocity raises risk;customer decline history raises risk
txn_0a5d65e3b956,0.9948722068032287,1,0.994872,1,ml_only,0,,,,,,,,1,post_transaction_abuse,chargeback_fraud,merchant refund behavior raises risk;IP reputation raises risk;IP velocity raises risk
txn_6b833a589fac,0.9954138061300883,1,0.995414,1,ml_only,0,,,,,,,,1,post_transaction_abuse,chargeback_fraud,merchant refund behavior raises risk;IP velocity raises risk;IP reputation raises risk
txn_f13ee6b76616,0.9955604937104846,1,0.99556,1,ml_only,0,,,,,,,,1,post_transaction_abuse,chargeback_fraud,merchant refund behavior raises risk;IP velocity raises risk;IP reputation raises risk
txn_7c92b1d1bbc8,0.9951602014791332,1,0.99516,1,ml_only,0,,,,,,,,1,post_transaction_abuse,chargeback_fraud,merchant refund behavior raises risk;IP velocity raises risk;IP reputation raises risk
txn_f02dd578beba,0.9946697281761055,1,0.99467,1,ml_only,0,,,,,,,,1,post_transaction_abuse,chargeback_fraud,merchant refund behavior raises risk;IP velocity raises risk;IP reputation raises risk
txn_3c27ce799be7,0.9956561976083982,1,0.995656,1,ml_only,0,,,,,,,,1,post_transaction_abuse,chargeback_fraud,merchant refund behavior raises risk;IP velocity raises risk;IP reputation raises risk
txn_0e078a0be3e5,0.9935988772709595,1,0.993599,1,ml_only,0,,,,,,,,1,post_transaction_abuse,chargeback_fraud,merchant refund behavior raises risk;IP velocity raises risk;IP reputation raises risk
txn_abe517cc1749,0.9957951134540808,1,0.995795,1,ml_only,0,,,,,,,,1,post_transaction_abuse,chargeback_fraud,merchant refund behavior raises risk;IP velocity raises risk;IP reputation raises risk
txn_755ef8305814,0.9970444583358413,1,0.997044,1,ml_only,0,,,,,,,,1,post_transaction_abuse,chargeback_fraud,merchant refund behavior raises risk;IP velocity raises risk;IP reputation raises risk
txn_ed239e768aa4,0.9819159073260697,1,0.981916,1,ml_only,0,,,,,,,,1,post_transaction_abuse,chargeback_fraud,session velocity lowers risk;merchant refund behavior raises risk;IP velocity raises risk
txn_ed99220c1f3e,0.9881197945237498,1,0.98812,1,ml_only,0,,,,,,,,1,post_transaction_abuse,non_delivery_claim,high generated risk score raises risk;IP velocity raises risk;session velocity raises risk
txn_a8286b22b8e9,0.9762536036197885,1,0.976254,1,ml_only,0,,,,,,,,1,post_transaction_abuse,non_delivery_claim,IP velocity raises risk;session velocity raises risk;device history raises risk
txn_9f0479d9296b,0.9890427606794435,1,0.989043,1,ml_only,0,,,,,,,,1,post_transaction_abuse,non_delivery_claim,high generated risk score raises risk;IP velocity raises risk;session velocity raises risk
txn_405dada2f35a,0.9871894585256318,1,0.987189,1,ml_only,0,,,,,,,,1,post_transaction_abuse,non_delivery_claim,IP velocity raises risk;session velocity raises risk;device history raises risk
txn_631cd3d52c16,0.9867334475017997,1,0.986733,1,ml_only,0,,,,,,,,1,post_transaction_abuse,non_delivery_claim,IP velocity raises risk;session velocity raises risk;high generated risk score raises risk
txn_071c733e1406,0.9884467019333365,1,0.988447,1,ml_only,0,,,,,,,,1,post_transaction_abuse,non_delivery_claim,IP velocity raises risk;session velocity raises risk;device history raises risk
txn_c18e3e7fb9a0,0.9957010960451476,1,0.995701,1,ml_only,0,,,,,,,,1,post_transaction_abuse,non_delivery_claim,IP velocity raises risk;high generated risk score raises risk;session velocity raises risk
txn_1e4d75e13bcb,0.9922544229632024,1,0.992254,1,ml_only,0,,,,,,,,1,post_transaction_abuse,non_delivery_claim,high generated risk score raises risk;IP velocity raises risk;session velocity raises risk
txn_2877c56d9f21,0.9952003649222394,1,0.9952,1,ml_only,0,,,,,,,,1,post_transaction_abuse,non_delivery_claim,high generated risk score raises risk;IP velocity raises risk;session velocity raises risk
txn_8d6bf71ab411,0.982990388226505,1,0.98299,1,ml_only,0,,,,,,,,1,post_transaction_abuse,non_delivery_claim,IP velocity raises risk;session velocity raises risk;device history raises risk
txn_00339f8fe4a9,0.989547825535629,1,0.989548,1,ml_only,0,,,,,,,,1,post_transaction_abuse,non_delivery_claim,IP velocity raises risk;session velocity raises risk;device history raises risk
txn_b06dc1aa9201,0.9961430887397903,1,0.996143,1,ml_only,0,,,,,,,,1,post_transaction_abuse,non_delivery_claim,IP velocity raises risk;session velocity raises risk;device history raises risk
txn_13b55a30596f,0.9814863220691284,1,0.981486,1,ml_only,0,,,,,,,,1,post_transaction_abuse,non_delivery_claim,IP velocity raises risk;session velocity raises risk;device history raises risk
txn_ab4fe8c733c7,0.993243670794076,1,0.993244,1,ml_only,0,,,,,,,,1,post_transaction_abuse,non_delivery_claim,IP velocity raises risk;high generated risk score raises risk;session velocity raises risk
txn_b37e7bb84ad7,0.9814989772026735,1,0.981499,1,ml_only,0,,,,,,,,1,post_transaction_abuse,non_delivery_claim,IP velocity raises risk;session velocity raises risk;device history raises risk
txn_68752d597e1f,0.9124775644151446,1,0.912478,1,ml_only,0,,,,,,,,1,post_transaction_abuse,non_delivery_claim,session velocity lowers risk;high generated risk score raises risk;IP velocity raises risk
txn_c5f7dcf10bfa,0.9976167513902319,1,0.997617,1,ml_only,0,,,,,,,,1,post_transaction_abuse,refund_fraud,IP velocity raises risk;customer decline history raises risk;session velocity raises risk
txn_eb5b20d63d7d,0.9978853821487423,1,0.997885,1,ml_only,0,,,,,,,,1,post_transaction_abuse,refund_fraud,high generated risk score raises risk;customer decline history raises risk;IP velocity raises risk
txn_f57076f7b1e9,0.9944526458502434,1,0.994453,1,ml_only,0,,,,,,,,1,post_transaction_abuse,refund_fraud,IP velocity raises risk;customer decline history raises risk;session velocity raises risk
txn_86dab5f454d9,0.999330165253747,1,0.99933,1,ml_only,0,,,,,,,,1,post_transaction_abuse,refund_fraud,high generated risk score raises risk;IP velocity raises risk;customer decline history raises risk
txn_8db52f672285,0.9971841243454781,1,0.997184,1,ml_only,0,,,,,,,,1,post_transaction_abuse,refund_fraud,IP velocity raises risk;customer decline history raises risk;session velocity raises risk
txn_51f1c72de09c,0.9973026820643635,1,0.997303,1,ml_only,0,,,,,,,,1,post_transaction_abuse,refund_fraud,IP velocity raises risk;customer decline history raises risk;session velocity raises risk
txn_e4a2956318dc,0.9990674137100006,1,0.999067,1,ml_only,0,,,,,,,,1,post_transaction_abuse,refund_fraud,high generated risk score raises risk;IP velocity raises risk;customer decline history raises risk
txn_73e0893bd7c1,0.9976442180295472,1,0.997644,1,ml_only,0,,,,,,,,1,post_transaction_abuse,refund_fraud,IP velocity raises risk;customer decline history raises risk;session velocity raises risk
txn_65b28c00a8f9,0.9976751689581087,1,0.997675,1,ml_only,0,,,,,,,,1,post_transaction_abuse,refund_fraud,IP velocity raises risk;customer decline history raises risk;session velocity raises risk
txn_69daa5f2d016,0.9886381663741568,1,0.988638,1,ml_only,0,,,,,,,,1,post_transaction_abuse,refund_fraud,IP velocity raises risk;customer decline history raises risk;IP reputation raises risk
txn_398a02833240,0.992129392912695,1,0.992129,1,ml_only,0,,,,,,,,1,post_transaction_abuse,refund_fraud,IP velocity raises risk;customer decline history raises risk;IP reputation raises risk
txn_8e53d9278817,0.9884012293163005,1,0.988401,1,ml_only,0,,,,,,,,1,post_transaction_abuse,return_policy_abuse,merchant refund behavior raises risk;IP velocity raises risk;session velocity raises risk
txn_942d00f1156e,0.9951290474432397,1,0.995129,1,ml_only,0,,,,,,,,1,post_transaction_abuse,return_policy_abuse,merchant refund behavior raises risk;high generated risk score raises risk;IP velocity raises risk
txn_07b88c42995b,0.9838495733329913,1,0.98385,1,ml_only,0,,,,,,,,1,post_transaction_abuse,return_policy_abuse,merchant refund behavior raises risk;IP velocity raises risk;session velocity raises risk
txn_6f58ebeae2a1,0.9862027245531655,1,0.986203,1,ml_only,0,,,,,,,,1,post_transaction_abuse,return_policy_abuse,merchant refund behavior raises risk;IP velocity raises risk;session velocity raises risk
txn_7a9294fd7b05,0.9829853753134233,1,0.982985,1,ml_only,0,,,,,,,,1,post_transaction_abuse,return_policy_abuse,merchant refund behavior raises risk;IP velocity raises risk;session velocity raises risk
txn_4cbf5649ca34,0.9949535031018932,1,0.994954,1,ml_only,0,,,,,,,,1,post_transaction_abuse,return_policy_abuse,merchant refund behavior raises risk;high generated risk score raises risk;IP velocity raises risk
txn_88770af98e0c,0.9946198897706203,1,0.99462,1,ml_only,0,,,,,,,,1,post_transaction_abuse,return_policy_abuse,merchant refund behavior raises risk;IP velocity raises risk;high generated risk score raises risk
txn_c477b9d65e63,0.990292302127172,1,0.990292,1,ml_only,0,,,,,,,,1,post_transaction_abuse,return_policy_abuse,merchant refund behavior raises risk;IP velocity raises risk;session velocity raises risk
txn_de1dbeded6bd,0.9936554419249067,1,0.993655,1,ml_only,0,,,,,,,,1,post_transaction_abuse,return_policy_abuse,merchant refund behavior raises risk;high generated risk score raises risk;IP velocity raises risk
txn_985ce798d10c,0.9852882335088163,1,0.985288,1,ml_only,0,,,,,,,,1,post_transaction_abuse,return_policy_abuse,merchant refund behavior raises risk;IP velocity raises risk;session velocity raises risk
txn_fc230ec45fad,0.9928127495342853,1,0.992813,1,ml_only,0,,,,,,,,1,post_transaction_abuse,return_policy_abuse,merchant refund behavior raises risk;IP velocity raises risk;session velocity raises risk
txn_71da449119ca,0.9933708279826434,1,0.993371,1,ml_only,0,,,,,,,,1,post_transaction_abuse,return_policy_abuse,merchant refund behavior raises risk;IP velocity raises risk;high generated risk score raises risk
txn_3ed048f3b7ae,0.9895056934670324,1,0.989506,1,ml_only,0,,,,,,,,1,post_transaction_abuse,return_policy_abuse,merchant refund behavior raises risk;IP velocity raises risk;high generated risk score raises risk
txn_e8e15014ff39,0.9914308846765945,1,0.991431,1,ml_only,0,,,,,,,,1,post_transaction_abuse,return_policy_abuse,merchant refund behavior raises risk;high generated risk score raises risk;IP velocity raises risk
txn_bb6474931f34,0.98674554094604,1,0.986746,1,ml_only,0,,,,,,,,1,post_transaction_abuse,return_policy_abuse,merchant refund behavior raises risk;session velocity raises risk;high generated risk score raises risk
txn_788bc774e926,0.9838134543728475,1,0.983813,1,ml_only,0,,,,,,,,1,post_transaction_abuse,return_policy_abuse,merchant refund behavior raises risk;session velocity raises risk;IP velocity raises risk
txn_33ec359a3f82,0.9896445739213868,1,0.989645,1,ml_only,0,,,,,,,,1,post_transaction_abuse,return_policy_abuse,merchant refund behavior raises risk;high generated risk score raises risk;session velocity raises risk
txn_d1eb5d8e7d34,0.9856819958591736,1,0.985682,1,ml_only,0,,,,,,,,1,post_transaction_abuse,return_policy_abuse,merchant refund behavior raises risk;session velocity raises risk;IP velocity raises risk
txn_d5924f6ce235,0.9876024310054567,1,0.987602,1,ml_only,0,,,,,,,,1,post_transaction_abuse,return_policy_abuse,merchant refund behavior raises risk;session velocity raises risk;customer account age raises risk
txn_d91b87234f96,0.9880973201830096,1,0.988097,1,ml_only,0,,,,,,,,1,post_transaction_abuse,return_policy_abuse,merchant refund behavior raises risk;session velocity raises risk;customer account age raises risk
txn_14cac801add9,0.9858223413861936,1,0.985822,1,ml_only,0,,,,,,,,1,post_transaction_abuse,return_policy_abuse,merchant refund behavior raises risk;session velocity raises risk;customer account age raises risk
txn_9f8359313748,0.8254626283263125,1,0.825463,1,ml_only,0,,,,,,,,1,social_engineering_payment_fraud,ai_impersonation,IP velocity raises risk;session velocity raises risk;customer decline history lowers risk
txn_80c50628e3ad,0.83110534786126,1,0.831105,1,ml_only,0,,,,,,,,1,social_engineering_payment_fraud,ai_impersonation,IP velocity raises risk;session velocity raises risk;customer decline history lowers risk
txn_58b332f82dc4,0.8728973709127323,1,0.872897,1,ml_only,0,,,,,,,,1,social_engineering_payment_fraud,ai_impersonation,IP velocity raises risk;session velocity raises risk;customer decline history lowers risk
txn_e15cc02fb794,0.9325442800539397,1,0.932544,1,ml_only,0,,,,,,,,1,social_engineering_payment_fraud,ai_impersonation,IP velocity raises risk;high generated risk score raises risk;session velocity raises risk
txn_d832b2334ba8,0.8686167056846631,1,0.868617,1,ml_only,0,,,,,,,,1,social_engineering_payment_fraud,ai_impersonation,IP velocity raises risk;session velocity raises risk;customer decline history lowers risk
txn_c551834061fa,0.9376981709806278,1,0.937698,1,ml_only,0,,,,,,,,1,social_engineering_payment_fraud,ai_impersonation,IP velocity raises risk;high generated risk score raises risk;session velocity raises risk
txn_a89dc4984c94,0.9943598737175211,1,0.99436,1,ml_only,0,,,,,,,,1,social_engineering_payment_fraud,authorized_push_payment_scam,IP velocity raises risk;merchant refund behavior raises risk;IP reputation raises risk
txn_e75b31e0ab73,0.9933327828589866,1,0.993333,1,ml_only,0,,,,,,,,1,social_engineering_payment_fraud,authorized_push_payment_scam,IP velocity raises risk;merchant refund behavior raises risk;IP reputation raises risk
txn_fac58334c15f,0.9912069683128537,1,0.991207,1,ml_only,0,,,,,,,,1,social_engineering_payment_fraud,authorized_push_payment_scam,IP velocity raises risk;merchant refund behavior raises risk;IP reputation raises risk
txn_27eafd08f31c,0.9947506948638317,1,0.994751,1,ml_only,0,,,,,,,,1,social_engineering_payment_fraud,authorized_push_payment_scam,IP velocity raises risk;merchant refund behavior raises risk;IP reputation raises risk
txn_f149af4fd5fd,0.9969421976783549,1,0.996942,1,ml_only,0,,,,,,,,1,social_engineering_payment_fraud,authorized_push_payment_scam,IP velocity raises risk;high generated risk score raises risk;merchant refund behavior raises risk
txn_677b2eb50eb5,0.99705184045977,1,0.997052,1,ml_only,0,,,,,,,,1,social_engineering_payment_fraud,authorized_push_payment_scam,high generated risk score raises risk;IP velocity raises risk;merchant refund behavior raises risk
txn_ea8a1ea7bbb4,0.9965400847737836,1,0.99654,1,ml_only,0,,,,,,,,1,social_engineering_payment_fraud,authorized_push_payment_scam,IP velocity raises risk;high generated risk score raises risk;merchant refund behavior raises risk
txn_e452fcbf5851,0.9924123151066865,1,0.992412,1,ml_only,0,,,,,,,,1,social_engineering_payment_fraud,authorized_push_payment_scam,IP velocity raises risk;merchant refund behavior raises risk;IP reputation raises risk
txn_4f22ab59c398,0.9962456828839814,1,0.996246,1,ml_only,0,,,,,,,,1,social_engineering_payment_fraud,authorized_push_payment_scam,IP velocity raises risk;merchant refund behavior raises risk;IP reputation raises risk
txn_8934083b69e4,0.966478688240255,1,0.966479,1,ml_only,0,,,,,,,,1,social_engineering_payment_fraud,business_email_compromise,IP velocity raises risk;unusual amount raises risk;session velocity raises risk
txn_56d3af73fb58,0.9758576881579607,1,0.975858,1,ml_only,0,,,,,,,,1,social_engineering_payment_fraud,business_email_compromise,IP velocity raises risk;session velocity raises risk;high generated risk score raises risk
txn_e2b405637cf8,0.9864650300396597,1,0.986465,1,ml_only,0,,,,,,,,1,social_engineering_payment_fraud,business_email_compromise,unusual amount raises risk;IP velocity raises risk;session velocity raises risk
txn_05f24770e359,0.9920326177248254,1,0.992033,1,ml_only,0,,,,,,,,1,social_engineering_payment_fraud,business_email_compromise,unusual amount raises risk;IP velocity raises risk;high generated risk score raises risk
txn_7f4cf57ab41f,0.9692633225471917,1,0.969263,1,ml_only,0,,,,,,,,1,social_engineering_payment_fraud,business_email_compromise,IP velocity raises risk;session velocity raises risk;customer decline history raises risk
txn_6a983f363ed1,0.9941307916992785,1,0.994131,1,ml_only,0,,,,,,,,1,social_engineering_payment_fraud,business_email_compromise,unusual amount raises risk;high generated risk score raises risk;IP velocity raises risk
txn_8fdb524241e0,0.9702340720924634,1,0.970234,1,ml_only,0,,,,,,,,1,social_engineering_payment_fraud,business_email_compromise,IP velocity raises risk;unusual amount raises risk;session velocity raises risk
txn_2726526371ea,0.9482285184190619,1,0.948229,1,ml_only,0,,,,,,,,1,social_engineering_payment_fraud,business_email_compromise,IP velocity raises risk;session velocity raises risk;customer decline history raises risk
txn_695c6fb4c160,0.9958893618167849,1,0.995889,1,ml_only,0,,,,,,,,1,social_engineering_payment_fraud,business_email_compromise,unusual amount raises risk;IP velocity raises risk;high generated risk score raises risk
txn_68f6d07f4c51,0.9939084408345504,1,0.993908,1,ml_only,0,,,,,,,,1,social_engineering_payment_fraud,executive_impersonation,high generated risk score raises risk;IP velocity raises risk;IP reputation raises risk
txn_fcaae8cd0c46,0.9882383946742539,1,0.988238,1,ml_only,0,,,,,,,,1,social_engineering_payment_fraud,executive_impersonation,IP velocity raises risk;high generated risk score raises risk;IP reputation raises risk
txn_2eda3c051a2c,0.9925661037553056,1,0.992566,1,ml_only,0,,,,,,,,1,social_engineering_payment_fraud,executive_impersonation,unusual amount raises risk;IP velocity raises risk;IP reputation raises risk
txn_67f53723ab08,0.9879164225052718,1,0.987916,1,ml_only,0,,,,,,,,1,social_engineering_payment_fraud,executive_impersonation,session velocity lowers risk;unusual amount raises risk;IP velocity raises risk
txn_2b9f2eacf810,0.9900946720312696,1,0.990095,1,ml_only,0,,,,,,,,1,social_engineering_payment_fraud,vendor_rerouting,unusual amount raises risk;IP velocity raises risk;merchant refund behavior raises risk
txn_b846a31ecaa3,0.979510547833234,1,0.979511,1,ml_only,0,,,,,,,,1,social_engineering_payment_fraud,vendor_rerouting,IP velocity raises risk;merchant refund behavior raises risk;high generated risk score raises risk
txn_caae463f29bf,0.9753543582776241,1,0.975354,1,ml_only,0,,,,,,,,1,social_engineering_payment_fraud,vendor_rerouting,unusual amount raises risk;IP velocity raises risk;merchant refund behavior raises risk
txn_1b1e48b23cef,0.9831412141585965,1,0.983141,1,ml_only,0,,,,,,,,1,social_engineering_payment_fraud,vendor_rerouting,IP velocity raises risk;merchant refund behavior raises risk;customer decline history raises risk
txn_476c53b92164,0.9582389889206661,1,0.958239,1,ml_only,0,,,,,,,,1,social_engineering_payment_fraud,vendor_rerouting,IP velocity raises risk;merchant refund behavior raises risk;customer decline history raises risk
txn_07ee79da9f78,0.9826994817549317,1,0.982699,1,ml_only,0,,,,,,,,1,social_engineering_payment_fraud,vendor_rerouting,unusual amount raises risk;IP velocity raises risk;merchant refund behavior raises risk
txn_fd1deec424ba,0.8422145551056178,1,0.842215,1,ml_only,0,,,,,,,,1,social_engineering_payment_fraud,vendor_rerouting,session velocity lowers risk;IP velocity raises risk;merchant refund behavior raises risk
txn_b02d915e77cd,0.9900557482433534,1,0.990056,1,ml_only,0,,,,,,,,1,merchant_ecosystem_abuse,triangulation_fraud,IP velocity raises risk;failed login activity raises risk;customer decline history raises risk
txn_4b178a42965a,0.9889701797881749,1,0.98897,1,ml_only,0,,,,,,,,1,merchant_ecosystem_abuse,triangulation_fraud,failed login activity raises risk;IP velocity raises risk;customer decline history raises risk
txn_3a7d56520fae,0.9956299354720307,1,0.99563,1,ml_only,0,,,,,,,,1,merchant_ecosystem_abuse,triangulation_fraud,failed login activity raises risk;IP velocity raises risk;high generated risk score raises risk
txn_bc3cf0bdf439,0.9904399887858034,1,0.99044,1,ml_only,0,,,,,,,,1,merchant_ecosystem_abuse,triangulation_fraud,IP velocity raises risk;failed login activity raises risk;customer decline history raises risk
txn_4bca0eec7aef,0.9738580370518268,1,0.973858,1,ml_only,0,,,,,,,,1,merchant_ecosystem_abuse,triangulation_fraud,IP velocity raises risk;failed login activity raises risk;customer decline history raises risk
txn_2f9cd0f6bece,0.9913351588718399,1,0.991335,1,ml_only,0,,,,,,,,1,merchant_ecosystem_abuse,triangulation_fraud,high generated risk score raises risk;failed login activity raises risk;IP velocity raises risk
txn_675cf5fa26d9,0.9876058670707863,1,0.987606,1,ml_only,0,,,,,,,,1,merchant_ecosystem_abuse,triangulation_fraud,failed login activity raises risk;customer decline history raises risk;high generated risk score raises risk
txn_9a4407b65c63,0.9823214007711314,1,0.982321,1,ml_only,0,,,,,,,,1,merchant_ecosystem_abuse,triangulation_fraud,failed login activity raises risk;customer decline history raises risk;IP velocity raises risk
txn_fa33f2706d17,0.9902562533012663,1,0.990256,1,ml_only,0,,,,,,,,1,merchant_ecosystem_abuse,triangulation_fraud,high generated risk score raises risk;failed login activity raises risk;customer decline history raises risk
txn_17a6c5cb2f29,0.9912187824391214,1,0.991219,1,ml_only,0,,,,,,,,1,merchant_ecosystem_abuse,triangulation_fraud,high generated risk score raises risk;failed login activity raises risk;customer decline history raises risk
txn_6393863e0a65,0.9937258726861928,1,0.993726,1,ml_only,0,,,,,,,,1,merchant_ecosystem_abuse,triangulation_fraud,high generated risk score raises risk;failed login activity raises risk;customer decline history raises risk
txn_1a8c40fd3ff9,0.9860990703172741,1,0.986099,1,ml_only,0,,,,,,,,1,merchant_ecosystem_abuse,triangulation_fraud,failed login activity raises risk;customer decline history raises risk;high generated risk score raises risk
txn_605f91efead1,0.9763338808039739,1,0.976334,1,ml_only,0,,,,,,,,1,merchant_ecosystem_abuse,triangulation_fraud,failed login activity raises risk;customer decline history raises risk;session velocity raises risk
txn_3afa9b9da593,0.9581219534009084,1,0.958122,1,ml_only,0,,,,,,,,1,merchant_ecosystem_abuse,triangulation_fraud,failed login activity raises risk;customer decline history raises risk;session velocity raises risk
txn_9689ae11a62d,0.9865912901702123,1,0.986591,1,ml_only,0,,,,,,,,1,merchant_ecosystem_abuse,triangulation_fraud,high generated risk score raises risk;failed login activity raises risk;customer decline history raises risk
txn_8c4c7d42ecc1,0.9797615973481514,1,0.979762,1,ml_only,0,,,,,,,,1,merchant_ecosystem_abuse,triangulation_fraud,failed login activity raises risk;high generated risk score raises risk;customer decline history raises risk
txn_874a488789e6,0.9760699079514153,1,0.97607,1,ml_only,0,,,,,,,,1,merchant_ecosystem_abuse,triangulation_fraud,failed login activity raises risk;customer decline history raises risk;high generated risk score raises risk
txn_0f1f5252f190,0.9718546723737745,1,0.971855,1,ml_only,0,,,,,,,,1,merchant_ecosystem_abuse,triangulation_fraud,failed login activity raises risk;customer decline history raises risk;session velocity raises risk
txn_3009124761a7,0.9726886229971442,1,0.972689,1,ml_only,0,,,,,,,,1,merchant_ecosystem_abuse,triangulation_fraud,failed login activity raises risk;customer decline history raises risk;session velocity raises risk
txn_dba94e59b75c,0.9852792754766506,1,0.985279,1,ml_only,0,,,,,,,,1,merchant_ecosystem_abuse,triangulation_fraud,high generated risk score raises risk;failed login activity raises risk;customer decline history raises risk
txn_5cd0c1d83967,0.9853994289122976,1,0.985399,1,ml_only,0,,,,,,,,1,merchant_ecosystem_abuse,triangulation_fraud,high generated risk score raises risk;failed login activity raises risk;customer decline history raises risk
txn_c12f29f325b9,0.9779085715371888,1,0.977909,1,ml_only,0,,,,,,,,1,merchant_ecosystem_abuse,triangulation_fraud,failed login activity raises risk;high generated risk score raises risk;customer decline history raises risk
txn_60ec405f6fde,0.9511139897291173,1,0.951114,1,ml_only,0,,,,,,,,1,merchant_ecosystem_abuse,triangulation_fraud,failed login activity raises risk;customer decline history raises risk;session velocity raises risk
txn_cfbb5839b70d,0.950376911126852,1,0.950377,1,ml_only,0,,,,,,,,1,merchant_ecosystem_abuse,triangulation_fraud,failed login activity raises risk;customer decline history raises risk;session velocity raises risk
txn_931c19b0d7c2,0.9679010312414726,1,0.967901,1,ml_only,0,,,,,,,,1,merchant_ecosystem_abuse,triangulation_fraud,failed login activity raises risk;customer decline history raises risk;session velocity raises risk
txn_9b5468c02910,0.9837259425330033,1,0.983726,1,ml_only,0,,,,,,,,1,merchant_ecosystem_abuse,triangulation_fraud,high generated risk score raises risk;failed login activity raises risk;customer decline history raises risk
txn_c30f066cb273,0.958165077246853,1,0.958165,1,ml_only,0,,,,,,,,1,merchant_ecosystem_abuse,triangulation_fraud,failed login activity raises risk;customer decline history raises risk;session velocity raises risk
txn_1b86ac8d2e14,0.9729325958709684,1,0.972933,1,ml_only,0,,,,,,,,1,merchant_ecosystem_abuse,triangulation_fraud,failed login activity raises risk;customer decline history raises risk;session velocity raises risk
txn_32687c101d4d,0.9851799793375676,1,0.98518,1,ml_only,0,,,,,,,,1,merchant_ecosystem_abuse,triangulation_fraud,high generated risk score raises risk;failed login activity raises risk;customer decline history raises risk
txn_d6dc7e65dca8,0.9620460561253088,1,0.962046,1,ml_only,0,,,,,,,,1,merchant_ecosystem_abuse,triangulation_fraud,failed login activity raises risk;customer decline history raises risk;session velocity raises risk
txn_12a0c0487071,0.9663532298471623,1,0.966353,1,ml_only,0,,,,,,,,1,merchant_ecosystem_abuse,triangulation_fraud,failed login activity raises risk;customer decline history raises risk;session velocity raises risk
txn_4478741ee0dc,0.9794746949318149,1,0.979475,1,ml_only,0,,,,,,,,1,merchant_ecosystem_abuse,triangulation_fraud,failed login activity raises risk;high generated risk score raises risk;customer decline history raises risk
txn_4e2dadc6c098,0.9537703291226002,1,0.95377,1,ml_only,0,,,,,,,,1,merchant_ecosystem_abuse,triangulation_fraud,failed login activity raises risk;customer decline history raises risk;session velocity raises risk
txn_df7137d53c06,0.9541697950415439,1,0.95417,1,ml_only,0,,,,,,,,1,merchant_ecosystem_abuse,triangulation_fraud,failed login activity raises risk;customer decline history raises risk;session velocity raises risk
txn_7fd919bcd606,0.9908048842546393,1,0.990805,1,ml_only,0,,,,,,,,1,merchant_ecosystem_abuse,triangulation_fraud,high generated risk score raises risk;failed login activity raises risk;customer decline history raises risk
txn_0d2147180562,0.950293205755108,1,0.950293,1,ml_only,0,,,,,,,,1,merchant_ecosystem_abuse,triangulation_fraud,failed login activity raises risk;customer decline history raises risk;session velocity raises risk
txn_18085c289328,0.9427873370096317,1,0.942787,1,ml_only,0,,,,,,,,1,merchant_ecosystem_abuse,triangulation_fraud,failed login activity raises risk;customer decline history raises risk;session velocity raises risk
txn_546424df1826,0.9664502843860376,1,0.96645,1,ml_only,0,,,,,,,,1,merchant_ecosystem_abuse,triangulation_fraud,failed login activity raises risk;customer decline history raises risk;high generated risk score raises risk
txn_f4640cbe0729,0.9526024420777849,1,0.952602,1,ml_only,0,,,,,,,,1,merchant_ecosystem_abuse,triangulation_fraud,failed login activity raises risk;customer decline history raises risk;session velocity raises risk
txn_661d4d524c75,0.9473631636600368,1,0.947363,1,ml_only,0,,,,,,,,1,merchant_ecosystem_abuse,triangulation_fraud,failed login activity raises risk;customer decline history raises risk;session velocity raises risk
txn_f0fcb7acac64,0.9626850587519719,1,0.962685,1,ml_only,0,,,,,,,,1,merchant_ecosystem_abuse,triangulation_fraud,failed login activity raises risk;customer decline history raises risk;high generated risk score raises risk
txn_790b6b7bc22b,0.976999758706794,1,0.977,1,ml_only,0,,,,,,,,1,merchant_ecosystem_abuse,triangulation_fraud,high generated risk score raises risk;failed login activity raises risk;customer decline history raises risk
txn_145f268fd533,0.9770007671106065,1,0.977001,1,ml_only,0,,,,,,,,1,merchant_ecosystem_abuse,triangulation_fraud,high generated risk score raises risk;failed login activity raises risk;customer decline history raises risk
txn_e4d2518b3674,0.9734090617209881,1,0.973409,1,ml_only,0,,,,,,,,1,merchant_ecosystem_abuse,triangulation_fraud,failed login activity raises risk;high generated risk score raises risk;customer decline history raises risk
txn_0dce4ce12073,0.9496354175152305,1,0.949635,1,ml_only,0,,,,,,,,1,merchant_ecosystem_abuse,triangulation_fraud,failed login activity raises risk;customer decline history raises risk;session velocity raises risk
txn_b24ca5a53377,0.8917564644000754,1,0.891756,1,ml_only,0,,,,,,,,1,merchant_ecosystem_abuse,triangulation_fraud,failed login activity raises risk;customer decline history raises risk;merchant refund behavior lowers risk
txn_522067e02459,0.954801919903837,1,0.954802,1,ml_only,0,,,,,,,,1,merchant_ecosystem_abuse,triangulation_fraud,high generated risk score raises risk;failed login activity raises risk;customer decline history raises risk
txn_4b50f3ea7a18,0.9746311291435038,1,0.974631,1,ml_only,0,,,,,,,,1,social_engineering_payment_fraud,ai_impersonation,IP velocity raises risk;merchant growth pattern raises risk;session velocity raises risk
txn_53aacbb1f982,0.9829065244672783,1,0.982907,1,ml_only,0,,,,,,,,1,social_engineering_payment_fraud,ai_impersonation,IP velocity raises risk;merchant growth pattern raises risk;session velocity raises risk
txn_a60e13dbee82,0.959237561646044,1,0.959238,1,ml_only,0,,,,,,,,1,social_engineering_payment_fraud,ai_impersonation,IP velocity raises risk;merchant growth pattern raises risk;session velocity raises risk
txn_33d801196a2d,0.9849470803148513,1,0.984947,1,ml_only,0,,,,,,,,1,social_engineering_payment_fraud,ai_impersonation,IP velocity raises risk;merchant growth pattern raises risk;high generated risk score raises risk
txn_07eb93304d3e,0.9785945946334389,1,0.978595,1,ml_only,0,,,,,,,,1,social_engineering_payment_fraud,ai_impersonation,IP velocity raises risk;merchant growth pattern raises risk;high generated risk score raises risk
txn_2c6d5868cec6,0.9686904593556471,1,0.96869,1,ml_only,0,,,,,,,,1,social_engineering_payment_fraud,ai_impersonation,merchant growth pattern raises risk;IP velocity raises risk;session velocity raises risk
txn_a38aa2171941,0.9751993206301817,1,0.975199,1,ml_only,0,,,,,,,,1,social_engineering_payment_fraud,ai_impersonation,merchant growth pattern raises risk;high generated risk score raises risk;IP velocity raises risk
txn_3cf363bb1349,0.967557581174548,1,0.967558,1,ml_only,0,,,,,,,,1,social_engineering_payment_fraud,ai_impersonation,merchant growth pattern raises risk;session velocity raises risk;IP velocity raises risk
txn_f0399580c4b5,0.9742040508406898,1,0.974204,1,ml_only,0,,,,,,,,1,social_engineering_payment_fraud,ai_impersonation,merchant growth pattern raises risk;session velocity raises risk;high generated risk score raises risk
txn_9ea6ed05c0e9,0.9262596437000822,1,0.92626,1,ml_only,0,,,,,,,,1,social_engineering_payment_fraud,ai_impersonation,merchant growth pattern raises risk;high generated risk score raises risk;IP velocity raises risk
txn_a70d5a401614,0.9042746076300225,1,0.904275,1,ml_only,0,,,,,,,,1,social_engineering_payment_fraud,ai_impersonation,merchant growth pattern raises risk;IP velocity raises risk;high generated risk score raises risk
txn_cc60c87b35f1,0.908538408196158,1,0.908538,1,ml_only,0,,,,,,,,1,credential_based_fraud,consumer_account_takeover,IP velocity raises risk;high generated risk score raises risk;session velocity raises risk
txn_7b353d14ae32,0.9695535533093927,1,0.969554,1,ml_only,0,,,,,,,,1,credential_based_fraud,consumer_account_takeover,IP velocity raises risk;IP reputation raises risk;session velocity raises risk
txn_a4a774a73454,0.9442108616972298,1,0.944211,1,ml_only,0,,,,,,,,1,credential_based_fraud,consumer_account_takeover,IP velocity raises risk;IP reputation raises risk;session velocity raises risk
txn_92634a77dbd2,0.9700043145821571,1,0.970004,1,ml_only,0,,,,,,,,1,credential_based_fraud,consumer_account_takeover,IP velocity raises risk;IP reputation raises risk;session velocity raises risk
txn_5b444a730516,0.8894024135807664,1,0.889402,1,ml_only,0,,,,,,,,1,credential_based_fraud,consumer_account_takeover,IP velocity raises risk;high generated risk score raises risk;session velocity raises risk
txn_11ec5ba4d0f4,0.9325387282152696,1,0.932539,1,ml_only,0,,,,,,,,1,credential_based_fraud,consumer_account_takeover,IP reputation raises risk;IP velocity raises risk;session velocity raises risk
txn_f0b2a9373c7b,0.9746474873810363,1,0.974647,1,ml_only,0,,,,,,,,1,credential_based_fraud,consumer_account_takeover,high generated risk score raises risk;IP reputation raises risk;session velocity raises risk
txn_61b8b1d8472f,0.9297162936959571,1,0.929716,1,ml_only,0,,,,,,,,1,credential_based_fraud,consumer_account_takeover,IP reputation raises risk;session velocity raises risk;IP velocity raises risk
txn_9b587d796f31,0.8661950888841046,1,0.866195,1,ml_only,0,,,,,,,,1,credential_based_fraud,consumer_account_takeover,session velocity raises risk;device history raises risk;IP reputation lowers risk
txn_07f7cbac4f58,0.9718122699631188,1,0.971812,1,ml_only,0,,,,,,,,1,credential_based_fraud,consumer_account_takeover,IP reputation raises risk;session velocity raises risk;IP velocity raises risk
txn_307f1daa6d36,0.950522245954301,1,0.950522,1,ml_only,0,,,,,,,,1,credential_based_fraud,consumer_account_takeover,IP reputation raises risk;session velocity raises risk;high generated risk score raises risk
txn_33d11fd5e2a0,0.9598712125974859,1,0.959871,1,ml_only,0,,,,,,,,1,credential_based_fraud,consumer_account_takeover,IP reputation raises risk;session velocity raises risk;high generated risk score raises risk
txn_2b7048adc03e,0.8987547482764177,1,0.898755,1,ml_only,0,,,,,,,,1,identity_onboarding_fraud,synthetic_identity,IP velocity raises risk;session velocity raises risk;merchant refund behavior raises risk
txn_40d457de3343,0.9453041621334467,1,0.945304,1,ml_only,0,,,,,,,,1,identity_onboarding_fraud,synthetic_identity,IP velocity raises risk;high generated risk score raises risk;session velocity raises risk
txn_6368d6f547f3,0.9333934592535513,1,0.933393,1,ml_only,0,,,,,,,,1,identity_onboarding_fraud,synthetic_identity,IP velocity raises risk;session velocity raises risk;merchant refund behavior raises risk
txn_2115db093d72,0.9176671743036452,1,0.917667,1,ml_only,0,,,,,,,,1,identity_onboarding_fraud,synthetic_identity,IP velocity raises risk;session velocity raises risk;merchant refund behavior raises risk
txn_743cb38449bb,0.8745568023247537,1,0.874557,1,ml_only,0,,,,,,,,1,identity_onboarding_fraud,synthetic_identity,IP velocity raises risk;session velocity raises risk;merchant refund behavior raises risk
txn_f710a5417858,0.9332802770121864,1,0.93328,1,ml_only,0,,,,,,,,1,identity_onboarding_fraud,synthetic_identity,high generated risk score raises risk;session velocity raises risk;merchant refund behavior raises risk
txn_83a14595cdbe,0.941056406346355,1,0.941056,1,ml_only,0,,,,,,,,1,identity_onboarding_fraud,synthetic_identity,session velocity raises risk;merchant refund behavior raises risk;high generated risk score raises risk
txn_fbd107a9f1ba,0.9148532452621585,1,0.914853,1,ml_only,0,,,,,,,,1,identity_onboarding_fraud,synthetic_identity,session velocity raises risk;merchant refund behavior raises risk;IP velocity raises risk
txn_50416d0d454a,0.9053270974380526,1,0.905327,1,ml_only,0,,,,,,,,1,identity_onboarding_fraud,synthetic_identity,session velocity raises risk;merchant refund behavior raises risk;IP velocity raises risk
txn_5061da19021a,0.8275114792115459,1,0.827511,1,ml_only,0,,,,,,,,1,identity_onboarding_fraud,synthetic_identity,session velocity raises risk;merchant refund behavior raises risk;IP velocity raises risk
txn_963f91dbfcca,0.9383419508024362,1,0.938342,1,ml_only,0,,,,,,,,1,identity_onboarding_fraud,synthetic_identity,high generated risk score raises risk;session velocity raises risk;merchant refund behavior raises risk
txn_5767e0787b80,0.9080357690761592,1,0.908036,1,ml_only,0,,,,,,,,1,identity_onboarding_fraud,synthetic_identity,high generated risk score raises risk;session velocity raises risk;merchant refund behavior raises risk
txn_74895374bf12,0.9947172826039177,1,0.994717,1,ml_only,0,,,,,,,,1,merchant_ecosystem_abuse,bust_out_merchant,IP velocity raises risk;high generated risk score raises risk;merchant refund behavior raises risk
txn_0492fbbd69a4,0.9886343428474645,1,0.988634,1,ml_only,0,,,,,,,,1,merchant_ecosystem_abuse,bust_out_merchant,merchant refund behavior raises risk;IP velocity raises risk;session velocity raises risk
txn_ebc67ea0becb,0.9922503874790681,1,0.99225,1,ml_only,0,,,,,,,,1,merchant_ecosystem_abuse,bust_out_merchant,merchant refund behavior raises risk;IP velocity raises risk;session velocity raises risk
txn_f4a4d8f894d0,0.9866304858407272,1,0.98663,1,ml_only,0,,,,,,,,1,merchant_ecosystem_abuse,bust_out_merchant,merchant refund behavior raises risk;IP velocity raises risk;session velocity raises risk
txn_b70460099338,0.9863565124381849,1,0.986357,1,ml_only,0,,,,,,,,1,merchant_ecosystem_abuse,bust_out_merchant,merchant refund behavior raises risk;session velocity raises risk;IP velocity raises risk
txn_e8de2c572898,0.9930337545551821,1,0.993034,1,ml_only,0,,,,,,,,1,merchant_ecosystem_abuse,bust_out_merchant,high generated risk score raises risk;merchant refund behavior raises risk;session velocity raises risk
txn_8365639ce603,0.9943040595169276,1,0.994304,1,ml_only,0,,,,,,,,1,merchant_ecosystem_abuse,bust_out_merchant,high generated risk score raises risk;merchant refund behavior raises risk;session velocity raises risk
txn_a93111e57d63,0.9916054850586103,1,0.991605,1,ml_only,0,,,,,,,,1,merchant_ecosystem_abuse,bust_out_merchant,merchant refund behavior raises risk;high generated risk score raises risk;session velocity raises risk
txn_8406455cac7d,0.9862197050435718,1,0.98622,1,ml_only,0,,,,,,,,1,merchant_ecosystem_abuse,bust_out_merchant,merchant refund behavior raises risk;session velocity raises risk;device history raises risk
txn_79a5dceab338,0.988058187629803,1,0.988058,1,ml_only,0,,,,,,,,1,merchant_ecosystem_abuse,bust_out_merchant,merchant refund behavior raises risk;session velocity raises risk;device history raises risk
txn_12995f080b84,0.990903690363154,1,0.990904,1,ml_only,0,,,,,,,,1,merchant_ecosystem_abuse,bust_out_merchant,merchant refund behavior raises risk;high generated risk score raises risk;session velocity raises risk
txn_73635d43b800,0.9901624231022704,1,0.990162,1,ml_only,0,,,,,,,,1,merchant_ecosystem_abuse,bust_out_merchant,merchant refund behavior raises risk;high generated risk score raises risk;session velocity raises risk
txn_c33e9fdac6fc,0.9927502260488174,1,0.99275,1,ml_only,0,,,,,,,,1,merchant_ecosystem_abuse,bust_out_merchant,merchant refund behavior raises risk;session velocity raises risk;high generated risk score raises risk
txn_b6d68122bef6,0.9830625187809232,1,0.983063,1,ml_only,0,,,,,,,,1,merchant_ecosystem_abuse,bust_out_merchant,merchant refund behavior raises risk;session velocity raises risk;device history raises risk
txn_15560c325803,0.984783516271225,1,0.984784,1,ml_only,0,,,,,,,,1,merchant_ecosystem_abuse,bust_out_merchant,merchant refund behavior raises risk;session velocity raises risk;high generated risk score raises risk
txn_7bd8e8c1f61b,0.983385139485436,1,0.983385,1,ml_only,0,,,,,,,,1,merchant_ecosystem_abuse,bust_out_merchant,merchant refund behavior raises risk;session velocity raises risk;device history raises risk
txn_1223ba9e622a,0.9916126912112554,1,0.991613,1,ml_only,0,,,,,,,,1,merchant_ecosystem_abuse,bust_out_merchant,high generated risk score raises risk;merchant refund behavior raises risk;session velocity raises risk
txn_e6ae26c947bc,0.9941828901408506,1,0.994183,1,ml_only,0,,,,,,,,1,merchant_ecosystem_abuse,bust_out_merchant,high generated risk score raises risk;merchant refund behavior raises risk;session velocity raises risk
txn_28b3c466885f,0.9819034277447214,1,0.981903,1,ml_only,0,,,,,,,,1,merchant_ecosystem_abuse,bust_out_merchant,merchant refund behavior raises risk;session velocity raises risk;device history raises risk
txn_c781ae6c1b80,0.9892233774246035,1,0.989223,1,ml_only,0,,,,,,,,1,merchant_ecosystem_abuse,bust_out_merchant,high generated risk score raises risk;merchant refund behavior raises risk;session velocity raises risk
txn_018930269b68,0.9857336170000487,1,0.985734,1,ml_only,0,,,,,,,,1,merchant_ecosystem_abuse,bust_out_merchant,merchant refund behavior raises risk;session velocity raises risk;high generated risk score raises risk
txn_f4f13d44085c,0.9864261835230449,1,0.986426,1,ml_only,0,,,,,,,,1,merchant_ecosystem_abuse,bust_out_merchant,merchant refund behavior raises risk;high generated risk score raises risk;session velocity raises risk
txn_76c6cbc1f8f8,0.9754468981919593,1,0.975447,1,ml_only,0,,,,,,,,1,merchant_ecosystem_abuse,bust_out_merchant,merchant refund behavior raises risk;session velocity raises risk;device history raises risk
txn_89241ba1c8b4,0.9850421245371458,1,0.985042,1,ml_only,0,,,,,,,,1,merchant_ecosystem_abuse,bust_out_merchant,merchant refund behavior raises risk;session velocity raises risk;device history raises risk
txn_023f7b846d9b,0.9795554570632325,1,0.979555,1,ml_only,0,,,,,,,,1,merchant_ecosystem_abuse,bust_out_merchant,merchant refund behavior raises risk;session velocity raises risk;device history raises risk
txn_2a2f1a0e872a,0.9881653064050093,1,0.988165,1,ml_only,0,,,,,,,,1,merchant_ecosystem_abuse,bust_out_merchant,merchant refund behavior raises risk;session velocity raises risk;device history raises risk
txn_d9c2a359ec22,0.989527372319687,1,0.989527,1,ml_only,0,,,,,,,,1,merchant_ecosystem_abuse,bust_out_merchant,merchant refund behavior raises risk;high generated risk score raises risk;session velocity raises risk
txn_0978efbb2c15,0.9793314703594012,1,0.979331,1,ml_only,0,,,,,,,,1,merchant_ecosystem_abuse,bust_out_merchant,merchant refund behavior raises risk;session velocity raises risk;device history raises risk
txn_19ab3cc2511a,0.9802475187990981,1,0.980248,1,ml_only,0,,,,,,,,1,merchant_ecosystem_abuse,bust_out_merchant,merchant refund behavior raises risk;session velocity raises risk;device history raises risk
txn_09b35962aece,0.9800723402284309,1,0.980072,1,ml_only,0,,,,,,,,1,merchant_ecosystem_abuse,bust_out_merchant,merchant refund behavior raises risk;session velocity raises risk;device history raises risk
txn_7d40e121e510,0.9790649500342522,1,0.979065,1,ml_only,0,,,,,,,,1,merchant_ecosystem_abuse,bust_out_merchant,merchant refund behavior raises risk;session velocity raises risk;device history raises risk
txn_fd082b2c6513,0.9887717626138302,1,0.988772,1,ml_only,0,,,,,,,,1,merchant_ecosystem_abuse,bust_out_merchant,high generated risk score raises risk;merchant refund behavior raises risk;session velocity raises risk
txn_3fb36104f467,0.9863431674715181,1,0.986343,1,ml_only,0,,,,,,,,1,merchant_ecosystem_abuse,bust_out_merchant,merchant refund behavior raises risk;high generated risk score raises risk;session velocity raises risk
txn_9290543b5d01,0.9849341424841602,1,0.984934,1,ml_only,0,,,,,,,,1,merchant_ecosystem_abuse,bust_out_merchant,merchant refund behavior raises risk;high generated risk score raises risk;session velocity raises risk
txn_6e34f4c5641b,0.9856553203951587,1,0.985655,1,ml_only,0,,,,,,,,1,merchant_ecosystem_abuse,bust_out_merchant,merchant refund behavior raises risk;session velocity raises risk;high generated risk score raises risk
txn_cb608ac9dfac,0.9934421962752983,1,0.993442,1,ml_only,0,,,,,,,,1,merchant_ecosystem_abuse,bust_out_merchant,merchant refund behavior raises risk;session velocity raises risk;device history raises risk
txn_76c9338b1959,0.9840022379101249,1,0.984002,1,ml_only,0,,,,,,,,1,merchant_ecosystem_abuse,bust_out_merchant,high generated risk score raises risk;merchant refund behavior raises risk;session velocity raises risk
txn_c9c4c8ea978a,0.9897148427340344,1,0.989715,1,ml_only,0,,,,,,,,1,merchant_ecosystem_abuse,bust_out_merchant,high generated risk score raises risk;merchant refund behavior raises risk;session velocity raises risk
txn_3b405f05b04f,0.9894762529950827,1,0.989476,1,ml_only,0,,,,,,,,1,merchant_ecosystem_abuse,bust_out_merchant,high generated risk score raises risk;merchant refund behavior raises risk;session velocity raises risk
txn_038be2665022,0.9678567467418957,1,0.967857,1,ml_only,0,,,,,,,,1,merchant_ecosystem_abuse,bust_out_merchant,merchant refund behavior raises risk;session velocity raises risk;device history raises risk
txn_1e0aaab9c7a4,0.9836487070914202,1,0.983649,1,ml_only,0,,,,,,,,1,merchant_ecosystem_abuse,bust_out_merchant,merchant refund behavior raises risk;high generated risk score raises risk;session velocity raises risk
txn_db0644915d6e,0.9847820192193639,1,0.984782,1,ml_only,0,,,,,,,,1,merchant_ecosystem_abuse,bust_out_merchant,merchant refund behavior raises risk;session velocity raises risk;device history raises risk
txn_43506a1ae5f6,0.9681578798443131,1,0.968158,1,ml_only,0,,,,,,,,1,merchant_ecosystem_abuse,bust_out_merchant,merchant refund behavior raises risk;session velocity raises risk;device history raises risk
txn_de36746c530f,0.9918569152453816,1,0.991857,1,ml_only,0,,,,,,,,1,merchant_ecosystem_abuse,bust_out_merchant,high generated risk score raises risk;merchant refund behavior raises risk;session velocity raises risk
txn_3a833ab0d1e5,0.9855030647200916,1,0.985503,1,ml_only,0,,,,,,,,1,merchant_ecosystem_abuse,bust_out_merchant,merchant refund behavior raises risk;high generated risk score raises risk;session velocity raises risk
txn_d3acba0a608d,0.9688196445005077,1,0.96882,1,ml_only,0,,,,,,,,1,merchant_ecosystem_abuse,bust_out_merchant,merchant refund behavior raises risk;session velocity raises risk;device history raises risk
txn_727e106598aa,0.9622071299068246,1,0.962207,1,ml_only,0,,,,,,,,1,merchant_ecosystem_abuse,bust_out_merchant,merchant refund behavior raises risk;session velocity raises risk;device history raises risk
txn_17286689d10c,0.9851816917557865,1,0.985182,1,ml_only,0,,,,,,,,1,merchant_ecosystem_abuse,bust_out_merchant,merchant refund behavior raises risk;high generated risk score raises risk;session velocity raises risk
txn_587806432a41,0.969404489772398,1,0.969404,1,ml_only,0,,,,,,,,1,merchant_ecosystem_abuse,bust_out_merchant,merchant refund behavior raises risk;session velocity raises risk;device history raises risk
txn_b3691f6b66bb,0.9898806315691654,1,0.989881,1,ml_only,0,,,,,,,,1,merchant_ecosystem_abuse,bust_out_merchant,high generated risk score raises risk;merchant refund behavior raises risk;session velocity raises risk
txn_eb3768a41928,0.9890686887587097,1,0.989069,1,ml_only,0,,,,,,,,1,merchant_ecosystem_abuse,bust_out_merchant,high generated risk score raises risk;merchant refund behavior raises risk;session velocity raises risk
txn_25e285805a8f,0.9878760549693317,1,0.987876,1,ml_only,0,,,,,,,,1,merchant_ecosystem_abuse,bust_out_merchant,high generated risk score raises risk;merchant refund behavior raises risk;session velocity raises risk
txn_4210c09bca19,0.9896430368988149,1,0.989643,1,ml_only,0,,,,,,,,1,merchant_ecosystem_abuse,bust_out_merchant,merchant refund behavior raises risk;high generated risk score raises risk;session velocity raises risk
txn_a70a103a2d11,0.9696542850180999,1,0.969654,1,ml_only,0,,,,,,,,1,merchant_ecosystem_abuse,bust_out_merchant,merchant refund behavior raises risk;session velocity raises risk;device history raises risk
txn_ba0067b34ead,0.9749866149396342,1,0.974987,1,ml_only,0,,,,,,,,1,merchant_ecosystem_abuse,bust_out_merchant,merchant refund behavior raises risk;session velocity raises risk;device history raises risk
txn_7ea2bdf37a5f,0.9718404882905135,1,0.97184,1,ml_only,0,,,,,,,,1,merchant_ecosystem_abuse,bust_out_merchant,merchant refund behavior raises risk;session velocity raises risk;device history raises risk
txn_57057524fe64,0.9871152602503095,1,0.987115,1,ml_only,0,,,,,,,,1,merchant_ecosystem_abuse,bust_out_merchant,high generated risk score raises risk;merchant refund behavior raises risk;session velocity raises risk
txn_ea69a30291df,0.9666656230370658,1,0.966666,1,ml_only,0,,,,,,,,1,merchant_ecosystem_abuse,bust_out_merchant,merchant refund behavior raises risk;session velocity raises risk;device history raises risk
txn_6c1b3f7d0abd,0.9832772709009207,1,0.983277,1,ml_only,0,,,,,,,,1,merchant_ecosystem_abuse,bust_out_merchant,high generated risk score raises risk;merchant refund behavior raises risk;session velocity raises risk
txn_f1b044719e83,0.9848362709267766,1,0.984836,1,ml_only,0,,,,,,,,1,merchant_ecosystem_abuse,bust_out_merchant,merchant refund behavior raises risk;high generated risk score raises risk;session velocity raises risk
txn_f2746575f292,0.981008556425527,1,0.981009,1,ml_only,0,,,,,,,,1,merchant_ecosystem_abuse,bust_out_merchant,high generated risk score raises risk;merchant refund behavior raises risk;session velocity raises risk
txn_1630acebea77,0.9724365490626303,1,0.972437,1,ml_only,0,,,,,,,,1,merchant_ecosystem_abuse,bust_out_merchant,merchant refund behavior raises risk;session velocity raises risk;device history raises risk
txn_d5e697d9a039,0.9784988480320201,1,0.978499,1,ml_only,0,,,,,,,,1,merchant_ecosystem_abuse,bust_out_merchant,high generated risk score raises risk;merchant refund behavior raises risk;session velocity raises risk
txn_fb21539321aa,0.975099903431451,1,0.9751,1,ml_only,0,,,,,,,,1,merchant_ecosystem_abuse,bust_out_merchant,merchant refund behavior raises risk;session velocity raises risk;device history raises risk
txn_2df22d238634,0.9629444451006905,1,0.962944,1,ml_only,0,,,,,,,,1,merchant_ecosystem_abuse,bust_out_merchant,merchant refund behavior raises risk;session velocity raises risk;device history raises risk
txn_64bab591f40b,0.9847999524521894,1,0.9848,1,ml_only,0,,,,,,,,1,merchant_ecosystem_abuse,bust_out_merchant,high generated risk score raises risk;merchant refund behavior raises risk;session velocity raises risk
txn_e56b04dfff36,0.9740957624468698,1,0.974096,1,ml_only,0,,,,,,,,1,merchant_ecosystem_abuse,bust_out_merchant,merchant refund behavior raises risk;high generated risk score raises risk;session velocity raises risk
txn_8c7634a53a8b,0.9728737519792677,1,0.972874,1,ml_only,0,,,,,,,,1,merchant_ecosystem_abuse,bust_out_merchant,merchant refund behavior raises risk;session velocity raises risk;device history raises risk
txn_c204aa9da7b9,0.9704606616603855,1,0.970461,1,ml_only,0,,,,,,,,1,merchant_ecosystem_abuse,bust_out_merchant,merchant refund behavior raises risk;session velocity raises risk;device history raises risk
txn_28022fbdcbe0,0.985161074094051,1,0.985161,1,ml_only,0,,,,,,,,1,merchant_ecosystem_abuse,bust_out_merchant,high generated risk score raises risk;merchant refund behavior raises risk;session velocity raises risk
txn_be8b285be58d,0.9777579879117138,1,0.977758,1,ml_only,0,,,,,,,,1,merchant_ecosystem_abuse,bust_out_merchant,merchant refund behavior raises risk;high generated risk score raises risk;session velocity raises risk
txn_aabccd7e8182,0.9681051271059191,1,0.968105,1,ml_only,0,,,,,,,,1,merchant_ecosystem_abuse,bust_out_merchant,merchant refund behavior raises risk;session velocity raises risk;device history raises risk
txn_0484ae255bd6,0.9568360577843799,1,0.956836,1,ml_only,0,,,,,,,,1,merchant_ecosystem_abuse,bust_out_merchant,merchant refund behavior raises risk;session velocity raises risk;device history raises risk
txn_103334da8ae1,0.9783161312117429,1,0.978316,1,ml_only,0,,,,,,,,1,merchant_ecosystem_abuse,bust_out_merchant,merchant refund behavior raises risk;session velocity raises risk;device history raises risk
txn_4fceaa8fa9a5,0.9788655141726412,1,0.978866,1,ml_only,0,,,,,,,,1,merchant_ecosystem_abuse,bust_out_merchant,merchant refund behavior raises risk;session velocity raises risk;device history raises risk
txn_c880b627e212,0.9583736683120383,1,0.958374,1,ml_only,0,,,,,,,,1,merchant_ecosystem_abuse,bust_out_merchant,merchant refund behavior raises risk;session velocity raises risk;device history raises risk
txn_47ee2ab6760f,0.970182646835106,1,0.970183,1,ml_only,0,,,,,,,,1,merchant_ecosystem_abuse,bust_out_merchant,merchant refund behavior raises risk;session velocity raises risk;device history raises risk
txn_671f2328ac37,0.9902340898719973,1,0.990234,1,ml_only,0,,,,,,,,1,merchant_ecosystem_abuse,bust_out_merchant,merchant refund behavior raises risk;high generated risk score raises risk;session velocity raises risk
txn_a0955a0d9aef,0.9890038635374855,1,0.989004,1,ml_only,0,,,,,,,,1,merchant_ecosystem_abuse,bust_out_merchant,merchant refund behavior raises risk;high generated risk score raises risk;session velocity raises risk
txn_4bedf80786bc,0.9770169192072056,1,0.977017,1,ml_only,0,,,,,,,,1,merchant_ecosystem_abuse,bust_out_merchant,merchant refund behavior raises risk;session velocity raises risk;high generated risk score raises risk
txn_f7307a9e9617,0.9797966704572295,1,0.979797,1,ml_only,0,,,,,,,,1,merchant_ecosystem_abuse,bust_out_merchant,high generated risk score raises risk;merchant refund behavior raises risk;session velocity raises risk
txn_be621984c7a6,0.9765829686654716,1,0.976583,1,ml_only,0,,,,,,,,1,merchant_ecosystem_abuse,bust_out_merchant,merchant refund behavior raises risk;high generated risk score raises risk;session velocity raises risk
txn_86206a1e3722,0.9659374967830149,1,0.965937,1,ml_only,0,,,,,,,,1,merchant_ecosystem_abuse,bust_out_merchant,merchant refund behavior raises risk;session velocity raises risk;device history raises risk
txn_d32efa504cd7,0.9769127643507783,1,0.976913,1,ml_only,0,,,,,,,,1,merchant_ecosystem_abuse,bust_out_merchant,merchant refund behavior raises risk;high generated risk score raises risk;session velocity raises risk
txn_22d09a9a295e,0.9537072574120915,1,0.953707,1,ml_only,0,,,,,,,,1,merchant_ecosystem_abuse,bust_out_merchant,merchant refund behavior raises risk;session velocity raises risk;device history raises risk
txn_605dbf2550c5,0.976161464356563,1,0.976161,1,ml_only,0,,,,,,,,1,merchant_ecosystem_abuse,bust_out_merchant,merchant refund behavior raises risk;high generated risk score raises risk;session velocity raises risk
txn_19d20a8c74b4,0.9679862808141931,1,0.967986,1,ml_only,0,,,,,,,,1,merchant_ecosystem_abuse,bust_out_merchant,merchant refund behavior raises risk;session velocity raises risk;device history raises risk
txn_4502ca513e88,0.8287466490794415,1,0.828747,1,ml_only,0,,,,,,,,1,merchant_ecosystem_abuse,bust_out_merchant,session velocity lowers risk;merchant refund behavior raises risk;device history raises risk
