transaction_id,fraud_score,prediction,label,attack_bucket,attack_subtype,reason_codes
txn_f5142e8ab368,0.000111,0,0,,,device history lowers risk;session velocity lowers risk;high generated risk score lowers risk
txn_10449be37726,0.000204,0,0,,,device history lowers risk;session velocity lowers risk;high generated risk score lowers risk
txn_26d576d350fd,0.000174,0,0,,,device history lowers risk;session velocity lowers risk;high generated risk score lowers risk
txn_1e336c972dc2,0.000157,0,0,,,device history lowers risk;session velocity lowers risk;high generated risk score lowers risk
txn_379e585fbbf9,4.5e-05,0,0,,,device history lowers risk;session velocity lowers risk;high generated risk score lowers risk
txn_4e6870abfd29,0.000183,0,0,,,session velocity lowers risk;device history lowers risk;high generated risk score lowers risk
txn_c206a31ff7e0,1.9e-05,0,0,,,merchant age lowers risk;session velocity lowers risk;device history lowers risk
txn_f1e98d17caf5,0.000791,0,0,,,session velocity lowers risk;device history lowers risk;customer account age lowers risk
txn_2f98a4660c29,0.002924,0,0,,,session velocity lowers risk;device history lowers risk;high generated risk score lowers risk
txn_ecc107c778b7,0.000224,0,0,,,merchant age lowers risk;session velocity lowers risk;device history lowers risk
txn_34ac9ef571e6,0.013825,0,0,,,session velocity lowers risk;high generated risk score lowers risk;device history lowers risk
txn_59a2fe596426,0.004306,0,0,,,session velocity lowers risk;merchant age lowers risk;high generated risk score lowers risk
txn_56d0609fa109,0.000301,0,0,,,merchant age lowers risk;session velocity lowers risk;high generated risk score lowers risk
txn_4567c4cde7b7,0.002412,0,0,,,session velocity lowers risk;high generated risk score lowers risk;customer account age lowers risk
txn_917948913213,0.000195,0,0,,,merchant age lowers risk;session velocity lowers risk;high generated risk score lowers risk
txn_5a748823564c,3.2e-05,0,0,,,merchant age lowers risk;session velocity lowers risk;device history lowers risk
txn_ba500d83f947,0.000618,0,0,,,session velocity lowers risk;device history lowers risk;customer account age lowers risk
txn_247601281e67,6.2e-05,0,0,,,session velocity lowers risk;device history lowers risk;merchant age lowers risk
txn_ee2a1bca658d,0.000144,0,0,,,session velocity lowers risk;device history lowers risk;high generated risk score lowers risk
txn_775c9fd8ae76,0.000208,0,0,,,session velocity lowers risk;device history lowers risk;high generated risk score lowers risk
txn_f24567c918e8,0.000213,0,0,,,device history lowers risk;session velocity lowers risk;customer account age lowers risk
txn_c821c103346c,0.000219,0,0,,,device history lowers risk;session velocity lowers risk;customer account age lowers risk
txn_29a289332c36,0.000163,0,0,,,device history lowers risk;session velocity lowers risk;customer account age lowers risk
txn_00b1384bc661,0.000239,0,0,,,device history lowers risk;session velocity lowers risk;customer account age lowers risk
txn_c13154d09aba,7.4e-05,0,0,,,merchant age lowers risk;device history lowers risk;session velocity lowers risk
txn_d57b99a8cc53,0.032136,0,0,,,session velocity lowers risk;high generated risk score lowers risk;merchant chargeback behavior lowers risk
txn_8a990305aa8c,0.011163,0,0,,,session velocity lowers risk;high generated risk score lowers risk;merchant chargeback behavior lowers risk
txn_1f534183e6ad,0.002058,0,0,,,merchant age lowers risk;session velocity lowers risk;high generated risk score lowers risk
txn_d2e1c7881702,0.001243,0,0,,,customer account age lowers risk;session velocity lowers risk;high generated risk score lowers risk
txn_f7e6768d6e91,0.000389,0,0,,,customer account age lowers risk;session velocity lowers risk;merchant age lowers risk
txn_991647e01c50,1.1e-05,0,0,,,customer account age lowers risk;merchant age lowers risk;session velocity lowers risk
txn_f42976b67a1b,0.000155,0,0,,,customer account age lowers risk;session velocity lowers risk;device history lowers risk
txn_179aa9fecb46,3.5e-05,0,0,,,merchant age lowers risk;session velocity lowers risk;device history lowers risk
txn_e07c6c345784,1.4e-05,0,0,,,merchant age lowers risk;session velocity lowers risk;device history lowers risk
txn_6c1bfd5b7231,0.00088,0,0,,,session velocity lowers risk;device history lowers risk;high generated risk score lowers risk
txn_41c6ade2a40b,9.5e-05,0,0,,,session velocity lowers risk;device history lowers risk;merchant age lowers risk
txn_c2d2bdcb73eb,0.001733,0,0,,,session velocity lowers risk;device history lowers risk;high generated risk score lowers risk
txn_d3babd780366,0.002777,0,0,,,session velocity lowers risk;device history lowers risk;high generated risk score lowers risk
txn_312f251c7288,0.003557,0,0,,,session velocity lowers risk;device history lowers risk;high generated risk score lowers risk
txn_4dcd5c5b4f5b,0.002779,0,0,,,session velocity lowers risk;device history lowers risk;high generated risk score lowers risk
txn_1d6ba91f198a,0.000773,0,0,,,session velocity lowers risk;customer account age lowers risk;high generated risk score lowers risk
txn_a307a9b90fa0,0.000585,0,0,,,session velocity lowers risk;customer account age lowers risk;high generated risk score lowers risk
txn_d859b976d957,0.000108,0,0,,,merchant age lowers risk;session velocity lowers risk;customer account age lowers risk
txn_01e25959fded,0.003566,0,0,,,session velocity lowers risk;customer account age lowers risk;high generated risk score lowers risk
txn_06cdd8aa8d06,0.019281,0,0,,,session velocity lowers risk;high generated risk score lowers risk;device history lowers risk
txn_d9e46eb30b54,0.001166,0,0,,,merchant age lowers risk;session velocity lowers risk;high generated risk score lowers risk
txn_52daf3084756,0.010867,0,0,,,session velocity lowers risk;high generated risk score lowers risk;merchant chargeback behavior lowers risk
txn_186666b133c9,0.003222,0,0,,,session velocity lowers risk;merchant age lowers risk;high generated risk score lowers risk
txn_626ea8ea3dbc,0.000641,0,0,,,merchant age lowers risk;session velocity lowers risk;customer account age lowers risk
txn_e4e65d53655e,0.005411,0,0,,,session velocity lowers risk;customer account age lowers risk;high generated risk score lowers risk
txn_55f96b81db31,1.3e-05,0,0,,,device history lowers risk;merchant age lowers risk;session velocity lowers risk
txn_cc3b2532dd56,4e-06,0,0,,,device history lowers risk;merchant age lowers risk;session velocity lowers risk
txn_d422205dcfe9,0.000251,0,0,,,device history lowers risk;session velocity lowers risk;high generated risk score lowers risk
txn_4126188cc2b1,4.5e-05,0,0,,,device history lowers risk;session velocity lowers risk;merchant age lowers risk
txn_18c95871a86d,0.000151,0,0,,,device history lowers risk;session velocity lowers risk;high generated risk score lowers risk
txn_ba2dc718e9c9,0.001165,0,0,,,session velocity lowers risk;device history lowers risk;high generated risk score lowers risk
txn_c515096d7361,0.000722,0,0,,,session velocity lowers risk;customer account age lowers risk;high generated risk score lowers risk
txn_3a4065129c2c,0.000592,0,0,,,session velocity lowers risk;customer account age lowers risk;device history lowers risk
txn_465e778fdece,0.000208,0,0,,,session velocity lowers risk;customer account age lowers risk;high generated risk score lowers risk
txn_ec60b8aa307c,0.000226,0,0,,,session velocity lowers risk;customer account age lowers risk;high generated risk score lowers risk
txn_2b1713ca7a82,8.4e-05,0,0,,,merchant age lowers risk;customer account age lowers risk;session velocity lowers risk
txn_3debab9cd7df,0.000606,0,0,,,customer account age lowers risk;session velocity lowers risk;high generated risk score lowers risk
txn_3e2c458de003,0.000671,0,0,,,customer account age lowers risk;session velocity lowers risk;high generated risk score lowers risk
txn_9c0e215391d2,4.6e-05,0,0,,,merchant age lowers risk;customer account age lowers risk;session velocity lowers risk
txn_4c6522969cfd,0.004039,0,0,,,session velocity lowers risk;high generated risk score lowers risk;device history lowers risk
txn_ea28de44bcf5,0.000699,0,0,,,session velocity lowers risk;high generated risk score lowers risk;merchant age lowers risk
txn_59fce9e95f2c,0.000507,0,0,,,merchant age lowers risk;session velocity lowers risk;high generated risk score lowers risk
txn_cf9ff32b920d,0.004396,0,0,,,session velocity lowers risk;high generated risk score lowers risk;customer account age lowers risk
txn_f631ef3f55c2,0.001069,0,0,,,merchant age lowers risk;session velocity lowers risk;high generated risk score lowers risk
txn_8ccedb43cc52,0.000682,0,0,,,merchant age lowers risk;session velocity lowers risk;high generated risk score lowers risk
txn_affbd4c9c276,0.011589,0,0,,,session velocity lowers risk;device history lowers risk;high generated risk score lowers risk
txn_feee4662f51c,0.00112,0,0,,,session velocity lowers risk;merchant age lowers risk;high generated risk score lowers risk
txn_58a2fbf81de9,0.000407,0,0,,,session velocity lowers risk;device history lowers risk;customer account age lowers risk
txn_2b2d42a02389,0.000733,0,0,,,session velocity lowers risk;device history lowers risk;customer account age lowers risk
txn_4ab72c1c8182,0.00126,0,0,,,session velocity lowers risk;device history lowers risk;customer account age lowers risk
txn_a87726d6c876,0.000325,0,0,,,device history lowers risk;session velocity lowers risk;customer account age lowers risk
txn_711ddcdb2e99,0.000881,0,0,,,device history lowers risk;session velocity lowers risk;high generated risk score lowers risk
txn_08c6712f201f,0.000707,0,0,,,device history lowers risk;session velocity lowers risk;high generated risk score lowers risk
txn_a3fb8db48b51,0.000136,0,0,,,merchant age lowers risk;device history lowers risk;session velocity lowers risk
txn_c69b3c0dd735,0.002034,0,0,,,device history lowers risk;session velocity lowers risk;high generated risk score lowers risk
txn_05a066a2f9ba,0.006187,0,0,,,session velocity lowers risk;device history lowers risk;high generated risk score lowers risk
txn_177405a51d6b,0.000355,0,0,,,merchant age lowers risk;session velocity lowers risk;device history lowers risk
txn_83764358940a,0.001394,0,0,,,session velocity lowers risk;high generated risk score lowers risk;device history lowers risk
txn_70db3b0a6af4,0.000942,0,0,,,session velocity lowers risk;merchant age lowers risk;device history lowers risk
txn_5d22b555e397,0.000701,0,0,,,merchant age lowers risk;session velocity lowers risk;high generated risk score lowers risk
txn_7cd1b8f35696,0.000549,0,0,,,device history lowers risk;session velocity lowers risk;high generated risk score lowers risk
txn_0e213b5d9231,5.1e-05,0,0,,,device history lowers risk;merchant age lowers risk;session velocity lowers risk
txn_2c237d6568dc,3.3e-05,0,0,,,device history lowers risk;merchant age lowers risk;session velocity lowers risk
txn_11614eb9963d,0.000308,0,0,,,device history lowers risk;session velocity lowers risk;high generated risk score lowers risk
txn_93ea54b814fb,3.5e-05,0,0,,,device history lowers risk;session velocity lowers risk;merchant age lowers risk
txn_f8ffb49d6b6b,0.000191,0,0,,,device history lowers risk;session velocity lowers risk;high generated risk score lowers risk
txn_0b56a104eb28,0.000206,0,0,,,device history lowers risk;session velocity lowers risk;high generated risk score lowers risk
txn_5ca2522836bf,0.000399,0,0,,,device history lowers risk;session velocity lowers risk;customer account age lowers risk
txn_ea06e3733748,0.00027,0,0,,,device history lowers risk;session velocity lowers risk;high generated risk score lowers risk
txn_87d7fc7a12d6,6.5e-05,0,0,,,device history lowers risk;session velocity lowers risk;high generated risk score lowers risk
txn_dcaff1485ffa,0.001339,0,0,,,session velocity lowers risk;high generated risk score lowers risk;customer account age lowers risk
txn_327b71b5905f,0.000391,0,0,,,merchant age lowers risk;session velocity lowers risk;high generated risk score lowers risk
txn_c88943d62494,0.014189,0,0,,,session velocity lowers risk;high generated risk score lowers risk;customer account age lowers risk
txn_27c2ff9d95f6,0.003945,0,0,,,session velocity lowers risk;high generated risk score lowers risk;customer account age lowers risk
txn_0ced9dba2aa4,0.000642,0,0,,,merchant age lowers risk;session velocity lowers risk;high generated risk score lowers risk
txn_3e5f49b1ef69,0.896565,1,1,credential_based_fraud,card_testing,device history raises risk;merchant chargeback behavior lowers risk;customer account age raises risk
txn_b1a89d1f6dd8,0.956515,1,1,credential_based_fraud,card_testing,high generated risk score raises risk;merchant chargeback behavior lowers risk;customer account age raises risk
txn_dad3e8df4fb4,0.95174,1,1,credential_based_fraud,card_testing,high generated risk score raises risk;merchant chargeback behavior lowers risk;customer account age raises risk
txn_1dad71200c4a,0.862417,1,1,credential_based_fraud,card_testing,merchant chargeback behavior lowers risk;customer account age raises risk;channel_code raises risk
txn_785e46f55609,0.940958,1,1,credential_based_fraud,card_testing,device history raises risk;merchant chargeback behavior lowers risk;customer account age raises risk
txn_a36bacc01a9d,0.951723,1,1,credential_based_fraud,card_testing,high generated risk score raises risk;merchant chargeback behavior lowers risk;customer account age raises risk
txn_ff47f4c53f49,0.957027,1,1,credential_based_fraud,card_testing,high generated risk score raises risk;merchant chargeback behavior lowers risk;customer account age raises risk
txn_8d116f66a2a8,0.912849,1,1,credential_based_fraud,card_testing,merchant chargeback behavior lowers risk;customer account age raises risk;channel_code raises risk
txn_76964d5cf2d6,0.935659,1,1,credential_based_fraud,card_testing,device history raises risk;merchant chargeback behavior lowers risk;customer account age raises risk
txn_5106ac76a3cb,0.946907,1,1,credential_based_fraud,card_testing,high generated risk score raises risk;merchant chargeback behavior lowers risk;customer account age raises risk
txn_8762a93c8d06,0.966242,1,1,credential_based_fraud,card_testing,high generated risk score raises risk;merchant chargeback behavior lowers risk;customer account age raises risk
txn_5197dda934ca,0.955901,1,1,credential_based_fraud,card_testing,high generated risk score raises risk;merchant chargeback behavior lowers risk;customer account age raises risk
txn_611f25b0d334,0.942507,1,1,credential_based_fraud,card_testing,device history raises risk;merchant chargeback behavior lowers risk;customer account age raises risk
txn_837a0dc1ab20,0.921768,1,1,credential_based_fraud,card_testing,merchant chargeback behavior lowers risk;customer account age raises risk;channel_code raises risk
txn_f91d2bb11697,0.970175,1,1,credential_based_fraud,card_testing,high generated risk score raises risk;merchant chargeback behavior lowers risk;customer account age raises risk
txn_961bd429d906,0.964045,1,1,credential_based_fraud,card_testing,high generated risk score raises risk;merchant chargeback behavior lowers risk;customer account age raises risk
txn_0f6b2a777378,0.957031,1,1,credential_based_fraud,card_testing,device history raises risk;merchant chargeback behavior lowers risk;customer account age raises risk
txn_4b9936ea3562,0.95185,1,1,credential_based_fraud,card_testing,merchant chargeback behavior lowers risk;customer account age raises risk;channel_code raises risk
txn_658326e22a2c,0.915959,1,1,credential_based_fraud,card_testing,merchant chargeback behavior lowers risk;customer account age raises risk;IP velocity raises risk
txn_5ac058390fee,0.937186,1,1,credential_based_fraud,card_testing,merchant chargeback behavior lowers risk;customer account age raises risk;channel_code raises risk
txn_455227f53b50,0.936495,1,1,credential_based_fraud,card_testing,device history raises risk;merchant chargeback behavior lowers risk;customer account age raises risk
txn_7bc2e5ef0ccf,0.965463,1,1,credential_based_fraud,card_testing,high generated risk score raises risk;merchant chargeback behavior lowers risk;customer account age raises risk
txn_8df1cc6e159b,0.966616,1,1,credential_based_fraud,card_testing,merchant chargeback behavior lowers risk;IP velocity raises risk;high generated risk score raises risk
txn_ed8980e8518e,0.943405,1,1,credential_based_fraud,card_testing,merchant chargeback behavior lowers risk;IP velocity raises risk;customer account age raises risk
txn_2c5073a302e9,0.920401,1,1,credential_based_fraud,card_testing,device history raises risk;merchant chargeback behavior lowers risk;IP velocity raises risk
txn_15cbb6df8e38,0.95737,1,1,credential_based_fraud,card_testing,merchant chargeback behavior lowers risk;IP velocity raises risk;customer account age raises risk
txn_7aeb847bd287,0.97145,1,1,credential_based_fraud,card_testing,high generated risk score raises risk;merchant chargeback behavior lowers risk;customer account age raises risk
txn_52286cc0175e,0.91615,1,1,credential_based_fraud,card_testing,merchant chargeback behavior lowers risk;customer account age raises risk;channel_code raises risk
txn_94a89a411f1f,0.932527,1,1,credential_based_fraud,card_testing,device history raises risk;merchant chargeback behavior lowers risk;customer account age raises risk
txn_c04bd16360a6,0.93104,1,1,credential_based_fraud,card_testing,merchant chargeback behavior lowers risk;customer account age raises risk;channel_code raises risk
txn_c30600555ad4,0.941324,1,1,credential_based_fraud,card_testing,merchant chargeback behavior lowers risk;customer account age raises risk;channel_code raises risk
txn_8c40f34ceb91,0.926876,1,1,credential_based_fraud,card_testing,merchant chargeback behavior lowers risk;customer account age raises risk;channel_code raises risk
txn_239e3960250f,0.95783,1,1,credential_based_fraud,card_testing,device history raises risk;merchant chargeback behavior lowers risk;customer account age raises risk
txn_1a8acaea9a11,0.955761,1,1,credential_based_fraud,card_testing,high generated risk score raises risk;merchant chargeback behavior lowers risk;customer account age raises risk
txn_9c65ff930300,0.946677,1,1,credential_based_fraud,card_testing,merchant chargeback behavior lowers risk;customer account age raises risk;channel_code raises risk
txn_c82493cf76b7,0.912678,1,1,credential_based_fraud,card_testing,merchant chargeback behavior lowers risk;customer account age raises risk;channel_code raises risk
txn_8312e25b4438,0.903579,1,1,credential_based_fraud,card_testing,device history raises risk;merchant chargeback behavior lowers risk;customer account age raises risk
txn_6a1f9f4a3bcb,0.966592,1,1,credential_based_fraud,card_testing,high generated risk score raises risk;merchant chargeback behavior lowers risk;customer account age raises risk
txn_b6451a1dacb2,0.949828,1,1,credential_based_fraud,card_testing,merchant chargeback behavior lowers risk;customer account age raises risk;channel_code raises risk
txn_f5890d75f61c,0.930865,1,1,credential_based_fraud,card_testing,merchant chargeback behavior lowers risk;customer account age raises risk;channel_code raises risk
txn_aaf233f73757,0.949027,1,1,credential_based_fraud,card_testing,device history raises risk;merchant chargeback behavior lowers risk;customer account age raises risk
txn_839bde980e57,0.965487,1,1,credential_based_fraud,card_testing,high generated risk score raises risk;merchant chargeback behavior lowers risk;customer account age raises risk
txn_4bf42a29b505,0.957466,1,1,credential_based_fraud,card_testing,high generated risk score raises risk;merchant chargeback behavior lowers risk;customer account age raises risk
txn_492ab1805c39,0.963846,1,1,credential_based_fraud,card_testing,high generated risk score raises risk;merchant chargeback behavior lowers risk;customer account age raises risk
txn_ebb497589953,0.949942,1,1,credential_based_fraud,card_testing,device history raises risk;merchant chargeback behavior lowers risk;customer account age raises risk
txn_f9c8800384f6,0.934038,1,1,credential_based_fraud,card_testing,merchant chargeback behavior lowers risk;high generated risk score raises risk;customer account age raises risk
txn_ffce5c739f7e,0.888832,1,1,credential_based_fraud,card_testing,merchant chargeback behavior lowers risk;customer account age raises risk;channel_code raises risk
txn_22f5f99e5d06,0.966764,1,1,credential_based_fraud,card_testing,high generated risk score raises risk;merchant chargeback behavior lowers risk;customer account age raises risk
txn_d06e5ff24f3b,0.917346,1,1,credential_based_fraud,card_testing,device history raises risk;merchant chargeback behavior lowers risk;customer account age raises risk
txn_c777cbbfcb82,0.934349,1,1,credential_based_fraud,card_testing,merchant chargeback behavior lowers risk;customer account age raises risk;channel_code raises risk
txn_819d04932fb4,0.931649,1,1,credential_based_fraud,card_testing,merchant chargeback behavior lowers risk;customer account age raises risk;channel_code raises risk
txn_5090b773d86a,0.898873,1,1,credential_based_fraud,card_testing,merchant chargeback behavior lowers risk;customer account age raises risk;channel_code raises risk
txn_0c59cccba17d,0.942097,1,1,credential_based_fraud,card_testing,device history raises risk;merchant chargeback behavior lowers risk;customer account age raises risk
txn_bd5337993888,0.954629,1,1,credential_based_fraud,card_testing,high generated risk score raises risk;merchant chargeback behavior lowers risk;customer account age raises risk
txn_0de9837d129f,0.959692,1,1,credential_based_fraud,card_testing,high generated risk score raises risk;merchant chargeback behavior lowers risk;customer account age raises risk
txn_ce51258fbf87,0.931617,1,1,credential_based_fraud,card_testing,merchant chargeback behavior lowers risk;customer account age raises risk;channel_code raises risk
txn_9ea0d747d902,0.912984,1,1,credential_based_fraud,card_testing,device history raises risk;merchant chargeback behavior lowers risk;customer account age raises risk
txn_87eb70147608,0.945262,1,1,credential_based_fraud,card_testing,high generated risk score raises risk;merchant chargeback behavior lowers risk;customer account age raises risk
txn_00b8d61234d1,0.957865,1,1,credential_based_fraud,card_testing,high generated risk score raises risk;merchant chargeback behavior lowers risk;customer account age raises risk
txn_34c1a006a47f,0.949617,1,1,credential_based_fraud,card_testing,high generated risk score raises risk;merchant chargeback behavior lowers risk;customer account age raises risk
txn_7fffdc411e58,0.880198,1,1,credential_based_fraud,card_testing,device history raises risk;merchant chargeback behavior lowers risk;customer account age raises risk
txn_29cf19fb6ce6,0.911477,1,1,credential_based_fraud,card_testing,merchant chargeback behavior lowers risk;customer account age raises risk;channel_code raises risk
txn_e6a91dd7456c,0.914311,1,1,credential_based_fraud,card_testing,merchant chargeback behavior lowers risk;customer account age raises risk;channel_code raises risk
txn_e20a071c1ca0,0.920762,1,1,credential_based_fraud,card_testing,merchant chargeback behavior lowers risk;customer account age raises risk;channel_code raises risk
txn_d2cd6f18a5b0,0.940071,1,1,credential_based_fraud,card_testing,device history raises risk;merchant chargeback behavior lowers risk;customer account age raises risk
txn_27c2769815a4,0.951152,1,1,credential_based_fraud,card_testing,high generated risk score raises risk;merchant chargeback behavior lowers risk;customer account age raises risk
txn_0f0f8fc3f671,0.871073,1,1,credential_based_fraud,card_testing,merchant chargeback behavior lowers risk;customer account age raises risk;channel_code raises risk
txn_9a5b9d0be084,0.897736,1,1,credential_based_fraud,card_testing,merchant chargeback behavior lowers risk;customer account age raises risk;channel_code raises risk
txn_cf0fbf370781,0.931878,1,1,credential_based_fraud,card_testing,device history raises risk;merchant chargeback behavior lowers risk;customer account age raises risk
txn_318b0f855c2e,0.94402,1,1,credential_based_fraud,card_testing,high generated risk score raises risk;merchant chargeback behavior lowers risk;customer account age raises risk
txn_65dd51828792,0.93405,1,1,credential_based_fraud,card_testing,merchant chargeback behavior lowers risk;high generated risk score raises risk;customer account age raises risk
txn_28fb078e7460,0.950506,1,1,credential_based_fraud,card_testing,high generated risk score raises risk;merchant chargeback behavior lowers risk;customer account age raises risk
txn_72c3fc2688cc,0.911893,1,1,credential_based_fraud,card_testing,device history raises risk;merchant chargeback behavior lowers risk;customer account age raises risk
txn_42e7a905cc45,0.952888,1,1,credential_based_fraud,card_testing,high generated risk score raises risk;merchant chargeback behavior lowers risk;customer account age raises risk
txn_0fb0cad6057e,0.898309,1,1,credential_based_fraud,card_testing,merchant chargeback behavior lowers risk;customer account age raises risk;channel_code raises risk
txn_95e6c56bd08c,0.907431,1,1,credential_based_fraud,card_testing,merchant chargeback behavior lowers risk;customer account age raises risk;channel_code raises risk
txn_bbf9c506a4a3,0.940527,1,1,credential_based_fraud,card_testing,device history raises risk;merchant chargeback behavior lowers risk;customer account age raises risk
txn_71302fe995f4,0.911073,1,1,credential_based_fraud,card_testing,merchant chargeback behavior lowers risk;customer account age raises risk;channel_code raises risk
txn_40de9687e259,0.882392,1,1,credential_based_fraud,card_testing,merchant chargeback behavior lowers risk;customer account age raises risk;channel_code raises risk
txn_744a1acfeb17,0.935997,1,1,credential_based_fraud,card_testing,merchant chargeback behavior lowers risk;customer account age raises risk;channel_code raises risk
txn_2eb48c116cae,0.948606,1,1,credential_based_fraud,card_testing,device history raises risk;merchant chargeback behavior lowers risk;high generated risk score raises risk
txn_6a91115167e7,0.931343,1,1,credential_based_fraud,card_testing,merchant chargeback behavior lowers risk;high generated risk score raises risk;customer account age raises risk
txn_3e1cf89413c2,0.960982,1,1,credential_based_fraud,card_testing,high generated risk score raises risk;merchant chargeback behavior lowers risk;customer account age raises risk
txn_d5632d312957,0.947893,1,1,credential_based_fraud,card_testing,high generated risk score raises risk;merchant chargeback behavior lowers risk;customer account age raises risk
txn_2ce5050c1a86,0.537952,1,1,credential_based_fraud,card_testing,session velocity lowers risk;device history raises risk;high generated risk score raises risk
txn_4640f252fb66,0.939155,1,1,credential_based_fraud,card_not_present,device history raises risk;merchant age raises risk;merchant refund behavior raises risk
txn_1f7aedc6a14c,0.952425,1,1,credential_based_fraud,card_not_present,device history raises risk;merchant age raises risk;merchant refund behavior raises risk
txn_e8fd81de4a90,0.982178,1,1,credential_based_fraud,card_not_present,high generated risk score raises risk;device history raises risk;merchant age raises risk
txn_734ce9024d4d,0.970416,1,1,credential_based_fraud,card_not_present,device history raises risk;merchant age raises risk;merchant refund behavior raises risk
txn_84d782cd6283,0.978666,1,1,credential_based_fraud,card_not_present,high generated risk score raises risk;device history raises risk;merchant age raises risk
txn_b67e80bdd036,0.96291,1,1,credential_based_fraud,card_not_present,device history raises risk;merchant age raises risk;merchant refund behavior raises risk
txn_6887e87e215c,0.984053,1,1,credential_based_fraud,card_not_present,high generated risk score raises risk;device history raises risk;merchant age raises risk
txn_9c1800a1e180,0.979869,1,1,credential_based_fraud,card_not_present,device history raises risk;merchant age raises risk;merchant refund behavior raises risk
txn_ae4e4ae32597,0.976848,1,1,credential_based_fraud,card_not_present,device history raises risk;high generated risk score raises risk;merchant age raises risk
txn_a3ac7d794aef,0.966603,1,1,credential_based_fraud,card_not_present,device history raises risk;merchant age raises risk;merchant refund behavior raises risk
txn_bf907ab8dc6e,0.972084,1,1,credential_based_fraud,card_not_present,device history raises risk;merchant age raises risk;merchant refund behavior raises risk
txn_2766a7cf6f66,0.972979,1,1,credential_based_fraud,card_not_present,device history raises risk;merchant age raises risk;merchant refund behavior raises risk
txn_615d1642416a,0.980242,1,1,credential_based_fraud,card_not_present,device history raises risk;high generated risk score raises risk;merchant age raises risk
txn_69f493957fb7,0.970818,1,1,credential_based_fraud,card_not_present,device history raises risk;merchant age raises risk;merchant refund behavior raises risk
txn_9854a4692598,0.990356,1,1,credential_based_fraud,card_not_present,high generated risk score raises risk;device history raises risk;merchant age raises risk
txn_404ef656c4a1,0.983472,1,1,credential_based_fraud,card_not_present,device history raises risk;merchant age raises risk;merchant refund behavior raises risk
txn_2263e61aea6e,0.983753,1,1,credential_based_fraud,card_not_present,device history raises risk;merchant age raises risk;high generated risk score raises risk
txn_3ef540fd585c,0.980631,1,1,credential_based_fraud,card_not_present,device history raises risk;merchant age raises risk;merchant refund behavior raises risk
txn_4e62f0aeb4ba,0.971855,1,1,credential_based_fraud,card_not_present,device history raises risk;merchant age raises risk;merchant refund behavior raises risk
txn_725a5cdaa866,0.989346,1,1,credential_based_fraud,card_not_present,high generated risk score raises risk;device history raises risk;merchant age raises risk
txn_5ad76f426413,0.987598,1,1,credential_based_fraud,card_not_present,high generated risk score raises risk;device history raises risk;merchant age raises risk
txn_459c669ef39d,0.981246,1,1,credential_based_fraud,card_not_present,device history raises risk;merchant age raises risk;IP velocity raises risk
txn_b150723b07fc,0.973096,1,1,credential_based_fraud,card_not_present,device history raises risk;merchant age raises risk;IP velocity raises risk
txn_996dcd119edb,0.987363,1,1,credential_based_fraud,card_not_present,device history raises risk;merchant age raises risk;IP velocity raises risk
txn_1b19284e34c7,0.979978,1,1,credential_based_fraud,card_not_present,device history raises risk;merchant age raises risk;IP velocity raises risk
txn_3cf40103f882,0.977332,1,1,credential_based_fraud,card_not_present,device history raises risk;merchant age raises risk;merchant refund behavior raises risk
txn_4ca5bc93a306,0.978061,1,1,credential_based_fraud,card_not_present,device history raises risk;merchant age raises risk;merchant refund behavior raises risk
txn_9d15afd37365,0.979024,1,1,credential_based_fraud,card_not_present,device history raises risk;merchant age raises risk;merchant refund behavior raises risk
txn_65a4f12fb51b,0.982075,1,1,credential_based_fraud,card_not_present,high generated risk score raises risk;device history raises risk;merchant age raises risk
txn_cf4e968f2945,0.981928,1,1,credential_based_fraud,card_not_present,device history raises risk;merchant age raises risk;merchant refund behavior raises risk
txn_32dd2a886f7c,0.81546,1,1,credential_based_fraud,card_not_present,session velocity lowers risk;device history raises risk;merchant age raises risk
txn_ca1fba1862e5,0.847848,1,1,credential_based_fraud,consumer_account_takeover,device history raises risk;merchant age raises risk;IP reputation lowers risk
txn_1b82d60d31e7,0.841695,1,1,credential_based_fraud,consumer_account_takeover,merchant age raises risk;high generated risk score lowers risk;IP reputation raises risk
txn_c6c58f73e92b,0.90886,1,1,credential_based_fraud,consumer_account_takeover,merchant age raises risk;IP reputation raises risk;session velocity raises risk
txn_257c96821bfd,0.946063,1,1,credential_based_fraud,consumer_account_takeover,high generated risk score raises risk;merchant age raises risk;IP reputation raises risk
txn_2bb4d1b566fe,0.916092,1,1,credential_based_fraud,consumer_account_takeover,device history raises risk;merchant age raises risk;IP reputation lowers risk
txn_1de64ef6f574,0.950532,1,1,credential_based_fraud,consumer_account_takeover,high generated risk score raises risk;merchant age raises risk;IP reputation raises risk
txn_670aa092fa53,0.906904,1,1,credential_based_fraud,consumer_account_takeover,merchant age raises risk;IP reputation raises risk;high generated risk score lowers risk
txn_edba32144615,0.953005,1,1,credential_based_fraud,consumer_account_takeover,merchant age raises risk;IP reputation raises risk;high generated risk score raises risk
txn_033d46f6dc52,0.935771,1,1,credential_based_fraud,consumer_account_takeover,high generated risk score raises risk;device history raises risk;merchant age raises risk
txn_014d35eca4ee,0.923434,1,1,credential_based_fraud,consumer_account_takeover,merchant age raises risk;IP reputation raises risk;session velocity raises risk
txn_ffd0e2e1e3b1,0.949416,1,1,credential_based_fraud,consumer_account_takeover,merchant age raises risk;IP reputation raises risk;high generated risk score raises risk
txn_e606efbda8dc,0.901445,1,1,credential_based_fraud,consumer_account_takeover,merchant age raises risk;high generated risk score lowers risk;IP reputation raises risk
txn_a33f9832491b,0.860949,1,1,credential_based_fraud,consumer_account_takeover,device history raises risk;merchant age raises risk;IP reputation lowers risk
txn_1012ccb4566b,0.930786,1,1,credential_based_fraud,consumer_account_takeover,merchant age raises risk;IP reputation raises risk;IP velocity raises risk
txn_54860aedaf31,0.963307,1,1,credential_based_fraud,consumer_account_takeover,high generated risk score raises risk;merchant age raises risk;IP reputation raises risk
txn_05895b2f261f,0.712188,1,1,credential_based_fraud,consumer_account_takeover,session velocity lowers risk;high generated risk score lowers risk;merchant age raises risk
txn_be5f6aa0ba86,0.8368,1,1,credential_based_fraud,consumer_account_takeover,session velocity lowers risk;high generated risk score raises risk;device history raises risk
txn_212b36bfaa14,0.854649,1,1,credential_based_fraud,merchant_admin_takeover,device history raises risk;merchant refund behavior raises risk;merchant chargeback behavior lowers risk
txn_023780445f49,0.911521,1,1,credential_based_fraud,merchant_admin_takeover,merchant refund behavior raises risk;merchant chargeback behavior lowers risk;high generated risk score raises risk
txn_3b12d338a90d,0.890625,1,1,credential_based_fraud,merchant_admin_takeover,merchant refund behavior raises risk;merchant chargeback behavior lowers risk;customer account age raises risk
txn_85cfa438e66b,0.912363,1,1,credential_based_fraud,merchant_admin_takeover,merchant refund behavior raises risk;merchant chargeback behavior lowers risk;customer account age raises risk
txn_97b52e9f4462,0.916278,1,1,credential_based_fraud,merchant_admin_takeover,device history raises risk;merchant refund behavior raises risk;merchant chargeback behavior lowers risk
txn_e907b5a72f99,0.946304,1,1,credential_based_fraud,merchant_admin_takeover,high generated risk score raises risk;merchant refund behavior raises risk;merchant chargeback behavior lowers risk
txn_2c762911d6ed,0.526626,1,1,credential_based_fraud,merchant_admin_takeover,session velocity lowers risk;merchant refund behavior raises risk;merchant chargeback behavior lowers risk
txn_69605cc2d2ec,0.886787,1,1,credential_based_fraud,credential_stuffing,device history raises risk;IP reputation lowers risk;high generated risk score lowers risk
txn_01c5630e227f,0.938699,1,1,credential_based_fraud,credential_stuffing,merchant chargeback behavior raises risk;session velocity raises risk;merchant velocity raises risk
txn_634d8967bf92,0.963043,1,1,credential_based_fraud,credential_stuffing,high generated risk score raises risk;merchant chargeback behavior raises risk;session velocity raises risk
txn_b13177ff7fb5,0.956535,1,1,credential_based_fraud,credential_stuffing,merchant chargeback behavior raises risk;session velocity raises risk;merchant velocity raises risk
txn_1839ea15f235,0.938575,1,1,credential_based_fraud,credential_stuffing,device history raises risk;IP reputation lowers risk;merchant chargeback behavior raises risk
txn_2def6f6fc198,0.964486,1,1,credential_based_fraud,credential_stuffing,high generated risk score raises risk;merchant chargeback behavior raises risk;session velocity raises risk
txn_facf8435b1c5,0.96437,1,1,credential_based_fraud,credential_stuffing,merchant chargeback behavior raises risk;high generated risk score raises risk;session velocity raises risk
txn_39992d21bbce,0.951663,1,1,credential_based_fraud,credential_stuffing,merchant chargeback behavior raises risk;session velocity raises risk;merchant velocity raises risk
txn_5c2ab8e7fc5f,0.94985,1,1,credential_based_fraud,credential_stuffing,device history raises risk;IP reputation lowers risk;merchant chargeback behavior raises risk
txn_0273f2ae996d,0.937815,1,1,credential_based_fraud,credential_stuffing,high generated risk score lowers risk;merchant chargeback behavior raises risk;session velocity raises risk
txn_53c4e697f880,0.967969,1,1,credential_based_fraud,credential_stuffing,merchant chargeback behavior raises risk;high generated risk score raises risk;session velocity raises risk
txn_00911bfdbf93,0.953265,1,1,credential_based_fraud,credential_stuffing,merchant chargeback behavior raises risk;IP velocity raises risk;session velocity raises risk
txn_64d493b68797,0.965454,1,1,credential_based_fraud,credential_stuffing,high generated risk score raises risk;device history raises risk;IP reputation lowers risk
txn_44544bb61fc0,0.980652,1,1,credential_based_fraud,credential_stuffing,high generated risk score raises risk;IP velocity raises risk;merchant chargeback behavior raises risk
txn_2de8b18d23da,0.980409,1,1,credential_based_fraud,credential_stuffing,high generated risk score raises risk;IP velocity raises risk;merchant chargeback behavior raises risk
txn_b906798594df,0.97843,1,1,credential_based_fraud,credential_stuffing,high generated risk score raises risk;IP velocity raises risk;merchant chargeback behavior raises risk
txn_649cc8e2c263,0.965941,1,1,credential_based_fraud,credential_stuffing,device history raises risk;IP velocity raises risk;IP reputation lowers risk
txn_6d30179dba8a,0.951382,1,1,credential_based_fraud,credential_stuffing,high generated risk score lowers risk;IP velocity raises risk;merchant chargeback behavior raises risk
txn_1c2b201af65b,0.982114,1,1,credential_based_fraud,credential_stuffing,high generated risk score raises risk;IP velocity raises risk;merchant chargeback behavior raises risk
txn_4cb8875d7dbb,0.977144,1,1,credential_based_fraud,credential_stuffing,IP velocity raises risk;high generated risk score raises risk;merchant chargeback behavior raises risk
txn_928c184cb1b1,0.948876,1,1,credential_based_fraud,credential_stuffing,device history raises risk;IP velocity raises risk;IP reputation lowers risk
txn_86e7309a35af,0.968043,1,1,credential_based_fraud,credential_stuffing,IP velocity raises risk;merchant chargeback behavior raises risk;session velocity raises risk
txn_b50a6ebed0ed,0.976141,1,1,credential_based_fraud,credential_stuffing,high generated risk score raises risk;IP velocity raises risk;merchant chargeback behavior raises risk
txn_14a8e1707ddc,0.966281,1,1,credential_based_fraud,credential_stuffing,IP velocity raises risk;merchant chargeback behavior raises risk;session velocity raises risk
txn_2572fb43e4e4,0.935469,1,1,credential_based_fraud,credential_stuffing,device history raises risk;IP reputation lowers risk;IP velocity raises risk
txn_2636d77183e9,0.955643,1,1,credential_based_fraud,credential_stuffing,merchant chargeback behavior raises risk;IP velocity raises risk;session velocity raises risk
txn_69f86dcd77ed,0.933547,1,1,credential_based_fraud,credential_stuffing,high generated risk score lowers risk;merchant chargeback behavior raises risk;session velocity raises risk
txn_6f2f5094ee17,0.94941,1,1,credential_based_fraud,credential_stuffing,merchant chargeback behavior raises risk;session velocity raises risk;merchant velocity raises risk
txn_061b6c10457b,0.956393,1,1,credential_based_fraud,credential_stuffing,high generated risk score raises risk;device history raises risk;IP reputation lowers risk
txn_339cc6e28069,0.930103,1,1,credential_based_fraud,credential_stuffing,high generated risk score lowers risk;merchant chargeback behavior raises risk;session velocity raises risk
txn_ad36408846a3,0.965146,1,1,credential_based_fraud,credential_stuffing,merchant chargeback behavior raises risk;high generated risk score raises risk;session velocity raises risk
txn_f1a131b41ac0,0.949346,1,1,credential_based_fraud,credential_stuffing,merchant chargeback behavior raises risk;session velocity raises risk;merchant velocity raises risk
txn_c3324c2be06b,0.901125,1,1,credential_based_fraud,credential_stuffing,device history raises risk;high generated risk score lowers risk;IP reputation lowers risk
txn_3ff6e91bad53,0.938248,1,1,credential_based_fraud,credential_stuffing,high generated risk score lowers risk;merchant chargeback behavior raises risk;session velocity raises risk
txn_d20359c9a04c,0.960355,1,1,credential_based_fraud,credential_stuffing,merchant chargeback behavior raises risk;session velocity raises risk;merchant velocity raises risk
txn_87ba0aed5619,0.972434,1,1,credential_based_fraud,credential_stuffing,high generated risk score raises risk;merchant chargeback behavior raises risk;session velocity raises risk
txn_a4688938cb96,0.91837,1,1,credential_based_fraud,credential_stuffing,device history raises risk;IP reputation lowers risk;merchant chargeback behavior raises risk
txn_779639f5eafb,0.938497,1,1,credential_based_fraud,credential_stuffing,merchant chargeback behavior raises risk;session velocity raises risk;merchant velocity raises risk
txn_791773496e87,0.959979,1,1,credential_based_fraud,credential_stuffing,high generated risk score raises risk;merchant chargeback behavior raises risk;session velocity raises risk
txn_79341cab6e87,0.973386,1,1,credential_based_fraud,credential_stuffing,high generated risk score raises risk;merchant chargeback behavior raises risk;session velocity raises risk
txn_5bfe74c6cf3c,0.95254,1,1,credential_based_fraud,credential_stuffing,device history raises risk;IP reputation lowers risk;high generated risk score raises risk
txn_a52d7c66e1b0,0.939703,1,1,credential_based_fraud,credential_stuffing,merchant chargeback behavior raises risk;session velocity raises risk;high generated risk score lowers risk
txn_044d3b48a98a,0.94167,1,1,credential_based_fraud,credential_stuffing,merchant chargeback behavior raises risk;session velocity raises risk;merchant velocity raises risk
txn_913c849ed8bc,0.97337,1,1,credential_based_fraud,credential_stuffing,high generated risk score raises risk;merchant chargeback behavior raises risk;session velocity raises risk
txn_4ddcf19f7fa6,0.929038,1,1,credential_based_fraud,credential_stuffing,device history raises risk;IP reputation lowers risk;merchant chargeback behavior raises risk
txn_25e8a0071fd0,0.974903,1,1,credential_based_fraud,credential_stuffing,high generated risk score raises risk;merchant chargeback behavior raises risk;session velocity raises risk
txn_ea162f0932d0,0.952414,1,1,credential_based_fraud,credential_stuffing,merchant chargeback behavior raises risk;session velocity raises risk;merchant velocity raises risk
txn_4066f1d6f3de,0.937007,1,1,credential_based_fraud,credential_stuffing,merchant chargeback behavior raises risk;session velocity raises risk;merchant velocity raises risk
txn_492f754a927d,0.940551,1,1,credential_based_fraud,credential_stuffing,device history raises risk;IP reputation lowers risk;merchant chargeback behavior raises risk
txn_34daa77e700a,0.951681,1,1,credential_based_fraud,credential_stuffing,merchant chargeback behavior raises risk;session velocity raises risk;merchant velocity raises risk
txn_90754989b144,0.94526,1,1,credential_based_fraud,credential_stuffing,merchant chargeback behavior raises risk;session velocity raises risk;merchant velocity raises risk
txn_70a578c5b006,0.924566,1,1,credential_based_fraud,credential_stuffing,merchant chargeback behavior raises risk;high generated risk score lowers risk;session velocity raises risk
txn_36391151ef95,0.952208,1,1,credential_based_fraud,credential_stuffing,high generated risk score raises risk;device history raises risk;IP reputation lowers risk
txn_19368d8b7e82,0.935736,1,1,credential_based_fraud,credential_stuffing,high generated risk score lowers risk;merchant chargeback behavior raises risk;session velocity raises risk
txn_5789e4d15556,0.918528,1,1,credential_based_fraud,credential_stuffing,high generated risk score lowers risk;merchant chargeback behavior raises risk;session velocity raises risk
txn_b93bff3d3587,0.929599,1,1,credential_based_fraud,credential_stuffing,merchant chargeback behavior raises risk;session velocity raises risk;high generated risk score lowers risk
txn_59e7cf0d9e4c,0.902984,1,1,credential_based_fraud,credential_stuffing,device history raises risk;IP reputation lowers risk;merchant chargeback behavior raises risk
txn_d628d17a55f5,0.96355,1,1,credential_based_fraud,credential_stuffing,high generated risk score raises risk;merchant chargeback behavior raises risk;session velocity raises risk
txn_77ba9c4315d1,0.969277,1,1,credential_based_fraud,credential_stuffing,high generated risk score raises risk;merchant chargeback behavior raises risk;session velocity raises risk
txn_6cb2c2b8b5ab,0.96277,1,1,credential_based_fraud,credential_stuffing,high generated risk score raises risk;merchant chargeback behavior raises risk;session velocity raises risk
txn_c2f337d7ddc4,0.897768,1,1,credential_based_fraud,credential_stuffing,device history raises risk;IP reputation lowers risk;high generated risk score lowers risk
txn_6aac440a1b30,0.94166,1,1,credential_based_fraud,credential_stuffing,merchant chargeback behavior raises risk;session velocity raises risk;merchant velocity raises risk
txn_4966f90c7d45,0.968707,1,1,credential_based_fraud,credential_stuffing,high generated risk score raises risk;merchant chargeback behavior raises risk;session velocity raises risk
txn_4006129896e7,0.959495,1,1,credential_based_fraud,credential_stuffing,merchant chargeback behavior raises risk;session velocity raises risk;high generated risk score raises risk
txn_982bf9fb391d,0.92789,1,1,credential_based_fraud,credential_stuffing,device history raises risk;IP reputation lowers risk;merchant chargeback behavior raises risk
txn_c9abc43c7b2f,0.968517,1,1,credential_based_fraud,credential_stuffing,high generated risk score raises risk;merchant chargeback behavior raises risk;session velocity raises risk
txn_c50953b0074d,0.949745,1,1,credential_based_fraud,credential_stuffing,merchant chargeback behavior raises risk;session velocity raises risk;merchant velocity raises risk
txn_bd4b4c9b4156,0.949443,1,1,credential_based_fraud,credential_stuffing,merchant chargeback behavior raises risk;session velocity raises risk;high generated risk score raises risk
txn_89ec7371a8d2,0.864044,1,1,credential_based_fraud,credential_stuffing,device history raises risk;high generated risk score lowers risk;IP reputation lowers risk
txn_0e9a5b617fba,0.957109,1,1,credential_based_fraud,credential_stuffing,high generated risk score raises risk;merchant chargeback behavior raises risk;session velocity raises risk
txn_112b3ec3f821,0.927426,1,1,credential_based_fraud,credential_stuffing,merchant chargeback behavior raises risk;session velocity raises risk;merchant velocity raises risk
txn_e543557c13e9,0.970795,1,1,credential_based_fraud,credential_stuffing,high generated risk score raises risk;merchant chargeback behavior raises risk;session velocity raises risk
txn_9501efe6da3d,0.892513,1,1,credential_based_fraud,credential_stuffing,device history raises risk;IP reputation lowers risk;merchant chargeback behavior raises risk
txn_fb815502ecbd,0.930139,1,1,credential_based_fraud,credential_stuffing,merchant chargeback behavior raises risk;session velocity raises risk;merchant velocity raises risk
txn_34d286961deb,0.948426,1,1,credential_based_fraud,credential_stuffing,merchant chargeback behavior raises risk;session velocity raises risk;merchant velocity raises risk
txn_70ef592f4d67,0.950961,1,1,credential_based_fraud,credential_stuffing,merchant chargeback behavior raises risk;high generated risk score raises risk;session velocity raises risk
txn_25711631ed3f,0.867412,1,1,credential_based_fraud,credential_stuffing,device history raises risk;high generated risk score lowers risk;IP reputation lowers risk
txn_68dc2e9acd1e,0.922985,1,1,credential_based_fraud,credential_stuffing,high generated risk score lowers risk;merchant chargeback behavior raises risk;session velocity raises risk
txn_832e91f9d39b,0.942965,1,1,credential_based_fraud,credential_stuffing,merchant chargeback behavior raises risk;session velocity raises risk;merchant velocity raises risk
txn_cb2b850f7a45,0.948037,1,1,credential_based_fraud,credential_stuffing,merchant chargeback behavior raises risk;session velocity raises risk;merchant velocity raises risk
txn_9ee682af52bf,0.928583,1,1,credential_based_fraud,credential_stuffing,device history raises risk;IP reputation lowers risk;merchant chargeback behavior raises risk
txn_211b2ee7e234,0.927778,1,1,credential_based_fraud,credential_stuffing,merchant chargeback behavior raises risk;IP velocity lowers risk;session velocity raises risk
txn_892273888554,0.93363,1,1,credential_based_fraud,credential_stuffing,merchant chargeback behavior raises risk;IP velocity lowers risk;session velocity raises risk
txn_8eab73369af3,0.966822,1,1,credential_based_fraud,credential_stuffing,high generated risk score raises risk;merchant chargeback behavior raises risk;IP velocity lowers risk
txn_81df9a6c075e,0.908852,1,1,credential_based_fraud,credential_stuffing,device history raises risk;IP reputation lowers risk;merchant chargeback behavior raises risk
txn_6f51067ac8e1,0.914851,1,1,credential_based_fraud,credential_stuffing,merchant chargeback behavior raises risk;IP velocity lowers risk;session velocity raises risk
txn_66929f0799c5,0.959004,1,1,credential_based_fraud,credential_stuffing,high generated risk score raises risk;merchant chargeback behavior raises risk;IP velocity lowers risk
txn_d8dbf39d6d3a,0.963675,1,1,credential_based_fraud,credential_stuffing,high generated risk score raises risk;merchant chargeback behavior raises risk;IP velocity lowers risk
txn_8de1bde6acee,0.880239,1,1,credential_based_fraud,credential_stuffing,device history raises risk;high generated risk score lowers risk;IP reputation lowers risk
txn_4be24b05121f,0.918125,1,1,credential_based_fraud,credential_stuffing,high generated risk score lowers risk;merchant chargeback behavior raises risk;IP velocity lowers risk
txn_adb18b49fc2e,0.938506,1,1,credential_based_fraud,credential_stuffing,merchant chargeback behavior raises risk;IP velocity lowers risk;session velocity raises risk
txn_853080679579,0.915247,1,1,credential_based_fraud,credential_stuffing,merchant chargeback behavior raises risk;high generated risk score lowers risk;IP velocity lowers risk
txn_f23f3aebf4bc,0.913756,1,1,credential_based_fraud,credential_stuffing,device history raises risk;IP reputation lowers risk;merchant chargeback behavior raises risk
txn_08d9b8efe43e,0.923206,1,1,credential_based_fraud,credential_stuffing,IP velocity lowers risk;merchant chargeback behavior raises risk;session velocity raises risk
txn_40df80e6ff92,0.898123,1,1,credential_based_fraud,credential_stuffing,high generated risk score lowers risk;IP velocity lowers risk;merchant chargeback behavior raises risk
txn_78873f5037bd,0.907385,1,1,credential_based_fraud,credential_stuffing,high generated risk score lowers risk;IP velocity lowers risk;merchant chargeback behavior raises risk
txn_ea50c38b7c0c,0.863393,1,1,credential_based_fraud,credential_stuffing,device history raises risk;high generated risk score lowers risk;IP reputation lowers risk
txn_dc3eb6abc83e,0.906464,1,1,credential_based_fraud,credential_stuffing,high generated risk score lowers risk;IP velocity lowers risk;merchant chargeback behavior raises risk
txn_43c011f6d883,0.910158,1,1,credential_based_fraud,credential_stuffing,high generated risk score lowers risk;IP velocity lowers risk;merchant chargeback behavior raises risk
txn_6f73567557ec,0.940322,1,1,credential_based_fraud,credential_stuffing,IP velocity lowers risk;merchant chargeback behavior raises risk;session velocity raises risk
txn_f3b2874f1403,0.949396,1,1,credential_based_fraud,credential_stuffing,high generated risk score raises risk;device history raises risk;IP reputation lowers risk
txn_f217d998442d,0.936815,1,1,credential_based_fraud,credential_stuffing,IP velocity lowers risk;merchant chargeback behavior raises risk;session velocity raises risk
txn_9ea0f98bd23d,0.952152,1,1,credential_based_fraud,credential_stuffing,IP velocity lowers risk;merchant chargeback behavior raises risk;session velocity raises risk
txn_ca125b3fefb1,0.964705,1,1,credential_based_fraud,credential_stuffing,high generated risk score raises risk;IP velocity lowers risk;merchant chargeback behavior raises risk
txn_19777a1aac45,0.932596,1,1,credential_based_fraud,credential_stuffing,device history raises risk;IP reputation lowers risk;high generated risk score raises risk
txn_5e21743868f4,0.942356,1,1,credential_based_fraud,credential_stuffing,IP velocity lowers risk;merchant chargeback behavior raises risk;high generated risk score raises risk
txn_1b97d22ecc4d,0.925746,1,1,credential_based_fraud,credential_stuffing,IP velocity lowers risk;merchant chargeback behavior raises risk;session velocity raises risk
txn_b775d04291a9,0.955465,1,1,credential_based_fraud,credential_stuffing,IP velocity lowers risk;high generated risk score raises risk;merchant chargeback behavior raises risk
txn_4330731ae593,0.883066,1,1,credential_based_fraud,credential_stuffing,device history raises risk;IP reputation lowers risk;IP velocity lowers risk
txn_18ce5af3c2e2,0.933633,1,1,credential_based_fraud,credential_stuffing,IP velocity lowers risk;merchant chargeback behavior raises risk;session velocity raises risk
txn_9c7335325d4e,0.963592,1,1,credential_based_fraud,credential_stuffing,high generated risk score raises risk;IP velocity lowers risk;merchant chargeback behavior raises risk
txn_eb22f849094f,0.965024,1,1,credential_based_fraud,credential_stuffing,high generated risk score raises risk;IP velocity lowers risk;merchant chargeback behavior raises risk
txn_1a07a9c4fb6b,0.934779,1,1,credential_based_fraud,credential_stuffing,device history raises risk;IP reputation lowers risk;high generated risk score raises risk
txn_cd32e899b23a,0.942318,1,1,credential_based_fraud,credential_stuffing,IP velocity lowers risk;merchant chargeback behavior raises risk;session velocity raises risk
txn_14bb617cc7ee,0.934842,1,1,credential_based_fraud,credential_stuffing,IP velocity lowers risk;merchant chargeback behavior raises risk;session velocity raises risk
txn_081a5f157b6d,0.939997,1,1,credential_based_fraud,credential_stuffing,IP velocity lowers risk;merchant chargeback behavior raises risk;session velocity raises risk
txn_fb7a1c0d0128,0.90537,1,1,credential_based_fraud,credential_stuffing,device history raises risk;IP reputation lowers risk;IP velocity lowers risk
txn_ab6b1e535467,0.91796,1,1,credential_based_fraud,credential_stuffing,IP velocity lowers risk;merchant chargeback behavior raises risk;high generated risk score lowers risk
txn_318eb40565aa,0.966794,1,1,credential_based_fraud,credential_stuffing,high generated risk score raises risk;IP velocity lowers risk;merchant chargeback behavior raises risk
txn_f69a8693e7af,0.964625,1,1,credential_based_fraud,credential_stuffing,high generated risk score raises risk;IP velocity lowers risk;merchant chargeback behavior raises risk
txn_1749138f7f68,0.907616,1,1,credential_based_fraud,credential_stuffing,device history raises risk;IP reputation lowers risk;IP velocity lowers risk
txn_78271bb71810,0.947484,1,1,credential_based_fraud,credential_stuffing,IP velocity lowers risk;high generated risk score raises risk;merchant chargeback behavior raises risk
txn_9e14e322c7cf,0.936554,1,1,credential_based_fraud,credential_stuffing,IP velocity lowers risk;merchant chargeback behavior raises risk;session velocity raises risk
txn_60b1c88c587b,0.968677,1,1,credential_based_fraud,credential_stuffing,high generated risk score raises risk;IP velocity lowers risk;merchant chargeback behavior raises risk
txn_8bbaf34fbad9,0.919082,1,1,credential_based_fraud,credential_stuffing,device history raises risk;IP reputation lowers risk;IP velocity lowers risk
txn_06bf719a241d,0.951717,1,1,credential_based_fraud,credential_stuffing,high generated risk score raises risk;IP velocity lowers risk;merchant chargeback behavior raises risk
txn_c44c419b9ab6,0.898726,1,1,credential_based_fraud,credential_stuffing,high generated risk score lowers risk;IP velocity lowers risk;merchant chargeback behavior raises risk
txn_e704fc285d2b,0.94961,1,1,credential_based_fraud,credential_stuffing,IP velocity lowers risk;high generated risk score raises risk;merchant chargeback behavior raises risk
txn_77679bf84a45,0.928024,1,1,credential_based_fraud,credential_stuffing,device history raises risk;IP reputation lowers risk;IP velocity lowers risk
txn_58f37145c169,0.949747,1,1,credential_based_fraud,credential_stuffing,IP velocity lowers risk;merchant chargeback behavior raises risk;high generated risk score raises risk
txn_f24b637626df,0.956673,1,1,credential_based_fraud,credential_stuffing,high generated risk score raises risk;IP velocity lowers risk;merchant chargeback behavior raises risk
txn_09cf2fdb17b2,0.9324,1,1,credential_based_fraud,credential_stuffing,IP velocity lowers risk;merchant chargeback behavior raises risk;session velocity raises risk
txn_147d797d1faf,0.943842,1,1,credential_based_fraud,credential_stuffing,device history raises risk;high generated risk score raises risk;IP reputation lowers risk
txn_769ffd7d5d94,0.96327,1,1,credential_based_fraud,credential_stuffing,high generated risk score raises risk;IP velocity lowers risk;merchant chargeback behavior raises risk
txn_ac5798d2d5c6,0.964184,1,1,credential_based_fraud,credential_stuffing,high generated risk score raises risk;IP velocity lowers risk;merchant chargeback behavior raises risk
txn_999b1ec71b9c,0.967749,1,1,credential_based_fraud,credential_stuffing,high generated risk score raises risk;IP velocity lowers risk;merchant chargeback behavior raises risk
txn_ddd34487ae3c,0.923193,1,1,credential_based_fraud,credential_stuffing,device history raises risk;IP reputation lowers risk;IP velocity lowers risk
txn_608357d54415,0.938599,1,1,credential_based_fraud,credential_stuffing,IP velocity lowers risk;merchant chargeback behavior raises risk;session velocity raises risk
txn_700edea2d1b6,0.964325,1,1,credential_based_fraud,credential_stuffing,high generated risk score raises risk;IP velocity lowers risk;merchant chargeback behavior raises risk
txn_3f75ccbb47a3,0.95264,1,1,credential_based_fraud,credential_stuffing,IP velocity lowers risk;merchant chargeback behavior raises risk;session velocity raises risk
txn_582c5536a7a9,0.895777,1,1,credential_based_fraud,credential_stuffing,device history raises risk;IP reputation lowers risk;IP velocity lowers risk
txn_d3412c563726,0.959627,1,1,credential_based_fraud,credential_stuffing,high generated risk score raises risk;IP velocity lowers risk;merchant chargeback behavior raises risk
txn_f4c542c2cb20,0.937318,1,1,credential_based_fraud,credential_stuffing,IP velocity lowers risk;merchant chargeback behavior raises risk;session velocity raises risk
txn_276883fbd628,0.924193,1,1,credential_based_fraud,credential_stuffing,IP velocity lowers risk;merchant chargeback behavior raises risk;session velocity raises risk
txn_37ae0d50910b,0.940956,1,1,credential_based_fraud,credential_stuffing,device history raises risk;high generated risk score raises risk;IP reputation lowers risk
txn_f6d9b831aff0,0.944924,1,1,credential_based_fraud,credential_stuffing,IP velocity lowers risk;merchant chargeback behavior raises risk;session velocity raises risk
txn_570f56c8d280,0.92066,1,1,credential_based_fraud,credential_stuffing,IP velocity lowers risk;merchant chargeback behavior raises risk;session velocity raises risk
txn_95de4547a228,0.941902,1,1,credential_based_fraud,credential_stuffing,IP velocity lowers risk;merchant chargeback behavior raises risk;session velocity raises risk
txn_4ded96038330,0.941118,1,1,credential_based_fraud,credential_stuffing,device history raises risk;IP reputation lowers risk;IP velocity lowers risk
txn_7d1e133c24ec,0.953168,1,1,credential_based_fraud,credential_stuffing,high generated risk score raises risk;IP velocity lowers risk;merchant chargeback behavior raises risk
txn_9aedb4f72f0c,0.924463,1,1,credential_based_fraud,credential_stuffing,IP velocity lowers risk;high generated risk score lowers risk;merchant chargeback behavior raises risk
txn_31d05f9b091a,0.943287,1,1,credential_based_fraud,credential_stuffing,IP velocity lowers risk;merchant chargeback behavior raises risk;session velocity raises risk
txn_5e96eceb7e34,0.915158,1,1,credential_based_fraud,credential_stuffing,device history raises risk;IP reputation lowers risk;IP velocity lowers risk
txn_f0bd57a4f408,0.935349,1,1,credential_based_fraud,credential_stuffing,IP velocity lowers risk;merchant chargeback behavior raises risk;session velocity raises risk
txn_cb57fb6ea7ed,0.937158,1,1,credential_based_fraud,credential_stuffing,IP velocity lowers risk;merchant chargeback behavior raises risk;session velocity raises risk
txn_10ffac62dcce,0.940952,1,1,credential_based_fraud,credential_stuffing,IP velocity lowers risk;merchant chargeback behavior raises risk;session velocity raises risk
txn_c41873a1fbec,0.951452,1,1,credential_based_fraud,credential_stuffing,high generated risk score raises risk;device history raises risk;IP reputation lowers risk
txn_ae49bbf3bb7e,0.919239,1,1,credential_based_fraud,credential_stuffing,high generated risk score lowers risk;IP velocity lowers risk;merchant chargeback behavior raises risk
txn_9798b4aa7057,0.914894,1,1,credential_based_fraud,credential_stuffing,IP velocity lowers risk;merchant chargeback behavior raises risk;session velocity raises risk
txn_07cf6d405814,0.95569,1,1,credential_based_fraud,credential_stuffing,high generated risk score raises risk;IP velocity lowers risk;merchant chargeback behavior raises risk
txn_0b8a8fdb372b,0.956199,1,1,credential_based_fraud,credential_stuffing,high generated risk score raises risk;device history raises risk;IP reputation lowers risk
txn_1030186e873c,0.944582,1,1,credential_based_fraud,credential_stuffing,IP velocity lowers risk;merchant chargeback behavior raises risk;session velocity raises risk
txn_e3cee9c1b28a,0.95541,1,1,credential_based_fraud,credential_stuffing,IP velocity lowers risk;merchant chargeback behavior raises risk;session velocity raises risk
txn_34b8a684f613,0.961836,1,1,credential_based_fraud,credential_stuffing,high generated risk score raises risk;IP velocity lowers risk;merchant chargeback behavior raises risk
txn_eab2d5ba1560,0.952841,1,1,credential_based_fraud,credential_stuffing,high generated risk score raises risk;device history raises risk;IP reputation lowers risk
txn_20fa61cdd512,0.944159,1,1,credential_based_fraud,credential_stuffing,IP velocity lowers risk;merchant chargeback behavior raises risk;session velocity raises risk
txn_79785dd6d0b1,0.971383,1,1,credential_based_fraud,credential_stuffing,high generated risk score raises risk;IP velocity lowers risk;merchant chargeback behavior raises risk
txn_93b4a8229433,0.946075,1,1,credential_based_fraud,credential_stuffing,IP velocity lowers risk;merchant chargeback behavior raises risk;session velocity raises risk
txn_0c72a83959d5,0.934652,1,1,credential_based_fraud,credential_stuffing,device history raises risk;IP reputation lowers risk;IP velocity lowers risk
txn_88cd3e18a9fe,0.961814,1,1,credential_based_fraud,credential_stuffing,high generated risk score raises risk;IP velocity lowers risk;merchant chargeback behavior raises risk
txn_c1d59b56ae4e,0.949322,1,1,credential_based_fraud,credential_stuffing,IP velocity lowers risk;merchant chargeback behavior raises risk;session velocity raises risk
txn_5cbc6d61965f,0.965537,1,1,credential_based_fraud,credential_stuffing,high generated risk score raises risk;IP velocity lowers risk;merchant chargeback behavior raises risk
txn_13c51bca874c,0.900718,1,1,credential_based_fraud,credential_stuffing,device history raises risk;IP reputation lowers risk;IP velocity lowers risk
txn_d3b28fafcb2c,0.936042,1,1,credential_based_fraud,credential_stuffing,IP velocity lowers risk;merchant chargeback behavior raises risk;session velocity raises risk
txn_d4b9919d67d1,0.966846,1,1,credential_based_fraud,credential_stuffing,high generated risk score raises risk;IP velocity lowers risk;merchant chargeback behavior raises risk
txn_7957a4f8d5b0,0.965351,1,1,credential_based_fraud,credential_stuffing,high generated risk score raises risk;IP velocity lowers risk;merchant chargeback behavior raises risk
txn_3ddc9e6a15db,0.879542,1,1,credential_based_fraud,credential_stuffing,device history raises risk;IP reputation lowers risk;IP velocity lowers risk
txn_f36f6f58cff5,0.916332,1,1,credential_based_fraud,credential_stuffing,high generated risk score lowers risk;IP velocity lowers risk;merchant chargeback behavior raises risk
txn_a6272ebb5f23,0.927513,1,1,credential_based_fraud,credential_stuffing,IP velocity lowers risk;merchant chargeback behavior raises risk;session velocity raises risk
txn_d0042d108143,0.959118,1,1,credential_based_fraud,credential_stuffing,IP velocity lowers risk;merchant chargeback behavior raises risk;high generated risk score raises risk
txn_76124b015862,0.883109,1,1,credential_based_fraud,credential_stuffing,device history raises risk;IP reputation lowers risk;IP velocity lowers risk
txn_1e9a8869b279,0.94381,1,1,credential_based_fraud,credential_stuffing,IP velocity lowers risk;merchant chargeback behavior raises risk;session velocity raises risk
txn_f7f9b32b5479,0.965009,1,1,credential_based_fraud,credential_stuffing,high generated risk score raises risk;IP velocity lowers risk;merchant chargeback behavior raises risk
txn_216d743632e2,0.947109,1,1,credential_based_fraud,credential_stuffing,IP velocity lowers risk;merchant chargeback behavior raises risk;session velocity raises risk
txn_90bf62a04c57,0.959094,1,1,credential_based_fraud,credential_stuffing,high generated risk score raises risk;device history raises risk;IP reputation lowers risk
txn_d7e69b239bb9,0.904361,1,1,credential_based_fraud,credential_stuffing,high generated risk score lowers risk;IP velocity lowers risk;merchant chargeback behavior raises risk
txn_bd4810759b5e,0.935925,1,1,credential_based_fraud,credential_stuffing,IP velocity lowers risk;merchant chargeback behavior raises risk;session velocity raises risk
txn_dff1e8ceef9d,0.947803,1,1,credential_based_fraud,credential_stuffing,IP velocity lowers risk;merchant chargeback behavior raises risk;session velocity raises risk
txn_2282cfceea65,0.942232,1,1,credential_based_fraud,credential_stuffing,device history raises risk;IP reputation lowers risk;high generated risk score raises risk
txn_4d2ac377fd53,0.94487,1,1,credential_based_fraud,credential_stuffing,IP velocity lowers risk;merchant chargeback behavior raises risk;session velocity raises risk
txn_fb7e87242082,0.929833,1,1,credential_based_fraud,credential_stuffing,IP velocity lowers risk;merchant chargeback behavior raises risk;session velocity raises risk
txn_b57e9d418db9,0.918587,1,1,credential_based_fraud,credential_stuffing,IP velocity lowers risk;merchant chargeback behavior raises risk;high generated risk score lowers risk
txn_c705ae9ba8ed,0.892667,1,1,credential_based_fraud,credential_stuffing,device history raises risk;IP reputation lowers risk;IP velocity lowers risk
txn_db3ec29b18ae,0.966953,1,1,credential_based_fraud,credential_stuffing,high generated risk score raises risk;IP velocity lowers risk;merchant chargeback behavior raises risk
txn_363e2fcd50b4,0.960433,1,1,credential_based_fraud,credential_stuffing,high generated risk score raises risk;IP velocity lowers risk;merchant chargeback behavior raises risk
txn_f17d719f6022,0.964415,1,1,credential_based_fraud,credential_stuffing,high generated risk score raises risk;IP velocity lowers risk;merchant chargeback behavior raises risk
txn_c0c908b3b0ed,0.9098,1,1,credential_based_fraud,credential_stuffing,device history raises risk;IP reputation lowers risk;IP velocity lowers risk
txn_fcde3d6bf66f,0.933967,1,1,credential_based_fraud,credential_stuffing,IP velocity lowers risk;merchant chargeback behavior raises risk;session velocity raises risk
txn_2a508827765a,0.942992,1,1,credential_based_fraud,credential_stuffing,IP velocity lowers risk;merchant chargeback behavior raises risk;session velocity raises risk
txn_68f22a5cc1d7,0.919187,1,1,credential_based_fraud,credential_stuffing,IP velocity lowers risk;high generated risk score lowers risk;merchant chargeback behavior raises risk
txn_3dfb27b85999,0.88306,1,1,credential_based_fraud,credential_stuffing,device history raises risk;IP reputation lowers risk;IP velocity lowers risk
txn_e8137696f185,0.944263,1,1,credential_based_fraud,credential_stuffing,IP velocity lowers risk;merchant chargeback behavior raises risk;session velocity raises risk
txn_7b8806beb85b,0.939233,1,1,credential_based_fraud,credential_stuffing,IP velocity lowers risk;merchant chargeback behavior raises risk;session velocity raises risk
txn_86e1db2fa337,0.96015,1,1,credential_based_fraud,credential_stuffing,high generated risk score raises risk;IP velocity lowers risk;merchant chargeback behavior raises risk
txn_f481de77d0cb,0.910706,1,1,credential_based_fraud,credential_stuffing,device history raises risk;IP reputation lowers risk;IP velocity lowers risk
txn_362a00145086,0.946047,1,1,credential_based_fraud,credential_stuffing,IP velocity lowers risk;merchant chargeback behavior raises risk;session velocity raises risk
txn_e06a93f67fdd,0.929324,1,1,credential_based_fraud,credential_stuffing,IP velocity lowers risk;merchant chargeback behavior raises risk;session velocity raises risk
txn_f73533c36f59,0.963789,1,1,credential_based_fraud,credential_stuffing,high generated risk score raises risk;IP velocity lowers risk;merchant chargeback behavior raises risk
txn_91cf8ad1bbcd,0.898043,1,1,credential_based_fraud,credential_stuffing,device history raises risk;IP reputation lowers risk;IP velocity lowers risk
txn_9fa5b62c1d48,0.92464,1,1,credential_based_fraud,credential_stuffing,high generated risk score lowers risk;IP velocity lowers risk;merchant chargeback behavior raises risk
txn_de473e435daf,0.971523,1,1,credential_based_fraud,credential_stuffing,high generated risk score raises risk;IP velocity lowers risk;merchant chargeback behavior raises risk
txn_ccbe69f4dd36,0.933741,1,1,credential_based_fraud,credential_stuffing,IP velocity lowers risk;merchant chargeback behavior raises risk;session velocity raises risk
txn_a1cb2de4c27b,0.939078,1,1,credential_based_fraud,credential_stuffing,device history raises risk;IP reputation lowers risk;IP velocity lowers risk
txn_a4a5f3a6e1b3,0.943575,1,1,credential_based_fraud,credential_stuffing,IP velocity lowers risk;merchant chargeback behavior raises risk;session velocity raises risk
txn_392621a15b10,0.911237,1,1,credential_based_fraud,credential_stuffing,IP velocity lowers risk;high generated risk score lowers risk;merchant chargeback behavior raises risk
txn_66858bdb0d30,0.913605,1,1,credential_based_fraud,credential_stuffing,IP velocity lowers risk;high generated risk score lowers risk;merchant chargeback behavior raises risk
txn_aff4ba47df00,0.912916,1,1,credential_based_fraud,credential_stuffing,device history raises risk;IP reputation lowers risk;IP velocity lowers risk
txn_114cd7ab9844,0.950308,1,1,credential_based_fraud,credential_stuffing,IP velocity lowers risk;merchant chargeback behavior raises risk;session velocity raises risk
txn_eb45f9d8e840,0.9204,1,1,credential_based_fraud,credential_stuffing,high generated risk score lowers risk;IP velocity lowers risk;merchant chargeback behavior raises risk
txn_f57515b35b16,0.946429,1,1,credential_based_fraud,credential_stuffing,IP velocity lowers risk;merchant chargeback behavior raises risk;session velocity raises risk
txn_dba09afddabc,0.951011,1,1,credential_based_fraud,credential_stuffing,device history raises risk;high generated risk score raises risk;IP reputation lowers risk
txn_6866adfdac74,0.951824,1,1,credential_based_fraud,credential_stuffing,IP velocity lowers risk;merchant chargeback behavior raises risk;session velocity raises risk
txn_4ecbff386418,0.963228,1,1,credential_based_fraud,credential_stuffing,high generated risk score raises risk;IP velocity lowers risk;merchant chargeback behavior raises risk
txn_06efbf57492c,0.934917,1,1,credential_based_fraud,credential_stuffing,IP velocity lowers risk;merchant chargeback behavior raises risk;session velocity raises risk
txn_78ce7f3c0a52,0.952757,1,1,credential_based_fraud,credential_stuffing,high generated risk score raises risk;device history raises risk;IP reputation lowers risk
txn_a5b955b07c8c,0.966526,1,1,credential_based_fraud,credential_stuffing,high generated risk score raises risk;IP velocity lowers risk;merchant chargeback behavior raises risk
txn_025d457cf191,0.943028,1,1,credential_based_fraud,credential_stuffing,IP velocity lowers risk;merchant chargeback behavior raises risk;session velocity raises risk
txn_9e6d0b0b5625,0.971166,1,1,credential_based_fraud,credential_stuffing,high generated risk score raises risk;IP velocity lowers risk;merchant chargeback behavior raises risk
txn_920604a8e095,0.953577,1,1,credential_based_fraud,credential_stuffing,high generated risk score raises risk;device history raises risk;IP reputation lowers risk
txn_d2c92a8d2a11,0.960765,1,1,credential_based_fraud,credential_stuffing,high generated risk score raises risk;IP velocity lowers risk;merchant chargeback behavior raises risk
txn_48ed5d05b6cb,0.881308,1,1,credential_based_fraud,credential_stuffing,high generated risk score lowers risk;IP velocity lowers risk;merchant chargeback behavior raises risk
txn_dc51f3a50da2,0.904615,1,1,credential_based_fraud,credential_stuffing,IP velocity lowers risk;merchant chargeback behavior raises risk;session velocity raises risk
txn_a053e027f3d2,0.893514,1,1,credential_based_fraud,credential_stuffing,device history raises risk;IP reputation lowers risk;IP velocity lowers risk
txn_269deb5a852f,0.922503,1,1,credential_based_fraud,credential_stuffing,IP velocity lowers risk;merchant chargeback behavior raises risk;session velocity raises risk
txn_64b3244fe543,0.908681,1,1,credential_based_fraud,credential_stuffing,IP velocity lowers risk;merchant chargeback behavior raises risk;session velocity raises risk
txn_5278d5e106b3,0.954546,1,1,credential_based_fraud,credential_stuffing,high generated risk score raises risk;IP velocity lowers risk;merchant chargeback behavior raises risk
txn_16ea7334146c,0.843336,1,1,credential_based_fraud,credential_stuffing,device history raises risk;IP reputation lowers risk;IP velocity lowers risk
txn_5d12b8721552,0.925704,1,1,credential_based_fraud,credential_stuffing,IP velocity lowers risk;merchant chargeback behavior raises risk;session velocity raises risk
txn_4acbd4543356,0.956379,1,1,credential_based_fraud,credential_stuffing,high generated risk score raises risk;IP velocity lowers risk;merchant chargeback behavior raises risk
txn_f06f1bc536cf,0.956722,1,1,credential_based_fraud,credential_stuffing,high generated risk score raises risk;IP velocity lowers risk;merchant chargeback behavior raises risk
txn_f15f12ffa53c,0.915267,1,1,credential_based_fraud,credential_stuffing,device history raises risk;IP reputation lowers risk;IP velocity lowers risk
txn_bcbbf11fa0cb,0.94733,1,1,credential_based_fraud,credential_stuffing,IP velocity lowers risk;high generated risk score raises risk;merchant chargeback behavior raises risk
txn_e3ff8be20b57,0.903753,1,1,credential_based_fraud,credential_stuffing,IP velocity lowers risk;merchant chargeback behavior raises risk;session velocity raises risk
txn_31f49e8a62ce,0.943734,1,1,credential_based_fraud,credential_stuffing,high generated risk score raises risk;IP velocity lowers risk;merchant chargeback behavior raises risk
txn_de558ed46bf6,0.837059,1,1,credential_based_fraud,credential_stuffing,device history raises risk;high generated risk score lowers risk;IP reputation lowers risk
txn_1a4ff6feff78,0.928481,1,1,credential_based_fraud,credential_stuffing,IP velocity lowers risk;merchant chargeback behavior raises risk;session velocity raises risk
txn_fc99870d6641,0.898657,1,1,credential_based_fraud,credential_stuffing,IP velocity lowers risk;merchant chargeback behavior raises risk;high generated risk score lowers risk
txn_d82936abf718,0.92278,1,1,credential_based_fraud,credential_stuffing,IP velocity lowers risk;merchant chargeback behavior raises risk;session velocity raises risk
txn_a145e3308fa1,0.930063,1,1,credential_based_fraud,credential_stuffing,high generated risk score raises risk;device history raises risk;IP reputation lowers risk
txn_620ad6af4ba1,0.958916,1,1,credential_based_fraud,credential_stuffing,high generated risk score raises risk;IP velocity lowers risk;merchant chargeback behavior raises risk
txn_85ad80dc5aea,0.929783,1,1,credential_based_fraud,credential_stuffing,merchant chargeback behavior raises risk;IP velocity lowers risk;session velocity raises risk
txn_d4f8152a8371,0.88959,1,1,credential_based_fraud,credential_stuffing,high generated risk score lowers risk;merchant chargeback behavior raises risk;session velocity raises risk
txn_d9a5cf23f4dc,0.83906,1,1,credential_based_fraud,credential_stuffing,device history raises risk;high generated risk score lowers risk;IP reputation lowers risk
txn_fecab4329a5b,0.923769,1,1,credential_based_fraud,credential_stuffing,merchant chargeback behavior raises risk;session velocity raises risk;merchant velocity raises risk
txn_48ec5a3cd5fa,0.920084,1,1,credential_based_fraud,credential_stuffing,merchant chargeback behavior raises risk;session velocity raises risk;merchant velocity raises risk
txn_980cf0208391,0.944562,1,1,credential_based_fraud,credential_stuffing,merchant chargeback behavior raises risk;session velocity raises risk;merchant velocity raises risk
txn_ce1d106058fc,0.909755,1,1,credential_based_fraud,credential_stuffing,device history raises risk;IP reputation lowers risk;merchant chargeback behavior raises risk
txn_615e9670529b,0.927608,1,1,credential_based_fraud,credential_stuffing,merchant chargeback behavior raises risk;high generated risk score lowers risk;session velocity raises risk
txn_74eff9725b2d,0.940081,1,1,credential_based_fraud,credential_stuffing,merchant chargeback behavior raises risk;session velocity raises risk;merchant velocity raises risk
txn_223fcb0c19ba,0.93125,1,1,credential_based_fraud,credential_stuffing,merchant chargeback behavior raises risk;session velocity raises risk;high generated risk score lowers risk
txn_7fed933fe85d,0.924068,1,1,credential_based_fraud,credential_stuffing,device history raises risk;IP reputation lowers risk;merchant chargeback behavior raises risk
txn_9354c0f89405,0.970331,1,1,credential_based_fraud,credential_stuffing,high generated risk score raises risk;merchant chargeback behavior raises risk;session velocity raises risk
txn_2620f7893300,0.963344,1,1,credential_based_fraud,credential_stuffing,merchant chargeback behavior raises risk;session velocity raises risk;merchant velocity raises risk
txn_4eb78704a603,0.969937,1,1,credential_based_fraud,credential_stuffing,high generated risk score raises risk;merchant chargeback behavior raises risk;session velocity raises risk
txn_e00715e68c79,0.91757,1,1,credential_based_fraud,credential_stuffing,device history raises risk;IP reputation lowers risk;merchant chargeback behavior raises risk
txn_853e2801d904,0.955035,1,1,credential_based_fraud,credential_stuffing,merchant chargeback behavior raises risk;IP velocity raises risk;session velocity raises risk
txn_a2651344c664,0.927304,1,1,credential_based_fraud,credential_stuffing,high generated risk score lowers risk;IP velocity raises risk;merchant chargeback behavior raises risk
txn_bc2680f1226e,0.935415,1,1,credential_based_fraud,credential_stuffing,high generated risk score lowers risk;IP velocity raises risk;merchant chargeback behavior raises risk
txn_46946f05f611,0.932829,1,1,credential_based_fraud,credential_stuffing,device history raises risk;IP velocity raises risk;IP reputation lowers risk
txn_0b1782f2af88,0.975824,1,1,credential_based_fraud,credential_stuffing,high generated risk score raises risk;IP velocity raises risk;merchant chargeback behavior raises risk
txn_66cecb5acfd9,0.955059,1,1,credential_based_fraud,credential_stuffing,IP velocity raises risk;merchant chargeback behavior raises risk;session velocity raises risk
txn_d87101703b81,0.947462,1,1,credential_based_fraud,credential_stuffing,IP velocity raises risk;high generated risk score lowers risk;merchant chargeback behavior raises risk
txn_cbc080cc095c,0.928714,1,1,credential_based_fraud,credential_stuffing,device history raises risk;IP velocity raises risk;IP reputation lowers risk
txn_a00d925b8481,0.968743,1,1,credential_based_fraud,credential_stuffing,IP velocity raises risk;high generated risk score raises risk;merchant chargeback behavior raises risk
txn_132fe3c44064,0.976758,1,1,credential_based_fraud,credential_stuffing,IP velocity raises risk;high generated risk score raises risk;merchant chargeback behavior raises risk
txn_920e5dc3fb76,0.951675,1,1,credential_based_fraud,credential_stuffing,IP velocity raises risk;high generated risk score lowers risk;merchant chargeback behavior raises risk
txn_3504728e5cb3,0.910551,1,1,credential_based_fraud,credential_stuffing,device history raises risk;high generated risk score lowers risk;IP velocity raises risk
txn_1dcbb4f159fe,0.973063,1,1,credential_based_fraud,credential_stuffing,IP velocity raises risk;high generated risk score raises risk;merchant chargeback behavior raises risk
txn_33ff6e1442fd,0.942369,1,1,credential_based_fraud,credential_stuffing,IP velocity raises risk;high generated risk score lowers risk;merchant chargeback behavior raises risk
txn_bfdf46c2a593,0.937447,1,1,credential_based_fraud,credential_stuffing,high generated risk score lowers risk;merchant chargeback behavior raises risk;IP velocity raises risk
txn_69ff0cbfd286,0.956061,1,1,credential_based_fraud,credential_stuffing,device history raises risk;high generated risk score raises risk;IP reputation lowers risk
txn_c86fba96c8ca,0.944079,1,1,credential_based_fraud,credential_stuffing,merchant chargeback behavior raises risk;session velocity raises risk;merchant velocity raises risk
txn_24ff0a55151d,0.960587,1,1,credential_based_fraud,credential_stuffing,high generated risk score raises risk;merchant chargeback behavior raises risk;session velocity raises risk
txn_5fced1ad1e81,0.926755,1,1,credential_based_fraud,credential_stuffing,high generated risk score lowers risk;merchant chargeback behavior raises risk;session velocity raises risk
txn_07797765b8f5,0.919942,1,1,credential_based_fraud,credential_stuffing,device history raises risk;IP reputation lowers risk;merchant chargeback behavior raises risk
txn_2d28ef8a1525,0.927715,1,1,credential_based_fraud,credential_stuffing,high generated risk score lowers risk;merchant chargeback behavior raises risk;session velocity raises risk
txn_92133a2fa1c7,0.968973,1,1,credential_based_fraud,credential_stuffing,high generated risk score raises risk;merchant chargeback behavior raises risk;session velocity raises risk
txn_7fc1730d669f,0.919136,1,1,credential_based_fraud,credential_stuffing,high generated risk score lowers risk;merchant chargeback behavior raises risk;session velocity raises risk
txn_77d74edc715b,0.895532,1,1,credential_based_fraud,credential_stuffing,device history raises risk;IP reputation lowers risk;merchant chargeback behavior raises risk
txn_c8b61104dabd,0.937831,1,1,credential_based_fraud,credential_stuffing,merchant chargeback behavior raises risk;high generated risk score lowers risk;session velocity raises risk
txn_21341989ccfa,0.961042,1,1,credential_based_fraud,credential_stuffing,merchant chargeback behavior raises risk;session velocity raises risk;high generated risk score raises risk
txn_24fc13ace00f,0.944997,1,1,credential_based_fraud,credential_stuffing,merchant chargeback behavior raises risk;session velocity raises risk;merchant velocity raises risk
txn_c36b89845203,0.955424,1,1,credential_based_fraud,credential_stuffing,device history raises risk;high generated risk score raises risk;IP reputation lowers risk
txn_d631f15012e4,0.949258,1,1,credential_based_fraud,credential_stuffing,merchant chargeback behavior raises risk;session velocity raises risk;merchant velocity raises risk
txn_12ae1269f588,0.961066,1,1,credential_based_fraud,credential_stuffing,high generated risk score raises risk;merchant chargeback behavior raises risk;session velocity raises risk
txn_0897b1c2ca69,0.919023,1,1,credential_based_fraud,credential_stuffing,high generated risk score lowers risk;merchant chargeback behavior raises risk;session velocity raises risk
txn_57816e3caf02,0.917129,1,1,credential_based_fraud,credential_stuffing,device history raises risk;IP reputation lowers risk;merchant chargeback behavior raises risk
txn_4b26c5ae7880,0.936217,1,1,credential_based_fraud,credential_stuffing,merchant chargeback behavior raises risk;session velocity raises risk;merchant velocity raises risk
txn_6e0628e116c7,0.955428,1,1,credential_based_fraud,credential_stuffing,high generated risk score raises risk;merchant chargeback behavior raises risk;session velocity raises risk
txn_88a58574c89d,0.967355,1,1,credential_based_fraud,credential_stuffing,high generated risk score raises risk;merchant chargeback behavior raises risk;session velocity raises risk
txn_cd0c3469d061,0.948631,1,1,credential_based_fraud,credential_stuffing,device history raises risk;high generated risk score raises risk;IP reputation lowers risk
txn_1833b79758a7,0.916642,1,1,credential_based_fraud,credential_stuffing,high generated risk score lowers risk;merchant chargeback behavior raises risk;session velocity raises risk
txn_76af273263b3,0.918744,1,1,credential_based_fraud,credential_stuffing,high generated risk score lowers risk;merchant chargeback behavior raises risk;session velocity raises risk
txn_da76e76bc778,0.951539,1,1,credential_based_fraud,credential_stuffing,merchant chargeback behavior raises risk;session velocity raises risk;merchant velocity raises risk
txn_282a32cf472a,0.950132,1,1,credential_based_fraud,credential_stuffing,high generated risk score raises risk;device history raises risk;IP reputation lowers risk
txn_437df3e908b6,0.955645,1,1,credential_based_fraud,credential_stuffing,merchant chargeback behavior raises risk;high generated risk score raises risk;session velocity raises risk
txn_010d76a98107,0.94723,1,1,identity_onboarding_fraud,fraudulent_merchant_onboarding,merchant refund behavior raises risk;customer decline history raises risk;device history raises risk
txn_422203e19c52,0.945906,1,1,identity_onboarding_fraud,fraudulent_merchant_onboarding,merchant refund behavior raises risk;customer decline history raises risk;device history raises risk
txn_29b920e654de,0.96494,1,1,identity_onboarding_fraud,fraudulent_merchant_onboarding,merchant refund behavior raises risk;customer decline history raises risk;device history raises risk
txn_7eae58bf5c92,0.976495,1,1,identity_onboarding_fraud,fraudulent_merchant_onboarding,merchant refund behavior raises risk;customer decline history raises risk;device history raises risk
txn_b075ad32faf0,0.946127,1,1,identity_onboarding_fraud,fraudulent_merchant_onboarding,merchant refund behavior raises risk;high generated risk score lowers risk;customer decline history raises risk
txn_70680c8e9065,0.978698,1,1,identity_onboarding_fraud,fraudulent_merchant_onboarding,merchant refund behavior raises risk;high generated risk score raises risk;customer decline history raises risk
txn_ff3b692625c3,0.982174,1,1,identity_onboarding_fraud,fraudulent_merchant_onboarding,high generated risk score raises risk;merchant refund behavior raises risk;customer decline history raises risk
txn_57ceb6b9c1f2,0.957984,1,1,identity_onboarding_fraud,fraudulent_merchant_onboarding,merchant refund behavior raises risk;customer decline history raises risk;device history raises risk
txn_d4989f3b192b,0.962076,1,1,identity_onboarding_fraud,fraudulent_merchant_onboarding,merchant refund behavior raises risk;customer decline history raises risk;device history raises risk
txn_6abe5992dd65,0.969435,1,1,identity_onboarding_fraud,fraudulent_merchant_onboarding,merchant refund behavior raises risk;customer decline history raises risk;device history raises risk
txn_d4ebb4f780d0,0.979182,1,1,identity_onboarding_fraud,fraudulent_merchant_onboarding,merchant refund behavior raises risk;customer decline history raises risk;high generated risk score raises risk
txn_2512b1b450dd,0.983725,1,1,identity_onboarding_fraud,fraudulent_merchant_onboarding,merchant refund behavior raises risk;customer decline history raises risk;IP velocity raises risk
txn_dca6ddf99848,0.984112,1,1,identity_onboarding_fraud,fraudulent_merchant_onboarding,merchant refund behavior raises risk;high generated risk score raises risk;IP velocity raises risk
txn_bf3f5600845d,0.950041,1,1,identity_onboarding_fraud,fraudulent_merchant_onboarding,merchant refund behavior raises risk;high generated risk score lowers risk;IP velocity raises risk
txn_d14c7990f0f5,0.980291,1,1,identity_onboarding_fraud,fraudulent_merchant_onboarding,high generated risk score raises risk;merchant refund behavior raises risk;IP velocity raises risk
txn_ddb036ee86ba,0.977517,1,1,identity_onboarding_fraud,fraudulent_merchant_onboarding,merchant refund behavior raises risk;IP velocity raises risk;customer decline history raises risk
txn_cbd09125f633,0.972983,1,1,identity_onboarding_fraud,fraudulent_merchant_onboarding,merchant refund behavior raises risk;IP velocity raises risk;customer decline history raises risk
txn_7b84a8b00557,0.968002,1,1,identity_onboarding_fraud,fraudulent_merchant_onboarding,merchant refund behavior raises risk;IP velocity raises risk;customer decline history raises risk
txn_39655ddd4c04,0.966553,1,1,identity_onboarding_fraud,fraudulent_merchant_onboarding,merchant refund behavior raises risk;IP velocity raises risk;customer decline history raises risk
txn_f687356231ff,0.970853,1,1,identity_onboarding_fraud,fraudulent_merchant_onboarding,merchant refund behavior raises risk;IP velocity raises risk;customer decline history raises risk
txn_f10727152e54,0.977002,1,1,identity_onboarding_fraud,fraudulent_merchant_onboarding,merchant refund behavior raises risk;IP velocity raises risk;customer decline history raises risk
txn_97c87d4c47d4,0.982357,1,1,identity_onboarding_fraud,fraudulent_merchant_onboarding,merchant refund behavior raises risk;high generated risk score raises risk;IP velocity raises risk
txn_77f6e7493c91,0.963165,1,1,identity_onboarding_fraud,fraudulent_merchant_onboarding,merchant refund behavior raises risk;customer decline history raises risk;IP velocity raises risk
txn_1840bb38ad92,0.971064,1,1,identity_onboarding_fraud,fraudulent_merchant_onboarding,merchant refund behavior raises risk;customer decline history raises risk;IP velocity raises risk
txn_d09323b6daa9,0.974884,1,1,identity_onboarding_fraud,fraudulent_merchant_onboarding,merchant refund behavior raises risk;customer decline history raises risk;device history raises risk
txn_d4d0aef11194,0.976031,1,1,identity_onboarding_fraud,fraudulent_merchant_onboarding,merchant refund behavior raises risk;customer decline history raises risk;device history raises risk
txn_d8d768ae53f2,0.967109,1,1,identity_onboarding_fraud,fraudulent_merchant_onboarding,merchant refund behavior raises risk;customer decline history raises risk;device history raises risk
txn_f1341c2df655,0.980084,1,1,identity_onboarding_fraud,fraudulent_merchant_onboarding,merchant refund behavior raises risk;high generated risk score raises risk;customer decline history raises risk
txn_8c8cdec5ff34,0.967916,1,1,identity_onboarding_fraud,fraudulent_merchant_onboarding,merchant refund behavior raises risk;customer decline history raises risk;device history raises risk
txn_d2003dd39f7d,0.959436,1,1,identity_onboarding_fraud,fraudulent_merchant_onboarding,merchant refund behavior raises risk;customer decline history raises risk;device history raises risk
txn_5201961c7e86,0.956929,1,1,identity_onboarding_fraud,fraudulent_merchant_onboarding,merchant refund behavior raises risk;customer decline history raises risk;device history raises risk
txn_a8a9f8da8a48,0.978841,1,1,identity_onboarding_fraud,fraudulent_merchant_onboarding,merchant refund behavior raises risk;high generated risk score raises risk;customer decline history raises risk
txn_dd3eaa73b871,0.982239,1,1,identity_onboarding_fraud,fraudulent_merchant_onboarding,merchant refund behavior raises risk;high generated risk score raises risk;customer decline history raises risk
txn_4bf33f780858,0.979083,1,1,identity_onboarding_fraud,fraudulent_merchant_onboarding,merchant refund behavior raises risk;high generated risk score raises risk;customer decline history raises risk
txn_9964fe3831e7,0.976457,1,1,identity_onboarding_fraud,fraudulent_merchant_onboarding,high generated risk score raises risk;merchant refund behavior raises risk;customer decline history raises risk
txn_52f411d1495a,0.975892,1,1,identity_onboarding_fraud,fraudulent_merchant_onboarding,high generated risk score raises risk;merchant refund behavior raises risk;customer decline history raises risk
txn_2c1bb9101df7,0.949015,1,1,identity_onboarding_fraud,fraudulent_merchant_onboarding,merchant refund behavior raises risk;high generated risk score lowers risk;customer decline history raises risk
txn_30e0090bbc9e,0.960955,1,1,identity_onboarding_fraud,fraudulent_merchant_onboarding,merchant refund behavior raises risk;customer decline history raises risk;device history raises risk
txn_5bdb0a935cae,0.979736,1,1,identity_onboarding_fraud,fraudulent_merchant_onboarding,high generated risk score raises risk;merchant refund behavior raises risk;customer decline history raises risk
txn_af774f5189e1,0.95683,1,1,identity_onboarding_fraud,mule_account_creation,high generated risk score raises risk;merchant age raises risk;customer decline history raises risk
txn_57ebca8ccb56,0.890723,1,1,identity_onboarding_fraud,mule_account_creation,high generated risk score lowers risk;merchant age raises risk;customer decline history raises risk
txn_eb7801f72e26,0.894875,1,1,identity_onboarding_fraud,mule_account_creation,merchant age raises risk;customer decline history raises risk;high generated risk score lowers risk
txn_f84a52abb4ac,0.935922,1,1,identity_onboarding_fraud,mule_account_creation,merchant age raises risk;customer decline history raises risk;session velocity raises risk
txn_41b15f039e11,0.939736,1,1,identity_onboarding_fraud,mule_account_creation,merchant age raises risk;customer decline history raises risk;session velocity raises risk
txn_17df180d4fd2,0.954788,1,1,identity_onboarding_fraud,mule_account_creation,merchant age raises risk;customer decline history raises risk;high generated risk score raises risk
txn_d1f7498cc897,0.964799,1,1,identity_onboarding_fraud,mule_account_creation,high generated risk score raises risk;merchant age raises risk;customer decline history raises risk
txn_f538ffba4021,0.949141,1,1,identity_onboarding_fraud,mule_account_creation,merchant age raises risk;customer decline history raises risk;session velocity raises risk
txn_0db5cd7ddd60,0.969837,1,1,identity_onboarding_fraud,mule_account_creation,high generated risk score raises risk;merchant age raises risk;customer decline history raises risk
txn_24830e235083,0.973038,1,1,identity_onboarding_fraud,mule_account_creation,high generated risk score raises risk;merchant age raises risk;customer decline history raises risk
txn_8c3b2a8a39f1,0.973181,1,1,identity_onboarding_fraud,mule_account_creation,high generated risk score raises risk;merchant age raises risk;customer decline history raises risk
txn_e49475ad8967,0.958794,1,1,identity_onboarding_fraud,mule_account_creation,merchant age raises risk;customer decline history raises risk;IP velocity raises risk
txn_36b1d66a4e2b,0.95244,1,1,identity_onboarding_fraud,mule_account_creation,IP velocity raises risk;merchant age raises risk;customer decline history raises risk
txn_9e5d5dc40cfd,0.959897,1,1,identity_onboarding_fraud,mule_account_creation,high generated risk score raises risk;merchant age raises risk;customer decline history raises risk
txn_8d103baf3171,0.954468,1,1,identity_onboarding_fraud,mule_account_creation,IP velocity raises risk;merchant age raises risk;customer decline history raises risk
txn_63b423cc6ce4,0.909922,1,1,identity_onboarding_fraud,mule_account_creation,high generated risk score lowers risk;IP velocity raises risk;merchant age raises risk
txn_e2a3b1796370,0.945875,1,1,identity_onboarding_fraud,mule_account_creation,IP velocity raises risk;merchant age raises risk;customer decline history raises risk
txn_67d5677893c2,0.954131,1,1,identity_onboarding_fraud,mule_account_creation,IP velocity raises risk;merchant age raises risk;customer decline history raises risk
txn_121e0a2ef3a0,0.958783,1,1,identity_onboarding_fraud,mule_account_creation,IP velocity raises risk;merchant age raises risk;customer decline history raises risk
txn_1ed4aa67d8f4,0.956379,1,1,identity_onboarding_fraud,mule_account_creation,IP velocity raises risk;merchant age raises risk;customer decline history raises risk
txn_89a4b7627d52,0.940688,1,1,identity_onboarding_fraud,mule_account_creation,merchant age raises risk;customer decline history raises risk;IP velocity raises risk
txn_9d846df83b43,0.955563,1,1,identity_onboarding_fraud,mule_account_creation,merchant age raises risk;customer decline history raises risk;IP velocity raises risk
txn_5102a809c536,0.939653,1,1,identity_onboarding_fraud,mule_account_creation,merchant age raises risk;customer decline history raises risk;IP velocity raises risk
txn_d9c0ab98e11b,0.971236,1,1,identity_onboarding_fraud,mule_account_creation,high generated risk score raises risk;merchant age raises risk;customer decline history raises risk
txn_18f1787a076f,0.970989,1,1,identity_onboarding_fraud,mule_account_creation,high generated risk score raises risk;merchant age raises risk;customer decline history raises risk
txn_abbda02b8d73,0.969206,1,1,identity_onboarding_fraud,mule_account_creation,high generated risk score raises risk;merchant age raises risk;customer decline history raises risk
txn_dbe3a864560e,0.951669,1,1,identity_onboarding_fraud,mule_account_creation,merchant age raises risk;customer decline history raises risk;session velocity raises risk
txn_5964ca1d1f38,0.958109,1,1,identity_onboarding_fraud,mule_account_creation,high generated risk score raises risk;merchant age raises risk;customer decline history raises risk
txn_a86b45db1a9a,0.926333,1,1,identity_onboarding_fraud,mule_account_creation,merchant age raises risk;customer decline history raises risk;session velocity raises risk
txn_a09e5fff61f3,0.906647,1,1,identity_onboarding_fraud,mule_account_creation,high generated risk score lowers risk;merchant age raises risk;customer decline history raises risk
txn_5e75329441a5,0.94546,1,1,identity_onboarding_fraud,mule_account_creation,merchant age raises risk;customer decline history raises risk;session velocity raises risk
txn_1284bf5fea30,0.966181,1,1,identity_onboarding_fraud,mule_account_creation,high generated risk score raises risk;merchant age raises risk;customer decline history raises risk
txn_c19f05623f9c,0.953722,1,1,identity_onboarding_fraud,mule_account_creation,high generated risk score raises risk;merchant age raises risk;customer decline history raises risk
txn_9fcb926a0084,0.950525,1,1,identity_onboarding_fraud,mule_account_creation,high generated risk score raises risk;merchant age raises risk;customer decline history raises risk
txn_209213606cbc,0.941782,1,1,identity_onboarding_fraud,mule_account_creation,high generated risk score raises risk;merchant age raises risk;customer decline history raises risk
txn_d254307d4f95,0.888955,1,1,identity_onboarding_fraud,mule_account_creation,merchant age raises risk;customer decline history raises risk;high generated risk score lowers risk
txn_22ad41ee7e58,0.959152,1,1,identity_onboarding_fraud,mule_account_creation,high generated risk score raises risk;merchant age raises risk;customer decline history raises risk
txn_26560b7730e0,0.95466,1,1,identity_onboarding_fraud,mule_account_creation,high generated risk score raises risk;merchant age raises risk;customer decline history raises risk
txn_cd23e9a0eadc,0.954435,1,1,identity_onboarding_fraud,mule_account_creation,high generated risk score raises risk;merchant age raises risk;customer decline history raises risk
txn_a67f359e0f2c,0.534335,1,1,identity_onboarding_fraud,mule_account_creation,session velocity lowers risk;merchant age raises risk;customer decline history raises risk
txn_1d18f6a41dd5,0.88761,1,1,identity_onboarding_fraud,stolen_identity_signup,merchant age raises risk;merchant refund behavior raises risk;session velocity raises risk
txn_218cf51add5e,0.949217,1,1,identity_onboarding_fraud,stolen_identity_signup,high generated risk score raises risk;merchant age raises risk;merchant refund behavior raises risk
txn_077ecf2a486f,0.840392,1,1,identity_onboarding_fraud,stolen_identity_signup,merchant age raises risk;merchant refund behavior raises risk;high generated risk score lowers risk
txn_ea48db7355cd,0.922693,1,1,identity_onboarding_fraud,stolen_identity_signup,merchant age raises risk;merchant refund behavior raises risk;high generated risk score raises risk
txn_6a47d8add6d0,0.912947,1,1,identity_onboarding_fraud,stolen_identity_signup,merchant age raises risk;merchant refund behavior raises risk;session velocity raises risk
txn_d1a13e580f68,0.881827,1,1,identity_onboarding_fraud,stolen_identity_signup,merchant age raises risk;merchant refund behavior raises risk;high generated risk score lowers risk
txn_9f962caa6abc,0.955739,1,1,identity_onboarding_fraud,stolen_identity_signup,high generated risk score raises risk;merchant age raises risk;merchant refund behavior raises risk
txn_a3b02a07c56d,0.895215,1,1,identity_onboarding_fraud,stolen_identity_signup,merchant age raises risk;merchant refund behavior raises risk;high generated risk score lowers risk
txn_80d83b69f16f,0.9592,1,1,identity_onboarding_fraud,stolen_identity_signup,high generated risk score raises risk;merchant age raises risk;merchant refund behavior raises risk
txn_c3709d3d5878,0.933358,1,1,identity_onboarding_fraud,stolen_identity_signup,merchant age raises risk;merchant refund behavior raises risk;IP velocity raises risk
txn_8ead8af38871,0.962311,1,1,identity_onboarding_fraud,stolen_identity_signup,high generated risk score raises risk;merchant age raises risk;merchant refund behavior raises risk
txn_6826a925e649,0.966948,1,1,identity_onboarding_fraud,stolen_identity_signup,high generated risk score raises risk;merchant age raises risk;merchant refund behavior raises risk
txn_ef552fb5a250,0.932484,1,1,identity_onboarding_fraud,stolen_identity_signup,merchant age raises risk;merchant refund behavior raises risk;IP velocity raises risk
txn_4b0593b7019f,0.902714,1,1,identity_onboarding_fraud,stolen_identity_signup,merchant age raises risk;merchant refund behavior raises risk;IP velocity raises risk
txn_55309f50e35e,0.958866,1,1,identity_onboarding_fraud,stolen_identity_signup,high generated risk score raises risk;merchant age raises risk;merchant refund behavior raises risk
txn_92a3447d8168,0.599112,1,1,identity_onboarding_fraud,stolen_identity_signup,session velocity lowers risk;merchant age raises risk;merchant refund behavior raises risk
txn_682218f258c3,0.780677,1,1,identity_onboarding_fraud,synthetic_identity,merchant age lowers risk;device history raises risk;merchant chargeback behavior lowers risk
txn_f6a494dab98b,0.915804,1,1,identity_onboarding_fraud,synthetic_identity,high generated risk score raises risk;merchant age lowers risk;device history raises risk
txn_1520775aab7d,0.795131,1,1,identity_onboarding_fraud,synthetic_identity,merchant age lowers risk;high generated risk score lowers risk;device history raises risk
txn_59cd9c564325,0.915229,1,1,identity_onboarding_fraud,synthetic_identity,high generated risk score raises risk;merchant age lowers risk;device history raises risk
txn_70e8a9121fed,0.832479,1,1,identity_onboarding_fraud,synthetic_identity,merchant age lowers risk;device history raises risk;merchant chargeback behavior lowers risk
txn_69fb285e462d,0.835399,1,1,identity_onboarding_fraud,synthetic_identity,merchant age lowers risk;device history raises risk;merchant chargeback behavior lowers risk
txn_e156044cd8c5,0.881783,1,1,identity_onboarding_fraud,synthetic_identity,merchant age lowers risk;device history raises risk;merchant chargeback behavior lowers risk
txn_ae3ddb8c66a1,0.923563,1,1,identity_onboarding_fraud,synthetic_identity,high generated risk score raises risk;merchant age lowers risk;device history raises risk
txn_54ca458c2c17,0.93363,1,1,identity_onboarding_fraud,synthetic_identity,high generated risk score raises risk;merchant age lowers risk;device history raises risk
txn_22be6e94c562,0.631276,1,1,identity_onboarding_fraud,synthetic_identity,session velocity lowers risk;merchant age lowers risk;high generated risk score lowers risk
txn_df91b6961bb7,0.673694,1,1,identity_onboarding_fraud,synthetic_identity,session velocity lowers risk;merchant age lowers risk;IP velocity raises risk
txn_511618fef5a5,0.926263,1,1,identity_onboarding_fraud,synthetic_business,customer decline history raises risk;session velocity raises risk;merchant refund behavior raises risk
txn_ac2c09b7f1e5,0.953745,1,1,identity_onboarding_fraud,synthetic_business,high generated risk score raises risk;customer decline history raises risk;session velocity raises risk
txn_5e6e3a5aa786,0.959841,1,1,identity_onboarding_fraud,synthetic_business,high generated risk score raises risk;customer decline history raises risk;session velocity raises risk
txn_bf64c9d5dc0d,0.957778,1,1,identity_onboarding_fraud,synthetic_business,high generated risk score raises risk;customer decline history raises risk;session velocity raises risk
txn_1df8270ac8e7,0.932482,1,1,identity_onboarding_fraud,synthetic_business,customer decline history raises risk;high generated risk score raises risk;session velocity raises risk
txn_627596b31710,0.942526,1,1,identity_onboarding_fraud,synthetic_business,customer decline history raises risk;session velocity raises risk;IP velocity raises risk
txn_6f3921895a19,0.921239,1,1,identity_onboarding_fraud,synthetic_business,customer decline history raises risk;high generated risk score lowers risk;IP velocity raises risk
txn_f4a66e1e0cc5,0.947584,1,1,identity_onboarding_fraud,synthetic_business,customer decline history raises risk;IP velocity raises risk;session velocity raises risk
txn_c34e2b9ecffa,0.951768,1,1,identity_onboarding_fraud,synthetic_business,customer decline history raises risk;IP velocity raises risk;session velocity raises risk
txn_c27037301d64,0.935047,1,1,identity_onboarding_fraud,synthetic_business,customer decline history raises risk;IP velocity raises risk;session velocity raises risk
txn_08bd59797eeb,0.948673,1,1,identity_onboarding_fraud,synthetic_business,customer decline history raises risk;IP velocity raises risk;session velocity raises risk
txn_487fb91bbd54,0.954752,1,1,identity_onboarding_fraud,synthetic_business,customer decline history raises risk;IP velocity raises risk;session velocity raises risk
txn_aa9fe97c512c,0.868806,1,1,merchant_ecosystem_abuse,bust_out_merchant,customer decline history raises risk;high generated risk score lowers risk;merchant refund behavior lowers risk
txn_1f8d2099e15a,0.93159,1,1,merchant_ecosystem_abuse,bust_out_merchant,customer decline history raises risk;high generated risk score raises risk;merchant refund behavior lowers risk
txn_80f317d97afd,0.911899,1,1,merchant_ecosystem_abuse,bust_out_merchant,customer decline history raises risk;merchant refund behavior lowers risk;session velocity raises risk
txn_f3a56a6ca3c4,0.874035,1,1,merchant_ecosystem_abuse,bust_out_merchant,customer decline history raises risk;merchant refund behavior lowers risk;high generated risk score lowers risk
txn_9e90cd63124f,0.94354,1,1,merchant_ecosystem_abuse,bust_out_merchant,customer decline history raises risk;high generated risk score raises risk;merchant refund behavior lowers risk
txn_c9f07d21317d,0.925551,1,1,merchant_ecosystem_abuse,bust_out_merchant,customer decline history raises risk;merchant refund behavior lowers risk;IP velocity raises risk
txn_d8667b08abd7,0.924798,1,1,merchant_ecosystem_abuse,bust_out_merchant,customer decline history raises risk;IP velocity raises risk;merchant refund behavior lowers risk
txn_1717ff47e22a,0.928959,1,1,merchant_ecosystem_abuse,bust_out_merchant,customer decline history raises risk;IP velocity raises risk;merchant refund behavior lowers risk
txn_f8bcb9d71122,0.910769,1,1,merchant_ecosystem_abuse,bust_out_merchant,customer decline history raises risk;IP velocity raises risk;high generated risk score lowers risk
txn_49bcb8293c15,0.956163,1,1,merchant_ecosystem_abuse,bust_out_merchant,customer decline history raises risk;high generated risk score raises risk;IP velocity raises risk
txn_7334e3b8b66e,0.91295,1,1,merchant_ecosystem_abuse,bust_out_merchant,customer decline history raises risk;IP velocity raises risk;merchant refund behavior lowers risk
txn_32f305bc5560,0.923073,1,1,merchant_ecosystem_abuse,bust_out_merchant,customer decline history raises risk;IP velocity raises risk;merchant refund behavior lowers risk
txn_8ecfa967d329,0.894815,1,1,merchant_ecosystem_abuse,bust_out_merchant,customer decline history raises risk;IP velocity raises risk;merchant refund behavior lowers risk
txn_2b978aad2e9d,0.8981,1,1,merchant_ecosystem_abuse,bust_out_merchant,customer decline history raises risk;IP velocity raises risk;merchant refund behavior lowers risk
txn_2dbfd83b8f2f,0.955256,1,1,merchant_ecosystem_abuse,bust_out_merchant,high generated risk score raises risk;customer decline history raises risk;IP velocity raises risk
txn_0a47af99aadf,0.943358,1,1,merchant_ecosystem_abuse,bust_out_merchant,customer decline history raises risk;high generated risk score raises risk;IP velocity raises risk
txn_f9df7fc77d75,0.916944,1,1,merchant_ecosystem_abuse,bust_out_merchant,customer decline history raises risk;IP velocity raises risk;merchant refund behavior lowers risk
txn_a2485a279656,0.886273,1,1,merchant_ecosystem_abuse,bust_out_merchant,customer decline history raises risk;IP velocity raises risk;merchant refund behavior lowers risk
txn_4c287d05d2fa,0.880169,1,1,merchant_ecosystem_abuse,bust_out_merchant,customer decline history raises risk;high generated risk score lowers risk;IP velocity raises risk
txn_43e114112ebe,0.843772,1,1,merchant_ecosystem_abuse,bust_out_merchant,high generated risk score lowers risk;customer decline history raises risk;merchant refund behavior lowers risk
txn_02834c984d9d,0.878561,1,1,merchant_ecosystem_abuse,bust_out_merchant,customer decline history raises risk;merchant refund behavior lowers risk;session velocity raises risk
txn_cb4bc538c7f0,0.936102,1,1,merchant_ecosystem_abuse,bust_out_merchant,customer decline history raises risk;high generated risk score raises risk;merchant refund behavior lowers risk
txn_42361dc37b6f,0.860366,1,1,merchant_ecosystem_abuse,bust_out_merchant,customer decline history raises risk;high generated risk score lowers risk;merchant refund behavior lowers risk
txn_6d831fbd7391,0.931346,1,1,merchant_ecosystem_abuse,bust_out_merchant,high generated risk score raises risk;customer decline history raises risk;merchant refund behavior lowers risk
txn_56d1cba05e3d,0.931434,1,1,merchant_ecosystem_abuse,bust_out_merchant,customer decline history raises risk;high generated risk score raises risk;merchant refund behavior lowers risk
txn_2b1ab384e3a6,0.898335,1,1,merchant_ecosystem_abuse,bust_out_merchant,customer decline history raises risk;merchant refund behavior lowers risk;session velocity raises risk
txn_1e26d973adc0,0.933278,1,1,merchant_ecosystem_abuse,bust_out_merchant,customer decline history raises risk;high generated risk score raises risk;merchant refund behavior lowers risk
txn_9678c9b74863,0.871,1,1,merchant_ecosystem_abuse,bust_out_merchant,customer decline history raises risk;merchant refund behavior lowers risk;high generated risk score lowers risk
txn_2237ff335d80,0.859368,1,1,merchant_ecosystem_abuse,bust_out_merchant,customer decline history raises risk;high generated risk score lowers risk;merchant refund behavior lowers risk
txn_62376570404f,0.942686,1,1,merchant_ecosystem_abuse,bust_out_merchant,high generated risk score raises risk;customer decline history raises risk;merchant refund behavior lowers risk
txn_545ec4c0fce5,0.870546,1,1,merchant_ecosystem_abuse,bust_out_merchant,customer decline history raises risk;merchant refund behavior lowers risk;session velocity raises risk
txn_c32b0a71646a,0.844474,1,1,merchant_ecosystem_abuse,bust_out_merchant,customer decline history raises risk;high generated risk score lowers risk;merchant refund behavior lowers risk
txn_ea13aafcd461,0.872658,1,1,merchant_ecosystem_abuse,bust_out_merchant,customer decline history raises risk;merchant refund behavior lowers risk;session velocity raises risk
txn_a886b0ebb7f9,0.895824,1,1,merchant_ecosystem_abuse,bust_out_merchant,customer decline history raises risk;merchant refund behavior lowers risk;session velocity raises risk
txn_864c19bda634,0.885287,1,1,merchant_ecosystem_abuse,bust_out_merchant,customer decline history raises risk;merchant refund behavior lowers risk;session velocity raises risk
txn_1081543f527b,0.825215,1,1,merchant_ecosystem_abuse,bust_out_merchant,customer decline history raises risk;high generated risk score lowers risk;merchant refund behavior lowers risk
txn_13e7fb29e09f,0.829833,1,1,merchant_ecosystem_abuse,bust_out_merchant,customer decline history raises risk;high generated risk score lowers risk;merchant refund behavior lowers risk
txn_1f3d4429dbe1,0.932338,1,1,merchant_ecosystem_abuse,bust_out_merchant,high generated risk score raises risk;customer decline history raises risk;merchant refund behavior lowers risk
txn_a87b08b21fb5,0.928776,1,1,merchant_ecosystem_abuse,bust_out_merchant,high generated risk score raises risk;customer decline history raises risk;merchant refund behavior lowers risk
txn_1a1a111d2313,0.921085,1,1,merchant_ecosystem_abuse,bust_out_merchant,customer decline history raises risk;high generated risk score raises risk;merchant refund behavior lowers risk
txn_fcd974722740,0.832519,1,1,merchant_ecosystem_abuse,bust_out_merchant,high generated risk score lowers risk;customer decline history raises risk;merchant refund behavior lowers risk
txn_2e1a3af60ade,0.887962,1,1,merchant_ecosystem_abuse,bust_out_merchant,customer decline history raises risk;merchant refund behavior lowers risk;session velocity raises risk
txn_554aa671f418,0.853737,1,1,merchant_ecosystem_abuse,bust_out_merchant,customer decline history raises risk;high generated risk score lowers risk;merchant refund behavior lowers risk
txn_19f4a99ff3a1,0.852029,1,1,merchant_ecosystem_abuse,bust_out_merchant,customer decline history raises risk;merchant refund behavior lowers risk;session velocity raises risk
txn_2e3ec75e40bc,0.885649,1,1,merchant_ecosystem_abuse,bust_out_merchant,customer decline history raises risk;merchant refund behavior lowers risk;session velocity raises risk
txn_2829505cc854,0.888858,1,1,merchant_ecosystem_abuse,bust_out_merchant,customer decline history raises risk;merchant refund behavior lowers risk;session velocity raises risk
txn_f3fee2cae528,0.909633,1,1,merchant_ecosystem_abuse,bust_out_merchant,customer decline history raises risk;merchant refund behavior lowers risk;session velocity raises risk
txn_f1194f8d7988,0.894342,1,1,merchant_ecosystem_abuse,bust_out_merchant,customer decline history raises risk;merchant refund behavior lowers risk;session velocity raises risk
txn_2209d5150510,0.884316,1,1,merchant_ecosystem_abuse,bust_out_merchant,customer decline history raises risk;merchant refund behavior lowers risk;session velocity raises risk
txn_23e2270f719b,0.844394,1,1,merchant_ecosystem_abuse,bust_out_merchant,customer decline history raises risk;merchant refund behavior lowers risk;session velocity raises risk
txn_4a28635113a4,0.770279,1,1,merchant_ecosystem_abuse,bust_out_merchant,customer decline history raises risk;high generated risk score lowers risk;merchant refund behavior lowers risk
txn_e94dae92e624,0.81181,1,1,merchant_ecosystem_abuse,bust_out_merchant,customer decline history raises risk;merchant refund behavior lowers risk;session velocity raises risk
txn_58161f6dae1d,0.894347,1,1,merchant_ecosystem_abuse,bust_out_merchant,customer decline history raises risk;high generated risk score raises risk;merchant refund behavior lowers risk
txn_83027e727a89,0.801407,1,1,merchant_ecosystem_abuse,bust_out_merchant,customer decline history raises risk;high generated risk score lowers risk;merchant refund behavior lowers risk
txn_a4f4974fd832,0.383915,1,1,merchant_ecosystem_abuse,bust_out_merchant,session velocity lowers risk;customer decline history raises risk;merchant refund behavior lowers risk
txn_9969d59d9071,0.954197,1,1,merchant_ecosystem_abuse,gift_card_abuse,high generated risk score raises risk;merchant age raises risk;session velocity raises risk
txn_f1bd6dc21156,0.960706,1,1,merchant_ecosystem_abuse,gift_card_abuse,high generated risk score raises risk;merchant age raises risk;session velocity raises risk
txn_b6c067fc403a,0.967053,1,1,merchant_ecosystem_abuse,gift_card_abuse,high generated risk score raises risk;merchant age raises risk;session velocity raises risk
txn_6282be42a548,0.964658,1,1,merchant_ecosystem_abuse,gift_card_abuse,high generated risk score raises risk;merchant age raises risk;session velocity raises risk
txn_30e8de793fc4,0.928683,1,1,merchant_ecosystem_abuse,gift_card_abuse,merchant age raises risk;IP velocity raises risk;session velocity raises risk
txn_bab567ad79ef,0.941367,1,1,merchant_ecosystem_abuse,gift_card_abuse,merchant age raises risk;IP velocity raises risk;session velocity raises risk
txn_5fa00cc4cf0c,0.937326,1,1,merchant_ecosystem_abuse,gift_card_abuse,IP velocity raises risk;merchant age raises risk;session velocity raises risk
txn_22d378449b4b,0.953125,1,1,merchant_ecosystem_abuse,gift_card_abuse,IP velocity raises risk;merchant age raises risk;session velocity raises risk
txn_0c7bad365a03,0.958544,1,1,merchant_ecosystem_abuse,gift_card_abuse,IP velocity raises risk;merchant age raises risk;high generated risk score raises risk
txn_90d866ea60c4,0.960024,1,1,merchant_ecosystem_abuse,gift_card_abuse,IP velocity raises risk;merchant age raises risk;session velocity raises risk
txn_adf32b1a8db8,0.952301,1,1,merchant_ecosystem_abuse,gift_card_abuse,IP velocity raises risk;merchant age raises risk;session velocity raises risk
txn_7c3d8ca59466,0.948053,1,1,merchant_ecosystem_abuse,gift_card_abuse,IP velocity raises risk;merchant age raises risk;session velocity raises risk
txn_64cda01e21f4,0.974438,1,1,merchant_ecosystem_abuse,gift_card_abuse,IP velocity raises risk;high generated risk score raises risk;merchant age raises risk
txn_54c126ba4051,0.955408,1,1,merchant_ecosystem_abuse,gift_card_abuse,IP velocity raises risk;merchant age raises risk;high generated risk score raises risk
txn_e4ec261f9ba8,0.96104,1,1,merchant_ecosystem_abuse,gift_card_abuse,IP velocity raises risk;merchant age raises risk;high generated risk score raises risk
txn_4ab5da800c0f,0.966822,1,1,merchant_ecosystem_abuse,gift_card_abuse,high generated risk score raises risk;IP velocity raises risk;merchant age raises risk
txn_aac2a5dfac42,0.949534,1,1,merchant_ecosystem_abuse,gift_card_abuse,merchant age raises risk;IP velocity raises risk;high generated risk score raises risk
txn_a0927a97a34a,0.955678,1,1,merchant_ecosystem_abuse,gift_card_abuse,merchant age raises risk;IP velocity raises risk;high generated risk score raises risk
txn_01f957e657ea,0.953312,1,1,merchant_ecosystem_abuse,gift_card_abuse,merchant age raises risk;IP velocity raises risk;high generated risk score raises risk
txn_d482fcc5bb76,0.961369,1,1,merchant_ecosystem_abuse,gift_card_abuse,high generated risk score raises risk;merchant age raises risk;session velocity raises risk
txn_71d6212d3b10,0.915488,1,1,merchant_ecosystem_abuse,gift_card_abuse,merchant age raises risk;high generated risk score lowers risk;session velocity raises risk
txn_3fac42fc8f2d,0.968246,1,1,merchant_ecosystem_abuse,gift_card_abuse,high generated risk score raises risk;merchant age raises risk;session velocity raises risk
txn_550a70102440,0.953824,1,1,merchant_ecosystem_abuse,gift_card_abuse,high generated risk score raises risk;merchant age raises risk;session velocity raises risk
txn_7a67a7ecab35,0.920571,1,1,merchant_ecosystem_abuse,gift_card_abuse,merchant age raises risk;session velocity raises risk;customer decline history lowers risk
txn_6113deff1b0f,0.944135,1,1,merchant_ecosystem_abuse,gift_card_abuse,merchant age raises risk;session velocity raises risk;customer decline history lowers risk
txn_5165ed2cb463,0.939261,1,1,merchant_ecosystem_abuse,gift_card_abuse,merchant age raises risk;session velocity raises risk;customer decline history lowers risk
txn_0cfb99acca88,0.925619,1,1,merchant_ecosystem_abuse,gift_card_abuse,merchant age raises risk;session velocity raises risk;customer decline history lowers risk
txn_5dbdeb41b4ae,0.924922,1,1,merchant_ecosystem_abuse,gift_card_abuse,merchant age raises risk;session velocity raises risk;customer decline history lowers risk
txn_a86cb3202bd7,0.909448,1,1,merchant_ecosystem_abuse,gift_card_abuse,merchant age raises risk;high generated risk score lowers risk;session velocity raises risk
txn_ac1295510fed,0.913408,1,1,merchant_ecosystem_abuse,gift_card_abuse,merchant age raises risk;high generated risk score lowers risk;session velocity raises risk
txn_4e5aa9cf41fe,0.957095,1,1,merchant_ecosystem_abuse,gift_card_abuse,merchant age raises risk;high generated risk score raises risk;session velocity raises risk
txn_d2c3c007e744,0.923052,1,1,merchant_ecosystem_abuse,gift_card_abuse,merchant age raises risk;session velocity raises risk;customer decline history lowers risk
txn_3cfafa74950f,0.968078,1,1,merchant_ecosystem_abuse,gift_card_abuse,high generated risk score raises risk;merchant age raises risk;session velocity raises risk
txn_dc4a26958111,0.945621,1,1,merchant_ecosystem_abuse,gift_card_abuse,merchant age raises risk;session velocity raises risk;customer decline history lowers risk
txn_c13dcf0fa9ac,0.95036,1,1,merchant_ecosystem_abuse,gift_card_abuse,merchant age raises risk;high generated risk score raises risk;session velocity raises risk
txn_9f5a25fe237d,0.930745,1,1,merchant_ecosystem_abuse,gift_card_abuse,high generated risk score raises risk;merchant age raises risk;session velocity raises risk
txn_ef41fcd2a3de,0.92573,1,1,merchant_ecosystem_abuse,gift_card_abuse,merchant age raises risk;high generated risk score raises risk;session velocity raises risk
txn_d51932b986c5,0.933186,1,1,merchant_ecosystem_abuse,gift_card_abuse,high generated risk score raises risk;merchant age raises risk;session velocity raises risk
txn_443203b8dc29,0.924949,1,1,merchant_ecosystem_abuse,gift_card_abuse,merchant age raises risk;session velocity raises risk;customer decline history lowers risk
txn_ed0bfb8242d4,0.917132,1,1,merchant_ecosystem_abuse,gift_card_abuse,merchant age raises risk;session velocity raises risk;customer decline history lowers risk
txn_740b74b3124b,0.886902,1,1,merchant_ecosystem_abuse,gift_card_abuse,merchant age raises risk;high generated risk score lowers risk;session velocity raises risk
txn_aebd67309ae3,0.958368,1,1,merchant_ecosystem_abuse,gift_card_abuse,high generated risk score raises risk;merchant age raises risk;session velocity raises risk
txn_b05a1c98ae08,0.905422,1,1,merchant_ecosystem_abuse,gift_card_abuse,merchant age raises risk;session velocity raises risk;customer decline history lowers risk
txn_fee1d9626fdd,0.881465,1,1,merchant_ecosystem_abuse,gift_card_abuse,high generated risk score lowers risk;merchant age raises risk;session velocity raises risk
txn_0e19c5b45668,0.93463,1,1,merchant_ecosystem_abuse,gift_card_abuse,merchant age raises risk;session velocity raises risk;customer decline history lowers risk
txn_79a7b0a831a3,0.942781,1,1,merchant_ecosystem_abuse,gift_card_abuse,high generated risk score raises risk;merchant age raises risk;session velocity raises risk
txn_e04ad0a3ef20,0.946295,1,1,merchant_ecosystem_abuse,gift_card_abuse,merchant age raises risk;high generated risk score raises risk;session velocity raises risk
txn_0ef4c0b74934,0.932716,1,1,merchant_ecosystem_abuse,gift_card_abuse,merchant age raises risk;session velocity raises risk;customer decline history lowers risk
txn_809edc625c0c,0.945364,1,1,merchant_ecosystem_abuse,gift_card_abuse,merchant age raises risk;high generated risk score raises risk;session velocity raises risk
txn_de3a37c63eeb,0.929868,1,1,merchant_ecosystem_abuse,gift_card_abuse,merchant age raises risk;session velocity raises risk;customer decline history lowers risk
txn_af209e3a0b85,0.946068,1,1,merchant_ecosystem_abuse,gift_card_abuse,high generated risk score raises risk;merchant age raises risk;session velocity raises risk
txn_674142b148ae,0.938743,1,1,merchant_ecosystem_abuse,gift_card_abuse,merchant age raises risk;session velocity raises risk;customer decline history lowers risk
txn_e54e72ce4823,0.961619,1,1,merchant_ecosystem_abuse,gift_card_abuse,high generated risk score raises risk;merchant age raises risk;session velocity raises risk
txn_ab753d784971,0.923404,1,1,merchant_ecosystem_abuse,gift_card_abuse,merchant age raises risk;session velocity raises risk;customer decline history lowers risk
txn_327ed2b296fe,0.961626,1,1,merchant_ecosystem_abuse,gift_card_abuse,high generated risk score raises risk;merchant age raises risk;session velocity raises risk
txn_2159fc558030,0.946196,1,1,merchant_ecosystem_abuse,gift_card_abuse,merchant age raises risk;high generated risk score raises risk;session velocity raises risk
txn_9ee46e059cd8,0.908245,1,1,merchant_ecosystem_abuse,gift_card_abuse,merchant age raises risk;session velocity raises risk;customer decline history lowers risk
txn_7e73ef8eed06,0.922552,1,1,merchant_ecosystem_abuse,gift_card_abuse,merchant age raises risk;high generated risk score raises risk;session velocity raises risk
txn_d0b5e3f5a529,0.946958,1,1,merchant_ecosystem_abuse,gift_card_abuse,high generated risk score raises risk;merchant age raises risk;session velocity raises risk
txn_92e1eaa4d28b,0.936059,1,1,merchant_ecosystem_abuse,gift_card_abuse,high generated risk score raises risk;merchant age raises risk;session velocity raises risk
txn_5a601db21c3e,0.928859,1,1,merchant_ecosystem_abuse,gift_card_abuse,high generated risk score raises risk;merchant age raises risk;session velocity raises risk
txn_4138907e63d8,0.867653,1,1,merchant_ecosystem_abuse,gift_card_abuse,merchant age raises risk;high generated risk score lowers risk;session velocity raises risk
txn_7bfcb837f32a,0.891393,1,1,merchant_ecosystem_abuse,gift_card_abuse,merchant age raises risk;session velocity raises risk;customer decline history lowers risk
txn_a8d7edefb7f9,0.897316,1,1,merchant_ecosystem_abuse,gift_card_abuse,merchant age raises risk;session velocity raises risk;customer decline history lowers risk
txn_ead91cf311be,0.862341,1,1,merchant_ecosystem_abuse,gift_card_abuse,high generated risk score lowers risk;merchant age raises risk;session velocity raises risk
txn_57f8e0cd64f6,0.928519,1,1,merchant_ecosystem_abuse,gift_card_abuse,merchant age raises risk;high generated risk score raises risk;session velocity raises risk
txn_34f1265e42f5,0.95383,1,1,merchant_ecosystem_abuse,gift_card_abuse,high generated risk score raises risk;merchant age raises risk;session velocity raises risk
txn_3a5de7ebd3f5,0.912249,1,1,merchant_ecosystem_abuse,gift_card_abuse,merchant age raises risk;session velocity raises risk;customer decline history lowers risk
txn_10c7c3c4b9ad,0.924569,1,1,merchant_ecosystem_abuse,gift_card_abuse,merchant age raises risk;session velocity raises risk;customer decline history lowers risk
txn_b808e7a3913b,0.916549,1,1,merchant_ecosystem_abuse,gift_card_abuse,merchant age raises risk;session velocity raises risk;customer decline history lowers risk
txn_a55e23eaf0e0,0.889403,1,1,merchant_ecosystem_abuse,gift_card_abuse,high generated risk score lowers risk;merchant age raises risk;session velocity raises risk
txn_81b41a3a1542,0.936413,1,1,merchant_ecosystem_abuse,gift_card_abuse,merchant age raises risk;high generated risk score raises risk;session velocity raises risk
txn_2ce2741cfcfa,0.965646,1,1,merchant_ecosystem_abuse,gift_card_abuse,high generated risk score raises risk;merchant age raises risk;session velocity raises risk
txn_350142d9310b,0.893674,1,1,merchant_ecosystem_abuse,gift_card_abuse,merchant age raises risk;session velocity raises risk;customer decline history lowers risk
txn_3978f83ed669,0.912245,1,1,merchant_ecosystem_abuse,gift_card_abuse,merchant age raises risk;IP velocity lowers risk;session velocity raises risk
txn_4db2f99592b9,0.899424,1,1,merchant_ecosystem_abuse,gift_card_abuse,merchant age raises risk;IP velocity lowers risk;session velocity raises risk
txn_0e1d0db1fe36,0.943305,1,1,merchant_ecosystem_abuse,gift_card_abuse,high generated risk score raises risk;merchant age raises risk;IP velocity lowers risk
txn_7cedec0de362,0.926667,1,1,merchant_ecosystem_abuse,gift_card_abuse,merchant age raises risk;IP velocity lowers risk;session velocity raises risk
txn_2f73a28c1a78,0.922923,1,1,merchant_ecosystem_abuse,gift_card_abuse,high generated risk score raises risk;merchant age raises risk;IP velocity lowers risk
txn_7ae14631ebc5,0.908551,1,1,merchant_ecosystem_abuse,gift_card_abuse,merchant age raises risk;high generated risk score raises risk;IP velocity lowers risk
txn_10b8ce42ddde,0.87559,1,1,merchant_ecosystem_abuse,gift_card_abuse,merchant age raises risk;IP velocity lowers risk;session velocity raises risk
txn_0b94b1ee896d,0.942727,1,1,merchant_ecosystem_abuse,gift_card_abuse,high generated risk score raises risk;merchant age raises risk;IP velocity lowers risk
txn_576aa68fb955,0.919519,1,1,merchant_ecosystem_abuse,gift_card_abuse,merchant age raises risk;IP velocity lowers risk;session velocity raises risk
txn_ead7619c3d61,0.947861,1,1,merchant_ecosystem_abuse,gift_card_abuse,high generated risk score raises risk;merchant age raises risk;IP velocity lowers risk
txn_0aeb4fff8591,0.824633,1,1,merchant_ecosystem_abuse,gift_card_abuse,session velocity lowers risk;high generated risk score raises risk;merchant age raises risk
txn_014f0d83ae36,0.826972,1,1,merchant_ecosystem_abuse,gift_card_abuse,session velocity lowers risk;high generated risk score raises risk;merchant age raises risk
txn_98587f09c06a,0.86503,1,1,merchant_ecosystem_abuse,mule_laundering,merchant age lowers risk;high generated risk score lowers risk;transaction_type_code raises risk
txn_f560248358e8,0.913814,1,1,merchant_ecosystem_abuse,mule_laundering,merchant age lowers risk;transaction_type_code raises risk;customer decline history raises risk
txn_dc678296434b,0.933331,1,1,merchant_ecosystem_abuse,mule_laundering,merchant age lowers risk;transaction_type_code raises risk;customer decline history raises risk
txn_238c644d5b44,0.959733,1,1,merchant_ecosystem_abuse,mule_laundering,merchant age lowers risk;high generated risk score raises risk;transaction_type_code raises risk
txn_61a25a3f68e0,0.918205,1,1,merchant_ecosystem_abuse,mule_laundering,merchant age lowers risk;transaction_type_code raises risk;customer decline history raises risk
txn_0774f1ad6c3d,0.918699,1,1,merchant_ecosystem_abuse,mule_laundering,merchant age lowers risk;transaction_type_code raises risk;customer decline history raises risk
txn_ac173500c8e3,0.942666,1,1,merchant_ecosystem_abuse,mule_laundering,merchant age lowers risk;IP velocity raises risk;transaction_type_code raises risk
txn_de694dda4f32,0.947944,1,1,merchant_ecosystem_abuse,mule_laundering,merchant age lowers risk;transaction_type_code raises risk;customer decline history raises risk
txn_f524b222777f,0.939588,1,1,merchant_ecosystem_abuse,mule_laundering,merchant age lowers risk;IP velocity raises risk;transaction_type_code raises risk
txn_f5bc64c00f23,0.963562,1,1,merchant_ecosystem_abuse,mule_laundering,merchant age lowers risk;IP velocity raises risk;transaction_type_code raises risk
txn_f6aded86a5a0,0.965413,1,1,merchant_ecosystem_abuse,mule_laundering,merchant age lowers risk;IP velocity raises risk;transaction_type_code raises risk
txn_ee99cd5dcc63,0.930597,1,1,merchant_ecosystem_abuse,mule_laundering,merchant age lowers risk;IP velocity raises risk;transaction_type_code raises risk
txn_81c0c5e33f33,0.910851,1,1,merchant_ecosystem_abuse,mule_laundering,merchant age lowers risk;IP velocity raises risk;transaction_type_code raises risk
txn_a6e5e5494528,0.948663,1,1,merchant_ecosystem_abuse,mule_laundering,merchant age lowers risk;IP velocity raises risk;transaction_type_code raises risk
txn_e77c263501b1,0.884111,1,1,merchant_ecosystem_abuse,mule_laundering,merchant age lowers risk;high generated risk score lowers risk;transaction_type_code raises risk
txn_09d34b6bfc91,0.948981,1,1,merchant_ecosystem_abuse,mule_laundering,merchant age lowers risk;high generated risk score raises risk;transaction_type_code raises risk
txn_e451d4fefbdb,0.925387,1,1,merchant_ecosystem_abuse,mule_laundering,merchant age lowers risk;transaction_type_code raises risk;customer decline history raises risk
txn_4890e047b3bd,0.93643,1,1,merchant_ecosystem_abuse,mule_laundering,merchant age lowers risk;transaction_type_code raises risk;customer decline history raises risk
txn_badf9489c840,0.881272,1,1,merchant_ecosystem_abuse,mule_laundering,merchant age lowers risk;high generated risk score lowers risk;transaction_type_code raises risk
txn_8f3f124d0c2e,0.937013,1,1,merchant_ecosystem_abuse,mule_laundering,merchant age lowers risk;transaction_type_code raises risk;customer decline history raises risk
txn_6700f14bdd3c,0.867618,1,1,merchant_ecosystem_abuse,mule_laundering,merchant age lowers risk;high generated risk score lowers risk;transaction_type_code raises risk
txn_e50f0b40717f,0.869114,1,1,merchant_ecosystem_abuse,mule_laundering,merchant age lowers risk;high generated risk score lowers risk;transaction_type_code raises risk
txn_870aa9e7d188,0.929822,1,1,merchant_ecosystem_abuse,mule_laundering,merchant age lowers risk;transaction_type_code raises risk;customer decline history raises risk
txn_0484c5c4144f,0.927732,1,1,merchant_ecosystem_abuse,mule_laundering,merchant age lowers risk;transaction_type_code raises risk;customer decline history raises risk
txn_1acda7d27eef,0.915028,1,1,merchant_ecosystem_abuse,mule_laundering,merchant age lowers risk;transaction_type_code raises risk;customer decline history raises risk
txn_223755053ac4,0.949692,1,1,merchant_ecosystem_abuse,mule_laundering,merchant age lowers risk;high generated risk score raises risk;transaction_type_code raises risk
txn_90208d374e41,0.904788,1,1,merchant_ecosystem_abuse,mule_laundering,merchant age lowers risk;transaction_type_code raises risk;customer decline history raises risk
txn_450dd28751c4,0.930873,1,1,merchant_ecosystem_abuse,mule_laundering,merchant age lowers risk;transaction_type_code raises risk;customer decline history raises risk
txn_36a072ff1747,0.913472,1,1,merchant_ecosystem_abuse,mule_laundering,merchant age lowers risk;transaction_type_code raises risk;customer decline history raises risk
txn_67579a6b81dd,0.91279,1,1,merchant_ecosystem_abuse,mule_laundering,merchant age lowers risk;transaction_type_code raises risk;customer decline history raises risk
txn_fd765ce2aaf8,0.913372,1,1,merchant_ecosystem_abuse,mule_laundering,merchant age lowers risk;transaction_type_code raises risk;customer decline history raises risk
txn_c3ce79254224,0.9212,1,1,merchant_ecosystem_abuse,mule_laundering,merchant age lowers risk;transaction_type_code raises risk;customer decline history raises risk
txn_648ec716467b,0.941874,1,1,merchant_ecosystem_abuse,mule_laundering,merchant age lowers risk;high generated risk score raises risk;transaction_type_code raises risk
txn_2baf7998cdb0,0.928728,1,1,merchant_ecosystem_abuse,mule_laundering,merchant age lowers risk;transaction_type_code raises risk;customer decline history raises risk
txn_1fceb39c0023,0.922639,1,1,merchant_ecosystem_abuse,mule_laundering,merchant age lowers risk;transaction_type_code raises risk;customer decline history raises risk
txn_c2a1cca3f689,0.928714,1,1,merchant_ecosystem_abuse,mule_laundering,merchant age lowers risk;transaction_type_code raises risk;customer decline history raises risk
txn_ab4866108f47,0.931303,1,1,merchant_ecosystem_abuse,mule_laundering,merchant age lowers risk;high generated risk score raises risk;transaction_type_code raises risk
txn_ed2f3c2a0e7e,0.858221,1,1,merchant_ecosystem_abuse,mule_laundering,merchant age lowers risk;transaction_type_code raises risk;customer decline history raises risk
txn_9fcb4c8a2427,0.885894,1,1,merchant_ecosystem_abuse,mule_laundering,merchant age lowers risk;transaction_type_code raises risk;customer decline history raises risk
txn_f5404754926f,0.936426,1,1,merchant_ecosystem_abuse,mule_laundering,merchant age lowers risk;transaction_type_code raises risk;customer decline history raises risk
txn_9fab1d261468,0.920181,1,1,merchant_ecosystem_abuse,mule_laundering,merchant age lowers risk;transaction_type_code raises risk;customer decline history raises risk
txn_4545ecdd2746,0.911029,1,1,merchant_ecosystem_abuse,mule_laundering,merchant age lowers risk;transaction_type_code raises risk;customer decline history raises risk
txn_1a9c64a243d4,0.904219,1,1,merchant_ecosystem_abuse,mule_laundering,merchant age lowers risk;transaction_type_code raises risk;customer decline history raises risk
txn_3ca5706cc7af,0.878116,1,1,merchant_ecosystem_abuse,mule_laundering,merchant age lowers risk;high generated risk score lowers risk;transaction_type_code raises risk
txn_e5f01a2348e5,0.841282,1,1,merchant_ecosystem_abuse,mule_laundering,merchant age lowers risk;high generated risk score lowers risk;transaction_type_code raises risk
txn_cb9d87bab2ae,0.9424,1,1,merchant_ecosystem_abuse,mule_laundering,merchant age lowers risk;high generated risk score raises risk;transaction_type_code raises risk
txn_05e6f5ac4b0f,0.893912,1,1,merchant_ecosystem_abuse,mule_laundering,merchant age lowers risk;transaction_type_code raises risk;customer decline history raises risk
txn_50e253a1daf3,0.928089,1,1,merchant_ecosystem_abuse,mule_laundering,merchant age lowers risk;high generated risk score raises risk;transaction_type_code raises risk
txn_6b050a866116,0.830703,1,1,merchant_ecosystem_abuse,mule_laundering,merchant age lowers risk;transaction_type_code raises risk;customer decline history raises risk
txn_0667ef42b3ef,0.819804,1,1,merchant_ecosystem_abuse,mule_laundering,merchant age lowers risk;high generated risk score lowers risk;transaction_type_code raises risk
txn_665319c9a4ec,0.918563,1,1,merchant_ecosystem_abuse,mule_laundering,merchant age lowers risk;high generated risk score raises risk;transaction_type_code raises risk
txn_62d215e05c0e,0.905799,1,1,merchant_ecosystem_abuse,mule_laundering,merchant age lowers risk;transaction_type_code raises risk;customer decline history raises risk
txn_df8185c528ee,0.909841,1,1,merchant_ecosystem_abuse,mule_laundering,merchant age lowers risk;transaction_type_code raises risk;customer decline history raises risk
txn_939cd38e68e9,0.919032,1,1,merchant_ecosystem_abuse,mule_laundering,merchant age lowers risk;high generated risk score raises risk;transaction_type_code raises risk
txn_9921e2a48d75,0.851118,1,1,merchant_ecosystem_abuse,mule_laundering,merchant age lowers risk;high generated risk score lowers risk;transaction_type_code raises risk
txn_8fd41afe41a2,0.853918,1,1,merchant_ecosystem_abuse,mule_laundering,merchant age lowers risk;high generated risk score lowers risk;transaction_type_code raises risk
txn_7b6f413988d2,0.878517,1,1,merchant_ecosystem_abuse,mule_laundering,merchant age lowers risk;transaction_type_code raises risk;customer decline history raises risk
txn_793247ede0a0,0.875349,1,1,merchant_ecosystem_abuse,mule_laundering,merchant age lowers risk;transaction_type_code raises risk;customer decline history raises risk
txn_6c87db048145,0.915074,1,1,merchant_ecosystem_abuse,mule_laundering,merchant age lowers risk;transaction_type_code raises risk;customer decline history raises risk
txn_5f331e6f4e3e,0.918982,1,1,merchant_ecosystem_abuse,mule_laundering,merchant age lowers risk;transaction_type_code raises risk;customer decline history raises risk
txn_bd73173c25b9,0.909033,1,1,merchant_ecosystem_abuse,mule_laundering,merchant age lowers risk;transaction_type_code raises risk;customer decline history raises risk
txn_4ccd55f1ef7e,0.854443,1,1,merchant_ecosystem_abuse,mule_laundering,merchant age lowers risk;high generated risk score lowers risk;transaction_type_code raises risk
txn_37d971cc1833,0.926067,1,1,merchant_ecosystem_abuse,mule_laundering,merchant age lowers risk;transaction_type_code raises risk;customer decline history raises risk
txn_8bc59c932c9e,0.934242,1,1,merchant_ecosystem_abuse,mule_laundering,merchant age lowers risk;transaction_type_code raises risk;customer decline history raises risk
txn_e67886382a6a,0.883558,1,1,merchant_ecosystem_abuse,mule_laundering,merchant age lowers risk;transaction_type_code raises risk;customer decline history raises risk
txn_90224aecda88,0.926021,1,1,merchant_ecosystem_abuse,mule_laundering,merchant age lowers risk;high generated risk score raises risk;transaction_type_code raises risk
txn_60190d5ccadc,0.864616,1,1,merchant_ecosystem_abuse,mule_laundering,merchant age lowers risk;transaction_type_code raises risk;customer decline history raises risk
txn_36669615f15d,0.913883,1,1,merchant_ecosystem_abuse,mule_laundering,merchant age lowers risk;transaction_type_code raises risk;customer decline history raises risk
txn_4149d890bc26,0.922283,1,1,merchant_ecosystem_abuse,mule_laundering,merchant age lowers risk;high generated risk score raises risk;transaction_type_code raises risk
txn_1d389a586955,0.875758,1,1,merchant_ecosystem_abuse,mule_laundering,merchant age lowers risk;transaction_type_code raises risk;customer decline history raises risk
txn_f3a36f882fbb,0.934405,1,1,merchant_ecosystem_abuse,mule_laundering,merchant age lowers risk;high generated risk score raises risk;transaction_type_code raises risk
txn_080fd039b316,0.873249,1,1,merchant_ecosystem_abuse,mule_laundering,merchant age lowers risk;transaction_type_code raises risk;customer decline history raises risk
txn_9722f441e279,0.9614,1,1,merchant_ecosystem_abuse,marketplace_seller_fraud,device history raises risk;customer account age raises risk;customer decline history raises risk
txn_bde87bbd8282,0.979427,1,1,merchant_ecosystem_abuse,marketplace_seller_fraud,device history raises risk;customer account age raises risk;customer decline history raises risk
txn_aa05bbcde788,0.964519,1,1,merchant_ecosystem_abuse,marketplace_seller_fraud,device history raises risk;customer account age raises risk;customer decline history raises risk
txn_cfde536efcc0,0.97376,1,1,merchant_ecosystem_abuse,marketplace_seller_fraud,device history raises risk;customer account age raises risk;customer decline history raises risk
txn_2c3028f9fe8b,0.986655,1,1,merchant_ecosystem_abuse,marketplace_seller_fraud,high generated risk score raises risk;device history raises risk;customer account age raises risk
txn_653a1a00f4c6,0.977215,1,1,merchant_ecosystem_abuse,marketplace_seller_fraud,device history raises risk;customer account age raises risk;customer decline history raises risk
txn_bce84c95e279,0.986435,1,1,merchant_ecosystem_abuse,marketplace_seller_fraud,high generated risk score raises risk;device history raises risk;customer account age raises risk
txn_7b6ab1081a37,0.981864,1,1,merchant_ecosystem_abuse,marketplace_seller_fraud,device history raises risk;customer account age raises risk;customer decline history raises risk
txn_af127d1fd851,0.969635,1,1,merchant_ecosystem_abuse,marketplace_seller_fraud,device history raises risk;customer account age raises risk;customer decline history raises risk
txn_32703e36a8f4,0.982277,1,1,merchant_ecosystem_abuse,marketplace_seller_fraud,device history raises risk;customer account age raises risk;IP velocity raises risk
txn_2204c25e906d,0.975159,1,1,merchant_ecosystem_abuse,marketplace_seller_fraud,device history raises risk;customer account age raises risk;IP velocity raises risk
txn_2a3e679e7042,0.987239,1,1,merchant_ecosystem_abuse,marketplace_seller_fraud,device history raises risk;customer account age raises risk;IP velocity raises risk
txn_2f6b24677463,0.984045,1,1,merchant_ecosystem_abuse,marketplace_seller_fraud,device history raises risk;customer account age raises risk;IP velocity raises risk
txn_9002bf550b90,0.966774,1,1,merchant_ecosystem_abuse,marketplace_seller_fraud,device history raises risk;customer account age raises risk;customer decline history raises risk
txn_b76fe517b973,0.960284,1,1,merchant_ecosystem_abuse,marketplace_seller_fraud,device history raises risk;customer account age raises risk;customer decline history raises risk
txn_1b0c1dc1502b,0.976723,1,1,merchant_ecosystem_abuse,marketplace_seller_fraud,device history raises risk;customer account age raises risk;customer decline history raises risk
txn_a1d2ddc52c55,0.967228,1,1,merchant_ecosystem_abuse,marketplace_seller_fraud,device history raises risk;customer account age raises risk;customer decline history raises risk
txn_7355b543574a,0.975125,1,1,merchant_ecosystem_abuse,marketplace_seller_fraud,device history raises risk;customer account age raises risk;customer decline history raises risk
txn_5b5297fa82b5,0.976036,1,1,merchant_ecosystem_abuse,marketplace_seller_fraud,device history raises risk;customer account age raises risk;high generated risk score raises risk
txn_d49c950306f3,0.965219,1,1,merchant_ecosystem_abuse,marketplace_seller_fraud,device history raises risk;customer account age raises risk;customer decline history raises risk
txn_b57e45ad1731,0.978519,1,1,merchant_ecosystem_abuse,marketplace_seller_fraud,high generated risk score raises risk;device history raises risk;customer account age raises risk
txn_c97f57cd6359,0.972254,1,1,merchant_ecosystem_abuse,marketplace_seller_fraud,device history raises risk;customer account age raises risk;customer decline history raises risk
txn_ebe0f5bbc775,0.982431,1,1,merchant_ecosystem_abuse,marketplace_seller_fraud,high generated risk score raises risk;device history raises risk;customer account age raises risk
txn_04947131e1fb,0.976183,1,1,merchant_ecosystem_abuse,marketplace_seller_fraud,device history raises risk;high generated risk score raises risk;customer account age raises risk
txn_710b6bcf164b,0.9793,1,1,merchant_ecosystem_abuse,marketplace_seller_fraud,device history raises risk;customer account age raises risk;high generated risk score raises risk
txn_6b5b0459a067,0.979129,1,1,merchant_ecosystem_abuse,marketplace_seller_fraud,high generated risk score raises risk;device history raises risk;customer account age raises risk
txn_5746e3428411,0.97807,1,1,merchant_ecosystem_abuse,marketplace_seller_fraud,device history raises risk;customer account age raises risk;customer decline history raises risk
txn_b8acf292a5d0,0.975749,1,1,merchant_ecosystem_abuse,marketplace_seller_fraud,device history raises risk;customer account age raises risk;high generated risk score raises risk
txn_a1aa79f752db,0.959636,1,1,merchant_ecosystem_abuse,marketplace_seller_fraud,device history raises risk;customer account age raises risk;customer decline history raises risk
txn_73378d4f6f39,0.974198,1,1,merchant_ecosystem_abuse,marketplace_seller_fraud,device history raises risk;customer account age raises risk;customer decline history raises risk
txn_3af16288a5ca,0.964157,1,1,merchant_ecosystem_abuse,marketplace_seller_fraud,device history raises risk;customer account age raises risk;customer decline history raises risk
txn_1c60b5c6a2b4,0.965663,1,1,merchant_ecosystem_abuse,marketplace_seller_fraud,device history raises risk;customer account age raises risk;customer decline history raises risk
txn_df5af850c8ee,0.969715,1,1,merchant_ecosystem_abuse,marketplace_seller_fraud,device history raises risk;customer account age raises risk;customer decline history raises risk
txn_5b82e36996b4,0.967089,1,1,merchant_ecosystem_abuse,marketplace_seller_fraud,device history raises risk;customer account age raises risk;customer decline history raises risk
txn_ec73aefbc2bf,0.965364,1,1,merchant_ecosystem_abuse,marketplace_seller_fraud,device history raises risk;customer account age raises risk;customer decline history raises risk
txn_0feeec494103,0.958662,1,1,merchant_ecosystem_abuse,marketplace_seller_fraud,device history raises risk;customer account age raises risk;customer decline history raises risk
txn_0b35ca567027,0.979352,1,1,merchant_ecosystem_abuse,marketplace_seller_fraud,device history raises risk;high generated risk score raises risk;customer account age raises risk
txn_2d8374ba03ba,0.96797,1,1,merchant_ecosystem_abuse,marketplace_seller_fraud,device history raises risk;customer account age raises risk;customer decline history raises risk
txn_c0f8aa3c1d37,0.960517,1,1,merchant_ecosystem_abuse,marketplace_seller_fraud,device history raises risk;customer account age raises risk;customer decline history raises risk
txn_7eb4d9b74650,0.942973,1,1,merchant_ecosystem_abuse,marketplace_seller_fraud,device history raises risk;customer account age raises risk;customer decline history raises risk
txn_78af45fcd263,0.956602,1,1,merchant_ecosystem_abuse,marketplace_seller_fraud,device history raises risk;customer account age raises risk;customer decline history raises risk
txn_13e708c1fff7,0.963259,1,1,merchant_ecosystem_abuse,marketplace_seller_fraud,device history raises risk;customer account age raises risk;customer decline history raises risk
txn_dc7525daaa48,0.960899,1,1,merchant_ecosystem_abuse,marketplace_seller_fraud,device history raises risk;customer account age raises risk;customer decline history raises risk
txn_aa0d79e2bd5a,0.969542,1,1,merchant_ecosystem_abuse,marketplace_seller_fraud,device history raises risk;high generated risk score raises risk;customer account age raises risk
txn_b721792bae84,0.968723,1,1,merchant_ecosystem_abuse,marketplace_seller_fraud,device history raises risk;customer account age raises risk;customer decline history raises risk
txn_0dd3e88ced62,0.969745,1,1,merchant_ecosystem_abuse,marketplace_seller_fraud,device history raises risk;customer account age raises risk;high generated risk score raises risk
txn_0a4eec3b5653,0.956461,1,1,merchant_ecosystem_abuse,marketplace_seller_fraud,device history raises risk;customer account age raises risk;customer decline history raises risk
txn_8df359eed710,0.969315,1,1,merchant_ecosystem_abuse,marketplace_seller_fraud,device history raises risk;customer account age raises risk;customer decline history raises risk
txn_a97b3256621f,0.950109,1,1,merchant_ecosystem_abuse,marketplace_seller_fraud,device history raises risk;customer account age raises risk;customer decline history raises risk
txn_15e3472ede30,0.961828,1,1,merchant_ecosystem_abuse,marketplace_seller_fraud,device history raises risk;customer account age raises risk;customer decline history raises risk
txn_f74ceac34e76,0.949867,1,1,merchant_ecosystem_abuse,marketplace_seller_fraud,device history raises risk;customer account age raises risk;customer decline history raises risk
txn_4f49a48a107b,0.951938,1,1,merchant_ecosystem_abuse,marketplace_seller_fraud,device history raises risk;customer account age raises risk;customer decline history raises risk
txn_6949f664679d,0.977708,1,1,merchant_ecosystem_abuse,marketplace_seller_fraud,high generated risk score raises risk;device history raises risk;customer account age raises risk
txn_c052a63c2bd0,0.967285,1,1,merchant_ecosystem_abuse,marketplace_seller_fraud,device history raises risk;customer account age raises risk;customer decline history raises risk
txn_b4fedc5de7d0,0.962022,1,1,merchant_ecosystem_abuse,marketplace_seller_fraud,device history raises risk;customer account age raises risk;customer decline history raises risk
txn_2f9dda612b79,0.964627,1,1,merchant_ecosystem_abuse,marketplace_seller_fraud,device history raises risk;customer account age raises risk;customer decline history raises risk
txn_ac8bef947b5d,0.974195,1,1,merchant_ecosystem_abuse,marketplace_seller_fraud,device history raises risk;customer account age raises risk;customer decline history raises risk
txn_b16d565ec5ce,0.958073,1,1,merchant_ecosystem_abuse,marketplace_seller_fraud,device history raises risk;customer account age raises risk;customer decline history raises risk
txn_b551fecd924d,0.981491,1,1,merchant_ecosystem_abuse,marketplace_seller_fraud,high generated risk score raises risk;device history raises risk;customer account age raises risk
txn_c3d3f59183dc,0.974293,1,1,merchant_ecosystem_abuse,marketplace_seller_fraud,device history raises risk;customer account age raises risk;high generated risk score raises risk
txn_eea8025fb8e6,0.974595,1,1,merchant_ecosystem_abuse,marketplace_seller_fraud,device history raises risk;customer account age raises risk;customer decline history raises risk
txn_ac5b12ec4034,0.952572,1,1,merchant_ecosystem_abuse,marketplace_seller_fraud,device history raises risk;customer account age raises risk;customer decline history raises risk
txn_90024b547867,0.953062,1,1,merchant_ecosystem_abuse,marketplace_seller_fraud,device history raises risk;customer account age raises risk;customer decline history raises risk
txn_4db8e0a639fe,0.966137,1,1,merchant_ecosystem_abuse,marketplace_seller_fraud,device history raises risk;customer account age raises risk;customer decline history raises risk
txn_7496766ab3d7,0.96991,1,1,merchant_ecosystem_abuse,marketplace_seller_fraud,device history raises risk;high generated risk score raises risk;customer account age raises risk
txn_0b3fd44ead32,0.968624,1,1,merchant_ecosystem_abuse,marketplace_seller_fraud,device history raises risk;customer account age raises risk;customer decline history raises risk
txn_f8d9c442f6a6,0.957508,1,1,merchant_ecosystem_abuse,marketplace_seller_fraud,device history raises risk;customer account age raises risk;customer decline history raises risk
txn_85abd04c0f9b,0.940087,1,1,merchant_ecosystem_abuse,marketplace_seller_fraud,device history raises risk;customer account age raises risk;customer decline history raises risk
txn_7936530bd93d,0.973037,1,1,merchant_ecosystem_abuse,marketplace_seller_fraud,device history raises risk;high generated risk score raises risk;customer account age raises risk
txn_350d0fcc5751,0.838528,1,1,merchant_ecosystem_abuse,marketplace_seller_fraud,session velocity lowers risk;device history raises risk;customer account age raises risk
txn_9b4339d956d6,0.888708,1,1,merchant_ecosystem_abuse,marketplace_seller_fraud,session velocity lowers risk;device history raises risk;customer account age raises risk
txn_b0ece5fa3599,0.807249,1,1,merchant_ecosystem_abuse,triangulation_fraud,merchant chargeback behavior lowers risk;high generated risk score lowers risk;session velocity raises risk
txn_38742312fd3a,0.770851,1,1,merchant_ecosystem_abuse,triangulation_fraud,high generated risk score lowers risk;merchant chargeback behavior lowers risk;IP velocity raises risk
txn_3a05004d7c0f,0.863712,1,1,merchant_ecosystem_abuse,triangulation_fraud,merchant chargeback behavior lowers risk;IP velocity raises risk;session velocity raises risk
txn_52c5202ae3fe,0.829629,1,1,merchant_ecosystem_abuse,triangulation_fraud,merchant chargeback behavior lowers risk;IP velocity raises risk;high generated risk score lowers risk
txn_e99153d67de1,0.829143,1,1,merchant_ecosystem_abuse,triangulation_fraud,high generated risk score lowers risk;merchant chargeback behavior lowers risk;IP velocity raises risk
txn_43ef7e338f1d,0.912676,1,1,merchant_ecosystem_abuse,triangulation_fraud,high generated risk score raises risk;merchant chargeback behavior lowers risk;IP velocity raises risk
txn_d9b5ba4970f5,0.90128,1,1,merchant_ecosystem_abuse,triangulation_fraud,merchant chargeback behavior lowers risk;IP velocity raises risk;session velocity raises risk
txn_f4e3979a1db9,0.899136,1,1,merchant_ecosystem_abuse,triangulation_fraud,merchant chargeback behavior lowers risk;IP velocity raises risk;session velocity raises risk
txn_8adc75bba6bd,0.908322,1,1,merchant_ecosystem_abuse,triangulation_fraud,IP velocity raises risk;merchant chargeback behavior lowers risk;session velocity raises risk
txn_6ef8150a55ef,0.929658,1,1,merchant_ecosystem_abuse,triangulation_fraud,high generated risk score raises risk;IP velocity raises risk;merchant chargeback behavior lowers risk
txn_f64fde23a2c3,0.825852,1,1,merchant_ecosystem_abuse,triangulation_fraud,IP velocity raises risk;merchant chargeback behavior lowers risk;high generated risk score lowers risk
txn_8a09f80e7cd5,0.878555,1,1,merchant_ecosystem_abuse,triangulation_fraud,IP velocity raises risk;merchant chargeback behavior lowers risk;session velocity raises risk
txn_d4b294287e00,0.900514,1,1,merchant_ecosystem_abuse,triangulation_fraud,high generated risk score raises risk;merchant chargeback behavior lowers risk;IP velocity raises risk
txn_a5f25bb36dc8,0.893204,1,1,merchant_ecosystem_abuse,triangulation_fraud,high generated risk score raises risk;merchant chargeback behavior lowers risk;IP velocity raises risk
txn_5183e45c883a,0.869416,1,1,merchant_ecosystem_abuse,triangulation_fraud,merchant chargeback behavior lowers risk;IP velocity raises risk;high generated risk score raises risk
txn_7b2a3c9e779a,0.824123,1,1,merchant_ecosystem_abuse,triangulation_fraud,merchant chargeback behavior lowers risk;IP velocity raises risk;session velocity raises risk
txn_9dc3390bb153,0.759948,1,1,merchant_ecosystem_abuse,triangulation_fraud,high generated risk score lowers risk;merchant chargeback behavior lowers risk;session velocity raises risk
txn_44a14d06c6f7,0.877119,1,1,merchant_ecosystem_abuse,triangulation_fraud,high generated risk score raises risk;merchant chargeback behavior lowers risk;session velocity raises risk
txn_4bb849db517c,0.841179,1,1,merchant_ecosystem_abuse,triangulation_fraud,merchant chargeback behavior lowers risk;session velocity raises risk;customer_historical_spend_mean lowers risk
txn_7a2686a1313b,0.88685,1,1,merchant_ecosystem_abuse,triangulation_fraud,high generated risk score raises risk;merchant chargeback behavior lowers risk;session velocity raises risk
txn_4da2e4513488,0.790507,1,1,merchant_ecosystem_abuse,triangulation_fraud,merchant chargeback behavior lowers risk;session velocity raises risk;customer_historical_spend_mean lowers risk
txn_422676f51442,0.856252,1,1,merchant_ecosystem_abuse,triangulation_fraud,merchant chargeback behavior lowers risk;high generated risk score raises risk;session velocity raises risk
txn_f1c8ad73308e,0.824687,1,1,merchant_ecosystem_abuse,triangulation_fraud,merchant chargeback behavior lowers risk;session velocity raises risk;customer_historical_spend_mean lowers risk
txn_bb516f11dbcf,0.790609,1,1,merchant_ecosystem_abuse,triangulation_fraud,merchant chargeback behavior lowers risk;high generated risk score lowers risk;session velocity raises risk
txn_19f2ad5e1778,0.849494,1,1,merchant_ecosystem_abuse,triangulation_fraud,merchant chargeback behavior lowers risk;session velocity raises risk;customer_historical_spend_mean lowers risk
txn_af888ebb312a,0.81525,1,1,merchant_ecosystem_abuse,triangulation_fraud,merchant chargeback behavior lowers risk;session velocity raises risk;customer_historical_spend_mean lowers risk
txn_18e6077781f8,0.845927,1,1,merchant_ecosystem_abuse,triangulation_fraud,merchant chargeback behavior lowers risk;session velocity raises risk;customer_historical_spend_mean lowers risk
txn_aa95b1e9539b,0.884599,1,1,merchant_ecosystem_abuse,triangulation_fraud,merchant chargeback behavior lowers risk;high generated risk score raises risk;session velocity raises risk
txn_81cd1581f918,0.732704,1,1,merchant_ecosystem_abuse,triangulation_fraud,merchant chargeback behavior lowers risk;session velocity raises risk;customer_historical_spend_mean lowers risk
txn_ed7a0bacae48,0.747166,1,1,merchant_ecosystem_abuse,triangulation_fraud,merchant chargeback behavior lowers risk;session velocity raises risk;customer_historical_spend_mean lowers risk
txn_e49c5377346f,0.822662,1,1,merchant_ecosystem_abuse,triangulation_fraud,merchant chargeback behavior lowers risk;high generated risk score raises risk;session velocity raises risk
txn_302a913a236f,0.876982,1,1,merchant_ecosystem_abuse,triangulation_fraud,high generated risk score raises risk;merchant chargeback behavior lowers risk;session velocity raises risk
txn_ddeb89350cce,0.840526,1,1,merchant_ecosystem_abuse,triangulation_fraud,merchant chargeback behavior lowers risk;high generated risk score raises risk;session velocity raises risk
txn_4e2cb117bf6d,0.817629,1,1,merchant_ecosystem_abuse,triangulation_fraud,merchant chargeback behavior lowers risk;session velocity raises risk;customer_historical_spend_mean lowers risk
txn_a6ae6b48ddf1,0.753782,1,1,merchant_ecosystem_abuse,triangulation_fraud,merchant chargeback behavior lowers risk;session velocity raises risk;high generated risk score lowers risk
txn_0c56d2a8b07b,0.742677,1,1,merchant_ecosystem_abuse,triangulation_fraud,merchant chargeback behavior lowers risk;high generated risk score lowers risk;session velocity raises risk
txn_67f89fe818c0,0.765602,1,1,merchant_ecosystem_abuse,triangulation_fraud,merchant chargeback behavior lowers risk;high generated risk score lowers risk;session velocity raises risk
txn_9230548e39d2,0.872522,1,1,merchant_ecosystem_abuse,triangulation_fraud,merchant chargeback behavior lowers risk;high generated risk score raises risk;session velocity raises risk
txn_5e36be3d3738,0.819655,1,1,merchant_ecosystem_abuse,triangulation_fraud,merchant chargeback behavior lowers risk;session velocity raises risk;customer_historical_spend_mean lowers risk
txn_7d58beb4adbb,0.664786,1,1,merchant_ecosystem_abuse,triangulation_fraud,session velocity lowers risk;high generated risk score raises risk;merchant chargeback behavior lowers risk
txn_5f89e9fde754,0.503889,1,1,merchant_ecosystem_abuse,triangulation_fraud,session velocity lowers risk;merchant chargeback behavior lowers risk;high generated risk score lowers risk
txn_86c25e37bff1,0.984465,1,1,post_transaction_abuse,alternative_refund_abuse,merchant refund behavior raises risk;customer decline history raises risk;IP velocity raises risk
txn_5d9ec2c0ce64,0.989576,1,1,post_transaction_abuse,alternative_refund_abuse,merchant refund behavior raises risk;high generated risk score raises risk;customer decline history raises risk
txn_7e4d6a1609da,0.989134,1,1,post_transaction_abuse,alternative_refund_abuse,merchant refund behavior raises risk;IP velocity raises risk;high generated risk score raises risk
txn_2fcaab26803a,0.98518,1,1,post_transaction_abuse,alternative_refund_abuse,merchant refund behavior raises risk;IP velocity raises risk;customer decline history raises risk
txn_4d0529347e08,0.988163,1,1,post_transaction_abuse,alternative_refund_abuse,merchant refund behavior raises risk;IP velocity raises risk;customer decline history raises risk
txn_5894bd53991c,0.988134,1,1,post_transaction_abuse,alternative_refund_abuse,merchant refund behavior raises risk;IP velocity raises risk;customer decline history raises risk
txn_8ab9238cb468,0.986913,1,1,post_transaction_abuse,alternative_refund_abuse,merchant refund behavior raises risk;IP velocity raises risk;customer decline history raises risk
txn_324cbeae2da9,0.991417,1,1,post_transaction_abuse,alternative_refund_abuse,merchant refund behavior raises risk;IP velocity raises risk;customer decline history raises risk
txn_fd278a75fc60,0.984687,1,1,post_transaction_abuse,alternative_refund_abuse,merchant refund behavior raises risk;IP velocity raises risk;customer decline history raises risk
txn_0a5d65e3b956,0.971891,1,1,post_transaction_abuse,chargeback_fraud,device history raises risk;merchant refund behavior raises risk;merchant chargeback behavior lowers risk
txn_6b833a589fac,0.982008,1,1,post_transaction_abuse,chargeback_fraud,device history raises risk;merchant refund behavior raises risk;merchant chargeback behavior lowers risk
txn_f13ee6b76616,0.981313,1,1,post_transaction_abuse,chargeback_fraud,device history raises risk;merchant refund behavior raises risk;IP velocity raises risk
txn_7c92b1d1bbc8,0.981833,1,1,post_transaction_abuse,chargeback_fraud,device history raises risk;merchant refund behavior raises risk;merchant chargeback behavior lowers risk
txn_f02dd578beba,0.978614,1,1,post_transaction_abuse,chargeback_fraud,device history raises risk;merchant refund behavior raises risk;IP velocity raises risk
txn_3c27ce799be7,0.982335,1,1,post_transaction_abuse,chargeback_fraud,device history raises risk;merchant refund behavior raises risk;IP velocity raises risk
txn_0e078a0be3e5,0.972325,1,1,post_transaction_abuse,chargeback_fraud,device history raises risk;IP velocity raises risk;merchant refund behavior raises risk
txn_abe517cc1749,0.983769,1,1,post_transaction_abuse,chargeback_fraud,device history raises risk;IP velocity raises risk;merchant refund behavior raises risk
txn_755ef8305814,0.98694,1,1,post_transaction_abuse,chargeback_fraud,device history raises risk;IP velocity raises risk;merchant refund behavior raises risk
txn_ed239e768aa4,0.86937,1,1,post_transaction_abuse,chargeback_fraud,session velocity lowers risk;device history raises risk;IP velocity raises risk
txn_ed99220c1f3e,0.967999,1,1,post_transaction_abuse,non_delivery_claim,device history raises risk;high generated risk score raises risk;IP velocity raises risk
txn_a8286b22b8e9,0.942919,1,1,post_transaction_abuse,non_delivery_claim,device history raises risk;IP velocity raises risk;high generated risk score lowers risk
txn_9f0479d9296b,0.971686,1,1,post_transaction_abuse,non_delivery_claim,device history raises risk;high generated risk score raises risk;IP velocity raises risk
txn_405dada2f35a,0.969298,1,1,post_transaction_abuse,non_delivery_claim,device history raises risk;IP velocity raises risk;customer decline history lowers risk
txn_631cd3d52c16,0.968719,1,1,post_transaction_abuse,non_delivery_claim,device history raises risk;IP velocity raises risk;customer decline history lowers risk
txn_071c733e1406,0.96966,1,1,post_transaction_abuse,non_delivery_claim,device history raises risk;IP velocity raises risk;customer decline history lowers risk
txn_c18e3e7fb9a0,0.977438,1,1,post_transaction_abuse,non_delivery_claim,device history raises risk;IP velocity raises risk;high generated risk score raises risk
txn_1e4d75e13bcb,0.977349,1,1,post_transaction_abuse,non_delivery_claim,high generated risk score raises risk;device history raises risk;IP velocity raises risk
txn_2877c56d9f21,0.980488,1,1,post_transaction_abuse,non_delivery_claim,high generated risk score raises risk;device history raises risk;IP velocity raises risk
txn_8d6bf71ab411,0.950273,1,1,post_transaction_abuse,non_delivery_claim,device history raises risk;IP velocity raises risk;customer decline history lowers risk
txn_00339f8fe4a9,0.957454,1,1,post_transaction_abuse,non_delivery_claim,device history raises risk;IP velocity raises risk;customer decline history lowers risk
txn_b06dc1aa9201,0.971721,1,1,post_transaction_abuse,non_delivery_claim,device history raises risk;IP velocity raises risk;customer decline history lowers risk
txn_13b55a30596f,0.931038,1,1,post_transaction_abuse,non_delivery_claim,device history raises risk;high generated risk score lowers risk;IP velocity raises risk
txn_ab4fe8c733c7,0.967063,1,1,post_transaction_abuse,non_delivery_claim,device history raises risk;high generated risk score raises risk;customer decline history lowers risk
txn_b37e7bb84ad7,0.938235,1,1,post_transaction_abuse,non_delivery_claim,device history raises risk;customer decline history lowers risk;session velocity raises risk
txn_68752d597e1f,0.655772,1,1,post_transaction_abuse,non_delivery_claim,session velocity lowers risk;device history raises risk;high generated risk score raises risk
txn_c5f7dcf10bfa,0.989391,1,1,post_transaction_abuse,refund_fraud,customer account age raises risk;merchant age raises risk;customer decline history raises risk
txn_eb5b20d63d7d,0.99242,1,1,post_transaction_abuse,refund_fraud,customer account age raises risk;high generated risk score raises risk;merchant age raises risk
txn_f57076f7b1e9,0.983018,1,1,post_transaction_abuse,refund_fraud,customer account age raises risk;merchant age raises risk;customer decline history raises risk
txn_86dab5f454d9,0.995425,1,1,post_transaction_abuse,refund_fraud,high generated risk score raises risk;customer account age raises risk;merchant age raises risk
txn_8db52f672285,0.990007,1,1,post_transaction_abuse,refund_fraud,customer account age raises risk;IP velocity raises risk;merchant age raises risk
txn_51f1c72de09c,0.990609,1,1,post_transaction_abuse,refund_fraud,customer account age raises risk;IP velocity raises risk;merchant age raises risk
txn_e4a2956318dc,0.9959,1,1,post_transaction_abuse,refund_fraud,high generated risk score raises risk;customer account age raises risk;IP velocity raises risk
txn_73e0893bd7c1,0.990398,1,1,post_transaction_abuse,refund_fraud,customer account age raises risk;IP velocity raises risk;merchant age raises risk
txn_65b28c00a8f9,0.990763,1,1,post_transaction_abuse,refund_fraud,customer account age raises risk;merchant age raises risk;customer decline history raises risk
txn_69daa5f2d016,0.95006,1,1,post_transaction_abuse,refund_fraud,session velocity lowers risk;customer account age raises risk;merchant age raises risk
txn_398a02833240,0.959905,1,1,post_transaction_abuse,refund_fraud,session velocity lowers risk;customer account age raises risk;merchant age raises risk
txn_8e53d9278817,0.966995,1,1,post_transaction_abuse,return_policy_abuse,merchant refund behavior raises risk;customer account age raises risk;IP velocity raises risk
txn_942d00f1156e,0.979715,1,1,post_transaction_abuse,return_policy_abuse,high generated risk score raises risk;merchant refund behavior raises risk;IP velocity raises risk
txn_07b88c42995b,0.949827,1,1,post_transaction_abuse,return_policy_abuse,merchant refund behavior raises risk;IP velocity raises risk;customer account age raises risk
txn_6f58ebeae2a1,0.957629,1,1,post_transaction_abuse,return_policy_abuse,merchant refund behavior raises risk;IP velocity raises risk;customer account age raises risk
txn_7a9294fd7b05,0.950725,1,1,post_transaction_abuse,return_policy_abuse,high generated risk score lowers risk;merchant refund behavior raises risk;IP velocity raises risk
txn_4cbf5649ca34,0.984481,1,1,post_transaction_abuse,return_policy_abuse,high generated risk score raises risk;merchant refund behavior raises risk;IP velocity raises risk
txn_88770af98e0c,0.979652,1,1,post_transaction_abuse,return_policy_abuse,merchant refund behavior raises risk;IP velocity raises risk;customer account age raises risk
txn_c477b9d65e63,0.96987,1,1,post_transaction_abuse,return_policy_abuse,merchant refund behavior raises risk;customer account age raises risk;IP velocity raises risk
txn_de1dbeded6bd,0.9801,1,1,post_transaction_abuse,return_policy_abuse,high generated risk score raises risk;merchant refund behavior raises risk;customer account age raises risk
txn_985ce798d10c,0.952404,1,1,post_transaction_abuse,return_policy_abuse,merchant refund behavior raises risk;customer account age raises risk;high generated risk score lowers risk
txn_fc230ec45fad,0.974213,1,1,post_transaction_abuse,return_policy_abuse,merchant refund behavior raises risk;customer account age raises risk;device history raises risk
txn_71da449119ca,0.97184,1,1,post_transaction_abuse,return_policy_abuse,merchant refund behavior raises risk;customer account age raises risk;high generated risk score raises risk
txn_3ed048f3b7ae,0.960902,1,1,post_transaction_abuse,return_policy_abuse,merchant refund behavior raises risk;customer account age raises risk;device history raises risk
txn_e8e15014ff39,0.97075,1,1,post_transaction_abuse,return_policy_abuse,merchant refund behavior raises risk;high generated risk score raises risk;customer account age raises risk
txn_bb6474931f34,0.959513,1,1,post_transaction_abuse,return_policy_abuse,merchant refund behavior raises risk;customer account age raises risk;device history raises risk
txn_788bc774e926,0.946123,1,1,post_transaction_abuse,return_policy_abuse,merchant refund behavior raises risk;customer account age raises risk;device history raises risk
txn_33ec359a3f82,0.967963,1,1,post_transaction_abuse,return_policy_abuse,merchant refund behavior raises risk;customer account age raises risk;high generated risk score raises risk
txn_d1eb5d8e7d34,0.942349,1,1,post_transaction_abuse,return_policy_abuse,merchant refund behavior raises risk;customer account age raises risk;device history raises risk
txn_d5924f6ce235,0.959149,1,1,post_transaction_abuse,return_policy_abuse,merchant refund behavior raises risk;customer account age raises risk;device history raises risk
txn_d91b87234f96,0.960823,1,1,post_transaction_abuse,return_policy_abuse,merchant refund behavior raises risk;customer account age raises risk;device history raises risk
txn_14cac801add9,0.949578,1,1,post_transaction_abuse,return_policy_abuse,merchant refund behavior raises risk;customer account age raises risk;device history raises risk
txn_9f8359313748,0.735047,1,1,social_engineering_payment_fraud,ai_impersonation,customer account age lowers risk;IP velocity raises risk;high generated risk score lowers risk
txn_80c50628e3ad,0.732676,1,1,social_engineering_payment_fraud,ai_impersonation,customer account age lowers risk;high generated risk score lowers risk;IP velocity raises risk
txn_58b332f82dc4,0.781861,1,1,social_engineering_payment_fraud,ai_impersonation,customer account age lowers risk;IP velocity raises risk;customer decline history lowers risk
txn_e15cc02fb794,0.873069,1,1,social_engineering_payment_fraud,ai_impersonation,customer account age lowers risk;high generated risk score raises risk;IP velocity raises risk
txn_d832b2334ba8,0.795936,1,1,social_engineering_payment_fraud,ai_impersonation,customer account age lowers risk;IP velocity raises risk;customer decline history lowers risk
txn_c551834061fa,0.890239,1,1,social_engineering_payment_fraud,ai_impersonation,customer account age lowers risk;high generated risk score raises risk;IP velocity raises risk
txn_a89dc4984c94,0.959666,1,1,social_engineering_payment_fraud,authorized_push_payment_scam,customer account age lowers risk;merchant chargeback behavior lowers risk;IP velocity raises risk
txn_e75b31e0ab73,0.936677,1,1,social_engineering_payment_fraud,authorized_push_payment_scam,high generated risk score lowers risk;IP velocity raises risk;customer account age lowers risk
txn_fac58334c15f,0.936053,1,1,social_engineering_payment_fraud,authorized_push_payment_scam,IP velocity raises risk;customer account age lowers risk;merchant chargeback behavior lowers risk
txn_27eafd08f31c,0.959393,1,1,social_engineering_payment_fraud,authorized_push_payment_scam,IP velocity raises risk;customer account age lowers risk;merchant chargeback behavior lowers risk
txn_f149af4fd5fd,0.975899,1,1,social_engineering_payment_fraud,authorized_push_payment_scam,IP velocity raises risk;customer account age lowers risk;merchant chargeback behavior lowers risk
txn_677b2eb50eb5,0.975556,1,1,social_engineering_payment_fraud,authorized_push_payment_scam,high generated risk score raises risk;customer account age lowers risk;merchant chargeback behavior lowers risk
txn_ea8a1ea7bbb4,0.970048,1,1,social_engineering_payment_fraud,authorized_push_payment_scam,customer account age lowers risk;merchant chargeback behavior lowers risk;high generated risk score raises risk
txn_e452fcbf5851,0.936078,1,1,social_engineering_payment_fraud,authorized_push_payment_scam,high generated risk score lowers risk;customer account age lowers risk;merchant chargeback behavior lowers risk
txn_4f22ab59c398,0.965507,1,1,social_engineering_payment_fraud,authorized_push_payment_scam,customer account age lowers risk;merchant chargeback behavior lowers risk;transaction_type_code raises risk
txn_8934083b69e4,0.91911,1,1,social_engineering_payment_fraud,business_email_compromise,IP velocity raises risk;unusual amount raises risk;customer decline history raises risk
txn_56d3af73fb58,0.945956,1,1,social_engineering_payment_fraud,business_email_compromise,IP velocity raises risk;customer decline history raises risk;unusual amount raises risk
txn_e2b405637cf8,0.939607,1,1,social_engineering_payment_fraud,business_email_compromise,unusual amount raises risk;IP velocity raises risk;customer decline history raises risk
txn_05f24770e359,0.971028,1,1,social_engineering_payment_fraud,business_email_compromise,unusual amount raises risk;IP velocity raises risk;customer decline history raises risk
txn_7f4cf57ab41f,0.936726,1,1,social_engineering_payment_fraud,business_email_compromise,IP velocity raises risk;customer decline history raises risk;merchant age raises risk
txn_6a983f363ed1,0.977048,1,1,social_engineering_payment_fraud,business_email_compromise,unusual amount raises risk;high generated risk score raises risk;customer decline history raises risk
txn_8fdb524241e0,0.91542,1,1,social_engineering_payment_fraud,business_email_compromise,unusual amount raises risk;customer decline history raises risk;IP velocity raises risk
txn_2726526371ea,0.885682,1,1,social_engineering_payment_fraud,business_email_compromise,high generated risk score lowers risk;customer decline history raises risk;IP velocity raises risk
txn_695c6fb4c160,0.975852,1,1,social_engineering_payment_fraud,business_email_compromise,unusual amount raises risk;high generated risk score raises risk;customer decline history raises risk
txn_68f6d07f4c51,0.982236,1,1,social_engineering_payment_fraud,executive_impersonation,high generated risk score raises risk;device history raises risk;IP velocity raises risk
txn_fcaae8cd0c46,0.972316,1,1,social_engineering_payment_fraud,executive_impersonation,device history raises risk;IP velocity raises risk;high generated risk score raises risk
txn_2eda3c051a2c,0.969075,1,1,social_engineering_payment_fraud,executive_impersonation,unusual amount raises risk;device history raises risk;IP velocity raises risk
txn_67f53723ab08,0.815473,1,1,social_engineering_payment_fraud,executive_impersonation,session velocity lowers risk;unusual amount raises risk;device history raises risk
txn_2b9f2eacf810,0.966941,1,1,social_engineering_payment_fraud,vendor_rerouting,unusual amount raises risk;IP velocity raises risk;merchant chargeback behavior lowers risk
txn_b846a31ecaa3,0.958325,1,1,social_engineering_payment_fraud,vendor_rerouting,high generated risk score raises risk;IP velocity raises risk;merchant chargeback behavior lowers risk
txn_caae463f29bf,0.929478,1,1,social_engineering_payment_fraud,vendor_rerouting,unusual amount raises risk;merchant chargeback behavior lowers risk;IP velocity raises risk
txn_1b1e48b23cef,0.937492,1,1,social_engineering_payment_fraud,vendor_rerouting,merchant chargeback behavior lowers risk;merchant refund behavior raises risk;customer decline history raises risk
txn_476c53b92164,0.914503,1,1,social_engineering_payment_fraud,vendor_rerouting,merchant chargeback behavior lowers risk;merchant refund behavior raises risk;customer decline history raises risk
txn_07ee79da9f78,0.937262,1,1,social_engineering_payment_fraud,vendor_rerouting,unusual amount raises risk;merchant chargeback behavior lowers risk;merchant refund behavior raises risk
txn_fd1deec424ba,0.562506,1,1,social_engineering_payment_fraud,vendor_rerouting,session velocity lowers risk;merchant chargeback behavior lowers risk;merchant refund behavior raises risk
