transaction_id,fraud_score,prediction,ml_fraud_score,ml_prediction,decision_engine,llm_reviewed,llm_provider,llm_semantic_risk_score,llm_novelty_score,llm_recommendation,llm_rationale,llm_risk_indicators,llm_fallback,label,attack_bucket,attack_subtype,reason_codes
txn_f5142e8ab368,0.017984337780617032,0,0.017984,0,ml_only,0,,,,,,,,0,,,customer payment cadence lowers risk;IP velocity lowers risk;session velocity lowers risk
txn_10449be37726,0.11196839926694344,0,0.111968,0,ml_only,0,,,,,,,,0,,,IP velocity lowers risk;high generated risk score lowers risk;session velocity lowers risk
txn_26d576d350fd,0.06502640010518498,0,0.065026,0,ml_only,0,,,,,,,,0,,,merchant age lowers risk;IP velocity lowers risk;session velocity lowers risk
txn_1e336c972dc2,0.08563207715163454,0,0.085632,0,ml_only,0,,,,,,,,0,,,IP velocity lowers risk;high generated risk score lowers risk;session velocity lowers risk
txn_379e585fbbf9,0.03986735846807357,0,0.039867,0,ml_only,0,,,,,,,,0,,,IP velocity lowers risk;high generated risk score lowers risk;session velocity lowers risk
txn_4e6870abfd29,0.143938254485489,0,0.143938,0,ml_only,0,,,,,,,,0,,,high generated risk score lowers risk;IP velocity lowers risk;session velocity lowers risk
txn_c206a31ff7e0,0.25888986112822965,0,0.25889,0,ml_only,0,,,,,,,,0,,,IP velocity lowers risk;session velocity lowers risk;customer payment cadence raises risk
txn_f1e98d17caf5,0.021998628208107964,0,0.021999,0,ml_only,0,,,,,,,,0,,,customer payment cadence lowers risk;IP velocity lowers risk;session velocity lowers risk
txn_2f98a4660c29,0.053197733004434804,0,0.053198,0,ml_only,0,,,,,,,,0,,,IP velocity lowers risk;session velocity lowers risk;high generated risk score lowers risk
txn_ecc107c778b7,0.009126472659846709,0,0.009126,0,ml_only,0,,,,,,,,0,,,customer payment cadence lowers risk;merchant age lowers risk;IP velocity lowers risk
txn_34ac9ef571e6,0.07675242608818521,0,0.076752,0,ml_only,0,,,,,,,,0,,,IP velocity lowers risk;high generated risk score lowers risk;session velocity lowers risk
txn_59a2fe596426,0.022224357843174662,0,0.022224,0,ml_only,0,,,,,,,,0,,,merchant age lowers risk;IP velocity lowers risk;session velocity lowers risk
txn_56d0609fa109,0.08181070916437364,0,0.081811,0,ml_only,0,,,,,,,,0,,,IP velocity lowers risk;high generated risk score lowers risk;session velocity lowers risk
txn_4567c4cde7b7,0.09039966074899163,0,0.0904,0,ml_only,0,,,,,,,,0,,,high generated risk score lowers risk;IP velocity lowers risk;session velocity lowers risk
txn_917948913213,0.1055717088284663,0,0.105572,0,ml_only,0,,,,,,,,0,,,IP velocity lowers risk;session velocity lowers risk;merchant age lowers risk
txn_5a748823564c,0.07565750733942479,0,0.075658,0,ml_only,0,,,,,,,,0,,,customer payment cadence lowers risk;IP velocity lowers risk;session velocity lowers risk
txn_ba500d83f947,0.07916700106990893,0,0.079167,0,ml_only,0,,,,,,,,0,,,merchant age lowers risk;IP velocity lowers risk;session velocity lowers risk
txn_247601281e67,0.011856424225359902,0,0.011856,0,ml_only,0,,,,,,,,0,,,customer payment cadence lowers risk;merchant age lowers risk;IP velocity lowers risk
txn_ee2a1bca658d,0.10914439074998881,0,0.109144,0,ml_only,0,,,,,,,,0,,,high generated risk score lowers risk;IP velocity lowers risk;session velocity lowers risk
txn_775c9fd8ae76,0.1705569352527265,0,0.170557,0,ml_only,0,,,,,,,,0,,,IP velocity lowers risk;session velocity lowers risk;high generated risk score raises risk
txn_f24567c918e8,0.004401596384799918,0,0.004402,0,ml_only,0,,,,,,,,0,,,customer payment cadence lowers risk;merchant age lowers risk;IP velocity lowers risk
txn_c821c103346c,0.05183373993565935,0,0.051834,0,ml_only,0,,,,,,,,0,,,IP velocity lowers risk;session velocity lowers risk;amount deviation from customer history lowers risk
txn_29a289332c36,0.07759915275579843,0,0.077599,0,ml_only,0,,,,,,,,0,,,IP velocity lowers risk;session velocity lowers risk;merchant age lowers risk
txn_00b1384bc661,0.11087890173365518,0,0.110879,0,ml_only,0,,,,,,,,0,,,IP velocity lowers risk;high generated risk score lowers risk;session velocity lowers risk
txn_c13154d09aba,0.06081429139886417,0,0.060814,0,ml_only,0,,,,,,,,0,,,session velocity lowers risk;IP velocity lowers risk;merchant_category_code lowers risk
txn_d57b99a8cc53,0.09094615119323646,0,0.090946,0,ml_only,0,,,,,,,,0,,,IP velocity lowers risk;session velocity lowers risk;high generated risk score raises risk
txn_8a990305aa8c,0.005508404557677607,0,0.005508,0,ml_only,0,,,,,,,,0,,,customer payment cadence lowers risk;IP velocity lowers risk;session velocity lowers risk
txn_1f534183e6ad,0.0027588815139043587,0,0.002759,0,ml_only,0,,,,,,,,0,,,amount deviation from customer history lowers risk;high generated risk score raises risk;merchant age lowers risk
txn_d2e1c7881702,0.008741312325892545,0,0.008741,0,ml_only,0,,,,,,,,0,,,amount deviation from customer history lowers risk;high generated risk score raises risk;session velocity lowers risk
txn_f7e6768d6e91,0.09553106984361812,0,0.095531,0,ml_only,0,,,,,,,,0,,,merchant age lowers risk;session velocity lowers risk;IP velocity lowers risk
txn_991647e01c50,0.008691804891105931,0,0.008692,0,ml_only,0,,,,,,,,0,,,customer payment cadence lowers risk;IP velocity lowers risk;session velocity lowers risk
txn_f42976b67a1b,0.1468650839120631,0,0.146865,0,ml_only,0,,,,,,,,0,,,IP velocity lowers risk;session velocity lowers risk;customer one-hour velocity lowers risk
txn_179aa9fecb46,0.04037340992986237,0,0.040373,0,ml_only,0,,,,,,,,0,,,customer payment cadence lowers risk;IP velocity lowers risk;session velocity lowers risk
txn_e07c6c345784,0.015436773017288019,0,0.015437,0,ml_only,0,,,,,,,,0,,,amount deviation from customer history lowers risk;IP velocity lowers risk;session velocity lowers risk
txn_6c1bfd5b7231,0.08256624252844229,0,0.082566,0,ml_only,0,,,,,,,,0,,,merchant age lowers risk;IP velocity lowers risk;session velocity lowers risk
txn_41c6ade2a40b,0.009920855765206108,0,0.009921,0,ml_only,0,,,,,,,,0,,,amount deviation from customer history lowers risk;merchant age lowers risk;IP velocity lowers risk
txn_c2d2bdcb73eb,0.036213494202693285,0,0.036213,0,ml_only,0,,,,,,,,0,,,IP velocity lowers risk;session velocity lowers risk;amount deviation from customer history lowers risk
txn_d3babd780366,0.0070825486922049445,0,0.007083,0,ml_only,0,,,,,,,,0,,,customer payment cadence lowers risk;IP velocity lowers risk;session velocity lowers risk
txn_312f251c7288,0.027146029482802828,0,0.027146,0,ml_only,0,,,,,,,,0,,,merchant age lowers risk;IP velocity lowers risk;session velocity lowers risk
txn_4dcd5c5b4f5b,0.032454152143040926,0,0.032454,0,ml_only,0,,,,,,,,0,,,IP velocity lowers risk;session velocity lowers risk;device history lowers risk
txn_1d6ba91f198a,0.01974930698622923,0,0.019749,0,ml_only,0,,,,,,,,0,,,high generated risk score lowers risk;IP velocity lowers risk;session velocity lowers risk
txn_a307a9b90fa0,0.015724008404305007,0,0.015724,0,ml_only,0,,,,,,,,0,,,customer payment cadence lowers risk;IP velocity lowers risk;session velocity lowers risk
txn_d859b976d957,0.13043360900927572,0,0.130434,0,ml_only,0,,,,,,,,0,,,IP velocity lowers risk;session velocity lowers risk;device history lowers risk
txn_01e25959fded,0.1170387711409087,0,0.117039,0,ml_only,0,,,,,,,,0,,,IP velocity lowers risk;session velocity lowers risk;device history lowers risk
txn_06cdd8aa8d06,0.04599464172856743,0,0.045995,0,ml_only,0,,,,,,,,0,,,high generated risk score lowers risk;IP velocity lowers risk;session velocity lowers risk
txn_d9e46eb30b54,0.0012162180335641595,0,0.001216,0,ml_only,0,,,,,,,,0,,,amount deviation from customer history lowers risk;merchant age lowers risk;IP velocity lowers risk
txn_52daf3084756,0.09473224553136037,0,0.094732,0,ml_only,0,,,,,,,,0,,,high generated risk score lowers risk;IP velocity lowers risk;session velocity lowers risk
txn_186666b133c9,0.012967857419927502,0,0.012968,0,ml_only,0,,,,,,,,0,,,customer payment cadence lowers risk;merchant age lowers risk;IP velocity lowers risk
txn_626ea8ea3dbc,0.015256346738384496,0,0.015256,0,ml_only,0,,,,,,,,0,,,customer payment cadence lowers risk;IP velocity lowers risk;session velocity lowers risk
txn_e4e65d53655e,0.22122316567458664,0,0.221223,0,ml_only,0,,,,,,,,0,,,session velocity lowers risk;customer one-hour velocity lowers risk;device history lowers risk
txn_55f96b81db31,0.05360491305058999,0,0.053605,0,ml_only,0,,,,,,,,0,,,amount deviation from customer history lowers risk;IP velocity lowers risk;session velocity lowers risk
txn_cc3b2532dd56,0.11371594497178057,0,0.113716,0,ml_only,0,,,,,,,,0,,,IP velocity lowers risk;session velocity lowers risk;customer one-hour velocity lowers risk
txn_d422205dcfe9,0.0041139191130909435,0,0.004114,0,ml_only,0,,,,,,,,0,,,customer payment cadence lowers risk;merchant age lowers risk;IP velocity lowers risk
txn_4126188cc2b1,0.015886627902904488,0,0.015887,0,ml_only,0,,,,,,,,0,,,merchant age lowers risk;high generated risk score lowers risk;IP velocity lowers risk
txn_18c95871a86d,0.20901050487273645,0,0.209011,0,ml_only,0,,,,,,,,0,,,amount deviation from customer history lowers risk;IP velocity lowers risk;session velocity lowers risk
txn_ba2dc718e9c9,0.01889509094270589,0,0.018895,0,ml_only,0,,,,,,,,0,,,amount deviation from customer history lowers risk;high generated risk score lowers risk;IP velocity lowers risk
txn_c515096d7361,0.08306904584694505,0,0.083069,0,ml_only,0,,,,,,,,0,,,merchant age lowers risk;high generated risk score raises risk;session velocity lowers risk
txn_3a4065129c2c,0.010671724071277538,0,0.010672,0,ml_only,0,,,,,,,,0,,,customer payment cadence lowers risk;IP velocity lowers risk;session velocity lowers risk
txn_465e778fdece,0.028823768732781294,0,0.028824,0,ml_only,0,,,,,,,,0,,,IP velocity lowers risk;session velocity lowers risk;merchant age lowers risk
txn_ec60b8aa307c,0.051695578134314954,0,0.051696,0,ml_only,0,,,,,,,,0,,,amount deviation from customer history lowers risk;IP velocity lowers risk;session velocity lowers risk
txn_2b1713ca7a82,0.05740581720236067,0,0.057406,0,ml_only,0,,,,,,,,0,,,customer payment cadence lowers risk;IP velocity lowers risk;session velocity lowers risk
txn_3debab9cd7df,0.035213189782150864,0,0.035213,0,ml_only,0,,,,,,,,0,,,IP velocity lowers risk;session velocity lowers risk;customer one-hour velocity lowers risk
txn_3e2c458de003,0.16620531774679445,0,0.166205,0,ml_only,0,,,,,,,,0,,,high generated risk score raises risk;session velocity lowers risk;merchant age lowers risk
txn_9c0e215391d2,0.02516084938693502,0,0.025161,0,ml_only,0,,,,,,,,0,,,merchant age lowers risk;IP velocity lowers risk;session velocity lowers risk
txn_4c6522969cfd,0.004070363754373223,0,0.00407,0,ml_only,0,,,,,,,,0,,,customer payment cadence lowers risk;IP velocity lowers risk;session velocity lowers risk
txn_ea28de44bcf5,0.046818983346995365,0,0.046819,0,ml_only,0,,,,,,,,0,,,high generated risk score lowers risk;merchant age lowers risk;session velocity lowers risk
txn_59fce9e95f2c,0.024667779225201438,0,0.024668,0,ml_only,0,,,,,,,,0,,,high generated risk score lowers risk;session velocity lowers risk;device history lowers risk
txn_cf9ff32b920d,0.01822395118661609,0,0.018224,0,ml_only,0,,,,,,,,0,,,IP velocity lowers risk;session velocity lowers risk;high generated risk score lowers risk
txn_f631ef3f55c2,0.08339107501933937,0,0.083391,0,ml_only,0,,,,,,,,0,,,high generated risk score lowers risk;session velocity lowers risk;merchant age lowers risk
txn_8ccedb43cc52,0.06309095795945804,0,0.063091,0,ml_only,0,,,,,,,,0,,,IP velocity lowers risk;session velocity lowers risk;device history lowers risk
txn_affbd4c9c276,0.007108481949682177,0,0.007108,0,ml_only,0,,,,,,,,0,,,customer payment cadence lowers risk;merchant age lowers risk;IP velocity lowers risk
txn_feee4662f51c,0.004812889398777067,0,0.004813,0,ml_only,0,,,,,,,,0,,,amount deviation from customer history lowers risk;merchant age lowers risk;high generated risk score raises risk
txn_58a2fbf81de9,0.010571347331082935,0,0.010571,0,ml_only,0,,,,,,,,0,,,customer payment cadence lowers risk;high generated risk score lowers risk;IP velocity lowers risk
txn_2b2d42a02389,0.08998646156678826,0,0.089986,0,ml_only,0,,,,,,,,0,,,session velocity lowers risk;device history lowers risk;IP velocity lowers risk
txn_4ab72c1c8182,0.003175270952410602,0,0.003175,0,ml_only,0,,,,,,,,0,,,merchant age lowers risk;high generated risk score lowers risk;session velocity lowers risk
txn_a87726d6c876,0.026653705469075317,0,0.026654,0,ml_only,0,,,,,,,,0,,,session velocity lowers risk;IP velocity lowers risk;merchant_category_code lowers risk
txn_711ddcdb2e99,0.032184488183331854,0,0.032184,0,ml_only,0,,,,,,,,0,,,high generated risk score lowers risk;IP velocity lowers risk;session velocity lowers risk
txn_08c6712f201f,0.0903550216876322,0,0.090355,0,ml_only,0,,,,,,,,0,,,IP velocity lowers risk;session velocity lowers risk;customer one-hour velocity lowers risk
txn_a3fb8db48b51,0.009418523811647418,0,0.009419,0,ml_only,0,,,,,,,,0,,,customer payment cadence lowers risk;high generated risk score lowers risk;session velocity lowers risk
txn_c69b3c0dd735,0.2900485526242281,1,0.290049,1,ml_only,0,,,,,,,,0,,,IP velocity lowers risk;session velocity lowers risk;customer payment cadence raises risk
txn_05a066a2f9ba,0.005269709536678332,0,0.00527,0,ml_only,0,,,,,,,,0,,,customer payment cadence lowers risk;IP velocity lowers risk;high generated risk score lowers risk
txn_177405a51d6b,0.04747022142353464,0,0.04747,0,ml_only,0,,,,,,,,0,,,merchant age lowers risk;high generated risk score lowers risk;session velocity lowers risk
txn_83764358940a,0.11743683006994236,0,0.117437,0,ml_only,0,,,,,,,,0,,,session velocity lowers risk;high generated risk score lowers risk;IP velocity lowers risk
txn_70db3b0a6af4,0.024727177374034816,0,0.024727,0,ml_only,0,,,,,,,,0,,,merchant age lowers risk;session velocity lowers risk;IP velocity lowers risk
txn_5d22b555e397,0.108832036270762,0,0.108832,0,ml_only,0,,,,,,,,0,,,IP velocity lowers risk;session velocity lowers risk;customer one-hour velocity lowers risk
txn_7cd1b8f35696,0.046813284136391346,0,0.046813,0,ml_only,0,,,,,,,,0,,,customer payment cadence lowers risk;session velocity lowers risk;device history lowers risk
txn_0e213b5d9231,0.03926506872977242,0,0.039265,0,ml_only,0,,,,,,,,0,,,high generated risk score lowers risk;session velocity lowers risk;device history lowers risk
txn_2c237d6568dc,0.00923325515222377,0,0.009233,0,ml_only,0,,,,,,,,0,,,customer payment cadence lowers risk;session velocity lowers risk;device history lowers risk
txn_11614eb9963d,0.014615097613051624,0,0.014615,0,ml_only,0,,,,,,,,0,,,customer payment cadence lowers risk;merchant age lowers risk;session velocity lowers risk
txn_93ea54b814fb,0.03782474433930756,0,0.037825,0,ml_only,0,,,,,,,,0,,,merchant age lowers risk;session velocity lowers risk;device history lowers risk
txn_f8ffb49d6b6b,0.07638492362135951,0,0.076385,0,ml_only,0,,,,,,,,0,,,IP velocity lowers risk;session velocity lowers risk;customer one-hour velocity lowers risk
txn_0b56a104eb28,0.10133957106441979,0,0.10134,0,ml_only,0,,,,,,,,0,,,session velocity lowers risk;IP velocity lowers risk;customer one-hour velocity lowers risk
txn_5ca2522836bf,0.05973883853631277,0,0.059739,0,ml_only,0,,,,,,,,0,,,merchant age lowers risk;IP velocity lowers risk;session velocity lowers risk
txn_ea06e3733748,0.034027380465258474,0,0.034027,0,ml_only,0,,,,,,,,0,,,customer payment cadence lowers risk;IP velocity lowers risk;session velocity lowers risk
txn_87d7fc7a12d6,0.03104669619040886,0,0.031047,0,ml_only,0,,,,,,,,0,,,IP velocity lowers risk;session velocity lowers risk;amount deviation from customer history lowers risk
txn_dcaff1485ffa,0.015419059418765037,0,0.015419,0,ml_only,0,,,,,,,,0,,,customer payment cadence lowers risk;high generated risk score lowers risk;IP velocity lowers risk
txn_327b71b5905f,0.1248425912646974,0,0.124843,0,ml_only,0,,,,,,,,0,,,IP velocity lowers risk;session velocity lowers risk;customer one-hour velocity lowers risk
txn_c88943d62494,0.03728146721958512,0,0.037281,0,ml_only,0,,,,,,,,0,,,IP velocity lowers risk;session velocity lowers risk;customer one-hour velocity lowers risk
txn_27c2ff9d95f6,0.010387820944080901,0,0.010388,0,ml_only,0,,,,,,,,0,,,customer payment cadence lowers risk;IP velocity lowers risk;session velocity lowers risk
txn_0ced9dba2aa4,0.0891001709100766,0,0.0891,0,ml_only,0,,,,,,,,0,,,merchant age lowers risk;high generated risk score lowers risk;session velocity lowers risk
txn_ec0ef7b0804d,0.07899316347950888,0,0.078993,0,ml_only,0,,,,,,,,0,,,amount deviation from customer history lowers risk;high generated risk score lowers risk;session velocity lowers risk
txn_f562373ead80,0.04405846737644601,0,0.044058,0,ml_only,0,,,,,,,,0,,,merchant age lowers risk;high generated risk score lowers risk;session velocity lowers risk
txn_3c270eeb394f,0.09836600150010348,0,0.098366,0,ml_only,0,,,,,,,,0,,,session velocity lowers risk;IP velocity lowers risk;customer one-hour velocity lowers risk
txn_42d100c241c9,0.05357803775114632,0,0.053578,0,ml_only,0,,,,,,,,0,,,customer payment cadence lowers risk;session velocity lowers risk;IP velocity lowers risk
txn_a6579141622d,0.008555761644297857,0,0.008556,0,ml_only,0,,,,,,,,0,,,customer payment cadence lowers risk;IP velocity lowers risk;session velocity lowers risk
txn_7dffba2975e5,0.06172685581047428,0,0.061727,0,ml_only,0,,,,,,,,0,,,session velocity lowers risk;high generated risk score lowers risk;IP velocity lowers risk
txn_31b6fe64b67b,0.012400751879908543,0,0.012401,0,ml_only,0,,,,,,,,0,,,customer payment cadence lowers risk;merchant age lowers risk;session velocity lowers risk
txn_a969dda32da6,0.2373986678865819,0,0.237399,0,ml_only,0,,,,,,,,0,,,merchant age lowers risk;session velocity lowers risk;customer payment cadence raises risk
txn_69169ea1ca1b,0.013591419771448272,0,0.013591,0,ml_only,0,,,,,,,,0,,,customer payment cadence lowers risk;IP velocity lowers risk;session velocity lowers risk
txn_9e55f4d2b8c7,0.09377729901861098,0,0.093777,0,ml_only,0,,,,,,,,0,,,session velocity lowers risk;IP velocity lowers risk;customer one-hour velocity lowers risk
txn_f10272505739,0.03202508313845944,0,0.032025,0,ml_only,0,,,,,,,,0,,,merchant age lowers risk;IP velocity lowers risk;session velocity lowers risk
txn_62f2ca195648,0.12679349449860586,0,0.126793,0,ml_only,0,,,,,,,,0,,,high generated risk score lowers risk;session velocity lowers risk;IP velocity lowers risk
txn_6aaa5146af4d,0.05022200222518927,0,0.050222,0,ml_only,0,,,,,,,,0,,,IP velocity lowers risk;session velocity lowers risk;merchant age lowers risk
txn_7a22c2ae4a98,0.0688333452862039,0,0.068833,0,ml_only,0,,,,,,,,0,,,customer payment cadence lowers risk;IP velocity lowers risk;session velocity lowers risk
txn_419379023fa3,0.2226009306913658,0,0.222601,0,ml_only,0,,,,,,,,0,,,IP velocity lowers risk;session velocity lowers risk;customer one-hour velocity lowers risk
txn_2dec21995144,0.041232364209169405,0,0.041232,0,ml_only,0,,,,,,,,0,,,session velocity lowers risk;device history lowers risk;IP velocity lowers risk
txn_b9af4a940857,0.009662162469272217,0,0.009662,0,ml_only,0,,,,,,,,0,,,high generated risk score lowers risk;IP velocity lowers risk;session velocity lowers risk
txn_9f8b1a6e0414,0.013312623122210885,0,0.013313,0,ml_only,0,,,,,,,,0,,,merchant age lowers risk;IP velocity lowers risk;session velocity lowers risk
txn_41e2b8d02da1,0.14330396734455375,0,0.143304,0,ml_only,0,,,,,,,,0,,,customer payment cadence lowers risk;high generated risk score raises risk;IP velocity lowers risk
txn_8a8dfca1103d,0.026577598272161634,0,0.026578,0,ml_only,0,,,,,,,,0,,,merchant age lowers risk;session velocity lowers risk;high generated risk score lowers risk
txn_3aa9821a5317,0.008740835211029073,0,0.008741,0,ml_only,0,,,,,,,,0,,,customer payment cadence lowers risk;IP velocity lowers risk;session velocity lowers risk
txn_4fd6e58e7bec,0.08569220633063876,0,0.085692,0,ml_only,0,,,,,,,,0,,,IP velocity lowers risk;session velocity lowers risk;customer one-hour velocity lowers risk
txn_07f143219e24,0.011005261209371231,0,0.011005,0,ml_only,0,,,,,,,,0,,,customer payment cadence lowers risk;IP velocity lowers risk;session velocity lowers risk
txn_a5871b53dcdd,0.11178567486499524,0,0.111786,0,ml_only,0,,,,,,,,0,,,high generated risk score raises risk;session velocity lowers risk;IP velocity lowers risk
txn_2ce943aaea98,0.026824075071548253,0,0.026824,0,ml_only,0,,,,,,,,0,,,customer payment cadence lowers risk;merchant age lowers risk;session velocity lowers risk
txn_539a70229451,0.01003344703214273,0,0.010033,0,ml_only,0,,,,,,,,0,,,merchant age lowers risk;IP velocity lowers risk;session velocity lowers risk
txn_eae9f8af9687,0.2075372842033282,0,0.207537,0,ml_only,0,,,,,,,,0,,,session velocity lowers risk;customer payment cadence raises risk;customer one-hour velocity lowers risk
txn_89bc9603849b,0.07100180000241932,0,0.071002,0,ml_only,0,,,,,,,,0,,,IP velocity lowers risk;amount deviation from customer history lowers risk;session velocity lowers risk
txn_9b9dfa388423,0.006804512265251933,0,0.006805,0,ml_only,0,,,,,,,,0,,,customer payment cadence lowers risk;merchant age lowers risk;session velocity lowers risk
txn_38be11ed8900,0.07666742487826328,0,0.076667,0,ml_only,0,,,,,,,,0,,,IP velocity lowers risk;session velocity lowers risk;merchant age lowers risk
txn_fd106d46b8d2,0.1263314406346425,0,0.126331,0,ml_only,0,,,,,,,,0,,,IP velocity lowers risk;session velocity lowers risk;high generated risk score lowers risk
txn_09544c9d4934,0.07272803178758028,0,0.072728,0,ml_only,0,,,,,,,,0,,,high generated risk score lowers risk;session velocity lowers risk;IP velocity lowers risk
txn_9a6ceb74025a,0.04575357657087335,0,0.045754,0,ml_only,0,,,,,,,,0,,,session velocity lowers risk;high generated risk score lowers risk;IP velocity lowers risk
txn_e034b0242207,0.030225695833762663,0,0.030226,0,ml_only,0,,,,,,,,0,,,IP velocity lowers risk;high generated risk score lowers risk;session velocity lowers risk
txn_80062e54f0c1,0.01979106097363873,0,0.019791,0,ml_only,0,,,,,,,,0,,,high generated risk score lowers risk;session velocity lowers risk;merchant age lowers risk
txn_71d8cef13985,0.0036095576492947987,0,0.00361,0,ml_only,0,,,,,,,,0,,,customer payment cadence lowers risk;merchant age lowers risk;IP velocity lowers risk
txn_ee806e58bbfd,0.1436862671886388,0,0.143686,0,ml_only,0,,,,,,,,0,,,IP velocity lowers risk;session velocity lowers risk;customer one-hour velocity lowers risk
txn_5ffb32f1e75a,0.014297229512500198,0,0.014297,0,ml_only,0,,,,,,,,0,,,customer payment cadence lowers risk;merchant age lowers risk;session velocity lowers risk
txn_f672dffe6e74,0.051566297430523184,0,0.051566,0,ml_only,0,,,,,,,,0,,,IP velocity lowers risk;session velocity lowers risk;customer one-hour velocity lowers risk
txn_a5e9da92907f,0.02507997314553272,0,0.02508,0,ml_only,0,,,,,,,,0,,,IP velocity lowers risk;customer payment cadence lowers risk;session velocity lowers risk
txn_07ccd96d665e,0.01063526546868888,0,0.010635,0,ml_only,0,,,,,,,,0,,,customer payment cadence lowers risk;IP velocity lowers risk;session velocity lowers risk
txn_755fa4c1a292,0.07338772782304549,0,0.073388,0,ml_only,0,,,,,,,,0,,,session velocity lowers risk;high generated risk score lowers risk;IP velocity lowers risk
txn_e76545f633c0,0.014445650720677779,0,0.014446,0,ml_only,0,,,,,,,,0,,,merchant age lowers risk;amount deviation from customer history lowers risk;session velocity lowers risk
txn_e950139a9d1c,0.013965561524937949,0,0.013966,0,ml_only,0,,,,,,,,0,,,customer payment cadence lowers risk;merchant age lowers risk;IP velocity lowers risk
txn_d792c19edc8d,0.266681,0,0.27383,1,hybrid_ml_llm,1,local_lmstudio,0.25,0.2,allow,"Transaction exhibits low novelty score due to the low risk profile of the customer, device, and merchant.",session velocity lowers risk;customer one-hour velocity lowers risk;merchant_category_code raises risk,,0,,,session velocity lowers risk;customer one-hour velocity lowers risk;merchant_category_code raises risk
txn_9ad59e99be08,0.013090086040152353,0,0.01309,0,ml_only,0,,,,,,,,0,,,customer payment cadence lowers risk;IP velocity lowers risk;session velocity lowers risk
txn_749191e72c65,0.04507782257993352,0,0.045078,0,ml_only,0,,,,,,,,0,,,merchant age lowers risk;high generated risk score lowers risk;session velocity lowers risk
txn_c0f64ab8f665,0.014159627263768567,0,0.01416,0,ml_only,0,,,,,,,,0,,,high generated risk score lowers risk;IP velocity lowers risk;session velocity lowers risk
txn_2216cc698ac0,0.013629235147204903,0,0.013629,0,ml_only,0,,,,,,,,0,,,customer payment cadence lowers risk;IP velocity lowers risk;session velocity lowers risk
txn_e9cb9aa979bf,0.0573194502780505,0,0.057319,0,ml_only,0,,,,,,,,0,,,high generated risk score lowers risk;session velocity lowers risk;device history lowers risk
txn_b0a1c5c081e5,0.048565287952074744,0,0.048565,0,ml_only,0,,,,,,,,0,,,customer payment cadence lowers risk;IP velocity lowers risk;session velocity lowers risk
txn_4b3154cc7f8e,0.09217938928587763,0,0.092179,0,ml_only,0,,,,,,,,0,,,device activity cadence lowers risk;IP velocity lowers risk;session velocity lowers risk
txn_06002550dcb4,0.012450920984113698,0,0.012451,0,ml_only,0,,,,,,,,0,,,customer payment cadence lowers risk;IP velocity lowers risk;session velocity lowers risk
txn_a38c6a6e5c61,0.007839905453388286,0,0.00784,0,ml_only,0,,,,,,,,0,,,customer payment cadence lowers risk;merchant age lowers risk;IP velocity lowers risk
txn_8c065a432bab,0.3366685456122412,1,0.336669,1,ml_only,0,,,,,,,,0,,,IP velocity lowers risk;session velocity lowers risk;customer payment cadence raises risk
txn_3be7401133a2,0.015532854703386856,0,0.015533,0,ml_only,0,,,,,,,,0,,,customer payment cadence lowers risk;merchant age lowers risk;session velocity lowers risk
txn_c48b14e7b6f8,0.03613400823231706,0,0.036134,0,ml_only,0,,,,,,,,0,,,IP velocity lowers risk;session velocity lowers risk;high generated risk score lowers risk
txn_cc38b4bb77ec,0.015891181274675786,0,0.015891,0,ml_only,0,,,,,,,,0,,,customer payment cadence lowers risk;IP velocity lowers risk;session velocity lowers risk
txn_f0449b109d84,0.07503908997628933,0,0.075039,0,ml_only,0,,,,,,,,0,,,session velocity lowers risk;merchant age lowers risk;IP velocity lowers risk
txn_ce1519a6d979,0.08782676076651445,0,0.087827,0,ml_only,0,,,,,,,,0,,,amount deviation from customer history lowers risk;session velocity lowers risk;high generated risk score raises risk
txn_70126999b55f,0.007320026474605066,0,0.00732,0,ml_only,0,,,,,,,,0,,,customer payment cadence lowers risk;merchant age lowers risk;session velocity lowers risk
txn_63a14ca346bb,0.02859340807286546,0,0.028593,0,ml_only,0,,,,,,,,0,,,merchant age lowers risk;session velocity lowers risk;IP velocity lowers risk
txn_c319d744b191,0.038914688866735714,0,0.038915,0,ml_only,0,,,,,,,,0,,,customer payment cadence lowers risk;session velocity lowers risk;IP velocity lowers risk
txn_499abb13dae4,0.23735702930136282,0,0.237357,0,ml_only,0,,,,,,,,0,,,session velocity lowers risk;customer one-hour velocity lowers risk;customer decline history lowers risk
txn_0fa1cb476f0a,0.02670201180834357,0,0.026702,0,ml_only,0,,,,,,,,0,,,merchant age lowers risk;session velocity lowers risk;IP velocity lowers risk
txn_f7a1e2392280,0.012284844927187623,0,0.012285,0,ml_only,0,,,,,,,,0,,,customer payment cadence lowers risk;session velocity lowers risk;high generated risk score lowers risk
txn_b12cad9e92d6,0.0664945162718043,0,0.066495,0,ml_only,0,,,,,,,,0,,,session velocity lowers risk;merchant age lowers risk;customer one-hour velocity lowers risk
txn_b870cd291f70,0.03665774495512303,0,0.036658,0,ml_only,0,,,,,,,,0,,,customer payment cadence lowers risk;IP velocity lowers risk;session velocity lowers risk
txn_b51f05502f6d,0.020150389775133278,0,0.02015,0,ml_only,0,,,,,,,,0,,,customer payment cadence lowers risk;session velocity lowers risk;IP velocity lowers risk
txn_f590d36078b0,0.037265105222959685,0,0.037265,0,ml_only,0,,,,,,,,0,,,high generated risk score lowers risk;IP velocity lowers risk;session velocity lowers risk
txn_fed63e06058e,0.028491805118941865,0,0.028492,0,ml_only,0,,,,,,,,0,,,IP velocity lowers risk;session velocity lowers risk;merchant age lowers risk
txn_4e8a313120a1,0.003941305989099569,0,0.003941,0,ml_only,0,,,,,,,,0,,,customer payment cadence lowers risk;merchant age lowers risk;session velocity lowers risk
txn_7af254e2734b,0.331947215714711,1,0.331947,1,ml_only,0,,,,,,,,0,,,session velocity lowers risk;customer one-hour velocity lowers risk;customer payment cadence raises risk
txn_83607782d594,0.013588675784474782,0,0.013589,0,ml_only,0,,,,,,,,0,,,merchant age lowers risk;high generated risk score lowers risk;session velocity lowers risk
txn_f83401430af4,0.06911903167864165,0,0.069119,0,ml_only,0,,,,,,,,0,,,session velocity lowers risk;IP velocity lowers risk;merchant_category_code lowers risk
txn_4f46a94ea75a,0.04256164693793441,0,0.042562,0,ml_only,0,,,,,,,,0,,,customer payment cadence lowers risk;session velocity lowers risk;IP velocity lowers risk
txn_86c7f36426b6,0.023890185150814366,0,0.02389,0,ml_only,0,,,,,,,,0,,,session velocity lowers risk;merchant age lowers risk;IP velocity lowers risk
txn_44f8befa2da8,0.006356512895785884,0,0.006357,0,ml_only,0,,,,,,,,0,,,customer payment cadence lowers risk;IP velocity lowers risk;session velocity lowers risk
txn_442680f74427,0.014045581565455658,0,0.014046,0,ml_only,0,,,,,,,,0,,,merchant age lowers risk;IP velocity lowers risk;session velocity lowers risk
txn_88d9382813f9,0.05777623221234337,0,0.057776,0,ml_only,0,,,,,,,,0,,,merchant age lowers risk;IP velocity lowers risk;high generated risk score lowers risk
txn_739adf49b9b2,0.03437176196110658,0,0.034372,0,ml_only,0,,,,,,,,0,,,customer payment cadence lowers risk;session velocity lowers risk;customer one-hour velocity lowers risk
txn_6e6f2b70302b,0.11056690570035654,0,0.110567,0,ml_only,0,,,,,,,,0,,,IP velocity lowers risk;session velocity lowers risk;customer one-hour velocity lowers risk
txn_bb9e3d0cf919,0.008964959834729886,0,0.008965,0,ml_only,0,,,,,,,,0,,,customer payment cadence lowers risk;merchant age lowers risk;session velocity lowers risk
txn_24ac38e3b8ff,0.019275094332454692,0,0.019275,0,ml_only,0,,,,,,,,0,,,customer payment cadence lowers risk;session velocity lowers risk;IP velocity lowers risk
txn_f8482102046b,0.03344111158898511,0,0.033441,0,ml_only,0,,,,,,,,0,,,customer payment cadence lowers risk;session velocity lowers risk;device activity cadence lowers risk
txn_acaadbea3587,0.1185091370625296,0,0.118509,0,ml_only,0,,,,,,,,0,,,IP velocity lowers risk;session velocity lowers risk;device activity cadence lowers risk
txn_26811f8d1912,0.046004988532553706,0,0.046005,0,ml_only,0,,,,,,,,0,,,high generated risk score lowers risk;session velocity lowers risk;customer payment cadence lowers risk
txn_42f9fd62cdea,0.014282067200789169,0,0.014282,0,ml_only,0,,,,,,,,0,,,customer payment cadence lowers risk;session velocity lowers risk;IP velocity lowers risk
txn_8dc7524503b6,0.01319781283485675,0,0.013198,0,ml_only,0,,,,,,,,0,,,IP velocity lowers risk;session velocity lowers risk;merchant age lowers risk
txn_9cd885675084,0.047234647005131115,0,0.047235,0,ml_only,0,,,,,,,,0,,,customer payment cadence lowers risk;merchant age lowers risk;IP velocity lowers risk
txn_f474f7856e47,0.12088207536059613,0,0.120882,0,ml_only,0,,,,,,,,0,,,session velocity lowers risk;device history lowers risk;customer one-hour velocity lowers risk
txn_ab9bf2515280,0.012671456540740644,0,0.012671,0,ml_only,0,,,,,,,,0,,,customer payment cadence lowers risk;merchant age lowers risk;session velocity lowers risk
txn_92cd428035f8,0.05889781315923946,0,0.058898,0,ml_only,0,,,,,,,,0,,,session velocity lowers risk;device history lowers risk;high generated risk score lowers risk
txn_c5e13e740b45,0.016237066777847413,0,0.016237,0,ml_only,0,,,,,,,,0,,,session velocity lowers risk;high generated risk score lowers risk;device history lowers risk
txn_82e1663679d0,0.015928717882286073,0,0.015929,0,ml_only,0,,,,,,,,0,,,amount deviation from customer history lowers risk;customer payment cadence lowers risk;session velocity lowers risk
txn_fa03703d0653,0.008292911599710458,0,0.008293,0,ml_only,0,,,,,,,,0,,,customer payment cadence lowers risk;session velocity lowers risk;high generated risk score lowers risk
txn_0c5b3d0bce97,0.017034805132694033,0,0.017035,0,ml_only,0,,,,,,,,0,,,customer payment cadence lowers risk;merchant age lowers risk;session velocity lowers risk
txn_9a40d53a7096,0.09447437384387267,0,0.094474,0,ml_only,0,,,,,,,,0,,,merchant age lowers risk;session velocity lowers risk;IP velocity lowers risk
txn_1d8e3bca373d,0.02158483113927488,0,0.021585,0,ml_only,0,,,,,,,,0,,,customer payment cadence lowers risk;high generated risk score lowers risk;IP velocity lowers risk
txn_4ed080aab847,0.03503988106635713,0,0.03504,0,ml_only,0,,,,,,,,0,,,session velocity lowers risk;customer payment cadence lowers risk;IP velocity lowers risk
txn_ea811189fcb4,0.002358991254877819,0,0.002359,0,ml_only,0,,,,,,,,0,,,customer payment cadence lowers risk;merchant age lowers risk;device activity cadence lowers risk
txn_5e91e5a6a241,0.04297425807361355,0,0.042974,0,ml_only,0,,,,,,,,0,,,amount deviation from customer history lowers risk;IP velocity lowers risk;session velocity lowers risk
txn_6cb97d6610ea,0.006921587250536678,0,0.006922,0,ml_only,0,,,,,,,,0,,,customer payment cadence lowers risk;high generated risk score lowers risk;IP velocity lowers risk
txn_46c05a977846,0.010378243217770353,0,0.010378,0,ml_only,0,,,,,,,,0,,,customer payment cadence lowers risk;IP velocity lowers risk;session velocity lowers risk
txn_d5ab1ca6a3d5,0.032256690953886974,0,0.032257,0,ml_only,0,,,,,,,,0,,,customer payment cadence lowers risk;session velocity lowers risk;amount deviation from customer history lowers risk
txn_0cd6ea4bf458,0.017513760594685644,0,0.017514,0,ml_only,0,,,,,,,,0,,,customer payment cadence lowers risk;session velocity lowers risk;IP velocity lowers risk
txn_2dadd761c752,0.021851478947059202,0,0.021851,0,ml_only,0,,,,,,,,0,,,customer payment cadence lowers risk;session velocity lowers risk;merchant age lowers risk
txn_69a438b0c2cc,0.02437994953532792,0,0.02438,0,ml_only,0,,,,,,,,0,,,merchant age lowers risk;session velocity lowers risk;device activity cadence lowers risk
txn_61219616ccb8,0.026626642917849552,0,0.026627,0,ml_only,0,,,,,,,,0,,,customer payment cadence lowers risk;high generated risk score lowers risk;IP velocity lowers risk
txn_b3ddebf297ee,0.011889169695160571,0,0.011889,0,ml_only,0,,,,,,,,0,,,customer payment cadence lowers risk;merchant age lowers risk;session velocity lowers risk
txn_2801f2dc8b8a,0.07125675813604301,0,0.071257,0,ml_only,0,,,,,,,,0,,,session velocity lowers risk;device activity cadence lowers risk;IP velocity lowers risk
txn_0aa2f171809f,0.06941861427691892,0,0.069419,0,ml_only,0,,,,,,,,0,,,session velocity lowers risk;high generated risk score lowers risk;merchant_category_code lowers risk
txn_2ed655645ef9,0.004107973002011973,0,0.004108,0,ml_only,0,,,,,,,,0,,,customer payment cadence lowers risk;IP velocity lowers risk;session velocity lowers risk
txn_d189889e5b8c,0.030111511862240415,0,0.030112,0,ml_only,0,,,,,,,,0,,,customer payment cadence lowers risk;session velocity lowers risk;IP velocity lowers risk
txn_8532280d7b8a,0.012105371799132812,0,0.012105,0,ml_only,0,,,,,,,,0,,,customer payment cadence lowers risk;merchant age lowers risk;IP velocity lowers risk
txn_aead5b2bf028,0.022968338360691672,0,0.022968,0,ml_only,0,,,,,,,,0,,,merchant age lowers risk;session velocity lowers risk;IP velocity lowers risk
txn_41787bd1e047,0.020332323334847732,0,0.020332,0,ml_only,0,,,,,,,,0,,,customer payment cadence lowers risk;IP velocity lowers risk;session velocity lowers risk
txn_141fe0bb2d57,0.04765228575644093,0,0.047652,0,ml_only,0,,,,,,,,0,,,high generated risk score lowers risk;session velocity lowers risk;customer payment cadence lowers risk
txn_a967d3733a25,0.01570591817768132,0,0.015706,0,ml_only,0,,,,,,,,0,,,merchant age lowers risk;customer payment cadence lowers risk;session velocity lowers risk
txn_a41a626965cd,0.08873734172295249,0,0.088737,0,ml_only,0,,,,,,,,0,,,session velocity lowers risk;IP velocity lowers risk;merchant age lowers risk
txn_6c7b77d6d52e,0.008475142618892926,0,0.008475,0,ml_only,0,,,,,,,,0,,,customer payment cadence lowers risk;IP velocity lowers risk;session velocity lowers risk
txn_01d201e7aa12,0.15792497108559622,0,0.157925,0,ml_only,0,,,,,,,,0,,,session velocity lowers risk;merchant_category_code lowers risk;customer one-hour velocity lowers risk
txn_b4fc2e5ca97a,0.038337512670012903,0,0.038338,0,ml_only,0,,,,,,,,0,,,customer payment cadence lowers risk;session velocity lowers risk;device activity cadence lowers risk
txn_e46b39780ff0,0.0374069998077533,0,0.037407,0,ml_only,0,,,,,,,,0,,,customer payment cadence lowers risk;session velocity lowers risk;customer one-hour velocity lowers risk
txn_df5e0e3cd143,0.08065105802751729,0,0.080651,0,ml_only,0,,,,,,,,0,,,session velocity lowers risk;merchant age lowers risk;IP velocity lowers risk
txn_a329bc2d3608,0.01216364153128583,0,0.012164,0,ml_only,0,,,,,,,,0,,,customer payment cadence lowers risk;merchant age lowers risk;session velocity lowers risk
txn_acf1b84999bd,0.00445794890354379,0,0.004458,0,ml_only,0,,,,,,,,0,,,customer payment cadence lowers risk;device activity cadence lowers risk;session velocity lowers risk
txn_8bb45ed148f9,0.007257685750465574,0,0.007258,0,ml_only,0,,,,,,,,0,,,customer payment cadence lowers risk;merchant age lowers risk;high generated risk score lowers risk
txn_a5e577cffe4b,0.009667805845930372,0,0.009668,0,ml_only,0,,,,,,,,0,,,amount deviation from customer history lowers risk;high generated risk score raises risk;session velocity lowers risk
txn_43b297ecb144,0.018786952229665244,0,0.018787,0,ml_only,0,,,,,,,,0,,,customer payment cadence lowers risk;session velocity lowers risk;IP velocity lowers risk
txn_e9eabb9ed03f,0.020876857732948936,0,0.020877,0,ml_only,0,,,,,,,,0,,,customer payment cadence lowers risk;IP velocity lowers risk;session velocity lowers risk
txn_9744a7170ef6,0.002726511929799624,0,0.002727,0,ml_only,0,,,,,,,,0,,,customer payment cadence lowers risk;high generated risk score lowers risk;session velocity lowers risk
txn_4c26d0e4f01f,0.0003674750001316146,0,0.000367,0,ml_only,0,,,,,,,,0,,,customer payment cadence lowers risk;device activity cadence lowers risk;merchant age lowers risk
txn_2e43b28cc8a4,0.22650886911724152,0,0.226509,0,ml_only,0,,,,,,,,0,,,merchant age lowers risk;session velocity lowers risk;device history lowers risk
txn_67b10e7bd6c8,0.066022127617081,0,0.066022,0,ml_only,0,,,,,,,,0,,,IP velocity lowers risk;high generated risk score lowers risk;session velocity lowers risk
txn_f9e2bc9055fe,0.06362540404157677,0,0.063625,0,ml_only,0,,,,,,,,0,,,customer payment cadence lowers risk;IP velocity lowers risk;session velocity lowers risk
txn_567c03030e22,0.02756171356332802,0,0.027562,0,ml_only,0,,,,,,,,0,,,merchant age lowers risk;high generated risk score lowers risk;session velocity lowers risk
txn_8cd909d988d6,0.03780627934119844,0,0.037806,0,ml_only,0,,,,,,,,0,,,customer payment cadence lowers risk;IP velocity lowers risk;session velocity lowers risk
txn_ec39e09903a3,0.09601146129156547,0,0.096011,0,ml_only,0,,,,,,,,0,,,high generated risk score lowers risk;session velocity lowers risk;merchant age lowers risk
txn_afe380e9df16,0.13500914113336185,0,0.135009,0,ml_only,0,,,,,,,,0,,,amount deviation from customer history lowers risk;session velocity lowers risk;IP velocity lowers risk
txn_fe72108f6529,0.022093888756717937,0,0.022094,0,ml_only,0,,,,,,,,0,,,customer payment cadence lowers risk;session velocity lowers risk;device activity cadence lowers risk
txn_15d97c9ed1b9,0.05846272859206017,0,0.058463,0,ml_only,0,,,,,,,,0,,,amount deviation from customer history lowers risk;session velocity lowers risk;IP velocity lowers risk
txn_94ee0d06bb36,0.12688339205958346,0,0.126883,0,ml_only,0,,,,,,,,0,,,session velocity lowers risk;merchant age lowers risk;high generated risk score raises risk
txn_1477e7bc2d4e,0.0016447010082995736,0,0.001645,0,ml_only,0,,,,,,,,0,,,customer payment cadence lowers risk;amount deviation from customer history lowers risk;merchant age lowers risk
txn_da0d3dc9a33a,0.14010049451727372,0,0.1401,0,ml_only,0,,,,,,,,0,,,session velocity lowers risk;customer one-hour velocity lowers risk;customer decline history lowers risk
txn_7c27bbbdd6f8,0.06152105976743384,0,0.061521,0,ml_only,0,,,,,,,,0,,,merchant age lowers risk;session velocity lowers risk;high generated risk score lowers risk
txn_47a04f2caae8,0.057096226906984925,0,0.057096,0,ml_only,0,,,,,,,,0,,,IP velocity lowers risk;session velocity lowers risk;high generated risk score lowers risk
txn_4bb1a69f6518,0.010799012658827116,0,0.010799,0,ml_only,0,,,,,,,,0,,,customer payment cadence lowers risk;session velocity lowers risk;high generated risk score lowers risk
txn_05cf397a2534,0.0013946265156283193,0,0.001395,0,ml_only,0,,,,,,,,0,,,customer payment cadence lowers risk;device activity cadence lowers risk;IP velocity lowers risk
txn_b8f82c903a91,0.051044146452380076,0,0.051044,0,ml_only,0,,,,,,,,0,,,high generated risk score lowers risk;session velocity lowers risk;customer one-hour velocity lowers risk
txn_b9d04240379e,0.03194664730882195,0,0.031947,0,ml_only,0,,,,,,,,0,,,customer payment cadence lowers risk;merchant age lowers risk;high generated risk score raises risk
txn_8aa330efadbf,0.008077764054365963,0,0.008078,0,ml_only,0,,,,,,,,0,,,device activity cadence lowers risk;merchant age lowers risk;session velocity lowers risk
txn_e33e7c3a4cd6,0.10143189072364571,0,0.101432,0,ml_only,0,,,,,,,,0,,,IP velocity lowers risk;session velocity lowers risk;high generated risk score lowers risk
txn_76b42e06bbb2,0.07521094428831,0,0.075211,0,ml_only,0,,,,,,,,0,,,customer payment cadence lowers risk;session velocity lowers risk;amount deviation from customer history lowers risk
txn_582b59886582,0.04342534970756818,0,0.043425,0,ml_only,0,,,,,,,,0,,,merchant age lowers risk;session velocity lowers risk;high generated risk score lowers risk
txn_ca351eaa3bd3,0.012220838925124862,0,0.012221,0,ml_only,0,,,,,,,,0,,,customer payment cadence lowers risk;IP velocity lowers risk;session velocity lowers risk
txn_df7b463d698c,0.0017251249234122746,0,0.001725,0,ml_only,0,,,,,,,,0,,,customer payment cadence lowers risk;device activity cadence lowers risk;session velocity lowers risk
txn_48949718c819,0.10462400567932309,0,0.104624,0,ml_only,0,,,,,,,,0,,,session velocity lowers risk;customer payment cadence lowers risk;customer one-hour velocity lowers risk
txn_4042cb5858e6,0.15206107266158672,0,0.152061,0,ml_only,0,,,,,,,,0,,,session velocity lowers risk;customer one-hour velocity lowers risk;customer decline history lowers risk
txn_3cb29b71dcce,0.02227363724474488,0,0.022274,0,ml_only,0,,,,,,,,0,,,customer payment cadence lowers risk;session velocity lowers risk;IP velocity lowers risk
txn_207b42161d0f,0.0066665362538033245,0,0.006667,0,ml_only,0,,,,,,,,0,,,customer payment cadence lowers risk;high generated risk score lowers risk;session velocity lowers risk
txn_d843be5c931e,0.0003231974833461908,0,0.000323,0,ml_only,0,,,,,,,,0,,,customer payment cadence lowers risk;device activity cadence lowers risk;amount deviation from customer history lowers risk
txn_4bff06b9fd17,0.11319778539282921,0,0.113198,0,ml_only,0,,,,,,,,0,,,session velocity lowers risk;IP velocity lowers risk;customer payment cadence raises risk
txn_baf46bd4c4e3,0.027805954489217473,0,0.027806,0,ml_only,0,,,,,,,,0,,,merchant age lowers risk;high generated risk score lowers risk;customer payment cadence lowers risk
txn_0328577c9580,0.0364018135776803,0,0.036402,0,ml_only,0,,,,,,,,0,,,IP velocity lowers risk;session velocity lowers risk;high generated risk score lowers risk
txn_d05c1ee1660d,0.016523983055316226,0,0.016524,0,ml_only,0,,,,,,,,0,,,customer payment cadence lowers risk;session velocity lowers risk;high generated risk score lowers risk
txn_56be2121b514,0.0811219780107761,0,0.081122,0,ml_only,0,,,,,,,,0,,,high generated risk score lowers risk;session velocity lowers risk;merchant age lowers risk
txn_4ea41e0fd95c,0.0075261145125835585,0,0.007526,0,ml_only,0,,,,,,,,0,,,customer payment cadence lowers risk;IP velocity lowers risk;session velocity lowers risk
txn_b49054a17d8b,0.0022714829287857523,0,0.002271,0,ml_only,0,,,,,,,,0,,,customer payment cadence lowers risk;merchant age lowers risk;high generated risk score lowers risk
txn_aba9839f8215,0.00020163544325033854,0,0.000202,0,ml_only,0,,,,,,,,0,,,customer payment cadence lowers risk;device activity cadence lowers risk;merchant age lowers risk
txn_ab27a321df84,0.009973736321915616,0,0.009974,0,ml_only,0,,,,,,,,0,,,customer payment cadence lowers risk;session velocity lowers risk;high generated risk score lowers risk
txn_d1663e819d87,0.04213462727241354,0,0.042135,0,ml_only,0,,,,,,,,0,,,IP velocity lowers risk;session velocity lowers risk;high generated risk score lowers risk
txn_bda0ae1e527a,0.012375300191924466,0,0.012375,0,ml_only,0,,,,,,,,0,,,customer payment cadence lowers risk;merchant age lowers risk;session velocity lowers risk
txn_b1a1d9ce6ccd,0.061772103521425016,0,0.061772,0,ml_only,0,,,,,,,,0,,,IP velocity lowers risk;session velocity lowers risk;high generated risk score raises risk
txn_65efa6f91c93,0.04419083082698649,0,0.044191,0,ml_only,0,,,,,,,,0,,,session velocity lowers risk;high generated risk score lowers risk;IP velocity lowers risk
txn_800538db5f19,0.5197262734716042,1,0.519726,1,ml_only,0,,,,,,,,0,,,session velocity lowers risk;customer one-hour velocity lowers risk;merchant_category_code raises risk
txn_fa5d66d8c3f8,0.009102782583200157,0,0.009103,0,ml_only,0,,,,,,,,0,,,customer payment cadence lowers risk;high generated risk score lowers risk;session velocity lowers risk
txn_f255fe2667d1,0.010706287002636261,0,0.010706,0,ml_only,0,,,,,,,,0,,,customer payment cadence lowers risk;high generated risk score lowers risk;IP velocity lowers risk
txn_cef79daa16c4,0.005072050236955583,0,0.005072,0,ml_only,0,,,,,,,,0,,,customer payment cadence lowers risk;device activity cadence lowers risk;session velocity lowers risk
txn_be8aaa9d31ee,0.026859250528584143,0,0.026859,0,ml_only,0,,,,,,,,0,,,high generated risk score lowers risk;merchant age lowers risk;IP velocity lowers risk
txn_a59d36a60f81,0.4311869531936656,1,0.431187,1,ml_only,0,,,,,,,,0,,,session velocity lowers risk;IP velocity lowers risk;customer one-hour velocity lowers risk
txn_aa62e8f994e9,0.07905981150804375,0,0.07906,0,ml_only,0,,,,,,,,0,,,merchant age lowers risk;session velocity lowers risk;merchant_category_code lowers risk
txn_82e0592c92fd,0.060960111368494885,0,0.06096,0,ml_only,0,,,,,,,,0,,,session velocity lowers risk;merchant_category_code lowers risk;customer one-hour velocity lowers risk
txn_4d7fc5348aca,0.03531570601081072,0,0.035316,0,ml_only,0,,,,,,,,0,,,customer payment cadence lowers risk;session velocity lowers risk;high generated risk score lowers risk
txn_20c8a95d443f,0.05244363330360176,0,0.052444,0,ml_only,0,,,,,,,,0,,,customer payment cadence lowers risk;IP velocity lowers risk;session velocity lowers risk
txn_4e36c0cc38fb,0.002211016909877744,0,0.002211,0,ml_only,0,,,,,,,,0,,,customer payment cadence lowers risk;device activity cadence lowers risk;session velocity lowers risk
txn_c13d5a7b5393,0.03697692857990605,0,0.036977,0,ml_only,0,,,,,,,,0,,,merchant age lowers risk;session velocity lowers risk;customer payment cadence lowers risk
txn_f80bd041b064,0.0015697211336360443,0,0.00157,0,ml_only,0,,,,,,,,0,,,amount deviation from customer history lowers risk;merchant age lowers risk;high generated risk score lowers risk
txn_dea918f76e9f,0.02630644141088321,0,0.026306,0,ml_only,0,,,,,,,,0,,,customer payment cadence lowers risk;IP velocity lowers risk;high generated risk score lowers risk
txn_dfa409b3a030,0.14775487332527032,0,0.147755,0,ml_only,0,,,,,,,,0,,,customer payment cadence lowers risk;IP velocity lowers risk;session velocity lowers risk
txn_e360076fd5fa,0.024194464460716072,0,0.024194,0,ml_only,0,,,,,,,,0,,,merchant age lowers risk;IP velocity lowers risk;session velocity lowers risk
txn_38256999ba56,0.004033558327261644,0,0.004034,0,ml_only,0,,,,,,,,0,,,customer payment cadence lowers risk;device activity cadence lowers risk;IP velocity lowers risk
txn_00460f05c445,0.0013147937293632188,0,0.001315,0,ml_only,0,,,,,,,,0,,,customer payment cadence lowers risk;device activity cadence lowers risk;high generated risk score lowers risk
txn_02bf6e503b68,0.0696454722591696,0,0.069645,0,ml_only,0,,,,,,,,0,,,customer payment cadence lowers risk;IP velocity lowers risk;session velocity lowers risk
txn_2dc91ccf84bc,0.155954101718887,0,0.155954,0,ml_only,0,,,,,,,,0,,,session velocity lowers risk;customer one-hour velocity lowers risk;channel_code lowers risk
txn_a0e90d387f2f,0.00464493664520253,0,0.004645,0,ml_only,0,,,,,,,,0,,,customer payment cadence lowers risk;IP velocity lowers risk;session velocity lowers risk
txn_5d5d496703a9,0.008876189517539865,0,0.008876,0,ml_only,0,,,,,,,,0,,,customer payment cadence lowers risk;high generated risk score lowers risk;session velocity lowers risk
txn_78a63cadbb4f,0.015346101572334363,0,0.015346,0,ml_only,0,,,,,,,,0,,,merchant age lowers risk;high generated risk score lowers risk;IP velocity lowers risk
txn_e058543479c0,0.293467,1,0.269238,0,hybrid_ml_llm,1,local_lmstudio,0.35,0.45,allow,"The transaction exhibits low-risk characteristics including customer velocity patterns and session activity, but the device IP reputation score (0.1273) suggests potential compromise. The fraud score (0.269) remains below threshold despite these indicators.",low device IP reputation;moderate transaction amount,,0,,,session velocity lowers risk;customer one-hour velocity lowers risk;customer velocity lowers risk
txn_b3a67d289a19,0.003131794058389819,0,0.003132,0,ml_only,0,,,,,,,,0,,,customer payment cadence lowers risk;high generated risk score lowers risk;merchant age lowers risk
txn_7dfcdacc4860,0.11818153512236104,0,0.118182,0,ml_only,0,,,,,,,,0,,,IP velocity lowers risk;session velocity lowers risk;customer one-hour velocity lowers risk
txn_c29158fa62ad,0.00988022579989066,0,0.00988,0,ml_only,0,,,,,,,,0,,,customer payment cadence lowers risk;high generated risk score lowers risk;IP velocity lowers risk
txn_b50664e90815,0.0071393165124376285,0,0.007139,0,ml_only,0,,,,,,,,0,,,customer payment cadence lowers risk;high generated risk score lowers risk;device activity cadence lowers risk
txn_0bcf79a5a3f7,0.0001966884296898993,0,0.000197,0,ml_only,0,,,,,,,,0,,,customer payment cadence lowers risk;device activity cadence lowers risk;session velocity lowers risk
txn_3ed04770c60c,0.05524949492471209,0,0.055249,0,ml_only,0,,,,,,,,0,,,merchant age lowers risk;session velocity lowers risk;customer payment cadence lowers risk
txn_276847ab8e20,0.02270914619861654,0,0.022709,0,ml_only,0,,,,,,,,0,,,merchant age lowers risk;session velocity lowers risk;customer payment cadence lowers risk
txn_008711f5dfd2,0.06953216020402155,0,0.069532,0,ml_only,0,,,,,,,,0,,,session velocity lowers risk;customer one-hour velocity lowers risk;device history lowers risk
txn_e6ddd562def8,0.02393271010325234,0,0.023933,0,ml_only,0,,,,,,,,0,,,customer payment cadence lowers risk;high generated risk score lowers risk;session velocity lowers risk
txn_b39508f28cb6,0.0008279917591295634,0,0.000828,0,ml_only,0,,,,,,,,0,,,customer payment cadence lowers risk;merchant age lowers risk;amount deviation from customer history lowers risk
txn_6af5c9bb7665,0.002743481895018837,0,0.002743,0,ml_only,0,,,,,,,,0,,,customer payment cadence lowers risk;session velocity lowers risk;device activity cadence lowers risk
txn_2e353a62c043,0.00914249456806232,0,0.009142,0,ml_only,0,,,,,,,,0,,,IP velocity lowers risk;high generated risk score lowers risk;session velocity lowers risk
txn_1f30c6f65d1b,0.04376251324395481,0,0.043763,0,ml_only,0,,,,,,,,0,,,customer payment cadence lowers risk;high generated risk score raises risk;session velocity lowers risk
txn_bda7d41070ec,0.0007115276162777966,0,0.000712,0,ml_only,0,,,,,,,,0,,,customer payment cadence lowers risk;device activity cadence lowers risk;session velocity lowers risk
txn_68cced4907d7,0.04221601357291987,0,0.042216,0,ml_only,0,,,,,,,,0,,,session velocity lowers risk;device history lowers risk;customer one-hour velocity lowers risk
txn_82e35a9dafa4,0.010003247356453858,0,0.010003,0,ml_only,0,,,,,,,,0,,,customer payment cadence lowers risk;device activity cadence lowers risk;session velocity lowers risk
txn_403e251e4dcb,0.024311827061869257,0,0.024312,0,ml_only,0,,,,,,,,0,,,merchant age lowers risk;session velocity lowers risk;high generated risk score lowers risk
txn_500c025848b6,0.11548227128577883,0,0.115482,0,ml_only,0,,,,,,,,0,,,session velocity lowers risk;customer one-hour velocity lowers risk;high generated risk score lowers risk
txn_45849ab18f61,0.0035819749967065965,0,0.003582,0,ml_only,0,,,,,,,,0,,,customer payment cadence lowers risk;merchant age lowers risk;high generated risk score lowers risk
txn_87efb7c05490,0.0007641896892823416,0,0.000764,0,ml_only,0,,,,,,,,0,,,customer payment cadence lowers risk;device activity cadence lowers risk;high generated risk score lowers risk
txn_bc0bc709530a,0.05117883869987765,0,0.051179,0,ml_only,0,,,,,,,,0,,,session velocity lowers risk;high generated risk score lowers risk;merchant_category_code lowers risk
txn_20e694bf44e0,0.01028306947261608,0,0.010283,0,ml_only,0,,,,,,,,0,,,customer payment cadence lowers risk;high generated risk score lowers risk;IP velocity lowers risk
txn_435db34f2389,0.001014552044942769,0,0.001015,0,ml_only,0,,,,,,,,0,,,customer payment cadence lowers risk;device activity cadence lowers risk;amount deviation from customer history lowers risk
txn_9928d8e0d1d4,0.003483278769946577,0,0.003483,0,ml_only,0,,,,,,,,0,,,customer payment cadence lowers risk;merchant age lowers risk;session velocity lowers risk
txn_176143312640,0.16543585898034388,0,0.165436,0,ml_only,0,,,,,,,,0,,,merchant age lowers risk;IP velocity lowers risk;session velocity lowers risk
txn_cfb9b4e359e5,0.012653699924903884,0,0.012654,0,ml_only,0,,,,,,,,0,,,customer payment cadence lowers risk;session velocity lowers risk;customer one-hour velocity lowers risk
txn_702262eb855b,0.07130604339522657,0,0.071306,0,ml_only,0,,,,,,,,0,,,customer payment cadence lowers risk;session velocity lowers risk;merchant_category_code lowers risk
txn_049fde679332,0.0026459851291480456,0,0.002646,0,ml_only,0,,,,,,,,0,,,customer payment cadence lowers risk;device activity cadence lowers risk;merchant age lowers risk
txn_fcd5b566a9c7,0.020470575966370422,0,0.020471,0,ml_only,0,,,,,,,,0,,,customer payment cadence lowers risk;high generated risk score raises risk;session velocity lowers risk
txn_508fc352f536,0.013838615800139528,0,0.013839,0,ml_only,0,,,,,,,,0,,,high generated risk score lowers risk;IP velocity lowers risk;customer payment cadence lowers risk
txn_3806567ac380,0.047122464653187146,0,0.047122,0,ml_only,0,,,,,,,,0,,,customer payment cadence lowers risk;high generated risk score lowers risk;session velocity lowers risk
txn_b72ddde37dc9,0.033929587299210424,0,0.03393,0,ml_only,0,,,,,,,,0,,,high generated risk score lowers risk;session velocity lowers risk;IP velocity lowers risk
txn_5769c2e3dd6d,0.07133432921587304,0,0.071334,0,ml_only,0,,,,,,,,0,,,IP velocity lowers risk;session velocity lowers risk;customer one-hour velocity lowers risk
txn_c781fbe7d694,0.00853524737361299,0,0.008535,0,ml_only,0,,,,,,,,0,,,customer payment cadence lowers risk;session velocity lowers risk;merchant age lowers risk
txn_6ec4cac61157,0.00942888448320931,0,0.009429,0,ml_only,0,,,,,,,,0,,,merchant age lowers risk;IP velocity lowers risk;customer payment cadence lowers risk
txn_66ba6d0f19c4,0.12200491554835832,0,0.122005,0,ml_only,0,,,,,,,,0,,,session velocity lowers risk;IP velocity lowers risk;customer one-hour velocity lowers risk
txn_392955dc8580,0.006365438924232405,0,0.006365,0,ml_only,0,,,,,,,,0,,,customer payment cadence lowers risk;merchant age lowers risk;IP velocity lowers risk
txn_e575f2ec28ee,0.025298319784434507,0,0.025298,0,ml_only,0,,,,,,,,0,,,customer payment cadence lowers risk;IP velocity lowers risk;session velocity lowers risk
txn_6da8302dfa05,0.11888195620010085,0,0.118882,0,ml_only,0,,,,,,,,0,,,session velocity lowers risk;device history lowers risk;customer one-hour velocity lowers risk
txn_ef3514b28e36,0.0001730045974335482,0,0.000173,0,ml_only,0,,,,,,,,0,,,customer payment cadence lowers risk;device activity cadence lowers risk;session velocity lowers risk
txn_8e5e08e62401,0.008105275195680056,0,0.008105,0,ml_only,0,,,,,,,,0,,,customer payment cadence lowers risk;IP velocity lowers risk;session velocity lowers risk
txn_a10a96e541a8,0.0007838124350692394,0,0.000784,0,ml_only,0,,,,,,,,0,,,customer payment cadence lowers risk;merchant age lowers risk;device activity cadence lowers risk
txn_f051b8d49584,0.03757642710055331,0,0.037576,0,ml_only,0,,,,,,,,0,,,merchant age lowers risk;IP velocity lowers risk;high generated risk score lowers risk
txn_027028da28a8,0.09770235841625313,0,0.097702,0,ml_only,0,,,,,,,,0,,,IP velocity lowers risk;session velocity lowers risk;customer decline history lowers risk
txn_4728db4c6198,0.039011631404140726,0,0.039012,0,ml_only,0,,,,,,,,0,,,customer payment cadence lowers risk;IP velocity lowers risk;session velocity lowers risk
txn_988c142ae727,0.007249004284266736,0,0.007249,0,ml_only,0,,,,,,,,0,,,customer payment cadence lowers risk;merchant age lowers risk;session velocity lowers risk
txn_a5bb770f9022,0.011909357411406562,0,0.011909,0,ml_only,0,,,,,,,,0,,,customer payment cadence lowers risk;session velocity lowers risk;device activity cadence lowers risk
txn_a23a20421348,0.014111826529988812,0,0.014112,0,ml_only,0,,,,,,,,0,,,customer payment cadence lowers risk;session velocity lowers risk;IP velocity lowers risk
txn_517ee7f398bd,0.1045828518239419,0,0.104583,0,ml_only,0,,,,,,,,0,,,session velocity lowers risk;IP velocity lowers risk;customer one-hour velocity lowers risk
txn_41e3bdfcf674,0.003890404951958355,0,0.00389,0,ml_only,0,,,,,,,,0,,,customer payment cadence lowers risk;amount deviation from customer history lowers risk;high generated risk score lowers risk
txn_0922bf832c8a,0.008784944886203214,0,0.008785,0,ml_only,0,,,,,,,,0,,,customer payment cadence lowers risk;device activity cadence lowers risk;high generated risk score lowers risk
txn_845f023bb5e5,0.035184959206013965,0,0.035185,0,ml_only,0,,,,,,,,0,,,amount deviation from customer history lowers risk;session velocity lowers risk;merchant age lowers risk
txn_a1b5203258ee,0.048270750491285305,0,0.048271,0,ml_only,0,,,,,,,,0,,,merchant age lowers risk;high generated risk score lowers risk;session velocity lowers risk
txn_bf81ac8028c5,0.013668825949613049,0,0.013669,0,ml_only,0,,,,,,,,0,,,customer payment cadence lowers risk;IP velocity lowers risk;session velocity lowers risk
txn_c5f0dec655b8,0.0038673483858707052,0,0.003867,0,ml_only,0,,,,,,,,0,,,customer payment cadence lowers risk;merchant age lowers risk;device activity cadence lowers risk
txn_5a842742a4ba,0.003193041578614578,0,0.003193,0,ml_only,0,,,,,,,,0,,,customer payment cadence lowers risk;high generated risk score lowers risk;session velocity lowers risk
txn_bdf194480e4d,0.00603181303097225,0,0.006032,0,ml_only,0,,,,,,,,0,,,customer payment cadence lowers risk;high generated risk score lowers risk;IP velocity lowers risk
txn_4a10e972f2e0,0.008308128318720886,0,0.008308,0,ml_only,0,,,,,,,,0,,,amount deviation from customer history lowers risk;session velocity lowers risk;device history lowers risk
txn_cbd5bb2d004c,0.000214010905323462,0,0.000214,0,ml_only,0,,,,,,,,0,,,customer payment cadence lowers risk;device activity cadence lowers risk;session velocity lowers risk
txn_bf5884aa33ab,0.0026551786921889106,0,0.002655,0,ml_only,0,,,,,,,,0,,,customer payment cadence lowers risk;merchant age lowers risk;session velocity lowers risk
txn_f6e10b9f9080,0.004384650253072343,0,0.004385,0,ml_only,0,,,,,,,,0,,,customer payment cadence lowers risk;merchant age lowers risk;high generated risk score lowers risk
txn_072e35710bc4,0.07216177887049008,0,0.072162,0,ml_only,0,,,,,,,,0,,,high generated risk score lowers risk;session velocity lowers risk;IP velocity lowers risk
txn_6b3469d7d8ed,0.010190580623329828,0,0.010191,0,ml_only,0,,,,,,,,0,,,customer payment cadence lowers risk;high generated risk score lowers risk;session velocity lowers risk
txn_260df4089cb9,0.01250846799611998,0,0.012508,0,ml_only,0,,,,,,,,0,,,merchant age lowers risk;IP velocity lowers risk;session velocity lowers risk
txn_ae292018adc8,0.004309355590520202,0,0.004309,0,ml_only,0,,,,,,,,0,,,customer payment cadence lowers risk;device activity cadence lowers risk;session velocity lowers risk
txn_8cf6767299fd,0.03690968605080077,0,0.03691,0,ml_only,0,,,,,,,,0,,,IP velocity lowers risk;session velocity lowers risk;merchant age lowers risk
txn_06559c0621e2,0.1294666899420061,0,0.129467,0,ml_only,0,,,,,,,,0,,,high generated risk score lowers risk;session velocity lowers risk;merchant_category_code lowers risk
txn_34ce164b2a16,0.031202191856273456,0,0.031202,0,ml_only,0,,,,,,,,0,,,customer payment cadence lowers risk;high generated risk score lowers risk;session velocity lowers risk
txn_32c5e1cecc7a,0.02282798778619925,0,0.022828,0,ml_only,0,,,,,,,,0,,,customer payment cadence lowers risk;session velocity lowers risk;device activity cadence lowers risk
txn_771b90599798,0.006792310520991825,0,0.006792,0,ml_only,0,,,,,,,,0,,,customer payment cadence lowers risk;session velocity lowers risk;merchant age lowers risk
txn_39bc0cb4dedf,0.0024421609480771143,0,0.002442,0,ml_only,0,,,,,,,,0,,,customer payment cadence lowers risk;device activity cadence lowers risk;merchant age lowers risk
txn_6992f3476a67,0.024464484640942603,0,0.024464,0,ml_only,0,,,,,,,,0,,,customer payment cadence lowers risk;session velocity lowers risk;high generated risk score lowers risk
txn_4e7cc2629b64,0.004500392696278447,0,0.0045,0,ml_only,0,,,,,,,,0,,,customer payment cadence lowers risk;device activity cadence lowers risk;merchant age lowers risk
txn_9bc17c4ddd65,0.04120980276577313,0,0.04121,0,ml_only,0,,,,,,,,0,,,session velocity lowers risk;high generated risk score lowers risk;IP velocity lowers risk
txn_b472fb7f8071,0.0065611536336993796,0,0.006561,0,ml_only,0,,,,,,,,0,,,customer payment cadence lowers risk;IP velocity lowers risk;session velocity lowers risk
txn_9d9c56a785a6,0.019548312185785472,0,0.019548,0,ml_only,0,,,,,,,,0,,,customer payment cadence lowers risk;session velocity lowers risk;high generated risk score lowers risk
txn_b41b9cf9ae0c,0.020059676788934253,0,0.02006,0,ml_only,0,,,,,,,,0,,,customer payment cadence lowers risk;session velocity lowers risk;customer one-hour velocity lowers risk
txn_08d78f947c3c,0.04449353620156595,0,0.044494,0,ml_only,0,,,,,,,,0,,,merchant age lowers risk;IP velocity lowers risk;session velocity lowers risk
txn_78787a29fe0a,0.001883865547740255,0,0.001884,0,ml_only,0,,,,,,,,0,,,customer payment cadence lowers risk;merchant age lowers risk;high generated risk score lowers risk
txn_8877a99f531d,0.02556189254245316,0,0.025562,0,ml_only,0,,,,,,,,0,,,customer payment cadence lowers risk;high generated risk score lowers risk;session velocity lowers risk
txn_9092689d3aaa,0.096997314662519,0,0.096997,0,ml_only,0,,,,,,,,0,,,high generated risk score lowers risk;IP velocity lowers risk;session velocity lowers risk
txn_2d0f231ebf60,0.011817920951653757,0,0.011818,0,ml_only,0,,,,,,,,0,,,merchant age lowers risk;IP velocity lowers risk;session velocity lowers risk
txn_80616973b431,0.04144159500739869,0,0.041442,0,ml_only,0,,,,,,,,0,,,session velocity lowers risk;merchant age lowers risk;customer one-hour velocity lowers risk
txn_0bd3ebd2d3ab,0.011828619142923534,0,0.011829,0,ml_only,0,,,,,,,,0,,,customer payment cadence lowers risk;session velocity lowers risk;merchant age lowers risk
txn_4303379b819e,0.0008941984029475192,0,0.000894,0,ml_only,0,,,,,,,,0,,,customer payment cadence lowers risk;device activity cadence lowers risk;session velocity lowers risk
txn_96e9307fed6a,0.0004491953788093938,0,0.000449,0,ml_only,0,,,,,,,,0,,,customer payment cadence lowers risk;device activity cadence lowers risk;high generated risk score lowers risk
txn_0b79f6bdf4cb,0.007220397403206522,0,0.00722,0,ml_only,0,,,,,,,,0,,,customer payment cadence lowers risk;session velocity lowers risk;IP velocity lowers risk
txn_a1ff45b77adb,0.029364021923110172,0,0.029364,0,ml_only,0,,,,,,,,0,,,session velocity lowers risk;merchant age lowers risk;high generated risk score lowers risk
txn_6766849de74d,0.006002288754306707,0,0.006002,0,ml_only,0,,,,,,,,0,,,customer payment cadence lowers risk;merchant age lowers risk;session velocity lowers risk
txn_f62b113218b9,0.04343763785108093,0,0.043438,0,ml_only,0,,,,,,,,0,,,IP velocity lowers risk;session velocity lowers risk;device activity cadence lowers risk
txn_e76ece30cf1c,3.343588114838185e-05,0,3.3e-05,0,ml_only,0,,,,,,,,0,,,customer payment cadence lowers risk;device activity cadence lowers risk;merchant age lowers risk
txn_3b762a21a5b7,0.016067197914136074,0,0.016067,0,ml_only,0,,,,,,,,0,,,customer payment cadence lowers risk;high generated risk score lowers risk;session velocity lowers risk
txn_aec2f9245ef3,0.0940455408923527,0,0.094046,0,ml_only,0,,,,,,,,0,,,session velocity lowers risk;device activity cadence lowers risk;customer one-hour velocity lowers risk
txn_56ee7142acce,0.021032890512764538,0,0.021033,0,ml_only,0,,,,,,,,0,,,customer payment cadence lowers risk;session velocity lowers risk;high generated risk score raises risk
txn_e85c6354058f,0.002580311370746253,0,0.00258,0,ml_only,0,,,,,,,,0,,,customer payment cadence lowers risk;device activity cadence lowers risk;session velocity lowers risk
txn_4060249dc10e,0.07338778985753726,0,0.073388,0,ml_only,0,,,,,,,,0,,,customer payment cadence lowers risk;merchant age lowers risk;session velocity lowers risk
txn_4a072ec1689b,0.012554669906411367,0,0.012555,0,ml_only,0,,,,,,,,0,,,merchant age lowers risk;device activity cadence lowers risk;session velocity lowers risk
txn_42418544e97c,0.008464958959920665,0,0.008465,0,ml_only,0,,,,,,,,0,,,customer payment cadence lowers risk;device activity cadence lowers risk;high generated risk score lowers risk
txn_a033257aad54,0.004831123134595246,0,0.004831,0,ml_only,0,,,,,,,,0,,,customer payment cadence lowers risk;device activity cadence lowers risk;session velocity lowers risk
txn_1c7a03968364,0.005496348813380108,0,0.005496,0,ml_only,0,,,,,,,,0,,,customer payment cadence lowers risk;merchant age lowers risk;IP velocity lowers risk
txn_1e80e2177a57,0.07298059344310674,0,0.072981,0,ml_only,0,,,,,,,,0,,,session velocity lowers risk;device history lowers risk;merchant age lowers risk
txn_415cf330c09a,0.005861122500366998,0,0.005861,0,ml_only,0,,,,,,,,0,,,device activity cadence lowers risk;customer payment cadence lowers risk;session velocity lowers risk
txn_e96350416edb,0.0691963518009113,0,0.069196,0,ml_only,0,,,,,,,,0,,,session velocity lowers risk;high generated risk score lowers risk;IP velocity lowers risk
txn_8657f4f6448e,0.2100145305588297,0,0.210015,0,ml_only,0,,,,,,,,0,,,session velocity lowers risk;high generated risk score lowers risk;customer payment cadence raises risk
txn_6dda8254fc4b,5.127514396708542e-05,0,5.1e-05,0,ml_only,0,,,,,,,,0,,,customer payment cadence lowers risk;device activity cadence lowers risk;session velocity lowers risk
txn_0037d8869a41,0.006350108126964445,0,0.00635,0,ml_only,0,,,,,,,,0,,,customer payment cadence lowers risk;high generated risk score lowers risk;session velocity lowers risk
txn_f9a578955f6e,0.007917112051868687,0,0.007917,0,ml_only,0,,,,,,,,0,,,customer payment cadence lowers risk;high generated risk score lowers risk;merchant age lowers risk
txn_6f808f0ec025,0.004416916624057859,0,0.004417,0,ml_only,0,,,,,,,,0,,,customer payment cadence lowers risk;session velocity lowers risk;device activity cadence lowers risk
txn_997f6c1e8b03,0.005075223969452066,0,0.005075,0,ml_only,0,,,,,,,,0,,,customer payment cadence lowers risk;merchant age lowers risk;session velocity lowers risk
txn_70b2cc571434,0.0016446190108978225,0,0.001645,0,ml_only,0,,,,,,,,0,,,customer payment cadence lowers risk;session velocity lowers risk;high generated risk score lowers risk
txn_d580cf977638,0.033567710089342694,0,0.033568,0,ml_only,0,,,,,,,,0,,,customer payment cadence lowers risk;session velocity lowers risk;high generated risk score raises risk
txn_f29ff29e3e6c,0.03423291462566245,0,0.034233,0,ml_only,0,,,,,,,,0,,,customer payment cadence lowers risk;session velocity lowers risk;merchant age lowers risk
txn_a29d234c6a89,0.0040661176666834786,0,0.004066,0,ml_only,0,,,,,,,,0,,,customer payment cadence lowers risk;device activity cadence lowers risk;high generated risk score lowers risk
txn_c42ff4339bae,0.007575048797042017,0,0.007575,0,ml_only,0,,,,,,,,0,,,customer payment cadence lowers risk;merchant age lowers risk;IP velocity lowers risk
txn_c1216c359b62,0.001915811416425745,0,0.001916,0,ml_only,0,,,,,,,,0,,,merchant age lowers risk;amount deviation from customer history lowers risk;customer payment cadence lowers risk
txn_428f0caec43d,0.00027927925182646843,0,0.000279,0,ml_only,0,,,,,,,,0,,,customer payment cadence lowers risk;device activity cadence lowers risk;session velocity lowers risk
txn_f93a2ea2ec2b,0.0034302744087749302,0,0.00343,0,ml_only,0,,,,,,,,0,,,customer payment cadence lowers risk;device activity cadence lowers risk;IP velocity lowers risk
txn_ab2304fb8759,0.004902446682005855,0,0.004902,0,ml_only,0,,,,,,,,0,,,customer payment cadence lowers risk;merchant age lowers risk;session velocity lowers risk
txn_2b01441369a8,0.01829200198270535,0,0.018292,0,ml_only,0,,,,,,,,0,,,customer payment cadence lowers risk;session velocity lowers risk;IP velocity lowers risk
txn_f97da9a05ce1,0.0062560841501809305,0,0.006256,0,ml_only,0,,,,,,,,0,,,customer payment cadence lowers risk;device activity cadence lowers risk;IP velocity lowers risk
txn_c39c60d5906c,0.1208656450601832,0,0.120866,0,ml_only,0,,,,,,,,0,,,session velocity lowers risk;IP velocity lowers risk;merchant_category_code lowers risk
txn_57a142e7e1d0,0.268069,0,0.267242,0,hybrid_ml_llm,1,local_lmstudio,0.27,0.35,review,"Transaction appears legitimate based on low fraud score and consistent customer behavior, but proximity to threshold warrants cautious review.",ip_transaction_count;device_transaction_count,,0,,,session velocity lowers risk;customer payment cadence lowers risk;customer one-hour velocity lowers risk
txn_10f2caa6125e,0.011508637752504772,0,0.011509,0,ml_only,0,,,,,,,,0,,,customer payment cadence lowers risk;IP velocity lowers risk;session velocity lowers risk
txn_ca81692a4376,0.0007949200331151239,0,0.000795,0,ml_only,0,,,,,,,,0,,,customer payment cadence lowers risk;device activity cadence lowers risk;session velocity lowers risk
txn_f3daef0e9277,0.0008375586642635843,0,0.000838,0,ml_only,0,,,,,,,,0,,,customer payment cadence lowers risk;merchant age lowers risk;high generated risk score lowers risk
txn_fc07d1d1df3a,0.08345570965869215,0,0.083456,0,ml_only,0,,,,,,,,0,,,device activity cadence lowers risk;IP velocity lowers risk;session velocity lowers risk
txn_837128f9fa3b,0.007648983761848123,0,0.007649,0,ml_only,0,,,,,,,,0,,,customer payment cadence lowers risk;merchant age lowers risk;IP velocity lowers risk
txn_682c35942588,0.11945927553941266,0,0.119459,0,ml_only,0,,,,,,,,0,,,session velocity lowers risk;customer one-hour velocity lowers risk;customer decline history lowers risk
txn_d4bdef6b68a2,0.00013910876544920867,0,0.000139,0,ml_only,0,,,,,,,,0,,,customer payment cadence lowers risk;high generated risk score lowers risk;session velocity lowers risk
txn_10e794630841,0.0002970288216285244,0,0.000297,0,ml_only,0,,,,,,,,0,,,customer payment cadence lowers risk;IP velocity lowers risk;session velocity lowers risk
txn_3acedbefaff0,0.04094778590949256,0,0.040948,0,ml_only,0,,,,,,,,0,,,customer payment cadence lowers risk;session velocity lowers risk;high generated risk score lowers risk
txn_bab4233a5140,0.005132843572257663,0,0.005133,0,ml_only,0,,,,,,,,0,,,device activity cadence lowers risk;customer payment cadence lowers risk;merchant age lowers risk
txn_5a57a08b85c4,0.012290070832254633,0,0.01229,0,ml_only,0,,,,,,,,0,,,customer payment cadence lowers risk;merchant age lowers risk;session velocity lowers risk
txn_9b956823ac76,0.007381931330789429,0,0.007382,0,ml_only,0,,,,,,,,0,,,customer payment cadence lowers risk;session velocity lowers risk;device activity cadence lowers risk
txn_f0a54bdea293,0.027675008235893542,0,0.027675,0,ml_only,0,,,,,,,,0,,,customer payment cadence lowers risk;session velocity lowers risk;device activity cadence lowers risk
txn_648809bbff62,0.001735090549634722,0,0.001735,0,ml_only,0,,,,,,,,0,,,customer payment cadence lowers risk;merchant age lowers risk;IP velocity lowers risk
txn_fe5796b248ac,0.04026741162601375,0,0.040267,0,ml_only,0,,,,,,,,0,,,session velocity lowers risk;device activity cadence lowers risk;merchant age lowers risk
txn_4750c136c7c6,0.004727414562359317,0,0.004727,0,ml_only,0,,,,,,,,0,,,customer payment cadence lowers risk;session velocity lowers risk;IP velocity lowers risk
txn_fe61cfd35914,0.015574245921142827,0,0.015574,0,ml_only,0,,,,,,,,0,,,customer payment cadence lowers risk;session velocity lowers risk;device activity cadence lowers risk
txn_75ef83f714b0,0.003109960516444735,0,0.00311,0,ml_only,0,,,,,,,,0,,,amount deviation from customer history lowers risk;customer payment cadence lowers risk;session velocity lowers risk
txn_0abe298c37a9,0.005978610207860617,0,0.005979,0,ml_only,0,,,,,,,,0,,,customer payment cadence lowers risk;high generated risk score lowers risk;session velocity lowers risk
txn_35845e5cb9f8,0.0053957561059993575,0,0.005396,0,ml_only,0,,,,,,,,0,,,customer payment cadence lowers risk;device activity cadence lowers risk;session velocity lowers risk
txn_99998e763c36,0.011339948777134363,0,0.01134,0,ml_only,0,,,,,,,,0,,,customer payment cadence lowers risk;merchant age lowers risk;session velocity lowers risk
txn_5ccd11c6d048,0.10494588705096015,0,0.104946,0,ml_only,0,,,,,,,,0,,,IP velocity lowers risk;session velocity lowers risk;device history lowers risk
txn_e04ab0e50378,1.67053248292086e-05,0,1.7e-05,0,ml_only,0,,,,,,,,0,,,customer payment cadence lowers risk;device activity cadence lowers risk;merchant age lowers risk
txn_0dcdff39edc7,0.014142950092039343,0,0.014143,0,ml_only,0,,,,,,,,0,,,customer payment cadence lowers risk;session velocity lowers risk;device history lowers risk
txn_019e9db5948b,0.006078233493726067,0,0.006078,0,ml_only,0,,,,,,,,0,,,customer payment cadence lowers risk;device activity cadence lowers risk;session velocity lowers risk
txn_12ff7662a170,0.011082610385538262,0,0.011083,0,ml_only,0,,,,,,,,0,,,customer payment cadence lowers risk;IP velocity lowers risk;session velocity lowers risk
txn_714f0cca0db7,0.01378393390593336,0,0.013784,0,ml_only,0,,,,,,,,0,,,amount deviation from customer history lowers risk;IP velocity lowers risk;session velocity lowers risk
txn_4d9b83a7cae7,0.0008248920661428333,0,0.000825,0,ml_only,0,,,,,,,,0,,,customer payment cadence lowers risk;device activity cadence lowers risk;merchant age lowers risk
txn_16128210b190,0.01779103218300793,0,0.017791,0,ml_only,0,,,,,,,,0,,,customer payment cadence lowers risk;merchant age lowers risk;device activity cadence lowers risk
txn_68e2d1e7f177,0.00020187175676786417,0,0.000202,0,ml_only,0,,,,,,,,0,,,customer payment cadence lowers risk;amount deviation from customer history lowers risk;device activity cadence lowers risk
txn_3b1591111e38,0.011594287952061666,0,0.011594,0,ml_only,0,,,,,,,,0,,,customer payment cadence lowers risk;IP velocity lowers risk;session velocity lowers risk
txn_be79b71ab6a0,0.002065806921733344,0,0.002066,0,ml_only,0,,,,,,,,0,,,customer payment cadence lowers risk;merchant age lowers risk;session velocity lowers risk
txn_2b88ea0818a4,0.007021310211585385,0,0.007021,0,ml_only,0,,,,,,,,0,,,high generated risk score lowers risk;IP velocity lowers risk;session velocity lowers risk
txn_96d23b6e679c,0.005366855293254983,0,0.005367,0,ml_only,0,,,,,,,,0,,,customer payment cadence lowers risk;device activity cadence lowers risk;high generated risk score lowers risk
txn_c4f32d0ecfc1,0.020578402730279218,0,0.020578,0,ml_only,0,,,,,,,,0,,,device activity cadence lowers risk;IP velocity lowers risk;session velocity lowers risk
txn_9d9c57c4e84e,0.002637508519902458,0,0.002638,0,ml_only,0,,,,,,,,0,,,customer payment cadence lowers risk;device activity cadence lowers risk;high generated risk score lowers risk
txn_ec9fba645037,9.160953149087736e-05,0,9.2e-05,0,ml_only,0,,,,,,,,0,,,customer payment cadence lowers risk;device activity cadence lowers risk;session velocity lowers risk
txn_1c7e3cd704b5,0.00667934080600681,0,0.006679,0,ml_only,0,,,,,,,,0,,,customer payment cadence lowers risk;IP velocity lowers risk;session velocity lowers risk
txn_8c7d69b2acbe,0.15470454333044484,0,0.154705,0,ml_only,0,,,,,,,,0,,,merchant age lowers risk;session velocity lowers risk;customer payment cadence raises risk
txn_9fa857beed87,0.0012518427830045939,0,0.001252,0,ml_only,0,,,,,,,,0,,,customer payment cadence lowers risk;device activity cadence lowers risk;session velocity lowers risk
txn_f2d8fff263b9,0.02808107922792748,0,0.028081,0,ml_only,0,,,,,,,,0,,,customer payment cadence lowers risk;merchant age lowers risk;high generated risk score lowers risk
txn_d5322d9d795b,0.025211863537123496,0,0.025212,0,ml_only,0,,,,,,,,0,,,high generated risk score lowers risk;session velocity lowers risk;customer payment cadence lowers risk
txn_724d61705cee,0.025954053236962087,0,0.025954,0,ml_only,0,,,,,,,,0,,,customer payment cadence lowers risk;session velocity lowers risk;IP velocity raises risk
txn_96d436568eaf,0.008280263805763823,0,0.00828,0,ml_only,0,,,,,,,,0,,,customer payment cadence lowers risk;high generated risk score lowers risk;session velocity lowers risk
txn_6e307b788d32,0.010784201923013754,0,0.010784,0,ml_only,0,,,,,,,,0,,,customer payment cadence lowers risk;session velocity lowers risk;device history lowers risk
txn_25d0940ac80f,1.0108376775800576e-05,0,1e-05,0,ml_only,0,,,,,,,,0,,,customer payment cadence lowers risk;merchant age lowers risk;session velocity lowers risk
txn_c4d56caa58b5,0.0019508315473161604,0,0.001951,0,ml_only,0,,,,,,,,0,,,customer payment cadence lowers risk;merchant age lowers risk;IP velocity lowers risk
txn_e509b3c87ca2,0.009820236180189262,0,0.00982,0,ml_only,0,,,,,,,,0,,,device activity cadence lowers risk;customer payment cadence lowers risk;high generated risk score raises risk
txn_b7ec0a9b1b86,0.1080783023245941,0,0.108078,0,ml_only,0,,,,,,,,0,,,session velocity lowers risk;device history lowers risk;customer one-hour velocity lowers risk
txn_371737deb9f1,0.03917509153238935,0,0.039175,0,ml_only,0,,,,,,,,0,,,merchant age lowers risk;IP velocity lowers risk;session velocity lowers risk
txn_01041bf59f01,0.027907278361100976,0,0.027907,0,ml_only,0,,,,,,,,0,,,customer payment cadence lowers risk;session velocity lowers risk;merchant age lowers risk
txn_78a1ff63db04,0.12271710197723343,0,0.122717,0,ml_only,0,,,,,,,,0,,,session velocity lowers risk;IP velocity lowers risk;merchant age lowers risk
txn_b1237ce3178b,1.100909609320933e-05,0,1.1e-05,0,ml_only,0,,,,,,,,0,,,customer payment cadence lowers risk;device activity cadence lowers risk;amount deviation from customer history lowers risk
txn_c6fe8597fced,0.01821387903474646,0,0.018214,0,ml_only,0,,,,,,,,0,,,customer payment cadence lowers risk;IP velocity lowers risk;session velocity lowers risk
txn_91f8567c3097,0.042997855462513265,0,0.042998,0,ml_only,0,,,,,,,,0,,,device activity cadence lowers risk;session velocity lowers risk;merchant_category_code lowers risk
txn_d37a76998cc6,0.019077044712525082,0,0.019077,0,ml_only,0,,,,,,,,0,,,customer payment cadence lowers risk;IP velocity lowers risk;session velocity lowers risk
txn_e5f845594915,0.0009617346613600318,0,0.000962,0,ml_only,0,,,,,,,,0,,,customer payment cadence lowers risk;device activity cadence lowers risk;merchant age lowers risk
txn_cd21ac23fcc3,0.002276752335798395,0,0.002277,0,ml_only,0,,,,,,,,0,,,customer payment cadence lowers risk;session velocity lowers risk;device activity cadence lowers risk
txn_597bf15bf8ab,0.0033194730498516197,0,0.003319,0,ml_only,0,,,,,,,,0,,,customer payment cadence lowers risk;device activity cadence lowers risk;merchant age lowers risk
txn_67523df8d90e,0.007796338738541236,0,0.007796,0,ml_only,0,,,,,,,,0,,,customer payment cadence lowers risk;high generated risk score lowers risk;session velocity lowers risk
txn_33ce10af2656,0.004403738357155828,0,0.004404,0,ml_only,0,,,,,,,,0,,,customer payment cadence lowers risk;amount deviation from customer history lowers risk;IP velocity lowers risk
txn_8f7fc0486d14,0.01567908411458112,0,0.015679,0,ml_only,0,,,,,,,,0,,,device activity cadence lowers risk;customer payment cadence lowers risk;session velocity lowers risk
txn_380f8b851323,0.05376775198134648,0,0.053768,0,ml_only,0,,,,,,,,0,,,customer payment cadence lowers risk;session velocity lowers risk;merchant_category_code lowers risk
txn_5091edc6d0d4,0.01577078342644154,0,0.015771,0,ml_only,0,,,,,,,,0,,,customer payment cadence lowers risk;merchant age lowers risk;session velocity lowers risk
txn_fd50e4c4db5c,2.32809358369587e-05,0,2.3e-05,0,ml_only,0,,,,,,,,0,,,customer payment cadence lowers risk;device activity cadence lowers risk;merchant age lowers risk
txn_d754b0a696b1,0.012762987600094111,0,0.012763,0,ml_only,0,,,,,,,,0,,,customer payment cadence lowers risk;high generated risk score lowers risk;session velocity lowers risk
txn_43617bc77889,0.05121934565074352,0,0.051219,0,ml_only,0,,,,,,,,0,,,IP velocity lowers risk;customer payment cadence lowers risk;session velocity lowers risk
txn_0680d9a494e5,0.002659613643388783,0,0.00266,0,ml_only,0,,,,,,,,0,,,customer payment cadence lowers risk;merchant age lowers risk;session velocity lowers risk
txn_13ea7b2c09c4,0.006629932946543868,0,0.00663,0,ml_only,0,,,,,,,,0,,,customer payment cadence lowers risk;session velocity lowers risk;IP velocity lowers risk
txn_88a3054463e9,0.00013966845212993307,0,0.00014,0,ml_only,0,,,,,,,,0,,,customer payment cadence lowers risk;session velocity lowers risk;merchant age lowers risk
txn_43f787abe3d6,0.13145256035044586,0,0.131453,0,ml_only,0,,,,,,,,0,,,session velocity lowers risk;IP velocity lowers risk;customer one-hour velocity lowers risk
txn_77d54b83d33e,0.0031770066232387566,0,0.003177,0,ml_only,0,,,,,,,,0,,,device activity cadence lowers risk;customer payment cadence lowers risk;IP velocity lowers risk
txn_bed540bf80db,0.012003082712292407,0,0.012003,0,ml_only,0,,,,,,,,0,,,customer payment cadence lowers risk;high generated risk score lowers risk;IP velocity lowers risk
txn_8bc2af094c66,0.04482570678362199,0,0.044826,0,ml_only,0,,,,,,,,0,,,session velocity lowers risk;merchant age lowers risk;IP velocity lowers risk
txn_a8394fcb1871,0.00048466587568107204,0,0.000485,0,ml_only,0,,,,,,,,0,,,customer payment cadence lowers risk;merchant age lowers risk;session velocity lowers risk
txn_20b780656930,0.039695338872342646,0,0.039695,0,ml_only,0,,,,,,,,0,,,customer payment cadence lowers risk;session velocity lowers risk;device history lowers risk
txn_feafa79cbb46,6.887107991599523e-06,0,7e-06,0,ml_only,0,,,,,,,,0,,,customer payment cadence lowers risk;device activity cadence lowers risk;merchant age lowers risk
txn_813df8b41e46,0.0013931980801001234,0,0.001393,0,ml_only,0,,,,,,,,0,,,customer payment cadence lowers risk;device activity cadence lowers risk;session velocity lowers risk
txn_f59ead576a43,0.0443853487610986,0,0.044385,0,ml_only,0,,,,,,,,0,,,session velocity lowers risk;device history lowers risk;customer one-hour velocity lowers risk
txn_3e5f49b1ef69,0.1100193092538591,0,0.110019,0,ml_only,0,,,,,,,,1,credential_based_fraud,card_testing,customer payment cadence lowers risk;IP velocity lowers risk;session velocity lowers risk
txn_b1a89d1f6dd8,0.5907687883632962,1,0.590769,1,ml_only,0,,,,,,,,1,credential_based_fraud,card_testing,channel_code raises risk;IP velocity lowers risk;device activity cadence lowers risk
txn_dad3e8df4fb4,0.8904563959849625,1,0.890456,1,ml_only,0,,,,,,,,1,credential_based_fraud,card_testing,session velocity raises risk;channel_code raises risk;IP velocity lowers risk
txn_1dad71200c4a,0.8232612882916657,1,0.823261,1,ml_only,0,,,,,,,,1,credential_based_fraud,card_testing,session velocity lowers risk;channel_code raises risk;IP velocity lowers risk
txn_785e46f55609,0.8000522224383655,1,0.800052,1,ml_only,0,,,,,,,,1,credential_based_fraud,card_testing,high generated risk score raises risk;channel_code raises risk;device activity cadence lowers risk
txn_a36bacc01a9d,0.8797171574524898,1,0.879717,1,ml_only,0,,,,,,,,1,credential_based_fraud,card_testing,session velocity raises risk;channel_code raises risk;customer payment cadence raises risk
txn_ff47f4c53f49,0.8506441479390279,1,0.850644,1,ml_only,0,,,,,,,,1,credential_based_fraud,card_testing,high generated risk score raises risk;session velocity lowers risk;channel_code raises risk
txn_8d116f66a2a8,0.8970462140806933,1,0.897046,1,ml_only,0,,,,,,,,1,credential_based_fraud,card_testing,channel_code raises risk;customer payment cadence raises risk;merchant age raises risk
txn_76964d5cf2d6,0.8750201952296817,1,0.87502,1,ml_only,0,,,,,,,,1,credential_based_fraud,card_testing,session velocity raises risk;channel_code raises risk;IP velocity lowers risk
txn_5106ac76a3cb,0.9043848146457327,1,0.904385,1,ml_only,0,,,,,,,,1,credential_based_fraud,card_testing,session velocity lowers risk;channel_code raises risk;high generated risk score raises risk
txn_8762a93c8d06,0.9594747281382454,1,0.959475,1,ml_only,0,,,,,,,,1,credential_based_fraud,card_testing,channel_code raises risk;customer payment cadence raises risk;customer one-hour velocity raises risk
txn_5197dda934ca,0.9819968413301554,1,0.981997,1,ml_only,0,,,,,,,,1,credential_based_fraud,card_testing,session velocity raises risk;channel_code raises risk;IP velocity lowers risk
txn_611f25b0d334,0.910495236498707,1,0.910495,1,ml_only,0,,,,,,,,1,credential_based_fraud,card_testing,high generated risk score raises risk;session velocity lowers risk;channel_code raises risk
txn_837a0dc1ab20,0.9524874033837036,1,0.952487,1,ml_only,0,,,,,,,,1,credential_based_fraud,card_testing,customer one-hour velocity raises risk;channel_code raises risk;customer payment cadence raises risk
txn_f91d2bb11697,0.9486808744233375,1,0.948681,1,ml_only,0,,,,,,,,1,credential_based_fraud,card_testing,session velocity raises risk;customer one-hour velocity raises risk;channel_code raises risk
txn_961bd429d906,0.9137866825912455,1,0.913787,1,ml_only,0,,,,,,,,1,credential_based_fraud,card_testing,customer one-hour velocity raises risk;high generated risk score lowers risk;session velocity lowers risk
txn_0f6b2a777378,0.9367200601476422,1,0.93672,1,ml_only,0,,,,,,,,1,credential_based_fraud,card_testing,customer one-hour velocity raises risk;channel_code raises risk;high generated risk score raises risk
txn_4b9936ea3562,0.9896651750140831,1,0.989665,1,ml_only,0,,,,,,,,1,credential_based_fraud,card_testing,session velocity raises risk;customer one-hour velocity raises risk;channel_code raises risk
txn_658326e22a2c,0.9507105910609873,1,0.950711,1,ml_only,0,,,,,,,,1,credential_based_fraud,card_testing,customer one-hour velocity raises risk;session velocity lowers risk;channel_code raises risk
txn_5ac058390fee,0.9473533004656313,1,0.947353,1,ml_only,0,,,,,,,,1,credential_based_fraud,card_testing,customer one-hour velocity raises risk;channel_code raises risk;device one-hour velocity raises risk
txn_455227f53b50,0.9527079501191869,1,0.952708,1,ml_only,0,,,,,,,,1,credential_based_fraud,card_testing,session velocity raises risk;customer one-hour velocity raises risk;IP velocity lowers risk
txn_7bc2e5ef0ccf,0.9718760602128933,1,0.971876,1,ml_only,0,,,,,,,,1,credential_based_fraud,card_testing,customer one-hour velocity raises risk;session velocity lowers risk;channel_code raises risk
txn_8df1cc6e159b,0.972480324324599,1,0.97248,1,ml_only,0,,,,,,,,1,credential_based_fraud,card_testing,customer one-hour velocity raises risk;channel_code raises risk;customer payment cadence raises risk
txn_ed8980e8518e,0.9848206598498905,1,0.984821,1,ml_only,0,,,,,,,,1,credential_based_fraud,card_testing,session velocity raises risk;customer one-hour velocity raises risk;channel_code raises risk
txn_2c5073a302e9,0.924321969565992,1,0.924322,1,ml_only,0,,,,,,,,1,credential_based_fraud,card_testing,customer one-hour velocity raises risk;session velocity lowers risk;channel_code raises risk
txn_15cbb6df8e38,0.9607116958503144,1,0.960712,1,ml_only,0,,,,,,,,1,credential_based_fraud,card_testing,customer one-hour velocity raises risk;channel_code raises risk;IP velocity lowers risk
txn_7aeb847bd287,0.9885151635450706,1,0.988515,1,ml_only,0,,,,,,,,1,credential_based_fraud,card_testing,session velocity raises risk;customer one-hour velocity raises risk;channel_code raises risk
txn_52286cc0175e,0.9014176126554952,1,0.901418,1,ml_only,0,,,,,,,,1,credential_based_fraud,card_testing,customer one-hour velocity raises risk;session velocity lowers risk;channel_code raises risk
txn_94a89a411f1f,0.9448300196530036,1,0.94483,1,ml_only,0,,,,,,,,1,credential_based_fraud,card_testing,customer one-hour velocity raises risk;high generated risk score raises risk;channel_code raises risk
txn_c04bd16360a6,0.9733935443885308,1,0.973394,1,ml_only,0,,,,,,,,1,credential_based_fraud,card_testing,session velocity raises risk;customer one-hour velocity raises risk;channel_code raises risk
txn_c30600555ad4,0.9033431331260274,1,0.903343,1,ml_only,0,,,,,,,,1,credential_based_fraud,card_testing,customer one-hour velocity raises risk;IP velocity lowers risk;session velocity lowers risk
txn_8c40f34ceb91,0.9552264125425587,1,0.955226,1,ml_only,0,,,,,,,,1,credential_based_fraud,card_testing,customer one-hour velocity raises risk;IP velocity lowers risk;channel_code raises risk
txn_239e3960250f,0.9254558049923625,1,0.925456,1,ml_only,0,,,,,,,,1,credential_based_fraud,card_testing,session velocity raises risk;customer one-hour velocity raises risk;IP velocity lowers risk
txn_1a8acaea9a11,0.9546804397702223,1,0.95468,1,ml_only,0,,,,,,,,1,credential_based_fraud,card_testing,customer one-hour velocity raises risk;IP velocity lowers risk;session velocity lowers risk
txn_9c65ff930300,0.9544238561711125,1,0.954424,1,ml_only,0,,,,,,,,1,credential_based_fraud,card_testing,customer one-hour velocity raises risk;IP velocity lowers risk;channel_code raises risk
txn_c82493cf76b7,0.9770298369970869,1,0.97703,1,ml_only,0,,,,,,,,1,credential_based_fraud,card_testing,session velocity raises risk;customer one-hour velocity raises risk;IP velocity lowers risk
txn_8312e25b4438,0.7314133852222267,1,0.731413,1,ml_only,0,,,,,,,,1,credential_based_fraud,card_testing,customer one-hour velocity raises risk;IP velocity lowers risk;session velocity lowers risk
txn_6a1f9f4a3bcb,0.969956153087657,1,0.969956,1,ml_only,0,,,,,,,,1,credential_based_fraud,card_testing,customer one-hour velocity raises risk;IP velocity lowers risk;channel_code raises risk
txn_b6451a1dacb2,0.9902706624307825,1,0.990271,1,ml_only,0,,,,,,,,1,credential_based_fraud,card_testing,session velocity raises risk;customer one-hour velocity raises risk;IP velocity lowers risk
txn_f5890d75f61c,0.9780144616990901,1,0.978014,1,ml_only,0,,,,,,,,1,credential_based_fraud,card_testing,customer one-hour velocity raises risk;IP velocity lowers risk;session velocity lowers risk
txn_aaf233f73757,0.8155766313714617,1,0.815577,1,ml_only,0,,,,,,,,1,credential_based_fraud,card_testing,customer one-hour velocity raises risk;IP velocity lowers risk;channel_code raises risk
txn_839bde980e57,0.992731082942251,1,0.992731,1,ml_only,0,,,,,,,,1,credential_based_fraud,card_testing,session velocity raises risk;customer one-hour velocity raises risk;IP velocity lowers risk
txn_4bf42a29b505,0.9760300533799524,1,0.97603,1,ml_only,0,,,,,,,,1,credential_based_fraud,card_testing,customer one-hour velocity raises risk;IP velocity lowers risk;session velocity lowers risk
txn_492ab1805c39,0.9746517680629048,1,0.974652,1,ml_only,0,,,,,,,,1,credential_based_fraud,card_testing,customer one-hour velocity raises risk;IP velocity lowers risk;channel_code raises risk
txn_ebb497589953,0.9743466511581219,1,0.974347,1,ml_only,0,,,,,,,,1,credential_based_fraud,card_testing,session velocity raises risk;customer one-hour velocity raises risk;IP velocity lowers risk
txn_f9c8800384f6,0.9565075196431995,1,0.956508,1,ml_only,0,,,,,,,,1,credential_based_fraud,card_testing,customer one-hour velocity raises risk;IP velocity lowers risk;session velocity lowers risk
txn_ffce5c739f7e,0.9800083331971879,1,0.980008,1,ml_only,0,,,,,,,,1,credential_based_fraud,card_testing,customer one-hour velocity raises risk;IP velocity lowers risk;channel_code raises risk
txn_22f5f99e5d06,0.9839566123929925,1,0.983957,1,ml_only,0,,,,,,,,1,credential_based_fraud,card_testing,session velocity raises risk;customer one-hour velocity raises risk;IP velocity lowers risk
txn_d06e5ff24f3b,0.6403922821490521,1,0.640392,1,ml_only,0,,,,,,,,1,credential_based_fraud,card_testing,IP velocity lowers risk;customer one-hour velocity raises risk;session velocity lowers risk
txn_c777cbbfcb82,0.9888528398721005,1,0.988853,1,ml_only,0,,,,,,,,1,credential_based_fraud,card_testing,high generated risk score raises risk;IP velocity lowers risk;customer one-hour velocity raises risk
txn_819d04932fb4,0.9943902043024095,1,0.99439,1,ml_only,0,,,,,,,,1,credential_based_fraud,card_testing,session velocity raises risk;customer one-hour velocity raises risk;IP velocity lowers risk
txn_5090b773d86a,0.864574093053988,1,0.864574,1,ml_only,0,,,,,,,,1,credential_based_fraud,card_testing,IP velocity lowers risk;session velocity lowers risk;customer one-hour velocity raises risk
txn_0c59cccba17d,0.8623481906069117,1,0.862348,1,ml_only,0,,,,,,,,1,credential_based_fraud,card_testing,IP velocity lowers risk;customer one-hour velocity raises risk;channel_code raises risk
txn_bd5337993888,0.9846012025516976,1,0.984601,1,ml_only,0,,,,,,,,1,credential_based_fraud,card_testing,session velocity raises risk;customer one-hour velocity raises risk;IP velocity lowers risk
txn_0de9837d129f,0.9404400463804903,1,0.94044,1,ml_only,0,,,,,,,,1,credential_based_fraud,card_testing,IP velocity lowers risk;customer one-hour velocity raises risk;session velocity lowers risk
txn_ce51258fbf87,0.9671739931443845,1,0.967174,1,ml_only,0,,,,,,,,1,credential_based_fraud,card_testing,IP velocity lowers risk;customer one-hour velocity raises risk;recent customer declines raises risk
txn_9ea0d747d902,0.9595104109896841,1,0.95951,1,ml_only,0,,,,,,,,1,credential_based_fraud,card_testing,session velocity raises risk;IP velocity lowers risk;customer one-hour velocity raises risk
txn_87eb70147608,0.9785985229151511,1,0.978599,1,ml_only,0,,,,,,,,1,credential_based_fraud,card_testing,customer one-hour velocity raises risk;IP velocity lowers risk;session velocity lowers risk
txn_00b8d61234d1,0.9803148892652921,1,0.980315,1,ml_only,0,,,,,,,,1,credential_based_fraud,card_testing,customer one-hour velocity raises risk;IP velocity lowers risk;recent customer declines raises risk
txn_34c1a006a47f,0.988346716074707,1,0.988347,1,ml_only,0,,,,,,,,1,credential_based_fraud,card_testing,session velocity raises risk;customer one-hour velocity raises risk;IP velocity lowers risk
txn_7fffdc411e58,0.9149410369860397,1,0.914941,1,ml_only,0,,,,,,,,1,credential_based_fraud,card_testing,customer one-hour velocity raises risk;IP velocity lowers risk;session velocity lowers risk
txn_29cf19fb6ce6,0.9888528732070921,1,0.988853,1,ml_only,0,,,,,,,,1,credential_based_fraud,card_testing,customer one-hour velocity raises risk;IP velocity lowers risk;recent customer declines raises risk
txn_e6a91dd7456c,0.9961211037237087,1,0.996121,1,ml_only,0,,,,,,,,1,credential_based_fraud,card_testing,session velocity raises risk;customer one-hour velocity raises risk;IP velocity lowers risk
txn_e20a071c1ca0,0.9807151574172124,1,0.980715,1,ml_only,0,,,,,,,,1,credential_based_fraud,card_testing,customer one-hour velocity raises risk;IP velocity lowers risk;recent customer declines raises risk
txn_d2cd6f18a5b0,0.8955016132511299,1,0.895502,1,ml_only,0,,,,,,,,1,credential_based_fraud,card_testing,customer one-hour velocity raises risk;high generated risk score lowers risk;IP velocity lowers risk
txn_27c2769815a4,0.993194144858659,1,0.993194,1,ml_only,0,,,,,,,,1,credential_based_fraud,card_testing,session velocity raises risk;customer one-hour velocity raises risk;IP velocity lowers risk
txn_0f0f8fc3f671,0.9893690140620904,1,0.989369,1,ml_only,0,,,,,,,,1,credential_based_fraud,card_testing,customer one-hour velocity raises risk;IP velocity lowers risk;recent customer declines raises risk
txn_9a5b9d0be084,0.9840467573438579,1,0.984047,1,ml_only,0,,,,,,,,1,credential_based_fraud,card_testing,customer one-hour velocity raises risk;IP velocity lowers risk;recent customer declines raises risk
txn_cf0fbf370781,0.971156508470205,1,0.971157,1,ml_only,0,,,,,,,,1,credential_based_fraud,card_testing,session velocity raises risk;customer one-hour velocity raises risk;recent customer declines raises risk
txn_318b0f855c2e,0.9687624431026051,1,0.968762,1,ml_only,0,,,,,,,,1,credential_based_fraud,card_testing,customer one-hour velocity raises risk;recent customer declines raises risk;IP velocity lowers risk
txn_65dd51828792,0.9912108506517331,1,0.991211,1,ml_only,0,,,,,,,,1,credential_based_fraud,card_testing,customer one-hour velocity raises risk;recent customer declines raises risk;IP velocity lowers risk
txn_28fb078e7460,0.9973272789776252,1,0.997327,1,ml_only,0,,,,,,,,1,credential_based_fraud,card_testing,session velocity raises risk;customer one-hour velocity raises risk;recent customer declines raises risk
txn_72c3fc2688cc,0.8924627231978262,1,0.892463,1,ml_only,0,,,,,,,,1,credential_based_fraud,card_testing,customer one-hour velocity raises risk;recent customer declines raises risk;IP velocity lowers risk
txn_42e7a905cc45,0.9763460795299224,1,0.976346,1,ml_only,0,,,,,,,,1,credential_based_fraud,card_testing,customer one-hour velocity raises risk;recent customer declines raises risk;IP velocity lowers risk
txn_0fb0cad6057e,0.9977086017241423,1,0.997709,1,ml_only,0,,,,,,,,1,credential_based_fraud,card_testing,session velocity raises risk;customer one-hour velocity raises risk;recent customer declines raises risk
txn_95e6c56bd08c,0.9903469620038216,1,0.990347,1,ml_only,0,,,,,,,,1,credential_based_fraud,card_testing,customer one-hour velocity raises risk;recent customer declines raises risk;IP velocity lowers risk
txn_bbf9c506a4a3,0.970571823883218,1,0.970572,1,ml_only,0,,,,,,,,1,credential_based_fraud,card_testing,customer one-hour velocity raises risk;recent customer declines raises risk;IP velocity lowers risk
txn_71302fe995f4,0.9947969174155213,1,0.994797,1,ml_only,0,,,,,,,,1,credential_based_fraud,card_testing,session velocity raises risk;customer one-hour velocity raises risk;recent customer declines raises risk
txn_40de9687e259,0.9797493930534177,1,0.979749,1,ml_only,0,,,,,,,,1,credential_based_fraud,card_testing,customer one-hour velocity raises risk;recent customer declines raises risk;IP velocity lowers risk
txn_744a1acfeb17,0.979283238200988,1,0.979283,1,ml_only,0,,,,,,,,1,credential_based_fraud,card_testing,customer one-hour velocity raises risk;recent customer declines raises risk;IP velocity lowers risk
txn_2eb48c116cae,0.9839518579805264,1,0.983952,1,ml_only,0,,,,,,,,1,credential_based_fraud,card_testing,session velocity raises risk;customer one-hour velocity raises risk;recent customer declines raises risk
txn_6a91115167e7,0.9817217308894052,1,0.981722,1,ml_only,0,,,,,,,,1,credential_based_fraud,card_testing,customer one-hour velocity raises risk;recent customer declines raises risk;IP velocity lowers risk
txn_3e1cf89413c2,0.9883024683697114,1,0.988302,1,ml_only,0,,,,,,,,1,credential_based_fraud,card_testing,customer one-hour velocity raises risk;recent customer declines raises risk;IP velocity lowers risk
txn_d5632d312957,0.9894581813578878,1,0.989458,1,ml_only,0,,,,,,,,1,credential_based_fraud,card_testing,session velocity raises risk;recent customer declines raises risk;IP velocity lowers risk
txn_2ce5050c1a86,0.9449525620995642,1,0.944953,1,ml_only,0,,,,,,,,1,credential_based_fraud,card_testing,recent customer declines raises risk;IP velocity lowers risk;customer one-hour velocity raises risk
txn_4640f252fb66,0.6307295640302271,1,0.63073,1,ml_only,0,,,,,,,,1,credential_based_fraud,card_not_present,high generated risk score raises risk;customer payment cadence lowers risk;IP velocity lowers risk
txn_1f7aedc6a14c,0.17145262160319355,0,0.171453,0,ml_only,0,,,,,,,,1,credential_based_fraud,card_not_present,amount deviation from customer history lowers risk;high generated risk score raises risk;IP velocity lowers risk
txn_e8fd81de4a90,0.9814827973742016,1,0.981483,1,ml_only,0,,,,,,,,1,credential_based_fraud,card_not_present,session velocity raises risk;IP velocity lowers risk;high generated risk score raises risk
txn_734ce9024d4d,0.8967890742968163,1,0.896789,1,ml_only,0,,,,,,,,1,credential_based_fraud,card_not_present,session velocity lowers risk;high generated risk score raises risk;IP velocity lowers risk
txn_84d782cd6283,0.8881662543476836,1,0.888166,1,ml_only,0,,,,,,,,1,credential_based_fraud,card_not_present,IP velocity lowers risk;device activity cadence lowers risk;customer payment cadence raises risk
txn_b67e80bdd036,0.972984185506931,1,0.972984,1,ml_only,0,,,,,,,,1,credential_based_fraud,card_not_present,session velocity raises risk;IP velocity lowers risk;high generated risk score raises risk
txn_6887e87e215c,0.9213961129742972,1,0.921396,1,ml_only,0,,,,,,,,1,credential_based_fraud,card_not_present,IP velocity lowers risk;session velocity lowers risk;customer payment cadence raises risk
txn_9c1800a1e180,0.9686977822308152,1,0.968698,1,ml_only,0,,,,,,,,1,credential_based_fraud,card_not_present,IP velocity lowers risk;customer payment cadence raises risk;customer decline history raises risk
txn_ae4e4ae32597,0.9584377012885538,1,0.958438,1,ml_only,0,,,,,,,,1,credential_based_fraud,card_not_present,session velocity raises risk;IP velocity lowers risk;device activity cadence lowers risk
txn_a3ac7d794aef,0.929095147543595,1,0.929095,1,ml_only,0,,,,,,,,1,credential_based_fraud,card_not_present,session velocity lowers risk;IP velocity lowers risk;customer decline history raises risk
txn_bf907ab8dc6e,0.9701849354076558,1,0.970185,1,ml_only,0,,,,,,,,1,credential_based_fraud,card_not_present,IP velocity lowers risk;customer payment cadence raises risk;customer decline history raises risk
txn_2766a7cf6f66,0.9957170936189077,1,0.995717,1,ml_only,0,,,,,,,,1,credential_based_fraud,card_not_present,session velocity raises risk;high generated risk score raises risk;IP velocity lowers risk
txn_615d1642416a,0.8581119387511554,1,0.858112,1,ml_only,0,,,,,,,,1,credential_based_fraud,card_not_present,session velocity lowers risk;customer one-hour velocity raises risk;IP velocity lowers risk
txn_69f493957fb7,0.9736742449430449,1,0.973674,1,ml_only,0,,,,,,,,1,credential_based_fraud,card_not_present,customer one-hour velocity raises risk;IP velocity lowers risk;customer payment cadence raises risk
txn_9854a4692598,0.9919255325118418,1,0.991926,1,ml_only,0,,,,,,,,1,credential_based_fraud,card_not_present,session velocity raises risk;customer one-hour velocity raises risk;IP velocity lowers risk
txn_404ef656c4a1,0.9364428729445029,1,0.936443,1,ml_only,0,,,,,,,,1,credential_based_fraud,card_not_present,customer one-hour velocity raises risk;session velocity lowers risk;amount deviation from customer history lowers risk
txn_2263e61aea6e,0.9824430438704088,1,0.982443,1,ml_only,0,,,,,,,,1,credential_based_fraud,card_not_present,customer one-hour velocity raises risk;high generated risk score raises risk;device activity cadence lowers risk
txn_3ef540fd585c,0.9927621284112461,1,0.992762,1,ml_only,0,,,,,,,,1,credential_based_fraud,card_not_present,session velocity raises risk;customer one-hour velocity raises risk;customer decline history raises risk
txn_4e62f0aeb4ba,0.9722831895980832,1,0.972283,1,ml_only,0,,,,,,,,1,credential_based_fraud,card_not_present,session velocity lowers risk;customer one-hour velocity raises risk;customer payment cadence raises risk
txn_725a5cdaa866,0.9931227117789192,1,0.993123,1,ml_only,0,,,,,,,,1,credential_based_fraud,card_not_present,high generated risk score raises risk;customer one-hour velocity raises risk;IP velocity lowers risk
txn_5ad76f426413,0.978192408353467,1,0.978192,1,ml_only,0,,,,,,,,1,credential_based_fraud,card_not_present,session velocity raises risk;customer one-hour velocity raises risk;IP velocity lowers risk
txn_459c669ef39d,0.9804462025518125,1,0.980446,1,ml_only,0,,,,,,,,1,credential_based_fraud,card_not_present,high generated risk score raises risk;customer one-hour velocity raises risk;session velocity lowers risk
txn_b150723b07fc,0.9844110360981596,1,0.984411,1,ml_only,0,,,,,,,,1,credential_based_fraud,card_not_present,customer one-hour velocity raises risk;IP velocity lowers risk;merchant_category_code lowers risk
txn_996dcd119edb,0.9950048392843724,1,0.995005,1,ml_only,0,,,,,,,,1,credential_based_fraud,card_not_present,session velocity raises risk;customer one-hour velocity raises risk;IP velocity lowers risk
txn_1b19284e34c7,0.8994853343919857,1,0.899485,1,ml_only,0,,,,,,,,1,credential_based_fraud,card_not_present,customer one-hour velocity raises risk;IP velocity lowers risk;session velocity lowers risk
txn_3cf40103f882,0.9920405246364213,1,0.992041,1,ml_only,0,,,,,,,,1,credential_based_fraud,card_not_present,high generated risk score raises risk;customer one-hour velocity raises risk;IP velocity lowers risk
txn_4ca5bc93a306,0.990562065733569,1,0.990562,1,ml_only,0,,,,,,,,1,credential_based_fraud,card_not_present,session velocity raises risk;IP velocity lowers risk;customer one-hour velocity raises risk
txn_9d15afd37365,0.9725984086370469,1,0.972598,1,ml_only,0,,,,,,,,1,credential_based_fraud,card_not_present,IP velocity lowers risk;session velocity lowers risk;customer one-hour velocity raises risk
txn_65a4f12fb51b,0.9769604717589584,1,0.97696,1,ml_only,0,,,,,,,,1,credential_based_fraud,card_not_present,IP velocity lowers risk;customer one-hour velocity raises risk;high generated risk score raises risk
txn_cf4e968f2945,0.9903402264857274,1,0.99034,1,ml_only,0,,,,,,,,1,credential_based_fraud,card_not_present,session velocity raises risk;customer one-hour velocity raises risk;IP velocity lowers risk
txn_32dd2a886f7c,0.9863348753366096,1,0.986335,1,ml_only,0,,,,,,,,1,credential_based_fraud,card_not_present,high generated risk score raises risk;session velocity lowers risk;customer one-hour velocity raises risk
txn_ca1fba1862e5,0.2961551860810553,1,0.296155,1,ml_only,0,,,,,,,,1,credential_based_fraud,consumer_account_takeover,customer payment cadence lowers risk;merchant growth pattern raises risk;session velocity lowers risk
txn_1b82d60d31e7,0.950141236912973,1,0.950141,1,ml_only,0,,,,,,,,1,credential_based_fraud,consumer_account_takeover,merchant growth pattern raises risk;customer decline history raises risk;merchant chargeback behavior raises risk
txn_c6c58f73e92b,0.9854314325195839,1,0.985431,1,ml_only,0,,,,,,,,1,credential_based_fraud,consumer_account_takeover,session velocity raises risk;merchant growth pattern raises risk;customer decline history raises risk
txn_257c96821bfd,0.934454020754114,1,0.934454,1,ml_only,0,,,,,,,,1,credential_based_fraud,consumer_account_takeover,merchant growth pattern raises risk;session velocity lowers risk;customer decline history raises risk
txn_2bb4d1b566fe,0.9595994128756584,1,0.959599,1,ml_only,0,,,,,,,,1,credential_based_fraud,consumer_account_takeover,high generated risk score raises risk;merchant growth pattern raises risk;customer decline history raises risk
txn_1de64ef6f574,0.9887706272274959,1,0.988771,1,ml_only,0,,,,,,,,1,credential_based_fraud,consumer_account_takeover,session velocity raises risk;merchant growth pattern raises risk;customer decline history raises risk
txn_670aa092fa53,0.882416367965297,1,0.882416,1,ml_only,0,,,,,,,,1,credential_based_fraud,consumer_account_takeover,merchant growth pattern raises risk;IP velocity raises risk;high generated risk score lowers risk
txn_edba32144615,0.9949861118169961,1,0.994986,1,ml_only,0,,,,,,,,1,credential_based_fraud,consumer_account_takeover,merchant growth pattern raises risk;IP velocity raises risk;customer decline history raises risk
txn_033d46f6dc52,0.9900900151172771,1,0.99009,1,ml_only,0,,,,,,,,1,credential_based_fraud,consumer_account_takeover,session velocity raises risk;IP velocity raises risk;merchant growth pattern raises risk
txn_014d35eca4ee,0.9895336094215371,1,0.989534,1,ml_only,0,,,,,,,,1,credential_based_fraud,consumer_account_takeover,IP velocity raises risk;merchant growth pattern raises risk;session velocity lowers risk
txn_ffd0e2e1e3b1,0.9938398683668057,1,0.99384,1,ml_only,0,,,,,,,,1,credential_based_fraud,consumer_account_takeover,IP velocity raises risk;merchant growth pattern raises risk;customer decline history raises risk
txn_e606efbda8dc,0.9980438828623543,1,0.998044,1,ml_only,0,,,,,,,,1,credential_based_fraud,consumer_account_takeover,IP velocity raises risk;session velocity raises risk;merchant growth pattern raises risk
txn_a33f9832491b,0.9596213456593303,1,0.959621,1,ml_only,0,,,,,,,,1,credential_based_fraud,consumer_account_takeover,IP velocity raises risk;merchant growth pattern raises risk;session velocity lowers risk
txn_1012ccb4566b,0.9925369450638961,1,0.992537,1,ml_only,0,,,,,,,,1,credential_based_fraud,consumer_account_takeover,IP velocity raises risk;merchant growth pattern raises risk;customer decline history raises risk
txn_54860aedaf31,0.9995184906242787,1,0.999518,1,ml_only,0,,,,,,,,1,credential_based_fraud,consumer_account_takeover,IP velocity raises risk;session velocity raises risk;merchant growth pattern raises risk
txn_05895b2f261f,0.9969323972701349,1,0.996932,1,ml_only,0,,,,,,,,1,credential_based_fraud,consumer_account_takeover,IP velocity raises risk;merchant growth pattern raises risk;session velocity lowers risk
txn_be5f6aa0ba86,0.997284750938332,1,0.997285,1,ml_only,0,,,,,,,,1,credential_based_fraud,consumer_account_takeover,IP velocity raises risk;merchant growth pattern raises risk;customer decline history raises risk
txn_212b36bfaa14,0.22162666658078112,0,0.221627,0,ml_only,0,,,,,,,,1,credential_based_fraud,merchant_admin_takeover,transaction_type_code lowers risk;customer payment cadence lowers risk;customer decline history raises risk
txn_023780445f49,0.5389044443890832,1,0.538904,1,ml_only,0,,,,,,,,1,credential_based_fraud,merchant_admin_takeover,transaction_type_code lowers risk;customer decline history raises risk;merchant growth pattern raises risk
txn_3b12d338a90d,0.8310436207913938,1,0.831044,1,ml_only,0,,,,,,,,1,credential_based_fraud,merchant_admin_takeover,transaction_type_code lowers risk;session velocity raises risk;customer decline history raises risk
txn_85cfa438e66b,0.6690585901903304,1,0.669059,1,ml_only,0,,,,,,,,1,credential_based_fraud,merchant_admin_takeover,transaction_type_code lowers risk;customer decline history raises risk;merchant growth pattern raises risk
txn_97b52e9f4462,0.9141357474694166,1,0.914136,1,ml_only,0,,,,,,,,1,credential_based_fraud,merchant_admin_takeover,transaction_type_code lowers risk;high generated risk score raises risk;customer decline history raises risk
txn_e907b5a72f99,0.9716119944094552,1,0.971612,1,ml_only,0,,,,,,,,1,credential_based_fraud,merchant_admin_takeover,transaction_type_code lowers risk;session velocity raises risk;customer decline history raises risk
txn_2c762911d6ed,0.9153878366998996,1,0.915388,1,ml_only,0,,,,,,,,1,credential_based_fraud,merchant_admin_takeover,transaction_type_code lowers risk;IP velocity raises risk;customer decline history raises risk
txn_69605cc2d2ec,0.03457622737328181,0,0.034576,0,ml_only,0,,,,,,,,1,credential_based_fraud,credential_stuffing,customer payment cadence lowers risk;IP velocity lowers risk;session velocity lowers risk
txn_01c5630e227f,0.24034408094789952,0,0.240344,0,ml_only,0,,,,,,,,1,credential_based_fraud,credential_stuffing,IP velocity lowers risk;device activity cadence lowers risk;customer payment cadence raises risk
txn_634d8967bf92,0.7870845452078556,1,0.787085,1,ml_only,0,,,,,,,,1,credential_based_fraud,credential_stuffing,session velocity raises risk;high generated risk score raises risk;IP velocity lowers risk
txn_b13177ff7fb5,0.39993725334699115,1,0.399937,1,ml_only,0,,,,,,,,1,credential_based_fraud,credential_stuffing,session velocity lowers risk;IP velocity lowers risk;customer payment cadence raises risk
txn_1839ea15f235,0.7328221610755643,1,0.732822,1,ml_only,0,,,,,,,,1,credential_based_fraud,credential_stuffing,high generated risk score raises risk;device activity cadence lowers risk;customer payment cadence raises risk
txn_2def6f6fc198,0.8837465795944102,1,0.883747,1,ml_only,0,,,,,,,,1,credential_based_fraud,credential_stuffing,session velocity raises risk;customer payment cadence raises risk;merchant age raises risk
txn_facf8435b1c5,0.5283158365989892,1,0.528316,1,ml_only,0,,,,,,,,1,credential_based_fraud,credential_stuffing,session velocity lowers risk;high generated risk score lowers risk;customer payment cadence raises risk
txn_39992d21bbce,0.6762909236930196,1,0.676291,1,ml_only,0,,,,,,,,1,credential_based_fraud,credential_stuffing,customer payment cadence raises risk;merchant age raises risk;IP velocity lowers risk
txn_5c2ab8e7fc5f,0.8663455107801918,1,0.866346,1,ml_only,0,,,,,,,,1,credential_based_fraud,credential_stuffing,session velocity raises risk;device activity cadence lowers risk;customer payment cadence raises risk
txn_0273f2ae996d,0.3834223264493457,1,0.383422,1,ml_only,0,,,,,,,,1,credential_based_fraud,credential_stuffing,high generated risk score lowers risk;session velocity lowers risk;customer payment cadence raises risk
txn_53c4e697f880,0.8837716245665443,1,0.883772,1,ml_only,0,,,,,,,,1,credential_based_fraud,credential_stuffing,customer payment cadence raises risk;merchant_category_code raises risk;merchant age raises risk
txn_00911bfdbf93,0.8775095279233726,1,0.87751,1,ml_only,0,,,,,,,,1,credential_based_fraud,credential_stuffing,session velocity raises risk;customer payment cadence raises risk;merchant age raises risk
txn_64d493b68797,0.5283073040743109,1,0.528307,1,ml_only,0,,,,,,,,1,credential_based_fraud,credential_stuffing,session velocity lowers risk;device activity cadence lowers risk;customer payment cadence raises risk
txn_44544bb61fc0,0.766245487851239,1,0.766245,1,ml_only,0,,,,,,,,1,credential_based_fraud,credential_stuffing,high generated risk score lowers risk;customer payment cadence raises risk;merchant_category_code raises risk
txn_2de8b18d23da,0.8963612342103682,1,0.896361,1,ml_only,0,,,,,,,,1,credential_based_fraud,credential_stuffing,session velocity raises risk;customer payment cadence raises risk;customer one-hour velocity raises risk
txn_b906798594df,0.7349376764056792,1,0.734938,1,ml_only,0,,,,,,,,1,credential_based_fraud,credential_stuffing,session velocity lowers risk;customer payment cadence raises risk;IP velocity raises risk
txn_649cc8e2c263,0.437850041631244,1,0.43785,1,ml_only,0,,,,,,,,1,credential_based_fraud,credential_stuffing,high generated risk score lowers risk;device activity cadence lowers risk;merchant_category_code lowers risk
txn_6d30179dba8a,0.95396855146606,1,0.953969,1,ml_only,0,,,,,,,,1,credential_based_fraud,credential_stuffing,session velocity raises risk;high generated risk score raises risk;customer payment cadence raises risk
txn_1c2b201af65b,0.5563609708276027,1,0.556361,1,ml_only,0,,,,,,,,1,credential_based_fraud,credential_stuffing,session velocity lowers risk;merchant_category_code lowers risk;customer payment cadence raises risk
txn_4cb8875d7dbb,0.8139130517074901,1,0.813913,1,ml_only,0,,,,,,,,1,credential_based_fraud,credential_stuffing,merchant_category_code lowers risk;customer payment cadence raises risk;customer one-hour velocity raises risk
txn_928c184cb1b1,0.8470105048411213,1,0.847011,1,ml_only,0,,,,,,,,1,credential_based_fraud,credential_stuffing,session velocity raises risk;device activity cadence lowers risk;customer payment cadence raises risk
txn_86e7309a35af,0.5718292715817451,1,0.571829,1,ml_only,0,,,,,,,,1,credential_based_fraud,credential_stuffing,session velocity lowers risk;customer payment cadence raises risk;customer one-hour velocity raises risk
txn_b50a6ebed0ed,0.8663010697340204,1,0.866301,1,ml_only,0,,,,,,,,1,credential_based_fraud,credential_stuffing,high generated risk score raises risk;customer payment cadence raises risk;customer one-hour velocity raises risk
txn_14a8e1707ddc,0.9757568466696058,1,0.975757,1,ml_only,0,,,,,,,,1,credential_based_fraud,credential_stuffing,session velocity raises risk;high generated risk score raises risk;customer one-hour velocity raises risk
txn_2572fb43e4e4,0.3999934728092472,1,0.399993,1,ml_only,0,,,,,,,,1,credential_based_fraud,credential_stuffing,session velocity lowers risk;device activity cadence lowers risk;merchant_category_code lowers risk
txn_2636d77183e9,0.7655648361745572,1,0.765565,1,ml_only,0,,,,,,,,1,credential_based_fraud,credential_stuffing,customer payment cadence raises risk;customer one-hour velocity raises risk;merchant age raises risk
txn_69f86dcd77ed,0.9573992245408013,1,0.957399,1,ml_only,0,,,,,,,,1,credential_based_fraud,credential_stuffing,session velocity raises risk;customer payment cadence raises risk;customer one-hour velocity raises risk
txn_6f2f5094ee17,0.5761103285319799,1,0.57611,1,ml_only,0,,,,,,,,1,credential_based_fraud,credential_stuffing,session velocity lowers risk;customer one-hour velocity raises risk;customer payment cadence raises risk
txn_061b6c10457b,0.8048374184785966,1,0.804837,1,ml_only,0,,,,,,,,1,credential_based_fraud,credential_stuffing,customer one-hour velocity raises risk;IP velocity lowers risk;device activity cadence lowers risk
txn_339cc6e28069,0.921790248495805,1,0.92179,1,ml_only,0,,,,,,,,1,credential_based_fraud,credential_stuffing,session velocity raises risk;customer one-hour velocity raises risk;IP velocity lowers risk
txn_ad36408846a3,0.743698626806228,1,0.743699,1,ml_only,0,,,,,,,,1,credential_based_fraud,credential_stuffing,customer one-hour velocity raises risk;session velocity lowers risk;IP velocity lowers risk
txn_f1a131b41ac0,0.7926774590046803,1,0.792677,1,ml_only,0,,,,,,,,1,credential_based_fraud,credential_stuffing,customer one-hour velocity raises risk;IP velocity lowers risk;customer payment cadence raises risk
txn_c3324c2be06b,0.9131080865769831,1,0.913108,1,ml_only,0,,,,,,,,1,credential_based_fraud,credential_stuffing,session velocity raises risk;customer one-hour velocity raises risk;IP velocity lowers risk
txn_3ff6e91bad53,0.5621059131823181,1,0.562106,1,ml_only,0,,,,,,,,1,credential_based_fraud,credential_stuffing,session velocity lowers risk;customer one-hour velocity raises risk;IP velocity lowers risk
txn_d20359c9a04c,0.7910629457890549,1,0.791063,1,ml_only,0,,,,,,,,1,credential_based_fraud,credential_stuffing,IP velocity lowers risk;customer payment cadence raises risk;customer one-hour velocity raises risk
txn_87ba0aed5619,0.96038529062394,1,0.960385,1,ml_only,0,,,,,,,,1,credential_based_fraud,credential_stuffing,session velocity raises risk;high generated risk score raises risk;IP velocity lowers risk
txn_a4688938cb96,0.5759284671066506,1,0.575928,1,ml_only,0,,,,,,,,1,credential_based_fraud,credential_stuffing,session velocity lowers risk;high generated risk score raises risk;customer one-hour velocity raises risk
txn_779639f5eafb,0.816590094453141,1,0.81659,1,ml_only,0,,,,,,,,1,credential_based_fraud,credential_stuffing,customer one-hour velocity raises risk;IP velocity lowers risk;customer payment cadence raises risk
txn_791773496e87,0.9598640747307459,1,0.959864,1,ml_only,0,,,,,,,,1,credential_based_fraud,credential_stuffing,session velocity raises risk;customer one-hour velocity raises risk;IP velocity lowers risk
txn_79341cab6e87,0.7564727135334005,1,0.756473,1,ml_only,0,,,,,,,,1,credential_based_fraud,credential_stuffing,customer one-hour velocity raises risk;session velocity lowers risk;IP velocity lowers risk
txn_5bfe74c6cf3c,0.8558770394339583,1,0.855877,1,ml_only,0,,,,,,,,1,credential_based_fraud,credential_stuffing,customer one-hour velocity raises risk;IP velocity lowers risk;device activity cadence lowers risk
txn_a52d7c66e1b0,0.9760416252454093,1,0.976042,1,ml_only,0,,,,,,,,1,credential_based_fraud,credential_stuffing,session velocity raises risk;customer one-hour velocity raises risk;IP velocity lowers risk
txn_044d3b48a98a,0.8358678512094336,1,0.835868,1,ml_only,0,,,,,,,,1,credential_based_fraud,credential_stuffing,customer one-hour velocity raises risk;session velocity lowers risk;IP velocity lowers risk
txn_913c849ed8bc,0.9457959873820745,1,0.945796,1,ml_only,0,,,,,,,,1,credential_based_fraud,credential_stuffing,customer one-hour velocity raises risk;device one-hour velocity raises risk;IP velocity lowers risk
txn_4ddcf19f7fa6,0.9319786975237961,1,0.931979,1,ml_only,0,,,,,,,,1,credential_based_fraud,credential_stuffing,session velocity raises risk;customer one-hour velocity raises risk;IP velocity lowers risk
txn_25e8a0071fd0,0.8490648857279246,1,0.849065,1,ml_only,0,,,,,,,,1,credential_based_fraud,credential_stuffing,customer one-hour velocity raises risk;session velocity lowers risk;device one-hour velocity raises risk
txn_ea162f0932d0,0.9743132518467859,1,0.974313,1,ml_only,0,,,,,,,,1,credential_based_fraud,credential_stuffing,customer one-hour velocity raises risk;high generated risk score raises risk;device one-hour velocity raises risk
txn_4066f1d6f3de,0.9772859181502467,1,0.977286,1,ml_only,0,,,,,,,,1,credential_based_fraud,credential_stuffing,session velocity raises risk;customer one-hour velocity raises risk;device one-hour velocity raises risk
txn_492f754a927d,0.6963626696504592,1,0.696363,1,ml_only,0,,,,,,,,1,credential_based_fraud,credential_stuffing,customer one-hour velocity raises risk;session velocity lowers risk;IP velocity lowers risk
txn_34daa77e700a,0.9284626890814193,1,0.928463,1,ml_only,0,,,,,,,,1,credential_based_fraud,credential_stuffing,customer one-hour velocity raises risk;device one-hour velocity raises risk;IP velocity lowers risk
txn_90754989b144,0.8700383394021614,1,0.870038,1,ml_only,0,,,,,,,,1,credential_based_fraud,credential_stuffing,session velocity raises risk;customer one-hour velocity raises risk;high generated risk score lowers risk
txn_70a578c5b006,0.8681397807217774,1,0.86814,1,ml_only,0,,,,,,,,1,credential_based_fraud,credential_stuffing,customer one-hour velocity raises risk;session velocity lowers risk;device one-hour velocity raises risk
txn_36391151ef95,0.8632747620156463,1,0.863275,1,ml_only,0,,,,,,,,1,credential_based_fraud,credential_stuffing,customer one-hour velocity raises risk;high generated risk score raises risk;IP velocity lowers risk
txn_19368d8b7e82,0.9794032612623232,1,0.979403,1,ml_only,0,,,,,,,,1,credential_based_fraud,credential_stuffing,session velocity raises risk;customer one-hour velocity raises risk;device one-hour velocity raises risk
txn_5789e4d15556,0.8657427386321658,1,0.865743,1,ml_only,0,,,,,,,,1,credential_based_fraud,credential_stuffing,customer one-hour velocity raises risk;session velocity lowers risk;IP velocity lowers risk
txn_b93bff3d3587,0.8843812453887588,1,0.884381,1,ml_only,0,,,,,,,,1,credential_based_fraud,credential_stuffing,customer one-hour velocity raises risk;IP velocity lowers risk;customer payment cadence raises risk
txn_59e7cf0d9e4c,0.9310524434348586,1,0.931052,1,ml_only,0,,,,,,,,1,credential_based_fraud,credential_stuffing,session velocity raises risk;customer one-hour velocity raises risk;IP velocity lowers risk
txn_d628d17a55f5,0.8102737776984387,1,0.810274,1,ml_only,0,,,,,,,,1,credential_based_fraud,credential_stuffing,customer one-hour velocity raises risk;session velocity lowers risk;IP velocity lowers risk
txn_77ba9c4315d1,0.9566644543343507,1,0.956664,1,ml_only,0,,,,,,,,1,credential_based_fraud,credential_stuffing,customer one-hour velocity raises risk;IP velocity lowers risk;customer payment cadence raises risk
txn_6cb2c2b8b5ab,0.9767731608882579,1,0.976773,1,ml_only,0,,,,,,,,1,credential_based_fraud,credential_stuffing,session velocity raises risk;customer one-hour velocity raises risk;device one-hour velocity raises risk
txn_c2f337d7ddc4,0.6570586290668063,1,0.657059,1,ml_only,0,,,,,,,,1,credential_based_fraud,credential_stuffing,customer one-hour velocity raises risk;session velocity lowers risk;IP velocity lowers risk
txn_6aac440a1b30,0.857697001615383,1,0.857697,1,ml_only,0,,,,,,,,1,credential_based_fraud,credential_stuffing,customer one-hour velocity raises risk;IP velocity lowers risk;merchant_category_code lowers risk
txn_4966f90c7d45,0.9403803904542863,1,0.94038,1,ml_only,0,,,,,,,,1,credential_based_fraud,credential_stuffing,session velocity raises risk;customer one-hour velocity raises risk;IP velocity lowers risk
txn_4006129896e7,0.9233735158697021,1,0.923374,1,ml_only,0,,,,,,,,1,credential_based_fraud,credential_stuffing,high generated risk score raises risk;session velocity lowers risk;customer one-hour velocity raises risk
txn_982bf9fb391d,0.626158364519279,1,0.626158,1,ml_only,0,,,,,,,,1,credential_based_fraud,credential_stuffing,high generated risk score lowers risk;customer one-hour velocity raises risk;IP velocity lowers risk
txn_c9abc43c7b2f,0.960546501930703,1,0.960547,1,ml_only,0,,,,,,,,1,credential_based_fraud,credential_stuffing,session velocity raises risk;customer one-hour velocity raises risk;IP velocity lowers risk
txn_c50953b0074d,0.7006941937635638,1,0.700694,1,ml_only,0,,,,,,,,1,credential_based_fraud,credential_stuffing,session velocity lowers risk;customer one-hour velocity raises risk;IP velocity lowers risk
txn_bd4b4c9b4156,0.9173368307187393,1,0.917337,1,ml_only,0,,,,,,,,1,credential_based_fraud,credential_stuffing,customer one-hour velocity raises risk;IP velocity lowers risk;customer payment cadence raises risk
txn_89ec7371a8d2,0.9187573697237008,1,0.918757,1,ml_only,0,,,,,,,,1,credential_based_fraud,credential_stuffing,session velocity raises risk;customer one-hour velocity raises risk;IP velocity lowers risk
txn_0e9a5b617fba,0.8594600343070612,1,0.85946,1,ml_only,0,,,,,,,,1,credential_based_fraud,credential_stuffing,session velocity lowers risk;customer one-hour velocity raises risk;IP velocity lowers risk
txn_112b3ec3f821,0.8925772265316002,1,0.892577,1,ml_only,0,,,,,,,,1,credential_based_fraud,credential_stuffing,IP velocity lowers risk;customer payment cadence raises risk;high generated risk score raises risk
txn_e543557c13e9,0.9604225575810157,1,0.960423,1,ml_only,0,,,,,,,,1,credential_based_fraud,credential_stuffing,session velocity raises risk;high generated risk score raises risk;IP velocity lowers risk
txn_9501efe6da3d,0.6147200773009112,1,0.61472,1,ml_only,0,,,,,,,,1,credential_based_fraud,credential_stuffing,session velocity lowers risk;IP velocity lowers risk;device activity cadence lowers risk
txn_fb815502ecbd,0.8956204990767317,1,0.89562,1,ml_only,0,,,,,,,,1,credential_based_fraud,credential_stuffing,customer one-hour velocity raises risk;IP velocity lowers risk;customer payment cadence raises risk
txn_34d286961deb,0.9559307450744615,1,0.955931,1,ml_only,0,,,,,,,,1,credential_based_fraud,credential_stuffing,session velocity raises risk;customer one-hour velocity raises risk;IP velocity lowers risk
txn_70ef592f4d67,0.7613917776775038,1,0.761392,1,ml_only,0,,,,,,,,1,credential_based_fraud,credential_stuffing,session velocity lowers risk;customer one-hour velocity raises risk;IP velocity lowers risk
txn_25711631ed3f,0.6644633902484037,1,0.664463,1,ml_only,0,,,,,,,,1,credential_based_fraud,credential_stuffing,customer one-hour velocity raises risk;high generated risk score lowers risk;IP velocity lowers risk
txn_68dc2e9acd1e,0.9759508929763677,1,0.975951,1,ml_only,0,,,,,,,,1,credential_based_fraud,credential_stuffing,session velocity raises risk;customer one-hour velocity raises risk;IP velocity lowers risk
txn_832e91f9d39b,0.8565631614016226,1,0.856563,1,ml_only,0,,,,,,,,1,credential_based_fraud,credential_stuffing,customer one-hour velocity raises risk;session velocity lowers risk;IP velocity lowers risk
txn_cb2b850f7a45,0.9730539162061468,1,0.973054,1,ml_only,0,,,,,,,,1,credential_based_fraud,credential_stuffing,customer one-hour velocity raises risk;high generated risk score raises risk;IP velocity lowers risk
txn_9ee682af52bf,0.8922219990642567,1,0.892222,1,ml_only,0,,,,,,,,1,credential_based_fraud,credential_stuffing,session velocity raises risk;customer one-hour velocity raises risk;IP velocity lowers risk
txn_211b2ee7e234,0.8528748702532569,1,0.852875,1,ml_only,0,,,,,,,,1,credential_based_fraud,credential_stuffing,customer one-hour velocity raises risk;IP velocity lowers risk;session velocity lowers risk
txn_892273888554,0.9374103935671237,1,0.93741,1,ml_only,0,,,,,,,,1,credential_based_fraud,credential_stuffing,customer one-hour velocity raises risk;IP velocity lowers risk;customer payment cadence raises risk
txn_8eab73369af3,0.9735551863941453,1,0.973555,1,ml_only,0,,,,,,,,1,credential_based_fraud,credential_stuffing,session velocity raises risk;customer one-hour velocity raises risk;IP velocity lowers risk
txn_81df9a6c075e,0.7255676688035632,1,0.725568,1,ml_only,0,,,,,,,,1,credential_based_fraud,credential_stuffing,customer one-hour velocity raises risk;IP velocity lowers risk;session velocity lowers risk
txn_6f51067ac8e1,0.9623230099944655,1,0.962323,1,ml_only,0,,,,,,,,1,credential_based_fraud,credential_stuffing,customer one-hour velocity raises risk;IP velocity lowers risk;device one-hour velocity raises risk
txn_66929f0799c5,0.9932095013942511,1,0.99321,1,ml_only,0,,,,,,,,1,credential_based_fraud,credential_stuffing,customer one-hour velocity raises risk;session velocity raises risk;high generated risk score raises risk
txn_d8dbf39d6d3a,0.9293577521460673,1,0.929358,1,ml_only,0,,,,,,,,1,credential_based_fraud,credential_stuffing,customer one-hour velocity raises risk;IP velocity lowers risk;device one-hour velocity raises risk
txn_8de1bde6acee,0.758912951124684,1,0.758913,1,ml_only,0,,,,,,,,1,credential_based_fraud,credential_stuffing,customer one-hour velocity raises risk;IP velocity lowers risk;high generated risk score lowers risk
txn_4be24b05121f,0.9845432325091485,1,0.984543,1,ml_only,0,,,,,,,,1,credential_based_fraud,credential_stuffing,customer one-hour velocity raises risk;session velocity raises risk;IP velocity lowers risk
txn_adb18b49fc2e,0.9584368517505992,1,0.958437,1,ml_only,0,,,,,,,,1,credential_based_fraud,credential_stuffing,customer one-hour velocity raises risk;IP velocity lowers risk;device one-hour velocity raises risk
txn_853080679579,0.97686057057409,1,0.976861,1,ml_only,0,,,,,,,,1,credential_based_fraud,credential_stuffing,customer one-hour velocity raises risk;IP velocity lowers risk;device one-hour velocity raises risk
txn_f23f3aebf4bc,0.9715577381282362,1,0.971558,1,ml_only,0,,,,,,,,1,credential_based_fraud,credential_stuffing,customer one-hour velocity raises risk;session velocity raises risk;IP velocity lowers risk
txn_08d9b8efe43e,0.9413232999516163,1,0.941323,1,ml_only,0,,,,,,,,1,credential_based_fraud,credential_stuffing,customer one-hour velocity raises risk;IP velocity lowers risk;device one-hour velocity raises risk
txn_40df80e6ff92,0.9685412424540009,1,0.968541,1,ml_only,0,,,,,,,,1,credential_based_fraud,credential_stuffing,customer one-hour velocity raises risk;device one-hour velocity raises risk;IP velocity lowers risk
txn_78873f5037bd,0.9822011767341584,1,0.982201,1,ml_only,0,,,,,,,,1,credential_based_fraud,credential_stuffing,customer one-hour velocity raises risk;session velocity raises risk;IP velocity lowers risk
txn_ea50c38b7c0c,0.6000491375624668,1,0.600049,1,ml_only,0,,,,,,,,1,credential_based_fraud,credential_stuffing,customer one-hour velocity raises risk;IP velocity lowers risk;session velocity lowers risk
txn_dc3eb6abc83e,0.937462266348331,1,0.937462,1,ml_only,0,,,,,,,,1,credential_based_fraud,credential_stuffing,customer one-hour velocity raises risk;high generated risk score lowers risk;IP velocity lowers risk
txn_43c011f6d883,0.9885924086773575,1,0.988592,1,ml_only,0,,,,,,,,1,credential_based_fraud,credential_stuffing,customer one-hour velocity raises risk;session velocity raises risk;IP velocity lowers risk
txn_6f73567557ec,0.9526355867689174,1,0.952636,1,ml_only,0,,,,,,,,1,credential_based_fraud,credential_stuffing,customer one-hour velocity raises risk;IP velocity lowers risk;device one-hour velocity raises risk
txn_f3b2874f1403,0.9361151572886028,1,0.936115,1,ml_only,0,,,,,,,,1,credential_based_fraud,credential_stuffing,customer one-hour velocity raises risk;IP velocity lowers risk;device activity cadence lowers risk
txn_f217d998442d,0.9914159891621874,1,0.991416,1,ml_only,0,,,,,,,,1,credential_based_fraud,credential_stuffing,customer one-hour velocity raises risk;session velocity raises risk;IP velocity lowers risk
txn_9ea0f98bd23d,0.9758726790423974,1,0.975873,1,ml_only,0,,,,,,,,1,credential_based_fraud,credential_stuffing,customer one-hour velocity raises risk;device one-hour velocity raises risk;IP velocity lowers risk
txn_ca125b3fefb1,0.9902032894656326,1,0.990203,1,ml_only,0,,,,,,,,1,credential_based_fraud,credential_stuffing,customer one-hour velocity raises risk;device one-hour velocity raises risk;IP velocity lowers risk
txn_19777a1aac45,0.979236034826676,1,0.979236,1,ml_only,0,,,,,,,,1,credential_based_fraud,credential_stuffing,customer one-hour velocity raises risk;session velocity raises risk;IP velocity lowers risk
txn_5e21743868f4,0.9595986944349439,1,0.959599,1,ml_only,0,,,,,,,,1,credential_based_fraud,credential_stuffing,customer one-hour velocity raises risk;device one-hour velocity raises risk;IP velocity lowers risk
txn_1b97d22ecc4d,0.9681910752180046,1,0.968191,1,ml_only,0,,,,,,,,1,credential_based_fraud,credential_stuffing,customer one-hour velocity raises risk;device one-hour velocity raises risk;IP velocity lowers risk
txn_b775d04291a9,0.9905581837881969,1,0.990558,1,ml_only,0,,,,,,,,1,credential_based_fraud,credential_stuffing,customer one-hour velocity raises risk;session velocity raises risk;device one-hour velocity raises risk
txn_4330731ae593,0.8566909851091667,1,0.856691,1,ml_only,0,,,,,,,,1,credential_based_fraud,credential_stuffing,customer one-hour velocity raises risk;IP velocity lowers risk;high generated risk score raises risk
txn_18ce5af3c2e2,0.9541183239843927,1,0.954118,1,ml_only,0,,,,,,,,1,credential_based_fraud,credential_stuffing,customer one-hour velocity raises risk;IP velocity lowers risk;device one-hour velocity raises risk
txn_9c7335325d4e,0.9924641659704097,1,0.992464,1,ml_only,0,,,,,,,,1,credential_based_fraud,credential_stuffing,customer one-hour velocity raises risk;session velocity raises risk;IP velocity lowers risk
txn_eb22f849094f,0.9809579659201432,1,0.980958,1,ml_only,0,,,,,,,,1,credential_based_fraud,credential_stuffing,customer one-hour velocity raises risk;high generated risk score raises risk;IP velocity lowers risk
txn_1a07a9c4fb6b,0.8807990041780205,1,0.880799,1,ml_only,0,,,,,,,,1,credential_based_fraud,credential_stuffing,customer one-hour velocity raises risk;high generated risk score lowers risk;IP velocity lowers risk
txn_cd32e899b23a,0.9964414837994364,1,0.996441,1,ml_only,0,,,,,,,,1,credential_based_fraud,credential_stuffing,customer one-hour velocity raises risk;session velocity raises risk;IP velocity lowers risk
txn_14bb617cc7ee,0.9215931411022152,1,0.921593,1,ml_only,0,,,,,,,,1,credential_based_fraud,credential_stuffing,customer one-hour velocity raises risk;IP velocity lowers risk;session velocity lowers risk
txn_081a5f157b6d,0.9553500185357542,1,0.95535,1,ml_only,0,,,,,,,,1,credential_based_fraud,credential_stuffing,customer one-hour velocity raises risk;IP velocity lowers risk;device one-hour velocity raises risk
txn_fb7a1c0d0128,0.9694199452567808,1,0.96942,1,ml_only,0,,,,,,,,1,credential_based_fraud,credential_stuffing,customer one-hour velocity raises risk;session velocity raises risk;IP velocity lowers risk
txn_ab6b1e535467,0.9635126939818759,1,0.963513,1,ml_only,0,,,,,,,,1,credential_based_fraud,credential_stuffing,customer one-hour velocity raises risk;IP velocity lowers risk;session velocity lowers risk
txn_318eb40565aa,0.9777750579174731,1,0.977775,1,ml_only,0,,,,,,,,1,credential_based_fraud,credential_stuffing,customer one-hour velocity raises risk;IP velocity lowers risk;device one-hour velocity raises risk
txn_f69a8693e7af,0.9964185539751098,1,0.996419,1,ml_only,0,,,,,,,,1,credential_based_fraud,credential_stuffing,customer one-hour velocity raises risk;session velocity raises risk;IP velocity lowers risk
txn_1749138f7f68,0.8629070378772518,1,0.862907,1,ml_only,0,,,,,,,,1,credential_based_fraud,credential_stuffing,customer one-hour velocity raises risk;IP velocity lowers risk;session velocity lowers risk
txn_78271bb71810,0.9568187676148953,1,0.956819,1,ml_only,0,,,,,,,,1,credential_based_fraud,credential_stuffing,customer one-hour velocity raises risk;IP velocity lowers risk;device one-hour velocity raises risk
txn_9e14e322c7cf,0.9886096722087787,1,0.98861,1,ml_only,0,,,,,,,,1,credential_based_fraud,credential_stuffing,customer one-hour velocity raises risk;session velocity raises risk;device one-hour velocity raises risk
txn_60b1c88c587b,0.9500248845110942,1,0.950025,1,ml_only,0,,,,,,,,1,credential_based_fraud,credential_stuffing,customer one-hour velocity raises risk;device one-hour velocity raises risk;IP velocity lowers risk
txn_8bbaf34fbad9,0.9474196145172992,1,0.94742,1,ml_only,0,,,,,,,,1,credential_based_fraud,credential_stuffing,customer one-hour velocity raises risk;IP velocity lowers risk;device activity cadence lowers risk
txn_06bf719a241d,0.9959965680371028,1,0.995997,1,ml_only,0,,,,,,,,1,credential_based_fraud,credential_stuffing,customer one-hour velocity raises risk;session velocity raises risk;device one-hour velocity raises risk
txn_c44c419b9ab6,0.9184572012147816,1,0.918457,1,ml_only,0,,,,,,,,1,credential_based_fraud,credential_stuffing,customer one-hour velocity raises risk;device one-hour velocity raises risk;high generated risk score lowers risk
txn_e704fc285d2b,0.9919352482023398,1,0.991935,1,ml_only,0,,,,,,,,1,credential_based_fraud,credential_stuffing,customer one-hour velocity raises risk;device one-hour velocity raises risk;IP velocity lowers risk
txn_77679bf84a45,0.9737946465214219,1,0.973795,1,ml_only,0,,,,,,,,1,credential_based_fraud,credential_stuffing,customer one-hour velocity raises risk;session velocity raises risk;IP velocity lowers risk
txn_58f37145c169,0.939358421965217,1,0.939358,1,ml_only,0,,,,,,,,1,credential_based_fraud,credential_stuffing,customer one-hour velocity raises risk;device one-hour velocity raises risk;high generated risk score lowers risk
txn_f24b637626df,0.9894752652890406,1,0.989475,1,ml_only,0,,,,,,,,1,credential_based_fraud,credential_stuffing,customer one-hour velocity raises risk;device one-hour velocity raises risk;IP velocity lowers risk
txn_09cf2fdb17b2,0.9900813430549941,1,0.990081,1,ml_only,0,,,,,,,,1,credential_based_fraud,credential_stuffing,customer one-hour velocity raises risk;session velocity raises risk;device one-hour velocity raises risk
txn_147d797d1faf,0.7874786518016316,1,0.787479,1,ml_only,0,,,,,,,,1,credential_based_fraud,credential_stuffing,customer one-hour velocity raises risk;IP velocity lowers risk;session velocity lowers risk
txn_769ffd7d5d94,0.9877202814652343,1,0.98772,1,ml_only,0,,,,,,,,1,credential_based_fraud,credential_stuffing,customer one-hour velocity raises risk;IP velocity lowers risk;device one-hour velocity raises risk
txn_ac5798d2d5c6,0.9884873982081027,1,0.988487,1,ml_only,0,,,,,,,,1,credential_based_fraud,credential_stuffing,customer one-hour velocity raises risk;session velocity raises risk;device one-hour velocity raises risk
txn_999b1ec71b9c,0.9752727908857686,1,0.975273,1,ml_only,0,,,,,,,,1,credential_based_fraud,credential_stuffing,customer one-hour velocity raises risk;device one-hour velocity raises risk;IP velocity lowers risk
txn_ddd34487ae3c,0.951288951163924,1,0.951289,1,ml_only,0,,,,,,,,1,credential_based_fraud,credential_stuffing,customer one-hour velocity raises risk;IP velocity lowers risk;customer velocity raises risk
txn_608357d54415,0.9955238058647279,1,0.995524,1,ml_only,0,,,,,,,,1,credential_based_fraud,credential_stuffing,customer one-hour velocity raises risk;session velocity raises risk;device one-hour velocity raises risk
txn_700edea2d1b6,0.9687903174108667,1,0.96879,1,ml_only,0,,,,,,,,1,credential_based_fraud,credential_stuffing,customer one-hour velocity raises risk;device one-hour velocity raises risk;IP velocity lowers risk
txn_3f75ccbb47a3,0.9889230404904732,1,0.988923,1,ml_only,0,,,,,,,,1,credential_based_fraud,credential_stuffing,customer one-hour velocity raises risk;device one-hour velocity raises risk;IP velocity lowers risk
txn_582c5536a7a9,0.991726994444878,1,0.991727,1,ml_only,0,,,,,,,,1,credential_based_fraud,credential_stuffing,customer one-hour velocity raises risk;session velocity raises risk;high generated risk score raises risk
txn_d3412c563726,0.9123069385162762,1,0.912307,1,ml_only,0,,,,,,,,1,credential_based_fraud,credential_stuffing,customer one-hour velocity raises risk;IP velocity lowers risk;session velocity lowers risk
txn_f4c542c2cb20,0.958732546878472,1,0.958733,1,ml_only,0,,,,,,,,1,credential_based_fraud,credential_stuffing,customer one-hour velocity raises risk;IP velocity lowers risk;customer velocity raises risk
txn_276883fbd628,0.9911545439611565,1,0.991155,1,ml_only,0,,,,,,,,1,credential_based_fraud,credential_stuffing,session velocity raises risk;IP velocity lowers risk;customer one-hour velocity raises risk
txn_37ae0d50910b,0.7945540717472562,1,0.794554,1,ml_only,0,,,,,,,,1,credential_based_fraud,credential_stuffing,IP velocity lowers risk;session velocity lowers risk;high generated risk score raises risk
txn_f6d9b831aff0,0.9347388456180874,1,0.934739,1,ml_only,0,,,,,,,,1,credential_based_fraud,credential_stuffing,IP velocity lowers risk;customer velocity raises risk;customer one-hour velocity raises risk
txn_570f56c8d280,0.9876662013632034,1,0.987666,1,ml_only,0,,,,,,,,1,credential_based_fraud,credential_stuffing,session velocity raises risk;IP velocity lowers risk;customer velocity raises risk
txn_95de4547a228,0.9486062431409638,1,0.948606,1,ml_only,0,,,,,,,,1,credential_based_fraud,credential_stuffing,high generated risk score raises risk;IP velocity lowers risk;session velocity lowers risk
txn_4ded96038330,0.9552566175672541,1,0.955257,1,ml_only,0,,,,,,,,1,credential_based_fraud,credential_stuffing,high generated risk score raises risk;IP velocity lowers risk;customer velocity raises risk
txn_7d1e133c24ec,0.9765238392262968,1,0.976524,1,ml_only,0,,,,,,,,1,credential_based_fraud,credential_stuffing,session velocity raises risk;IP velocity lowers risk;customer velocity raises risk
txn_9aedb4f72f0c,0.8663741569862689,1,0.866374,1,ml_only,0,,,,,,,,1,credential_based_fraud,credential_stuffing,IP velocity lowers risk;session velocity lowers risk;customer velocity raises risk
txn_31d05f9b091a,0.9082556639092408,1,0.908256,1,ml_only,0,,,,,,,,1,credential_based_fraud,credential_stuffing,IP velocity lowers risk;customer velocity raises risk;high generated risk score lowers risk
txn_5e96eceb7e34,0.9739223811112906,1,0.973922,1,ml_only,0,,,,,,,,1,credential_based_fraud,credential_stuffing,session velocity raises risk;high generated risk score raises risk;IP velocity lowers risk
txn_f0bd57a4f408,0.9042040123373637,1,0.904204,1,ml_only,0,,,,,,,,1,credential_based_fraud,credential_stuffing,IP velocity lowers risk;session velocity lowers risk;customer velocity raises risk
txn_cb57fb6ea7ed,0.9535547187155325,1,0.953555,1,ml_only,0,,,,,,,,1,credential_based_fraud,credential_stuffing,IP velocity lowers risk;customer velocity raises risk;device reuse pattern raises risk
txn_10ffac62dcce,0.9821216191682453,1,0.982122,1,ml_only,0,,,,,,,,1,credential_based_fraud,credential_stuffing,session velocity raises risk;IP velocity lowers risk;customer velocity raises risk
txn_c41873a1fbec,0.700628542319677,1,0.700629,1,ml_only,0,,,,,,,,1,credential_based_fraud,credential_stuffing,IP velocity lowers risk;session velocity lowers risk;customer velocity raises risk
txn_ae49bbf3bb7e,0.9831901699000113,1,0.98319,1,ml_only,0,,,,,,,,1,credential_based_fraud,credential_stuffing,IP velocity lowers risk;customer velocity raises risk;customer one-hour velocity raises risk
txn_9798b4aa7057,0.9921151332827062,1,0.992115,1,ml_only,0,,,,,,,,1,credential_based_fraud,credential_stuffing,session velocity raises risk;IP velocity lowers risk;customer velocity raises risk
txn_07cf6d405814,0.9700783957602493,1,0.970078,1,ml_only,0,,,,,,,,1,credential_based_fraud,credential_stuffing,IP velocity lowers risk;high generated risk score raises risk;session velocity lowers risk
txn_0b8a8fdb372b,0.8788990984731847,1,0.878899,1,ml_only,0,,,,,,,,1,credential_based_fraud,credential_stuffing,IP velocity lowers risk;customer velocity raises risk;customer one-hour velocity raises risk
txn_1030186e873c,0.9977793746829223,1,0.997779,1,ml_only,0,,,,,,,,1,credential_based_fraud,credential_stuffing,high generated risk score raises risk;session velocity raises risk;IP velocity lowers risk
txn_e3cee9c1b28a,0.9490658948755303,1,0.949066,1,ml_only,0,,,,,,,,1,credential_based_fraud,credential_stuffing,IP velocity lowers risk;customer velocity raises risk;session velocity lowers risk
txn_34b8a684f613,0.9892313276648892,1,0.989231,1,ml_only,0,,,,,,,,1,credential_based_fraud,credential_stuffing,IP velocity lowers risk;customer one-hour velocity raises risk;customer velocity raises risk
txn_eab2d5ba1560,0.9774883587952926,1,0.977488,1,ml_only,0,,,,,,,,1,credential_based_fraud,credential_stuffing,session velocity raises risk;customer one-hour velocity raises risk;IP velocity lowers risk
txn_20fa61cdd512,0.9268429323382144,1,0.926843,1,ml_only,0,,,,,,,,1,credential_based_fraud,credential_stuffing,customer one-hour velocity raises risk;IP velocity lowers risk;customer velocity raises risk
txn_79785dd6d0b1,0.9536972201068105,1,0.953697,1,ml_only,0,,,,,,,,1,credential_based_fraud,credential_stuffing,IP velocity lowers risk;customer velocity raises risk;device reuse pattern raises risk
txn_93b4a8229433,0.9894416804620626,1,0.989442,1,ml_only,0,,,,,,,,1,credential_based_fraud,credential_stuffing,session velocity raises risk;IP velocity lowers risk;customer velocity raises risk
txn_0c72a83959d5,0.8452635092251364,1,0.845264,1,ml_only,0,,,,,,,,1,credential_based_fraud,credential_stuffing,IP velocity lowers risk;customer velocity raises risk;session velocity lowers risk
txn_88cd3e18a9fe,0.9741964086492911,1,0.974196,1,ml_only,0,,,,,,,,1,credential_based_fraud,credential_stuffing,IP velocity lowers risk;customer velocity raises risk;customer one-hour velocity raises risk
txn_c1d59b56ae4e,0.9868411566271941,1,0.986841,1,ml_only,0,,,,,,,,1,credential_based_fraud,credential_stuffing,session velocity raises risk;IP velocity lowers risk;customer velocity raises risk
txn_5cbc6d61965f,0.9148674110877518,1,0.914867,1,ml_only,0,,,,,,,,1,credential_based_fraud,credential_stuffing,customer velocity raises risk;IP velocity lowers risk;customer one-hour velocity raises risk
txn_13c51bca874c,0.9303887808309922,1,0.930389,1,ml_only,0,,,,,,,,1,credential_based_fraud,credential_stuffing,customer velocity raises risk;IP velocity lowers risk;customer one-hour velocity raises risk
txn_d3b28fafcb2c,0.9849584225254832,1,0.984958,1,ml_only,0,,,,,,,,1,credential_based_fraud,credential_stuffing,session velocity raises risk;customer one-hour velocity raises risk;customer velocity raises risk
txn_d4b9919d67d1,0.967099952464791,1,0.9671,1,ml_only,0,,,,,,,,1,credential_based_fraud,credential_stuffing,customer one-hour velocity raises risk;customer velocity raises risk;IP velocity lowers risk
txn_7957a4f8d5b0,0.9837365575896367,1,0.983737,1,ml_only,0,,,,,,,,1,credential_based_fraud,credential_stuffing,customer one-hour velocity raises risk;customer velocity raises risk;IP velocity lowers risk
txn_3ddc9e6a15db,0.9843727504845506,1,0.984373,1,ml_only,0,,,,,,,,1,credential_based_fraud,credential_stuffing,session velocity raises risk;customer one-hour velocity raises risk;customer velocity raises risk
txn_f36f6f58cff5,0.9500195093722884,1,0.95002,1,ml_only,0,,,,,,,,1,credential_based_fraud,credential_stuffing,customer one-hour velocity raises risk;customer velocity raises risk;IP velocity lowers risk
txn_a6272ebb5f23,0.9832539261479076,1,0.983254,1,ml_only,0,,,,,,,,1,credential_based_fraud,credential_stuffing,customer one-hour velocity raises risk;customer velocity raises risk;IP velocity lowers risk
txn_d0042d108143,0.9972320133313146,1,0.997232,1,ml_only,0,,,,,,,,1,credential_based_fraud,credential_stuffing,session velocity raises risk;customer one-hour velocity raises risk;customer velocity raises risk
txn_76124b015862,0.8359847637744592,1,0.835985,1,ml_only,0,,,,,,,,1,credential_based_fraud,credential_stuffing,customer one-hour velocity raises risk;customer velocity raises risk;IP velocity lowers risk
txn_1e9a8869b279,0.9867115986715389,1,0.986712,1,ml_only,0,,,,,,,,1,credential_based_fraud,credential_stuffing,customer one-hour velocity raises risk;customer velocity raises risk;IP velocity lowers risk
txn_f7f9b32b5479,0.9934832277584692,1,0.993483,1,ml_only,0,,,,,,,,1,credential_based_fraud,credential_stuffing,session velocity raises risk;customer one-hour velocity raises risk;customer velocity raises risk
txn_216d743632e2,0.9611537190463685,1,0.961154,1,ml_only,0,,,,,,,,1,credential_based_fraud,credential_stuffing,customer one-hour velocity raises risk;customer velocity raises risk;IP velocity lowers risk
txn_90bf62a04c57,0.9723259305144586,1,0.972326,1,ml_only,0,,,,,,,,1,credential_based_fraud,credential_stuffing,customer one-hour velocity raises risk;customer velocity raises risk;IP velocity lowers risk
txn_d7e69b239bb9,0.9936929864966626,1,0.993693,1,ml_only,0,,,,,,,,1,credential_based_fraud,credential_stuffing,session velocity raises risk;customer one-hour velocity raises risk;customer velocity raises risk
txn_bd4810759b5e,0.9924884006421552,1,0.992488,1,ml_only,0,,,,,,,,1,credential_based_fraud,credential_stuffing,customer one-hour velocity raises risk;high generated risk score raises risk;customer velocity raises risk
txn_dff1e8ceef9d,0.9940515900359653,1,0.994052,1,ml_only,0,,,,,,,,1,credential_based_fraud,credential_stuffing,customer one-hour velocity raises risk;customer velocity raises risk;IP velocity lowers risk
txn_2282cfceea65,0.9893523370754312,1,0.989352,1,ml_only,0,,,,,,,,1,credential_based_fraud,credential_stuffing,customer one-hour velocity raises risk;session velocity raises risk;customer velocity raises risk
txn_4d2ac377fd53,0.95895674090942,1,0.958957,1,ml_only,0,,,,,,,,1,credential_based_fraud,credential_stuffing,customer one-hour velocity raises risk;customer velocity raises risk;IP velocity lowers risk
txn_fb7e87242082,0.9823511558032211,1,0.982351,1,ml_only,0,,,,,,,,1,credential_based_fraud,credential_stuffing,customer one-hour velocity raises risk;customer velocity raises risk;IP velocity lowers risk
txn_b57e9d418db9,0.9980344722848754,1,0.998034,1,ml_only,0,,,,,,,,1,credential_based_fraud,credential_stuffing,customer one-hour velocity raises risk;session velocity raises risk;customer velocity raises risk
txn_c705ae9ba8ed,0.88935827885837,1,0.889358,1,ml_only,0,,,,,,,,1,credential_based_fraud,credential_stuffing,customer one-hour velocity raises risk;customer velocity raises risk;IP velocity lowers risk
txn_db3ec29b18ae,0.9896910746617594,1,0.989691,1,ml_only,0,,,,,,,,1,credential_based_fraud,credential_stuffing,customer one-hour velocity raises risk;customer velocity raises risk;IP velocity lowers risk
txn_363e2fcd50b4,0.9958235770568562,1,0.995824,1,ml_only,0,,,,,,,,1,credential_based_fraud,credential_stuffing,customer one-hour velocity raises risk;session velocity raises risk;customer velocity raises risk
txn_f17d719f6022,0.9823740360520492,1,0.982374,1,ml_only,0,,,,,,,,1,credential_based_fraud,credential_stuffing,customer one-hour velocity raises risk;customer velocity raises risk;IP velocity lowers risk
txn_c0c908b3b0ed,0.9434220034133323,1,0.943422,1,ml_only,0,,,,,,,,1,credential_based_fraud,credential_stuffing,customer one-hour velocity raises risk;customer velocity raises risk;IP velocity lowers risk
txn_fcde3d6bf66f,0.9984578671305524,1,0.998458,1,ml_only,0,,,,,,,,1,credential_based_fraud,credential_stuffing,high generated risk score raises risk;session velocity raises risk;customer one-hour velocity raises risk
txn_2a508827765a,0.9631512042888508,1,0.963151,1,ml_only,0,,,,,,,,1,credential_based_fraud,credential_stuffing,customer one-hour velocity raises risk;customer velocity raises risk;device reuse pattern raises risk
txn_68f22a5cc1d7,0.9966725873021884,1,0.996673,1,ml_only,0,,,,,,,,1,credential_based_fraud,credential_stuffing,customer one-hour velocity raises risk;customer velocity raises risk;device reuse pattern raises risk
txn_3dfb27b85999,0.9742624975256133,1,0.974262,1,ml_only,0,,,,,,,,1,credential_based_fraud,credential_stuffing,session velocity raises risk;customer one-hour velocity raises risk;customer velocity raises risk
txn_e8137696f185,0.9841468355294067,1,0.984147,1,ml_only,0,,,,,,,,1,credential_based_fraud,credential_stuffing,customer one-hour velocity raises risk;customer velocity raises risk;device reuse pattern raises risk
txn_7b8806beb85b,0.9939970839540753,1,0.993997,1,ml_only,0,,,,,,,,1,credential_based_fraud,credential_stuffing,customer one-hour velocity raises risk;customer velocity raises risk;device reuse pattern raises risk
txn_86e1db2fa337,0.9948226289956736,1,0.994823,1,ml_only,0,,,,,,,,1,credential_based_fraud,credential_stuffing,session velocity raises risk;customer one-hour velocity raises risk;customer velocity raises risk
txn_f481de77d0cb,0.9582543163505555,1,0.958254,1,ml_only,0,,,,,,,,1,credential_based_fraud,credential_stuffing,customer one-hour velocity raises risk;customer velocity raises risk;IP velocity lowers risk
txn_362a00145086,0.99452749467025,1,0.994527,1,ml_only,0,,,,,,,,1,credential_based_fraud,credential_stuffing,customer one-hour velocity raises risk;customer velocity raises risk;device reuse pattern raises risk
txn_e06a93f67fdd,0.994488524245229,1,0.994489,1,ml_only,0,,,,,,,,1,credential_based_fraud,credential_stuffing,session velocity raises risk;customer velocity raises risk;customer one-hour velocity raises risk
txn_f73533c36f59,0.9372673036194571,1,0.937267,1,ml_only,0,,,,,,,,1,credential_based_fraud,credential_stuffing,customer one-hour velocity raises risk;customer velocity raises risk;device reuse pattern raises risk
txn_91cf8ad1bbcd,0.9407746140749756,1,0.940775,1,ml_only,0,,,,,,,,1,credential_based_fraud,credential_stuffing,customer one-hour velocity raises risk;customer velocity raises risk;IP velocity lowers risk
txn_9fa5b62c1d48,0.9988818645913458,1,0.998882,1,ml_only,0,,,,,,,,1,credential_based_fraud,credential_stuffing,session velocity raises risk;customer one-hour velocity raises risk;customer velocity raises risk
txn_de473e435daf,0.9734000731335399,1,0.9734,1,ml_only,0,,,,,,,,1,credential_based_fraud,credential_stuffing,customer velocity raises risk;customer one-hour velocity raises risk;device reuse pattern raises risk
txn_ccbe69f4dd36,0.9948504060015113,1,0.99485,1,ml_only,0,,,,,,,,1,credential_based_fraud,credential_stuffing,customer velocity raises risk;customer one-hour velocity raises risk;device reuse pattern raises risk
txn_a1cb2de4c27b,0.9821396472211953,1,0.98214,1,ml_only,0,,,,,,,,1,credential_based_fraud,credential_stuffing,session velocity raises risk;customer one-hour velocity raises risk;customer velocity raises risk
txn_a4a5f3a6e1b3,0.9793673522285082,1,0.979367,1,ml_only,0,,,,,,,,1,credential_based_fraud,credential_stuffing,customer velocity raises risk;customer one-hour velocity raises risk;device reuse pattern raises risk
txn_392621a15b10,0.9908775984427854,1,0.990878,1,ml_only,0,,,,,,,,1,credential_based_fraud,credential_stuffing,customer one-hour velocity raises risk;customer velocity raises risk;device reuse pattern raises risk
txn_66858bdb0d30,0.998749675519746,1,0.99875,1,ml_only,0,,,,,,,,1,credential_based_fraud,credential_stuffing,session velocity raises risk;customer one-hour velocity raises risk;customer velocity raises risk
txn_aff4ba47df00,0.9551760551121623,1,0.955176,1,ml_only,0,,,,,,,,1,credential_based_fraud,credential_stuffing,customer one-hour velocity raises risk;customer velocity raises risk;IP velocity lowers risk
txn_114cd7ab9844,0.9952152569231202,1,0.995215,1,ml_only,0,,,,,,,,1,credential_based_fraud,credential_stuffing,customer one-hour velocity raises risk;customer velocity raises risk;device reuse pattern raises risk
txn_eb45f9d8e840,0.9949085442905156,1,0.994909,1,ml_only,0,,,,,,,,1,credential_based_fraud,credential_stuffing,session velocity raises risk;customer one-hour velocity raises risk;customer velocity raises risk
txn_f57515b35b16,0.9898193313992647,1,0.989819,1,ml_only,0,,,,,,,,1,credential_based_fraud,credential_stuffing,customer one-hour velocity raises risk;customer velocity raises risk;device reuse pattern raises risk
txn_dba09afddabc,0.9325329685862087,1,0.932533,1,ml_only,0,,,,,,,,1,credential_based_fraud,credential_stuffing,customer velocity raises risk;customer one-hour velocity raises risk;IP velocity lowers risk
txn_6866adfdac74,0.9933920652990953,1,0.993392,1,ml_only,0,,,,,,,,1,credential_based_fraud,credential_stuffing,session velocity raises risk;customer one-hour velocity raises risk;customer velocity raises risk
txn_4ecbff386418,0.991524834594038,1,0.991525,1,ml_only,0,,,,,,,,1,credential_based_fraud,credential_stuffing,customer one-hour velocity raises risk;customer velocity raises risk;high generated risk score raises risk
txn_06efbf57492c,0.9899809928618205,1,0.989981,1,ml_only,0,,,,,,,,1,credential_based_fraud,credential_stuffing,customer one-hour velocity raises risk;customer velocity raises risk;device reuse pattern raises risk
txn_78ce7f3c0a52,0.9900860073279872,1,0.990086,1,ml_only,0,,,,,,,,1,credential_based_fraud,credential_stuffing,customer one-hour velocity raises risk;session velocity raises risk;customer velocity raises risk
txn_a5b955b07c8c,0.970348341217561,1,0.970348,1,ml_only,0,,,,,,,,1,credential_based_fraud,credential_stuffing,customer velocity raises risk;device reuse pattern raises risk;customer one-hour velocity raises risk
txn_025d457cf191,0.9876373582920758,1,0.987637,1,ml_only,0,,,,,,,,1,credential_based_fraud,credential_stuffing,customer velocity raises risk;customer one-hour velocity raises risk;device reuse pattern raises risk
txn_9e6d0b0b5625,0.9934466535324418,1,0.993447,1,ml_only,0,,,,,,,,1,credential_based_fraud,credential_stuffing,session velocity raises risk;customer velocity raises risk;device reuse pattern raises risk
txn_920604a8e095,0.9080629701640518,1,0.908063,1,ml_only,0,,,,,,,,1,credential_based_fraud,credential_stuffing,customer velocity raises risk;customer one-hour velocity raises risk;IP velocity lowers risk
txn_d2c92a8d2a11,0.9813116797241555,1,0.981312,1,ml_only,0,,,,,,,,1,credential_based_fraud,credential_stuffing,customer velocity raises risk;device reuse pattern raises risk;customer one-hour velocity raises risk
txn_48ed5d05b6cb,0.9943001752031045,1,0.9943,1,ml_only,0,,,,,,,,1,credential_based_fraud,credential_stuffing,session velocity raises risk;customer velocity raises risk;device reuse pattern raises risk
txn_dc51f3a50da2,0.9325022561289082,1,0.932502,1,ml_only,0,,,,,,,,1,credential_based_fraud,credential_stuffing,customer velocity raises risk;device reuse pattern raises risk;customer one-hour velocity raises risk
txn_a053e027f3d2,0.9647524334984371,1,0.964752,1,ml_only,0,,,,,,,,1,credential_based_fraud,credential_stuffing,customer velocity raises risk;high generated risk score raises risk;customer one-hour velocity raises risk
txn_269deb5a852f,0.9967309061490726,1,0.996731,1,ml_only,0,,,,,,,,1,credential_based_fraud,credential_stuffing,session velocity raises risk;customer velocity raises risk;customer one-hour velocity raises risk
txn_64b3244fe543,0.956150831728045,1,0.956151,1,ml_only,0,,,,,,,,1,credential_based_fraud,credential_stuffing,customer one-hour velocity raises risk;customer velocity raises risk;device reuse pattern raises risk
txn_5278d5e106b3,0.9930861092204246,1,0.993086,1,ml_only,0,,,,,,,,1,credential_based_fraud,credential_stuffing,customer one-hour velocity raises risk;customer velocity raises risk;device reuse pattern raises risk
txn_16ea7334146c,0.9583349982806799,1,0.958335,1,ml_only,0,,,,,,,,1,credential_based_fraud,credential_stuffing,session velocity raises risk;customer one-hour velocity raises risk;customer velocity raises risk
txn_5d12b8721552,0.9884451909370257,1,0.988445,1,ml_only,0,,,,,,,,1,credential_based_fraud,credential_stuffing,customer velocity raises risk;customer one-hour velocity raises risk;device reuse pattern raises risk
txn_4acbd4543356,0.9958867894650587,1,0.995887,1,ml_only,0,,,,,,,,1,credential_based_fraud,credential_stuffing,customer velocity raises risk;customer one-hour velocity raises risk;device reuse pattern raises risk
txn_f06f1bc536cf,0.9969559653559497,1,0.996956,1,ml_only,0,,,,,,,,1,credential_based_fraud,credential_stuffing,session velocity raises risk;customer velocity raises risk;customer one-hour velocity raises risk
txn_f15f12ffa53c,0.8837838051123652,1,0.883784,1,ml_only,0,,,,,,,,1,credential_based_fraud,credential_stuffing,customer velocity raises risk;customer one-hour velocity raises risk;IP velocity lowers risk
txn_bcbbf11fa0cb,0.9880728465739885,1,0.988073,1,ml_only,0,,,,,,,,1,credential_based_fraud,credential_stuffing,customer velocity raises risk;device reuse pattern raises risk;customer one-hour velocity raises risk
txn_e3ff8be20b57,0.991580477231894,1,0.99158,1,ml_only,0,,,,,,,,1,credential_based_fraud,credential_stuffing,session velocity raises risk;customer velocity raises risk;device reuse pattern raises risk
txn_31f49e8a62ce,0.976576470577613,1,0.976576,1,ml_only,0,,,,,,,,1,credential_based_fraud,credential_stuffing,customer velocity raises risk;customer one-hour velocity raises risk;device reuse pattern raises risk
txn_de558ed46bf6,0.9521269247575254,1,0.952127,1,ml_only,0,,,,,,,,1,credential_based_fraud,credential_stuffing,customer velocity raises risk;customer one-hour velocity raises risk;IP velocity lowers risk
txn_1a4ff6feff78,0.9976184232820615,1,0.997618,1,ml_only,0,,,,,,,,1,credential_based_fraud,credential_stuffing,session velocity raises risk;customer velocity raises risk;customer one-hour velocity raises risk
txn_fc99870d6641,0.990501225656191,1,0.990501,1,ml_only,0,,,,,,,,1,credential_based_fraud,credential_stuffing,customer one-hour velocity raises risk;customer velocity raises risk;device reuse pattern raises risk
txn_d82936abf718,0.9958540264941511,1,0.995854,1,ml_only,0,,,,,,,,1,credential_based_fraud,credential_stuffing,customer one-hour velocity raises risk;customer velocity raises risk;device reuse pattern raises risk
txn_a145e3308fa1,0.9896734706599732,1,0.989673,1,ml_only,0,,,,,,,,1,credential_based_fraud,credential_stuffing,customer one-hour velocity raises risk;session velocity raises risk;customer velocity raises risk
txn_620ad6af4ba1,0.9693385348425759,1,0.969339,1,ml_only,0,,,,,,,,1,credential_based_fraud,credential_stuffing,customer one-hour velocity raises risk;customer velocity raises risk;device reuse pattern raises risk
txn_85ad80dc5aea,0.9521407864017462,1,0.952141,1,ml_only,0,,,,,,,,1,credential_based_fraud,credential_stuffing,customer velocity raises risk;device reuse pattern raises risk;merchant velocity raises risk
txn_d4f8152a8371,0.9949169770648723,1,0.994917,1,ml_only,0,,,,,,,,1,credential_based_fraud,credential_stuffing,session velocity raises risk;customer velocity raises risk;device reuse pattern raises risk
txn_d9a5cf23f4dc,0.9439818518686688,1,0.943982,1,ml_only,0,,,,,,,,1,credential_based_fraud,credential_stuffing,customer velocity raises risk;merchant velocity raises risk;customer one-hour velocity raises risk
txn_fecab4329a5b,0.9887781696222517,1,0.988778,1,ml_only,0,,,,,,,,1,credential_based_fraud,credential_stuffing,customer velocity raises risk;device reuse pattern raises risk;merchant velocity raises risk
txn_48ec5a3cd5fa,0.9989280893718425,1,0.998928,1,ml_only,0,,,,,,,,1,credential_based_fraud,credential_stuffing,session velocity raises risk;customer velocity raises risk;device reuse pattern raises risk
txn_980cf0208391,0.9835080976842309,1,0.983508,1,ml_only,0,,,,,,,,1,credential_based_fraud,credential_stuffing,customer velocity raises risk;device reuse pattern raises risk;customer one-hour velocity raises risk
txn_ce1d106058fc,0.9867131787550104,1,0.986713,1,ml_only,0,,,,,,,,1,credential_based_fraud,credential_stuffing,customer velocity raises risk;customer one-hour velocity raises risk;IP velocity raises risk
txn_615e9670529b,0.9981918929934968,1,0.998192,1,ml_only,0,,,,,,,,1,credential_based_fraud,credential_stuffing,customer velocity raises risk;session velocity raises risk;device reuse pattern raises risk
txn_74eff9725b2d,0.995611473331238,1,0.995611,1,ml_only,0,,,,,,,,1,credential_based_fraud,credential_stuffing,customer velocity raises risk;IP velocity raises risk;device reuse pattern raises risk
txn_223fcb0c19ba,0.9993091258066182,1,0.999309,1,ml_only,0,,,,,,,,1,credential_based_fraud,credential_stuffing,IP velocity raises risk;customer velocity raises risk;device reuse pattern raises risk
txn_7fed933fe85d,0.9922618236788725,1,0.992262,1,ml_only,0,,,,,,,,1,credential_based_fraud,credential_stuffing,IP velocity raises risk;customer velocity raises risk;session velocity raises risk
txn_9354c0f89405,0.9962384726103448,1,0.996238,1,ml_only,0,,,,,,,,1,credential_based_fraud,credential_stuffing,IP velocity raises risk;customer velocity raises risk;device reuse pattern raises risk
txn_2620f7893300,0.9993374986468055,1,0.999337,1,ml_only,0,,,,,,,,1,credential_based_fraud,credential_stuffing,IP velocity raises risk;customer velocity raises risk;device reuse pattern raises risk
txn_4eb78704a603,0.9997424410392399,1,0.999742,1,ml_only,0,,,,,,,,1,credential_based_fraud,credential_stuffing,IP velocity raises risk;customer velocity raises risk;session velocity raises risk
txn_e00715e68c79,0.988364047703575,1,0.988364,1,ml_only,0,,,,,,,,1,credential_based_fraud,credential_stuffing,IP velocity raises risk;customer velocity raises risk;merchant velocity raises risk
txn_853e2801d904,0.9990594011548125,1,0.999059,1,ml_only,0,,,,,,,,1,credential_based_fraud,credential_stuffing,IP velocity raises risk;customer velocity raises risk;device reuse pattern raises risk
txn_a2651344c664,0.9999039711076597,1,0.999904,1,ml_only,0,,,,,,,,1,credential_based_fraud,credential_stuffing,IP velocity raises risk;customer velocity raises risk;session velocity raises risk
txn_bc2680f1226e,0.9991017897276648,1,0.999102,1,ml_only,0,,,,,,,,1,credential_based_fraud,credential_stuffing,IP velocity raises risk;customer velocity raises risk;device reuse pattern raises risk
txn_46946f05f611,0.9986974578847675,1,0.998697,1,ml_only,0,,,,,,,,1,credential_based_fraud,credential_stuffing,IP velocity raises risk;customer velocity raises risk;customer one-hour velocity raises risk
txn_0b1782f2af88,0.9995872676554174,1,0.999587,1,ml_only,0,,,,,,,,1,credential_based_fraud,credential_stuffing,IP velocity raises risk;customer velocity raises risk;session velocity raises risk
txn_66cecb5acfd9,0.9975414500106708,1,0.997541,1,ml_only,0,,,,,,,,1,credential_based_fraud,credential_stuffing,IP velocity raises risk;customer velocity raises risk;device reuse pattern raises risk
txn_d87101703b81,0.9998483651040376,1,0.999848,1,ml_only,0,,,,,,,,1,credential_based_fraud,credential_stuffing,IP velocity raises risk;customer velocity raises risk;device reuse pattern raises risk
txn_cbc080cc095c,0.9984159035544453,1,0.998416,1,ml_only,0,,,,,,,,1,credential_based_fraud,credential_stuffing,IP velocity raises risk;customer velocity raises risk;session velocity raises risk
txn_a00d925b8481,0.9987014873805783,1,0.998701,1,ml_only,0,,,,,,,,1,credential_based_fraud,credential_stuffing,IP velocity raises risk;customer velocity raises risk;device reuse pattern raises risk
txn_132fe3c44064,0.9995916660966996,1,0.999592,1,ml_only,0,,,,,,,,1,credential_based_fraud,credential_stuffing,IP velocity raises risk;customer velocity raises risk;device reuse pattern raises risk
txn_920e5dc3fb76,0.9997577286576433,1,0.999758,1,ml_only,0,,,,,,,,1,credential_based_fraud,credential_stuffing,IP velocity raises risk;customer velocity raises risk;session velocity raises risk
txn_3504728e5cb3,0.9891539694829006,1,0.989154,1,ml_only,0,,,,,,,,1,credential_based_fraud,credential_stuffing,IP velocity raises risk;customer velocity raises risk;merchant velocity raises risk
txn_1dcbb4f159fe,0.9994308532021782,1,0.999431,1,ml_only,0,,,,,,,,1,credential_based_fraud,credential_stuffing,IP velocity raises risk;customer velocity raises risk;device reuse pattern raises risk
txn_33ff6e1442fd,0.9987266481198904,1,0.998727,1,ml_only,0,,,,,,,,1,credential_based_fraud,credential_stuffing,IP velocity raises risk;customer velocity raises risk;session velocity raises risk
txn_bfdf46c2a593,0.9846631993323769,1,0.984663,1,ml_only,0,,,,,,,,1,credential_based_fraud,credential_stuffing,customer velocity raises risk;IP velocity raises risk;device reuse pattern raises risk
txn_69ff0cbfd286,0.9857753901641567,1,0.985775,1,ml_only,0,,,,,,,,1,credential_based_fraud,credential_stuffing,customer velocity raises risk;IP velocity raises risk;merchant velocity raises risk
txn_c86fba96c8ca,0.9986752996828384,1,0.998675,1,ml_only,0,,,,,,,,1,credential_based_fraud,credential_stuffing,customer velocity raises risk;session velocity raises risk;device reuse pattern raises risk
txn_24ff0a55151d,0.9862710130676104,1,0.986271,1,ml_only,0,,,,,,,,1,credential_based_fraud,credential_stuffing,customer velocity raises risk;device reuse pattern raises risk;merchant velocity raises risk
txn_5fced1ad1e81,0.9960355793771313,1,0.996036,1,ml_only,0,,,,,,,,1,credential_based_fraud,credential_stuffing,customer velocity raises risk;device reuse pattern raises risk;merchant velocity raises risk
txn_07797765b8f5,0.9629000478218929,1,0.9629,1,ml_only,0,,,,,,,,1,credential_based_fraud,credential_stuffing,customer velocity raises risk;session velocity raises risk;merchant velocity raises risk
txn_2d28ef8a1525,0.9831118504308926,1,0.983112,1,ml_only,0,,,,,,,,1,credential_based_fraud,credential_stuffing,customer velocity raises risk;device reuse pattern raises risk;merchant velocity raises risk
txn_92133a2fa1c7,0.9893880791084281,1,0.989388,1,ml_only,0,,,,,,,,1,credential_based_fraud,credential_stuffing,customer velocity raises risk;device reuse pattern raises risk;merchant velocity raises risk
txn_7fc1730d669f,0.994387191668675,1,0.994387,1,ml_only,0,,,,,,,,1,credential_based_fraud,credential_stuffing,customer velocity raises risk;session velocity raises risk;device reuse pattern raises risk
txn_77d74edc715b,0.9041923512539463,1,0.904192,1,ml_only,0,,,,,,,,1,credential_based_fraud,credential_stuffing,customer velocity raises risk;merchant velocity raises risk;session velocity lowers risk
txn_c8b61104dabd,0.9940872419154291,1,0.994087,1,ml_only,0,,,,,,,,1,credential_based_fraud,credential_stuffing,customer velocity raises risk;device reuse pattern raises risk;merchant velocity raises risk
txn_21341989ccfa,0.9983225676431862,1,0.998323,1,ml_only,0,,,,,,,,1,credential_based_fraud,credential_stuffing,customer velocity raises risk;session velocity raises risk;device reuse pattern raises risk
txn_24fc13ace00f,0.9802890372238652,1,0.980289,1,ml_only,0,,,,,,,,1,credential_based_fraud,credential_stuffing,customer velocity raises risk;device reuse pattern raises risk;merchant velocity raises risk
txn_c36b89845203,0.9481869508434276,1,0.948187,1,ml_only,0,,,,,,,,1,credential_based_fraud,credential_stuffing,customer velocity raises risk;merchant velocity raises risk;customer one-hour velocity raises risk
txn_d631f15012e4,0.9964546236144719,1,0.996455,1,ml_only,0,,,,,,,,1,credential_based_fraud,credential_stuffing,customer velocity raises risk;session velocity raises risk;device reuse pattern raises risk
txn_12ae1269f588,0.9931168668957324,1,0.993117,1,ml_only,0,,,,,,,,1,credential_based_fraud,credential_stuffing,customer velocity raises risk;device reuse pattern raises risk;merchant velocity raises risk
txn_0897b1c2ca69,0.9952289674605465,1,0.995229,1,ml_only,0,,,,,,,,1,credential_based_fraud,credential_stuffing,customer velocity raises risk;device reuse pattern raises risk;merchant velocity raises risk
txn_57816e3caf02,0.9932142814791902,1,0.993214,1,ml_only,0,,,,,,,,1,credential_based_fraud,credential_stuffing,customer velocity raises risk;session velocity raises risk;merchant velocity raises risk
txn_4b26c5ae7880,0.9933146172569263,1,0.993315,1,ml_only,0,,,,,,,,1,credential_based_fraud,credential_stuffing,customer velocity raises risk;device reuse pattern raises risk;merchant velocity raises risk
txn_6e0628e116c7,0.9896684752561358,1,0.989668,1,ml_only,0,,,,,,,,1,credential_based_fraud,credential_stuffing,customer velocity raises risk;device reuse pattern raises risk;merchant velocity raises risk
txn_88a58574c89d,0.9981139311618316,1,0.998114,1,ml_only,0,,,,,,,,1,credential_based_fraud,credential_stuffing,customer velocity raises risk;session velocity raises risk;device reuse pattern raises risk
txn_cd0c3469d061,0.9094498862632078,1,0.90945,1,ml_only,0,,,,,,,,1,credential_based_fraud,credential_stuffing,customer velocity raises risk;merchant velocity raises risk;customer one-hour velocity raises risk
txn_1833b79758a7,0.9946426321670213,1,0.994643,1,ml_only,0,,,,,,,,1,credential_based_fraud,credential_stuffing,customer velocity raises risk;device reuse pattern raises risk;customer one-hour velocity raises risk
txn_76af273263b3,0.9989134556853664,1,0.998913,1,ml_only,0,,,,,,,,1,credential_based_fraud,credential_stuffing,customer velocity raises risk;session velocity raises risk;device reuse pattern raises risk
txn_da76e76bc778,0.9949921320927582,1,0.994992,1,ml_only,0,,,,,,,,1,credential_based_fraud,credential_stuffing,customer velocity raises risk;device reuse pattern raises risk;customer one-hour velocity raises risk
txn_282a32cf472a,0.9710318538879333,1,0.971032,1,ml_only,0,,,,,,,,1,credential_based_fraud,credential_stuffing,customer velocity raises risk;customer one-hour velocity raises risk;merchant velocity raises risk
txn_437df3e908b6,0.9982215691779222,1,0.998222,1,ml_only,0,,,,,,,,1,credential_based_fraud,credential_stuffing,customer velocity raises risk;session velocity raises risk;device reuse pattern raises risk
txn_010d76a98107,0.41437527685418757,1,0.414375,1,ml_only,0,,,,,,,,1,identity_onboarding_fraud,fraudulent_merchant_onboarding,customer payment cadence lowers risk;customer decline history raises risk;merchant growth pattern raises risk
txn_422203e19c52,0.9610712237113201,1,0.961071,1,ml_only,0,,,,,,,,1,identity_onboarding_fraud,fraudulent_merchant_onboarding,customer decline history raises risk;merchant growth pattern raises risk;failed login activity lowers risk
txn_29b920e654de,0.9886504731960016,1,0.98865,1,ml_only,0,,,,,,,,1,identity_onboarding_fraud,fraudulent_merchant_onboarding,high generated risk score raises risk;session velocity raises risk;customer decline history raises risk
txn_7eae58bf5c92,0.9046973153233385,1,0.904697,1,ml_only,0,,,,,,,,1,identity_onboarding_fraud,fraudulent_merchant_onboarding,customer decline history raises risk;merchant growth pattern raises risk;failed login activity lowers risk
txn_b075ad32faf0,0.9208048124167791,1,0.920805,1,ml_only,0,,,,,,,,1,identity_onboarding_fraud,fraudulent_merchant_onboarding,customer decline history raises risk;IP velocity raises risk;merchant growth pattern raises risk
txn_70680c8e9065,0.9911345287865269,1,0.991135,1,ml_only,0,,,,,,,,1,identity_onboarding_fraud,fraudulent_merchant_onboarding,session velocity raises risk;IP velocity raises risk;customer decline history raises risk
txn_ff3b692625c3,0.8506743170588674,1,0.850674,1,ml_only,0,,,,,,,,1,identity_onboarding_fraud,fraudulent_merchant_onboarding,IP velocity raises risk;customer decline history raises risk;merchant growth pattern raises risk
txn_57ceb6b9c1f2,0.9907880255471232,1,0.990788,1,ml_only,0,,,,,,,,1,identity_onboarding_fraud,fraudulent_merchant_onboarding,IP velocity raises risk;customer decline history raises risk;merchant growth pattern raises risk
txn_d4989f3b192b,0.9974272754020145,1,0.997427,1,ml_only,0,,,,,,,,1,identity_onboarding_fraud,fraudulent_merchant_onboarding,IP velocity raises risk;session velocity raises risk;customer decline history raises risk
txn_6abe5992dd65,0.9566263640815228,1,0.956626,1,ml_only,0,,,,,,,,1,identity_onboarding_fraud,fraudulent_merchant_onboarding,IP velocity raises risk;customer decline history raises risk;merchant growth pattern raises risk
txn_d4ebb4f780d0,0.9759736082242436,1,0.975974,1,ml_only,0,,,,,,,,1,identity_onboarding_fraud,fraudulent_merchant_onboarding,IP velocity raises risk;customer decline history raises risk;merchant growth pattern raises risk
txn_2512b1b450dd,0.9956310275919081,1,0.995631,1,ml_only,0,,,,,,,,1,identity_onboarding_fraud,fraudulent_merchant_onboarding,IP velocity raises risk;session velocity raises risk;customer decline history raises risk
txn_dca6ddf99848,0.9768458871751043,1,0.976846,1,ml_only,0,,,,,,,,1,identity_onboarding_fraud,fraudulent_merchant_onboarding,IP velocity raises risk;customer decline history raises risk;merchant growth pattern raises risk
txn_bf3f5600845d,0.9952820755621744,1,0.995282,1,ml_only,0,,,,,,,,1,identity_onboarding_fraud,fraudulent_merchant_onboarding,IP velocity raises risk;customer decline history raises risk;merchant growth pattern raises risk
txn_d14c7990f0f5,0.9973484756279091,1,0.997348,1,ml_only,0,,,,,,,,1,identity_onboarding_fraud,fraudulent_merchant_onboarding,IP velocity raises risk;session velocity raises risk;customer decline history raises risk
txn_ddb036ee86ba,0.9924256949205253,1,0.992426,1,ml_only,0,,,,,,,,1,identity_onboarding_fraud,fraudulent_merchant_onboarding,IP velocity raises risk;customer decline history raises risk;merchant growth pattern raises risk
txn_cbd09125f633,0.9956739919732622,1,0.995674,1,ml_only,0,,,,,,,,1,identity_onboarding_fraud,fraudulent_merchant_onboarding,IP velocity raises risk;customer decline history raises risk;merchant growth pattern raises risk
txn_7b84a8b00557,0.9976135718767071,1,0.997614,1,ml_only,0,,,,,,,,1,identity_onboarding_fraud,fraudulent_merchant_onboarding,IP velocity raises risk;session velocity raises risk;customer decline history raises risk
txn_39655ddd4c04,0.9910479495093099,1,0.991048,1,ml_only,0,,,,,,,,1,identity_onboarding_fraud,fraudulent_merchant_onboarding,IP velocity raises risk;customer decline history raises risk;merchant growth pattern raises risk
txn_f687356231ff,0.9931473994375534,1,0.993147,1,ml_only,0,,,,,,,,1,identity_onboarding_fraud,fraudulent_merchant_onboarding,IP velocity raises risk;customer decline history raises risk;merchant growth pattern raises risk
txn_f10727152e54,0.9978341007841117,1,0.997834,1,ml_only,0,,,,,,,,1,identity_onboarding_fraud,fraudulent_merchant_onboarding,IP velocity raises risk;session velocity raises risk;customer decline history raises risk
txn_97c87d4c47d4,0.9893603258211185,1,0.98936,1,ml_only,0,,,,,,,,1,identity_onboarding_fraud,fraudulent_merchant_onboarding,IP velocity raises risk;customer decline history raises risk;merchant growth pattern raises risk
txn_77f6e7493c91,0.9802821444714697,1,0.980282,1,ml_only,0,,,,,,,,1,identity_onboarding_fraud,fraudulent_merchant_onboarding,IP velocity raises risk;customer decline history raises risk;merchant growth pattern raises risk
txn_1840bb38ad92,0.9979243659841307,1,0.997924,1,ml_only,0,,,,,,,,1,identity_onboarding_fraud,fraudulent_merchant_onboarding,IP velocity raises risk;session velocity raises risk;customer decline history raises risk
txn_d09323b6daa9,0.9802379760618929,1,0.980238,1,ml_only,0,,,,,,,,1,identity_onboarding_fraud,fraudulent_merchant_onboarding,IP velocity raises risk;customer decline history raises risk;merchant growth pattern raises risk
txn_d4d0aef11194,0.9901119934064329,1,0.990112,1,ml_only,0,,,,,,,,1,identity_onboarding_fraud,fraudulent_merchant_onboarding,IP velocity raises risk;customer decline history raises risk;merchant growth pattern raises risk
txn_d8d768ae53f2,0.9971504352954744,1,0.99715,1,ml_only,0,,,,,,,,1,identity_onboarding_fraud,fraudulent_merchant_onboarding,IP velocity raises risk;session velocity raises risk;customer decline history raises risk
txn_f1341c2df655,0.9539199782847396,1,0.95392,1,ml_only,0,,,,,,,,1,identity_onboarding_fraud,fraudulent_merchant_onboarding,IP velocity raises risk;customer decline history raises risk;merchant growth pattern raises risk
txn_8c8cdec5ff34,0.9909539278598047,1,0.990954,1,ml_only,0,,,,,,,,1,identity_onboarding_fraud,fraudulent_merchant_onboarding,IP velocity raises risk;customer decline history raises risk;merchant growth pattern raises risk
txn_d2003dd39f7d,0.9965146007248404,1,0.996515,1,ml_only,0,,,,,,,,1,identity_onboarding_fraud,fraudulent_merchant_onboarding,session velocity raises risk;customer decline history raises risk;IP velocity raises risk
txn_5201961c7e86,0.9817189785346979,1,0.981719,1,ml_only,0,,,,,,,,1,identity_onboarding_fraud,fraudulent_merchant_onboarding,customer decline history raises risk;merchant growth pattern raises risk;IP velocity raises risk
txn_a8a9f8da8a48,0.9871895319667288,1,0.98719,1,ml_only,0,,,,,,,,1,identity_onboarding_fraud,fraudulent_merchant_onboarding,customer decline history raises risk;merchant growth pattern raises risk;IP velocity raises risk
txn_dd3eaa73b871,0.9938308959801475,1,0.993831,1,ml_only,0,,,,,,,,1,identity_onboarding_fraud,fraudulent_merchant_onboarding,session velocity raises risk;customer decline history raises risk;merchant growth pattern raises risk
txn_4bf33f780858,0.9694927404181221,1,0.969493,1,ml_only,0,,,,,,,,1,identity_onboarding_fraud,fraudulent_merchant_onboarding,IP velocity raises risk;customer decline history raises risk;merchant growth pattern raises risk
txn_9964fe3831e7,0.973342771871237,1,0.973343,1,ml_only,0,,,,,,,,1,identity_onboarding_fraud,fraudulent_merchant_onboarding,customer decline history raises risk;merchant growth pattern raises risk;IP velocity raises risk
txn_52f411d1495a,0.993528604259467,1,0.993529,1,ml_only,0,,,,,,,,1,identity_onboarding_fraud,fraudulent_merchant_onboarding,session velocity raises risk;customer decline history raises risk;merchant growth pattern raises risk
txn_2c1bb9101df7,0.7490458837092266,1,0.749046,1,ml_only,0,,,,,,,,1,identity_onboarding_fraud,fraudulent_merchant_onboarding,customer decline history raises risk;merchant growth pattern raises risk;failed login activity lowers risk
txn_30e0090bbc9e,0.9837293210564831,1,0.983729,1,ml_only,0,,,,,,,,1,identity_onboarding_fraud,fraudulent_merchant_onboarding,customer decline history raises risk;merchant growth pattern raises risk;high generated risk score raises risk
txn_5bdb0a935cae,0.9939032642947124,1,0.993903,1,ml_only,0,,,,,,,,1,identity_onboarding_fraud,fraudulent_merchant_onboarding,session velocity raises risk;customer decline history raises risk;merchant growth pattern raises risk
txn_af774f5189e1,0.2008230538399621,0,0.200823,0,ml_only,0,,,,,,,,1,identity_onboarding_fraud,mule_account_creation,customer payment cadence lowers risk;customer decline history raises risk;merchant chargeback behavior raises risk
txn_57ebca8ccb56,0.6165014398480742,1,0.616501,1,ml_only,0,,,,,,,,1,identity_onboarding_fraud,mule_account_creation,customer decline history raises risk;amount deviation from customer history lowers risk;merchant chargeback behavior raises risk
txn_eb7801f72e26,0.9539363279833725,1,0.953936,1,ml_only,0,,,,,,,,1,identity_onboarding_fraud,mule_account_creation,session velocity raises risk;customer decline history raises risk;merchant chargeback behavior raises risk
txn_f84a52abb4ac,0.7504756254399096,1,0.750476,1,ml_only,0,,,,,,,,1,identity_onboarding_fraud,mule_account_creation,customer decline history raises risk;merchant chargeback behavior raises risk;session velocity lowers risk
txn_41b15f039e11,0.9800148778659208,1,0.980015,1,ml_only,0,,,,,,,,1,identity_onboarding_fraud,mule_account_creation,customer decline history raises risk;high generated risk score raises risk;merchant chargeback behavior raises risk
txn_17df180d4fd2,0.9873944894764808,1,0.987394,1,ml_only,0,,,,,,,,1,identity_onboarding_fraud,mule_account_creation,session velocity raises risk;customer decline history raises risk;merchant chargeback behavior raises risk
txn_d1f7498cc897,0.8393438796603613,1,0.839344,1,ml_only,0,,,,,,,,1,identity_onboarding_fraud,mule_account_creation,customer decline history raises risk;IP velocity raises risk;merchant chargeback behavior raises risk
txn_f538ffba4021,0.9677730414237299,1,0.967773,1,ml_only,0,,,,,,,,1,identity_onboarding_fraud,mule_account_creation,IP velocity raises risk;customer decline history raises risk;merchant chargeback behavior raises risk
txn_0db5cd7ddd60,0.9915465648775168,1,0.991547,1,ml_only,0,,,,,,,,1,identity_onboarding_fraud,mule_account_creation,IP velocity raises risk;session velocity raises risk;customer decline history raises risk
txn_24830e235083,0.9808363594354933,1,0.980836,1,ml_only,0,,,,,,,,1,identity_onboarding_fraud,mule_account_creation,IP velocity raises risk;customer decline history raises risk;merchant chargeback behavior raises risk
txn_8c3b2a8a39f1,0.984812241704118,1,0.984812,1,ml_only,0,,,,,,,,1,identity_onboarding_fraud,mule_account_creation,IP velocity raises risk;customer decline history raises risk;merchant chargeback behavior raises risk
txn_e49475ad8967,0.9893931776758728,1,0.989393,1,ml_only,0,,,,,,,,1,identity_onboarding_fraud,mule_account_creation,IP velocity raises risk;session velocity raises risk;customer decline history raises risk
txn_36b1d66a4e2b,0.96325702722104,1,0.963257,1,ml_only,0,,,,,,,,1,identity_onboarding_fraud,mule_account_creation,IP velocity raises risk;customer decline history raises risk;merchant chargeback behavior raises risk
txn_9e5d5dc40cfd,0.9949273592959456,1,0.994927,1,ml_only,0,,,,,,,,1,identity_onboarding_fraud,mule_account_creation,IP velocity raises risk;customer decline history raises risk;merchant chargeback behavior raises risk
txn_8d103baf3171,0.9950299493308935,1,0.99503,1,ml_only,0,,,,,,,,1,identity_onboarding_fraud,mule_account_creation,IP velocity raises risk;session velocity raises risk;customer decline history raises risk
txn_63b423cc6ce4,0.987280785973897,1,0.987281,1,ml_only,0,,,,,,,,1,identity_onboarding_fraud,mule_account_creation,IP velocity raises risk;customer decline history raises risk;merchant chargeback behavior raises risk
txn_e2a3b1796370,0.9927652932283174,1,0.992765,1,ml_only,0,,,,,,,,1,identity_onboarding_fraud,mule_account_creation,IP velocity raises risk;customer decline history raises risk;merchant chargeback behavior raises risk
txn_67d5677893c2,0.9986006957099722,1,0.998601,1,ml_only,0,,,,,,,,1,identity_onboarding_fraud,mule_account_creation,IP velocity raises risk;session velocity raises risk;customer decline history raises risk
txn_121e0a2ef3a0,0.9708772561451192,1,0.970877,1,ml_only,0,,,,,,,,1,identity_onboarding_fraud,mule_account_creation,IP velocity raises risk;customer decline history raises risk;merchant chargeback behavior raises risk
txn_1ed4aa67d8f4,0.9866005381757167,1,0.986601,1,ml_only,0,,,,,,,,1,identity_onboarding_fraud,mule_account_creation,IP velocity raises risk;customer decline history raises risk;merchant chargeback behavior raises risk
txn_89a4b7627d52,0.9962770186684304,1,0.996277,1,ml_only,0,,,,,,,,1,identity_onboarding_fraud,mule_account_creation,IP velocity raises risk;session velocity raises risk;customer decline history raises risk
txn_9d846df83b43,0.9873479505525571,1,0.987348,1,ml_only,0,,,,,,,,1,identity_onboarding_fraud,mule_account_creation,IP velocity raises risk;customer decline history raises risk;merchant chargeback behavior raises risk
txn_5102a809c536,0.9926011403681492,1,0.992601,1,ml_only,0,,,,,,,,1,identity_onboarding_fraud,mule_account_creation,IP velocity raises risk;customer decline history raises risk;merchant chargeback behavior raises risk
txn_d9c0ab98e11b,0.9941982878885575,1,0.994198,1,ml_only,0,,,,,,,,1,identity_onboarding_fraud,mule_account_creation,IP velocity raises risk;session velocity raises risk;customer decline history raises risk
txn_18f1787a076f,0.9449438257019934,1,0.944944,1,ml_only,0,,,,,,,,1,identity_onboarding_fraud,mule_account_creation,IP velocity raises risk;customer decline history raises risk;merchant chargeback behavior raises risk
txn_abbda02b8d73,0.945110648531531,1,0.945111,1,ml_only,0,,,,,,,,1,identity_onboarding_fraud,mule_account_creation,IP velocity raises risk;customer decline history raises risk;merchant chargeback behavior raises risk
txn_dbe3a864560e,0.9810026456424645,1,0.981003,1,ml_only,0,,,,,,,,1,identity_onboarding_fraud,mule_account_creation,session velocity raises risk;customer decline history raises risk;IP velocity raises risk
txn_5964ca1d1f38,0.8200818853956691,1,0.820082,1,ml_only,0,,,,,,,,1,identity_onboarding_fraud,mule_account_creation,amount deviation from customer history lowers risk;customer decline history raises risk;merchant chargeback behavior raises risk
txn_a86b45db1a9a,0.9808972240510322,1,0.980897,1,ml_only,0,,,,,,,,1,identity_onboarding_fraud,mule_account_creation,customer decline history raises risk;merchant chargeback behavior raises risk;IP velocity raises risk
txn_a09e5fff61f3,0.9881756150845437,1,0.988176,1,ml_only,0,,,,,,,,1,identity_onboarding_fraud,mule_account_creation,IP velocity raises risk;session velocity raises risk;customer decline history raises risk
txn_5e75329441a5,0.9693592945716205,1,0.969359,1,ml_only,0,,,,,,,,1,identity_onboarding_fraud,mule_account_creation,IP velocity raises risk;customer decline history raises risk;merchant chargeback behavior raises risk
txn_1284bf5fea30,0.9799651416060021,1,0.979965,1,ml_only,0,,,,,,,,1,identity_onboarding_fraud,mule_account_creation,customer decline history raises risk;IP velocity raises risk;merchant chargeback behavior raises risk
txn_c19f05623f9c,0.9777269559966179,1,0.977727,1,ml_only,0,,,,,,,,1,identity_onboarding_fraud,mule_account_creation,session velocity raises risk;customer decline history raises risk;merchant chargeback behavior raises risk
txn_9fcb926a0084,0.9213288072444221,1,0.921329,1,ml_only,0,,,,,,,,1,identity_onboarding_fraud,mule_account_creation,IP velocity raises risk;customer decline history raises risk;merchant chargeback behavior raises risk
txn_209213606cbc,0.9643625092288327,1,0.964363,1,ml_only,0,,,,,,,,1,identity_onboarding_fraud,mule_account_creation,IP velocity raises risk;customer decline history raises risk;high generated risk score raises risk
txn_d254307d4f95,0.9914766417339795,1,0.991477,1,ml_only,0,,,,,,,,1,identity_onboarding_fraud,mule_account_creation,session velocity raises risk;customer decline history raises risk;IP velocity raises risk
txn_22ad41ee7e58,0.8216908951303428,1,0.821691,1,ml_only,0,,,,,,,,1,identity_onboarding_fraud,mule_account_creation,customer decline history raises risk;IP velocity raises risk;merchant chargeback behavior raises risk
txn_26560b7730e0,0.9760855387717109,1,0.976086,1,ml_only,0,,,,,,,,1,identity_onboarding_fraud,mule_account_creation,customer decline history raises risk;IP velocity raises risk;merchant chargeback behavior raises risk
txn_cd23e9a0eadc,0.9747131133182682,1,0.974713,1,ml_only,0,,,,,,,,1,identity_onboarding_fraud,mule_account_creation,session velocity raises risk;customer decline history raises risk;merchant chargeback behavior raises risk
txn_a67f359e0f2c,0.9102373776777843,1,0.910237,1,ml_only,0,,,,,,,,1,identity_onboarding_fraud,mule_account_creation,customer decline history raises risk;IP velocity raises risk;merchant chargeback behavior raises risk
txn_1d18f6a41dd5,0.10020984240187372,0,0.10021,0,ml_only,0,,,,,,,,1,identity_onboarding_fraud,stolen_identity_signup,customer payment cadence lowers risk;session velocity lowers risk;device activity cadence lowers risk
txn_218cf51add5e,0.5294208774305754,1,0.529421,1,ml_only,0,,,,,,,,1,identity_onboarding_fraud,stolen_identity_signup,high generated risk score lowers risk;customer one-hour velocity lowers risk;merchant age raises risk
txn_077ecf2a486f,0.9251075648157769,1,0.925108,1,ml_only,0,,,,,,,,1,identity_onboarding_fraud,stolen_identity_signup,session velocity raises risk;high generated risk score raises risk;customer payment cadence raises risk
txn_ea48db7355cd,0.6581341662477181,1,0.658134,1,ml_only,0,,,,,,,,1,identity_onboarding_fraud,stolen_identity_signup,IP velocity raises risk;session velocity lowers risk;customer payment cadence raises risk
txn_6a47d8add6d0,0.6010703936115598,1,0.60107,1,ml_only,0,,,,,,,,1,identity_onboarding_fraud,stolen_identity_signup,amount deviation from customer history lowers risk;IP velocity raises risk;merchant_category_code lowers risk
txn_d1a13e580f68,0.9365573042593326,1,0.936557,1,ml_only,0,,,,,,,,1,identity_onboarding_fraud,stolen_identity_signup,session velocity raises risk;IP velocity raises risk;customer one-hour velocity lowers risk
txn_9f962caa6abc,0.7768357377638203,1,0.776836,1,ml_only,0,,,,,,,,1,identity_onboarding_fraud,stolen_identity_signup,IP velocity raises risk;session velocity lowers risk;customer one-hour velocity lowers risk
txn_a3b02a07c56d,0.9346172813648468,1,0.934617,1,ml_only,0,,,,,,,,1,identity_onboarding_fraud,stolen_identity_signup,IP velocity raises risk;merchant age raises risk;customer payment cadence raises risk
txn_80d83b69f16f,0.9896766256369071,1,0.989677,1,ml_only,0,,,,,,,,1,identity_onboarding_fraud,stolen_identity_signup,IP velocity raises risk;session velocity raises risk;high generated risk score raises risk
txn_c3709d3d5878,0.7647180287768935,1,0.764718,1,ml_only,0,,,,,,,,1,identity_onboarding_fraud,stolen_identity_signup,IP velocity raises risk;session velocity lowers risk;customer payment cadence raises risk
txn_8ead8af38871,0.9893220637243909,1,0.989322,1,ml_only,0,,,,,,,,1,identity_onboarding_fraud,stolen_identity_signup,IP velocity raises risk;high generated risk score raises risk;customer payment cadence raises risk
txn_6826a925e649,0.9740399186470836,1,0.97404,1,ml_only,0,,,,,,,,1,identity_onboarding_fraud,stolen_identity_signup,IP velocity raises risk;session velocity raises risk;high generated risk score lowers risk
txn_ef552fb5a250,0.9327363405644017,1,0.932736,1,ml_only,0,,,,,,,,1,identity_onboarding_fraud,stolen_identity_signup,IP velocity raises risk;session velocity lowers risk;high generated risk score raises risk
txn_4b0593b7019f,0.8848373193694589,1,0.884837,1,ml_only,0,,,,,,,,1,identity_onboarding_fraud,stolen_identity_signup,IP velocity raises risk;amount deviation from customer history lowers risk;customer one-hour velocity lowers risk
txn_55309f50e35e,0.9922900134755881,1,0.99229,1,ml_only,0,,,,,,,,1,identity_onboarding_fraud,stolen_identity_signup,IP velocity raises risk;session velocity raises risk;customer one-hour velocity lowers risk
txn_92a3447d8168,0.9471529531519026,1,0.947153,1,ml_only,0,,,,,,,,1,identity_onboarding_fraud,stolen_identity_signup,IP velocity raises risk;session velocity lowers risk;customer payment cadence raises risk
txn_682218f258c3,0.10189989702080937,0,0.1019,0,ml_only,0,,,,,,,,1,identity_onboarding_fraud,synthetic_identity,customer payment cadence lowers risk;session velocity lowers risk;device activity cadence lowers risk
txn_f6a494dab98b,0.5022789941605843,1,0.502279,1,ml_only,0,,,,,,,,1,identity_onboarding_fraud,synthetic_identity,amount deviation from customer history lowers risk;high generated risk score raises risk;customer one-hour velocity lowers risk
txn_1520775aab7d,0.7820230077027415,1,0.782023,1,ml_only,0,,,,,,,,1,identity_onboarding_fraud,synthetic_identity,session velocity raises risk;customer payment cadence raises risk;high generated risk score lowers risk
txn_59cd9c564325,0.6819175802762131,1,0.681918,1,ml_only,0,,,,,,,,1,identity_onboarding_fraud,synthetic_identity,IP velocity raises risk;session velocity lowers risk;customer one-hour velocity lowers risk
txn_70e8a9121fed,0.8006873191822186,1,0.800687,1,ml_only,0,,,,,,,,1,identity_onboarding_fraud,synthetic_identity,IP velocity raises risk;high generated risk score raises risk;customer one-hour velocity lowers risk
txn_69fb285e462d,0.9402847482317435,1,0.940285,1,ml_only,0,,,,,,,,1,identity_onboarding_fraud,synthetic_identity,IP velocity raises risk;session velocity raises risk;customer payment cadence raises risk
txn_e156044cd8c5,0.7342480391324103,1,0.734248,1,ml_only,0,,,,,,,,1,identity_onboarding_fraud,synthetic_identity,IP velocity raises risk;session velocity lowers risk;high generated risk score lowers risk
txn_ae3ddb8c66a1,0.9460972117855339,1,0.946097,1,ml_only,0,,,,,,,,1,identity_onboarding_fraud,synthetic_identity,IP velocity raises risk;customer one-hour velocity lowers risk;merchant_category_code raises risk
txn_54ca458c2c17,0.9318802900320096,1,0.93188,1,ml_only,0,,,,,,,,1,identity_onboarding_fraud,synthetic_identity,IP velocity raises risk;session velocity raises risk;amount deviation from customer history lowers risk
txn_22be6e94c562,0.7691634632810849,1,0.769163,1,ml_only,0,,,,,,,,1,identity_onboarding_fraud,synthetic_identity,IP velocity raises risk;session velocity lowers risk;merchant_category_code lowers risk
txn_df91b6961bb7,0.9517736713995697,1,0.951774,1,ml_only,0,,,,,,,,1,identity_onboarding_fraud,synthetic_identity,IP velocity raises risk;high generated risk score raises risk;customer payment cadence raises risk
txn_511618fef5a5,0.316469,1,0.280671,1,hybrid_ml_llm,1,local_lmstudio,0.4,0.3,step_up_authentication,"The transaction exhibits mixed signals: low device failed login count and IP velocity lower risk, but customer decline history raises concern. Merchant's lack of transactions may indicate new account activity.",customer_decline_history;merchant_low_transaction_count,,1,identity_onboarding_fraud,synthetic_business,customer decline history raises risk;customer payment cadence lowers risk;IP velocity lowers risk
txn_ac2c09b7f1e5,0.9031912639399213,1,0.903191,1,ml_only,0,,,,,,,,1,identity_onboarding_fraud,synthetic_business,customer decline history raises risk;customer payment cadence raises risk;failed login activity lowers risk
txn_5e6e3a5aa786,0.9710558294307274,1,0.971056,1,ml_only,0,,,,,,,,1,identity_onboarding_fraud,synthetic_business,customer decline history raises risk;session velocity raises risk;customer payment cadence raises risk
txn_bf64c9d5dc0d,0.7213213780442463,1,0.721321,1,ml_only,0,,,,,,,,1,identity_onboarding_fraud,synthetic_business,customer decline history raises risk;session velocity lowers risk;merchant_category_code lowers risk
txn_1df8270ac8e7,0.9665880686114438,1,0.966588,1,ml_only,0,,,,,,,,1,identity_onboarding_fraud,synthetic_business,customer decline history raises risk;high generated risk score raises risk;customer payment cadence raises risk
txn_627596b31710,0.982173211491391,1,0.982173,1,ml_only,0,,,,,,,,1,identity_onboarding_fraud,synthetic_business,customer decline history raises risk;session velocity raises risk;IP velocity raises risk
txn_6f3921895a19,0.9152144113827575,1,0.915214,1,ml_only,0,,,,,,,,1,identity_onboarding_fraud,synthetic_business,customer decline history raises risk;IP velocity raises risk;session velocity lowers risk
txn_f4a66e1e0cc5,0.9644162907532405,1,0.964416,1,ml_only,0,,,,,,,,1,identity_onboarding_fraud,synthetic_business,IP velocity raises risk;customer decline history raises risk;customer one-hour velocity lowers risk
txn_c34e2b9ecffa,0.9911477373458087,1,0.991148,1,ml_only,0,,,,,,,,1,identity_onboarding_fraud,synthetic_business,IP velocity raises risk;customer decline history raises risk;session velocity raises risk
txn_c27037301d64,0.9762916644193863,1,0.976292,1,ml_only,0,,,,,,,,1,identity_onboarding_fraud,synthetic_business,IP velocity raises risk;customer decline history raises risk;session velocity lowers risk
txn_08bd59797eeb,0.9938132884168069,1,0.993813,1,ml_only,0,,,,,,,,1,identity_onboarding_fraud,synthetic_business,IP velocity raises risk;customer decline history raises risk;high generated risk score raises risk
txn_487fb91bbd54,0.9926121401347227,1,0.992612,1,ml_only,0,,,,,,,,1,identity_onboarding_fraud,synthetic_business,IP velocity raises risk;customer decline history raises risk;session velocity raises risk
txn_aa9fe97c512c,0.026097206924335932,0,0.026097,0,ml_only,0,,,,,,,,1,merchant_ecosystem_abuse,bust_out_merchant,customer payment cadence lowers risk;IP velocity lowers risk;merchant age lowers risk
txn_1f8d2099e15a,0.6317089517484706,1,0.631709,1,ml_only,0,,,,,,,,1,merchant_ecosystem_abuse,bust_out_merchant,merchant age lowers risk;customer one-hour velocity lowers risk;merchant_category_code raises risk
txn_80f317d97afd,0.6777605174579276,1,0.677761,1,ml_only,0,,,,,,,,1,merchant_ecosystem_abuse,bust_out_merchant,session velocity raises risk;merchant age lowers risk;IP velocity raises risk
txn_f3a56a6ca3c4,0.3241158466997415,1,0.324116,1,ml_only,0,,,,,,,,1,merchant_ecosystem_abuse,bust_out_merchant,merchant age lowers risk;session velocity lowers risk;IP velocity raises risk
txn_9e90cd63124f,0.6998127513413614,1,0.699813,1,ml_only,0,,,,,,,,1,merchant_ecosystem_abuse,bust_out_merchant,IP velocity raises risk;merchant age lowers risk;customer payment cadence raises risk
txn_c9f07d21317d,0.8100059695663555,1,0.810006,1,ml_only,0,,,,,,,,1,merchant_ecosystem_abuse,bust_out_merchant,session velocity raises risk;IP velocity raises risk;merchant age lowers risk
txn_d8667b08abd7,0.4746205745177589,1,0.474621,1,ml_only,0,,,,,,,,1,merchant_ecosystem_abuse,bust_out_merchant,IP velocity raises risk;merchant age lowers risk;session velocity lowers risk
txn_1717ff47e22a,0.8849908478871349,1,0.884991,1,ml_only,0,,,,,,,,1,merchant_ecosystem_abuse,bust_out_merchant,IP velocity raises risk;high generated risk score raises risk;merchant age lowers risk
txn_f8bcb9d71122,0.7606573848049248,1,0.760657,1,ml_only,0,,,,,,,,1,merchant_ecosystem_abuse,bust_out_merchant,IP velocity raises risk;session velocity raises risk;merchant age lowers risk
txn_49bcb8293c15,0.6368674451064538,1,0.636867,1,ml_only,0,,,,,,,,1,merchant_ecosystem_abuse,bust_out_merchant,IP velocity raises risk;merchant age lowers risk;session velocity lowers risk
txn_7334e3b8b66e,0.8312866884267502,1,0.831287,1,ml_only,0,,,,,,,,1,merchant_ecosystem_abuse,bust_out_merchant,IP velocity raises risk;merchant age lowers risk;customer payment cadence raises risk
txn_32f305bc5560,0.9137389696816749,1,0.913739,1,ml_only,0,,,,,,,,1,merchant_ecosystem_abuse,bust_out_merchant,IP velocity raises risk;session velocity raises risk;merchant age lowers risk
txn_8ecfa967d329,0.8222930370632876,1,0.822293,1,ml_only,0,,,,,,,,1,merchant_ecosystem_abuse,bust_out_merchant,IP velocity raises risk;merchant age lowers risk;session velocity lowers risk
txn_2b978aad2e9d,0.9692053829086896,1,0.969205,1,ml_only,0,,,,,,,,1,merchant_ecosystem_abuse,bust_out_merchant,IP velocity raises risk;high generated risk score raises risk;merchant age lowers risk
txn_2dbfd83b8f2f,0.9913961957439665,1,0.991396,1,ml_only,0,,,,,,,,1,merchant_ecosystem_abuse,bust_out_merchant,IP velocity raises risk;session velocity raises risk;high generated risk score raises risk
txn_0a47af99aadf,0.8073702183912395,1,0.80737,1,ml_only,0,,,,,,,,1,merchant_ecosystem_abuse,bust_out_merchant,IP velocity raises risk;merchant age lowers risk;high generated risk score raises risk
txn_f9df7fc77d75,0.841812597858838,1,0.841813,1,ml_only,0,,,,,,,,1,merchant_ecosystem_abuse,bust_out_merchant,IP velocity raises risk;merchant age lowers risk;customer one-hour velocity lowers risk
txn_a2485a279656,0.9022677685730989,1,0.902268,1,ml_only,0,,,,,,,,1,merchant_ecosystem_abuse,bust_out_merchant,IP velocity raises risk;session velocity raises risk;merchant age lowers risk
txn_4c287d05d2fa,0.7681986801201278,1,0.768199,1,ml_only,0,,,,,,,,1,merchant_ecosystem_abuse,bust_out_merchant,IP velocity raises risk;merchant age lowers risk;session velocity lowers risk
txn_43e114112ebe,0.8641249055063734,1,0.864125,1,ml_only,0,,,,,,,,1,merchant_ecosystem_abuse,bust_out_merchant,IP velocity raises risk;merchant age lowers risk;customer payment cadence raises risk
txn_02834c984d9d,0.9380696064941955,1,0.93807,1,ml_only,0,,,,,,,,1,merchant_ecosystem_abuse,bust_out_merchant,IP velocity raises risk;session velocity raises risk;merchant age lowers risk
txn_cb4bc538c7f0,0.7934882445106772,1,0.793488,1,ml_only,0,,,,,,,,1,merchant_ecosystem_abuse,bust_out_merchant,IP velocity raises risk;merchant age lowers risk;session velocity lowers risk
txn_42361dc37b6f,0.8740638416901036,1,0.874064,1,ml_only,0,,,,,,,,1,merchant_ecosystem_abuse,bust_out_merchant,IP velocity raises risk;merchant age lowers risk;customer one-hour velocity lowers risk
txn_6d831fbd7391,0.9407996697552797,1,0.9408,1,ml_only,0,,,,,,,,1,merchant_ecosystem_abuse,bust_out_merchant,IP velocity raises risk;session velocity raises risk;merchant age lowers risk
txn_56d1cba05e3d,0.7538052409803802,1,0.753805,1,ml_only,0,,,,,,,,1,merchant_ecosystem_abuse,bust_out_merchant,IP velocity raises risk;merchant age lowers risk;session velocity lowers risk
txn_2b1ab384e3a6,0.7868168350300361,1,0.786817,1,ml_only,0,,,,,,,,1,merchant_ecosystem_abuse,bust_out_merchant,IP velocity raises risk;merchant age lowers risk;customer payment cadence raises risk
txn_1e26d973adc0,0.9366912121816161,1,0.936691,1,ml_only,0,,,,,,,,1,merchant_ecosystem_abuse,bust_out_merchant,IP velocity raises risk;session velocity raises risk;merchant age lowers risk
txn_9678c9b74863,0.5321639912444002,1,0.532164,1,ml_only,0,,,,,,,,1,merchant_ecosystem_abuse,bust_out_merchant,IP velocity raises risk;merchant age lowers risk;session velocity lowers risk
txn_2237ff335d80,0.7715123570614548,1,0.771512,1,ml_only,0,,,,,,,,1,merchant_ecosystem_abuse,bust_out_merchant,IP velocity raises risk;merchant age lowers risk;customer payment cadence raises risk
txn_62376570404f,0.8733224107562403,1,0.873322,1,ml_only,0,,,,,,,,1,merchant_ecosystem_abuse,bust_out_merchant,session velocity raises risk;IP velocity raises risk;merchant age lowers risk
txn_545ec4c0fce5,0.5271328577364702,1,0.527133,1,ml_only,0,,,,,,,,1,merchant_ecosystem_abuse,bust_out_merchant,IP velocity raises risk;merchant age lowers risk;session velocity lowers risk
txn_c32b0a71646a,0.7242593844467644,1,0.724259,1,ml_only,0,,,,,,,,1,merchant_ecosystem_abuse,bust_out_merchant,IP velocity raises risk;merchant age lowers risk;customer one-hour velocity lowers risk
txn_ea13aafcd461,0.9365262500917572,1,0.936526,1,ml_only,0,,,,,,,,1,merchant_ecosystem_abuse,bust_out_merchant,session velocity raises risk;IP velocity raises risk;merchant age lowers risk
txn_a886b0ebb7f9,0.621361020513023,1,0.621361,1,ml_only,0,,,,,,,,1,merchant_ecosystem_abuse,bust_out_merchant,IP velocity raises risk;merchant age lowers risk;session velocity lowers risk
txn_864c19bda634,0.7198380418518799,1,0.719838,1,ml_only,0,,,,,,,,1,merchant_ecosystem_abuse,bust_out_merchant,IP velocity raises risk;high generated risk score lowers risk;merchant age lowers risk
txn_1081543f527b,0.7186554676774024,1,0.718655,1,ml_only,0,,,,,,,,1,merchant_ecosystem_abuse,bust_out_merchant,session velocity raises risk;IP velocity raises risk;high generated risk score lowers risk
txn_13e7fb29e09f,0.31541466037856325,1,0.315415,1,ml_only,0,,,,,,,,1,merchant_ecosystem_abuse,bust_out_merchant,IP velocity raises risk;merchant age lowers risk;session velocity lowers risk
txn_1f3d4429dbe1,0.7014971250074111,1,0.701497,1,ml_only,0,,,,,,,,1,merchant_ecosystem_abuse,bust_out_merchant,IP velocity raises risk;merchant age lowers risk;customer payment cadence raises risk
txn_a87b08b21fb5,0.8514883922330874,1,0.851488,1,ml_only,0,,,,,,,,1,merchant_ecosystem_abuse,bust_out_merchant,session velocity raises risk;IP velocity raises risk;merchant age lowers risk
txn_1a1a111d2313,0.29164920486076257,1,0.291649,1,ml_only,0,,,,,,,,1,merchant_ecosystem_abuse,bust_out_merchant,IP velocity raises risk;high generated risk score lowers risk;merchant age lowers risk
txn_fcd974722740,0.8704958455574636,1,0.870496,1,ml_only,0,,,,,,,,1,merchant_ecosystem_abuse,bust_out_merchant,IP velocity raises risk;merchant age lowers risk;high generated risk score raises risk
txn_2e1a3af60ade,0.8527522932994868,1,0.852752,1,ml_only,0,,,,,,,,1,merchant_ecosystem_abuse,bust_out_merchant,session velocity raises risk;IP velocity raises risk;merchant age lowers risk
txn_554aa671f418,0.5890650534708605,1,0.589065,1,ml_only,0,,,,,,,,1,merchant_ecosystem_abuse,bust_out_merchant,IP velocity raises risk;merchant age lowers risk;session velocity lowers risk
txn_19f4a99ff3a1,0.8137764680905644,1,0.813776,1,ml_only,0,,,,,,,,1,merchant_ecosystem_abuse,bust_out_merchant,IP velocity raises risk;merchant age lowers risk;customer payment cadence raises risk
txn_2e3ec75e40bc,0.9344907635697141,1,0.934491,1,ml_only,0,,,,,,,,1,merchant_ecosystem_abuse,bust_out_merchant,session velocity raises risk;IP velocity raises risk;merchant age lowers risk
txn_2829505cc854,0.5896885576794635,1,0.589689,1,ml_only,0,,,,,,,,1,merchant_ecosystem_abuse,bust_out_merchant,merchant age lowers risk;session velocity lowers risk;IP velocity raises risk
txn_f3fee2cae528,0.6889305700426586,1,0.688931,1,ml_only,0,,,,,,,,1,merchant_ecosystem_abuse,bust_out_merchant,merchant age lowers risk;customer payment cadence raises risk;high generated risk score lowers risk
txn_f1194f8d7988,0.8566340318673559,1,0.856634,1,ml_only,0,,,,,,,,1,merchant_ecosystem_abuse,bust_out_merchant,session velocity raises risk;merchant age lowers risk;customer one-hour velocity lowers risk
txn_2209d5150510,0.30370817661478133,1,0.303708,1,ml_only,0,,,,,,,,1,merchant_ecosystem_abuse,bust_out_merchant,merchant age lowers risk;session velocity lowers risk;high generated risk score lowers risk
txn_23e2270f719b,0.5686934328163763,1,0.568693,1,ml_only,0,,,,,,,,1,merchant_ecosystem_abuse,bust_out_merchant,merchant age lowers risk;customer payment cadence raises risk;customer one-hour velocity lowers risk
txn_4a28635113a4,0.7491753031414305,1,0.749175,1,ml_only,0,,,,,,,,1,merchant_ecosystem_abuse,bust_out_merchant,session velocity raises risk;merchant age lowers risk;high generated risk score lowers risk
txn_e94dae92e624,0.510318221040594,1,0.510318,1,ml_only,0,,,,,,,,1,merchant_ecosystem_abuse,bust_out_merchant,merchant age lowers risk;session velocity lowers risk;customer payment cadence raises risk
txn_58161f6dae1d,0.6602645031897424,1,0.660265,1,ml_only,0,,,,,,,,1,merchant_ecosystem_abuse,bust_out_merchant,merchant age lowers risk;customer one-hour velocity lowers risk;merchant_category_code raises risk
txn_83027e727a89,0.8644472337883268,1,0.864447,1,ml_only,0,,,,,,,,1,merchant_ecosystem_abuse,bust_out_merchant,session velocity raises risk;merchant age lowers risk;customer payment cadence raises risk
txn_a4f4974fd832,0.48396880632617356,1,0.483969,1,ml_only,0,,,,,,,,1,merchant_ecosystem_abuse,bust_out_merchant,merchant age lowers risk;session velocity lowers risk;customer payment cadence raises risk
txn_9969d59d9071,0.287795,1,0.261136,0,hybrid_ml_llm,1,local_lmstudio,0.35,0.25,review,"The transaction shows some suspicious signs. The customer has a low payment cadence which lowers the risk, but there are failed login attempts on the same device, which increases the risk slightly. The IP address has a low reputation score, which also raises concerns.",low payment cadence;failed login attempts;low ip reputation score,,1,merchant_ecosystem_abuse,gift_card_abuse,customer payment cadence lowers risk;failed login activity lowers risk;session velocity lowers risk
txn_f1bd6dc21156,0.90120422892341,1,0.901204,1,ml_only,0,,,,,,,,1,merchant_ecosystem_abuse,gift_card_abuse,failed login activity lowers risk;merchant chargeback behavior raises risk;customer payment cadence raises risk
txn_b6c067fc403a,0.9640829816153303,1,0.964083,1,ml_only,0,,,,,,,,1,merchant_ecosystem_abuse,gift_card_abuse,session velocity raises risk;IP velocity raises risk;failed login activity lowers risk
txn_6282be42a548,0.9073932248161234,1,0.907393,1,ml_only,0,,,,,,,,1,merchant_ecosystem_abuse,gift_card_abuse,IP velocity raises risk;failed login activity lowers risk;session velocity lowers risk
txn_30e8de793fc4,0.9741086743319107,1,0.974109,1,ml_only,0,,,,,,,,1,merchant_ecosystem_abuse,gift_card_abuse,high generated risk score raises risk;IP velocity raises risk;failed login activity lowers risk
txn_bab567ad79ef,0.987436014955876,1,0.987436,1,ml_only,0,,,,,,,,1,merchant_ecosystem_abuse,gift_card_abuse,session velocity raises risk;high generated risk score raises risk;IP velocity raises risk
txn_5fa00cc4cf0c,0.9468191114413528,1,0.946819,1,ml_only,0,,,,,,,,1,merchant_ecosystem_abuse,gift_card_abuse,IP velocity raises risk;failed login activity lowers risk;session velocity lowers risk
txn_22d378449b4b,0.9700373364998858,1,0.970037,1,ml_only,0,,,,,,,,1,merchant_ecosystem_abuse,gift_card_abuse,IP velocity raises risk;failed login activity lowers risk;merchant chargeback behavior raises risk
txn_0c7bad365a03,0.9837492121627638,1,0.983749,1,ml_only,0,,,,,,,,1,merchant_ecosystem_abuse,gift_card_abuse,IP velocity raises risk;session velocity raises risk;failed login activity lowers risk
txn_90d866ea60c4,0.9693219841455292,1,0.969322,1,ml_only,0,,,,,,,,1,merchant_ecosystem_abuse,gift_card_abuse,IP velocity raises risk;failed login activity lowers risk;session velocity lowers risk
txn_adf32b1a8db8,0.9769701758039278,1,0.97697,1,ml_only,0,,,,,,,,1,merchant_ecosystem_abuse,gift_card_abuse,IP velocity raises risk;failed login activity lowers risk;high generated risk score raises risk
txn_7c3d8ca59466,0.9955778451818811,1,0.995578,1,ml_only,0,,,,,,,,1,merchant_ecosystem_abuse,gift_card_abuse,IP velocity raises risk;session velocity raises risk;high generated risk score raises risk
txn_64cda01e21f4,0.9829189670845984,1,0.982919,1,ml_only,0,,,,,,,,1,merchant_ecosystem_abuse,gift_card_abuse,IP velocity raises risk;high generated risk score raises risk;failed login activity lowers risk
txn_54c126ba4051,0.9939315951711761,1,0.993932,1,ml_only,0,,,,,,,,1,merchant_ecosystem_abuse,gift_card_abuse,IP velocity raises risk;failed login activity lowers risk;merchant chargeback behavior raises risk
txn_e4ec261f9ba8,0.9967443416079014,1,0.996744,1,ml_only,0,,,,,,,,1,merchant_ecosystem_abuse,gift_card_abuse,IP velocity raises risk;session velocity raises risk;failed login activity lowers risk
txn_4ab5da800c0f,0.9767130094639005,1,0.976713,1,ml_only,0,,,,,,,,1,merchant_ecosystem_abuse,gift_card_abuse,IP velocity raises risk;failed login activity lowers risk;session velocity lowers risk
txn_aac2a5dfac42,0.9896188959688172,1,0.989619,1,ml_only,0,,,,,,,,1,merchant_ecosystem_abuse,gift_card_abuse,IP velocity raises risk;high generated risk score raises risk;failed login activity lowers risk
txn_a0927a97a34a,0.9749075689566267,1,0.974908,1,ml_only,0,,,,,,,,1,merchant_ecosystem_abuse,gift_card_abuse,IP velocity raises risk;session velocity raises risk;failed login activity lowers risk
txn_01f957e657ea,0.9667151438286844,1,0.966715,1,ml_only,0,,,,,,,,1,merchant_ecosystem_abuse,gift_card_abuse,IP velocity raises risk;failed login activity lowers risk;high generated risk score raises risk
txn_d482fcc5bb76,0.9802005671519172,1,0.980201,1,ml_only,0,,,,,,,,1,merchant_ecosystem_abuse,gift_card_abuse,IP velocity raises risk;high generated risk score raises risk;failed login activity lowers risk
txn_71d6212d3b10,0.9896813301728474,1,0.989681,1,ml_only,0,,,,,,,,1,merchant_ecosystem_abuse,gift_card_abuse,session velocity raises risk;high generated risk score raises risk;IP velocity raises risk
txn_3fac42fc8f2d,0.8946641848981214,1,0.894664,1,ml_only,0,,,,,,,,1,merchant_ecosystem_abuse,gift_card_abuse,IP velocity raises risk;failed login activity lowers risk;session velocity lowers risk
txn_550a70102440,0.9304447427758726,1,0.930445,1,ml_only,0,,,,,,,,1,merchant_ecosystem_abuse,gift_card_abuse,failed login activity lowers risk;merchant chargeback behavior raises risk;IP velocity raises risk
txn_7a67a7ecab35,0.9877946552155391,1,0.987795,1,ml_only,0,,,,,,,,1,merchant_ecosystem_abuse,gift_card_abuse,session velocity raises risk;high generated risk score raises risk;failed login activity lowers risk
txn_6113deff1b0f,0.9682712924860173,1,0.968271,1,ml_only,0,,,,,,,,1,merchant_ecosystem_abuse,gift_card_abuse,high generated risk score raises risk;failed login activity lowers risk;session velocity lowers risk
txn_5165ed2cb463,0.9788817929592217,1,0.978882,1,ml_only,0,,,,,,,,1,merchant_ecosystem_abuse,gift_card_abuse,failed login activity lowers risk;merchant chargeback behavior raises risk;high generated risk score raises risk
txn_0cfb99acca88,0.986359621679494,1,0.98636,1,ml_only,0,,,,,,,,1,merchant_ecosystem_abuse,gift_card_abuse,session velocity raises risk;failed login activity lowers risk;merchant chargeback behavior raises risk
txn_5dbdeb41b4ae,0.9352449971936099,1,0.935245,1,ml_only,0,,,,,,,,1,merchant_ecosystem_abuse,gift_card_abuse,high generated risk score raises risk;failed login activity lowers risk;session velocity lowers risk
txn_a86cb3202bd7,0.9561263865119553,1,0.956126,1,ml_only,0,,,,,,,,1,merchant_ecosystem_abuse,gift_card_abuse,failed login activity lowers risk;merchant chargeback behavior raises risk;IP velocity raises risk
txn_ac1295510fed,0.9798326072469199,1,0.979833,1,ml_only,0,,,,,,,,1,merchant_ecosystem_abuse,gift_card_abuse,session velocity raises risk;failed login activity lowers risk;merchant chargeback behavior raises risk
txn_4e5aa9cf41fe,0.9490031915482406,1,0.949003,1,ml_only,0,,,,,,,,1,merchant_ecosystem_abuse,gift_card_abuse,high generated risk score raises risk;failed login activity lowers risk;session velocity lowers risk
txn_d2c3c007e744,0.9738843717433248,1,0.973884,1,ml_only,0,,,,,,,,1,merchant_ecosystem_abuse,gift_card_abuse,failed login activity lowers risk;merchant chargeback behavior raises risk;high generated risk score raises risk
txn_3cfafa74950f,0.9726000129665952,1,0.9726,1,ml_only,0,,,,,,,,1,merchant_ecosystem_abuse,gift_card_abuse,session velocity raises risk;failed login activity lowers risk;merchant chargeback behavior raises risk
txn_dc4a26958111,0.8088611166274771,1,0.808861,1,ml_only,0,,,,,,,,1,merchant_ecosystem_abuse,gift_card_abuse,failed login activity lowers risk;session velocity lowers risk;merchant chargeback behavior raises risk
txn_c13dcf0fa9ac,0.9742588767405091,1,0.974259,1,ml_only,0,,,,,,,,1,merchant_ecosystem_abuse,gift_card_abuse,high generated risk score raises risk;failed login activity lowers risk;merchant chargeback behavior raises risk
txn_9f5a25fe237d,0.9873461861650906,1,0.987346,1,ml_only,0,,,,,,,,1,merchant_ecosystem_abuse,gift_card_abuse,session velocity raises risk;high generated risk score raises risk;failed login activity lowers risk
txn_ef41fcd2a3de,0.7580015565871602,1,0.758002,1,ml_only,0,,,,,,,,1,merchant_ecosystem_abuse,gift_card_abuse,failed login activity lowers risk;session velocity lowers risk;merchant chargeback behavior raises risk
txn_d51932b986c5,0.9141587401345294,1,0.914159,1,ml_only,0,,,,,,,,1,merchant_ecosystem_abuse,gift_card_abuse,failed login activity lowers risk;merchant chargeback behavior raises risk;customer one-hour velocity lowers risk
txn_443203b8dc29,0.9553494716631398,1,0.955349,1,ml_only,0,,,,,,,,1,merchant_ecosystem_abuse,gift_card_abuse,session velocity raises risk;failed login activity lowers risk;merchant chargeback behavior raises risk
txn_ed0bfb8242d4,0.8904908695400977,1,0.890491,1,ml_only,0,,,,,,,,1,merchant_ecosystem_abuse,gift_card_abuse,failed login activity lowers risk;session velocity lowers risk;merchant chargeback behavior raises risk
txn_740b74b3124b,0.9738807683146035,1,0.973881,1,ml_only,0,,,,,,,,1,merchant_ecosystem_abuse,gift_card_abuse,high generated risk score raises risk;failed login activity lowers risk;merchant chargeback behavior raises risk
txn_aebd67309ae3,0.978772012333108,1,0.978772,1,ml_only,0,,,,,,,,1,merchant_ecosystem_abuse,gift_card_abuse,session velocity raises risk;failed login activity lowers risk;merchant chargeback behavior raises risk
txn_b05a1c98ae08,0.8295496192143051,1,0.82955,1,ml_only,0,,,,,,,,1,merchant_ecosystem_abuse,gift_card_abuse,failed login activity lowers risk;session velocity lowers risk;merchant chargeback behavior raises risk
txn_fee1d9626fdd,0.9503913301048224,1,0.950391,1,ml_only,0,,,,,,,,1,merchant_ecosystem_abuse,gift_card_abuse,high generated risk score raises risk;failed login activity lowers risk;merchant chargeback behavior raises risk
txn_0e19c5b45668,0.9761483249699197,1,0.976148,1,ml_only,0,,,,,,,,1,merchant_ecosystem_abuse,gift_card_abuse,session velocity raises risk;failed login activity lowers risk;merchant chargeback behavior raises risk
txn_79a7b0a831a3,0.8268146514508584,1,0.826815,1,ml_only,0,,,,,,,,1,merchant_ecosystem_abuse,gift_card_abuse,failed login activity lowers risk;session velocity lowers risk;merchant chargeback behavior raises risk
txn_e04ad0a3ef20,0.9567963730784129,1,0.956796,1,ml_only,0,,,,,,,,1,merchant_ecosystem_abuse,gift_card_abuse,failed login activity lowers risk;merchant chargeback behavior raises risk;high generated risk score raises risk
txn_0ef4c0b74934,0.9810723716548158,1,0.981072,1,ml_only,0,,,,,,,,1,merchant_ecosystem_abuse,gift_card_abuse,session velocity raises risk;failed login activity lowers risk;merchant chargeback behavior raises risk
txn_809edc625c0c,0.9104824975649131,1,0.910482,1,ml_only,0,,,,,,,,1,merchant_ecosystem_abuse,gift_card_abuse,failed login activity lowers risk;session velocity lowers risk;merchant chargeback behavior raises risk
txn_de3a37c63eeb,0.9642899459829689,1,0.96429,1,ml_only,0,,,,,,,,1,merchant_ecosystem_abuse,gift_card_abuse,high generated risk score raises risk;failed login activity lowers risk;merchant chargeback behavior raises risk
txn_af209e3a0b85,0.98565446607818,1,0.985654,1,ml_only,0,,,,,,,,1,merchant_ecosystem_abuse,gift_card_abuse,session velocity raises risk;failed login activity lowers risk;high generated risk score raises risk
txn_674142b148ae,0.9224986962402347,1,0.922499,1,ml_only,0,,,,,,,,1,merchant_ecosystem_abuse,gift_card_abuse,failed login activity lowers risk;session velocity lowers risk;merchant chargeback behavior raises risk
txn_e54e72ce4823,0.9751258568145937,1,0.975126,1,ml_only,0,,,,,,,,1,merchant_ecosystem_abuse,gift_card_abuse,high generated risk score raises risk;failed login activity lowers risk;merchant chargeback behavior raises risk
txn_ab753d784971,0.9719356012012724,1,0.971936,1,ml_only,0,,,,,,,,1,merchant_ecosystem_abuse,gift_card_abuse,session velocity raises risk;failed login activity lowers risk;merchant chargeback behavior raises risk
txn_327ed2b296fe,0.9147285862560922,1,0.914729,1,ml_only,0,,,,,,,,1,merchant_ecosystem_abuse,gift_card_abuse,high generated risk score raises risk;failed login activity lowers risk;session velocity lowers risk
txn_2159fc558030,0.9209957126498853,1,0.920996,1,ml_only,0,,,,,,,,1,merchant_ecosystem_abuse,gift_card_abuse,failed login activity lowers risk;merchant chargeback behavior raises risk;customer payment cadence raises risk
txn_9ee46e059cd8,0.9376561666882246,1,0.937656,1,ml_only,0,,,,,,,,1,merchant_ecosystem_abuse,gift_card_abuse,session velocity raises risk;failed login activity lowers risk;merchant chargeback behavior raises risk
txn_7e73ef8eed06,0.8391786820639525,1,0.839179,1,ml_only,0,,,,,,,,1,merchant_ecosystem_abuse,gift_card_abuse,failed login activity lowers risk;session velocity lowers risk;merchant chargeback behavior raises risk
txn_d0b5e3f5a529,0.9692922760062362,1,0.969292,1,ml_only,0,,,,,,,,1,merchant_ecosystem_abuse,gift_card_abuse,failed login activity lowers risk;merchant chargeback behavior raises risk;high generated risk score raises risk
txn_92e1eaa4d28b,0.986310737143968,1,0.986311,1,ml_only,0,,,,,,,,1,merchant_ecosystem_abuse,gift_card_abuse,session velocity raises risk;high generated risk score raises risk;failed login activity lowers risk
txn_5a601db21c3e,0.8599765404676474,1,0.859977,1,ml_only,0,,,,,,,,1,merchant_ecosystem_abuse,gift_card_abuse,failed login activity lowers risk;session velocity lowers risk;merchant chargeback behavior raises risk
txn_4138907e63d8,0.9640434390019306,1,0.964043,1,ml_only,0,,,,,,,,1,merchant_ecosystem_abuse,gift_card_abuse,failed login activity lowers risk;merchant chargeback behavior raises risk;high generated risk score raises risk
txn_7bfcb837f32a,0.9625166801169429,1,0.962517,1,ml_only,0,,,,,,,,1,merchant_ecosystem_abuse,gift_card_abuse,session velocity raises risk;high generated risk score lowers risk;failed login activity lowers risk
txn_a8d7edefb7f9,0.9112703321558038,1,0.91127,1,ml_only,0,,,,,,,,1,merchant_ecosystem_abuse,gift_card_abuse,failed login activity lowers risk;session velocity lowers risk;merchant chargeback behavior raises risk
txn_ead91cf311be,0.9819678835056447,1,0.981968,1,ml_only,0,,,,,,,,1,merchant_ecosystem_abuse,gift_card_abuse,high generated risk score raises risk;failed login activity lowers risk;merchant chargeback behavior raises risk
txn_57f8e0cd64f6,0.9839969228935661,1,0.983997,1,ml_only,0,,,,,,,,1,merchant_ecosystem_abuse,gift_card_abuse,session velocity raises risk;failed login activity lowers risk;merchant chargeback behavior raises risk
txn_34f1265e42f5,0.9305948639628714,1,0.930595,1,ml_only,0,,,,,,,,1,merchant_ecosystem_abuse,gift_card_abuse,failed login activity lowers risk;high generated risk score raises risk;session velocity lowers risk
txn_3a5de7ebd3f5,0.8931997330525996,1,0.8932,1,ml_only,0,,,,,,,,1,merchant_ecosystem_abuse,gift_card_abuse,failed login activity lowers risk;merchant chargeback behavior raises risk;high generated risk score lowers risk
txn_10c7c3c4b9ad,0.9933861020307031,1,0.993386,1,ml_only,0,,,,,,,,1,merchant_ecosystem_abuse,gift_card_abuse,session velocity raises risk;high generated risk score raises risk;failed login activity lowers risk
txn_b808e7a3913b,0.9545422135145478,1,0.954542,1,ml_only,0,,,,,,,,1,merchant_ecosystem_abuse,gift_card_abuse,high generated risk score raises risk;failed login activity lowers risk;session velocity lowers risk
txn_a55e23eaf0e0,0.983457589026035,1,0.983458,1,ml_only,0,,,,,,,,1,merchant_ecosystem_abuse,gift_card_abuse,high generated risk score raises risk;failed login activity lowers risk;merchant chargeback behavior raises risk
txn_81b41a3a1542,0.9882743311296086,1,0.988274,1,ml_only,0,,,,,,,,1,merchant_ecosystem_abuse,gift_card_abuse,session velocity raises risk;failed login activity lowers risk;merchant chargeback behavior raises risk
txn_2ce2741cfcfa,0.8871280315053786,1,0.887128,1,ml_only,0,,,,,,,,1,merchant_ecosystem_abuse,gift_card_abuse,failed login activity lowers risk;session velocity lowers risk;merchant chargeback behavior raises risk
txn_350142d9310b,0.9798749338553133,1,0.979875,1,ml_only,0,,,,,,,,1,merchant_ecosystem_abuse,gift_card_abuse,high generated risk score raises risk;failed login activity lowers risk;merchant chargeback behavior raises risk
txn_3978f83ed669,0.9858125311244312,1,0.985813,1,ml_only,0,,,,,,,,1,merchant_ecosystem_abuse,gift_card_abuse,session velocity raises risk;high generated risk score raises risk;failed login activity lowers risk
txn_4db2f99592b9,0.8615083842958683,1,0.861508,1,ml_only,0,,,,,,,,1,merchant_ecosystem_abuse,gift_card_abuse,high generated risk score raises risk;failed login activity lowers risk;session velocity lowers risk
txn_0e1d0db1fe36,0.9622481324954492,1,0.962248,1,ml_only,0,,,,,,,,1,merchant_ecosystem_abuse,gift_card_abuse,high generated risk score raises risk;failed login activity lowers risk;merchant chargeback behavior raises risk
txn_7cedec0de362,0.9785477358703245,1,0.978548,1,ml_only,0,,,,,,,,1,merchant_ecosystem_abuse,gift_card_abuse,session velocity raises risk;failed login activity lowers risk;merchant chargeback behavior raises risk
txn_2f73a28c1a78,0.9411005101710443,1,0.941101,1,ml_only,0,,,,,,,,1,merchant_ecosystem_abuse,gift_card_abuse,high generated risk score raises risk;failed login activity lowers risk;session velocity lowers risk
txn_7ae14631ebc5,0.9708345503501966,1,0.970835,1,ml_only,0,,,,,,,,1,merchant_ecosystem_abuse,gift_card_abuse,high generated risk score raises risk;failed login activity lowers risk;merchant chargeback behavior raises risk
txn_10b8ce42ddde,0.9774309897452023,1,0.977431,1,ml_only,0,,,,,,,,1,merchant_ecosystem_abuse,gift_card_abuse,session velocity raises risk;failed login activity lowers risk;merchant chargeback behavior raises risk
txn_0b94b1ee896d,0.8409149245633593,1,0.840915,1,ml_only,0,,,,,,,,1,merchant_ecosystem_abuse,gift_card_abuse,failed login activity lowers risk;session velocity lowers risk;merchant chargeback behavior raises risk
txn_576aa68fb955,0.9580926899785652,1,0.958093,1,ml_only,0,,,,,,,,1,merchant_ecosystem_abuse,gift_card_abuse,failed login activity lowers risk;merchant chargeback behavior raises risk;high generated risk score raises risk
txn_ead7619c3d61,0.9715927952225707,1,0.971593,1,ml_only,0,,,,,,,,1,merchant_ecosystem_abuse,gift_card_abuse,session velocity raises risk;failed login activity lowers risk;merchant chargeback behavior raises risk
txn_0aeb4fff8591,0.8820074003267633,1,0.882007,1,ml_only,0,,,,,,,,1,merchant_ecosystem_abuse,gift_card_abuse,high generated risk score raises risk;failed login activity lowers risk;session velocity lowers risk
txn_014f0d83ae36,0.9151285964259944,1,0.915129,1,ml_only,0,,,,,,,,1,merchant_ecosystem_abuse,gift_card_abuse,failed login activity lowers risk;merchant chargeback behavior raises risk;IP velocity lowers risk
txn_98587f09c06a,0.09709243870600447,0,0.097092,0,ml_only,0,,,,,,,,1,merchant_ecosystem_abuse,mule_laundering,transaction_type_code raises risk;customer payment cadence lowers risk;IP velocity lowers risk
txn_f560248358e8,0.874715113108372,1,0.874715,1,ml_only,0,,,,,,,,1,merchant_ecosystem_abuse,mule_laundering,transaction_type_code raises risk;device history lowers risk;high generated risk score raises risk
txn_dc678296434b,0.9555941511117658,1,0.955594,1,ml_only,0,,,,,,,,1,merchant_ecosystem_abuse,mule_laundering,transaction_type_code raises risk;session velocity raises risk;device history lowers risk
txn_238c644d5b44,0.7827315265168341,1,0.782732,1,ml_only,0,,,,,,,,1,merchant_ecosystem_abuse,mule_laundering,transaction_type_code raises risk;session velocity lowers risk;IP velocity raises risk
txn_61a25a3f68e0,0.9023601549382283,1,0.90236,1,ml_only,0,,,,,,,,1,merchant_ecosystem_abuse,mule_laundering,transaction_type_code raises risk;IP velocity raises risk;device history lowers risk
txn_0774f1ad6c3d,0.9897954969929234,1,0.989795,1,ml_only,0,,,,,,,,1,merchant_ecosystem_abuse,mule_laundering,transaction_type_code raises risk;IP velocity raises risk;session velocity raises risk
txn_ac173500c8e3,0.965083047890785,1,0.965083,1,ml_only,0,,,,,,,,1,merchant_ecosystem_abuse,mule_laundering,transaction_type_code raises risk;IP velocity raises risk;session velocity lowers risk
txn_de694dda4f32,0.978504656905453,1,0.978505,1,ml_only,0,,,,,,,,1,merchant_ecosystem_abuse,mule_laundering,IP velocity raises risk;transaction_type_code raises risk;device history lowers risk
txn_f524b222777f,0.9923933886603448,1,0.992393,1,ml_only,0,,,,,,,,1,merchant_ecosystem_abuse,mule_laundering,IP velocity raises risk;transaction_type_code raises risk;session velocity raises risk
txn_f5bc64c00f23,0.9229447072848133,1,0.922945,1,ml_only,0,,,,,,,,1,merchant_ecosystem_abuse,mule_laundering,IP velocity raises risk;transaction_type_code raises risk;session velocity lowers risk
txn_f6aded86a5a0,0.9881725020725671,1,0.988173,1,ml_only,0,,,,,,,,1,merchant_ecosystem_abuse,mule_laundering,IP velocity raises risk;transaction_type_code raises risk;device history lowers risk
txn_ee99cd5dcc63,0.996454303426347,1,0.996454,1,ml_only,0,,,,,,,,1,merchant_ecosystem_abuse,mule_laundering,IP velocity raises risk;transaction_type_code raises risk;session velocity raises risk
txn_81c0c5e33f33,0.9719419350897103,1,0.971942,1,ml_only,0,,,,,,,,1,merchant_ecosystem_abuse,mule_laundering,IP velocity raises risk;transaction_type_code raises risk;session velocity lowers risk
txn_a6e5e5494528,0.9909474702531977,1,0.990947,1,ml_only,0,,,,,,,,1,merchant_ecosystem_abuse,mule_laundering,IP velocity raises risk;transaction_type_code raises risk;device history lowers risk
txn_e77c263501b1,0.9954361022459223,1,0.995436,1,ml_only,0,,,,,,,,1,merchant_ecosystem_abuse,mule_laundering,IP velocity raises risk;transaction_type_code raises risk;session velocity raises risk
txn_09d34b6bfc91,0.958858076592514,1,0.958858,1,ml_only,0,,,,,,,,1,merchant_ecosystem_abuse,mule_laundering,IP velocity raises risk;transaction_type_code raises risk;session velocity lowers risk
txn_e451d4fefbdb,0.9918394401093283,1,0.991839,1,ml_only,0,,,,,,,,1,merchant_ecosystem_abuse,mule_laundering,IP velocity raises risk;transaction_type_code raises risk;device history lowers risk
txn_4890e047b3bd,0.9919884442516159,1,0.991988,1,ml_only,0,,,,,,,,1,merchant_ecosystem_abuse,mule_laundering,IP velocity raises risk;transaction_type_code raises risk;session velocity raises risk
txn_badf9489c840,0.9514873829475019,1,0.951487,1,ml_only,0,,,,,,,,1,merchant_ecosystem_abuse,mule_laundering,transaction_type_code raises risk;IP velocity raises risk;session velocity lowers risk
txn_8f3f124d0c2e,0.9750169678947153,1,0.975017,1,ml_only,0,,,,,,,,1,merchant_ecosystem_abuse,mule_laundering,transaction_type_code raises risk;IP velocity raises risk;device history lowers risk
txn_6700f14bdd3c,0.9819560207961717,1,0.981956,1,ml_only,0,,,,,,,,1,merchant_ecosystem_abuse,mule_laundering,transaction_type_code raises risk;IP velocity raises risk;session velocity raises risk
txn_e50f0b40717f,0.8774432159097377,1,0.877443,1,ml_only,0,,,,,,,,1,merchant_ecosystem_abuse,mule_laundering,transaction_type_code raises risk;IP velocity raises risk;session velocity lowers risk
txn_870aa9e7d188,0.9623915416625624,1,0.962392,1,ml_only,0,,,,,,,,1,merchant_ecosystem_abuse,mule_laundering,transaction_type_code raises risk;IP velocity raises risk;device history lowers risk
txn_0484c5c4144f,0.9732530523485194,1,0.973253,1,ml_only,0,,,,,,,,1,merchant_ecosystem_abuse,mule_laundering,transaction_type_code raises risk;session velocity raises risk;IP velocity raises risk
txn_1acda7d27eef,0.9291124863144058,1,0.929112,1,ml_only,0,,,,,,,,1,merchant_ecosystem_abuse,mule_laundering,transaction_type_code raises risk;IP velocity raises risk;session velocity lowers risk
txn_223755053ac4,0.9301095334902367,1,0.93011,1,ml_only,0,,,,,,,,1,merchant_ecosystem_abuse,mule_laundering,transaction_type_code raises risk;IP velocity raises risk;high generated risk score lowers risk
txn_90208d374e41,0.9671623109501762,1,0.967162,1,ml_only,0,,,,,,,,1,merchant_ecosystem_abuse,mule_laundering,transaction_type_code raises risk;session velocity raises risk;IP velocity raises risk
txn_450dd28751c4,0.6957128708673638,1,0.695713,1,ml_only,0,,,,,,,,1,merchant_ecosystem_abuse,mule_laundering,transaction_type_code raises risk;IP velocity raises risk;high generated risk score lowers risk
txn_36a072ff1747,0.9205817896622216,1,0.920582,1,ml_only,0,,,,,,,,1,merchant_ecosystem_abuse,mule_laundering,transaction_type_code raises risk;IP velocity raises risk;device history lowers risk
txn_67579a6b81dd,0.9655339067580413,1,0.965534,1,ml_only,0,,,,,,,,1,merchant_ecosystem_abuse,mule_laundering,transaction_type_code raises risk;session velocity raises risk;IP velocity raises risk
txn_fd765ce2aaf8,0.8280244772855593,1,0.828024,1,ml_only,0,,,,,,,,1,merchant_ecosystem_abuse,mule_laundering,transaction_type_code raises risk;IP velocity raises risk;session velocity lowers risk
txn_c3ce79254224,0.9486300318731715,1,0.94863,1,ml_only,0,,,,,,,,1,merchant_ecosystem_abuse,mule_laundering,transaction_type_code raises risk;IP velocity raises risk;device history lowers risk
txn_648ec716467b,0.9039531070058566,1,0.903953,1,ml_only,0,,,,,,,,1,merchant_ecosystem_abuse,mule_laundering,transaction_type_code raises risk;session velocity raises risk;high generated risk score lowers risk
txn_2baf7998cdb0,0.8371634509998294,1,0.837163,1,ml_only,0,,,,,,,,1,merchant_ecosystem_abuse,mule_laundering,transaction_type_code raises risk;session velocity lowers risk;IP velocity raises risk
txn_1fceb39c0023,0.9452369137575884,1,0.945237,1,ml_only,0,,,,,,,,1,merchant_ecosystem_abuse,mule_laundering,transaction_type_code raises risk;high generated risk score raises risk;IP velocity raises risk
txn_c2a1cca3f689,0.9557994697369249,1,0.955799,1,ml_only,0,,,,,,,,1,merchant_ecosystem_abuse,mule_laundering,transaction_type_code raises risk;session velocity raises risk;IP velocity raises risk
txn_ab4866108f47,0.8587379217574349,1,0.858738,1,ml_only,0,,,,,,,,1,merchant_ecosystem_abuse,mule_laundering,transaction_type_code raises risk;session velocity lowers risk;IP velocity raises risk
txn_ed2f3c2a0e7e,0.9211787831428631,1,0.921179,1,ml_only,0,,,,,,,,1,merchant_ecosystem_abuse,mule_laundering,transaction_type_code raises risk;high generated risk score lowers risk;IP velocity raises risk
txn_9fcb4c8a2427,0.9732510040444442,1,0.973251,1,ml_only,0,,,,,,,,1,merchant_ecosystem_abuse,mule_laundering,transaction_type_code raises risk;session velocity raises risk;IP velocity raises risk
txn_f5404754926f,0.9159288660801305,1,0.915929,1,ml_only,0,,,,,,,,1,merchant_ecosystem_abuse,mule_laundering,transaction_type_code raises risk;high generated risk score raises risk;session velocity lowers risk
txn_9fab1d261468,0.9577787726086333,1,0.957779,1,ml_only,0,,,,,,,,1,merchant_ecosystem_abuse,mule_laundering,transaction_type_code raises risk;IP velocity raises risk;device history lowers risk
txn_4545ecdd2746,0.9831820471092665,1,0.983182,1,ml_only,0,,,,,,,,1,merchant_ecosystem_abuse,mule_laundering,transaction_type_code raises risk;session velocity raises risk;IP velocity raises risk
txn_1a9c64a243d4,0.9326383404066033,1,0.932638,1,ml_only,0,,,,,,,,1,merchant_ecosystem_abuse,mule_laundering,transaction_type_code raises risk;session velocity lowers risk;high generated risk score raises risk
txn_3ca5706cc7af,0.9370888869553625,1,0.937089,1,ml_only,0,,,,,,,,1,merchant_ecosystem_abuse,mule_laundering,transaction_type_code raises risk;high generated risk score lowers risk;device history lowers risk
txn_e5f01a2348e5,0.9683888163253646,1,0.968389,1,ml_only,0,,,,,,,,1,merchant_ecosystem_abuse,mule_laundering,transaction_type_code raises risk;session velocity raises risk;high generated risk score lowers risk
txn_cb9d87bab2ae,0.8053213654715546,1,0.805321,1,ml_only,0,,,,,,,,1,merchant_ecosystem_abuse,mule_laundering,transaction_type_code raises risk;session velocity lowers risk;device history lowers risk
txn_05e6f5ac4b0f,0.9597340259656202,1,0.959734,1,ml_only,0,,,,,,,,1,merchant_ecosystem_abuse,mule_laundering,transaction_type_code raises risk;high generated risk score raises risk;device history lowers risk
txn_50e253a1daf3,0.9240871383132323,1,0.924087,1,ml_only,0,,,,,,,,1,merchant_ecosystem_abuse,mule_laundering,transaction_type_code raises risk;session velocity raises risk;high generated risk score lowers risk
txn_6b050a866116,0.625630375990171,1,0.62563,1,ml_only,0,,,,,,,,1,merchant_ecosystem_abuse,mule_laundering,transaction_type_code raises risk;high generated risk score lowers risk;session velocity lowers risk
txn_0667ef42b3ef,0.962133809732578,1,0.962134,1,ml_only,0,,,,,,,,1,merchant_ecosystem_abuse,mule_laundering,transaction_type_code raises risk;device history lowers risk;channel_code raises risk
txn_665319c9a4ec,0.9750834934672301,1,0.975083,1,ml_only,0,,,,,,,,1,merchant_ecosystem_abuse,mule_laundering,transaction_type_code raises risk;session velocity raises risk;device history lowers risk
txn_62d215e05c0e,0.7816329100598135,1,0.781633,1,ml_only,0,,,,,,,,1,merchant_ecosystem_abuse,mule_laundering,transaction_type_code raises risk;high generated risk score lowers risk;session velocity lowers risk
txn_df8185c528ee,0.9510825551440479,1,0.951083,1,ml_only,0,,,,,,,,1,merchant_ecosystem_abuse,mule_laundering,transaction_type_code raises risk;device history lowers risk;channel_code raises risk
txn_939cd38e68e9,0.9488585327511472,1,0.948859,1,ml_only,0,,,,,,,,1,merchant_ecosystem_abuse,mule_laundering,transaction_type_code raises risk;session velocity raises risk;high generated risk score lowers risk
txn_9921e2a48d75,0.8608539886734584,1,0.860854,1,ml_only,0,,,,,,,,1,merchant_ecosystem_abuse,mule_laundering,transaction_type_code raises risk;session velocity lowers risk;device history lowers risk
txn_8fd41afe41a2,0.9423621487783768,1,0.942362,1,ml_only,0,,,,,,,,1,merchant_ecosystem_abuse,mule_laundering,transaction_type_code raises risk;device history lowers risk;channel_code raises risk
txn_7b6f413988d2,0.9437742578175052,1,0.943774,1,ml_only,0,,,,,,,,1,merchant_ecosystem_abuse,mule_laundering,transaction_type_code raises risk;session velocity raises risk;high generated risk score lowers risk
txn_793247ede0a0,0.7828120376574396,1,0.782812,1,ml_only,0,,,,,,,,1,merchant_ecosystem_abuse,mule_laundering,transaction_type_code raises risk;high generated risk score lowers risk;session velocity lowers risk
txn_6c87db048145,0.9548056876555119,1,0.954806,1,ml_only,0,,,,,,,,1,merchant_ecosystem_abuse,mule_laundering,transaction_type_code raises risk;device history lowers risk;channel_code raises risk
txn_5f331e6f4e3e,0.9792654531518538,1,0.979265,1,ml_only,0,,,,,,,,1,merchant_ecosystem_abuse,mule_laundering,transaction_type_code raises risk;session velocity raises risk;device history lowers risk
txn_bd73173c25b9,0.7712533681419267,1,0.771253,1,ml_only,0,,,,,,,,1,merchant_ecosystem_abuse,mule_laundering,transaction_type_code raises risk;session velocity lowers risk;device history lowers risk
txn_4ccd55f1ef7e,0.940984473386212,1,0.940984,1,ml_only,0,,,,,,,,1,merchant_ecosystem_abuse,mule_laundering,transaction_type_code raises risk;device history lowers risk;customer payment cadence raises risk
txn_37d971cc1833,0.9756975849684271,1,0.975698,1,ml_only,0,,,,,,,,1,merchant_ecosystem_abuse,mule_laundering,transaction_type_code raises risk;session velocity raises risk;device history lowers risk
txn_8bc59c932c9e,0.8427475231139226,1,0.842748,1,ml_only,0,,,,,,,,1,merchant_ecosystem_abuse,mule_laundering,transaction_type_code raises risk;session velocity lowers risk;high generated risk score lowers risk
txn_e67886382a6a,0.9056922615918614,1,0.905692,1,ml_only,0,,,,,,,,1,merchant_ecosystem_abuse,mule_laundering,transaction_type_code raises risk;device history lowers risk;channel_code raises risk
txn_90224aecda88,0.9557823824569985,1,0.955782,1,ml_only,0,,,,,,,,1,merchant_ecosystem_abuse,mule_laundering,transaction_type_code raises risk;session velocity raises risk;device history lowers risk
txn_60190d5ccadc,0.7851160851793005,1,0.785116,1,ml_only,0,,,,,,,,1,merchant_ecosystem_abuse,mule_laundering,transaction_type_code raises risk;high generated risk score lowers risk;session velocity lowers risk
txn_36669615f15d,0.8912147245972912,1,0.891215,1,ml_only,0,,,,,,,,1,merchant_ecosystem_abuse,mule_laundering,transaction_type_code raises risk;device history lowers risk;customer payment cadence raises risk
txn_4149d890bc26,0.9474167938880592,1,0.947417,1,ml_only,0,,,,,,,,1,merchant_ecosystem_abuse,mule_laundering,transaction_type_code raises risk;session velocity raises risk;high generated risk score lowers risk
txn_1d389a586955,0.7485283330819931,1,0.748528,1,ml_only,0,,,,,,,,1,merchant_ecosystem_abuse,mule_laundering,transaction_type_code raises risk;high generated risk score lowers risk;session velocity lowers risk
txn_f3a36f882fbb,0.9503330633828245,1,0.950333,1,ml_only,0,,,,,,,,1,merchant_ecosystem_abuse,mule_laundering,transaction_type_code raises risk;device history lowers risk;channel_code raises risk
txn_080fd039b316,0.9772021211034807,1,0.977202,1,ml_only,0,,,,,,,,1,merchant_ecosystem_abuse,mule_laundering,transaction_type_code raises risk;session velocity raises risk;device history lowers risk
txn_9722f441e279,0.4731651260825358,1,0.473165,1,ml_only,0,,,,,,,,1,merchant_ecosystem_abuse,marketplace_seller_fraud,customer payment cadence lowers risk;customer decline history raises risk;high generated risk score raises risk
txn_bde87bbd8282,0.9882960224637296,1,0.988296,1,ml_only,0,,,,,,,,1,merchant_ecosystem_abuse,marketplace_seller_fraud,high generated risk score raises risk;customer decline history raises risk;merchant growth pattern raises risk
txn_aa05bbcde788,0.993897164367431,1,0.993897,1,ml_only,0,,,,,,,,1,merchant_ecosystem_abuse,marketplace_seller_fraud,session velocity raises risk;customer decline history raises risk;high generated risk score raises risk
txn_cfde536efcc0,0.9669580101030796,1,0.966958,1,ml_only,0,,,,,,,,1,merchant_ecosystem_abuse,marketplace_seller_fraud,customer decline history raises risk;high generated risk score raises risk;session velocity lowers risk
txn_2c3028f9fe8b,0.9965841410623553,1,0.996584,1,ml_only,0,,,,,,,,1,merchant_ecosystem_abuse,marketplace_seller_fraud,customer decline history raises risk;high generated risk score raises risk;IP velocity raises risk
txn_653a1a00f4c6,0.99814122340035,1,0.998141,1,ml_only,0,,,,,,,,1,merchant_ecosystem_abuse,marketplace_seller_fraud,session velocity raises risk;customer decline history raises risk;IP velocity raises risk
txn_bce84c95e279,0.9845914155821454,1,0.984591,1,ml_only,0,,,,,,,,1,merchant_ecosystem_abuse,marketplace_seller_fraud,customer decline history raises risk;IP velocity raises risk;session velocity lowers risk
txn_7b6ab1081a37,0.9963466000179835,1,0.996347,1,ml_only,0,,,,,,,,1,merchant_ecosystem_abuse,marketplace_seller_fraud,customer decline history raises risk;IP velocity raises risk;high generated risk score raises risk
txn_af127d1fd851,0.9972672301162956,1,0.997267,1,ml_only,0,,,,,,,,1,merchant_ecosystem_abuse,marketplace_seller_fraud,IP velocity raises risk;session velocity raises risk;customer decline history raises risk
txn_32703e36a8f4,0.9896467193909033,1,0.989647,1,ml_only,0,,,,,,,,1,merchant_ecosystem_abuse,marketplace_seller_fraud,IP velocity raises risk;customer decline history raises risk;session velocity lowers risk
txn_2204c25e906d,0.9980177981652945,1,0.998018,1,ml_only,0,,,,,,,,1,merchant_ecosystem_abuse,marketplace_seller_fraud,IP velocity raises risk;customer decline history raises risk;merchant growth pattern raises risk
txn_2a3e679e7042,0.9993567033321595,1,0.999357,1,ml_only,0,,,,,,,,1,merchant_ecosystem_abuse,marketplace_seller_fraud,IP velocity raises risk;session velocity raises risk;customer decline history raises risk
txn_2f6b24677463,0.9971244116176347,1,0.997124,1,ml_only,0,,,,,,,,1,merchant_ecosystem_abuse,marketplace_seller_fraud,IP velocity raises risk;customer decline history raises risk;high generated risk score raises risk
txn_9002bf550b90,0.996349656086292,1,0.99635,1,ml_only,0,,,,,,,,1,merchant_ecosystem_abuse,marketplace_seller_fraud,IP velocity raises risk;customer decline history raises risk;merchant growth pattern raises risk
txn_b76fe517b973,0.9963040782887831,1,0.996304,1,ml_only,0,,,,,,,,1,merchant_ecosystem_abuse,marketplace_seller_fraud,IP velocity raises risk;session velocity raises risk;customer decline history raises risk
txn_1b0c1dc1502b,0.9802558272264225,1,0.980256,1,ml_only,0,,,,,,,,1,merchant_ecosystem_abuse,marketplace_seller_fraud,customer decline history raises risk;IP velocity raises risk;session velocity lowers risk
txn_a1d2ddc52c55,0.9927161045256427,1,0.992716,1,ml_only,0,,,,,,,,1,merchant_ecosystem_abuse,marketplace_seller_fraud,customer decline history raises risk;IP velocity raises risk;merchant growth pattern raises risk
txn_7355b543574a,0.9921672395790448,1,0.992167,1,ml_only,0,,,,,,,,1,merchant_ecosystem_abuse,marketplace_seller_fraud,session velocity raises risk;customer decline history raises risk;IP velocity raises risk
txn_5b5297fa82b5,0.9400534376537901,1,0.940053,1,ml_only,0,,,,,,,,1,merchant_ecosystem_abuse,marketplace_seller_fraud,customer decline history raises risk;session velocity lowers risk;high generated risk score raises risk
txn_d49c950306f3,0.9877812880385857,1,0.987781,1,ml_only,0,,,,,,,,1,merchant_ecosystem_abuse,marketplace_seller_fraud,customer decline history raises risk;high generated risk score raises risk;merchant growth pattern raises risk
txn_b57e45ad1731,0.9850221069798448,1,0.985022,1,ml_only,0,,,,,,,,1,merchant_ecosystem_abuse,marketplace_seller_fraud,session velocity raises risk;customer decline history raises risk;merchant growth pattern raises risk
txn_c97f57cd6359,0.983442723016523,1,0.983443,1,ml_only,0,,,,,,,,1,merchant_ecosystem_abuse,marketplace_seller_fraud,customer decline history raises risk;high generated risk score raises risk;session velocity lowers risk
txn_ebe0f5bbc775,0.9908205989877815,1,0.990821,1,ml_only,0,,,,,,,,1,merchant_ecosystem_abuse,marketplace_seller_fraud,customer decline history raises risk;high generated risk score raises risk;merchant growth pattern raises risk
txn_04947131e1fb,0.9952985622818225,1,0.995299,1,ml_only,0,,,,,,,,1,merchant_ecosystem_abuse,marketplace_seller_fraud,session velocity raises risk;customer decline history raises risk;high generated risk score raises risk
txn_710b6bcf164b,0.9594298846163544,1,0.95943,1,ml_only,0,,,,,,,,1,merchant_ecosystem_abuse,marketplace_seller_fraud,customer decline history raises risk;session velocity lowers risk;high generated risk score raises risk
txn_6b5b0459a067,0.9721947321204786,1,0.972195,1,ml_only,0,,,,,,,,1,merchant_ecosystem_abuse,marketplace_seller_fraud,customer decline history raises risk;merchant growth pattern raises risk;customer one-hour velocity lowers risk
txn_5746e3428411,0.9937754775581006,1,0.993775,1,ml_only,0,,,,,,,,1,merchant_ecosystem_abuse,marketplace_seller_fraud,session velocity raises risk;customer decline history raises risk;merchant growth pattern raises risk
txn_b8acf292a5d0,0.9746129948306499,1,0.974613,1,ml_only,0,,,,,,,,1,merchant_ecosystem_abuse,marketplace_seller_fraud,customer decline history raises risk;high generated risk score raises risk;session velocity lowers risk
txn_a1aa79f752db,0.9901421467731907,1,0.990142,1,ml_only,0,,,,,,,,1,merchant_ecosystem_abuse,marketplace_seller_fraud,customer decline history raises risk;high generated risk score raises risk;merchant growth pattern raises risk
txn_73378d4f6f39,0.9934185481114761,1,0.993419,1,ml_only,0,,,,,,,,1,merchant_ecosystem_abuse,marketplace_seller_fraud,session velocity raises risk;customer decline history raises risk;merchant growth pattern raises risk
txn_3af16288a5ca,0.9517063007703869,1,0.951706,1,ml_only,0,,,,,,,,1,merchant_ecosystem_abuse,marketplace_seller_fraud,customer decline history raises risk;session velocity lowers risk;merchant growth pattern raises risk
txn_1c60b5c6a2b4,0.9830102436595006,1,0.98301,1,ml_only,0,,,,,,,,1,merchant_ecosystem_abuse,marketplace_seller_fraud,customer decline history raises risk;merchant growth pattern raises risk;customer payment cadence raises risk
txn_df5af850c8ee,0.9930742485569031,1,0.993074,1,ml_only,0,,,,,,,,1,merchant_ecosystem_abuse,marketplace_seller_fraud,session velocity raises risk;customer decline history raises risk;merchant growth pattern raises risk
txn_5b82e36996b4,0.962112211579975,1,0.962112,1,ml_only,0,,,,,,,,1,merchant_ecosystem_abuse,marketplace_seller_fraud,customer decline history raises risk;session velocity lowers risk;merchant growth pattern raises risk
txn_ec73aefbc2bf,0.9926463808692869,1,0.992646,1,ml_only,0,,,,,,,,1,merchant_ecosystem_abuse,marketplace_seller_fraud,customer decline history raises risk;high generated risk score raises risk;merchant growth pattern raises risk
txn_0feeec494103,0.9911549122192435,1,0.991155,1,ml_only,0,,,,,,,,1,merchant_ecosystem_abuse,marketplace_seller_fraud,session velocity raises risk;customer decline history raises risk;merchant growth pattern raises risk
txn_0b35ca567027,0.977305237529938,1,0.977305,1,ml_only,0,,,,,,,,1,merchant_ecosystem_abuse,marketplace_seller_fraud,customer decline history raises risk;high generated risk score raises risk;session velocity lowers risk
txn_2d8374ba03ba,0.9942120083766265,1,0.994212,1,ml_only,0,,,,,,,,1,merchant_ecosystem_abuse,marketplace_seller_fraud,customer decline history raises risk;high generated risk score raises risk;merchant growth pattern raises risk
txn_c0f8aa3c1d37,0.9977419957545153,1,0.997742,1,ml_only,0,,,,,,,,1,merchant_ecosystem_abuse,marketplace_seller_fraud,session velocity raises risk;customer decline history raises risk;high generated risk score raises risk
txn_7eb4d9b74650,0.9713185280596821,1,0.971319,1,ml_only,0,,,,,,,,1,merchant_ecosystem_abuse,marketplace_seller_fraud,customer decline history raises risk;high generated risk score raises risk;session velocity lowers risk
txn_78af45fcd263,0.9715837092969581,1,0.971584,1,ml_only,0,,,,,,,,1,merchant_ecosystem_abuse,marketplace_seller_fraud,customer decline history raises risk;merchant growth pattern raises risk;customer one-hour velocity lowers risk
txn_13e708c1fff7,0.9967608557461138,1,0.996761,1,ml_only,0,,,,,,,,1,merchant_ecosystem_abuse,marketplace_seller_fraud,session velocity raises risk;customer decline history raises risk;merchant growth pattern raises risk
txn_dc7525daaa48,0.989803295184655,1,0.989803,1,ml_only,0,,,,,,,,1,merchant_ecosystem_abuse,marketplace_seller_fraud,high generated risk score raises risk;customer decline history raises risk;session velocity lowers risk
txn_aa0d79e2bd5a,0.9902023525260917,1,0.990202,1,ml_only,0,,,,,,,,1,merchant_ecosystem_abuse,marketplace_seller_fraud,customer decline history raises risk;high generated risk score raises risk;merchant growth pattern raises risk
txn_b721792bae84,0.9908221740874061,1,0.990822,1,ml_only,0,,,,,,,,1,merchant_ecosystem_abuse,marketplace_seller_fraud,session velocity raises risk;customer decline history raises risk;merchant growth pattern raises risk
txn_0dd3e88ced62,0.921750138734133,1,0.92175,1,ml_only,0,,,,,,,,1,merchant_ecosystem_abuse,marketplace_seller_fraud,customer decline history raises risk;session velocity lowers risk;merchant growth pattern raises risk
txn_0a4eec3b5653,0.9406068096024328,1,0.940607,1,ml_only,0,,,,,,,,1,merchant_ecosystem_abuse,marketplace_seller_fraud,customer decline history raises risk;high generated risk score raises risk;merchant growth pattern raises risk
txn_8df359eed710,0.9923126651309436,1,0.992313,1,ml_only,0,,,,,,,,1,merchant_ecosystem_abuse,marketplace_seller_fraud,session velocity raises risk;customer decline history raises risk;high generated risk score raises risk
txn_a97b3256621f,0.9724453592841752,1,0.972445,1,ml_only,0,,,,,,,,1,merchant_ecosystem_abuse,marketplace_seller_fraud,customer decline history raises risk;high generated risk score raises risk;session velocity lowers risk
txn_15e3472ede30,0.9822167728450547,1,0.982217,1,ml_only,0,,,,,,,,1,merchant_ecosystem_abuse,marketplace_seller_fraud,customer decline history raises risk;high generated risk score raises risk;merchant growth pattern raises risk
txn_f74ceac34e76,0.9966322707913072,1,0.996632,1,ml_only,0,,,,,,,,1,merchant_ecosystem_abuse,marketplace_seller_fraud,session velocity raises risk;customer decline history raises risk;high generated risk score raises risk
txn_4f49a48a107b,0.9837119190946844,1,0.983712,1,ml_only,0,,,,,,,,1,merchant_ecosystem_abuse,marketplace_seller_fraud,high generated risk score raises risk;customer decline history raises risk;session velocity lowers risk
txn_6949f664679d,0.9902770023573139,1,0.990277,1,ml_only,0,,,,,,,,1,merchant_ecosystem_abuse,marketplace_seller_fraud,customer decline history raises risk;merchant growth pattern raises risk;high generated risk score raises risk
txn_c052a63c2bd0,0.9952493168303954,1,0.995249,1,ml_only,0,,,,,,,,1,merchant_ecosystem_abuse,marketplace_seller_fraud,session velocity raises risk;customer decline history raises risk;merchant growth pattern raises risk
txn_b4fedc5de7d0,0.9761994999363554,1,0.976199,1,ml_only,0,,,,,,,,1,merchant_ecosystem_abuse,marketplace_seller_fraud,customer decline history raises risk;session velocity lowers risk;merchant growth pattern raises risk
txn_2f9dda612b79,0.9900897485076214,1,0.99009,1,ml_only,0,,,,,,,,1,merchant_ecosystem_abuse,marketplace_seller_fraud,customer decline history raises risk;high generated risk score raises risk;merchant growth pattern raises risk
txn_ac8bef947b5d,0.9961576956246849,1,0.996158,1,ml_only,0,,,,,,,,1,merchant_ecosystem_abuse,marketplace_seller_fraud,session velocity raises risk;customer decline history raises risk;high generated risk score raises risk
txn_b16d565ec5ce,0.9715189307986715,1,0.971519,1,ml_only,0,,,,,,,,1,merchant_ecosystem_abuse,marketplace_seller_fraud,customer decline history raises risk;session velocity lowers risk;merchant growth pattern raises risk
txn_b551fecd924d,0.9853807801502955,1,0.985381,1,ml_only,0,,,,,,,,1,merchant_ecosystem_abuse,marketplace_seller_fraud,customer decline history raises risk;merchant growth pattern raises risk;customer one-hour velocity lowers risk
txn_c3d3f59183dc,0.9942046385782928,1,0.994205,1,ml_only,0,,,,,,,,1,merchant_ecosystem_abuse,marketplace_seller_fraud,session velocity raises risk;customer decline history raises risk;merchant growth pattern raises risk
txn_eea8025fb8e6,0.9819764977200411,1,0.981976,1,ml_only,0,,,,,,,,1,merchant_ecosystem_abuse,marketplace_seller_fraud,customer decline history raises risk;high generated risk score raises risk;session velocity lowers risk
txn_ac5b12ec4034,0.993202074257803,1,0.993202,1,ml_only,0,,,,,,,,1,merchant_ecosystem_abuse,marketplace_seller_fraud,customer decline history raises risk;high generated risk score raises risk;merchant growth pattern raises risk
txn_90024b547867,0.9947040811379736,1,0.994704,1,ml_only,0,,,,,,,,1,merchant_ecosystem_abuse,marketplace_seller_fraud,session velocity raises risk;customer decline history raises risk;high generated risk score raises risk
txn_4db8e0a639fe,0.959860745453786,1,0.959861,1,ml_only,0,,,,,,,,1,merchant_ecosystem_abuse,marketplace_seller_fraud,customer decline history raises risk;session velocity lowers risk;high generated risk score raises risk
txn_7496766ab3d7,0.99152811006017,1,0.991528,1,ml_only,0,,,,,,,,1,merchant_ecosystem_abuse,marketplace_seller_fraud,customer decline history raises risk;merchant growth pattern raises risk;customer payment cadence raises risk
txn_0b3fd44ead32,0.9972412832484243,1,0.997241,1,ml_only,0,,,,,,,,1,merchant_ecosystem_abuse,marketplace_seller_fraud,session velocity raises risk;customer decline history raises risk;merchant growth pattern raises risk
txn_f8d9c442f6a6,0.9684470531493969,1,0.968447,1,ml_only,0,,,,,,,,1,merchant_ecosystem_abuse,marketplace_seller_fraud,customer decline history raises risk;session velocity lowers risk;merchant growth pattern raises risk
txn_85abd04c0f9b,0.9914225850726077,1,0.991423,1,ml_only,0,,,,,,,,1,merchant_ecosystem_abuse,marketplace_seller_fraud,customer decline history raises risk;merchant growth pattern raises risk;high generated risk score raises risk
txn_7936530bd93d,0.9925606308580689,1,0.992561,1,ml_only,0,,,,,,,,1,merchant_ecosystem_abuse,marketplace_seller_fraud,session velocity raises risk;customer decline history raises risk;merchant growth pattern raises risk
txn_350d0fcc5751,0.9388099653754763,1,0.93881,1,ml_only,0,,,,,,,,1,merchant_ecosystem_abuse,marketplace_seller_fraud,customer decline history raises risk;session velocity lowers risk;high generated risk score raises risk
txn_9b4339d956d6,0.9901338224666,1,0.990134,1,ml_only,0,,,,,,,,1,merchant_ecosystem_abuse,marketplace_seller_fraud,customer decline history raises risk;merchant growth pattern raises risk;high generated risk score raises risk
txn_b0ece5fa3599,0.046757357105125165,0,0.046757,0,ml_only,0,,,,,,,,1,merchant_ecosystem_abuse,triangulation_fraud,customer payment cadence lowers risk;IP velocity lowers risk;session velocity lowers risk
txn_38742312fd3a,0.2956455527342149,1,0.295646,1,ml_only,0,,,,,,,,1,merchant_ecosystem_abuse,triangulation_fraud,IP velocity lowers risk;merchant age lowers risk;high generated risk score lowers risk
txn_3a05004d7c0f,0.6149071277373305,1,0.614907,1,ml_only,0,,,,,,,,1,merchant_ecosystem_abuse,triangulation_fraud,session velocity raises risk;IP velocity lowers risk;merchant age lowers risk
txn_52c5202ae3fe,0.3691120286554982,1,0.369112,1,ml_only,0,,,,,,,,1,merchant_ecosystem_abuse,triangulation_fraud,session velocity lowers risk;IP velocity lowers risk;merchant age lowers risk
txn_e99153d67de1,0.6613472395077394,1,0.661347,1,ml_only,0,,,,,,,,1,merchant_ecosystem_abuse,triangulation_fraud,merchant age lowers risk;customer one-hour velocity lowers risk;customer payment cadence raises risk
txn_43ef7e338f1d,0.9346461678896227,1,0.934646,1,ml_only,0,,,,,,,,1,merchant_ecosystem_abuse,triangulation_fraud,session velocity raises risk;IP velocity raises risk;merchant age lowers risk
txn_d9b5ba4970f5,0.7827489663771251,1,0.782749,1,ml_only,0,,,,,,,,1,merchant_ecosystem_abuse,triangulation_fraud,IP velocity raises risk;session velocity lowers risk;merchant age lowers risk
txn_f4e3979a1db9,0.8038595579048582,1,0.80386,1,ml_only,0,,,,,,,,1,merchant_ecosystem_abuse,triangulation_fraud,IP velocity raises risk;merchant age lowers risk;customer one-hour velocity lowers risk
txn_8adc75bba6bd,0.9711686596698239,1,0.971169,1,ml_only,0,,,,,,,,1,merchant_ecosystem_abuse,triangulation_fraud,IP velocity raises risk;session velocity raises risk;merchant age lowers risk
txn_6ef8150a55ef,0.8132374605537102,1,0.813237,1,ml_only,0,,,,,,,,1,merchant_ecosystem_abuse,triangulation_fraud,IP velocity raises risk;session velocity lowers risk;merchant age lowers risk
txn_f64fde23a2c3,0.9415625369320146,1,0.941563,1,ml_only,0,,,,,,,,1,merchant_ecosystem_abuse,triangulation_fraud,IP velocity raises risk;merchant age lowers risk;customer one-hour velocity lowers risk
txn_8a09f80e7cd5,0.9508473780056791,1,0.950847,1,ml_only,0,,,,,,,,1,merchant_ecosystem_abuse,triangulation_fraud,IP velocity raises risk;session velocity raises risk;merchant age lowers risk
txn_d4b294287e00,0.5860952980948545,1,0.586095,1,ml_only,0,,,,,,,,1,merchant_ecosystem_abuse,triangulation_fraud,IP velocity raises risk;high generated risk score lowers risk;session velocity lowers risk
txn_a5f25bb36dc8,0.9009577035457549,1,0.900958,1,ml_only,0,,,,,,,,1,merchant_ecosystem_abuse,triangulation_fraud,IP velocity raises risk;merchant age lowers risk;customer one-hour velocity lowers risk
txn_5183e45c883a,0.8873440021375012,1,0.887344,1,ml_only,0,,,,,,,,1,merchant_ecosystem_abuse,triangulation_fraud,IP velocity raises risk;session velocity raises risk;high generated risk score lowers risk
txn_7b2a3c9e779a,0.6170522026102256,1,0.617052,1,ml_only,0,,,,,,,,1,merchant_ecosystem_abuse,triangulation_fraud,IP velocity raises risk;session velocity lowers risk;high generated risk score lowers risk
txn_9dc3390bb153,0.7236788078776124,1,0.723679,1,ml_only,0,,,,,,,,1,merchant_ecosystem_abuse,triangulation_fraud,IP velocity raises risk;high generated risk score lowers risk;merchant age lowers risk
txn_44a14d06c6f7,0.9016014361069364,1,0.901601,1,ml_only,0,,,,,,,,1,merchant_ecosystem_abuse,triangulation_fraud,session velocity raises risk;IP velocity raises risk;merchant age lowers risk
txn_4bb849db517c,0.693788057732226,1,0.693788,1,ml_only,0,,,,,,,,1,merchant_ecosystem_abuse,triangulation_fraud,session velocity lowers risk;IP velocity raises risk;merchant age lowers risk
txn_7a2686a1313b,0.5386874431936246,1,0.538687,1,ml_only,0,,,,,,,,1,merchant_ecosystem_abuse,triangulation_fraud,high generated risk score lowers risk;merchant age lowers risk;customer payment cadence raises risk
txn_4da2e4513488,0.9312811300401839,1,0.931281,1,ml_only,0,,,,,,,,1,merchant_ecosystem_abuse,triangulation_fraud,session velocity raises risk;merchant age lowers risk;customer payment cadence raises risk
txn_422676f51442,0.4527823847704871,1,0.452782,1,ml_only,0,,,,,,,,1,merchant_ecosystem_abuse,triangulation_fraud,session velocity lowers risk;merchant age lowers risk;customer one-hour velocity lowers risk
txn_f1c8ad73308e,0.809027955569,1,0.809028,1,ml_only,0,,,,,,,,1,merchant_ecosystem_abuse,triangulation_fraud,merchant age lowers risk;customer payment cadence raises risk;customer one-hour velocity lowers risk
txn_bb516f11dbcf,0.9391605001178457,1,0.939161,1,ml_only,0,,,,,,,,1,merchant_ecosystem_abuse,triangulation_fraud,session velocity raises risk;merchant age lowers risk;customer payment cadence raises risk
txn_19f2ad5e1778,0.6174439457425467,1,0.617444,1,ml_only,0,,,,,,,,1,merchant_ecosystem_abuse,triangulation_fraud,session velocity lowers risk;merchant age lowers risk;customer one-hour velocity lowers risk
txn_af888ebb312a,0.7797047960117977,1,0.779705,1,ml_only,0,,,,,,,,1,merchant_ecosystem_abuse,triangulation_fraud,merchant age lowers risk;customer payment cadence raises risk;customer one-hour velocity lowers risk
txn_18e6077781f8,0.943929517237381,1,0.94393,1,ml_only,0,,,,,,,,1,merchant_ecosystem_abuse,triangulation_fraud,session velocity raises risk;merchant age lowers risk;customer payment cadence raises risk
txn_aa95b1e9539b,0.5753827779088547,1,0.575383,1,ml_only,0,,,,,,,,1,merchant_ecosystem_abuse,triangulation_fraud,session velocity lowers risk;merchant age lowers risk;customer payment cadence raises risk
txn_81cd1581f918,0.8723517545893907,1,0.872352,1,ml_only,0,,,,,,,,1,merchant_ecosystem_abuse,triangulation_fraud,merchant age lowers risk;customer payment cadence raises risk;high generated risk score raises risk
txn_ed7a0bacae48,0.9193337221574621,1,0.919334,1,ml_only,0,,,,,,,,1,merchant_ecosystem_abuse,triangulation_fraud,session velocity raises risk;merchant age lowers risk;customer one-hour velocity lowers risk
txn_e49c5377346f,0.7087095157550721,1,0.70871,1,ml_only,0,,,,,,,,1,merchant_ecosystem_abuse,triangulation_fraud,session velocity lowers risk;merchant age lowers risk;customer one-hour velocity lowers risk
txn_302a913a236f,0.744641050513011,1,0.744641,1,ml_only,0,,,,,,,,1,merchant_ecosystem_abuse,triangulation_fraud,high generated risk score raises risk;merchant age lowers risk;customer one-hour velocity lowers risk
txn_ddeb89350cce,0.8536452932263865,1,0.853645,1,ml_only,0,,,,,,,,1,merchant_ecosystem_abuse,triangulation_fraud,session velocity raises risk;merchant age lowers risk;customer payment cadence raises risk
txn_4e2cb117bf6d,0.5993209032810721,1,0.599321,1,ml_only,0,,,,,,,,1,merchant_ecosystem_abuse,triangulation_fraud,session velocity lowers risk;merchant age lowers risk;customer payment cadence raises risk
txn_a6ae6b48ddf1,0.4482046300703535,1,0.448205,1,ml_only,0,,,,,,,,1,merchant_ecosystem_abuse,triangulation_fraud,merchant age lowers risk;high generated risk score lowers risk;customer one-hour velocity lowers risk
txn_0c56d2a8b07b,0.853944040152444,1,0.853944,1,ml_only,0,,,,,,,,1,merchant_ecosystem_abuse,triangulation_fraud,session velocity raises risk;merchant age lowers risk;customer one-hour velocity lowers risk
txn_67f89fe818c0,0.5429910202356903,1,0.542991,1,ml_only,0,,,,,,,,1,merchant_ecosystem_abuse,triangulation_fraud,session velocity lowers risk;merchant age lowers risk;customer payment cadence raises risk
txn_9230548e39d2,0.7049243317436242,1,0.704924,1,ml_only,0,,,,,,,,1,merchant_ecosystem_abuse,triangulation_fraud,merchant age lowers risk;customer one-hour velocity lowers risk;IP velocity raises risk
txn_5e36be3d3738,0.754766632380858,1,0.754767,1,ml_only,0,,,,,,,,1,merchant_ecosystem_abuse,triangulation_fraud,session velocity raises risk;high generated risk score lowers risk;merchant age lowers risk
txn_7d58beb4adbb,0.5763190847271401,1,0.576319,1,ml_only,0,,,,,,,,1,merchant_ecosystem_abuse,triangulation_fraud,session velocity lowers risk;merchant age lowers risk;customer one-hour velocity lowers risk
txn_5f89e9fde754,0.7858398573497876,1,0.78584,1,ml_only,0,,,,,,,,1,merchant_ecosystem_abuse,triangulation_fraud,merchant age lowers risk;customer payment cadence raises risk;high generated risk score raises risk
txn_86c25e37bff1,0.6555752387823292,1,0.655575,1,ml_only,0,,,,,,,,1,post_transaction_abuse,alternative_refund_abuse,customer payment cadence lowers risk;customer decline history raises risk;transaction_type_code raises risk
txn_5d9ec2c0ce64,0.9761094619984451,1,0.976109,1,ml_only,0,,,,,,,,1,post_transaction_abuse,alternative_refund_abuse,customer decline history raises risk;transaction_type_code raises risk;failed login activity lowers risk
txn_7e4d6a1609da,0.9883111648063473,1,0.988311,1,ml_only,0,,,,,,,,1,post_transaction_abuse,alternative_refund_abuse,session velocity raises risk;customer decline history raises risk;transaction_type_code raises risk
txn_2fcaab26803a,0.9371496089806824,1,0.93715,1,ml_only,0,,,,,,,,1,post_transaction_abuse,alternative_refund_abuse,customer decline history raises risk;transaction_type_code raises risk;IP velocity raises risk
txn_4d0529347e08,0.9887140732289573,1,0.988714,1,ml_only,0,,,,,,,,1,post_transaction_abuse,alternative_refund_abuse,IP velocity raises risk;customer decline history raises risk;transaction_type_code raises risk
txn_5894bd53991c,0.9917160838029743,1,0.991716,1,ml_only,0,,,,,,,,1,post_transaction_abuse,alternative_refund_abuse,IP velocity raises risk;session velocity raises risk;customer decline history raises risk
txn_8ab9238cb468,0.991671115936891,1,0.991671,1,ml_only,0,,,,,,,,1,post_transaction_abuse,alternative_refund_abuse,IP velocity raises risk;customer decline history raises risk;transaction_type_code raises risk
txn_324cbeae2da9,0.9963822866808592,1,0.996382,1,ml_only,0,,,,,,,,1,post_transaction_abuse,alternative_refund_abuse,IP velocity raises risk;customer decline history raises risk;transaction_type_code raises risk
txn_fd278a75fc60,0.9966368404368402,1,0.996637,1,ml_only,0,,,,,,,,1,post_transaction_abuse,alternative_refund_abuse,IP velocity raises risk;session velocity raises risk;customer decline history raises risk
txn_0a5d65e3b956,0.0832653118109206,0,0.083265,0,ml_only,0,,,,,,,,1,post_transaction_abuse,chargeback_fraud,customer payment cadence lowers risk;transaction_type_code raises risk;high generated risk score lowers risk
txn_6b833a589fac,0.7672930911554446,1,0.767293,1,ml_only,0,,,,,,,,1,post_transaction_abuse,chargeback_fraud,transaction_type_code raises risk;amount deviation from customer history lowers risk;customer payment cadence raises risk
txn_f13ee6b76616,0.9574895577174203,1,0.95749,1,ml_only,0,,,,,,,,1,post_transaction_abuse,chargeback_fraud,session velocity raises risk;transaction_type_code raises risk;IP velocity raises risk
txn_7c92b1d1bbc8,0.9120930554095009,1,0.912093,1,ml_only,0,,,,,,,,1,post_transaction_abuse,chargeback_fraud,transaction_type_code raises risk;high generated risk score raises risk;IP velocity raises risk
txn_f02dd578beba,0.9215575485362474,1,0.921558,1,ml_only,0,,,,,,,,1,post_transaction_abuse,chargeback_fraud,transaction_type_code raises risk;IP velocity raises risk;customer payment cadence raises risk
txn_3c27ce799be7,0.944250390961435,1,0.94425,1,ml_only,0,,,,,,,,1,post_transaction_abuse,chargeback_fraud,session velocity raises risk;transaction_type_code raises risk;customer payment cadence raises risk
txn_0e078a0be3e5,0.8380971014274453,1,0.838097,1,ml_only,0,,,,,,,,1,post_transaction_abuse,chargeback_fraud,transaction_type_code raises risk;IP velocity raises risk;session velocity lowers risk
txn_abe517cc1749,0.8957947813909474,1,0.895795,1,ml_only,0,,,,,,,,1,post_transaction_abuse,chargeback_fraud,transaction_type_code raises risk;IP velocity raises risk;customer payment cadence raises risk
txn_755ef8305814,0.9220975061576941,1,0.922098,1,ml_only,0,,,,,,,,1,post_transaction_abuse,chargeback_fraud,session velocity raises risk;IP velocity raises risk;transaction_type_code raises risk
txn_ed239e768aa4,0.8460467874250788,1,0.846047,1,ml_only,0,,,,,,,,1,post_transaction_abuse,chargeback_fraud,IP velocity raises risk;transaction_type_code raises risk;session velocity lowers risk
txn_ed99220c1f3e,0.5379862566261615,1,0.537986,1,ml_only,0,,,,,,,,1,post_transaction_abuse,non_delivery_claim,customer payment cadence lowers risk;transaction_type_code raises risk;IP velocity lowers risk
txn_a8286b22b8e9,0.9709367988789556,1,0.970937,1,ml_only,0,,,,,,,,1,post_transaction_abuse,non_delivery_claim,transaction_type_code raises risk;merchant chargeback behavior raises risk;customer one-hour velocity lowers risk
txn_9f0479d9296b,0.9880541652851138,1,0.988054,1,ml_only,0,,,,,,,,1,post_transaction_abuse,non_delivery_claim,session velocity raises risk;transaction_type_code raises risk;merchant chargeback behavior raises risk
txn_405dada2f35a,0.9605390619790695,1,0.960539,1,ml_only,0,,,,,,,,1,post_transaction_abuse,non_delivery_claim,high generated risk score raises risk;transaction_type_code raises risk;merchant chargeback behavior raises risk
txn_631cd3d52c16,0.985039026483085,1,0.985039,1,ml_only,0,,,,,,,,1,post_transaction_abuse,non_delivery_claim,high generated risk score raises risk;transaction_type_code raises risk;IP velocity raises risk
txn_071c733e1406,0.9953967167315886,1,0.995397,1,ml_only,0,,,,,,,,1,post_transaction_abuse,non_delivery_claim,session velocity raises risk;IP velocity raises risk;transaction_type_code raises risk
txn_c18e3e7fb9a0,0.9779238889825708,1,0.977924,1,ml_only,0,,,,,,,,1,post_transaction_abuse,non_delivery_claim,IP velocity raises risk;transaction_type_code raises risk;merchant chargeback behavior raises risk
txn_1e4d75e13bcb,0.9974873741412695,1,0.997487,1,ml_only,0,,,,,,,,1,post_transaction_abuse,non_delivery_claim,IP velocity raises risk;high generated risk score raises risk;transaction_type_code raises risk
txn_2877c56d9f21,0.9967904663291198,1,0.99679,1,ml_only,0,,,,,,,,1,post_transaction_abuse,non_delivery_claim,IP velocity raises risk;session velocity raises risk;transaction_type_code raises risk
txn_8d6bf71ab411,0.994489786940683,1,0.99449,1,ml_only,0,,,,,,,,1,post_transaction_abuse,non_delivery_claim,IP velocity raises risk;transaction_type_code raises risk;high generated risk score raises risk
txn_00339f8fe4a9,0.9926406960279872,1,0.992641,1,ml_only,0,,,,,,,,1,post_transaction_abuse,non_delivery_claim,transaction_type_code raises risk;IP velocity raises risk;merchant chargeback behavior raises risk
txn_b06dc1aa9201,0.9959381726984357,1,0.995938,1,ml_only,0,,,,,,,,1,post_transaction_abuse,non_delivery_claim,session velocity raises risk;transaction_type_code raises risk;IP velocity raises risk
txn_13b55a30596f,0.9653815902438442,1,0.965382,1,ml_only,0,,,,,,,,1,post_transaction_abuse,non_delivery_claim,transaction_type_code raises risk;merchant chargeback behavior raises risk;session velocity lowers risk
txn_ab4fe8c733c7,0.9539814704502614,1,0.953981,1,ml_only,0,,,,,,,,1,post_transaction_abuse,non_delivery_claim,transaction_type_code raises risk;merchant chargeback behavior raises risk;IP velocity raises risk
txn_b37e7bb84ad7,0.985915815865826,1,0.985916,1,ml_only,0,,,,,,,,1,post_transaction_abuse,non_delivery_claim,session velocity raises risk;transaction_type_code raises risk;merchant chargeback behavior raises risk
txn_68752d597e1f,0.9527461606168792,1,0.952746,1,ml_only,0,,,,,,,,1,post_transaction_abuse,non_delivery_claim,transaction_type_code raises risk;merchant chargeback behavior raises risk;session velocity lowers risk
txn_c5f7dcf10bfa,0.6100290477352444,1,0.610029,1,ml_only,0,,,,,,,,1,post_transaction_abuse,refund_fraud,customer payment cadence lowers risk;customer decline history raises risk;transaction_type_code raises risk
txn_eb5b20d63d7d,0.9944813784420392,1,0.994481,1,ml_only,0,,,,,,,,1,post_transaction_abuse,refund_fraud,customer decline history raises risk;transaction_type_code raises risk;failed login activity lowers risk
txn_f57076f7b1e9,0.9932589462248529,1,0.993259,1,ml_only,0,,,,,,,,1,post_transaction_abuse,refund_fraud,session velocity raises risk;customer decline history raises risk;transaction_type_code raises risk
txn_86dab5f454d9,0.9842566184217519,1,0.984257,1,ml_only,0,,,,,,,,1,post_transaction_abuse,refund_fraud,customer decline history raises risk;transaction_type_code raises risk;failed login activity lowers risk
txn_8db52f672285,0.9949961384781693,1,0.994996,1,ml_only,0,,,,,,,,1,post_transaction_abuse,refund_fraud,customer decline history raises risk;transaction_type_code raises risk;failed login activity lowers risk
txn_51f1c72de09c,0.9987893860488913,1,0.998789,1,ml_only,0,,,,,,,,1,post_transaction_abuse,refund_fraud,session velocity raises risk;customer decline history raises risk;transaction_type_code raises risk
txn_e4a2956318dc,0.992976711786645,1,0.992977,1,ml_only,0,,,,,,,,1,post_transaction_abuse,refund_fraud,customer decline history raises risk;transaction_type_code raises risk;failed login activity lowers risk
txn_73e0893bd7c1,0.9949289024806464,1,0.994929,1,ml_only,0,,,,,,,,1,post_transaction_abuse,refund_fraud,customer decline history raises risk;transaction_type_code raises risk;IP velocity raises risk
txn_65b28c00a8f9,0.9988967018848571,1,0.998897,1,ml_only,0,,,,,,,,1,post_transaction_abuse,refund_fraud,session velocity raises risk;customer decline history raises risk;transaction_type_code raises risk
txn_69daa5f2d016,0.9892841155476733,1,0.989284,1,ml_only,0,,,,,,,,1,post_transaction_abuse,refund_fraud,customer decline history raises risk;transaction_type_code raises risk;failed login activity lowers risk
txn_398a02833240,0.9965778850284185,1,0.996578,1,ml_only,0,,,,,,,,1,post_transaction_abuse,refund_fraud,customer decline history raises risk;IP velocity raises risk;transaction_type_code raises risk
txn_8e53d9278817,0.11413158070356956,0,0.114132,0,ml_only,0,,,,,,,,1,post_transaction_abuse,return_policy_abuse,customer payment cadence lowers risk;transaction_type_code raises risk;IP velocity lowers risk
txn_942d00f1156e,0.9146511204704777,1,0.914651,1,ml_only,0,,,,,,,,1,post_transaction_abuse,return_policy_abuse,high generated risk score raises risk;transaction_type_code raises risk;customer one-hour velocity lowers risk
txn_07b88c42995b,0.9630900577909937,1,0.96309,1,ml_only,0,,,,,,,,1,post_transaction_abuse,return_policy_abuse,session velocity raises risk;IP velocity raises risk;transaction_type_code raises risk
txn_6f58ebeae2a1,0.7747817686962704,1,0.774782,1,ml_only,0,,,,,,,,1,post_transaction_abuse,return_policy_abuse,IP velocity raises risk;transaction_type_code raises risk;high generated risk score lowers risk
txn_7a9294fd7b05,0.8966479025106731,1,0.896648,1,ml_only,0,,,,,,,,1,post_transaction_abuse,return_policy_abuse,IP velocity raises risk;transaction_type_code raises risk;customer one-hour velocity lowers risk
txn_4cbf5649ca34,0.9632621897226586,1,0.963262,1,ml_only,0,,,,,,,,1,post_transaction_abuse,return_policy_abuse,session velocity raises risk;IP velocity raises risk;transaction_type_code raises risk
txn_88770af98e0c,0.8504562235324514,1,0.850456,1,ml_only,0,,,,,,,,1,post_transaction_abuse,return_policy_abuse,IP velocity raises risk;transaction_type_code raises risk;session velocity lowers risk
txn_c477b9d65e63,0.949456699765471,1,0.949457,1,ml_only,0,,,,,,,,1,post_transaction_abuse,return_policy_abuse,IP velocity raises risk;transaction_type_code raises risk;customer one-hour velocity lowers risk
txn_de1dbeded6bd,0.9572617325103212,1,0.957262,1,ml_only,0,,,,,,,,1,post_transaction_abuse,return_policy_abuse,session velocity raises risk;IP velocity raises risk;transaction_type_code raises risk
txn_985ce798d10c,0.8007666026270274,1,0.800767,1,ml_only,0,,,,,,,,1,post_transaction_abuse,return_policy_abuse,transaction_type_code raises risk;session velocity lowers risk;IP velocity raises risk
txn_fc230ec45fad,0.9382993519095493,1,0.938299,1,ml_only,0,,,,,,,,1,post_transaction_abuse,return_policy_abuse,transaction_type_code raises risk;IP velocity raises risk;customer payment cadence raises risk
txn_71da449119ca,0.9477474935308021,1,0.947747,1,ml_only,0,,,,,,,,1,post_transaction_abuse,return_policy_abuse,session velocity raises risk;transaction_type_code raises risk;customer payment cadence raises risk
txn_3ed048f3b7ae,0.7006275949489615,1,0.700628,1,ml_only,0,,,,,,,,1,post_transaction_abuse,return_policy_abuse,transaction_type_code raises risk;high generated risk score raises risk;session velocity lowers risk
txn_e8e15014ff39,0.7895552707851194,1,0.789555,1,ml_only,0,,,,,,,,1,post_transaction_abuse,return_policy_abuse,transaction_type_code raises risk;high generated risk score raises risk;customer payment cadence raises risk
txn_bb6474931f34,0.9100908013747856,1,0.910091,1,ml_only,0,,,,,,,,1,post_transaction_abuse,return_policy_abuse,session velocity raises risk;transaction_type_code raises risk;high generated risk score raises risk
txn_788bc774e926,0.5542508229273585,1,0.554251,1,ml_only,0,,,,,,,,1,post_transaction_abuse,return_policy_abuse,transaction_type_code raises risk;session velocity lowers risk;customer payment cadence raises risk
txn_33ec359a3f82,0.7037437194578713,1,0.703744,1,ml_only,0,,,,,,,,1,post_transaction_abuse,return_policy_abuse,transaction_type_code raises risk;high generated risk score lowers risk;customer one-hour velocity lowers risk
txn_d1eb5d8e7d34,0.9070523336717374,1,0.907052,1,ml_only,0,,,,,,,,1,post_transaction_abuse,return_policy_abuse,session velocity raises risk;transaction_type_code raises risk;customer payment cadence raises risk
txn_d5924f6ce235,0.5474826812357546,1,0.547483,1,ml_only,0,,,,,,,,1,post_transaction_abuse,return_policy_abuse,transaction_type_code raises risk;session velocity lowers risk;merchant_category_code lowers risk
txn_d91b87234f96,0.8222664468495746,1,0.822266,1,ml_only,0,,,,,,,,1,post_transaction_abuse,return_policy_abuse,transaction_type_code raises risk;customer one-hour velocity lowers risk;customer payment cadence raises risk
txn_14cac801add9,0.9788822093390483,1,0.978882,1,ml_only,0,,,,,,,,1,post_transaction_abuse,return_policy_abuse,session velocity raises risk;transaction_type_code raises risk;high generated risk score raises risk
txn_9f8359313748,0.05019907380757711,0,0.050199,0,ml_only,0,,,,,,,,1,social_engineering_payment_fraud,ai_impersonation,customer payment cadence lowers risk;IP velocity raises risk;high generated risk score lowers risk
txn_80c50628e3ad,0.5660874164656756,1,0.566087,1,ml_only,0,,,,,,,,1,social_engineering_payment_fraud,ai_impersonation,IP velocity raises risk;high generated risk score lowers risk;customer payment cadence raises risk
txn_58b332f82dc4,0.694379321267519,1,0.694379,1,ml_only,0,,,,,,,,1,social_engineering_payment_fraud,ai_impersonation,session velocity raises risk;high generated risk score lowers risk;customer decline history lowers risk
txn_e15cc02fb794,0.5575203086258627,1,0.55752,1,ml_only,0,,,,,,,,1,social_engineering_payment_fraud,ai_impersonation,IP velocity raises risk;session velocity lowers risk;customer decline history lowers risk
txn_d832b2334ba8,0.8907243653187112,1,0.890724,1,ml_only,0,,,,,,,,1,social_engineering_payment_fraud,ai_impersonation,IP velocity raises risk;high generated risk score raises risk;customer decline history lowers risk
txn_c551834061fa,0.8597627623582055,1,0.859763,1,ml_only,0,,,,,,,,1,social_engineering_payment_fraud,ai_impersonation,IP velocity raises risk;session velocity raises risk;customer payment cadence raises risk
txn_a89dc4984c94,0.43294607401430674,1,0.432946,1,ml_only,0,,,,,,,,1,social_engineering_payment_fraud,authorized_push_payment_scam,transaction_type_code raises risk;customer payment cadence lowers risk;high generated risk score raises risk
txn_e75b31e0ab73,0.9019575718624206,1,0.901958,1,ml_only,0,,,,,,,,1,social_engineering_payment_fraud,authorized_push_payment_scam,transaction_type_code raises risk;channel_code raises risk;customer one-hour velocity lowers risk
txn_fac58334c15f,0.9841155666006646,1,0.984116,1,ml_only,0,,,,,,,,1,social_engineering_payment_fraud,authorized_push_payment_scam,transaction_type_code raises risk;session velocity raises risk;channel_code raises risk
txn_27eafd08f31c,0.9284639132216329,1,0.928464,1,ml_only,0,,,,,,,,1,social_engineering_payment_fraud,authorized_push_payment_scam,transaction_type_code raises risk;IP velocity raises risk;session velocity lowers risk
txn_f149af4fd5fd,0.9763549415161413,1,0.976355,1,ml_only,0,,,,,,,,1,social_engineering_payment_fraud,authorized_push_payment_scam,transaction_type_code raises risk;IP velocity raises risk;channel_code raises risk
txn_677b2eb50eb5,0.9716990182125407,1,0.971699,1,ml_only,0,,,,,,,,1,social_engineering_payment_fraud,authorized_push_payment_scam,transaction_type_code raises risk;session velocity raises risk;high generated risk score lowers risk
txn_ea8a1ea7bbb4,0.8566867626987631,1,0.856687,1,ml_only,0,,,,,,,,1,social_engineering_payment_fraud,authorized_push_payment_scam,transaction_type_code raises risk;high generated risk score lowers risk;session velocity lowers risk
txn_e452fcbf5851,0.9399495328944523,1,0.93995,1,ml_only,0,,,,,,,,1,social_engineering_payment_fraud,authorized_push_payment_scam,transaction_type_code raises risk;high generated risk score lowers risk;channel_code raises risk
txn_4f22ab59c398,0.9696213210745079,1,0.969621,1,ml_only,0,,,,,,,,1,social_engineering_payment_fraud,authorized_push_payment_scam,transaction_type_code raises risk;session velocity raises risk;high generated risk score lowers risk
txn_8934083b69e4,0.1760187180298049,0,0.176019,0,ml_only,0,,,,,,,,1,social_engineering_payment_fraud,business_email_compromise,unusual amount raises risk;customer payment cadence lowers risk;IP velocity lowers risk
txn_56d3af73fb58,0.8924059486531534,1,0.892406,1,ml_only,0,,,,,,,,1,social_engineering_payment_fraud,business_email_compromise,customer amount baseline raises risk;unusual amount raises risk;customer payment cadence raises risk
txn_e2b405637cf8,0.9126075033334784,1,0.912608,1,ml_only,0,,,,,,,,1,social_engineering_payment_fraud,business_email_compromise,session velocity raises risk;customer amount baseline raises risk;customer payment cadence raises risk
txn_05f24770e359,0.9566785655721507,1,0.956679,1,ml_only,0,,,,,,,,1,social_engineering_payment_fraud,business_email_compromise,unusual amount raises risk;customer amount baseline raises risk;session velocity lowers risk
txn_7f4cf57ab41f,0.9949001629451666,1,0.9949,1,ml_only,0,,,,,,,,1,social_engineering_payment_fraud,business_email_compromise,unusual amount raises risk;customer amount baseline raises risk;high generated risk score raises risk
txn_6a983f363ed1,0.9710787473489493,1,0.971079,1,ml_only,0,,,,,,,,1,social_engineering_payment_fraud,business_email_compromise,customer amount baseline raises risk;unusual amount raises risk;session velocity raises risk
txn_8fdb524241e0,0.9024088094700494,1,0.902409,1,ml_only,0,,,,,,,,1,social_engineering_payment_fraud,business_email_compromise,customer amount baseline raises risk;high generated risk score raises risk;session velocity lowers risk
txn_2726526371ea,0.9721066030261583,1,0.972107,1,ml_only,0,,,,,,,,1,social_engineering_payment_fraud,business_email_compromise,unusual amount raises risk;customer amount baseline raises risk;high generated risk score lowers risk
txn_695c6fb4c160,0.9523877083521195,1,0.952388,1,ml_only,0,,,,,,,,1,social_engineering_payment_fraud,business_email_compromise,customer amount baseline raises risk;session velocity raises risk;unusual amount raises risk
txn_68f6d07f4c51,0.021589238061215456,0,0.021589,0,ml_only,0,,,,,,,,1,social_engineering_payment_fraud,executive_impersonation,customer payment cadence lowers risk;unusual amount raises risk;merchant age lowers risk
txn_fcaae8cd0c46,0.9871440544337913,1,0.987144,1,ml_only,0,,,,,,,,1,social_engineering_payment_fraud,executive_impersonation,unusual amount raises risk;customer amount baseline raises risk;merchant age lowers risk
txn_2eda3c051a2c,0.9920910393778656,1,0.992091,1,ml_only,0,,,,,,,,1,social_engineering_payment_fraud,executive_impersonation,customer amount baseline raises risk;unusual amount raises risk;session velocity raises risk
txn_67f53723ab08,0.9293776293441651,1,0.929378,1,ml_only,0,,,,,,,,1,social_engineering_payment_fraud,executive_impersonation,unusual amount raises risk;customer amount baseline raises risk;merchant age lowers risk
txn_2b9f2eacf810,0.9702955858444233,1,0.970296,1,ml_only,0,,,,,,,,1,social_engineering_payment_fraud,vendor_rerouting,unusual amount raises risk;customer payment cadence lowers risk;customer decline history raises risk
txn_b846a31ecaa3,0.9964113726600392,1,0.996411,1,ml_only,0,,,,,,,,1,social_engineering_payment_fraud,vendor_rerouting,customer amount baseline raises risk;customer decline history raises risk;unusual amount raises risk
txn_caae463f29bf,0.9998026815648416,1,0.999803,1,ml_only,0,,,,,,,,1,social_engineering_payment_fraud,vendor_rerouting,unusual amount raises risk;customer amount baseline raises risk;session velocity raises risk
txn_1b1e48b23cef,0.9947514644846924,1,0.994751,1,ml_only,0,,,,,,,,1,social_engineering_payment_fraud,vendor_rerouting,customer amount baseline raises risk;unusual amount raises risk;customer decline history raises risk
txn_476c53b92164,0.9998029005952661,1,0.999803,1,ml_only,0,,,,,,,,1,social_engineering_payment_fraud,vendor_rerouting,unusual amount raises risk;customer amount baseline raises risk;customer decline history raises risk
txn_07ee79da9f78,0.9998330150601029,1,0.999833,1,ml_only,0,,,,,,,,1,social_engineering_payment_fraud,vendor_rerouting,unusual amount raises risk;customer amount baseline raises risk;session velocity raises risk
txn_fd1deec424ba,0.9959616328421308,1,0.995962,1,ml_only,0,,,,,,,,1,social_engineering_payment_fraud,vendor_rerouting,customer amount baseline raises risk;unusual amount raises risk;customer decline history raises risk
