transaction_id,amount,risk_score,event_hour,billing_shipping_mismatch,customer_transaction_count,merchant_transaction_count,device_transaction_count,session_transaction_count,ip_transaction_count,customer_txn_count_1h_prior,device_txn_count_1h_prior,customer_decline_count_24h_prior,customer_amount_mean_prior,customer_amount_deviation_ratio,minutes_since_customer_event,minutes_since_device_event,customer_account_age_days,customer_historical_decline_rate,customer_historical_spend_mean,merchant_age_days,merchant_refund_rate,merchant_chargeback_rate,merchant_volume_growth_rate,device_ip_reputation_score,device_first_seen_days_ago,device_failed_login_count,label,attack_bucket,attack_subtype,attack_id,scenario_id,simulation_segment,currency_code,channel_code,rail_code,transaction_type_code,status_code,billing_country_code,shipping_country_code,merchant_category_code,payment_method_type_code,auth_result_code
txn_f7006a27825f,5.66,0.0749,0,0,0.0,0.0,0.0,0.0,0.0,0.0,0.0,0.0,0.0,0.0,1440.0,1440.0,562.0,0.0607,49.37,1680.0,0.0785,0.0041,0.1082,0.1357,379.0,0.0,0,,,,,routine_benign,4,6,4,1,0,2,2,1,1,0
txn_ea70572cbfcd,52.46,0.1279,0,0,1.0,0.0,1.0,0.0,0.0,1.0,1.0,0.0,5.66,8.2686,7.0,7.0,562.0,0.0607,49.37,2431.0,0.068,0.0059,0.2311,0.1357,379.0,0.0,0,,,,,routine_benign,3,8,4,1,0,4,4,2,3,0
txn_19953660094d,43.65,0.119,0,0,3.0,0.0,3.0,0.0,0.0,3.0,3.0,0.0,37.8767,0.1524,8.0,8.0,562.0,0.0607,49.37,1962.0,0.0022,0.0013,0.0899,0.1357,379.0,0.0,0,,,,,routine_benign,3,4,4,1,0,2,2,0,0,0
txn_3224fc12eb71,55.51,0.1086,0,0,2.0,0.0,2.0,0.0,0.0,2.0,2.0,0.0,29.06,0.9102,11.0,11.0,562.0,0.0607,49.37,3207.0,0.0517,0.0091,0.1598,0.1357,379.0,0.0,0,,,,,routine_benign,4,8,3,1,0,3,3,2,1,0
txn_0159001eb6b9,51.57,0.0287,1,0,1.0,0.0,4.0,0.0,0.0,1.0,4.0,0.0,582.41,0.9115,11.0,34.0,2756.0,0.0736,92.7,2963.0,0.0402,0.0094,0.2588,0.1357,379.0,0.0,0,,,,,routine_benign,2,4,3,1,0,5,5,6,2,0
txn_4e278b64819e,32.61,0.3174,1,0,3.0,0.0,2.0,0.0,0.0,3.0,2.0,0.0,223.7567,0.8543,3.0,3.0,2756.0,0.0736,92.7,2057.0,0.064,0.0055,0.1768,0.008,205.0,1.0,0,,,,,routine_benign,1,10,3,1,0,1,1,3,2,0
txn_db79c1c9230b,37.29,0.0854,1,0,2.0,0.0,1.0,0.0,0.0,2.0,1.0,0.0,316.99,0.8824,12.0,23.0,2756.0,0.0736,92.7,446.0,0.0096,0.0127,0.03,0.008,205.0,1.0,0,,,,,routine_benign,2,10,3,1,0,4,4,5,1,0
txn_b8ffc7581114,582.41,0.4858,0,0,0.0,0.0,0.0,0.0,0.0,0.0,0.0,0.0,0.0,0.0,1440.0,1440.0,2756.0,0.0736,92.7,1815.0,0.0239,0.0094,0.224,0.008,205.0,1.0,0,,,,,atypical_benign,3,10,3,1,0,0,0,3,2,0
txn_75da955712dd,36.27,0.3071,1,0,0.0,0.0,3.0,0.0,0.0,0.0,3.0,0.0,0.0,0.0,1440.0,13.0,440.0,0.0798,272.12,2449.0,0.0193,0.0128,0.3348,0.008,205.0,1.0,0,,,,,routine_benign,1,8,3,1,0,1,1,3,0,0
txn_27f5627dfa11,22.28,0.1732,1,0,1.0,0.0,4.0,0.0,0.0,1.0,4.0,0.0,36.27,0.3857,2.0,2.0,440.0,0.0798,272.12,3082.0,0.0612,0.0127,0.3139,0.008,205.0,1.0,0,,,,,routine_benign,3,8,1,1,0,3,3,5,0,0
txn_eae8fb9aa179,23.43,0.351,3,0,3.0,0.0,2.0,0.0,0.0,1.0,1.0,0.0,208.86,0.8878,45.0,45.0,440.0,0.0798,272.12,1470.0,0.0328,0.0024,0.1904,0.0335,183.0,0.0,0,,,,,routine_benign,0,10,1,1,0,4,4,3,3,0
txn_8a7e7817bb1e,568.03,0.5034,2,0,2.0,0.0,1.0,0.0,0.0,0.0,0.0,0.0,29.275,18.4032,75.0,61.0,440.0,0.0798,272.12,2977.0,0.0069,0.0029,0.0634,0.0335,183.0,0.0,0,,,,,atypical_benign,3,4,4,1,0,2,2,3,3,0
txn_68a18240dafd,42.3,0.4688,4,0,3.0,0.0,4.0,0.0,0.0,1.0,1.0,0.0,18.37,1.3027,36.0,36.0,2076.0,0.0673,161.33,957.0,0.045,0.0039,0.333,0.0335,183.0,0.0,0,,,,,atypical_benign,4,6,3,1,0,3,3,1,0,0
txn_f9469ea7b69e,20.18,0.3084,1,0,1.0,0.0,0.0,0.0,0.0,1.0,0.0,0.0,7.7,1.6208,29.0,1440.0,2076.0,0.0673,161.33,811.0,0.0347,0.0045,0.1572,0.0335,183.0,0.0,0,,,,,routine_benign,1,10,1,1,0,2,2,3,0,0
txn_ac327ec2d34a,27.23,0.3349,4,0,2.0,0.0,3.0,0.0,0.0,0.0,1.0,0.0,13.94,0.9534,148.0,42.0,2076.0,0.0673,161.33,1560.0,0.0039,0.0139,0.3332,0.0335,183.0,0.0,0,,,,,routine_benign,1,4,1,1,0,0,0,0,0,0
txn_831e7b331df5,7.7,0.4645,1,0,0.0,0.0,0.0,0.0,0.0,0.0,0.0,0.0,0.0,0.0,1440.0,1440.0,2076.0,0.0673,161.33,2500.0,0.0533,0.01,0.0378,0.0809,156.0,1.0,0,,,,,atypical_benign,4,8,3,1,0,1,1,3,2,0
txn_858a5a1f9bb5,19.58,0.0813,2,0,0.0,0.0,1.0,0.0,1.0,0.0,0.0,0.0,0.0,0.0,1440.0,69.0,50.0,0.0642,274.56,500.0,0.0749,0.006,0.2302,0.0809,156.0,1.0,0,,,,,routine_benign,2,6,4,1,0,5,5,6,2,0
txn_eede2ac4420d,132.25,0.355,6,0,3.0,1.0,4.0,0.0,0.0,1.0,1.0,0.0,17.0567,6.7536,14.0,14.0,50.0,0.0642,274.56,2690.0,0.035,0.0005,0.2288,0.0809,156.0,1.0,0,,,,,atypical_benign,1,10,3,1,0,5,5,3,0,0
txn_07b0720bb2f5,14.16,0.3045,6,0,2.0,2.0,3.0,0.0,0.0,0.0,0.0,0.0,18.505,0.2348,94.0,94.0,50.0,0.0642,274.56,1680.0,0.0785,0.0041,0.1082,0.0809,156.0,1.0,0,,,,,routine_benign,2,8,4,1,0,2,2,6,3,0
txn_3eb38a011bc8,17.43,0.1387,4,0,1.0,2.0,2.0,0.0,1.0,0.0,0.0,0.0,19.58,0.1098,122.0,122.0,50.0,0.0642,274.56,2431.0,0.068,0.0059,0.2311,0.0809,156.0,1.0,0,,,,,routine_benign,0,4,1,1,0,0,0,1,2,0
txn_f744d654ff85,41.8,0.1517,2,0,1.0,1.0,1.0,0.0,1.0,1.0,1.0,0.0,93.9,0.5548,10.0,10.0,1337.0,0.0379,82.35,1962.0,0.0022,0.0013,0.0899,0.0657,1306.0,0.0,0,,,,,routine_benign,2,6,1,1,0,2,2,4,2,0
txn_d0e4bf7b0761,17.37,0.3249,7,0,3.0,3.0,3.0,0.0,1.0,0.0,0.0,0.0,52.0067,0.666,209.0,209.0,1337.0,0.0379,82.35,3207.0,0.0517,0.0091,0.1598,0.0657,1306.0,0.0,0,,,,,routine_benign,3,4,1,1,0,4,4,2,3,0
txn_0c15353d4ac0,93.9,0.2594,1,0,0.0,1.0,0.0,0.0,0.0,0.0,0.0,0.0,0.0,0.0,1440.0,1440.0,1337.0,0.0379,82.35,2963.0,0.0402,0.0094,0.2588,0.0657,1306.0,0.0,0,,,,,atypical_benign,2,10,1,1,0,3,3,2,2,0
txn_1e57958c4418,20.32,0.2908,4,0,2.0,1.0,2.0,0.0,0.0,0.0,0.0,0.0,67.85,0.7005,133.0,133.0,1337.0,0.0379,82.35,2057.0,0.064,0.0055,0.1768,0.0657,1306.0,0.0,0,,,,,routine_benign,3,6,3,1,0,3,3,5,3,0
txn_de4eb997d19b,44.98,0.071,8,0,1.0,1.0,4.0,0.0,1.0,0.0,1.0,0.0,48.88,0.0798,230.0,18.0,1301.0,0.0539,110.82,446.0,0.0096,0.0127,0.03,0.0657,1306.0,0.0,0,,,,,routine_benign,4,4,4,1,0,3,3,0,1,0
txn_51e7b8bad582,48.88,0.1606,4,0,0.0,1.0,0.0,0.0,0.0,0.0,0.0,0.0,0.0,0.0,1440.0,1440.0,1301.0,0.0539,110.82,1815.0,0.0239,0.0094,0.224,0.0179,1412.0,1.0,0,,,,,routine_benign,2,10,1,1,0,3,3,4,3,0
txn_7e8e2569f25e,36.32,0.3435,9,0,3.0,3.0,3.0,0.0,0.0,1.0,2.0,0.0,40.18,0.0961,4.0,4.0,1301.0,0.0539,110.82,2449.0,0.0193,0.0128,0.3348,0.0179,1412.0,1.0,0,,,,,routine_benign,2,10,4,1,0,4,4,0,3,0
txn_18c908505f76,26.68,0.0229,9,0,2.0,2.0,2.0,0.0,0.0,0.0,1.0,0.0,46.93,0.4315,114.0,6.0,1301.0,0.0539,110.82,3082.0,0.0612,0.0127,0.3139,0.0179,1412.0,1.0,0,,,,,routine_benign,0,4,1,1,0,3,3,2,3,0
txn_5f9fb1a65a2a,60.71,0.1749,9,0,2.0,2.0,1.0,0.0,0.0,0.0,0.0,1.0,48.245,0.2584,108.0,338.0,2543.0,0.0327,153.58,1470.0,0.0328,0.0024,0.1904,0.0179,1412.0,1.0,0,,,,,routine_benign,1,6,1,1,0,3,3,6,0,0
txn_f1b915abac15,79.15,0.0381,10,0,3.0,3.0,4.0,0.0,0.0,1.0,3.0,1.0,52.4,0.5105,21.0,11.0,2543.0,0.0327,153.58,2977.0,0.0069,0.0029,0.0634,0.0179,1412.0,1.0,0,,,,,routine_benign,4,4,1,1,0,5,5,3,3,0
txn_b899e868b263,29.45,0.2252,8,0,1.0,3.0,3.0,0.0,0.0,0.0,0.0,0.0,67.04,0.5607,201.0,160.0,2543.0,0.0327,153.58,957.0,0.045,0.0039,0.333,0.1356,786.0,1.0,0,,,,,atypical_benign,3,10,1,1,1,1,1,0,0,1
txn_c414fcca624a,67.04,0.2785,4,0,0.0,2.0,1.0,0.0,0.0,0.0,1.0,0.0,0.0,0.0,1440.0,41.0,2543.0,0.0327,153.58,811.0,0.0347,0.0045,0.1572,0.1356,786.0,1.0,0,,,,,routine_benign,4,10,1,1,0,1,1,0,1,0
txn_68c321f5a464,30.98,0.523,5,1,1.0,2.0,2.0,0.0,0.0,0.0,1.0,0.0,44.4,0.3023,82.0,41.0,936.0,0.0354,239.47,1560.0,0.0039,0.0139,0.3332,0.1356,786.0,1.0,0,,,,,atypical_benign,2,4,3,1,1,3,5,6,1,2
txn_bda82ab4e228,58.29,0.2906,9,0,3.0,4.0,4.0,0.0,1.0,1.0,0.0,1.0,32.52,0.7924,36.0,81.0,936.0,0.0354,239.47,2500.0,0.0533,0.01,0.0378,0.1356,786.0,1.0,0,,,,,routine_benign,3,4,4,1,0,0,0,3,1,0
txn_82c48692e05a,44.4,0.1716,3,0,0.0,2.0,0.0,0.0,0.0,0.0,0.0,0.0,0.0,0.0,1440.0,1440.0,936.0,0.0354,239.47,500.0,0.0749,0.006,0.2302,0.1356,786.0,1.0,0,,,,,routine_benign,2,4,1,1,0,0,0,2,2,0
txn_6de999fa69c3,22.18,0.2111,8,0,2.0,3.0,4.0,0.0,0.0,0.0,0.0,1.0,37.69,0.4115,205.0,69.0,936.0,0.0354,239.47,2690.0,0.035,0.0005,0.2288,0.0385,495.0,0.0,0,,,,,routine_benign,0,10,4,1,0,4,4,2,0,0
txn_af0c0e465e06,723.37,0.5145,4,0,1.0,1.0,1.0,0.0,0.0,1.0,1.0,0.0,32.66,21.1485,29.0,29.0,63.0,0.028,101.23,1680.0,0.0785,0.0041,0.1082,0.0385,495.0,0.0,0,,,,,atypical_benign,4,8,4,1,0,0,0,4,3,0
txn_f29a924f7278,32.66,0.2375,4,1,0.0,1.0,0.0,0.0,0.0,0.0,0.0,0.0,0.0,0.0,1440.0,1440.0,63.0,0.028,101.23,2431.0,0.068,0.0059,0.2311,0.0385,495.0,0.0,0,,,,,atypical_benign,2,10,3,1,0,4,3,1,2,0
txn_86f9737b6a88,36.46,0.3249,7,0,3.0,3.0,3.0,0.0,0.0,0.0,0.0,0.0,271.5367,0.8657,144.0,144.0,63.0,0.028,101.23,1962.0,0.0022,0.0013,0.0899,0.0385,495.0,0.0,0,,,,,routine_benign,2,8,3,1,0,3,3,4,1,0
txn_d2cc7bf6c34c,58.58,0.0315,5,0,2.0,1.0,2.0,0.0,1.0,2.0,2.0,0.0,378.015,0.845,24.0,24.0,63.0,0.028,101.23,3207.0,0.0517,0.0091,0.1598,0.0385,495.0,0.0,0,,,,,routine_benign,1,10,1,1,0,0,0,2,2,0
txn_e9b80ed8855b,31.17,0.2278,16,0,3.0,4.0,4.0,0.0,0.0,0.0,0.0,0.0,40.9267,0.2384,226.0,226.0,1152.0,0.0096,268.26,2963.0,0.0402,0.0094,0.2588,0.0482,1118.0,0.0,0,,,,,routine_benign,1,10,1,1,0,3,3,6,0,0
txn_474d9a11695c,24.84,0.52,5,0,0.0,3.0,0.0,0.0,1.0,0.0,0.0,0.0,0.0,0.0,1440.0,1440.0,1152.0,0.0096,268.26,2057.0,0.064,0.0055,0.1768,0.0482,1118.0,0.0,0,,,,,atypical_benign,4,6,1,1,0,0,0,2,1,0
txn_eb785e828137,23.76,0.085,10,0,1.0,3.0,1.0,0.0,0.0,0.0,0.0,0.0,24.84,0.0435,302.0,302.0,1152.0,0.0096,268.26,446.0,0.0096,0.0127,0.03,0.0482,1118.0,0.0,0,,,,,routine_benign,4,6,3,1,0,4,4,5,0,0
txn_a2570bd8e965,74.18,0.6124,12,1,2.0,3.0,3.0,0.0,0.0,0.0,1.0,0.0,24.3,2.0527,144.0,26.0,1152.0,0.0096,268.26,1815.0,0.0239,0.0094,0.224,0.0482,1118.0,0.0,0,,,,,atypical_benign,3,6,1,1,0,0,4,4,1,0
txn_0232a28da2ae,122.27,0.2932,12,0,3.0,5.0,2.0,0.0,0.0,0.0,0.0,0.0,22.9267,4.3331,104.0,118.0,1129.0,0.0604,167.35,2449.0,0.0193,0.0128,0.3348,0.0482,1118.0,0.0,0,,,,,atypical_benign,0,6,3,1,0,2,2,4,0,0
txn_3b41a55f449b,19.6,0.285,5,0,1.0,1.0,1.0,0.0,0.0,0.0,0.0,0.0,11.56,0.6955,80.0,80.0,1129.0,0.0604,167.35,3082.0,0.0612,0.0127,0.3139,0.2344,205.0,1.0,0,,,,,routine_benign,1,4,3,1,0,4,4,3,0,0
txn_9ef199a01e12,37.62,0.2394,10,0,2.0,3.0,3.0,0.0,0.0,0.0,0.0,0.0,15.58,1.4146,329.0,260.0,1129.0,0.0604,167.35,1470.0,0.0328,0.0024,0.1904,0.2344,205.0,1.0,0,,,,,routine_benign,2,4,3,1,0,0,0,6,0,0
txn_b0ad64f72560,11.56,0.2126,3,0,0.0,1.0,0.0,0.0,0.0,0.0,0.0,0.0,0.0,0.0,1440.0,1440.0,1129.0,0.0604,167.35,2977.0,0.0069,0.0029,0.0634,0.2344,205.0,1.0,0,,,,,routine_benign,1,4,1,1,0,3,3,1,2,0
txn_802dbb6d828e,9.9,0.1578,6,0,2.0,2.0,2.0,0.0,0.0,0.0,0.0,0.0,60.39,0.8361,78.0,69.0,2989.0,0.0094,230.72,957.0,0.045,0.0039,0.333,0.2344,205.0,1.0,0,,,,,routine_benign,0,8,4,1,0,3,3,3,1,0
txn_e59f4eef71dc,29.08,0.0707,16,0,3.0,8.0,4.0,0.0,2.0,0.0,0.0,0.0,43.56,0.3324,596.0,336.0,2989.0,0.0094,230.72,811.0,0.0347,0.0045,0.1572,0.2344,205.0,1.0,0,,,,,routine_benign,2,10,3,1,0,5,5,2,3,0
txn_a5439fdab514,81.96,0.1362,5,0,0.0,1.0,0.0,0.0,1.0,0.0,0.0,0.0,0.0,0.0,1440.0,1440.0,2989.0,0.0094,230.72,1560.0,0.0039,0.0139,0.3332,0.2067,721.0,1.0,0,,,,,routine_benign,0,4,3,1,0,5,5,3,2,0
txn_b9f155b7f5c8,38.82,0.1404,5,0,1.0,2.0,1.0,0.0,0.0,1.0,1.0,0.0,81.96,0.5264,6.0,6.0,2989.0,0.0094,230.72,2500.0,0.0533,0.01,0.0378,0.2067,721.0,1.0,0,,,,,routine_benign,2,10,3,1,0,2,2,4,2,0
txn_28ebc4aec1af,36.4,0.3089,19,0,2.0,8.0,3.0,0.0,0.0,0.0,0.0,0.0,37.96,0.0411,209.0,604.0,2364.0,0.0653,263.93,500.0,0.0749,0.006,0.2302,0.2067,721.0,1.0,0,,,,,routine_benign,3,6,4,1,0,1,1,3,0,0
txn_6b54f90b2e17,19.09,0.3554,19,0,3.0,7.0,4.0,0.0,1.0,1.0,1.0,0.0,37.44,0.4901,22.0,22.0,2364.0,0.0653,263.93,2690.0,0.035,0.0005,0.2288,0.2067,721.0,1.0,0,,,,,routine_benign,0,6,3,1,0,2,2,2,0,0
txn_656bff397de1,38.84,0.3374,9,0,0.0,3.0,2.0,0.0,0.0,0.0,0.0,0.0,0.0,0.0,1440.0,234.0,2364.0,0.0653,263.93,1680.0,0.0785,0.0041,0.1082,0.2067,721.0,1.0,0,,,,,routine_benign,0,10,3,1,0,3,3,4,2,0
txn_b85b8e1158b6,37.08,0.0332,15,0,1.0,6.0,4.0,0.0,0.0,0.0,0.0,0.0,38.84,0.0453,395.0,80.0,2364.0,0.0653,263.93,2431.0,0.068,0.0059,0.2311,0.1735,170.0,1.0,0,,,,,routine_benign,1,6,4,1,0,1,1,0,2,0
txn_8043a311ee5d,47.21,0.2593,3,0,0.0,2.0,0.0,0.0,0.0,0.0,0.0,0.0,0.0,0.0,1440.0,1440.0,290.0,0.0113,32.19,1962.0,0.0022,0.0013,0.0899,0.1735,170.0,1.0,0,,,,,routine_benign,2,10,3,1,0,5,5,3,3,0
txn_9e440306549f,17.84,0.2402,14,0,3.0,5.0,3.0,0.0,1.0,0.0,0.0,0.0,69.2333,0.7423,217.0,217.0,290.0,0.0113,32.19,3207.0,0.0517,0.0091,0.1598,0.1735,170.0,1.0,0,,,,,routine_benign,4,4,1,1,0,5,5,3,1,0
txn_6d2a4ad2f753,45.36,0.2309,10,0,2.0,3.0,2.0,0.0,0.0,0.0,0.0,0.0,81.17,0.4412,343.0,343.0,290.0,0.0113,32.19,2963.0,0.0402,0.0094,0.2588,0.1735,170.0,1.0,0,,,,,routine_benign,3,10,4,1,0,0,0,4,1,0
txn_67b98d418814,115.13,0.1663,4,0,1.0,2.0,1.0,0.0,0.0,0.0,0.0,0.0,47.21,1.4387,71.0,71.0,290.0,0.0113,32.19,2057.0,0.064,0.0055,0.1768,0.1735,170.0,1.0,0,,,,,atypical_benign,0,6,3,1,0,2,2,0,0,0
txn_cf270484f1ce,130.85,0.2341,11,0,0.0,4.0,0.0,0.0,0.0,0.0,0.0,0.0,0.0,0.0,1440.0,1440.0,2677.0,0.0338,167.23,446.0,0.0096,0.0127,0.03,0.0586,928.0,0.0,0,,,,,routine_benign,2,8,1,1,0,2,2,1,0,0
txn_d708b5c39327,53.24,0.161,0,0,3.0,4.0,3.0,0.0,2.0,0.0,0.0,0.0,113.7333,0.5319,645.0,645.0,2677.0,0.0338,167.23,1815.0,0.0239,0.0094,0.224,0.0586,928.0,0.0,0,,,,,routine_benign,3,6,1,1,0,5,5,4,3,0
txn_238bb9d24930,78.94,0.3589,11,0,1.0,4.0,1.0,0.0,1.0,1.0,1.0,0.0,130.85,0.3967,22.0,22.0,2677.0,0.0338,167.23,2449.0,0.0193,0.0128,0.3348,0.0586,928.0,0.0,0,,,,,routine_benign,3,6,1,1,0,2,2,4,3,0
txn_26902e2ee0c0,131.41,0.1769,13,0,2.0,5.0,2.0,0.0,0.0,0.0,0.0,0.0,104.895,0.2528,137.0,137.0,2677.0,0.0338,167.23,3082.0,0.0612,0.0127,0.3139,0.0586,928.0,0.0,0,,,,,atypical_benign,0,8,4,1,0,0,0,4,0,0
txn_97a2d159169a,29.3,0.2608,1,0,3.0,10.0,4.0,0.0,1.0,0.0,0.0,0.0,30.8233,0.0494,756.0,72.0,2487.0,0.047,126.8,1470.0,0.0328,0.0024,0.1904,0.0586,928.0,0.0,0,,,,,routine_benign,4,8,4,1,0,5,5,0,2,0
txn_a2a0514ed7a4,8.73,0.3118,13,0,2.0,6.0,3.0,0.0,0.0,0.0,0.0,0.0,41.87,0.7915,450.0,450.0,2487.0,0.047,126.8,2977.0,0.0069,0.0029,0.0634,0.0942,396.0,0.0,0,,,,,routine_benign,3,8,4,1,0,3,3,0,2,0
txn_c9b44f43cf46,60.72,0.0333,5,0,1.0,1.0,2.0,0.0,1.0,0.0,0.0,0.0,23.02,1.6377,129.0,123.0,2487.0,0.047,126.8,957.0,0.045,0.0039,0.333,0.0942,396.0,0.0,0,,,,,routine_benign,0,6,4,1,0,3,3,0,1,0
txn_3a2b7beaba6d,23.02,0.2568,3,0,0.0,1.0,0.0,0.0,0.0,0.0,0.0,0.0,0.0,0.0,1440.0,1440.0,2487.0,0.047,126.8,811.0,0.0347,0.0045,0.1572,0.0942,396.0,0.0,0,,,,,routine_benign,4,10,4,1,0,1,1,0,0,0
txn_bd0351d1a479,312.25,0.4263,2,0,2.0,8.0,4.0,0.0,0.0,0.0,0.0,0.0,148.625,1.1009,1354.0,784.0,382.0,0.0471,206.42,1560.0,0.0039,0.0139,0.3332,0.0942,396.0,0.0,0,,,,,atypical_benign,1,8,3,1,0,4,4,0,3,0
txn_72a95d4a298c,287.05,0.5868,3,0,0.0,1.0,1.0,0.0,0.0,0.0,1.0,0.0,0.0,0.0,1440.0,6.0,382.0,0.0471,206.42,2500.0,0.0533,0.01,0.0378,0.0942,396.0,0.0,0,,,,,atypical_benign,0,4,1,1,0,2,2,5,0,0
txn_ed4c4c03cff5,10.2,0.0864,3,0,1.0,1.0,0.0,0.0,0.0,1.0,0.0,0.0,287.05,0.9645,3.0,1440.0,382.0,0.0471,206.42,500.0,0.0749,0.006,0.2302,0.0501,1067.0,0.0,0,,,,,routine_benign,4,10,3,1,0,4,4,5,3,0
txn_e323671e6798,86.6,0.2192,5,0,3.0,10.0,4.0,0.0,2.0,0.0,0.0,0.0,203.1667,0.5737,211.0,887.0,382.0,0.0471,206.42,2690.0,0.035,0.0005,0.2288,0.0501,1067.0,0.0,0,,,,,routine_benign,2,6,4,1,0,0,0,5,2,0
txn_5fa9c0ca5574,65.91,0.2217,12,0,1.0,5.0,2.0,0.0,2.0,0.0,0.0,0.0,41.07,0.6048,63.0,63.0,2912.0,0.0678,241.47,1680.0,0.0785,0.0041,0.1082,0.0501,1067.0,0.0,0,,,,,routine_benign,2,10,1,1,0,3,3,0,3,0
txn_2dfbce932556,41.07,0.3269,10,0,0.0,5.0,1.0,0.0,0.0,0.0,0.0,0.0,0.0,0.0,1440.0,447.0,2912.0,0.0678,241.47,2431.0,0.068,0.0059,0.2311,0.0501,1067.0,0.0,0,,,,,routine_benign,4,4,3,1,0,4,4,3,1,0
txn_c0cb02772da4,79.33,0.1098,14,0,2.0,4.0,3.0,0.0,1.0,0.0,0.0,0.0,53.49,0.4831,168.0,168.0,2912.0,0.0678,241.47,1962.0,0.0022,0.0013,0.0899,0.0501,1067.0,0.0,0,,,,,routine_benign,2,4,3,1,0,1,1,0,2,0
txn_9d3266acc0bc,30.64,0.0553,2,0,3.0,7.0,4.0,0.0,1.0,0.0,0.0,0.0,62.1033,0.5066,687.0,74.0,2912.0,0.0678,241.47,3207.0,0.0517,0.0091,0.1598,0.0995,1117.0,1.0,0,,,,,routine_benign,0,8,4,1,0,2,2,2,3,0
txn_27b8d1892c70,25.87,0.4189,6,0,0.0,2.0,0.0,0.0,0.0,0.0,0.0,0.0,0.0,0.0,1440.0,1440.0,639.0,0.039,78.15,2963.0,0.0402,0.0094,0.2588,0.0995,1117.0,1.0,0,,,,,atypical_benign,1,8,4,1,0,3,3,5,0,0
txn_fc36bdcadf68,126.47,0.6216,21,0,1.0,6.0,1.0,0.0,1.0,0.0,0.0,0.0,25.87,3.8887,929.0,929.0,639.0,0.039,78.15,2057.0,0.064,0.0055,0.1768,0.0995,1117.0,1.0,0,,,,,atypical_benign,2,4,3,1,1,2,2,6,0,1
txn_688b423ad36f,52.75,0.1986,23,0,2.0,6.0,2.0,0.0,2.0,0.0,0.0,1.0,76.17,0.3075,95.0,95.0,639.0,0.039,78.15,446.0,0.0096,0.0127,0.03,0.0995,1117.0,1.0,0,,,,,atypical_benign,1,4,3,1,0,4,4,4,2,0
txn_847350e3fe81,20.72,0.2623,1,0,3.0,5.0,3.0,0.0,1.0,0.0,0.0,1.0,68.3633,0.6969,97.0,97.0,639.0,0.039,78.15,1815.0,0.0239,0.0094,0.224,0.0995,1117.0,1.0,0,,,,,routine_benign,2,4,3,1,0,0,0,0,0,0
txn_c5cbd8f24135,21.0,0.6432,9,0,0.0,2.0,0.0,0.0,0.0,0.0,0.0,0.0,0.0,0.0,1440.0,1440.0,951.0,0.0625,171.77,2449.0,0.0193,0.0128,0.3348,0.0309,1114.0,1.0,0,,,,,atypical_benign,0,8,3,1,0,5,5,2,2,0
txn_c9ca388742df,172.1,0.6038,13,0,3.0,4.0,4.0,0.0,0.0,0.0,1.0,0.0,26.6267,5.4634,63.0,54.0,951.0,0.0625,171.77,3082.0,0.0612,0.0127,0.3139,0.0309,1114.0,1.0,0,,,,,atypical_benign,1,4,1,1,1,3,3,5,2,1
txn_f251a3e828cc,12.23,0.0668,10,0,1.0,4.0,1.0,0.0,0.0,0.0,0.0,0.0,21.0,0.4176,96.0,96.0,951.0,0.0625,171.77,1470.0,0.0328,0.0024,0.1904,0.0309,1114.0,1.0,0,,,,,routine_benign,2,10,4,1,0,5,5,3,1,0
txn_4113bffc2a33,46.65,0.3406,12,0,2.0,4.0,2.0,0.0,0.0,0.0,0.0,0.0,16.615,1.8077,91.0,91.0,951.0,0.0625,171.77,2977.0,0.0069,0.0029,0.0634,0.0309,1114.0,1.0,0,,,,,routine_benign,4,4,1,1,0,5,5,4,1,0
txn_eadb23887147,24.15,0.1278,12,0,2.0,6.0,3.0,0.0,0.0,0.0,1.0,0.0,52.66,0.5414,68.0,9.0,768.0,0.0724,33.49,957.0,0.045,0.0039,0.333,0.0309,1114.0,1.0,0,,,,,routine_benign,1,4,3,1,0,0,0,5,0,0
txn_fb6939eba6c7,42.27,0.2368,9,0,0.0,3.0,2.0,0.0,0.0,0.0,0.0,0.0,0.0,0.0,1440.0,155.0,768.0,0.0724,33.49,811.0,0.0347,0.0045,0.1572,0.0541,1109.0,1.0,0,,,,,routine_benign,4,4,1,1,0,3,3,2,0,0
txn_9741556797e5,63.05,0.3368,11,0,1.0,3.0,3.0,0.0,0.0,0.0,0.0,0.0,42.27,0.4916,93.0,93.0,768.0,0.0724,33.49,1560.0,0.0039,0.0139,0.3332,0.0541,1109.0,1.0,0,,,,,routine_benign,2,4,3,1,0,3,3,1,2,0
txn_7e3a5c969d7a,27.23,0.2561,9,0,3.0,7.0,4.0,0.0,0.0,0.0,0.0,0.0,43.1567,0.369,1245.0,1313.0,768.0,0.0724,33.49,2500.0,0.0533,0.01,0.0378,0.0541,1109.0,1.0,0,,,,,routine_benign,0,6,1,1,0,1,1,2,3,0
txn_9f1925572e66,40.72,0.2797,7,0,2.0,3.0,1.0,0.0,0.0,0.0,0.0,0.0,10.225,2.9824,167.0,173.0,1913.0,0.0177,279.9,500.0,0.0749,0.006,0.2302,0.0541,1109.0,1.0,0,,,,,routine_benign,3,8,1,1,0,3,3,4,1,0
txn_5705a5075e26,9.56,0.2873,4,0,0.0,0.0,0.0,0.0,0.0,0.0,0.0,0.0,0.0,0.0,1440.0,1440.0,1913.0,0.0177,279.9,2690.0,0.035,0.0005,0.2288,0.0541,1109.0,1.0,0,,,,,routine_benign,3,4,3,1,0,2,2,4,2,0
txn_ab2f6f9fb8b4,49.0,0.1842,10,0,3.0,11.0,3.0,0.0,0.0,0.0,0.0,0.0,20.39,1.4031,1630.0,1036.0,1913.0,0.0177,279.9,1680.0,0.0785,0.0041,0.1082,0.2128,1284.0,1.0,0,,,,,routine_benign,4,4,3,1,0,2,2,0,2,0
txn_f3315a32c2a0,10.89,0.3037,4,0,1.0,3.0,0.0,0.0,0.0,1.0,0.0,0.0,9.56,0.1391,6.0,1440.0,1913.0,0.0177,279.9,2431.0,0.068,0.0059,0.2311,0.2128,1284.0,1.0,0,,,,,routine_benign,2,8,1,1,0,0,0,3,2,0
txn_0a1ad101de48,64.85,0.1793,15,0,0.0,5.0,1.0,0.0,1.0,0.0,0.0,0.0,0.0,0.0,1440.0,647.0,1074.0,0.0185,84.83,1962.0,0.0022,0.0013,0.0899,0.2128,1284.0,1.0,0,,,,,routine_benign,1,6,3,1,0,1,1,6,3,0
txn_83069755beff,39.02,0.0844,14,0,3.0,10.0,4.0,0.0,0.0,0.0,0.0,0.0,28.8333,0.3533,995.0,255.0,1074.0,0.0185,84.83,3207.0,0.0517,0.0091,0.1598,0.2128,1284.0,1.0,0,,,,,routine_benign,4,8,4,1,0,3,3,5,2,0
txn_94056aaa8f19,9.96,0.3545,17,0,1.0,5.0,2.0,0.0,0.0,0.0,0.0,0.0,64.85,0.8464,114.0,114.0,1074.0,0.0185,84.83,2963.0,0.0402,0.0094,0.2588,0.2128,1284.0,1.0,0,,,,,routine_benign,4,8,1,1,0,4,4,1,0,0
txn_aea02585f813,11.69,0.0754,22,0,2.0,7.0,1.0,0.0,0.0,0.0,0.0,0.0,37.405,0.6875,296.0,850.0,1074.0,0.0185,84.83,2057.0,0.064,0.0055,0.1768,0.0441,241.0,1.0,0,,,,,routine_benign,4,8,3,1,0,2,2,5,3,0
txn_d9f510dca955,85.63,0.0349,8,0,0.0,2.0,0.0,0.0,2.0,0.0,0.0,0.0,0.0,0.0,1440.0,1440.0,34.0,0.0452,63.85,446.0,0.0096,0.0127,0.03,0.0441,241.0,1.0,0,,,,,routine_benign,3,10,3,1,0,2,2,6,3,0
txn_2ec7d2ed320c,31.95,0.3559,8,0,2.0,8.0,3.0,0.0,1.0,1.0,1.0,0.0,56.845,0.4379,59.0,59.0,34.0,0.0452,63.85,1815.0,0.0239,0.0094,0.224,0.0441,241.0,1.0,0,,,,,routine_benign,2,6,4,1,0,1,1,3,1,0
txn_74193ad2b50a,16.84,0.1591,8,0,3.0,9.0,4.0,0.0,1.0,1.0,1.0,0.0,48.5467,0.6531,20.0,20.0,34.0,0.0452,63.85,2449.0,0.0193,0.0128,0.3348,0.0441,241.0,1.0,0,,,,,routine_benign,3,8,1,1,0,1,1,0,0,0
txn_a26eb8731c77,28.06,0.2762,7,0,1.0,9.0,2.0,0.0,0.0,0.0,0.0,0.0,85.63,0.6723,1401.0,551.0,34.0,0.0452,63.85,3082.0,0.0612,0.0127,0.3139,0.0441,241.0,1.0,0,,,,,routine_benign,4,10,1,1,0,3,3,1,2,0
txn_96090196dfa7,13.59,0.1214,6,0,0.0,1.0,0.0,0.0,0.0,0.0,0.0,0.0,0.0,0.0,1440.0,1440.0,675.0,0.0511,124.58,1470.0,0.0328,0.0024,0.1904,0.0742,472.0,1.0,0,,,,,routine_benign,4,4,4,1,0,4,4,6,1,0
txn_c63c6e4b472c,6.64,0.3098,1,0,3.0,10.0,4.0,0.0,1.0,0.0,0.0,0.0,39.23,0.8307,597.0,579.0,675.0,0.0511,124.58,2977.0,0.0069,0.0029,0.0634,0.0742,472.0,1.0,0,,,,,routine_benign,2,8,3,1,0,1,1,1,3,0
txn_716b31422146,90.97,0.3442,15,0,2.0,8.0,2.0,0.0,0.0,0.0,0.0,0.0,13.36,5.8091,197.0,197.0,675.0,0.0511,124.58,957.0,0.045,0.0039,0.333,0.0742,472.0,1.0,0,,,,,routine_benign,0,6,4,1,0,5,5,5,1,0
txn_e2d3396a42cf,13.13,0.1889,12,0,1.0,5.0,1.0,0.0,1.0,0.0,0.0,0.0,13.59,0.0338,321.0,321.0,675.0,0.0511,124.58,811.0,0.0347,0.0045,0.1572,0.0742,472.0,1.0,0,,,,,routine_benign,4,8,4,1,0,0,0,1,3,0
txn_6193cef2748c,37.99,0.0503,15,0,2.0,5.0,3.0,0.0,0.0,0.0,1.0,0.0,90.25,0.5791,187.0,18.0,188.0,0.026,75.08,1560.0,0.0039,0.0139,0.3332,0.0742,472.0,1.0,0,,,,,routine_benign,2,10,4,1,0,0,0,1,0,0
txn_afeb6b5b014d,16.63,0.0343,18,0,3.0,8.0,3.0,0.0,1.0,0.0,0.0,0.0,72.83,0.7717,1584.0,1764.0,188.0,0.026,75.08,2500.0,0.0533,0.01,0.0378,0.2394,571.0,0.0,0,,,,,routine_benign,2,8,4,1,0,5,5,4,0,0
txn_e6437777eb75,16.43,0.0816,8,0,0.0,4.0,0.0,0.0,0.0,0.0,0.0,0.0,0.0,0.0,1440.0,1440.0,188.0,0.026,75.08,500.0,0.0749,0.006,0.2302,0.2394,571.0,0.0,0,,,,,routine_benign,4,4,4,1,0,2,2,6,2,0
txn_305971e8de25,164.07,0.6335,12,1,1.0,4.0,1.0,0.0,0.0,0.0,0.0,0.0,16.43,8.986,219.0,219.0,188.0,0.026,75.08,2690.0,0.035,0.0005,0.2288,0.2394,571.0,0.0,0,,,,,atypical_benign,1,4,1,1,0,0,5,6,1,0
txn_9dea9d7fe5e7,49.84,0.111,12,0,1.0,6.0,2.0,0.0,0.0,0.0,1.0,0.0,54.57,0.0867,423.0,7.0,445.0,0.0373,104.13,1680.0,0.0785,0.0041,0.1082,0.2394,571.0,0.0,0,,,,,routine_benign,4,6,4,1,0,4,4,4,1,0
txn_ec484a67b434,34.79,0.3829,19,1,3.0,15.0,4.0,0.0,2.0,0.0,0.0,0.0,61.4367,0.4337,1186.0,96.0,445.0,0.0373,104.13,2431.0,0.068,0.0059,0.2311,0.2394,571.0,0.0,0,,,,,atypical_benign,3,10,4,1,0,5,0,1,1,0
txn_45fa6c7ea05d,79.9,0.1252,23,0,2.0,8.0,2.0,0.0,1.0,0.0,0.0,0.0,52.205,0.5305,674.0,639.0,445.0,0.0373,104.13,1962.0,0.0022,0.0013,0.0899,0.1753,369.0,0.0,0,,,,,routine_benign,4,8,4,1,0,1,1,6,1,0
txn_94395c8d20d7,54.57,0.0733,5,0,0.0,2.0,0.0,0.0,0.0,0.0,0.0,0.0,0.0,0.0,1440.0,1440.0,445.0,0.0373,104.13,3207.0,0.0517,0.0091,0.1598,0.1753,369.0,0.0,0,,,,,routine_benign,3,4,4,1,0,4,4,3,3,0
txn_5ab4cd0e3421,18.2,0.2114,20,0,3.0,13.0,4.0,0.0,2.0,0.0,0.0,0.0,23.5067,0.2258,294.0,294.0,1119.0,0.0362,261.87,2963.0,0.0402,0.0094,0.2588,0.1753,369.0,0.0,0,,,,,routine_benign,3,6,3,1,0,5,5,3,0,0
txn_9a832a6d0184,26.66,0.3399,13,0,0.0,4.0,1.0,0.0,2.0,0.0,0.0,0.0,0.0,0.0,1440.0,458.0,1119.0,0.0362,261.87,2057.0,0.064,0.0055,0.1768,0.1753,369.0,0.0,0,,,,,routine_benign,2,8,4,1,0,2,2,3,0,0
txn_eede7cfa7291,16.96,0.349,15,0,2.0,10.0,3.0,0.0,0.0,0.0,0.0,0.0,26.78,0.3667,669.0,964.0,1119.0,0.0362,261.87,446.0,0.0096,0.0127,0.03,0.1753,369.0,0.0,0,,,,,routine_benign,4,10,4,1,0,4,4,2,1,0
txn_9c3690ce6d29,26.9,0.1663,4,0,1.0,6.0,1.0,0.0,0.0,0.0,0.0,0.0,26.66,0.009,934.0,797.0,1119.0,0.0362,261.87,1815.0,0.0239,0.0094,0.224,0.1249,426.0,1.0,0,,,,,routine_benign,1,6,1,1,0,5,5,0,3,0
txn_34c50c357970,62.26,0.2069,15,0,0.0,6.0,0.0,0.0,1.0,0.0,0.0,0.0,0.0,0.0,1440.0,1440.0,2360.0,0.0071,125.93,2449.0,0.0193,0.0128,0.3348,0.1249,426.0,1.0,0,,,,,routine_benign,0,4,1,1,0,5,5,2,2,0
txn_4ba79a8d6156,16.32,0.1992,16,0,2.0,13.0,3.0,0.0,0.0,0.0,0.0,0.0,42.425,0.6153,333.0,333.0,2360.0,0.0071,125.93,3082.0,0.0612,0.0127,0.3139,0.1249,426.0,1.0,0,,,,,routine_benign,3,10,1,1,0,0,0,6,0,0
txn_864b37b57e3f,22.59,0.1285,11,0,1.0,12.0,2.0,0.0,0.0,0.0,0.0,0.0,62.26,0.6372,1196.0,399.0,2360.0,0.0071,125.93,1470.0,0.0328,0.0024,0.1904,0.1249,426.0,1.0,0,,,,,routine_benign,1,8,1,1,0,1,1,4,3,0
txn_1b3891b805cb,85.53,0.498,17,0,3.0,14.0,4.0,0.0,1.0,1.0,1.0,0.0,33.7233,1.5362,42.0,42.0,2360.0,0.0071,125.93,2977.0,0.0069,0.0029,0.0634,0.1249,426.0,1.0,0,,,,,atypical_benign,4,8,4,1,0,1,1,1,3,0
txn_482a5a6e9136,22.45,0.0796,22,0,3.0,14.0,4.0,0.0,0.0,0.0,0.0,0.0,21.77,0.0312,703.0,703.0,1947.0,0.01,195.5,957.0,0.045,0.0039,0.333,0.0399,1180.0,1.0,0,,,,,routine_benign,4,4,1,1,0,0,0,0,1,0
txn_3d767beb1949,10.97,0.1753,10,0,2.0,15.0,3.0,0.0,0.0,0.0,0.0,0.0,27.17,0.5962,349.0,349.0,1947.0,0.01,195.5,811.0,0.0347,0.0045,0.1572,0.0399,1180.0,1.0,0,,,,,routine_benign,3,8,4,1,0,5,5,2,2,0
txn_fc36a2300095,48.51,0.2292,4,0,1.0,10.0,2.0,0.0,1.0,0.0,0.0,0.0,5.83,7.3208,1339.0,220.0,1947.0,0.01,195.5,1560.0,0.0039,0.0139,0.3332,0.0399,1180.0,1.0,0,,,,,routine_benign,2,10,3,1,0,2,2,6,2,0
txn_772746eb155d,5.83,0.335,6,0,0.0,3.0,0.0,0.0,0.0,0.0,0.0,0.0,0.0,0.0,1440.0,1440.0,1947.0,0.01,195.5,2500.0,0.0533,0.01,0.0378,0.0399,1180.0,1.0,0,,,,,routine_benign,2,4,3,1,0,0,0,2,1,0
txn_c648e98301ec,28.7,0.2986,0,0,1.0,11.0,1.0,0.0,1.0,0.0,0.0,0.0,29.1,0.0137,853.0,1119.0,1453.0,0.0698,131.46,500.0,0.0749,0.006,0.2302,0.0399,1180.0,1.0,0,,,,,routine_benign,1,8,4,1,0,0,0,3,1,0
txn_de6b4506d4b7,11.66,0.1167,4,0,3.0,12.0,4.0,0.0,1.0,0.0,0.0,0.0,24.2333,0.5188,1487.0,1487.0,1453.0,0.0698,131.46,2690.0,0.035,0.0005,0.2288,0.1441,176.0,1.0,0,,,,,routine_benign,0,8,3,1,0,1,1,5,0,0
txn_2a431d6bae2b,14.9,0.1254,3,0,2.0,10.0,3.0,0.0,0.0,0.0,0.0,0.0,28.9,0.4844,150.0,614.0,1453.0,0.0698,131.46,1680.0,0.0785,0.0041,0.1082,0.1441,176.0,1.0,0,,,,,routine_benign,1,8,4,1,0,1,1,1,0,0
txn_c59bc0c86727,29.1,0.04,10,0,0.0,4.0,0.0,0.0,1.0,0.0,0.0,0.0,0.0,0.0,1440.0,1440.0,1453.0,0.0698,131.46,2431.0,0.068,0.0059,0.2311,0.1441,176.0,1.0,0,,,,,routine_benign,1,10,1,1,0,2,2,0,2,0
txn_4f73b3adb1c3,96.76,0.2688,17,0,1.0,6.0,2.0,0.0,0.0,0.0,0.0,0.0,18.74,4.1633,379.0,379.0,2839.0,0.0279,121.59,1962.0,0.0022,0.0013,0.0899,0.1441,176.0,1.0,0,,,,,atypical_benign,3,6,3,1,1,2,2,6,3,1
txn_d43bbc8105a0,18.74,0.2645,10,0,0.0,4.0,1.0,0.0,1.0,0.0,1.0,0.0,0.0,0.0,1440.0,10.0,2839.0,0.0279,121.59,3207.0,0.0517,0.0091,0.1598,0.1441,176.0,1.0,0,,,,,routine_benign,2,10,4,1,0,3,3,5,2,0
txn_0b11eb90bdcb,1070.06,0.4758,17,0,2.0,11.0,3.0,0.0,0.0,0.0,0.0,0.0,57.75,17.5292,1446.0,490.0,2839.0,0.0279,121.59,2963.0,0.0402,0.0094,0.2588,0.1414,364.0,1.0,0,,,,,atypical_benign,4,10,3,1,1,2,2,4,2,1
txn_358b4f849cf2,37.02,0.2435,4,0,3.0,16.0,4.0,0.0,1.0,0.0,0.0,1.0,395.1867,0.9063,674.0,674.0,2839.0,0.0279,121.59,2057.0,0.064,0.0055,0.1768,0.1414,364.0,1.0,0,,,,,routine_benign,3,4,4,1,0,5,5,1,2,0
txn_e720da42aab0,27.46,0.3579,9,0,3.0,9.0,2.0,0.0,0.0,0.0,0.0,0.0,32.61,0.1579,251.0,251.0,2176.0,0.0734,115.28,446.0,0.0096,0.0127,0.03,0.1414,364.0,1.0,0,,,,,routine_benign,0,6,4,1,0,2,2,3,1,0
txn_1d73954391ac,30.57,0.0288,4,0,2.0,7.0,1.0,0.0,2.0,0.0,0.0,0.0,33.63,0.091,784.0,1193.0,2176.0,0.0734,115.28,1815.0,0.0239,0.0094,0.224,0.1414,364.0,1.0,0,,,,,routine_benign,0,8,1,1,0,2,2,2,2,0
txn_6220bc65d019,44.16,0.1307,8,0,0.0,1.0,0.0,0.0,0.0,0.0,0.0,0.0,0.0,0.0,1440.0,1440.0,2176.0,0.0734,115.28,2449.0,0.0193,0.0128,0.3348,0.1414,364.0,1.0,0,,,,,routine_benign,0,6,4,1,0,0,0,3,1,0
txn_81274dbb42a1,23.1,0.107,15,0,1.0,6.0,1.0,0.0,0.0,0.0,0.0,0.0,44.16,0.4769,409.0,393.0,2176.0,0.0734,115.28,3082.0,0.0612,0.0127,0.3139,0.0308,1397.0,1.0,0,,,,,routine_benign,0,10,3,1,0,4,4,6,0,0
txn_d60c3df187ba,60.03,0.0502,7,0,2.0,11.0,3.0,0.0,0.0,0.0,0.0,0.0,31.36,0.9142,671.0,671.0,547.0,0.0305,258.74,1470.0,0.0328,0.0024,0.1904,0.0308,1397.0,1.0,0,,,,,routine_benign,2,6,1,1,0,5,5,5,0,0
txn_9905f0dad71f,51.08,0.188,20,0,1.0,8.0,2.0,0.0,0.0,0.0,0.0,0.0,11.64,3.3883,681.0,288.0,547.0,0.0305,258.74,2977.0,0.0069,0.0029,0.0634,0.0308,1397.0,1.0,0,,,,,atypical_benign,1,6,3,1,0,5,5,6,0,0
txn_d21b1558983c,11.64,0.2829,9,0,0.0,4.0,0.0,0.0,0.0,0.0,0.0,0.0,0.0,0.0,1440.0,1440.0,547.0,0.0305,258.74,957.0,0.045,0.0039,0.333,0.0308,1397.0,1.0,0,,,,,routine_benign,0,6,3,1,0,5,5,0,0,0
txn_63f3453b815a,64.88,0.1472,7,0,3.0,16.0,4.0,0.0,0.0,0.0,0.0,0.0,40.9167,0.5857,1432.0,1432.0,547.0,0.0305,258.74,811.0,0.0347,0.0045,0.1572,0.0308,1397.0,1.0,0,,,,,routine_benign,3,4,3,1,0,4,4,2,0,0
txn_fa546e2be26d,34.62,0.163,4,0,2.0,9.0,3.0,0.0,0.0,0.0,0.0,0.0,504.615,0.9314,250.0,250.0,299.0,0.0615,227.41,1560.0,0.0039,0.0139,0.3332,0.2061,957.0,1.0,0,,,,,routine_benign,4,8,4,1,0,4,4,5,1,0
txn_4246f607eec7,60.64,0.1682,6,0,3.0,13.0,4.0,0.0,0.0,0.0,0.0,0.0,347.95,0.8257,1563.0,1563.0,299.0,0.0615,227.41,2500.0,0.0533,0.01,0.0378,0.2061,957.0,1.0,0,,,,,routine_benign,4,8,4,1,0,4,4,0,1,0
txn_f2a0c647efbd,21.98,0.1984,16,0,0.0,7.0,1.0,0.0,0.0,0.0,0.0,0.0,0.0,0.0,1440.0,418.0,299.0,0.0615,227.41,500.0,0.0749,0.006,0.2302,0.2061,957.0,1.0,0,,,,,routine_benign,3,8,1,1,0,1,1,1,3,0
txn_df7ba0a5ba94,987.25,0.4758,23,0,1.0,8.0,2.0,0.0,0.0,0.0,0.0,0.0,21.98,43.9158,436.0,436.0,299.0,0.0615,227.41,2690.0,0.035,0.0005,0.2288,0.2061,957.0,1.0,0,,,,,atypical_benign,1,8,1,1,0,4,4,4,3,0
txn_7774b5518637,20.42,0.3517,9,0,0.0,4.0,0.0,0.0,0.0,0.0,0.0,0.0,0.0,0.0,1440.0,1440.0,2139.0,0.0629,170.54,1680.0,0.0785,0.0041,0.1082,0.2061,957.0,1.0,0,,,,,routine_benign,1,6,4,1,0,4,4,6,0,0
txn_573353a0c55d,27.06,0.0741,7,0,3.0,18.0,4.0,0.0,0.0,0.0,0.0,0.0,80.1333,0.6623,561.0,561.0,2139.0,0.0629,170.54,2431.0,0.068,0.0059,0.2311,0.1036,138.0,0.0,0,,,,,routine_benign,4,4,1,1,0,0,0,2,0,0
txn_a3c8d5c1c914,131.48,0.2736,22,0,2.0,13.0,3.0,0.0,1.0,0.0,0.0,0.0,54.46,1.4142,422.0,390.0,2139.0,0.0629,170.54,1962.0,0.0022,0.0013,0.0899,0.1036,138.0,0.0,0,,,,,atypical_benign,2,6,4,1,0,2,2,6,0,0
txn_8114e1c505d8,88.5,0.2079,15,0,1.0,11.0,1.0,0.0,3.0,0.0,0.0,0.0,20.42,3.334,1776.0,872.0,2139.0,0.0629,170.54,3207.0,0.0517,0.0091,0.1598,0.1036,138.0,0.0,0,,,,,routine_benign,1,10,4,1,0,5,5,4,0,0
txn_1119f58f2253,11.22,0.197,0,0,2.0,7.0,0.0,0.0,1.0,0.0,0.0,0.0,24.53,0.5426,730.0,1440.0,1198.0,0.0016,223.23,2963.0,0.0402,0.0094,0.2588,0.1036,138.0,0.0,0,,,,,routine_benign,0,8,3,1,0,0,0,6,0,0
txn_94e43ab28bfb,57.49,0.3018,15,0,3.0,11.0,2.0,0.0,1.0,0.0,1.0,0.0,20.0933,1.8611,904.0,32.0,1198.0,0.0016,223.23,2057.0,0.064,0.0055,0.1768,0.1036,138.0,0.0,0,,,,,routine_benign,4,8,4,1,0,3,3,2,2,0
txn_ab6138f993cc,36.3,0.1137,12,0,1.0,5.0,1.0,0.0,0.0,0.0,0.0,0.0,12.76,1.8448,146.0,146.0,1198.0,0.0016,223.23,446.0,0.0096,0.0127,0.03,0.1648,667.0,0.0,0,,,,,routine_benign,1,10,3,1,0,1,1,2,2,0
txn_825ef781088b,12.76,0.2331,10,0,0.0,2.0,0.0,0.0,1.0,0.0,0.0,0.0,0.0,0.0,1440.0,1440.0,1198.0,0.0016,223.23,1815.0,0.0239,0.0094,0.224,0.1648,667.0,0.0,0,,,,,routine_benign,1,8,3,1,0,3,3,5,0,0
txn_e17b3a81069c,88.6,0.1059,19,0,2.0,11.0,3.0,0.0,0.0,0.0,0.0,0.0,28.825,2.0737,1506.0,1506.0,1609.0,0.0636,228.98,2449.0,0.0193,0.0128,0.3348,0.1648,667.0,0.0,0,,,,,routine_benign,1,8,4,1,0,4,4,3,3,0
txn_dbb6181be4d3,4.36,0.0538,0,0,3.0,15.0,4.0,0.0,2.0,0.0,0.0,0.0,48.75,0.9106,323.0,323.0,1609.0,0.0636,228.98,3082.0,0.0612,0.0127,0.3139,0.1648,667.0,0.0,0,,,,,routine_benign,4,10,4,1,0,1,1,4,0,0
txn_1bf2ca5ac773,40.86,0.1282,17,0,1.0,5.0,2.0,0.0,0.0,0.0,0.0,0.0,16.79,1.4336,613.0,328.0,1609.0,0.0636,228.98,1470.0,0.0328,0.0024,0.1904,0.1648,667.0,0.0,0,,,,,routine_benign,1,6,1,1,0,4,4,1,1,0
txn_3b2abc120abf,16.79,0.1689,7,0,0.0,2.0,0.0,0.0,0.0,0.0,0.0,0.0,0.0,0.0,1440.0,1440.0,1609.0,0.0636,228.98,2977.0,0.0069,0.0029,0.0634,0.0213,1194.0,0.0,0,,,,,routine_benign,1,10,3,1,0,2,2,2,0,0
txn_be43f9892182,13.57,0.1811,10,0,0.0,5.0,1.0,0.0,0.0,0.0,0.0,0.0,0.0,0.0,1440.0,159.0,795.0,0.0318,28.99,957.0,0.045,0.0039,0.333,0.0213,1194.0,0.0,0,,,,,routine_benign,2,8,1,1,0,1,1,2,1,0
txn_a1ae78bbf7ca,14.71,0.0823,9,0,3.0,17.0,4.0,0.0,0.0,0.0,0.0,0.0,45.7433,0.6784,768.0,768.0,795.0,0.0318,28.99,811.0,0.0347,0.0045,0.1572,0.0213,1194.0,0.0,0,,,,,routine_benign,4,10,1,1,0,5,5,5,0,0
txn_1ef95d807584,64.61,0.2705,20,0,2.0,14.0,3.0,0.0,1.0,0.0,0.0,0.0,36.31,0.7794,142.0,142.0,795.0,0.0318,28.99,1560.0,0.0039,0.0139,0.3332,0.0213,1194.0,0.0,0,,,,,routine_benign,0,10,4,1,0,3,3,0,0,0
txn_4203ba3d1542,59.05,0.2195,18,0,1.0,9.0,2.0,0.0,2.0,0.0,0.0,0.0,13.57,3.3515,1920.0,1920.0,795.0,0.0318,28.99,2500.0,0.0533,0.01,0.0378,0.0213,1194.0,0.0,0,,,,,routine_benign,1,10,1,1,0,0,0,5,3,0
txn_29dcd0461fff,20.66,0.0849,8,0,1.0,16.0,2.0,0.0,1.0,0.0,0.0,0.0,12.53,0.6488,2877.0,1884.0,1131.0,0.0685,190.1,500.0,0.0749,0.006,0.2302,0.2335,1081.0,1.0,0,,,,,routine_benign,3,4,1,1,0,5,5,6,3,0
txn_8668e8ddf22e,12.53,0.2147,8,0,0.0,2.0,0.0,0.0,0.0,0.0,0.0,0.0,0.0,0.0,1440.0,1440.0,1131.0,0.0685,190.1,2690.0,0.035,0.0005,0.2288,0.2335,1081.0,1.0,0,,,,,routine_benign,0,4,1,1,0,2,2,3,2,0
txn_0e217ae8276c,25.87,0.2429,19,0,3.0,18.0,4.0,0.0,1.0,0.0,0.0,0.0,26.7967,0.0346,138.0,138.0,1131.0,0.0685,190.1,1680.0,0.0785,0.0041,0.1082,0.2335,1081.0,1.0,0,,,,,routine_benign,2,4,4,1,0,3,3,3,1,0
txn_dc6335fae0a9,47.2,0.3051,17,0,2.0,20.0,3.0,0.0,0.0,0.0,0.0,0.0,16.595,1.8442,552.0,552.0,1131.0,0.0685,190.1,2431.0,0.068,0.0059,0.2311,0.2335,1081.0,1.0,0,,,,,routine_benign,0,6,3,1,0,3,3,1,0,0
txn_9e84b69d4bfc,73.13,0.099,0,0,1.0,9.0,1.0,0.0,1.0,0.0,0.0,0.0,12.71,4.7537,314.0,993.0,1741.0,0.0313,247.67,1962.0,0.0022,0.0013,0.0899,0.2335,1081.0,1.0,0,,,,,routine_benign,0,8,3,1,0,5,5,1,3,0
txn_2b06f886d099,39.57,0.2253,7,0,2.0,14.0,2.0,0.0,2.0,0.0,0.0,0.0,42.92,0.0781,1824.0,1272.0,1741.0,0.0313,247.67,3207.0,0.0517,0.0091,0.1598,0.1148,910.0,1.0,0,,,,,routine_benign,2,8,3,1,0,3,3,6,2,0
txn_1d2bbcdfc8bb,12.71,0.2086,19,0,0.0,6.0,0.0,0.0,0.0,0.0,0.0,0.0,0.0,0.0,1440.0,1440.0,1741.0,0.0313,247.67,2963.0,0.0402,0.0094,0.2588,0.1148,910.0,1.0,0,,,,,routine_benign,4,8,1,1,0,2,2,3,3,0
txn_f50b149e7e26,497.09,0.2906,18,0,3.0,18.0,3.0,0.0,1.0,0.0,0.0,0.0,41.8033,10.8912,708.0,708.0,1741.0,0.0313,247.67,2057.0,0.064,0.0055,0.1768,0.1148,910.0,1.0,0,,,,,atypical_benign,4,10,3,1,0,1,1,6,2,0
txn_f6c000dcf04c,28.91,0.1819,22,0,3.0,16.0,4.0,0.0,1.0,0.0,0.0,0.0,38.02,0.2396,2148.0,192.0,927.0,0.0585,46.63,446.0,0.0096,0.0127,0.03,0.1148,910.0,1.0,0,,,,,routine_benign,3,4,1,1,0,2,2,2,1,0
txn_683cf9534363,16.79,0.2032,9,0,1.0,10.0,1.0,0.0,1.0,0.0,0.0,0.0,33.04,0.4918,158.0,866.0,927.0,0.0585,46.63,1815.0,0.0239,0.0094,0.224,0.1148,910.0,1.0,0,,,,,routine_benign,4,8,3,1,0,5,5,4,3,0
txn_35f20df1ee01,33.04,0.3094,7,0,0.0,8.0,0.0,0.0,0.0,0.0,0.0,0.0,0.0,0.0,1440.0,1440.0,927.0,0.0585,46.63,2449.0,0.0193,0.0128,0.3348,0.0526,177.0,0.0,0,,,,,routine_benign,1,4,3,1,0,4,4,4,1,0
txn_8d686fd4f458,64.23,0.0574,10,0,2.0,10.0,1.0,0.0,0.0,1.0,0.0,0.0,24.915,1.578,24.0,182.0,927.0,0.0585,46.63,3082.0,0.0612,0.0127,0.3139,0.0526,177.0,0.0,0,,,,,routine_benign,3,6,3,1,0,3,3,0,0,0
txn_b296961809b7,37.17,0.4889,3,1,1.0,15.0,2.0,0.0,0.0,0.0,0.0,0.0,46.97,0.2086,1521.0,1044.0,757.0,0.0488,32.92,1470.0,0.0328,0.0024,0.1904,0.0526,177.0,0.0,0,,,,,atypical_benign,2,4,4,1,1,1,3,2,0,1
txn_5ccf6927309b,19.05,0.0221,15,0,2.0,16.0,3.0,0.0,0.0,0.0,0.0,1.0,42.07,0.5472,710.0,710.0,757.0,0.0488,32.92,2977.0,0.0069,0.0029,0.0634,0.0526,177.0,0.0,0,,,,,routine_benign,1,4,1,1,0,4,4,5,2,0
txn_ed92d046d68c,39.34,0.554,21,1,3.0,20.0,4.0,0.0,0.0,0.0,0.0,1.0,34.3967,0.1437,370.0,370.0,757.0,0.0488,32.92,957.0,0.045,0.0039,0.333,0.0526,177.0,0.0,0,,,,,atypical_benign,3,6,4,1,0,1,5,0,2,0
txn_570793031524,46.97,0.3711,2,0,0.0,11.0,1.0,0.0,0.0,0.0,0.0,0.0,0.0,0.0,1440.0,151.0,757.0,0.0488,32.92,811.0,0.0347,0.0045,0.1572,0.0549,384.0,1.0,0,,,,,atypical_benign,1,6,1,1,0,2,2,6,1,0
txn_fac8bd7aa552,14.51,0.1892,1,0,3.0,18.0,4.0,0.0,0.0,0.0,0.0,0.0,28.69,0.4942,1568.0,1568.0,737.0,0.0015,262.19,1560.0,0.0039,0.0139,0.3332,0.0549,384.0,1.0,0,,,,,atypical_benign,2,10,3,1,0,1,1,1,3,0
txn_893d11bf9bc3,3.39,0.3464,23,0,2.0,11.0,3.0,0.0,1.0,0.0,0.0,0.0,41.34,0.918,147.0,147.0,737.0,0.0015,262.19,2500.0,0.0533,0.01,0.0378,0.0549,384.0,1.0,0,,,,,routine_benign,4,6,1,1,0,3,3,4,2,0
txn_4e0886f89a94,52.67,0.3272,23,0,0.0,9.0,0.0,0.0,0.0,0.0,0.0,0.0,0.0,0.0,1440.0,1440.0,737.0,0.0015,262.19,500.0,0.0749,0.006,0.2302,0.0549,384.0,1.0,0,,,,,routine_benign,3,8,3,1,0,2,2,0,0,0
txn_aa0a6c4670cf,30.01,0.0767,20,0,1.0,11.0,2.0,0.0,3.0,0.0,0.0,0.0,52.67,0.4302,1261.0,1110.0,737.0,0.0015,262.19,2690.0,0.035,0.0005,0.2288,0.0549,384.0,1.0,0,,,,,routine_benign,2,10,4,1,0,0,0,5,3,0
txn_b848201afdfe,36.35,0.2063,3,0,0.0,15.0,1.0,0.0,0.0,0.0,0.0,0.0,0.0,0.0,1440.0,852.0,398.0,0.0451,220.09,1680.0,0.0785,0.0041,0.1082,0.0185,451.0,1.0,0,,,,,routine_benign,1,4,4,1,0,1,1,3,0,0
txn_8d1b4acd9b42,28.38,0.6037,6,0,1.0,17.0,2.0,0.0,0.0,0.0,0.0,0.0,36.35,0.2193,198.0,198.0,398.0,0.0451,220.09,2431.0,0.068,0.0059,0.2311,0.0185,451.0,1.0,0,,,,,atypical_benign,0,10,4,1,0,2,2,4,1,0
txn_a627c72fbb5e,9.61,0.1887,15,0,2.0,19.0,3.0,0.0,0.0,0.0,0.0,0.0,32.365,0.7031,564.0,564.0,398.0,0.0451,220.09,1962.0,0.0022,0.0013,0.0899,0.0185,451.0,1.0,0,,,,,routine_benign,2,4,4,1,0,2,2,0,3,0
txn_ddf4ff849b18,22.18,0.0406,19,0,3.0,15.0,4.0,0.0,0.0,0.0,0.0,0.0,24.78,0.1049,204.0,204.0,398.0,0.0451,220.09,3207.0,0.0517,0.0091,0.1598,0.0185,451.0,1.0,0,,,,,routine_benign,3,6,3,1,0,0,0,0,0,0
txn_d316095d2e72,155.69,0.3835,12,1,0.0,10.0,0.0,0.0,1.0,0.0,0.0,0.0,0.0,0.0,1440.0,1440.0,1957.0,0.076,222.31,2963.0,0.0402,0.0094,0.2588,0.0185,451.0,1.0,0,,,,,atypical_benign,2,6,4,1,0,0,1,6,2,0
txn_3fca3a55df30,7.48,0.252,2,0,3.0,20.0,4.0,0.0,2.0,0.0,0.0,0.0,121.5,0.9384,700.0,700.0,1957.0,0.076,222.31,2057.0,0.064,0.0055,0.1768,0.1381,656.0,1.0,0,,,,,routine_benign,0,6,1,1,0,4,4,5,3,0
txn_6f3ee00540c7,26.93,0.3013,7,0,1.0,13.0,2.0,0.0,0.0,0.0,0.0,0.0,155.69,0.827,1140.0,513.0,1957.0,0.076,222.31,446.0,0.0096,0.0127,0.03,0.1381,656.0,1.0,0,,,,,routine_benign,0,6,3,1,0,2,2,6,3,0
txn_8e6b53684c46,181.88,0.637,14,0,2.0,14.0,3.0,0.0,3.0,0.0,0.0,0.0,91.31,0.9919,392.0,392.0,1957.0,0.076,222.31,1815.0,0.0239,0.0094,0.224,0.1381,656.0,1.0,0,,,,,atypical_benign,0,6,1,1,0,4,4,4,1,0
txn_8976cccfafee,49.56,0.2511,23,0,1.0,12.0,0.0,0.0,1.0,0.0,0.0,0.0,46.86,0.0576,2056.0,1440.0,2322.0,0.0504,204.27,2449.0,0.0193,0.0128,0.3348,0.1381,656.0,1.0,0,,,,,routine_benign,1,10,1,1,0,1,1,1,1,0
txn_a63b0eaf3862,20.67,0.0229,23,0,2.0,14.0,1.0,0.0,0.0,1.0,1.0,0.0,48.21,0.5713,15.0,15.0,2322.0,0.0504,204.27,3082.0,0.0612,0.0127,0.3139,0.1381,656.0,1.0,0,,,,,routine_benign,2,8,4,1,0,0,0,4,2,0
txn_72e0898d1f6d,38.91,0.2642,9,0,3.0,16.0,4.0,0.0,0.0,0.0,0.0,0.0,39.03,0.0031,585.0,1308.0,2322.0,0.0504,204.27,1470.0,0.0328,0.0024,0.1904,0.0489,609.0,0.0,0,,,,,routine_benign,4,8,4,1,0,2,2,4,2,0
txn_3547e7d645c7,46.86,0.1396,12,0,0.0,5.0,0.0,0.0,1.0,0.0,0.0,0.0,0.0,0.0,1440.0,1440.0,2322.0,0.0504,204.27,2977.0,0.0069,0.0029,0.0634,0.0489,609.0,0.0,0,,,,,routine_benign,1,6,1,1,0,1,1,3,0,0
txn_4dccfacc39f0,9.33,0.0522,11,0,2.0,12.0,3.0,0.0,1.0,0.0,0.0,0.0,188.29,0.9504,172.0,172.0,1505.0,0.071,223.04,957.0,0.045,0.0039,0.333,0.0489,609.0,0.0,0,,,,,routine_benign,0,10,3,1,0,1,1,6,0,0
txn_c9289e0511ef,342.03,0.1982,16,0,0.0,7.0,1.0,0.0,0.0,0.0,0.0,0.0,0.0,0.0,1440.0,201.0,1505.0,0.071,223.04,811.0,0.0347,0.0045,0.1572,0.0489,609.0,0.0,0,,,,,atypical_benign,1,10,4,1,0,3,3,2,1,0
txn_30e4531d6436,34.55,0.0619,8,0,1.0,12.0,2.0,0.0,1.0,0.0,0.0,0.0,342.03,0.899,975.0,975.0,1505.0,0.071,223.04,1560.0,0.0039,0.0139,0.3332,0.0489,609.0,0.0,0,,,,,routine_benign,4,4,3,1,0,5,5,5,0,0
txn_8987dcc403e9,43.44,0.041,20,0,3.0,17.0,2.0,0.0,3.0,0.0,0.0,0.0,128.6367,0.6623,1983.0,1743.0,1505.0,0.071,223.04,2500.0,0.0533,0.01,0.0378,0.2228,601.0,0.0,0,,,,,routine_benign,3,6,1,1,0,1,1,1,3,0
txn_1b63058e95a7,67.16,0.3282,15,0,1.0,14.0,1.0,0.0,1.0,0.0,0.0,0.0,22.51,1.9836,1158.0,1158.0,746.0,0.0336,190.29,500.0,0.0749,0.006,0.2302,0.2228,601.0,0.0,0,,,,,routine_benign,3,8,3,1,0,0,0,2,1,0
txn_759db3f5b4f6,80.34,0.19,20,0,2.0,14.0,3.0,0.0,1.0,0.0,1.0,0.0,44.835,0.7919,1785.0,42.0,746.0,0.0336,190.29,2690.0,0.035,0.0005,0.2288,0.2228,601.0,0.0,0,,,,,routine_benign,2,4,3,1,0,3,3,0,2,0
txn_c8c0bd551b4b,89.31,0.1752,0,1,3.0,20.0,4.0,0.0,1.0,0.0,0.0,0.0,56.67,0.576,219.0,219.0,746.0,0.0336,190.29,1680.0,0.0785,0.0041,0.1082,0.2228,601.0,0.0,0,,,,,atypical_benign,0,4,4,1,0,4,3,0,0,0
txn_0501195986d1,22.51,0.0666,19,0,0.0,8.0,0.0,0.0,0.0,0.0,0.0,0.0,0.0,0.0,1440.0,1440.0,746.0,0.0336,190.29,2431.0,0.068,0.0059,0.2311,0.2228,601.0,0.0,0,,,,,routine_benign,0,8,4,1,0,0,0,1,3,0
txn_12a1587bb705,50.76,0.1774,2,0,2.0,14.0,2.0,0.0,1.0,0.0,0.0,0.0,36.48,0.3914,564.0,564.0,267.0,0.0093,275.7,1962.0,0.0022,0.0013,0.0899,0.0394,1358.0,1.0,0,,,,,routine_benign,4,8,1,1,0,3,3,3,3,0
txn_ae91425e0788,62.85,0.283,20,0,0.0,6.0,0.0,0.0,0.0,0.0,0.0,0.0,0.0,0.0,1440.0,1440.0,267.0,0.0093,275.7,3207.0,0.0517,0.0091,0.1598,0.0394,1358.0,1.0,0,,,,,routine_benign,4,8,4,1,0,0,0,3,1,0
txn_94f467e4e177,45.02,0.2929,8,0,3.0,19.0,4.0,0.0,0.0,0.0,0.0,0.0,41.24,0.0917,1848.0,1788.0,267.0,0.0093,275.7,2963.0,0.0402,0.0094,0.2588,0.0394,1358.0,1.0,0,,,,,routine_benign,4,8,4,1,0,3,3,2,0,0
txn_1ed1ff5160e4,10.11,0.1572,16,0,1.0,12.0,1.0,0.0,2.0,0.0,0.0,0.0,62.85,0.8391,1230.0,1230.0,267.0,0.0093,275.7,2057.0,0.064,0.0055,0.1768,0.0394,1358.0,1.0,0,,,,,routine_benign,3,8,4,1,0,5,5,6,3,0
txn_5331075493fc,67.46,0.3449,3,0,3.0,11.0,3.0,0.0,1.0,0.0,1.0,0.0,24.2333,1.7838,600.0,60.0,2547.0,0.0445,210.51,446.0,0.0096,0.0127,0.03,0.0394,1358.0,1.0,0,,,,,routine_benign,2,8,1,1,0,3,3,3,2,0
txn_3e4c21d3c212,19.17,0.3323,17,0,2.0,11.0,3.0,0.0,0.0,0.0,0.0,0.0,26.765,0.2838,194.0,194.0,2547.0,0.0445,210.51,1815.0,0.0239,0.0094,0.224,0.0875,1474.0,1.0,0,,,,,routine_benign,2,10,1,1,0,2,2,4,2,0
txn_062f87b6a59d,22.14,0.1412,13,0,1.0,10.0,2.0,0.0,1.0,0.0,0.0,0.0,31.39,0.2947,610.0,610.0,2547.0,0.0445,210.51,2449.0,0.0193,0.0128,0.3348,0.0875,1474.0,1.0,0,,,,,routine_benign,3,8,4,1,0,0,0,6,2,0
txn_d86ffd244353,31.39,0.2351,3,0,0.0,8.0,1.0,0.0,1.0,0.0,0.0,0.0,0.0,0.0,1440.0,200.0,2547.0,0.0445,210.51,3082.0,0.0612,0.0127,0.3139,0.0875,1474.0,1.0,0,,,,,routine_benign,4,10,4,1,0,1,1,0,0,0
txn_c00bd75184e5,140.98,0.3257,0,0,1.0,9.0,0.0,0.0,0.0,0.0,0.0,0.0,27.65,4.0987,823.0,1440.0,2914.0,0.076,108.27,1470.0,0.0328,0.0024,0.1904,0.0875,1474.0,1.0,0,,,,,routine_benign,2,8,1,1,0,2,2,4,3,0
txn_5a76607c26b2,1749.32,0.2815,15,0,3.0,20.0,4.0,0.0,1.0,0.0,0.0,0.0,66.4,25.3452,1235.0,2765.0,2914.0,0.076,108.27,2977.0,0.0069,0.0029,0.0634,0.0875,1474.0,1.0,0,,,,,atypical_benign,2,8,4,1,0,4,4,6,2,0
txn_0b004b879c76,30.57,0.074,18,0,2.0,19.0,3.0,0.0,2.0,0.0,0.0,0.0,84.315,0.6374,2534.0,1221.0,2914.0,0.076,108.27,957.0,0.045,0.0039,0.333,0.0128,1280.0,0.0,0,,,,,routine_benign,0,6,3,1,0,5,5,2,3,0
txn_da81fcbc5577,27.65,0.274,10,0,0.0,4.0,0.0,0.0,1.0,0.0,0.0,0.0,0.0,0.0,1440.0,1440.0,2914.0,0.076,108.27,811.0,0.0347,0.0045,0.1572,0.0128,1280.0,0.0,0,,,,,routine_benign,2,4,4,1,0,3,3,0,1,0
txn_38184b385d88,23.66,0.1521,0,0,0.0,7.0,1.0,0.0,0.0,0.0,0.0,0.0,0.0,0.0,1440.0,851.0,2171.0,0.0343,154.3,1560.0,0.0039,0.0139,0.3332,0.0128,1280.0,0.0,0,,,,,routine_benign,0,6,3,1,0,4,4,2,3,0
txn_b68313e6a816,54.45,0.287,22,0,1.0,10.0,2.0,0.0,1.0,0.0,0.0,0.0,23.66,1.3014,1285.0,1285.0,2171.0,0.0343,154.3,2500.0,0.0533,0.01,0.0378,0.0128,1280.0,0.0,0,,,,,routine_benign,4,8,4,1,0,2,2,4,1,0
txn_a78eda47e0eb,23.55,0.0589,6,0,2.0,19.0,4.0,0.0,0.0,0.0,0.0,0.0,39.055,0.397,1939.0,718.0,2171.0,0.0343,154.3,500.0,0.0749,0.006,0.2302,0.0128,1280.0,0.0,0,,,,,routine_benign,0,8,3,1,0,0,0,3,2,0
txn_52353607cc8f,80.67,0.282,17,0,3.0,19.0,4.0,0.0,2.0,0.0,0.0,0.0,33.8867,1.3806,667.0,1887.0,2171.0,0.0343,154.3,2690.0,0.035,0.0005,0.2288,0.1686,1147.0,1.0,0,,,,,routine_benign,3,10,1,1,0,4,4,0,0,0
txn_77aa5389dbe7,5.58,0.1335,14,0,0.0,8.0,0.0,0.0,0.0,0.0,0.0,0.0,0.0,0.0,1440.0,1440.0,89.0,0.0564,50.13,1680.0,0.0785,0.0041,0.1082,0.1686,1147.0,1.0,0,,,,,routine_benign,2,8,3,1,0,4,4,1,2,0
txn_3f11b852a1af,23.53,0.1166,4,0,1.0,11.0,1.0,0.0,2.0,0.0,0.0,0.0,5.58,3.2168,872.0,872.0,89.0,0.0564,50.13,2431.0,0.068,0.0059,0.2311,0.1686,1147.0,1.0,0,,,,,routine_benign,2,8,3,1,0,5,5,1,3,0
txn_030002fa598b,48.26,0.1775,10,0,3.0,17.0,3.0,0.0,3.0,0.0,0.0,0.0,17.8733,1.7001,1517.0,1517.0,89.0,0.0564,50.13,1962.0,0.0022,0.0013,0.0899,0.1686,1147.0,1.0,0,,,,,routine_benign,1,4,1,1,0,4,4,6,0,0
txn_f1737d00ea72,24.51,0.5118,8,0,2.0,9.0,2.0,0.0,1.0,0.0,0.0,0.0,14.555,0.684,235.0,235.0,89.0,0.0564,50.13,3207.0,0.0517,0.0091,0.1598,0.1686,1147.0,1.0,0,,,,,atypical_benign,3,8,1,1,0,4,4,5,1,0
txn_c51dbd1bafc3,31.76,0.344,3,0,2.0,14.0,2.0,0.0,2.0,0.0,0.0,0.0,30.995,0.0247,428.0,428.0,46.0,0.063,26.78,2963.0,0.0402,0.0094,0.2588,0.065,1299.0,1.0,0,,,,,routine_benign,1,4,1,1,0,5,5,0,3,0
txn_23d4bc39adec,54.21,0.3518,20,0,1.0,13.0,1.0,0.0,2.0,0.0,0.0,0.0,7.78,5.9679,645.0,645.0,46.0,0.063,26.78,2057.0,0.064,0.0055,0.1768,0.065,1299.0,1.0,0,,,,,routine_benign,1,8,4,1,0,1,1,4,1,0
txn_0d7a8821cc07,22.74,0.0965,14,0,3.0,15.0,3.0,0.0,1.0,0.0,0.0,0.0,31.25,0.2723,694.0,694.0,46.0,0.063,26.78,446.0,0.0096,0.0127,0.03,0.065,1299.0,1.0,0,,,,,routine_benign,4,8,1,1,0,0,0,2,2,0
txn_1c11e2ae7714,7.78,0.1969,9,0,0.0,9.0,0.0,0.0,2.0,0.0,0.0,0.0,0.0,0.0,1440.0,1440.0,46.0,0.063,26.78,1815.0,0.0239,0.0094,0.224,0.065,1299.0,1.0,0,,,,,routine_benign,0,6,1,1,0,3,3,1,0,0
txn_53fecdbe8db2,92.87,0.0541,6,0,3.0,15.0,4.0,0.0,1.0,0.0,0.0,0.0,14.1533,5.5617,2207.0,930.0,586.0,0.0151,207.26,2449.0,0.0193,0.0128,0.3348,0.065,1299.0,1.0,0,,,,,routine_benign,4,4,3,1,0,4,4,4,1,0
txn_e6225fe84dd9,23.04,0.2437,13,0,1.0,11.0,3.0,0.0,0.0,0.0,0.0,0.0,6.0,2.84,1120.0,426.0,586.0,0.0151,207.26,3082.0,0.0612,0.0127,0.3139,0.0368,899.0,1.0,0,,,,,routine_benign,0,10,4,1,0,2,2,0,1,0
txn_e7dc05b3e469,6.0,0.0726,18,0,0.0,6.0,0.0,0.0,0.0,0.0,0.0,0.0,0.0,0.0,1440.0,1440.0,586.0,0.0151,207.26,1470.0,0.0328,0.0024,0.1904,0.0368,899.0,1.0,0,,,,,routine_benign,0,10,3,1,0,5,5,2,1,0
txn_8c381bb0bace,13.42,0.347,17,0,2.0,13.0,4.0,0.0,0.0,0.0,0.0,0.0,14.52,0.0758,247.0,247.0,586.0,0.0151,207.26,2977.0,0.0069,0.0029,0.0634,0.0368,899.0,1.0,0,,,,,routine_benign,1,6,1,1,0,3,3,4,2,0
txn_88d46cde3e8e,26.35,0.4977,6,0,2.0,11.0,2.0,0.0,1.0,0.0,0.0,0.0,12.255,1.1501,679.0,679.0,1374.0,0.0081,84.56,957.0,0.045,0.0039,0.333,0.0368,899.0,1.0,0,,,,,atypical_benign,4,8,4,1,0,3,3,0,3,0
txn_2fc618c5a3d7,11.13,0.14,19,0,1.0,10.0,1.0,0.0,0.0,0.0,1.0,0.0,13.38,0.1682,225.0,15.0,1374.0,0.0081,84.56,811.0,0.0347,0.0045,0.1572,0.0368,899.0,1.0,0,,,,,routine_benign,3,10,4,1,0,1,1,5,3,0
txn_6ecf2151d88e,13.38,0.3557,15,0,0.0,4.0,0.0,0.0,0.0,0.0,0.0,0.0,0.0,0.0,1440.0,1440.0,1374.0,0.0081,84.56,1560.0,0.0039,0.0139,0.3332,0.048,238.0,1.0,0,,,,,routine_benign,1,4,3,1,0,1,1,5,1,0
txn_b98f017881a2,405.44,0.3648,21,0,3.0,18.0,2.0,0.0,5.0,0.0,0.0,0.0,16.9533,22.9151,2334.0,1818.0,1374.0,0.0081,84.56,2500.0,0.0533,0.01,0.0378,0.048,238.0,1.0,0,,,,,atypical_benign,3,10,3,1,0,4,4,2,1,0
txn_95456becc62c,14.11,0.0354,1,0,2.0,18.0,3.0,0.0,2.0,0.0,0.0,0.0,37.36,0.6223,2068.0,250.0,2216.0,0.0592,258.94,500.0,0.0749,0.006,0.2302,0.048,238.0,1.0,0,,,,,routine_benign,2,6,3,1,0,5,5,3,2,0
txn_564d56275ade,30.33,0.2711,1,0,3.0,21.0,4.0,0.0,0.0,0.0,0.0,0.0,29.61,0.0243,1417.0,1417.0,2216.0,0.0592,258.94,2690.0,0.035,0.0005,0.2288,0.048,238.0,1.0,0,,,,,routine_benign,0,8,3,1,0,0,0,1,1,0
txn_d151611ed984,57.29,0.2136,15,0,1.0,12.0,1.0,0.0,0.0,0.0,0.0,0.0,17.43,2.2869,460.0,1420.0,2216.0,0.0592,258.94,1680.0,0.0785,0.0041,0.1082,0.048,238.0,1.0,0,,,,,routine_benign,4,8,4,1,0,0,0,3,2,0
txn_654ef269a5fc,17.43,0.2854,7,0,0.0,12.0,0.0,0.0,1.0,0.0,0.0,0.0,0.0,0.0,1440.0,1440.0,2216.0,0.0592,258.94,2431.0,0.068,0.0059,0.2311,0.0178,348.0,0.0,0,,,,,routine_benign,2,6,1,1,0,3,3,6,3,0
txn_20946a478227,63.57,0.1736,11,0,0.0,10.0,1.0,0.0,1.0,0.0,0.0,0.0,0.0,0.0,1440.0,244.0,2633.0,0.0238,100.37,1962.0,0.0022,0.0013,0.0899,0.0178,348.0,0.0,0,,,,,routine_benign,4,4,4,1,0,2,2,1,2,0
txn_ed39e36fb2c5,90.05,0.3285,23,1,3.0,16.0,4.0,0.0,1.0,0.0,0.0,0.0,48.6767,0.85,1648.0,1648.0,2633.0,0.0238,100.37,3207.0,0.0517,0.0091,0.1598,0.0178,348.0,0.0,0,,,,,atypical_benign,3,4,1,1,0,0,1,0,3,0
txn_c628bae8cc5d,26.4,0.0725,19,0,2.0,12.0,3.0,0.0,3.0,0.0,0.0,0.0,59.815,0.5586,467.0,467.0,2633.0,0.0238,100.37,2963.0,0.0402,0.0094,0.2588,0.0178,348.0,0.0,0,,,,,routine_benign,1,4,3,1,0,5,5,4,1,0
txn_1f53210783d5,56.06,0.1657,11,0,1.0,10.0,2.0,0.0,1.0,1.0,1.0,0.0,63.57,0.1181,27.0,27.0,2633.0,0.0238,100.37,2057.0,0.064,0.0055,0.1768,0.0178,348.0,0.0,0,,,,,routine_benign,0,6,4,1,0,2,2,5,0,0
txn_599bb0dcc359,90.89,0.1985,8,0,1.0,14.0,1.0,0.0,1.0,0.0,0.0,0.0,60.22,0.5093,2631.0,2631.0,568.0,0.0685,253.04,446.0,0.0096,0.0127,0.03,0.0772,1093.0,1.0,0,,,,,routine_benign,0,10,3,1,0,2,2,4,1,0
txn_b3bb30f8c343,446.6,0.3708,20,0,2.0,18.0,2.0,0.0,4.0,0.0,0.0,0.0,75.555,4.9109,737.0,737.0,568.0,0.0685,253.04,1815.0,0.0239,0.0094,0.224,0.0772,1093.0,1.0,0,,,,,atypical_benign,0,10,1,1,1,2,2,4,2,1
txn_dd6d023f9f32,16.35,0.1274,0,0,3.0,18.0,4.0,0.0,2.0,0.0,0.0,0.0,199.2367,0.9179,1711.0,928.0,568.0,0.0685,253.04,2449.0,0.0193,0.0128,0.3348,0.0772,1093.0,1.0,0,,,,,routine_benign,2,6,1,1,0,5,5,0,0,0
txn_145217e959ed,60.22,0.2704,12,0,0.0,3.0,0.0,0.0,0.0,0.0,0.0,0.0,0.0,0.0,1440.0,1440.0,568.0,0.0685,253.04,3082.0,0.0612,0.0127,0.3139,0.0772,1093.0,1.0,0,,,,,routine_benign,1,10,4,1,0,5,5,3,3,0
txn_100ba99ea4a6,12.37,0.0719,9,0,3.0,19.0,3.0,0.0,1.0,0.0,0.0,0.0,62.7367,0.8028,1190.0,783.0,2940.0,0.024,86.57,1470.0,0.0328,0.0024,0.1904,0.0772,1093.0,1.0,0,,,,,routine_benign,3,6,4,1,0,5,5,5,1,0
txn_3cf9cae6f75c,78.95,0.4425,16,0,1.0,12.0,2.0,0.0,2.0,0.0,0.0,0.0,96.07,0.1782,721.0,721.0,2940.0,0.024,86.57,2977.0,0.0069,0.0029,0.0634,0.1646,39.0,1.0,0,,,,,atypical_benign,2,10,1,1,0,4,4,4,1,0
txn_173ca103352f,13.19,0.0551,13,0,2.0,17.0,4.0,0.0,1.0,0.0,0.0,0.0,87.51,0.8493,1240.0,962.0,2940.0,0.024,86.57,957.0,0.045,0.0039,0.333,0.1646,39.0,1.0,0,,,,,routine_benign,2,6,3,1,0,1,1,1,1,0
txn_1283d1a5c9f7,96.07,0.0855,4,0,0.0,13.0,1.0,0.0,0.0,0.0,0.0,0.0,0.0,0.0,1440.0,484.0,2940.0,0.024,86.57,811.0,0.0347,0.0045,0.1572,0.1646,39.0,1.0,0,,,,,routine_benign,2,10,1,1,0,4,4,1,0,0
txn_c33f4a765ce7,21.34,0.3825,21,0,3.0,15.0,3.0,0.0,0.0,0.0,0.0,0.0,98.3433,0.783,1483.0,278.0,2520.0,0.0533,93.9,1560.0,0.0039,0.0139,0.3332,0.1646,39.0,1.0,0,,,,,atypical_benign,2,10,3,1,0,5,5,2,1,0
txn_c926a212c0dc,6.89,0.2323,20,0,2.0,5.0,0.0,0.0,0.0,0.0,0.0,0.0,144.07,0.9522,241.0,1440.0,2520.0,0.0533,93.9,2500.0,0.0533,0.01,0.0378,0.1646,39.0,1.0,0,,,,,routine_benign,1,8,4,1,0,2,2,6,1,0
txn_826447732b77,27.04,0.337,12,0,0.0,5.0,0.0,0.0,2.0,0.0,0.0,0.0,0.0,0.0,1440.0,1440.0,2520.0,0.0533,93.9,500.0,0.0749,0.006,0.2302,0.1033,803.0,1.0,0,,,,,routine_benign,4,10,3,1,0,2,2,6,1,0
txn_1033b57ff1f2,261.1,0.488,16,0,1.0,5.0,2.0,0.0,0.0,0.0,0.0,0.0,27.04,8.6561,254.0,248.0,2520.0,0.0533,93.9,2690.0,0.035,0.0005,0.2288,0.1033,803.0,1.0,0,,,,,atypical_benign,2,4,1,1,0,1,1,1,1,0
txn_86264bb22428,28.38,0.347,12,0,0.0,7.0,1.0,0.0,0.0,0.0,1.0,0.0,0.0,0.0,1440.0,6.0,2312.0,0.0587,263.83,1680.0,0.0785,0.0041,0.1082,0.1033,803.0,1.0,0,,,,,routine_benign,0,8,4,1,0,4,4,2,3,0
txn_b70a27380a4d,14.31,0.2381,21,0,1.0,9.0,3.0,0.0,0.0,0.0,0.0,0.0,28.38,0.4958,509.0,261.0,2312.0,0.0587,263.83,2431.0,0.068,0.0059,0.2311,0.1033,803.0,1.0,0,,,,,routine_benign,3,10,1,1,0,3,3,6,3,0
txn_156483279d93,29.52,0.2233,1,0,3.0,22.0,4.0,0.0,0.0,0.0,0.0,0.0,62.9367,0.531,1507.0,4577.0,2312.0,0.0587,263.83,1962.0,0.0022,0.0013,0.0899,0.1033,803.0,1.0,0,,,,,routine_benign,0,10,4,1,0,1,1,3,0,0
txn_1e2298f4f80d,146.12,0.0966,0,0,2.0,17.0,3.0,0.0,4.0,0.0,0.0,0.0,21.345,5.8456,3070.0,495.0,2312.0,0.0587,263.83,3207.0,0.0517,0.0091,0.1598,0.0995,1443.0,0.0,0,,,,,routine_benign,2,10,3,1,0,5,5,2,3,0
txn_87ee8c910923,30.13,0.0809,16,0,2.0,16.0,2.0,0.0,0.0,0.0,0.0,0.0,148.495,0.7971,242.0,242.0,117.0,0.0525,60.92,2963.0,0.0402,0.0094,0.2588,0.0995,1443.0,0.0,0,,,,,routine_benign,0,10,1,1,0,3,3,2,2,0
txn_4b2f78b39a3c,280.76,0.2936,11,0,1.0,17.0,1.0,0.0,1.0,0.0,0.0,0.0,16.23,16.2988,1008.0,1008.0,117.0,0.0525,60.92,2057.0,0.064,0.0055,0.1768,0.0995,1443.0,0.0,0,,,,,atypical_benign,2,6,3,1,0,2,2,6,3,0
txn_fca19fa62549,187.75,0.6362,14,0,3.0,19.0,4.0,0.0,1.0,0.0,0.0,0.0,109.04,0.7218,1320.0,825.0,117.0,0.0525,60.92,446.0,0.0096,0.0127,0.03,0.0995,1443.0,0.0,0,,,,,atypical_benign,3,10,1,1,1,3,3,3,1,1
txn_19ae28b1bdb8,16.23,0.0523,19,0,0.0,13.0,0.0,0.0,2.0,0.0,0.0,0.0,0.0,0.0,1440.0,1440.0,117.0,0.0525,60.92,1815.0,0.0239,0.0094,0.224,0.0995,1443.0,0.0,0,,,,,routine_benign,2,6,3,1,0,1,1,5,0,0
txn_b11a7a80378a,133.14,0.2631,6,0,0.0,7.0,1.0,0.0,0.0,0.0,0.0,0.0,0.0,0.0,1440.0,1028.0,2741.0,0.038,275.07,2449.0,0.0193,0.0128,0.3348,0.0122,783.0,0.0,0,,,,,routine_benign,2,10,1,1,0,5,5,5,0,0
txn_d43d568a4cb6,18.01,0.1223,8,0,1.0,16.0,2.0,0.0,1.0,0.0,0.0,0.0,133.14,0.8647,1573.0,1573.0,2741.0,0.038,275.07,3082.0,0.0612,0.0127,0.3139,0.0122,783.0,0.0,0,,,,,routine_benign,3,8,3,1,0,1,1,6,1,0
txn_f6e275a48776,8.05,0.2394,4,0,2.0,23.0,3.0,0.0,4.0,0.0,0.0,0.0,75.575,0.8935,2633.0,2633.0,2741.0,0.038,275.07,1470.0,0.0328,0.0024,0.1904,0.0122,783.0,0.0,0,,,,,routine_benign,3,6,1,1,0,4,4,4,0,0
txn_ab7cba300321,14.67,0.0915,4,0,3.0,23.0,4.0,0.0,2.0,1.0,1.0,0.0,53.0667,0.7236,23.0,23.0,2741.0,0.038,275.07,2977.0,0.0069,0.0029,0.0634,0.0122,783.0,0.0,0,,,,,routine_benign,1,10,1,1,0,5,5,0,0,0
txn_e7939089ec9d,23.43,0.1986,13,0,0.0,7.0,0.0,0.0,1.0,0.0,0.0,0.0,0.0,0.0,1440.0,1440.0,149.0,0.0139,148.65,957.0,0.045,0.0039,0.333,0.0122,783.0,0.0,0,,,,,routine_benign,0,8,4,1,0,2,2,5,0,0
txn_17aa9596969b,44.25,0.3596,2,0,2.0,12.0,1.0,0.0,3.0,0.0,0.0,0.0,28.205,0.5689,526.0,526.0,149.0,0.0139,148.65,811.0,0.0347,0.0045,0.1572,0.007,981.0,1.0,0,,,,,routine_benign,0,10,1,1,0,0,0,2,2,0
txn_8c188dd3f6e6,32.98,0.3364,17,0,1.0,6.0,0.0,0.0,1.0,0.0,0.0,0.0,23.43,0.4076,272.0,1440.0,149.0,0.0139,148.65,1560.0,0.0039,0.0139,0.3332,0.007,981.0,1.0,0,,,,,routine_benign,0,8,1,1,0,3,3,5,2,0
txn_751dfc638813,20.76,0.5756,18,0,3.0,16.0,2.0,0.0,2.0,0.0,0.0,0.0,33.5533,0.3813,2415.0,2415.0,149.0,0.0139,148.65,2500.0,0.0533,0.01,0.0378,0.007,981.0,1.0,0,,,,,atypical_benign,4,4,4,1,0,1,1,5,1,0
txn_146353de2faf,27.61,0.0271,17,0,2.0,21.0,3.0,0.0,0.0,0.0,0.0,0.0,408.53,0.9324,500.0,1355.0,1898.0,0.0305,169.14,500.0,0.0749,0.006,0.2302,0.007,981.0,1.0,0,,,,,routine_benign,3,6,1,1,0,0,0,1,1,0
txn_45b6b6642a8b,9.01,0.2962,7,0,3.0,22.0,4.0,0.0,2.0,0.0,0.0,0.0,281.5567,0.968,827.0,827.0,1898.0,0.0305,169.14,2690.0,0.035,0.0005,0.2288,0.007,981.0,1.0,0,,,,,routine_benign,4,10,4,1,0,5,5,3,0,0
txn_db47989412b5,33.8,0.0721,9,0,1.0,21.0,2.0,0.0,1.0,0.0,0.0,0.0,783.26,0.9568,1066.0,508.0,1898.0,0.0305,169.14,1680.0,0.0785,0.0041,0.1082,0.1145,552.0,1.0,0,,,,,routine_benign,0,4,1,1,0,1,1,0,0,0
txn_91d800c1fd23,783.26,0.415,15,0,0.0,19.0,0.0,0.0,0.0,0.0,0.0,0.0,0.0,0.0,1440.0,1440.0,1898.0,0.0305,169.14,2431.0,0.068,0.0059,0.2311,0.1145,552.0,1.0,0,,,,,atypical_benign,1,8,3,1,0,1,1,2,0,0
txn_c8af04c6476b,10.4,0.1504,0,0,0.0,21.0,1.0,0.0,0.0,0.0,0.0,0.0,0.0,0.0,1440.0,558.0,574.0,0.0126,130.93,1962.0,0.0022,0.0013,0.0899,0.1145,552.0,1.0,0,,,,,routine_benign,3,10,1,1,0,1,1,4,3,0
txn_94674606fd75,1124.28,0.2182,19,0,1.0,20.0,3.0,0.0,4.0,0.0,0.0,0.0,10.4,107.1038,1108.0,600.0,574.0,0.0126,130.93,3207.0,0.0517,0.0091,0.1598,0.1145,552.0,1.0,0,,,,,atypical_benign,0,4,3,1,0,2,2,5,1,0
txn_df84e40cfc8f,39.92,0.149,23,0,2.0,22.0,4.0,0.0,1.0,0.0,0.0,0.0,567.34,0.9296,294.0,294.0,574.0,0.0126,130.93,2963.0,0.0402,0.0094,0.2588,0.1145,552.0,1.0,0,,,,,routine_benign,2,8,4,1,0,2,2,3,3,0
txn_042d5d6101a4,85.55,0.0206,9,0,3.0,22.0,4.0,0.0,1.0,0.0,0.0,0.0,391.5333,0.7815,571.0,187.0,574.0,0.0126,130.93,2057.0,0.064,0.0055,0.1768,0.1831,1193.0,1.0,0,,,,,routine_benign,3,8,3,1,0,0,0,5,0,0
txn_d181916d9ac8,28.24,0.2446,8,0,0.0,8.0,0.0,0.0,1.0,0.0,0.0,0.0,0.0,0.0,1440.0,1440.0,121.0,0.0455,258.53,446.0,0.0096,0.0127,0.03,0.1831,1193.0,1.0,0,,,,,routine_benign,2,4,4,1,0,0,0,4,3,0
txn_f863f638791c,12.09,0.1845,5,0,1.0,21.0,1.0,0.0,1.0,0.0,0.0,0.0,28.24,0.5719,4162.0,4162.0,121.0,0.0455,258.53,1815.0,0.0239,0.0094,0.224,0.1831,1193.0,1.0,0,,,,,routine_benign,2,10,4,1,0,1,1,3,0,0
txn_2dea55b8ad6c,30.58,0.3226,5,0,2.0,19.0,2.0,0.0,2.0,1.0,1.0,0.0,20.165,0.5165,22.0,22.0,121.0,0.0455,258.53,2449.0,0.0193,0.0128,0.3348,0.1831,1193.0,1.0,0,,,,,routine_benign,1,8,1,1,0,4,4,6,1,0
txn_dde86ab1c309,61.3,0.2285,6,0,3.0,22.0,3.0,0.0,1.0,2.0,2.0,0.0,23.6367,1.5934,22.0,22.0,121.0,0.0455,258.53,3082.0,0.0612,0.0127,0.3139,0.1831,1193.0,1.0,0,,,,,routine_benign,0,6,1,1,0,3,3,0,1,0
txn_b1bb6c424695,82.8,0.1854,21,0,3.0,22.0,4.0,0.0,1.0,0.0,0.0,0.0,37.2,1.2258,1104.0,1056.0,1881.0,0.0369,204.9,1470.0,0.0328,0.0024,0.1904,0.1864,1213.0,0.0,0,,,,,atypical_benign,1,8,4,1,0,1,1,3,1,0
txn_e2601fec5eaa,24.55,0.1332,2,0,2.0,18.0,2.0,0.0,1.0,0.0,0.0,0.0,43.525,0.436,817.0,817.0,1881.0,0.0369,204.9,2977.0,0.0069,0.0029,0.0634,0.1864,1213.0,0.0,0,,,,,routine_benign,4,8,3,1,0,5,5,0,2,0
txn_b550fe030757,63.39,0.4285,4,0,0.0,9.0,0.0,0.0,1.0,0.0,0.0,0.0,0.0,0.0,1440.0,1440.0,1881.0,0.0369,204.9,957.0,0.045,0.0039,0.333,0.1864,1213.0,0.0,0,,,,,atypical_benign,2,10,1,1,0,1,1,4,2,0
txn_c664cbedd6cf,23.66,0.0556,13,0,1.0,18.0,1.0,0.0,1.0,0.0,0.0,0.0,63.39,0.6268,1987.0,1987.0,1881.0,0.0369,204.9,811.0,0.0347,0.0045,0.1572,0.1864,1213.0,0.0,0,,,,,routine_benign,4,8,3,1,0,3,3,4,0,0
txn_1a56718206a7,47.65,0.118,3,0,2.0,19.0,3.0,0.0,1.0,0.0,1.0,0.0,60.27,0.2094,813.0,48.0,2822.0,0.0029,145.17,1560.0,0.0039,0.0139,0.3332,0.1864,1213.0,0.0,0,,,,,routine_benign,3,10,4,1,0,5,5,0,3,0
txn_6b68c3b19da3,30.08,0.2378,8,0,3.0,22.0,3.0,0.0,2.0,0.0,0.0,0.0,56.0633,0.4635,1726.0,1086.0,2822.0,0.0029,145.17,2500.0,0.0533,0.01,0.0378,0.0833,675.0,1.0,0,,,,,routine_benign,2,4,4,1,0,5,5,1,2,0
txn_ec7fa62d2659,103.83,0.5502,14,0,0.0,6.0,0.0,0.0,0.0,0.0,0.0,0.0,0.0,0.0,1440.0,1440.0,2822.0,0.0029,145.17,500.0,0.0749,0.006,0.2302,0.0833,675.0,1.0,0,,,,,atypical_benign,0,8,1,1,0,1,1,1,1,0
txn_10624cd97c31,16.71,0.2979,14,0,1.0,13.0,1.0,0.0,1.0,0.0,0.0,0.0,103.83,0.8391,2873.0,2873.0,2822.0,0.0029,145.17,2690.0,0.035,0.0005,0.2288,0.0833,675.0,1.0,0,,,,,atypical_benign,1,4,3,1,0,1,1,3,1,0
txn_403cfcd2067e,23.46,0.1601,14,0,1.0,22.0,2.0,0.0,0.0,0.0,0.0,0.0,111.82,0.7902,2864.0,1453.0,1498.0,0.0386,57.29,1680.0,0.0785,0.0041,0.1082,0.0833,675.0,1.0,0,,,,,routine_benign,1,8,3,1,0,4,4,1,2,0
txn_93244321cf05,4.64,0.3393,0,0,3.0,27.0,4.0,0.0,1.0,0.0,0.0,0.0,49.7833,0.9068,1696.0,955.0,1498.0,0.0386,57.29,2431.0,0.068,0.0059,0.2311,0.0833,675.0,1.0,0,,,,,routine_benign,4,4,3,1,0,0,0,4,2,0
txn_c592e30a0bc9,111.82,0.3311,14,0,0.0,11.0,1.0,0.0,1.0,0.0,0.0,0.0,0.0,0.0,1440.0,1148.0,1498.0,0.0386,57.29,1962.0,0.0022,0.0013,0.0899,0.0605,123.0,0.0,0,,,,,routine_benign,1,8,3,1,0,2,2,5,1,0
txn_cda48c69d47f,14.07,0.1278,20,0,2.0,21.0,4.0,0.0,3.0,0.0,0.0,0.0,67.64,0.792,345.0,825.0,1498.0,0.0386,57.29,3207.0,0.0517,0.0091,0.1598,0.0605,123.0,0.0,0,,,,,routine_benign,2,10,4,1,0,4,4,5,3,0
txn_081e58542188,16.23,0.2626,10,0,1.0,15.0,2.0,0.0,0.0,0.0,0.0,0.0,11.98,0.3548,2332.0,1184.0,1528.0,0.0235,91.52,2963.0,0.0402,0.0094,0.2588,0.0605,123.0,0.0,0,,,,,routine_benign,0,6,4,1,0,2,2,2,2,0
txn_dd20ed4b5d7a,11.98,0.2773,19,0,0.0,5.0,0.0,0.0,0.0,0.0,0.0,0.0,0.0,0.0,1440.0,1440.0,1528.0,0.0235,91.52,2057.0,0.064,0.0055,0.1768,0.0605,123.0,0.0,0,,,,,routine_benign,2,4,3,1,0,3,3,1,2,0
txn_b55f383998f2,31.9,0.0455,6,0,3.0,18.0,3.0,0.0,2.0,0.0,0.0,0.0,13.66,1.3353,869.0,1200.0,1528.0,0.0235,91.52,446.0,0.0096,0.0127,0.03,0.0605,123.0,0.0,0,,,,,routine_benign,0,6,4,1,0,3,3,1,3,0
txn_9e4d353db992,12.77,0.2961,15,0,2.0,16.0,0.0,0.0,0.0,0.0,0.0,0.0,14.105,0.0946,331.0,1440.0,1528.0,0.0235,91.52,1815.0,0.0239,0.0094,0.224,0.2071,1376.0,0.0,0,,,,,routine_benign,2,6,3,1,0,4,4,5,1,0
txn_29b2d783ceac,14.69,0.1636,17,1,3.0,21.0,4.0,0.0,1.0,0.0,0.0,1.0,109.39,0.8657,550.0,550.0,160.0,0.0554,228.95,2449.0,0.0193,0.0128,0.3348,0.2071,1376.0,0.0,0,,,,,atypical_benign,3,8,3,1,1,0,4,2,1,2
txn_65f04e0e3611,57.43,0.0528,7,0,0.0,18.0,1.0,0.0,2.0,0.0,0.0,0.0,0.0,0.0,1440.0,917.0,160.0,0.0554,228.95,3082.0,0.0612,0.0127,0.3139,0.2071,1376.0,0.0,0,,,,,routine_benign,4,4,3,1,0,1,1,4,1,0
txn_c027db0e6e9a,229.52,0.311,8,0,2.0,24.0,3.0,0.0,2.0,0.0,0.0,0.0,49.325,3.6532,876.0,876.0,160.0,0.0554,228.95,1470.0,0.0328,0.0024,0.1904,0.2071,1376.0,0.0,0,,,,,atypical_benign,0,8,1,1,1,1,1,6,1,2
txn_db04c2d2c957,41.22,0.1169,17,0,1.0,22.0,2.0,0.0,2.0,0.0,0.0,0.0,57.43,0.2823,630.0,630.0,160.0,0.0554,228.95,2977.0,0.0069,0.0029,0.0634,0.2071,1376.0,0.0,0,,,,,routine_benign,2,8,1,1,0,4,4,4,3,0
txn_abc327baa116,76.85,0.2093,6,0,0.0,10.0,0.0,0.0,1.0,0.0,0.0,0.0,0.0,0.0,1440.0,1440.0,654.0,0.0415,95.8,957.0,0.045,0.0039,0.333,0.2398,581.0,1.0,0,,,,,routine_benign,2,6,3,1,0,1,1,3,1,0
txn_6ab3df64f314,38.93,0.0825,5,0,3.0,23.0,4.0,0.0,2.0,0.0,0.0,0.0,48.06,0.19,3586.0,3586.0,654.0,0.0415,95.8,811.0,0.0347,0.0045,0.1572,0.2398,581.0,1.0,0,,,,,routine_benign,4,4,4,1,0,1,1,6,3,0
txn_858742a0e77e,29.07,0.2336,11,0,1.0,13.0,2.0,0.0,1.0,0.0,0.0,0.0,76.85,0.6217,314.0,290.0,654.0,0.0415,95.8,1560.0,0.0039,0.0139,0.3332,0.2398,581.0,1.0,0,,,,,routine_benign,2,8,3,1,0,2,2,6,0,0
txn_92cddc2b7153,38.26,0.1512,17,0,2.0,15.0,3.0,0.0,0.0,0.0,0.0,0.0,52.96,0.2776,1825.0,1825.0,654.0,0.0415,95.8,2500.0,0.0533,0.01,0.0378,0.2398,581.0,1.0,0,,,,,routine_benign,4,10,1,1,0,4,4,4,0,0
txn_af6c125cd934,24.35,0.2999,6,0,0.0,13.0,1.0,0.0,0.0,0.0,1.0,0.0,0.0,0.0,1440.0,24.0,1829.0,0.0677,243.52,500.0,0.0749,0.006,0.2302,0.2398,581.0,1.0,0,,,,,routine_benign,4,8,4,1,0,0,0,4,2,0
txn_e4706ddee527,36.78,0.0473,4,0,2.0,17.0,2.0,0.0,0.0,0.0,0.0,0.0,27.61,0.3321,291.0,291.0,1829.0,0.0677,243.52,2690.0,0.035,0.0005,0.2288,0.1411,1393.0,1.0,0,,,,,routine_benign,0,10,1,1,0,5,5,2,2,0
txn_003ee278185a,30.87,0.102,23,0,1.0,19.0,1.0,0.0,1.0,0.0,0.0,0.0,24.35,0.2678,2460.0,2430.0,1829.0,0.0677,243.52,1680.0,0.0785,0.0041,0.1082,0.1411,1393.0,1.0,0,,,,,routine_benign,1,6,4,1,0,2,2,6,1,0
txn_ab3ffc4dd378,39.24,0.2654,16,0,3.0,26.0,4.0,0.0,0.0,0.0,0.0,0.0,30.6667,0.2796,2179.0,594.0,1829.0,0.0677,243.52,2431.0,0.068,0.0059,0.2311,0.1411,1393.0,1.0,0,,,,,routine_benign,1,8,3,1,0,5,5,3,2,0
txn_7fb4d78a8759,39.87,0.237,6,0,3.0,24.0,3.0,0.0,0.0,0.0,0.0,0.0,35.6133,0.1195,1200.0,1585.0,777.0,0.0593,84.42,1962.0,0.0022,0.0013,0.0899,0.1411,1393.0,1.0,0,,,,,routine_benign,2,8,4,1,0,1,1,4,2,0
txn_8a186142439c,72.93,0.251,6,0,0.0,8.0,0.0,0.0,2.0,0.0,0.0,0.0,0.0,0.0,1440.0,1440.0,777.0,0.0593,84.42,3207.0,0.0517,0.0091,0.1598,0.1411,1393.0,1.0,0,,,,,routine_benign,4,6,3,1,0,5,5,5,3,0
txn_7e0db1625baa,17.52,0.298,10,0,2.0,20.0,3.0,0.0,1.0,0.0,0.0,0.0,44.66,0.6077,606.0,592.0,777.0,0.0593,84.42,2963.0,0.0402,0.0094,0.2588,0.0116,1008.0,0.0,0,,,,,routine_benign,0,10,3,1,0,2,2,3,0,0
txn_c044d47b8942,16.39,0.0995,0,0,1.0,19.0,1.0,0.0,1.0,0.0,0.0,0.0,72.93,0.7753,2500.0,598.0,777.0,0.0593,84.42,2057.0,0.064,0.0055,0.1768,0.0116,1008.0,0.0,0,,,,,routine_benign,1,8,1,1,0,4,4,1,1,0
txn_4ea6fd5f06f9,21.5,0.0483,0,0,1.0,17.0,2.0,0.0,2.0,0.0,1.0,0.0,25.09,0.1431,612.0,14.0,1207.0,0.0629,128.2,446.0,0.0096,0.0127,0.03,0.0116,1008.0,0.0,0,,,,,routine_benign,1,8,3,1,0,0,0,3,0,0
txn_bb2581224134,25.09,0.3415,14,0,0.0,15.0,0.0,0.0,0.0,0.0,0.0,0.0,0.0,0.0,1440.0,1440.0,1207.0,0.0629,128.2,1815.0,0.0239,0.0094,0.224,0.0116,1008.0,0.0,0,,,,,routine_benign,2,8,4,1,0,2,2,6,2,0
txn_3142355684c2,13.97,0.3322,10,0,3.0,25.0,4.0,0.0,4.0,0.0,0.0,0.0,23.0833,0.3948,2495.0,2890.0,1207.0,0.0629,128.2,2449.0,0.0193,0.0128,0.3348,0.0116,1008.0,0.0,0,,,,,routine_benign,4,8,4,1,0,0,0,0,1,0
txn_67f1ecc51ae9,22.66,0.0268,17,0,2.0,20.0,4.0,0.0,1.0,0.0,0.0,0.0,23.295,0.0273,987.0,1234.0,1207.0,0.0629,128.2,3082.0,0.0612,0.0127,0.3139,0.0463,175.0,0.0,0,,,,,routine_benign,0,6,1,1,0,1,1,4,0,0
txn_61a5d31a39b9,12.49,0.2181,21,0,1.0,7.0,1.0,0.0,0.0,0.0,0.0,0.0,63.18,0.8023,307.0,307.0,2798.0,0.0079,261.12,1470.0,0.0328,0.0024,0.1904,0.0463,175.0,0.0,0,,,,,routine_benign,2,6,4,1,0,4,4,0,0,0
txn_c9af0fd29210,3.8,0.3352,20,0,3.0,17.0,3.0,0.0,0.0,0.0,0.0,0.0,45.6367,0.9167,623.0,623.0,2798.0,0.0079,261.12,2977.0,0.0069,0.0029,0.0634,0.0463,175.0,0.0,0,,,,,routine_benign,4,10,3,1,0,4,4,2,0,0
txn_28aec876e675,61.24,0.1036,10,0,2.0,16.0,2.0,0.0,4.0,0.0,0.0,0.0,37.835,0.6186,2234.0,2234.0,2798.0,0.0079,261.12,957.0,0.045,0.0039,0.333,0.0463,175.0,0.0,0,,,,,routine_benign,2,6,3,1,0,3,3,0,3,0
txn_f42ef6a54f69,63.18,0.1085,15,0,0.0,6.0,0.0,0.0,0.0,0.0,0.0,0.0,0.0,0.0,1440.0,1440.0,2798.0,0.0079,261.12,811.0,0.0347,0.0045,0.1572,0.0463,175.0,0.0,0,,,,,routine_benign,2,4,3,1,0,1,1,1,3,0
txn_09e1ec25b789,11.23,0.0533,5,0,2.0,22.0,3.0,0.0,2.0,0.0,0.0,0.0,34.415,0.6737,589.0,589.0,639.0,0.0596,89.77,1560.0,0.0039,0.0139,0.3332,0.0881,1115.0,0.0,0,,,,,routine_benign,0,4,1,1,0,0,0,6,0,0
txn_a0435a6156e0,36.97,0.0349,10,0,0.0,14.0,1.0,0.0,2.0,0.0,0.0,0.0,0.0,0.0,1440.0,291.0,639.0,0.0596,89.77,2500.0,0.0533,0.01,0.0378,0.0881,1115.0,0.0,0,,,,,routine_benign,1,4,1,1,0,1,1,3,2,0
txn_549ecb499f02,16.06,0.1839,14,0,3.0,23.0,4.0,0.0,1.0,0.0,0.0,0.0,26.6867,0.3982,1970.0,1970.0,639.0,0.0596,89.77,500.0,0.0749,0.006,0.2302,0.0881,1115.0,0.0,0,,,,,routine_benign,3,8,1,1,0,1,1,3,2,0
txn_71f25698edfe,31.86,0.2002,19,0,1.0,20.0,2.0,0.0,2.0,0.0,0.0,0.0,36.97,0.1382,1960.0,1960.0,639.0,0.0596,89.77,2690.0,0.035,0.0005,0.2288,0.0881,1115.0,0.0,0,,,,,routine_benign,4,6,4,1,0,2,2,6,1,0
txn_6302f433fab7,75.42,0.1852,6,0,1.0,16.0,0.0,0.0,0.0,0.0,0.0,0.0,5.75,12.1165,1290.0,1440.0,1272.0,0.0737,113.86,1680.0,0.0785,0.0041,0.1082,0.0881,1115.0,0.0,0,,,,,routine_benign,2,8,3,1,0,3,3,3,2,0
txn_cb311866fcf8,5.75,0.27,8,0,0.0,13.0,0.0,0.0,0.0,0.0,0.0,0.0,0.0,0.0,1440.0,1440.0,1272.0,0.0737,113.86,2431.0,0.068,0.0059,0.2311,0.237,1073.0,1.0,0,,,,,routine_benign,2,4,4,1,0,4,4,4,1,0
txn_a244f68e349e,41.8,0.5055,1,0,2.0,23.0,2.0,0.0,0.0,0.0,0.0,0.0,40.585,0.0299,2628.0,2907.0,1272.0,0.0737,113.86,1962.0,0.0022,0.0013,0.0899,0.237,1073.0,1.0,0,,,,,atypical_benign,0,6,1,1,0,1,1,4,2,0
txn_a71ed23f8995,47.43,0.2511,13,1,3.0,22.0,3.0,0.0,0.0,0.0,0.0,0.0,40.99,0.1571,672.0,672.0,1272.0,0.0737,113.86,3207.0,0.0517,0.0091,0.1598,0.237,1073.0,1.0,0,,,,,atypical_benign,2,8,4,1,0,4,0,0,0,0
txn_e4637094d1c4,35.39,0.1577,0,0,3.0,24.0,4.0,0.0,3.0,0.0,0.0,0.0,33.3333,0.0617,265.0,676.0,973.0,0.0282,109.18,2963.0,0.0402,0.0094,0.2588,0.237,1073.0,1.0,0,,,,,routine_benign,0,6,1,1,0,5,5,1,3,0
txn_59b2c14f30fd,24.16,0.2187,1,0,0.0,14.0,1.0,0.0,0.0,0.0,0.0,0.0,0.0,0.0,1440.0,1011.0,973.0,0.0282,109.18,2057.0,0.064,0.0055,0.1768,0.237,1073.0,1.0,0,,,,,routine_benign,0,8,1,1,0,0,0,1,0,0
txn_937c9fd1a1de,34.22,0.4166,8,1,1.0,21.0,3.0,0.0,0.0,0.0,0.0,0.0,24.16,0.4164,3309.0,1954.0,973.0,0.0282,109.18,446.0,0.0096,0.0127,0.03,0.0751,350.0,1.0,0,,,,,atypical_benign,0,8,1,1,0,4,5,3,3,0
txn_8adba48f0db4,41.62,0.1889,19,0,2.0,24.0,4.0,0.0,1.0,0.0,0.0,0.0,29.19,0.4258,681.0,681.0,973.0,0.0282,109.18,1815.0,0.0239,0.0094,0.224,0.0751,350.0,1.0,0,,,,,routine_benign,4,10,4,1,0,1,1,3,1,0
txn_c2c66b9b04b4,9.38,0.1954,23,0,2.0,14.0,2.0,0.0,3.0,0.0,0.0,0.0,34.075,0.7247,1978.0,1978.0,1414.0,0.0735,101.46,2449.0,0.0193,0.0128,0.3348,0.0751,350.0,1.0,0,,,,,routine_benign,2,8,3,1,0,4,4,1,3,0
txn_7bcc65146578,37.91,0.1745,14,0,0.0,12.0,0.0,0.0,0.0,0.0,0.0,0.0,0.0,0.0,1440.0,1440.0,1414.0,0.0735,101.46,3082.0,0.0612,0.0127,0.3139,0.0751,350.0,1.0,0,,,,,routine_benign,3,6,4,1,0,2,2,1,1,0
txn_29e119ad3ceb,30.24,0.2183,14,0,1.0,14.0,1.0,0.0,1.0,1.0,1.0,0.0,37.91,0.2023,7.0,7.0,1414.0,0.0735,101.46,1470.0,0.0328,0.0024,0.1904,0.0751,350.0,1.0,0,,,,,routine_benign,0,4,4,1,0,4,4,0,1,0
txn_ba4397425e67,117.49,0.1485,17,0,3.0,21.0,2.0,0.0,0.0,0.0,0.0,0.0,25.8433,3.5462,1044.0,1980.0,1414.0,0.0735,101.46,2977.0,0.0069,0.0029,0.0634,0.1799,855.0,1.0,0,,,,,routine_benign,1,8,1,1,0,2,2,4,1,0
txn_e99d9ebc632c,38.36,0.1479,17,0,2.0,21.0,3.0,0.0,3.0,0.0,1.0,0.0,119.69,0.6795,1996.0,16.0,1456.0,0.0104,108.62,957.0,0.045,0.0039,0.333,0.1799,855.0,1.0,0,,,,,routine_benign,1,8,3,1,0,2,2,4,2,0
txn_5825b5f073b6,225.47,0.1651,9,0,0.0,14.0,0.0,0.0,1.0,0.0,0.0,0.0,0.0,0.0,1440.0,1440.0,1456.0,0.0104,108.62,811.0,0.0347,0.0045,0.1572,0.1799,855.0,1.0,0,,,,,atypical_benign,4,10,4,1,0,5,5,3,2,0
txn_862dda70433b,13.91,0.2904,8,0,1.0,16.0,1.0,0.0,2.0,0.0,0.0,0.0,225.47,0.9383,1358.0,1358.0,1456.0,0.0104,108.62,1560.0,0.0039,0.0139,0.3332,0.1799,855.0,1.0,0,,,,,routine_benign,0,4,3,1,0,1,1,2,0,0
txn_ead04ffbf009,218.22,0.2157,11,1,3.0,23.0,4.0,0.0,3.0,0.0,0.0,0.0,92.58,1.3571,1065.0,1065.0,1456.0,0.0104,108.62,2500.0,0.0533,0.01,0.0378,0.1799,855.0,1.0,0,,,,,atypical_benign,4,6,4,1,0,4,2,6,3,0
txn_5ef99bc6ae73,11.95,0.3457,21,0,3.0,15.0,3.0,0.0,0.0,0.0,0.0,0.0,49.8233,0.7602,326.0,326.0,1589.0,0.0766,172.81,500.0,0.0749,0.006,0.2302,0.1622,681.0,0.0,0,,,,,routine_benign,0,8,4,1,0,0,0,1,1,0
txn_2dee6490642e,47.24,0.1139,17,0,0.0,6.0,0.0,0.0,1.0,0.0,0.0,0.0,0.0,0.0,1440.0,1440.0,1589.0,0.0766,172.81,2690.0,0.035,0.0005,0.2288,0.1622,681.0,0.0,0,,,,,routine_benign,2,6,1,1,0,3,3,0,3,0
txn_f077a14d05c8,12.8,0.2555,15,0,2.0,13.0,2.0,0.0,0.0,0.0,0.0,0.0,68.335,0.8127,679.0,679.0,1589.0,0.0766,172.81,1680.0,0.0785,0.0041,0.1082,0.1622,681.0,0.0,0,,,,,routine_benign,0,10,3,1,0,0,0,4,3,0
txn_23c1a6d3313e,89.43,0.1941,4,0,1.0,10.0,1.0,0.0,0.0,0.0,0.0,0.0,47.24,0.8931,692.0,692.0,1589.0,0.0766,172.81,2431.0,0.068,0.0059,0.2311,0.1622,681.0,0.0,0,,,,,atypical_benign,0,8,3,1,0,5,5,4,3,0
txn_b71b06dca786,20.88,0.0345,21,0,1.0,12.0,4.0,0.0,1.0,0.0,1.0,0.0,40.71,0.4871,676.0,32.0,2748.0,0.0636,88.09,1962.0,0.0022,0.0013,0.0899,0.1622,681.0,0.0,0,,,,,routine_benign,4,8,1,1,0,5,5,4,3,0
txn_4b4f83f7b764,31.89,0.159,2,0,2.0,18.0,2.0,0.0,2.0,0.0,0.0,0.0,30.795,0.0356,1733.0,646.0,2748.0,0.0636,88.09,3207.0,0.0517,0.0091,0.1598,0.1097,643.0,0.0,0,,,,,routine_benign,4,6,1,1,0,3,3,2,3,0
txn_202a5cccd8d4,40.71,0.0496,10,0,0.0,9.0,0.0,0.0,0.0,0.0,0.0,0.0,0.0,0.0,1440.0,1440.0,2748.0,0.0636,88.09,2963.0,0.0402,0.0094,0.2588,0.1097,643.0,0.0,0,,,,,routine_benign,3,6,1,1,0,1,1,2,2,0
txn_2fba89bfc80f,40.75,0.2948,0,0,3.0,24.0,4.0,0.0,1.0,0.0,0.0,0.0,31.16,0.3078,4190.0,1367.0,2748.0,0.0636,88.09,2057.0,0.064,0.0055,0.1768,0.1097,643.0,0.0,0,,,,,atypical_benign,1,10,1,1,1,3,3,5,1,2
txn_2aad516366ae,71.5,0.1069,1,0,3.0,24.0,3.0,0.0,4.0,0.0,0.0,0.0,135.8567,0.4737,3469.0,2823.0,676.0,0.0447,165.24,446.0,0.0096,0.0127,0.03,0.1097,643.0,0.0,0,,,,,routine_benign,0,10,3,1,0,5,5,3,3,0
txn_a8e962d96071,17.46,0.1873,15,0,2.0,17.0,1.0,0.0,0.0,0.0,0.0,0.0,195.055,0.9105,339.0,1763.0,676.0,0.0447,165.24,1815.0,0.0239,0.0094,0.224,0.1097,643.0,0.0,0,,,,,routine_benign,1,10,4,1,0,5,5,2,1,0
txn_de083e8496a8,376.9,0.2824,10,0,1.0,13.0,3.0,0.0,0.0,0.0,0.0,0.0,13.21,27.5314,2447.0,1022.0,676.0,0.0447,165.24,2449.0,0.0193,0.0128,0.3348,0.0405,1214.0,0.0,0,,,,,routine_benign,1,10,1,1,0,2,2,6,0,0
txn_ad11644d948a,13.21,0.1681,17,0,0.0,7.0,0.0,0.0,1.0,0.0,0.0,0.0,0.0,0.0,1440.0,1440.0,676.0,0.0447,165.24,3082.0,0.0612,0.0127,0.3139,0.0405,1214.0,0.0,0,,,,,routine_benign,3,10,4,1,0,3,3,0,3,0
txn_724b07a493c4,23.86,0.0431,22,0,2.0,17.0,4.0,0.0,0.0,0.0,0.0,0.0,141.305,0.8311,1746.0,724.0,2751.0,0.0073,105.71,1470.0,0.0328,0.0024,0.1904,0.0405,1214.0,0.0,0,,,,,routine_benign,3,6,4,1,0,3,3,3,2,0
txn_c7643aa76b3d,51.45,0.1758,17,0,0.0,7.0,1.0,0.0,1.0,0.0,1.0,0.0,0.0,0.0,1440.0,6.0,2751.0,0.0073,105.71,2977.0,0.0069,0.0029,0.0634,0.0405,1214.0,0.0,0,,,,,atypical_benign,2,10,4,1,0,1,1,0,1,0
txn_a871b01cbfa6,231.16,0.199,17,0,1.0,13.0,2.0,0.0,1.0,0.0,0.0,0.0,51.45,3.4929,1419.0,1419.0,2751.0,0.0073,105.71,957.0,0.045,0.0039,0.333,0.0405,1214.0,0.0,0,,,,,atypical_benign,1,8,3,1,0,1,1,4,1,0
txn_442939c4d085,104.43,0.3402,16,0,3.0,22.0,2.0,0.0,2.0,0.0,0.0,0.0,102.1567,0.0223,2521.0,1405.0,2751.0,0.0073,105.71,811.0,0.0347,0.0045,0.1572,0.2077,152.0,0.0,0,,,,,routine_benign,1,8,4,1,0,1,1,0,1,0
txn_1c62c5fd9ea4,6.98,0.1399,17,0,1.0,21.0,1.0,0.0,2.0,0.0,0.0,0.0,175.45,0.9602,3904.0,3904.0,859.0,0.0551,162.69,1560.0,0.0039,0.0139,0.3332,0.2077,152.0,0.0,0,,,,,routine_benign,0,8,1,1,0,0,0,5,2,0
txn_08c26b50267a,61.43,0.1026,10,0,2.0,24.0,3.0,0.0,6.0,0.0,0.0,0.0,91.215,0.3265,2514.0,1109.0,859.0,0.0551,162.69,2500.0,0.0533,0.01,0.0378,0.2077,152.0,0.0,0,,,,,routine_benign,0,6,4,1,0,5,5,6,2,0
txn_baa41f1191c0,211.59,0.1777,17,0,3.0,24.0,4.0,0.0,5.0,0.0,0.0,0.0,81.2867,1.603,380.0,380.0,859.0,0.0551,162.69,500.0,0.0749,0.006,0.2302,0.2077,152.0,0.0,0,,,,,routine_benign,4,4,4,1,0,4,4,5,1,0
txn_4a8a2b0b4aaf,175.45,0.552,23,0,0.0,9.0,0.0,0.0,0.0,0.0,0.0,0.0,0.0,0.0,1440.0,1440.0,859.0,0.0551,162.69,2690.0,0.035,0.0005,0.2288,0.2077,152.0,0.0,0,,,,,atypical_benign,1,4,4,1,0,3,3,3,1,0
txn_ad42d73ff213,15.26,0.0653,6,0,3.0,25.0,4.0,0.0,2.0,0.0,0.0,0.0,69.1033,0.7792,5380.0,4632.0,1585.0,0.0556,33.18,1680.0,0.0785,0.0041,0.1082,0.2339,1331.0,0.0,0,,,,,routine_benign,0,4,1,1,0,2,2,1,2,0
txn_32734f095e3f,36.19,0.2778,18,0,0.0,7.0,0.0,0.0,1.0,0.0,0.0,0.0,0.0,0.0,1440.0,1440.0,1585.0,0.0556,33.18,2431.0,0.068,0.0059,0.2311,0.2339,1331.0,0.0,0,,,,,routine_benign,3,6,1,1,0,5,5,3,2,0
txn_58286a5dada3,92.75,0.2722,12,0,2.0,18.0,2.0,0.0,1.0,0.0,0.0,0.0,57.28,0.6192,353.0,353.0,1585.0,0.0556,33.18,1962.0,0.0022,0.0013,0.0899,0.2339,1331.0,0.0,0,,,,,routine_benign,0,8,3,1,0,1,1,2,1,0
txn_180e5bbce717,78.37,0.172,6,0,1.0,13.0,1.0,0.0,1.0,0.0,0.0,0.0,36.19,1.1655,2184.0,2184.0,1585.0,0.0556,33.18,3207.0,0.0517,0.0091,0.1598,0.2339,1331.0,0.0,0,,,,,routine_benign,1,4,4,1,0,3,3,0,0,0
txn_f4afa0b1d665,36.51,0.1006,0,0,2.0,18.0,3.0,0.0,3.0,0.0,0.0,0.0,63.39,0.424,2543.0,748.0,1113.0,0.0552,208.27,2963.0,0.0402,0.0094,0.2588,0.2339,1331.0,0.0,0,,,,,routine_benign,3,6,3,1,0,4,4,2,1,0
txn_498979f2db3d,66.95,0.0592,6,0,1.0,9.0,1.0,0.0,2.0,0.0,0.0,0.0,59.83,0.119,361.0,361.0,1113.0,0.0552,208.27,2057.0,0.064,0.0055,0.1768,0.0826,1241.0,1.0,0,,,,,routine_benign,0,10,1,1,0,5,5,5,0,0
txn_5914bf6beb18,59.83,0.1927,0,1,0.0,7.0,0.0,0.0,1.0,0.0,0.0,0.0,0.0,0.0,1440.0,1440.0,1113.0,0.0552,208.27,446.0,0.0096,0.0127,0.03,0.0826,1241.0,1.0,0,,,,,atypical_benign,0,6,3,1,0,0,3,3,3,0
txn_734d1f4c0254,15.72,0.2669,8,0,3.0,25.0,4.0,0.0,1.0,0.0,0.0,0.0,54.43,0.7112,3339.0,347.0,1113.0,0.0552,208.27,1815.0,0.0239,0.0094,0.224,0.0826,1241.0,1.0,0,,,,,routine_benign,0,6,1,1,0,1,1,5,1,0
txn_900a07c20bc3,9.65,0.5241,2,0,3.0,22.0,3.0,0.0,0.0,0.0,0.0,0.0,41.4467,0.7672,1070.0,1825.0,1227.0,0.0715,262.47,2449.0,0.0193,0.0128,0.3348,0.0826,1241.0,1.0,0,,,,,atypical_benign,0,6,4,1,1,2,2,2,1,2
txn_d9f277847091,47.87,0.1872,20,0,1.0,21.0,2.0,0.0,0.0,0.0,0.0,0.0,22.8,1.0996,2938.0,3710.0,1227.0,0.0715,262.47,3082.0,0.0612,0.0127,0.3139,0.0826,1241.0,1.0,0,,,,,routine_benign,0,4,1,1,0,4,4,5,2,0
txn_6a092d3f09f3,53.67,0.5308,8,0,2.0,25.0,2.0,0.0,4.0,0.0,0.0,0.0,35.335,0.5189,755.0,3693.0,1227.0,0.0715,262.47,1470.0,0.0328,0.0024,0.1904,0.1846,668.0,1.0,0,,,,,atypical_benign,4,6,3,1,0,4,4,5,0,0
txn_6bb53ac25b5e,22.8,0.3399,19,0,0.0,15.0,1.0,0.0,3.0,0.0,0.0,0.0,0.0,0.0,1440.0,1478.0,1227.0,0.0715,262.47,2977.0,0.0069,0.0029,0.0634,0.1846,668.0,1.0,0,,,,,routine_benign,4,4,4,1,0,2,2,4,0,0
txn_17156699521b,26.33,0.2928,4,0,3.0,23.0,4.0,0.0,3.0,0.0,0.0,0.0,48.16,0.4533,326.0,326.0,2403.0,0.0244,91.1,957.0,0.045,0.0039,0.333,0.1846,668.0,1.0,0,,,,,routine_benign,4,6,1,1,0,1,1,6,2,0
txn_5745d6339a82,18.69,0.0655,18,0,0.0,9.0,0.0,0.0,0.0,0.0,0.0,0.0,0.0,0.0,1440.0,1440.0,2403.0,0.0244,91.1,811.0,0.0347,0.0045,0.1572,0.1846,668.0,1.0,0,,,,,routine_benign,4,4,1,1,0,2,2,3,2,0
txn_d5dc1b706f4d,100.51,0.1508,23,0,2.0,24.0,3.0,0.0,0.0,0.0,0.0,0.0,21.985,3.5718,7102.0,2312.0,2403.0,0.0244,91.1,1560.0,0.0039,0.0139,0.3332,0.1846,668.0,1.0,0,,,,,routine_benign,2,4,4,1,0,0,0,3,3,0
txn_f76c528c0f2c,25.28,0.1479,1,0,1.0,6.0,0.0,0.0,0.0,0.0,0.0,0.0,18.69,0.3526,381.0,1440.0,2403.0,0.0244,91.1,2500.0,0.0533,0.01,0.0378,0.0617,264.0,0.0,0,,,,,routine_benign,0,8,3,1,0,4,4,1,1,0
txn_282df72c3178,21.59,0.2414,1,0,0.0,12.0,1.0,0.0,0.0,0.0,1.0,0.0,0.0,0.0,1440.0,4.0,1909.0,0.0299,204.66,500.0,0.0749,0.006,0.2302,0.0617,264.0,0.0,0,,,,,routine_benign,3,8,1,1,0,0,0,5,1,0
txn_1cb1a14f1cb4,25.34,0.1476,21,0,1.0,15.0,2.0,0.0,1.0,0.0,0.0,0.0,21.59,0.1737,2643.0,2643.0,1909.0,0.0299,204.66,2690.0,0.035,0.0005,0.2288,0.0617,264.0,0.0,0,,,,,routine_benign,1,4,4,1,0,5,5,6,3,0
txn_188016613b73,17.92,0.0925,18,0,3.0,24.0,4.0,0.0,5.0,0.0,0.0,0.0,26.16,0.315,1873.0,1873.0,1909.0,0.0299,204.66,1680.0,0.0785,0.0041,0.1082,0.0617,264.0,0.0,0,,,,,routine_benign,4,8,3,1,0,3,3,5,0,0
txn_75c89cdf9059,31.55,0.2692,11,0,2.0,25.0,3.0,0.0,3.0,0.0,0.0,0.0,23.465,0.3446,2296.0,2296.0,1909.0,0.0299,204.66,2431.0,0.068,0.0059,0.2311,0.0617,264.0,0.0,0,,,,,routine_benign,4,4,4,1,0,3,3,6,3,0
txn_338b34935dee,434.4,0.2852,9,0,1.0,16.0,1.0,0.0,1.0,0.0,0.0,0.0,27.91,14.5643,356.0,356.0,1540.0,0.0388,213.45,1962.0,0.0022,0.0013,0.0899,0.065,647.0,1.0,0,,,,,atypical_benign,1,8,4,1,0,1,1,5,1,0
txn_1cb3cc7d9daa,14.38,0.0435,19,0,3.0,26.0,4.0,0.0,1.0,0.0,0.0,0.0,171.34,0.9161,3034.0,1470.0,1540.0,0.0388,213.45,3207.0,0.0517,0.0091,0.1598,0.065,647.0,1.0,0,,,,,routine_benign,1,10,1,1,0,4,4,1,3,0
txn_18b56081d4d4,51.71,0.2024,17,0,2.0,21.0,2.0,0.0,3.0,0.0,0.0,0.0,231.155,0.7763,1928.0,1928.0,1540.0,0.0388,213.45,2963.0,0.0402,0.0094,0.2588,0.065,647.0,1.0,0,,,,,routine_benign,1,10,4,1,0,4,4,0,1,0
txn_42ac388cff0e,27.91,0.1442,3,0,0.0,15.0,0.0,0.0,2.0,0.0,0.0,0.0,0.0,0.0,1440.0,1440.0,1540.0,0.0388,213.45,2057.0,0.064,0.0055,0.1768,0.065,647.0,1.0,0,,,,,routine_benign,2,10,3,1,0,0,0,1,2,0
txn_da76029d702c,47.94,0.0205,19,0,2.0,23.0,3.0,0.0,3.0,0.0,0.0,0.0,38.29,0.252,1881.0,1564.0,2884.0,0.0295,63.87,446.0,0.0096,0.0127,0.03,0.065,647.0,1.0,0,,,,,routine_benign,2,6,1,1,0,2,2,2,2,0
txn_a0e2a3715062,68.49,0.1251,19,0,3.0,23.0,4.0,0.0,2.0,1.0,0.0,0.0,41.5067,0.6501,18.0,1899.0,2884.0,0.0295,63.87,1815.0,0.0239,0.0094,0.224,0.0336,1446.0,0.0,0,,,,,routine_benign,3,8,1,1,0,4,4,6,3,0
txn_b1569fd67313,46.21,0.2607,11,0,0.0,16.0,2.0,0.0,1.0,0.0,0.0,0.0,0.0,0.0,1440.0,2690.0,2884.0,0.0295,63.87,2449.0,0.0193,0.0128,0.3348,0.0336,1446.0,0.0,0,,,,,routine_benign,4,4,3,1,0,5,5,4,1,0
txn_c4a9e01c1ecb,30.37,0.1182,11,0,1.0,19.0,3.0,0.0,1.0,1.0,1.0,0.0,46.21,0.3428,13.0,13.0,2884.0,0.0295,63.87,3082.0,0.0612,0.0127,0.3139,0.0336,1446.0,0.0,0,,,,,routine_benign,4,10,1,1,0,4,4,5,0,0
txn_bfd6d7bd3be6,38.18,0.2117,14,0,1.0,13.0,1.0,0.0,1.0,0.0,0.0,0.0,22.26,0.7152,772.0,772.0,1335.0,0.0347,108.99,1470.0,0.0328,0.0024,0.1904,0.0336,1446.0,0.0,0,,,,,routine_benign,4,6,1,1,0,4,4,3,3,0
txn_46650ffd3788,22.26,0.1548,1,0,0.0,11.0,0.0,0.0,0.0,0.0,0.0,0.0,0.0,0.0,1440.0,1440.0,1335.0,0.0347,108.99,2977.0,0.0069,0.0029,0.0634,0.0336,1446.0,0.0,0,,,,,routine_benign,3,10,1,1,0,4,4,6,3,0
txn_8c635e2ab042,20.02,0.0589,23,0,2.0,22.0,3.0,0.0,0.0,0.0,0.0,0.0,30.22,0.3375,6252.0,700.0,1335.0,0.0347,108.99,957.0,0.045,0.0039,0.333,0.1643,1289.0,0.0,0,,,,,routine_benign,0,4,1,1,0,2,2,4,0,0
txn_7ecb58c80d21,29.77,0.2837,12,0,3.0,26.0,4.0,0.0,2.0,0.0,0.0,0.0,26.82,0.11,804.0,804.0,1335.0,0.0347,108.99,811.0,0.0347,0.0045,0.1572,0.1643,1289.0,0.0,0,,,,,atypical_benign,1,8,1,1,0,4,4,0,3,0
txn_57e8cf88bc26,41.08,0.1374,12,0,0.0,20.0,0.0,0.0,0.0,0.0,0.0,0.0,0.0,0.0,1440.0,1440.0,801.0,0.0516,112.28,1560.0,0.0039,0.0139,0.3332,0.1643,1289.0,0.0,0,,,,,routine_benign,2,8,4,1,0,5,5,4,1,0
txn_00b14e49ad91,8.33,0.3012,13,0,1.0,20.0,1.0,0.0,2.0,1.0,1.0,0.0,41.08,0.7972,13.0,13.0,801.0,0.0516,112.28,2500.0,0.0533,0.01,0.0378,0.1643,1289.0,0.0,0,,,,,routine_benign,0,10,3,1,0,5,5,3,3,0
txn_40709d375b2f,13.62,0.3961,11,0,3.0,22.0,2.0,0.0,0.0,0.0,0.0,0.0,21.52,0.3671,1560.0,2771.0,801.0,0.0516,112.28,500.0,0.0749,0.006,0.2302,0.1643,1289.0,0.0,0,,,,,atypical_benign,4,10,1,1,0,3,3,6,1,0
txn_a98941490906,15.15,0.201,9,0,2.0,23.0,3.0,0.0,0.0,0.0,0.0,0.0,24.705,0.3868,1211.0,3136.0,801.0,0.0516,112.28,2690.0,0.035,0.0005,0.2288,0.0485,324.0,0.0,0,,,,,routine_benign,1,4,3,1,0,0,0,3,0,0
txn_8acc96b0a5a4,26.63,0.0553,2,0,0.0,9.0,0.0,0.0,1.0,0.0,0.0,0.0,0.0,0.0,1440.0,1440.0,2906.0,0.0502,253.08,1680.0,0.0785,0.0041,0.1082,0.0485,324.0,0.0,0,,,,,routine_benign,1,6,3,1,0,2,2,0,1,0
txn_a62c9b018b80,54.99,0.0372,4,0,1.0,16.0,1.0,0.0,2.0,0.0,0.0,0.0,26.63,1.065,1592.0,1592.0,2906.0,0.0502,253.08,2431.0,0.068,0.0059,0.2311,0.0485,324.0,0.0,0,,,,,routine_benign,1,8,3,1,0,0,0,4,2,0
txn_e9faf6cd8682,33.45,0.328,5,0,2.0,15.0,2.0,0.0,3.0,1.0,1.0,0.0,40.81,0.1803,8.0,8.0,2906.0,0.0502,253.08,1962.0,0.0022,0.0013,0.0899,0.0485,324.0,0.0,0,,,,,routine_benign,2,10,1,1,0,1,1,3,2,0
txn_023d40eaf572,24.72,0.3582,23,0,3.0,23.0,4.0,0.0,1.0,0.0,0.0,0.0,38.3567,0.3555,3998.0,862.0,2906.0,0.0502,253.08,3207.0,0.0517,0.0091,0.1598,0.0485,324.0,0.0,0,,,,,routine_benign,4,6,4,1,0,1,1,6,3,0
txn_7e777538875c,24.5,0.0963,9,0,3.0,26.0,4.0,0.0,2.0,0.0,0.0,0.0,252.99,0.9032,334.0,334.0,2373.0,0.0531,276.92,2963.0,0.0402,0.0094,0.2588,0.0783,913.0,0.0,0,,,,,routine_benign,3,8,4,1,0,2,2,5,0,0
txn_4bbb0be8690d,695.05,0.5357,2,0,0.0,8.0,0.0,0.0,0.0,0.0,0.0,0.0,0.0,0.0,1440.0,1440.0,2373.0,0.0531,276.92,2057.0,0.064,0.0055,0.1768,0.0783,913.0,0.0,0,,,,,atypical_benign,4,8,3,1,0,4,4,3,2,0
txn_ec65143d46e0,51.6,0.2558,17,0,1.0,22.0,1.0,0.0,1.0,0.0,0.0,0.0,695.05,0.9258,5230.0,5230.0,2373.0,0.0531,276.92,446.0,0.0096,0.0127,0.03,0.0783,913.0,0.0,0,,,,,routine_benign,2,4,1,1,0,5,5,3,1,0
txn_847da0d1f888,12.32,0.3087,3,0,2.0,27.0,3.0,0.0,4.0,0.0,0.0,0.0,373.325,0.967,2032.0,382.0,2373.0,0.0531,276.92,1815.0,0.0239,0.0094,0.224,0.0783,913.0,0.0,0,,,,,routine_benign,3,4,3,1,0,0,0,6,3,0
txn_6249cd36d853,31.68,0.2046,21,0,3.0,26.0,2.0,0.0,2.0,0.0,0.0,0.0,32.0133,0.0104,751.0,1650.0,908.0,0.0137,44.57,2449.0,0.0193,0.0128,0.3348,0.0783,913.0,0.0,0,,,,,routine_benign,2,8,4,1,0,5,5,6,0,0
txn_c06a50d4635d,36.56,0.3457,12,0,0.0,23.0,1.0,0.0,3.0,0.0,0.0,0.0,0.0,0.0,1440.0,3624.0,908.0,0.0137,44.57,3082.0,0.0612,0.0127,0.3139,0.1588,863.0,0.0,0,,,,,routine_benign,3,4,4,1,0,2,2,1,2,0
txn_10cde0d89380,46.44,0.2189,19,0,1.0,26.0,2.0,0.0,0.0,0.0,0.0,0.0,36.56,0.2702,422.0,422.0,908.0,0.0137,44.57,1470.0,0.0328,0.0024,0.1904,0.1588,863.0,0.0,0,,,,,routine_benign,0,4,3,1,0,4,4,6,3,0
txn_76613776e113,13.04,0.1625,8,0,2.0,25.0,3.0,0.0,1.0,0.0,0.0,0.0,41.5,0.6858,831.0,831.0,908.0,0.0137,44.57,2977.0,0.0069,0.0029,0.0634,0.1588,863.0,0.0,0,,,,,routine_benign,3,4,4,1,0,5,5,0,0,0
txn_686fa421dda4,47.02,0.2076,23,0,0.0,15.0,0.0,0.0,0.0,0.0,0.0,0.0,0.0,0.0,1440.0,1440.0,420.0,0.0541,226.54,957.0,0.045,0.0039,0.333,0.1588,863.0,0.0,0,,,,,routine_benign,0,10,4,1,0,1,1,2,3,0
txn_5fe583590f10,8.8,0.0545,12,0,3.0,27.0,4.0,0.0,3.0,0.0,0.0,0.0,21.73,0.595,3257.0,1674.0,420.0,0.0541,226.54,811.0,0.0347,0.0045,0.1572,0.1588,863.0,0.0,0,,,,,routine_benign,3,8,3,1,0,1,1,2,1,0
txn_1bfbdf47d731,14.09,0.1947,6,0,2.0,23.0,1.0,0.0,3.0,0.0,0.0,0.0,25.55,0.4485,3273.0,3273.0,420.0,0.0541,226.54,1560.0,0.0039,0.0139,0.3332,0.1956,613.0,1.0,0,,,,,routine_benign,0,4,3,1,0,3,3,0,1,0
txn_9617af62fc40,4.08,0.1069,23,0,1.0,12.0,0.0,0.0,2.0,1.0,0.0,0.0,47.02,0.9132,21.0,1440.0,420.0,0.0541,226.54,2500.0,0.0533,0.01,0.0378,0.1956,613.0,1.0,0,,,,,routine_benign,2,8,3,1,0,4,4,6,1,0
txn_a708522d1375,24.1,0.219,20,0,3.0,26.0,4.0,0.0,2.0,0.0,0.0,0.0,25.9867,0.0726,389.0,389.0,2060.0,0.0628,187.12,500.0,0.0749,0.006,0.2302,0.1956,613.0,1.0,0,,,,,routine_benign,1,4,1,1,0,4,4,3,3,0
txn_521116f5a15d,24.27,0.5087,14,1,2.0,26.0,3.0,0.0,4.0,0.0,0.0,0.0,26.845,0.0959,3289.0,3289.0,2060.0,0.0628,187.12,2690.0,0.035,0.0005,0.2288,0.1956,613.0,1.0,0,,,,,atypical_benign,2,6,4,1,0,1,3,5,1,0
txn_9b79a2eb0c63,31.69,0.3401,7,0,1.0,23.0,2.0,0.0,4.0,0.0,1.0,0.0,22.0,0.4405,815.0,60.0,2060.0,0.0628,187.12,1680.0,0.0785,0.0041,0.1082,0.1956,613.0,1.0,0,,,,,routine_benign,4,10,4,1,0,0,0,1,0,0
txn_4ecb95801e4f,22.0,0.1466,17,0,0.0,22.0,0.0,0.0,6.0,0.0,0.0,0.0,0.0,0.0,1440.0,1440.0,2060.0,0.0628,187.12,2431.0,0.068,0.0059,0.2311,0.2341,1479.0,0.0,0,,,,,routine_benign,2,8,1,1,0,4,4,3,3,0
txn_7997ccc26eb8,26.97,0.2478,22,0,2.0,26.0,3.0,0.0,3.0,0.0,0.0,0.0,157.68,0.829,347.0,347.0,2901.0,0.0696,251.43,1962.0,0.0022,0.0013,0.0899,0.2341,1479.0,0.0,0,,,,,routine_benign,0,10,1,1,0,0,0,4,0,0
txn_ad9b062ec49f,34.02,0.273,22,0,3.0,27.0,4.0,0.0,1.0,1.0,1.0,0.0,114.11,0.7019,24.0,24.0,2901.0,0.0696,251.43,3207.0,0.0517,0.0091,0.1598,0.2341,1479.0,0.0,0,,,,,routine_benign,3,8,3,1,0,1,1,1,3,0
txn_b8dc0eb5451d,308.76,0.4311,12,0,0.0,25.0,1.0,0.0,0.0,0.0,0.0,0.0,0.0,0.0,1440.0,2547.0,2901.0,0.0696,251.43,2963.0,0.0402,0.0094,0.2588,0.2341,1479.0,0.0,0,,,,,atypical_benign,0,6,1,1,1,3,3,2,0,2
txn_fd5b31cbe289,6.6,0.1808,16,0,1.0,26.0,2.0,0.0,2.0,0.0,0.0,0.0,308.76,0.9786,1695.0,1695.0,2901.0,0.0696,251.43,2057.0,0.064,0.0055,0.1768,0.2341,1479.0,0.0,0,,,,,routine_benign,4,10,3,1,0,4,4,3,0,0
txn_a4765421eae9,106.85,0.0917,10,0,2.0,25.0,3.0,0.0,1.0,0.0,0.0,0.0,14.795,6.222,399.0,399.0,604.0,0.0104,69.61,446.0,0.0096,0.0127,0.03,0.111,1264.0,0.0,0,,,,,routine_benign,0,10,3,1,0,5,5,1,0,0
txn_213dfa747eb6,14.7,0.0573,3,0,1.0,26.0,2.0,0.0,1.0,0.0,0.0,0.0,14.89,0.0128,2073.0,1633.0,604.0,0.0104,69.61,1815.0,0.0239,0.0094,0.224,0.111,1264.0,0.0,0,,,,,routine_benign,4,10,1,1,0,3,3,4,1,0
txn_a88de9e79bc2,32.72,0.2747,17,0,3.0,27.0,4.0,0.0,2.0,0.0,0.0,0.0,45.48,0.2806,466.0,466.0,604.0,0.0104,69.61,2449.0,0.0193,0.0128,0.3348,0.111,1264.0,0.0,0,,,,,routine_benign,3,8,3,1,0,0,0,1,3,0
txn_4f74f4adfa68,14.89,0.0586,16,0,0.0,25.0,0.0,0.0,2.0,0.0,0.0,0.0,0.0,0.0,1440.0,1440.0,604.0,0.0104,69.61,3082.0,0.0612,0.0127,0.3139,0.111,1264.0,0.0,0,,,,,routine_benign,2,10,1,1,0,5,5,3,2,0
txn_1b60cb59e80e,82.24,0.612,0,1,1.0,27.0,1.0,0.0,2.0,0.0,0.0,0.0,14.66,4.6098,2511.0,440.0,698.0,0.0253,218.68,1470.0,0.0328,0.0024,0.1904,0.111,1264.0,0.0,0,,,,,atypical_benign,3,6,1,1,1,3,5,3,1,1
txn_910a0c87d5f4,12.61,0.23,4,0,2.0,26.0,3.0,0.0,6.0,0.0,0.0,0.0,48.45,0.7397,1717.0,774.0,698.0,0.0253,218.68,2977.0,0.0069,0.0029,0.0634,0.0971,1329.0,1.0,0,,,,,routine_benign,1,10,4,1,0,4,4,5,1,0
txn_34dc126de6da,80.39,0.1755,2,0,3.0,27.0,4.0,0.0,1.0,0.0,0.0,0.0,36.5033,1.2023,1299.0,1299.0,698.0,0.0253,218.68,957.0,0.045,0.0039,0.333,0.0971,1329.0,1.0,0,,,,,routine_benign,3,6,4,1,0,2,2,2,2,0
txn_2e85bdcc1fa0,14.66,0.337,6,0,0.0,19.0,1.0,0.0,3.0,0.0,0.0,0.0,0.0,0.0,1440.0,2985.0,698.0,0.0253,218.68,811.0,0.0347,0.0045,0.1572,0.0971,1329.0,1.0,0,,,,,routine_benign,1,8,1,1,0,3,3,2,2,0
txn_49a573b90f30,241.41,0.4744,4,0,0.0,11.0,0.0,0.0,2.0,0.0,0.0,0.0,0.0,0.0,1440.0,1440.0,497.0,0.0401,52.85,1560.0,0.0039,0.0139,0.3332,0.0971,1329.0,1.0,0,,,,,atypical_benign,3,6,1,1,0,5,5,6,1,0
txn_0c7981742292,75.56,0.1142,15,0,2.0,26.0,2.0,0.0,1.0,0.0,0.0,0.0,136.915,0.4481,3410.0,3454.0,497.0,0.0401,52.85,2500.0,0.0533,0.01,0.0378,0.0971,1329.0,1.0,0,,,,,routine_benign,3,4,4,1,0,1,1,1,1,0
txn_612c2bd7da61,46.4,0.2302,23,0,3.0,25.0,3.0,0.0,3.0,0.0,0.0,0.0,116.4633,0.6016,449.0,788.0,497.0,0.0401,52.85,500.0,0.0749,0.006,0.2302,0.1696,161.0,1.0,0,,,,,routine_benign,0,6,4,1,0,3,3,6,1,0
txn_423820d676cd,32.42,0.0545,7,0,1.0,18.0,1.0,0.0,3.0,0.0,0.0,0.0,241.41,0.8657,3029.0,2576.0,497.0,0.0401,52.85,2690.0,0.035,0.0005,0.2288,0.1696,161.0,1.0,0,,,,,routine_benign,4,6,1,1,0,5,5,4,0,0
txn_2df5abb07cf9,30.72,0.2012,12,0,3.0,27.0,4.0,0.0,0.0,0.0,0.0,0.0,56.72,0.4584,2970.0,2200.0,2950.0,0.0357,244.99,1680.0,0.0785,0.0041,0.1082,0.1696,161.0,1.0,0,,,,,routine_benign,2,8,1,1,0,3,3,1,3,0
txn_a76850c0d781,53.07,0.0549,12,0,0.0,14.0,0.0,0.0,2.0,0.0,0.0,0.0,0.0,0.0,1440.0,1440.0,2950.0,0.0357,244.99,2431.0,0.068,0.0059,0.2311,0.1696,161.0,1.0,0,,,,,routine_benign,1,8,4,1,0,3,3,6,1,0
txn_ffff6ac1bfa2,99.1,0.4867,10,0,1.0,25.0,2.0,0.0,1.0,0.0,0.0,0.0,53.07,0.8673,5647.0,3071.0,2950.0,0.0357,244.99,1962.0,0.0022,0.0013,0.0899,0.1696,161.0,1.0,0,,,,,atypical_benign,2,6,1,1,0,4,4,0,2,0
txn_05d781798c7e,17.99,0.2399,10,0,2.0,25.0,3.0,0.0,1.0,1.0,0.0,0.0,76.085,0.7636,18.0,2123.0,2950.0,0.0357,244.99,3207.0,0.0517,0.0091,0.1598,0.0334,1155.0,0.0,0,,,,,routine_benign,2,10,4,1,0,4,4,5,3,0
txn_07534fd4be99,5.76,0.279,0,0,0.0,17.0,0.0,0.0,0.0,0.0,0.0,0.0,0.0,0.0,1440.0,1440.0,397.0,0.0268,251.1,2963.0,0.0402,0.0094,0.2588,0.0334,1155.0,0.0,0,,,,,routine_benign,4,6,1,1,0,2,2,4,3,0
txn_76807493cb28,10.39,0.2909,15,0,1.0,21.0,1.0,0.0,1.0,0.0,0.0,0.0,5.76,0.8038,884.0,884.0,397.0,0.0268,251.1,2057.0,0.064,0.0055,0.1768,0.0334,1155.0,0.0,0,,,,,routine_benign,1,10,3,1,0,3,3,6,2,0
txn_baedb1d05528,27.63,0.197,14,0,3.0,27.0,4.0,0.0,1.0,0.0,0.0,0.0,23.4567,0.1779,5243.0,3120.0,397.0,0.0268,251.1,446.0,0.0096,0.0127,0.03,0.0334,1155.0,0.0,0,,,,,atypical_benign,2,4,3,1,0,3,3,0,2,0
txn_aa67f44ab91b,54.22,0.2274,23,0,2.0,20.0,2.0,0.0,1.0,0.0,0.0,0.0,8.075,5.7146,463.0,463.0,397.0,0.0268,251.1,1815.0,0.0239,0.0094,0.224,0.0334,1155.0,0.0,0,,,,,atypical_benign,3,6,1,1,0,5,5,0,0,0
txn_457e30d98e9a,34.61,0.1502,4,0,3.0,24.0,3.0,0.0,0.0,0.0,0.0,0.0,152.7233,0.7734,865.0,865.0,1367.0,0.0735,274.93,2449.0,0.0193,0.0128,0.3348,0.0817,76.0,1.0,0,,,,,routine_benign,2,10,1,1,0,1,1,1,3,0
txn_1f26fbecf8d9,354.93,0.1741,14,0,2.0,24.0,2.0,0.0,0.0,0.0,0.0,0.0,51.62,5.8758,413.0,413.0,1367.0,0.0735,274.93,3082.0,0.0612,0.0127,0.3139,0.0817,76.0,1.0,0,,,,,routine_benign,4,6,3,1,0,0,0,3,1,0
txn_a6344a624632,61.46,0.2993,16,0,0.0,20.0,0.0,0.0,1.0,0.0,0.0,0.0,0.0,0.0,1440.0,1440.0,1367.0,0.0735,274.93,1470.0,0.0328,0.0024,0.1904,0.0817,76.0,1.0,0,,,,,routine_benign,2,4,1,1,0,1,1,5,3,0
txn_cd41be8f3a67,41.78,0.5032,7,0,1.0,24.0,1.0,0.0,2.0,0.0,0.0,0.0,61.46,0.3202,898.0,898.0,1367.0,0.0735,274.93,2977.0,0.0069,0.0029,0.0634,0.0817,76.0,1.0,0,,,,,atypical_benign,2,6,4,1,0,1,1,3,0,0
txn_45d4a814caed,44.82,0.2571,18,0,3.0,26.0,4.0,0.0,2.0,0.0,0.0,0.0,23.2433,0.9283,848.0,2288.0,811.0,0.0131,197.16,957.0,0.045,0.0039,0.333,0.0817,76.0,1.0,0,,,,,routine_benign,2,6,1,1,0,2,2,2,0,0
txn_2b74362050f5,48.36,0.3173,7,0,0.0,21.0,1.0,0.0,1.0,0.0,0.0,0.0,0.0,0.0,1440.0,2198.0,811.0,0.0131,197.16,811.0,0.0347,0.0045,0.1572,0.0418,556.0,1.0,0,,,,,routine_benign,3,6,3,1,0,5,5,2,2,0
txn_a78a5f444a9b,14.89,0.04,4,0,2.0,25.0,4.0,0.0,1.0,0.0,0.0,0.0,27.42,0.457,874.0,874.0,811.0,0.0131,197.16,1560.0,0.0039,0.0139,0.3332,0.0418,556.0,1.0,0,,,,,routine_benign,1,6,3,1,0,1,1,0,3,0
txn_48477915998f,6.48,0.1859,14,0,1.0,25.0,3.0,0.0,3.0,0.0,0.0,0.0,48.36,0.866,1816.0,862.0,811.0,0.0131,197.16,2500.0,0.0533,0.01,0.0378,0.0418,556.0,1.0,0,,,,,routine_benign,0,4,3,1,0,5,5,6,3,0
txn_fa197c486fe4,10.98,0.3381,19,0,0.0,17.0,0.0,0.0,2.0,0.0,0.0,0.0,0.0,0.0,1440.0,1440.0,802.0,0.0608,238.88,500.0,0.0749,0.006,0.2302,0.0418,556.0,1.0,0,,,,,routine_benign,3,10,3,1,0,4,4,0,2,0
txn_875d30f96ba9,13.64,0.258,23,0,2.0,25.0,2.0,0.0,2.0,0.0,0.0,0.0,16.175,0.1567,870.0,954.0,802.0,0.0608,238.88,2690.0,0.035,0.0005,0.2288,0.0418,556.0,1.0,0,,,,,routine_benign,2,8,1,1,0,0,0,6,2,0
txn_83a07cb46e28,47.22,0.0757,4,0,3.0,26.0,3.0,0.0,2.0,0.0,0.0,0.0,15.33,2.0802,3166.0,3102.0,802.0,0.0608,238.88,1680.0,0.0785,0.0041,0.1082,0.1963,487.0,0.0,0,,,,,routine_benign,0,8,4,1,0,1,1,2,1,0
txn_0b3b8e932b1b,21.37,0.5811,9,0,1.0,24.0,1.0,0.0,1.0,0.0,0.0,0.0,10.98,0.9463,2282.0,4498.0,802.0,0.0608,238.88,2431.0,0.068,0.0059,0.2311,0.1963,487.0,0.0,0,,,,,atypical_benign,1,8,4,1,0,5,5,2,2,0
txn_56863dc09f96,24.66,0.0682,5,0,3.0,27.0,4.0,0.0,1.0,0.0,1.0,0.0,30.0467,0.1793,841.0,46.0,1553.0,0.0663,115.12,1962.0,0.0022,0.0013,0.0899,0.1963,487.0,0.0,0,,,,,routine_benign,1,8,3,1,0,0,0,1,1,0
txn_8facf8e2bf19,13.63,0.6429,0,0,1.0,24.0,2.0,0.0,1.0,0.0,0.0,0.0,28.51,0.5219,5432.0,934.0,1553.0,0.0663,115.12,3207.0,0.0517,0.0091,0.1598,0.1963,487.0,0.0,0,,,,,atypical_benign,4,10,1,1,0,2,2,2,1,0
txn_ab6eae60d98b,28.51,0.1412,6,0,0.0,8.0,0.0,0.0,0.0,0.0,0.0,0.0,0.0,0.0,1440.0,1440.0,1553.0,0.0663,115.12,2963.0,0.0402,0.0094,0.2588,0.1963,487.0,0.0,0,,,,,routine_benign,3,8,1,1,0,1,1,3,1,0
txn_328e367503b3,48.0,0.103,15,0,2.0,25.0,3.0,0.0,2.0,0.0,0.0,0.0,21.07,1.2781,2307.0,1293.0,1553.0,0.0663,115.12,2057.0,0.064,0.0055,0.1768,0.2489,1196.0,0.0,0,,,,,routine_benign,1,8,4,1,0,3,3,2,0,0
txn_c0713d4a3657,20.65,0.2897,14,0,3.0,26.0,4.0,0.0,2.0,0.0,0.0,0.0,28.1,0.2651,2682.0,1389.0,668.0,0.0589,98.57,446.0,0.0096,0.0127,0.03,0.2489,1196.0,0.0,0,,,,,routine_benign,3,8,1,1,0,0,0,6,2,0
txn_8a60a1322753,41.44,0.1834,10,0,1.0,22.0,1.0,0.0,2.0,0.0,0.0,0.0,7.82,4.2992,1360.0,1360.0,668.0,0.0589,98.57,1815.0,0.0239,0.0094,0.224,0.2489,1196.0,0.0,0,,,,,routine_benign,4,4,3,1,0,0,0,1,0,0
txn_f29b8a4687b9,7.82,0.2486,11,0,0.0,17.0,0.0,0.0,0.0,0.0,0.0,0.0,0.0,0.0,1440.0,1440.0,668.0,0.0589,98.57,2449.0,0.0193,0.0128,0.3348,0.2489,1196.0,0.0,0,,,,,routine_benign,1,10,4,1,0,2,2,5,3,0
txn_92e003e62af3,35.04,0.3456,17,0,2.0,27.0,2.0,0.0,1.0,0.0,0.0,0.0,24.63,0.4227,1864.0,1864.0,668.0,0.0589,98.57,3082.0,0.0612,0.0127,0.3139,0.2489,1196.0,0.0,0,,,,,routine_benign,0,4,4,1,0,0,0,2,1,0
txn_0855f493e67e,89.58,0.6028,20,0,1.0,21.0,1.0,0.0,2.0,0.0,0.0,0.0,24.62,2.6385,449.0,449.0,2642.0,0.062,198.27,1470.0,0.0328,0.0024,0.1904,0.0849,1441.0,1.0,0,,,,,atypical_benign,0,4,4,1,0,5,5,6,2,0
txn_860a9876047e,24.62,0.3482,12,0,0.0,19.0,0.0,0.0,1.0,0.0,0.0,0.0,0.0,0.0,1440.0,1440.0,2642.0,0.062,198.27,2977.0,0.0069,0.0029,0.0634,0.0849,1441.0,1.0,0,,,,,routine_benign,3,10,1,1,0,4,4,6,0,0
txn_b16ae27818d9,15.97,0.2081,10,0,3.0,25.0,3.0,0.0,4.0,0.0,0.0,0.0,44.0867,0.6378,906.0,906.0,2642.0,0.062,198.27,957.0,0.045,0.0039,0.333,0.0849,1441.0,1.0,0,,,,,routine_benign,1,6,3,1,0,2,2,0,1,0
txn_675edf231bfb,18.06,0.2857,18,0,2.0,25.0,2.0,0.0,3.0,0.0,0.0,0.0,57.1,0.6837,2814.0,2814.0,2642.0,0.062,198.27,811.0,0.0347,0.0045,0.1572,0.0849,1441.0,1.0,0,,,,,atypical_benign,2,10,1,1,0,2,2,5,3,0
txn_18ad2dfe811a,29.71,0.1074,18,0,3.0,26.0,4.0,0.0,1.0,0.0,0.0,0.0,37.0633,0.1984,2739.0,504.0,1573.0,0.0076,145.75,1560.0,0.0039,0.0139,0.3332,0.0849,1441.0,1.0,0,,,,,routine_benign,3,8,4,1,0,1,1,2,3,0
txn_811812561d9e,16.73,0.2903,13,0,0.0,21.0,1.0,0.0,2.0,0.0,0.0,0.0,0.0,0.0,1440.0,1371.0,1573.0,0.0076,145.75,2500.0,0.0533,0.01,0.0378,0.2497,425.0,1.0,0,,,,,routine_benign,3,4,3,1,0,1,1,0,2,0
txn_2640491aa61e,11.29,0.114,13,0,1.0,20.0,2.0,0.0,0.0,1.0,1.0,0.0,16.73,0.3252,11.0,11.0,1573.0,0.0076,145.75,500.0,0.0749,0.006,0.2302,0.2497,425.0,1.0,0,,,,,routine_benign,3,10,3,1,0,2,2,2,3,0
txn_ff0da56c5f2f,83.17,0.0791,20,0,2.0,24.0,4.0,0.0,0.0,0.0,0.0,0.0,14.01,4.9365,1879.0,908.0,1573.0,0.0076,145.75,2690.0,0.035,0.0005,0.2288,0.2497,425.0,1.0,0,,,,,routine_benign,3,6,4,1,0,5,5,0,1,0
txn_7aecc0ae1ea7,267.63,0.3001,14,0,2.0,17.0,0.0,0.0,0.0,0.0,0.0,0.0,1671.505,0.8399,918.0,1440.0,1667.0,0.0275,103.34,1680.0,0.0785,0.0041,0.1082,0.2497,425.0,1.0,0,,,,,atypical_benign,0,6,1,1,0,4,4,6,1,0
txn_c8b62effd4dc,14.51,0.1755,5,0,3.0,23.0,3.0,0.0,1.0,0.0,0.0,0.0,1203.5467,0.9879,2353.0,971.0,1667.0,0.0275,103.34,2431.0,0.068,0.0059,0.2311,0.2497,425.0,1.0,0,,,,,routine_benign,4,8,1,1,0,2,2,2,3,0
txn_41dd3b053061,3273.49,0.3343,23,0,0.0,7.0,0.0,0.0,0.0,0.0,0.0,0.0,0.0,0.0,1440.0,1440.0,1667.0,0.0275,103.34,1962.0,0.0022,0.0013,0.0899,0.0133,444.0,1.0,0,,,,,atypical_benign,1,4,3,1,0,1,1,4,1,0
txn_4cc5b9c682c1,69.52,0.0518,23,0,1.0,12.0,1.0,0.0,1.0,0.0,0.0,0.0,3273.49,0.9788,1416.0,1416.0,1667.0,0.0275,103.34,3207.0,0.0517,0.0091,0.1598,0.0133,444.0,1.0,0,,,,,routine_benign,2,6,3,1,0,0,0,2,3,0
txn_88648715ac67,34.82,0.1339,14,0,2.0,23.0,3.0,0.0,2.0,0.0,0.0,0.0,46.38,0.2492,2333.0,3290.0,2462.0,0.0193,95.3,2963.0,0.0402,0.0094,0.2588,0.0133,444.0,1.0,0,,,,,routine_benign,1,6,4,1,0,5,5,6,0,0
txn_0a4a7310dbff,194.91,0.1671,5,0,3.0,27.0,4.0,0.0,3.0,0.0,0.0,0.0,42.5267,3.5832,5217.0,5217.0,2462.0,0.0193,95.3,2057.0,0.064,0.0055,0.1768,0.0133,444.0,1.0,0,,,,,atypical_benign,2,6,4,1,0,2,2,5,2,0
txn_b9d66e7523de,22.07,0.2566,7,0,0.0,12.0,2.0,0.0,3.0,0.0,0.0,0.0,0.0,0.0,1440.0,492.0,2462.0,0.0193,95.3,446.0,0.0096,0.0127,0.03,0.0133,444.0,1.0,0,,,,,routine_benign,3,4,1,1,0,3,3,3,2,0
txn_24a7d2102c2d,70.69,0.1738,23,0,1.0,19.0,2.0,0.0,2.0,0.0,0.0,0.0,22.07,2.203,957.0,2838.0,2462.0,0.0193,95.3,1815.0,0.0239,0.0094,0.224,0.0456,670.0,0.0,0,,,,,routine_benign,3,8,1,1,0,2,2,6,1,0
txn_55d833acce45,438.87,0.4979,7,0,2.0,20.0,3.0,0.0,0.0,0.0,0.0,0.0,25.7,16.0767,4751.0,1913.0,2846.0,0.0599,277.23,2449.0,0.0193,0.0128,0.3348,0.0456,670.0,0.0,0,,,,,atypical_benign,0,10,3,1,0,0,0,6,1,0
txn_51c82ff44509,5.99,0.0956,7,0,3.0,26.0,4.0,0.0,5.0,0.0,0.0,0.0,163.4233,0.9633,1444.0,1444.0,2846.0,0.0599,277.23,3082.0,0.0612,0.0127,0.3139,0.0456,670.0,0.0,0,,,,,routine_benign,0,10,1,1,0,3,3,5,3,0
txn_80c75cafd60e,20.37,0.2832,23,0,0.0,8.0,0.0,0.0,0.0,0.0,0.0,0.0,0.0,0.0,1440.0,1440.0,2846.0,0.0599,277.23,1470.0,0.0328,0.0024,0.1904,0.0456,670.0,0.0,0,,,,,routine_benign,4,6,3,1,0,2,2,5,1,0
txn_ba6766157c4a,31.03,0.3004,23,0,1.0,9.0,1.0,0.0,0.0,1.0,1.0,0.0,20.37,0.5233,3.0,3.0,2846.0,0.0599,277.23,2977.0,0.0069,0.0029,0.0634,0.0456,670.0,0.0,0,,,,,routine_benign,3,8,1,1,0,0,0,0,2,0
txn_b32a7af3a64e,137.78,0.2689,8,0,3.0,24.0,4.0,0.0,0.0,0.0,0.0,0.0,30.03,3.5881,3348.0,3348.0,2120.0,0.0561,150.89,957.0,0.045,0.0039,0.333,0.1578,1185.0,1.0,0,,,,,atypical_benign,3,4,1,1,0,2,2,4,0,0
txn_549b015d6ddc,32.14,0.2758,0,0,2.0,20.0,3.0,0.0,1.0,0.0,0.0,0.0,28.975,0.1092,1425.0,1425.0,2120.0,0.0561,150.89,811.0,0.0347,0.0045,0.1572,0.1578,1185.0,1.0,0,,,,,routine_benign,1,4,4,1,0,5,5,5,2,0
txn_955ca0e02c94,32.42,0.3116,0,0,0.0,17.0,1.0,0.0,2.0,0.0,0.0,0.0,0.0,0.0,1440.0,2886.0,2120.0,0.0561,150.89,1560.0,0.0039,0.0139,0.3332,0.1578,1185.0,1.0,0,,,,,routine_benign,3,8,1,1,0,3,3,5,2,0
txn_f18743517071,25.53,0.2933,0,0,1.0,19.0,2.0,0.0,0.0,1.0,1.0,0.0,32.42,0.2125,9.0,9.0,2120.0,0.0561,150.89,2500.0,0.0533,0.01,0.0378,0.1578,1185.0,1.0,0,,,,,routine_benign,2,6,3,1,0,3,3,0,1,0
txn_39dd5af341e5,68.68,0.3109,0,0,0.0,10.0,0.0,0.0,2.0,0.0,0.0,0.0,0.0,0.0,1440.0,1440.0,2289.0,0.0239,230.18,500.0,0.0749,0.006,0.2302,0.1578,1185.0,1.0,0,,,,,routine_benign,0,4,1,1,0,1,1,6,0,0
txn_e46f70c9541c,29.51,0.046,0,0,2.0,16.0,2.0,0.0,0.0,0.0,0.0,0.0,37.92,0.2218,1449.0,461.0,2289.0,0.0239,230.18,2690.0,0.035,0.0005,0.2288,0.0557,1491.0,1.0,0,,,,,routine_benign,1,8,3,1,0,1,1,3,1,0
txn_d0a18fcd255e,7.16,0.0655,0,0,1.0,14.0,0.0,0.0,1.0,0.0,0.0,0.0,68.68,0.8957,1464.0,1440.0,2289.0,0.0239,230.18,1680.0,0.0785,0.0041,0.1082,0.0557,1491.0,1.0,0,,,,,routine_benign,3,10,3,1,0,5,5,5,3,0
txn_c7942794fd05,153.3,0.1453,9,0,3.0,21.0,3.0,0.0,0.0,0.0,0.0,0.0,35.1167,3.3654,505.0,505.0,2289.0,0.0239,230.18,2431.0,0.068,0.0059,0.2311,0.0557,1491.0,1.0,0,,,,,routine_benign,1,6,3,1,0,3,3,4,0,0
txn_ecac2e462267,62.39,0.1957,17,0,0.0,20.0,1.0,0.0,2.0,0.0,0.0,0.0,0.0,0.0,1440.0,988.0,1297.0,0.0539,109.31,1962.0,0.0022,0.0013,0.0899,0.0557,1491.0,1.0,0,,,,,routine_benign,3,4,3,1,0,5,5,4,0,0
txn_f8895bc95049,63.9,0.2742,17,0,1.0,19.0,4.0,0.0,0.0,0.0,0.0,0.0,62.39,0.0242,1475.0,509.0,1297.0,0.0539,109.31,3207.0,0.0517,0.0091,0.1598,0.0557,1491.0,1.0,0,,,,,routine_benign,4,8,3,1,0,3,3,6,1,0
txn_6372aa9e1491,11.76,0.0535,4,0,3.0,27.0,4.0,0.0,3.0,0.0,0.0,0.0,55.74,0.789,4886.0,4350.0,1297.0,0.0539,109.31,2963.0,0.0402,0.0094,0.2588,0.0215,1420.0,1.0,0,,,,,routine_benign,2,6,4,1,0,4,4,2,0,0
txn_3631d28349fd,40.93,0.5219,18,1,2.0,23.0,2.0,0.0,1.0,0.0,0.0,0.0,63.145,0.3518,1495.0,970.0,1297.0,0.0539,109.31,2057.0,0.064,0.0055,0.1768,0.0215,1420.0,1.0,0,,,,,atypical_benign,3,4,1,1,0,5,4,2,1,0
txn_93eccb091675,68.18,0.0344,2,0,2.0,20.0,1.0,0.0,0.0,0.0,0.0,0.0,27.195,1.5071,1449.0,3439.0,2622.0,0.0218,85.16,446.0,0.0096,0.0127,0.03,0.0215,1420.0,1.0,0,,,,,routine_benign,0,8,3,1,0,0,0,1,0,0
txn_a517b9c45a3d,37.62,0.3531,17,0,0.0,12.0,0.0,0.0,0.0,0.0,0.0,0.0,0.0,0.0,1440.0,1440.0,2622.0,0.0218,85.16,1815.0,0.0239,0.0094,0.224,0.0215,1420.0,1.0,0,,,,,routine_benign,4,10,4,1,0,2,2,3,1,0
txn_3704541bf7ea,39.99,0.026,3,0,3.0,23.0,3.0,0.0,3.0,0.0,0.0,0.0,40.8567,0.0212,1506.0,536.0,2622.0,0.0218,85.16,2449.0,0.0193,0.0128,0.3348,0.0215,1420.0,1.0,0,,,,,routine_benign,1,10,3,1,0,4,4,1,0,0
txn_d4108217a91f,16.77,0.1731,2,1,1.0,17.0,1.0,0.0,0.0,0.0,0.0,0.0,37.62,0.5542,1990.0,471.0,2622.0,0.0218,85.16,3082.0,0.0612,0.0127,0.3139,0.2447,186.0,1.0,0,,,,,atypical_benign,1,10,1,1,0,0,1,1,1,0
txn_99006f2d83be,24.58,0.2238,2,0,1.0,18.0,2.0,0.0,1.0,0.0,1.0,0.0,11.5,1.1374,480.0,9.0,1729.0,0.0397,118.39,1470.0,0.0328,0.0024,0.1904,0.2447,186.0,1.0,0,,,,,routine_benign,1,10,4,1,0,0,0,0,0,0
txn_9186957743d1,16.01,0.3908,21,0,3.0,27.0,4.0,0.0,3.0,0.0,0.0,0.0,22.0567,0.2741,1956.0,1956.0,1729.0,0.0397,118.39,2977.0,0.0069,0.0029,0.0634,0.2447,186.0,1.0,0,,,,,atypical_benign,2,6,3,1,0,3,3,2,2,0
txn_1226c23c7495,11.5,0.2028,18,0,0.0,18.0,0.0,0.0,4.0,0.0,0.0,0.0,0.0,0.0,1440.0,1440.0,1729.0,0.0397,118.39,957.0,0.045,0.0039,0.333,0.2447,186.0,1.0,0,,,,,routine_benign,0,6,4,1,0,5,5,3,2,0
txn_06679af84bdb,30.09,0.2823,13,0,2.0,24.0,3.0,0.0,2.0,0.0,0.0,0.0,18.04,0.668,3520.0,3520.0,1729.0,0.0397,118.39,811.0,0.0347,0.0045,0.1572,0.2447,186.0,1.0,0,,,,,routine_benign,3,6,4,1,0,0,0,2,0,0
txn_263fd92e20c9,5.97,0.7566,12,0,0.0,0.0,0.0,0.0,0.0,0.0,0.0,0.0,0.0,0.0,1440.0,1440.0,358.0,0.2993,340.17,44.0,0.1286,0.0493,0.938,0.0,0.0,0.0,1,credential_based_fraud,card_testing,cred_card_testing_001,scn_7507b158f4f8,overt_fraud,1,0,1,1,0,3,3,0,2,0
txn_0d2d56b0d281,4.88,0.523,12,0,1.0,1.0,0.0,1.0,1.0,1.0,0.0,0.0,5.97,0.1826,3.14,1440.0,358.0,0.2993,340.17,44.0,0.1286,0.0493,0.938,0.5487,152.0,0.0,1,credential_based_fraud,card_testing,cred_card_testing_001,scn_7507b158f4f8,overt_fraud,1,0,1,1,1,1,1,0,1,1
txn_73192672d55a,7.56,0.3339,12,0,2.0,2.0,1.0,2.0,1.0,2.0,1.0,1.0,5.425,0.3935,1.1,1.1,358.0,0.2993,340.17,44.0,0.1286,0.0493,0.938,0.5487,152.0,0.0,1,credential_based_fraud,card_testing,cred_card_testing_001,scn_7507b158f4f8,overt_fraud,0,0,1,1,1,2,2,2,1,1
txn_bf8e350698f2,2.1,0.6655,12,0,3.0,3.0,2.0,0.0,1.0,3.0,2.0,2.0,6.1367,0.6578,0.19,0.19,358.0,0.2993,340.17,44.0,0.1286,0.0493,0.938,0.5487,152.0,0.0,1,credential_based_fraud,card_testing,cred_card_testing_001,scn_7507b158f4f8,overt_fraud,0,0,1,1,0,2,2,4,2,0
txn_b9c81df55be5,5.21,0.6183,12,0,4.0,4.0,0.0,1.0,2.0,4.0,0.0,2.0,5.1275,0.0161,1.99,1440.0,358.0,0.2993,340.17,44.0,0.1286,0.0493,0.938,0.0,0.0,0.0,1,credential_based_fraud,card_testing,cred_card_testing_001,scn_7507b158f4f8,overt_fraud,1,0,1,1,1,2,2,3,2,1
txn_4fa3df572f48,7.45,0.3434,12,0,5.0,5.0,3.0,2.0,2.0,5.0,3.0,3.0,5.144,0.4483,3.22,5.21,358.0,0.2993,340.17,44.0,0.1286,0.0493,0.938,0.5487,152.0,0.0,1,credential_based_fraud,card_testing,cred_card_testing_001,scn_7507b158f4f8,overt_fraud,3,0,1,1,1,2,2,3,2,1
txn_1f954ffa2fdb,2.67,0.2495,12,0,6.0,6.0,4.0,0.0,2.0,6.0,4.0,4.0,5.5283,0.517,4.77,4.77,358.0,0.2993,340.17,44.0,0.1286,0.0493,0.938,0.5487,152.0,0.0,1,credential_based_fraud,card_testing,cred_card_testing_001,scn_7507b158f4f8,overt_fraud,1,0,1,1,0,2,2,2,1,0
txn_e254e060f130,1.09,0.6735,12,0,7.0,7.0,5.0,1.0,1.0,7.0,5.0,4.0,5.12,0.7871,1.14,1.14,358.0,0.2993,340.17,44.0,0.1286,0.0493,0.938,0.5487,152.0,0.0,1,credential_based_fraud,card_testing,cred_card_testing_001,scn_7507b158f4f8,overt_fraud,4,0,1,1,1,4,4,5,2,1
txn_cdcfa1350cfa,7.76,0.4425,12,0,8.0,8.0,0.0,2.0,2.0,8.0,0.0,5.0,4.6163,0.681,3.45,1440.0,358.0,0.2993,340.17,44.0,0.1286,0.0493,0.938,0.0,0.0,0.0,1,credential_based_fraud,card_testing,cred_card_testing_001,scn_7507b158f4f8,overt_fraud,2,0,1,1,1,1,1,3,2,1
txn_f10b609b9270,7.62,0.2795,12,0,9.0,9.0,6.0,0.0,2.0,9.0,6.0,6.0,4.9656,0.5346,2.97,6.42,358.0,0.2993,340.17,44.0,0.1286,0.0493,0.938,0.5487,152.0,0.0,1,credential_based_fraud,card_testing,cred_card_testing_001,scn_7507b158f4f8,overt_fraud,4,0,1,1,1,2,2,1,2,1
txn_1f70d6c03052,3.33,0.6704,12,1,10.0,10.0,7.0,1.0,1.0,10.0,7.0,7.0,5.231,0.3634,1.19,1.19,358.0,0.2993,340.17,44.0,0.1286,0.0493,0.938,0.5487,152.0,0.0,1,credential_based_fraud,card_testing,cred_card_testing_001,scn_7507b158f4f8,overt_fraud,3,0,1,1,1,4,5,5,2,2
txn_1d9a5b96e240,0.97,0.274,12,0,11.0,11.0,8.0,2.0,1.0,11.0,8.0,8.0,5.0582,0.8082,1.36,1.36,358.0,0.2993,340.17,44.0,0.1286,0.0493,0.938,0.5487,152.0,0.0,1,credential_based_fraud,card_testing,cred_card_testing_001,scn_7507b158f4f8,overt_fraud,0,0,1,1,1,1,1,2,1,1
txn_57126719016a,1.66,0.5377,12,0,12.0,12.0,0.0,0.0,1.0,12.0,0.0,9.0,4.7175,0.6481,2.04,1440.0,358.0,0.2993,340.17,44.0,0.1286,0.0493,0.938,0.0,0.0,0.0,1,credential_based_fraud,card_testing,cred_card_testing_001,scn_7507b158f4f8,overt_fraud,0,0,1,1,0,0,0,3,1,0
txn_d3b2c89a0f00,7.11,0.456,12,0,13.0,13.0,9.0,1.0,2.0,13.0,9.0,9.0,4.4823,0.5862,5.37,7.41,358.0,0.2993,340.17,44.0,0.1286,0.0493,0.938,0.5487,152.0,0.0,1,credential_based_fraud,card_testing,cred_card_testing_001,scn_7507b158f4f8,overt_fraud,1,0,1,1,1,5,5,2,1,1
txn_cba6dadbaf65,2.5,0.6105,13,0,14.0,14.0,10.0,2.0,2.0,14.0,10.0,10.0,4.67,0.4647,13.65,13.65,358.0,0.2993,340.17,44.0,0.1286,0.0493,0.938,0.5487,152.0,0.0,1,credential_based_fraud,card_testing,cred_card_testing_001,scn_7507b158f4f8,overt_fraud,4,0,1,1,1,1,1,5,1,2
txn_e85d4aa11452,0.96,0.3155,13,0,15.0,15.0,11.0,0.0,2.0,15.0,11.0,11.0,4.5253,0.7879,1.82,1.82,358.0,0.2993,340.17,44.0,0.1286,0.0493,0.938,0.5487,152.0,0.0,1,credential_based_fraud,card_testing,cred_card_testing_001,scn_7507b158f4f8,overt_fraud,3,0,1,1,0,2,2,2,1,0
txn_1fea72af038e,7.07,0.6687,13,0,16.0,16.0,0.0,1.0,3.0,16.0,0.0,11.0,4.3025,0.6432,9.47,1440.0,358.0,0.2993,340.17,44.0,0.1286,0.0493,0.938,0.0,0.0,0.0,1,credential_based_fraud,card_testing,cred_card_testing_001,scn_7507b158f4f8,overt_fraud,2,0,1,1,1,4,4,4,1,1
txn_fb8c64a0ad9c,5.01,0.6905,13,0,17.0,17.0,12.0,2.0,3.0,17.0,12.0,12.0,4.4653,0.122,1.31,10.78,358.0,0.2993,340.17,44.0,0.1286,0.0493,0.938,0.5487,152.0,0.0,1,credential_based_fraud,card_testing,cred_card_testing_001,scn_7507b158f4f8,overt_fraud,0,0,1,1,1,2,2,4,2,1
txn_2e8598394087,5.94,0.4699,13,0,18.0,18.0,13.0,0.0,4.0,18.0,13.0,13.0,4.4956,0.3213,0.65,0.65,358.0,0.2993,340.17,44.0,0.1286,0.0493,0.938,0.5487,152.0,0.0,1,credential_based_fraud,card_testing,cred_card_testing_001,scn_7507b158f4f8,overt_fraud,4,0,1,1,0,2,2,0,1,0
txn_ce04d17e9854,7.64,0.4189,13,1,19.0,19.0,14.0,1.0,4.0,18.0,14.0,13.0,4.5716,0.6712,2.32,2.32,358.0,0.2993,340.17,44.0,0.1286,0.0493,0.938,0.5487,152.0,0.0,1,credential_based_fraud,card_testing,cred_card_testing_001,scn_7507b158f4f8,overt_fraud,0,0,1,1,1,5,4,4,2,2
txn_7ea0fbbab84f,0.63,0.4694,13,1,20.0,20.0,0.0,2.0,4.0,14.0,0.0,14.0,4.725,0.8667,9.16,1440.0,358.0,0.2993,340.17,44.0,0.1286,0.0493,0.938,0.0,0.0,0.0,1,credential_based_fraud,card_testing,cred_card_testing_001,scn_7507b158f4f8,overt_fraud,1,0,1,1,1,0,2,6,1,1
txn_87ad115c3854,1.77,0.7207,13,1,21.0,21.0,15.0,0.0,2.0,15.0,11.0,15.0,4.53,0.6093,1.94,11.1,358.0,0.2993,340.17,44.0,0.1286,0.0493,0.938,0.5487,152.0,0.0,1,credential_based_fraud,card_testing,cred_card_testing_001,scn_7507b158f4f8,overt_fraud,0,0,1,1,0,3,4,4,2,0
txn_753e9dd99a66,1.68,0.3443,13,0,22.0,22.0,16.0,1.0,2.0,16.0,12.0,15.0,4.4045,0.6186,0.59,0.59,358.0,0.2993,340.17,44.0,0.1286,0.0493,0.938,0.5487,152.0,0.0,1,credential_based_fraud,card_testing,cred_card_testing_001,scn_7507b158f4f8,overt_fraud,4,0,1,1,1,0,0,6,1,2
txn_d398ee4840d8,1.93,0.4102,13,0,23.0,23.0,17.0,2.0,3.0,15.0,11.0,16.0,4.2861,0.5497,5.2,5.2,358.0,0.2993,340.17,44.0,0.1286,0.0493,0.938,0.5487,152.0,0.0,1,credential_based_fraud,card_testing,cred_card_testing_001,scn_7507b158f4f8,overt_fraud,0,0,1,1,1,2,2,3,2,2
txn_faf224b94def,3.79,0.426,13,0,24.0,24.0,0.0,0.0,3.0,15.0,0.0,17.0,4.1879,0.095,3.8,1440.0,358.0,0.2993,340.17,44.0,0.1286,0.0493,0.938,0.0,0.0,0.0,1,credential_based_fraud,card_testing,cred_card_testing_001,scn_7507b158f4f8,overt_fraud,4,0,1,1,0,5,5,4,1,0
txn_196a7faf6a7c,0.72,0.1711,13,0,25.0,25.0,18.0,1.0,3.0,13.0,9.0,17.0,4.172,0.8274,3.99,7.79,358.0,0.2993,340.17,44.0,0.1286,0.0493,0.938,0.5487,152.0,0.0,1,credential_based_fraud,card_testing,cred_card_testing_001,scn_7507b158f4f8,overt_fraud,3,0,1,1,1,5,5,1,1,1
txn_b28e88613d39,2.75,0.3876,13,0,26.0,26.0,19.0,2.0,2.0,13.0,10.0,18.0,4.0392,0.3192,2.58,2.58,358.0,0.2993,340.17,44.0,0.1286,0.0493,0.938,0.5487,152.0,0.0,1,credential_based_fraud,card_testing,cred_card_testing_001,scn_7507b158f4f8,overt_fraud,3,0,1,1,1,0,0,4,1,2
txn_9ea732486fc2,7.54,0.3931,13,1,27.0,27.0,20.0,0.0,1.0,14.0,11.0,19.0,3.9915,0.889,0.67,0.67,358.0,0.2993,340.17,44.0,0.1286,0.0493,0.938,0.5487,152.0,0.0,1,credential_based_fraud,card_testing,cred_card_testing_001,scn_7507b158f4f8,overt_fraud,0,0,1,1,0,4,5,6,1,0
txn_eb00dc1a4756,4.87,0.4635,13,0,28.0,28.0,0.0,1.0,1.0,15.0,0.0,19.0,4.1182,0.1826,0.9,1440.0,358.0,0.2993,340.17,44.0,0.1286,0.0493,0.938,0.0,0.0,0.0,1,credential_based_fraud,card_testing,cred_card_testing_001,scn_7507b158f4f8,overt_fraud,0,0,1,1,1,4,4,1,2,2
txn_a0fa6f23dddc,7.38,0.1888,13,0,29.0,29.0,21.0,2.0,1.0,16.0,12.0,20.0,4.1441,0.7808,0.41,1.31,358.0,0.2993,340.17,44.0,0.1286,0.0493,0.938,0.5487,152.0,0.0,1,credential_based_fraud,card_testing,cred_card_testing_001,scn_7507b158f4f8,overt_fraud,0,0,1,1,1,1,1,3,2,2
txn_f556cae23a57,4.76,0.4521,13,0,30.0,30.0,22.0,0.0,1.0,17.0,13.0,21.0,4.252,0.1195,0.08,0.08,358.0,0.2993,340.17,44.0,0.1286,0.0493,0.938,0.5487,152.0,0.0,1,credential_based_fraud,card_testing,cred_card_testing_001,scn_7507b158f4f8,overt_fraud,4,0,1,1,0,4,4,5,1,0
txn_787ddbca2ac0,7.91,0.5019,13,0,31.0,31.0,23.0,1.0,1.0,18.0,14.0,21.0,4.2684,0.8532,0.72,0.72,358.0,0.2993,340.17,44.0,0.1286,0.0493,0.938,0.5487,152.0,0.0,1,credential_based_fraud,card_testing,cred_card_testing_001,scn_7507b158f4f8,overt_fraud,2,0,1,1,1,1,1,1,1,2
txn_4d5b2cf7d906,2.22,0.1551,13,0,32.0,32.0,0.0,2.0,1.0,18.0,0.0,22.0,4.3822,0.4934,0.84,1440.0,358.0,0.2993,340.17,44.0,0.1286,0.0493,0.938,0.0,0.0,0.0,1,credential_based_fraud,card_testing,cred_card_testing_001,scn_7507b158f4f8,overt_fraud,3,0,1,1,1,5,5,6,1,2
txn_499e324eae0a,6.45,0.5846,13,0,33.0,33.0,24.0,0.0,1.0,19.0,14.0,23.0,4.3167,0.4942,0.08,0.92,358.0,0.2993,340.17,44.0,0.1286,0.0493,0.938,0.5487,152.0,0.0,1,credential_based_fraud,card_testing,cred_card_testing_001,scn_7507b158f4f8,overt_fraud,4,0,1,1,0,0,0,5,1,0
txn_c57de0316d65,6.86,0.3433,14,0,34.0,34.0,25.0,1.0,1.0,20.0,15.0,23.0,4.3794,0.5664,3.77,3.77,358.0,0.2993,340.17,44.0,0.1286,0.0493,0.938,0.5487,152.0,0.0,1,credential_based_fraud,card_testing,cred_card_testing_001,scn_7507b158f4f8,overt_fraud,3,0,1,1,1,1,1,2,1,2
txn_005ee089677a,5.52,0.5334,14,0,35.0,35.0,26.0,2.0,1.0,21.0,16.0,24.0,4.4503,0.2404,7.01,7.01,358.0,0.2993,340.17,44.0,0.1286,0.0493,0.938,0.5487,152.0,0.0,1,credential_based_fraud,card_testing,cred_card_testing_001,scn_7507b158f4f8,overt_fraud,3,0,1,1,1,1,1,1,1,1
txn_2dfbcff7f827,6.11,0.2115,14,0,36.0,36.0,0.0,0.0,1.0,21.0,0.0,25.0,4.48,0.3638,3.34,1440.0,358.0,0.2993,340.17,44.0,0.1286,0.0493,0.938,0.0,0.0,0.0,1,credential_based_fraud,card_testing,cred_card_testing_001,scn_7507b158f4f8,overt_fraud,3,0,1,1,1,0,0,4,2,1
txn_14feb2044c93,0.82,0.5281,14,0,37.0,37.0,27.0,1.0,1.0,21.0,15.0,26.0,4.5241,0.8187,3.15,6.49,358.0,0.2993,340.17,44.0,0.1286,0.0493,0.938,0.5487,152.0,0.0,1,credential_based_fraud,card_testing,cred_card_testing_001,scn_7507b158f4f8,overt_fraud,2,0,1,1,1,1,1,1,1,2
txn_3a64a0f11864,5.4,0.438,14,0,38.0,38.0,28.0,2.0,1.0,22.0,16.0,27.0,4.4266,0.2199,0.04,0.04,358.0,0.2993,340.17,44.0,0.1286,0.0493,0.938,0.5487,152.0,0.0,1,credential_based_fraud,card_testing,cred_card_testing_001,scn_7507b158f4f8,overt_fraud,2,0,1,1,1,2,2,5,2,2
txn_ca09a429c402,5.39,0.5548,14,0,39.0,39.0,29.0,0.0,1.0,23.0,17.0,28.0,4.4515,0.2108,3.89,3.89,358.0,0.2993,340.17,44.0,0.1286,0.0493,0.938,0.5487,152.0,0.0,1,credential_based_fraud,card_testing,cred_card_testing_001,scn_7507b158f4f8,overt_fraud,3,0,1,1,0,3,3,6,1,0
txn_51ae4478fac9,7.77,0.5181,14,0,40.0,40.0,0.0,1.0,1.0,24.0,0.0,28.0,4.475,0.7363,2.98,1440.0,358.0,0.2993,340.17,44.0,0.1286,0.0493,0.938,0.0,0.0,0.0,1,credential_based_fraud,card_testing,cred_card_testing_001,scn_7507b158f4f8,overt_fraud,2,0,1,1,1,5,5,1,1,2
txn_b6b88e0f907b,2.82,0.4369,14,0,41.0,41.0,30.0,2.0,1.0,24.0,18.0,29.0,4.5554,0.3809,1.31,4.29,358.0,0.2993,340.17,44.0,0.1286,0.0493,0.938,0.5487,152.0,0.0,1,credential_based_fraud,card_testing,cred_card_testing_001,scn_7507b158f4f8,overt_fraud,3,0,1,1,1,2,2,1,2,2
txn_fb086fe431b4,6.29,0.3413,14,0,42.0,42.0,31.0,0.0,1.0,23.0,17.0,30.0,4.514,0.3934,1.47,1.47,358.0,0.2993,340.17,44.0,0.1286,0.0493,0.938,0.5487,152.0,0.0,1,credential_based_fraud,card_testing,cred_card_testing_001,scn_7507b158f4f8,overt_fraud,0,0,1,1,0,3,3,2,2,0
txn_07a21cf64b46,5.78,0.3736,14,0,43.0,43.0,32.0,1.0,1.0,23.0,17.0,30.0,4.5553,0.2688,3.05,3.05,358.0,0.2993,340.17,44.0,0.1286,0.0493,0.938,0.5487,152.0,0.0,1,credential_based_fraud,card_testing,cred_card_testing_001,scn_7507b158f4f8,overt_fraud,2,0,1,1,1,5,5,2,1,1
txn_3e68dbb4e921,5.9,0.5514,14,0,44.0,44.0,0.0,2.0,1.0,24.0,0.0,31.0,4.5832,0.2873,4.9,1440.0,358.0,0.2993,340.17,44.0,0.1286,0.0493,0.938,0.0,0.0,0.0,1,credential_based_fraud,card_testing,cred_card_testing_001,scn_7507b158f4f8,overt_fraud,1,0,1,1,1,5,5,2,1,1
txn_6e125bfefe4e,2.59,0.1201,14,0,45.0,45.0,33.0,0.0,1.0,22.0,16.0,32.0,4.6124,0.4385,8.61,13.51,358.0,0.2993,340.17,44.0,0.1286,0.0493,0.938,0.5487,152.0,0.0,1,credential_based_fraud,card_testing,cred_card_testing_001,scn_7507b158f4f8,overt_fraud,3,0,1,1,0,5,5,6,1,0
txn_2cef4c87d0f5,5.15,0.3882,14,0,46.0,46.0,34.0,1.0,1.0,23.0,17.0,32.0,4.5685,0.1273,1.54,1.54,358.0,0.2993,340.17,44.0,0.1286,0.0493,0.938,0.5487,152.0,0.0,1,credential_based_fraud,card_testing,cred_card_testing_001,scn_7507b158f4f8,overt_fraud,0,0,1,1,1,2,2,1,1,1
txn_ec1a40dee8f4,0.74,0.3512,14,0,47.0,47.0,35.0,2.0,1.0,23.0,17.0,33.0,4.5809,0.8385,4.16,4.16,358.0,0.2993,340.17,44.0,0.1286,0.0493,0.938,0.5487,152.0,0.0,1,credential_based_fraud,card_testing,cred_card_testing_001,scn_7507b158f4f8,overt_fraud,4,0,1,1,1,2,2,3,2,1
txn_38f184839989,2.0,0.7442,14,1,48.0,48.0,0.0,0.0,1.0,23.0,0.0,34.0,4.5008,0.5556,0.74,1440.0,358.0,0.2993,340.17,44.0,0.1286,0.0493,0.938,0.0,0.0,0.0,1,credential_based_fraud,card_testing,cred_card_testing_001,scn_7507b158f4f8,overt_fraud,0,0,1,1,0,0,4,6,1,0
txn_f4f2fd80f729,5.28,0.5982,14,0,49.0,49.0,36.0,1.0,1.0,24.0,18.0,34.0,4.4498,0.1866,2.82,3.56,358.0,0.2993,340.17,44.0,0.1286,0.0493,0.938,0.5487,152.0,0.0,1,credential_based_fraud,card_testing,cred_card_testing_001,scn_7507b158f4f8,overt_fraud,2,0,1,1,1,3,3,1,1,1
txn_858bbf818210,6.61,0.5258,15,0,50.0,50.0,37.0,2.0,1.0,15.0,11.0,35.0,4.4664,0.4799,15.24,15.24,358.0,0.2993,340.17,44.0,0.1286,0.0493,0.938,0.5487,152.0,0.0,1,credential_based_fraud,card_testing,cred_card_testing_001,scn_7507b158f4f8,overt_fraud,2,0,1,1,1,1,1,0,1,2
txn_daf208ada98a,2.39,0.5145,15,0,51.0,51.0,38.0,0.0,1.0,16.0,12.0,36.0,4.5084,0.4699,2.51,2.51,358.0,0.2993,340.17,44.0,0.1286,0.0493,0.938,0.5487,152.0,0.0,1,credential_based_fraud,card_testing,cred_card_testing_001,scn_7507b158f4f8,overt_fraud,4,0,1,1,0,4,4,0,1,0
txn_21fc9a43cb88,6.26,0.2659,15,0,52.0,52.0,0.0,1.0,1.0,16.0,0.0,36.0,4.4677,0.4012,0.88,1440.0,358.0,0.2993,340.17,44.0,0.1286,0.0493,0.938,0.0,0.0,0.0,1,credential_based_fraud,card_testing,cred_card_testing_001,scn_7507b158f4f8,overt_fraud,1,0,1,1,1,0,0,4,2,2
txn_089102f49dd0,2.92,0.4126,15,0,53.0,53.0,39.0,2.0,1.0,17.0,12.0,37.0,4.5015,0.3513,0.94,1.82,358.0,0.2993,340.17,44.0,0.1286,0.0493,0.938,0.5487,152.0,0.0,1,credential_based_fraud,card_testing,cred_card_testing_001,scn_7507b158f4f8,overt_fraud,4,0,1,1,1,0,0,0,2,2
txn_05efaaf42fe1,3.69,0.6254,15,0,54.0,54.0,40.0,0.0,1.0,18.0,13.0,38.0,4.4722,0.1749,0.26,0.26,358.0,0.2993,340.17,44.0,0.1286,0.0493,0.938,0.5487,152.0,0.0,1,credential_based_fraud,card_testing,cred_card_testing_001,scn_7507b158f4f8,overt_fraud,4,0,1,1,0,5,5,5,2,0
txn_8d07805c6b30,7.74,0.4019,15,0,55.0,55.0,41.0,1.0,1.0,19.0,14.0,38.0,4.458,0.7362,0.02,0.02,358.0,0.2993,340.17,44.0,0.1286,0.0493,0.938,0.5487,152.0,0.0,1,credential_based_fraud,card_testing,cred_card_testing_001,scn_7507b158f4f8,overt_fraud,2,0,1,1,1,5,5,3,2,1
txn_d8c57db76ad6,7.55,0.2695,15,1,56.0,56.0,0.0,2.0,1.0,17.0,0.0,39.0,4.5166,0.6716,8.56,1440.0,358.0,0.2993,340.17,44.0,0.1286,0.0493,0.938,0.0,0.0,0.0,1,credential_based_fraud,card_testing,cred_card_testing_001,scn_7507b158f4f8,overt_fraud,1,0,1,1,1,3,4,5,1,2
txn_ff3946093cd7,6.57,0.5432,15,0,57.0,57.0,42.0,0.0,1.0,17.0,12.0,40.0,4.5698,0.4377,1.95,10.51,358.0,0.2993,340.17,44.0,0.1286,0.0493,0.938,0.5487,152.0,0.0,1,credential_based_fraud,card_testing,cred_card_testing_001,scn_7507b158f4f8,overt_fraud,0,0,1,1,0,4,4,4,1,0
txn_979a124ba402,3.05,0.5213,15,0,58.0,58.0,43.0,1.0,1.0,17.0,13.0,40.0,4.6043,0.3376,1.82,1.82,358.0,0.2993,340.17,44.0,0.1286,0.0493,0.938,0.5487,152.0,0.0,1,credential_based_fraud,card_testing,cred_card_testing_001,scn_7507b158f4f8,overt_fraud,3,0,1,1,1,4,4,1,1,1
txn_22c3e18154eb,6.61,0.2489,15,0,59.0,59.0,44.0,2.0,1.0,16.0,12.0,41.0,4.578,0.4439,4.21,4.21,358.0,0.2993,340.17,44.0,0.1286,0.0493,0.938,0.5487,152.0,0.0,1,credential_based_fraud,card_testing,cred_card_testing_001,scn_7507b158f4f8,overt_fraud,0,0,1,1,1,0,0,3,2,1
txn_9b5425b7b44e,2.56,0.6755,15,0,60.0,60.0,0.0,0.0,1.0,17.0,0.0,42.0,4.6118,0.4449,0.26,1440.0,358.0,0.2993,340.17,44.0,0.1286,0.0493,0.938,0.0,0.0,0.0,1,credential_based_fraud,card_testing,cred_card_testing_001,scn_7507b158f4f8,overt_fraud,1,0,1,1,0,0,0,5,2,0
txn_0703281d1121,4.58,0.4422,15,0,61.0,61.0,45.0,1.0,1.0,17.0,12.0,42.0,4.5782,0.0004,2.6,2.86,358.0,0.2993,340.17,44.0,0.1286,0.0493,0.938,0.5487,152.0,0.0,1,credential_based_fraud,card_testing,cred_card_testing_001,scn_7507b158f4f8,overt_fraud,4,0,1,1,1,0,0,0,2,2
txn_381e423cf45d,6.63,0.6173,15,0,62.0,62.0,46.0,2.0,1.0,15.0,11.0,43.0,4.5782,0.4482,13.39,13.39,358.0,0.2993,340.17,44.0,0.1286,0.0493,0.938,0.5487,152.0,0.0,1,credential_based_fraud,card_testing,cred_card_testing_001,scn_7507b158f4f8,overt_fraud,0,0,1,1,1,0,0,0,1,1
txn_4cbd6320b65b,5.24,0.4212,15,0,63.0,63.0,47.0,0.0,1.0,16.0,12.0,44.0,4.6108,0.1365,0.07,0.07,358.0,0.2993,340.17,44.0,0.1286,0.0493,0.938,0.5487,152.0,0.0,1,credential_based_fraud,card_testing,cred_card_testing_001,scn_7507b158f4f8,overt_fraud,3,0,1,1,0,1,1,6,1,0
txn_7f470eb3b76e,3.16,0.5549,15,0,64.0,64.0,0.0,1.0,1.0,14.0,0.0,44.0,4.6206,0.3161,11.98,1440.0,358.0,0.2993,340.17,44.0,0.1286,0.0493,0.938,0.0,0.0,0.0,1,credential_based_fraud,card_testing,cred_card_testing_001,scn_7507b158f4f8,overt_fraud,3,0,1,1,1,1,1,1,2,1
txn_32032f825fa2,1.51,0.08,15,0,65.0,65.0,48.0,2.0,1.0,15.0,11.0,45.0,4.5982,0.6716,2.97,14.95,358.0,0.2993,340.17,44.0,0.1286,0.0493,0.938,0.5487,152.0,0.0,1,credential_based_fraud,card_testing,cred_card_testing_001,scn_7507b158f4f8,overt_fraud,0,0,1,1,1,4,4,3,2,2
txn_db11e0a1485d,2.59,0.2369,15,0,66.0,66.0,49.0,0.0,1.0,16.0,12.0,46.0,4.5514,0.4309,2.3,2.3,358.0,0.2993,340.17,44.0,0.1286,0.0493,0.938,0.5487,152.0,0.0,1,credential_based_fraud,card_testing,cred_card_testing_001,scn_7507b158f4f8,overt_fraud,1,0,1,1,1,3,3,4,2,1
txn_5c2f23d04c8d,7.37,0.593,16,0,67.0,67.0,50.0,1.0,1.0,16.0,12.0,47.0,4.5221,0.6298,5.38,5.38,358.0,0.2993,340.17,44.0,0.1286,0.0493,0.938,0.5487,152.0,0.0,1,credential_based_fraud,card_testing,cred_card_testing_001,scn_7507b158f4f8,overt_fraud,2,0,1,1,1,2,2,3,1,2
txn_e35124c0d7bb,5.86,0.1867,16,0,68.0,68.0,0.0,2.0,1.0,17.0,0.0,48.0,4.564,0.284,0.36,1440.0,358.0,0.2993,340.17,44.0,0.1286,0.0493,0.938,0.0,0.0,0.0,1,credential_based_fraud,card_testing,cred_card_testing_001,scn_7507b158f4f8,overt_fraud,0,0,1,1,1,1,1,6,2,1
txn_33d6145e2e28,0.85,0.3697,16,0,69.0,69.0,51.0,0.0,1.0,18.0,13.0,49.0,4.5828,0.8145,0.78,1.14,358.0,0.2993,340.17,44.0,0.1286,0.0493,0.938,0.5487,152.0,0.0,1,credential_based_fraud,card_testing,cred_card_testing_001,scn_7507b158f4f8,overt_fraud,1,0,1,1,0,4,4,2,1,0
txn_44e535e62b56,3.42,0.5935,16,0,70.0,70.0,52.0,1.0,1.0,18.0,13.0,49.0,4.5294,0.2449,1.55,1.55,358.0,0.2993,340.17,44.0,0.1286,0.0493,0.938,0.5487,152.0,0.0,1,credential_based_fraud,card_testing,cred_card_testing_001,scn_7507b158f4f8,overt_fraud,2,0,1,1,1,4,4,4,1,1
txn_413ca273333d,1.22,0.3215,16,0,71.0,71.0,53.0,2.0,1.0,19.0,14.0,50.0,4.5138,0.7297,0.42,0.42,358.0,0.2993,340.17,44.0,0.1286,0.0493,0.938,0.5487,152.0,0.0,1,credential_based_fraud,card_testing,cred_card_testing_001,scn_7507b158f4f8,overt_fraud,4,0,1,1,1,2,2,2,1,1
txn_aa51e07367bb,4.78,0.4216,16,0,72.0,72.0,0.0,0.0,1.0,16.0,0.0,51.0,4.4681,0.0698,7.67,1440.0,358.0,0.2993,340.17,44.0,0.1286,0.0493,0.938,0.0,0.0,0.0,1,credential_based_fraud,card_testing,cred_card_testing_001,scn_7507b158f4f8,overt_fraud,3,0,1,1,0,4,4,6,1,0
txn_b54ea8f62ca8,3.7,0.3824,16,0,73.0,73.0,54.0,1.0,1.0,17.0,12.0,51.0,4.4723,0.1727,1.96,9.63,358.0,0.2993,340.17,44.0,0.1286,0.0493,0.938,0.5487,152.0,0.0,1,credential_based_fraud,card_testing,cred_card_testing_001,scn_7507b158f4f8,overt_fraud,3,0,1,1,1,0,0,5,2,1
txn_ba0cfa5d4496,2.95,0.442,16,0,74.0,74.0,55.0,2.0,1.0,17.0,13.0,52.0,4.4619,0.3388,2.24,2.24,358.0,0.2993,340.17,44.0,0.1286,0.0493,0.938,0.5487,152.0,0.0,1,credential_based_fraud,card_testing,cred_card_testing_001,scn_7507b158f4f8,overt_fraud,0,0,1,1,1,4,4,0,1,1
txn_a19d60bdf1f2,6.18,0.3609,16,0,75.0,75.0,56.0,0.0,1.0,17.0,13.0,53.0,4.4417,0.3913,1.58,1.58,358.0,0.2993,340.17,44.0,0.1286,0.0493,0.938,0.5487,152.0,0.0,1,credential_based_fraud,card_testing,cred_card_testing_001,scn_7507b158f4f8,overt_fraud,3,0,1,1,0,2,2,2,2,0
txn_df0acd730180,2.31,0.7438,16,0,76.0,76.0,0.0,1.0,1.0,17.0,0.0,53.0,4.4646,0.4826,3.14,1440.0,358.0,0.2993,340.17,44.0,0.1286,0.0493,0.938,0.0,0.0,0.0,1,credential_based_fraud,card_testing,cred_card_testing_001,scn_7507b158f4f8,overt_fraud,0,0,1,1,1,4,4,4,2,2
txn_38b991cd279b,5.6,0.1116,16,0,77.0,77.0,57.0,2.0,1.0,18.0,13.0,54.0,4.4366,0.2622,1.32,4.46,358.0,0.2993,340.17,44.0,0.1286,0.0493,0.938,0.5487,152.0,0.0,1,credential_based_fraud,card_testing,cred_card_testing_001,scn_7507b158f4f8,overt_fraud,1,0,1,1,1,1,1,4,2,2
txn_6eef41d40d04,1.28,0.4689,16,0,78.0,78.0,58.0,0.0,1.0,16.0,12.0,55.0,4.4515,0.7125,5.87,5.87,358.0,0.2993,340.17,44.0,0.1286,0.0493,0.938,0.5487,152.0,0.0,1,credential_based_fraud,card_testing,cred_card_testing_001,scn_7507b158f4f8,overt_fraud,3,0,1,1,0,0,0,6,1,0
txn_e3ec5ae8aa2d,2.04,0.4441,16,0,79.0,79.0,59.0,1.0,1.0,17.0,13.0,55.0,4.4114,0.5376,7.77,7.77,358.0,0.2993,340.17,44.0,0.1286,0.0493,0.938,0.5487,152.0,0.0,1,credential_based_fraud,card_testing,cred_card_testing_001,scn_7507b158f4f8,overt_fraud,0,0,1,1,1,3,3,2,2,2
txn_eae149a72287,4.67,0.7093,16,0,80.0,80.0,0.0,2.0,1.0,18.0,0.0,56.0,4.3818,0.0658,1.41,1440.0,358.0,0.2993,340.17,44.0,0.1286,0.0493,0.938,0.0,0.0,0.0,1,credential_based_fraud,card_testing,cred_card_testing_001,scn_7507b158f4f8,overt_fraud,0,0,1,1,1,0,0,6,2,2
txn_ac83a548d1b9,5.78,0.3429,16,0,81.0,81.0,60.0,0.0,1.0,17.0,12.0,57.0,4.3853,0.318,5.77,7.18,358.0,0.2993,340.17,44.0,0.1286,0.0493,0.938,0.5487,152.0,0.0,1,credential_based_fraud,card_testing,cred_card_testing_001,scn_7507b158f4f8,overt_fraud,1,0,1,1,0,3,3,2,1,0
txn_f4c9d7ea4502,7.99,0.5481,16,0,82.0,82.0,61.0,1.0,1.0,18.0,13.0,57.0,4.4023,0.815,0.8,0.8,358.0,0.2993,340.17,44.0,0.1286,0.0493,0.938,0.5487,152.0,0.0,1,credential_based_fraud,card_testing,cred_card_testing_001,scn_7507b158f4f8,overt_fraud,2,0,1,1,1,4,4,1,1,1
txn_c75ae5ba66ea,5.72,0.314,16,0,83.0,83.0,62.0,2.0,1.0,19.0,14.0,58.0,4.4455,0.2867,0.66,0.66,358.0,0.2993,340.17,44.0,0.1286,0.0493,0.938,0.5487,152.0,0.0,1,credential_based_fraud,card_testing,cred_card_testing_001,scn_7507b158f4f8,overt_fraud,2,0,1,1,1,0,0,5,2,2
txn_888ebc71d878,0.53,0.6207,16,0,84.0,84.0,0.0,0.0,1.0,20.0,0.0,59.0,4.4607,0.8812,0.19,1440.0,358.0,0.2993,340.17,44.0,0.1286,0.0493,0.938,0.0,0.0,0.0,1,credential_based_fraud,card_testing,cred_card_testing_001,scn_7507b158f4f8,overt_fraud,1,0,1,1,0,5,5,0,1,0
txn_830cb4192617,3.72,0.4057,16,0,85.0,85.0,63.0,1.0,1.0,21.0,15.0,59.0,4.4145,0.1573,0.65,0.84,358.0,0.2993,340.17,44.0,0.1286,0.0493,0.938,0.5487,152.0,0.0,1,credential_based_fraud,card_testing,cred_card_testing_001,scn_7507b158f4f8,overt_fraud,2,0,1,1,1,3,3,2,1,1
txn_8ee4b1611da0,7.74,0.4392,16,0,86.0,86.0,64.0,2.0,1.0,22.0,16.0,60.0,4.4064,0.7565,3.49,3.49,358.0,0.2993,340.17,44.0,0.1286,0.0493,0.938,0.5487,152.0,0.0,1,credential_based_fraud,card_testing,cred_card_testing_001,scn_7507b158f4f8,overt_fraud,1,0,1,1,1,2,2,5,2,2
txn_325c59c0da06,2.55,0.5403,16,0,87.0,87.0,65.0,0.0,1.0,23.0,17.0,61.0,4.4447,0.4263,0.52,0.52,358.0,0.2993,340.17,44.0,0.1286,0.0493,0.938,0.5487,152.0,0.0,1,credential_based_fraud,card_testing,cred_card_testing_001,scn_7507b158f4f8,overt_fraud,1,0,1,1,0,4,4,0,2,0
txn_718d0cb4aedb,5.14,0.2217,16,1,88.0,88.0,0.0,1.0,1.0,23.0,0.0,61.0,4.4232,0.1621,3.56,1440.0,358.0,0.2993,340.17,44.0,0.1286,0.0493,0.938,0.0,0.0,0.0,1,credential_based_fraud,card_testing,cred_card_testing_001,scn_7507b158f4f8,overt_fraud,0,0,1,1,1,1,5,4,1,1
txn_ab5f1965c17c,5.11,0.3701,16,0,89.0,89.0,66.0,2.0,1.0,23.0,17.0,62.0,4.4312,0.1532,2.89,6.45,358.0,0.2993,340.17,44.0,0.1286,0.0493,0.938,0.5487,152.0,0.0,1,credential_based_fraud,card_testing,cred_card_testing_001,scn_7507b158f4f8,overt_fraud,3,0,1,1,1,2,2,1,2,1
txn_bdd9b7fc56a2,1.01,0.3508,17,0,90.0,90.0,67.0,0.0,1.0,23.0,17.0,63.0,4.4388,0.7725,4.03,4.03,358.0,0.2993,340.17,44.0,0.1286,0.0493,0.938,0.5487,152.0,0.0,1,credential_based_fraud,card_testing,cred_card_testing_001,scn_7507b158f4f8,overt_fraud,0,0,1,1,0,0,0,4,1,0
txn_be1b250427ff,0.77,0.6541,17,0,91.0,91.0,68.0,1.0,1.0,22.0,17.0,63.0,4.4011,0.825,2.03,2.03,358.0,0.2993,340.17,44.0,0.1286,0.0493,0.938,0.5487,152.0,0.0,1,credential_based_fraud,card_testing,cred_card_testing_001,scn_7507b158f4f8,overt_fraud,0,0,1,1,1,2,2,5,1,2
txn_965009bb583d,4.67,0.3136,17,0,92.0,92.0,0.0,2.0,1.0,20.0,0.0,64.0,4.3616,0.0707,5.31,1440.0,358.0,0.2993,340.17,44.0,0.1286,0.0493,0.938,0.0,0.0,0.0,1,credential_based_fraud,card_testing,cred_card_testing_001,scn_7507b158f4f8,overt_fraud,4,0,1,1,1,2,2,5,1,2
txn_f05017df23c4,4.96,0.3294,17,1,93.0,93.0,69.0,0.0,1.0,21.0,15.0,65.0,4.3649,0.1363,0.5,5.81,358.0,0.2993,340.17,44.0,0.1286,0.0493,0.938,0.5487,152.0,0.0,1,credential_based_fraud,card_testing,cred_card_testing_001,scn_7507b158f4f8,overt_fraud,0,0,1,1,0,2,0,4,1,0
txn_284f8c135c78,7.28,0.447,17,0,94.0,94.0,70.0,1.0,1.0,22.0,16.0,65.0,4.3713,0.6654,0.26,0.26,358.0,0.2993,340.17,44.0,0.1286,0.0493,0.938,0.5487,152.0,0.0,1,credential_based_fraud,card_testing,cred_card_testing_001,scn_7507b158f4f8,overt_fraud,4,0,1,1,1,3,3,4,2,2
txn_e5c0b48ea075,3.51,0.3457,17,0,95.0,95.0,71.0,2.0,1.0,21.0,16.0,66.0,4.4019,0.2026,7.63,7.63,358.0,0.2993,340.17,44.0,0.1286,0.0493,0.938,0.5487,152.0,0.0,1,credential_based_fraud,card_testing,cred_card_testing_001,scn_7507b158f4f8,overt_fraud,4,0,1,1,1,3,3,4,1,1
txn_5c31a185a138,1.83,0.296,17,0,96.0,96.0,0.0,0.0,1.0,18.0,0.0,67.0,4.3926,0.5834,6.68,1440.0,358.0,0.2993,340.17,44.0,0.1286,0.0493,0.938,0.0,0.0,0.0,1,credential_based_fraud,card_testing,cred_card_testing_001,scn_7507b158f4f8,overt_fraud,0,0,1,1,0,1,1,2,2,0
txn_7b5fdb5db842,3.58,0.2875,17,0,97.0,97.0,72.0,1.0,1.0,19.0,14.0,67.0,4.3662,0.1801,0.64,7.32,358.0,0.2993,340.17,44.0,0.1286,0.0493,0.938,0.5487,152.0,0.0,1,credential_based_fraud,card_testing,cred_card_testing_001,scn_7507b158f4f8,overt_fraud,1,0,1,1,1,5,5,6,1,2
txn_2eab45838841,2.47,0.5537,17,0,98.0,98.0,73.0,2.0,1.0,19.0,14.0,68.0,4.3582,0.4332,5.65,5.65,358.0,0.2993,340.17,44.0,0.1286,0.0493,0.938,0.5487,152.0,0.0,1,credential_based_fraud,card_testing,cred_card_testing_001,scn_7507b158f4f8,overt_fraud,1,0,1,1,1,5,5,2,1,1
txn_3981b4a58bf0,2.82,0.6504,17,0,99.0,99.0,74.0,0.0,1.0,20.0,15.0,69.0,4.3391,0.3501,1.4,1.4,358.0,0.2993,340.17,44.0,0.1286,0.0493,0.938,0.5487,152.0,0.0,1,credential_based_fraud,card_testing,cred_card_testing_001,scn_7507b158f4f8,overt_fraud,0,0,1,1,0,2,2,6,1,0
txn_c3846df8bf48,4.42,0.4912,17,0,100.0,100.0,0.0,1.0,1.0,21.0,0.0,69.0,4.3239,0.0222,0.06,1440.0,358.0,0.2993,340.17,44.0,0.1286,0.0493,0.938,0.0,0.0,0.0,1,credential_based_fraud,card_testing,cred_card_testing_001,scn_7507b158f4f8,overt_fraud,4,0,1,1,1,3,3,0,1,1
txn_38249a180721,2.44,0.4811,17,0,101.0,101.0,75.0,2.0,1.0,22.0,16.0,70.0,4.3249,0.4358,0.86,0.92,358.0,0.2993,340.17,44.0,0.1286,0.0493,0.938,0.5487,152.0,0.0,1,credential_based_fraud,card_testing,cred_card_testing_001,scn_7507b158f4f8,overt_fraud,2,0,1,1,1,5,5,0,2,2
txn_ead7e19c89a0,5.05,0.5212,17,0,102.0,102.0,76.0,0.0,1.0,23.0,17.0,71.0,4.3064,0.1727,0.99,0.99,358.0,0.2993,340.17,44.0,0.1286,0.0493,0.938,0.5487,152.0,0.0,1,credential_based_fraud,card_testing,cred_card_testing_001,scn_7507b158f4f8,overt_fraud,2,0,1,1,0,4,4,5,1,0
txn_46a52dcf89b4,1.11,0.4608,17,0,103.0,103.0,77.0,1.0,1.0,22.0,17.0,71.0,4.3136,0.7427,5.81,5.81,358.0,0.2993,340.17,44.0,0.1286,0.0493,0.938,0.5487,152.0,0.0,1,credential_based_fraud,card_testing,cred_card_testing_001,scn_7507b158f4f8,overt_fraud,2,0,1,1,1,0,0,2,2,2
txn_9057df39d0f9,4.89,0.2923,17,0,104.0,104.0,0.0,2.0,1.0,22.0,0.0,72.0,4.2828,0.1418,5.45,1440.0,358.0,0.2993,340.17,44.0,0.1286,0.0493,0.938,0.0,0.0,0.0,1,credential_based_fraud,card_testing,cred_card_testing_001,scn_7507b158f4f8,overt_fraud,4,0,1,1,1,0,0,5,2,1
txn_17619f6d58d2,7.37,0.4869,17,0,105.0,105.0,78.0,0.0,1.0,20.0,15.0,73.0,4.2886,0.7185,1.87,7.32,358.0,0.2993,340.17,44.0,0.1286,0.0493,0.938,0.5487,152.0,0.0,1,credential_based_fraud,card_testing,cred_card_testing_001,scn_7507b158f4f8,overt_fraud,0,0,1,1,0,2,2,5,2,0
txn_20dc82160dbc,3.23,0.2043,17,0,106.0,106.0,79.0,1.0,1.0,20.0,15.0,73.0,4.3176,0.2519,1.04,1.04,358.0,0.2993,340.17,44.0,0.1286,0.0493,0.938,0.5487,152.0,0.0,1,credential_based_fraud,card_testing,cred_card_testing_001,scn_7507b158f4f8,overt_fraud,3,0,1,1,1,0,0,0,1,1
txn_af88398fa478,7.47,0.6225,17,1,107.0,107.0,80.0,2.0,1.0,19.0,14.0,74.0,4.3075,0.7342,3.98,3.98,358.0,0.2993,340.17,44.0,0.1286,0.0493,0.938,0.5487,152.0,0.0,1,credential_based_fraud,card_testing,cred_card_testing_001,scn_7507b158f4f8,overt_fraud,4,0,1,1,1,0,5,4,2,1
txn_9ec156af6856,0.7,0.3061,17,0,108.0,108.0,0.0,0.0,1.0,20.0,0.0,75.0,4.3368,0.8386,0.88,1440.0,358.0,0.2993,340.17,44.0,0.1286,0.0493,0.938,0.0,0.0,0.0,1,credential_based_fraud,card_testing,cred_card_testing_001,scn_7507b158f4f8,overt_fraud,2,0,1,1,0,4,4,1,1,0
txn_161c110821de,4.13,0.5002,17,0,109.0,109.0,81.0,1.0,1.0,20.0,15.0,75.0,4.3034,0.0403,3.02,3.9,358.0,0.2993,340.17,44.0,0.1286,0.0493,0.938,0.5487,152.0,0.0,1,credential_based_fraud,card_testing,cred_card_testing_001,scn_7507b158f4f8,overt_fraud,3,0,1,1,1,5,5,4,1,1
txn_ae066054a1c3,7.47,0.4646,17,0,110.0,110.0,82.0,2.0,1.0,21.0,16.0,76.0,4.3018,0.7365,0.63,0.63,358.0,0.2993,340.17,44.0,0.1286,0.0493,0.938,0.5487,152.0,0.0,1,credential_based_fraud,card_testing,cred_card_testing_001,scn_7507b158f4f8,overt_fraud,1,0,1,1,1,0,0,0,2,1
txn_8030ea30f841,4.87,0.5577,18,0,111.0,111.0,83.0,0.0,1.0,16.0,12.0,77.0,4.3304,0.1246,18.02,18.02,358.0,0.2993,340.17,44.0,0.1286,0.0493,0.938,0.5487,152.0,0.0,1,credential_based_fraud,card_testing,cred_card_testing_001,scn_7507b158f4f8,overt_fraud,2,0,1,1,0,3,3,4,1,0
txn_6a4725fc49e9,2.06,0.3928,18,0,112.0,112.0,0.0,1.0,1.0,16.0,0.0,77.0,4.3352,0.5248,8.33,1440.0,358.0,0.2993,340.17,44.0,0.1286,0.0493,0.938,0.0,0.0,0.0,1,credential_based_fraud,card_testing,cred_card_testing_001,scn_7507b158f4f8,overt_fraud,0,0,1,1,1,0,0,1,1,2
txn_1c7bd1eed9a6,3.29,0.2386,18,0,113.0,113.0,84.0,2.0,1.0,15.0,11.0,78.0,4.315,0.2376,7.02,15.35,358.0,0.2993,340.17,44.0,0.1286,0.0493,0.938,0.5487,152.0,0.0,1,credential_based_fraud,card_testing,cred_card_testing_001,scn_7507b158f4f8,overt_fraud,1,0,1,1,1,5,5,2,1,2
txn_eef23a46dba8,5.49,0.4786,18,0,114.0,114.0,85.0,0.0,1.0,15.0,11.0,79.0,4.3061,0.2749,1.85,1.85,358.0,0.2993,340.17,44.0,0.1286,0.0493,0.938,0.5487,152.0,0.0,1,credential_based_fraud,card_testing,cred_card_testing_001,scn_7507b158f4f8,overt_fraud,3,0,1,1,0,0,0,0,2,0
txn_7857eb8d8c0c,1.5,0.6344,18,0,115.0,115.0,86.0,1.0,1.0,12.0,9.0,79.0,4.3163,0.6525,5.14,5.14,358.0,0.2993,340.17,44.0,0.1286,0.0493,0.938,0.5487,152.0,0.0,1,credential_based_fraud,card_testing,cred_card_testing_001,scn_7507b158f4f8,overt_fraud,0,0,1,1,1,2,2,3,2,1
txn_de8b88c4d1bc,0.57,0.3063,18,0,116.0,116.0,0.0,2.0,1.0,13.0,0.0,80.0,4.2921,0.8672,0.87,1440.0,358.0,0.2993,340.17,44.0,0.1286,0.0493,0.938,0.0,0.0,0.0,1,credential_based_fraud,card_testing,cred_card_testing_001,scn_7507b158f4f8,overt_fraud,2,0,1,1,1,5,5,4,1,2
txn_df7659784995,5.89,0.3281,18,0,117.0,117.0,87.0,0.0,1.0,14.0,10.0,81.0,4.2603,0.3825,1.87,2.74,358.0,0.2993,340.17,44.0,0.1286,0.0493,0.938,0.5487,152.0,0.0,1,credential_based_fraud,card_testing,cred_card_testing_001,scn_7507b158f4f8,overt_fraud,4,0,1,1,0,4,4,5,2,0
txn_6eb47f7f764e,1.5,0.6024,18,1,118.0,118.0,88.0,1.0,1.0,14.0,10.0,81.0,4.2741,0.649,0.8,0.8,358.0,0.2993,340.17,44.0,0.1286,0.0493,0.938,0.5487,152.0,0.0,1,credential_based_fraud,card_testing,cred_card_testing_001,scn_7507b158f4f8,overt_fraud,2,0,1,1,1,1,3,6,1,2
txn_babdd35e27fb,2.39,0.4493,18,0,119.0,119.0,89.0,2.0,1.0,13.0,10.0,82.0,4.2508,0.4377,6.72,6.72,358.0,0.2993,340.17,44.0,0.1286,0.0493,0.938,0.5487,152.0,0.0,1,credential_based_fraud,card_testing,cred_card_testing_001,scn_7507b158f4f8,overt_fraud,2,0,1,1,1,2,2,4,2,1
txn_55f509728020,4.17,0.3395,18,0,120.0,120.0,0.0,0.0,1.0,13.0,0.0,83.0,4.2353,0.0154,2.68,1440.0,358.0,0.2993,340.17,44.0,0.1286,0.0493,0.938,0.0,0.0,0.0,1,credential_based_fraud,card_testing,cred_card_testing_001,scn_7507b158f4f8,overt_fraud,0,0,1,1,0,0,0,3,2,0
txn_64007c023595,4.39,0.366,19,0,121.0,121.0,90.0,1.0,1.0,10.0,7.0,83.0,4.2347,0.0367,13.7,16.38,358.0,0.2993,340.17,44.0,0.1286,0.0493,0.938,0.5487,152.0,0.0,1,credential_based_fraud,card_testing,cred_card_testing_001,scn_7507b158f4f8,overt_fraud,2,0,1,1,1,3,3,5,1,2
txn_406146770960,4.49,0.4635,19,0,122.0,122.0,91.0,2.0,1.0,11.0,8.0,84.0,4.236,0.06,10.05,10.05,358.0,0.2993,340.17,44.0,0.1286,0.0493,0.938,0.5487,152.0,0.0,1,credential_based_fraud,card_testing,cred_card_testing_001,scn_7507b158f4f8,overt_fraud,3,0,1,1,1,5,5,4,1,1
txn_2c58bae916aa,1.88,0.5599,19,0,123.0,123.0,92.0,0.0,1.0,11.0,8.0,85.0,4.238,0.5564,1.11,1.11,358.0,0.2993,340.17,44.0,0.1286,0.0493,0.938,0.5487,152.0,0.0,1,credential_based_fraud,card_testing,cred_card_testing_001,scn_7507b158f4f8,overt_fraud,0,0,1,1,0,1,1,3,1,0
txn_45160829b918,2.02,0.3202,19,0,124.0,124.0,0.0,1.0,1.0,12.0,0.0,85.0,4.219,0.5212,0.67,1440.0,358.0,0.2993,340.17,44.0,0.1286,0.0493,0.938,0.0,0.0,0.0,1,credential_based_fraud,card_testing,cred_card_testing_001,scn_7507b158f4f8,overt_fraud,0,0,1,1,1,4,4,3,1,1
txn_4fab18e6a5ca,5.3,0.4199,19,0,125.0,125.0,93.0,2.0,1.0,13.0,9.0,86.0,4.2014,0.2615,1.82,2.49,358.0,0.2993,340.17,44.0,0.1286,0.0493,0.938,0.5487,152.0,0.0,1,credential_based_fraud,card_testing,cred_card_testing_001,scn_7507b158f4f8,overt_fraud,0,0,1,1,1,2,2,0,1,1
txn_c4431f55f5c5,6.98,0.3877,19,0,126.0,126.0,94.0,0.0,1.0,14.0,10.0,87.0,4.2102,0.6579,0.9,0.9,358.0,0.2993,340.17,44.0,0.1286,0.0493,0.938,0.5487,152.0,0.0,1,credential_based_fraud,card_testing,cred_card_testing_001,scn_7507b158f4f8,overt_fraud,3,0,1,1,1,0,0,1,1,1
txn_ab10b59a901e,1.79,0.08,19,0,127.0,127.0,95.0,1.0,1.0,15.0,11.0,88.0,4.232,0.577,1.28,1.28,358.0,0.2993,340.17,44.0,0.1286,0.0493,0.938,0.5487,152.0,0.0,1,credential_based_fraud,card_testing,cred_card_testing_001,scn_7507b158f4f8,overt_fraud,0,0,1,1,1,1,1,2,2,1
txn_4f997e37088b,2.47,0.5514,19,0,128.0,128.0,0.0,2.0,1.0,16.0,0.0,89.0,4.2129,0.4137,1.75,1440.0,358.0,0.2993,340.17,44.0,0.1286,0.0493,0.938,0.0,0.0,0.0,1,credential_based_fraud,card_testing,cred_card_testing_001,scn_7507b158f4f8,overt_fraud,3,0,1,1,1,5,5,4,1,1
txn_e39143bec0e4,4.38,0.3954,19,0,129.0,129.0,96.0,0.0,1.0,15.0,11.0,90.0,4.1994,0.043,9.91,11.66,358.0,0.2993,340.17,44.0,0.1286,0.0493,0.938,0.5487,152.0,0.0,1,credential_based_fraud,card_testing,cred_card_testing_001,scn_7507b158f4f8,overt_fraud,4,0,1,1,0,0,0,1,1,0
txn_c75fd0344dc8,0.74,0.6927,19,0,130.0,130.0,97.0,1.0,1.0,13.0,10.0,90.0,4.2008,0.8238,8.13,8.13,358.0,0.2993,340.17,44.0,0.1286,0.0493,0.938,0.5487,152.0,0.0,1,credential_based_fraud,card_testing,cred_card_testing_001,scn_7507b158f4f8,overt_fraud,4,0,1,1,1,3,3,4,1,1
txn_7bdbc665b197,2.87,0.4234,19,0,131.0,131.0,98.0,2.0,1.0,12.0,9.0,91.0,4.1744,0.3125,1.56,1.56,358.0,0.2993,340.17,44.0,0.1286,0.0493,0.938,0.5487,152.0,0.0,1,credential_based_fraud,card_testing,cred_card_testing_001,scn_7507b158f4f8,overt_fraud,3,0,1,1,1,4,4,6,1,2
txn_58df41f64d71,6.17,0.3899,19,1,132.0,132.0,0.0,0.0,1.0,13.0,0.0,92.0,4.1645,0.4816,0.21,1440.0,358.0,0.2993,340.17,44.0,0.1286,0.0493,0.938,0.0,0.0,0.0,1,credential_based_fraud,card_testing,cred_card_testing_001,scn_7507b158f4f8,overt_fraud,2,0,1,1,0,3,4,6,1,0
txn_7dcc157d3ecf,1.79,0.3337,19,0,133.0,133.0,99.0,1.0,1.0,13.0,9.0,92.0,4.1795,0.5717,7.35,7.56,358.0,0.2993,340.17,44.0,0.1286,0.0493,0.938,0.5487,152.0,0.0,1,credential_based_fraud,card_testing,cred_card_testing_001,scn_7507b158f4f8,overt_fraud,0,0,1,1,1,3,3,5,1,1
txn_499f0cc7e4c7,7.07,0.3676,19,0,134.0,134.0,100.0,2.0,1.0,13.0,10.0,93.0,4.1617,0.6988,3.16,3.16,358.0,0.2993,340.17,44.0,0.1286,0.0493,0.938,0.5487,152.0,0.0,1,credential_based_fraud,card_testing,cred_card_testing_001,scn_7507b158f4f8,overt_fraud,2,0,1,1,1,5,5,6,1,1
txn_b5fa5826bc35,1.83,0.4781,19,1,135.0,135.0,101.0,0.0,1.0,14.0,11.0,94.0,4.1833,0.5625,0.31,0.31,358.0,0.2993,340.17,44.0,0.1286,0.0493,0.938,0.5487,152.0,0.0,1,credential_based_fraud,card_testing,cred_card_testing_001,scn_7507b158f4f8,overt_fraud,1,0,1,1,0,1,2,1,2,0
txn_848b25cb794c,3.27,0.5277,19,0,136.0,136.0,0.0,1.0,1.0,15.0,0.0,94.0,4.166,0.2151,4.65,1440.0,358.0,0.2993,340.17,44.0,0.1286,0.0493,0.938,0.0,0.0,0.0,1,credential_based_fraud,card_testing,cred_card_testing_001,scn_7507b158f4f8,overt_fraud,1,0,1,1,1,1,1,0,1,1
txn_727797354270,7.64,0.5614,20,0,137.0,137.0,102.0,2.0,1.0,16.0,12.0,95.0,4.1594,0.8368,2.97,7.62,358.0,0.2993,340.17,44.0,0.1286,0.0493,0.938,0.5487,152.0,0.0,1,credential_based_fraud,card_testing,cred_card_testing_001,scn_7507b158f4f8,overt_fraud,3,0,1,1,1,1,1,4,1,2
txn_3ad9dfe996f0,6.1,0.6054,20,0,138.0,138.0,103.0,0.0,1.0,17.0,13.0,96.0,4.1846,0.4577,0.6,0.6,358.0,0.2993,340.17,44.0,0.1286,0.0493,0.938,0.5487,152.0,0.0,1,credential_based_fraud,card_testing,cred_card_testing_001,scn_7507b158f4f8,overt_fraud,1,0,1,1,0,2,2,5,1,0
txn_e30f64daf0ea,2.45,0.359,20,0,139.0,139.0,104.0,1.0,1.0,18.0,14.0,96.0,4.1984,0.4164,0.77,0.77,358.0,0.2993,340.17,44.0,0.1286,0.0493,0.938,0.5487,152.0,0.0,1,credential_based_fraud,card_testing,cred_card_testing_001,scn_7507b158f4f8,overt_fraud,2,0,1,1,1,3,3,2,2,1
txn_523730146ed6,6.38,0.4395,20,1,140.0,140.0,0.0,2.0,1.0,19.0,0.0,97.0,4.1859,0.5242,0.79,1440.0,358.0,0.2993,340.17,44.0,0.1286,0.0493,0.938,0.0,0.0,0.0,1,credential_based_fraud,card_testing,cred_card_testing_001,scn_7507b158f4f8,overt_fraud,4,0,1,1,1,5,2,5,1,2
txn_f2aaac63f63c,7.16,0.2502,20,0,141.0,141.0,105.0,0.0,1.0,19.0,14.0,98.0,4.2015,0.7042,3.9,4.69,358.0,0.2993,340.17,44.0,0.1286,0.0493,0.938,0.5487,152.0,0.0,1,credential_based_fraud,card_testing,cred_card_testing_001,scn_7507b158f4f8,overt_fraud,3,0,1,1,0,5,5,4,1,0
txn_e8c01d8ac5ad,2.22,0.2276,20,0,142.0,142.0,106.0,1.0,1.0,20.0,15.0,98.0,4.2223,0.4742,1.68,1.68,358.0,0.2993,340.17,44.0,0.1286,0.0493,0.938,0.5487,152.0,0.0,1,credential_based_fraud,card_testing,cred_card_testing_001,scn_7507b158f4f8,overt_fraud,0,0,1,1,1,0,0,2,1,1
txn_9bfb10aa005c,2.23,0.5491,20,0,143.0,143.0,107.0,2.0,1.0,21.0,16.0,99.0,4.2083,0.4701,1.92,1.92,358.0,0.2993,340.17,44.0,0.1286,0.0493,0.938,0.5487,152.0,0.0,1,credential_based_fraud,card_testing,cred_card_testing_001,scn_7507b158f4f8,overt_fraud,0,0,1,1,1,3,3,6,2,2
txn_7b9ee6830914,2.71,0.4811,20,0,144.0,144.0,0.0,0.0,1.0,22.0,0.0,100.0,4.1946,0.3539,1.17,1440.0,358.0,0.2993,340.17,44.0,0.1286,0.0493,0.938,0.0,0.0,0.0,1,credential_based_fraud,card_testing,cred_card_testing_001,scn_7507b158f4f8,overt_fraud,4,0,1,1,0,2,2,4,1,0
txn_cda1910d1222,7.47,0.5278,20,0,145.0,145.0,108.0,1.0,1.0,23.0,17.0,100.0,4.1843,0.7852,1.79,2.96,358.0,0.2993,340.17,44.0,0.1286,0.0493,0.938,0.5487,152.0,0.0,1,credential_based_fraud,card_testing,cred_card_testing_001,scn_7507b158f4f8,overt_fraud,0,0,1,1,1,3,3,1,2,2
txn_1c1e7ec034ef,7.06,0.1526,20,0,146.0,146.0,109.0,2.0,1.0,19.0,14.0,101.0,4.2068,0.6782,6.81,6.81,358.0,0.2993,340.17,44.0,0.1286,0.0493,0.938,0.5487,152.0,0.0,1,credential_based_fraud,card_testing,cred_card_testing_001,scn_7507b158f4f8,overt_fraud,4,0,1,1,1,4,4,4,2,1
txn_074f2b000f5c,15.43,0.4741,12,0,0.0,0.0,0.0,0.0,0.0,0.0,0.0,0.0,0.0,0.0,1440.0,1440.0,322.0,0.2735,225.77,301.0,0.0382,0.045,0.739,0.0,0.0,0.0,1,credential_based_fraud,card_not_present,cred_cnp_001,scn_a17e068ebe1d,overt_fraud,2,4,1,1,0,4,4,5,1,0
txn_96ebfe00a437,20.86,0.2854,12,1,1.0,1.0,0.0,1.0,0.0,1.0,0.0,0.0,15.43,0.3519,3.29,1440.0,322.0,0.2735,225.77,301.0,0.0382,0.045,0.739,0.7624,47.0,4.0,1,credential_based_fraud,card_not_present,cred_cnp_001,scn_a17e068ebe1d,overt_fraud,2,4,1,1,0,0,4,1,1,0
txn_5b630bbadbc1,38.13,0.4291,12,1,2.0,2.0,1.0,2.0,0.0,2.0,1.0,0.0,18.145,1.1014,0.18,0.18,322.0,0.2735,225.77,301.0,0.0382,0.045,0.739,0.7624,47.0,4.0,1,credential_based_fraud,card_not_present,cred_cnp_001,scn_a17e068ebe1d,overt_fraud,2,4,1,1,0,1,3,6,2,0
txn_34f59ea3f1b3,41.66,0.3455,12,1,3.0,3.0,2.0,0.0,1.0,3.0,2.0,0.0,24.8067,0.6794,2.41,2.41,322.0,0.2735,225.77,301.0,0.0382,0.045,0.739,0.7624,47.0,4.0,1,credential_based_fraud,card_not_present,cred_cnp_001,scn_a17e068ebe1d,overt_fraud,2,4,1,1,0,3,0,5,2,0
txn_c46a94c5caaf,93.69,0.6913,12,0,4.0,4.0,0.0,1.0,1.0,4.0,0.0,0.0,29.02,2.2285,0.18,1440.0,322.0,0.2735,225.77,301.0,0.0382,0.045,0.739,0.0,0.0,0.0,1,credential_based_fraud,card_not_present,cred_cnp_001,scn_a17e068ebe1d,overt_fraud,4,4,1,1,0,1,1,4,2,0
txn_ae7e1582c24e,30.25,0.3269,12,0,5.0,5.0,3.0,2.0,1.0,5.0,3.0,0.0,41.954,0.279,1.57,1.75,322.0,0.2735,225.77,301.0,0.0382,0.045,0.739,0.7624,47.0,4.0,1,credential_based_fraud,card_not_present,cred_cnp_001,scn_a17e068ebe1d,overt_fraud,4,4,1,1,0,1,1,0,1,0
txn_5940538ffdde,30.09,0.7534,12,0,6.0,6.0,4.0,0.0,2.0,6.0,4.0,0.0,40.0033,0.2478,11.83,11.83,322.0,0.2735,225.77,301.0,0.0382,0.045,0.739,0.7624,47.0,4.0,1,credential_based_fraud,card_not_present,cred_cnp_001,scn_a17e068ebe1d,overt_fraud,3,4,1,1,0,3,3,3,2,0
txn_c07f2b2e74ee,52.96,0.5261,12,0,7.0,7.0,5.0,1.0,3.0,7.0,5.0,0.0,38.5871,0.3725,0.44,0.44,322.0,0.2735,225.77,301.0,0.0382,0.045,0.739,0.7624,47.0,4.0,1,credential_based_fraud,card_not_present,cred_cnp_001,scn_a17e068ebe1d,overt_fraud,3,4,1,1,0,1,1,4,2,0
txn_025ed4d54cc9,12.76,0.773,12,1,8.0,8.0,0.0,2.0,3.0,8.0,0.0,0.0,40.3837,0.684,3.92,1440.0,322.0,0.2735,225.77,301.0,0.0382,0.045,0.739,0.0,0.0,0.0,1,credential_based_fraud,card_not_present,cred_cnp_001,scn_a17e068ebe1d,overt_fraud,0,4,1,1,1,5,0,3,1,1
txn_7fbb29c11984,61.52,0.4808,12,0,9.0,9.0,6.0,0.0,2.0,9.0,6.0,1.0,37.3144,0.6487,1.59,5.51,322.0,0.2735,225.77,301.0,0.0382,0.045,0.739,0.7624,47.0,4.0,1,credential_based_fraud,card_not_present,cred_cnp_001,scn_a17e068ebe1d,overt_fraud,3,4,1,1,0,4,4,5,2,0
txn_1f52936039e8,24.91,0.638,12,0,10.0,10.0,7.0,1.0,2.0,10.0,7.0,1.0,39.735,0.3731,3.67,3.67,322.0,0.2735,225.77,301.0,0.0382,0.045,0.739,0.7624,47.0,4.0,1,credential_based_fraud,card_not_present,cred_cnp_001,scn_a17e068ebe1d,overt_fraud,1,4,1,1,0,0,0,2,1,0
txn_717040cbb916,31.39,0.66,12,0,11.0,11.0,8.0,2.0,2.0,11.0,8.0,1.0,38.3873,0.1823,0.56,0.56,322.0,0.2735,225.77,301.0,0.0382,0.045,0.739,0.7624,47.0,4.0,1,credential_based_fraud,card_not_present,cred_cnp_001,scn_a17e068ebe1d,overt_fraud,3,4,1,1,0,3,3,5,1,0
txn_2f46309c9cd7,34.78,0.5101,12,0,12.0,12.0,0.0,0.0,1.0,12.0,0.0,1.0,37.8042,0.08,2.12,1440.0,322.0,0.2735,225.77,301.0,0.0382,0.045,0.739,0.0,0.0,0.0,1,credential_based_fraud,card_not_present,cred_cnp_001,scn_a17e068ebe1d,overt_fraud,4,4,1,1,0,4,4,4,2,0
txn_8d0c95691b30,22.99,0.6541,12,0,13.0,13.0,9.0,1.0,1.0,13.0,9.0,1.0,37.5715,0.3881,0.06,2.18,322.0,0.2735,225.77,301.0,0.0382,0.045,0.739,0.7624,47.0,4.0,1,credential_based_fraud,card_not_present,cred_cnp_001,scn_a17e068ebe1d,overt_fraud,0,4,1,1,0,4,4,4,2,0
txn_ccae54eddbca,49.66,0.6061,13,0,14.0,14.0,10.0,2.0,1.0,14.0,10.0,1.0,36.53,0.3594,5.03,5.03,322.0,0.2735,225.77,301.0,0.0382,0.045,0.739,0.7624,47.0,4.0,1,credential_based_fraud,card_not_present,cred_cnp_001,scn_a17e068ebe1d,overt_fraud,0,4,1,1,0,4,4,6,2,0
txn_4a743c7ce40f,83.49,0.6759,13,0,15.0,15.0,11.0,0.0,2.0,15.0,11.0,1.0,37.4053,1.232,1.52,1.52,322.0,0.2735,225.77,301.0,0.0382,0.045,0.739,0.7624,47.0,4.0,1,credential_based_fraud,card_not_present,cred_cnp_001,scn_a17e068ebe1d,overt_fraud,2,4,1,1,0,1,1,5,1,0
txn_1ae3f6a59863,37.61,0.6483,13,0,16.0,16.0,0.0,1.0,2.0,16.0,0.0,1.0,40.2856,0.0664,4.94,1440.0,322.0,0.2735,225.77,301.0,0.0382,0.045,0.739,0.0,0.0,0.0,1,credential_based_fraud,card_not_present,cred_cnp_001,scn_a17e068ebe1d,overt_fraud,2,4,1,1,0,0,0,0,2,0
txn_8b6e655ca3ea,53.76,0.8522,13,1,17.0,17.0,12.0,2.0,3.0,17.0,12.0,1.0,40.1282,0.3397,4.95,9.89,322.0,0.2735,225.77,301.0,0.0382,0.045,0.739,0.7624,47.0,4.0,1,credential_based_fraud,card_not_present,cred_cnp_001,scn_a17e068ebe1d,overt_fraud,1,4,1,1,0,1,5,4,1,0
txn_7c454924427f,8.94,0.776,13,0,18.0,18.0,13.0,0.0,1.0,18.0,13.0,1.0,40.8856,0.7813,1.76,1.76,322.0,0.2735,225.77,301.0,0.0382,0.045,0.739,0.7624,47.0,4.0,1,credential_based_fraud,card_not_present,cred_cnp_001,scn_a17e068ebe1d,overt_fraud,4,4,1,1,0,0,0,4,1,0
txn_41ab4bea3906,59.84,0.3565,13,0,19.0,19.0,14.0,1.0,2.0,19.0,14.0,1.0,39.2042,0.5264,5.64,5.64,322.0,0.2735,225.77,301.0,0.0382,0.045,0.739,0.7624,47.0,4.0,1,credential_based_fraud,card_not_present,cred_cnp_001,scn_a17e068ebe1d,overt_fraud,1,4,1,1,0,5,5,1,1,0
txn_33010e513afb,32.4,0.5882,13,0,20.0,20.0,0.0,2.0,1.0,20.0,0.0,1.0,40.236,0.1948,2.87,1440.0,322.0,0.2735,225.77,301.0,0.0382,0.045,0.739,0.0,0.0,0.0,1,credential_based_fraud,card_not_present,cred_cnp_001,scn_a17e068ebe1d,overt_fraud,3,4,1,1,0,4,4,0,2,0
txn_ddabf4c29313,39.9,0.5591,13,0,21.0,21.0,15.0,0.0,1.0,15.0,11.0,1.0,39.8629,0.0009,11.45,14.32,322.0,0.2735,225.77,301.0,0.0382,0.045,0.739,0.7624,47.0,4.0,1,credential_based_fraud,card_not_present,cred_cnp_001,scn_a17e068ebe1d,overt_fraud,0,4,1,1,0,0,0,1,1,0
txn_6ab86397b05c,92.87,0.6672,13,1,22.0,22.0,16.0,1.0,2.0,16.0,12.0,1.0,39.8645,1.3296,4.07,4.07,322.0,0.2735,225.77,301.0,0.0382,0.045,0.739,0.7624,47.0,4.0,1,credential_based_fraud,card_not_present,cred_cnp_001,scn_a17e068ebe1d,overt_fraud,3,4,1,1,0,3,5,0,2,0
txn_ca9f65f7caca,108.55,0.6086,13,0,23.0,23.0,17.0,2.0,2.0,17.0,13.0,1.0,42.1691,1.5742,0.81,0.81,322.0,0.2735,225.77,301.0,0.0382,0.045,0.739,0.7624,47.0,4.0,1,credential_based_fraud,card_not_present,cred_cnp_001,scn_a17e068ebe1d,overt_fraud,2,4,1,1,0,1,1,6,2,0
txn_ff33649029d9,73.83,0.5159,13,0,24.0,24.0,0.0,0.0,2.0,16.0,0.0,1.0,44.935,0.643,8.39,1440.0,322.0,0.2735,225.77,301.0,0.0382,0.045,0.739,0.0,0.0,0.0,1,credential_based_fraud,card_not_present,cred_cnp_001,scn_a17e068ebe1d,overt_fraud,3,4,1,1,0,3,3,3,2,0
txn_79af5d3ac691,42.13,0.3789,13,1,25.0,25.0,18.0,1.0,1.0,15.0,11.0,1.0,46.0908,0.0859,3.27,11.66,322.0,0.2735,225.77,301.0,0.0382,0.045,0.739,0.7624,47.0,4.0,1,credential_based_fraud,card_not_present,cred_cnp_001,scn_a17e068ebe1d,overt_fraud,1,4,1,1,0,2,4,6,1,0
txn_9a902d99df6a,34.56,0.3153,13,0,26.0,26.0,19.0,2.0,2.0,14.0,10.0,1.0,45.9385,0.2477,4.69,4.69,322.0,0.2735,225.77,301.0,0.0382,0.045,0.739,0.7624,47.0,4.0,1,credential_based_fraud,card_not_present,cred_cnp_001,scn_a17e068ebe1d,overt_fraud,0,4,1,1,1,1,1,3,1,1
txn_0d08a886daab,152.98,0.3714,13,0,27.0,27.0,20.0,0.0,2.0,14.0,11.0,2.0,45.517,2.3609,0.56,0.56,322.0,0.2735,225.77,301.0,0.0382,0.045,0.739,0.7624,47.0,4.0,1,credential_based_fraud,card_not_present,cred_cnp_001,scn_a17e068ebe1d,overt_fraud,3,4,1,1,0,4,4,5,2,0
txn_cb6b70bd7377,52.36,0.7435,13,0,28.0,28.0,0.0,1.0,2.0,14.0,0.0,2.0,49.355,0.0609,0.93,1440.0,322.0,0.2735,225.77,301.0,0.0382,0.045,0.739,0.0,0.0,0.0,1,credential_based_fraud,card_not_present,cred_cnp_001,scn_a17e068ebe1d,overt_fraud,4,4,1,1,0,1,1,4,1,0
txn_4331aae1b2be,45.06,0.6988,14,0,29.0,29.0,21.0,2.0,2.0,14.0,10.0,2.0,49.4586,0.0889,4.85,5.78,322.0,0.2735,225.77,301.0,0.0382,0.045,0.739,0.7624,47.0,4.0,1,credential_based_fraud,card_not_present,cred_cnp_001,scn_a17e068ebe1d,overt_fraud,1,4,1,1,0,1,1,3,1,0
txn_f0aef870d105,17.64,0.4684,14,0,30.0,30.0,22.0,0.0,2.0,14.0,10.0,2.0,49.312,0.6423,1.09,1.09,322.0,0.2735,225.77,301.0,0.0382,0.045,0.739,0.7624,47.0,4.0,1,credential_based_fraud,card_not_present,cred_cnp_001,scn_a17e068ebe1d,overt_fraud,0,4,1,1,0,0,0,1,2,0
txn_fc36ce3c7172,26.68,0.6102,14,0,31.0,31.0,23.0,1.0,2.0,15.0,11.0,2.0,48.2903,0.4475,3.65,3.65,322.0,0.2735,225.77,301.0,0.0382,0.045,0.739,0.7624,47.0,4.0,1,credential_based_fraud,card_not_present,cred_cnp_001,scn_a17e068ebe1d,overt_fraud,3,4,1,1,0,0,0,2,2,0
txn_216963b70674,61.83,0.6154,14,0,32.0,32.0,0.0,2.0,2.0,13.0,0.0,2.0,47.615,0.2985,9.14,1440.0,322.0,0.2735,225.77,301.0,0.0382,0.045,0.739,0.0,0.0,0.0,1,credential_based_fraud,card_not_present,cred_cnp_001,scn_a17e068ebe1d,overt_fraud,1,4,1,1,0,4,4,0,1,0
txn_05ddf8fecae1,17.96,0.1421,14,0,0.0,0.0,0.0,0.0,2.0,0.0,0.0,0.0,0.0,0.0,1440.0,1440.0,845.0,0.2021,305.85,400.0,0.1206,0.0709,0.3686,0.0,0.0,0.0,1,credential_based_fraud,consumer_account_takeover,cred_consumer_ato_001,scn_bc38b11a3ffa,overt_fraud,4,8,4,1,0,5,5,1,3,0
txn_de5eb2a612fc,191.03,0.3781,16,0,1.0,1.0,0.0,1.0,3.0,0.0,0.0,0.0,17.96,9.6364,126.49,1440.0,845.0,0.2021,305.85,400.0,0.1206,0.0709,0.3686,0.3536,208.0,1.0,1,credential_based_fraud,consumer_account_takeover,cred_consumer_ato_001,scn_bc38b11a3ffa,overt_fraud,1,8,4,1,0,3,3,4,3,0
txn_d507795be7a4,70.94,0.2094,17,0,2.0,2.0,1.0,2.0,5.0,0.0,0.0,0.0,104.495,0.3211,93.59,93.59,845.0,0.2021,305.85,400.0,0.1206,0.0709,0.3686,0.3536,208.0,1.0,1,credential_based_fraud,consumer_account_takeover,cred_consumer_ato_001,scn_bc38b11a3ffa,overt_fraud,3,8,4,1,0,2,2,3,3,0
txn_ec942d000a15,90.72,0.08,18,0,3.0,3.0,2.0,0.0,6.0,1.0,1.0,0.0,93.31,0.0278,31.03,31.03,845.0,0.2021,305.85,400.0,0.1206,0.0709,0.3686,0.3536,208.0,1.0,1,credential_based_fraud,consumer_account_takeover,cred_consumer_ato_001,scn_bc38b11a3ffa,overt_fraud,3,8,4,1,0,1,1,2,3,0
txn_8917a20ca1c9,30.54,0.41,19,0,4.0,4.0,0.0,1.0,7.0,1.0,0.0,0.0,92.6625,0.6704,37.54,1440.0,845.0,0.2021,305.85,400.0,0.1206,0.0709,0.3686,0.0,0.0,0.0,1,credential_based_fraud,consumer_account_takeover,cred_consumer_ato_001,scn_bc38b11a3ffa,overt_fraud,0,8,4,1,0,2,2,4,3,0
txn_38ccdae815d7,244.14,0.08,20,0,5.0,5.0,3.0,2.0,8.0,0.0,0.0,0.0,80.238,2.0427,95.88,133.42,845.0,0.2021,305.85,400.0,0.1206,0.0709,0.3686,0.3536,208.0,1.0,1,credential_based_fraud,consumer_account_takeover,cred_consumer_ato_001,scn_bc38b11a3ffa,overt_fraud,1,8,4,1,0,3,3,2,3,0
txn_dd5f3a2cf211,3.32,0.3623,21,0,6.0,6.0,4.0,0.0,9.0,1.0,1.0,0.0,107.555,0.9691,44.46,44.46,845.0,0.2021,305.85,400.0,0.1206,0.0709,0.3686,0.3536,208.0,1.0,1,credential_based_fraud,consumer_account_takeover,cred_consumer_ato_001,scn_bc38b11a3ffa,overt_fraud,0,8,4,1,0,0,0,6,3,0
txn_67cc50baf819,13.61,0.1639,23,0,7.0,7.0,5.0,1.0,10.0,0.0,0.0,0.0,92.6643,0.8531,128.09,128.09,845.0,0.2021,305.85,400.0,0.1206,0.0709,0.3686,0.3536,208.0,1.0,1,credential_based_fraud,consumer_account_takeover,cred_consumer_ato_001,scn_bc38b11a3ffa,overt_fraud,0,8,4,1,0,4,4,2,3,0
txn_0ba1c08178d9,26.04,0.4707,0,1,8.0,8.0,0.0,2.0,11.0,1.0,0.0,0.0,82.7825,0.6854,25.51,1440.0,845.0,0.2021,305.85,400.0,0.1206,0.0709,0.3686,0.0,0.0,0.0,1,credential_based_fraud,consumer_account_takeover,cred_consumer_ato_001,scn_bc38b11a3ffa,overt_fraud,1,8,4,1,0,4,0,0,3,0
txn_b78ee5cc9b6d,26.64,0.2054,0,1,9.0,9.0,6.0,0.0,10.0,1.0,0.0,0.0,76.4778,0.6517,36.52,62.03,845.0,0.2021,305.85,400.0,0.1206,0.0709,0.3686,0.3536,208.0,1.0,1,credential_based_fraud,consumer_account_takeover,cred_consumer_ato_001,scn_bc38b11a3ffa,overt_fraud,3,8,4,1,0,1,2,4,3,0
txn_a4e1ec139273,20.24,0.2285,2,0,10.0,10.0,7.0,1.0,11.0,0.0,0.0,0.0,71.494,0.7169,128.97,128.97,845.0,0.2021,305.85,400.0,0.1206,0.0709,0.3686,0.3536,208.0,1.0,1,credential_based_fraud,consumer_account_takeover,cred_consumer_ato_001,scn_bc38b11a3ffa,overt_fraud,3,8,4,1,0,3,3,6,3,0
txn_6d25a855920d,15.4,0.1546,2,0,11.0,11.0,8.0,2.0,12.0,1.0,1.0,0.0,66.8345,0.7696,10.52,10.52,845.0,0.2021,305.85,400.0,0.1206,0.0709,0.3686,0.3536,208.0,1.0,1,credential_based_fraud,consumer_account_takeover,cred_consumer_ato_001,scn_bc38b11a3ffa,overt_fraud,0,8,4,1,0,1,1,3,3,0
txn_150308295329,99.17,0.7609,13,0,0.0,0.0,0.0,0.0,2.0,0.0,0.0,0.0,0.0,0.0,1440.0,1440.0,463.0,0.0414,82.38,929.0,0.0101,0.0094,0.2085,0.0,0.0,0.0,1,credential_based_fraud,merchant_admin_takeover,cred_merchant_admin_ato_001,scn_d08088464117,stealth_fraud,0,7,0,0,0,0,0,1,0,0
txn_935691a13048,40.8,0.6578,15,1,1.0,1.0,0.0,1.0,3.0,0.0,0.0,0.0,99.17,0.5886,132.52,1440.0,463.0,0.0414,82.38,929.0,0.0101,0.0094,0.2085,0.1566,597.0,0.0,1,credential_based_fraud,merchant_admin_takeover,cred_merchant_admin_ato_001,scn_d08088464117,stealth_fraud,1,7,0,0,0,3,1,5,0,0
txn_93dce6cddf5f,41.59,0.1957,18,0,2.0,2.0,1.0,2.0,5.0,0.0,0.0,0.0,69.985,0.4057,150.3,150.3,463.0,0.0414,82.38,929.0,0.0101,0.0094,0.2085,0.1566,597.0,0.0,1,credential_based_fraud,merchant_admin_takeover,cred_merchant_admin_ato_001,scn_d08088464117,stealth_fraud,0,7,0,0,0,1,1,6,0,0
txn_623611f3914a,42.56,0.3616,19,1,3.0,3.0,2.0,0.0,6.0,1.0,1.0,0.0,60.52,0.2968,48.22,48.22,463.0,0.0414,82.38,929.0,0.0101,0.0094,0.2085,0.1566,597.0,0.0,1,credential_based_fraud,merchant_admin_takeover,cred_merchant_admin_ato_001,scn_d08088464117,stealth_fraud,1,7,0,0,0,2,0,0,0,0
txn_5e2d0f70a014,30.26,0.2131,19,1,4.0,4.0,0.0,1.0,7.0,1.0,0.0,0.0,56.03,0.4599,43.97,1440.0,463.0,0.0414,82.38,929.0,0.0101,0.0094,0.2085,0.0,0.0,0.0,1,credential_based_fraud,merchant_admin_takeover,cred_merchant_admin_ato_001,scn_d08088464117,stealth_fraud,0,7,0,0,0,4,0,5,0,0
txn_bdfe524cebbd,14.4,0.6621,20,0,5.0,5.0,3.0,2.0,7.0,1.0,0.0,0.0,50.876,0.717,17.77,61.74,463.0,0.0414,82.38,929.0,0.0101,0.0094,0.2085,0.1566,597.0,0.0,1,credential_based_fraud,merchant_admin_takeover,cred_merchant_admin_ato_001,scn_d08088464117,stealth_fraud,0,7,0,0,0,3,3,3,0,0
txn_b2ddfb4e2669,41.45,0.1622,21,0,6.0,6.0,4.0,0.0,8.0,0.0,0.0,0.0,44.7967,0.0747,97.46,97.46,463.0,0.0414,82.38,929.0,0.0101,0.0094,0.2085,0.1566,597.0,0.0,1,credential_based_fraud,merchant_admin_takeover,cred_merchant_admin_ato_001,scn_d08088464117,stealth_fraud,1,7,0,0,0,0,0,4,0,0
txn_50d9a281b78a,18.52,0.3931,23,0,7.0,7.0,5.0,1.0,9.0,0.0,0.0,0.0,44.3186,0.5821,97.95,97.95,463.0,0.0414,82.38,929.0,0.0101,0.0094,0.2085,0.1566,597.0,0.0,1,credential_based_fraud,merchant_admin_takeover,cred_merchant_admin_ato_001,scn_d08088464117,stealth_fraud,0,7,0,0,0,3,3,5,0,0
txn_8628a9720dcf,4.06,0.1743,12,0,0.0,0.0,0.0,0.0,0.0,0.0,0.0,0.0,0.0,0.0,1440.0,1440.0,299.0,0.1892,89.17,267.0,0.0759,0.0546,0.4128,0.0,0.0,0.0,1,credential_based_fraud,credential_stuffing,cred_stuffing_001,scn_27eb0d8bb423,overt_fraud,0,8,4,1,0,0,0,5,3,0
txn_6320e4b563e2,6.56,0.6113,12,1,1.0,1.0,0.0,1.0,0.0,1.0,0.0,0.0,4.06,0.6158,0.93,1440.0,299.0,0.1892,89.17,267.0,0.0759,0.0546,0.4128,0.9037,26.0,0.0,1,credential_based_fraud,credential_stuffing,cred_stuffing_001,scn_27eb0d8bb423,overt_fraud,3,8,4,1,0,5,4,4,3,0
txn_f5fae240250c,0.96,0.4806,12,0,2.0,2.0,1.0,2.0,0.0,2.0,1.0,0.0,5.31,0.8192,0.84,0.84,299.0,0.1892,89.17,267.0,0.0759,0.0546,0.4128,0.9037,26.0,0.0,1,credential_based_fraud,credential_stuffing,cred_stuffing_001,scn_27eb0d8bb423,overt_fraud,0,8,4,1,0,4,4,0,3,0
txn_0788b77fab19,4.34,0.4859,12,0,3.0,3.0,2.0,0.0,0.0,3.0,2.0,0.0,3.86,0.1244,1.03,1.03,299.0,0.1892,89.17,267.0,0.0759,0.0546,0.4128,0.9037,26.0,0.0,1,credential_based_fraud,credential_stuffing,cred_stuffing_001,scn_27eb0d8bb423,overt_fraud,3,8,4,1,0,4,4,5,3,0
txn_56a73f178b08,5.41,0.08,12,0,4.0,4.0,0.0,1.0,0.0,4.0,0.0,0.0,3.98,0.3593,0.85,1440.0,299.0,0.1892,89.17,267.0,0.0759,0.0546,0.4128,0.0,0.0,0.0,1,credential_based_fraud,credential_stuffing,cred_stuffing_001,scn_27eb0d8bb423,overt_fraud,0,8,4,1,0,4,4,6,3,0
txn_280a6005faca,1.0,0.2175,12,0,5.0,5.0,3.0,2.0,0.0,5.0,3.0,0.0,4.266,0.7656,0.61,1.46,299.0,0.1892,89.17,267.0,0.0759,0.0546,0.4128,0.9037,26.0,0.0,1,credential_based_fraud,credential_stuffing,cred_stuffing_001,scn_27eb0d8bb423,overt_fraud,3,8,4,1,1,3,3,1,3,1
txn_e03beeca20b0,4.48,0.8211,12,0,6.0,6.0,4.0,0.0,0.0,6.0,4.0,1.0,3.7217,0.2038,1.93,1.93,299.0,0.1892,89.17,267.0,0.0759,0.0546,0.4128,0.9037,26.0,0.0,1,credential_based_fraud,credential_stuffing,cred_stuffing_001,scn_27eb0d8bb423,overt_fraud,0,8,4,1,0,3,3,0,3,0
txn_84ed7478090a,3.81,0.5531,12,0,7.0,7.0,5.0,1.0,0.0,7.0,5.0,1.0,3.83,0.0052,0.59,0.59,299.0,0.1892,89.17,267.0,0.0759,0.0546,0.4128,0.9037,26.0,0.0,1,credential_based_fraud,credential_stuffing,cred_stuffing_001,scn_27eb0d8bb423,overt_fraud,1,8,4,1,0,1,1,5,3,0
txn_685f3c185301,6.01,0.4959,12,1,8.0,8.0,0.0,2.0,0.0,8.0,0.0,1.0,3.8275,0.5702,0.79,1440.0,299.0,0.1892,89.17,267.0,0.0759,0.0546,0.4128,0.0,0.0,0.0,1,credential_based_fraud,credential_stuffing,cred_stuffing_001,scn_27eb0d8bb423,overt_fraud,0,8,4,1,0,2,3,3,3,0
txn_e356303c817e,0.85,0.3781,12,0,9.0,9.0,6.0,0.0,0.0,9.0,6.0,1.0,4.07,0.7912,0.48,1.27,299.0,0.1892,89.17,267.0,0.0759,0.0546,0.4128,0.9037,26.0,0.0,1,credential_based_fraud,credential_stuffing,cred_stuffing_001,scn_27eb0d8bb423,overt_fraud,3,8,4,1,0,3,3,5,3,0
txn_a68e084d0a08,6.22,0.2558,12,0,10.0,10.0,7.0,1.0,0.0,10.0,7.0,1.0,3.748,0.6596,1.84,1.84,299.0,0.1892,89.17,267.0,0.0759,0.0546,0.4128,0.9037,26.0,0.0,1,credential_based_fraud,credential_stuffing,cred_stuffing_001,scn_27eb0d8bb423,overt_fraud,1,8,4,1,0,5,5,5,3,0
txn_553f51763a60,3.78,0.3249,12,0,11.0,11.0,8.0,2.0,0.0,11.0,8.0,1.0,3.9727,0.0485,2.81,2.81,299.0,0.1892,89.17,267.0,0.0759,0.0546,0.4128,0.9037,26.0,0.0,1,credential_based_fraud,credential_stuffing,cred_stuffing_001,scn_27eb0d8bb423,overt_fraud,4,8,4,1,0,1,1,3,3,0
txn_8b258c3ee8fd,5.3,0.4909,12,0,12.0,12.0,0.0,0.0,0.0,12.0,0.0,1.0,3.9567,0.3395,0.3,1440.0,299.0,0.1892,89.17,267.0,0.0759,0.0546,0.4128,0.0,0.0,0.0,1,credential_based_fraud,credential_stuffing,cred_stuffing_001,scn_27eb0d8bb423,overt_fraud,2,8,4,1,0,0,0,0,3,0
txn_695b1fc7da0f,4.76,0.6031,12,0,13.0,13.0,9.0,1.0,0.0,13.0,9.0,1.0,4.06,0.1724,0.54,0.84,299.0,0.1892,89.17,267.0,0.0759,0.0546,0.4128,0.9037,26.0,0.0,1,credential_based_fraud,credential_stuffing,cred_stuffing_001,scn_27eb0d8bb423,overt_fraud,2,8,4,1,0,5,5,3,3,0
txn_435914c51896,4.43,0.8165,12,0,14.0,14.0,10.0,2.0,0.0,14.0,10.0,1.0,4.11,0.0779,0.14,0.14,299.0,0.1892,89.17,267.0,0.0759,0.0546,0.4128,0.9037,26.0,0.0,1,credential_based_fraud,credential_stuffing,cred_stuffing_001,scn_27eb0d8bb423,overt_fraud,2,8,4,1,0,2,2,2,3,0
txn_a3e084db6d8f,6.84,0.7367,12,0,15.0,15.0,11.0,0.0,0.0,15.0,11.0,1.0,4.1313,0.6556,0.45,0.45,299.0,0.1892,89.17,267.0,0.0759,0.0546,0.4128,0.9037,26.0,0.0,1,credential_based_fraud,credential_stuffing,cred_stuffing_001,scn_27eb0d8bb423,overt_fraud,0,8,4,1,0,3,3,3,3,0
txn_f3e294c9dd5f,1.53,0.4242,12,0,16.0,16.0,0.0,1.0,0.0,16.0,0.0,1.0,4.3006,0.6442,0.65,1440.0,299.0,0.1892,89.17,267.0,0.0759,0.0546,0.4128,0.0,0.0,0.0,1,credential_based_fraud,credential_stuffing,cred_stuffing_001,scn_27eb0d8bb423,overt_fraud,4,8,4,1,0,3,3,0,3,0
txn_99ec3aa2fd02,1.73,0.5509,12,0,17.0,17.0,12.0,2.0,0.0,17.0,12.0,1.0,4.1376,0.5819,0.45,1.1,299.0,0.1892,89.17,267.0,0.0759,0.0546,0.4128,0.9037,26.0,0.0,1,credential_based_fraud,credential_stuffing,cred_stuffing_001,scn_27eb0d8bb423,overt_fraud,4,8,4,1,0,5,5,1,3,0
txn_949e3620bfce,4.19,0.3057,12,0,18.0,18.0,13.0,0.0,0.0,18.0,13.0,1.0,4.0039,0.0465,0.41,0.41,299.0,0.1892,89.17,267.0,0.0759,0.0546,0.4128,0.9037,26.0,0.0,1,credential_based_fraud,credential_stuffing,cred_stuffing_001,scn_27eb0d8bb423,overt_fraud,0,8,4,1,0,3,3,1,3,0
txn_aa2d53c6e651,2.15,0.3245,12,1,19.0,19.0,14.0,1.0,0.0,19.0,14.0,1.0,4.0137,0.4643,1.58,1.58,299.0,0.1892,89.17,267.0,0.0759,0.0546,0.4128,0.9037,26.0,0.0,1,credential_based_fraud,credential_stuffing,cred_stuffing_001,scn_27eb0d8bb423,overt_fraud,2,8,4,1,0,5,0,3,3,0
txn_9552d1fa1996,1.64,0.2021,12,0,20.0,20.0,0.0,2.0,0.0,20.0,0.0,1.0,3.9205,0.5817,2.63,1440.0,299.0,0.1892,89.17,267.0,0.0759,0.0546,0.4128,0.0,0.0,0.0,1,credential_based_fraud,credential_stuffing,cred_stuffing_001,scn_27eb0d8bb423,overt_fraud,1,8,4,1,0,4,4,6,3,0
txn_6e41bb7af661,3.8,0.2216,12,0,21.0,21.0,15.0,0.0,0.0,21.0,15.0,1.0,3.8119,0.0031,0.49,3.12,299.0,0.1892,89.17,267.0,0.0759,0.0546,0.4128,0.9037,26.0,0.0,1,credential_based_fraud,credential_stuffing,cred_stuffing_001,scn_27eb0d8bb423,overt_fraud,2,8,4,1,0,0,0,3,3,0
txn_ac4a3bc5d38c,5.81,0.4813,12,0,22.0,22.0,16.0,1.0,0.0,22.0,16.0,1.0,3.8114,0.5244,0.03,0.03,299.0,0.1892,89.17,267.0,0.0759,0.0546,0.4128,0.9037,26.0,0.0,1,credential_based_fraud,credential_stuffing,cred_stuffing_001,scn_27eb0d8bb423,overt_fraud,2,8,4,1,0,2,2,4,3,0
txn_2db7e89e8799,1.88,0.08,12,0,23.0,23.0,17.0,2.0,0.0,23.0,17.0,1.0,3.8983,0.5177,0.58,0.58,299.0,0.1892,89.17,267.0,0.0759,0.0546,0.4128,0.9037,26.0,0.0,1,credential_based_fraud,credential_stuffing,cred_stuffing_001,scn_27eb0d8bb423,overt_fraud,0,8,4,1,0,1,1,5,3,0
txn_ed9cfe612590,6.48,0.4249,12,0,24.0,24.0,0.0,0.0,0.0,24.0,0.0,1.0,3.8142,0.6989,0.8,1440.0,299.0,0.1892,89.17,267.0,0.0759,0.0546,0.4128,0.0,0.0,0.0,1,credential_based_fraud,credential_stuffing,cred_stuffing_001,scn_27eb0d8bb423,overt_fraud,4,8,4,1,0,3,3,3,3,0
txn_7b9cef71a326,2.07,0.4933,12,0,25.0,25.0,18.0,1.0,0.0,25.0,18.0,1.0,3.9208,0.472,1.05,1.85,299.0,0.1892,89.17,267.0,0.0759,0.0546,0.4128,0.9037,26.0,0.0,1,credential_based_fraud,credential_stuffing,cred_stuffing_001,scn_27eb0d8bb423,overt_fraud,2,8,4,1,0,2,2,5,3,0
txn_1621e8f87284,5.05,0.421,12,0,26.0,26.0,19.0,2.0,0.0,26.0,19.0,1.0,3.8496,0.3118,1.44,1.44,299.0,0.1892,89.17,267.0,0.0759,0.0546,0.4128,0.9037,26.0,0.0,1,credential_based_fraud,credential_stuffing,cred_stuffing_001,scn_27eb0d8bb423,overt_fraud,2,8,4,1,1,5,5,6,3,1
txn_0f4a45726080,6.76,0.2764,12,0,27.0,27.0,20.0,0.0,0.0,27.0,20.0,2.0,3.8941,0.736,0.11,0.11,299.0,0.1892,89.17,267.0,0.0759,0.0546,0.4128,0.9037,26.0,0.0,1,credential_based_fraud,credential_stuffing,cred_stuffing_001,scn_27eb0d8bb423,overt_fraud,3,8,4,1,0,3,3,0,3,0
txn_5b5f8d1617e0,4.2,0.6937,12,1,28.0,28.0,0.0,1.0,0.0,28.0,0.0,2.0,3.9964,0.0509,0.27,1440.0,299.0,0.1892,89.17,267.0,0.0759,0.0546,0.4128,0.0,0.0,0.0,1,credential_based_fraud,credential_stuffing,cred_stuffing_001,scn_27eb0d8bb423,overt_fraud,3,8,4,1,0,3,1,2,3,0
txn_194c91eeccdd,3.66,0.3959,12,0,29.0,29.0,21.0,2.0,0.0,29.0,21.0,2.0,4.0034,0.0858,0.2,0.47,299.0,0.1892,89.17,267.0,0.0759,0.0546,0.4128,0.9037,26.0,0.0,1,credential_based_fraud,credential_stuffing,cred_stuffing_001,scn_27eb0d8bb423,overt_fraud,0,8,4,1,0,5,5,3,3,0
txn_9742ea59dd60,5.9,0.5117,12,0,30.0,30.0,22.0,0.0,0.0,30.0,22.0,2.0,3.992,0.478,1.1,1.1,299.0,0.1892,89.17,267.0,0.0759,0.0546,0.4128,0.9037,26.0,0.0,1,credential_based_fraud,credential_stuffing,cred_stuffing_001,scn_27eb0d8bb423,overt_fraud,3,8,4,1,0,4,4,2,3,0
txn_d260cf1e3d84,2.71,0.3449,12,0,31.0,31.0,23.0,1.0,0.0,31.0,23.0,2.0,4.0535,0.3314,5.55,5.55,299.0,0.1892,89.17,267.0,0.0759,0.0546,0.4128,0.9037,26.0,0.0,1,credential_based_fraud,credential_stuffing,cred_stuffing_001,scn_27eb0d8bb423,overt_fraud,3,8,4,1,0,3,3,2,3,0
txn_681f6ecb9bbe,3.82,0.4607,12,1,32.0,32.0,0.0,2.0,0.0,32.0,0.0,2.0,4.0116,0.0478,0.39,1440.0,299.0,0.1892,89.17,267.0,0.0759,0.0546,0.4128,0.0,0.0,0.0,1,credential_based_fraud,credential_stuffing,cred_stuffing_001,scn_27eb0d8bb423,overt_fraud,1,8,4,1,0,2,4,3,3,0
txn_2c947477f6bf,7.44,0.5722,12,0,33.0,33.0,24.0,0.0,0.0,33.0,24.0,2.0,4.0058,0.8573,0.51,0.9,299.0,0.1892,89.17,267.0,0.0759,0.0546,0.4128,0.9037,26.0,0.0,1,credential_based_fraud,credential_stuffing,cred_stuffing_001,scn_27eb0d8bb423,overt_fraud,2,8,4,1,1,4,4,0,3,1
txn_f7cb9fb547f3,0.72,0.4935,12,0,34.0,34.0,25.0,1.0,0.0,34.0,25.0,3.0,4.1068,0.8247,1.08,1.08,299.0,0.1892,89.17,267.0,0.0759,0.0546,0.4128,0.9037,26.0,0.0,1,credential_based_fraud,credential_stuffing,cred_stuffing_001,scn_27eb0d8bb423,overt_fraud,1,8,4,1,0,3,3,0,3,0
txn_5ed3c6adec4a,3.92,0.6941,13,0,35.0,35.0,26.0,2.0,0.0,35.0,26.0,3.0,4.01,0.0224,2.42,2.42,299.0,0.1892,89.17,267.0,0.0759,0.0546,0.4128,0.9037,26.0,0.0,1,credential_based_fraud,credential_stuffing,cred_stuffing_001,scn_27eb0d8bb423,overt_fraud,3,8,4,1,0,0,0,5,3,0
txn_05c93af01cf5,7.0,0.3866,13,0,36.0,36.0,0.0,0.0,0.0,36.0,0.0,3.0,4.0075,0.7467,1.46,1440.0,299.0,0.1892,89.17,267.0,0.0759,0.0546,0.4128,0.0,0.0,0.0,1,credential_based_fraud,credential_stuffing,cred_stuffing_001,scn_27eb0d8bb423,overt_fraud,3,8,4,1,0,2,2,5,3,0
txn_734d71abed71,0.73,0.2746,13,0,37.0,37.0,27.0,1.0,0.0,37.0,27.0,3.0,4.0884,0.8214,0.11,1.57,299.0,0.1892,89.17,267.0,0.0759,0.0546,0.4128,0.9037,26.0,0.0,1,credential_based_fraud,credential_stuffing,cred_stuffing_001,scn_27eb0d8bb423,overt_fraud,1,8,4,1,0,5,5,6,3,0
txn_976259836f48,7.48,0.2481,13,0,38.0,38.0,28.0,2.0,0.0,38.0,28.0,3.0,4.0,0.87,1.29,1.29,299.0,0.1892,89.17,267.0,0.0759,0.0546,0.4128,0.9037,26.0,0.0,1,credential_based_fraud,credential_stuffing,cred_stuffing_001,scn_27eb0d8bb423,overt_fraud,3,8,4,1,0,1,1,0,3,0
txn_ed21436ea32f,4.79,0.4761,13,0,39.0,39.0,29.0,0.0,0.0,39.0,29.0,3.0,4.0892,0.1714,1.34,1.34,299.0,0.1892,89.17,267.0,0.0759,0.0546,0.4128,0.9037,26.0,0.0,1,credential_based_fraud,credential_stuffing,cred_stuffing_001,scn_27eb0d8bb423,overt_fraud,3,8,4,1,0,0,0,0,3,0
txn_c7bf940d8672,2.59,0.6252,13,0,40.0,40.0,0.0,1.0,0.0,40.0,0.0,3.0,4.1067,0.3693,2.01,1440.0,299.0,0.1892,89.17,267.0,0.0759,0.0546,0.4128,0.0,0.0,0.0,1,credential_based_fraud,credential_stuffing,cred_stuffing_001,scn_27eb0d8bb423,overt_fraud,1,8,4,1,0,5,5,0,3,0
txn_010549931b12,2.76,0.3405,13,0,41.0,41.0,30.0,2.0,0.0,41.0,30.0,3.0,4.0698,0.3218,0.3,2.31,299.0,0.1892,89.17,267.0,0.0759,0.0546,0.4128,0.9037,26.0,0.0,1,credential_based_fraud,credential_stuffing,cred_stuffing_001,scn_27eb0d8bb423,overt_fraud,2,8,4,1,0,5,5,2,3,0
txn_8cad753308ed,3.44,0.4736,13,0,42.0,42.0,31.0,0.0,0.0,42.0,31.0,3.0,4.0386,0.1482,0.79,0.79,299.0,0.1892,89.17,267.0,0.0759,0.0546,0.4128,0.9037,26.0,0.0,1,credential_based_fraud,credential_stuffing,cred_stuffing_001,scn_27eb0d8bb423,overt_fraud,3,8,4,1,0,1,1,0,3,0
txn_cc6273707977,1.1,0.5219,13,0,43.0,43.0,32.0,1.0,0.0,43.0,32.0,3.0,4.0247,0.7267,1.94,1.94,299.0,0.1892,89.17,267.0,0.0759,0.0546,0.4128,0.9037,26.0,0.0,1,credential_based_fraud,credential_stuffing,cred_stuffing_001,scn_27eb0d8bb423,overt_fraud,2,8,4,1,0,0,0,2,3,0
txn_f93621df148a,4.07,0.2935,13,0,44.0,44.0,0.0,2.0,0.0,44.0,0.0,3.0,3.9582,0.0282,0.12,1440.0,299.0,0.1892,89.17,267.0,0.0759,0.0546,0.4128,0.0,0.0,0.0,1,credential_based_fraud,credential_stuffing,cred_stuffing_001,scn_27eb0d8bb423,overt_fraud,0,8,4,1,0,1,1,5,3,0
txn_24798779c623,0.85,0.4912,13,0,45.0,45.0,33.0,0.0,0.0,45.0,33.0,3.0,3.9607,0.7854,2.17,2.29,299.0,0.1892,89.17,267.0,0.0759,0.0546,0.4128,0.9037,26.0,0.0,1,credential_based_fraud,credential_stuffing,cred_stuffing_001,scn_27eb0d8bb423,overt_fraud,0,8,4,1,0,3,3,3,3,0
txn_9fa9f4c28ec6,2.74,0.3091,13,0,46.0,46.0,34.0,1.0,0.0,46.0,34.0,3.0,3.893,0.2962,4.41,4.41,299.0,0.1892,89.17,267.0,0.0759,0.0546,0.4128,0.9037,26.0,0.0,1,credential_based_fraud,credential_stuffing,cred_stuffing_001,scn_27eb0d8bb423,overt_fraud,3,8,4,1,0,3,3,0,3,0
txn_549827282ccb,2.2,0.7152,13,1,47.0,47.0,35.0,2.0,0.0,47.0,35.0,3.0,3.8685,0.4313,0.75,0.75,299.0,0.1892,89.17,267.0,0.0759,0.0546,0.4128,0.9037,26.0,0.0,1,credential_based_fraud,credential_stuffing,cred_stuffing_001,scn_27eb0d8bb423,overt_fraud,3,8,4,1,1,0,5,4,3,1
txn_50bf0f19c76f,6.2,0.7579,13,0,48.0,48.0,0.0,0.0,0.0,48.0,0.0,4.0,3.8337,0.6172,2.39,1440.0,299.0,0.1892,89.17,267.0,0.0759,0.0546,0.4128,0.0,0.0,0.0,1,credential_based_fraud,credential_stuffing,cred_stuffing_001,scn_27eb0d8bb423,overt_fraud,0,8,4,1,0,3,3,5,3,0
txn_425a9be620a3,5.01,0.4939,13,0,49.0,49.0,36.0,1.0,0.0,49.0,36.0,4.0,3.882,0.2906,1.35,3.74,299.0,0.1892,89.17,267.0,0.0759,0.0546,0.4128,0.9037,26.0,0.0,1,credential_based_fraud,credential_stuffing,cred_stuffing_001,scn_27eb0d8bb423,overt_fraud,3,8,4,1,0,4,4,4,3,0
txn_366332e1451b,3.46,0.3715,13,0,50.0,50.0,37.0,2.0,0.0,50.0,37.0,4.0,3.9046,0.1139,2.17,2.17,299.0,0.1892,89.17,267.0,0.0759,0.0546,0.4128,0.9037,26.0,0.0,1,credential_based_fraud,credential_stuffing,cred_stuffing_001,scn_27eb0d8bb423,overt_fraud,0,8,4,1,1,4,4,2,3,1
txn_7cfdd9375044,7.21,0.4659,13,0,51.0,51.0,38.0,0.0,0.0,50.0,38.0,5.0,3.8959,0.8507,2.11,2.11,299.0,0.1892,89.17,267.0,0.0759,0.0546,0.4128,0.9037,26.0,0.0,1,credential_based_fraud,credential_stuffing,cred_stuffing_001,scn_27eb0d8bb423,overt_fraud,4,8,4,1,0,0,0,5,3,0
txn_754fa5b2f808,1.37,0.4496,13,0,52.0,52.0,0.0,1.0,0.0,51.0,0.0,5.0,3.9596,0.654,0.21,1440.0,299.0,0.1892,89.17,267.0,0.0759,0.0546,0.4128,0.0,0.0,0.0,1,credential_based_fraud,credential_stuffing,cred_stuffing_001,scn_27eb0d8bb423,overt_fraud,1,8,4,1,0,3,3,5,3,0
txn_6405522172a5,1.62,0.3232,13,0,53.0,53.0,39.0,2.0,0.0,51.0,38.0,5.0,3.9108,0.5858,0.45,0.66,299.0,0.1892,89.17,267.0,0.0759,0.0546,0.4128,0.9037,26.0,0.0,1,credential_based_fraud,credential_stuffing,cred_stuffing_001,scn_27eb0d8bb423,overt_fraud,1,8,4,1,0,5,5,0,3,0
txn_b65444039719,2.36,0.5388,13,0,54.0,54.0,40.0,0.0,0.0,52.0,39.0,5.0,3.8683,0.3899,0.23,0.23,299.0,0.1892,89.17,267.0,0.0759,0.0546,0.4128,0.9037,26.0,0.0,1,credential_based_fraud,credential_stuffing,cred_stuffing_001,scn_27eb0d8bb423,overt_fraud,1,8,4,1,0,3,3,4,3,0
txn_b7d5d3395fae,4.42,0.3994,13,0,55.0,55.0,41.0,1.0,0.0,52.0,39.0,5.0,3.8409,0.1508,1.01,1.01,299.0,0.1892,89.17,267.0,0.0759,0.0546,0.4128,0.9037,26.0,0.0,1,credential_based_fraud,credential_stuffing,cred_stuffing_001,scn_27eb0d8bb423,overt_fraud,1,8,4,1,0,2,2,1,3,0
txn_8fdc947e41f3,0.94,0.4364,13,0,56.0,56.0,0.0,2.0,0.0,52.0,0.0,5.0,3.8512,0.7559,0.45,1440.0,299.0,0.1892,89.17,267.0,0.0759,0.0546,0.4128,0.0,0.0,0.0,1,credential_based_fraud,credential_stuffing,cred_stuffing_001,scn_27eb0d8bb423,overt_fraud,2,8,4,1,1,5,5,5,3,1
txn_8e72285b54db,7.08,0.4643,13,0,57.0,57.0,42.0,0.0,0.0,53.0,39.0,6.0,3.8002,0.8631,0.51,0.96,299.0,0.1892,89.17,267.0,0.0759,0.0546,0.4128,0.9037,26.0,0.0,1,credential_based_fraud,credential_stuffing,cred_stuffing_001,scn_27eb0d8bb423,overt_fraud,1,8,4,1,0,2,2,5,3,0
txn_64171997b4f4,7.85,0.1478,13,0,58.0,58.0,43.0,1.0,0.0,53.0,40.0,6.0,3.8567,1.0354,0.79,0.79,299.0,0.1892,89.17,267.0,0.0759,0.0546,0.4128,0.9037,26.0,0.0,1,credential_based_fraud,credential_stuffing,cred_stuffing_001,scn_27eb0d8bb423,overt_fraud,1,8,4,1,0,0,0,1,3,0
txn_e4e886a695f9,7.89,0.4003,13,1,59.0,59.0,44.0,2.0,0.0,53.0,40.0,6.0,3.9244,1.0105,0.2,0.2,299.0,0.1892,89.17,267.0,0.0759,0.0546,0.4128,0.9037,26.0,0.0,1,credential_based_fraud,credential_stuffing,cred_stuffing_001,scn_27eb0d8bb423,overt_fraud,1,8,4,1,0,3,4,6,3,0
txn_0bea7e909271,1.15,0.6707,13,0,60.0,60.0,0.0,0.0,0.0,51.0,0.0,6.0,3.9905,0.7118,3.26,1440.0,299.0,0.1892,89.17,267.0,0.0759,0.0546,0.4128,0.0,0.0,0.0,1,credential_based_fraud,credential_stuffing,cred_stuffing_001,scn_27eb0d8bb423,overt_fraud,2,8,4,1,1,4,4,1,3,1
txn_efa47a9ca125,5.25,0.6487,13,0,61.0,61.0,45.0,1.0,0.0,51.0,38.0,7.0,3.9439,0.3312,0.49,3.75,299.0,0.1892,89.17,267.0,0.0759,0.0546,0.4128,0.9037,26.0,0.0,1,credential_based_fraud,credential_stuffing,cred_stuffing_001,scn_27eb0d8bb423,overt_fraud,4,8,4,1,0,5,5,1,3,0
txn_f157d0799bd1,4.08,0.2641,13,0,62.0,62.0,46.0,2.0,0.0,52.0,39.0,7.0,3.965,0.029,0.22,0.22,299.0,0.1892,89.17,267.0,0.0759,0.0546,0.4128,0.9037,26.0,0.0,1,credential_based_fraud,credential_stuffing,cred_stuffing_001,scn_27eb0d8bb423,overt_fraud,2,8,4,1,0,4,4,1,3,0
txn_854684114a84,4.72,0.5594,13,1,63.0,63.0,47.0,0.0,0.0,52.0,39.0,7.0,3.9668,0.1899,1.84,1.84,299.0,0.1892,89.17,267.0,0.0759,0.0546,0.4128,0.9037,26.0,0.0,1,credential_based_fraud,credential_stuffing,cred_stuffing_001,scn_27eb0d8bb423,overt_fraud,0,8,4,1,1,4,1,1,3,1
txn_4c9955b7b07b,3.27,0.6035,13,0,64.0,64.0,0.0,1.0,0.0,53.0,0.0,8.0,3.9786,0.1781,1.53,1440.0,299.0,0.1892,89.17,267.0,0.0759,0.0546,0.4128,0.0,0.0,0.0,1,credential_based_fraud,credential_stuffing,cred_stuffing_001,scn_27eb0d8bb423,overt_fraud,0,8,4,1,0,1,1,1,3,0
txn_bb2713ffdd4e,6.51,0.6787,13,0,65.0,65.0,48.0,2.0,0.0,52.0,39.0,8.0,3.9677,0.6408,1.29,2.82,299.0,0.1892,89.17,267.0,0.0759,0.0546,0.4128,0.9037,26.0,0.0,1,credential_based_fraud,credential_stuffing,cred_stuffing_001,scn_27eb0d8bb423,overt_fraud,0,8,4,1,0,1,1,2,3,0
txn_0004db161984,1.78,0.4864,13,0,66.0,66.0,49.0,0.0,0.0,53.0,40.0,8.0,4.0062,0.5557,0.36,0.36,299.0,0.1892,89.17,267.0,0.0759,0.0546,0.4128,0.9037,26.0,0.0,1,credential_based_fraud,credential_stuffing,cred_stuffing_001,scn_27eb0d8bb423,overt_fraud,2,8,4,1,0,2,2,5,3,0
txn_f475ba4eb4ac,0.54,0.3978,13,0,67.0,67.0,50.0,1.0,0.0,54.0,41.0,8.0,3.973,0.8641,0.11,0.11,299.0,0.1892,89.17,267.0,0.0759,0.0546,0.4128,0.9037,26.0,0.0,1,credential_based_fraud,credential_stuffing,cred_stuffing_001,scn_27eb0d8bb423,overt_fraud,2,8,4,1,0,5,5,3,3,0
txn_901c03386d75,5.78,0.4541,13,0,68.0,68.0,0.0,2.0,0.0,54.0,0.0,8.0,3.9225,0.4736,0.04,1440.0,299.0,0.1892,89.17,267.0,0.0759,0.0546,0.4128,0.0,0.0,0.0,1,credential_based_fraud,credential_stuffing,cred_stuffing_001,scn_27eb0d8bb423,overt_fraud,2,8,4,1,1,4,4,4,3,1
txn_b428582311d5,3.42,0.4291,13,0,69.0,69.0,51.0,0.0,0.0,51.0,38.0,9.0,3.9494,0.1341,1.68,1.72,299.0,0.1892,89.17,267.0,0.0759,0.0546,0.4128,0.9037,26.0,0.0,1,credential_based_fraud,credential_stuffing,cred_stuffing_001,scn_27eb0d8bb423,overt_fraud,3,8,4,1,0,0,0,3,3,0
txn_bb8fe038d38e,2.61,0.5693,13,0,70.0,70.0,52.0,1.0,0.0,51.0,38.0,9.0,3.9419,0.3379,1.29,1.29,299.0,0.1892,89.17,267.0,0.0759,0.0546,0.4128,0.9037,26.0,0.0,1,credential_based_fraud,credential_stuffing,cred_stuffing_001,scn_27eb0d8bb423,overt_fraud,1,8,4,1,0,0,0,1,3,0
txn_60d892194140,6.79,0.4555,13,0,71.0,71.0,53.0,2.0,0.0,51.0,38.0,9.0,3.9231,0.7308,2.45,2.45,299.0,0.1892,89.17,267.0,0.0759,0.0546,0.4128,0.9037,26.0,0.0,1,credential_based_fraud,credential_stuffing,cred_stuffing_001,scn_27eb0d8bb423,overt_fraud,2,8,4,1,0,0,0,0,3,0
txn_a952925bd425,1.06,0.5787,13,0,72.0,72.0,0.0,0.0,0.0,46.0,0.0,9.0,3.9629,0.7325,5.23,1440.0,299.0,0.1892,89.17,267.0,0.0759,0.0546,0.4128,0.0,0.0,0.0,1,credential_based_fraud,credential_stuffing,cred_stuffing_001,scn_27eb0d8bb423,overt_fraud,4,8,4,1,0,2,2,4,3,0
txn_cf099f66fb21,2.8,0.5013,13,0,73.0,73.0,54.0,1.0,0.0,42.0,31.0,9.0,3.9232,0.2863,2.06,7.29,299.0,0.1892,89.17,267.0,0.0759,0.0546,0.4128,0.9037,26.0,0.0,1,credential_based_fraud,credential_stuffing,cred_stuffing_001,scn_27eb0d8bb423,overt_fraud,0,8,4,1,0,5,5,6,3,0
txn_dda2e6105812,6.04,0.4694,13,0,74.0,74.0,55.0,2.0,0.0,43.0,32.0,9.0,3.908,0.5456,0.04,0.04,299.0,0.1892,89.17,267.0,0.0759,0.0546,0.4128,0.9037,26.0,0.0,1,credential_based_fraud,credential_stuffing,cred_stuffing_001,scn_27eb0d8bb423,overt_fraud,1,8,4,1,0,0,0,4,3,0
txn_0262a7f8d3ce,1.29,0.6891,13,0,75.0,75.0,56.0,0.0,0.0,44.0,33.0,9.0,3.9364,0.6723,0.25,0.25,299.0,0.1892,89.17,267.0,0.0759,0.0546,0.4128,0.9037,26.0,0.0,1,credential_based_fraud,credential_stuffing,cred_stuffing_001,scn_27eb0d8bb423,overt_fraud,2,8,4,1,0,1,1,3,3,0
txn_0cea11b601b4,6.42,0.4625,13,0,76.0,76.0,0.0,1.0,0.0,45.0,0.0,9.0,3.9016,0.6455,0.25,1440.0,299.0,0.1892,89.17,267.0,0.0759,0.0546,0.4128,0.0,0.0,0.0,1,credential_based_fraud,credential_stuffing,cred_stuffing_001,scn_27eb0d8bb423,overt_fraud,1,8,4,1,0,0,0,2,3,0
txn_b65fe3007378,6.01,0.2058,13,1,77.0,77.0,57.0,2.0,0.0,46.0,34.0,9.0,3.9343,0.5276,1.33,1.58,299.0,0.1892,89.17,267.0,0.0759,0.0546,0.4128,0.9037,26.0,0.0,1,credential_based_fraud,credential_stuffing,cred_stuffing_001,scn_27eb0d8bb423,overt_fraud,4,8,4,1,0,1,3,3,3,0
txn_e024a63b480c,5.73,0.5939,13,0,78.0,78.0,58.0,0.0,0.0,47.0,35.0,9.0,3.9609,0.4466,1.6,1.6,299.0,0.1892,89.17,267.0,0.0759,0.0546,0.4128,0.9037,26.0,0.0,1,credential_based_fraud,credential_stuffing,cred_stuffing_001,scn_27eb0d8bb423,overt_fraud,0,8,4,1,0,3,3,1,3,0
txn_9ba2a708446f,4.55,0.2357,13,0,79.0,79.0,59.0,1.0,0.0,48.0,36.0,9.0,3.9833,0.1423,0.9,0.9,299.0,0.1892,89.17,267.0,0.0759,0.0546,0.4128,0.9037,26.0,0.0,1,credential_based_fraud,credential_stuffing,cred_stuffing_001,scn_27eb0d8bb423,overt_fraud,1,8,4,1,0,0,0,0,3,0
txn_882cb7ad9ecd,4.22,0.2521,14,1,80.0,80.0,0.0,2.0,0.0,45.0,0.0,9.0,3.9904,0.0575,3.01,1440.0,299.0,0.1892,89.17,267.0,0.0759,0.0546,0.4128,0.0,0.0,0.0,1,credential_based_fraud,credential_stuffing,cred_stuffing_001,scn_27eb0d8bb423,overt_fraud,3,8,4,1,0,0,1,2,3,0
txn_cd5f301d206c,1.58,0.8542,14,1,81.0,81.0,60.0,0.0,0.0,46.0,34.0,9.0,3.9932,0.6043,0.86,3.87,299.0,0.1892,89.17,267.0,0.0759,0.0546,0.4128,0.9037,26.0,0.0,1,credential_based_fraud,credential_stuffing,cred_stuffing_001,scn_27eb0d8bb423,overt_fraud,1,8,4,1,0,2,1,4,3,0
txn_89e346a03be6,2.9,0.4086,14,0,82.0,82.0,61.0,1.0,0.0,47.0,35.0,9.0,3.9638,0.2684,0.27,0.27,299.0,0.1892,89.17,267.0,0.0759,0.0546,0.4128,0.9037,26.0,0.0,1,credential_based_fraud,credential_stuffing,cred_stuffing_001,scn_27eb0d8bb423,overt_fraud,0,8,4,1,0,2,2,3,3,0
txn_215db88a9cdb,6.69,0.3722,14,0,83.0,83.0,62.0,2.0,0.0,48.0,36.0,9.0,3.951,0.6933,0.5,0.5,299.0,0.1892,89.17,267.0,0.0759,0.0546,0.4128,0.9037,26.0,0.0,1,credential_based_fraud,credential_stuffing,cred_stuffing_001,scn_27eb0d8bb423,overt_fraud,2,8,4,1,0,1,1,5,3,0
txn_e5dfbce0b42f,4.77,0.6602,14,0,84.0,84.0,0.0,0.0,0.0,45.0,0.0,9.0,3.9836,0.1974,4.54,1440.0,299.0,0.1892,89.17,267.0,0.0759,0.0546,0.4128,0.0,0.0,0.0,1,credential_based_fraud,credential_stuffing,cred_stuffing_001,scn_27eb0d8bb423,overt_fraud,1,8,4,1,0,1,1,1,3,0
txn_07415e0cd0b8,3.47,0.5589,14,0,85.0,85.0,63.0,1.0,0.0,44.0,33.0,9.0,3.9928,0.1309,2.34,6.88,299.0,0.1892,89.17,267.0,0.0759,0.0546,0.4128,0.9037,26.0,0.0,1,credential_based_fraud,credential_stuffing,cred_stuffing_001,scn_27eb0d8bb423,overt_fraud,1,8,4,1,0,0,0,1,3,0
txn_2c8386e8d7d1,1.49,0.4013,14,0,86.0,86.0,64.0,2.0,0.0,45.0,34.0,9.0,3.9867,0.6263,0.16,0.16,299.0,0.1892,89.17,267.0,0.0759,0.0546,0.4128,0.9037,26.0,0.0,1,credential_based_fraud,credential_stuffing,cred_stuffing_001,scn_27eb0d8bb423,overt_fraud,3,8,4,1,0,4,4,5,3,0
txn_db4cd2bd0636,3.94,0.3724,14,0,87.0,87.0,65.0,0.0,0.0,44.0,33.0,9.0,3.958,0.0046,0.94,0.94,299.0,0.1892,89.17,267.0,0.0759,0.0546,0.4128,0.9037,26.0,0.0,1,credential_based_fraud,credential_stuffing,cred_stuffing_001,scn_27eb0d8bb423,overt_fraud,0,8,4,1,0,2,2,6,3,0
txn_ca2c64effc50,6.57,0.1781,14,0,88.0,88.0,0.0,1.0,0.0,45.0,0.0,9.0,3.9578,0.66,0.81,1440.0,299.0,0.1892,89.17,267.0,0.0759,0.0546,0.4128,0.0,0.0,0.0,1,credential_based_fraud,credential_stuffing,cred_stuffing_001,scn_27eb0d8bb423,overt_fraud,3,8,4,1,1,3,3,6,3,1
txn_863b897b6a07,0.77,0.5439,14,0,89.0,89.0,66.0,2.0,0.0,41.0,30.0,10.0,3.9872,0.8069,9.18,9.99,299.0,0.1892,89.17,267.0,0.0759,0.0546,0.4128,0.9037,26.0,0.0,1,credential_based_fraud,credential_stuffing,cred_stuffing_001,scn_27eb0d8bb423,overt_fraud,2,8,4,1,0,4,4,3,3,0
txn_21fddcae6abe,5.42,0.3397,14,0,90.0,90.0,67.0,0.0,0.0,42.0,31.0,10.0,3.9514,0.3717,0.37,0.37,299.0,0.1892,89.17,267.0,0.0759,0.0546,0.4128,0.9037,26.0,0.0,1,credential_based_fraud,credential_stuffing,cred_stuffing_001,scn_27eb0d8bb423,overt_fraud,3,8,4,1,0,2,2,3,3,0
txn_bb1d3e92791a,3.01,0.3727,14,0,91.0,91.0,68.0,1.0,0.0,43.0,32.0,10.0,3.9676,0.2414,1.26,1.26,299.0,0.1892,89.17,267.0,0.0759,0.0546,0.4128,0.9037,26.0,0.0,1,credential_based_fraud,credential_stuffing,cred_stuffing_001,scn_27eb0d8bb423,overt_fraud,2,8,4,1,0,4,4,3,3,0
txn_ff737987dc33,2.2,0.2724,14,0,92.0,92.0,0.0,2.0,0.0,43.0,0.0,10.0,3.9572,0.444,0.14,1440.0,299.0,0.1892,89.17,267.0,0.0759,0.0546,0.4128,0.0,0.0,0.0,1,credential_based_fraud,credential_stuffing,cred_stuffing_001,scn_27eb0d8bb423,overt_fraud,2,8,4,1,0,4,4,3,3,0
txn_e1920139fa26,3.29,0.5928,14,0,93.0,93.0,69.0,0.0,0.0,44.0,33.0,10.0,3.9383,0.1646,0.86,1.0,299.0,0.1892,89.17,267.0,0.0759,0.0546,0.4128,0.9037,26.0,0.0,1,credential_based_fraud,credential_stuffing,cred_stuffing_001,scn_27eb0d8bb423,overt_fraud,4,8,4,1,0,1,1,3,3,0
txn_449c850c16a5,6.02,0.4317,14,0,94.0,94.0,70.0,1.0,0.0,43.0,32.0,10.0,3.9314,0.5313,3.11,3.11,299.0,0.1892,89.17,267.0,0.0759,0.0546,0.4128,0.9037,26.0,0.0,1,credential_based_fraud,credential_stuffing,cred_stuffing_001,scn_27eb0d8bb423,overt_fraud,2,8,4,1,0,0,0,1,3,0
txn_ec36d04931ca,7.56,0.5186,14,1,95.0,95.0,71.0,2.0,0.0,40.0,30.0,10.0,3.9534,0.9123,2.88,2.88,299.0,0.1892,89.17,267.0,0.0759,0.0546,0.4128,0.9037,26.0,0.0,1,credential_based_fraud,credential_stuffing,cred_stuffing_001,scn_27eb0d8bb423,overt_fraud,2,8,4,1,1,2,1,1,3,1
txn_cb607f2e147b,0.55,0.4107,14,0,96.0,96.0,0.0,0.0,0.0,39.0,0.0,11.0,3.9909,0.8622,1.49,1440.0,299.0,0.1892,89.17,267.0,0.0759,0.0546,0.4128,0.0,0.0,0.0,1,credential_based_fraud,credential_stuffing,cred_stuffing_001,scn_27eb0d8bb423,overt_fraud,4,8,4,1,0,4,4,5,3,0
txn_2b682695b3fe,2.25,0.565,14,0,97.0,97.0,72.0,1.0,0.0,37.0,27.0,11.0,3.9555,0.4312,1.86,3.35,299.0,0.1892,89.17,267.0,0.0759,0.0546,0.4128,0.9037,26.0,0.0,1,credential_based_fraud,credential_stuffing,cred_stuffing_001,scn_27eb0d8bb423,overt_fraud,2,8,4,1,0,5,5,5,3,0
txn_3d069131d0f1,2.65,0.4926,14,0,98.0,98.0,73.0,2.0,0.0,38.0,28.0,11.0,3.9381,0.3271,0.48,0.48,299.0,0.1892,89.17,267.0,0.0759,0.0546,0.4128,0.9037,26.0,0.0,1,credential_based_fraud,credential_stuffing,cred_stuffing_001,scn_27eb0d8bb423,overt_fraud,3,8,4,1,0,3,3,4,3,0
txn_9c5f6bf3271f,1.01,0.4092,14,1,99.0,99.0,74.0,0.0,0.0,39.0,29.0,11.0,3.9251,0.7427,0.61,0.61,299.0,0.1892,89.17,267.0,0.0759,0.0546,0.4128,0.9037,26.0,0.0,1,credential_based_fraud,credential_stuffing,cred_stuffing_001,scn_27eb0d8bb423,overt_fraud,0,8,4,1,0,2,5,3,3,0
txn_6586c6671611,5.12,0.3747,14,0,100.0,100.0,0.0,1.0,0.0,37.0,0.0,11.0,3.8959,0.3142,2.67,1440.0,299.0,0.1892,89.17,267.0,0.0759,0.0546,0.4128,0.0,0.0,0.0,1,credential_based_fraud,credential_stuffing,cred_stuffing_001,scn_27eb0d8bb423,overt_fraud,3,8,4,1,0,1,1,5,3,0
txn_0b7cea5fd6fb,5.89,0.3275,14,0,101.0,101.0,75.0,2.0,0.0,36.0,27.0,11.0,3.908,0.5072,3.88,6.55,299.0,0.1892,89.17,267.0,0.0759,0.0546,0.4128,0.9037,26.0,0.0,1,credential_based_fraud,credential_stuffing,cred_stuffing_001,scn_27eb0d8bb423,overt_fraud,2,8,4,1,1,2,2,2,3,1
txn_9eb45b453674,4.56,0.4303,14,0,102.0,102.0,76.0,0.0,0.0,33.0,25.0,12.0,3.9275,0.1611,1.19,1.19,299.0,0.1892,89.17,267.0,0.0759,0.0546,0.4128,0.9037,26.0,0.0,1,credential_based_fraud,credential_stuffing,cred_stuffing_001,scn_27eb0d8bb423,overt_fraud,1,8,4,1,0,1,1,6,3,0
txn_2408d89febb2,2.7,0.1569,14,0,103.0,103.0,77.0,1.0,0.0,32.0,24.0,12.0,3.9336,0.3136,4.51,4.51,299.0,0.1892,89.17,267.0,0.0759,0.0546,0.4128,0.9037,26.0,0.0,1,credential_based_fraud,credential_stuffing,cred_stuffing_001,scn_27eb0d8bb423,overt_fraud,4,8,4,1,0,1,1,5,3,0
txn_96c2219d63ac,5.51,0.6647,14,0,104.0,104.0,0.0,2.0,0.0,32.0,0.0,12.0,3.9217,0.405,1.44,1440.0,299.0,0.1892,89.17,267.0,0.0759,0.0546,0.4128,0.0,0.0,0.0,1,credential_based_fraud,credential_stuffing,cred_stuffing_001,scn_27eb0d8bb423,overt_fraud,2,8,4,1,0,5,5,0,3,0
txn_de6b61af561f,1.88,0.6186,14,0,105.0,105.0,78.0,0.0,0.0,33.0,24.0,12.0,3.9369,0.5225,0.72,2.16,299.0,0.1892,89.17,267.0,0.0759,0.0546,0.4128,0.9037,26.0,0.0,1,credential_based_fraud,credential_stuffing,cred_stuffing_001,scn_27eb0d8bb423,overt_fraud,0,8,4,1,0,2,2,4,3,0
txn_264275c14afa,3.03,0.6675,14,0,106.0,106.0,79.0,1.0,0.0,34.0,25.0,12.0,3.9175,0.2265,0.28,0.28,299.0,0.1892,89.17,267.0,0.0759,0.0546,0.4128,0.9037,26.0,0.0,1,credential_based_fraud,credential_stuffing,cred_stuffing_001,scn_27eb0d8bb423,overt_fraud,1,8,4,1,0,2,2,4,3,0
txn_c570b8e99f0c,1.69,0.3523,14,1,107.0,107.0,80.0,2.0,0.0,35.0,26.0,12.0,3.9092,0.5677,1.52,1.52,299.0,0.1892,89.17,267.0,0.0759,0.0546,0.4128,0.9037,26.0,0.0,1,credential_based_fraud,credential_stuffing,cred_stuffing_001,scn_27eb0d8bb423,overt_fraud,2,8,4,1,0,1,0,2,3,0
txn_94242b081683,4.42,0.3669,14,0,108.0,108.0,0.0,0.0,0.0,35.0,0.0,12.0,3.8886,0.1367,3.29,1440.0,299.0,0.1892,89.17,267.0,0.0759,0.0546,0.4128,0.0,0.0,0.0,1,credential_based_fraud,credential_stuffing,cred_stuffing_001,scn_27eb0d8bb423,overt_fraud,0,8,4,1,0,1,1,2,3,0
txn_852e8d95ed6f,4.23,0.692,14,0,109.0,109.0,81.0,1.0,0.0,36.0,27.0,12.0,3.8935,0.0864,0.22,3.51,299.0,0.1892,89.17,267.0,0.0759,0.0546,0.4128,0.9037,26.0,0.0,1,credential_based_fraud,credential_stuffing,cred_stuffing_001,scn_27eb0d8bb423,overt_fraud,4,8,4,1,0,5,5,3,3,0
txn_788bacc54c95,4.61,0.4645,14,0,110.0,110.0,82.0,2.0,0.0,37.0,28.0,12.0,3.8965,0.1831,0.11,0.11,299.0,0.1892,89.17,267.0,0.0759,0.0546,0.4128,0.9037,26.0,0.0,1,credential_based_fraud,credential_stuffing,cred_stuffing_001,scn_27eb0d8bb423,overt_fraud,2,8,4,1,0,4,4,4,3,0
txn_ea74fb18f89d,3.91,0.7721,14,0,111.0,111.0,83.0,0.0,0.0,31.0,23.0,12.0,3.903,0.0018,5.61,5.61,299.0,0.1892,89.17,267.0,0.0759,0.0546,0.4128,0.9037,26.0,0.0,1,credential_based_fraud,credential_stuffing,cred_stuffing_001,scn_27eb0d8bb423,overt_fraud,0,8,4,1,0,0,0,2,3,0
txn_67def7b84e80,1.92,0.7373,14,0,112.0,112.0,0.0,1.0,0.0,32.0,0.0,12.0,3.903,0.5081,0.87,1440.0,299.0,0.1892,89.17,267.0,0.0759,0.0546,0.4128,0.0,0.0,0.0,1,credential_based_fraud,credential_stuffing,cred_stuffing_001,scn_27eb0d8bb423,overt_fraud,1,8,4,1,0,5,5,5,3,0
txn_16dce8f02a03,4.17,0.4537,14,0,113.0,113.0,84.0,2.0,0.0,33.0,24.0,12.0,3.8855,0.0732,0.67,1.54,299.0,0.1892,89.17,267.0,0.0759,0.0546,0.4128,0.9037,26.0,0.0,1,credential_based_fraud,credential_stuffing,cred_stuffing_001,scn_27eb0d8bb423,overt_fraud,4,8,4,1,0,2,2,5,3,0
txn_0a1db5bc9fd3,6.31,0.3599,15,0,114.0,114.0,85.0,0.0,0.0,33.0,25.0,12.0,3.888,0.6229,0.48,0.48,299.0,0.1892,89.17,267.0,0.0759,0.0546,0.4128,0.9037,26.0,0.0,1,credential_based_fraud,credential_stuffing,cred_stuffing_001,scn_27eb0d8bb423,overt_fraud,3,8,4,1,0,5,5,3,3,0
txn_f8c9e25a7445,3.63,0.4882,15,0,115.0,115.0,86.0,1.0,0.0,34.0,26.0,12.0,3.909,0.0714,0.51,0.51,299.0,0.1892,89.17,267.0,0.0759,0.0546,0.4128,0.9037,26.0,0.0,1,credential_based_fraud,credential_stuffing,cred_stuffing_001,scn_27eb0d8bb423,overt_fraud,3,8,4,1,0,1,1,2,3,0
txn_36a76a0386f1,7.23,0.4564,15,0,116.0,116.0,0.0,2.0,0.0,32.0,0.0,12.0,3.9066,0.8507,1.91,1440.0,299.0,0.1892,89.17,267.0,0.0759,0.0546,0.4128,0.0,0.0,0.0,1,credential_based_fraud,credential_stuffing,cred_stuffing_001,scn_27eb0d8bb423,overt_fraud,3,8,4,1,0,4,4,5,3,0
txn_375ef3ea0dab,4.3,0.4169,15,0,117.0,117.0,87.0,0.0,0.0,33.0,24.0,12.0,3.935,0.0927,2.83,4.74,299.0,0.1892,89.17,267.0,0.0759,0.0546,0.4128,0.9037,26.0,0.0,1,credential_based_fraud,credential_stuffing,cred_stuffing_001,scn_27eb0d8bb423,overt_fraud,2,8,4,1,0,5,5,4,3,0
txn_6e9d69d09f86,2.64,0.3611,15,0,118.0,118.0,88.0,1.0,0.0,34.0,25.0,12.0,3.9381,0.3296,0.17,0.17,299.0,0.1892,89.17,267.0,0.0759,0.0546,0.4128,0.9037,26.0,0.0,1,credential_based_fraud,credential_stuffing,cred_stuffing_001,scn_27eb0d8bb423,overt_fraud,4,8,4,1,0,4,4,5,3,0
txn_177313c3720b,2.01,0.5904,15,0,119.0,119.0,89.0,2.0,0.0,35.0,26.0,12.0,3.9272,0.4882,0.2,0.2,299.0,0.1892,89.17,267.0,0.0759,0.0546,0.4128,0.9037,26.0,0.0,1,credential_based_fraud,credential_stuffing,cred_stuffing_001,scn_27eb0d8bb423,overt_fraud,0,8,4,1,0,4,4,6,3,0
txn_0e8893f7613c,0.74,0.3933,15,0,120.0,120.0,0.0,0.0,0.0,35.0,0.0,12.0,3.9113,0.8108,2.07,1440.0,299.0,0.1892,89.17,267.0,0.0759,0.0546,0.4128,0.0,0.0,0.0,1,credential_based_fraud,credential_stuffing,cred_stuffing_001,scn_27eb0d8bb423,overt_fraud,1,8,4,1,0,2,2,5,3,0
txn_a992ee0ecae0,5.33,0.2849,15,0,121.0,121.0,90.0,1.0,0.0,36.0,27.0,12.0,3.885,0.3719,0.02,2.09,299.0,0.1892,89.17,267.0,0.0759,0.0546,0.4128,0.9037,26.0,0.0,1,credential_based_fraud,credential_stuffing,cred_stuffing_001,scn_27eb0d8bb423,overt_fraud,4,8,4,1,0,0,0,6,3,0
txn_3b36f53ade34,6.9,0.3396,15,0,122.0,122.0,91.0,2.0,0.0,37.0,28.0,12.0,3.8969,0.7706,0.61,0.61,299.0,0.1892,89.17,267.0,0.0759,0.0546,0.4128,0.9037,26.0,0.0,1,credential_based_fraud,credential_stuffing,cred_stuffing_001,scn_27eb0d8bb423,overt_fraud,1,8,4,1,0,0,0,4,3,0
txn_3cfb468d2872,0.82,0.4899,15,0,123.0,123.0,92.0,0.0,0.0,36.0,27.0,12.0,3.9213,0.7909,0.5,0.5,299.0,0.1892,89.17,267.0,0.0759,0.0546,0.4128,0.9037,26.0,0.0,1,credential_based_fraud,credential_stuffing,cred_stuffing_001,scn_27eb0d8bb423,overt_fraud,1,8,4,1,0,5,5,6,3,0
txn_cd577ce1592d,5.65,0.4609,15,0,124.0,124.0,0.0,1.0,0.0,35.0,0.0,12.0,3.8963,0.4501,1.75,1440.0,299.0,0.1892,89.17,267.0,0.0759,0.0546,0.4128,0.0,0.0,0.0,1,credential_based_fraud,credential_stuffing,cred_stuffing_001,scn_27eb0d8bb423,overt_fraud,1,8,4,1,0,0,0,0,3,0
txn_007c97dbae49,2.14,0.0923,15,0,125.0,125.0,93.0,2.0,0.0,36.0,27.0,12.0,3.9103,0.4527,0.25,2.0,299.0,0.1892,89.17,267.0,0.0759,0.0546,0.4128,0.9037,26.0,0.0,1,credential_based_fraud,credential_stuffing,cred_stuffing_001,scn_27eb0d8bb423,overt_fraud,0,8,4,1,0,5,5,0,3,0
txn_715b2b02bc44,1.45,0.4977,15,0,126.0,126.0,94.0,0.0,0.0,37.0,28.0,12.0,3.8963,0.6278,1.13,1.13,299.0,0.1892,89.17,267.0,0.0759,0.0546,0.4128,0.9037,26.0,0.0,1,credential_based_fraud,credential_stuffing,cred_stuffing_001,scn_27eb0d8bb423,overt_fraud,2,8,4,1,0,5,5,2,3,0
txn_ddb74302b9e8,5.3,0.4045,15,0,127.0,127.0,95.0,1.0,0.0,38.0,29.0,12.0,3.877,0.367,0.9,0.9,299.0,0.1892,89.17,267.0,0.0759,0.0546,0.4128,0.9037,26.0,0.0,1,credential_based_fraud,credential_stuffing,cred_stuffing_001,scn_27eb0d8bb423,overt_fraud,0,8,4,1,0,5,5,4,3,0
txn_a58f0d00aab5,7.88,0.8046,15,0,128.0,128.0,0.0,2.0,0.0,39.0,0.0,12.0,3.8881,1.0267,1.29,1440.0,299.0,0.1892,89.17,267.0,0.0759,0.0546,0.4128,0.0,0.0,0.0,1,credential_based_fraud,credential_stuffing,cred_stuffing_001,scn_27eb0d8bb423,overt_fraud,4,8,4,1,0,1,1,3,3,0
txn_386e6b508b67,4.16,0.7329,15,0,129.0,129.0,96.0,0.0,0.0,40.0,30.0,12.0,3.9191,0.0615,1.36,2.65,299.0,0.1892,89.17,267.0,0.0759,0.0546,0.4128,0.9037,26.0,0.0,1,credential_based_fraud,credential_stuffing,cred_stuffing_001,scn_27eb0d8bb423,overt_fraud,0,8,4,1,0,0,0,1,3,0
txn_f50f5faee347,7.8,0.568,15,0,130.0,130.0,97.0,1.0,0.0,41.0,31.0,12.0,3.9209,0.9893,1.08,1.08,299.0,0.1892,89.17,267.0,0.0759,0.0546,0.4128,0.9037,26.0,0.0,1,credential_based_fraud,credential_stuffing,cred_stuffing_001,scn_27eb0d8bb423,overt_fraud,2,8,4,1,0,2,2,4,3,0
txn_06d91811fc07,1.67,0.3757,15,0,131.0,131.0,98.0,2.0,0.0,41.0,31.0,12.0,3.9505,0.5773,3.23,3.23,299.0,0.1892,89.17,267.0,0.0759,0.0546,0.4128,0.9037,26.0,0.0,1,credential_based_fraud,credential_stuffing,cred_stuffing_001,scn_27eb0d8bb423,overt_fraud,1,8,4,1,0,0,0,1,3,0
txn_d480f3e535a6,4.11,0.5273,15,0,132.0,132.0,0.0,0.0,0.0,41.0,0.0,12.0,3.9333,0.0449,0.49,1440.0,299.0,0.1892,89.17,267.0,0.0759,0.0546,0.4128,0.0,0.0,0.0,1,credential_based_fraud,credential_stuffing,cred_stuffing_001,scn_27eb0d8bb423,overt_fraud,2,8,4,1,0,5,5,5,3,0
txn_71e68d6e3828,5.32,0.5603,15,0,133.0,133.0,99.0,1.0,0.0,40.0,30.0,12.0,3.9346,0.3521,1.09,1.58,299.0,0.1892,89.17,267.0,0.0759,0.0546,0.4128,0.9037,26.0,0.0,1,credential_based_fraud,credential_stuffing,cred_stuffing_001,scn_27eb0d8bb423,overt_fraud,4,8,4,1,0,2,2,0,3,0
txn_a2ce471d2bf6,7.28,0.512,15,0,134.0,134.0,100.0,2.0,0.0,40.0,30.0,12.0,3.9449,0.8454,0.74,0.74,299.0,0.1892,89.17,267.0,0.0759,0.0546,0.4128,0.9037,26.0,0.0,1,credential_based_fraud,credential_stuffing,cred_stuffing_001,scn_27eb0d8bb423,overt_fraud,2,8,4,1,1,5,5,4,3,1
txn_0ca23e4556bb,1.33,0.6143,15,1,135.0,135.0,101.0,0.0,0.0,41.0,31.0,13.0,3.9696,0.665,0.18,0.18,299.0,0.1892,89.17,267.0,0.0759,0.0546,0.4128,0.9037,26.0,0.0,1,credential_based_fraud,credential_stuffing,cred_stuffing_001,scn_27eb0d8bb423,overt_fraud,4,8,4,1,0,5,4,5,3,0
txn_bf22e33df162,5.5,0.3493,15,0,136.0,136.0,0.0,1.0,0.0,41.0,0.0,13.0,3.9502,0.3923,3.17,1440.0,299.0,0.1892,89.17,267.0,0.0759,0.0546,0.4128,0.0,0.0,0.0,1,credential_based_fraud,credential_stuffing,cred_stuffing_001,scn_27eb0d8bb423,overt_fraud,0,8,4,1,0,5,5,3,3,0
txn_3a59a2fe0355,1.66,0.4397,15,0,137.0,137.0,102.0,2.0,0.0,42.0,31.0,13.0,3.9615,0.581,0.83,4.0,299.0,0.1892,89.17,267.0,0.0759,0.0546,0.4128,0.9037,26.0,0.0,1,credential_based_fraud,credential_stuffing,cred_stuffing_001,scn_27eb0d8bb423,overt_fraud,0,8,4,1,0,1,1,4,3,0
txn_1be9430b9bde,3.4,0.4929,15,0,138.0,138.0,103.0,0.0,0.0,43.0,32.0,13.0,3.9449,0.1381,0.68,0.68,299.0,0.1892,89.17,267.0,0.0759,0.0546,0.4128,0.9037,26.0,0.0,1,credential_based_fraud,credential_stuffing,cred_stuffing_001,scn_27eb0d8bb423,overt_fraud,3,8,4,1,0,5,5,1,3,0
txn_a2c7726aebce,7.54,0.704,15,0,139.0,139.0,104.0,1.0,0.0,44.0,33.0,13.0,3.9409,0.9133,0.58,0.58,299.0,0.1892,89.17,267.0,0.0759,0.0546,0.4128,0.9037,26.0,0.0,1,credential_based_fraud,credential_stuffing,cred_stuffing_001,scn_27eb0d8bb423,overt_fraud,1,8,4,1,0,0,0,2,3,0
txn_8b50e3792508,7.16,0.4862,15,0,140.0,140.0,0.0,2.0,0.0,44.0,0.0,13.0,3.9666,0.8051,1.08,1440.0,299.0,0.1892,89.17,267.0,0.0759,0.0546,0.4128,0.0,0.0,0.0,1,credential_based_fraud,credential_stuffing,cred_stuffing_001,scn_27eb0d8bb423,overt_fraud,2,8,4,1,0,0,0,6,3,0
txn_f2c983421bb5,4.48,0.6119,15,0,141.0,141.0,105.0,0.0,0.0,45.0,33.0,13.0,3.9893,0.123,0.51,1.59,299.0,0.1892,89.17,267.0,0.0759,0.0546,0.4128,0.9037,26.0,0.0,1,credential_based_fraud,credential_stuffing,cred_stuffing_001,scn_27eb0d8bb423,overt_fraud,4,8,4,1,0,1,1,0,3,0
txn_c4c22724033c,7.78,0.4369,15,0,142.0,142.0,106.0,1.0,0.0,43.0,32.0,13.0,3.9927,0.9485,3.34,3.34,299.0,0.1892,89.17,267.0,0.0759,0.0546,0.4128,0.9037,26.0,0.0,1,credential_based_fraud,credential_stuffing,cred_stuffing_001,scn_27eb0d8bb423,overt_fraud,2,8,4,1,0,0,0,4,3,0
txn_450900264f7f,2.36,0.644,15,0,143.0,143.0,107.0,2.0,0.0,43.0,32.0,13.0,4.0192,0.4128,0.26,0.26,299.0,0.1892,89.17,267.0,0.0759,0.0546,0.4128,0.9037,26.0,0.0,1,credential_based_fraud,credential_stuffing,cred_stuffing_001,scn_27eb0d8bb423,overt_fraud,4,8,4,1,0,3,3,5,3,0
txn_4eb4b6b92c58,5.53,0.3573,15,1,144.0,144.0,0.0,0.0,0.0,43.0,0.0,13.0,4.0077,0.3798,3.31,1440.0,299.0,0.1892,89.17,267.0,0.0759,0.0546,0.4128,0.0,0.0,0.0,1,credential_based_fraud,credential_stuffing,cred_stuffing_001,scn_27eb0d8bb423,overt_fraud,3,8,4,1,0,4,1,4,3,0
txn_1453e4d6778a,6.5,0.6606,15,0,145.0,145.0,108.0,1.0,0.0,44.0,33.0,13.0,4.0182,0.6176,2.62,5.93,299.0,0.1892,89.17,267.0,0.0759,0.0546,0.4128,0.9037,26.0,0.0,1,credential_based_fraud,credential_stuffing,cred_stuffing_001,scn_27eb0d8bb423,overt_fraud,3,8,4,1,0,5,5,2,3,0
txn_b5abadd5f865,3.39,0.2142,15,1,146.0,146.0,109.0,2.0,0.0,43.0,32.0,13.0,4.0352,0.1599,2.65,2.65,299.0,0.1892,89.17,267.0,0.0759,0.0546,0.4128,0.9037,26.0,0.0,1,credential_based_fraud,credential_stuffing,cred_stuffing_001,scn_27eb0d8bb423,overt_fraud,1,8,4,1,0,1,2,6,3,0
txn_632b7a42afd7,1.98,0.3137,15,0,147.0,147.0,110.0,0.0,0.0,44.0,33.0,13.0,4.0308,0.5088,0.32,0.32,299.0,0.1892,89.17,267.0,0.0759,0.0546,0.4128,0.9037,26.0,0.0,1,credential_based_fraud,credential_stuffing,cred_stuffing_001,scn_27eb0d8bb423,overt_fraud,1,8,4,1,1,5,5,4,3,1
txn_cb444f47fb08,6.59,0.4052,15,0,148.0,148.0,0.0,1.0,0.0,45.0,0.0,14.0,4.017,0.6405,1.87,1440.0,299.0,0.1892,89.17,267.0,0.0759,0.0546,0.4128,0.0,0.0,0.0,1,credential_based_fraud,credential_stuffing,cred_stuffing_001,scn_27eb0d8bb423,overt_fraud,1,8,4,1,0,5,5,2,3,0
txn_a004145faf86,4.76,0.2994,15,0,149.0,149.0,111.0,2.0,0.0,45.0,33.0,14.0,4.0342,0.1799,1.29,3.16,299.0,0.1892,89.17,267.0,0.0759,0.0546,0.4128,0.9037,26.0,0.0,1,credential_based_fraud,credential_stuffing,cred_stuffing_001,scn_27eb0d8bb423,overt_fraud,2,8,4,1,0,2,2,2,3,0
txn_4660c01df04e,7.2,0.5012,15,0,150.0,150.0,112.0,0.0,0.0,44.0,33.0,14.0,4.0391,0.7826,2.23,2.23,299.0,0.1892,89.17,267.0,0.0759,0.0546,0.4128,0.9037,26.0,0.0,1,credential_based_fraud,credential_stuffing,cred_stuffing_001,scn_27eb0d8bb423,overt_fraud,2,8,4,1,0,4,4,1,3,0
txn_645b5b5f5acb,3.89,0.3979,15,0,151.0,151.0,113.0,1.0,0.0,44.0,33.0,14.0,4.06,0.0419,0.22,0.22,299.0,0.1892,89.17,267.0,0.0759,0.0546,0.4128,0.9037,26.0,0.0,1,credential_based_fraud,credential_stuffing,cred_stuffing_001,scn_27eb0d8bb423,overt_fraud,0,8,4,1,0,1,1,0,3,0
txn_a9cb3358bc47,0.66,0.499,15,0,152.0,152.0,0.0,2.0,0.0,45.0,0.0,14.0,4.0589,0.8374,1.3,1440.0,299.0,0.1892,89.17,267.0,0.0759,0.0546,0.4128,0.0,0.0,0.0,1,credential_based_fraud,credential_stuffing,cred_stuffing_001,scn_27eb0d8bb423,overt_fraud,2,8,4,1,0,0,0,0,3,0
txn_1e7f37584ef0,3.62,0.6558,15,0,153.0,153.0,114.0,0.0,0.0,45.0,33.0,14.0,4.0367,0.1032,0.45,1.75,299.0,0.1892,89.17,267.0,0.0759,0.0546,0.4128,0.9037,26.0,0.0,1,credential_based_fraud,credential_stuffing,cred_stuffing_001,scn_27eb0d8bb423,overt_fraud,1,8,4,1,0,3,3,4,3,0
txn_4cc76a7394c8,6.69,0.92,15,0,154.0,154.0,115.0,1.0,0.0,46.0,34.0,14.0,4.034,0.6584,0.88,0.88,299.0,0.1892,89.17,267.0,0.0759,0.0546,0.4128,0.9037,26.0,0.0,1,credential_based_fraud,credential_stuffing,cred_stuffing_001,scn_27eb0d8bb423,overt_fraud,0,8,4,1,0,2,2,2,3,0
txn_517cf99b5481,3.19,0.5525,15,0,155.0,155.0,116.0,2.0,0.0,47.0,35.0,14.0,4.0511,0.2126,1.63,1.63,299.0,0.1892,89.17,267.0,0.0759,0.0546,0.4128,0.9037,26.0,0.0,1,credential_based_fraud,credential_stuffing,cred_stuffing_001,scn_27eb0d8bb423,overt_fraud,1,8,4,1,0,3,3,3,3,0
txn_098d18aa41fa,5.11,0.4886,15,0,156.0,156.0,0.0,0.0,0.0,48.0,0.0,14.0,4.0456,0.2631,0.22,1440.0,299.0,0.1892,89.17,267.0,0.0759,0.0546,0.4128,0.0,0.0,0.0,1,credential_based_fraud,credential_stuffing,cred_stuffing_001,scn_27eb0d8bb423,overt_fraud,4,8,4,1,0,4,4,4,3,0
txn_ec493ccabb1a,6.98,0.5808,15,0,157.0,157.0,117.0,1.0,0.0,46.0,34.0,14.0,4.0524,0.7225,1.78,2.0,299.0,0.1892,89.17,267.0,0.0759,0.0546,0.4128,0.9037,26.0,0.0,1,credential_based_fraud,credential_stuffing,cred_stuffing_001,scn_27eb0d8bb423,overt_fraud,0,8,4,1,0,4,4,0,3,0
txn_6e766d3c1e9d,1.86,0.7756,15,0,158.0,158.0,118.0,2.0,0.0,47.0,35.0,14.0,4.0709,0.5431,0.2,0.2,299.0,0.1892,89.17,267.0,0.0759,0.0546,0.4128,0.9037,26.0,0.0,1,credential_based_fraud,credential_stuffing,cred_stuffing_001,scn_27eb0d8bb423,overt_fraud,2,8,4,1,0,0,0,6,3,0
txn_c14622ce38cb,5.79,0.6412,15,0,159.0,159.0,119.0,0.0,0.0,48.0,36.0,14.0,4.057,0.4272,1.01,1.01,299.0,0.1892,89.17,267.0,0.0759,0.0546,0.4128,0.9037,26.0,0.0,1,credential_based_fraud,credential_stuffing,cred_stuffing_001,scn_27eb0d8bb423,overt_fraud,2,8,4,1,0,1,1,3,3,0
txn_d6422d4468fc,1.69,0.2504,15,0,160.0,160.0,0.0,1.0,0.0,49.0,0.0,14.0,4.0678,0.5845,1.74,1440.0,299.0,0.1892,89.17,267.0,0.0759,0.0546,0.4128,0.0,0.0,0.0,1,credential_based_fraud,credential_stuffing,cred_stuffing_001,scn_27eb0d8bb423,overt_fraud,4,8,4,1,0,2,2,0,3,0
txn_bd8749a3566b,2.38,0.8731,16,0,161.0,161.0,120.0,2.0,0.0,45.0,33.0,14.0,4.053,0.4128,5.21,6.95,299.0,0.1892,89.17,267.0,0.0759,0.0546,0.4128,0.9037,26.0,0.0,1,credential_based_fraud,credential_stuffing,cred_stuffing_001,scn_27eb0d8bb423,overt_fraud,1,8,4,1,0,4,4,4,3,0
txn_eda643f244f6,5.17,0.4408,16,0,162.0,162.0,121.0,0.0,0.0,45.0,34.0,14.0,4.0427,0.2788,1.15,1.15,299.0,0.1892,89.17,267.0,0.0759,0.0546,0.4128,0.9037,26.0,0.0,1,credential_based_fraud,credential_stuffing,cred_stuffing_001,scn_27eb0d8bb423,overt_fraud,0,8,4,1,0,1,1,6,3,0
txn_4f1d4305b36d,5.09,0.3971,16,0,163.0,163.0,122.0,1.0,0.0,46.0,35.0,14.0,4.0496,0.2569,1.01,1.01,299.0,0.1892,89.17,267.0,0.0759,0.0546,0.4128,0.9037,26.0,0.0,1,credential_based_fraud,credential_stuffing,cred_stuffing_001,scn_27eb0d8bb423,overt_fraud,4,8,4,1,0,4,4,4,3,0
txn_2c81fbe9b3ef,7.66,0.2756,16,0,164.0,164.0,0.0,2.0,0.0,47.0,0.0,14.0,4.056,0.8886,0.82,1440.0,299.0,0.1892,89.17,267.0,0.0759,0.0546,0.4128,0.0,0.0,0.0,1,credential_based_fraud,credential_stuffing,cred_stuffing_001,scn_27eb0d8bb423,overt_fraud,0,8,4,1,0,1,1,6,3,0
txn_0d5cb666edd6,3.81,0.6353,16,0,165.0,165.0,123.0,0.0,0.0,47.0,35.0,14.0,4.0778,0.0657,0.61,1.43,299.0,0.1892,89.17,267.0,0.0759,0.0546,0.4128,0.9037,26.0,0.0,1,credential_based_fraud,credential_stuffing,cred_stuffing_001,scn_27eb0d8bb423,overt_fraud,2,8,4,1,0,1,1,1,3,0
txn_34d84bdacfa9,6.26,0.4288,16,0,166.0,166.0,124.0,1.0,0.0,42.0,31.0,14.0,4.0762,0.5357,3.63,3.63,299.0,0.1892,89.17,267.0,0.0759,0.0546,0.4128,0.9037,26.0,0.0,1,credential_based_fraud,credential_stuffing,cred_stuffing_001,scn_27eb0d8bb423,overt_fraud,1,8,4,1,0,1,1,2,3,0
txn_46719eb52a43,5.29,0.5147,16,0,167.0,167.0,125.0,2.0,0.0,41.0,31.0,14.0,4.0893,0.2936,2.24,2.24,299.0,0.1892,89.17,267.0,0.0759,0.0546,0.4128,0.9037,26.0,0.0,1,credential_based_fraud,credential_stuffing,cred_stuffing_001,scn_27eb0d8bb423,overt_fraud,3,8,4,1,0,1,1,2,3,0
txn_ec86f3e94862,3.7,0.707,16,0,168.0,168.0,0.0,0.0,0.0,42.0,0.0,14.0,4.0964,0.0968,0.06,1440.0,299.0,0.1892,89.17,267.0,0.0759,0.0546,0.4128,0.0,0.0,0.0,1,credential_based_fraud,credential_stuffing,cred_stuffing_001,scn_27eb0d8bb423,overt_fraud,3,8,4,1,0,1,1,6,3,0
txn_69ac4bc3fc57,3.95,0.3752,16,0,169.0,169.0,126.0,1.0,0.0,43.0,32.0,14.0,4.0941,0.0352,0.01,0.07,299.0,0.1892,89.17,267.0,0.0759,0.0546,0.4128,0.9037,26.0,0.0,1,credential_based_fraud,credential_stuffing,cred_stuffing_001,scn_27eb0d8bb423,overt_fraud,3,8,4,1,0,1,1,5,3,0
txn_8b533932cd7e,7.94,0.3412,16,0,170.0,170.0,127.0,2.0,0.0,42.0,31.0,14.0,4.0932,0.9398,1.67,1.67,299.0,0.1892,89.17,267.0,0.0759,0.0546,0.4128,0.9037,26.0,0.0,1,credential_based_fraud,credential_stuffing,cred_stuffing_001,scn_27eb0d8bb423,overt_fraud,3,8,4,1,0,1,1,3,3,0
txn_097029605b2a,1.74,0.5249,16,0,171.0,171.0,128.0,0.0,0.0,43.0,32.0,14.0,4.1157,0.5772,1.1,1.1,299.0,0.1892,89.17,267.0,0.0759,0.0546,0.4128,0.9037,26.0,0.0,1,credential_based_fraud,credential_stuffing,cred_stuffing_001,scn_27eb0d8bb423,overt_fraud,4,8,4,1,0,0,0,2,3,0
txn_47fd7633737c,7.8,0.4531,16,0,172.0,172.0,0.0,1.0,0.0,43.0,0.0,14.0,4.1019,0.9015,0.77,1440.0,299.0,0.1892,89.17,267.0,0.0759,0.0546,0.4128,0.0,0.0,0.0,1,credential_based_fraud,credential_stuffing,cred_stuffing_001,scn_27eb0d8bb423,overt_fraud,1,8,4,1,0,0,0,3,3,0
txn_953f59bf259b,1.27,0.1852,16,0,173.0,173.0,129.0,2.0,0.0,43.0,32.0,14.0,4.1233,0.692,0.76,1.53,299.0,0.1892,89.17,267.0,0.0759,0.0546,0.4128,0.9037,26.0,0.0,1,credential_based_fraud,credential_stuffing,cred_stuffing_001,scn_27eb0d8bb423,overt_fraud,3,8,4,1,0,5,5,5,3,0
txn_05f40da8f9f7,5.29,0.6352,16,0,174.0,174.0,130.0,0.0,0.0,44.0,33.0,14.0,4.1069,0.2881,0.04,0.04,299.0,0.1892,89.17,267.0,0.0759,0.0546,0.4128,0.9037,26.0,0.0,1,credential_based_fraud,credential_stuffing,cred_stuffing_001,scn_27eb0d8bb423,overt_fraud,2,8,4,1,0,3,3,3,3,0
txn_c0b660cea4e9,3.66,0.5843,16,0,175.0,175.0,131.0,1.0,0.0,44.0,33.0,14.0,4.1137,0.1103,1.08,1.08,299.0,0.1892,89.17,267.0,0.0759,0.0546,0.4128,0.9037,26.0,0.0,1,credential_based_fraud,credential_stuffing,cred_stuffing_001,scn_27eb0d8bb423,overt_fraud,0,8,4,1,0,1,1,1,3,0
txn_623660c94a68,5.73,0.5943,16,0,176.0,176.0,0.0,2.0,0.0,45.0,0.0,14.0,4.1111,0.3938,1.19,1440.0,299.0,0.1892,89.17,267.0,0.0759,0.0546,0.4128,0.0,0.0,0.0,1,credential_based_fraud,credential_stuffing,cred_stuffing_001,scn_27eb0d8bb423,overt_fraud,2,8,4,1,0,3,3,4,3,0
txn_c384c310d4e2,3.32,0.5821,16,0,177.0,177.0,132.0,0.0,0.0,46.0,34.0,14.0,4.1202,0.1942,1.03,2.22,299.0,0.1892,89.17,267.0,0.0759,0.0546,0.4128,0.9037,26.0,0.0,1,credential_based_fraud,credential_stuffing,cred_stuffing_001,scn_27eb0d8bb423,overt_fraud,3,8,4,1,0,2,2,0,3,0
txn_70b12de29b50,2.86,0.5918,16,0,178.0,178.0,133.0,1.0,0.0,47.0,35.0,14.0,4.1157,0.3051,0.22,0.22,299.0,0.1892,89.17,267.0,0.0759,0.0546,0.4128,0.9037,26.0,0.0,1,credential_based_fraud,credential_stuffing,cred_stuffing_001,scn_27eb0d8bb423,overt_fraud,1,8,4,1,0,1,1,0,3,0
txn_b233c11c2f66,4.76,0.5341,16,0,179.0,179.0,134.0,2.0,0.0,46.0,35.0,14.0,4.1087,0.1585,2.15,2.15,299.0,0.1892,89.17,267.0,0.0759,0.0546,0.4128,0.9037,26.0,0.0,1,credential_based_fraud,credential_stuffing,cred_stuffing_001,scn_27eb0d8bb423,overt_fraud,3,8,4,1,0,0,0,6,3,0
txn_9e204b4cc0f0,4.08,0.3536,16,1,180.0,180.0,0.0,0.0,0.0,46.0,0.0,14.0,4.1123,0.0079,0.34,1440.0,299.0,0.1892,89.17,267.0,0.0759,0.0546,0.4128,0.0,0.0,0.0,1,credential_based_fraud,credential_stuffing,cred_stuffing_001,scn_27eb0d8bb423,overt_fraud,4,8,4,1,0,3,0,3,3,0
txn_5bb0dca4bd43,4.89,0.4677,16,0,181.0,181.0,135.0,1.0,0.0,47.0,35.0,14.0,4.1122,0.1892,0.02,0.36,299.0,0.1892,89.17,267.0,0.0759,0.0546,0.4128,0.9037,26.0,0.0,1,credential_based_fraud,credential_stuffing,cred_stuffing_001,scn_27eb0d8bb423,overt_fraud,4,8,4,1,0,0,0,3,3,0
txn_8a33d4461638,1.67,0.5459,16,0,182.0,182.0,136.0,2.0,0.0,48.0,36.0,14.0,4.1164,0.5943,0.52,0.52,299.0,0.1892,89.17,267.0,0.0759,0.0546,0.4128,0.9037,26.0,0.0,1,credential_based_fraud,credential_stuffing,cred_stuffing_001,scn_27eb0d8bb423,overt_fraud,1,8,4,1,0,4,4,3,3,0
txn_fe0cb477ea50,1.06,0.3341,16,1,183.0,183.0,137.0,0.0,0.0,48.0,36.0,14.0,4.1031,0.7417,0.19,0.19,299.0,0.1892,89.17,267.0,0.0759,0.0546,0.4128,0.9037,26.0,0.0,1,credential_based_fraud,credential_stuffing,cred_stuffing_001,scn_27eb0d8bb423,overt_fraud,0,8,4,1,0,1,5,3,3,0
txn_17cca2d2ee8d,0.63,0.6551,16,0,184.0,184.0,0.0,1.0,0.0,48.0,0.0,14.0,4.0865,0.8458,0.24,1440.0,299.0,0.1892,89.17,267.0,0.0759,0.0546,0.4128,0.0,0.0,0.0,1,credential_based_fraud,credential_stuffing,cred_stuffing_001,scn_27eb0d8bb423,overt_fraud,2,8,4,1,0,0,0,5,3,0
txn_49db77fd703c,6.26,0.6459,16,1,185.0,185.0,138.0,2.0,0.0,49.0,36.0,14.0,4.0678,0.5389,2.91,3.15,299.0,0.1892,89.17,267.0,0.0759,0.0546,0.4128,0.9037,26.0,0.0,1,credential_based_fraud,credential_stuffing,cred_stuffing_001,scn_27eb0d8bb423,overt_fraud,2,8,4,1,0,5,1,0,3,0
txn_714fe5f08a1c,5.85,0.2403,16,0,186.0,186.0,139.0,0.0,0.0,50.0,37.0,14.0,4.0796,0.434,0.01,0.01,299.0,0.1892,89.17,267.0,0.0759,0.0546,0.4128,0.9037,26.0,0.0,1,credential_based_fraud,credential_stuffing,cred_stuffing_001,scn_27eb0d8bb423,overt_fraud,1,8,4,1,0,2,2,6,3,0
txn_2ae1f2c2151e,3.59,0.4136,16,0,187.0,187.0,140.0,1.0,0.0,50.0,38.0,14.0,4.0891,0.1221,0.11,0.11,299.0,0.1892,89.17,267.0,0.0759,0.0546,0.4128,0.9037,26.0,0.0,1,credential_based_fraud,credential_stuffing,cred_stuffing_001,scn_27eb0d8bb423,overt_fraud,2,8,4,1,0,5,5,1,3,0
txn_5f60422a4cb0,7.49,0.7823,16,0,188.0,188.0,0.0,2.0,0.0,51.0,0.0,14.0,4.0864,0.8329,0.14,1440.0,299.0,0.1892,89.17,267.0,0.0759,0.0546,0.4128,0.0,0.0,0.0,1,credential_based_fraud,credential_stuffing,cred_stuffing_001,scn_27eb0d8bb423,overt_fraud,4,8,4,1,0,4,4,6,3,0
txn_d4fd9d7c9bec,2.77,0.7017,16,0,189.0,189.0,141.0,0.0,0.0,51.0,38.0,14.0,4.1044,0.3251,1.09,1.23,299.0,0.1892,89.17,267.0,0.0759,0.0546,0.4128,0.9037,26.0,0.0,1,credential_based_fraud,credential_stuffing,cred_stuffing_001,scn_27eb0d8bb423,overt_fraud,3,8,4,1,0,2,2,0,3,0
txn_d12c71a8b848,6.95,0.7043,16,0,190.0,190.0,142.0,1.0,0.0,50.0,37.0,14.0,4.0974,0.6962,1.16,1.16,299.0,0.1892,89.17,267.0,0.0759,0.0546,0.4128,0.9037,26.0,0.0,1,credential_based_fraud,credential_stuffing,cred_stuffing_001,scn_27eb0d8bb423,overt_fraud,0,8,4,1,0,1,1,1,3,0
txn_a3c5bdb216e2,4.97,0.4837,16,0,191.0,191.0,143.0,2.0,0.0,50.0,38.0,14.0,4.1124,0.2086,0.9,0.9,299.0,0.1892,89.17,267.0,0.0759,0.0546,0.4128,0.9037,26.0,0.0,1,credential_based_fraud,credential_stuffing,cred_stuffing_001,scn_27eb0d8bb423,overt_fraud,0,8,4,1,0,1,1,2,3,0
txn_11b54196028a,2.61,0.6379,16,0,192.0,192.0,0.0,0.0,0.0,48.0,0.0,14.0,4.1168,0.366,6.47,1440.0,299.0,0.1892,89.17,267.0,0.0759,0.0546,0.4128,0.0,0.0,0.0,1,credential_based_fraud,credential_stuffing,cred_stuffing_001,scn_27eb0d8bb423,overt_fraud,0,8,4,1,0,4,4,1,3,0
txn_54fe47e8affe,5.77,0.285,16,0,193.0,193.0,144.0,1.0,0.0,49.0,36.0,14.0,4.109,0.4042,0.39,6.86,299.0,0.1892,89.17,267.0,0.0759,0.0546,0.4128,0.9037,26.0,0.0,1,credential_based_fraud,credential_stuffing,cred_stuffing_001,scn_27eb0d8bb423,overt_fraud,0,8,4,1,0,3,3,5,3,0
txn_3d17ac0eeba2,2.61,0.7394,16,0,194.0,194.0,145.0,2.0,0.0,49.0,37.0,14.0,4.1176,0.3661,0.61,0.61,299.0,0.1892,89.17,267.0,0.0759,0.0546,0.4128,0.9037,26.0,0.0,1,credential_based_fraud,credential_stuffing,cred_stuffing_001,scn_27eb0d8bb423,overt_fraud,3,8,4,1,0,3,3,4,3,0
txn_25c0a8b08b38,1.85,0.3856,16,0,195.0,195.0,146.0,0.0,0.0,50.0,38.0,14.0,4.1098,0.5499,1.67,1.67,299.0,0.1892,89.17,267.0,0.0759,0.0546,0.4128,0.9037,26.0,0.0,1,credential_based_fraud,credential_stuffing,cred_stuffing_001,scn_27eb0d8bb423,overt_fraud,0,8,4,1,0,1,1,3,3,0
txn_dca465521ca4,4.15,0.7211,16,0,196.0,196.0,0.0,1.0,0.0,49.0,0.0,14.0,4.0983,0.0126,3.45,1440.0,299.0,0.1892,89.17,267.0,0.0759,0.0546,0.4128,0.0,0.0,0.0,1,credential_based_fraud,credential_stuffing,cred_stuffing_001,scn_27eb0d8bb423,overt_fraud,4,8,4,1,0,4,4,5,3,0
txn_e8c622184c52,1.81,0.2161,16,0,197.0,197.0,147.0,2.0,0.0,49.0,36.0,14.0,4.0986,0.5584,1.16,4.61,299.0,0.1892,89.17,267.0,0.0759,0.0546,0.4128,0.9037,26.0,0.0,1,credential_based_fraud,credential_stuffing,cred_stuffing_001,scn_27eb0d8bb423,overt_fraud,3,8,4,1,0,1,1,6,3,0
txn_1cb23be04eab,4.63,0.2375,16,0,198.0,198.0,148.0,0.0,0.0,49.0,37.0,14.0,4.087,0.1329,1.54,1.54,299.0,0.1892,89.17,267.0,0.0759,0.0546,0.4128,0.9037,26.0,0.0,1,credential_based_fraud,credential_stuffing,cred_stuffing_001,scn_27eb0d8bb423,overt_fraud,2,8,4,1,0,2,2,6,3,0
txn_f18c54af73a2,4.33,0.5202,16,0,199.0,199.0,149.0,1.0,0.0,50.0,38.0,14.0,4.0897,0.0587,0.26,0.26,299.0,0.1892,89.17,267.0,0.0759,0.0546,0.4128,0.9037,26.0,0.0,1,credential_based_fraud,credential_stuffing,cred_stuffing_001,scn_27eb0d8bb423,overt_fraud,0,8,4,1,0,2,2,4,3,0
txn_d2dd3fa1b5f9,3.54,0.3268,16,0,200.0,200.0,0.0,2.0,0.0,50.0,0.0,14.0,4.091,0.1347,1.15,1440.0,299.0,0.1892,89.17,267.0,0.0759,0.0546,0.4128,0.0,0.0,0.0,1,credential_based_fraud,credential_stuffing,cred_stuffing_001,scn_27eb0d8bb423,overt_fraud,0,8,4,1,0,5,5,3,3,0
txn_7cd979b51058,4.68,0.6512,16,1,201.0,201.0,150.0,0.0,0.0,51.0,38.0,14.0,4.0882,0.1448,1.06,2.21,299.0,0.1892,89.17,267.0,0.0759,0.0546,0.4128,0.9037,26.0,0.0,1,credential_based_fraud,credential_stuffing,cred_stuffing_001,scn_27eb0d8bb423,overt_fraud,4,8,4,1,0,5,3,3,3,0
txn_10648439d247,4.88,0.6163,16,0,202.0,202.0,151.0,1.0,0.0,52.0,39.0,14.0,4.0911,0.1928,0.1,0.1,299.0,0.1892,89.17,267.0,0.0759,0.0546,0.4128,0.9037,26.0,0.0,1,credential_based_fraud,credential_stuffing,cred_stuffing_001,scn_27eb0d8bb423,overt_fraud,0,8,4,1,0,3,3,0,3,0
txn_c40aba186f18,4.82,0.6106,16,0,203.0,203.0,152.0,2.0,0.0,51.0,38.0,14.0,4.095,0.177,0.76,0.76,299.0,0.1892,89.17,267.0,0.0759,0.0546,0.4128,0.9037,26.0,0.0,1,credential_based_fraud,credential_stuffing,cred_stuffing_001,scn_27eb0d8bb423,overt_fraud,2,8,4,1,0,4,4,5,3,0
txn_36cfb6734736,7.9,0.4198,16,0,204.0,204.0,0.0,0.0,0.0,52.0,0.0,14.0,4.0986,0.9275,0.29,1440.0,299.0,0.1892,89.17,267.0,0.0759,0.0546,0.4128,0.0,0.0,0.0,1,credential_based_fraud,credential_stuffing,cred_stuffing_001,scn_27eb0d8bb423,overt_fraud,0,8,4,1,0,2,2,3,3,0
txn_2cf9532b25d5,7.17,0.6884,16,0,205.0,205.0,153.0,1.0,0.0,53.0,39.0,14.0,4.1171,0.7415,0.35,0.64,299.0,0.1892,89.17,267.0,0.0759,0.0546,0.4128,0.9037,26.0,0.0,1,credential_based_fraud,credential_stuffing,cred_stuffing_001,scn_27eb0d8bb423,overt_fraud,3,8,4,1,0,0,0,2,3,0
txn_8283ee46ab12,4.47,0.254,16,0,206.0,206.0,154.0,2.0,0.0,53.0,40.0,14.0,4.1319,0.0818,0.68,0.68,299.0,0.1892,89.17,267.0,0.0759,0.0546,0.4128,0.9037,26.0,0.0,1,credential_based_fraud,credential_stuffing,cred_stuffing_001,scn_27eb0d8bb423,overt_fraud,0,8,4,1,0,1,1,2,3,0
txn_a57ebe1bb0c1,5.28,0.4542,16,0,207.0,207.0,155.0,0.0,0.0,54.0,41.0,14.0,4.1336,0.2773,0.2,0.2,299.0,0.1892,89.17,267.0,0.0759,0.0546,0.4128,0.9037,26.0,0.0,1,credential_based_fraud,credential_stuffing,cred_stuffing_001,scn_27eb0d8bb423,overt_fraud,4,8,4,1,0,5,5,5,3,0
txn_8ff73f4e2bc9,3.01,0.3754,16,1,208.0,208.0,0.0,1.0,0.0,54.0,0.0,14.0,4.1391,0.2728,0.3,1440.0,299.0,0.1892,89.17,267.0,0.0759,0.0546,0.4128,0.0,0.0,0.0,1,credential_based_fraud,credential_stuffing,cred_stuffing_001,scn_27eb0d8bb423,overt_fraud,0,8,4,1,0,2,0,1,3,0
txn_b478f2e566d0,2.71,0.2934,16,0,209.0,209.0,156.0,2.0,0.0,55.0,41.0,14.0,4.1337,0.3444,0.23,0.53,299.0,0.1892,89.17,267.0,0.0759,0.0546,0.4128,0.9037,26.0,0.0,1,credential_based_fraud,credential_stuffing,cred_stuffing_001,scn_27eb0d8bb423,overt_fraud,3,8,4,1,1,4,4,5,3,1
txn_ba490f94319a,2.52,0.9079,16,0,210.0,210.0,157.0,0.0,0.0,54.0,40.0,15.0,4.1269,0.3894,2.08,2.08,299.0,0.1892,89.17,267.0,0.0759,0.0546,0.4128,0.9037,26.0,0.0,1,credential_based_fraud,credential_stuffing,cred_stuffing_001,scn_27eb0d8bb423,overt_fraud,1,8,4,1,1,4,4,0,3,1
txn_335aae1c6233,3.28,0.2598,16,0,211.0,211.0,158.0,1.0,0.0,54.0,41.0,16.0,4.1193,0.2037,0.37,0.37,299.0,0.1892,89.17,267.0,0.0759,0.0546,0.4128,0.9037,26.0,0.0,1,credential_based_fraud,credential_stuffing,cred_stuffing_001,scn_27eb0d8bb423,overt_fraud,0,8,4,1,0,3,3,5,3,0
txn_9cd6bf3cbb89,5.44,0.5009,16,0,212.0,212.0,0.0,2.0,0.0,55.0,0.0,16.0,4.1153,0.3219,1.12,1440.0,299.0,0.1892,89.17,267.0,0.0759,0.0546,0.4128,0.0,0.0,0.0,1,credential_based_fraud,credential_stuffing,cred_stuffing_001,scn_27eb0d8bb423,overt_fraud,0,8,4,1,0,0,0,5,3,0
txn_57b3463023b7,5.52,0.5797,16,0,213.0,213.0,159.0,0.0,0.0,53.0,39.0,16.0,4.1215,0.3393,3.13,4.25,299.0,0.1892,89.17,267.0,0.0759,0.0546,0.4128,0.9037,26.0,0.0,1,credential_based_fraud,credential_stuffing,cred_stuffing_001,scn_27eb0d8bb423,overt_fraud,1,8,4,1,0,1,1,4,3,0
txn_09eabd927d41,6.01,0.7083,16,0,214.0,214.0,160.0,1.0,0.0,53.0,40.0,16.0,4.1281,0.4559,0.48,0.48,299.0,0.1892,89.17,267.0,0.0759,0.0546,0.4128,0.9037,26.0,0.0,1,credential_based_fraud,credential_stuffing,cred_stuffing_001,scn_27eb0d8bb423,overt_fraud,0,8,4,1,0,1,1,6,3,0
txn_d7cbf79cd709,5.71,0.537,17,0,215.0,215.0,161.0,2.0,0.0,53.0,40.0,16.0,4.1368,0.3803,6.12,6.12,299.0,0.1892,89.17,267.0,0.0759,0.0546,0.4128,0.9037,26.0,0.0,1,credential_based_fraud,credential_stuffing,cred_stuffing_001,scn_27eb0d8bb423,overt_fraud,1,8,4,1,0,0,0,5,3,0
txn_2a85003d240d,6.01,0.7348,17,0,216.0,216.0,0.0,0.0,0.0,53.0,0.0,16.0,4.1441,0.4502,0.02,1440.0,299.0,0.1892,89.17,267.0,0.0759,0.0546,0.4128,0.0,0.0,0.0,1,credential_based_fraud,credential_stuffing,cred_stuffing_001,scn_27eb0d8bb423,overt_fraud,1,8,4,1,0,4,4,6,3,0
txn_e83269a51902,5.6,0.5419,17,0,217.0,217.0,162.0,1.0,0.0,54.0,40.0,16.0,4.1527,0.3485,0.79,0.81,299.0,0.1892,89.17,267.0,0.0759,0.0546,0.4128,0.9037,26.0,0.0,1,credential_based_fraud,credential_stuffing,cred_stuffing_001,scn_27eb0d8bb423,overt_fraud,4,8,4,1,0,5,5,0,3,0
txn_6a4b3dc3819a,1.26,0.6304,17,0,218.0,218.0,163.0,2.0,0.0,52.0,39.0,16.0,4.1594,0.6971,3.58,3.58,299.0,0.1892,89.17,267.0,0.0759,0.0546,0.4128,0.9037,26.0,0.0,1,credential_based_fraud,credential_stuffing,cred_stuffing_001,scn_27eb0d8bb423,overt_fraud,0,8,4,1,0,1,1,0,3,0
txn_3b508e8d3b55,4.57,0.6489,17,0,219.0,219.0,164.0,0.0,0.0,53.0,40.0,16.0,4.1461,0.1022,0.4,0.4,299.0,0.1892,89.17,267.0,0.0759,0.0546,0.4128,0.9037,26.0,0.0,1,credential_based_fraud,credential_stuffing,cred_stuffing_001,scn_27eb0d8bb423,overt_fraud,3,8,4,1,0,2,2,0,3,0
txn_ecc7208aa5b5,7.86,0.3361,17,0,220.0,220.0,0.0,1.0,0.0,54.0,0.0,16.0,4.148,0.8949,0.22,1440.0,299.0,0.1892,89.17,267.0,0.0759,0.0546,0.4128,0.0,0.0,0.0,1,credential_based_fraud,credential_stuffing,cred_stuffing_001,scn_27eb0d8bb423,overt_fraud,3,8,4,1,0,4,4,5,3,0
txn_3357768a770d,1.88,0.4612,17,0,221.0,221.0,165.0,2.0,0.0,54.0,40.0,16.0,4.1648,0.5486,1.53,1.75,299.0,0.1892,89.17,267.0,0.0759,0.0546,0.4128,0.9037,26.0,0.0,1,credential_based_fraud,credential_stuffing,cred_stuffing_001,scn_27eb0d8bb423,overt_fraud,4,8,4,1,1,4,4,6,3,1
txn_0bca23af2ab8,5.83,0.5548,17,0,222.0,222.0,166.0,0.0,0.0,52.0,39.0,17.0,4.1545,0.4033,3.12,3.12,299.0,0.1892,89.17,267.0,0.0759,0.0546,0.4128,0.9037,26.0,0.0,1,credential_based_fraud,credential_stuffing,cred_stuffing_001,scn_27eb0d8bb423,overt_fraud,0,8,4,1,0,2,2,2,3,0
txn_1fa14b10a8b9,7.55,0.6527,17,0,223.0,223.0,167.0,1.0,0.0,48.0,36.0,17.0,4.1621,0.814,4.04,4.04,299.0,0.1892,89.17,267.0,0.0759,0.0546,0.4128,0.9037,26.0,0.0,1,credential_based_fraud,credential_stuffing,cred_stuffing_001,scn_27eb0d8bb423,overt_fraud,1,8,4,1,0,0,0,1,3,0
txn_2ba1129fd506,1.4,0.5239,17,0,224.0,224.0,0.0,2.0,0.0,47.0,0.0,17.0,4.1772,0.6648,1.59,1440.0,299.0,0.1892,89.17,267.0,0.0759,0.0546,0.4128,0.0,0.0,0.0,1,credential_based_fraud,credential_stuffing,cred_stuffing_001,scn_27eb0d8bb423,overt_fraud,1,8,4,1,0,1,1,2,3,0
txn_5d8c2292c67b,2.72,0.3321,17,0,225.0,225.0,168.0,0.0,0.0,48.0,36.0,17.0,4.1648,0.3469,0.31,1.9,299.0,0.1892,89.17,267.0,0.0759,0.0546,0.4128,0.9037,26.0,0.0,1,credential_based_fraud,credential_stuffing,cred_stuffing_001,scn_27eb0d8bb423,overt_fraud,2,8,4,1,0,4,4,5,3,0
txn_347b3a714c4a,7.59,0.1542,17,0,226.0,226.0,169.0,1.0,0.0,47.0,35.0,17.0,4.1585,0.8252,1.62,1.62,299.0,0.1892,89.17,267.0,0.0759,0.0546,0.4128,0.9037,26.0,0.0,1,credential_based_fraud,credential_stuffing,cred_stuffing_001,scn_27eb0d8bb423,overt_fraud,3,8,4,1,0,1,1,5,3,0
txn_268ca2504cc2,1.07,0.6063,17,0,227.0,227.0,170.0,2.0,0.0,48.0,36.0,17.0,4.1736,0.7436,0.5,0.5,299.0,0.1892,89.17,267.0,0.0759,0.0546,0.4128,0.9037,26.0,0.0,1,credential_based_fraud,credential_stuffing,cred_stuffing_001,scn_27eb0d8bb423,overt_fraud,1,8,4,1,0,5,5,2,3,0
txn_8772f965c158,1.71,0.6065,17,0,228.0,228.0,0.0,0.0,0.0,49.0,0.0,17.0,4.16,0.5889,0.23,1440.0,299.0,0.1892,89.17,267.0,0.0759,0.0546,0.4128,0.0,0.0,0.0,1,credential_based_fraud,credential_stuffing,cred_stuffing_001,scn_27eb0d8bb423,overt_fraud,2,8,4,1,0,1,1,3,3,0
txn_70b1c365a086,3.38,0.6144,17,0,229.0,229.0,171.0,1.0,0.0,49.0,36.0,17.0,4.1493,0.1854,0.58,0.81,299.0,0.1892,89.17,267.0,0.0759,0.0546,0.4128,0.9037,26.0,0.0,1,credential_based_fraud,credential_stuffing,cred_stuffing_001,scn_27eb0d8bb423,overt_fraud,4,8,4,1,0,4,4,4,3,0
txn_c0ec3337b609,4.23,0.2405,17,0,230.0,230.0,172.0,2.0,0.0,48.0,36.0,17.0,4.1459,0.0203,0.64,0.64,299.0,0.1892,89.17,267.0,0.0759,0.0546,0.4128,0.9037,26.0,0.0,1,credential_based_fraud,credential_stuffing,cred_stuffing_001,scn_27eb0d8bb423,overt_fraud,0,8,4,1,0,0,0,2,3,0
txn_1af8489244d3,6.91,0.1478,17,0,231.0,231.0,173.0,0.0,0.0,46.0,35.0,17.0,4.1463,0.6666,3.24,3.24,299.0,0.1892,89.17,267.0,0.0759,0.0546,0.4128,0.9037,26.0,0.0,1,credential_based_fraud,credential_stuffing,cred_stuffing_001,scn_27eb0d8bb423,overt_fraud,4,8,4,1,0,5,5,2,3,0
txn_ea3a4d136b0e,5.1,0.6504,17,0,232.0,232.0,0.0,1.0,0.0,43.0,0.0,17.0,4.1582,0.2265,1.43,1440.0,299.0,0.1892,89.17,267.0,0.0759,0.0546,0.4128,0.0,0.0,0.0,1,credential_based_fraud,credential_stuffing,cred_stuffing_001,scn_27eb0d8bb423,overt_fraud,2,8,4,1,0,5,5,5,3,0
txn_105085c8e8d0,0.53,0.5924,17,0,233.0,233.0,174.0,2.0,0.0,43.0,32.0,17.0,4.1622,0.8727,1.13,2.56,299.0,0.1892,89.17,267.0,0.0759,0.0546,0.4128,0.9037,26.0,0.0,1,credential_based_fraud,credential_stuffing,cred_stuffing_001,scn_27eb0d8bb423,overt_fraud,0,8,4,1,0,0,0,5,3,0
txn_81c8f3c0e804,7.7,0.3871,17,1,234.0,234.0,175.0,0.0,0.0,42.0,31.0,17.0,4.1467,0.8569,1.39,1.39,299.0,0.1892,89.17,267.0,0.0759,0.0546,0.4128,0.9037,26.0,0.0,1,credential_based_fraud,credential_stuffing,cred_stuffing_001,scn_27eb0d8bb423,overt_fraud,1,8,4,1,0,0,5,6,3,0
txn_cec8c3775a38,0.87,0.4724,17,0,235.0,235.0,176.0,1.0,0.0,43.0,32.0,17.0,4.1618,0.791,0.79,0.79,299.0,0.1892,89.17,267.0,0.0759,0.0546,0.4128,0.9037,26.0,0.0,1,credential_based_fraud,credential_stuffing,cred_stuffing_001,scn_27eb0d8bb423,overt_fraud,2,8,4,1,0,4,4,3,3,0
txn_fa018ba68108,3.86,0.5572,17,0,236.0,236.0,0.0,2.0,0.0,44.0,0.0,17.0,4.1479,0.0694,0.22,1440.0,299.0,0.1892,89.17,267.0,0.0759,0.0546,0.4128,0.0,0.0,0.0,1,credential_based_fraud,credential_stuffing,cred_stuffing_001,scn_27eb0d8bb423,overt_fraud,1,8,4,1,0,0,0,6,3,0
txn_1acd834ace2f,4.89,0.5674,17,1,237.0,237.0,177.0,0.0,0.0,45.0,33.0,17.0,4.1467,0.1793,0.71,0.93,299.0,0.1892,89.17,267.0,0.0759,0.0546,0.4128,0.9037,26.0,0.0,1,credential_based_fraud,credential_stuffing,cred_stuffing_001,scn_27eb0d8bb423,overt_fraud,3,8,4,1,0,2,0,0,3,0
txn_a7ce4b1c7b72,2.2,0.3077,17,0,238.0,238.0,178.0,1.0,0.0,46.0,34.0,17.0,4.1498,0.4699,2.91,2.91,299.0,0.1892,89.17,267.0,0.0759,0.0546,0.4128,0.9037,26.0,0.0,1,credential_based_fraud,credential_stuffing,cred_stuffing_001,scn_27eb0d8bb423,overt_fraud,4,8,4,1,0,3,3,1,3,0
txn_6189e4fbcc74,4.99,0.7187,17,0,239.0,239.0,179.0,2.0,0.0,46.0,35.0,17.0,4.1416,0.2048,1.53,1.53,299.0,0.1892,89.17,267.0,0.0759,0.0546,0.4128,0.9037,26.0,0.0,1,credential_based_fraud,credential_stuffing,cred_stuffing_001,scn_27eb0d8bb423,overt_fraud,4,8,4,1,0,0,0,6,3,0
txn_d40059bb824b,1.65,0.3206,17,0,240.0,240.0,0.0,0.0,0.0,45.0,0.0,17.0,4.1452,0.6019,1.5,1440.0,299.0,0.1892,89.17,267.0,0.0759,0.0546,0.4128,0.0,0.0,0.0,1,credential_based_fraud,credential_stuffing,cred_stuffing_001,scn_27eb0d8bb423,overt_fraud,3,8,4,1,0,2,2,6,3,0
txn_edd04406b9fa,2.99,0.6139,17,1,241.0,241.0,180.0,1.0,0.0,46.0,34.0,17.0,4.1348,0.2769,1.02,2.52,299.0,0.1892,89.17,267.0,0.0759,0.0546,0.4128,0.9037,26.0,0.0,1,credential_based_fraud,credential_stuffing,cred_stuffing_001,scn_27eb0d8bb423,overt_fraud,1,8,4,1,0,2,4,5,3,0
txn_2ad534881c86,7.5,0.6648,17,0,242.0,242.0,181.0,2.0,0.0,46.0,34.0,17.0,4.1301,0.8159,0.14,0.14,299.0,0.1892,89.17,267.0,0.0759,0.0546,0.4128,0.9037,26.0,0.0,1,credential_based_fraud,credential_stuffing,cred_stuffing_001,scn_27eb0d8bb423,overt_fraud,1,8,4,1,0,1,1,3,3,0
txn_3ccfc4c27c2c,4.99,0.4881,17,0,243.0,243.0,182.0,0.0,0.0,47.0,35.0,17.0,4.144,0.2042,3.32,3.32,299.0,0.1892,89.17,267.0,0.0759,0.0546,0.4128,0.9037,26.0,0.0,1,credential_based_fraud,credential_stuffing,cred_stuffing_001,scn_27eb0d8bb423,overt_fraud,0,8,4,1,0,2,2,6,3,0
txn_aa8091a2d6b8,0.68,0.3727,17,0,244.0,244.0,0.0,1.0,0.0,47.0,0.0,17.0,4.1474,0.836,0.6,1440.0,299.0,0.1892,89.17,267.0,0.0759,0.0546,0.4128,0.0,0.0,0.0,1,credential_based_fraud,credential_stuffing,cred_stuffing_001,scn_27eb0d8bb423,overt_fraud,4,8,4,1,0,0,0,6,3,0
txn_4dd10b32c774,3.95,0.7558,17,0,245.0,245.0,183.0,2.0,0.0,48.0,36.0,17.0,4.1333,0.0443,0.49,1.09,299.0,0.1892,89.17,267.0,0.0759,0.0546,0.4128,0.9037,26.0,0.0,1,credential_based_fraud,credential_stuffing,cred_stuffing_001,scn_27eb0d8bb423,overt_fraud,4,8,4,1,0,3,3,4,3,0
txn_c1f726c30e10,1.59,0.3252,17,0,246.0,246.0,184.0,0.0,0.0,48.0,36.0,17.0,4.1325,0.6152,1.23,1.23,299.0,0.1892,89.17,267.0,0.0759,0.0546,0.4128,0.9037,26.0,0.0,1,credential_based_fraud,credential_stuffing,cred_stuffing_001,scn_27eb0d8bb423,overt_fraud,2,8,4,1,0,3,3,5,3,0
txn_452c7f99c529,4.53,0.7542,17,0,247.0,247.0,185.0,1.0,0.0,48.0,36.0,17.0,4.1222,0.0989,0.56,0.56,299.0,0.1892,89.17,267.0,0.0759,0.0546,0.4128,0.9037,26.0,0.0,1,credential_based_fraud,credential_stuffing,cred_stuffing_001,scn_27eb0d8bb423,overt_fraud,0,8,4,1,0,5,5,0,3,0
txn_26d6cae7189c,4.18,0.4503,17,0,248.0,248.0,0.0,2.0,0.0,48.0,0.0,17.0,4.1239,0.0136,0.45,1440.0,299.0,0.1892,89.17,267.0,0.0759,0.0546,0.4128,0.0,0.0,0.0,1,credential_based_fraud,credential_stuffing,cred_stuffing_001,scn_27eb0d8bb423,overt_fraud,4,8,4,1,0,0,0,2,3,0
txn_b0bfdbd4816c,5.3,0.3756,17,0,249.0,249.0,186.0,0.0,0.0,49.0,36.0,17.0,4.1241,0.2851,0.19,0.64,299.0,0.1892,89.17,267.0,0.0759,0.0546,0.4128,0.9037,26.0,0.0,1,credential_based_fraud,credential_stuffing,cred_stuffing_001,scn_27eb0d8bb423,overt_fraud,0,8,4,1,0,5,5,4,3,0
txn_7db8a67762f4,3.74,0.5198,17,0,250.0,250.0,187.0,1.0,1.0,49.0,37.0,17.0,4.1288,0.0942,1.19,1.19,299.0,0.1892,89.17,267.0,0.0759,0.0546,0.4128,0.9037,26.0,0.0,1,credential_based_fraud,credential_stuffing,cred_stuffing_001,scn_27eb0d8bb423,overt_fraud,1,8,4,1,0,0,0,4,3,0
txn_bb9e36c507b8,0.68,0.1413,17,1,251.0,251.0,188.0,2.0,2.0,45.0,34.0,17.0,4.1273,0.8352,2.17,2.17,299.0,0.1892,89.17,267.0,0.0759,0.0546,0.4128,0.9037,26.0,0.0,1,credential_based_fraud,credential_stuffing,cred_stuffing_001,scn_27eb0d8bb423,overt_fraud,1,8,4,1,0,4,1,4,3,0
txn_0769124e6fa6,1.56,0.5404,17,0,252.0,252.0,0.0,0.0,3.0,46.0,0.0,17.0,4.1136,0.6208,0.13,1440.0,299.0,0.1892,89.17,267.0,0.0759,0.0546,0.4128,0.0,0.0,0.0,1,credential_based_fraud,credential_stuffing,cred_stuffing_001,scn_27eb0d8bb423,overt_fraud,3,8,4,1,0,3,3,4,3,0
txn_ce3f4b01cd62,7.9,0.2617,17,0,253.0,253.0,189.0,1.0,4.0,45.0,33.0,17.0,4.1035,0.9252,0.75,0.88,299.0,0.1892,89.17,267.0,0.0759,0.0546,0.4128,0.9037,26.0,0.0,1,credential_based_fraud,credential_stuffing,cred_stuffing_001,scn_27eb0d8bb423,overt_fraud,0,8,4,1,0,3,3,0,3,0
txn_c6e95ae5ec0d,5.61,0.297,17,0,254.0,254.0,190.0,2.0,4.0,42.0,31.0,17.0,4.1184,0.3622,3.51,3.51,299.0,0.1892,89.17,267.0,0.0759,0.0546,0.4128,0.9037,26.0,0.0,1,credential_based_fraud,credential_stuffing,cred_stuffing_001,scn_27eb0d8bb423,overt_fraud,1,8,4,1,0,3,3,3,3,0
txn_d1ff5d0484d5,4.87,0.08,17,0,255.0,255.0,191.0,0.0,4.0,42.0,32.0,17.0,4.1243,0.1808,1.82,1.82,299.0,0.1892,89.17,267.0,0.0759,0.0546,0.4128,0.9037,26.0,0.0,1,credential_based_fraud,credential_stuffing,cred_stuffing_001,scn_27eb0d8bb423,overt_fraud,0,8,4,1,0,2,2,2,3,0
txn_61195906a0cc,5.06,0.3613,17,1,256.0,256.0,0.0,1.0,5.0,41.0,0.0,17.0,4.1272,0.226,2.54,1440.0,299.0,0.1892,89.17,267.0,0.0759,0.0546,0.4128,0.0,0.0,0.0,1,credential_based_fraud,credential_stuffing,cred_stuffing_001,scn_27eb0d8bb423,overt_fraud,2,8,4,1,0,0,2,1,3,0
txn_7515ee4d9625,3.26,0.5376,17,0,257.0,257.0,192.0,2.0,5.0,42.0,31.0,17.0,4.1308,0.2108,0.33,2.87,299.0,0.1892,89.17,267.0,0.0759,0.0546,0.4128,0.9037,26.0,0.0,1,credential_based_fraud,credential_stuffing,cred_stuffing_001,scn_27eb0d8bb423,overt_fraud,0,8,4,1,0,3,3,3,3,0
txn_88570d1050b8,4.9,0.3279,17,0,258.0,258.0,193.0,0.0,6.0,43.0,32.0,17.0,4.1274,0.1872,0.02,0.02,299.0,0.1892,89.17,267.0,0.0759,0.0546,0.4128,0.9037,26.0,0.0,1,credential_based_fraud,credential_stuffing,cred_stuffing_001,scn_27eb0d8bb423,overt_fraud,2,8,4,1,0,0,0,4,3,0
txn_cd96baa36de1,5.17,0.3686,17,0,259.0,259.0,194.0,1.0,6.0,44.0,33.0,17.0,4.1304,0.2517,2.4,2.4,299.0,0.1892,89.17,267.0,0.0759,0.0546,0.4128,0.9037,26.0,0.0,1,credential_based_fraud,credential_stuffing,cred_stuffing_001,scn_27eb0d8bb423,overt_fraud,0,8,4,1,0,5,5,1,3,0
txn_3983ec58c668,0.76,0.4347,18,0,260.0,260.0,0.0,2.0,7.0,45.0,0.0,17.0,4.1344,0.8162,0.56,1440.0,299.0,0.1892,89.17,267.0,0.0759,0.0546,0.4128,0.0,0.0,0.0,1,credential_based_fraud,credential_stuffing,cred_stuffing_001,scn_27eb0d8bb423,overt_fraud,4,8,4,1,0,2,2,4,3,0
txn_c78e30dc4e4b,7.83,0.1515,18,0,261.0,261.0,195.0,0.0,8.0,46.0,34.0,17.0,4.1215,0.8998,0.6,1.16,299.0,0.1892,89.17,267.0,0.0759,0.0546,0.4128,0.9037,26.0,0.0,1,credential_based_fraud,credential_stuffing,cred_stuffing_001,scn_27eb0d8bb423,overt_fraud,1,8,4,1,0,5,5,6,3,0
txn_2f3368a249d5,2.99,0.47,18,0,262.0,262.0,196.0,1.0,6.0,47.0,35.0,17.0,4.1356,0.277,0.92,0.92,299.0,0.1892,89.17,267.0,0.0759,0.0546,0.4128,0.9037,26.0,0.0,1,credential_based_fraud,credential_stuffing,cred_stuffing_001,scn_27eb0d8bb423,overt_fraud,4,8,4,1,0,3,3,3,3,0
txn_e5e9e98dcad2,6.24,0.3889,18,0,263.0,263.0,197.0,2.0,7.0,48.0,36.0,17.0,4.1313,0.5104,0.96,0.96,299.0,0.1892,89.17,267.0,0.0759,0.0546,0.4128,0.9037,26.0,0.0,1,credential_based_fraud,credential_stuffing,cred_stuffing_001,scn_27eb0d8bb423,overt_fraud,0,8,4,1,0,3,3,6,3,0
txn_6cc1e19d0742,7.91,0.3549,18,0,264.0,264.0,0.0,0.0,8.0,46.0,0.0,17.0,4.1393,0.911,1.93,1440.0,299.0,0.1892,89.17,267.0,0.0759,0.0546,0.4128,0.0,0.0,0.0,1,credential_based_fraud,credential_stuffing,cred_stuffing_001,scn_27eb0d8bb423,overt_fraud,3,8,4,1,0,2,2,5,3,0
txn_aa9a8627e8b3,4.78,0.5179,18,0,265.0,265.0,198.0,1.0,8.0,47.0,35.0,17.0,4.1535,0.1508,2.46,4.39,299.0,0.1892,89.17,267.0,0.0759,0.0546,0.4128,0.9037,26.0,0.0,1,credential_based_fraud,credential_stuffing,cred_stuffing_001,scn_27eb0d8bb423,overt_fraud,1,8,4,1,0,1,1,5,3,0
txn_1e27c7e2e085,5.48,0.4382,18,0,266.0,266.0,199.0,2.0,8.0,45.0,34.0,17.0,4.1559,0.3186,0.75,0.75,299.0,0.1892,89.17,267.0,0.0759,0.0546,0.4128,0.9037,26.0,0.0,1,credential_based_fraud,credential_stuffing,cred_stuffing_001,scn_27eb0d8bb423,overt_fraud,4,8,4,1,0,1,1,5,3,0
txn_f9b90c757c51,7.66,0.351,18,0,267.0,267.0,200.0,0.0,9.0,45.0,34.0,17.0,4.1608,0.841,2.49,2.49,299.0,0.1892,89.17,267.0,0.0759,0.0546,0.4128,0.9037,26.0,0.0,1,credential_based_fraud,credential_stuffing,cred_stuffing_001,scn_27eb0d8bb423,overt_fraud,1,8,4,1,0,3,3,2,3,0
txn_bbed39d45eae,7.47,0.4123,18,0,268.0,268.0,0.0,1.0,7.0,46.0,0.0,17.0,4.1739,0.7897,0.96,1440.0,299.0,0.1892,89.17,267.0,0.0759,0.0546,0.4128,0.0,0.0,0.0,1,credential_based_fraud,credential_stuffing,cred_stuffing_001,scn_27eb0d8bb423,overt_fraud,1,8,4,1,0,2,2,4,3,0
txn_a7a3badded26,2.19,0.5004,18,0,269.0,269.0,201.0,2.0,8.0,46.0,34.0,17.0,4.1861,0.4768,1.3,2.26,299.0,0.1892,89.17,267.0,0.0759,0.0546,0.4128,0.9037,26.0,0.0,1,credential_based_fraud,credential_stuffing,cred_stuffing_001,scn_27eb0d8bb423,overt_fraud,1,8,4,1,0,5,5,3,3,0
txn_301ecf9dd3b8,1.59,0.7185,18,0,270.0,270.0,202.0,0.0,8.0,47.0,35.0,17.0,4.1787,0.6195,0.24,0.24,299.0,0.1892,89.17,267.0,0.0759,0.0546,0.4128,0.9037,26.0,0.0,1,credential_based_fraud,credential_stuffing,cred_stuffing_001,scn_27eb0d8bb423,overt_fraud,0,8,4,1,1,0,0,1,3,1
txn_7e098532c7fa,6.19,0.6285,18,0,271.0,271.0,203.0,1.0,8.0,48.0,36.0,18.0,4.1692,0.4847,0.65,0.65,299.0,0.1892,89.17,267.0,0.0759,0.0546,0.4128,0.9037,26.0,0.0,1,credential_based_fraud,credential_stuffing,cred_stuffing_001,scn_27eb0d8bb423,overt_fraud,4,8,4,1,0,1,1,1,3,0
txn_4756ca20ef3d,5.78,0.3757,18,0,272.0,272.0,0.0,2.0,8.0,49.0,0.0,18.0,4.1766,0.3839,0.99,1440.0,299.0,0.1892,89.17,267.0,0.0759,0.0546,0.4128,0.0,0.0,0.0,1,credential_based_fraud,credential_stuffing,cred_stuffing_001,scn_27eb0d8bb423,overt_fraud,4,8,4,1,0,2,2,4,3,0
txn_fd27f35f4052,3.7,0.92,18,0,273.0,273.0,204.0,0.0,8.0,49.0,36.0,18.0,4.1825,0.1154,2.14,3.13,299.0,0.1892,89.17,267.0,0.0759,0.0546,0.4128,0.9037,26.0,0.0,1,credential_based_fraud,credential_stuffing,cred_stuffing_001,scn_27eb0d8bb423,overt_fraud,1,8,4,1,0,2,2,1,3,0
txn_22abf3a337c7,6.9,0.4162,18,0,274.0,274.0,205.0,1.0,7.0,49.0,37.0,18.0,4.1807,0.6504,1.52,1.52,299.0,0.1892,89.17,267.0,0.0759,0.0546,0.4128,0.9037,26.0,0.0,1,credential_based_fraud,credential_stuffing,cred_stuffing_001,scn_27eb0d8bb423,overt_fraud,0,8,4,1,0,5,5,2,3,0
txn_9a4cf3342b55,4.49,0.3442,18,0,275.0,275.0,206.0,2.0,5.0,49.0,37.0,18.0,4.1906,0.0714,0.35,0.35,299.0,0.1892,89.17,267.0,0.0759,0.0546,0.4128,0.9037,26.0,0.0,1,credential_based_fraud,credential_stuffing,cred_stuffing_001,scn_27eb0d8bb423,overt_fraud,4,8,4,1,0,4,4,4,3,0
txn_950f37273013,0.52,0.2857,18,0,276.0,276.0,0.0,0.0,4.0,50.0,0.0,18.0,4.1917,0.8759,0.98,1440.0,299.0,0.1892,89.17,267.0,0.0759,0.0546,0.4128,0.0,0.0,0.0,1,credential_based_fraud,credential_stuffing,cred_stuffing_001,scn_27eb0d8bb423,overt_fraud,1,8,4,1,0,3,3,4,3,0
txn_3e154c698225,6.42,0.4702,18,0,277.0,277.0,207.0,1.0,4.0,51.0,38.0,18.0,4.1784,0.5365,0.31,1.29,299.0,0.1892,89.17,267.0,0.0759,0.0546,0.4128,0.9037,26.0,0.0,1,credential_based_fraud,credential_stuffing,cred_stuffing_001,scn_27eb0d8bb423,overt_fraud,4,8,4,1,0,0,0,0,3,0
txn_85d2bff46ccf,1.68,0.6971,18,0,278.0,278.0,208.0,2.0,4.0,48.0,36.0,18.0,4.1865,0.5987,1.68,1.68,299.0,0.1892,89.17,267.0,0.0759,0.0546,0.4128,0.9037,26.0,0.0,1,credential_based_fraud,credential_stuffing,cred_stuffing_001,scn_27eb0d8bb423,overt_fraud,4,8,4,1,0,3,3,4,3,0
txn_f299f13ee5f7,0.92,0.5105,18,0,279.0,279.0,209.0,0.0,3.0,48.0,36.0,18.0,4.1775,0.7798,0.79,0.79,299.0,0.1892,89.17,267.0,0.0759,0.0546,0.4128,0.9037,26.0,0.0,1,credential_based_fraud,credential_stuffing,cred_stuffing_001,scn_27eb0d8bb423,overt_fraud,2,8,4,1,0,2,2,4,3,0
txn_6a63411b6378,3.46,0.3427,18,0,280.0,280.0,0.0,1.0,3.0,49.0,0.0,18.0,4.1659,0.1694,1.09,1440.0,299.0,0.1892,89.17,267.0,0.0759,0.0546,0.4128,0.0,0.0,0.0,1,credential_based_fraud,credential_stuffing,cred_stuffing_001,scn_27eb0d8bb423,overt_fraud,4,8,4,1,0,0,0,2,3,0
txn_1e00d2fa88bc,4.53,0.7332,18,0,281.0,281.0,210.0,2.0,3.0,50.0,37.0,18.0,4.1634,0.0881,0.93,2.02,299.0,0.1892,89.17,267.0,0.0759,0.0546,0.4128,0.9037,26.0,0.0,1,credential_based_fraud,credential_stuffing,cred_stuffing_001,scn_27eb0d8bb423,overt_fraud,3,8,4,1,0,3,3,3,3,0
txn_71f96693b21e,2.59,0.5039,18,0,282.0,282.0,211.0,0.0,3.0,50.0,37.0,18.0,4.1647,0.3781,1.44,1.44,299.0,0.1892,89.17,267.0,0.0759,0.0546,0.4128,0.9037,26.0,0.0,1,credential_based_fraud,credential_stuffing,cred_stuffing_001,scn_27eb0d8bb423,overt_fraud,1,8,4,1,0,3,3,5,3,0
txn_f128caace258,21.24,0.4105,15,0,0.0,0.0,0.0,0.0,3.0,0.0,0.0,0.0,0.0,0.0,1440.0,1440.0,159.0,0.0252,148.74,1174.0,0.0745,0.003,0.0749,0.1972,1441.0,1.0,1,identity_onboarding_fraud,fraudulent_merchant_onboarding,identity_fraud_merchant_001,scn_a3a57bcf69cf,stealth_fraud,1,7,1,1,1,1,1,2,2,1
txn_cde9b6c9e1ce,6.65,0.5218,16,0,1.0,1.0,1.0,1.0,4.0,0.0,0.0,1.0,21.24,0.6869,79.78,79.78,159.0,0.0252,148.74,1174.0,0.0745,0.003,0.0749,0.1972,1441.0,1.0,1,identity_onboarding_fraud,fraudulent_merchant_onboarding,identity_fraud_merchant_001,scn_a3a57bcf69cf,stealth_fraud,3,7,1,1,0,4,4,5,2,0
txn_1e920dbb4454,63.22,0.5334,18,0,2.0,2.0,2.0,2.0,6.0,0.0,0.0,1.0,13.945,3.5335,77.64,77.64,159.0,0.0252,148.74,1174.0,0.0745,0.003,0.0749,0.1972,1441.0,1.0,1,identity_onboarding_fraud,fraudulent_merchant_onboarding,identity_fraud_merchant_001,scn_a3a57bcf69cf,stealth_fraud,0,7,1,1,0,5,5,2,2,0
txn_03ee481fdfa2,27.0,0.3893,21,0,3.0,3.0,3.0,0.0,8.0,0.0,0.0,1.0,30.37,0.111,180.27,180.27,159.0,0.0252,148.74,1174.0,0.0745,0.003,0.0749,0.1972,1441.0,1.0,1,identity_onboarding_fraud,fraudulent_merchant_onboarding,identity_fraud_merchant_001,scn_a3a57bcf69cf,stealth_fraud,4,7,1,1,0,5,5,2,2,0
txn_def8ee415a43,17.64,0.6872,23,1,4.0,4.0,4.0,1.0,9.0,0.0,0.0,1.0,29.5275,0.4026,118.37,118.37,159.0,0.0252,148.74,1174.0,0.0745,0.003,0.0749,0.1972,1441.0,1.0,1,identity_onboarding_fraud,fraudulent_merchant_onboarding,identity_fraud_merchant_001,scn_a3a57bcf69cf,stealth_fraud,2,7,1,1,0,0,2,6,1,0
txn_e89b387a8cea,68.26,0.4169,23,0,5.0,5.0,5.0,2.0,10.0,1.0,1.0,1.0,27.15,1.5142,30.85,30.85,159.0,0.0252,148.74,1174.0,0.0745,0.003,0.0749,0.1972,1441.0,1.0,1,identity_onboarding_fraud,fraudulent_merchant_onboarding,identity_fraud_merchant_001,scn_a3a57bcf69cf,stealth_fraud,2,7,1,1,0,4,4,4,1,0
txn_946b913e91e4,16.82,0.6402,3,0,6.0,6.0,6.0,0.0,11.0,0.0,0.0,1.0,34.0017,0.5053,246.43,246.43,159.0,0.0252,148.74,1174.0,0.0745,0.003,0.0749,0.1972,1441.0,1.0,1,identity_onboarding_fraud,fraudulent_merchant_onboarding,identity_fraud_merchant_001,scn_a3a57bcf69cf,stealth_fraud,1,7,1,1,0,5,5,6,2,0
txn_23befc456acf,20.98,0.4524,5,0,7.0,7.0,7.0,1.0,12.0,0.0,0.0,1.0,31.5471,0.335,105.89,105.89,159.0,0.0252,148.74,1174.0,0.0745,0.003,0.0749,0.1972,1441.0,1.0,1,identity_onboarding_fraud,fraudulent_merchant_onboarding,identity_fraud_merchant_001,scn_a3a57bcf69cf,stealth_fraud,4,7,1,1,1,2,2,2,2,1
txn_aeb283e0f4c1,13.36,0.1764,6,1,8.0,8.0,8.0,2.0,13.0,1.0,1.0,2.0,30.2262,0.558,37.4,37.4,159.0,0.0252,148.74,1174.0,0.0745,0.003,0.0749,0.1972,1441.0,1.0,1,identity_onboarding_fraud,fraudulent_merchant_onboarding,identity_fraud_merchant_001,scn_a3a57bcf69cf,stealth_fraud,3,7,1,1,0,0,1,1,2,0
txn_7511bc684d1f,77.04,0.3825,7,0,9.0,9.0,9.0,0.0,13.0,0.0,0.0,2.0,28.3522,1.7172,107.72,107.72,159.0,0.0252,148.74,1174.0,0.0745,0.003,0.0749,0.1972,1441.0,1.0,1,identity_onboarding_fraud,fraudulent_merchant_onboarding,identity_fraud_merchant_001,scn_a3a57bcf69cf,stealth_fraud,4,7,1,1,0,2,2,0,1,0
txn_cb11e6476b7a,21.63,0.1831,8,0,10.0,10.0,10.0,1.0,14.0,1.0,1.0,2.0,33.221,0.3489,9.6,9.6,159.0,0.0252,148.74,1174.0,0.0745,0.003,0.0749,0.1972,1441.0,1.0,1,identity_onboarding_fraud,fraudulent_merchant_onboarding,identity_fraud_merchant_001,scn_a3a57bcf69cf,stealth_fraud,0,7,1,1,0,5,5,3,1,0
txn_48a459b003b9,45.97,0.5359,8,1,11.0,11.0,11.0,2.0,15.0,2.0,2.0,2.0,32.1673,0.4291,14.54,14.54,159.0,0.0252,148.74,1174.0,0.0745,0.003,0.0749,0.1972,1441.0,1.0,1,identity_onboarding_fraud,fraudulent_merchant_onboarding,identity_fraud_merchant_001,scn_a3a57bcf69cf,stealth_fraud,2,7,1,1,0,1,4,4,2,0
txn_57ea512d1ea4,100.57,0.3438,9,0,12.0,12.0,12.0,0.0,16.0,2.0,2.0,2.0,33.3175,2.0185,38.95,38.95,159.0,0.0252,148.74,1174.0,0.0745,0.003,0.0749,0.1972,1441.0,1.0,1,identity_onboarding_fraud,fraudulent_merchant_onboarding,identity_fraud_merchant_001,scn_a3a57bcf69cf,stealth_fraud,4,7,1,1,0,2,2,0,1,0
txn_fd17bd1cca9f,117.62,0.4497,9,0,13.0,13.0,13.0,1.0,16.0,2.0,2.0,2.0,38.4908,2.0558,18.35,18.35,159.0,0.0252,148.74,1174.0,0.0745,0.003,0.0749,0.1972,1441.0,1.0,1,identity_onboarding_fraud,fraudulent_merchant_onboarding,identity_fraud_merchant_001,scn_a3a57bcf69cf,stealth_fraud,3,7,1,1,0,4,4,0,2,0
txn_4fc2ec5d8a86,81.17,0.3354,10,0,14.0,14.0,14.0,2.0,17.0,1.0,1.0,2.0,44.1429,0.8388,58.21,58.21,159.0,0.0252,148.74,1174.0,0.0745,0.003,0.0749,0.1972,1441.0,1.0,1,identity_onboarding_fraud,fraudulent_merchant_onboarding,identity_fraud_merchant_001,scn_a3a57bcf69cf,stealth_fraud,1,7,1,1,0,2,2,2,1,0
txn_c16a7b44015c,25.7,0.5539,11,0,15.0,15.0,15.0,0.0,18.0,0.0,0.0,2.0,46.6113,0.4486,89.38,89.38,159.0,0.0252,148.74,1174.0,0.0745,0.003,0.0749,0.1972,1441.0,1.0,1,identity_onboarding_fraud,fraudulent_merchant_onboarding,identity_fraud_merchant_001,scn_a3a57bcf69cf,stealth_fraud,0,7,1,1,0,5,5,2,2,0
txn_1147cdfddbf8,172.76,0.1811,11,0,16.0,16.0,16.0,1.0,19.0,1.0,1.0,2.0,45.3044,2.8133,1.31,1.31,159.0,0.0252,148.74,1174.0,0.0745,0.003,0.0749,0.1972,1441.0,1.0,1,identity_onboarding_fraud,fraudulent_merchant_onboarding,identity_fraud_merchant_001,scn_a3a57bcf69cf,stealth_fraud,4,7,1,1,0,1,1,5,2,0
txn_f9d7b9ec6c54,34.31,0.5033,12,1,17.0,17.0,17.0,2.0,19.0,2.0,2.0,2.0,52.8018,0.3502,54.9,54.9,159.0,0.0252,148.74,1174.0,0.0745,0.003,0.0749,0.1972,1441.0,1.0,1,identity_onboarding_fraud,fraudulent_merchant_onboarding,identity_fraud_merchant_001,scn_a3a57bcf69cf,stealth_fraud,4,7,1,1,0,2,1,1,1,0
txn_ad480e993bda,44.91,0.395,15,1,18.0,18.0,18.0,0.0,18.0,0.0,0.0,2.0,51.7744,0.1326,157.23,157.23,159.0,0.0252,148.74,1174.0,0.0745,0.003,0.0749,0.1972,1441.0,1.0,1,identity_onboarding_fraud,fraudulent_merchant_onboarding,identity_fraud_merchant_001,scn_a3a57bcf69cf,stealth_fraud,1,7,1,1,0,0,5,4,1,0
txn_9d37c1927b46,292.51,0.543,15,0,19.0,19.0,19.0,1.0,19.0,1.0,1.0,1.0,51.4132,4.6894,36.74,36.74,159.0,0.0252,148.74,1174.0,0.0745,0.003,0.0749,0.1972,1441.0,1.0,1,identity_onboarding_fraud,fraudulent_merchant_onboarding,identity_fraud_merchant_001,scn_a3a57bcf69cf,stealth_fraud,0,7,1,1,0,2,2,6,2,0
txn_728503e9b971,18.23,0.346,16,0,20.0,20.0,20.0,2.0,18.0,2.0,2.0,1.0,63.468,0.7128,7.46,7.46,159.0,0.0252,148.74,1174.0,0.0745,0.003,0.0749,0.1972,1441.0,1.0,1,identity_onboarding_fraud,fraudulent_merchant_onboarding,identity_fraud_merchant_001,scn_a3a57bcf69cf,stealth_fraud,2,7,1,1,0,3,3,4,1,0
txn_2359859f6cb7,21.47,0.4813,16,0,21.0,21.0,21.0,0.0,16.0,3.0,3.0,1.0,61.3138,0.6498,4.5,4.5,159.0,0.0252,148.74,1174.0,0.0745,0.003,0.0749,0.1972,1441.0,1.0,1,identity_onboarding_fraud,fraudulent_merchant_onboarding,identity_fraud_merchant_001,scn_a3a57bcf69cf,stealth_fraud,4,7,1,1,0,5,5,6,1,0
txn_061c63e92016,72.43,0.2966,16,0,22.0,22.0,22.0,1.0,15.0,3.0,3.0,1.0,59.5027,0.2173,17.87,17.87,159.0,0.0252,148.74,1174.0,0.0745,0.003,0.0749,0.1972,1441.0,1.0,1,identity_onboarding_fraud,fraudulent_merchant_onboarding,identity_fraud_merchant_001,scn_a3a57bcf69cf,stealth_fraud,4,7,1,1,0,2,2,2,1,0
txn_23b5a4831a72,90.39,0.1732,16,0,23.0,23.0,23.0,2.0,14.0,3.0,3.0,1.0,60.0648,0.5049,31.17,31.17,159.0,0.0252,148.74,1174.0,0.0745,0.003,0.0749,0.1972,1441.0,1.0,1,identity_onboarding_fraud,fraudulent_merchant_onboarding,identity_fraud_merchant_001,scn_a3a57bcf69cf,stealth_fraud,0,7,1,1,0,4,4,0,2,0
txn_245b55981308,34.6,0.3537,17,0,24.0,24.0,24.0,0.0,12.0,4.0,4.0,1.0,61.3283,0.4358,1.65,1.65,159.0,0.0252,148.74,1174.0,0.0745,0.003,0.0749,0.1972,1441.0,1.0,1,identity_onboarding_fraud,fraudulent_merchant_onboarding,identity_fraud_merchant_001,scn_a3a57bcf69cf,stealth_fraud,4,7,1,1,0,0,0,3,1,0
txn_a581b9b42e6e,15.32,0.4443,20,0,25.0,25.0,25.0,1.0,12.0,0.0,0.0,1.0,60.2592,0.7458,182.64,182.64,159.0,0.0252,148.74,1174.0,0.0745,0.003,0.0749,0.1972,1441.0,1.0,1,identity_onboarding_fraud,fraudulent_merchant_onboarding,identity_fraud_merchant_001,scn_a3a57bcf69cf,stealth_fraud,4,7,1,1,0,4,4,3,1,0
txn_4ce82e9bcd3e,42.7,0.3409,20,0,26.0,26.0,26.0,2.0,11.0,1.0,1.0,1.0,58.5308,0.2705,3.6,3.6,159.0,0.0252,148.74,1174.0,0.0745,0.003,0.0749,0.1972,1441.0,1.0,1,identity_onboarding_fraud,fraudulent_merchant_onboarding,identity_fraud_merchant_001,scn_a3a57bcf69cf,stealth_fraud,4,7,1,1,0,2,2,6,2,0
txn_6605d0a8e220,36.22,0.1226,20,0,27.0,27.0,27.0,0.0,11.0,2.0,2.0,1.0,57.9444,0.3749,33.08,33.08,159.0,0.0252,148.74,1174.0,0.0745,0.003,0.0749,0.1972,1441.0,1.0,1,identity_onboarding_fraud,fraudulent_merchant_onboarding,identity_fraud_merchant_001,scn_a3a57bcf69cf,stealth_fraud,2,7,1,1,0,1,1,4,1,0
txn_cc35552dca9f,6.17,0.5277,21,0,28.0,28.0,28.0,1.0,8.0,0.0,0.0,1.0,57.1686,0.8921,61.31,61.31,159.0,0.0252,148.74,1174.0,0.0745,0.003,0.0749,0.1972,1441.0,1.0,1,identity_onboarding_fraud,fraudulent_merchant_onboarding,identity_fraud_merchant_001,scn_a3a57bcf69cf,stealth_fraud,3,7,1,1,0,4,4,2,1,0
txn_3724c258af1b,215.79,0.4027,22,0,29.0,29.0,29.0,2.0,7.0,1.0,1.0,1.0,55.41,2.8944,40.8,40.8,159.0,0.0252,148.74,1174.0,0.0745,0.003,0.0749,0.1972,1441.0,1.0,1,identity_onboarding_fraud,fraudulent_merchant_onboarding,identity_fraud_merchant_001,scn_a3a57bcf69cf,stealth_fraud,2,7,1,1,1,1,1,3,1,1
txn_b739f696e069,55.49,0.3474,23,0,30.0,30.0,30.0,0.0,7.0,1.0,1.0,2.0,60.756,0.0867,45.19,45.19,159.0,0.0252,148.74,1174.0,0.0745,0.003,0.0749,0.1972,1441.0,1.0,1,identity_onboarding_fraud,fraudulent_merchant_onboarding,identity_fraud_merchant_001,scn_a3a57bcf69cf,stealth_fraud,2,7,1,1,0,1,1,6,1,0
txn_7a49b22eac31,110.98,0.3719,23,0,31.0,31.0,31.0,1.0,7.0,2.0,2.0,2.0,60.5861,0.8318,1.24,1.24,159.0,0.0252,148.74,1174.0,0.0745,0.003,0.0749,0.1972,1441.0,1.0,1,identity_onboarding_fraud,fraudulent_merchant_onboarding,identity_fraud_merchant_001,scn_a3a57bcf69cf,stealth_fraud,1,7,1,1,0,1,1,1,2,0
txn_ab3c1ce1b0f4,25.36,0.1837,0,0,32.0,32.0,32.0,2.0,7.0,2.0,2.0,2.0,62.1609,0.592,52.72,52.72,159.0,0.0252,148.74,1174.0,0.0745,0.003,0.0749,0.1972,1441.0,1.0,1,identity_onboarding_fraud,fraudulent_merchant_onboarding,identity_fraud_merchant_001,scn_a3a57bcf69cf,stealth_fraud,3,7,1,1,0,1,1,6,2,0
txn_a1072bbcafe1,51.87,0.2746,0,0,33.0,33.0,33.0,0.0,7.0,1.0,1.0,2.0,61.0458,0.1503,38.32,38.32,159.0,0.0252,148.74,1174.0,0.0745,0.003,0.0749,0.1972,1441.0,1.0,1,identity_onboarding_fraud,fraudulent_merchant_onboarding,identity_fraud_merchant_001,scn_a3a57bcf69cf,stealth_fraud,0,7,1,1,0,4,4,2,2,0
txn_611971d7eb27,11.44,0.4841,0,0,34.0,34.0,34.0,1.0,7.0,2.0,2.0,2.0,60.7759,0.8118,11.37,11.37,159.0,0.0252,148.74,1174.0,0.0745,0.003,0.0749,0.1972,1441.0,1.0,1,identity_onboarding_fraud,fraudulent_merchant_onboarding,identity_fraud_merchant_001,scn_a3a57bcf69cf,stealth_fraud,4,7,1,1,0,3,3,3,2,0
txn_ed6fd7918f02,32.4,0.3928,2,0,35.0,35.0,35.0,2.0,7.0,0.0,0.0,2.0,59.3663,0.4542,87.7,87.7,159.0,0.0252,148.74,1174.0,0.0745,0.003,0.0749,0.1972,1441.0,1.0,1,identity_onboarding_fraud,fraudulent_merchant_onboarding,identity_fraud_merchant_001,scn_a3a57bcf69cf,stealth_fraud,3,7,1,1,0,3,3,2,1,0
txn_f44f2dc11155,38.49,0.4933,3,0,36.0,36.0,36.0,0.0,7.0,1.0,1.0,2.0,58.6172,0.3434,52.41,52.41,159.0,0.0252,148.74,1174.0,0.0745,0.003,0.0749,0.1972,1441.0,1.0,1,identity_onboarding_fraud,fraudulent_merchant_onboarding,identity_fraud_merchant_001,scn_a3a57bcf69cf,stealth_fraud,2,7,1,1,0,2,2,5,1,0
txn_e8194898f52d,29.57,0.4422,5,0,37.0,37.0,37.0,1.0,7.0,0.0,0.0,2.0,58.0732,0.4908,124.15,124.15,159.0,0.0252,148.74,1174.0,0.0745,0.003,0.0749,0.1972,1441.0,1.0,1,identity_onboarding_fraud,fraudulent_merchant_onboarding,identity_fraud_merchant_001,scn_a3a57bcf69cf,stealth_fraud,4,7,1,1,0,2,2,1,2,0
txn_25c995559ef2,72.98,0.3955,5,0,38.0,38.0,38.0,2.0,7.0,1.0,1.0,2.0,57.3232,0.2731,12.83,12.83,159.0,0.0252,148.74,1174.0,0.0745,0.003,0.0749,0.1972,1441.0,1.0,1,identity_onboarding_fraud,fraudulent_merchant_onboarding,identity_fraud_merchant_001,scn_a3a57bcf69cf,stealth_fraud,0,7,1,1,0,0,0,2,2,0
txn_813a50425abe,35.01,0.3509,10,0,39.0,39.0,39.0,0.0,7.0,0.0,0.0,1.0,57.7246,0.3935,302.69,302.69,159.0,0.0252,148.74,1174.0,0.0745,0.003,0.0749,0.1972,1441.0,1.0,1,identity_onboarding_fraud,fraudulent_merchant_onboarding,identity_fraud_merchant_001,scn_a3a57bcf69cf,stealth_fraud,3,7,1,1,0,1,1,2,1,0
txn_c259c4c05563,18.51,0.406,12,0,40.0,40.0,40.0,1.0,7.0,0.0,0.0,1.0,57.1568,0.6762,91.56,91.56,159.0,0.0252,148.74,1174.0,0.0745,0.003,0.0749,0.1972,1441.0,1.0,1,identity_onboarding_fraud,fraudulent_merchant_onboarding,identity_fraud_merchant_001,scn_a3a57bcf69cf,stealth_fraud,1,7,1,1,0,0,0,6,2,0
txn_2d7881af7dc3,38.97,0.4923,12,0,41.0,41.0,41.0,2.0,7.0,1.0,1.0,1.0,56.2141,0.3068,27.03,27.03,159.0,0.0252,148.74,1174.0,0.0745,0.003,0.0749,0.1972,1441.0,1.0,1,identity_onboarding_fraud,fraudulent_merchant_onboarding,identity_fraud_merchant_001,scn_a3a57bcf69cf,stealth_fraud,0,7,1,1,0,5,5,0,1,0
txn_3f15d2d02504,80.24,0.5217,15,1,42.0,42.0,42.0,0.0,7.0,0.0,0.0,1.0,55.8036,0.4379,204.3,204.3,159.0,0.0252,148.74,1174.0,0.0745,0.003,0.0749,0.1972,1441.0,1.0,1,identity_onboarding_fraud,fraudulent_merchant_onboarding,identity_fraud_merchant_001,scn_a3a57bcf69cf,stealth_fraud,3,7,1,1,0,5,0,5,2,0
txn_5643c38aa1c1,64.55,0.2703,16,0,43.0,43.0,43.0,1.0,7.0,1.0,1.0,1.0,56.3719,0.1451,15.65,15.65,159.0,0.0252,148.74,1174.0,0.0745,0.003,0.0749,0.1972,1441.0,1.0,1,identity_onboarding_fraud,fraudulent_merchant_onboarding,identity_fraud_merchant_001,scn_a3a57bcf69cf,stealth_fraud,3,7,1,1,0,0,0,6,1,0
txn_29a5319a7c2e,101.71,0.587,17,0,44.0,44.0,44.0,2.0,7.0,0.0,0.0,1.0,56.5577,0.7983,70.58,70.58,159.0,0.0252,148.74,1174.0,0.0745,0.003,0.0749,0.1972,1441.0,1.0,1,identity_onboarding_fraud,fraudulent_merchant_onboarding,identity_fraud_merchant_001,scn_a3a57bcf69cf,stealth_fraud,3,7,1,1,0,1,1,2,1,0
txn_83f44e4fa856,24.84,0.5473,13,1,0.0,0.0,0.0,0.0,3.0,0.0,0.0,0.0,0.0,0.0,1440.0,1440.0,155.0,0.2411,295.17,1017.0,0.0526,0.0797,1.6815,0.3952,39.0,1.0,1,identity_onboarding_fraud,mule_account_creation,identity_mule_account_001,scn_46a9aecd048b,overt_fraud,4,9,3,1,0,4,0,1,0,0
txn_f194ad049284,64.47,0.5927,14,0,1.0,1.0,1.0,1.0,3.0,0.0,0.0,0.0,24.84,1.5954,61.02,61.02,155.0,0.2411,295.17,1017.0,0.0526,0.0797,1.6815,0.3952,39.0,1.0,1,identity_onboarding_fraud,mule_account_creation,identity_mule_account_001,scn_46a9aecd048b,overt_fraud,2,9,3,1,0,0,0,2,0,0
txn_97efa7921e92,98.27,0.7051,14,0,2.0,2.0,2.0,2.0,4.0,1.0,1.0,0.0,44.655,1.2006,21.19,21.19,155.0,0.2411,295.17,1017.0,0.0526,0.0797,1.6815,0.3952,39.0,1.0,1,identity_onboarding_fraud,mule_account_creation,identity_mule_account_001,scn_46a9aecd048b,overt_fraud,3,9,3,1,0,4,4,1,0,0
txn_1a416beb2c8f,12.63,0.7804,14,0,3.0,3.0,3.0,0.0,5.0,2.0,2.0,0.0,62.5267,0.798,4.45,4.45,155.0,0.2411,295.17,1017.0,0.0526,0.0797,1.6815,0.3952,39.0,1.0,1,identity_onboarding_fraud,mule_account_creation,identity_mule_account_001,scn_46a9aecd048b,overt_fraud,0,9,3,1,0,3,3,2,0,0
txn_5302301c01db,112.21,0.4566,14,0,4.0,4.0,4.0,1.0,5.0,3.0,3.0,0.0,50.0525,1.2418,17.37,17.37,155.0,0.2411,295.17,1017.0,0.0526,0.0797,1.6815,0.3952,39.0,1.0,1,identity_onboarding_fraud,mule_account_creation,identity_mule_account_001,scn_46a9aecd048b,overt_fraud,0,9,3,1,0,1,1,5,0,0
txn_aa63b168db73,123.25,0.3628,15,0,5.0,5.0,5.0,2.0,4.0,0.0,0.0,0.0,62.484,0.9725,60.53,60.53,155.0,0.2411,295.17,1017.0,0.0526,0.0797,1.6815,0.3952,39.0,1.0,1,identity_onboarding_fraud,mule_account_creation,identity_mule_account_001,scn_46a9aecd048b,overt_fraud,4,9,3,1,0,5,5,4,0,0
txn_1fd6b21d3260,25.52,0.5636,18,0,6.0,6.0,6.0,0.0,9.0,0.0,0.0,0.0,72.6117,0.6485,149.4,149.4,155.0,0.2411,295.17,1017.0,0.0526,0.0797,1.6815,0.3952,39.0,1.0,1,identity_onboarding_fraud,mule_account_creation,identity_mule_account_001,scn_46a9aecd048b,overt_fraud,3,9,3,1,0,3,3,4,0,0
txn_4a653ce8973a,102.9,0.4295,18,0,7.0,7.0,7.0,1.0,10.0,1.0,1.0,0.0,65.8843,0.5618,17.25,17.25,155.0,0.2411,295.17,1017.0,0.0526,0.0797,1.6815,0.3952,39.0,1.0,1,identity_onboarding_fraud,mule_account_creation,identity_mule_account_001,scn_46a9aecd048b,overt_fraud,1,9,3,1,0,5,5,2,0,0
txn_9d78e2d1bda0,37.4,0.6802,21,0,8.0,8.0,8.0,2.0,11.0,0.0,0.0,0.0,70.5112,0.4696,175.04,175.04,155.0,0.2411,295.17,1017.0,0.0526,0.0797,1.6815,0.3952,39.0,1.0,1,identity_onboarding_fraud,mule_account_creation,identity_mule_account_001,scn_46a9aecd048b,overt_fraud,4,9,3,1,0,2,2,3,0,0
txn_1a0594bb9ec3,12.04,0.4164,22,0,9.0,9.0,9.0,0.0,12.0,1.0,1.0,0.0,66.8322,0.8198,52.7,52.7,155.0,0.2411,295.17,1017.0,0.0526,0.0797,1.6815,0.3952,39.0,1.0,1,identity_onboarding_fraud,mule_account_creation,identity_mule_account_001,scn_46a9aecd048b,overt_fraud,3,9,3,1,0,4,4,0,0,0
txn_aa91a585c28b,46.58,0.5009,0,0,10.0,10.0,10.0,1.0,12.0,0.0,0.0,0.0,61.353,0.2408,127.71,127.71,155.0,0.2411,295.17,1017.0,0.0526,0.0797,1.6815,0.3952,39.0,1.0,1,identity_onboarding_fraud,mule_account_creation,identity_mule_account_001,scn_46a9aecd048b,overt_fraud,1,9,3,1,0,1,1,5,0,0
txn_672a166606df,150.45,0.4836,0,0,11.0,11.0,11.0,2.0,14.0,1.0,1.0,0.0,60.01,1.5071,26.94,26.94,155.0,0.2411,295.17,1017.0,0.0526,0.0797,1.6815,0.3952,39.0,1.0,1,identity_onboarding_fraud,mule_account_creation,identity_mule_account_001,scn_46a9aecd048b,overt_fraud,3,9,3,1,0,3,3,5,0,0
txn_e2b394b6ddcd,73.13,0.2982,1,0,12.0,12.0,12.0,0.0,15.0,1.0,1.0,0.0,67.5467,0.0827,35.35,35.35,155.0,0.2411,295.17,1017.0,0.0526,0.0797,1.6815,0.3952,39.0,1.0,1,identity_onboarding_fraud,mule_account_creation,identity_mule_account_001,scn_46a9aecd048b,overt_fraud,3,9,3,1,0,3,3,1,0,0
txn_13723e346f71,31.61,0.4057,1,0,13.0,13.0,13.0,1.0,15.0,2.0,2.0,0.0,67.9762,0.535,1.99,1.99,155.0,0.2411,295.17,1017.0,0.0526,0.0797,1.6815,0.3952,39.0,1.0,1,identity_onboarding_fraud,mule_account_creation,identity_mule_account_001,scn_46a9aecd048b,overt_fraud,3,9,3,1,0,5,5,4,0,0
txn_6a9b1e37c2c1,26.53,0.6408,3,0,14.0,14.0,14.0,2.0,16.0,0.0,0.0,0.0,65.3786,0.5942,90.32,90.32,155.0,0.2411,295.17,1017.0,0.0526,0.0797,1.6815,0.3952,39.0,1.0,1,identity_onboarding_fraud,mule_account_creation,identity_mule_account_001,scn_46a9aecd048b,overt_fraud,2,9,3,1,0,5,5,6,0,0
txn_f846e9b2b4a1,63.22,0.3125,3,0,15.0,15.0,15.0,0.0,16.0,1.0,1.0,0.0,62.7887,0.0069,20.1,20.1,155.0,0.2411,295.17,1017.0,0.0526,0.0797,1.6815,0.3952,39.0,1.0,1,identity_onboarding_fraud,mule_account_creation,identity_mule_account_001,scn_46a9aecd048b,overt_fraud,1,9,3,1,0,4,4,1,0,0
txn_84a476c1b593,57.58,0.5957,4,1,16.0,16.0,16.0,1.0,16.0,2.0,2.0,0.0,62.8156,0.0833,33.82,33.82,155.0,0.2411,295.17,1017.0,0.0526,0.0797,1.6815,0.3952,39.0,1.0,1,identity_onboarding_fraud,mule_account_creation,identity_mule_account_001,scn_46a9aecd048b,overt_fraud,3,9,3,1,0,2,3,6,0,0
txn_5a3771427cd7,32.16,0.2764,4,1,17.0,17.0,17.0,2.0,16.0,3.0,3.0,0.0,62.5076,0.4855,5.5,5.5,155.0,0.2411,295.17,1017.0,0.0526,0.0797,1.6815,0.3952,39.0,1.0,1,identity_onboarding_fraud,mule_account_creation,identity_mule_account_001,scn_46a9aecd048b,overt_fraud,2,9,3,1,0,3,0,3,0,0
txn_de8e11074496,11.22,0.5766,4,0,18.0,18.0,18.0,0.0,15.0,2.0,2.0,0.0,60.8217,0.8155,24.59,24.59,155.0,0.2411,295.17,1017.0,0.0526,0.0797,1.6815,0.3952,39.0,1.0,1,identity_onboarding_fraud,mule_account_creation,identity_mule_account_001,scn_46a9aecd048b,overt_fraud,0,9,3,1,0,1,1,4,0,0
txn_bd445485f187,22.21,0.5497,5,1,19.0,19.0,19.0,1.0,15.0,1.0,1.0,0.0,58.2111,0.6185,45.48,45.48,155.0,0.2411,295.17,1017.0,0.0526,0.0797,1.6815,0.3952,39.0,1.0,1,identity_onboarding_fraud,mule_account_creation,identity_mule_account_001,scn_46a9aecd048b,overt_fraud,1,9,3,1,0,2,4,0,0,0
txn_95927afc842d,8.99,0.5335,5,0,20.0,20.0,20.0,2.0,12.0,2.0,2.0,0.0,56.411,0.8406,0.73,0.73,155.0,0.2411,295.17,1017.0,0.0526,0.0797,1.6815,0.3952,39.0,1.0,1,identity_onboarding_fraud,mule_account_creation,identity_mule_account_001,scn_46a9aecd048b,overt_fraud,0,9,3,1,0,4,4,2,0,0
txn_644c9fa412be,43.61,0.5677,6,0,21.0,21.0,21.0,0.0,12.0,2.0,2.0,0.0,54.1529,0.1947,49.1,49.1,155.0,0.2411,295.17,1017.0,0.0526,0.0797,1.6815,0.3952,39.0,1.0,1,identity_onboarding_fraud,mule_account_creation,identity_mule_account_001,scn_46a9aecd048b,overt_fraud,0,9,3,1,0,4,4,0,0,0
txn_ae635f7606a5,18.63,0.4171,6,1,22.0,22.0,22.0,1.0,10.0,1.0,1.0,0.0,53.6736,0.6529,15.29,15.29,155.0,0.2411,295.17,1017.0,0.0526,0.0797,1.6815,0.3952,39.0,1.0,1,identity_onboarding_fraud,mule_account_creation,identity_mule_account_001,scn_46a9aecd048b,overt_fraud,2,9,3,1,0,1,2,6,0,0
txn_60f977a5205b,33.24,0.4927,6,0,23.0,23.0,23.0,2.0,9.0,2.0,2.0,0.0,52.15,0.3626,5.5,5.5,155.0,0.2411,295.17,1017.0,0.0526,0.0797,1.6815,0.3952,39.0,1.0,1,identity_onboarding_fraud,mule_account_creation,identity_mule_account_001,scn_46a9aecd048b,overt_fraud,2,9,3,1,0,2,2,2,0,0
txn_45de395b2bea,22.36,0.5594,7,0,24.0,24.0,24.0,0.0,9.0,0.0,0.0,0.0,51.3621,0.5647,61.8,61.8,155.0,0.2411,295.17,1017.0,0.0526,0.0797,1.6815,0.3952,39.0,1.0,1,identity_onboarding_fraud,mule_account_creation,identity_mule_account_001,scn_46a9aecd048b,overt_fraud,4,9,3,1,0,2,2,2,0,0
txn_e5e76e14c6b8,149.43,0.7207,8,0,25.0,25.0,25.0,1.0,7.0,0.0,0.0,0.0,50.202,1.9766,62.7,62.7,155.0,0.2411,295.17,1017.0,0.0526,0.0797,1.6815,0.3952,39.0,1.0,1,identity_onboarding_fraud,mule_account_creation,identity_mule_account_001,scn_46a9aecd048b,overt_fraud,3,9,3,1,0,0,0,3,0,0
txn_1a2840bd6b6a,215.16,0.6176,9,0,26.0,26.0,26.0,2.0,8.0,0.0,0.0,0.0,54.0185,2.9831,74.99,74.99,155.0,0.2411,295.17,1017.0,0.0526,0.0797,1.6815,0.3952,39.0,1.0,1,identity_onboarding_fraud,mule_account_creation,identity_mule_account_001,scn_46a9aecd048b,overt_fraud,1,9,3,1,0,3,3,4,0,0
txn_223f7ba88ad7,25.75,0.4392,9,0,27.0,27.0,27.0,0.0,5.0,1.0,1.0,0.0,59.9867,0.5707,7.21,7.21,155.0,0.2411,295.17,1017.0,0.0526,0.0797,1.6815,0.3952,39.0,1.0,1,identity_onboarding_fraud,mule_account_creation,identity_mule_account_001,scn_46a9aecd048b,overt_fraud,2,9,3,1,1,4,4,3,0,1
txn_de254fb82348,164.16,0.4668,10,1,28.0,28.0,28.0,1.0,3.0,2.0,2.0,1.0,58.7639,1.7936,13.77,13.77,155.0,0.2411,295.17,1017.0,0.0526,0.0797,1.6815,0.3952,39.0,1.0,1,identity_onboarding_fraud,mule_account_creation,identity_mule_account_001,scn_46a9aecd048b,overt_fraud,4,9,3,1,0,5,4,3,0,0
txn_b39d7d6f3f67,18.8,0.5014,12,0,29.0,29.0,29.0,2.0,3.0,0.0,0.0,1.0,62.3983,0.6987,150.23,150.23,155.0,0.2411,295.17,1017.0,0.0526,0.0797,1.6815,0.3952,39.0,1.0,1,identity_onboarding_fraud,mule_account_creation,identity_mule_account_001,scn_46a9aecd048b,overt_fraud,4,9,3,1,0,4,4,0,0,0
txn_07aad2dcf095,36.52,0.4825,14,0,30.0,30.0,30.0,0.0,4.0,0.0,0.0,1.0,60.945,0.4008,89.95,89.95,155.0,0.2411,295.17,1017.0,0.0526,0.0797,1.6815,0.3952,39.0,1.0,1,identity_onboarding_fraud,mule_account_creation,identity_mule_account_001,scn_46a9aecd048b,overt_fraud,3,9,3,1,0,1,1,5,0,0
txn_811dd98694a2,78.92,0.6876,14,0,31.0,31.0,31.0,1.0,4.0,1.0,1.0,1.0,60.1571,0.3119,43.59,43.59,155.0,0.2411,295.17,1017.0,0.0526,0.0797,1.6815,0.3952,39.0,1.0,1,identity_onboarding_fraud,mule_account_creation,identity_mule_account_001,scn_46a9aecd048b,overt_fraud,0,9,3,1,0,5,5,5,0,0
txn_19a61eb916b0,41.16,0.3747,15,0,32.0,32.0,32.0,2.0,4.0,1.0,1.0,1.0,60.7434,0.3224,26.7,26.7,155.0,0.2411,295.17,1017.0,0.0526,0.0797,1.6815,0.3952,39.0,1.0,1,identity_onboarding_fraud,mule_account_creation,identity_mule_account_001,scn_46a9aecd048b,overt_fraud,3,9,3,1,0,1,1,2,0,0
txn_3634a2328063,103.64,0.9117,15,0,33.0,33.0,33.0,0.0,4.0,2.0,2.0,1.0,60.15,0.723,19.18,19.18,155.0,0.2411,295.17,1017.0,0.0526,0.0797,1.6815,0.3952,39.0,1.0,1,identity_onboarding_fraud,mule_account_creation,identity_mule_account_001,scn_46a9aecd048b,overt_fraud,2,9,3,1,0,4,4,2,0,0
txn_6e0ee666f41d,13.69,0.6541,16,0,34.0,34.0,34.0,1.0,3.0,2.0,2.0,1.0,61.4291,0.7771,32.34,32.34,155.0,0.2411,295.17,1017.0,0.0526,0.0797,1.6815,0.3952,39.0,1.0,1,identity_onboarding_fraud,mule_account_creation,identity_mule_account_001,scn_46a9aecd048b,overt_fraud,3,9,3,1,0,2,2,0,0,0
txn_365c9d4d433c,51.15,0.478,19,0,35.0,35.0,35.0,2.0,4.0,0.0,0.0,1.0,60.0651,0.1484,172.22,172.22,155.0,0.2411,295.17,1017.0,0.0526,0.0797,1.6815,0.3952,39.0,1.0,1,identity_onboarding_fraud,mule_account_creation,identity_mule_account_001,scn_46a9aecd048b,overt_fraud,4,9,3,1,0,2,2,3,0,0
txn_ed502e898251,28.07,0.248,19,0,36.0,36.0,36.0,0.0,4.0,1.0,1.0,1.0,59.8175,0.5307,13.38,13.38,155.0,0.2411,295.17,1017.0,0.0526,0.0797,1.6815,0.3952,39.0,1.0,1,identity_onboarding_fraud,mule_account_creation,identity_mule_account_001,scn_46a9aecd048b,overt_fraud,2,9,3,1,0,3,3,4,0,0
txn_06172f61f37f,18.89,0.3429,20,0,37.0,37.0,37.0,1.0,4.0,0.0,0.0,1.0,58.9595,0.6796,93.31,93.31,155.0,0.2411,295.17,1017.0,0.0526,0.0797,1.6815,0.3952,39.0,1.0,1,identity_onboarding_fraud,mule_account_creation,identity_mule_account_001,scn_46a9aecd048b,overt_fraud,3,9,3,1,0,1,1,0,0,0
txn_eaa962768381,34.3,0.4175,21,1,38.0,38.0,38.0,2.0,4.0,1.0,1.0,1.0,57.905,0.4077,40.61,40.61,155.0,0.2411,295.17,1017.0,0.0526,0.0797,1.6815,0.3952,39.0,1.0,1,identity_onboarding_fraud,mule_account_creation,identity_mule_account_001,scn_46a9aecd048b,overt_fraud,3,9,3,1,0,0,1,6,0,0
txn_4978fb09d246,28.88,0.5829,21,0,39.0,39.0,39.0,0.0,4.0,2.0,2.0,1.0,57.2997,0.496,12.85,12.85,155.0,0.2411,295.17,1017.0,0.0526,0.0797,1.6815,0.3952,39.0,1.0,1,identity_onboarding_fraud,mule_account_creation,identity_mule_account_001,scn_46a9aecd048b,overt_fraud,4,9,3,1,0,4,4,6,0,0
txn_2a6cd6c13eec,33.75,0.5554,2,0,40.0,40.0,40.0,1.0,4.0,0.0,0.0,1.0,56.5893,0.4036,262.42,262.42,155.0,0.2411,295.17,1017.0,0.0526,0.0797,1.6815,0.3952,39.0,1.0,1,identity_onboarding_fraud,mule_account_creation,identity_mule_account_001,scn_46a9aecd048b,overt_fraud,2,9,3,1,0,5,5,1,0,0
txn_22307a212a2f,171.26,0.8036,2,0,41.0,41.0,41.0,2.0,4.0,1.0,1.0,1.0,56.0322,2.0565,5.47,5.47,155.0,0.2411,295.17,1017.0,0.0526,0.0797,1.6815,0.3952,39.0,1.0,1,identity_onboarding_fraud,mule_account_creation,identity_mule_account_001,scn_46a9aecd048b,overt_fraud,3,9,3,1,1,2,2,1,0,1
txn_982b25a38c43,16.06,0.3052,2,0,42.0,42.0,42.0,0.0,4.0,2.0,2.0,2.0,58.7757,0.7268,46.07,46.07,155.0,0.2411,295.17,1017.0,0.0526,0.0797,1.6815,0.3952,39.0,1.0,1,identity_onboarding_fraud,mule_account_creation,identity_mule_account_001,scn_46a9aecd048b,overt_fraud,0,9,3,1,0,0,0,5,0,0
txn_efeebb0d8e6d,19.46,0.4735,4,0,43.0,43.0,43.0,1.0,4.0,0.0,0.0,2.0,57.7823,0.6632,86.33,86.33,155.0,0.2411,295.17,1017.0,0.0526,0.0797,1.6815,0.3952,39.0,1.0,1,identity_onboarding_fraud,mule_account_creation,identity_mule_account_001,scn_46a9aecd048b,overt_fraud,4,9,3,1,0,1,1,0,0,0
txn_be779343b60c,15.79,0.4849,7,0,44.0,44.0,44.0,2.0,4.0,0.0,0.0,2.0,56.9114,0.7226,208.54,208.54,155.0,0.2411,295.17,1017.0,0.0526,0.0797,1.6815,0.3952,39.0,1.0,1,identity_onboarding_fraud,mule_account_creation,identity_mule_account_001,scn_46a9aecd048b,overt_fraud,2,9,3,1,0,4,4,0,0,0
txn_1f8596a5dda1,51.24,0.7491,8,0,45.0,45.0,45.0,0.0,4.0,1.0,1.0,2.0,55.9976,0.085,16.16,16.16,155.0,0.2411,295.17,1017.0,0.0526,0.0797,1.6815,0.3952,39.0,1.0,1,identity_onboarding_fraud,mule_account_creation,identity_mule_account_001,scn_46a9aecd048b,overt_fraud,1,9,3,1,0,1,1,0,0,0
txn_543468cb325c,25.85,0.4045,10,0,46.0,46.0,46.0,1.0,4.0,0.0,0.0,1.0,55.8941,0.5375,118.16,118.16,155.0,0.2411,295.17,1017.0,0.0526,0.0797,1.6815,0.3952,39.0,1.0,1,identity_onboarding_fraud,mule_account_creation,identity_mule_account_001,scn_46a9aecd048b,overt_fraud,4,9,3,1,0,1,1,5,0,0
txn_6fab1a37aaab,18.07,0.4132,11,1,47.0,47.0,47.0,2.0,4.0,0.0,0.0,1.0,55.2549,0.673,87.25,87.25,155.0,0.2411,295.17,1017.0,0.0526,0.0797,1.6815,0.3952,39.0,1.0,1,identity_onboarding_fraud,mule_account_creation,identity_mule_account_001,scn_46a9aecd048b,overt_fraud,2,9,3,1,0,5,3,4,0,0
txn_c22902cd6a35,3.79,0.6431,12,0,48.0,48.0,48.0,0.0,4.0,0.0,0.0,1.0,54.4802,0.9304,72.25,72.25,155.0,0.2411,295.17,1017.0,0.0526,0.0797,1.6815,0.3952,39.0,1.0,1,identity_onboarding_fraud,mule_account_creation,identity_mule_account_001,scn_46a9aecd048b,overt_fraud,3,9,3,1,0,4,4,5,0,0
txn_f581a18afb14,44.25,0.4348,14,0,49.0,49.0,49.0,1.0,4.0,0.0,0.0,1.0,53.4457,0.1721,105.64,105.64,155.0,0.2411,295.17,1017.0,0.0526,0.0797,1.6815,0.3952,39.0,1.0,1,identity_onboarding_fraud,mule_account_creation,identity_mule_account_001,scn_46a9aecd048b,overt_fraud,4,9,3,1,0,2,2,6,0,0
txn_596b0ae55700,61.12,0.7717,15,0,50.0,50.0,50.0,2.0,4.0,0.0,0.0,1.0,53.2618,0.1475,85.43,85.43,155.0,0.2411,295.17,1017.0,0.0526,0.0797,1.6815,0.3952,39.0,1.0,1,identity_onboarding_fraud,mule_account_creation,identity_mule_account_001,scn_46a9aecd048b,overt_fraud,1,9,3,1,0,2,2,6,0,0
txn_6c3480c78052,75.05,0.4577,18,0,51.0,51.0,51.0,0.0,4.0,0.0,0.0,1.0,53.4159,0.405,124.14,124.14,155.0,0.2411,295.17,1017.0,0.0526,0.0797,1.6815,0.3952,39.0,1.0,1,identity_onboarding_fraud,mule_account_creation,identity_mule_account_001,scn_46a9aecd048b,overt_fraud,2,9,3,1,0,4,4,4,0,0
txn_2861f59a69bf,35.94,0.7168,19,0,52.0,52.0,52.0,1.0,4.0,0.0,0.0,1.0,53.8319,0.3324,109.36,109.36,155.0,0.2411,295.17,1017.0,0.0526,0.0797,1.6815,0.3952,39.0,1.0,1,identity_onboarding_fraud,mule_account_creation,identity_mule_account_001,scn_46a9aecd048b,overt_fraud,2,9,3,1,0,2,2,0,0,0
txn_1b64efe78d2e,51.24,0.7887,19,0,53.0,53.0,53.0,2.0,4.0,1.0,1.0,1.0,53.4943,0.0421,1.27,1.27,155.0,0.2411,295.17,1017.0,0.0526,0.0797,1.6815,0.3952,39.0,1.0,1,identity_onboarding_fraud,mule_account_creation,identity_mule_account_001,scn_46a9aecd048b,overt_fraud,3,9,3,1,0,0,0,0,0,0
txn_70c973a68698,23.76,0.6693,21,0,54.0,54.0,54.0,0.0,4.0,0.0,0.0,1.0,53.4526,0.5555,101.5,101.5,155.0,0.2411,295.17,1017.0,0.0526,0.0797,1.6815,0.3952,39.0,1.0,1,identity_onboarding_fraud,mule_account_creation,identity_mule_account_001,scn_46a9aecd048b,overt_fraud,4,9,3,1,0,5,5,5,0,0
txn_2492c61482d4,46.9,0.4474,21,0,55.0,55.0,55.0,1.0,4.0,1.0,1.0,1.0,52.9127,0.1136,22.67,22.67,155.0,0.2411,295.17,1017.0,0.0526,0.0797,1.6815,0.3952,39.0,1.0,1,identity_onboarding_fraud,mule_account_creation,identity_mule_account_001,scn_46a9aecd048b,overt_fraud,4,9,3,1,0,0,0,5,0,0
txn_29abb8e8ae9b,17.02,0.3927,22,1,56.0,56.0,56.0,2.0,4.0,2.0,2.0,1.0,52.8054,0.6777,27.0,27.0,155.0,0.2411,295.17,1017.0,0.0526,0.0797,1.6815,0.3952,39.0,1.0,1,identity_onboarding_fraud,mule_account_creation,identity_mule_account_001,scn_46a9aecd048b,overt_fraud,0,9,3,1,0,5,4,1,0,0
txn_b957b1fdb4ab,65.73,0.7843,0,0,57.0,57.0,57.0,0.0,3.0,0.0,0.0,1.0,52.1775,0.2597,119.57,119.57,155.0,0.2411,295.17,1017.0,0.0526,0.0797,1.6815,0.3952,39.0,1.0,1,identity_onboarding_fraud,mule_account_creation,identity_mule_account_001,scn_46a9aecd048b,overt_fraud,1,9,3,1,0,3,3,5,0,0
txn_3fb6b1a517f6,46.23,0.6755,4,0,58.0,58.0,58.0,1.0,4.0,0.0,0.0,0.0,52.4112,0.1179,269.38,269.38,155.0,0.2411,295.17,1017.0,0.0526,0.0797,1.6815,0.3952,39.0,1.0,1,identity_onboarding_fraud,mule_account_creation,identity_mule_account_001,scn_46a9aecd048b,overt_fraud,3,9,3,1,1,1,1,5,0,1
txn_3a82f08dbf7e,195.34,0.709,5,0,59.0,59.0,59.0,2.0,4.0,0.0,0.0,1.0,52.3064,2.7345,68.73,68.73,155.0,0.2411,295.17,1017.0,0.0526,0.0797,1.6815,0.3952,39.0,1.0,1,identity_onboarding_fraud,mule_account_creation,identity_mule_account_001,scn_46a9aecd048b,overt_fraud,4,9,3,1,0,2,2,1,0,0
txn_c82972ed921a,39.23,0.5955,6,1,60.0,60.0,60.0,0.0,4.0,1.0,1.0,1.0,54.6903,0.2827,48.45,48.45,155.0,0.2411,295.17,1017.0,0.0526,0.0797,1.6815,0.3952,39.0,1.0,1,identity_onboarding_fraud,mule_account_creation,identity_mule_account_001,scn_46a9aecd048b,overt_fraud,4,9,3,1,0,4,0,0,0,0
txn_094bb373d7ec,25.55,0.614,6,0,61.0,61.0,61.0,1.0,4.0,2.0,2.0,1.0,54.4369,0.5306,9.32,9.32,155.0,0.2411,295.17,1017.0,0.0526,0.0797,1.6815,0.3952,39.0,1.0,1,identity_onboarding_fraud,mule_account_creation,identity_mule_account_001,scn_46a9aecd048b,overt_fraud,0,9,3,1,0,3,3,0,0,0
txn_94a4c956fe9e,167.23,0.4763,8,0,62.0,62.0,62.0,2.0,4.0,0.0,0.0,1.0,53.971,2.0985,79.12,79.12,155.0,0.2411,295.17,1017.0,0.0526,0.0797,1.6815,0.3952,39.0,1.0,1,identity_onboarding_fraud,mule_account_creation,identity_mule_account_001,scn_46a9aecd048b,overt_fraud,3,9,3,1,0,4,4,2,0,0
txn_361c948bdefe,50.25,0.3249,8,0,63.0,63.0,63.0,0.0,4.0,1.0,1.0,1.0,55.7687,0.099,4.06,4.06,155.0,0.2411,295.17,1017.0,0.0526,0.0797,1.6815,0.3952,39.0,1.0,1,identity_onboarding_fraud,mule_account_creation,identity_mule_account_001,scn_46a9aecd048b,overt_fraud,2,9,3,1,0,1,1,3,0,0
txn_65e0bdc34dbf,33.93,0.6773,8,1,64.0,64.0,64.0,1.0,4.0,2.0,2.0,1.0,55.6825,0.3907,32.76,32.76,155.0,0.2411,295.17,1017.0,0.0526,0.0797,1.6815,0.3952,39.0,1.0,1,identity_onboarding_fraud,mule_account_creation,identity_mule_account_001,scn_46a9aecd048b,overt_fraud,2,9,3,1,0,5,4,0,0,0
txn_e8ad0cb82611,43.44,0.08,16,0,0.0,0.0,0.0,0.0,4.0,0.0,0.0,0.0,0.0,0.0,1440.0,1440.0,2416.0,0.057,71.55,3559.0,0.0055,0.0074,0.0195,0.0814,237.0,1.0,1,identity_onboarding_fraud,stolen_identity_signup,identity_stolen_signup_001,scn_cda504fa58f3,stealth_fraud,1,9,4,1,1,3,3,5,3,1
txn_0e985c0707b4,64.44,0.08,17,0,1.0,1.0,1.0,1.0,5.0,1.0,1.0,1.0,43.44,0.4834,50.86,50.86,2416.0,0.057,71.55,3559.0,0.0055,0.0074,0.0195,0.0814,237.0,1.0,1,identity_onboarding_fraud,stolen_identity_signup,identity_stolen_signup_001,scn_cda504fa58f3,stealth_fraud,0,9,4,1,0,2,2,3,3,0
txn_678ceb8e8af9,12.32,0.5986,18,1,2.0,2.0,2.0,2.0,7.0,1.0,1.0,1.0,53.94,0.7716,48.22,48.22,2416.0,0.057,71.55,3559.0,0.0055,0.0074,0.0195,0.0814,237.0,1.0,1,identity_onboarding_fraud,stolen_identity_signup,identity_stolen_signup_001,scn_cda504fa58f3,stealth_fraud,2,9,4,1,0,0,4,3,3,0
txn_b778d48f0721,18.05,0.3545,20,0,3.0,3.0,3.0,0.0,8.0,0.0,0.0,1.0,40.0667,0.5495,165.79,165.79,2416.0,0.057,71.55,3559.0,0.0055,0.0074,0.0195,0.0814,237.0,1.0,1,identity_onboarding_fraud,stolen_identity_signup,identity_stolen_signup_001,scn_cda504fa58f3,stealth_fraud,4,9,4,1,0,2,2,3,3,0
txn_54f9ab86f5e1,72.54,0.5302,21,0,4.0,4.0,4.0,1.0,9.0,1.0,1.0,1.0,34.5625,1.0988,38.28,38.28,2416.0,0.057,71.55,3559.0,0.0055,0.0074,0.0195,0.0814,237.0,1.0,1,identity_onboarding_fraud,stolen_identity_signup,identity_stolen_signup_001,scn_cda504fa58f3,stealth_fraud,2,9,4,1,0,0,0,6,3,0
txn_fa66cb9e929a,255.06,0.3428,22,0,5.0,5.0,5.0,2.0,10.0,1.0,1.0,1.0,42.158,5.0501,42.81,42.81,2416.0,0.057,71.55,3559.0,0.0055,0.0074,0.0195,0.0814,237.0,1.0,1,identity_onboarding_fraud,stolen_identity_signup,identity_stolen_signup_001,scn_cda504fa58f3,stealth_fraud,0,9,4,1,0,1,1,5,3,0
txn_b3eb4f6c57d8,29.8,0.388,23,0,6.0,6.0,6.0,0.0,11.0,0.0,0.0,1.0,77.6417,0.6162,61.03,61.03,2416.0,0.057,71.55,3559.0,0.0055,0.0074,0.0195,0.0814,237.0,1.0,1,identity_onboarding_fraud,stolen_identity_signup,identity_stolen_signup_001,scn_cda504fa58f3,stealth_fraud,0,9,4,1,0,0,0,5,3,0
txn_20441cde6485,60.6,0.2192,23,1,7.0,7.0,7.0,1.0,12.0,1.0,1.0,1.0,70.8071,0.1442,26.01,26.01,2416.0,0.057,71.55,3559.0,0.0055,0.0074,0.0195,0.0814,237.0,1.0,1,identity_onboarding_fraud,stolen_identity_signup,identity_stolen_signup_001,scn_cda504fa58f3,stealth_fraud,2,9,4,1,0,5,3,0,3,0
txn_a0538dfa7253,45.45,0.2775,23,0,8.0,8.0,8.0,2.0,13.0,2.0,2.0,1.0,69.5312,0.3463,9.49,9.49,2416.0,0.057,71.55,3559.0,0.0055,0.0074,0.0195,0.0814,237.0,1.0,1,identity_onboarding_fraud,stolen_identity_signup,identity_stolen_signup_001,scn_cda504fa58f3,stealth_fraud,4,9,4,1,0,5,5,0,3,0
txn_fdf7f9282c2b,35.1,0.3921,1,0,9.0,9.0,9.0,0.0,14.0,0.0,0.0,1.0,66.8556,0.475,117.43,117.43,2416.0,0.057,71.55,3559.0,0.0055,0.0074,0.0195,0.0814,237.0,1.0,1,identity_onboarding_fraud,stolen_identity_signup,identity_stolen_signup_001,scn_cda504fa58f3,stealth_fraud,2,9,4,1,0,1,1,2,3,0
txn_25320e889b24,9.71,0.3532,3,0,10.0,10.0,10.0,1.0,15.0,0.0,0.0,1.0,63.68,0.8475,87.55,87.55,2416.0,0.057,71.55,3559.0,0.0055,0.0074,0.0195,0.0814,237.0,1.0,1,identity_onboarding_fraud,stolen_identity_signup,identity_stolen_signup_001,scn_cda504fa58f3,stealth_fraud,4,9,4,1,0,0,0,2,3,0
txn_45eb7081dddb,67.67,0.491,12,0,0.0,0.0,0.0,0.0,1.0,0.0,0.0,0.0,0.0,0.0,1440.0,1440.0,2847.0,0.0032,30.1,1231.0,0.0587,0.0127,0.1631,0.2497,608.0,1.0,1,identity_onboarding_fraud,synthetic_identity,identity_synthetic_001,scn_890b4631e8b5,stealth_fraud,1,9,4,1,0,3,3,2,3,0
txn_f9f9ddbd39ad,55.83,0.5089,12,0,1.0,1.0,1.0,1.0,1.0,1.0,1.0,0.0,67.67,0.175,7.43,7.43,2847.0,0.0032,30.1,1231.0,0.0587,0.0127,0.1631,0.2497,608.0,1.0,1,identity_onboarding_fraud,synthetic_identity,identity_synthetic_001,scn_890b4631e8b5,stealth_fraud,4,9,4,1,0,0,0,0,3,0
txn_dcad114dc32f,59.35,0.6715,12,0,2.0,2.0,2.0,2.0,3.0,2.0,2.0,0.0,61.75,0.0389,7.82,7.82,2847.0,0.0032,30.1,1231.0,0.0587,0.0127,0.1631,0.2497,608.0,1.0,1,identity_onboarding_fraud,synthetic_identity,identity_synthetic_001,scn_890b4631e8b5,stealth_fraud,1,9,4,1,0,2,2,1,3,0
txn_6910acddb1ae,26.59,0.292,17,0,3.0,3.0,3.0,0.0,6.0,0.0,0.0,0.0,60.95,0.5637,303.36,303.36,2847.0,0.0032,30.1,1231.0,0.0587,0.0127,0.1631,0.2497,608.0,1.0,1,identity_onboarding_fraud,synthetic_identity,identity_synthetic_001,scn_890b4631e8b5,stealth_fraud,3,9,4,1,0,5,5,6,3,0
txn_ff136b295c06,57.98,0.1162,18,1,4.0,4.0,4.0,1.0,7.0,1.0,1.0,0.0,52.36,0.1073,10.27,10.27,2847.0,0.0032,30.1,1231.0,0.0587,0.0127,0.1631,0.2497,608.0,1.0,1,identity_onboarding_fraud,synthetic_identity,identity_synthetic_001,scn_890b4631e8b5,stealth_fraud,3,9,4,1,0,5,2,1,3,0
txn_9c1a888103b9,54.63,0.5596,18,0,5.0,5.0,5.0,2.0,9.0,2.0,2.0,0.0,53.484,0.0214,25.83,25.83,2847.0,0.0032,30.1,1231.0,0.0587,0.0127,0.1631,0.2497,608.0,1.0,1,identity_onboarding_fraud,synthetic_identity,identity_synthetic_001,scn_890b4631e8b5,stealth_fraud,3,9,4,1,0,1,1,1,3,0
txn_46e4beac840c,64.25,0.1956,18,0,6.0,6.0,6.0,0.0,9.0,3.0,3.0,0.0,53.675,0.197,16.16,16.16,2847.0,0.0032,30.1,1231.0,0.0587,0.0127,0.1631,0.2497,608.0,1.0,1,identity_onboarding_fraud,synthetic_identity,identity_synthetic_001,scn_890b4631e8b5,stealth_fraud,3,9,4,1,0,0,0,0,3,0
txn_093e94b370a7,78.08,0.4333,22,0,7.0,7.0,7.0,1.0,11.0,0.0,0.0,0.0,55.1857,0.4149,197.5,197.5,2847.0,0.0032,30.1,1231.0,0.0587,0.0127,0.1631,0.2497,608.0,1.0,1,identity_onboarding_fraud,synthetic_identity,identity_synthetic_001,scn_890b4631e8b5,stealth_fraud,3,9,4,1,0,4,4,3,3,0
txn_2d22fc41ffb9,3.74,0.2908,0,1,8.0,8.0,8.0,2.0,13.0,0.0,0.0,0.0,58.0475,0.9356,155.86,155.86,2847.0,0.0032,30.1,1231.0,0.0587,0.0127,0.1631,0.2497,608.0,1.0,1,identity_onboarding_fraud,synthetic_identity,identity_synthetic_001,scn_890b4631e8b5,stealth_fraud,0,9,4,1,0,4,2,6,3,0
txn_06cc6852c477,15.14,0.3543,0,0,9.0,9.0,9.0,0.0,13.0,1.0,1.0,0.0,52.0133,0.7089,4.7,4.7,2847.0,0.0032,30.1,1231.0,0.0587,0.0127,0.1631,0.2497,608.0,1.0,1,identity_onboarding_fraud,synthetic_identity,identity_synthetic_001,scn_890b4631e8b5,stealth_fraud,1,9,4,1,0,4,4,3,3,0
txn_a2e16981684d,91.64,0.6344,1,0,10.0,10.0,10.0,1.0,14.0,2.0,2.0,0.0,48.326,0.8963,33.43,33.43,2847.0,0.0032,30.1,1231.0,0.0587,0.0127,0.1631,0.2497,608.0,1.0,1,identity_onboarding_fraud,synthetic_identity,identity_synthetic_001,scn_890b4631e8b5,stealth_fraud,3,9,4,1,0,1,1,3,3,0
txn_eb5fb9257af0,81.45,0.4012,2,1,11.0,11.0,11.0,2.0,16.0,0.0,0.0,0.0,52.2636,0.5584,73.11,73.11,2847.0,0.0032,30.1,1231.0,0.0587,0.0127,0.1631,0.2497,608.0,1.0,1,identity_onboarding_fraud,synthetic_identity,identity_synthetic_001,scn_890b4631e8b5,stealth_fraud,3,9,4,1,0,0,1,4,3,0
txn_fae77df9f07f,55.74,0.4392,3,0,12.0,12.0,12.0,0.0,17.0,1.0,1.0,0.0,54.6958,0.0191,47.08,47.08,2847.0,0.0032,30.1,1231.0,0.0587,0.0127,0.1631,0.2497,608.0,1.0,1,identity_onboarding_fraud,synthetic_identity,identity_synthetic_001,scn_890b4631e8b5,stealth_fraud,2,9,4,1,0,2,2,3,3,0
txn_64f7b489a61a,53.55,0.4271,4,0,13.0,13.0,13.0,1.0,18.0,0.0,0.0,0.0,54.7762,0.0224,69.75,69.75,2847.0,0.0032,30.1,1231.0,0.0587,0.0127,0.1631,0.2497,608.0,1.0,1,identity_onboarding_fraud,synthetic_identity,identity_synthetic_001,scn_890b4631e8b5,stealth_fraud,4,9,4,1,0,4,4,2,3,0
txn_e5c783546132,25.96,0.513,7,0,14.0,14.0,14.0,2.0,18.0,0.0,0.0,0.0,54.6886,0.5253,163.99,163.99,2847.0,0.0032,30.1,1231.0,0.0587,0.0127,0.1631,0.2497,608.0,1.0,1,identity_onboarding_fraud,synthetic_identity,identity_synthetic_001,scn_890b4631e8b5,stealth_fraud,2,9,4,1,0,1,1,3,3,0
txn_3f846b02e49f,43.58,0.5708,13,0,0.0,0.0,0.0,0.0,4.0,0.0,0.0,0.0,0.0,0.0,1440.0,1440.0,146.0,0.0566,197.78,1579.0,0.0412,0.0032,0.1315,0.2256,358.0,0.0,1,identity_onboarding_fraud,synthetic_business,identity_synthetic_business_001,scn_b1e076eb93a6,stealth_fraud,2,7,1,1,0,0,0,5,1,0
txn_3318f2c40111,143.41,0.6504,16,0,1.0,1.0,1.0,1.0,6.0,0.0,0.0,0.0,43.58,2.2907,139.88,139.88,146.0,0.0566,197.78,1579.0,0.0412,0.0032,0.1315,0.2256,358.0,0.0,1,identity_onboarding_fraud,synthetic_business,identity_synthetic_business_001,scn_b1e076eb93a6,stealth_fraud,2,7,1,1,0,4,4,5,2,0
txn_5276dab064f1,52.35,0.4834,17,1,2.0,2.0,2.0,2.0,7.0,0.0,0.0,0.0,93.495,0.4401,109.41,109.41,146.0,0.0566,197.78,1579.0,0.0412,0.0032,0.1315,0.2256,358.0,0.0,1,identity_onboarding_fraud,synthetic_business,identity_synthetic_business_001,scn_b1e076eb93a6,stealth_fraud,0,7,1,1,0,4,2,3,1,0
txn_b9b61afe4c23,21.1,0.6788,18,0,3.0,3.0,3.0,0.0,8.0,1.0,1.0,0.0,79.78,0.7355,9.26,9.26,146.0,0.0566,197.78,1579.0,0.0412,0.0032,0.1315,0.2256,358.0,0.0,1,identity_onboarding_fraud,synthetic_business,identity_synthetic_business_001,scn_b1e076eb93a6,stealth_fraud,3,7,1,1,0,0,0,3,2,0
txn_a2c1fc8ec58b,25.69,0.5099,18,0,4.0,4.0,4.0,1.0,8.0,2.0,2.0,0.0,65.11,0.6054,5.19,5.19,146.0,0.0566,197.78,1579.0,0.0412,0.0032,0.1315,0.2256,358.0,0.0,1,identity_onboarding_fraud,synthetic_business,identity_synthetic_business_001,scn_b1e076eb93a6,stealth_fraud,4,7,1,1,0,4,4,1,2,0
txn_cfdd34f49ebd,82.3,0.3579,18,0,5.0,5.0,5.0,2.0,10.0,3.0,3.0,0.0,57.226,0.4382,37.23,37.23,146.0,0.0566,197.78,1579.0,0.0412,0.0032,0.1315,0.2256,358.0,0.0,1,identity_onboarding_fraud,synthetic_business,identity_synthetic_business_001,scn_b1e076eb93a6,stealth_fraud,0,7,1,1,0,1,1,2,1,0
txn_bb120c9076ec,76.82,0.4882,19,0,6.0,6.0,6.0,0.0,10.0,1.0,1.0,0.0,61.405,0.251,52.98,52.98,146.0,0.0566,197.78,1579.0,0.0412,0.0032,0.1315,0.2256,358.0,0.0,1,identity_onboarding_fraud,synthetic_business,identity_synthetic_business_001,scn_b1e076eb93a6,stealth_fraud,4,7,1,1,0,2,2,3,2,0
txn_a4636184bf5b,38.36,0.5715,20,0,7.0,7.0,7.0,1.0,11.0,1.0,1.0,0.0,63.6071,0.3969,36.76,36.76,146.0,0.0566,197.78,1579.0,0.0412,0.0032,0.1315,0.2256,358.0,0.0,1,identity_onboarding_fraud,synthetic_business,identity_synthetic_business_001,scn_b1e076eb93a6,stealth_fraud,1,7,1,1,0,1,1,2,1,0
txn_ad77e027f0b2,56.68,0.4877,20,0,8.0,8.0,8.0,2.0,11.0,2.0,2.0,0.0,60.4513,0.0624,0.13,0.13,146.0,0.0566,197.78,1579.0,0.0412,0.0032,0.1315,0.2256,358.0,0.0,1,identity_onboarding_fraud,synthetic_business,identity_synthetic_business_001,scn_b1e076eb93a6,stealth_fraud,0,7,1,1,0,3,3,5,1,0
txn_143b4a249436,36.89,0.503,23,0,9.0,9.0,9.0,0.0,13.0,0.0,0.0,0.0,60.0322,0.3855,190.58,190.58,146.0,0.0566,197.78,1579.0,0.0412,0.0032,0.1315,0.2256,358.0,0.0,1,identity_onboarding_fraud,synthetic_business,identity_synthetic_business_001,scn_b1e076eb93a6,stealth_fraud,4,7,1,1,0,2,2,3,2,0
txn_dc4ed3e3de92,39.77,0.08,1,0,10.0,10.0,10.0,1.0,14.0,0.0,0.0,0.0,57.718,0.311,89.93,89.93,146.0,0.0566,197.78,1579.0,0.0412,0.0032,0.1315,0.2256,358.0,0.0,1,identity_onboarding_fraud,synthetic_business,identity_synthetic_business_001,scn_b1e076eb93a6,stealth_fraud,0,7,1,1,0,0,0,0,2,0
txn_a2a68655c14e,13.55,0.4519,1,0,11.0,11.0,11.0,2.0,15.0,1.0,1.0,0.0,56.0864,0.7584,4.28,4.28,146.0,0.0566,197.78,1579.0,0.0412,0.0032,0.1315,0.2256,358.0,0.0,1,identity_onboarding_fraud,synthetic_business,identity_synthetic_business_001,scn_b1e076eb93a6,stealth_fraud,3,7,1,1,0,4,4,5,2,0
txn_18901ecfae86,84.52,0.6885,4,0,12.0,12.0,12.0,0.0,17.0,0.0,0.0,0.0,52.5417,0.6086,183.83,183.83,146.0,0.0566,197.78,1579.0,0.0412,0.0032,0.1315,0.2256,358.0,0.0,1,identity_onboarding_fraud,synthetic_business,identity_synthetic_business_001,scn_b1e076eb93a6,stealth_fraud,3,7,1,1,0,4,4,3,2,0
txn_ad16b13225aa,25.31,0.5338,4,0,13.0,13.0,13.0,1.0,17.0,1.0,1.0,0.0,55.0015,0.5398,13.03,13.03,146.0,0.0566,197.78,1579.0,0.0412,0.0032,0.1315,0.2256,358.0,0.0,1,identity_onboarding_fraud,synthetic_business,identity_synthetic_business_001,scn_b1e076eb93a6,stealth_fraud,1,7,1,1,0,0,0,6,1,0
txn_958e67bd2471,1246.95,0.8087,12,0,0.0,0.0,0.0,0.0,4.0,0.0,0.0,0.0,0.0,0.0,1440.0,1440.0,32.0,0.11,71.76,189.0,0.0425,0.0081,0.1969,0.2402,36.0,4.0,1,merchant_ecosystem_abuse,bust_out_merchant,merchant_bustout_001,scn_4f2f904cbb70,overt_fraud,0,7,1,1,0,4,4,0,2,0
txn_b387368cf514,448.93,0.6681,16,0,1.0,1.0,1.0,1.0,5.0,0.0,0.0,0.0,1246.95,0.64,213.33,213.33,32.0,0.11,71.76,189.0,0.0425,0.0081,0.1969,0.2402,36.0,4.0,1,merchant_ecosystem_abuse,bust_out_merchant,merchant_bustout_001,scn_4f2f904cbb70,overt_fraud,2,7,1,1,0,1,1,4,1,0
txn_f8566abe0c4f,734.39,0.235,16,1,2.0,2.0,2.0,2.0,5.0,1.0,1.0,0.0,847.94,0.1339,29.38,29.38,32.0,0.11,71.76,189.0,0.0425,0.0081,0.1969,0.2402,36.0,4.0,1,merchant_ecosystem_abuse,bust_out_merchant,merchant_bustout_001,scn_4f2f904cbb70,overt_fraud,3,7,1,1,0,1,4,1,1,0
txn_7207dbd957a1,1077.35,0.626,17,0,3.0,3.0,3.0,0.0,6.0,2.0,2.0,0.0,810.09,0.3299,22.25,22.25,32.0,0.11,71.76,189.0,0.0425,0.0081,0.1969,0.2402,36.0,4.0,1,merchant_ecosystem_abuse,bust_out_merchant,merchant_bustout_001,scn_4f2f904cbb70,overt_fraud,0,7,1,1,0,2,2,0,1,0
txn_1daf29d579f2,1565.77,0.4583,17,0,4.0,4.0,4.0,1.0,7.0,2.0,2.0,0.0,876.905,0.7856,14.34,14.34,32.0,0.11,71.76,189.0,0.0425,0.0081,0.1969,0.2402,36.0,4.0,1,merchant_ecosystem_abuse,bust_out_merchant,merchant_bustout_001,scn_4f2f904cbb70,overt_fraud,2,7,1,1,0,3,3,0,2,0
txn_b59091e1d260,1399.41,0.6005,18,0,5.0,5.0,5.0,2.0,9.0,2.0,2.0,0.0,1014.678,0.3792,33.46,33.46,32.0,0.11,71.76,189.0,0.0425,0.0081,0.1969,0.2402,36.0,4.0,1,merchant_ecosystem_abuse,bust_out_merchant,merchant_bustout_001,scn_4f2f904cbb70,overt_fraud,1,7,1,1,0,0,0,0,1,0
txn_50732af841e7,1431.81,0.5104,18,0,6.0,6.0,6.0,0.0,10.0,1.0,1.0,0.0,1078.8,0.3272,34.11,34.11,32.0,0.11,71.76,189.0,0.0425,0.0081,0.1969,0.2402,36.0,4.0,1,merchant_ecosystem_abuse,bust_out_merchant,merchant_bustout_001,scn_4f2f904cbb70,overt_fraud,3,7,1,1,0,4,4,4,2,0
txn_0dd765881ffa,135.9,0.4123,20,1,7.0,7.0,7.0,1.0,12.0,0.0,0.0,0.0,1129.23,0.8797,136.29,136.29,32.0,0.11,71.76,189.0,0.0425,0.0081,0.1969,0.2402,36.0,4.0,1,merchant_ecosystem_abuse,bust_out_merchant,merchant_bustout_001,scn_4f2f904cbb70,overt_fraud,2,7,1,1,0,4,3,0,2,0
txn_2c4c8b611324,901.4,0.6833,22,1,8.0,8.0,8.0,2.0,11.0,0.0,0.0,0.0,1005.0637,0.1031,67.53,67.53,32.0,0.11,71.76,189.0,0.0425,0.0081,0.1969,0.2402,36.0,4.0,1,merchant_ecosystem_abuse,bust_out_merchant,merchant_bustout_001,scn_4f2f904cbb70,overt_fraud,4,7,1,1,0,1,3,1,2,0
txn_278c713b3052,1252.38,0.569,23,1,9.0,9.0,9.0,0.0,13.0,0.0,0.0,0.0,993.5456,0.2605,89.64,89.64,32.0,0.11,71.76,189.0,0.0425,0.0081,0.1969,0.2402,36.0,4.0,1,merchant_ecosystem_abuse,bust_out_merchant,merchant_bustout_001,scn_4f2f904cbb70,overt_fraud,0,7,1,1,0,3,4,4,2,0
txn_4cd721598669,1308.45,0.3558,23,0,10.0,10.0,10.0,1.0,14.0,1.0,1.0,0.0,1019.429,0.2835,24.09,24.09,32.0,0.11,71.76,189.0,0.0425,0.0081,0.1969,0.2402,36.0,4.0,1,merchant_ecosystem_abuse,bust_out_merchant,merchant_bustout_001,scn_4f2f904cbb70,overt_fraud,4,7,1,1,0,2,2,4,2,0
txn_d0fd77c3c3c7,806.09,0.3776,0,0,11.0,11.0,11.0,2.0,14.0,2.0,2.0,0.0,1045.7036,0.2291,18.93,18.93,32.0,0.11,71.76,189.0,0.0425,0.0081,0.1969,0.2402,36.0,4.0,1,merchant_ecosystem_abuse,bust_out_merchant,merchant_bustout_001,scn_4f2f904cbb70,overt_fraud,3,7,1,1,0,0,0,1,1,0
txn_d444d52be019,1739.65,0.3541,0,1,12.0,12.0,12.0,0.0,14.0,1.0,1.0,0.0,1025.7358,0.696,41.39,41.39,32.0,0.11,71.76,189.0,0.0425,0.0081,0.1969,0.2402,36.0,4.0,1,merchant_ecosystem_abuse,bust_out_merchant,merchant_bustout_001,scn_4f2f904cbb70,overt_fraud,4,7,1,1,0,0,2,4,1,0
txn_92564ca699db,266.79,0.6748,3,0,13.0,13.0,13.0,1.0,14.0,0.0,0.0,0.0,1080.6523,0.7531,144.45,144.45,32.0,0.11,71.76,189.0,0.0425,0.0081,0.1969,0.2402,36.0,4.0,1,merchant_ecosystem_abuse,bust_out_merchant,merchant_bustout_001,scn_4f2f904cbb70,overt_fraud,1,7,1,1,0,4,4,0,2,0
txn_bc00d7b8fea7,354.15,0.7092,6,0,14.0,14.0,14.0,2.0,18.0,0.0,0.0,0.0,1022.5193,0.6536,179.55,179.55,32.0,0.11,71.76,189.0,0.0425,0.0081,0.1969,0.2402,36.0,4.0,1,merchant_ecosystem_abuse,bust_out_merchant,merchant_bustout_001,scn_4f2f904cbb70,overt_fraud,3,7,1,1,0,3,3,1,2,0
txn_ec6810904ca7,738.28,0.667,7,0,15.0,15.0,15.0,0.0,17.0,0.0,0.0,0.0,977.9613,0.2451,95.27,95.27,32.0,0.11,71.76,189.0,0.0425,0.0081,0.1969,0.2402,36.0,4.0,1,merchant_ecosystem_abuse,bust_out_merchant,merchant_bustout_001,scn_4f2f904cbb70,overt_fraud,4,7,1,1,0,2,2,0,2,0
txn_91164474925c,555.92,0.4068,10,1,16.0,16.0,16.0,1.0,15.0,0.0,0.0,0.0,962.9812,0.4227,129.74,129.74,32.0,0.11,71.76,189.0,0.0425,0.0081,0.1969,0.2402,36.0,4.0,1,merchant_ecosystem_abuse,bust_out_merchant,merchant_bustout_001,scn_4f2f904cbb70,overt_fraud,1,7,1,1,0,3,4,1,2,0
txn_0016d9acb6bc,1246.67,0.6304,10,1,17.0,17.0,17.0,2.0,14.0,1.0,1.0,0.0,939.0365,0.3276,21.3,21.3,32.0,0.11,71.76,189.0,0.0425,0.0081,0.1969,0.2402,36.0,4.0,1,merchant_ecosystem_abuse,bust_out_merchant,merchant_bustout_001,scn_4f2f904cbb70,overt_fraud,0,7,1,1,0,5,4,4,1,0
txn_afb32dfcf461,265.24,0.6034,10,0,18.0,18.0,18.0,0.0,13.0,2.0,2.0,0.0,956.1272,0.7226,1.89,1.89,32.0,0.11,71.76,189.0,0.0425,0.0081,0.1969,0.2402,36.0,4.0,1,merchant_ecosystem_abuse,bust_out_merchant,merchant_bustout_001,scn_4f2f904cbb70,overt_fraud,2,7,1,1,0,2,2,0,2,0
txn_0cd95d8013f9,1527.87,0.6366,15,0,19.0,19.0,19.0,1.0,11.0,0.0,0.0,0.0,919.7647,0.6612,268.31,268.31,32.0,0.11,71.76,189.0,0.0425,0.0081,0.1969,0.2402,36.0,4.0,1,merchant_ecosystem_abuse,bust_out_merchant,merchant_bustout_001,scn_4f2f904cbb70,overt_fraud,3,7,1,1,0,2,2,0,1,0
txn_6b4c0ca86fd2,1916.87,0.2012,15,1,20.0,20.0,20.0,2.0,11.0,1.0,1.0,0.0,950.17,1.0174,7.87,7.87,32.0,0.11,71.76,189.0,0.0425,0.0081,0.1969,0.2402,36.0,4.0,1,merchant_ecosystem_abuse,bust_out_merchant,merchant_bustout_001,scn_4f2f904cbb70,overt_fraud,0,7,1,1,0,3,0,4,2,0
txn_24896e2dc993,1310.36,0.6911,16,0,21.0,21.0,21.0,0.0,10.0,0.0,0.0,0.0,996.2033,0.3154,67.3,67.3,32.0,0.11,71.76,189.0,0.0425,0.0081,0.1969,0.2402,36.0,4.0,1,merchant_ecosystem_abuse,bust_out_merchant,merchant_bustout_001,scn_4f2f904cbb70,overt_fraud,0,7,1,1,0,4,4,1,2,0
txn_decf284a3517,605.86,0.4321,17,0,22.0,22.0,22.0,1.0,10.0,1.0,1.0,0.0,1010.4832,0.4004,47.98,47.98,32.0,0.11,71.76,189.0,0.0425,0.0081,0.1969,0.2402,36.0,4.0,1,merchant_ecosystem_abuse,bust_out_merchant,merchant_bustout_001,scn_4f2f904cbb70,overt_fraud,2,7,1,1,0,0,0,1,1,0
txn_65f23088883f,1258.89,0.4548,17,0,23.0,23.0,23.0,2.0,7.0,2.0,2.0,0.0,992.8909,0.2679,4.98,4.98,32.0,0.11,71.76,189.0,0.0425,0.0081,0.1969,0.2402,36.0,4.0,1,merchant_ecosystem_abuse,bust_out_merchant,merchant_bustout_001,scn_4f2f904cbb70,overt_fraud,3,7,1,1,0,1,1,0,2,0
txn_881890244869,851.36,0.4848,18,0,24.0,24.0,24.0,0.0,6.0,0.0,0.0,0.0,1003.9742,0.152,98.62,98.62,32.0,0.11,71.76,189.0,0.0425,0.0081,0.1969,0.2402,36.0,4.0,1,merchant_ecosystem_abuse,bust_out_merchant,merchant_bustout_001,scn_4f2f904cbb70,overt_fraud,2,7,1,1,0,5,5,4,2,0
txn_565d7c800515,761.19,0.4548,18,0,25.0,25.0,25.0,1.0,6.0,1.0,1.0,0.0,997.8696,0.2372,4.72,4.72,32.0,0.11,71.76,189.0,0.0425,0.0081,0.1969,0.2402,36.0,4.0,1,merchant_ecosystem_abuse,bust_out_merchant,merchant_bustout_001,scn_4f2f904cbb70,overt_fraud,1,7,1,1,0,1,1,4,2,0
txn_1ca06e66f975,2020.87,0.7902,20,0,26.0,26.0,26.0,2.0,6.0,0.0,0.0,0.0,988.7665,1.0438,85.33,85.33,32.0,0.11,71.76,189.0,0.0425,0.0081,0.1969,0.2402,36.0,4.0,1,merchant_ecosystem_abuse,bust_out_merchant,merchant_bustout_001,scn_4f2f904cbb70,overt_fraud,0,7,1,1,0,0,0,4,2,0
txn_d9a17755f7be,314.8,0.2494,21,0,27.0,27.0,27.0,0.0,6.0,1.0,1.0,0.0,1026.9926,0.6935,57.75,57.75,32.0,0.11,71.76,189.0,0.0425,0.0081,0.1969,0.2402,36.0,4.0,1,merchant_ecosystem_abuse,bust_out_merchant,merchant_bustout_001,scn_4f2f904cbb70,overt_fraud,1,7,1,1,0,5,5,4,1,0
txn_1007885bca46,1891.53,0.92,21,1,28.0,28.0,28.0,1.0,6.0,1.0,1.0,0.0,1001.5571,0.8886,42.26,42.26,32.0,0.11,71.76,189.0,0.0425,0.0081,0.1969,0.2402,36.0,4.0,1,merchant_ecosystem_abuse,bust_out_merchant,merchant_bustout_001,scn_4f2f904cbb70,overt_fraud,0,7,1,1,0,0,1,4,2,0
txn_3d85fcd07502,1679.1,0.4083,22,1,29.0,29.0,29.0,2.0,6.0,1.0,1.0,0.0,1032.2459,0.6266,44.34,44.34,32.0,0.11,71.76,189.0,0.0425,0.0081,0.1969,0.2402,36.0,4.0,1,merchant_ecosystem_abuse,bust_out_merchant,merchant_bustout_001,scn_4f2f904cbb70,overt_fraud,0,7,1,1,0,3,4,0,1,0
txn_69ee08f66a6a,1009.57,0.5739,23,1,30.0,30.0,30.0,0.0,6.0,1.0,1.0,0.0,1053.8077,0.042,40.75,40.75,32.0,0.11,71.76,189.0,0.0425,0.0081,0.1969,0.2402,36.0,4.0,1,merchant_ecosystem_abuse,bust_out_merchant,merchant_bustout_001,scn_4f2f904cbb70,overt_fraud,2,7,1,1,1,2,1,4,1,1
txn_341c5c04b14b,736.81,0.3522,23,0,31.0,31.0,31.0,1.0,6.0,2.0,2.0,1.0,1052.3806,0.2999,2.13,2.13,32.0,0.11,71.76,189.0,0.0425,0.0081,0.1969,0.2402,36.0,4.0,1,merchant_ecosystem_abuse,bust_out_merchant,merchant_bustout_001,scn_4f2f904cbb70,overt_fraud,0,7,1,1,0,0,0,1,1,0
txn_8a26b2c080c0,340.34,0.3328,2,0,32.0,32.0,32.0,2.0,6.0,0.0,0.0,1.0,1042.5191,0.6735,187.46,187.46,32.0,0.11,71.76,189.0,0.0425,0.0081,0.1969,0.2402,36.0,4.0,1,merchant_ecosystem_abuse,bust_out_merchant,merchant_bustout_001,scn_4f2f904cbb70,overt_fraud,1,7,1,1,0,2,2,1,2,0
txn_27cc7b4a36fb,1964.19,0.587,5,0,33.0,33.0,33.0,0.0,6.0,0.0,0.0,1.0,1021.2409,0.9233,151.6,151.6,32.0,0.11,71.76,189.0,0.0425,0.0081,0.1969,0.2402,36.0,4.0,1,merchant_ecosystem_abuse,bust_out_merchant,merchant_bustout_001,scn_4f2f904cbb70,overt_fraud,3,7,1,1,0,1,1,1,1,0
txn_e3b5b2ae274d,1224.47,0.6783,5,0,34.0,34.0,34.0,1.0,6.0,1.0,1.0,1.0,1048.9747,0.1673,56.47,56.47,32.0,0.11,71.76,189.0,0.0425,0.0081,0.1969,0.2402,36.0,4.0,1,merchant_ecosystem_abuse,bust_out_merchant,merchant_bustout_001,scn_4f2f904cbb70,overt_fraud,0,7,1,1,0,0,0,0,2,0
txn_22e85d50dd33,1637.41,0.5291,6,0,35.0,35.0,35.0,2.0,6.0,1.0,1.0,1.0,1053.9889,0.5535,4.6,4.6,32.0,0.11,71.76,189.0,0.0425,0.0081,0.1969,0.2402,36.0,4.0,1,merchant_ecosystem_abuse,bust_out_merchant,merchant_bustout_001,scn_4f2f904cbb70,overt_fraud,3,7,1,1,0,3,3,0,2,0
txn_278e5f5044d2,920.04,0.43,6,0,36.0,36.0,36.0,0.0,6.0,2.0,2.0,1.0,1070.195,0.1403,24.51,24.51,32.0,0.11,71.76,189.0,0.0425,0.0081,0.1969,0.2402,36.0,4.0,1,merchant_ecosystem_abuse,bust_out_merchant,merchant_bustout_001,scn_4f2f904cbb70,overt_fraud,0,7,1,1,0,0,0,1,1,0
txn_2d61054fa6c8,1275.73,0.5844,7,0,37.0,37.0,37.0,1.0,6.0,0.0,0.0,1.0,1066.1368,0.1966,61.29,61.29,32.0,0.11,71.76,189.0,0.0425,0.0081,0.1969,0.2402,36.0,4.0,1,merchant_ecosystem_abuse,bust_out_merchant,merchant_bustout_001,scn_4f2f904cbb70,overt_fraud,3,7,1,1,0,5,5,1,1,0
txn_e11f1f19162e,1236.71,0.6948,7,0,38.0,38.0,38.0,2.0,6.0,1.0,1.0,1.0,1071.6524,0.154,15.01,15.01,32.0,0.11,71.76,189.0,0.0425,0.0081,0.1969,0.2402,36.0,4.0,1,merchant_ecosystem_abuse,bust_out_merchant,merchant_bustout_001,scn_4f2f904cbb70,overt_fraud,2,7,1,1,0,4,4,1,1,0
txn_b2c0bd65f44b,426.2,0.617,8,0,39.0,39.0,39.0,0.0,5.0,0.0,0.0,1.0,1075.8846,0.6039,69.18,69.18,32.0,0.11,71.76,189.0,0.0425,0.0081,0.1969,0.2402,36.0,4.0,1,merchant_ecosystem_abuse,bust_out_merchant,merchant_bustout_001,scn_4f2f904cbb70,overt_fraud,4,7,1,1,0,1,1,1,2,0
txn_9c1419b3faf5,1081.22,0.6657,8,1,40.0,40.0,40.0,1.0,5.0,1.0,1.0,1.0,1059.6425,0.0204,1.47,1.47,32.0,0.11,71.76,189.0,0.0425,0.0081,0.1969,0.2402,36.0,4.0,1,merchant_ecosystem_abuse,bust_out_merchant,merchant_bustout_001,scn_4f2f904cbb70,overt_fraud,0,7,1,1,0,2,1,4,1,0
txn_9cd227288657,1671.18,0.665,9,0,41.0,41.0,41.0,2.0,5.0,2.0,2.0,1.0,1060.1688,0.5763,36.2,36.2,32.0,0.11,71.76,189.0,0.0425,0.0081,0.1969,0.2402,36.0,4.0,1,merchant_ecosystem_abuse,bust_out_merchant,merchant_bustout_001,scn_4f2f904cbb70,overt_fraud,3,7,1,1,0,2,2,4,1,0
txn_f41fc1aff09a,436.25,0.6047,11,0,42.0,42.0,42.0,0.0,5.0,0.0,0.0,1.0,1074.7167,0.5941,101.22,101.22,32.0,0.11,71.76,189.0,0.0425,0.0081,0.1969,0.2402,36.0,4.0,1,merchant_ecosystem_abuse,bust_out_merchant,merchant_bustout_001,scn_4f2f904cbb70,overt_fraud,4,7,1,1,0,3,3,1,2,0
txn_978cc20e3024,1241.69,0.5003,14,1,43.0,43.0,43.0,1.0,5.0,0.0,0.0,1.0,1059.8686,0.1716,173.88,173.88,32.0,0.11,71.76,189.0,0.0425,0.0081,0.1969,0.2402,36.0,4.0,1,merchant_ecosystem_abuse,bust_out_merchant,merchant_bustout_001,scn_4f2f904cbb70,overt_fraud,1,7,1,1,0,3,2,0,1,0
txn_9fdc3eada63e,787.38,0.6828,16,1,44.0,44.0,44.0,2.0,5.0,0.0,0.0,1.0,1064.0009,0.26,150.48,150.48,32.0,0.11,71.76,189.0,0.0425,0.0081,0.1969,0.2402,36.0,4.0,1,merchant_ecosystem_abuse,bust_out_merchant,merchant_bustout_001,scn_4f2f904cbb70,overt_fraud,4,7,1,1,0,5,4,4,1,0
txn_d44d8dcc23e0,624.77,0.5657,18,1,45.0,45.0,45.0,0.0,5.0,0.0,0.0,1.0,1057.8538,0.4094,100.84,100.84,32.0,0.11,71.76,189.0,0.0425,0.0081,0.1969,0.2402,36.0,4.0,1,merchant_ecosystem_abuse,bust_out_merchant,merchant_bustout_001,scn_4f2f904cbb70,overt_fraud,4,7,1,1,0,2,1,4,1,0
txn_783b44a456f6,1240.09,0.5842,18,0,46.0,46.0,46.0,1.0,5.0,1.0,1.0,1.0,1048.4389,0.1828,3.74,3.74,32.0,0.11,71.76,189.0,0.0425,0.0081,0.1969,0.2402,36.0,4.0,1,merchant_ecosystem_abuse,bust_out_merchant,merchant_bustout_001,scn_4f2f904cbb70,overt_fraud,0,7,1,1,0,5,5,1,2,0
txn_8bbf2db9c529,1410.31,0.5004,19,0,47.0,47.0,47.0,2.0,5.0,1.0,1.0,1.0,1052.5166,0.3399,58.36,58.36,32.0,0.11,71.76,189.0,0.0425,0.0081,0.1969,0.2402,36.0,4.0,1,merchant_ecosystem_abuse,bust_out_merchant,merchant_bustout_001,scn_4f2f904cbb70,overt_fraud,3,7,1,1,0,3,3,0,2,0
txn_a981948bbdcc,209.92,0.6446,23,1,48.0,48.0,48.0,0.0,5.0,0.0,0.0,1.0,1059.9706,0.802,240.01,240.01,32.0,0.11,71.76,189.0,0.0425,0.0081,0.1969,0.2402,36.0,4.0,1,merchant_ecosystem_abuse,bust_out_merchant,merchant_bustout_001,scn_4f2f904cbb70,overt_fraud,4,7,1,1,0,3,2,4,2,0
txn_d14a794b710c,1100.96,0.6165,23,0,49.0,49.0,49.0,1.0,5.0,1.0,1.0,0.0,1042.6227,0.056,8.45,8.45,32.0,0.11,71.76,189.0,0.0425,0.0081,0.1969,0.2402,36.0,4.0,1,merchant_ecosystem_abuse,bust_out_merchant,merchant_bustout_001,scn_4f2f904cbb70,overt_fraud,3,7,1,1,0,5,5,1,1,0
txn_badf1c729102,1057.21,0.7239,0,0,50.0,50.0,50.0,2.0,5.0,1.0,1.0,0.0,1043.7894,0.0129,57.54,57.54,32.0,0.11,71.76,189.0,0.0425,0.0081,0.1969,0.2402,36.0,4.0,1,merchant_ecosystem_abuse,bust_out_merchant,merchant_bustout_001,scn_4f2f904cbb70,overt_fraud,2,7,1,1,0,0,0,1,1,0
txn_66574eabc44d,719.67,0.3412,1,0,51.0,51.0,51.0,0.0,5.0,1.0,1.0,0.0,1044.0525,0.3107,34.47,34.47,32.0,0.11,71.76,189.0,0.0425,0.0081,0.1969,0.2402,36.0,4.0,1,merchant_ecosystem_abuse,bust_out_merchant,merchant_bustout_001,scn_4f2f904cbb70,overt_fraud,0,7,1,1,1,5,5,4,1,1
txn_215449548d74,496.42,0.9153,1,0,52.0,52.0,52.0,1.0,5.0,2.0,2.0,1.0,1037.8144,0.5217,15.27,15.27,32.0,0.11,71.76,189.0,0.0425,0.0081,0.1969,0.2402,36.0,4.0,1,merchant_ecosystem_abuse,bust_out_merchant,merchant_bustout_001,scn_4f2f904cbb70,overt_fraud,2,7,1,1,0,3,3,4,1,0
txn_d5bf051eb44d,336.6,0.7,1,0,53.0,53.0,53.0,2.0,4.0,2.0,2.0,1.0,1027.5994,0.6724,23.15,23.15,32.0,0.11,71.76,189.0,0.0425,0.0081,0.1969,0.2402,36.0,4.0,1,merchant_ecosystem_abuse,bust_out_merchant,merchant_bustout_001,scn_4f2f904cbb70,overt_fraud,2,7,1,1,0,1,1,4,2,0
txn_7e65ab9e0050,683.07,0.714,1,1,54.0,54.0,54.0,0.0,3.0,3.0,3.0,1.0,1014.8031,0.3269,1.84,1.84,32.0,0.11,71.76,189.0,0.0425,0.0081,0.1969,0.2402,36.0,4.0,1,merchant_ecosystem_abuse,bust_out_merchant,merchant_bustout_001,scn_4f2f904cbb70,overt_fraud,1,7,1,1,0,4,2,4,1,0
txn_adfe7e22876f,304.77,0.2805,1,1,55.0,55.0,55.0,1.0,3.0,4.0,4.0,1.0,1008.7716,0.6979,6.84,6.84,32.0,0.11,71.76,189.0,0.0425,0.0081,0.1969,0.2402,36.0,4.0,1,merchant_ecosystem_abuse,bust_out_merchant,merchant_bustout_001,scn_4f2f904cbb70,overt_fraud,4,7,1,1,0,2,4,0,2,0
txn_a3bbdbc6d1c7,902.12,0.4791,2,1,56.0,56.0,56.0,2.0,3.0,3.0,3.0,1.0,996.2002,0.0944,46.87,46.87,32.0,0.11,71.76,189.0,0.0425,0.0081,0.1969,0.2402,36.0,4.0,1,merchant_ecosystem_abuse,bust_out_merchant,merchant_bustout_001,scn_4f2f904cbb70,overt_fraud,0,7,1,1,0,1,3,4,2,0
txn_4c01c3626248,772.3,0.6859,3,1,57.0,57.0,57.0,0.0,3.0,1.0,1.0,1.0,994.5496,0.2235,46.94,46.94,32.0,0.11,71.76,189.0,0.0425,0.0081,0.1969,0.2402,36.0,4.0,1,merchant_ecosystem_abuse,bust_out_merchant,merchant_bustout_001,scn_4f2f904cbb70,overt_fraud,3,7,1,1,0,3,5,0,2,0
txn_9b424abfdd89,949.42,0.5753,3,0,58.0,58.0,58.0,1.0,3.0,1.0,1.0,1.0,990.7178,0.0417,16.63,16.63,32.0,0.11,71.76,189.0,0.0425,0.0081,0.1969,0.2402,36.0,4.0,1,merchant_ecosystem_abuse,bust_out_merchant,merchant_bustout_001,scn_4f2f904cbb70,overt_fraud,1,7,1,1,0,0,0,1,1,0
txn_d0547409f6a1,925.98,0.3815,4,0,59.0,59.0,59.0,2.0,3.0,2.0,2.0,1.0,990.0178,0.0647,30.84,30.84,32.0,0.11,71.76,189.0,0.0425,0.0081,0.1969,0.2402,36.0,4.0,1,merchant_ecosystem_abuse,bust_out_merchant,merchant_bustout_001,scn_4f2f904cbb70,overt_fraud,0,7,1,1,0,4,4,1,1,0
txn_cc237955ea29,1139.07,0.4895,5,0,60.0,60.0,60.0,0.0,3.0,0.0,0.0,1.0,988.9505,0.1518,93.77,93.77,32.0,0.11,71.76,189.0,0.0425,0.0081,0.1969,0.2402,36.0,4.0,1,merchant_ecosystem_abuse,bust_out_merchant,merchant_bustout_001,scn_4f2f904cbb70,overt_fraud,0,7,1,1,0,5,5,0,2,0
txn_77ae205356cc,1099.3,0.4776,5,0,61.0,61.0,61.0,1.0,3.0,1.0,1.0,1.0,991.4115,0.1088,16.46,16.46,32.0,0.11,71.76,189.0,0.0425,0.0081,0.1969,0.2402,36.0,4.0,1,merchant_ecosystem_abuse,bust_out_merchant,merchant_bustout_001,scn_4f2f904cbb70,overt_fraud,4,7,1,1,0,1,1,0,1,0
txn_4fc2ccf1952d,1280.14,0.3713,5,0,62.0,62.0,62.0,2.0,3.0,2.0,2.0,1.0,993.1516,0.289,0.26,0.26,32.0,0.11,71.76,189.0,0.0425,0.0081,0.1969,0.2402,36.0,4.0,1,merchant_ecosystem_abuse,bust_out_merchant,merchant_bustout_001,scn_4f2f904cbb70,overt_fraud,3,7,1,1,0,4,4,4,1,0
txn_c3dc891ca5ad,1810.34,0.8798,6,0,63.0,63.0,63.0,0.0,3.0,2.0,2.0,1.0,997.707,0.8145,50.11,50.11,32.0,0.11,71.76,189.0,0.0425,0.0081,0.1969,0.2402,36.0,4.0,1,merchant_ecosystem_abuse,bust_out_merchant,merchant_bustout_001,scn_4f2f904cbb70,overt_fraud,0,7,1,1,0,4,4,4,1,0
txn_41d4f60fb131,1444.04,0.5554,7,1,64.0,64.0,64.0,1.0,3.0,1.0,1.0,1.0,1010.4044,0.4292,42.31,42.31,32.0,0.11,71.76,189.0,0.0425,0.0081,0.1969,0.2402,36.0,4.0,1,merchant_ecosystem_abuse,bust_out_merchant,merchant_bustout_001,scn_4f2f904cbb70,overt_fraud,1,7,1,1,0,0,2,4,2,0
txn_34fa5a9596e9,877.99,0.4111,8,0,65.0,65.0,65.0,2.0,3.0,1.0,1.0,1.0,1017.0757,0.1368,54.66,54.66,32.0,0.11,71.76,189.0,0.0425,0.0081,0.1969,0.2402,36.0,4.0,1,merchant_ecosystem_abuse,bust_out_merchant,merchant_bustout_001,scn_4f2f904cbb70,overt_fraud,3,7,1,1,0,3,3,1,1,0
txn_d82e6d01abdd,1857.92,0.7239,9,0,66.0,66.0,66.0,0.0,3.0,0.0,0.0,1.0,1014.9683,0.8305,91.42,91.42,32.0,0.11,71.76,189.0,0.0425,0.0081,0.1969,0.2402,36.0,4.0,1,merchant_ecosystem_abuse,bust_out_merchant,merchant_bustout_001,scn_4f2f904cbb70,overt_fraud,4,7,1,1,0,5,5,1,2,0
txn_d9f09cd1cb7a,1318.13,0.5824,11,0,67.0,67.0,67.0,1.0,3.0,0.0,0.0,1.0,1027.5497,0.2828,118.48,118.48,32.0,0.11,71.76,189.0,0.0425,0.0081,0.1969,0.2402,36.0,4.0,1,merchant_ecosystem_abuse,bust_out_merchant,merchant_bustout_001,scn_4f2f904cbb70,overt_fraud,0,7,1,1,0,4,4,4,2,0
txn_67c1ac0e37f1,1255.62,0.5564,12,0,68.0,68.0,68.0,2.0,3.0,1.0,1.0,1.0,1031.8229,0.2169,52.99,52.99,32.0,0.11,71.76,189.0,0.0425,0.0081,0.1969,0.2402,36.0,4.0,1,merchant_ecosystem_abuse,bust_out_merchant,merchant_bustout_001,scn_4f2f904cbb70,overt_fraud,1,7,1,1,0,5,5,0,2,0
txn_0a93132f4346,956.48,0.468,12,0,69.0,69.0,69.0,0.0,3.0,2.0,2.0,1.0,1035.0664,0.0759,0.94,0.94,32.0,0.11,71.76,189.0,0.0425,0.0081,0.1969,0.2402,36.0,4.0,1,merchant_ecosystem_abuse,bust_out_merchant,merchant_bustout_001,scn_4f2f904cbb70,overt_fraud,3,7,1,1,0,2,2,0,2,0
txn_6b0c0c306a4c,910.73,0.6189,13,0,70.0,70.0,70.0,1.0,3.0,2.0,2.0,1.0,1033.9437,0.1192,11.07,11.07,32.0,0.11,71.76,189.0,0.0425,0.0081,0.1969,0.2402,36.0,4.0,1,merchant_ecosystem_abuse,bust_out_merchant,merchant_bustout_001,scn_4f2f904cbb70,overt_fraud,4,7,1,1,0,1,1,4,2,0
txn_a8f1883fe5b1,371.31,0.3595,13,0,71.0,71.0,71.0,2.0,3.0,3.0,3.0,1.0,1032.2083,0.6403,17.48,17.48,32.0,0.11,71.76,189.0,0.0425,0.0081,0.1969,0.2402,36.0,4.0,1,merchant_ecosystem_abuse,bust_out_merchant,merchant_bustout_001,scn_4f2f904cbb70,overt_fraud,0,7,1,1,0,2,2,0,2,0
txn_14c6cd015fce,265.44,0.7376,13,0,72.0,72.0,72.0,0.0,3.0,2.0,2.0,1.0,1023.0292,0.7405,35.64,35.64,32.0,0.11,71.76,189.0,0.0425,0.0081,0.1969,0.2402,36.0,4.0,1,merchant_ecosystem_abuse,bust_out_merchant,merchant_bustout_001,scn_4f2f904cbb70,overt_fraud,0,7,1,1,0,4,4,4,1,0
txn_e58f49de2844,1634.08,0.2573,13,1,73.0,73.0,73.0,1.0,2.0,3.0,3.0,1.0,1012.6512,0.6137,2.32,2.32,32.0,0.11,71.76,189.0,0.0425,0.0081,0.1969,0.2402,36.0,4.0,1,merchant_ecosystem_abuse,bust_out_merchant,merchant_bustout_001,scn_4f2f904cbb70,overt_fraud,3,7,1,1,0,4,2,1,1,0
txn_f06788d38a75,527.56,0.482,16,0,74.0,74.0,74.0,2.0,2.0,0.0,0.0,1.0,1021.0489,0.4833,151.43,151.43,32.0,0.11,71.76,189.0,0.0425,0.0081,0.1969,0.2402,36.0,4.0,1,merchant_ecosystem_abuse,bust_out_merchant,merchant_bustout_001,scn_4f2f904cbb70,overt_fraud,2,7,1,1,0,1,1,4,1,0
txn_dece54413bc5,2003.25,0.5498,18,0,75.0,75.0,75.0,0.0,2.0,0.0,0.0,1.0,1014.4691,0.9747,96.07,96.07,32.0,0.11,71.76,189.0,0.0425,0.0081,0.1969,0.2402,36.0,4.0,1,merchant_ecosystem_abuse,bust_out_merchant,merchant_bustout_001,scn_4f2f904cbb70,overt_fraud,3,7,1,1,0,5,5,0,2,0
txn_93cecbf37589,416.5,0.6983,19,0,76.0,76.0,76.0,1.0,2.0,0.0,0.0,1.0,1027.4793,0.5946,114.02,114.02,32.0,0.11,71.76,189.0,0.0425,0.0081,0.1969,0.2402,36.0,4.0,1,merchant_ecosystem_abuse,bust_out_merchant,merchant_bustout_001,scn_4f2f904cbb70,overt_fraud,0,7,1,1,0,4,4,0,2,0
txn_31ae10c870cc,213.87,0.5921,20,0,77.0,77.0,77.0,2.0,2.0,1.0,1.0,1.0,1019.5445,0.7902,59.07,59.07,32.0,0.11,71.76,189.0,0.0425,0.0081,0.1969,0.2402,36.0,4.0,1,merchant_ecosystem_abuse,bust_out_merchant,merchant_bustout_001,scn_4f2f904cbb70,overt_fraud,2,7,1,1,0,5,5,0,1,0
txn_84a97c4b9ca8,529.63,0.6678,21,0,78.0,78.0,78.0,0.0,2.0,1.0,1.0,1.0,1009.2154,0.4752,56.22,56.22,32.0,0.11,71.76,189.0,0.0425,0.0081,0.1969,0.2402,36.0,4.0,1,merchant_ecosystem_abuse,bust_out_merchant,merchant_bustout_001,scn_4f2f904cbb70,overt_fraud,0,7,1,1,0,5,5,1,2,0
txn_5e214b4f9a57,481.72,0.6987,22,0,79.0,79.0,79.0,1.0,2.0,1.0,1.0,1.0,1003.1447,0.5198,16.25,16.25,32.0,0.11,71.76,189.0,0.0425,0.0081,0.1969,0.2402,36.0,4.0,1,merchant_ecosystem_abuse,bust_out_merchant,merchant_bustout_001,scn_4f2f904cbb70,overt_fraud,1,7,1,1,0,5,5,1,1,0
txn_1c83f6159fd8,707.42,0.5776,23,0,80.0,80.0,80.0,2.0,2.0,0.0,0.0,1.0,996.6269,0.2902,70.79,70.79,32.0,0.11,71.76,189.0,0.0425,0.0081,0.1969,0.2402,36.0,4.0,1,merchant_ecosystem_abuse,bust_out_merchant,merchant_bustout_001,scn_4f2f904cbb70,overt_fraud,1,7,1,1,0,5,5,0,1,0
txn_eb6d2f344a8e,393.49,0.3967,1,1,81.0,81.0,81.0,0.0,2.0,0.0,0.0,0.0,993.0564,0.6038,112.89,112.89,32.0,0.11,71.76,189.0,0.0425,0.0081,0.1969,0.2402,36.0,4.0,1,merchant_ecosystem_abuse,bust_out_merchant,merchant_bustout_001,scn_4f2f904cbb70,overt_fraud,3,7,1,1,0,0,3,1,1,0
txn_d7b458b76e2e,270.69,0.4347,4,1,82.0,82.0,82.0,1.0,2.0,0.0,0.0,0.0,985.7446,0.7254,209.94,209.94,32.0,0.11,71.76,189.0,0.0425,0.0081,0.1969,0.2402,36.0,4.0,1,merchant_ecosystem_abuse,bust_out_merchant,merchant_bustout_001,scn_4f2f904cbb70,overt_fraud,1,7,1,1,0,4,0,0,1,0
txn_d43b3b9a7e8f,463.59,0.5618,5,0,83.0,83.0,83.0,2.0,2.0,0.0,0.0,0.0,977.1295,0.5256,63.77,63.77,32.0,0.11,71.76,189.0,0.0425,0.0081,0.1969,0.2402,36.0,4.0,1,merchant_ecosystem_abuse,bust_out_merchant,merchant_bustout_001,scn_4f2f904cbb70,overt_fraud,1,7,1,1,0,0,0,0,2,0
txn_55c290fbae32,1001.9,0.7263,6,0,84.0,84.0,84.0,0.0,2.0,1.0,1.0,0.0,971.016,0.0318,50.69,50.69,32.0,0.11,71.76,189.0,0.0425,0.0081,0.1969,0.2402,36.0,4.0,1,merchant_ecosystem_abuse,bust_out_merchant,merchant_bustout_001,scn_4f2f904cbb70,overt_fraud,0,7,1,1,0,5,5,0,2,0
txn_8a86efe06f69,713.36,0.3133,6,0,85.0,85.0,85.0,1.0,2.0,1.0,1.0,0.0,971.3793,0.2656,16.79,16.79,32.0,0.11,71.76,189.0,0.0425,0.0081,0.1969,0.2402,36.0,4.0,1,merchant_ecosystem_abuse,bust_out_merchant,merchant_bustout_001,scn_4f2f904cbb70,overt_fraud,0,7,1,1,0,4,4,4,1,0
txn_32185b95cde0,1329.67,0.6171,7,0,86.0,86.0,86.0,2.0,2.0,2.0,2.0,0.0,968.3791,0.3731,18.93,18.93,32.0,0.11,71.76,189.0,0.0425,0.0081,0.1969,0.2402,36.0,4.0,1,merchant_ecosystem_abuse,bust_out_merchant,merchant_bustout_001,scn_4f2f904cbb70,overt_fraud,4,7,1,1,0,1,1,0,1,0
txn_3603d7b06dc7,1425.37,0.6278,7,0,87.0,87.0,87.0,0.0,2.0,2.0,2.0,0.0,972.5318,0.4656,35.51,35.51,32.0,0.11,71.76,189.0,0.0425,0.0081,0.1969,0.2402,36.0,4.0,1,merchant_ecosystem_abuse,bust_out_merchant,merchant_bustout_001,scn_4f2f904cbb70,overt_fraud,3,7,1,1,0,3,3,1,2,0
txn_1aa266c24619,347.12,0.3839,8,0,88.0,88.0,88.0,1.0,2.0,1.0,1.0,0.0,977.6777,0.645,45.33,45.33,32.0,0.11,71.76,189.0,0.0425,0.0081,0.1969,0.2402,36.0,4.0,1,merchant_ecosystem_abuse,bust_out_merchant,merchant_bustout_001,scn_4f2f904cbb70,overt_fraud,2,7,1,1,0,2,2,4,1,0
txn_e2c453a9adb1,800.13,0.5587,9,0,89.0,89.0,89.0,2.0,2.0,1.0,1.0,0.0,970.5928,0.1756,59.32,59.32,32.0,0.11,71.76,189.0,0.0425,0.0081,0.1969,0.2402,36.0,4.0,1,merchant_ecosystem_abuse,bust_out_merchant,merchant_bustout_001,scn_4f2f904cbb70,overt_fraud,3,7,1,1,0,4,4,4,2,0
txn_d490beec6fa9,414.38,0.3185,9,0,90.0,90.0,90.0,0.0,2.0,1.0,1.0,0.0,968.6988,0.5722,10.85,10.85,32.0,0.11,71.76,189.0,0.0425,0.0081,0.1969,0.2402,36.0,4.0,1,merchant_ecosystem_abuse,bust_out_merchant,merchant_bustout_001,scn_4f2f904cbb70,overt_fraud,4,7,1,1,0,4,4,1,2,0
txn_8158bd280459,881.44,0.3637,10,0,91.0,91.0,91.0,1.0,2.0,1.0,1.0,0.0,962.6074,0.0843,55.33,55.33,32.0,0.11,71.76,189.0,0.0425,0.0081,0.1969,0.2402,36.0,4.0,1,merchant_ecosystem_abuse,bust_out_merchant,merchant_bustout_001,scn_4f2f904cbb70,overt_fraud,0,7,1,1,0,2,2,1,2,0
txn_45ced754708a,1099.0,0.3656,13,0,92.0,92.0,92.0,2.0,2.0,0.0,0.0,0.0,961.7251,0.1427,147.52,147.52,32.0,0.11,71.76,189.0,0.0425,0.0081,0.1969,0.2402,36.0,4.0,1,merchant_ecosystem_abuse,bust_out_merchant,merchant_bustout_001,scn_4f2f904cbb70,overt_fraud,4,7,1,1,0,0,0,1,1,0
txn_956832c0a456,1561.68,0.3757,13,0,93.0,93.0,93.0,0.0,2.0,1.0,1.0,0.0,963.2012,0.6213,2.11,2.11,32.0,0.11,71.76,189.0,0.0425,0.0081,0.1969,0.2402,36.0,4.0,1,merchant_ecosystem_abuse,bust_out_merchant,merchant_bustout_001,scn_4f2f904cbb70,overt_fraud,2,7,1,1,0,2,2,4,1,0
txn_3fe820c8b524,919.49,0.4994,13,0,94.0,94.0,94.0,1.0,2.0,2.0,2.0,0.0,969.568,0.0516,8.24,8.24,32.0,0.11,71.76,189.0,0.0425,0.0081,0.1969,0.2402,36.0,4.0,1,merchant_ecosystem_abuse,bust_out_merchant,merchant_bustout_001,scn_4f2f904cbb70,overt_fraud,2,7,1,1,0,2,2,4,1,0
txn_26a6ba79c527,430.67,0.6559,13,0,95.0,95.0,95.0,2.0,2.0,3.0,3.0,0.0,969.0408,0.5556,35.86,35.86,32.0,0.11,71.76,189.0,0.0425,0.0081,0.1969,0.2402,36.0,4.0,1,merchant_ecosystem_abuse,bust_out_merchant,merchant_bustout_001,scn_4f2f904cbb70,overt_fraud,4,7,1,1,0,5,5,4,1,0
txn_069dc2777543,1990.04,0.6724,13,0,96.0,96.0,96.0,0.0,2.0,4.0,4.0,0.0,963.4328,1.0656,5.29,5.29,32.0,0.11,71.76,189.0,0.0425,0.0081,0.1969,0.2402,36.0,4.0,1,merchant_ecosystem_abuse,bust_out_merchant,merchant_bustout_001,scn_4f2f904cbb70,overt_fraud,2,7,1,1,0,0,0,4,2,0
txn_788572eafc45,880.41,0.5882,15,0,97.0,97.0,97.0,1.0,2.0,0.0,0.0,0.0,974.0164,0.0961,103.93,103.93,32.0,0.11,71.76,189.0,0.0425,0.0081,0.1969,0.2402,36.0,4.0,1,merchant_ecosystem_abuse,bust_out_merchant,merchant_bustout_001,scn_4f2f904cbb70,overt_fraud,1,7,1,1,0,5,5,4,1,0
txn_38cc092334fc,1911.23,0.3503,15,0,98.0,98.0,98.0,2.0,2.0,1.0,1.0,0.0,973.0612,0.9641,2.66,2.66,32.0,0.11,71.76,189.0,0.0425,0.0081,0.1969,0.2402,36.0,4.0,1,merchant_ecosystem_abuse,bust_out_merchant,merchant_bustout_001,scn_4f2f904cbb70,overt_fraud,2,7,1,1,1,2,2,0,2,1
txn_9c389bab88e2,1306.77,0.3766,16,1,99.0,99.0,99.0,0.0,2.0,2.0,2.0,1.0,982.5377,0.33,42.63,42.63,32.0,0.11,71.76,189.0,0.0425,0.0081,0.1969,0.2402,36.0,4.0,1,merchant_ecosystem_abuse,bust_out_merchant,merchant_bustout_001,scn_4f2f904cbb70,overt_fraud,0,7,1,1,0,0,4,1,1,0
txn_dec298ac867c,1974.23,0.5681,20,0,100.0,100.0,100.0,1.0,2.0,0.0,0.0,1.0,985.78,1.0027,241.74,241.74,32.0,0.11,71.76,189.0,0.0425,0.0081,0.1969,0.2402,36.0,4.0,1,merchant_ecosystem_abuse,bust_out_merchant,merchant_bustout_001,scn_4f2f904cbb70,overt_fraud,0,7,1,1,1,4,4,1,2,1
txn_df0009d74fd7,1890.41,0.4048,20,0,101.0,101.0,101.0,2.0,2.0,1.0,1.0,2.0,995.5666,0.8988,17.87,17.87,32.0,0.11,71.76,189.0,0.0425,0.0081,0.1969,0.2402,36.0,4.0,1,merchant_ecosystem_abuse,bust_out_merchant,merchant_bustout_001,scn_4f2f904cbb70,overt_fraud,4,7,1,1,0,5,5,0,2,0
txn_3c23b2ef6bb0,1755.45,0.4413,21,0,102.0,102.0,102.0,0.0,2.0,2.0,2.0,2.0,1004.3396,0.7479,29.2,29.2,32.0,0.11,71.76,189.0,0.0425,0.0081,0.1969,0.2402,36.0,4.0,1,merchant_ecosystem_abuse,bust_out_merchant,merchant_bustout_001,scn_4f2f904cbb70,overt_fraud,0,7,1,1,0,5,5,1,2,0
txn_c539a6bfb711,1536.26,0.6021,21,0,103.0,103.0,103.0,1.0,2.0,2.0,2.0,2.0,1011.6319,0.5186,18.12,18.12,32.0,0.11,71.76,189.0,0.0425,0.0081,0.1969,0.2402,36.0,4.0,1,merchant_ecosystem_abuse,bust_out_merchant,merchant_bustout_001,scn_4f2f904cbb70,overt_fraud,0,7,1,1,0,5,5,4,1,0
txn_15e0eb5d3b70,1267.38,0.3702,21,0,104.0,104.0,104.0,2.0,2.0,2.0,2.0,2.0,1016.6764,0.2466,19.0,19.0,32.0,0.11,71.76,189.0,0.0425,0.0081,0.1969,0.2402,36.0,4.0,1,merchant_ecosystem_abuse,bust_out_merchant,merchant_bustout_001,scn_4f2f904cbb70,overt_fraud,0,7,1,1,0,4,4,0,1,0
txn_d99b57e8347a,882.19,0.6029,22,0,105.0,105.0,105.0,0.0,2.0,3.0,3.0,2.0,1019.0641,0.1343,8.8,8.8,32.0,0.11,71.76,189.0,0.0425,0.0081,0.1969,0.2402,36.0,4.0,1,merchant_ecosystem_abuse,bust_out_merchant,merchant_bustout_001,scn_4f2f904cbb70,overt_fraud,4,7,1,1,0,3,3,4,1,0
txn_e4c4be30410b,536.38,0.4336,2,0,106.0,106.0,106.0,1.0,2.0,0.0,0.0,2.0,1017.7728,0.473,238.97,238.97,32.0,0.11,71.76,189.0,0.0425,0.0081,0.1969,0.2402,36.0,4.0,1,merchant_ecosystem_abuse,bust_out_merchant,merchant_bustout_001,scn_4f2f904cbb70,overt_fraud,0,7,1,1,0,5,5,4,2,0
txn_3fb5849c07c1,2023.5,0.21,3,0,107.0,107.0,107.0,2.0,2.0,0.0,0.0,2.0,1013.2738,0.997,89.12,89.12,32.0,0.11,71.76,189.0,0.0425,0.0081,0.1969,0.2402,36.0,4.0,1,merchant_ecosystem_abuse,bust_out_merchant,merchant_bustout_001,scn_4f2f904cbb70,overt_fraud,4,7,1,1,0,3,3,1,1,0
txn_2666f287137d,154.54,0.9034,13,0,0.0,0.0,0.0,0.0,3.0,0.0,0.0,0.0,0.0,0.0,1440.0,1440.0,175.0,0.1577,321.99,747.0,0.1422,0.0378,0.9541,0.4358,31.0,1.0,1,merchant_ecosystem_abuse,gift_card_abuse,merchant_gift_card_001,scn_5ca585df531e,overt_fraud,4,4,4,1,0,4,4,3,3,0
txn_87f7cb718fac,919.85,0.8895,14,0,1.0,1.0,1.0,1.0,3.0,1.0,1.0,0.0,154.54,4.9522,50.91,50.91,175.0,0.1577,321.99,747.0,0.1422,0.0378,0.9541,0.4358,31.0,1.0,1,merchant_ecosystem_abuse,gift_card_abuse,merchant_gift_card_001,scn_5ca585df531e,overt_fraud,4,4,4,1,0,2,2,3,3,0
txn_75527c2c8fe9,1197.5,0.5304,14,0,2.0,2.0,2.0,2.0,4.0,2.0,2.0,0.0,537.195,1.2292,2.5,2.5,175.0,0.1577,321.99,747.0,0.1422,0.0378,0.9541,0.4358,31.0,1.0,1,merchant_ecosystem_abuse,gift_card_abuse,merchant_gift_card_001,scn_5ca585df531e,overt_fraud,0,4,4,1,0,2,2,3,3,0
txn_85d0ac8e45a5,187.02,0.1692,15,0,3.0,3.0,3.0,0.0,5.0,0.0,0.0,0.0,757.2967,0.753,70.08,70.08,175.0,0.1577,321.99,747.0,0.1422,0.0378,0.9541,0.4358,31.0,1.0,1,merchant_ecosystem_abuse,gift_card_abuse,merchant_gift_card_001,scn_5ca585df531e,overt_fraud,2,4,4,1,0,1,1,3,3,0
txn_8371fd9f5165,476.22,0.377,16,0,4.0,4.0,4.0,1.0,6.0,1.0,1.0,0.0,614.7275,0.2253,16.31,16.31,175.0,0.1577,321.99,747.0,0.1422,0.0378,0.9541,0.4358,31.0,1.0,1,merchant_ecosystem_abuse,gift_card_abuse,merchant_gift_card_001,scn_5ca585df531e,overt_fraud,0,4,4,1,0,1,1,3,3,0
txn_f87070959691,411.63,0.209,17,0,5.0,5.0,5.0,2.0,7.0,1.0,1.0,0.0,587.026,0.2988,53.26,53.26,175.0,0.1577,321.99,747.0,0.1422,0.0378,0.9541,0.4358,31.0,1.0,1,merchant_ecosystem_abuse,gift_card_abuse,merchant_gift_card_001,scn_5ca585df531e,overt_fraud,1,4,4,1,0,5,5,3,3,0
txn_eeff3e52cbd4,171.32,0.2342,17,0,6.0,6.0,6.0,0.0,6.0,1.0,1.0,0.0,557.7933,0.6929,14.2,14.2,175.0,0.1577,321.99,747.0,0.1422,0.0378,0.9541,0.4358,31.0,1.0,1,merchant_ecosystem_abuse,gift_card_abuse,merchant_gift_card_001,scn_5ca585df531e,overt_fraud,3,4,4,1,0,0,0,3,3,0
txn_3b23f6808d47,403.78,0.1795,18,1,7.0,7.0,7.0,1.0,8.0,0.0,0.0,0.0,502.5829,0.1966,74.71,74.71,175.0,0.1577,321.99,747.0,0.1422,0.0378,0.9541,0.4358,31.0,1.0,1,merchant_ecosystem_abuse,gift_card_abuse,merchant_gift_card_001,scn_5ca585df531e,overt_fraud,3,4,4,1,0,0,2,3,3,0
txn_b9f21fa0096b,235.34,0.4166,19,0,8.0,8.0,8.0,2.0,9.0,1.0,1.0,0.0,490.2325,0.5199,56.22,56.22,175.0,0.1577,321.99,747.0,0.1422,0.0378,0.9541,0.4358,31.0,1.0,1,merchant_ecosystem_abuse,gift_card_abuse,merchant_gift_card_001,scn_5ca585df531e,overt_fraud,0,4,4,1,0,1,1,3,3,0
txn_bb3e5e5ec8b4,449.27,0.5324,21,0,9.0,9.0,9.0,0.0,10.0,0.0,0.0,0.0,461.9111,0.0274,128.03,128.03,175.0,0.1577,321.99,747.0,0.1422,0.0378,0.9541,0.4358,31.0,1.0,1,merchant_ecosystem_abuse,gift_card_abuse,merchant_gift_card_001,scn_5ca585df531e,overt_fraud,2,4,4,1,0,3,3,3,3,0
txn_f58d24d84d12,1149.3,0.6067,23,0,10.0,10.0,10.0,1.0,12.0,0.0,0.0,0.0,460.647,1.495,94.47,94.47,175.0,0.1577,321.99,747.0,0.1422,0.0378,0.9541,0.4358,31.0,1.0,1,merchant_ecosystem_abuse,gift_card_abuse,merchant_gift_card_001,scn_5ca585df531e,overt_fraud,0,4,4,1,0,5,5,3,3,0
txn_775e18c8b637,1265.74,0.4745,0,0,11.0,11.0,11.0,2.0,13.0,0.0,0.0,0.0,523.2518,1.419,81.59,81.59,175.0,0.1577,321.99,747.0,0.1422,0.0378,0.9541,0.4358,31.0,1.0,1,merchant_ecosystem_abuse,gift_card_abuse,merchant_gift_card_001,scn_5ca585df531e,overt_fraud,1,4,4,1,0,3,3,3,3,0
txn_32428482df2d,1355.11,0.2694,1,0,12.0,12.0,12.0,0.0,12.0,1.0,1.0,0.0,585.1258,1.3159,27.88,27.88,175.0,0.1577,321.99,747.0,0.1422,0.0378,0.9541,0.4358,31.0,1.0,1,merchant_ecosystem_abuse,gift_card_abuse,merchant_gift_card_001,scn_5ca585df531e,overt_fraud,2,4,4,1,0,2,2,3,3,0
txn_acada16d602d,1009.01,0.385,3,0,13.0,13.0,13.0,1.0,14.0,0.0,0.0,0.0,644.3554,0.5659,117.48,117.48,175.0,0.1577,321.99,747.0,0.1422,0.0378,0.9541,0.4358,31.0,1.0,1,merchant_ecosystem_abuse,gift_card_abuse,merchant_gift_card_001,scn_5ca585df531e,overt_fraud,2,4,4,1,0,4,4,3,3,0
txn_e3768e57d973,764.17,0.3689,3,0,14.0,14.0,14.0,2.0,13.0,1.0,1.0,0.0,670.4021,0.1399,46.2,46.2,175.0,0.1577,321.99,747.0,0.1422,0.0378,0.9541,0.4358,31.0,1.0,1,merchant_ecosystem_abuse,gift_card_abuse,merchant_gift_card_001,scn_5ca585df531e,overt_fraud,0,4,4,1,0,1,1,3,3,0
txn_d219076cdb41,137.11,0.5197,4,0,15.0,15.0,15.0,0.0,11.0,1.0,1.0,0.0,676.6533,0.7974,19.05,19.05,175.0,0.1577,321.99,747.0,0.1422,0.0378,0.9541,0.4358,31.0,1.0,1,merchant_ecosystem_abuse,gift_card_abuse,merchant_gift_card_001,scn_5ca585df531e,overt_fraud,1,4,4,1,0,5,5,3,3,0
txn_ee93ef06bef2,1349.71,0.56,5,0,16.0,16.0,16.0,1.0,10.0,1.0,1.0,0.0,642.9319,1.0993,55.02,55.02,175.0,0.1577,321.99,747.0,0.1422,0.0378,0.9541,0.4358,31.0,1.0,1,merchant_ecosystem_abuse,gift_card_abuse,merchant_gift_card_001,scn_5ca585df531e,overt_fraud,3,4,4,1,0,5,5,3,3,0
txn_2efcb10ee2dc,542.45,0.3453,5,0,17.0,17.0,17.0,2.0,9.0,1.0,1.0,0.0,684.5071,0.2075,35.91,35.91,175.0,0.1577,321.99,747.0,0.1422,0.0378,0.9541,0.4358,31.0,1.0,1,merchant_ecosystem_abuse,gift_card_abuse,merchant_gift_card_001,scn_5ca585df531e,overt_fraud,3,4,4,1,0,1,1,3,3,0
txn_713d295b84bc,931.81,0.1443,6,0,18.0,18.0,18.0,0.0,8.0,1.0,1.0,0.0,676.615,0.3772,31.79,31.79,175.0,0.1577,321.99,747.0,0.1422,0.0378,0.9541,0.4358,31.0,1.0,1,merchant_ecosystem_abuse,gift_card_abuse,merchant_gift_card_001,scn_5ca585df531e,overt_fraud,1,4,4,1,0,0,0,3,3,0
txn_6b15fcccf90d,519.06,0.6097,6,0,19.0,19.0,19.0,1.0,8.0,1.0,1.0,0.0,690.0463,0.2478,44.62,44.62,175.0,0.1577,321.99,747.0,0.1422,0.0378,0.9541,0.4358,31.0,1.0,1,merchant_ecosystem_abuse,gift_card_abuse,merchant_gift_card_001,scn_5ca585df531e,overt_fraud,3,4,4,1,0,2,2,3,3,0
txn_65b86d6ad298,154.35,0.2477,8,0,20.0,20.0,20.0,2.0,8.0,0.0,0.0,0.0,681.497,0.7735,100.72,100.72,175.0,0.1577,321.99,747.0,0.1422,0.0378,0.9541,0.4358,31.0,1.0,1,merchant_ecosystem_abuse,gift_card_abuse,merchant_gift_card_001,scn_5ca585df531e,overt_fraud,2,4,4,1,0,2,2,3,3,0
txn_774fb015ff97,186.56,0.4584,8,0,21.0,21.0,21.0,0.0,7.0,1.0,1.0,0.0,656.3948,0.7158,11.63,11.63,175.0,0.1577,321.99,747.0,0.1422,0.0378,0.9541,0.4358,31.0,1.0,1,merchant_ecosystem_abuse,gift_card_abuse,merchant_gift_card_001,scn_5ca585df531e,overt_fraud,0,4,4,1,0,5,5,3,3,0
txn_c8b2f88df0f0,185.56,0.08,8,0,22.0,22.0,22.0,1.0,3.0,2.0,2.0,0.0,635.0386,0.7078,1.4,1.4,175.0,0.1577,321.99,747.0,0.1422,0.0378,0.9541,0.4358,31.0,1.0,1,merchant_ecosystem_abuse,gift_card_abuse,merchant_gift_card_001,scn_5ca585df531e,overt_fraud,4,4,4,1,0,2,2,3,3,0
txn_4463c01c0452,1318.17,0.3111,12,0,23.0,23.0,23.0,2.0,4.0,0.0,0.0,0.0,615.4961,1.1416,221.85,221.85,175.0,0.1577,321.99,747.0,0.1422,0.0378,0.9541,0.4358,31.0,1.0,1,merchant_ecosystem_abuse,gift_card_abuse,merchant_gift_card_001,scn_5ca585df531e,overt_fraud,4,4,4,1,0,3,3,3,3,0
txn_fca73faa16bd,253.26,0.5926,12,0,24.0,24.0,24.0,0.0,5.0,1.0,1.0,0.0,644.7742,0.6072,22.41,22.41,175.0,0.1577,321.99,747.0,0.1422,0.0378,0.9541,0.4358,31.0,1.0,1,merchant_ecosystem_abuse,gift_card_abuse,merchant_gift_card_001,scn_5ca585df531e,overt_fraud,4,4,4,1,0,2,2,3,3,0
txn_864305680fe1,606.97,0.3347,13,0,25.0,25.0,25.0,1.0,3.0,2.0,2.0,0.0,629.1136,0.0352,10.04,10.04,175.0,0.1577,321.99,747.0,0.1422,0.0378,0.9541,0.4358,31.0,1.0,1,merchant_ecosystem_abuse,gift_card_abuse,merchant_gift_card_001,scn_5ca585df531e,overt_fraud,2,4,4,1,0,2,2,3,3,0
txn_f55003a040cd,187.79,0.5165,13,0,26.0,26.0,26.0,2.0,3.0,2.0,2.0,0.0,628.2619,0.7011,43.94,43.94,175.0,0.1577,321.99,747.0,0.1422,0.0378,0.9541,0.4358,31.0,1.0,1,merchant_ecosystem_abuse,gift_card_abuse,merchant_gift_card_001,scn_5ca585df531e,overt_fraud,3,4,4,1,0,2,2,3,3,0
txn_017a0252ae51,1336.79,0.2893,14,0,27.0,27.0,27.0,0.0,3.0,0.0,0.0,0.0,611.9481,1.1845,67.24,67.24,175.0,0.1577,321.99,747.0,0.1422,0.0378,0.9541,0.4358,31.0,1.0,1,merchant_ecosystem_abuse,gift_card_abuse,merchant_gift_card_001,scn_5ca585df531e,overt_fraud,4,4,4,1,0,0,0,3,3,0
txn_19a22a9bfb69,1236.22,0.1921,15,0,28.0,28.0,28.0,1.0,3.0,1.0,1.0,0.0,637.8354,0.9381,20.54,20.54,175.0,0.1577,321.99,747.0,0.1422,0.0378,0.9541,0.4358,31.0,1.0,1,merchant_ecosystem_abuse,gift_card_abuse,merchant_gift_card_001,scn_5ca585df531e,overt_fraud,3,4,4,1,0,3,3,3,3,0
txn_1e17b8786bb2,382.68,0.394,17,0,29.0,29.0,29.0,2.0,4.0,0.0,0.0,0.0,658.4693,0.4188,163.16,163.16,175.0,0.1577,321.99,747.0,0.1422,0.0378,0.9541,0.4358,31.0,1.0,1,merchant_ecosystem_abuse,gift_card_abuse,merchant_gift_card_001,scn_5ca585df531e,overt_fraud,3,4,4,1,0,3,3,3,3,0
txn_c2b94f86e2bc,394.53,0.098,18,0,30.0,30.0,30.0,0.0,3.0,1.0,1.0,0.0,649.2763,0.3924,29.32,29.32,175.0,0.1577,321.99,747.0,0.1422,0.0378,0.9541,0.4358,31.0,1.0,1,merchant_ecosystem_abuse,gift_card_abuse,merchant_gift_card_001,scn_5ca585df531e,overt_fraud,2,4,4,1,0,5,5,3,3,0
txn_72dd9fb0b664,530.27,0.2622,18,0,31.0,31.0,31.0,1.0,3.0,2.0,2.0,0.0,641.0587,0.1728,10.96,10.96,175.0,0.1577,321.99,747.0,0.1422,0.0378,0.9541,0.4358,31.0,1.0,1,merchant_ecosystem_abuse,gift_card_abuse,merchant_gift_card_001,scn_5ca585df531e,overt_fraud,4,4,4,1,0,2,2,3,3,0
txn_d5519c2f5ce5,1398.74,0.348,18,0,32.0,32.0,32.0,2.0,3.0,3.0,3.0,0.0,637.5966,1.1938,15.75,15.75,175.0,0.1577,321.99,747.0,0.1422,0.0378,0.9541,0.4358,31.0,1.0,1,merchant_ecosystem_abuse,gift_card_abuse,merchant_gift_card_001,scn_5ca585df531e,overt_fraud,4,4,4,1,0,0,0,3,3,0
txn_759c02601247,1466.98,0.356,19,1,33.0,33.0,33.0,0.0,3.0,3.0,3.0,0.0,660.6615,1.2205,26.47,26.47,175.0,0.1577,321.99,747.0,0.1422,0.0378,0.9541,0.4358,31.0,1.0,1,merchant_ecosystem_abuse,gift_card_abuse,merchant_gift_card_001,scn_5ca585df531e,overt_fraud,3,4,4,1,0,0,5,3,3,0
txn_40b26314a325,287.5,0.5953,19,0,34.0,34.0,34.0,1.0,3.0,4.0,4.0,0.0,684.3768,0.5799,2.8,2.8,175.0,0.1577,321.99,747.0,0.1422,0.0378,0.9541,0.4358,31.0,1.0,1,merchant_ecosystem_abuse,gift_card_abuse,merchant_gift_card_001,scn_5ca585df531e,overt_fraud,2,4,4,1,0,5,5,3,3,0
txn_823ccf3896e5,375.84,0.5372,20,1,35.0,35.0,35.0,2.0,3.0,0.0,0.0,0.0,673.0374,0.4416,80.14,80.14,175.0,0.1577,321.99,747.0,0.1422,0.0378,0.9541,0.4358,31.0,1.0,1,merchant_ecosystem_abuse,gift_card_abuse,merchant_gift_card_001,scn_5ca585df531e,overt_fraud,4,4,4,1,0,1,5,3,3,0
txn_6fe473994fd2,328.31,0.5752,21,0,36.0,36.0,36.0,0.0,2.0,1.0,1.0,0.0,664.7819,0.5061,48.76,48.76,175.0,0.1577,321.99,747.0,0.1422,0.0378,0.9541,0.4358,31.0,1.0,1,merchant_ecosystem_abuse,gift_card_abuse,merchant_gift_card_001,scn_5ca585df531e,overt_fraud,0,4,4,1,0,2,2,3,3,0
txn_da5ebd1053c8,584.76,0.4975,21,0,37.0,37.0,37.0,1.0,2.0,1.0,1.0,0.0,655.6881,0.1082,14.28,14.28,175.0,0.1577,321.99,747.0,0.1422,0.0378,0.9541,0.4358,31.0,1.0,1,merchant_ecosystem_abuse,gift_card_abuse,merchant_gift_card_001,scn_5ca585df531e,overt_fraud,3,4,4,1,0,3,3,3,3,0
txn_56321391b1d8,1212.38,0.3328,22,0,38.0,38.0,38.0,2.0,2.0,2.0,2.0,0.0,653.8216,0.8543,13.01,13.01,175.0,0.1577,321.99,747.0,0.1422,0.0378,0.9541,0.4358,31.0,1.0,1,merchant_ecosystem_abuse,gift_card_abuse,merchant_gift_card_001,scn_5ca585df531e,overt_fraud,4,4,4,1,0,0,0,3,3,0
txn_cb0f8329a579,115.0,0.375,22,0,39.0,39.0,39.0,0.0,2.0,1.0,1.0,0.0,668.1436,0.8279,54.87,54.87,175.0,0.1577,321.99,747.0,0.1422,0.0378,0.9541,0.4358,31.0,1.0,1,merchant_ecosystem_abuse,gift_card_abuse,merchant_gift_card_001,scn_5ca585df531e,overt_fraud,3,4,4,1,0,2,2,3,3,0
txn_4f3f85c3f341,1021.03,0.2493,23,0,40.0,40.0,40.0,1.0,2.0,2.0,2.0,0.0,654.315,0.5605,4.99,4.99,175.0,0.1577,321.99,747.0,0.1422,0.0378,0.9541,0.4358,31.0,1.0,1,merchant_ecosystem_abuse,gift_card_abuse,merchant_gift_card_001,scn_5ca585df531e,overt_fraud,4,4,4,1,0,3,3,3,3,0
txn_727abdccff34,1351.24,0.1213,0,1,41.0,41.0,41.0,2.0,2.0,0.0,0.0,0.0,663.2593,1.0373,107.71,107.71,175.0,0.1577,321.99,747.0,0.1422,0.0378,0.9541,0.4358,31.0,1.0,1,merchant_ecosystem_abuse,gift_card_abuse,merchant_gift_card_001,scn_5ca585df531e,overt_fraud,3,4,4,1,0,5,3,3,3,0
txn_26e4b5e05110,239.53,0.5777,1,0,42.0,42.0,42.0,0.0,2.0,1.0,1.0,0.0,679.6398,0.6476,38.71,38.71,175.0,0.1577,321.99,747.0,0.1422,0.0378,0.9541,0.4358,31.0,1.0,1,merchant_ecosystem_abuse,gift_card_abuse,merchant_gift_card_001,scn_5ca585df531e,overt_fraud,3,4,4,1,0,4,4,3,3,0
txn_8d987db224b3,1432.89,0.8376,3,0,43.0,43.0,43.0,1.0,2.0,0.0,0.0,0.0,669.4047,1.1405,132.94,132.94,175.0,0.1577,321.99,747.0,0.1422,0.0378,0.9541,0.4358,31.0,1.0,1,merchant_ecosystem_abuse,gift_card_abuse,merchant_gift_card_001,scn_5ca585df531e,overt_fraud,1,4,4,1,0,4,4,3,3,0
txn_51a826b3d876,387.1,0.1063,4,0,44.0,44.0,44.0,2.0,2.0,1.0,1.0,0.0,686.7566,0.4363,27.85,27.85,175.0,0.1577,321.99,747.0,0.1422,0.0378,0.9541,0.4358,31.0,1.0,1,merchant_ecosystem_abuse,gift_card_abuse,merchant_gift_card_001,scn_5ca585df531e,overt_fraud,0,4,4,1,0,2,2,3,3,0
txn_fc958c382aac,424.19,0.5984,6,0,45.0,45.0,45.0,0.0,2.0,0.0,0.0,0.0,680.0976,0.3763,135.71,135.71,175.0,0.1577,321.99,747.0,0.1422,0.0378,0.9541,0.4358,31.0,1.0,1,merchant_ecosystem_abuse,gift_card_abuse,merchant_gift_card_001,scn_5ca585df531e,overt_fraud,3,4,4,1,0,4,4,3,3,0
txn_8a6e90d3a90e,1074.48,0.2866,7,0,46.0,46.0,46.0,1.0,2.0,0.0,0.0,0.0,674.5343,0.5929,61.27,61.27,175.0,0.1577,321.99,747.0,0.1422,0.0378,0.9541,0.4358,31.0,1.0,1,merchant_ecosystem_abuse,gift_card_abuse,merchant_gift_card_001,scn_5ca585df531e,overt_fraud,2,4,4,1,0,0,0,3,3,0
txn_f88bbe56a2ae,852.03,0.4254,7,0,47.0,47.0,47.0,2.0,2.0,1.0,1.0,0.0,683.0438,0.2474,4.4,4.4,175.0,0.1577,321.99,747.0,0.1422,0.0378,0.9541,0.4358,31.0,1.0,1,merchant_ecosystem_abuse,gift_card_abuse,merchant_gift_card_001,scn_5ca585df531e,overt_fraud,1,4,4,1,1,5,5,3,3,1
txn_3ceaa6f40cae,1023.71,0.1431,8,0,48.0,48.0,48.0,0.0,2.0,0.0,0.0,1.0,686.5644,0.4911,64.35,64.35,175.0,0.1577,321.99,747.0,0.1422,0.0378,0.9541,0.4358,31.0,1.0,1,merchant_ecosystem_abuse,gift_card_abuse,merchant_gift_card_001,scn_5ca585df531e,overt_fraud,0,4,4,1,0,2,2,3,3,0
txn_0d5ad84ab940,1089.27,0.1443,10,1,49.0,49.0,49.0,1.0,3.0,0.0,0.0,1.0,693.4449,0.5708,105.57,105.57,175.0,0.1577,321.99,747.0,0.1422,0.0378,0.9541,0.4358,31.0,1.0,1,merchant_ecosystem_abuse,gift_card_abuse,merchant_gift_card_001,scn_5ca585df531e,overt_fraud,1,4,4,1,0,0,3,3,3,0
txn_9c8e9aa8d5e1,1083.54,0.3661,11,0,50.0,50.0,50.0,2.0,3.0,0.0,0.0,1.0,701.3614,0.5449,74.48,74.48,175.0,0.1577,321.99,747.0,0.1422,0.0378,0.9541,0.4358,31.0,1.0,1,merchant_ecosystem_abuse,gift_card_abuse,merchant_gift_card_001,scn_5ca585df531e,overt_fraud,0,4,4,1,0,4,4,3,3,0
txn_992c1bd8b0d6,371.56,0.3074,13,0,51.0,51.0,51.0,0.0,2.0,0.0,0.0,1.0,708.8551,0.4758,117.32,117.32,175.0,0.1577,321.99,747.0,0.1422,0.0378,0.9541,0.4358,31.0,1.0,1,merchant_ecosystem_abuse,gift_card_abuse,merchant_gift_card_001,scn_5ca585df531e,overt_fraud,0,4,4,1,0,3,3,3,3,0
txn_465eef4318b6,506.6,0.3515,14,0,0.0,0.0,0.0,0.0,4.0,0.0,0.0,0.0,0.0,0.0,1440.0,1440.0,608.0,0.0931,110.49,111.0,0.1511,0.0536,1.0338,0.7971,153.0,2.0,1,merchant_ecosystem_abuse,mule_laundering,merchant_mule_laundering_001,scn_f211614dc92c,overt_fraud,2,1,3,3,0,3,3,0,0,0
txn_8e9c297d2deb,1517.67,0.4942,15,0,1.0,1.0,1.0,1.0,5.0,1.0,1.0,0.0,506.6,1.9958,48.09,48.09,608.0,0.0931,110.49,111.0,0.1511,0.0536,1.0338,0.7971,153.0,2.0,1,merchant_ecosystem_abuse,mule_laundering,merchant_mule_laundering_001,scn_f211614dc92c,overt_fraud,0,1,3,3,0,2,2,0,0,0
txn_16a4c544b5dc,750.53,0.2861,16,0,2.0,2.0,2.0,2.0,6.0,1.0,1.0,0.0,1012.135,0.2585,49.84,49.84,608.0,0.0931,110.49,111.0,0.1511,0.0536,1.0338,0.7971,153.0,2.0,1,merchant_ecosystem_abuse,mule_laundering,merchant_mule_laundering_001,scn_f211614dc92c,overt_fraud,4,1,3,3,0,0,0,1,0,0
txn_0a72658d9d16,746.89,0.6737,16,0,3.0,3.0,3.0,0.0,7.0,1.0,1.0,0.0,924.9333,0.1925,18.94,18.94,608.0,0.0931,110.49,111.0,0.1511,0.0536,1.0338,0.7971,153.0,2.0,1,merchant_ecosystem_abuse,mule_laundering,merchant_mule_laundering_001,scn_f211614dc92c,overt_fraud,4,1,3,3,0,3,3,0,0,0
txn_7f83b2e4eb6c,958.66,0.2842,17,0,4.0,4.0,4.0,1.0,5.0,2.0,2.0,0.0,880.4225,0.0889,13.24,13.24,608.0,0.0931,110.49,111.0,0.1511,0.0536,1.0338,0.7971,153.0,2.0,1,merchant_ecosystem_abuse,mule_laundering,merchant_mule_laundering_001,scn_f211614dc92c,overt_fraud,3,1,3,3,0,3,3,1,0,0
txn_1168ddbe96b6,1125.85,0.4747,17,0,5.0,5.0,5.0,2.0,8.0,1.0,1.0,0.0,896.07,0.2564,55.27,55.27,608.0,0.0931,110.49,111.0,0.1511,0.0536,1.0338,0.7971,153.0,2.0,1,merchant_ecosystem_abuse,mule_laundering,merchant_mule_laundering_001,scn_f211614dc92c,overt_fraud,3,1,3,3,0,4,4,0,0,0
txn_dbbffa16837d,1472.3,0.5669,19,0,6.0,6.0,6.0,0.0,9.0,0.0,0.0,0.0,934.3667,0.5757,63.19,63.19,608.0,0.0931,110.49,111.0,0.1511,0.0536,1.0338,0.7971,153.0,2.0,1,merchant_ecosystem_abuse,mule_laundering,merchant_mule_laundering_001,scn_f211614dc92c,overt_fraud,0,1,3,3,0,4,4,4,0,0
txn_c4669809ccf0,134.29,0.3497,19,0,7.0,7.0,7.0,1.0,10.0,1.0,1.0,0.0,1011.2143,0.8672,39.44,39.44,608.0,0.0931,110.49,111.0,0.1511,0.0536,1.0338,0.7971,153.0,2.0,1,merchant_ecosystem_abuse,mule_laundering,merchant_mule_laundering_001,scn_f211614dc92c,overt_fraud,3,1,3,3,0,0,0,1,0,0
txn_d7624760f32b,727.57,0.3818,20,0,8.0,8.0,8.0,2.0,9.0,0.0,0.0,0.0,901.5988,0.193,74.95,74.95,608.0,0.0931,110.49,111.0,0.1511,0.0536,1.0338,0.7971,153.0,2.0,1,merchant_ecosystem_abuse,mule_laundering,merchant_mule_laundering_001,scn_f211614dc92c,overt_fraud,0,1,3,3,0,4,4,0,0,0
txn_c390ecb1e220,626.06,0.2552,21,0,9.0,9.0,9.0,0.0,10.0,1.0,1.0,0.0,882.2622,0.2904,26.71,26.71,608.0,0.0931,110.49,111.0,0.1511,0.0536,1.0338,0.7971,153.0,2.0,1,merchant_ecosystem_abuse,mule_laundering,merchant_mule_laundering_001,scn_f211614dc92c,overt_fraud,2,1,3,3,0,4,4,4,0,0
txn_88b458be1c8c,479.87,0.5085,22,0,10.0,10.0,10.0,1.0,11.0,0.0,0.0,0.0,856.642,0.4398,78.99,78.99,608.0,0.0931,110.49,111.0,0.1511,0.0536,1.0338,0.7971,153.0,2.0,1,merchant_ecosystem_abuse,mule_laundering,merchant_mule_laundering_001,scn_f211614dc92c,overt_fraud,2,1,3,3,0,1,1,1,0,0
txn_93c03e76a502,1435.59,0.2694,4,0,11.0,11.0,11.0,2.0,17.0,0.0,0.0,0.0,822.39,0.7456,351.11,351.11,608.0,0.0931,110.49,111.0,0.1511,0.0536,1.0338,0.7971,153.0,2.0,1,merchant_ecosystem_abuse,mule_laundering,merchant_mule_laundering_001,scn_f211614dc92c,overt_fraud,3,1,3,3,0,5,5,4,0,0
txn_621eaa53e187,1513.01,0.4251,4,0,12.0,12.0,12.0,0.0,17.0,1.0,1.0,0.0,873.49,0.7321,7.74,7.74,608.0,0.0931,110.49,111.0,0.1511,0.0536,1.0338,0.7971,153.0,2.0,1,merchant_ecosystem_abuse,mule_laundering,merchant_mule_laundering_001,scn_f211614dc92c,overt_fraud,0,1,3,3,0,1,1,0,0,0
txn_a7d68ed76070,1380.92,0.3178,7,0,13.0,13.0,13.0,1.0,16.0,0.0,0.0,0.0,922.6838,0.4966,180.51,180.51,608.0,0.0931,110.49,111.0,0.1511,0.0536,1.0338,0.7971,153.0,2.0,1,merchant_ecosystem_abuse,mule_laundering,merchant_mule_laundering_001,scn_f211614dc92c,overt_fraud,2,1,3,3,0,1,1,4,0,0
txn_19a981e033bc,192.67,0.6465,8,0,14.0,14.0,14.0,2.0,14.0,0.0,0.0,0.0,955.415,0.7983,70.85,70.85,608.0,0.0931,110.49,111.0,0.1511,0.0536,1.0338,0.7971,153.0,2.0,1,merchant_ecosystem_abuse,mule_laundering,merchant_mule_laundering_001,scn_f211614dc92c,overt_fraud,0,1,3,3,0,3,3,1,0,0
txn_1a03f88aa419,973.04,0.299,9,0,15.0,15.0,15.0,0.0,13.0,1.0,1.0,0.0,904.5653,0.0757,16.47,16.47,608.0,0.0931,110.49,111.0,0.1511,0.0536,1.0338,0.7971,153.0,2.0,1,merchant_ecosystem_abuse,mule_laundering,merchant_mule_laundering_001,scn_f211614dc92c,overt_fraud,4,1,3,3,0,2,2,4,0,0
txn_2d0fdd568308,989.94,0.7234,10,1,16.0,16.0,16.0,1.0,12.0,0.0,0.0,0.0,908.845,0.0892,75.03,75.03,608.0,0.0931,110.49,111.0,0.1511,0.0536,1.0338,0.7971,153.0,2.0,1,merchant_ecosystem_abuse,mule_laundering,merchant_mule_laundering_001,scn_f211614dc92c,overt_fraud,3,1,3,3,0,5,3,1,0,0
txn_374a19c6a00c,185.28,0.6245,17,1,17.0,17.0,17.0,2.0,13.0,0.0,0.0,0.0,913.6153,0.7972,400.68,400.68,608.0,0.0931,110.49,111.0,0.1511,0.0536,1.0338,0.7971,153.0,2.0,1,merchant_ecosystem_abuse,mule_laundering,merchant_mule_laundering_001,scn_f211614dc92c,overt_fraud,1,1,3,3,0,0,3,1,0,0
txn_3f19e1d578d2,508.35,0.4163,21,0,18.0,18.0,18.0,0.0,13.0,0.0,0.0,0.0,873.1522,0.4178,264.86,264.86,608.0,0.0931,110.49,111.0,0.1511,0.0536,1.0338,0.7971,153.0,2.0,1,merchant_ecosystem_abuse,mule_laundering,merchant_mule_laundering_001,scn_f211614dc92c,overt_fraud,0,1,3,3,0,3,3,4,0,0
txn_1fc533e0f865,914.39,0.2879,1,0,19.0,19.0,19.0,1.0,12.0,0.0,0.0,0.0,853.9521,0.0708,227.43,227.43,608.0,0.0931,110.49,111.0,0.1511,0.0536,1.0338,0.7971,153.0,2.0,1,merchant_ecosystem_abuse,mule_laundering,merchant_mule_laundering_001,scn_f211614dc92c,overt_fraud,4,1,3,3,0,0,0,1,0,0
txn_4cdce24791f5,146.76,0.3968,1,1,20.0,20.0,20.0,2.0,12.0,1.0,1.0,0.0,856.974,0.8287,10.59,10.59,608.0,0.0931,110.49,111.0,0.1511,0.0536,1.0338,0.7971,153.0,2.0,1,merchant_ecosystem_abuse,mule_laundering,merchant_mule_laundering_001,scn_f211614dc92c,overt_fraud,3,1,3,3,0,0,4,1,0,0
txn_883ec9f299a7,488.94,0.3769,2,0,21.0,21.0,21.0,0.0,9.0,2.0,2.0,0.0,823.1543,0.406,33.87,33.87,608.0,0.0931,110.49,111.0,0.1511,0.0536,1.0338,0.7971,153.0,2.0,1,merchant_ecosystem_abuse,mule_laundering,merchant_mule_laundering_001,scn_f211614dc92c,overt_fraud,0,1,3,3,0,5,5,0,0,0
txn_ef733b11b531,267.35,0.3646,3,0,22.0,22.0,22.0,1.0,8.0,0.0,0.0,0.0,807.9627,0.6691,72.5,72.5,608.0,0.0931,110.49,111.0,0.1511,0.0536,1.0338,0.7971,153.0,2.0,1,merchant_ecosystem_abuse,mule_laundering,merchant_mule_laundering_001,scn_f211614dc92c,overt_fraud,2,1,3,3,0,0,0,0,0,0
txn_3aedc7985389,1146.52,0.5091,3,0,23.0,23.0,23.0,2.0,8.0,1.0,1.0,0.0,784.4578,0.4615,0.86,0.86,608.0,0.0931,110.49,111.0,0.1511,0.0536,1.0338,0.7971,153.0,2.0,1,merchant_ecosystem_abuse,mule_laundering,merchant_mule_laundering_001,scn_f211614dc92c,overt_fraud,4,1,3,3,0,4,4,4,0,0
txn_65bf5f9f49cd,1560.62,0.4683,5,0,24.0,24.0,24.0,0.0,8.0,0.0,0.0,0.0,799.5437,0.9519,147.79,147.79,608.0,0.0931,110.49,111.0,0.1511,0.0536,1.0338,0.7971,153.0,2.0,1,merchant_ecosystem_abuse,mule_laundering,merchant_mule_laundering_001,scn_f211614dc92c,overt_fraud,3,1,3,3,0,3,3,0,0,0
txn_0ea017ff7908,666.76,0.4068,9,0,25.0,25.0,25.0,1.0,8.0,0.0,0.0,0.0,829.9868,0.1967,222.97,222.97,608.0,0.0931,110.49,111.0,0.1511,0.0536,1.0338,0.7971,153.0,2.0,1,merchant_ecosystem_abuse,mule_laundering,merchant_mule_laundering_001,scn_f211614dc92c,overt_fraud,0,1,3,3,0,1,1,0,0,0
txn_f6966fd6acb0,435.71,0.632,9,0,26.0,26.0,26.0,2.0,8.0,1.0,1.0,0.0,823.7088,0.471,22.35,22.35,608.0,0.0931,110.49,111.0,0.1511,0.0536,1.0338,0.7971,153.0,2.0,1,merchant_ecosystem_abuse,mule_laundering,merchant_mule_laundering_001,scn_f211614dc92c,overt_fraud,1,1,3,3,0,1,1,0,0,0
txn_e1b0159eee1a,1497.65,0.1857,13,0,27.0,27.0,27.0,0.0,8.0,0.0,0.0,0.0,809.3385,0.8505,218.86,218.86,608.0,0.0931,110.49,111.0,0.1511,0.0536,1.0338,0.7971,153.0,2.0,1,merchant_ecosystem_abuse,mule_laundering,merchant_mule_laundering_001,scn_f211614dc92c,overt_fraud,2,1,3,3,0,5,5,1,0,0
txn_31fe4b3e95e4,1424.62,0.3916,14,1,28.0,28.0,28.0,1.0,8.0,0.0,0.0,0.0,833.9211,0.7083,76.16,76.16,608.0,0.0931,110.49,111.0,0.1511,0.0536,1.0338,0.7971,153.0,2.0,1,merchant_ecosystem_abuse,mule_laundering,merchant_mule_laundering_001,scn_f211614dc92c,overt_fraud,1,1,3,3,0,4,0,1,0,0
txn_e4216874dd8f,1018.65,0.476,14,1,29.0,29.0,29.0,2.0,8.0,1.0,1.0,0.0,854.29,0.1924,8.71,8.71,608.0,0.0931,110.49,111.0,0.1511,0.0536,1.0338,0.7971,153.0,2.0,1,merchant_ecosystem_abuse,mule_laundering,merchant_mule_laundering_001,scn_f211614dc92c,overt_fraud,3,1,3,3,0,0,2,1,0,0
txn_cf26de9b906f,873.87,0.4043,16,1,30.0,30.0,30.0,0.0,8.0,0.0,0.0,0.0,859.7687,0.0164,98.23,98.23,608.0,0.0931,110.49,111.0,0.1511,0.0536,1.0338,0.7971,153.0,2.0,1,merchant_ecosystem_abuse,mule_laundering,merchant_mule_laundering_001,scn_f211614dc92c,overt_fraud,4,1,3,3,0,5,3,0,0,0
txn_9c5949a724f7,187.15,0.322,17,0,31.0,31.0,31.0,1.0,8.0,1.0,1.0,0.0,860.2235,0.7824,56.61,56.61,608.0,0.0931,110.49,111.0,0.1511,0.0536,1.0338,0.7971,153.0,2.0,1,merchant_ecosystem_abuse,mule_laundering,merchant_mule_laundering_001,scn_f211614dc92c,overt_fraud,1,1,3,3,0,4,4,0,0,0
txn_cae0346fb659,1344.08,0.4611,18,0,32.0,32.0,32.0,2.0,8.0,0.0,0.0,0.0,839.19,0.6016,86.19,86.19,608.0,0.0931,110.49,111.0,0.1511,0.0536,1.0338,0.7971,153.0,2.0,1,merchant_ecosystem_abuse,mule_laundering,merchant_mule_laundering_001,scn_f211614dc92c,overt_fraud,2,1,3,3,0,5,5,1,0,0
txn_945de28dbd99,399.07,0.2983,20,1,33.0,33.0,33.0,0.0,8.0,0.0,0.0,0.0,854.4897,0.533,101.82,101.82,608.0,0.0931,110.49,111.0,0.1511,0.0536,1.0338,0.7971,153.0,2.0,1,merchant_ecosystem_abuse,mule_laundering,merchant_mule_laundering_001,scn_f211614dc92c,overt_fraud,1,1,3,3,0,0,3,4,0,0
txn_d230962349aa,1326.23,0.4221,22,0,34.0,34.0,34.0,1.0,8.0,0.0,0.0,0.0,841.095,0.5768,138.29,138.29,608.0,0.0931,110.49,111.0,0.1511,0.0536,1.0338,0.7971,153.0,2.0,1,merchant_ecosystem_abuse,mule_laundering,merchant_mule_laundering_001,scn_f211614dc92c,overt_fraud,3,1,3,3,0,4,4,4,0,0
txn_9784a169ca70,153.43,0.3855,23,0,35.0,35.0,35.0,2.0,8.0,1.0,1.0,0.0,854.956,0.8205,46.27,46.27,608.0,0.0931,110.49,111.0,0.1511,0.0536,1.0338,0.7971,153.0,2.0,1,merchant_ecosystem_abuse,mule_laundering,merchant_mule_laundering_001,scn_f211614dc92c,overt_fraud,0,1,3,3,0,3,3,4,0,0
txn_bd6cddef95fd,411.15,0.226,1,0,36.0,36.0,36.0,0.0,8.0,0.0,0.0,0.0,835.4692,0.5079,96.86,96.86,608.0,0.0931,110.49,111.0,0.1511,0.0536,1.0338,0.7971,153.0,2.0,1,merchant_ecosystem_abuse,mule_laundering,merchant_mule_laundering_001,scn_f211614dc92c,overt_fraud,0,1,3,3,0,1,1,0,0,0
txn_b45781c71935,768.58,0.181,2,0,37.0,37.0,37.0,1.0,8.0,0.0,0.0,0.0,824.0011,0.0673,65.48,65.48,608.0,0.0931,110.49,111.0,0.1511,0.0536,1.0338,0.7971,153.0,2.0,1,merchant_ecosystem_abuse,mule_laundering,merchant_mule_laundering_001,scn_f211614dc92c,overt_fraud,2,1,3,3,0,4,4,0,0,0
txn_e44047493d6d,456.01,0.08,2,0,38.0,38.0,38.0,2.0,7.0,1.0,1.0,0.0,822.5426,0.4456,4.99,4.99,608.0,0.0931,110.49,111.0,0.1511,0.0536,1.0338,0.7971,153.0,2.0,1,merchant_ecosystem_abuse,mule_laundering,merchant_mule_laundering_001,scn_f211614dc92c,overt_fraud,4,1,3,3,0,2,2,1,0,0
txn_d9749426026d,306.4,0.4889,4,0,39.0,39.0,39.0,0.0,7.0,0.0,0.0,0.0,813.1444,0.6232,145.49,145.49,608.0,0.0931,110.49,111.0,0.1511,0.0536,1.0338,0.7971,153.0,2.0,1,merchant_ecosystem_abuse,mule_laundering,merchant_mule_laundering_001,scn_f211614dc92c,overt_fraud,2,1,3,3,0,0,0,4,0,0
txn_a10a61f8680a,1587.84,0.627,5,0,40.0,40.0,40.0,1.0,7.0,1.0,1.0,0.0,800.4757,0.9836,19.14,19.14,608.0,0.0931,110.49,111.0,0.1511,0.0536,1.0338,0.7971,153.0,2.0,1,merchant_ecosystem_abuse,mule_laundering,merchant_mule_laundering_001,scn_f211614dc92c,overt_fraud,0,1,3,3,0,2,2,0,0,0
txn_8ccf16760d5a,390.54,0.107,5,0,41.0,41.0,41.0,2.0,7.0,2.0,2.0,0.0,819.6798,0.5235,10.08,10.08,608.0,0.0931,110.49,111.0,0.1511,0.0536,1.0338,0.7971,153.0,2.0,1,merchant_ecosystem_abuse,mule_laundering,merchant_mule_laundering_001,scn_f211614dc92c,overt_fraud,0,1,3,3,0,1,1,0,0,0
txn_2e07697a816b,1290.8,0.2619,5,0,42.0,42.0,42.0,0.0,7.0,3.0,3.0,0.0,809.4621,0.5946,12.54,12.54,608.0,0.0931,110.49,111.0,0.1511,0.0536,1.0338,0.7971,153.0,2.0,1,merchant_ecosystem_abuse,mule_laundering,merchant_mule_laundering_001,scn_f211614dc92c,overt_fraud,0,1,3,3,0,1,1,4,0,0
txn_8a6fac3b8717,1020.57,0.2614,5,0,43.0,43.0,43.0,1.0,7.0,4.0,4.0,0.0,820.656,0.2436,1.05,1.05,608.0,0.0931,110.49,111.0,0.1511,0.0536,1.0338,0.7971,153.0,2.0,1,merchant_ecosystem_abuse,mule_laundering,merchant_mule_laundering_001,scn_f211614dc92c,overt_fraud,0,1,3,3,0,0,0,1,0,0
txn_35f186158eca,503.95,0.603,5,0,44.0,44.0,44.0,2.0,7.0,4.0,4.0,0.0,825.1995,0.3893,18.56,18.56,608.0,0.0931,110.49,111.0,0.1511,0.0536,1.0338,0.7971,153.0,2.0,1,merchant_ecosystem_abuse,mule_laundering,merchant_mule_laundering_001,scn_f211614dc92c,overt_fraud,2,1,3,3,0,4,4,0,0,0
txn_56ff16a18efe,1080.1,0.3664,9,0,45.0,45.0,45.0,0.0,7.0,0.0,0.0,0.0,818.0607,0.3203,209.44,209.44,608.0,0.0931,110.49,111.0,0.1511,0.0536,1.0338,0.7971,153.0,2.0,1,merchant_ecosystem_abuse,mule_laundering,merchant_mule_laundering_001,scn_f211614dc92c,overt_fraud,4,1,3,3,0,3,3,1,0,0
txn_30c60b12daf5,660.74,0.5097,12,1,46.0,46.0,46.0,1.0,6.0,0.0,0.0,0.0,823.7572,0.1979,169.5,169.5,608.0,0.0931,110.49,111.0,0.1511,0.0536,1.0338,0.7971,153.0,2.0,1,merchant_ecosystem_abuse,mule_laundering,merchant_mule_laundering_001,scn_f211614dc92c,overt_fraud,1,1,3,3,0,3,0,4,0,0
txn_72490351338d,765.06,0.2996,12,0,47.0,47.0,47.0,2.0,6.0,1.0,1.0,0.0,820.2887,0.0673,14.54,14.54,608.0,0.0931,110.49,111.0,0.1511,0.0536,1.0338,0.7971,153.0,2.0,1,merchant_ecosystem_abuse,mule_laundering,merchant_mule_laundering_001,scn_f211614dc92c,overt_fraud,1,1,3,3,0,2,2,4,0,0
txn_e01b6c6c87af,931.47,0.492,12,1,48.0,48.0,48.0,0.0,6.0,2.0,2.0,0.0,819.1381,0.1371,2.89,2.89,608.0,0.0931,110.49,111.0,0.1511,0.0536,1.0338,0.7971,153.0,2.0,1,merchant_ecosystem_abuse,mule_laundering,merchant_mule_laundering_001,scn_f211614dc92c,overt_fraud,1,1,3,3,0,0,3,0,0,0
txn_2578b240ef29,1431.21,0.1163,15,0,49.0,49.0,49.0,1.0,6.0,0.0,0.0,0.0,821.4306,0.7423,205.39,205.39,608.0,0.0931,110.49,111.0,0.1511,0.0536,1.0338,0.7971,153.0,2.0,1,merchant_ecosystem_abuse,mule_laundering,merchant_mule_laundering_001,scn_f211614dc92c,overt_fraud,0,1,3,3,0,5,5,4,0,0
txn_6ab7f505cb7b,550.91,0.3152,16,0,50.0,50.0,50.0,2.0,6.0,1.0,1.0,0.0,833.6262,0.3391,35.62,35.62,608.0,0.0931,110.49,111.0,0.1511,0.0536,1.0338,0.7971,153.0,2.0,1,merchant_ecosystem_abuse,mule_laundering,merchant_mule_laundering_001,scn_f211614dc92c,overt_fraud,4,1,3,3,0,1,1,0,0,0
txn_0cbbccae4795,1373.77,0.3079,16,0,51.0,51.0,51.0,0.0,5.0,2.0,2.0,0.0,828.0827,0.659,7.4,7.4,608.0,0.0931,110.49,111.0,0.1511,0.0536,1.0338,0.7971,153.0,2.0,1,merchant_ecosystem_abuse,mule_laundering,merchant_mule_laundering_001,scn_f211614dc92c,overt_fraud,0,1,3,3,0,1,1,1,0,0
txn_bc257f04f430,495.92,0.2014,16,0,52.0,52.0,52.0,1.0,5.0,3.0,3.0,0.0,838.5767,0.4086,12.97,12.97,608.0,0.0931,110.49,111.0,0.1511,0.0536,1.0338,0.7971,153.0,2.0,1,merchant_ecosystem_abuse,mule_laundering,merchant_mule_laundering_001,scn_f211614dc92c,overt_fraud,3,1,3,3,0,5,5,4,0,0
txn_be6fd939ab0d,814.14,0.365,17,1,53.0,53.0,53.0,2.0,5.0,3.0,3.0,0.0,832.1115,0.0216,17.29,17.29,608.0,0.0931,110.49,111.0,0.1511,0.0536,1.0338,0.7971,153.0,2.0,1,merchant_ecosystem_abuse,mule_laundering,merchant_mule_laundering_001,scn_f211614dc92c,overt_fraud,1,1,3,3,0,1,3,1,0,0
txn_e0936fd30a0d,555.05,0.3119,19,1,54.0,54.0,54.0,0.0,5.0,0.0,0.0,0.0,831.7787,0.3327,118.37,118.37,608.0,0.0931,110.49,111.0,0.1511,0.0536,1.0338,0.7971,153.0,2.0,1,merchant_ecosystem_abuse,mule_laundering,merchant_mule_laundering_001,scn_f211614dc92c,overt_fraud,0,1,3,3,0,2,0,1,0,0
txn_cf79f0541ae0,872.15,0.2926,19,0,55.0,55.0,55.0,1.0,5.0,1.0,1.0,0.0,826.7473,0.0549,42.61,42.61,608.0,0.0931,110.49,111.0,0.1511,0.0536,1.0338,0.7971,153.0,2.0,1,merchant_ecosystem_abuse,mule_laundering,merchant_mule_laundering_001,scn_f211614dc92c,overt_fraud,4,1,3,3,0,0,0,0,0,0
txn_f88787191b32,1540.71,0.362,19,0,56.0,56.0,56.0,2.0,5.0,2.0,2.0,0.0,827.558,0.8618,8.32,8.32,608.0,0.0931,110.49,111.0,0.1511,0.0536,1.0338,0.7971,153.0,2.0,1,merchant_ecosystem_abuse,mule_laundering,merchant_mule_laundering_001,scn_f211614dc92c,overt_fraud,3,1,3,3,0,4,4,1,0,0
txn_3fa917da0014,137.16,0.3595,20,0,57.0,57.0,57.0,0.0,5.0,2.0,2.0,0.0,840.0695,0.8367,29.87,29.87,608.0,0.0931,110.49,111.0,0.1511,0.0536,1.0338,0.7971,153.0,2.0,1,merchant_ecosystem_abuse,mule_laundering,merchant_mule_laundering_001,scn_f211614dc92c,overt_fraud,3,1,3,3,1,0,0,1,0,1
txn_b72bff28e73b,775.46,0.3078,20,0,58.0,58.0,58.0,1.0,5.0,3.0,3.0,1.0,827.9503,0.0634,3.91,3.91,608.0,0.0931,110.49,111.0,0.1511,0.0536,1.0338,0.7971,153.0,2.0,1,merchant_ecosystem_abuse,mule_laundering,merchant_mule_laundering_001,scn_f211614dc92c,overt_fraud,0,1,3,3,1,3,3,4,0,1
txn_884ff6e823a5,1131.66,0.1097,20,0,59.0,59.0,59.0,2.0,4.0,4.0,4.0,2.0,827.0607,0.3683,5.74,5.74,608.0,0.0931,110.49,111.0,0.1511,0.0536,1.0338,0.7971,153.0,2.0,1,merchant_ecosystem_abuse,mule_laundering,merchant_mule_laundering_001,scn_f211614dc92c,overt_fraud,4,1,3,3,0,3,3,1,0,0
txn_4e1a03129e8a,960.79,0.6282,21,0,60.0,60.0,60.0,0.0,4.0,3.0,3.0,2.0,832.1373,0.1546,46.77,46.77,608.0,0.0931,110.49,111.0,0.1511,0.0536,1.0338,0.7971,153.0,2.0,1,merchant_ecosystem_abuse,mule_laundering,merchant_mule_laundering_001,scn_f211614dc92c,overt_fraud,1,1,3,3,0,2,2,0,0,0
txn_8970e29b067d,1004.9,0.5771,21,0,61.0,61.0,61.0,1.0,4.0,1.0,1.0,2.0,834.2464,0.2046,24.98,24.98,608.0,0.0931,110.49,111.0,0.1511,0.0536,1.0338,0.7971,153.0,2.0,1,merchant_ecosystem_abuse,mule_laundering,merchant_mule_laundering_001,scn_f211614dc92c,overt_fraud,1,1,3,3,0,3,3,0,0,0
txn_2cc397c9827b,618.83,0.619,21,0,62.0,62.0,62.0,2.0,4.0,2.0,2.0,2.0,836.9989,0.2607,0.04,0.04,608.0,0.0931,110.49,111.0,0.1511,0.0536,1.0338,0.7971,153.0,2.0,1,merchant_ecosystem_abuse,mule_laundering,merchant_mule_laundering_001,scn_f211614dc92c,overt_fraud,3,1,3,3,0,0,0,4,0,0
txn_9b1dab8bb44e,649.97,0.4464,22,0,63.0,63.0,63.0,0.0,4.0,2.0,2.0,2.0,833.5359,0.2202,56.41,56.41,608.0,0.0931,110.49,111.0,0.1511,0.0536,1.0338,0.7971,153.0,2.0,1,merchant_ecosystem_abuse,mule_laundering,merchant_mule_laundering_001,scn_f211614dc92c,overt_fraud,2,1,3,3,0,0,0,1,0,0
txn_de168a1789ae,801.1,0.293,0,1,64.0,64.0,64.0,1.0,4.0,0.0,0.0,2.0,830.6677,0.0356,85.05,85.05,608.0,0.0931,110.49,111.0,0.1511,0.0536,1.0338,0.7971,153.0,2.0,1,merchant_ecosystem_abuse,mule_laundering,merchant_mule_laundering_001,scn_f211614dc92c,overt_fraud,0,1,3,3,0,3,2,1,0,0
txn_40e8de8778ed,264.04,0.4642,2,0,65.0,65.0,65.0,2.0,4.0,0.0,0.0,2.0,830.2128,0.682,119.36,119.36,608.0,0.0931,110.49,111.0,0.1511,0.0536,1.0338,0.7971,153.0,2.0,1,merchant_ecosystem_abuse,mule_laundering,merchant_mule_laundering_001,scn_f211614dc92c,overt_fraud,0,1,3,3,0,1,1,1,0,0
txn_383e50668394,1507.39,0.5061,3,0,66.0,66.0,66.0,0.0,4.0,0.0,0.0,2.0,821.6344,0.8346,108.38,108.38,608.0,0.0931,110.49,111.0,0.1511,0.0536,1.0338,0.7971,153.0,2.0,1,merchant_ecosystem_abuse,mule_laundering,merchant_mule_laundering_001,scn_f211614dc92c,overt_fraud,3,1,3,3,0,2,2,4,0,0
txn_940cb9431451,239.02,0.3709,5,0,67.0,67.0,67.0,1.0,4.0,0.0,0.0,2.0,831.8696,0.7127,66.69,66.69,608.0,0.0931,110.49,111.0,0.1511,0.0536,1.0338,0.7971,153.0,2.0,1,merchant_ecosystem_abuse,mule_laundering,merchant_mule_laundering_001,scn_f211614dc92c,overt_fraud,4,1,3,3,0,3,3,4,0,0
txn_76ca3590963d,1478.95,0.4586,6,0,68.0,68.0,68.0,2.0,4.0,0.0,0.0,2.0,823.1512,0.7967,109.38,109.38,608.0,0.0931,110.49,111.0,0.1511,0.0536,1.0338,0.7971,153.0,2.0,1,merchant_ecosystem_abuse,mule_laundering,merchant_mule_laundering_001,scn_f211614dc92c,overt_fraud,2,1,3,3,0,4,4,4,0,0
txn_74f850bb859e,349.74,0.2233,7,0,69.0,69.0,69.0,0.0,4.0,1.0,1.0,2.0,832.6555,0.58,51.89,51.89,608.0,0.0931,110.49,111.0,0.1511,0.0536,1.0338,0.7971,153.0,2.0,1,merchant_ecosystem_abuse,mule_laundering,merchant_mule_laundering_001,scn_f211614dc92c,overt_fraud,0,1,3,3,0,5,5,1,0,0
txn_261730001b28,583.59,0.6502,8,0,70.0,70.0,70.0,1.0,4.0,1.0,1.0,2.0,825.7567,0.2933,50.01,50.01,608.0,0.0931,110.49,111.0,0.1511,0.0536,1.0338,0.7971,153.0,2.0,1,merchant_ecosystem_abuse,mule_laundering,merchant_mule_laundering_001,scn_f211614dc92c,overt_fraud,3,1,3,3,0,5,5,1,0,0
txn_603a752d2b3e,1082.37,0.3498,9,0,71.0,71.0,71.0,2.0,3.0,1.0,1.0,2.0,822.3459,0.3162,38.62,38.62,608.0,0.0931,110.49,111.0,0.1511,0.0536,1.0338,0.7971,153.0,2.0,1,merchant_ecosystem_abuse,mule_laundering,merchant_mule_laundering_001,scn_f211614dc92c,overt_fraud,2,1,3,3,0,0,0,0,0,0
txn_0cebf0af6d88,1104.78,0.2693,9,0,72.0,72.0,72.0,0.0,3.0,1.0,1.0,2.0,825.9574,0.3376,27.66,27.66,608.0,0.0931,110.49,111.0,0.1511,0.0536,1.0338,0.7971,153.0,2.0,1,merchant_ecosystem_abuse,mule_laundering,merchant_mule_laundering_001,scn_f211614dc92c,overt_fraud,4,1,3,3,0,0,0,4,0,0
txn_4fd5b3623c2c,1593.34,0.5003,9,0,73.0,73.0,73.0,1.0,3.0,2.0,2.0,2.0,829.7768,0.9202,8.33,8.33,608.0,0.0931,110.49,111.0,0.1511,0.0536,1.0338,0.7971,153.0,2.0,1,merchant_ecosystem_abuse,mule_laundering,merchant_mule_laundering_001,scn_f211614dc92c,overt_fraud,2,1,3,3,0,5,5,0,0,0
txn_e530258aa00d,649.12,0.714,10,0,74.0,74.0,74.0,2.0,3.0,2.0,2.0,2.0,840.0953,0.2273,43.93,43.93,608.0,0.0931,110.49,111.0,0.1511,0.0536,1.0338,0.7971,153.0,2.0,1,merchant_ecosystem_abuse,mule_laundering,merchant_mule_laundering_001,scn_f211614dc92c,overt_fraud,1,1,3,3,0,3,3,1,0,0
txn_298c590d6bb4,1514.12,0.2904,11,0,75.0,75.0,75.0,0.0,3.0,0.0,0.0,2.0,837.5489,0.8078,82.04,82.04,608.0,0.0931,110.49,111.0,0.1511,0.0536,1.0338,0.7971,153.0,2.0,1,merchant_ecosystem_abuse,mule_laundering,merchant_mule_laundering_001,scn_f211614dc92c,overt_fraud,4,1,3,3,0,4,4,4,0,0
txn_515aaa2c5737,560.31,0.5151,12,0,76.0,76.0,76.0,1.0,3.0,1.0,1.0,2.0,846.4512,0.338,46.27,46.27,608.0,0.0931,110.49,111.0,0.1511,0.0536,1.0338,0.7971,153.0,2.0,1,merchant_ecosystem_abuse,mule_laundering,merchant_mule_laundering_001,scn_f211614dc92c,overt_fraud,1,1,3,3,0,2,2,1,0,0
txn_efefe906be2a,1190.14,0.4026,12,0,77.0,77.0,77.0,2.0,3.0,2.0,2.0,2.0,842.7351,0.4122,11.65,11.65,608.0,0.0931,110.49,111.0,0.1511,0.0536,1.0338,0.7971,153.0,2.0,1,merchant_ecosystem_abuse,mule_laundering,merchant_mule_laundering_001,scn_f211614dc92c,overt_fraud,0,1,3,3,0,3,3,4,0,0
txn_c952a6320419,237.76,0.6057,14,0,78.0,78.0,78.0,0.0,3.0,0.0,0.0,2.0,847.189,0.7194,67.38,67.38,608.0,0.0931,110.49,111.0,0.1511,0.0536,1.0338,0.7971,153.0,2.0,1,merchant_ecosystem_abuse,mule_laundering,merchant_mule_laundering_001,scn_f211614dc92c,overt_fraud,1,1,3,3,0,0,0,0,0,0
txn_0a40def3a788,704.95,0.2827,14,0,79.0,79.0,79.0,1.0,3.0,1.0,1.0,2.0,839.4747,0.1602,28.32,28.32,608.0,0.0931,110.49,111.0,0.1511,0.0536,1.0338,0.7971,153.0,2.0,1,merchant_ecosystem_abuse,mule_laundering,merchant_mule_laundering_001,scn_f211614dc92c,overt_fraud,2,1,3,3,0,3,3,0,0,0
txn_105a51f6ff13,245.94,0.1837,15,1,80.0,80.0,80.0,2.0,3.0,1.0,1.0,2.0,837.7931,0.7064,33.84,33.84,608.0,0.0931,110.49,111.0,0.1511,0.0536,1.0338,0.7971,153.0,2.0,1,merchant_ecosystem_abuse,mule_laundering,merchant_mule_laundering_001,scn_f211614dc92c,overt_fraud,0,1,3,3,0,2,0,1,0,0
txn_caf962fe47be,1549.47,0.2188,15,0,81.0,81.0,81.0,0.0,3.0,1.0,1.0,2.0,830.4863,0.8657,46.81,46.81,608.0,0.0931,110.49,111.0,0.1511,0.0536,1.0338,0.7971,153.0,2.0,1,merchant_ecosystem_abuse,mule_laundering,merchant_mule_laundering_001,scn_f211614dc92c,overt_fraud,2,1,3,3,0,5,5,4,0,0
txn_98e3ff92acc4,1293.58,0.3704,16,0,82.0,82.0,82.0,1.0,3.0,1.0,1.0,2.0,839.2544,0.5413,21.28,21.28,608.0,0.0931,110.49,111.0,0.1511,0.0536,1.0338,0.7971,153.0,2.0,1,merchant_ecosystem_abuse,mule_laundering,merchant_mule_laundering_001,scn_f211614dc92c,overt_fraud,2,1,3,3,0,1,1,1,0,0
txn_4a9ca728608e,457.48,0.3825,18,0,83.0,83.0,83.0,2.0,3.0,0.0,0.0,2.0,844.7282,0.4584,117.75,117.75,608.0,0.0931,110.49,111.0,0.1511,0.0536,1.0338,0.7971,153.0,2.0,1,merchant_ecosystem_abuse,mule_laundering,merchant_mule_laundering_001,scn_f211614dc92c,overt_fraud,3,1,3,3,0,4,4,1,0,0
txn_11784ba56cd7,1342.37,0.5005,18,0,84.0,84.0,84.0,0.0,3.0,1.0,1.0,2.0,840.1181,0.5978,3.26,3.26,608.0,0.0931,110.49,111.0,0.1511,0.0536,1.0338,0.7971,153.0,2.0,1,merchant_ecosystem_abuse,mule_laundering,merchant_mule_laundering_001,scn_f211614dc92c,overt_fraud,3,1,3,3,0,3,3,4,0,0
txn_9e2c02cbf359,1434.91,0.08,18,0,85.0,85.0,85.0,1.0,3.0,2.0,2.0,2.0,846.0269,0.6961,4.74,4.74,608.0,0.0931,110.49,111.0,0.1511,0.0536,1.0338,0.7971,153.0,2.0,1,merchant_ecosystem_abuse,mule_laundering,merchant_mule_laundering_001,scn_f211614dc92c,overt_fraud,1,1,3,3,0,5,5,4,0,0
txn_dea688a718d7,1233.82,0.2654,18,0,86.0,86.0,86.0,2.0,3.0,3.0,3.0,2.0,852.8744,0.4467,21.17,21.17,608.0,0.0931,110.49,111.0,0.1511,0.0536,1.0338,0.7971,153.0,2.0,1,merchant_ecosystem_abuse,mule_laundering,merchant_mule_laundering_001,scn_f211614dc92c,overt_fraud,3,1,3,3,0,3,3,4,0,0
txn_b64207f74261,519.92,0.4542,19,0,87.0,87.0,87.0,0.0,3.0,3.0,3.0,2.0,857.2531,0.3935,32.04,32.04,608.0,0.0931,110.49,111.0,0.1511,0.0536,1.0338,0.7971,153.0,2.0,1,merchant_ecosystem_abuse,mule_laundering,merchant_mule_laundering_001,scn_f211614dc92c,overt_fraud,0,1,3,3,0,1,1,4,0,0
txn_399aba65ff23,932.29,0.6812,19,0,88.0,88.0,88.0,1.0,3.0,2.0,2.0,2.0,853.4198,0.0924,22.88,22.88,608.0,0.0931,110.49,111.0,0.1511,0.0536,1.0338,0.7971,153.0,2.0,1,merchant_ecosystem_abuse,mule_laundering,merchant_mule_laundering_001,scn_f211614dc92c,overt_fraud,4,1,3,3,0,0,0,4,0,0
txn_e8e0c857f52d,1378.52,0.6584,14,1,0.0,0.0,0.0,0.0,3.0,0.0,0.0,0.0,0.0,0.0,1440.0,1440.0,230.0,0.2393,42.76,755.0,0.0719,0.0105,1.7692,0.6225,38.0,2.0,1,merchant_ecosystem_abuse,marketplace_seller_fraud,merchant_seller_fraud_001,scn_7b97a2942932,overt_fraud,0,6,1,1,0,1,2,1,1,0
txn_679ecb965b15,229.4,0.2908,14,1,1.0,1.0,1.0,1.0,4.0,1.0,1.0,0.0,1378.52,0.8336,54.76,54.76,230.0,0.2393,42.76,755.0,0.0719,0.0105,1.7692,0.6225,38.0,2.0,1,merchant_ecosystem_abuse,marketplace_seller_fraud,merchant_seller_fraud_001,scn_7b97a2942932,overt_fraud,1,6,1,1,0,1,3,0,1,0
txn_1ddc27ad372f,427.92,0.2275,16,1,2.0,2.0,2.0,2.0,5.0,0.0,0.0,0.0,803.96,0.4677,73.21,73.21,230.0,0.2393,42.76,755.0,0.0719,0.0105,1.7692,0.6225,38.0,2.0,1,merchant_ecosystem_abuse,marketplace_seller_fraud,merchant_seller_fraud_001,scn_7b97a2942932,overt_fraud,1,6,1,1,0,0,2,4,2,0
txn_ad12de208066,1456.73,0.6514,18,0,3.0,3.0,3.0,0.0,9.0,0.0,0.0,0.0,678.6133,1.1466,120.95,120.95,230.0,0.2393,42.76,755.0,0.0719,0.0105,1.7692,0.6225,38.0,2.0,1,merchant_ecosystem_abuse,marketplace_seller_fraud,merchant_seller_fraud_001,scn_7b97a2942932,overt_fraud,2,6,1,1,0,5,5,1,2,0
txn_8906d48abdb6,1556.34,0.5089,18,1,4.0,4.0,4.0,1.0,10.0,1.0,1.0,0.0,873.1425,0.7825,34.43,34.43,230.0,0.2393,42.76,755.0,0.0719,0.0105,1.7692,0.6225,38.0,2.0,1,merchant_ecosystem_abuse,marketplace_seller_fraud,merchant_seller_fraud_001,scn_7b97a2942932,overt_fraud,4,6,1,1,0,2,0,4,2,0
txn_7eec6ef24186,530.73,0.4297,22,0,5.0,5.0,5.0,2.0,12.0,0.0,0.0,0.0,1009.782,0.4744,224.55,224.55,230.0,0.2393,42.76,755.0,0.0719,0.0105,1.7692,0.6225,38.0,2.0,1,merchant_ecosystem_abuse,marketplace_seller_fraud,merchant_seller_fraud_001,scn_7b97a2942932,overt_fraud,3,6,1,1,0,4,4,4,2,0
txn_a78a5ddfe7f7,1618.02,0.5107,23,0,6.0,6.0,6.0,0.0,12.0,1.0,1.0,0.0,929.94,0.7399,40.85,40.85,230.0,0.2393,42.76,755.0,0.0719,0.0105,1.7692,0.6225,38.0,2.0,1,merchant_ecosystem_abuse,marketplace_seller_fraud,merchant_seller_fraud_001,scn_7b97a2942932,overt_fraud,0,6,1,1,0,0,0,1,2,0
txn_57a4087af5bd,1277.55,0.4459,23,0,7.0,7.0,7.0,1.0,13.0,2.0,2.0,0.0,1028.2371,0.2425,13.62,13.62,230.0,0.2393,42.76,755.0,0.0719,0.0105,1.7692,0.6225,38.0,2.0,1,merchant_ecosystem_abuse,marketplace_seller_fraud,merchant_seller_fraud_001,scn_7b97a2942932,overt_fraud,0,6,1,1,0,5,5,1,1,0
txn_1156152253fb,1316.44,0.515,0,0,8.0,8.0,8.0,2.0,13.0,1.0,1.0,0.0,1059.4012,0.2426,46.49,46.49,230.0,0.2393,42.76,755.0,0.0719,0.0105,1.7692,0.6225,38.0,2.0,1,merchant_ecosystem_abuse,marketplace_seller_fraud,merchant_seller_fraud_001,scn_7b97a2942932,overt_fraud,0,6,1,1,0,3,3,0,2,0
txn_3f31c72ebda2,1263.5,0.3169,0,1,9.0,9.0,9.0,0.0,12.0,1.0,1.0,0.0,1087.9611,0.1613,14.98,14.98,230.0,0.2393,42.76,755.0,0.0719,0.0105,1.7692,0.6225,38.0,2.0,1,merchant_ecosystem_abuse,marketplace_seller_fraud,merchant_seller_fraud_001,scn_7b97a2942932,overt_fraud,0,6,1,1,0,0,5,4,1,0
txn_2eaacd1511fb,201.18,0.5438,2,0,10.0,10.0,10.0,1.0,13.0,0.0,0.0,0.0,1105.515,0.818,105.98,105.98,230.0,0.2393,42.76,755.0,0.0719,0.0105,1.7692,0.6225,38.0,2.0,1,merchant_ecosystem_abuse,marketplace_seller_fraud,merchant_seller_fraud_001,scn_7b97a2942932,overt_fraud,0,6,1,1,1,4,4,0,2,1
txn_28b74fe63987,1197.38,0.6367,3,0,11.0,11.0,11.0,2.0,13.0,1.0,1.0,1.0,1023.3027,0.1701,47.82,47.82,230.0,0.2393,42.76,755.0,0.0719,0.0105,1.7692,0.6225,38.0,2.0,1,merchant_ecosystem_abuse,marketplace_seller_fraud,merchant_seller_fraud_001,scn_7b97a2942932,overt_fraud,1,6,1,1,0,2,2,1,2,0
txn_742367160a00,219.01,0.5423,3,0,12.0,12.0,12.0,0.0,12.0,1.0,1.0,1.0,1037.8092,0.789,33.27,33.27,230.0,0.2393,42.76,755.0,0.0719,0.0105,1.7692,0.6225,38.0,2.0,1,merchant_ecosystem_abuse,marketplace_seller_fraud,merchant_seller_fraud_001,scn_7b97a2942932,overt_fraud,2,6,1,1,0,4,4,1,1,0
txn_a48e1cede628,1396.21,0.3771,3,0,13.0,13.0,13.0,1.0,10.0,2.0,2.0,1.0,974.8246,0.4323,8.23,8.23,230.0,0.2393,42.76,755.0,0.0719,0.0105,1.7692,0.6225,38.0,2.0,1,merchant_ecosystem_abuse,marketplace_seller_fraud,merchant_seller_fraud_001,scn_7b97a2942932,overt_fraud,4,6,1,1,0,0,0,4,2,0
txn_d20ec9a10af7,844.15,0.5731,3,1,14.0,14.0,14.0,2.0,9.0,3.0,3.0,1.0,1004.9236,0.16,1.05,1.05,230.0,0.2393,42.76,755.0,0.0719,0.0105,1.7692,0.6225,38.0,2.0,1,merchant_ecosystem_abuse,marketplace_seller_fraud,merchant_seller_fraud_001,scn_7b97a2942932,overt_fraud,0,6,1,1,0,1,3,4,2,0
txn_141dae73c5c8,994.63,0.0984,3,0,15.0,15.0,15.0,0.0,7.0,4.0,4.0,1.0,994.2053,0.0004,12.15,12.15,230.0,0.2393,42.76,755.0,0.0719,0.0105,1.7692,0.6225,38.0,2.0,1,merchant_ecosystem_abuse,marketplace_seller_fraud,merchant_seller_fraud_001,scn_7b97a2942932,overt_fraud,2,6,1,1,0,1,1,0,1,0
txn_f19ff9551feb,1660.49,0.5578,5,0,16.0,16.0,16.0,1.0,7.0,0.0,0.0,1.0,994.2319,0.6701,97.25,97.25,230.0,0.2393,42.76,755.0,0.0719,0.0105,1.7692,0.6225,38.0,2.0,1,merchant_ecosystem_abuse,marketplace_seller_fraud,merchant_seller_fraud_001,scn_7b97a2942932,overt_fraud,1,6,1,1,1,2,2,0,1,1
txn_ad0e5eae7f25,1058.11,0.7995,5,0,17.0,17.0,17.0,2.0,7.0,1.0,1.0,2.0,1033.4235,0.0239,24.58,24.58,230.0,0.2393,42.76,755.0,0.0719,0.0105,1.7692,0.6225,38.0,2.0,1,merchant_ecosystem_abuse,marketplace_seller_fraud,merchant_seller_fraud_001,scn_7b97a2942932,overt_fraud,0,6,1,1,0,5,5,0,2,0
txn_16ec9fe52dbe,1011.69,0.4581,5,0,18.0,18.0,18.0,0.0,5.0,2.0,2.0,2.0,1034.795,0.0223,0.55,0.55,230.0,0.2393,42.76,755.0,0.0719,0.0105,1.7692,0.6225,38.0,2.0,1,merchant_ecosystem_abuse,marketplace_seller_fraud,merchant_seller_fraud_001,scn_7b97a2942932,overt_fraud,0,6,1,1,0,1,1,4,2,0
txn_b6730e6a1a81,597.02,0.6164,6,0,19.0,19.0,19.0,1.0,6.0,2.0,2.0,2.0,1033.5789,0.4224,49.78,49.78,230.0,0.2393,42.76,755.0,0.0719,0.0105,1.7692,0.6225,38.0,2.0,1,merchant_ecosystem_abuse,marketplace_seller_fraud,merchant_seller_fraud_001,scn_7b97a2942932,overt_fraud,0,6,1,1,0,3,3,1,2,0
txn_cf0e76d6b481,1878.12,0.3936,9,0,20.0,20.0,20.0,2.0,4.0,0.0,0.0,2.0,1011.751,0.8563,132.1,132.1,230.0,0.2393,42.76,755.0,0.0719,0.0105,1.7692,0.6225,38.0,2.0,1,merchant_ecosystem_abuse,marketplace_seller_fraud,merchant_seller_fraud_001,scn_7b97a2942932,overt_fraud,3,6,1,1,0,3,3,4,2,0
txn_524b9e7b0bfa,1711.0,0.4381,9,0,21.0,21.0,21.0,0.0,2.0,1.0,1.0,2.0,1053.0067,0.6249,16.92,16.92,230.0,0.2393,42.76,755.0,0.0719,0.0105,1.7692,0.6225,38.0,2.0,1,merchant_ecosystem_abuse,marketplace_seller_fraud,merchant_seller_fraud_001,scn_7b97a2942932,overt_fraud,1,6,1,1,0,4,4,0,2,0
txn_f8452a12de65,739.14,0.7333,11,0,22.0,22.0,22.0,1.0,2.0,0.0,0.0,2.0,1082.9155,0.3175,116.15,116.15,230.0,0.2393,42.76,755.0,0.0719,0.0105,1.7692,0.6225,38.0,2.0,1,merchant_ecosystem_abuse,marketplace_seller_fraud,merchant_seller_fraud_001,scn_7b97a2942932,overt_fraud,1,6,1,1,0,0,0,0,1,0
txn_f581d825c732,1474.75,0.6637,11,0,23.0,23.0,23.0,2.0,2.0,1.0,1.0,2.0,1067.9687,0.3809,42.48,42.48,230.0,0.2393,42.76,755.0,0.0719,0.0105,1.7692,0.6225,38.0,2.0,1,merchant_ecosystem_abuse,marketplace_seller_fraud,merchant_seller_fraud_001,scn_7b97a2942932,overt_fraud,3,6,1,1,0,0,0,1,1,0
txn_8fa346baf100,1383.02,0.5101,12,0,24.0,24.0,24.0,0.0,2.0,2.0,2.0,2.0,1084.9179,0.2748,14.46,14.46,230.0,0.2393,42.76,755.0,0.0719,0.0105,1.7692,0.6225,38.0,2.0,1,merchant_ecosystem_abuse,marketplace_seller_fraud,merchant_seller_fraud_001,scn_7b97a2942932,overt_fraud,0,6,1,1,0,3,3,0,2,0
txn_173fab2a05b2,735.9,0.814,12,0,25.0,25.0,25.0,1.0,2.0,2.0,2.0,2.0,1096.842,0.3291,36.7,36.7,230.0,0.2393,42.76,755.0,0.0719,0.0105,1.7692,0.6225,38.0,2.0,1,merchant_ecosystem_abuse,marketplace_seller_fraud,merchant_seller_fraud_001,scn_7b97a2942932,overt_fraud,3,6,1,1,0,5,5,1,2,0
txn_2e146ba97134,1462.81,0.4375,13,0,26.0,26.0,26.0,2.0,2.0,0.0,0.0,2.0,1082.9596,0.3508,62.17,62.17,230.0,0.2393,42.76,755.0,0.0719,0.0105,1.7692,0.6225,38.0,2.0,1,merchant_ecosystem_abuse,marketplace_seller_fraud,merchant_seller_fraud_001,scn_7b97a2942932,overt_fraud,2,6,1,1,0,1,1,1,2,0
txn_a1496663208b,1758.18,0.5492,13,0,27.0,27.0,27.0,0.0,2.0,1.0,1.0,2.0,1097.0281,0.6027,10.01,10.01,230.0,0.2393,42.76,755.0,0.0719,0.0105,1.7692,0.6225,38.0,2.0,1,merchant_ecosystem_abuse,marketplace_seller_fraud,merchant_seller_fraud_001,scn_7b97a2942932,overt_fraud,3,6,1,1,0,4,4,1,1,0
txn_061904bfbd54,876.21,0.5722,14,1,28.0,28.0,28.0,1.0,2.0,2.0,2.0,2.0,1120.6407,0.2181,49.44,49.44,230.0,0.2393,42.76,755.0,0.0719,0.0105,1.7692,0.6225,38.0,2.0,1,merchant_ecosystem_abuse,marketplace_seller_fraud,merchant_seller_fraud_001,scn_7b97a2942932,overt_fraud,0,6,1,1,0,3,2,4,2,0
txn_2cd8c1ad7701,610.65,0.8458,16,0,29.0,29.0,29.0,2.0,2.0,0.0,0.0,2.0,1112.2121,0.451,90.18,90.18,230.0,0.2393,42.76,755.0,0.0719,0.0105,1.7692,0.6225,38.0,2.0,1,merchant_ecosystem_abuse,marketplace_seller_fraud,merchant_seller_fraud_001,scn_7b97a2942932,overt_fraud,3,6,1,1,0,1,1,4,2,0
txn_830b00ce7b10,659.08,0.7409,17,0,30.0,30.0,30.0,0.0,2.0,0.0,0.0,2.0,1095.4933,0.3984,89.89,89.89,230.0,0.2393,42.76,755.0,0.0719,0.0105,1.7692,0.6225,38.0,2.0,1,merchant_ecosystem_abuse,marketplace_seller_fraud,merchant_seller_fraud_001,scn_7b97a2942932,overt_fraud,1,6,1,1,0,5,5,0,1,0
txn_85302cd5a85f,1531.73,0.3023,17,0,31.0,31.0,31.0,1.0,2.0,1.0,1.0,2.0,1081.4155,0.4164,10.69,10.69,230.0,0.2393,42.76,755.0,0.0719,0.0105,1.7692,0.6225,38.0,2.0,1,merchant_ecosystem_abuse,marketplace_seller_fraud,merchant_seller_fraud_001,scn_7b97a2942932,overt_fraud,1,6,1,1,0,4,4,1,1,0
txn_a5618257580c,1045.51,0.4301,19,0,32.0,32.0,32.0,2.0,2.0,0.0,0.0,2.0,1095.4878,0.0456,67.47,67.47,230.0,0.2393,42.76,755.0,0.0719,0.0105,1.7692,0.6225,38.0,2.0,1,merchant_ecosystem_abuse,marketplace_seller_fraud,merchant_seller_fraud_001,scn_7b97a2942932,overt_fraud,2,6,1,1,0,0,0,0,1,0
txn_6770a6a5bc10,667.83,0.5158,19,0,33.0,33.0,33.0,0.0,2.0,1.0,1.0,2.0,1093.9733,0.3895,8.58,8.58,230.0,0.2393,42.76,755.0,0.0719,0.0105,1.7692,0.6225,38.0,2.0,1,merchant_ecosystem_abuse,marketplace_seller_fraud,merchant_seller_fraud_001,scn_7b97a2942932,overt_fraud,4,6,1,1,0,4,4,1,2,0
txn_690e5dccf5dc,1177.87,0.4847,21,0,34.0,34.0,34.0,1.0,3.0,0.0,0.0,2.0,1081.4397,0.0892,152.51,152.51,230.0,0.2393,42.76,755.0,0.0719,0.0105,1.7692,0.6225,38.0,2.0,1,merchant_ecosystem_abuse,marketplace_seller_fraud,merchant_seller_fraud_001,scn_7b97a2942932,overt_fraud,0,6,1,1,0,4,4,1,1,0
txn_12845dfd6e43,1809.51,0.6838,0,0,35.0,35.0,35.0,2.0,3.0,0.0,0.0,2.0,1084.1949,0.669,163.54,163.54,230.0,0.2393,42.76,755.0,0.0719,0.0105,1.7692,0.6225,38.0,2.0,1,merchant_ecosystem_abuse,marketplace_seller_fraud,merchant_seller_fraud_001,scn_7b97a2942932,overt_fraud,3,6,1,1,0,3,3,1,2,0
txn_b4cdd0ca5e72,697.61,0.2528,0,0,36.0,36.0,36.0,0.0,3.0,1.0,1.0,2.0,1104.3425,0.3683,11.54,11.54,230.0,0.2393,42.76,755.0,0.0719,0.0105,1.7692,0.6225,38.0,2.0,1,merchant_ecosystem_abuse,marketplace_seller_fraud,merchant_seller_fraud_001,scn_7b97a2942932,overt_fraud,0,6,1,1,0,2,2,0,1,0
txn_bb71568b9e3a,456.06,0.4188,0,0,37.0,37.0,37.0,1.0,3.0,2.0,2.0,2.0,1093.3497,0.5829,6.58,6.58,230.0,0.2393,42.76,755.0,0.0719,0.0105,1.7692,0.6225,38.0,2.0,1,merchant_ecosystem_abuse,marketplace_seller_fraud,merchant_seller_fraud_001,scn_7b97a2942932,overt_fraud,3,6,1,1,0,4,4,4,2,0
txn_8a9e3bad5610,1119.23,0.623,1,0,38.0,38.0,38.0,2.0,3.0,2.0,2.0,2.0,1076.5789,0.0396,42.2,42.2,230.0,0.2393,42.76,755.0,0.0719,0.0105,1.7692,0.6225,38.0,2.0,1,merchant_ecosystem_abuse,marketplace_seller_fraud,merchant_seller_fraud_001,scn_7b97a2942932,overt_fraud,4,6,1,1,0,5,5,1,1,0
txn_43c1f663aa0d,1443.2,0.7314,3,0,39.0,39.0,39.0,0.0,3.0,0.0,0.0,1.0,1077.6726,0.3392,131.73,131.73,230.0,0.2393,42.76,755.0,0.0719,0.0105,1.7692,0.6225,38.0,2.0,1,merchant_ecosystem_abuse,marketplace_seller_fraud,merchant_seller_fraud_001,scn_7b97a2942932,overt_fraud,4,6,1,1,0,5,5,4,1,0
txn_488870ed1a23,867.71,0.4794,4,1,40.0,40.0,40.0,1.0,3.0,1.0,1.0,1.0,1086.8108,0.2016,54.66,54.66,230.0,0.2393,42.76,755.0,0.0719,0.0105,1.7692,0.6225,38.0,2.0,1,merchant_ecosystem_abuse,marketplace_seller_fraud,merchant_seller_fraud_001,scn_7b97a2942932,overt_fraud,4,6,1,1,0,0,4,0,1,0
txn_673c943846c0,225.66,0.23,6,0,41.0,41.0,41.0,2.0,3.0,0.0,0.0,0.0,1081.4668,0.7913,92.39,92.39,230.0,0.2393,42.76,755.0,0.0719,0.0105,1.7692,0.6225,38.0,2.0,1,merchant_ecosystem_abuse,marketplace_seller_fraud,merchant_seller_fraud_001,scn_7b97a2942932,overt_fraud,3,6,1,1,0,1,1,4,2,0
txn_7fe18b7ada36,587.5,0.237,6,0,42.0,42.0,42.0,0.0,3.0,1.0,1.0,0.0,1061.0905,0.4463,12.92,12.92,230.0,0.2393,42.76,755.0,0.0719,0.0105,1.7692,0.6225,38.0,2.0,1,merchant_ecosystem_abuse,marketplace_seller_fraud,merchant_seller_fraud_001,scn_7b97a2942932,overt_fraud,0,6,1,1,0,5,5,1,2,0
txn_520ed5d281e9,1050.73,0.3834,7,0,43.0,43.0,43.0,1.0,3.0,0.0,0.0,0.0,1050.0767,0.0006,81.35,81.35,230.0,0.2393,42.76,755.0,0.0719,0.0105,1.7692,0.6225,38.0,2.0,1,merchant_ecosystem_abuse,marketplace_seller_fraud,merchant_seller_fraud_001,scn_7b97a2942932,overt_fraud,2,6,1,1,0,3,3,4,1,0
txn_ea69237925bc,703.24,0.4163,8,0,44.0,44.0,44.0,2.0,3.0,1.0,1.0,0.0,1050.0916,0.3303,40.61,40.61,230.0,0.2393,42.76,755.0,0.0719,0.0105,1.7692,0.6225,38.0,2.0,1,merchant_ecosystem_abuse,marketplace_seller_fraud,merchant_seller_fraud_001,scn_7b97a2942932,overt_fraud,1,6,1,1,0,0,0,4,1,0
txn_3660ef6c2318,1481.55,0.5553,8,0,45.0,45.0,45.0,0.0,3.0,1.0,1.0,0.0,1042.3838,0.4213,25.4,25.4,230.0,0.2393,42.76,755.0,0.0719,0.0105,1.7692,0.6225,38.0,2.0,1,merchant_ecosystem_abuse,marketplace_seller_fraud,merchant_seller_fraud_001,scn_7b97a2942932,overt_fraud,3,6,1,1,0,4,4,4,2,0
txn_58d5b0f1b929,1394.8,0.5302,9,0,46.0,46.0,46.0,1.0,3.0,2.0,2.0,0.0,1051.9309,0.3259,33.31,33.31,230.0,0.2393,42.76,755.0,0.0719,0.0105,1.7692,0.6225,38.0,2.0,1,merchant_ecosystem_abuse,marketplace_seller_fraud,merchant_seller_fraud_001,scn_7b97a2942932,overt_fraud,2,6,1,1,1,2,2,1,2,1
txn_da15e7d9b77f,1780.34,0.6365,9,1,47.0,47.0,47.0,2.0,2.0,2.0,2.0,1.0,1059.226,0.6808,10.38,10.38,230.0,0.2393,42.76,755.0,0.0719,0.0105,1.7692,0.6225,38.0,2.0,1,merchant_ecosystem_abuse,marketplace_seller_fraud,merchant_seller_fraud_001,scn_7b97a2942932,overt_fraud,4,6,1,1,0,4,5,4,2,0
txn_f278c70eca5a,1328.29,0.8182,10,0,48.0,48.0,48.0,0.0,2.0,0.0,0.0,1.0,1074.2492,0.2365,65.85,65.85,230.0,0.2393,42.76,755.0,0.0719,0.0105,1.7692,0.6225,38.0,2.0,1,merchant_ecosystem_abuse,marketplace_seller_fraud,merchant_seller_fraud_001,scn_7b97a2942932,overt_fraud,3,6,1,1,0,2,2,4,1,0
txn_20330627fa92,566.29,0.544,13,0,49.0,49.0,49.0,1.0,3.0,0.0,0.0,1.0,1079.4337,0.4754,178.9,178.9,230.0,0.2393,42.76,755.0,0.0719,0.0105,1.7692,0.6225,38.0,2.0,1,merchant_ecosystem_abuse,marketplace_seller_fraud,merchant_seller_fraud_001,scn_7b97a2942932,overt_fraud,2,6,1,1,0,0,0,0,2,0
txn_f76551419723,892.47,0.3276,15,0,50.0,50.0,50.0,2.0,2.0,0.0,0.0,1.0,1069.1708,0.1653,104.41,104.41,230.0,0.2393,42.76,755.0,0.0719,0.0105,1.7692,0.6225,38.0,2.0,1,merchant_ecosystem_abuse,marketplace_seller_fraud,merchant_seller_fraud_001,scn_7b97a2942932,overt_fraud,3,6,1,1,0,4,4,0,2,0
txn_372fd87a2e61,384.31,0.6452,15,0,51.0,51.0,51.0,0.0,2.0,1.0,1.0,1.0,1065.7061,0.6394,9.16,9.16,230.0,0.2393,42.76,755.0,0.0719,0.0105,1.7692,0.6225,38.0,2.0,1,merchant_ecosystem_abuse,marketplace_seller_fraud,merchant_seller_fraud_001,scn_7b97a2942932,overt_fraud,4,6,1,1,0,4,4,4,1,0
txn_ac5ebf21941f,678.71,0.4758,15,0,52.0,52.0,52.0,1.0,2.0,2.0,2.0,1.0,1052.6023,0.3552,22.13,22.13,230.0,0.2393,42.76,755.0,0.0719,0.0105,1.7692,0.6225,38.0,2.0,1,merchant_ecosystem_abuse,marketplace_seller_fraud,merchant_seller_fraud_001,scn_7b97a2942932,overt_fraud,1,6,1,1,0,2,2,1,2,0
txn_f9e0b01fbf22,1782.26,0.5476,17,1,53.0,53.0,53.0,2.0,2.0,0.0,0.0,1.0,1045.5477,0.7046,98.83,98.83,230.0,0.2393,42.76,755.0,0.0719,0.0105,1.7692,0.6225,38.0,2.0,1,merchant_ecosystem_abuse,marketplace_seller_fraud,merchant_seller_fraud_001,scn_7b97a2942932,overt_fraud,4,6,1,1,0,5,3,4,2,0
txn_2ea6ad14deda,941.23,0.4589,18,0,54.0,54.0,54.0,0.0,2.0,1.0,1.0,1.0,1059.1906,0.1114,57.32,57.32,230.0,0.2393,42.76,755.0,0.0719,0.0105,1.7692,0.6225,38.0,2.0,1,merchant_ecosystem_abuse,marketplace_seller_fraud,merchant_seller_fraud_001,scn_7b97a2942932,overt_fraud,1,6,1,1,0,5,5,1,1,0
txn_c913e8b14df3,1893.94,0.2587,18,0,55.0,55.0,55.0,1.0,2.0,1.0,1.0,1.0,1057.0458,0.7917,19.73,19.73,230.0,0.2393,42.76,755.0,0.0719,0.0105,1.7692,0.6225,38.0,2.0,1,merchant_ecosystem_abuse,marketplace_seller_fraud,merchant_seller_fraud_001,scn_7b97a2942932,overt_fraud,2,6,1,1,0,3,3,4,1,0
txn_75711895f0b8,1713.66,0.5783,20,0,56.0,56.0,56.0,2.0,2.0,0.0,0.0,1.0,1071.9904,0.5986,118.09,118.09,230.0,0.2393,42.76,755.0,0.0719,0.0105,1.7692,0.6225,38.0,2.0,1,merchant_ecosystem_abuse,marketplace_seller_fraud,merchant_seller_fraud_001,scn_7b97a2942932,overt_fraud,0,6,1,1,0,1,1,0,1,0
txn_29da23bac663,1088.23,0.5542,21,0,57.0,57.0,57.0,0.0,2.0,0.0,0.0,1.0,1083.2477,0.0046,64.55,64.55,230.0,0.2393,42.76,755.0,0.0719,0.0105,1.7692,0.6225,38.0,2.0,1,merchant_ecosystem_abuse,marketplace_seller_fraud,merchant_seller_fraud_001,scn_7b97a2942932,overt_fraud,2,6,1,1,0,2,2,4,2,0
txn_28e6186e8895,545.13,0.631,21,0,58.0,58.0,58.0,1.0,2.0,1.0,1.0,1.0,1083.3336,0.4968,3.27,3.27,230.0,0.2393,42.76,755.0,0.0719,0.0105,1.7692,0.6225,38.0,2.0,1,merchant_ecosystem_abuse,marketplace_seller_fraud,merchant_seller_fraud_001,scn_7b97a2942932,overt_fraud,4,6,1,1,0,0,0,0,1,0
txn_cce92518181e,334.69,0.4417,23,0,59.0,59.0,59.0,2.0,2.0,0.0,0.0,1.0,1074.2115,0.6884,71.77,71.77,230.0,0.2393,42.76,755.0,0.0719,0.0105,1.7692,0.6225,38.0,2.0,1,merchant_ecosystem_abuse,marketplace_seller_fraud,merchant_seller_fraud_001,scn_7b97a2942932,overt_fraud,0,6,1,1,0,2,2,0,1,0
txn_4f259e34d241,1203.25,0.3007,2,0,60.0,60.0,60.0,0.0,2.0,0.0,0.0,1.0,1061.8862,0.1331,218.59,218.59,230.0,0.2393,42.76,755.0,0.0719,0.0105,1.7692,0.6225,38.0,2.0,1,merchant_ecosystem_abuse,marketplace_seller_fraud,merchant_seller_fraud_001,scn_7b97a2942932,overt_fraud,1,6,1,1,0,5,5,0,2,0
txn_8e7efa5c880d,1840.34,0.4891,3,0,61.0,61.0,61.0,1.0,2.0,1.0,1.0,1.0,1064.2036,0.7293,33.54,33.54,230.0,0.2393,42.76,755.0,0.0719,0.0105,1.7692,0.6225,38.0,2.0,1,merchant_ecosystem_abuse,marketplace_seller_fraud,merchant_seller_fraud_001,scn_7b97a2942932,overt_fraud,1,6,1,1,0,0,0,0,2,0
txn_ba6567a5b33b,1533.4,0.6558,4,0,62.0,62.0,62.0,2.0,2.0,0.0,0.0,1.0,1076.7219,0.4241,70.16,70.16,230.0,0.2393,42.76,755.0,0.0719,0.0105,1.7692,0.6225,38.0,2.0,1,merchant_ecosystem_abuse,marketplace_seller_fraud,merchant_seller_fraud_001,scn_7b97a2942932,overt_fraud,1,6,1,1,0,3,3,0,2,0
txn_655b1c08e104,1565.17,0.3573,5,0,63.0,63.0,63.0,0.0,2.0,1.0,1.0,1.0,1083.9708,0.4439,45.59,45.59,230.0,0.2393,42.76,755.0,0.0719,0.0105,1.7692,0.6225,38.0,2.0,1,merchant_ecosystem_abuse,marketplace_seller_fraud,merchant_seller_fraud_001,scn_7b97a2942932,overt_fraud,1,6,1,1,0,2,2,1,1,0
txn_e795f34d6fe5,462.29,0.7901,6,0,64.0,64.0,64.0,1.0,2.0,1.0,1.0,1.0,1091.4895,0.5765,55.57,55.57,230.0,0.2393,42.76,755.0,0.0719,0.0105,1.7692,0.6225,38.0,2.0,1,merchant_ecosystem_abuse,marketplace_seller_fraud,merchant_seller_fraud_001,scn_7b97a2942932,overt_fraud,0,6,1,1,0,1,1,1,1,0
txn_c01bb2514162,949.42,0.3866,6,0,65.0,65.0,65.0,2.0,2.0,2.0,2.0,1.0,1081.8095,0.1224,2.42,2.42,230.0,0.2393,42.76,755.0,0.0719,0.0105,1.7692,0.6225,38.0,2.0,1,merchant_ecosystem_abuse,marketplace_seller_fraud,merchant_seller_fraud_001,scn_7b97a2942932,overt_fraud,1,6,1,1,0,0,0,0,2,0
txn_fe463d7a1f3c,773.02,0.597,7,0,66.0,66.0,66.0,0.0,2.0,0.0,0.0,1.0,1079.8036,0.2841,77.42,77.42,230.0,0.2393,42.76,755.0,0.0719,0.0105,1.7692,0.6225,38.0,2.0,1,merchant_ecosystem_abuse,marketplace_seller_fraud,merchant_seller_fraud_001,scn_7b97a2942932,overt_fraud,0,6,1,1,0,4,4,0,1,0
txn_e00e6727cda4,553.29,0.5856,9,0,67.0,67.0,67.0,1.0,2.0,0.0,0.0,0.0,1075.2248,0.4854,123.55,123.55,230.0,0.2393,42.76,755.0,0.0719,0.0105,1.7692,0.6225,38.0,2.0,1,merchant_ecosystem_abuse,marketplace_seller_fraud,merchant_seller_fraud_001,scn_7b97a2942932,overt_fraud,2,6,1,1,0,4,4,0,2,0
txn_813ac3902ea7,1092.6,0.5262,10,0,68.0,68.0,68.0,2.0,2.0,1.0,1.0,0.0,1067.5493,0.0235,25.06,25.06,230.0,0.2393,42.76,755.0,0.0719,0.0105,1.7692,0.6225,38.0,2.0,1,merchant_ecosystem_abuse,marketplace_seller_fraud,merchant_seller_fraud_001,scn_7b97a2942932,overt_fraud,0,6,1,1,0,3,3,4,1,0
txn_964db4fad141,1418.63,0.5295,10,1,69.0,69.0,69.0,0.0,2.0,2.0,2.0,0.0,1067.9123,0.3284,6.91,6.91,230.0,0.2393,42.76,755.0,0.0719,0.0105,1.7692,0.6225,38.0,2.0,1,merchant_ecosystem_abuse,marketplace_seller_fraud,merchant_seller_fraud_001,scn_7b97a2942932,overt_fraud,3,6,1,1,0,5,3,1,1,0
txn_58b93c516090,763.73,0.08,13,0,0.0,0.0,0.0,0.0,3.0,0.0,0.0,0.0,0.0,0.0,1440.0,1440.0,815.0,0.0208,121.26,4548.0,0.0673,0.007,0.2482,0.0673,621.0,1.0,1,merchant_ecosystem_abuse,triangulation_fraud,merchant_triangulation_001,scn_637aca7b7a7c,stealth_fraud,1,6,1,1,0,4,4,0,2,0
txn_674d540f3b97,596.25,0.4036,14,0,1.0,1.0,1.0,1.0,4.0,0.0,0.0,0.0,763.73,0.2193,79.18,79.18,815.0,0.0208,121.26,4548.0,0.0673,0.007,0.2482,0.0673,621.0,1.0,1,merchant_ecosystem_abuse,triangulation_fraud,merchant_triangulation_001,scn_637aca7b7a7c,stealth_fraud,3,6,1,1,0,1,1,0,2,0
txn_c2f081f794d1,857.19,0.43,17,0,2.0,2.0,2.0,2.0,6.0,0.0,0.0,0.0,679.99,0.2606,129.59,129.59,815.0,0.0208,121.26,4548.0,0.0673,0.007,0.2482,0.0673,621.0,1.0,1,merchant_ecosystem_abuse,triangulation_fraud,merchant_triangulation_001,scn_637aca7b7a7c,stealth_fraud,1,6,1,1,0,4,4,4,2,0
txn_5acac46d1858,311.13,0.2908,17,0,3.0,3.0,3.0,0.0,7.0,1.0,1.0,0.0,739.0567,0.579,49.85,49.85,815.0,0.0208,121.26,4548.0,0.0673,0.007,0.2482,0.0673,621.0,1.0,1,merchant_ecosystem_abuse,triangulation_fraud,merchant_triangulation_001,scn_637aca7b7a7c,stealth_fraud,2,6,1,1,0,5,5,4,2,0
txn_78a3da98e1b2,1658.03,0.3965,19,0,4.0,4.0,4.0,1.0,10.0,0.0,0.0,0.0,632.075,1.6232,121.73,121.73,815.0,0.0208,121.26,4548.0,0.0673,0.007,0.2482,0.0673,621.0,1.0,1,merchant_ecosystem_abuse,triangulation_fraud,merchant_triangulation_001,scn_637aca7b7a7c,stealth_fraud,2,6,1,1,0,0,0,0,1,0
txn_f1887c99d058,1415.02,0.5393,21,0,5.0,5.0,5.0,2.0,11.0,0.0,0.0,0.0,837.266,0.69,108.99,108.99,815.0,0.0208,121.26,4548.0,0.0673,0.007,0.2482,0.0673,621.0,1.0,1,merchant_ecosystem_abuse,triangulation_fraud,merchant_triangulation_001,scn_637aca7b7a7c,stealth_fraud,1,6,1,1,0,0,0,4,2,0
txn_83d5a8d3a2a9,1000.5,0.3698,22,0,6.0,6.0,6.0,0.0,12.0,1.0,1.0,0.0,933.5583,0.0717,39.6,39.6,815.0,0.0208,121.26,4548.0,0.0673,0.007,0.2482,0.0673,621.0,1.0,1,merchant_ecosystem_abuse,triangulation_fraud,merchant_triangulation_001,scn_637aca7b7a7c,stealth_fraud,0,6,1,1,0,5,5,0,1,0
txn_1ada4b20729a,642.75,0.2526,1,0,7.0,7.0,7.0,1.0,15.0,0.0,0.0,0.0,943.1214,0.3185,179.69,179.69,815.0,0.0208,121.26,4548.0,0.0673,0.007,0.2482,0.0673,621.0,1.0,1,merchant_ecosystem_abuse,triangulation_fraud,merchant_triangulation_001,scn_637aca7b7a7c,stealth_fraud,0,6,1,1,0,3,3,4,2,0
txn_d2c099f7385b,865.4,0.3116,1,0,8.0,8.0,8.0,2.0,15.0,1.0,1.0,0.0,905.575,0.0444,3.47,3.47,815.0,0.0208,121.26,4548.0,0.0673,0.007,0.2482,0.0673,621.0,1.0,1,merchant_ecosystem_abuse,triangulation_fraud,merchant_triangulation_001,scn_637aca7b7a7c,stealth_fraud,3,6,1,1,0,0,0,1,2,0
txn_1104fcba2b3e,768.42,0.3892,4,0,9.0,9.0,9.0,0.0,15.0,0.0,0.0,0.0,901.1111,0.1473,154.51,154.51,815.0,0.0208,121.26,4548.0,0.0673,0.007,0.2482,0.0673,621.0,1.0,1,merchant_ecosystem_abuse,triangulation_fraud,merchant_triangulation_001,scn_637aca7b7a7c,stealth_fraud,3,6,1,1,0,5,5,4,1,0
txn_5b9298b30a34,670.06,0.4852,4,0,10.0,10.0,10.0,1.0,16.0,1.0,1.0,0.0,887.842,0.2453,32.0,32.0,815.0,0.0208,121.26,4548.0,0.0673,0.007,0.2482,0.0673,621.0,1.0,1,merchant_ecosystem_abuse,triangulation_fraud,merchant_triangulation_001,scn_637aca7b7a7c,stealth_fraud,4,6,1,1,0,2,2,4,2,0
txn_764dc222e9d4,1434.33,0.3952,5,0,11.0,11.0,11.0,2.0,14.0,1.0,1.0,0.0,868.0436,0.6524,36.62,36.62,815.0,0.0208,121.26,4548.0,0.0673,0.007,0.2482,0.0673,621.0,1.0,1,merchant_ecosystem_abuse,triangulation_fraud,merchant_triangulation_001,scn_637aca7b7a7c,stealth_fraud,3,6,1,1,0,4,4,4,1,0
txn_46cb15773078,795.5,0.5004,5,0,12.0,12.0,12.0,0.0,13.0,2.0,2.0,0.0,915.2342,0.1308,12.38,12.38,815.0,0.0208,121.26,4548.0,0.0673,0.007,0.2482,0.0673,621.0,1.0,1,merchant_ecosystem_abuse,triangulation_fraud,merchant_triangulation_001,scn_637aca7b7a7c,stealth_fraud,1,6,1,1,0,1,1,1,2,0
txn_682a89a24686,871.75,0.2319,5,0,13.0,13.0,13.0,1.0,11.0,2.0,2.0,0.0,906.0238,0.0378,13.78,13.78,815.0,0.0208,121.26,4548.0,0.0673,0.007,0.2482,0.0673,621.0,1.0,1,merchant_ecosystem_abuse,triangulation_fraud,merchant_triangulation_001,scn_637aca7b7a7c,stealth_fraud,1,6,1,1,0,3,3,4,2,0
txn_1f527d5577b7,1020.49,0.3864,6,0,14.0,14.0,14.0,2.0,11.0,0.0,0.0,0.0,903.5757,0.1294,73.5,73.5,815.0,0.0208,121.26,4548.0,0.0673,0.007,0.2482,0.0673,621.0,1.0,1,merchant_ecosystem_abuse,triangulation_fraud,merchant_triangulation_001,scn_637aca7b7a7c,stealth_fraud,0,6,1,1,0,0,0,4,2,0
txn_36c36c7c3715,419.88,0.3354,7,0,15.0,15.0,15.0,0.0,10.0,1.0,1.0,0.0,911.37,0.5393,32.95,32.95,815.0,0.0208,121.26,4548.0,0.0673,0.007,0.2482,0.0673,621.0,1.0,1,merchant_ecosystem_abuse,triangulation_fraud,merchant_triangulation_001,scn_637aca7b7a7c,stealth_fraud,3,6,1,1,0,0,0,0,2,0
txn_8a08efba22f6,1366.44,0.4118,7,0,16.0,16.0,16.0,1.0,10.0,2.0,2.0,0.0,880.6519,0.5516,13.32,13.32,815.0,0.0208,121.26,4548.0,0.0673,0.007,0.2482,0.0673,621.0,1.0,1,merchant_ecosystem_abuse,triangulation_fraud,merchant_triangulation_001,scn_637aca7b7a7c,stealth_fraud,0,6,1,1,0,5,5,4,2,0
txn_a71d2c71cabc,1676.98,0.3577,10,1,17.0,17.0,17.0,2.0,9.0,0.0,0.0,0.0,909.2276,0.8444,159.13,159.13,815.0,0.0208,121.26,4548.0,0.0673,0.007,0.2482,0.0673,621.0,1.0,1,merchant_ecosystem_abuse,triangulation_fraud,merchant_triangulation_001,scn_637aca7b7a7c,stealth_fraud,0,6,1,1,0,4,1,0,1,0
txn_f7fba3786b65,1537.27,0.3637,11,0,18.0,18.0,18.0,0.0,9.0,1.0,1.0,0.0,951.8806,0.615,58.7,58.7,815.0,0.0208,121.26,4548.0,0.0673,0.007,0.2482,0.0673,621.0,1.0,1,merchant_ecosystem_abuse,triangulation_fraud,merchant_triangulation_001,scn_637aca7b7a7c,stealth_fraud,4,6,1,1,0,5,5,1,1,0
txn_6b7dad7330af,1791.88,0.5056,12,1,19.0,19.0,19.0,1.0,6.0,0.0,0.0,0.0,982.6905,0.8234,65.86,65.86,815.0,0.0208,121.26,4548.0,0.0673,0.007,0.2482,0.0673,621.0,1.0,1,merchant_ecosystem_abuse,triangulation_fraud,merchant_triangulation_001,scn_637aca7b7a7c,stealth_fraud,3,6,1,1,0,5,0,1,1,0
txn_3e47ee7d9f9a,939.9,0.5309,12,0,20.0,20.0,20.0,2.0,5.0,1.0,1.0,0.0,1023.15,0.0814,20.54,20.54,815.0,0.0208,121.26,4548.0,0.0673,0.007,0.2482,0.0673,621.0,1.0,1,merchant_ecosystem_abuse,triangulation_fraud,merchant_triangulation_001,scn_637aca7b7a7c,stealth_fraud,0,6,1,1,0,4,4,0,1,0
txn_b28d281e3801,1779.98,0.3458,12,0,21.0,21.0,21.0,0.0,4.0,2.0,2.0,0.0,1019.1857,0.7465,5.5,5.5,815.0,0.0208,121.26,4548.0,0.0673,0.007,0.2482,0.0673,621.0,1.0,1,merchant_ecosystem_abuse,triangulation_fraud,merchant_triangulation_001,scn_637aca7b7a7c,stealth_fraud,0,6,1,1,0,2,2,4,1,0
txn_26e339756359,1305.5,0.3483,16,0,22.0,22.0,22.0,1.0,5.0,0.0,0.0,0.0,1053.7673,0.2389,238.21,238.21,815.0,0.0208,121.26,4548.0,0.0673,0.007,0.2482,0.0673,621.0,1.0,1,merchant_ecosystem_abuse,triangulation_fraud,merchant_triangulation_001,scn_637aca7b7a7c,stealth_fraud,3,6,1,1,0,2,2,0,2,0
txn_7d609dda173f,1553.57,0.6307,16,0,23.0,23.0,23.0,2.0,5.0,1.0,1.0,0.0,1064.7122,0.4591,7.54,7.54,815.0,0.0208,121.26,4548.0,0.0673,0.007,0.2482,0.0673,621.0,1.0,1,merchant_ecosystem_abuse,triangulation_fraud,merchant_triangulation_001,scn_637aca7b7a7c,stealth_fraud,1,6,1,1,0,3,3,4,2,0
txn_e7ba0934132a,1143.31,0.4252,17,1,24.0,24.0,24.0,0.0,5.0,2.0,2.0,0.0,1085.0812,0.0537,22.19,22.19,815.0,0.0208,121.26,4548.0,0.0673,0.007,0.2482,0.0673,621.0,1.0,1,merchant_ecosystem_abuse,triangulation_fraud,merchant_triangulation_001,scn_637aca7b7a7c,stealth_fraud,0,6,1,1,0,5,3,0,2,0
txn_13be331b8c73,895.17,0.6135,18,0,25.0,25.0,25.0,1.0,5.0,0.0,0.0,0.0,1087.4104,0.1768,84.14,84.14,815.0,0.0208,121.26,4548.0,0.0673,0.007,0.2482,0.0673,621.0,1.0,1,merchant_ecosystem_abuse,triangulation_fraud,merchant_triangulation_001,scn_637aca7b7a7c,stealth_fraud,1,6,1,1,0,2,2,1,2,0
txn_fe9b359e293e,1622.41,0.2921,20,0,26.0,26.0,26.0,2.0,5.0,0.0,0.0,0.0,1080.0165,0.5022,127.38,127.38,815.0,0.0208,121.26,4548.0,0.0673,0.007,0.2482,0.0673,621.0,1.0,1,merchant_ecosystem_abuse,triangulation_fraud,merchant_triangulation_001,scn_637aca7b7a7c,stealth_fraud,3,6,1,1,0,0,0,1,2,0
txn_62307ec3b8a2,1035.2,0.3414,22,0,27.0,27.0,27.0,0.0,5.0,0.0,0.0,0.0,1100.1052,0.059,73.99,73.99,815.0,0.0208,121.26,4548.0,0.0673,0.007,0.2482,0.0673,621.0,1.0,1,merchant_ecosystem_abuse,triangulation_fraud,merchant_triangulation_001,scn_637aca7b7a7c,stealth_fraud,4,6,1,1,0,3,3,0,1,0
txn_c3d26f6fffd2,735.82,0.6957,22,0,28.0,28.0,28.0,1.0,5.0,1.0,1.0,0.0,1097.7871,0.3297,49.06,49.06,815.0,0.0208,121.26,4548.0,0.0673,0.007,0.2482,0.0673,621.0,1.0,1,merchant_ecosystem_abuse,triangulation_fraud,merchant_triangulation_001,scn_637aca7b7a7c,stealth_fraud,1,6,1,1,0,4,4,1,2,0
txn_17d0750a124c,1670.57,0.3226,0,1,29.0,29.0,29.0,2.0,5.0,0.0,0.0,0.0,1085.3055,0.5393,117.27,117.27,815.0,0.0208,121.26,4548.0,0.0673,0.007,0.2482,0.0673,621.0,1.0,1,merchant_ecosystem_abuse,triangulation_fraud,merchant_triangulation_001,scn_637aca7b7a7c,stealth_fraud,4,6,1,1,0,2,4,4,1,0
txn_ab7ce032415a,887.4,0.3422,1,0,30.0,30.0,30.0,0.0,5.0,1.0,1.0,0.0,1104.8143,0.1968,49.76,49.76,815.0,0.0208,121.26,4548.0,0.0673,0.007,0.2482,0.0673,621.0,1.0,1,merchant_ecosystem_abuse,triangulation_fraud,merchant_triangulation_001,scn_637aca7b7a7c,stealth_fraud,0,6,1,1,0,0,0,0,2,0
txn_0f8f870b1615,1671.95,0.3595,1,0,31.0,31.0,31.0,1.0,5.0,1.0,1.0,0.0,1097.801,0.523,12.43,12.43,815.0,0.0208,121.26,4548.0,0.0673,0.007,0.2482,0.0673,621.0,1.0,1,merchant_ecosystem_abuse,triangulation_fraud,merchant_triangulation_001,scn_637aca7b7a7c,stealth_fraud,0,6,1,1,0,1,1,0,1,0
txn_80165b2dbcad,796.22,0.2255,2,0,32.0,32.0,32.0,2.0,5.0,2.0,2.0,0.0,1115.7431,0.2864,45.48,45.48,815.0,0.0208,121.26,4548.0,0.0673,0.007,0.2482,0.0673,621.0,1.0,1,merchant_ecosystem_abuse,triangulation_fraud,merchant_triangulation_001,scn_637aca7b7a7c,stealth_fraud,2,6,1,1,0,5,5,0,1,0
txn_a374b7fa5741,1559.82,0.2678,3,0,33.0,33.0,33.0,0.0,5.0,0.0,0.0,0.0,1106.0606,0.4102,65.93,65.93,815.0,0.0208,121.26,4548.0,0.0673,0.007,0.2482,0.0673,621.0,1.0,1,merchant_ecosystem_abuse,triangulation_fraud,merchant_triangulation_001,scn_637aca7b7a7c,stealth_fraud,1,6,1,1,0,1,1,4,2,0
txn_f061f1ee5846,1740.12,0.1166,5,0,34.0,34.0,34.0,1.0,5.0,0.0,0.0,0.0,1119.4065,0.5545,89.29,89.29,815.0,0.0208,121.26,4548.0,0.0673,0.007,0.2482,0.0673,621.0,1.0,1,merchant_ecosystem_abuse,triangulation_fraud,merchant_triangulation_001,scn_637aca7b7a7c,stealth_fraud,4,6,1,1,0,0,0,4,2,0
txn_86732bfbea3b,555.65,0.463,9,0,35.0,35.0,35.0,2.0,6.0,0.0,0.0,0.0,1137.1411,0.5114,283.57,283.57,815.0,0.0208,121.26,4548.0,0.0673,0.007,0.2482,0.0673,621.0,1.0,1,merchant_ecosystem_abuse,triangulation_fraud,merchant_triangulation_001,scn_637aca7b7a7c,stealth_fraud,2,6,1,1,0,4,4,4,1,0
txn_3c7f1fb35012,659.63,0.2026,12,0,36.0,36.0,36.0,0.0,6.0,0.0,0.0,0.0,1120.9886,0.4116,150.96,150.96,815.0,0.0208,121.26,4548.0,0.0673,0.007,0.2482,0.0673,621.0,1.0,1,merchant_ecosystem_abuse,triangulation_fraud,merchant_triangulation_001,scn_637aca7b7a7c,stealth_fraud,4,6,1,1,0,0,0,0,1,0
txn_44e24169d7df,1023.84,0.2847,12,0,37.0,37.0,37.0,1.0,6.0,1.0,1.0,0.0,1108.5195,0.0764,24.08,24.08,815.0,0.0208,121.26,4548.0,0.0673,0.007,0.2482,0.0673,621.0,1.0,1,merchant_ecosystem_abuse,triangulation_fraud,merchant_triangulation_001,scn_637aca7b7a7c,stealth_fraud,0,6,1,1,0,5,5,0,2,0
txn_173603c49e97,334.36,0.2992,17,0,38.0,38.0,38.0,2.0,6.0,0.0,0.0,0.0,1106.2911,0.6978,255.35,255.35,815.0,0.0208,121.26,4548.0,0.0673,0.007,0.2482,0.0673,621.0,1.0,1,merchant_ecosystem_abuse,triangulation_fraud,merchant_triangulation_001,scn_637aca7b7a7c,stealth_fraud,1,6,1,1,0,4,4,1,2,0
txn_fa8534458863,1356.86,0.7922,18,0,39.0,39.0,39.0,0.0,6.0,0.0,0.0,0.0,1086.4979,0.2488,64.06,64.06,815.0,0.0208,121.26,4548.0,0.0673,0.007,0.2482,0.0673,621.0,1.0,1,merchant_ecosystem_abuse,triangulation_fraud,merchant_triangulation_001,scn_637aca7b7a7c,stealth_fraud,4,6,1,1,0,2,2,0,1,0
txn_e511e0c71216,136.8,0.1551,20,0,40.0,40.0,40.0,1.0,6.0,0.0,0.0,0.0,1093.257,0.8749,124.92,124.92,815.0,0.0208,121.26,4548.0,0.0673,0.007,0.2482,0.0673,621.0,1.0,1,merchant_ecosystem_abuse,triangulation_fraud,merchant_triangulation_001,scn_637aca7b7a7c,stealth_fraud,0,6,1,1,0,1,1,1,2,0
txn_55627a46117c,1078.43,0.7195,20,0,41.0,41.0,41.0,2.0,6.0,1.0,1.0,0.0,1069.9288,0.0079,7.41,7.41,815.0,0.0208,121.26,4548.0,0.0673,0.007,0.2482,0.0673,621.0,1.0,1,merchant_ecosystem_abuse,triangulation_fraud,merchant_triangulation_001,scn_637aca7b7a7c,stealth_fraud,3,6,1,1,0,2,2,0,2,0
txn_615e15ee6b08,1263.03,0.425,21,0,42.0,42.0,42.0,0.0,6.0,2.0,2.0,0.0,1070.1312,0.1803,41.68,41.68,815.0,0.0208,121.26,4548.0,0.0673,0.007,0.2482,0.0673,621.0,1.0,1,merchant_ecosystem_abuse,triangulation_fraud,merchant_triangulation_001,scn_637aca7b7a7c,stealth_fraud,4,6,1,1,0,1,1,0,1,0
txn_a668183b74e6,383.89,0.6281,22,1,43.0,43.0,43.0,1.0,6.0,0.0,0.0,0.0,1074.6172,0.6428,102.58,102.58,815.0,0.0208,121.26,4548.0,0.0673,0.007,0.2482,0.0673,621.0,1.0,1,merchant_ecosystem_abuse,triangulation_fraud,merchant_triangulation_001,scn_637aca7b7a7c,stealth_fraud,0,6,1,1,0,1,4,4,2,0
txn_18fc40743ca5,304.32,0.08,14,1,0.0,0.0,0.0,0.0,3.0,0.0,0.0,0.0,0.0,0.0,1440.0,1440.0,815.0,0.0526,63.17,3593.0,0.0438,0.0014,0.3323,0.1971,685.0,0.0,1,post_transaction_abuse,alternative_refund_abuse,post_alt_refund_001,scn_160e46ced5b6,stealth_fraud,0,3,4,2,0,0,4,1,3,0
txn_4a27e638b762,227.6,0.3054,16,0,1.0,1.0,1.0,1.0,4.0,0.0,0.0,0.0,304.32,0.2521,92.38,92.38,815.0,0.0526,63.17,3593.0,0.0438,0.0014,0.3323,0.1971,685.0,0.0,1,post_transaction_abuse,alternative_refund_abuse,post_alt_refund_001,scn_160e46ced5b6,stealth_fraud,1,3,4,2,0,0,0,3,3,0
txn_df7a873e4093,289.8,0.3136,16,0,2.0,2.0,2.0,2.0,5.0,1.0,1.0,0.0,265.96,0.0896,11.13,11.13,815.0,0.0526,63.17,3593.0,0.0438,0.0014,0.3323,0.1971,685.0,0.0,1,post_transaction_abuse,alternative_refund_abuse,post_alt_refund_001,scn_160e46ced5b6,stealth_fraud,4,3,4,2,0,0,0,6,3,0
txn_91821be292f8,75.22,0.08,16,0,3.0,3.0,3.0,0.0,6.0,2.0,2.0,0.0,273.9067,0.7254,34.83,34.83,815.0,0.0526,63.17,3593.0,0.0438,0.0014,0.3323,0.1971,685.0,0.0,1,post_transaction_abuse,alternative_refund_abuse,post_alt_refund_001,scn_160e46ced5b6,stealth_fraud,0,3,4,2,0,2,2,4,3,0
txn_dd79cf569252,391.09,0.1797,17,0,4.0,4.0,4.0,1.0,7.0,1.0,1.0,0.0,224.235,0.7441,26.7,26.7,815.0,0.0526,63.17,3593.0,0.0438,0.0014,0.3323,0.1971,685.0,0.0,1,post_transaction_abuse,alternative_refund_abuse,post_alt_refund_001,scn_160e46ced5b6,stealth_fraud,1,3,4,2,0,4,4,6,3,0
txn_e57fdcc9fafd,112.48,0.4067,22,0,5.0,5.0,5.0,2.0,11.0,0.0,0.0,0.0,257.606,0.5634,298.07,298.07,815.0,0.0526,63.17,3593.0,0.0438,0.0014,0.3323,0.1971,685.0,0.0,1,post_transaction_abuse,alternative_refund_abuse,post_alt_refund_001,scn_160e46ced5b6,stealth_fraud,0,3,4,2,0,3,3,3,3,0
txn_c6bbb8175fdf,343.69,0.2254,22,0,6.0,6.0,6.0,0.0,11.0,1.0,1.0,0.0,233.4183,0.4724,39.11,39.11,815.0,0.0526,63.17,3593.0,0.0438,0.0014,0.3323,0.1971,685.0,0.0,1,post_transaction_abuse,alternative_refund_abuse,post_alt_refund_001,scn_160e46ced5b6,stealth_fraud,3,3,4,2,0,3,3,4,3,0
txn_143ae4e6e935,371.11,0.1683,13,0,0.0,0.0,0.0,0.0,1.0,0.0,0.0,0.0,0.0,0.0,1440.0,1440.0,693.0,0.1802,303.74,1026.0,0.1513,0.0197,0.6923,0.5741,30.0,3.0,1,post_transaction_abuse,chargeback_fraud,post_chargeback_001,scn_5908c3725964,overt_fraud,2,4,1,2,0,3,3,2,1,0
txn_4087f4688c7b,68.58,0.3322,13,1,1.0,1.0,1.0,1.0,4.0,1.0,1.0,0.0,371.11,0.8152,27.13,27.13,693.0,0.1802,303.74,1026.0,0.1513,0.0197,0.6923,0.5741,30.0,3.0,1,post_transaction_abuse,chargeback_fraud,post_chargeback_001,scn_5908c3725964,overt_fraud,0,4,1,2,0,0,5,6,2,0
txn_1e1e935be982,349.67,0.3237,14,0,2.0,2.0,2.0,2.0,5.0,1.0,1.0,0.0,219.845,0.5905,33.99,33.99,693.0,0.1802,303.74,1026.0,0.1513,0.0197,0.6923,0.5741,30.0,3.0,1,post_transaction_abuse,chargeback_fraud,post_chargeback_001,scn_5908c3725964,overt_fraud,4,4,1,2,0,4,4,4,1,0
txn_3e054a4f1fdb,327.62,0.4826,15,0,3.0,3.0,3.0,0.0,6.0,0.0,0.0,0.0,263.12,0.2451,115.93,115.93,693.0,0.1802,303.74,1026.0,0.1513,0.0197,0.6923,0.5741,30.0,3.0,1,post_transaction_abuse,chargeback_fraud,post_chargeback_001,scn_5908c3725964,overt_fraud,2,4,1,2,1,2,2,1,1,1
txn_79ecf6077479,148.93,0.3064,16,0,4.0,4.0,4.0,1.0,6.0,1.0,1.0,1.0,279.245,0.4667,9.32,9.32,693.0,0.1802,303.74,1026.0,0.1513,0.0197,0.6923,0.5741,30.0,3.0,1,post_transaction_abuse,chargeback_fraud,post_chargeback_001,scn_5908c3725964,overt_fraud,3,4,1,2,0,4,4,2,2,0
txn_0216a6958bf9,357.75,0.3947,18,0,5.0,5.0,5.0,2.0,7.0,0.0,0.0,1.0,253.182,0.413,118.48,118.48,693.0,0.1802,303.74,1026.0,0.1513,0.0197,0.6923,0.5741,30.0,3.0,1,post_transaction_abuse,chargeback_fraud,post_chargeback_001,scn_5908c3725964,overt_fraud,1,4,1,2,0,3,3,6,1,0
txn_63bb74552f3d,275.44,0.3606,20,0,6.0,6.0,6.0,0.0,10.0,0.0,0.0,1.0,270.61,0.0178,145.14,145.14,693.0,0.1802,303.74,1026.0,0.1513,0.0197,0.6923,0.5741,30.0,3.0,1,post_transaction_abuse,chargeback_fraud,post_chargeback_001,scn_5908c3725964,overt_fraud,1,4,1,2,0,1,1,0,2,0
txn_995e0d28f9d7,164.14,0.3574,22,0,7.0,7.0,7.0,1.0,11.0,0.0,0.0,1.0,271.3,0.395,120.34,120.34,693.0,0.1802,303.74,1026.0,0.1513,0.0197,0.6923,0.5741,30.0,3.0,1,post_transaction_abuse,chargeback_fraud,post_chargeback_001,scn_5908c3725964,overt_fraud,3,4,1,2,0,5,5,4,2,0
txn_287a9fedcc9c,231.6,0.4195,22,0,8.0,8.0,8.0,2.0,12.0,1.0,1.0,1.0,257.905,0.102,4.61,4.61,693.0,0.1802,303.74,1026.0,0.1513,0.0197,0.6923,0.5741,30.0,3.0,1,post_transaction_abuse,chargeback_fraud,post_chargeback_001,scn_5908c3725964,overt_fraud,3,4,1,2,0,0,0,5,2,0
txn_7de9950280fc,214.47,0.462,12,0,0.0,0.0,0.0,0.0,1.0,0.0,0.0,0.0,0.0,0.0,1440.0,1440.0,224.0,0.0032,111.6,583.0,0.0109,0.0022,0.1221,0.1224,1468.0,1.0,1,post_transaction_abuse,non_delivery_claim,post_non_delivery_001,scn_90b395e52315,stealth_fraud,3,3,1,2,0,5,5,3,1,0
txn_9e237ec0a187,363.69,0.2583,13,0,1.0,1.0,1.0,1.0,1.0,1.0,1.0,0.0,214.47,0.6958,8.64,8.64,224.0,0.0032,111.6,583.0,0.0109,0.0022,0.1221,0.1224,1468.0,1.0,1,post_transaction_abuse,non_delivery_claim,post_non_delivery_001,scn_90b395e52315,stealth_fraud,4,3,1,2,0,4,4,0,2,0
txn_d148c66ba820,250.33,0.2428,13,0,2.0,2.0,2.0,2.0,2.0,2.0,2.0,0.0,289.08,0.134,21.26,21.26,224.0,0.0032,111.6,583.0,0.0109,0.0022,0.1221,0.1224,1468.0,1.0,1,post_transaction_abuse,non_delivery_claim,post_non_delivery_001,scn_90b395e52315,stealth_fraud,4,3,1,2,0,1,1,5,2,0
txn_d8b66ba22f99,299.99,0.3411,13,0,3.0,3.0,3.0,0.0,3.0,3.0,3.0,0.0,276.1633,0.0863,7.14,7.14,224.0,0.0032,111.6,583.0,0.0109,0.0022,0.1221,0.1224,1468.0,1.0,1,post_transaction_abuse,non_delivery_claim,post_non_delivery_001,scn_90b395e52315,stealth_fraud,3,3,1,2,0,1,1,2,1,0
txn_4aa9a4357c6f,114.7,0.4422,14,0,4.0,4.0,4.0,1.0,5.0,0.0,0.0,0.0,282.12,0.5934,69.77,69.77,224.0,0.0032,111.6,583.0,0.0109,0.0022,0.1221,0.1224,1468.0,1.0,1,post_transaction_abuse,non_delivery_claim,post_non_delivery_001,scn_90b395e52315,stealth_fraud,2,3,1,2,0,4,4,6,1,0
txn_158a58c97e36,27.91,0.1202,17,0,5.0,5.0,5.0,2.0,7.0,0.0,0.0,0.0,248.636,0.8877,179.89,179.89,224.0,0.0032,111.6,583.0,0.0109,0.0022,0.1221,0.1224,1468.0,1.0,1,post_transaction_abuse,non_delivery_claim,post_non_delivery_001,scn_90b395e52315,stealth_fraud,2,3,1,2,0,3,3,0,2,0
txn_d38050fa57d9,197.95,0.3693,18,0,6.0,6.0,6.0,0.0,9.0,1.0,1.0,0.0,211.8483,0.0656,54.55,54.55,224.0,0.0032,111.6,583.0,0.0109,0.0022,0.1221,0.1224,1468.0,1.0,1,post_transaction_abuse,non_delivery_claim,post_non_delivery_001,scn_90b395e52315,stealth_fraud,3,3,1,2,0,5,5,2,2,0
txn_1980e2217f39,109.13,0.2867,19,0,7.0,7.0,7.0,1.0,10.0,1.0,1.0,0.0,209.8629,0.48,46.18,46.18,224.0,0.0032,111.6,583.0,0.0109,0.0022,0.1221,0.1224,1468.0,1.0,1,post_transaction_abuse,non_delivery_claim,post_non_delivery_001,scn_90b395e52315,stealth_fraud,0,3,1,2,0,0,0,1,1,0
txn_14a960482a75,444.55,0.3486,19,0,8.0,8.0,8.0,2.0,8.0,2.0,2.0,0.0,197.2713,1.2535,2.62,2.62,224.0,0.0032,111.6,583.0,0.0109,0.0022,0.1221,0.1224,1468.0,1.0,1,post_transaction_abuse,non_delivery_claim,post_non_delivery_001,scn_90b395e52315,stealth_fraud,4,3,1,2,0,5,5,3,2,0
txn_4b38227b9466,355.92,0.2299,21,0,9.0,9.0,9.0,0.0,7.0,0.0,0.0,0.0,224.7467,0.5836,120.01,120.01,224.0,0.0032,111.6,583.0,0.0109,0.0022,0.1221,0.1224,1468.0,1.0,1,post_transaction_abuse,non_delivery_claim,post_non_delivery_001,scn_90b395e52315,stealth_fraud,3,3,1,2,0,0,0,3,2,0
txn_7a9a97fd55cc,367.6,0.3503,3,0,10.0,10.0,10.0,1.0,8.0,0.0,0.0,0.0,237.864,0.5454,362.59,362.59,224.0,0.0032,111.6,583.0,0.0109,0.0022,0.1221,0.1224,1468.0,1.0,1,post_transaction_abuse,non_delivery_claim,post_non_delivery_001,scn_90b395e52315,stealth_fraud,3,3,1,2,0,4,4,3,2,0
txn_bccea3e4a65a,263.83,0.149,13,0,0.0,0.0,0.0,0.0,2.0,0.0,0.0,0.0,0.0,0.0,1440.0,1440.0,1922.0,0.0386,80.74,1462.0,0.0155,0.0088,0.0803,0.0212,403.0,0.0,1,post_transaction_abuse,refund_fraud,post_refund_001,scn_4e979c165d2d,stealth_fraud,0,3,1,2,0,5,5,2,1,0
txn_6da5789a291a,276.34,0.3412,14,0,1.0,1.0,1.0,1.0,5.0,0.0,0.0,0.0,263.83,0.0474,102.07,102.07,1922.0,0.0386,80.74,1462.0,0.0155,0.0088,0.0803,0.0212,403.0,0.0,1,post_transaction_abuse,refund_fraud,post_refund_001,scn_4e979c165d2d,stealth_fraud,0,3,1,2,0,3,3,4,1,0
txn_67cf9a83b61c,208.59,0.3964,16,0,2.0,2.0,2.0,2.0,7.0,0.0,0.0,0.0,270.085,0.2277,110.9,110.9,1922.0,0.0386,80.74,1462.0,0.0155,0.0088,0.0803,0.0212,403.0,0.0,1,post_transaction_abuse,refund_fraud,post_refund_001,scn_4e979c165d2d,stealth_fraud,3,3,1,2,0,4,4,0,2,0
txn_5333b019cab1,278.01,0.2361,18,0,3.0,3.0,3.0,0.0,9.0,0.0,0.0,0.0,249.5867,0.1139,146.31,146.31,1922.0,0.0386,80.74,1462.0,0.0155,0.0088,0.0803,0.0212,403.0,0.0,1,post_transaction_abuse,refund_fraud,post_refund_001,scn_4e979c165d2d,stealth_fraud,2,3,1,2,0,5,5,3,2,0
txn_07933f87d74c,171.03,0.3894,20,1,4.0,4.0,4.0,1.0,9.0,0.0,0.0,0.0,256.6925,0.3337,75.71,75.71,1922.0,0.0386,80.74,1462.0,0.0155,0.0088,0.0803,0.0212,403.0,0.0,1,post_transaction_abuse,refund_fraud,post_refund_001,scn_4e979c165d2d,stealth_fraud,0,3,1,2,0,4,2,2,1,0
txn_80c672b053ca,24.12,0.2253,21,0,5.0,5.0,5.0,2.0,10.0,0.0,0.0,0.0,239.56,0.8993,83.12,83.12,1922.0,0.0386,80.74,1462.0,0.0155,0.0088,0.0803,0.0212,403.0,0.0,1,post_transaction_abuse,refund_fraud,post_refund_001,scn_4e979c165d2d,stealth_fraud,0,3,1,2,0,2,2,3,2,0
txn_f0c660be1796,228.41,0.5718,21,0,6.0,6.0,6.0,0.0,11.0,1.0,1.0,0.0,203.6533,0.1216,16.15,16.15,1922.0,0.0386,80.74,1462.0,0.0155,0.0088,0.0803,0.0212,403.0,0.0,1,post_transaction_abuse,refund_fraud,post_refund_001,scn_4e979c165d2d,stealth_fraud,0,3,1,2,0,3,3,1,2,0
txn_8f81f1900ccd,321.56,0.3351,22,0,7.0,7.0,7.0,1.0,11.0,1.0,1.0,0.0,207.19,0.552,49.9,49.9,1922.0,0.0386,80.74,1462.0,0.0155,0.0088,0.0803,0.0212,403.0,0.0,1,post_transaction_abuse,refund_fraud,post_refund_001,scn_4e979c165d2d,stealth_fraud,4,3,1,2,0,3,3,5,2,0
txn_8e6d5064997a,243.99,0.2758,13,1,0.0,0.0,0.0,0.0,3.0,0.0,0.0,0.0,0.0,0.0,1440.0,1440.0,470.0,0.0321,174.46,1092.0,0.0531,0.0401,0.9291,0.7655,143.0,2.0,1,post_transaction_abuse,return_policy_abuse,post_return_policy_001,scn_e2a6c6cd5f29,overt_fraud,4,4,1,2,0,0,4,2,2,0
txn_f70457fbb4cb,297.41,0.1663,14,0,1.0,1.0,1.0,1.0,5.0,1.0,1.0,0.0,243.99,0.2189,56.59,56.59,470.0,0.0321,174.46,1092.0,0.0531,0.0401,0.9291,0.7655,143.0,2.0,1,post_transaction_abuse,return_policy_abuse,post_return_policy_001,scn_e2a6c6cd5f29,overt_fraud,0,4,1,2,0,5,5,4,2,0
txn_6646189636b3,89.81,0.4151,14,0,2.0,2.0,2.0,2.0,6.0,1.0,1.0,0.0,270.7,0.6682,18.53,18.53,470.0,0.0321,174.46,1092.0,0.0531,0.0401,0.9291,0.7655,143.0,2.0,1,post_transaction_abuse,return_policy_abuse,post_return_policy_001,scn_e2a6c6cd5f29,overt_fraud,1,4,1,2,0,3,3,4,2,0
txn_3fee46eaed03,29.32,0.3348,16,0,3.0,3.0,3.0,0.0,6.0,0.0,0.0,0.0,210.4033,0.8606,110.6,110.6,470.0,0.0321,174.46,1092.0,0.0531,0.0401,0.9291,0.7655,143.0,2.0,1,post_transaction_abuse,return_policy_abuse,post_return_policy_001,scn_e2a6c6cd5f29,overt_fraud,4,4,1,2,0,5,5,3,1,0
txn_94b526ecb6fa,221.03,0.1786,17,0,4.0,4.0,4.0,1.0,7.0,0.0,0.0,0.0,165.1325,0.3385,63.08,63.08,470.0,0.0321,174.46,1092.0,0.0531,0.0401,0.9291,0.7655,143.0,2.0,1,post_transaction_abuse,return_policy_abuse,post_return_policy_001,scn_e2a6c6cd5f29,overt_fraud,4,4,1,2,0,3,3,3,2,0
txn_36f301a8a6b7,186.13,0.278,17,1,5.0,5.0,5.0,2.0,5.0,1.0,1.0,0.0,176.312,0.0557,26.25,26.25,470.0,0.0321,174.46,1092.0,0.0531,0.0401,0.9291,0.7655,143.0,2.0,1,post_transaction_abuse,return_policy_abuse,post_return_policy_001,scn_e2a6c6cd5f29,overt_fraud,0,4,1,2,0,4,0,6,2,0
txn_45a369a2c49e,210.2,0.3382,22,0,6.0,6.0,6.0,0.0,10.0,0.0,0.0,0.0,177.9483,0.1812,244.8,244.8,470.0,0.0321,174.46,1092.0,0.0531,0.0401,0.9291,0.7655,143.0,2.0,1,post_transaction_abuse,return_policy_abuse,post_return_policy_001,scn_e2a6c6cd5f29,overt_fraud,2,4,1,2,0,2,2,2,2,0
txn_087a5675a625,327.1,0.1678,1,0,7.0,7.0,7.0,1.0,9.0,0.0,0.0,0.0,182.5557,0.7918,181.78,181.78,470.0,0.0321,174.46,1092.0,0.0531,0.0401,0.9291,0.7655,143.0,2.0,1,post_transaction_abuse,return_policy_abuse,post_return_policy_001,scn_e2a6c6cd5f29,overt_fraud,2,4,1,2,0,0,0,3,2,0
txn_349d1f9abff5,45.61,0.08,2,0,8.0,8.0,8.0,2.0,7.0,0.0,0.0,0.0,200.6238,0.7727,111.59,111.59,470.0,0.0321,174.46,1092.0,0.0531,0.0401,0.9291,0.7655,143.0,2.0,1,post_transaction_abuse,return_policy_abuse,post_return_policy_001,scn_e2a6c6cd5f29,overt_fraud,1,4,1,2,0,1,1,2,2,0
txn_b21fa7db3501,104.09,0.3714,4,0,9.0,9.0,9.0,0.0,8.0,0.0,0.0,0.0,183.4,0.4324,73.6,73.6,470.0,0.0321,174.46,1092.0,0.0531,0.0401,0.9291,0.7655,143.0,2.0,1,post_transaction_abuse,return_policy_abuse,post_return_policy_001,scn_e2a6c6cd5f29,overt_fraud,3,4,1,2,0,1,1,6,2,0
txn_6ca78933e642,141.19,0.3356,4,0,10.0,10.0,10.0,1.0,6.0,1.0,1.0,0.0,175.469,0.1954,32.93,32.93,470.0,0.0321,174.46,1092.0,0.0531,0.0401,0.9291,0.7655,143.0,2.0,1,post_transaction_abuse,return_policy_abuse,post_return_policy_001,scn_e2a6c6cd5f29,overt_fraud,3,4,1,2,0,2,2,3,2,0
txn_840cea8363c7,421.44,0.162,4,0,11.0,11.0,11.0,2.0,6.0,2.0,2.0,0.0,172.3527,1.4452,7.69,7.69,470.0,0.0321,174.46,1092.0,0.0531,0.0401,0.9291,0.7655,143.0,2.0,1,post_transaction_abuse,return_policy_abuse,post_return_policy_001,scn_e2a6c6cd5f29,overt_fraud,1,4,1,2,0,2,2,2,1,0
txn_7a205f6757de,95.2,0.1088,6,0,12.0,12.0,12.0,0.0,6.0,0.0,0.0,0.0,193.11,0.507,88.12,88.12,470.0,0.0321,174.46,1092.0,0.0531,0.0401,0.9291,0.7655,143.0,2.0,1,post_transaction_abuse,return_policy_abuse,post_return_policy_001,scn_e2a6c6cd5f29,overt_fraud,0,4,1,2,0,1,1,3,2,0
txn_2fb09f1069b4,239.59,0.4819,6,0,13.0,13.0,13.0,1.0,5.0,1.0,1.0,0.0,185.5785,0.291,9.95,9.95,470.0,0.0321,174.46,1092.0,0.0531,0.0401,0.9291,0.7655,143.0,2.0,1,post_transaction_abuse,return_policy_abuse,post_return_policy_001,scn_e2a6c6cd5f29,overt_fraud,3,4,1,2,0,2,2,4,2,0
txn_6550eaeffa6d,56.07,0.3038,12,0,0.0,0.0,0.0,0.0,1.0,0.0,0.0,0.0,0.0,0.0,1440.0,1440.0,1223.0,0.0353,81.86,735.0,0.0335,0.0143,0.0794,0.225,158.0,1.0,1,social_engineering_payment_fraud,ai_impersonation,social_ai_impersonation_001,scn_e017b8d70699,stealth_fraud,0,2,1,1,0,1,1,2,2,0
txn_a0a28612b2f2,48.91,0.1924,13,0,1.0,1.0,1.0,1.0,3.0,1.0,1.0,0.0,56.07,0.1277,46.54,46.54,1223.0,0.0353,81.86,735.0,0.0335,0.0143,0.0794,0.225,158.0,1.0,1,social_engineering_payment_fraud,ai_impersonation,social_ai_impersonation_001,scn_e017b8d70699,stealth_fraud,3,2,1,1,0,0,0,2,2,0
txn_48e5f989572b,216.71,0.3973,14,0,2.0,2.0,2.0,2.0,4.0,0.0,0.0,0.0,52.49,3.1286,63.93,63.93,1223.0,0.0353,81.86,735.0,0.0335,0.0143,0.0794,0.225,158.0,1.0,1,social_engineering_payment_fraud,ai_impersonation,social_ai_impersonation_001,scn_e017b8d70699,stealth_fraud,1,2,1,1,0,5,5,2,1,0
txn_99f69f344ff9,27.03,0.1651,16,0,3.0,3.0,3.0,0.0,4.0,0.0,0.0,0.0,107.23,0.7479,103.96,103.96,1223.0,0.0353,81.86,735.0,0.0335,0.0143,0.0794,0.225,158.0,1.0,1,social_engineering_payment_fraud,ai_impersonation,social_ai_impersonation_001,scn_e017b8d70699,stealth_fraud,1,2,1,1,0,5,5,2,2,0
txn_b663215c7ed1,32.05,0.1848,18,0,4.0,4.0,4.0,1.0,8.0,0.0,0.0,0.0,87.18,0.6324,132.7,132.7,1223.0,0.0353,81.86,735.0,0.0335,0.0143,0.0794,0.225,158.0,1.0,1,social_engineering_payment_fraud,ai_impersonation,social_ai_impersonation_001,scn_e017b8d70699,stealth_fraud,4,2,1,1,0,4,4,2,2,0
txn_5de80264ba69,93.57,0.3182,18,0,5.0,5.0,5.0,2.0,6.0,1.0,1.0,0.0,76.154,0.2287,2.96,2.96,1223.0,0.0353,81.86,735.0,0.0335,0.0143,0.0794,0.225,158.0,1.0,1,social_engineering_payment_fraud,ai_impersonation,social_ai_impersonation_001,scn_e017b8d70699,stealth_fraud,2,2,1,1,0,1,1,2,2,0
txn_abe67847358f,15.48,0.2953,20,1,6.0,6.0,6.0,0.0,5.0,0.0,0.0,0.0,79.0567,0.8042,109.11,109.11,1223.0,0.0353,81.86,735.0,0.0335,0.0143,0.0794,0.225,158.0,1.0,1,social_engineering_payment_fraud,ai_impersonation,social_ai_impersonation_001,scn_e017b8d70699,stealth_fraud,1,2,1,1,0,5,4,2,1,0
txn_a9509adf4557,54.46,0.6718,14,0,0.0,0.0,0.0,0.0,4.0,0.0,0.0,0.0,0.0,0.0,1440.0,1440.0,1861.0,0.0621,153.11,4498.0,0.0485,0.0051,0.0198,0.0696,768.0,0.0,1,social_engineering_payment_fraud,authorized_push_payment_scam,social_app_scam_001,scn_212719fffc79,stealth_fraud,1,1,2,3,0,4,4,2,0,0
txn_350a3b6afa66,13.11,0.1922,15,0,1.0,1.0,1.0,1.0,5.0,1.0,1.0,0.0,54.46,0.7593,57.73,57.73,1861.0,0.0621,153.11,4498.0,0.0485,0.0051,0.0198,0.0696,768.0,0.0,1,social_engineering_payment_fraud,authorized_push_payment_scam,social_app_scam_001,scn_212719fffc79,stealth_fraud,1,1,2,3,0,0,0,2,0,0
txn_4dd65349dffc,19.37,0.6094,16,0,2.0,2.0,2.0,2.0,5.0,0.0,0.0,0.0,33.785,0.4267,74.45,74.45,1861.0,0.0621,153.11,4498.0,0.0485,0.0051,0.0198,0.0696,768.0,0.0,1,social_engineering_payment_fraud,authorized_push_payment_scam,social_app_scam_001,scn_212719fffc79,stealth_fraud,4,1,2,3,0,0,0,2,0,0
txn_4da8ef3889ec,47.29,0.4324,18,1,3.0,3.0,3.0,0.0,6.0,0.0,0.0,0.0,28.98,0.6318,101.73,101.73,1861.0,0.0621,153.11,4498.0,0.0485,0.0051,0.0198,0.0696,768.0,0.0,1,social_engineering_payment_fraud,authorized_push_payment_scam,social_app_scam_001,scn_212719fffc79,stealth_fraud,2,1,2,3,0,1,3,2,0,0
txn_1fdcc3d63ea9,20.87,0.2495,20,0,4.0,4.0,4.0,1.0,9.0,0.0,0.0,0.0,33.5575,0.3781,144.04,144.04,1861.0,0.0621,153.11,4498.0,0.0485,0.0051,0.0198,0.0696,768.0,0.0,1,social_engineering_payment_fraud,authorized_push_payment_scam,social_app_scam_001,scn_212719fffc79,stealth_fraud,2,1,2,3,0,5,5,2,0,0
txn_13cea7d3e7c5,22.06,0.1679,0,0,5.0,5.0,5.0,2.0,8.0,0.0,0.0,0.0,31.02,0.2888,200.91,200.91,1861.0,0.0621,153.11,4498.0,0.0485,0.0051,0.0198,0.0696,768.0,0.0,1,social_engineering_payment_fraud,authorized_push_payment_scam,social_app_scam_001,scn_212719fffc79,stealth_fraud,4,1,2,3,0,5,5,2,0,0
txn_f3163268e646,138.7,0.08,0,0,6.0,6.0,6.0,0.0,6.0,1.0,1.0,0.0,29.5267,3.6974,3.76,3.76,1861.0,0.0621,153.11,4498.0,0.0485,0.0051,0.0198,0.0696,768.0,0.0,1,social_engineering_payment_fraud,authorized_push_payment_scam,social_app_scam_001,scn_212719fffc79,stealth_fraud,3,1,2,3,0,0,0,2,0,0
txn_a67adcd5aeb3,121.68,0.4292,0,0,7.0,7.0,7.0,1.0,6.0,2.0,2.0,0.0,45.1229,1.6966,0.44,0.44,1861.0,0.0621,153.11,4498.0,0.0485,0.0051,0.0198,0.0696,768.0,0.0,1,social_engineering_payment_fraud,authorized_push_payment_scam,social_app_scam_001,scn_212719fffc79,stealth_fraud,3,1,2,3,0,4,4,2,0,0
txn_8fd8b9fac986,14.58,0.3107,0,0,8.0,8.0,8.0,2.0,5.0,3.0,3.0,0.0,54.6925,0.7334,8.66,8.66,1861.0,0.0621,153.11,4498.0,0.0485,0.0051,0.0198,0.0696,768.0,0.0,1,social_engineering_payment_fraud,authorized_push_payment_scam,social_app_scam_001,scn_212719fffc79,stealth_fraud,3,1,2,3,0,3,3,2,0,0
txn_b3380e71f0e8,86.97,0.3316,2,0,9.0,9.0,9.0,0.0,5.0,0.0,0.0,0.0,50.2356,0.7312,127.75,127.75,1861.0,0.0621,153.11,4498.0,0.0485,0.0051,0.0198,0.0696,768.0,0.0,1,social_engineering_payment_fraud,authorized_push_payment_scam,social_app_scam_001,scn_212719fffc79,stealth_fraud,4,1,2,3,0,1,1,2,0,0
txn_b5ca41c69838,8272.72,0.1461,13,0,0.0,0.0,0.0,0.0,3.0,0.0,0.0,0.0,0.0,0.0,1440.0,1440.0,434.0,0.0548,321.67,1229.0,0.035,0.066,0.4157,0.7326,164.0,3.0,1,social_engineering_payment_fraud,business_email_compromise,social_bec_001,scn_d5bc792a9b0d,overt_fraud,3,5,5,1,0,5,5,2,0,0
txn_d977beb90767,21377.88,0.4167,16,1,1.0,1.0,1.0,1.0,6.0,0.0,0.0,0.0,8272.72,1.5841,186.32,186.32,434.0,0.0548,321.67,1229.0,0.035,0.066,0.4157,0.7326,164.0,3.0,1,social_engineering_payment_fraud,business_email_compromise,social_bec_001,scn_d5bc792a9b0d,overt_fraud,4,5,5,1,0,4,0,2,0,0
txn_14e06c65ef1b,10073.48,0.3029,18,0,2.0,2.0,2.0,2.0,9.0,0.0,0.0,0.0,14825.3,0.3205,132.32,132.32,434.0,0.0548,321.67,1229.0,0.035,0.066,0.4157,0.7326,164.0,3.0,1,social_engineering_payment_fraud,business_email_compromise,social_bec_001,scn_d5bc792a9b0d,overt_fraud,4,5,5,1,0,1,1,2,0,0
txn_155f053be911,30381.43,0.1715,19,0,3.0,3.0,3.0,0.0,7.0,1.0,1.0,0.0,13241.36,1.2944,21.7,21.7,434.0,0.0548,321.67,1229.0,0.035,0.066,0.4157,0.7326,164.0,3.0,1,social_engineering_payment_fraud,business_email_compromise,social_bec_001,scn_d5bc792a9b0d,overt_fraud,1,5,5,1,1,3,3,2,0,1
txn_ec03de460ff2,32188.01,0.3622,20,0,4.0,4.0,4.0,1.0,6.0,0.0,0.0,1.0,17526.3775,0.8365,87.01,87.01,434.0,0.0548,321.67,1229.0,0.035,0.066,0.4157,0.7326,164.0,3.0,1,social_engineering_payment_fraud,business_email_compromise,social_bec_001,scn_d5bc792a9b0d,overt_fraud,4,5,5,1,0,0,0,2,0,0
txn_9c2a1f438652,36980.64,0.1406,20,0,5.0,5.0,5.0,2.0,5.0,1.0,1.0,1.0,20458.704,0.8076,3.81,3.81,434.0,0.0548,321.67,1229.0,0.035,0.066,0.4157,0.7326,164.0,3.0,1,social_engineering_payment_fraud,business_email_compromise,social_bec_001,scn_d5bc792a9b0d,overt_fraud,0,5,5,1,0,4,4,2,0,0
txn_650e7115b9e9,7561.22,0.2735,22,0,6.0,6.0,6.0,0.0,5.0,0.0,0.0,1.0,23212.36,0.6743,78.53,78.53,434.0,0.0548,321.67,1229.0,0.035,0.066,0.4157,0.7326,164.0,3.0,1,social_engineering_payment_fraud,business_email_compromise,social_bec_001,scn_d5bc792a9b0d,overt_fraud,3,5,5,1,0,5,5,2,0,0
txn_e2ead7e6e6c2,11242.71,0.4974,13,0,0.0,0.0,0.0,0.0,1.0,0.0,0.0,0.0,0.0,0.0,1440.0,1440.0,2892.0,0.0114,249.99,189.0,0.0019,0.0104,0.3297,0.1114,311.0,1.0,1,social_engineering_payment_fraud,executive_impersonation,social_exec_impersonation_001,scn_b712b8d64608,stealth_fraud,4,5,5,1,0,0,0,2,0,0
txn_2b46f62c6e3e,2365.53,0.3021,16,0,1.0,1.0,1.0,1.0,4.0,0.0,0.0,0.0,11242.71,0.7896,197.06,197.06,2892.0,0.0114,249.99,189.0,0.0019,0.0104,0.3297,0.1114,311.0,1.0,1,social_engineering_payment_fraud,executive_impersonation,social_exec_impersonation_001,scn_b712b8d64608,stealth_fraud,0,5,5,1,0,2,2,2,0,0
txn_d616c57379a0,26279.41,0.3083,17,0,2.0,2.0,2.0,2.0,4.0,1.0,1.0,0.0,6804.12,2.8623,39.28,39.28,2892.0,0.0114,249.99,189.0,0.0019,0.0104,0.3297,0.1114,311.0,1.0,1,social_engineering_payment_fraud,executive_impersonation,social_exec_impersonation_001,scn_b712b8d64608,stealth_fraud,0,5,5,1,0,3,3,2,0,0
txn_98ed34c32afb,33179.54,0.3826,12,0,0.0,0.0,0.0,0.0,1.0,0.0,0.0,0.0,0.0,0.0,1440.0,1440.0,2687.0,0.0438,112.51,3857.0,0.0277,0.0013,0.1888,0.0216,319.0,0.0,1,social_engineering_payment_fraud,vendor_rerouting,social_vendor_reroute_001,scn_7c3d321ace13,stealth_fraud,2,5,0,1,0,4,4,2,0,0
txn_c69dcf94134b,22089.05,0.5805,13,0,1.0,1.0,1.0,1.0,1.0,1.0,1.0,0.0,33179.54,0.3343,12.9,12.9,2687.0,0.0438,112.51,3857.0,0.0277,0.0013,0.1888,0.0216,319.0,0.0,1,social_engineering_payment_fraud,vendor_rerouting,social_vendor_reroute_001,scn_7c3d321ace13,stealth_fraud,2,5,0,1,0,5,5,2,0,0
txn_3414f13de01d,31692.82,0.5838,17,0,2.0,2.0,2.0,2.0,3.0,0.0,0.0,0.0,27634.295,0.1469,271.5,271.5,2687.0,0.0438,112.51,3857.0,0.0277,0.0013,0.1888,0.0216,319.0,0.0,1,social_engineering_payment_fraud,vendor_rerouting,social_vendor_reroute_001,scn_7c3d321ace13,stealth_fraud,4,5,0,1,0,3,3,2,0,0
txn_0ed52e202c5a,57880.7,0.4679,17,0,3.0,3.0,3.0,0.0,3.0,1.0,1.0,0.0,28987.1367,0.9968,4.42,4.42,2687.0,0.0438,112.51,3857.0,0.0277,0.0013,0.1888,0.0216,319.0,0.0,1,social_engineering_payment_fraud,vendor_rerouting,social_vendor_reroute_001,scn_7c3d321ace13,stealth_fraud,3,5,0,1,0,3,3,2,0,0
txn_cf6d0d67ad80,47860.35,0.68,18,0,4.0,4.0,4.0,1.0,3.0,2.0,2.0,0.0,36210.5275,0.3217,18.37,18.37,2687.0,0.0438,112.51,3857.0,0.0277,0.0013,0.1888,0.0216,319.0,0.0,1,social_engineering_payment_fraud,vendor_rerouting,social_vendor_reroute_001,scn_7c3d321ace13,stealth_fraud,1,5,0,1,0,3,3,2,0,0
txn_cb115741a98a,67010.35,0.4405,19,0,5.0,5.0,5.0,2.0,4.0,0.0,0.0,0.0,38540.492,0.7387,102.29,102.29,2687.0,0.0438,112.51,3857.0,0.0277,0.0013,0.1888,0.0216,319.0,0.0,1,social_engineering_payment_fraud,vendor_rerouting,social_vendor_reroute_001,scn_7c3d321ace13,stealth_fraud,1,5,0,1,0,5,5,2,0,0
txn_dfd8ab4ce0b3,16247.64,0.412,20,0,6.0,6.0,6.0,0.0,4.0,1.0,1.0,0.0,43285.4683,0.6246,19.26,19.26,2687.0,0.0438,112.51,3857.0,0.0277,0.0013,0.1888,0.0216,319.0,0.0,1,social_engineering_payment_fraud,vendor_rerouting,social_vendor_reroute_001,scn_7c3d321ace13,stealth_fraud,4,5,0,1,0,5,5,2,0,0
txn_17dfb642ce33,13506.09,0.512,22,0,7.0,7.0,7.0,1.0,4.0,0.0,0.0,0.0,39422.9214,0.6574,153.32,153.32,2687.0,0.0438,112.51,3857.0,0.0277,0.0013,0.1888,0.0216,319.0,0.0,1,social_engineering_payment_fraud,vendor_rerouting,social_vendor_reroute_001,scn_7c3d321ace13,stealth_fraud,2,5,0,1,0,0,0,2,0,0
txn_cbd7f3f99179,46044.9,0.4895,1,0,8.0,8.0,8.0,2.0,4.0,0.0,0.0,0.0,36183.3175,0.2725,154.25,154.25,2687.0,0.0438,112.51,3857.0,0.0277,0.0013,0.1888,0.0216,319.0,0.0,1,social_engineering_payment_fraud,vendor_rerouting,social_vendor_reroute_001,scn_7c3d321ace13,stealth_fraud,4,5,0,1,0,4,4,2,0,0
