transaction_id,amount,risk_score,event_hour,billing_shipping_mismatch,customer_transaction_count,merchant_transaction_count,device_transaction_count,session_transaction_count,ip_transaction_count,customer_account_age_days,customer_historical_decline_rate,customer_historical_spend_mean,merchant_age_days,merchant_refund_rate,merchant_chargeback_rate,merchant_volume_growth_rate,device_ip_reputation_score,device_first_seen_days_ago,device_failed_login_count,label,attack_bucket,attack_subtype,attack_id,scenario_id,simulation_segment,currency_code,channel_code,rail_code,transaction_type_code,status_code,billing_country_code,shipping_country_code,merchant_category_code,payment_method_type_code,auth_result_code
txn_f5142e8ab368,213.61,0.3536,0,1,4,28,5,1,2,850.0,0.0258,119.47,712.0,0.0686,0.0107,0.2338,0.142,323.0,1.0,0,,,,,atypical_benign,3,8,3,1,0,5,3,6,3,0
txn_10449be37726,15.45,0.1041,0,0,4,28,5,1,2,850.0,0.0258,119.47,427.0,0.0554,0.0089,0.0718,0.142,323.0,1.0,0,,,,,routine_benign,3,8,3,1,0,5,5,0,1,0
txn_26d576d350fd,43.78,0.3106,0,0,4,28,5,1,3,850.0,0.0258,119.47,4063.0,0.0643,0.0136,0.0121,0.142,323.0,1.0,0,,,,,routine_benign,0,4,3,1,0,2,2,3,0,0
txn_1e336c972dc2,238.33,0.0923,0,0,4,28,5,1,3,850.0,0.0258,119.47,2814.0,0.0449,0.0034,0.1579,0.142,323.0,1.0,0,,,,,routine_benign,0,4,1,1,0,5,5,3,3,0
txn_379e585fbbf9,21.12,0.1054,1,0,4,28,5,1,1,1036.0,0.0592,50.91,2885.0,0.0702,0.0123,0.3066,0.142,323.0,1.0,0,,,,,routine_benign,4,8,4,1,0,1,1,5,0,0
txn_4e6870abfd29,46.56,0.0299,0,0,4,28,5,1,3,1036.0,0.0592,50.91,214.0,0.0285,0.0009,0.2845,0.0838,118.0,0.0,0,,,,,routine_benign,4,6,1,1,0,3,3,2,2,0
txn_c206a31ff7e0,39.18,0.277,1,0,4,28,5,1,2,1036.0,0.0592,50.91,424.0,0.0799,0.0047,0.1834,0.0838,118.0,0.0,0,,,,,routine_benign,4,4,3,1,0,5,5,4,0,0
txn_f1e98d17caf5,14.96,0.1837,0,0,4,28,5,1,2,1036.0,0.0592,50.91,2402.0,0.0095,0.0084,0.086,0.0838,118.0,0.0,0,,,,,routine_benign,3,8,1,1,0,3,3,0,2,0
txn_2f98a4660c29,19.1,0.1251,2,0,4,28,5,1,5,2687.0,0.0079,263.43,3232.0,0.0626,0.0079,0.0436,0.0838,118.0,0.0,0,,,,,routine_benign,3,4,1,1,0,4,4,4,0,0
txn_ecc107c778b7,16.65,0.2019,1,0,4,28,5,1,1,2687.0,0.0079,263.43,3990.0,0.0719,0.0017,0.2548,0.0838,118.0,0.0,0,,,,,routine_benign,4,6,4,1,0,2,2,4,0,0
txn_34ac9ef571e6,68.5,0.1023,3,0,4,28,5,1,3,2687.0,0.0079,263.43,976.0,0.0666,0.0119,0.3341,0.1005,209.0,1.0,0,,,,,routine_benign,1,4,3,1,0,0,0,3,1,0
txn_59a2fe596426,44.35,0.2158,1,0,4,28,5,1,3,2687.0,0.0079,263.43,3952.0,0.0039,0.0064,0.2464,0.1005,209.0,1.0,0,,,,,routine_benign,1,4,1,1,0,4,4,4,1,0
txn_56d0609fa109,32.14,0.105,2,0,4,28,5,1,5,1756.0,0.0792,270.7,2258.0,0.0111,0.0087,0.0514,0.1005,209.0,1.0,0,,,,,routine_benign,1,8,3,1,0,5,5,1,1,0
txn_4567c4cde7b7,29.88,0.0799,4,0,4,28,5,1,3,1756.0,0.0792,270.7,2538.0,0.0221,0.0123,0.1388,0.1005,209.0,1.0,0,,,,,routine_benign,3,10,1,1,0,4,4,4,3,0
txn_917948913213,34.25,0.3454,4,0,4,27,5,1,4,1756.0,0.0792,270.7,2954.0,0.0315,0.0076,0.2489,0.1005,209.0,1.0,0,,,,,routine_benign,0,8,4,1,0,5,5,4,2,0
txn_5a748823564c,76.53,0.3577,1,0,4,27,5,1,3,1756.0,0.0792,270.7,2201.0,0.0634,0.0044,0.3483,0.0753,87.0,0.0,0,,,,,routine_benign,1,4,3,1,0,3,3,4,3,0
txn_ba500d83f947,21.42,0.4894,4,0,4,27,5,1,4,1404.0,0.0329,167.0,3960.0,0.0291,0.0043,0.14,0.0753,87.0,0.0,0,,,,,atypical_benign,0,4,4,1,1,1,1,2,2,2
txn_247601281e67,51.83,0.2864,1,0,4,27,5,1,4,1404.0,0.0329,167.0,4424.0,0.0212,0.0049,0.2499,0.0753,87.0,0.0,0,,,,,routine_benign,4,8,3,1,0,2,2,1,2,0
txn_ee2a1bca658d,33.52,0.0778,4,0,4,28,5,1,4,1404.0,0.0329,167.0,712.0,0.0686,0.0107,0.2338,0.0753,87.0,0.0,0,,,,,routine_benign,2,8,3,1,0,2,2,3,0,0
txn_775c9fd8ae76,185.86,0.5655,1,0,4,28,5,1,2,1404.0,0.0329,167.0,427.0,0.0554,0.0089,0.0718,0.0753,87.0,0.0,0,,,,,atypical_benign,1,10,1,1,0,1,1,4,1,0
txn_f24567c918e8,46.73,0.2761,2,0,4,28,5,1,1,2231.0,0.0701,220.27,4063.0,0.0643,0.0136,0.0121,0.2241,504.0,1.0,0,,,,,routine_benign,3,8,1,1,0,3,3,5,0,0
txn_c821c103346c,123.35,0.2643,6,0,4,28,5,1,1,2231.0,0.0701,220.27,2814.0,0.0449,0.0034,0.1579,0.2241,504.0,1.0,0,,,,,routine_benign,1,6,3,1,0,4,4,5,2,0
txn_29a289332c36,22.61,0.3168,6,0,4,28,5,1,5,2231.0,0.0701,220.27,2885.0,0.0702,0.0123,0.3066,0.2241,504.0,1.0,0,,,,,routine_benign,2,4,1,1,0,2,2,6,0,0
txn_00b1384bc661,42.01,0.0966,3,0,4,28,5,1,1,2231.0,0.0701,220.27,214.0,0.0285,0.0009,0.2845,0.2241,504.0,1.0,0,,,,,routine_benign,2,6,3,1,0,3,3,4,2,0
txn_c13154d09aba,25.55,0.1837,4,0,4,28,5,1,5,2571.0,0.0748,252.66,424.0,0.0799,0.0047,0.1834,0.2241,504.0,1.0,0,,,,,routine_benign,0,6,4,1,0,3,3,6,2,0
txn_d57b99a8cc53,30.47,0.4999,5,0,4,28,5,1,3,2571.0,0.0748,252.66,2402.0,0.0095,0.0084,0.086,0.0386,1052.0,1.0,0,,,,,atypical_benign,4,8,1,1,0,3,3,4,1,0
txn_8a990305aa8c,9.04,0.1204,1,0,4,28,5,1,1,2571.0,0.0748,252.66,3232.0,0.0626,0.0079,0.0436,0.0386,1052.0,1.0,0,,,,,routine_benign,4,4,4,1,0,2,2,0,1,0
txn_1f534183e6ad,305.42,0.6494,10,1,4,28,5,1,3,2571.0,0.0748,252.66,3990.0,0.0719,0.0017,0.2548,0.0386,1052.0,1.0,0,,,,,atypical_benign,1,4,3,1,0,2,3,5,3,0
txn_d2e1c7881702,425.48,0.6057,3,1,4,28,5,1,4,876.0,0.0318,243.47,976.0,0.0666,0.0119,0.3341,0.0386,1052.0,1.0,0,,,,,atypical_benign,3,10,3,1,0,5,2,5,0,0
txn_f7e6768d6e91,29.1,0.1751,12,0,4,28,5,1,3,876.0,0.0318,243.47,3952.0,0.0039,0.0064,0.2464,0.0386,1052.0,1.0,0,,,,,routine_benign,1,4,3,1,0,2,2,1,3,0
txn_991647e01c50,37.34,0.2252,1,0,4,28,5,1,5,876.0,0.0318,243.47,2258.0,0.0111,0.0087,0.0514,0.166,523.0,1.0,0,,,,,routine_benign,1,10,4,1,0,2,2,1,2,0
txn_f42976b67a1b,23.95,0.2844,11,0,4,28,5,1,2,876.0,0.0318,243.47,2538.0,0.0221,0.0123,0.1388,0.166,523.0,1.0,0,,,,,routine_benign,1,4,1,1,0,5,5,2,3,0
txn_179aa9fecb46,12.86,0.4326,3,1,4,27,5,1,3,152.0,0.0644,109.85,2954.0,0.0315,0.0076,0.2489,0.166,523.0,1.0,0,,,,,atypical_benign,2,6,3,1,0,3,4,4,3,0
txn_e07c6c345784,249.07,0.2708,10,0,4,27,5,1,2,152.0,0.0644,109.85,2201.0,0.0634,0.0044,0.3483,0.166,523.0,1.0,0,,,,,atypical_benign,0,8,1,1,1,4,4,3,0,2
txn_6c1bfd5b7231,28.56,0.2266,10,0,4,27,5,1,3,152.0,0.0644,109.85,3960.0,0.0291,0.0043,0.14,0.166,523.0,1.0,0,,,,,routine_benign,1,8,1,1,0,0,0,2,2,0
txn_41c6ade2a40b,86.18,0.1047,4,0,4,27,5,1,2,152.0,0.0644,109.85,4424.0,0.0212,0.0049,0.2499,0.0469,1381.0,1.0,0,,,,,routine_benign,0,4,1,1,0,3,3,3,3,0
txn_c2d2bdcb73eb,175.68,0.3151,4,0,4,28,5,1,4,585.0,0.0593,63.02,712.0,0.0686,0.0107,0.2338,0.0469,1381.0,1.0,0,,,,,routine_benign,1,8,3,1,0,2,2,6,3,0
txn_d3babd780366,49.24,0.1893,2,0,4,28,5,1,4,585.0,0.0593,63.02,427.0,0.0554,0.0089,0.0718,0.0469,1381.0,1.0,0,,,,,routine_benign,3,4,4,1,0,3,3,6,2,0
txn_312f251c7288,34.42,0.2086,13,0,4,28,5,1,1,585.0,0.0593,63.02,4063.0,0.0643,0.0136,0.0121,0.0469,1381.0,1.0,0,,,,,atypical_benign,1,10,1,1,0,5,5,3,0,0
txn_4dcd5c5b4f5b,60.59,0.3208,13,0,4,28,5,1,2,585.0,0.0593,63.02,2814.0,0.0449,0.0034,0.1579,0.0469,1381.0,1.0,0,,,,,atypical_benign,3,8,3,1,0,5,5,3,2,0
txn_1d6ba91f198a,10.79,0.0401,3,0,4,28,5,1,4,1664.0,0.0469,188.69,2885.0,0.0702,0.0123,0.3066,0.0325,1468.0,1.0,0,,,,,routine_benign,2,6,3,1,0,4,4,6,3,0
txn_a307a9b90fa0,29.61,0.2773,2,0,4,28,5,1,4,1664.0,0.0469,188.69,214.0,0.0285,0.0009,0.2845,0.0325,1468.0,1.0,0,,,,,routine_benign,3,8,4,1,0,4,4,1,3,0
txn_d859b976d957,33.26,0.3587,8,0,4,28,5,1,5,1664.0,0.0469,188.69,424.0,0.0799,0.0047,0.1834,0.0325,1468.0,1.0,0,,,,,routine_benign,1,4,3,1,0,5,5,0,1,0
txn_01e25959fded,29.91,0.3548,3,0,4,28,5,1,7,1664.0,0.0469,188.69,2402.0,0.0095,0.0084,0.086,0.0325,1468.0,1.0,0,,,,,routine_benign,2,4,1,1,0,3,3,3,3,0
txn_06cdd8aa8d06,101.29,0.0741,14,0,4,28,5,1,1,1795.0,0.0634,66.43,3232.0,0.0626,0.0079,0.0436,0.0325,1468.0,1.0,0,,,,,routine_benign,1,4,1,1,0,3,3,0,1,0
txn_d9e46eb30b54,740.69,0.5773,14,1,4,28,5,1,3,1795.0,0.0634,66.43,3990.0,0.0719,0.0017,0.2548,0.1776,1214.0,0.0,0,,,,,atypical_benign,0,10,3,1,0,2,0,3,0,0
txn_52daf3084756,5.37,0.0438,19,0,4,28,5,1,3,1795.0,0.0634,66.43,976.0,0.0666,0.0119,0.3341,0.1776,1214.0,0.0,0,,,,,routine_benign,4,6,1,1,0,3,3,1,0,0
txn_186666b133c9,49.14,0.2787,10,1,4,28,5,1,3,1795.0,0.0634,66.43,3952.0,0.0039,0.0064,0.2464,0.1776,1214.0,0.0,0,,,,,atypical_benign,3,6,3,1,0,2,5,6,2,0
txn_626ea8ea3dbc,19.5,0.2822,9,0,4,28,5,1,3,949.0,0.0399,183.98,2258.0,0.0111,0.0087,0.0514,0.1776,1214.0,0.0,0,,,,,routine_benign,4,6,1,1,0,3,3,2,0,0
txn_e4e65d53655e,11.74,0.3252,19,0,4,28,5,1,3,949.0,0.0399,183.98,2538.0,0.0221,0.0123,0.1388,0.1776,1214.0,0.0,0,,,,,routine_benign,3,4,1,1,0,3,3,5,2,0
txn_55f96b81db31,92.27,0.3195,18,0,4,27,5,1,1,949.0,0.0399,183.98,2954.0,0.0315,0.0076,0.2489,0.2293,193.0,1.0,0,,,,,routine_benign,0,10,3,1,0,1,1,1,1,0
txn_cc3b2532dd56,20.93,0.3515,16,0,4,27,5,1,4,949.0,0.0399,183.98,2201.0,0.0634,0.0044,0.3483,0.2293,193.0,1.0,0,,,,,routine_benign,0,4,4,1,0,0,0,5,2,0
txn_d422205dcfe9,12.78,0.1561,8,0,4,27,5,1,2,2387.0,0.0278,203.25,3960.0,0.0291,0.0043,0.14,0.2293,193.0,1.0,0,,,,,routine_benign,1,10,3,1,0,0,0,1,0,0
txn_4126188cc2b1,28.71,0.0816,10,0,4,27,5,1,5,2387.0,0.0278,203.25,4424.0,0.0212,0.0049,0.2499,0.2293,193.0,1.0,0,,,,,routine_benign,0,10,3,1,0,2,2,4,1,0
txn_18c95871a86d,334.89,0.3923,17,1,4,28,5,1,1,2387.0,0.0278,203.25,712.0,0.0686,0.0107,0.2338,0.2293,193.0,1.0,0,,,,,atypical_benign,4,6,1,1,0,4,0,0,2,0
txn_ba2dc718e9c9,161.98,0.0423,14,0,4,28,5,1,2,2387.0,0.0278,203.25,427.0,0.0554,0.0089,0.0718,0.2055,1319.0,0.0,0,,,,,routine_benign,1,4,1,1,0,5,5,0,0,0
txn_c515096d7361,61.73,0.5758,21,1,4,28,5,1,4,2320.0,0.0584,153.46,4063.0,0.0643,0.0136,0.0121,0.2055,1319.0,0.0,0,,,,,atypical_benign,2,4,4,1,0,2,1,3,2,0
txn_3a4065129c2c,11.13,0.2238,5,0,4,28,5,1,1,2320.0,0.0584,153.46,2814.0,0.0449,0.0034,0.1579,0.2055,1319.0,0.0,0,,,,,routine_benign,1,4,3,1,0,5,5,3,3,0
txn_465e778fdece,16.15,0.2942,13,0,4,28,5,1,2,2320.0,0.0584,153.46,2885.0,0.0702,0.0123,0.3066,0.2055,1319.0,0.0,0,,,,,routine_benign,1,10,4,1,0,5,5,6,0,0
txn_ec60b8aa307c,48.37,0.1678,9,0,4,28,5,1,1,2320.0,0.0584,153.46,214.0,0.0285,0.0009,0.2845,0.2055,1319.0,0.0,0,,,,,routine_benign,0,8,4,1,0,5,5,0,2,0
txn_2b1713ca7a82,40.22,0.2517,6,0,4,28,5,1,1,194.0,0.0106,250.54,424.0,0.0799,0.0047,0.1834,0.1664,1037.0,1.0,0,,,,,routine_benign,0,6,1,1,0,5,5,0,2,0
txn_3debab9cd7df,25.31,0.2111,17,0,4,28,5,1,2,194.0,0.0106,250.54,2402.0,0.0095,0.0084,0.086,0.1664,1037.0,1.0,0,,,,,routine_benign,2,4,1,1,0,0,0,4,0,0
txn_3e2c458de003,14.6,0.6103,6,0,4,28,5,1,2,194.0,0.0106,250.54,3232.0,0.0626,0.0079,0.0436,0.1664,1037.0,1.0,0,,,,,atypical_benign,4,4,3,1,1,4,4,2,2,1
txn_9c0e215391d2,22.16,0.133,18,0,4,28,5,1,3,194.0,0.0106,250.54,3990.0,0.0719,0.0017,0.2548,0.1664,1037.0,1.0,0,,,,,routine_benign,2,6,3,1,0,0,0,6,1,0
txn_4c6522969cfd,54.57,0.2042,5,1,4,28,5,1,2,949.0,0.0347,42.79,976.0,0.0666,0.0119,0.3341,0.1664,1037.0,1.0,0,,,,,atypical_benign,4,8,1,1,1,5,0,6,0,2
txn_ea28de44bcf5,17.97,0.0425,16,0,4,28,5,1,4,949.0,0.0347,42.79,3952.0,0.0039,0.0064,0.2464,0.0978,1350.0,0.0,0,,,,,routine_benign,4,4,3,1,0,4,4,4,2,0
txn_59fce9e95f2c,11.82,0.0404,14,0,4,28,5,1,5,949.0,0.0347,42.79,2258.0,0.0111,0.0087,0.0514,0.0978,1350.0,0.0,0,,,,,routine_benign,4,6,4,1,0,0,0,5,2,0
txn_cf9ff32b920d,43.93,0.1561,6,0,4,28,5,1,3,949.0,0.0347,42.79,2538.0,0.0221,0.0123,0.1388,0.0978,1350.0,0.0,0,,,,,routine_benign,1,8,1,1,0,3,3,5,0,0
txn_f631ef3f55c2,47.42,0.0491,19,0,4,27,5,1,6,1875.0,0.0743,167.32,2954.0,0.0315,0.0076,0.2489,0.0978,1350.0,0.0,0,,,,,routine_benign,2,6,1,1,0,1,1,1,0,0
txn_8ccedb43cc52,12.84,0.3501,17,0,4,27,5,1,2,1875.0,0.0743,167.32,2201.0,0.0634,0.0044,0.3483,0.0978,1350.0,0.0,0,,,,,routine_benign,1,4,1,1,0,2,2,5,0,0
txn_affbd4c9c276,29.96,0.2913,4,0,4,27,5,1,4,1875.0,0.0743,167.32,3960.0,0.0291,0.0043,0.14,0.2211,1464.0,1.0,0,,,,,routine_benign,1,4,4,1,0,3,3,1,2,0
txn_feee4662f51c,262.56,0.6466,17,0,4,27,5,1,1,1875.0,0.0743,167.32,4424.0,0.0212,0.0049,0.2499,0.2211,1464.0,1.0,0,,,,,atypical_benign,4,10,4,1,0,2,2,2,2,0
txn_58a2fbf81de9,23.42,0.0481,13,0,4,28,5,1,2,2481.0,0.0431,99.0,712.0,0.0686,0.0107,0.2338,0.2211,1464.0,1.0,0,,,,,routine_benign,0,6,4,1,0,3,3,1,0,0
txn_2b2d42a02389,19.02,0.337,6,0,4,28,5,1,4,2481.0,0.0431,99.0,427.0,0.0554,0.0089,0.0718,0.2211,1464.0,1.0,0,,,,,routine_benign,1,8,4,1,0,5,5,1,1,0
txn_4ab72c1c8182,30.98,0.0353,0,0,4,28,5,1,5,2481.0,0.0431,99.0,4063.0,0.0643,0.0136,0.0121,0.2211,1464.0,1.0,0,,,,,routine_benign,0,10,3,1,0,3,3,5,1,0
txn_a87726d6c876,29.94,0.3235,3,0,4,28,5,1,5,2481.0,0.0431,99.0,2814.0,0.0449,0.0034,0.1579,0.2138,997.0,1.0,0,,,,,routine_benign,2,10,4,1,0,1,1,6,1,0
txn_711ddcdb2e99,43.87,0.04,2,0,4,28,5,1,5,122.0,0.0138,76.05,2885.0,0.0702,0.0123,0.3066,0.2138,997.0,1.0,0,,,,,routine_benign,1,4,4,1,0,3,3,2,2,0
txn_08c6712f201f,14.37,0.2405,4,0,4,28,5,1,3,122.0,0.0138,76.05,214.0,0.0285,0.0009,0.2845,0.2138,997.0,1.0,0,,,,,routine_benign,2,6,1,1,0,0,0,4,0,0
txn_a3fb8db48b51,28.35,0.0219,22,0,4,28,5,1,5,122.0,0.0138,76.05,424.0,0.0799,0.0047,0.1834,0.2138,997.0,1.0,0,,,,,routine_benign,1,8,3,1,0,2,2,3,0,0
txn_c69b3c0dd735,32.88,0.3387,22,0,4,28,5,1,3,122.0,0.0138,76.05,2402.0,0.0095,0.0084,0.086,0.2138,997.0,1.0,0,,,,,routine_benign,3,4,3,1,0,4,4,0,3,0
txn_05a066a2f9ba,40.52,0.106,6,0,4,28,5,1,3,1478.0,0.048,197.24,3232.0,0.0626,0.0079,0.0436,0.0471,493.0,0.0,0,,,,,routine_benign,3,4,3,1,0,3,3,6,1,0
txn_177405a51d6b,70.04,0.0976,0,0,4,28,5,1,3,1478.0,0.048,197.24,3990.0,0.0719,0.0017,0.2548,0.0471,493.0,0.0,0,,,,,routine_benign,0,4,3,1,0,5,5,1,3,0
txn_83764358940a,27.85,0.1346,1,0,4,28,5,1,2,1478.0,0.048,197.24,976.0,0.0666,0.0119,0.3341,0.0471,493.0,0.0,0,,,,,routine_benign,4,10,1,1,0,4,4,3,0,0
txn_70db3b0a6af4,15.28,0.2468,19,0,4,28,5,1,6,1478.0,0.048,197.24,3952.0,0.0039,0.0064,0.2464,0.0471,493.0,0.0,0,,,,,routine_benign,4,10,3,1,0,5,5,6,0,0
txn_5d22b555e397,47.38,0.1974,14,0,4,28,5,1,3,1607.0,0.0635,123.51,2258.0,0.0111,0.0087,0.0514,0.0471,493.0,0.0,0,,,,,atypical_benign,1,4,3,1,0,3,3,2,3,0
txn_7cd1b8f35696,49.68,0.3413,11,0,4,28,5,1,4,1607.0,0.0635,123.51,2538.0,0.0221,0.0123,0.1388,0.0932,1442.0,0.0,0,,,,,routine_benign,4,4,1,1,0,2,2,3,1,0
txn_0e213b5d9231,39.68,0.0497,17,0,4,27,5,1,7,1607.0,0.0635,123.51,2954.0,0.0315,0.0076,0.2489,0.0932,1442.0,0.0,0,,,,,routine_benign,2,10,3,1,0,2,2,2,0,0
txn_2c237d6568dc,20.87,0.2105,10,0,4,27,5,1,4,1607.0,0.0635,123.51,2201.0,0.0634,0.0044,0.3483,0.0932,1442.0,0.0,0,,,,,routine_benign,4,8,3,1,0,4,4,6,3,0
txn_11614eb9963d,1371.95,0.3603,19,0,4,27,5,1,3,2541.0,0.0205,192.18,3960.0,0.0291,0.0043,0.14,0.0932,1442.0,0.0,0,,,,,atypical_benign,1,10,3,1,0,0,0,1,0,0
txn_93ea54b814fb,15.02,0.2734,13,0,4,27,5,1,4,2541.0,0.0205,192.18,4424.0,0.0212,0.0049,0.2499,0.0932,1442.0,0.0,0,,,,,routine_benign,4,10,1,1,0,1,1,4,3,0
txn_f8ffb49d6b6b,31.84,0.3352,3,0,4,28,5,1,4,2541.0,0.0205,192.18,712.0,0.0686,0.0107,0.2338,0.25,271.0,0.0,0,,,,,routine_benign,0,8,1,1,0,2,2,3,1,0
txn_0b56a104eb28,25.56,0.2024,10,0,4,28,5,1,5,2541.0,0.0205,192.18,427.0,0.0554,0.0089,0.0718,0.25,271.0,0.0,0,,,,,routine_benign,4,10,3,1,0,1,1,2,2,0
txn_5ca2522836bf,19.64,0.2687,9,0,4,28,5,1,5,1325.0,0.0237,165.95,4063.0,0.0643,0.0136,0.0121,0.25,271.0,0.0,0,,,,,routine_benign,3,8,1,1,0,2,2,4,2,0
txn_ea06e3733748,24.68,0.128,7,0,4,28,5,1,1,1325.0,0.0237,165.95,2814.0,0.0449,0.0034,0.1579,0.25,271.0,0.0,0,,,,,routine_benign,0,4,4,1,0,4,4,1,3,0
txn_87d7fc7a12d6,75.93,0.1993,6,0,4,28,5,1,2,1325.0,0.0237,165.95,2885.0,0.0702,0.0123,0.3066,0.25,271.0,0.0,0,,,,,routine_benign,1,10,1,1,0,5,5,2,1,0
txn_dcaff1485ffa,22.52,0.0587,4,0,4,28,5,1,3,1325.0,0.0237,165.95,214.0,0.0285,0.0009,0.2845,0.1951,33.0,1.0,0,,,,,routine_benign,4,4,4,1,0,4,4,3,0,0
txn_327b71b5905f,219.95,0.3524,17,0,4,28,5,1,4,1304.0,0.0776,163.47,424.0,0.0799,0.0047,0.1834,0.1951,33.0,1.0,0,,,,,routine_benign,1,6,4,1,0,1,1,5,3,0
txn_c88943d62494,30.71,0.3191,5,0,4,28,5,1,3,1304.0,0.0776,163.47,2402.0,0.0095,0.0084,0.086,0.1951,33.0,1.0,0,,,,,routine_benign,1,8,4,1,0,4,4,4,1,0
txn_27c2ff9d95f6,114.82,0.3553,8,0,4,28,5,1,3,1304.0,0.0776,163.47,3232.0,0.0626,0.0079,0.0436,0.1951,33.0,1.0,0,,,,,atypical_benign,2,8,3,1,1,2,2,4,0,2
txn_0ced9dba2aa4,162.26,0.0808,13,0,4,28,5,1,3,1304.0,0.0776,163.47,3990.0,0.0719,0.0017,0.2548,0.1951,33.0,1.0,0,,,,,routine_benign,1,6,3,1,0,4,4,0,3,0
txn_ec0ef7b0804d,221.11,0.0592,18,0,4,28,5,1,5,547.0,0.0197,196.32,976.0,0.0666,0.0119,0.3341,0.2347,172.0,0.0,0,,,,,routine_benign,2,8,4,1,0,3,3,3,3,0
txn_f562373ead80,14.05,0.0595,7,0,4,28,5,1,3,547.0,0.0197,196.32,3952.0,0.0039,0.0064,0.2464,0.2347,172.0,0.0,0,,,,,routine_benign,1,8,1,1,0,5,5,5,3,0
txn_3c270eeb394f,32.14,0.3534,1,0,4,28,5,1,3,547.0,0.0197,196.32,2258.0,0.0111,0.0087,0.0514,0.2347,172.0,0.0,0,,,,,routine_benign,1,8,3,1,0,4,4,1,0,0
txn_42d100c241c9,40.78,0.2954,17,0,4,28,5,1,2,547.0,0.0197,196.32,2538.0,0.0221,0.0123,0.1388,0.2347,172.0,0.0,0,,,,,routine_benign,3,4,4,1,0,1,1,3,0,0
txn_a6579141622d,39.46,0.1197,12,0,4,27,5,1,1,787.0,0.0609,134.3,2954.0,0.0315,0.0076,0.2489,0.2347,172.0,0.0,0,,,,,routine_benign,0,10,3,1,0,0,0,6,3,0
txn_7dffba2975e5,46.3,0.1575,22,0,4,27,5,1,6,787.0,0.0609,134.3,2201.0,0.0634,0.0044,0.3483,0.1231,1090.0,0.0,0,,,,,routine_benign,2,10,1,1,0,0,0,3,2,0
txn_31b6fe64b67b,26.67,0.2063,20,0,4,27,5,1,5,787.0,0.0609,134.3,3960.0,0.0291,0.0043,0.14,0.1231,1090.0,0.0,0,,,,,routine_benign,0,8,4,1,0,2,2,5,3,0
txn_a969dda32da6,13.43,0.2446,20,0,4,27,5,1,5,787.0,0.0609,134.3,4424.0,0.0212,0.0049,0.2499,0.1231,1090.0,0.0,0,,,,,routine_benign,0,6,1,1,0,2,2,0,3,0
txn_69169ea1ca1b,15.99,0.3288,14,0,4,28,5,1,2,840.0,0.0407,67.56,712.0,0.0686,0.0107,0.2338,0.1231,1090.0,0.0,0,,,,,routine_benign,3,10,4,1,0,4,4,6,2,0
txn_9e55f4d2b8c7,37.33,0.3141,1,0,4,28,5,1,2,840.0,0.0407,67.56,427.0,0.0554,0.0089,0.0718,0.1231,1090.0,0.0,0,,,,,routine_benign,1,4,3,1,0,5,5,1,1,0
txn_f10272505739,10.41,0.3038,9,0,4,28,5,1,2,840.0,0.0407,67.56,4063.0,0.0643,0.0136,0.0121,0.0401,312.0,0.0,0,,,,,routine_benign,2,8,4,1,0,0,0,3,2,0
txn_62f2ca195648,20.25,0.0803,13,0,4,28,5,1,3,840.0,0.0407,67.56,2814.0,0.0449,0.0034,0.1579,0.0401,312.0,0.0,0,,,,,routine_benign,3,6,4,1,0,2,2,0,3,0
txn_6aaa5146af4d,18.17,0.1913,0,0,4,28,5,1,1,322.0,0.0298,147.21,2885.0,0.0702,0.0123,0.3066,0.0401,312.0,0.0,0,,,,,routine_benign,4,6,1,1,0,5,5,3,2,0
txn_7a22c2ae4a98,58.39,0.489,9,0,4,28,5,1,6,322.0,0.0298,147.21,214.0,0.0285,0.0009,0.2845,0.0401,312.0,0.0,0,,,,,atypical_benign,2,4,1,1,1,4,4,1,1,2
txn_419379023fa3,16.43,0.3884,11,0,4,28,5,1,3,322.0,0.0298,147.21,424.0,0.0799,0.0047,0.1834,0.0401,312.0,0.0,0,,,,,atypical_benign,4,8,1,1,0,4,4,5,2,0
txn_2dec21995144,31.72,0.2025,13,0,4,28,5,1,3,322.0,0.0298,147.21,2402.0,0.0095,0.0084,0.086,0.0022,1425.0,1.0,0,,,,,routine_benign,4,8,4,1,0,4,4,0,1,0
txn_b9af4a940857,7.24,0.0735,19,0,4,28,5,1,2,1880.0,0.0253,146.24,3232.0,0.0626,0.0079,0.0436,0.0022,1425.0,1.0,0,,,,,routine_benign,4,4,3,1,0,2,2,6,0,0
txn_9f8b1a6e0414,44.91,0.201,3,0,4,28,5,1,2,1880.0,0.0253,146.24,3990.0,0.0719,0.0017,0.2548,0.0022,1425.0,1.0,0,,,,,routine_benign,1,6,3,1,0,1,1,5,2,0
txn_41e2b8d02da1,79.32,0.6527,13,0,4,28,5,1,1,1880.0,0.0253,146.24,976.0,0.0666,0.0119,0.3341,0.0022,1425.0,1.0,0,,,,,atypical_benign,0,4,3,1,0,5,5,0,3,0
txn_8a8dfca1103d,84.63,0.135,23,0,4,28,5,1,4,1880.0,0.0253,146.24,3952.0,0.0039,0.0064,0.2464,0.0022,1425.0,1.0,0,,,,,routine_benign,2,6,4,1,0,2,2,2,1,0
txn_3aa9821a5317,44.12,0.161,6,0,4,28,5,1,2,2806.0,0.0643,266.25,2258.0,0.0111,0.0087,0.0514,0.0818,609.0,0.0,0,,,,,routine_benign,4,4,4,1,0,1,1,4,0,0
txn_4fd6e58e7bec,26.95,0.267,10,0,4,28,5,1,1,2806.0,0.0643,266.25,2538.0,0.0221,0.0123,0.1388,0.0818,609.0,0.0,0,,,,,routine_benign,0,8,4,1,0,5,5,3,1,0
txn_07f143219e24,150.78,0.1463,8,0,4,27,5,1,2,2806.0,0.0643,266.25,2954.0,0.0315,0.0076,0.2489,0.0818,609.0,0.0,0,,,,,routine_benign,3,4,1,1,0,5,5,1,3,0
txn_a5871b53dcdd,17.49,0.6273,19,0,4,27,5,1,3,2806.0,0.0643,266.25,2201.0,0.0634,0.0044,0.3483,0.0818,609.0,0.0,0,,,,,atypical_benign,0,8,4,1,0,4,4,6,0,0
txn_2ce943aaea98,33.76,0.1671,11,0,4,27,5,1,4,2008.0,0.057,173.83,3960.0,0.0291,0.0043,0.14,0.0818,609.0,0.0,0,,,,,routine_benign,0,4,1,1,0,3,3,4,1,0
txn_539a70229451,17.79,0.2811,23,1,4,27,5,1,3,2008.0,0.057,173.83,4424.0,0.0212,0.0049,0.2499,0.1306,985.0,1.0,0,,,,,atypical_benign,4,4,4,1,0,1,5,6,0,0
txn_eae9f8af9687,12.2,0.3534,0,0,4,28,5,1,5,2008.0,0.057,173.83,712.0,0.0686,0.0107,0.2338,0.1306,985.0,1.0,0,,,,,routine_benign,3,4,3,1,0,4,4,5,2,0
txn_89bc9603849b,80.28,0.2764,0,0,4,28,5,1,2,2008.0,0.057,173.83,427.0,0.0554,0.0089,0.0718,0.1306,985.0,1.0,0,,,,,atypical_benign,3,4,1,1,0,5,5,5,0,0
txn_9b9dfa388423,14.3,0.2284,12,0,4,28,5,1,4,318.0,0.0476,36.71,4063.0,0.0643,0.0136,0.0121,0.1306,985.0,1.0,0,,,,,routine_benign,3,8,1,1,0,5,5,5,3,0
txn_38be11ed8900,27.34,0.3171,19,0,4,28,5,1,5,318.0,0.0476,36.71,2814.0,0.0449,0.0034,0.1579,0.1306,985.0,1.0,0,,,,,routine_benign,2,4,4,1,0,4,4,0,1,0
txn_fd106d46b8d2,23.62,0.1271,23,0,4,28,5,1,4,318.0,0.0476,36.71,2885.0,0.0702,0.0123,0.3066,0.1489,212.0,1.0,0,,,,,routine_benign,3,6,1,1,0,0,0,1,1,0
txn_09544c9d4934,15.09,0.0246,13,0,4,28,5,1,5,318.0,0.0476,36.71,214.0,0.0285,0.0009,0.2845,0.1489,212.0,1.0,0,,,,,routine_benign,4,4,3,1,0,3,3,6,3,0
txn_9a6ceb74025a,106.62,0.1548,19,0,4,28,5,1,2,644.0,0.0009,183.44,424.0,0.0799,0.0047,0.1834,0.1489,212.0,1.0,0,,,,,routine_benign,1,6,3,1,0,5,5,3,3,0
txn_e034b0242207,7.31,0.1019,22,0,4,28,5,1,2,644.0,0.0009,183.44,2402.0,0.0095,0.0084,0.086,0.1489,212.0,1.0,0,,,,,routine_benign,0,4,1,1,0,1,1,6,3,0
txn_80062e54f0c1,43.96,0.0649,7,0,4,28,5,1,2,644.0,0.0009,183.44,3232.0,0.0626,0.0079,0.0436,0.1489,212.0,1.0,0,,,,,routine_benign,0,6,4,1,0,2,2,1,0,0
txn_71d8cef13985,40.96,0.2471,6,0,4,28,5,1,3,644.0,0.0009,183.44,3990.0,0.0719,0.0017,0.2548,0.1962,252.0,1.0,0,,,,,routine_benign,1,10,4,1,0,3,3,6,3,0
txn_ee806e58bbfd,23.15,0.2678,22,0,4,28,5,1,2,1135.0,0.0079,268.93,976.0,0.0666,0.0119,0.3341,0.1962,252.0,1.0,0,,,,,routine_benign,0,4,4,1,0,3,3,0,1,0
txn_5ffb32f1e75a,9.89,0.12,13,0,4,28,5,1,2,1135.0,0.0079,268.93,3952.0,0.0039,0.0064,0.2464,0.1962,252.0,1.0,0,,,,,routine_benign,3,4,1,1,0,3,3,6,1,0
txn_f672dffe6e74,17.32,0.3128,3,0,4,28,5,1,4,1135.0,0.0079,268.93,2258.0,0.0111,0.0087,0.0514,0.1962,252.0,1.0,0,,,,,routine_benign,0,10,4,1,0,3,3,4,2,0
txn_a5e9da92907f,27.93,0.2383,20,0,4,28,5,1,2,1135.0,0.0079,268.93,2538.0,0.0221,0.0123,0.1388,0.1962,252.0,1.0,0,,,,,routine_benign,0,6,1,1,0,3,3,6,1,0
txn_07ccd96d665e,18.59,0.238,8,0,4,27,5,1,3,2248.0,0.0799,41.35,2954.0,0.0315,0.0076,0.2489,0.2358,685.0,1.0,0,,,,,routine_benign,4,10,1,1,0,3,3,6,2,0
txn_755fa4c1a292,54.57,0.129,3,0,4,27,5,1,5,2248.0,0.0799,41.35,2201.0,0.0634,0.0044,0.3483,0.2358,685.0,1.0,0,,,,,routine_benign,4,4,3,1,0,1,1,1,3,0
txn_e76545f633c0,90.53,0.1792,18,0,4,27,5,1,3,2248.0,0.0799,41.35,3960.0,0.0291,0.0043,0.14,0.2358,685.0,1.0,0,,,,,routine_benign,1,6,4,1,0,2,2,2,0,0
txn_e950139a9d1c,24.69,0.3154,14,0,4,27,5,1,2,2248.0,0.0799,41.35,4424.0,0.0212,0.0049,0.2499,0.2358,685.0,1.0,0,,,,,routine_benign,3,10,1,1,0,1,1,0,3,0
txn_d792c19edc8d,36.21,0.293,9,0,4,28,5,1,4,374.0,0.0712,73.78,712.0,0.0686,0.0107,0.2338,0.2358,685.0,1.0,0,,,,,routine_benign,3,4,4,1,0,3,3,0,3,0
txn_9ad59e99be08,212.14,0.2451,0,0,4,28,5,1,1,374.0,0.0712,73.78,427.0,0.0554,0.0089,0.0718,0.1211,1394.0,0.0,0,,,,,atypical_benign,2,6,1,1,0,3,3,6,2,0
txn_749191e72c65,66.75,0.0785,19,0,4,28,5,1,3,374.0,0.0712,73.78,4063.0,0.0643,0.0136,0.0121,0.1211,1394.0,0.0,0,,,,,routine_benign,3,6,3,1,0,3,3,5,3,0
txn_c0f64ab8f665,36.53,0.0829,15,0,4,28,5,1,2,374.0,0.0712,73.78,2814.0,0.0449,0.0034,0.1579,0.1211,1394.0,0.0,0,,,,,routine_benign,3,8,4,1,0,5,5,5,0,0
txn_2216cc698ac0,25.83,0.2225,20,0,4,28,5,1,3,1576.0,0.0483,222.07,2885.0,0.0702,0.0123,0.3066,0.1211,1394.0,0.0,0,,,,,routine_benign,0,6,3,1,0,5,5,1,1,0
txn_e9cb9aa979bf,28.97,0.0351,1,0,4,28,5,1,3,1576.0,0.0483,222.07,214.0,0.0285,0.0009,0.2845,0.1211,1394.0,0.0,0,,,,,routine_benign,3,10,4,1,0,4,4,5,3,0
txn_b0a1c5c081e5,34.64,0.351,7,0,4,28,5,1,3,1576.0,0.0483,222.07,424.0,0.0799,0.0047,0.1834,0.0039,443.0,0.0,0,,,,,routine_benign,3,4,4,1,0,1,1,2,3,0
txn_4b3154cc7f8e,23.66,0.1325,21,0,4,28,5,1,1,1576.0,0.0483,222.07,2402.0,0.0095,0.0084,0.086,0.0039,443.0,0.0,0,,,,,routine_benign,0,4,3,1,0,0,0,0,2,0
txn_06002550dcb4,46.6,0.3032,7,0,4,28,5,1,1,2813.0,0.0023,107.46,3232.0,0.0626,0.0079,0.0436,0.0039,443.0,0.0,0,,,,,routine_benign,1,8,4,1,0,2,2,3,2,0
txn_a38c6a6e5c61,40.56,0.2194,7,0,4,28,5,1,4,2813.0,0.0023,107.46,3990.0,0.0719,0.0017,0.2548,0.0039,443.0,0.0,0,,,,,routine_benign,3,8,1,1,0,1,1,4,0,0
txn_8c065a432bab,35.38,0.3562,7,0,4,28,5,1,4,2813.0,0.0023,107.46,976.0,0.0666,0.0119,0.3341,0.0039,443.0,0.0,0,,,,,routine_benign,1,4,4,1,0,4,4,0,2,0
txn_3be7401133a2,37.37,0.1497,12,0,4,28,5,1,4,2813.0,0.0023,107.46,3952.0,0.0039,0.0064,0.2464,0.0871,145.0,1.0,0,,,,,routine_benign,4,4,1,1,0,1,1,4,3,0
txn_c48b14e7b6f8,26.98,0.1644,23,0,4,28,5,1,3,1797.0,0.043,128.79,2258.0,0.0111,0.0087,0.0514,0.0871,145.0,1.0,0,,,,,routine_benign,1,6,4,1,0,1,1,5,0,0
txn_cc38b4bb77ec,18.23,0.1714,15,0,4,28,5,1,3,1797.0,0.043,128.79,2538.0,0.0221,0.0123,0.1388,0.0871,145.0,1.0,0,,,,,routine_benign,1,8,1,1,0,5,5,1,0,0
txn_f0449b109d84,69.41,0.233,15,0,4,27,5,1,3,1797.0,0.043,128.79,2954.0,0.0315,0.0076,0.2489,0.0871,145.0,1.0,0,,,,,routine_benign,1,4,3,1,0,5,5,2,0,0
txn_ce1519a6d979,126.91,0.5364,2,0,4,27,5,1,4,1797.0,0.043,128.79,2201.0,0.0634,0.0044,0.3483,0.0871,145.0,1.0,0,,,,,atypical_benign,4,6,1,1,0,2,2,4,2,0
txn_70126999b55f,27.03,0.2656,0,0,4,27,5,1,2,2930.0,0.0143,201.84,3960.0,0.0291,0.0043,0.14,0.0406,383.0,0.0,0,,,,,routine_benign,1,4,4,1,0,4,4,5,2,0
txn_63a14ca346bb,36.97,0.2478,11,0,4,27,5,1,3,2930.0,0.0143,201.84,4424.0,0.0212,0.0049,0.2499,0.0406,383.0,0.0,0,,,,,routine_benign,4,4,1,1,0,2,2,5,1,0
txn_c319d744b191,14.0,0.2682,3,0,4,28,5,1,4,2930.0,0.0143,201.84,712.0,0.0686,0.0107,0.2338,0.0406,383.0,0.0,0,,,,,routine_benign,4,8,3,1,0,1,1,3,3,0
txn_499abb13dae4,27.81,0.2286,17,0,4,28,5,1,4,2930.0,0.0143,201.84,427.0,0.0554,0.0089,0.0718,0.0406,383.0,0.0,0,,,,,routine_benign,1,8,1,1,0,2,2,1,2,0
txn_0fa1cb476f0a,59.22,0.1916,19,0,4,28,5,1,3,2088.0,0.049,102.71,4063.0,0.0643,0.0136,0.0121,0.0406,383.0,0.0,0,,,,,routine_benign,0,10,4,1,0,5,5,2,3,0
txn_f7a1e2392280,77.62,0.1575,22,0,4,28,5,1,3,2088.0,0.049,102.71,2814.0,0.0449,0.0034,0.1579,0.2166,999.0,0.0,0,,,,,routine_benign,3,6,1,1,0,1,1,5,2,0
txn_b12cad9e92d6,38.35,0.2874,10,0,4,28,5,1,5,2088.0,0.049,102.71,2885.0,0.0702,0.0123,0.3066,0.2166,999.0,0.0,0,,,,,routine_benign,4,4,3,1,0,1,1,3,1,0
txn_b870cd291f70,27.03,0.2478,13,0,4,28,5,1,6,2088.0,0.049,102.71,214.0,0.0285,0.0009,0.2845,0.2166,999.0,0.0,0,,,,,routine_benign,3,8,3,1,0,4,4,3,1,0
txn_b51f05502f6d,22.43,0.2182,8,0,4,28,5,1,3,2095.0,0.0254,46.57,424.0,0.0799,0.0047,0.1834,0.2166,999.0,0.0,0,,,,,routine_benign,3,8,4,1,0,4,4,2,3,0
txn_f590d36078b0,38.84,0.0237,12,0,4,28,5,1,2,2095.0,0.0254,46.57,2402.0,0.0095,0.0084,0.086,0.2166,999.0,0.0,0,,,,,routine_benign,1,4,3,1,0,2,2,0,3,0
txn_fed63e06058e,20.28,0.4714,0,0,4,28,5,1,1,2095.0,0.0254,46.57,3232.0,0.0626,0.0079,0.0436,0.1424,131.0,1.0,0,,,,,atypical_benign,1,6,1,1,0,2,2,2,0,0
txn_4e8a313120a1,61.87,0.1679,4,0,4,28,5,1,4,2095.0,0.0254,46.57,3990.0,0.0719,0.0017,0.2548,0.1424,131.0,1.0,0,,,,,routine_benign,4,4,1,1,0,4,4,6,0,0
txn_7af254e2734b,16.42,0.3291,17,0,4,28,5,1,5,871.0,0.0487,141.46,976.0,0.0666,0.0119,0.3341,0.1424,131.0,1.0,0,,,,,routine_benign,2,8,4,1,0,1,1,3,2,0
txn_83607782d594,52.07,0.0631,15,0,4,28,5,1,2,871.0,0.0487,141.46,3952.0,0.0039,0.0064,0.2464,0.1424,131.0,1.0,0,,,,,routine_benign,3,10,1,1,0,1,1,1,1,0
txn_f83401430af4,15.56,0.3099,1,0,4,28,5,1,3,871.0,0.0487,141.46,2258.0,0.0111,0.0087,0.0514,0.1424,131.0,1.0,0,,,,,routine_benign,1,10,1,1,0,3,3,6,0,0
txn_4f46a94ea75a,14.24,0.3431,22,0,4,28,5,1,2,871.0,0.0487,141.46,2538.0,0.0221,0.0123,0.1388,0.0684,313.0,1.0,0,,,,,routine_benign,3,6,4,1,0,5,5,2,0,0
txn_86c7f36426b6,53.57,0.2071,2,0,4,27,5,1,5,2958.0,0.0203,143.19,2954.0,0.0315,0.0076,0.2489,0.0684,313.0,1.0,0,,,,,routine_benign,3,8,4,1,0,4,4,3,3,0
txn_44f8befa2da8,51.16,0.1236,11,0,4,27,5,1,3,2958.0,0.0203,143.19,2201.0,0.0634,0.0044,0.3483,0.0684,313.0,1.0,0,,,,,routine_benign,1,8,4,1,0,4,4,3,1,0
txn_442680f74427,10.51,0.1575,8,0,4,27,5,1,3,2958.0,0.0203,143.19,3960.0,0.0291,0.0043,0.14,0.0684,313.0,1.0,0,,,,,routine_benign,0,10,1,1,0,3,3,3,0,0
txn_88d9382813f9,18.62,0.1024,14,0,4,27,5,1,4,2958.0,0.0203,143.19,4424.0,0.0212,0.0049,0.2499,0.0684,313.0,1.0,0,,,,,routine_benign,4,4,4,1,0,4,4,0,3,0
txn_739adf49b9b2,59.7,0.3132,0,0,4,28,5,1,5,736.0,0.0691,126.09,712.0,0.0686,0.0107,0.2338,0.0492,1152.0,0.0,0,,,,,routine_benign,2,4,3,1,0,1,1,2,0,0
txn_6e6f2b70302b,7.49,0.2457,18,0,4,28,5,1,5,736.0,0.0691,126.09,427.0,0.0554,0.0089,0.0718,0.0492,1152.0,0.0,0,,,,,routine_benign,1,6,3,1,0,0,0,3,0,0
txn_bb9e3d0cf919,48.12,0.3221,3,0,4,28,5,1,3,736.0,0.0691,126.09,4063.0,0.0643,0.0136,0.0121,0.0492,1152.0,0.0,0,,,,,routine_benign,1,4,1,1,0,0,0,0,2,0
txn_24ac38e3b8ff,25.32,0.3257,15,0,4,28,5,1,5,736.0,0.0691,126.09,2814.0,0.0449,0.0034,0.1579,0.0492,1152.0,0.0,0,,,,,routine_benign,4,6,4,1,0,4,4,4,3,0
txn_f8482102046b,27.25,0.3056,18,0,4,28,5,1,3,634.0,0.0015,254.99,2885.0,0.0702,0.0123,0.3066,0.0492,1152.0,0.0,0,,,,,routine_benign,1,4,1,1,0,0,0,1,2,0
txn_acaadbea3587,31.5,0.2465,19,0,4,28,5,1,2,634.0,0.0015,254.99,214.0,0.0285,0.0009,0.2845,0.1686,394.0,1.0,0,,,,,atypical_benign,2,10,3,1,0,2,2,2,1,0
txn_26811f8d1912,21.33,0.0431,2,0,4,28,5,1,2,634.0,0.0015,254.99,424.0,0.0799,0.0047,0.1834,0.1686,394.0,1.0,0,,,,,routine_benign,3,6,4,1,0,5,5,1,1,0
txn_42f9fd62cdea,58.58,0.1817,11,0,4,28,5,1,4,634.0,0.0015,254.99,2402.0,0.0095,0.0084,0.086,0.1686,394.0,1.0,0,,,,,routine_benign,2,8,4,1,0,1,1,4,1,0
txn_8dc7524503b6,122.27,0.429,0,0,4,28,5,1,2,1672.0,0.0414,59.11,3232.0,0.0626,0.0079,0.0436,0.1686,394.0,1.0,0,,,,,atypical_benign,4,10,3,1,1,0,0,2,0,2
txn_9cd885675084,20.36,0.3212,20,0,4,28,5,1,3,1672.0,0.0414,59.11,3990.0,0.0719,0.0017,0.2548,0.1686,394.0,1.0,0,,,,,routine_benign,1,4,1,1,0,0,0,0,2,0
txn_f474f7856e47,33.64,0.4874,7,0,4,28,5,1,4,1672.0,0.0414,59.11,976.0,0.0666,0.0119,0.3341,0.0217,1376.0,1.0,0,,,,,atypical_benign,1,10,1,1,0,4,4,5,3,0
txn_ab9bf2515280,63.45,0.3311,22,0,4,28,5,1,2,1672.0,0.0414,59.11,3952.0,0.0039,0.0064,0.2464,0.0217,1376.0,1.0,0,,,,,routine_benign,1,4,4,1,0,0,0,1,3,0
txn_92cd428035f8,94.19,0.1753,16,0,4,28,5,1,4,1931.0,0.0331,139.27,2258.0,0.0111,0.0087,0.0514,0.0217,1376.0,1.0,0,,,,,routine_benign,2,6,3,1,0,4,4,0,3,0
txn_c5e13e740b45,66.94,0.1625,6,1,4,28,5,1,2,1931.0,0.0331,139.27,2538.0,0.0221,0.0123,0.1388,0.0217,1376.0,1.0,0,,,,,atypical_benign,1,6,4,1,0,0,2,2,0,0
txn_82e1663679d0,320.56,0.5478,8,0,4,27,5,1,4,1931.0,0.0331,139.27,2954.0,0.0315,0.0076,0.2489,0.0217,1376.0,1.0,0,,,,,atypical_benign,2,6,3,1,1,5,5,1,0,1
txn_fa03703d0653,34.48,0.1186,4,0,4,27,5,1,2,1931.0,0.0331,139.27,2201.0,0.0634,0.0044,0.3483,0.1057,373.0,1.0,0,,,,,routine_benign,1,10,3,1,0,3,3,3,0,0
txn_0c5b3d0bce97,15.72,0.3399,3,0,4,27,5,1,2,331.0,0.0701,106.32,3960.0,0.0291,0.0043,0.14,0.1057,373.0,1.0,0,,,,,routine_benign,3,4,3,1,0,2,2,3,1,0
txn_9a40d53a7096,5.82,0.2622,15,0,4,27,5,1,3,331.0,0.0701,106.32,4424.0,0.0212,0.0049,0.2499,0.1057,373.0,1.0,0,,,,,routine_benign,3,4,4,1,0,0,0,2,1,0
txn_1d8e3bca373d,9.35,0.0553,12,0,4,28,5,1,5,331.0,0.0701,106.32,712.0,0.0686,0.0107,0.2338,0.1057,373.0,1.0,0,,,,,routine_benign,0,6,1,1,0,5,5,5,3,0
txn_4ed080aab847,24.06,0.2866,5,0,4,28,5,1,2,331.0,0.0701,106.32,427.0,0.0554,0.0089,0.0718,0.1057,373.0,1.0,0,,,,,routine_benign,4,10,4,1,0,1,1,6,3,0
txn_ea811189fcb4,17.59,0.2419,12,0,4,28,5,1,2,2632.0,0.038,222.8,4063.0,0.0643,0.0136,0.0121,0.1099,1000.0,1.0,0,,,,,routine_benign,0,4,4,1,0,5,5,0,1,0
txn_5e91e5a6a241,203.11,0.4077,23,1,4,28,5,1,2,2632.0,0.038,222.8,2814.0,0.0449,0.0034,0.1579,0.1099,1000.0,1.0,0,,,,,atypical_benign,2,4,1,1,0,5,3,2,2,0
txn_6cb97d6610ea,46.77,0.0269,13,0,4,28,5,1,4,2632.0,0.038,222.8,2885.0,0.0702,0.0123,0.3066,0.1099,1000.0,1.0,0,,,,,routine_benign,0,4,3,1,0,2,2,2,2,0
txn_46c05a977846,20.19,0.1879,9,0,4,28,5,1,1,2632.0,0.038,222.8,214.0,0.0285,0.0009,0.2845,0.1099,1000.0,1.0,0,,,,,routine_benign,3,10,1,1,0,5,5,6,0,0
txn_d5ab1ca6a3d5,46.38,0.1846,20,0,4,28,5,1,5,2705.0,0.0689,235.56,424.0,0.0799,0.0047,0.1834,0.1099,1000.0,1.0,0,,,,,routine_benign,1,10,1,1,0,1,1,1,0,0
txn_0cd6ea4bf458,13.91,0.2969,3,0,4,28,5,1,3,2705.0,0.0689,235.56,2402.0,0.0095,0.0084,0.086,0.1752,430.0,0.0,0,,,,,routine_benign,0,8,4,1,0,3,3,1,1,0
txn_2dadd761c752,15.13,0.1303,20,0,4,28,5,1,3,2705.0,0.0689,235.56,3232.0,0.0626,0.0079,0.0436,0.1752,430.0,0.0,0,,,,,routine_benign,0,6,1,1,0,4,4,3,3,0
txn_69a438b0c2cc,40.5,0.1942,3,0,4,28,5,1,5,2705.0,0.0689,235.56,3990.0,0.0719,0.0017,0.2548,0.1752,430.0,0.0,0,,,,,routine_benign,1,6,1,1,0,0,0,5,0,0
txn_61219616ccb8,23.04,0.0556,14,0,4,28,5,1,1,707.0,0.0746,129.02,976.0,0.0666,0.0119,0.3341,0.1752,430.0,0.0,0,,,,,routine_benign,2,8,3,1,0,0,0,2,1,0
txn_b3ddebf297ee,20.3,0.3118,11,0,4,28,5,1,5,707.0,0.0746,129.02,3952.0,0.0039,0.0064,0.2464,0.1752,430.0,0.0,0,,,,,routine_benign,4,4,3,1,0,0,0,6,3,0
txn_2801f2dc8b8a,41.07,0.3194,14,0,4,28,5,1,3,707.0,0.0746,129.02,2258.0,0.0111,0.0087,0.0514,0.1265,775.0,0.0,0,,,,,routine_benign,2,6,4,1,0,3,3,5,1,0
txn_0aa2f171809f,15.58,0.148,15,0,4,28,5,1,3,707.0,0.0746,129.02,2538.0,0.0221,0.0123,0.1388,0.1265,775.0,0.0,0,,,,,routine_benign,1,6,1,1,0,5,5,6,1,0
txn_2ed655645ef9,40.72,0.1475,19,0,4,27,5,1,1,2630.0,0.0228,181.86,2954.0,0.0315,0.0076,0.2489,0.1265,775.0,0.0,0,,,,,routine_benign,0,10,4,1,0,0,0,3,1,0
txn_d189889e5b8c,62.4,0.219,10,0,4,27,5,1,3,2630.0,0.0228,181.86,2201.0,0.0634,0.0044,0.3483,0.1265,775.0,0.0,0,,,,,routine_benign,3,8,1,1,0,5,5,0,3,0
txn_8532280d7b8a,38.01,0.1579,15,0,4,27,5,1,3,2630.0,0.0228,181.86,3960.0,0.0291,0.0043,0.14,0.1265,775.0,0.0,0,,,,,routine_benign,3,4,3,1,0,0,0,4,2,0
txn_aead5b2bf028,34.52,0.2071,14,0,4,27,5,1,7,2630.0,0.0228,181.86,4424.0,0.0212,0.0049,0.2499,0.0466,219.0,1.0,0,,,,,routine_benign,3,10,3,1,0,0,0,0,0,0
txn_41787bd1e047,26.49,0.1357,1,0,4,28,5,1,1,1752.0,0.0737,50.7,712.0,0.0686,0.0107,0.2338,0.0466,219.0,1.0,0,,,,,routine_benign,0,8,4,1,0,4,4,0,0,0
txn_141fe0bb2d57,36.1,0.1034,15,0,4,28,5,1,3,1752.0,0.0737,50.7,427.0,0.0554,0.0089,0.0718,0.0466,219.0,1.0,0,,,,,routine_benign,2,8,4,1,0,0,0,1,0,0
txn_a967d3733a25,19.83,0.3142,10,0,4,28,5,1,3,1752.0,0.0737,50.7,4063.0,0.0643,0.0136,0.0121,0.0466,219.0,1.0,0,,,,,routine_benign,1,10,1,1,0,0,0,3,2,0
txn_a41a626965cd,49.12,0.1834,10,0,4,28,5,1,2,1752.0,0.0737,50.7,2814.0,0.0449,0.0034,0.1579,0.0466,219.0,1.0,0,,,,,routine_benign,2,4,4,1,0,5,5,5,1,0
txn_6c7b77d6d52e,27.73,0.3098,10,0,4,28,5,1,1,172.0,0.0588,164.64,2885.0,0.0702,0.0123,0.3066,0.1626,1266.0,0.0,0,,,,,routine_benign,2,8,3,1,0,1,1,3,0,0
txn_01d201e7aa12,22.98,0.3051,12,0,4,28,5,1,3,172.0,0.0588,164.64,214.0,0.0285,0.0009,0.2845,0.1626,1266.0,0.0,0,,,,,routine_benign,4,8,1,1,0,4,4,6,1,0
txn_b4fc2e5ca97a,43.35,0.3333,9,0,4,28,5,1,6,172.0,0.0588,164.64,424.0,0.0799,0.0047,0.1834,0.1626,1266.0,0.0,0,,,,,routine_benign,2,6,1,1,0,4,4,6,1,0
txn_e46b39780ff0,14.35,0.3319,6,0,4,28,5,1,4,172.0,0.0588,164.64,2402.0,0.0095,0.0084,0.086,0.1626,1266.0,0.0,0,,,,,routine_benign,2,10,1,1,0,1,1,1,1,0
txn_df5e0e3cd143,40.16,0.2536,17,0,4,28,5,1,3,932.0,0.0623,228.63,3232.0,0.0626,0.0079,0.0436,0.1626,1266.0,0.0,0,,,,,routine_benign,4,8,3,1,0,2,2,0,1,0
txn_a329bc2d3608,9.57,0.1955,9,0,4,28,5,1,3,932.0,0.0623,228.63,3990.0,0.0719,0.0017,0.2548,0.1303,1074.0,0.0,0,,,,,routine_benign,1,10,3,1,0,5,5,0,0,0
txn_acf1b84999bd,42.56,0.1602,10,0,4,28,5,1,4,932.0,0.0623,228.63,976.0,0.0666,0.0119,0.3341,0.1303,1074.0,0.0,0,,,,,routine_benign,2,8,4,1,0,5,5,0,0,0
txn_8bb45ed148f9,31.49,0.0475,11,0,4,28,5,1,2,932.0,0.0623,228.63,3952.0,0.0039,0.0064,0.2464,0.1303,1074.0,0.0,0,,,,,routine_benign,4,8,4,1,0,4,4,2,3,0
txn_a5e577cffe4b,225.23,0.572,2,0,4,28,5,1,2,582.0,0.0378,91.3,2258.0,0.0111,0.0087,0.0514,0.1303,1074.0,0.0,0,,,,,atypical_benign,2,4,1,1,0,2,2,3,3,0
txn_43b297ecb144,68.25,0.2168,1,0,4,28,5,1,3,582.0,0.0378,91.3,2538.0,0.0221,0.0123,0.1388,0.1303,1074.0,0.0,0,,,,,atypical_benign,1,6,4,1,0,5,5,0,1,0
txn_e9eabb9ed03f,19.9,0.17,19,0,4,27,5,1,2,582.0,0.0378,91.3,2954.0,0.0315,0.0076,0.2489,0.2484,1357.0,0.0,0,,,,,routine_benign,2,4,3,1,0,4,4,0,2,0
txn_9744a7170ef6,67.08,0.0758,0,0,4,27,5,1,2,582.0,0.0378,91.3,2201.0,0.0634,0.0044,0.3483,0.2484,1357.0,0.0,0,,,,,routine_benign,0,10,4,1,0,0,0,0,3,0
txn_4c26d0e4f01f,43.45,0.0976,16,0,4,27,5,1,6,2043.0,0.0627,252.38,3960.0,0.0291,0.0043,0.14,0.2484,1357.0,0.0,0,,,,,routine_benign,2,4,4,1,0,3,3,3,0,0
txn_2e43b28cc8a4,8.79,0.4127,17,1,4,27,5,1,4,2043.0,0.0627,252.38,4424.0,0.0212,0.0049,0.2499,0.2484,1357.0,0.0,0,,,,,atypical_benign,1,4,1,1,0,5,4,4,1,0
txn_67b10e7bd6c8,22.37,0.1084,3,0,4,28,5,1,1,2043.0,0.0627,252.38,712.0,0.0686,0.0107,0.2338,0.2484,1357.0,0.0,0,,,,,routine_benign,0,6,1,1,0,2,2,2,2,0
txn_f9e2bc9055fe,42.99,0.1719,19,0,4,28,5,1,2,2043.0,0.0627,252.38,427.0,0.0554,0.0089,0.0718,0.1307,99.0,1.0,0,,,,,routine_benign,4,6,1,1,0,5,5,1,3,0
txn_567c03030e22,45.82,0.0622,7,0,4,28,5,1,5,2476.0,0.0232,240.23,4063.0,0.0643,0.0136,0.0121,0.1307,99.0,1.0,0,,,,,routine_benign,1,4,1,1,0,5,5,3,2,0
txn_8cd909d988d6,26.05,0.5385,19,1,4,28,5,1,4,2476.0,0.0232,240.23,2814.0,0.0449,0.0034,0.1579,0.1307,99.0,1.0,0,,,,,atypical_benign,0,4,1,1,0,0,3,3,0,0
txn_ec39e09903a3,86.94,0.1025,15,0,4,28,5,1,4,2476.0,0.0232,240.23,2885.0,0.0702,0.0123,0.3066,0.1307,99.0,1.0,0,,,,,routine_benign,0,6,3,1,0,2,2,0,3,0
txn_afe380e9df16,256.78,0.1718,19,0,4,28,5,1,2,2476.0,0.0232,240.23,214.0,0.0285,0.0009,0.2845,0.1307,99.0,1.0,0,,,,,atypical_benign,4,8,1,1,0,5,5,0,2,0
txn_fe72108f6529,4.69,0.1975,16,0,4,28,5,1,6,1944.0,0.0435,273.51,424.0,0.0799,0.0047,0.1834,0.1839,187.0,1.0,0,,,,,routine_benign,3,10,3,1,0,4,4,5,1,0
txn_15d97c9ed1b9,26.94,0.3367,16,0,4,28,5,1,3,1944.0,0.0435,273.51,2402.0,0.0095,0.0084,0.086,0.1839,187.0,1.0,0,,,,,routine_benign,4,8,3,1,0,4,4,6,3,0
txn_94ee0d06bb36,14.82,0.5253,0,1,4,28,5,1,5,1944.0,0.0435,273.51,3232.0,0.0626,0.0079,0.0436,0.1839,187.0,1.0,0,,,,,atypical_benign,1,4,3,1,1,0,4,2,3,1
txn_1477e7bc2d4e,88.66,0.2843,4,0,4,28,5,1,3,1944.0,0.0435,273.51,3990.0,0.0719,0.0017,0.2548,0.1839,187.0,1.0,0,,,,,routine_benign,1,4,4,1,0,3,3,5,2,0
txn_da0d3dc9a33a,10.55,0.2262,16,0,4,28,5,1,3,2746.0,0.0028,152.54,976.0,0.0666,0.0119,0.3341,0.1839,187.0,1.0,0,,,,,routine_benign,2,4,4,1,0,0,0,3,1,0
txn_7c27bbbdd6f8,64.66,0.1366,1,0,4,28,5,1,6,2746.0,0.0028,152.54,3952.0,0.0039,0.0064,0.2464,0.0712,336.0,0.0,0,,,,,routine_benign,3,8,1,1,0,3,3,2,2,0
txn_47a04f2caae8,21.35,0.1579,21,0,4,28,5,1,1,2746.0,0.0028,152.54,2258.0,0.0111,0.0087,0.0514,0.0712,336.0,0.0,0,,,,,routine_benign,1,10,3,1,0,4,4,3,3,0
txn_4bb1a69f6518,63.17,0.1467,8,0,4,28,5,1,5,2746.0,0.0028,152.54,2538.0,0.0221,0.0123,0.1388,0.0712,336.0,0.0,0,,,,,routine_benign,2,4,3,1,0,3,3,5,0,0
txn_05cf397a2534,57.9,0.1283,18,0,4,27,5,1,1,2423.0,0.0087,234.89,2954.0,0.0315,0.0076,0.2489,0.0712,336.0,0.0,0,,,,,routine_benign,1,10,4,1,0,0,0,4,3,0
txn_b8f82c903a91,56.38,0.0963,1,0,4,27,5,1,3,2423.0,0.0087,234.89,2201.0,0.0634,0.0044,0.3483,0.0712,336.0,0.0,0,,,,,routine_benign,2,8,4,1,0,2,2,5,2,0
txn_b9d04240379e,201.73,0.621,21,0,4,27,5,1,4,2423.0,0.0087,234.89,3960.0,0.0291,0.0043,0.14,0.0521,275.0,0.0,0,,,,,atypical_benign,1,4,4,1,1,1,1,6,2,1
txn_8aa330efadbf,74.12,0.2784,8,0,4,27,5,1,3,2423.0,0.0087,234.89,4424.0,0.0212,0.0049,0.2499,0.0521,275.0,0.0,0,,,,,routine_benign,1,6,4,1,0,2,2,5,1,0
txn_e33e7c3a4cd6,33.22,0.112,13,0,4,28,5,1,1,119.0,0.0797,48.32,712.0,0.0686,0.0107,0.2338,0.0521,275.0,0.0,0,,,,,routine_benign,3,6,4,1,0,4,4,3,3,0
txn_76b42e06bbb2,115.95,0.2428,6,0,4,28,5,1,2,119.0,0.0797,48.32,427.0,0.0554,0.0089,0.0718,0.0521,275.0,0.0,0,,,,,routine_benign,3,4,4,1,0,4,4,3,3,0
txn_582b59886582,29.66,0.118,1,0,4,28,5,1,3,119.0,0.0797,48.32,4063.0,0.0643,0.0136,0.0121,0.0521,275.0,0.0,0,,,,,routine_benign,1,4,1,1,0,3,3,2,1,0
txn_ca351eaa3bd3,44.25,0.1516,21,0,4,28,5,1,2,119.0,0.0797,48.32,2814.0,0.0449,0.0034,0.1579,0.0107,397.0,1.0,0,,,,,routine_benign,0,4,4,1,0,0,0,5,3,0
txn_df7b463d698c,82.12,0.1747,0,0,4,28,5,1,2,2602.0,0.0248,213.61,2885.0,0.0702,0.0123,0.3066,0.0107,397.0,1.0,0,,,,,routine_benign,1,4,1,1,0,4,4,2,0,0
txn_48949718c819,80.11,0.1852,13,0,4,28,5,1,3,2602.0,0.0248,213.61,214.0,0.0285,0.0009,0.2845,0.0107,397.0,1.0,0,,,,,routine_benign,3,8,3,1,0,4,4,0,2,0
txn_4042cb5858e6,33.91,0.3399,18,0,4,28,5,1,3,2602.0,0.0248,213.61,424.0,0.0799,0.0047,0.1834,0.0107,397.0,1.0,0,,,,,routine_benign,0,8,3,1,0,0,0,5,3,0
txn_3cb29b71dcce,27.5,0.2764,10,0,4,28,5,1,4,2602.0,0.0248,213.61,2402.0,0.0095,0.0084,0.086,0.0107,397.0,1.0,0,,,,,routine_benign,3,10,1,1,0,1,1,2,3,0
txn_207b42161d0f,20.27,0.0861,6,0,4,28,5,1,4,1050.0,0.0305,240.53,3232.0,0.0626,0.0079,0.0436,0.2019,715.0,1.0,0,,,,,routine_benign,4,4,4,1,0,4,4,6,1,0
txn_d843be5c931e,96.81,0.0283,1,0,4,28,5,1,5,1050.0,0.0305,240.53,3990.0,0.0719,0.0017,0.2548,0.2019,715.0,1.0,0,,,,,routine_benign,4,6,4,1,0,3,3,2,3,0
txn_4bff06b9fd17,11.39,0.249,2,0,4,28,5,1,2,1050.0,0.0305,240.53,976.0,0.0666,0.0119,0.3341,0.2019,715.0,1.0,0,,,,,routine_benign,0,4,4,1,0,2,2,5,0,0
txn_baf46bd4c4e3,33.13,0.0547,20,0,4,28,5,1,4,1050.0,0.0305,240.53,3952.0,0.0039,0.0064,0.2464,0.2019,715.0,1.0,0,,,,,routine_benign,0,4,3,1,0,3,3,2,1,0
txn_0328577c9580,53.29,0.1601,22,0,4,28,5,1,3,1712.0,0.0563,246.38,2258.0,0.0111,0.0087,0.0514,0.2019,715.0,1.0,0,,,,,routine_benign,2,10,1,1,0,4,4,5,2,0
txn_d05c1ee1660d,49.58,0.1328,20,0,4,28,5,1,4,1712.0,0.0563,246.38,2538.0,0.0221,0.0123,0.1388,0.1418,1255.0,1.0,0,,,,,routine_benign,1,4,4,1,0,4,4,5,1,0
txn_56be2121b514,31.02,0.1095,20,0,4,27,5,1,2,1712.0,0.0563,246.38,2954.0,0.0315,0.0076,0.2489,0.1418,1255.0,1.0,0,,,,,routine_benign,1,4,3,1,0,1,1,4,1,0
txn_4ea41e0fd95c,72.97,0.1781,17,0,4,27,5,1,3,1712.0,0.0563,246.38,2201.0,0.0634,0.0044,0.3483,0.1418,1255.0,1.0,0,,,,,routine_benign,0,8,1,1,0,3,3,4,0,0
txn_b49054a17d8b,57.32,0.0544,7,0,4,27,5,1,5,2562.0,0.0119,49.28,3960.0,0.0291,0.0043,0.14,0.1418,1255.0,1.0,0,,,,,routine_benign,1,4,1,1,0,3,3,5,0,0
txn_aba9839f8215,20.79,0.2266,11,0,4,27,5,1,1,2562.0,0.0119,49.28,4424.0,0.0212,0.0049,0.2499,0.1418,1255.0,1.0,0,,,,,routine_benign,4,4,3,1,0,0,0,1,1,0
txn_ab27a321df84,24.92,0.113,1,0,4,28,5,1,4,2562.0,0.0119,49.28,712.0,0.0686,0.0107,0.2338,0.0808,298.0,1.0,0,,,,,routine_benign,1,10,4,1,0,1,1,5,3,0
txn_d1663e819d87,22.4,0.1417,6,0,4,28,5,1,1,2562.0,0.0119,49.28,427.0,0.0554,0.0089,0.0718,0.0808,298.0,1.0,0,,,,,routine_benign,0,10,3,1,0,5,5,5,3,0
txn_bda0ae1e527a,150.89,0.1145,15,0,4,28,5,1,3,2388.0,0.0252,276.63,4063.0,0.0643,0.0136,0.0121,0.0808,298.0,1.0,0,,,,,routine_benign,1,8,1,1,0,0,0,3,3,0
txn_b1a1d9ce6ccd,35.68,0.5348,9,0,4,28,5,1,1,2388.0,0.0252,276.63,2814.0,0.0449,0.0034,0.1579,0.0808,298.0,1.0,0,,,,,atypical_benign,2,8,3,1,0,0,0,3,1,0
txn_65efa6f91c93,33.8,0.1607,1,0,4,28,5,1,5,2388.0,0.0252,276.63,2885.0,0.0702,0.0123,0.3066,0.0808,298.0,1.0,0,,,,,routine_benign,4,4,4,1,0,4,4,5,2,0
txn_800538db5f19,12.55,0.3558,20,0,4,28,5,1,4,2388.0,0.0252,276.63,214.0,0.0285,0.0009,0.2845,0.1429,331.0,0.0,0,,,,,routine_benign,1,4,1,1,0,1,1,0,1,0
txn_fa5d66d8c3f8,15.52,0.0477,0,0,4,28,5,1,2,1658.0,0.0256,272.37,424.0,0.0799,0.0047,0.1834,0.1429,331.0,0.0,0,,,,,routine_benign,1,8,1,1,0,4,4,1,0,0
txn_f255fe2667d1,21.92,0.0734,23,0,4,28,5,1,2,1658.0,0.0256,272.37,2402.0,0.0095,0.0084,0.086,0.1429,331.0,0.0,0,,,,,routine_benign,1,8,4,1,0,0,0,3,1,0
txn_cef79daa16c4,70.86,0.2386,7,0,4,28,5,1,4,1658.0,0.0256,272.37,3232.0,0.0626,0.0079,0.0436,0.1429,331.0,0.0,0,,,,,routine_benign,0,4,1,1,0,0,0,3,3,0
txn_be8aaa9d31ee,19.73,0.0377,17,0,4,28,5,1,1,1658.0,0.0256,272.37,3990.0,0.0719,0.0017,0.2548,0.1429,331.0,0.0,0,,,,,routine_benign,2,6,4,1,0,5,5,4,3,0
txn_a59d36a60f81,18.91,0.4923,18,0,4,28,5,1,4,1732.0,0.0635,232.56,976.0,0.0666,0.0119,0.3341,0.0447,316.0,0.0,0,,,,,atypical_benign,1,4,4,1,0,2,2,2,2,0
txn_aa62e8f994e9,32.46,0.324,13,0,4,28,5,1,6,1732.0,0.0635,232.56,3952.0,0.0039,0.0064,0.2464,0.0447,316.0,0.0,0,,,,,routine_benign,3,6,3,1,0,5,5,6,1,0
txn_82e0592c92fd,23.27,0.2222,4,0,4,28,5,1,6,1732.0,0.0635,232.56,2258.0,0.0111,0.0087,0.0514,0.0447,316.0,0.0,0,,,,,routine_benign,0,4,4,1,0,5,5,6,1,0
txn_4d7fc5348aca,52.73,0.1403,14,0,4,28,5,1,4,1732.0,0.0635,232.56,2538.0,0.0221,0.0123,0.1388,0.0447,316.0,0.0,0,,,,,routine_benign,3,4,1,1,0,3,3,4,2,0
txn_20c8a95d443f,27.81,0.2841,4,0,4,27,5,1,2,1304.0,0.078,179.94,2954.0,0.0315,0.0076,0.2489,0.0447,316.0,0.0,0,,,,,routine_benign,2,6,1,1,0,0,0,1,1,0
txn_4e36c0cc38fb,27.94,0.1974,13,0,4,27,5,1,3,1304.0,0.078,179.94,2201.0,0.0634,0.0044,0.3483,0.0529,217.0,0.0,0,,,,,routine_benign,3,4,1,1,0,3,3,2,2,0
txn_c13d5a7b5393,35.16,0.1981,4,0,4,27,5,1,3,1304.0,0.078,179.94,3960.0,0.0291,0.0043,0.14,0.0529,217.0,0.0,0,,,,,routine_benign,1,6,4,1,0,5,5,0,1,0
txn_f80bd041b064,229.16,0.0255,14,0,4,27,5,1,4,1304.0,0.078,179.94,4424.0,0.0212,0.0049,0.2499,0.0529,217.0,0.0,0,,,,,routine_benign,0,8,3,1,0,3,3,6,2,0
txn_dea918f76e9f,50.18,0.0966,14,0,4,28,5,1,1,2697.0,0.0555,162.11,712.0,0.0686,0.0107,0.2338,0.0529,217.0,0.0,0,,,,,routine_benign,3,6,4,1,0,3,3,1,1,0
txn_dfa409b3a030,20.52,0.3333,14,0,4,28,5,1,3,2697.0,0.0555,162.11,427.0,0.0554,0.0089,0.0718,0.0529,217.0,0.0,0,,,,,routine_benign,3,4,1,1,0,4,4,1,2,0
txn_e360076fd5fa,18.45,0.2281,14,0,4,28,5,1,4,2697.0,0.0555,162.11,4063.0,0.0643,0.0136,0.0121,0.1898,1050.0,0.0,0,,,,,routine_benign,3,6,3,1,0,2,2,5,2,0
txn_38256999ba56,20.5,0.2875,15,0,4,28,5,1,1,2697.0,0.0555,162.11,2814.0,0.0449,0.0034,0.1579,0.1898,1050.0,0.0,0,,,,,routine_benign,2,8,1,1,0,5,5,6,0,0
txn_00460f05c445,8.3,0.0704,20,0,4,28,5,1,1,75.0,0.0713,278.65,2885.0,0.0702,0.0123,0.3066,0.1898,1050.0,0.0,0,,,,,routine_benign,1,6,4,1,0,5,5,0,2,0
txn_02bf6e503b68,22.9,0.4637,14,0,4,28,5,1,2,75.0,0.0713,278.65,214.0,0.0285,0.0009,0.2845,0.1898,1050.0,0.0,0,,,,,atypical_benign,2,4,3,1,1,1,1,5,0,1
txn_2dc91ccf84bc,13.73,0.342,19,0,4,28,5,1,5,75.0,0.0713,278.65,424.0,0.0799,0.0047,0.1834,0.1898,1050.0,0.0,0,,,,,routine_benign,2,10,3,1,0,2,2,5,0,0
txn_a0e90d387f2f,35.61,0.2481,15,0,4,28,5,1,1,75.0,0.0713,278.65,2402.0,0.0095,0.0084,0.086,0.1273,626.0,1.0,0,,,,,routine_benign,0,8,1,1,0,1,1,5,2,0
txn_5d5d496703a9,19.01,0.0525,6,0,4,28,5,1,5,1694.0,0.0479,101.58,3232.0,0.0626,0.0079,0.0436,0.1273,626.0,1.0,0,,,,,routine_benign,2,6,4,1,0,5,5,0,0,0
txn_78a63cadbb4f,40.27,0.055,3,0,4,28,5,1,2,1694.0,0.0479,101.58,3990.0,0.0719,0.0017,0.2548,0.1273,626.0,1.0,0,,,,,routine_benign,4,6,1,1,0,1,1,0,2,0
txn_e058543479c0,16.17,0.2758,12,0,4,28,5,1,7,1694.0,0.0479,101.58,976.0,0.0666,0.0119,0.3341,0.1273,626.0,1.0,0,,,,,routine_benign,3,4,4,1,0,0,0,1,1,0
txn_b3a67d289a19,67.82,0.0315,7,0,4,28,5,1,4,1694.0,0.0479,101.58,3952.0,0.0039,0.0064,0.2464,0.1273,626.0,1.0,0,,,,,routine_benign,0,8,3,1,0,4,4,4,3,0
txn_7dfcdacc4860,159.5,0.2438,20,0,4,28,5,1,2,2531.0,0.0785,112.22,2258.0,0.0111,0.0087,0.0514,0.209,734.0,1.0,0,,,,,routine_benign,0,8,3,1,0,1,1,0,3,0
txn_c29158fa62ad,208.13,0.0813,15,0,4,28,5,1,6,2531.0,0.0785,112.22,2538.0,0.0221,0.0123,0.1388,0.209,734.0,1.0,0,,,,,routine_benign,1,6,3,1,0,4,4,4,3,0
txn_b50664e90815,33.92,0.0762,19,0,4,27,5,1,2,2531.0,0.0785,112.22,2954.0,0.0315,0.0076,0.2489,0.209,734.0,1.0,0,,,,,routine_benign,4,8,3,1,0,5,5,2,3,0
txn_0bcf79a5a3f7,28.83,0.2429,13,0,4,27,5,1,2,2531.0,0.0785,112.22,2201.0,0.0634,0.0044,0.3483,0.209,734.0,1.0,0,,,,,routine_benign,3,8,1,1,0,2,2,6,2,0
txn_3ed04770c60c,10.0,0.3969,20,0,4,27,5,1,2,201.0,0.0425,100.34,3960.0,0.0291,0.0043,0.14,0.209,734.0,1.0,0,,,,,atypical_benign,2,4,3,1,1,4,4,1,1,1
txn_276847ab8e20,157.46,0.2149,5,0,4,27,5,1,5,201.0,0.0425,100.34,4424.0,0.0212,0.0049,0.2499,0.1163,1111.0,1.0,0,,,,,routine_benign,0,8,1,1,0,5,5,2,1,0
txn_008711f5dfd2,14.37,0.2962,7,0,4,28,5,1,4,201.0,0.0425,100.34,712.0,0.0686,0.0107,0.2338,0.1163,1111.0,1.0,0,,,,,routine_benign,3,4,4,1,0,0,0,5,1,0
txn_e6ddd562def8,87.36,0.0202,14,0,4,28,5,1,4,201.0,0.0425,100.34,427.0,0.0554,0.0089,0.0718,0.1163,1111.0,1.0,0,,,,,routine_benign,4,10,1,1,0,0,0,2,2,0
txn_b39508f28cb6,89.32,0.319,22,0,4,28,5,1,3,401.0,0.004,144.49,4063.0,0.0643,0.0136,0.0121,0.1163,1111.0,1.0,0,,,,,routine_benign,3,10,4,1,0,5,5,4,2,0
txn_6af5c9bb7665,23.21,0.2432,0,0,4,28,5,1,4,401.0,0.004,144.49,2814.0,0.0449,0.0034,0.1579,0.1163,1111.0,1.0,0,,,,,routine_benign,3,6,3,1,0,5,5,5,1,0
txn_2e353a62c043,20.51,0.1113,12,0,4,28,5,1,1,401.0,0.004,144.49,2885.0,0.0702,0.0123,0.3066,0.0512,1376.0,1.0,0,,,,,routine_benign,2,10,3,1,0,3,3,3,3,0
txn_1f30c6f65d1b,26.86,0.6048,20,0,4,28,5,1,5,401.0,0.004,144.49,214.0,0.0285,0.0009,0.2845,0.0512,1376.0,1.0,0,,,,,atypical_benign,0,8,4,1,0,3,3,4,0,0
txn_bda7d41070ec,76.41,0.5623,4,0,4,28,5,1,2,2088.0,0.0701,60.93,424.0,0.0799,0.0047,0.1834,0.0512,1376.0,1.0,0,,,,,atypical_benign,2,10,1,1,1,3,3,6,0,2
txn_68cced4907d7,63.8,0.3087,6,0,4,28,5,1,5,2088.0,0.0701,60.93,2402.0,0.0095,0.0084,0.086,0.0512,1376.0,1.0,0,,,,,routine_benign,3,6,3,1,0,1,1,2,0,0
txn_82e35a9dafa4,22.15,0.2209,20,0,4,28,5,1,5,2088.0,0.0701,60.93,3232.0,0.0626,0.0079,0.0436,0.0512,1376.0,1.0,0,,,,,routine_benign,4,8,1,1,0,2,2,1,0,0
txn_403e251e4dcb,24.46,0.1115,1,0,4,28,5,1,3,2088.0,0.0701,60.93,3990.0,0.0719,0.0017,0.2548,0.0461,428.0,1.0,0,,,,,routine_benign,3,6,4,1,0,1,1,4,2,0
txn_500c025848b6,15.91,0.2024,15,0,4,28,5,1,3,1551.0,0.0201,159.43,976.0,0.0666,0.0119,0.3341,0.0461,428.0,1.0,0,,,,,routine_benign,0,4,3,1,0,2,2,4,3,0
txn_45849ab18f61,31.73,0.0527,4,0,4,28,5,1,3,1551.0,0.0201,159.43,3952.0,0.0039,0.0064,0.2464,0.0461,428.0,1.0,0,,,,,routine_benign,0,10,4,1,0,5,5,4,3,0
txn_87efb7c05490,68.85,0.1032,15,0,4,28,5,1,3,1551.0,0.0201,159.43,2258.0,0.0111,0.0087,0.0514,0.0461,428.0,1.0,0,,,,,routine_benign,1,8,4,1,0,0,0,2,0,0
txn_bc0bc709530a,27.68,0.1259,5,0,4,28,5,1,3,1551.0,0.0201,159.43,2538.0,0.0221,0.0123,0.1388,0.0461,428.0,1.0,0,,,,,routine_benign,2,8,4,1,0,1,1,6,1,0
txn_20e694bf44e0,13.33,0.0882,2,0,4,27,5,1,3,111.0,0.0524,239.92,2954.0,0.0315,0.0076,0.2489,0.1303,579.0,1.0,0,,,,,routine_benign,0,6,1,1,0,1,1,0,0,0
txn_435db34f2389,60.52,0.6085,13,0,4,27,5,1,2,111.0,0.0524,239.92,2201.0,0.0634,0.0044,0.3483,0.1303,579.0,1.0,0,,,,,atypical_benign,1,4,3,1,0,2,2,3,2,0
txn_9928d8e0d1d4,34.72,0.2683,14,0,4,27,5,1,3,111.0,0.0524,239.92,3960.0,0.0291,0.0043,0.14,0.1303,579.0,1.0,0,,,,,routine_benign,2,6,3,1,0,1,1,0,1,0
txn_176143312640,17.57,0.3036,14,0,4,27,5,1,1,111.0,0.0524,239.92,4424.0,0.0212,0.0049,0.2499,0.1303,579.0,1.0,0,,,,,routine_benign,3,4,1,1,0,4,4,2,1,0
txn_cfb9b4e359e5,100.4,0.4261,12,0,4,28,5,1,3,2112.0,0.0545,269.88,712.0,0.0686,0.0107,0.2338,0.1303,579.0,1.0,0,,,,,atypical_benign,1,8,4,1,0,3,3,3,1,0
txn_702262eb855b,42.36,0.3203,17,0,4,28,5,1,6,2112.0,0.0545,269.88,427.0,0.0554,0.0089,0.0718,0.0908,1196.0,0.0,0,,,,,routine_benign,0,10,3,1,0,3,3,6,3,0
txn_049fde679332,26.83,0.0695,15,0,4,28,5,1,5,2112.0,0.0545,269.88,4063.0,0.0643,0.0136,0.0121,0.0908,1196.0,0.0,0,,,,,routine_benign,2,8,4,1,0,4,4,3,1,0
txn_fcd5b566a9c7,192.85,0.6002,1,0,4,28,5,1,4,2112.0,0.0545,269.88,2814.0,0.0449,0.0034,0.1579,0.0908,1196.0,0.0,0,,,,,atypical_benign,2,8,4,1,0,1,1,4,2,0
txn_508fc352f536,57.82,0.0318,15,0,4,28,5,1,2,160.0,0.0162,194.08,2885.0,0.0702,0.0123,0.3066,0.0908,1196.0,0.0,0,,,,,routine_benign,0,8,3,1,0,5,5,1,3,0
txn_3806567ac380,16.92,0.0632,12,0,4,28,5,1,4,160.0,0.0162,194.08,214.0,0.0285,0.0009,0.2845,0.0908,1196.0,0.0,0,,,,,routine_benign,4,6,3,1,0,1,1,0,3,0
txn_b72ddde37dc9,35.75,0.1061,23,0,4,28,5,1,2,160.0,0.0162,194.08,424.0,0.0799,0.0047,0.1834,0.2294,953.0,1.0,0,,,,,routine_benign,0,6,3,1,0,0,0,5,1,0
txn_5769c2e3dd6d,59.08,0.329,21,0,4,28,5,1,1,160.0,0.0162,194.08,2402.0,0.0095,0.0084,0.086,0.2294,953.0,1.0,0,,,,,routine_benign,1,6,1,1,0,4,4,4,3,0
txn_c781fbe7d694,123.92,0.1574,12,0,4,28,5,1,4,2277.0,0.0306,144.95,3232.0,0.0626,0.0079,0.0436,0.2294,953.0,1.0,0,,,,,routine_benign,1,6,4,1,0,0,0,2,1,0
txn_6ec4cac61157,79.58,0.3221,9,0,4,28,5,1,3,2277.0,0.0306,144.95,3990.0,0.0719,0.0017,0.2548,0.2294,953.0,1.0,0,,,,,routine_benign,2,4,4,1,0,4,4,2,3,0
txn_66ba6d0f19c4,72.03,0.3596,20,0,4,28,5,1,4,2277.0,0.0306,144.95,976.0,0.0666,0.0119,0.3341,0.2294,953.0,1.0,0,,,,,routine_benign,2,6,3,1,0,3,3,3,3,0
txn_392955dc8580,28.67,0.2492,16,0,4,28,5,1,3,2277.0,0.0306,144.95,3952.0,0.0039,0.0064,0.2464,0.0011,1451.0,0.0,0,,,,,routine_benign,3,4,3,1,0,2,2,3,0,0
txn_e575f2ec28ee,56.98,0.1626,16,0,4,28,5,1,2,2722.0,0.0497,123.52,2258.0,0.0111,0.0087,0.0514,0.0011,1451.0,0.0,0,,,,,routine_benign,2,8,3,1,0,4,4,0,3,0
txn_6da8302dfa05,54.62,0.3505,3,0,4,28,5,1,4,2722.0,0.0497,123.52,2538.0,0.0221,0.0123,0.1388,0.0011,1451.0,0.0,0,,,,,routine_benign,2,4,1,1,0,1,1,4,3,0
txn_ef3514b28e36,20.78,0.1537,22,0,4,27,5,1,5,2722.0,0.0497,123.52,2954.0,0.0315,0.0076,0.2489,0.0011,1451.0,0.0,0,,,,,routine_benign,4,6,3,1,0,3,3,2,1,0
txn_8e5e08e62401,29.13,0.3231,21,0,4,27,5,1,4,2722.0,0.0497,123.52,2201.0,0.0634,0.0044,0.3483,0.0011,1451.0,0.0,0,,,,,routine_benign,1,6,4,1,0,5,5,3,1,0
txn_a10a96e541a8,56.16,0.2903,18,0,4,27,5,1,3,2543.0,0.001,216.53,3960.0,0.0291,0.0043,0.14,0.1914,66.0,1.0,0,,,,,routine_benign,2,8,3,1,0,0,0,1,2,0
txn_f051b8d49584,12.6,0.0995,18,0,4,27,5,1,2,2543.0,0.001,216.53,4424.0,0.0212,0.0049,0.2499,0.1914,66.0,1.0,0,,,,,routine_benign,1,8,1,1,0,1,1,4,0,0
txn_027028da28a8,28.94,0.2389,4,0,4,28,5,1,2,2543.0,0.001,216.53,712.0,0.0686,0.0107,0.2338,0.1914,66.0,1.0,0,,,,,routine_benign,2,4,1,1,0,0,0,3,1,0
txn_4728db4c6198,214.85,0.4584,22,1,4,28,5,1,2,2543.0,0.001,216.53,427.0,0.0554,0.0089,0.0718,0.1914,66.0,1.0,0,,,,,atypical_benign,3,6,4,1,0,0,1,3,0,0
txn_988c142ae727,22.94,0.3458,9,0,4,28,5,1,3,2130.0,0.0651,216.48,4063.0,0.0643,0.0136,0.0121,0.1914,66.0,1.0,0,,,,,routine_benign,3,8,4,1,0,3,3,6,3,0
txn_a5bb770f9022,47.42,0.1797,17,0,4,28,5,1,3,2130.0,0.0651,216.48,2814.0,0.0449,0.0034,0.1579,0.1684,601.0,1.0,0,,,,,routine_benign,3,8,3,1,0,0,0,3,1,0
txn_a23a20421348,42.56,0.3373,20,0,4,28,5,1,2,2130.0,0.0651,216.48,2885.0,0.0702,0.0123,0.3066,0.1684,601.0,1.0,0,,,,,routine_benign,3,8,4,1,0,1,1,2,3,0
txn_517ee7f398bd,32.74,0.3437,4,0,4,28,5,1,4,2130.0,0.0651,216.48,214.0,0.0285,0.0009,0.2845,0.1684,601.0,1.0,0,,,,,routine_benign,1,8,3,1,0,0,0,2,3,0
txn_41e3bdfcf674,72.76,0.0977,14,0,4,28,5,1,3,2883.0,0.0178,237.63,424.0,0.0799,0.0047,0.1834,0.1684,601.0,1.0,0,,,,,routine_benign,3,6,1,1,0,3,3,1,0,0
txn_0922bf832c8a,16.69,0.0566,21,0,4,28,5,1,3,2883.0,0.0178,237.63,2402.0,0.0095,0.0084,0.086,0.1684,601.0,1.0,0,,,,,routine_benign,1,8,1,1,0,4,4,1,3,0
txn_845f023bb5e5,255.27,0.3686,20,1,4,28,5,1,5,2883.0,0.0178,237.63,3232.0,0.0626,0.0079,0.0436,0.0467,461.0,0.0,0,,,,,atypical_benign,1,6,3,1,0,4,0,0,0,0
txn_a1b5203258ee,12.97,0.0756,15,0,4,28,5,1,3,2883.0,0.0178,237.63,3990.0,0.0719,0.0017,0.2548,0.0467,461.0,0.0,0,,,,,routine_benign,1,6,4,1,0,0,0,1,2,0
txn_bf81ac8028c5,35.07,0.2772,16,0,4,28,5,1,2,1527.0,0.036,132.61,976.0,0.0666,0.0119,0.3341,0.0467,461.0,0.0,0,,,,,routine_benign,4,4,4,1,0,3,3,3,0,0
txn_c5f0dec655b8,45.27,0.1927,4,0,4,28,5,1,2,1527.0,0.036,132.61,3952.0,0.0039,0.0064,0.2464,0.0467,461.0,0.0,0,,,,,routine_benign,2,10,3,1,0,5,5,0,2,0
txn_5a842742a4ba,14.86,0.0245,21,0,4,28,5,1,2,1527.0,0.036,132.61,2258.0,0.0111,0.0087,0.0514,0.0467,461.0,0.0,0,,,,,routine_benign,0,8,1,1,0,4,4,3,0,0
txn_bdf194480e4d,113.06,0.0345,5,0,4,28,5,1,4,1527.0,0.036,132.61,2538.0,0.0221,0.0123,0.1388,0.2355,1445.0,1.0,0,,,,,routine_benign,2,8,3,1,0,0,0,0,0,0
txn_4a10e972f2e0,84.86,0.153,4,0,4,27,5,1,4,2965.0,0.0296,32.61,2954.0,0.0315,0.0076,0.2489,0.2355,1445.0,1.0,0,,,,,routine_benign,1,4,1,1,0,3,3,6,0,0
txn_cbd5bb2d004c,17.99,0.1873,23,0,4,27,5,1,5,2965.0,0.0296,32.61,2201.0,0.0634,0.0044,0.3483,0.2355,1445.0,1.0,0,,,,,routine_benign,1,4,1,1,0,1,1,4,1,0
txn_bf5884aa33ab,23.53,0.3183,23,0,4,27,5,1,2,2965.0,0.0296,32.61,3960.0,0.0291,0.0043,0.14,0.2355,1445.0,1.0,0,,,,,routine_benign,3,10,4,1,0,4,4,5,0,0
txn_f6e10b9f9080,10.99,0.0261,23,0,4,27,5,1,2,2965.0,0.0296,32.61,4424.0,0.0212,0.0049,0.2499,0.2355,1445.0,1.0,0,,,,,routine_benign,0,4,1,1,0,5,5,3,1,0
txn_072e35710bc4,17.47,0.0476,18,0,4,28,5,1,3,2685.0,0.0213,270.5,712.0,0.0686,0.0107,0.2338,0.0016,440.0,1.0,0,,,,,routine_benign,4,10,3,1,0,2,2,2,2,0
txn_6b3469d7d8ed,28.53,0.0653,12,0,4,28,5,1,4,2685.0,0.0213,270.5,427.0,0.0554,0.0089,0.0718,0.0016,440.0,1.0,0,,,,,routine_benign,3,10,1,1,0,1,1,6,2,0
txn_260df4089cb9,53.06,0.3247,6,0,4,28,5,1,1,2685.0,0.0213,270.5,4063.0,0.0643,0.0136,0.0121,0.0016,440.0,1.0,0,,,,,routine_benign,1,4,3,1,0,5,5,4,0,0
txn_ae292018adc8,17.52,0.3469,18,0,4,28,5,1,4,2685.0,0.0213,270.5,2814.0,0.0449,0.0034,0.1579,0.0016,440.0,1.0,0,,,,,routine_benign,4,8,3,1,0,2,2,6,3,0
txn_8cf6767299fd,39.11,0.1937,13,0,4,28,5,1,1,1229.0,0.0681,61.8,2885.0,0.0702,0.0123,0.3066,0.0016,440.0,1.0,0,,,,,routine_benign,0,4,1,1,0,5,5,5,0,0
txn_06559c0621e2,14.08,0.0323,7,0,4,28,5,1,3,1229.0,0.0681,61.8,214.0,0.0285,0.0009,0.2845,0.1144,443.0,0.0,0,,,,,routine_benign,2,4,1,1,0,2,2,6,2,0
txn_34ce164b2a16,11.82,0.0975,7,0,4,28,5,1,2,1229.0,0.0681,61.8,424.0,0.0799,0.0047,0.1834,0.1144,443.0,0.0,0,,,,,routine_benign,4,6,4,1,0,0,0,0,3,0
txn_32c5e1cecc7a,33.37,0.2313,1,0,4,28,5,1,5,1229.0,0.0681,61.8,2402.0,0.0095,0.0084,0.086,0.1144,443.0,0.0,0,,,,,routine_benign,0,8,1,1,0,2,2,5,3,0
txn_771b90599798,121.68,0.2196,1,0,4,28,5,1,2,1419.0,0.0474,52.49,3232.0,0.0626,0.0079,0.0436,0.1144,443.0,0.0,0,,,,,routine_benign,4,8,4,1,0,3,3,4,0,0
txn_39bc0cb4dedf,25.99,0.2374,9,0,4,28,5,1,5,1419.0,0.0474,52.49,3990.0,0.0719,0.0017,0.2548,0.1144,443.0,0.0,0,,,,,routine_benign,1,4,1,1,0,3,3,4,3,0
txn_6992f3476a67,42.13,0.1539,1,0,4,28,5,1,3,1419.0,0.0474,52.49,976.0,0.0666,0.0119,0.3341,0.2257,342.0,0.0,0,,,,,routine_benign,1,4,4,1,0,1,1,6,3,0
txn_4e7cc2629b64,129.23,0.0636,9,0,4,28,5,1,3,1419.0,0.0474,52.49,3952.0,0.0039,0.0064,0.2464,0.2257,342.0,0.0,0,,,,,routine_benign,3,10,1,1,0,1,1,2,2,0
txn_9bc17c4ddd65,15.79,0.1259,4,0,4,28,5,1,2,2190.0,0.0724,195.34,2258.0,0.0111,0.0087,0.0514,0.2257,342.0,0.0,0,,,,,routine_benign,1,10,4,1,0,5,5,6,3,0
txn_b472fb7f8071,81.59,0.3116,22,0,4,28,5,1,1,2190.0,0.0724,195.34,2538.0,0.0221,0.0123,0.1388,0.2257,342.0,0.0,0,,,,,routine_benign,1,10,4,1,0,0,0,2,3,0
txn_9d9c56a785a6,52.58,0.1366,20,0,4,27,5,1,2,2190.0,0.0724,195.34,2954.0,0.0315,0.0076,0.2489,0.2257,342.0,0.0,0,,,,,routine_benign,4,10,3,1,0,3,3,6,3,0
txn_b41b9cf9ae0c,610.46,0.273,2,1,4,27,5,1,3,2190.0,0.0724,195.34,2201.0,0.0634,0.0044,0.3483,0.0251,786.0,1.0,0,,,,,atypical_benign,4,10,4,1,0,0,5,2,0,0
txn_08d78f947c3c,81.19,0.1638,2,0,4,27,5,1,1,313.0,0.0562,276.38,3960.0,0.0291,0.0043,0.14,0.0251,786.0,1.0,0,,,,,routine_benign,1,4,4,1,0,4,4,1,1,0
txn_78787a29fe0a,93.28,0.0409,1,0,4,27,5,1,1,313.0,0.0562,276.38,4424.0,0.0212,0.0049,0.2499,0.0251,786.0,1.0,0,,,,,routine_benign,2,10,3,1,0,4,4,4,0,0
txn_8877a99f531d,55.64,0.0724,20,0,4,28,5,1,4,313.0,0.0562,276.38,712.0,0.0686,0.0107,0.2338,0.0251,786.0,1.0,0,,,,,routine_benign,2,10,4,1,0,0,0,3,2,0
txn_9092689d3aaa,22.81,0.0411,1,0,4,28,5,1,3,313.0,0.0562,276.38,427.0,0.0554,0.0089,0.0718,0.0251,786.0,1.0,0,,,,,routine_benign,2,6,1,1,0,4,4,4,2,0
txn_2d0f231ebf60,36.83,0.141,4,0,4,28,5,1,1,1271.0,0.0612,46.98,4063.0,0.0643,0.0136,0.0121,0.1159,1191.0,1.0,0,,,,,routine_benign,0,10,4,1,0,5,5,2,2,0
txn_80616973b431,17.29,0.348,21,0,4,28,5,1,5,1271.0,0.0612,46.98,2814.0,0.0449,0.0034,0.1579,0.1159,1191.0,1.0,0,,,,,routine_benign,0,8,3,1,0,3,3,3,0,0
txn_0bd3ebd2d3ab,27.85,0.224,9,0,4,28,5,1,3,1271.0,0.0612,46.98,2885.0,0.0702,0.0123,0.3066,0.1159,1191.0,1.0,0,,,,,routine_benign,3,8,1,1,0,0,0,1,0,0
txn_4303379b819e,53.88,0.2773,2,0,4,28,5,1,3,1271.0,0.0612,46.98,214.0,0.0285,0.0009,0.2845,0.1159,1191.0,1.0,0,,,,,routine_benign,2,4,1,1,0,1,1,2,2,0
txn_96e9307fed6a,74.7,0.0669,19,0,4,28,5,1,3,2136.0,0.032,268.1,424.0,0.0799,0.0047,0.1834,0.1159,1191.0,1.0,0,,,,,routine_benign,4,10,1,1,0,0,0,4,1,0
txn_0b79f6bdf4cb,58.1,0.1713,3,0,4,28,5,1,2,2136.0,0.032,268.1,2402.0,0.0095,0.0084,0.086,0.0332,1064.0,1.0,0,,,,,routine_benign,3,10,4,1,0,4,4,5,3,0
txn_a1ff45b77adb,31.48,0.1682,8,0,4,28,5,1,3,2136.0,0.032,268.1,3232.0,0.0626,0.0079,0.0436,0.0332,1064.0,1.0,0,,,,,routine_benign,2,4,3,1,0,4,4,0,2,0
txn_6766849de74d,25.03,0.1127,10,0,4,28,5,1,3,2136.0,0.032,268.1,3990.0,0.0719,0.0017,0.2548,0.0332,1064.0,1.0,0,,,,,routine_benign,4,4,3,1,0,2,2,1,1,0
txn_f62b113218b9,49.61,0.3596,8,0,4,28,5,1,3,1150.0,0.0183,49.83,976.0,0.0666,0.0119,0.3341,0.0332,1064.0,1.0,0,,,,,routine_benign,1,4,4,1,0,2,2,4,1,0
txn_e76ece30cf1c,43.35,0.0578,14,0,4,28,5,1,1,1150.0,0.0183,49.83,3952.0,0.0039,0.0064,0.2464,0.0332,1064.0,1.0,0,,,,,routine_benign,0,6,4,1,0,1,1,3,1,0
txn_3b762a21a5b7,63.49,0.084,2,0,4,28,5,1,4,1150.0,0.0183,49.83,2258.0,0.0111,0.0087,0.0514,0.006,154.0,1.0,0,,,,,routine_benign,4,6,1,1,0,3,3,1,3,0
txn_aec2f9245ef3,28.17,0.2397,21,0,4,28,5,1,5,1150.0,0.0183,49.83,2538.0,0.0221,0.0123,0.1388,0.006,154.0,1.0,0,,,,,routine_benign,2,6,3,1,0,4,4,2,0,0
txn_56ee7142acce,41.87,0.5501,10,0,4,27,5,1,4,379.0,0.0769,210.62,2954.0,0.0315,0.0076,0.2489,0.006,154.0,1.0,0,,,,,atypical_benign,2,10,4,1,0,1,1,5,3,0
txn_e85c6354058f,44.68,0.1948,19,0,4,27,5,1,3,379.0,0.0769,210.62,2201.0,0.0634,0.0044,0.3483,0.006,154.0,1.0,0,,,,,routine_benign,4,6,4,1,0,3,3,1,0,0
txn_4060249dc10e,16.3,0.4376,21,1,4,27,5,1,6,379.0,0.0769,210.62,3960.0,0.0291,0.0043,0.14,0.006,154.0,1.0,0,,,,,atypical_benign,3,6,3,1,1,0,2,0,2,1
txn_4a072ec1689b,32.01,0.3296,0,0,4,27,5,1,3,379.0,0.0769,210.62,4424.0,0.0212,0.0049,0.2499,0.1681,1466.0,1.0,0,,,,,routine_benign,1,6,4,1,0,1,1,3,2,0
txn_42418544e97c,56.91,0.0814,16,0,4,28,5,1,4,226.0,0.0654,256.24,712.0,0.0686,0.0107,0.2338,0.1681,1466.0,1.0,0,,,,,routine_benign,0,10,1,1,0,0,0,3,3,0
txn_a033257aad54,33.04,0.1812,7,0,4,28,5,1,3,226.0,0.0654,256.24,427.0,0.0554,0.0089,0.0718,0.1681,1466.0,1.0,0,,,,,routine_benign,0,10,1,1,0,4,4,3,3,0
txn_1c7a03968364,31.39,0.1623,15,0,4,28,5,1,1,226.0,0.0654,256.24,4063.0,0.0643,0.0136,0.0121,0.1681,1466.0,1.0,0,,,,,routine_benign,1,4,4,1,0,5,5,3,1,0
txn_1e80e2177a57,71.14,0.2299,17,0,4,28,5,1,4,226.0,0.0654,256.24,2814.0,0.0449,0.0034,0.1579,0.1681,1466.0,1.0,0,,,,,routine_benign,0,10,3,1,0,3,3,5,1,0
txn_415cf330c09a,261.53,0.3823,8,0,4,28,5,1,4,2970.0,0.0135,244.86,2885.0,0.0702,0.0123,0.3066,0.0033,1106.0,0.0,0,,,,,atypical_benign,1,8,3,1,0,0,0,3,1,0
txn_e96350416edb,7.68,0.1383,8,0,4,28,5,1,2,2970.0,0.0135,244.86,214.0,0.0285,0.0009,0.2845,0.0033,1106.0,0.0,0,,,,,routine_benign,3,10,3,1,0,0,0,4,1,0
txn_8657f4f6448e,41.53,0.1121,8,0,4,28,5,1,5,2970.0,0.0135,244.86,424.0,0.0799,0.0047,0.1834,0.0033,1106.0,0.0,0,,,,,routine_benign,1,4,3,1,0,4,4,3,1,0
txn_6dda8254fc4b,31.13,0.1896,17,0,4,28,5,1,3,2970.0,0.0135,244.86,2402.0,0.0095,0.0084,0.086,0.0033,1106.0,0.0,0,,,,,routine_benign,3,8,3,1,0,3,3,4,3,0
txn_0037d8869a41,34.76,0.0538,2,0,4,28,5,1,3,554.0,0.0387,266.32,3232.0,0.0626,0.0079,0.0436,0.0033,1106.0,0.0,0,,,,,routine_benign,1,8,1,1,0,3,3,2,2,0
txn_f9a578955f6e,45.55,0.0277,11,0,4,28,5,1,4,554.0,0.0387,266.32,3990.0,0.0719,0.0017,0.2548,0.0195,258.0,1.0,0,,,,,routine_benign,1,10,1,1,0,4,4,2,3,0
txn_6f808f0ec025,12.31,0.1939,15,0,4,28,5,1,3,554.0,0.0387,266.32,976.0,0.0666,0.0119,0.3341,0.0195,258.0,1.0,0,,,,,routine_benign,2,8,3,1,0,3,3,1,3,0
txn_997f6c1e8b03,23.07,0.2449,8,0,4,28,5,1,3,554.0,0.0387,266.32,3952.0,0.0039,0.0064,0.2464,0.0195,258.0,1.0,0,,,,,routine_benign,4,4,3,1,0,4,4,5,0,0
txn_70b2cc571434,47.54,0.1641,12,0,4,28,5,1,4,2142.0,0.0511,270.09,2258.0,0.0111,0.0087,0.0514,0.0195,258.0,1.0,0,,,,,routine_benign,2,6,3,1,0,1,1,5,3,0
txn_d580cf977638,11.04,0.5184,2,1,4,28,5,1,2,2142.0,0.0511,270.09,2538.0,0.0221,0.0123,0.1388,0.0195,258.0,1.0,0,,,,,atypical_benign,1,6,1,1,0,2,1,6,1,0
txn_f29ff29e3e6c,145.99,0.3927,23,0,4,27,5,1,3,2142.0,0.0511,270.09,2954.0,0.0315,0.0076,0.2489,0.0645,796.0,0.0,0,,,,,atypical_benign,1,8,4,1,0,5,5,4,3,0
txn_a29d234c6a89,12.07,0.0738,6,0,4,27,5,1,5,2142.0,0.0511,270.09,2201.0,0.0634,0.0044,0.3483,0.0645,796.0,0.0,0,,,,,routine_benign,4,10,1,1,0,2,2,2,3,0
txn_c42ff4339bae,40.99,0.1846,3,0,4,27,5,1,2,504.0,0.0134,71.79,3960.0,0.0291,0.0043,0.14,0.0645,796.0,0.0,0,,,,,routine_benign,0,4,1,1,0,3,3,2,1,0
txn_c1216c359b62,87.93,0.0621,4,0,4,27,5,1,1,504.0,0.0134,71.79,4424.0,0.0212,0.0049,0.2499,0.0645,796.0,0.0,0,,,,,routine_benign,3,6,4,1,0,2,2,4,3,0
txn_428f0caec43d,7.98,0.2226,14,0,4,28,5,1,4,504.0,0.0134,71.79,712.0,0.0686,0.0107,0.2338,0.0645,796.0,0.0,0,,,,,routine_benign,0,10,1,1,0,1,1,1,3,0
txn_f93a2ea2ec2b,7.63,0.275,8,0,4,28,5,1,1,504.0,0.0134,71.79,427.0,0.0554,0.0089,0.0718,0.1753,158.0,1.0,0,,,,,routine_benign,4,10,4,1,0,4,4,1,1,0
txn_ab2304fb8759,71.17,0.1992,14,0,4,28,5,1,3,1635.0,0.0335,134.61,4063.0,0.0643,0.0136,0.0121,0.1753,158.0,1.0,0,,,,,routine_benign,4,10,1,1,0,5,5,4,1,0
txn_2b01441369a8,29.3,0.3465,0,0,4,28,5,1,2,1635.0,0.0335,134.61,2814.0,0.0449,0.0034,0.1579,0.1753,158.0,1.0,0,,,,,routine_benign,0,10,1,1,0,1,1,1,3,0
txn_f97da9a05ce1,14.24,0.3537,11,0,4,28,5,1,1,1635.0,0.0335,134.61,2885.0,0.0702,0.0123,0.3066,0.1753,158.0,1.0,0,,,,,routine_benign,1,4,3,1,0,0,0,4,2,0
txn_c39c60d5906c,49.36,0.2195,0,0,4,28,5,1,3,1635.0,0.0335,134.61,214.0,0.0285,0.0009,0.2845,0.1753,158.0,1.0,0,,,,,atypical_benign,3,10,1,1,0,1,1,6,2,0
txn_57a142e7e1d0,23.03,0.4599,15,0,4,28,5,1,6,426.0,0.0286,52.07,424.0,0.0799,0.0047,0.1834,0.2019,214.0,0.0,0,,,,,atypical_benign,2,6,1,1,1,3,3,1,2,1
txn_10f2caa6125e,236.18,0.4393,1,0,4,28,5,1,2,426.0,0.0286,52.07,2402.0,0.0095,0.0084,0.086,0.2019,214.0,0.0,0,,,,,atypical_benign,2,8,4,1,0,4,4,6,0,0
txn_ca81692a4376,9.88,0.2217,7,0,4,28,5,1,2,426.0,0.0286,52.07,3232.0,0.0626,0.0079,0.0436,0.2019,214.0,0.0,0,,,,,routine_benign,1,4,1,1,0,5,5,2,0,0
txn_f3daef0e9277,6.82,0.0698,23,0,4,28,5,1,3,426.0,0.0286,52.07,3990.0,0.0719,0.0017,0.2548,0.2019,214.0,0.0,0,,,,,routine_benign,3,6,3,1,0,3,3,6,0,0
txn_fc07d1d1df3a,33.09,0.2607,2,0,4,28,5,1,1,1095.0,0.0101,99.54,976.0,0.0666,0.0119,0.3341,0.2019,214.0,0.0,0,,,,,routine_benign,4,4,3,1,0,0,0,0,0,0
txn_837128f9fa3b,53.66,0.2234,13,0,4,28,5,1,2,1095.0,0.0101,99.54,3952.0,0.0039,0.0064,0.2464,0.108,1097.0,1.0,0,,,,,routine_benign,3,6,3,1,0,5,5,1,1,0
txn_682c35942588,11.09,0.3525,20,0,4,28,5,1,7,1095.0,0.0101,99.54,2258.0,0.0111,0.0087,0.0514,0.108,1097.0,1.0,0,,,,,routine_benign,2,8,1,1,0,1,1,2,0,0
txn_d4bdef6b68a2,36.52,0.088,2,0,4,28,5,1,3,1095.0,0.0101,99.54,2538.0,0.0221,0.0123,0.1388,0.108,1097.0,1.0,0,,,,,routine_benign,4,10,4,1,0,3,3,4,3,0
txn_10e794630841,29.07,0.3511,1,0,4,27,5,1,2,2007.0,0.0436,266.04,2954.0,0.0315,0.0076,0.2489,0.108,1097.0,1.0,0,,,,,routine_benign,1,6,3,1,0,1,1,6,1,0
txn_3acedbefaff0,14.72,0.1583,23,0,4,27,5,1,6,2007.0,0.0436,266.04,2201.0,0.0634,0.0044,0.3483,0.108,1097.0,1.0,0,,,,,routine_benign,2,6,3,1,0,2,2,4,3,0
txn_bab4233a5140,44.16,0.2746,20,0,4,27,5,1,5,2007.0,0.0436,266.04,3960.0,0.0291,0.0043,0.14,0.244,853.0,1.0,0,,,,,routine_benign,3,4,3,1,0,2,2,2,0,0
txn_5a57a08b85c4,9.73,0.2052,16,0,4,27,5,1,5,2007.0,0.0436,266.04,4424.0,0.0212,0.0049,0.2499,0.244,853.0,1.0,0,,,,,routine_benign,1,10,1,1,0,0,0,6,1,0
txn_9b956823ac76,55.07,0.2189,9,0,4,28,5,1,2,2245.0,0.0167,195.56,712.0,0.0686,0.0107,0.2338,0.244,853.0,1.0,0,,,,,routine_benign,1,8,3,1,0,3,3,4,1,0
txn_f0a54bdea293,42.35,0.2169,4,0,4,28,5,1,4,2245.0,0.0167,195.56,427.0,0.0554,0.0089,0.0718,0.244,853.0,1.0,0,,,,,routine_benign,4,4,3,1,0,0,0,1,2,0
txn_648809bbff62,28.97,0.1184,22,0,4,28,5,1,3,2245.0,0.0167,195.56,4063.0,0.0643,0.0136,0.0121,0.244,853.0,1.0,0,,,,,routine_benign,0,8,1,1,0,3,3,3,1,0
txn_fe5796b248ac,30.58,0.1806,10,0,4,28,5,1,5,2245.0,0.0167,195.56,2814.0,0.0449,0.0034,0.1579,0.0944,1300.0,1.0,0,,,,,routine_benign,1,4,3,1,0,1,1,4,2,0
txn_4750c136c7c6,16.93,0.1979,5,0,4,28,5,1,2,1167.0,0.0102,75.22,2885.0,0.0702,0.0123,0.3066,0.0944,1300.0,1.0,0,,,,,routine_benign,4,10,3,1,0,3,3,5,2,0
txn_fe61cfd35914,17.0,0.2343,11,0,4,28,5,1,5,1167.0,0.0102,75.22,214.0,0.0285,0.0009,0.2845,0.0944,1300.0,1.0,0,,,,,routine_benign,0,10,1,1,0,2,2,1,0,0
txn_75ef83f714b0,152.54,0.3356,16,0,4,28,5,1,3,1167.0,0.0102,75.22,424.0,0.0799,0.0047,0.1834,0.0944,1300.0,1.0,0,,,,,routine_benign,3,6,3,1,0,5,5,1,3,0
txn_0abe298c37a9,20.38,0.0618,8,0,4,28,5,1,3,1167.0,0.0102,75.22,2402.0,0.0095,0.0084,0.086,0.0944,1300.0,1.0,0,,,,,routine_benign,2,6,4,1,0,3,3,4,3,0
txn_35845e5cb9f8,12.17,0.1747,1,0,4,28,5,1,2,526.0,0.064,225.19,3232.0,0.0626,0.0079,0.0436,0.2436,1485.0,0.0,0,,,,,routine_benign,3,4,3,1,0,1,1,2,0,0
txn_99998e763c36,57.49,0.3278,6,0,4,28,5,1,4,526.0,0.064,225.19,3990.0,0.0719,0.0017,0.2548,0.2436,1485.0,0.0,0,,,,,routine_benign,4,10,3,1,0,0,0,2,3,0
txn_5ccd11c6d048,30.43,0.231,9,0,4,28,5,1,3,526.0,0.064,225.19,976.0,0.0666,0.0119,0.3341,0.2436,1485.0,0.0,0,,,,,routine_benign,0,4,3,1,0,3,3,1,2,0
txn_e04ab0e50378,15.42,0.1017,16,0,4,28,5,1,2,526.0,0.064,225.19,3952.0,0.0039,0.0064,0.2464,0.2436,1485.0,0.0,0,,,,,routine_benign,0,8,4,1,0,0,0,6,2,0
txn_0dcdff39edc7,8.44,0.2498,13,0,4,28,5,1,5,2303.0,0.0649,28.3,2258.0,0.0111,0.0087,0.0514,0.2436,1485.0,0.0,0,,,,,routine_benign,0,4,3,1,0,4,4,4,2,0
txn_019e9db5948b,91.02,0.2058,7,0,4,28,5,1,6,2303.0,0.0649,28.3,2538.0,0.0221,0.0123,0.1388,0.0322,1266.0,0.0,0,,,,,routine_benign,1,4,1,1,0,0,0,1,2,0
txn_12ff7662a170,29.19,0.1548,18,0,4,27,5,1,1,2303.0,0.0649,28.3,2954.0,0.0315,0.0076,0.2489,0.0322,1266.0,0.0,0,,,,,routine_benign,1,4,3,1,0,3,3,4,2,0
txn_714f0cca0db7,62.13,0.4296,20,0,4,27,5,1,1,2303.0,0.0649,28.3,2201.0,0.0634,0.0044,0.3483,0.0322,1266.0,0.0,0,,,,,atypical_benign,3,4,1,1,0,5,5,6,3,0
txn_4d9b83a7cae7,16.38,0.2457,11,0,4,27,5,1,1,1642.0,0.0527,120.1,3960.0,0.0291,0.0043,0.14,0.0322,1266.0,0.0,0,,,,,routine_benign,1,6,3,1,0,4,4,3,1,0
txn_16128210b190,13.45,0.518,14,0,4,27,5,1,4,1642.0,0.0527,120.1,4424.0,0.0212,0.0049,0.2499,0.0322,1266.0,0.0,0,,,,,atypical_benign,0,10,1,1,0,2,2,3,2,0
txn_68e2d1e7f177,64.44,0.1188,16,0,4,28,5,1,3,1642.0,0.0527,120.1,712.0,0.0686,0.0107,0.2338,0.0855,707.0,0.0,0,,,,,routine_benign,4,10,1,1,0,3,3,3,3,0
txn_3b1591111e38,10.86,0.1808,13,0,4,28,5,1,2,1642.0,0.0527,120.1,427.0,0.0554,0.0089,0.0718,0.0855,707.0,0.0,0,,,,,routine_benign,2,10,1,1,0,2,2,5,0,0
txn_be79b71ab6a0,237.49,0.4149,0,0,4,28,5,1,2,1676.0,0.0717,102.33,4063.0,0.0643,0.0136,0.0121,0.0855,707.0,0.0,0,,,,,atypical_benign,0,6,1,1,0,3,3,4,0,0
txn_2b88ea0818a4,16.0,0.0676,15,0,4,28,5,1,1,1676.0,0.0717,102.33,2814.0,0.0449,0.0034,0.1579,0.0855,707.0,0.0,0,,,,,routine_benign,3,10,4,1,0,4,4,6,0,0
txn_96d23b6e679c,65.35,0.0305,3,0,4,28,5,1,3,1676.0,0.0717,102.33,2885.0,0.0702,0.0123,0.3066,0.0855,707.0,0.0,0,,,,,routine_benign,4,10,4,1,0,5,5,0,0,0
txn_c4f32d0ecfc1,59.64,0.2688,1,0,4,28,5,1,2,1676.0,0.0717,102.33,214.0,0.0285,0.0009,0.2845,0.1133,1231.0,0.0,0,,,,,routine_benign,3,10,4,1,0,0,0,2,1,0
txn_9d9c57c4e84e,7.54,0.0697,12,0,4,28,5,1,2,1719.0,0.018,182.97,424.0,0.0799,0.0047,0.1834,0.1133,1231.0,0.0,0,,,,,routine_benign,4,4,3,1,0,4,4,4,2,0
txn_ec9fba645037,37.04,0.3248,15,0,4,28,5,1,3,1719.0,0.018,182.97,2402.0,0.0095,0.0084,0.086,0.1133,1231.0,0.0,0,,,,,routine_benign,2,6,1,1,0,4,4,5,2,0
txn_1c7e3cd704b5,91.21,0.2902,22,0,4,28,5,1,2,1719.0,0.018,182.97,3232.0,0.0626,0.0079,0.0436,0.1133,1231.0,0.0,0,,,,,routine_benign,0,8,1,1,0,5,5,5,0,0
txn_8c7d69b2acbe,35.14,0.3291,16,1,4,28,5,1,3,1719.0,0.018,182.97,3990.0,0.0719,0.0017,0.2548,0.1133,1231.0,0.0,0,,,,,atypical_benign,2,6,4,1,0,4,2,1,2,0
txn_9fa857beed87,82.06,0.2862,2,0,4,28,5,1,3,459.0,0.0657,273.47,976.0,0.0666,0.0119,0.3341,0.1609,403.0,1.0,0,,,,,routine_benign,0,4,4,1,0,1,1,3,2,0
txn_f2d8fff263b9,32.53,0.0574,22,0,4,28,5,1,3,459.0,0.0657,273.47,3952.0,0.0039,0.0064,0.2464,0.1609,403.0,1.0,0,,,,,routine_benign,0,8,3,1,0,5,5,0,3,0
txn_d5322d9d795b,66.37,0.0877,13,0,4,28,5,1,4,459.0,0.0657,273.47,2258.0,0.0111,0.0087,0.0514,0.1609,403.0,1.0,0,,,,,routine_benign,0,8,1,1,0,0,0,6,3,0
txn_724d61705cee,17.91,0.3149,2,0,4,28,5,1,7,459.0,0.0657,273.47,2538.0,0.0221,0.0123,0.1388,0.1609,403.0,1.0,0,,,,,routine_benign,1,10,3,1,0,2,2,4,0,0
txn_96d436568eaf,43.21,0.0781,6,0,4,27,5,1,3,753.0,0.0194,48.83,2954.0,0.0315,0.0076,0.2489,0.1609,403.0,1.0,0,,,,,routine_benign,2,6,3,1,0,5,5,6,3,0
txn_6e307b788d32,36.4,0.3703,14,0,4,27,5,1,4,753.0,0.0194,48.83,2201.0,0.0634,0.0044,0.3483,0.2432,1437.0,1.0,0,,,,,atypical_benign,0,10,3,1,0,3,3,2,3,0
txn_25d0940ac80f,18.87,0.3027,2,0,4,27,5,1,2,753.0,0.0194,48.83,3960.0,0.0291,0.0043,0.14,0.2432,1437.0,1.0,0,,,,,routine_benign,3,8,3,1,0,1,1,4,1,0
txn_c4d56caa58b5,52.41,0.1642,2,0,4,27,5,1,1,753.0,0.0194,48.83,4424.0,0.0212,0.0049,0.2499,0.2432,1437.0,1.0,0,,,,,routine_benign,1,10,1,1,0,3,3,2,0,0
txn_e509b3c87ca2,28.07,0.5907,20,0,4,28,5,1,3,2105.0,0.0341,83.91,712.0,0.0686,0.0107,0.2338,0.2432,1437.0,1.0,0,,,,,atypical_benign,2,10,1,1,1,2,2,1,3,2
txn_b7ec0a9b1b86,29.98,0.3589,4,0,4,28,5,1,5,2105.0,0.0341,83.91,427.0,0.0554,0.0089,0.0718,0.2432,1437.0,1.0,0,,,,,routine_benign,2,8,4,1,0,1,1,0,0,0
txn_371737deb9f1,28.8,0.3116,20,0,4,28,5,1,1,2105.0,0.0341,83.91,4063.0,0.0643,0.0136,0.0121,0.0343,273.0,0.0,0,,,,,routine_benign,2,4,4,1,0,4,4,2,1,0
txn_01041bf59f01,25.38,0.1819,4,0,4,28,5,1,3,2105.0,0.0341,83.91,2814.0,0.0449,0.0034,0.1579,0.0343,273.0,0.0,0,,,,,routine_benign,0,8,4,1,0,5,5,1,3,0
txn_78a1ff63db04,312.82,0.2205,21,0,4,28,5,1,2,2951.0,0.0015,71.76,2885.0,0.0702,0.0123,0.3066,0.0343,273.0,0.0,0,,,,,atypical_benign,3,4,1,1,0,4,4,2,2,0
txn_b1237ce3178b,349.05,0.5784,13,0,4,28,5,1,4,2951.0,0.0015,71.76,214.0,0.0285,0.0009,0.2845,0.0343,273.0,0.0,0,,,,,atypical_benign,0,6,1,1,0,1,1,5,0,0
txn_c6fe8597fced,79.9,0.3106,7,0,4,28,5,1,2,2951.0,0.0015,71.76,424.0,0.0799,0.0047,0.1834,0.0343,273.0,0.0,0,,,,,routine_benign,1,6,3,1,0,0,0,5,3,0
txn_91f8567c3097,33.15,0.18,7,0,4,28,5,1,4,2951.0,0.0015,71.76,2402.0,0.0095,0.0084,0.086,0.1164,346.0,0.0,0,,,,,routine_benign,3,6,3,1,0,2,2,6,2,0
txn_d37a76998cc6,233.48,0.2086,23,0,4,28,5,1,1,1978.0,0.0359,148.63,3232.0,0.0626,0.0079,0.0436,0.1164,346.0,0.0,0,,,,,atypical_benign,1,6,3,1,0,1,1,2,3,0
txn_e5f845594915,9.83,0.2104,22,0,4,28,5,1,2,1978.0,0.0359,148.63,3990.0,0.0719,0.0017,0.2548,0.1164,346.0,0.0,0,,,,,routine_benign,4,8,3,1,0,2,2,6,3,0
txn_cd21ac23fcc3,81.98,0.1996,7,0,4,28,5,1,4,1978.0,0.0359,148.63,976.0,0.0666,0.0119,0.3341,0.1164,346.0,0.0,0,,,,,routine_benign,4,8,4,1,0,0,0,4,1,0
txn_597bf15bf8ab,32.59,0.357,23,0,4,28,5,1,3,1978.0,0.0359,148.63,3952.0,0.0039,0.0064,0.2464,0.1164,346.0,0.0,0,,,,,routine_benign,0,4,4,1,0,0,0,6,0,0
txn_67523df8d90e,6.65,0.0688,0,0,4,28,5,1,4,311.0,0.075,115.35,2258.0,0.0111,0.0087,0.0514,0.1523,568.0,0.0,0,,,,,routine_benign,1,8,3,1,0,2,2,6,0,0
txn_33ce10af2656,52.08,0.2902,0,0,4,28,5,1,2,311.0,0.075,115.35,2538.0,0.0221,0.0123,0.1388,0.1523,568.0,0.0,0,,,,,routine_benign,0,8,3,1,0,2,2,5,1,0
txn_8f7fc0486d14,16.77,0.3521,8,0,4,27,5,1,4,311.0,0.075,115.35,2954.0,0.0315,0.0076,0.2489,0.1523,568.0,0.0,0,,,,,routine_benign,0,8,1,1,0,5,5,1,3,0
txn_380f8b851323,14.46,0.214,0,0,4,27,5,1,6,311.0,0.075,115.35,2201.0,0.0634,0.0044,0.3483,0.1523,568.0,0.0,0,,,,,routine_benign,1,6,1,1,0,0,0,6,0,0
txn_5091edc6d0d4,67.11,0.2623,0,0,4,27,5,1,4,838.0,0.0375,211.55,3960.0,0.0291,0.0043,0.14,0.1523,568.0,0.0,0,,,,,routine_benign,1,4,1,1,0,4,4,4,3,0
txn_fd50e4c4db5c,21.19,0.0224,1,0,4,27,5,1,1,838.0,0.0375,211.55,4424.0,0.0212,0.0049,0.2499,0.1278,663.0,1.0,0,,,,,routine_benign,4,8,3,1,0,1,1,3,1,0
txn_d754b0a696b1,11.75,0.0446,0,0,4,28,5,1,5,838.0,0.0375,211.55,712.0,0.0686,0.0107,0.2338,0.1278,663.0,1.0,0,,,,,routine_benign,0,6,1,1,0,5,5,5,3,0
txn_43617bc77889,16.05,0.2396,16,0,4,28,5,1,1,838.0,0.0375,211.55,427.0,0.0554,0.0089,0.0718,0.1278,663.0,1.0,0,,,,,routine_benign,2,8,3,1,0,5,5,1,2,0
txn_0680d9a494e5,8.43,0.1831,8,0,4,28,5,1,4,508.0,0.0071,271.76,4063.0,0.0643,0.0136,0.0121,0.1278,663.0,1.0,0,,,,,routine_benign,3,6,4,1,0,5,5,6,1,0
txn_13ea7b2c09c4,125.95,0.1998,0,0,4,28,5,1,2,508.0,0.0071,271.76,2814.0,0.0449,0.0034,0.1579,0.1278,663.0,1.0,0,,,,,atypical_benign,1,8,4,1,1,3,3,0,2,1
txn_88a3054463e9,62.94,0.2128,19,0,4,28,5,1,4,508.0,0.0071,271.76,2885.0,0.0702,0.0123,0.3066,0.2365,1071.0,0.0,0,,,,,routine_benign,1,4,4,1,0,2,2,6,2,0
txn_43f787abe3d6,68.85,0.2547,3,0,4,28,5,1,2,508.0,0.0071,271.76,214.0,0.0285,0.0009,0.2845,0.2365,1071.0,0.0,0,,,,,routine_benign,4,6,1,1,0,2,2,4,2,0
txn_77d54b83d33e,24.94,0.1626,11,0,4,28,5,1,1,2559.0,0.0138,66.9,424.0,0.0799,0.0047,0.1834,0.2365,1071.0,0.0,0,,,,,routine_benign,0,4,4,1,0,4,4,3,1,0
txn_bed540bf80db,36.98,0.0586,10,0,4,28,5,1,1,2559.0,0.0138,66.9,2402.0,0.0095,0.0084,0.086,0.2365,1071.0,0.0,0,,,,,routine_benign,0,4,4,1,0,5,5,0,3,0
txn_8bc2af094c66,25.64,0.2634,10,0,4,28,5,1,2,2559.0,0.0138,66.9,3232.0,0.0626,0.0079,0.0436,0.2365,1071.0,0.0,0,,,,,routine_benign,0,8,1,1,0,0,0,5,0,0
txn_a8394fcb1871,37.19,0.2033,12,0,4,28,5,1,2,2559.0,0.0138,66.9,3990.0,0.0719,0.0017,0.2548,0.1044,1500.0,1.0,0,,,,,routine_benign,1,10,3,1,0,3,3,4,0,0
txn_20b780656930,23.38,0.3336,9,0,4,28,5,1,7,181.0,0.0434,199.25,976.0,0.0666,0.0119,0.3341,0.1044,1500.0,1.0,0,,,,,routine_benign,2,4,3,1,0,1,1,2,1,0
txn_feafa79cbb46,44.54,0.1572,4,0,4,28,5,1,3,181.0,0.0434,199.25,3952.0,0.0039,0.0064,0.2464,0.1044,1500.0,1.0,0,,,,,routine_benign,4,6,4,1,0,0,0,2,2,0
txn_813df8b41e46,47.71,0.2414,6,0,4,28,5,1,3,181.0,0.0434,199.25,2258.0,0.0111,0.0087,0.0514,0.1044,1500.0,1.0,0,,,,,routine_benign,1,4,4,1,0,1,1,3,3,0
txn_f59ead576a43,9.98,0.2008,14,0,4,28,5,1,3,181.0,0.0434,199.25,2538.0,0.0221,0.0123,0.1388,0.1044,1500.0,1.0,0,,,,,routine_benign,4,10,3,1,0,4,4,2,2,0
txn_3e5f49b1ef69,7.68,0.2232,9,0,85,85,1,3,2,215.0,0.0396,246.54,439.0,0.1313,0.0031,0.5974,0.0,0.0,0.0,1,credential_based_fraud,card_testing,cred_card_testing_001,scn_67ebf15987d6,overt_fraud,0,0,1,1,0,4,4,0,2,0
txn_b1a89d1f6dd8,5.97,0.4365,9,0,85,85,63,3,3,215.0,0.0396,246.54,439.0,0.1313,0.0031,0.5974,0.4086,165.0,0.0,1,credential_based_fraud,card_testing,cred_card_testing_001,scn_67ebf15987d6,overt_fraud,3,0,1,1,1,2,2,0,1,1
txn_dad3e8df4fb4,4.83,0.4002,9,0,85,85,63,3,4,215.0,0.0396,246.54,439.0,0.1313,0.0031,0.5974,0.4086,165.0,0.0,1,credential_based_fraud,card_testing,cred_card_testing_001,scn_67ebf15987d6,overt_fraud,4,0,1,1,1,5,5,0,2,2
txn_1dad71200c4a,3.9,0.08,9,0,85,85,63,3,5,215.0,0.0396,246.54,439.0,0.1313,0.0031,0.5974,0.4086,165.0,0.0,1,credential_based_fraud,card_testing,cred_card_testing_001,scn_67ebf15987d6,overt_fraud,0,0,1,1,0,3,3,6,1,0
txn_785e46f55609,5.76,0.216,9,0,85,85,1,3,6,215.0,0.0396,246.54,439.0,0.1313,0.0031,0.5974,0.0,0.0,0.0,1,credential_based_fraud,card_testing,cred_card_testing_001,scn_67ebf15987d6,overt_fraud,4,0,1,1,1,2,2,2,2,2
txn_a36bacc01a9d,5.63,0.3076,10,0,85,85,63,3,7,215.0,0.0396,246.54,439.0,0.1313,0.0031,0.5974,0.4086,165.0,0.0,1,credential_based_fraud,card_testing,cred_card_testing_001,scn_67ebf15987d6,overt_fraud,4,0,1,1,1,4,4,6,2,1
txn_ff47f4c53f49,7.35,0.3769,10,0,85,85,63,3,8,215.0,0.0396,246.54,439.0,0.1313,0.0031,0.5974,0.4086,165.0,0.0,1,credential_based_fraud,card_testing,cred_card_testing_001,scn_67ebf15987d6,overt_fraud,3,0,1,1,0,2,2,3,1,0
txn_8d116f66a2a8,1.55,0.5161,10,0,85,85,63,3,9,215.0,0.0396,246.54,439.0,0.1313,0.0031,0.5974,0.4086,165.0,0.0,1,credential_based_fraud,card_testing,cred_card_testing_001,scn_67ebf15987d6,overt_fraud,3,0,1,1,1,1,1,2,1,2
txn_76964d5cf2d6,3.21,0.3749,10,0,85,85,1,3,10,215.0,0.0396,246.54,439.0,0.1313,0.0031,0.5974,0.0,0.0,0.0,1,credential_based_fraud,card_testing,cred_card_testing_001,scn_67ebf15987d6,overt_fraud,2,0,1,1,1,1,1,2,1,2
txn_5106ac76a3cb,5.6,0.36,10,0,85,85,63,3,11,215.0,0.0396,246.54,439.0,0.1313,0.0031,0.5974,0.4086,165.0,0.0,1,credential_based_fraud,card_testing,cred_card_testing_001,scn_67ebf15987d6,overt_fraud,3,0,1,1,0,5,5,0,1,0
txn_8762a93c8d06,4.47,0.2996,10,0,85,85,63,3,11,215.0,0.0396,246.54,439.0,0.1313,0.0031,0.5974,0.4086,165.0,0.0,1,credential_based_fraud,card_testing,cred_card_testing_001,scn_67ebf15987d6,overt_fraud,3,0,1,1,1,4,4,1,2,2
txn_5197dda934ca,1.34,0.2616,10,0,85,85,63,3,12,215.0,0.0396,246.54,439.0,0.1313,0.0031,0.5974,0.4086,165.0,0.0,1,credential_based_fraud,card_testing,cred_card_testing_001,scn_67ebf15987d6,overt_fraud,1,0,1,1,1,0,0,6,1,2
txn_611f25b0d334,2.48,0.2573,10,0,85,85,1,3,13,215.0,0.0396,246.54,439.0,0.1313,0.0031,0.5974,0.0,0.0,0.0,1,credential_based_fraud,card_testing,cred_card_testing_001,scn_67ebf15987d6,overt_fraud,3,0,1,1,0,5,5,1,2,0
txn_837a0dc1ab20,1.65,0.3295,10,0,85,85,63,3,14,215.0,0.0396,246.54,439.0,0.1313,0.0031,0.5974,0.4086,165.0,0.0,1,credential_based_fraud,card_testing,cred_card_testing_001,scn_67ebf15987d6,overt_fraud,2,0,1,1,1,1,1,2,2,1
txn_f91d2bb11697,1.34,0.341,10,0,85,85,63,3,15,215.0,0.0396,246.54,439.0,0.1313,0.0031,0.5974,0.4086,165.0,0.0,1,credential_based_fraud,card_testing,cred_card_testing_001,scn_67ebf15987d6,overt_fraud,0,0,1,1,1,0,0,1,1,1
txn_961bd429d906,4.14,0.4516,10,0,85,85,63,3,16,215.0,0.0396,246.54,439.0,0.1313,0.0031,0.5974,0.4086,165.0,0.0,1,credential_based_fraud,card_testing,cred_card_testing_001,scn_67ebf15987d6,overt_fraud,4,0,1,1,0,0,0,1,2,0
txn_0f6b2a777378,2.49,0.5752,10,0,85,85,1,3,17,215.0,0.0396,246.54,439.0,0.1313,0.0031,0.5974,0.0,0.0,0.0,1,credential_based_fraud,card_testing,cred_card_testing_001,scn_67ebf15987d6,overt_fraud,3,0,1,1,1,3,3,4,2,1
txn_4b9936ea3562,3.49,0.2172,10,0,85,85,63,3,18,215.0,0.0396,246.54,439.0,0.1313,0.0031,0.5974,0.4086,165.0,0.0,1,credential_based_fraud,card_testing,cred_card_testing_001,scn_67ebf15987d6,overt_fraud,0,0,1,1,1,1,1,4,1,2
txn_658326e22a2c,0.66,0.5839,10,0,85,85,63,3,19,215.0,0.0396,246.54,439.0,0.1313,0.0031,0.5974,0.4086,165.0,0.0,1,credential_based_fraud,card_testing,cred_card_testing_001,scn_67ebf15987d6,overt_fraud,3,0,1,1,0,5,5,6,2,0
txn_5ac058390fee,6.95,0.3445,10,0,85,85,63,3,18,215.0,0.0396,246.54,439.0,0.1313,0.0031,0.5974,0.4086,165.0,0.0,1,credential_based_fraud,card_testing,cred_card_testing_001,scn_67ebf15987d6,overt_fraud,4,0,1,1,1,5,5,2,2,1
txn_455227f53b50,4.54,0.3411,10,0,85,85,1,3,19,215.0,0.0396,246.54,439.0,0.1313,0.0031,0.5974,0.0,0.0,0.0,1,credential_based_fraud,card_testing,cred_card_testing_001,scn_67ebf15987d6,overt_fraud,3,0,1,1,1,2,2,2,1,1
txn_7bc2e5ef0ccf,3.73,0.514,10,0,85,85,63,3,19,215.0,0.0396,246.54,439.0,0.1313,0.0031,0.5974,0.4086,165.0,0.0,1,credential_based_fraud,card_testing,cred_card_testing_001,scn_67ebf15987d6,overt_fraud,1,0,1,1,0,4,4,4,1,0
txn_8df1cc6e159b,3.52,0.334,11,1,85,85,63,3,20,215.0,0.0396,246.54,439.0,0.1313,0.0031,0.5974,0.4086,165.0,0.0,1,credential_based_fraud,card_testing,cred_card_testing_001,scn_67ebf15987d6,overt_fraud,0,0,1,1,1,1,5,1,2,1
txn_ed8980e8518e,2.59,0.4371,11,0,85,85,63,3,20,215.0,0.0396,246.54,439.0,0.1313,0.0031,0.5974,0.4086,165.0,0.0,1,credential_based_fraud,card_testing,cred_card_testing_001,scn_67ebf15987d6,overt_fraud,2,0,1,1,1,4,4,1,2,1
txn_2c5073a302e9,1.23,0.6917,11,0,85,85,1,3,20,215.0,0.0396,246.54,439.0,0.1313,0.0031,0.5974,0.0,0.0,0.0,1,credential_based_fraud,card_testing,cred_card_testing_001,scn_67ebf15987d6,overt_fraud,3,0,1,1,0,4,4,1,2,0
txn_15cbb6df8e38,4.11,0.2624,11,0,85,85,63,3,20,215.0,0.0396,246.54,439.0,0.1313,0.0031,0.5974,0.4086,165.0,0.0,1,credential_based_fraud,card_testing,cred_card_testing_001,scn_67ebf15987d6,overt_fraud,1,0,1,1,1,3,3,0,2,2
txn_7aeb847bd287,7.45,0.2478,11,1,85,85,63,3,18,215.0,0.0396,246.54,439.0,0.1313,0.0031,0.5974,0.4086,165.0,0.0,1,credential_based_fraud,card_testing,cred_card_testing_001,scn_67ebf15987d6,overt_fraud,1,0,1,1,1,4,0,5,1,2
txn_52286cc0175e,1.92,0.0885,11,0,85,85,63,3,17,215.0,0.0396,246.54,439.0,0.1313,0.0031,0.5974,0.4086,165.0,0.0,1,credential_based_fraud,card_testing,cred_card_testing_001,scn_67ebf15987d6,overt_fraud,2,0,1,1,0,0,0,0,2,0
txn_94a89a411f1f,4.88,0.5116,11,0,85,85,1,3,17,215.0,0.0396,246.54,439.0,0.1313,0.0031,0.5974,0.0,0.0,0.0,1,credential_based_fraud,card_testing,cred_card_testing_001,scn_67ebf15987d6,overt_fraud,3,0,1,1,1,1,1,1,2,1
txn_c04bd16360a6,5.56,0.3998,11,0,85,85,63,3,16,215.0,0.0396,246.54,439.0,0.1313,0.0031,0.5974,0.4086,165.0,0.0,1,credential_based_fraud,card_testing,cred_card_testing_001,scn_67ebf15987d6,overt_fraud,2,0,1,1,1,3,3,4,2,1
txn_c30600555ad4,5.15,0.4323,11,0,85,85,63,3,15,215.0,0.0396,246.54,439.0,0.1313,0.0031,0.5974,0.4086,165.0,0.0,1,credential_based_fraud,card_testing,cred_card_testing_001,scn_67ebf15987d6,overt_fraud,1,0,1,1,0,0,0,3,1,0
txn_8c40f34ceb91,3.47,0.29,11,0,85,85,63,3,13,215.0,0.0396,246.54,439.0,0.1313,0.0031,0.5974,0.4086,165.0,0.0,1,credential_based_fraud,card_testing,cred_card_testing_001,scn_67ebf15987d6,overt_fraud,0,0,1,1,1,1,1,4,1,2
txn_239e3960250f,1.05,0.4329,11,1,85,85,1,3,12,215.0,0.0396,246.54,439.0,0.1313,0.0031,0.5974,0.0,0.0,0.0,1,credential_based_fraud,card_testing,cred_card_testing_001,scn_67ebf15987d6,overt_fraud,2,0,1,1,1,5,1,2,1,1
txn_1a8acaea9a11,1.68,0.4427,11,0,85,85,63,3,11,215.0,0.0396,246.54,439.0,0.1313,0.0031,0.5974,0.4086,165.0,0.0,1,credential_based_fraud,card_testing,cred_card_testing_001,scn_67ebf15987d6,overt_fraud,3,0,1,1,0,5,5,3,1,0
txn_9c65ff930300,5.51,0.4128,11,0,85,85,63,3,11,215.0,0.0396,246.54,439.0,0.1313,0.0031,0.5974,0.4086,165.0,0.0,1,credential_based_fraud,card_testing,cred_card_testing_001,scn_67ebf15987d6,overt_fraud,3,0,1,1,1,0,0,5,2,1
txn_c82493cf76b7,2.54,0.301,11,0,85,85,63,3,11,215.0,0.0396,246.54,439.0,0.1313,0.0031,0.5974,0.4086,165.0,0.0,1,credential_based_fraud,card_testing,cred_card_testing_001,scn_67ebf15987d6,overt_fraud,3,0,1,1,1,5,5,6,1,1
txn_8312e25b4438,4.29,0.4736,11,0,85,85,1,3,11,215.0,0.0396,246.54,439.0,0.1313,0.0031,0.5974,0.0,0.0,0.0,1,credential_based_fraud,card_testing,cred_card_testing_001,scn_67ebf15987d6,overt_fraud,0,0,1,1,0,3,3,1,2,0
txn_6a1f9f4a3bcb,5.28,0.4252,11,1,85,85,63,3,11,215.0,0.0396,246.54,439.0,0.1313,0.0031,0.5974,0.4086,165.0,0.0,1,credential_based_fraud,card_testing,cred_card_testing_001,scn_67ebf15987d6,overt_fraud,0,0,1,1,1,2,4,6,1,1
txn_b6451a1dacb2,1.34,0.4403,11,0,85,85,63,3,11,215.0,0.0396,246.54,439.0,0.1313,0.0031,0.5974,0.4086,165.0,0.0,1,credential_based_fraud,card_testing,cred_card_testing_001,scn_67ebf15987d6,overt_fraud,2,0,1,1,1,0,0,2,2,1
txn_f5890d75f61c,3.23,0.1508,12,0,85,85,63,3,11,215.0,0.0396,246.54,439.0,0.1313,0.0031,0.5974,0.4086,165.0,0.0,1,credential_based_fraud,card_testing,cred_card_testing_001,scn_67ebf15987d6,overt_fraud,4,0,1,1,0,3,3,5,2,0
txn_aaf233f73757,3.15,0.5957,12,0,85,85,1,3,10,215.0,0.0396,246.54,439.0,0.1313,0.0031,0.5974,0.0,0.0,0.0,1,credential_based_fraud,card_testing,cred_card_testing_001,scn_67ebf15987d6,overt_fraud,3,0,1,1,1,1,1,1,1,1
txn_839bde980e57,7.11,0.2896,12,0,85,85,63,3,10,215.0,0.0396,246.54,439.0,0.1313,0.0031,0.5974,0.4086,165.0,0.0,1,credential_based_fraud,card_testing,cred_card_testing_001,scn_67ebf15987d6,overt_fraud,4,0,1,1,1,3,3,6,1,1
txn_4bf42a29b505,6.58,0.2999,12,0,85,85,63,3,10,215.0,0.0396,246.54,439.0,0.1313,0.0031,0.5974,0.4086,165.0,0.0,1,credential_based_fraud,card_testing,cred_card_testing_001,scn_67ebf15987d6,overt_fraud,0,0,1,1,0,4,4,6,2,0
txn_492ab1805c39,3.12,0.3634,12,0,85,85,63,3,10,215.0,0.0396,246.54,439.0,0.1313,0.0031,0.5974,0.4086,165.0,0.0,1,credential_based_fraud,card_testing,cred_card_testing_001,scn_67ebf15987d6,overt_fraud,2,0,1,1,1,4,4,6,2,2
txn_ebb497589953,2.59,0.2198,12,0,85,85,1,3,9,215.0,0.0396,246.54,439.0,0.1313,0.0031,0.5974,0.0,0.0,0.0,1,credential_based_fraud,card_testing,cred_card_testing_001,scn_67ebf15987d6,overt_fraud,4,0,1,1,1,1,1,1,1,2
txn_f9c8800384f6,7.54,0.4868,12,0,85,85,63,3,9,215.0,0.0396,246.54,439.0,0.1313,0.0031,0.5974,0.4086,165.0,0.0,1,credential_based_fraud,card_testing,cred_card_testing_001,scn_67ebf15987d6,overt_fraud,4,0,1,1,0,1,1,5,2,0
txn_ffce5c739f7e,0.79,0.3145,12,0,85,85,63,3,8,215.0,0.0396,246.54,439.0,0.1313,0.0031,0.5974,0.4086,165.0,0.0,1,credential_based_fraud,card_testing,cred_card_testing_001,scn_67ebf15987d6,overt_fraud,3,0,1,1,1,0,0,4,1,2
txn_22f5f99e5d06,3.39,0.1956,12,0,85,85,63,3,8,215.0,0.0396,246.54,439.0,0.1313,0.0031,0.5974,0.4086,165.0,0.0,1,credential_based_fraud,card_testing,cred_card_testing_001,scn_67ebf15987d6,overt_fraud,3,0,1,1,1,0,0,6,1,1
txn_d06e5ff24f3b,7.44,0.293,12,0,85,85,1,3,8,215.0,0.0396,246.54,439.0,0.1313,0.0031,0.5974,0.0,0.0,0.0,1,credential_based_fraud,card_testing,cred_card_testing_001,scn_67ebf15987d6,overt_fraud,3,0,1,1,1,5,5,3,2,1
txn_c777cbbfcb82,5.48,0.379,12,0,85,85,63,3,8,215.0,0.0396,246.54,439.0,0.1313,0.0031,0.5974,0.4086,165.0,0.0,1,credential_based_fraud,card_testing,cred_card_testing_001,scn_67ebf15987d6,overt_fraud,4,0,1,1,1,1,1,3,1,2
txn_819d04932fb4,2.95,0.4177,12,0,85,85,63,3,8,215.0,0.0396,246.54,439.0,0.1313,0.0031,0.5974,0.4086,165.0,0.0,1,credential_based_fraud,card_testing,cred_card_testing_001,scn_67ebf15987d6,overt_fraud,0,0,1,1,1,0,0,2,2,2
txn_5090b773d86a,5.12,0.5541,12,0,85,85,63,3,8,215.0,0.0396,246.54,439.0,0.1313,0.0031,0.5974,0.4086,165.0,0.0,1,credential_based_fraud,card_testing,cred_card_testing_001,scn_67ebf15987d6,overt_fraud,0,0,1,1,0,4,4,4,2,0
txn_0c59cccba17d,6.39,0.1644,12,0,85,85,1,3,8,215.0,0.0396,246.54,439.0,0.1313,0.0031,0.5974,0.0,0.0,0.0,1,credential_based_fraud,card_testing,cred_card_testing_001,scn_67ebf15987d6,overt_fraud,3,0,1,1,1,2,2,3,1,2
txn_bd5337993888,5.44,0.3708,12,0,85,85,63,3,8,215.0,0.0396,246.54,439.0,0.1313,0.0031,0.5974,0.4086,165.0,0.0,1,credential_based_fraud,card_testing,cred_card_testing_001,scn_67ebf15987d6,overt_fraud,0,0,1,1,1,3,3,2,1,1
txn_0de9837d129f,5.55,0.3627,12,0,85,85,63,3,8,215.0,0.0396,246.54,439.0,0.1313,0.0031,0.5974,0.4086,165.0,0.0,1,credential_based_fraud,card_testing,cred_card_testing_001,scn_67ebf15987d6,overt_fraud,2,0,1,1,0,5,5,1,2,0
txn_ce51258fbf87,3.92,0.3725,12,0,85,85,63,3,7,215.0,0.0396,246.54,439.0,0.1313,0.0031,0.5974,0.4086,165.0,0.0,1,credential_based_fraud,card_testing,cred_card_testing_001,scn_67ebf15987d6,overt_fraud,3,0,1,1,1,4,4,6,1,1
txn_9ea0d747d902,5.42,0.3531,13,0,85,85,1,3,6,215.0,0.0396,246.54,439.0,0.1313,0.0031,0.5974,0.0,0.0,0.0,1,credential_based_fraud,card_testing,cred_card_testing_001,scn_67ebf15987d6,overt_fraud,4,0,1,1,1,4,4,1,2,1
txn_87eb70147608,2.37,0.2225,13,0,85,85,63,3,6,215.0,0.0396,246.54,439.0,0.1313,0.0031,0.5974,0.4086,165.0,0.0,1,credential_based_fraud,card_testing,cred_card_testing_001,scn_67ebf15987d6,overt_fraud,4,0,1,1,0,1,1,4,2,0
txn_00b8d61234d1,7.63,0.4309,13,0,85,85,63,3,6,215.0,0.0396,246.54,439.0,0.1313,0.0031,0.5974,0.4086,165.0,0.0,1,credential_based_fraud,card_testing,cred_card_testing_001,scn_67ebf15987d6,overt_fraud,1,0,1,1,1,4,4,2,1,2
txn_34c1a006a47f,3.88,0.1568,13,0,85,85,63,3,6,215.0,0.0396,246.54,439.0,0.1313,0.0031,0.5974,0.4086,165.0,0.0,1,credential_based_fraud,card_testing,cred_card_testing_001,scn_67ebf15987d6,overt_fraud,2,0,1,1,1,3,3,1,1,2
txn_7fffdc411e58,3.8,0.1594,13,0,85,85,1,3,6,215.0,0.0396,246.54,439.0,0.1313,0.0031,0.5974,0.0,0.0,0.0,1,credential_based_fraud,card_testing,cred_card_testing_001,scn_67ebf15987d6,overt_fraud,0,0,1,1,0,0,0,6,1,0
txn_29cf19fb6ce6,3.37,0.6234,13,0,85,85,63,3,6,215.0,0.0396,246.54,439.0,0.1313,0.0031,0.5974,0.4086,165.0,0.0,1,credential_based_fraud,card_testing,cred_card_testing_001,scn_67ebf15987d6,overt_fraud,2,0,1,1,1,5,5,3,2,1
txn_e6a91dd7456c,4.57,0.4122,13,0,85,85,63,3,6,215.0,0.0396,246.54,439.0,0.1313,0.0031,0.5974,0.4086,165.0,0.0,1,credential_based_fraud,card_testing,cred_card_testing_001,scn_67ebf15987d6,overt_fraud,1,0,1,1,1,5,5,0,2,2
txn_e20a071c1ca0,7.1,0.1952,13,0,85,85,63,3,6,215.0,0.0396,246.54,439.0,0.1313,0.0031,0.5974,0.4086,165.0,0.0,1,credential_based_fraud,card_testing,cred_card_testing_001,scn_67ebf15987d6,overt_fraud,3,0,1,1,1,0,0,4,1,1
txn_d2cd6f18a5b0,6.15,0.2057,13,0,85,85,1,3,6,215.0,0.0396,246.54,439.0,0.1313,0.0031,0.5974,0.0,0.0,0.0,1,credential_based_fraud,card_testing,cred_card_testing_001,scn_67ebf15987d6,overt_fraud,1,0,1,1,1,5,5,2,2,2
txn_27c2769815a4,5.93,0.3426,13,1,85,85,63,3,5,215.0,0.0396,246.54,439.0,0.1313,0.0031,0.5974,0.4086,165.0,0.0,1,credential_based_fraud,card_testing,cred_card_testing_001,scn_67ebf15987d6,overt_fraud,1,0,1,1,1,4,2,6,2,2
txn_0f0f8fc3f671,1.13,0.3848,13,0,85,85,63,3,5,215.0,0.0396,246.54,439.0,0.1313,0.0031,0.5974,0.4086,165.0,0.0,1,credential_based_fraud,card_testing,cred_card_testing_001,scn_67ebf15987d6,overt_fraud,1,0,1,1,0,4,4,6,1,0
txn_9a5b9d0be084,3.03,0.4461,13,0,85,85,63,3,5,215.0,0.0396,246.54,439.0,0.1313,0.0031,0.5974,0.4086,165.0,0.0,1,credential_based_fraud,card_testing,cred_card_testing_001,scn_67ebf15987d6,overt_fraud,1,0,1,1,1,2,2,5,1,2
txn_cf0fbf370781,0.65,0.3429,13,0,85,85,1,3,5,215.0,0.0396,246.54,439.0,0.1313,0.0031,0.5974,0.0,0.0,0.0,1,credential_based_fraud,card_testing,cred_card_testing_001,scn_67ebf15987d6,overt_fraud,3,0,1,1,1,2,2,0,1,2
txn_318b0f855c2e,2.0,0.3927,13,1,85,85,63,3,5,215.0,0.0396,246.54,439.0,0.1313,0.0031,0.5974,0.4086,165.0,0.0,1,credential_based_fraud,card_testing,cred_card_testing_001,scn_67ebf15987d6,overt_fraud,4,0,1,1,0,1,5,2,2,0
txn_65dd51828792,4.73,0.3434,13,0,85,85,63,3,5,215.0,0.0396,246.54,439.0,0.1313,0.0031,0.5974,0.4086,165.0,0.0,1,credential_based_fraud,card_testing,cred_card_testing_001,scn_67ebf15987d6,overt_fraud,2,0,1,1,1,3,3,4,1,1
txn_28fb078e7460,6.33,0.2367,13,0,85,85,63,3,5,215.0,0.0396,246.54,439.0,0.1313,0.0031,0.5974,0.4086,165.0,0.0,1,credential_based_fraud,card_testing,cred_card_testing_001,scn_67ebf15987d6,overt_fraud,2,0,1,1,1,0,0,5,2,1
txn_72c3fc2688cc,7.31,0.5508,13,1,85,85,1,3,5,215.0,0.0396,246.54,439.0,0.1313,0.0031,0.5974,0.0,0.0,0.0,1,credential_based_fraud,card_testing,cred_card_testing_001,scn_67ebf15987d6,overt_fraud,1,0,1,1,0,0,2,4,2,0
txn_42e7a905cc45,6.88,0.4458,14,0,85,85,63,3,5,215.0,0.0396,246.54,439.0,0.1313,0.0031,0.5974,0.4086,165.0,0.0,1,credential_based_fraud,card_testing,cred_card_testing_001,scn_67ebf15987d6,overt_fraud,3,0,1,1,1,1,1,1,2,2
txn_0fb0cad6057e,4.5,0.4996,14,0,85,85,63,3,5,215.0,0.0396,246.54,439.0,0.1313,0.0031,0.5974,0.4086,165.0,0.0,1,credential_based_fraud,card_testing,cred_card_testing_001,scn_67ebf15987d6,overt_fraud,0,0,1,1,1,0,0,0,1,2
txn_95e6c56bd08c,5.27,0.3464,14,0,85,85,63,3,5,215.0,0.0396,246.54,439.0,0.1313,0.0031,0.5974,0.4086,165.0,0.0,1,credential_based_fraud,card_testing,cred_card_testing_001,scn_67ebf15987d6,overt_fraud,1,0,1,1,0,4,4,3,2,0
txn_bbf9c506a4a3,5.12,0.08,14,0,85,85,1,3,5,215.0,0.0396,246.54,439.0,0.1313,0.0031,0.5974,0.0,0.0,0.0,1,credential_based_fraud,card_testing,cred_card_testing_001,scn_67ebf15987d6,overt_fraud,3,0,1,1,1,4,4,1,1,2
txn_71302fe995f4,6.73,0.3986,14,0,85,85,63,3,5,215.0,0.0396,246.54,439.0,0.1313,0.0031,0.5974,0.4086,165.0,0.0,1,credential_based_fraud,card_testing,cred_card_testing_001,scn_67ebf15987d6,overt_fraud,4,0,1,1,1,0,0,5,1,1
txn_40de9687e259,5.51,0.3932,14,0,85,85,63,3,5,215.0,0.0396,246.54,439.0,0.1313,0.0031,0.5974,0.4086,165.0,0.0,1,credential_based_fraud,card_testing,cred_card_testing_001,scn_67ebf15987d6,overt_fraud,0,0,1,1,0,3,3,0,1,0
txn_744a1acfeb17,3.05,0.2515,14,0,85,85,63,3,5,215.0,0.0396,246.54,439.0,0.1313,0.0031,0.5974,0.4086,165.0,0.0,1,credential_based_fraud,card_testing,cred_card_testing_001,scn_67ebf15987d6,overt_fraud,3,0,1,1,1,3,3,3,1,2
txn_2eb48c116cae,2.31,0.2491,14,1,85,85,1,3,5,215.0,0.0396,246.54,439.0,0.1313,0.0031,0.5974,0.0,0.0,0.0,1,credential_based_fraud,card_testing,cred_card_testing_001,scn_67ebf15987d6,overt_fraud,1,0,1,1,1,0,3,4,2,1
txn_6a91115167e7,2.71,0.1184,14,0,85,85,63,3,5,215.0,0.0396,246.54,439.0,0.1313,0.0031,0.5974,0.4086,165.0,0.0,1,credential_based_fraud,card_testing,cred_card_testing_001,scn_67ebf15987d6,overt_fraud,1,0,1,1,1,4,4,3,2,1
txn_3e1cf89413c2,4.05,0.5354,14,0,85,85,63,3,5,215.0,0.0396,246.54,439.0,0.1313,0.0031,0.5974,0.4086,165.0,0.0,1,credential_based_fraud,card_testing,cred_card_testing_001,scn_67ebf15987d6,overt_fraud,3,0,1,1,1,2,2,5,1,2
txn_d5632d312957,2.8,0.3288,14,0,85,85,63,3,5,215.0,0.0396,246.54,439.0,0.1313,0.0031,0.5974,0.4086,165.0,0.0,1,credential_based_fraud,card_testing,cred_card_testing_001,scn_67ebf15987d6,overt_fraud,2,0,1,1,1,2,2,0,2,2
txn_2ce5050c1a86,6.22,0.3239,14,0,85,85,1,1,3,215.0,0.0396,246.54,439.0,0.1313,0.0031,0.5974,0.0,0.0,0.0,1,credential_based_fraud,card_testing,cred_card_testing_001,scn_67ebf15987d6,overt_fraud,2,0,1,1,0,2,2,6,2,0
txn_4640f252fb66,47.73,0.5226,9,0,31,31,1,3,3,475.0,0.1794,283.74,17.0,0.2145,0.0442,0.8161,0.0,0.0,0.0,1,credential_based_fraud,card_not_present,cred_cnp_001,scn_32ed1527bc46,overt_fraud,4,4,1,1,0,4,4,2,2,0
txn_1f7aedc6a14c,41.85,0.553,9,0,31,31,23,3,4,475.0,0.1794,283.74,17.0,0.2145,0.0442,0.8161,0.3151,24.0,1.0,1,credential_based_fraud,card_not_present,cred_cnp_001,scn_32ed1527bc46,overt_fraud,3,4,1,1,0,3,3,3,2,0
txn_e8fd81de4a90,83.94,0.6556,9,0,31,31,23,3,5,475.0,0.1794,283.74,17.0,0.2145,0.0442,0.8161,0.3151,24.0,1.0,1,credential_based_fraud,card_not_present,cred_cnp_001,scn_32ed1527bc46,overt_fraud,0,4,1,1,0,5,5,2,1,0
txn_734ce9024d4d,105.09,0.7698,9,1,31,31,23,3,6,475.0,0.1794,283.74,17.0,0.2145,0.0442,0.8161,0.3151,24.0,1.0,1,credential_based_fraud,card_not_present,cred_cnp_001,scn_32ed1527bc46,overt_fraud,4,4,1,1,0,2,1,2,2,0
txn_84d782cd6283,47.11,0.6821,9,0,31,31,1,3,7,475.0,0.1794,283.74,17.0,0.2145,0.0442,0.8161,0.0,0.0,0.0,1,credential_based_fraud,card_not_present,cred_cnp_001,scn_32ed1527bc46,overt_fraud,2,4,1,1,0,2,2,3,2,0
txn_b67e80bdd036,44.11,0.3154,10,0,31,31,23,3,8,475.0,0.1794,283.74,17.0,0.2145,0.0442,0.8161,0.3151,24.0,1.0,1,credential_based_fraud,card_not_present,cred_cnp_001,scn_32ed1527bc46,overt_fraud,4,4,1,1,0,0,0,6,2,0
txn_6887e87e215c,89.82,0.7307,10,0,31,31,23,3,9,475.0,0.1794,283.74,17.0,0.2145,0.0442,0.8161,0.3151,24.0,1.0,1,credential_based_fraud,card_not_present,cred_cnp_001,scn_32ed1527bc46,overt_fraud,3,4,1,1,0,5,5,4,1,0
txn_9c1800a1e180,55.77,0.4049,10,0,31,31,23,3,10,475.0,0.1794,283.74,17.0,0.2145,0.0442,0.8161,0.3151,24.0,1.0,1,credential_based_fraud,card_not_present,cred_cnp_001,scn_32ed1527bc46,overt_fraud,2,4,1,1,0,2,2,1,1,0
txn_ae4e4ae32597,18.26,0.6888,10,0,31,31,1,3,11,475.0,0.1794,283.74,17.0,0.2145,0.0442,0.8161,0.0,0.0,0.0,1,credential_based_fraud,card_not_present,cred_cnp_001,scn_32ed1527bc46,overt_fraud,0,4,1,1,0,3,3,4,1,0
txn_a3ac7d794aef,25.28,0.5641,10,0,31,31,23,3,11,475.0,0.1794,283.74,17.0,0.2145,0.0442,0.8161,0.3151,24.0,1.0,1,credential_based_fraud,card_not_present,cred_cnp_001,scn_32ed1527bc46,overt_fraud,2,4,1,1,0,3,3,4,1,0
txn_bf907ab8dc6e,55.58,0.3904,10,1,31,31,23,3,12,475.0,0.1794,283.74,17.0,0.2145,0.0442,0.8161,0.3151,24.0,1.0,1,credential_based_fraud,card_not_present,cred_cnp_001,scn_32ed1527bc46,overt_fraud,3,4,1,1,0,3,1,1,2,0
txn_2766a7cf6f66,27.49,0.4409,10,0,31,31,23,3,13,475.0,0.1794,283.74,17.0,0.2145,0.0442,0.8161,0.3151,24.0,1.0,1,credential_based_fraud,card_not_present,cred_cnp_001,scn_32ed1527bc46,overt_fraud,2,4,1,1,0,3,3,0,1,0
txn_615d1642416a,24.87,0.4118,10,0,31,31,1,3,14,475.0,0.1794,283.74,17.0,0.2145,0.0442,0.8161,0.0,0.0,0.0,1,credential_based_fraud,card_not_present,cred_cnp_001,scn_32ed1527bc46,overt_fraud,0,4,1,1,0,3,3,5,2,0
txn_69f493957fb7,14.04,0.4772,10,0,31,31,23,3,15,475.0,0.1794,283.74,17.0,0.2145,0.0442,0.8161,0.3151,24.0,1.0,1,credential_based_fraud,card_not_present,cred_cnp_001,scn_32ed1527bc46,overt_fraud,0,4,1,1,1,3,3,1,2,1
txn_9854a4692598,9.93,0.4471,10,0,31,31,23,3,16,475.0,0.1794,283.74,17.0,0.2145,0.0442,0.8161,0.3151,24.0,1.0,1,credential_based_fraud,card_not_present,cred_cnp_001,scn_32ed1527bc46,overt_fraud,1,4,1,1,0,4,4,3,2,0
txn_404ef656c4a1,78.23,0.7322,10,0,31,31,23,3,17,475.0,0.1794,283.74,17.0,0.2145,0.0442,0.8161,0.3151,24.0,1.0,1,credential_based_fraud,card_not_present,cred_cnp_001,scn_32ed1527bc46,overt_fraud,3,4,1,1,0,2,2,2,1,0
txn_2263e61aea6e,8.79,0.3268,10,0,31,31,1,3,18,475.0,0.1794,283.74,17.0,0.2145,0.0442,0.8161,0.0,0.0,0.0,1,credential_based_fraud,card_not_present,cred_cnp_001,scn_32ed1527bc46,overt_fraud,2,4,1,1,0,1,1,2,2,0
txn_3ef540fd585c,81.66,0.2726,10,0,31,31,23,3,19,475.0,0.1794,283.74,17.0,0.2145,0.0442,0.8161,0.3151,24.0,1.0,1,credential_based_fraud,card_not_present,cred_cnp_001,scn_32ed1527bc46,overt_fraud,2,4,1,1,0,1,1,2,2,0
txn_4e62f0aeb4ba,35.93,0.4216,10,0,31,31,23,3,18,475.0,0.1794,283.74,17.0,0.2145,0.0442,0.8161,0.3151,24.0,1.0,1,credential_based_fraud,card_not_present,cred_cnp_001,scn_32ed1527bc46,overt_fraud,1,4,1,1,0,2,2,4,1,0
txn_725a5cdaa866,146.8,0.5011,10,0,31,31,23,3,19,475.0,0.1794,283.74,17.0,0.2145,0.0442,0.8161,0.3151,24.0,1.0,1,credential_based_fraud,card_not_present,cred_cnp_001,scn_32ed1527bc46,overt_fraud,1,4,1,1,0,2,2,5,1,0
txn_5ad76f426413,16.81,0.6294,11,0,31,31,1,3,19,475.0,0.1794,283.74,17.0,0.2145,0.0442,0.8161,0.0,0.0,0.0,1,credential_based_fraud,card_not_present,cred_cnp_001,scn_32ed1527bc46,overt_fraud,3,4,1,1,0,3,3,3,2,0
txn_459c669ef39d,62.12,0.4572,11,0,31,31,23,3,20,475.0,0.1794,283.74,17.0,0.2145,0.0442,0.8161,0.3151,24.0,1.0,1,credential_based_fraud,card_not_present,cred_cnp_001,scn_32ed1527bc46,overt_fraud,2,4,1,1,0,3,3,5,1,0
txn_b150723b07fc,106.42,0.404,11,0,31,31,23,3,20,475.0,0.1794,283.74,17.0,0.2145,0.0442,0.8161,0.3151,24.0,1.0,1,credential_based_fraud,card_not_present,cred_cnp_001,scn_32ed1527bc46,overt_fraud,2,4,1,1,0,4,4,0,1,0
txn_996dcd119edb,31.97,0.7519,11,1,31,31,23,3,20,475.0,0.1794,283.74,17.0,0.2145,0.0442,0.8161,0.3151,24.0,1.0,1,credential_based_fraud,card_not_present,cred_cnp_001,scn_32ed1527bc46,overt_fraud,1,4,1,1,0,2,1,3,1,0
txn_1b19284e34c7,7.67,0.4455,11,0,31,31,1,3,20,475.0,0.1794,283.74,17.0,0.2145,0.0442,0.8161,0.0,0.0,0.0,1,credential_based_fraud,card_not_present,cred_cnp_001,scn_32ed1527bc46,overt_fraud,1,4,1,1,0,0,0,4,2,0
txn_3cf40103f882,61.48,0.7313,11,0,31,31,23,3,18,475.0,0.1794,283.74,17.0,0.2145,0.0442,0.8161,0.3151,24.0,1.0,1,credential_based_fraud,card_not_present,cred_cnp_001,scn_32ed1527bc46,overt_fraud,2,4,1,1,0,3,3,6,1,0
txn_4ca5bc93a306,11.33,0.4256,11,1,31,31,23,3,17,475.0,0.1794,283.74,17.0,0.2145,0.0442,0.8161,0.3151,24.0,1.0,1,credential_based_fraud,card_not_present,cred_cnp_001,scn_32ed1527bc46,overt_fraud,0,4,1,1,0,5,4,6,2,0
txn_9d15afd37365,49.49,0.4221,11,0,31,31,23,3,17,475.0,0.1794,283.74,17.0,0.2145,0.0442,0.8161,0.3151,24.0,1.0,1,credential_based_fraud,card_not_present,cred_cnp_001,scn_32ed1527bc46,overt_fraud,4,4,1,1,0,5,5,6,2,0
txn_65a4f12fb51b,18.78,0.4913,11,1,31,31,1,3,16,475.0,0.1794,283.74,17.0,0.2145,0.0442,0.8161,0.0,0.0,0.0,1,credential_based_fraud,card_not_present,cred_cnp_001,scn_32ed1527bc46,overt_fraud,4,4,1,1,1,3,0,2,2,1
txn_cf4e968f2945,11.87,0.6614,11,0,31,31,23,3,15,475.0,0.1794,283.74,17.0,0.2145,0.0442,0.8161,0.3151,24.0,1.0,1,credential_based_fraud,card_not_present,cred_cnp_001,scn_32ed1527bc46,overt_fraud,1,4,1,1,0,3,3,3,1,0
txn_32dd2a886f7c,72.7,0.2076,11,0,31,31,23,1,13,475.0,0.1794,283.74,17.0,0.2145,0.0442,0.8161,0.3151,24.0,1.0,1,credential_based_fraud,card_not_present,cred_cnp_001,scn_32ed1527bc46,overt_fraud,1,4,1,1,0,1,1,1,2,0
txn_ca1fba1862e5,26.04,0.3139,9,0,17,17,1,3,4,646.0,0.2034,122.66,125.0,0.0827,0.0511,1.2488,0.0,0.0,0.0,1,credential_based_fraud,consumer_account_takeover,cred_consumer_ato_001,scn_d84f4d706562,overt_fraud,4,8,4,1,0,5,5,4,3,0
txn_1b82d60d31e7,87.46,0.4324,10,0,17,17,12,3,5,646.0,0.2034,122.66,125.0,0.0827,0.0511,1.2488,0.8311,138.0,0.0,1,credential_based_fraud,consumer_account_takeover,cred_consumer_ato_001,scn_d84f4d706562,overt_fraud,4,8,4,1,0,3,3,3,3,0
txn_c6c58f73e92b,79.68,0.141,12,0,17,17,12,3,6,646.0,0.2034,122.66,125.0,0.0827,0.0511,1.2488,0.8311,138.0,0.0,1,credential_based_fraud,consumer_account_takeover,cred_consumer_ato_001,scn_d84f4d706562,overt_fraud,1,8,4,1,0,1,1,3,3,0
txn_257c96821bfd,144.91,0.4995,13,0,17,17,12,3,7,646.0,0.2034,122.66,125.0,0.0827,0.0511,1.2488,0.8311,138.0,0.0,1,credential_based_fraud,consumer_account_takeover,cred_consumer_ato_001,scn_d84f4d706562,overt_fraud,0,8,4,1,0,3,3,2,3,0
txn_2bb4d1b566fe,141.48,0.2946,14,1,17,17,1,3,8,646.0,0.2034,122.66,125.0,0.0827,0.0511,1.2488,0.0,0.0,0.0,1,credential_based_fraud,consumer_account_takeover,cred_consumer_ato_001,scn_d84f4d706562,overt_fraud,3,8,4,1,1,1,3,3,3,1
txn_1de64ef6f574,32.62,0.3719,15,0,17,17,12,3,9,646.0,0.2034,122.66,125.0,0.0827,0.0511,1.2488,0.8311,138.0,0.0,1,credential_based_fraud,consumer_account_takeover,cred_consumer_ato_001,scn_d84f4d706562,overt_fraud,2,8,4,1,0,2,2,2,3,0
txn_670aa092fa53,64.0,0.6545,17,1,17,17,12,3,10,646.0,0.2034,122.66,125.0,0.0827,0.0511,1.2488,0.8311,138.0,0.0,1,credential_based_fraud,consumer_account_takeover,cred_consumer_ato_001,scn_d84f4d706562,overt_fraud,2,8,4,1,0,1,4,6,3,0
txn_edba32144615,53.2,0.3095,18,0,17,17,12,3,11,646.0,0.2034,122.66,125.0,0.0827,0.0511,1.2488,0.8311,138.0,0.0,1,credential_based_fraud,consumer_account_takeover,cred_consumer_ato_001,scn_d84f4d706562,overt_fraud,4,8,4,1,0,5,5,4,3,0
txn_033d46f6dc52,226.61,0.08,19,0,17,17,1,3,11,646.0,0.2034,122.66,125.0,0.0827,0.0511,1.2488,0.0,0.0,0.0,1,credential_based_fraud,consumer_account_takeover,cred_consumer_ato_001,scn_d84f4d706562,overt_fraud,4,8,4,1,0,2,2,5,3,0
txn_014d35eca4ee,73.01,0.4635,20,0,17,17,12,3,12,646.0,0.2034,122.66,125.0,0.0827,0.0511,1.2488,0.8311,138.0,0.0,1,credential_based_fraud,consumer_account_takeover,cred_consumer_ato_001,scn_d84f4d706562,overt_fraud,1,8,4,1,0,5,5,0,3,0
txn_ffd0e2e1e3b1,4.0,0.3819,22,0,17,17,12,3,13,646.0,0.2034,122.66,125.0,0.0827,0.0511,1.2488,0.8311,138.0,0.0,1,credential_based_fraud,consumer_account_takeover,cred_consumer_ato_001,scn_d84f4d706562,overt_fraud,1,8,4,1,0,2,2,0,3,0
txn_e606efbda8dc,32.15,0.4943,23,0,17,17,12,3,14,646.0,0.2034,122.66,125.0,0.0827,0.0511,1.2488,0.8311,138.0,0.0,1,credential_based_fraud,consumer_account_takeover,cred_consumer_ato_001,scn_d84f4d706562,overt_fraud,1,8,4,1,0,3,3,0,3,0
txn_a33f9832491b,21.09,0.5309,0,0,17,17,1,3,15,646.0,0.2034,122.66,125.0,0.0827,0.0511,1.2488,0.0,0.0,0.0,1,credential_based_fraud,consumer_account_takeover,cred_consumer_ato_001,scn_d84f4d706562,overt_fraud,0,8,4,1,0,2,2,6,3,0
txn_1012ccb4566b,37.53,0.4421,1,1,17,17,12,3,16,646.0,0.2034,122.66,125.0,0.0827,0.0511,1.2488,0.8311,138.0,0.0,1,credential_based_fraud,consumer_account_takeover,cred_consumer_ato_001,scn_d84f4d706562,overt_fraud,3,8,4,1,0,4,2,5,3,0
txn_54860aedaf31,105.43,0.2152,3,1,17,17,12,3,17,646.0,0.2034,122.66,125.0,0.0827,0.0511,1.2488,0.8311,138.0,0.0,1,credential_based_fraud,consumer_account_takeover,cred_consumer_ato_001,scn_d84f4d706562,overt_fraud,1,8,4,1,0,0,2,4,3,0
txn_05895b2f261f,23.26,0.3138,4,0,17,17,12,2,18,646.0,0.2034,122.66,125.0,0.0827,0.0511,1.2488,0.8311,138.0,0.0,1,credential_based_fraud,consumer_account_takeover,cred_consumer_ato_001,scn_d84f4d706562,overt_fraud,4,8,4,1,0,1,1,5,3,0
txn_be5f6aa0ba86,14.84,0.5802,5,1,17,17,1,2,19,646.0,0.2034,122.66,125.0,0.0827,0.0511,1.2488,0.0,0.0,0.0,1,credential_based_fraud,consumer_account_takeover,cred_consumer_ato_001,scn_d84f4d706562,overt_fraud,4,8,4,1,0,2,3,0,3,0
txn_212b36bfaa14,26.58,0.2741,9,0,7,7,1,3,5,236.0,0.2846,184.96,1165.0,0.2258,0.0063,1.3886,0.0,0.0,0.0,1,credential_based_fraud,merchant_admin_takeover,cred_merchant_admin_ato_001,scn_1110cbdeca5c,overt_fraud,4,7,0,0,0,2,2,1,0,0
txn_023780445f49,214.13,0.6534,11,0,7,7,5,3,6,236.0,0.2846,184.96,1165.0,0.2258,0.0063,1.3886,0.5061,156.0,1.0,1,credential_based_fraud,merchant_admin_takeover,cred_merchant_admin_ato_001,scn_1110cbdeca5c,overt_fraud,3,7,0,0,0,1,1,1,0,0
txn_3b12d338a90d,96.66,0.1831,12,0,7,7,5,3,7,236.0,0.2846,184.96,1165.0,0.2258,0.0063,1.3886,0.5061,156.0,1.0,1,credential_based_fraud,merchant_admin_takeover,cred_merchant_admin_ato_001,scn_1110cbdeca5c,overt_fraud,4,7,0,0,0,1,1,6,0,0
txn_85cfa438e66b,27.22,0.4067,14,0,7,7,5,3,8,236.0,0.2846,184.96,1165.0,0.2258,0.0063,1.3886,0.5061,156.0,1.0,1,credential_based_fraud,merchant_admin_takeover,cred_merchant_admin_ato_001,scn_1110cbdeca5c,overt_fraud,3,7,0,0,0,2,2,0,0,0
txn_97b52e9f4462,47.42,0.2188,15,0,7,7,1,3,9,236.0,0.2846,184.96,1165.0,0.2258,0.0063,1.3886,0.0,0.0,0.0,1,credential_based_fraud,merchant_admin_takeover,cred_merchant_admin_ato_001,scn_1110cbdeca5c,overt_fraud,3,7,0,0,0,0,0,3,0,0
txn_e907b5a72f99,48.25,0.2059,16,0,7,7,5,3,10,236.0,0.2846,184.96,1165.0,0.2258,0.0063,1.3886,0.5061,156.0,1.0,1,credential_based_fraud,merchant_admin_takeover,cred_merchant_admin_ato_001,scn_1110cbdeca5c,overt_fraud,4,7,0,0,0,2,2,0,0,0
txn_2c762911d6ed,54.62,0.3912,18,0,7,7,5,1,11,236.0,0.2846,184.96,1165.0,0.2258,0.0063,1.3886,0.5061,156.0,1.0,1,credential_based_fraud,merchant_admin_takeover,cred_merchant_admin_ato_001,scn_1110cbdeca5c,overt_fraud,2,7,0,0,0,0,0,5,0,0
txn_69605cc2d2ec,1.32,0.09,9,0,306,306,1,3,6,223.0,0.0642,63.75,368.0,0.0044,0.0005,0.1104,0.0,0.0,0.0,1,credential_based_fraud,credential_stuffing,cred_stuffing_001,scn_e1461744d3d4,stealth_fraud,2,8,4,1,0,4,4,5,3,0
txn_01c5630e227f,7.07,0.3561,9,0,306,306,229,3,7,223.0,0.0642,63.75,368.0,0.0044,0.0005,0.1104,0.0901,994.0,0.0,1,credential_based_fraud,credential_stuffing,cred_stuffing_001,scn_e1461744d3d4,stealth_fraud,3,8,4,1,0,2,2,5,3,0
txn_634d8967bf92,2.76,0.4583,9,0,306,306,229,3,8,223.0,0.0642,63.75,368.0,0.0044,0.0005,0.1104,0.0901,994.0,0.0,1,credential_based_fraud,credential_stuffing,cred_stuffing_001,scn_e1461744d3d4,stealth_fraud,2,8,4,1,0,4,4,1,3,0
txn_b13177ff7fb5,2.86,0.4474,9,0,306,306,229,3,9,223.0,0.0642,63.75,368.0,0.0044,0.0005,0.1104,0.0901,994.0,0.0,1,credential_based_fraud,credential_stuffing,cred_stuffing_001,scn_e1461744d3d4,stealth_fraud,0,8,4,1,0,0,0,1,3,0
txn_1839ea15f235,4.47,0.2823,10,0,306,306,1,3,10,223.0,0.0642,63.75,368.0,0.0044,0.0005,0.1104,0.0,0.0,0.0,1,credential_based_fraud,credential_stuffing,cred_stuffing_001,scn_e1461744d3d4,stealth_fraud,3,8,4,1,0,5,5,3,3,0
txn_2def6f6fc198,6.06,0.3191,10,0,306,306,229,3,11,223.0,0.0642,63.75,368.0,0.0044,0.0005,0.1104,0.0901,994.0,0.0,1,credential_based_fraud,credential_stuffing,cred_stuffing_001,scn_e1461744d3d4,stealth_fraud,0,8,4,1,0,0,0,6,3,0
txn_facf8435b1c5,3.53,0.3423,10,1,306,306,229,3,11,223.0,0.0642,63.75,368.0,0.0044,0.0005,0.1104,0.0901,994.0,0.0,1,credential_based_fraud,credential_stuffing,cred_stuffing_001,scn_e1461744d3d4,stealth_fraud,4,8,4,1,0,0,3,2,3,0
txn_39992d21bbce,3.44,0.3331,10,0,306,306,229,3,12,223.0,0.0642,63.75,368.0,0.0044,0.0005,0.1104,0.0901,994.0,0.0,1,credential_based_fraud,credential_stuffing,cred_stuffing_001,scn_e1461744d3d4,stealth_fraud,2,8,4,1,0,3,3,6,3,0
txn_5c2ab8e7fc5f,2.6,0.3422,10,0,306,306,1,3,13,223.0,0.0642,63.75,368.0,0.0044,0.0005,0.1104,0.0,0.0,0.0,1,credential_based_fraud,credential_stuffing,cred_stuffing_001,scn_e1461744d3d4,stealth_fraud,1,8,4,1,0,4,4,4,3,0
txn_0273f2ae996d,3.35,0.2803,10,0,306,306,229,3,14,223.0,0.0642,63.75,368.0,0.0044,0.0005,0.1104,0.0901,994.0,0.0,1,credential_based_fraud,credential_stuffing,cred_stuffing_001,scn_e1461744d3d4,stealth_fraud,4,8,4,1,0,4,4,0,3,0
txn_53c4e697f880,2.9,0.4642,10,0,306,306,229,3,15,223.0,0.0642,63.75,368.0,0.0044,0.0005,0.1104,0.0901,994.0,0.0,1,credential_based_fraud,credential_stuffing,cred_stuffing_001,scn_e1461744d3d4,stealth_fraud,3,8,4,1,0,3,3,3,3,0
txn_00911bfdbf93,4.22,0.2025,10,1,306,306,229,3,16,223.0,0.0642,63.75,368.0,0.0044,0.0005,0.1104,0.0901,994.0,0.0,1,credential_based_fraud,credential_stuffing,cred_stuffing_001,scn_e1461744d3d4,stealth_fraud,0,8,4,1,0,2,3,2,3,0
txn_64d493b68797,2.96,0.3671,10,0,306,306,1,3,17,223.0,0.0642,63.75,368.0,0.0044,0.0005,0.1104,0.0,0.0,0.0,1,credential_based_fraud,credential_stuffing,cred_stuffing_001,scn_e1461744d3d4,stealth_fraud,1,8,4,1,0,5,5,5,3,0
txn_44544bb61fc0,0.96,0.1485,10,0,306,306,229,3,18,223.0,0.0642,63.75,368.0,0.0044,0.0005,0.1104,0.0901,994.0,0.0,1,credential_based_fraud,credential_stuffing,cred_stuffing_001,scn_e1461744d3d4,stealth_fraud,0,8,4,1,0,1,1,5,3,0
txn_2de8b18d23da,7.38,0.2423,10,0,306,306,229,3,19,223.0,0.0642,63.75,368.0,0.0044,0.0005,0.1104,0.0901,994.0,0.0,1,credential_based_fraud,credential_stuffing,cred_stuffing_001,scn_e1461744d3d4,stealth_fraud,4,8,4,1,0,1,1,6,3,0
txn_b906798594df,2.72,0.1891,10,0,306,306,229,3,18,223.0,0.0642,63.75,368.0,0.0044,0.0005,0.1104,0.0901,994.0,0.0,1,credential_based_fraud,credential_stuffing,cred_stuffing_001,scn_e1461744d3d4,stealth_fraud,4,8,4,1,0,1,1,0,3,0
txn_649cc8e2c263,3.47,0.372,10,0,306,306,1,3,19,223.0,0.0642,63.75,368.0,0.0044,0.0005,0.1104,0.0,0.0,0.0,1,credential_based_fraud,credential_stuffing,cred_stuffing_001,scn_e1461744d3d4,stealth_fraud,3,8,4,1,0,1,1,6,3,0
txn_6d30179dba8a,5.4,0.2868,10,0,306,306,229,3,19,223.0,0.0642,63.75,368.0,0.0044,0.0005,0.1104,0.0901,994.0,0.0,1,credential_based_fraud,credential_stuffing,cred_stuffing_001,scn_e1461744d3d4,stealth_fraud,2,8,4,1,1,2,2,0,3,1
txn_1c2b201af65b,7.95,0.5714,10,0,306,306,229,3,20,223.0,0.0642,63.75,368.0,0.0044,0.0005,0.1104,0.0901,994.0,0.0,1,credential_based_fraud,credential_stuffing,cred_stuffing_001,scn_e1461744d3d4,stealth_fraud,1,8,4,1,0,2,2,3,3,0
txn_4cb8875d7dbb,2.72,0.6753,10,0,306,306,229,3,20,223.0,0.0642,63.75,368.0,0.0044,0.0005,0.1104,0.0901,994.0,0.0,1,credential_based_fraud,credential_stuffing,cred_stuffing_001,scn_e1461744d3d4,stealth_fraud,0,8,4,1,0,3,3,2,3,0
txn_928c184cb1b1,7.87,0.2419,11,0,306,306,1,3,20,223.0,0.0642,63.75,368.0,0.0044,0.0005,0.1104,0.0,0.0,0.0,1,credential_based_fraud,credential_stuffing,cred_stuffing_001,scn_e1461744d3d4,stealth_fraud,1,8,4,1,0,1,1,2,3,0
txn_86e7309a35af,6.41,0.3873,11,0,306,306,229,3,20,223.0,0.0642,63.75,368.0,0.0044,0.0005,0.1104,0.0901,994.0,0.0,1,credential_based_fraud,credential_stuffing,cred_stuffing_001,scn_e1461744d3d4,stealth_fraud,1,8,4,1,0,3,3,2,3,0
txn_b50a6ebed0ed,6.46,0.5247,11,0,306,306,229,3,18,223.0,0.0642,63.75,368.0,0.0044,0.0005,0.1104,0.0901,994.0,0.0,1,credential_based_fraud,credential_stuffing,cred_stuffing_001,scn_e1461744d3d4,stealth_fraud,2,8,4,1,0,4,4,4,3,0
txn_14a8e1707ddc,6.58,0.5998,11,0,306,306,229,3,17,223.0,0.0642,63.75,368.0,0.0044,0.0005,0.1104,0.0901,994.0,0.0,1,credential_based_fraud,credential_stuffing,cred_stuffing_001,scn_e1461744d3d4,stealth_fraud,4,8,4,1,0,5,5,6,3,0
txn_2572fb43e4e4,0.8,0.3342,11,0,306,306,1,3,17,223.0,0.0642,63.75,368.0,0.0044,0.0005,0.1104,0.0,0.0,0.0,1,credential_based_fraud,credential_stuffing,cred_stuffing_001,scn_e1461744d3d4,stealth_fraud,3,8,4,1,0,0,0,6,3,0
txn_2636d77183e9,7.14,0.5498,11,0,306,306,229,3,16,223.0,0.0642,63.75,368.0,0.0044,0.0005,0.1104,0.0901,994.0,0.0,1,credential_based_fraud,credential_stuffing,cred_stuffing_001,scn_e1461744d3d4,stealth_fraud,2,8,4,1,0,0,0,5,3,0
txn_69f86dcd77ed,2.05,0.4878,11,0,306,306,229,3,15,223.0,0.0642,63.75,368.0,0.0044,0.0005,0.1104,0.0901,994.0,0.0,1,credential_based_fraud,credential_stuffing,cred_stuffing_001,scn_e1461744d3d4,stealth_fraud,0,8,4,1,0,2,2,3,3,0
txn_6f2f5094ee17,1.66,0.3688,11,0,306,306,229,3,13,223.0,0.0642,63.75,368.0,0.0044,0.0005,0.1104,0.0901,994.0,0.0,1,credential_based_fraud,credential_stuffing,cred_stuffing_001,scn_e1461744d3d4,stealth_fraud,4,8,4,1,0,1,1,6,3,0
txn_061b6c10457b,1.67,0.4161,11,1,306,306,1,3,12,223.0,0.0642,63.75,368.0,0.0044,0.0005,0.1104,0.0,0.0,0.0,1,credential_based_fraud,credential_stuffing,cred_stuffing_001,scn_e1461744d3d4,stealth_fraud,2,8,4,1,0,2,0,6,3,0
txn_339cc6e28069,4.06,0.4652,11,0,306,306,229,3,11,223.0,0.0642,63.75,368.0,0.0044,0.0005,0.1104,0.0901,994.0,0.0,1,credential_based_fraud,credential_stuffing,cred_stuffing_001,scn_e1461744d3d4,stealth_fraud,2,8,4,1,0,2,2,3,3,0
txn_ad36408846a3,3.47,0.4155,11,0,306,306,229,3,11,223.0,0.0642,63.75,368.0,0.0044,0.0005,0.1104,0.0901,994.0,0.0,1,credential_based_fraud,credential_stuffing,cred_stuffing_001,scn_e1461744d3d4,stealth_fraud,0,8,4,1,0,0,0,5,3,0
txn_f1a131b41ac0,7.53,0.3094,11,0,306,306,229,3,11,223.0,0.0642,63.75,368.0,0.0044,0.0005,0.1104,0.0901,994.0,0.0,1,credential_based_fraud,credential_stuffing,cred_stuffing_001,scn_e1461744d3d4,stealth_fraud,2,8,4,1,0,2,2,0,3,0
txn_c3324c2be06b,2.12,0.08,11,0,306,306,1,3,11,223.0,0.0642,63.75,368.0,0.0044,0.0005,0.1104,0.0,0.0,0.0,1,credential_based_fraud,credential_stuffing,cred_stuffing_001,scn_e1461744d3d4,stealth_fraud,0,8,4,1,0,5,5,5,3,0
txn_3ff6e91bad53,6.12,0.6964,11,0,306,306,229,3,11,223.0,0.0642,63.75,368.0,0.0044,0.0005,0.1104,0.0901,994.0,0.0,1,credential_based_fraud,credential_stuffing,cred_stuffing_001,scn_e1461744d3d4,stealth_fraud,0,8,4,1,0,1,1,5,3,0
txn_d20359c9a04c,1.91,0.5147,11,1,306,306,229,3,11,223.0,0.0642,63.75,368.0,0.0044,0.0005,0.1104,0.0901,994.0,0.0,1,credential_based_fraud,credential_stuffing,cred_stuffing_001,scn_e1461744d3d4,stealth_fraud,3,8,4,1,0,4,0,4,3,0
txn_87ba0aed5619,4.12,0.3063,11,0,306,306,229,3,11,223.0,0.0642,63.75,368.0,0.0044,0.0005,0.1104,0.0901,994.0,0.0,1,credential_based_fraud,credential_stuffing,cred_stuffing_001,scn_e1461744d3d4,stealth_fraud,0,8,4,1,0,0,0,5,3,0
txn_a4688938cb96,6.3,0.5484,12,0,306,306,1,3,10,223.0,0.0642,63.75,368.0,0.0044,0.0005,0.1104,0.0,0.0,0.0,1,credential_based_fraud,credential_stuffing,cred_stuffing_001,scn_e1461744d3d4,stealth_fraud,2,8,4,1,0,5,5,5,3,0
txn_779639f5eafb,5.02,0.1279,12,0,306,306,229,3,10,223.0,0.0642,63.75,368.0,0.0044,0.0005,0.1104,0.0901,994.0,0.0,1,credential_based_fraud,credential_stuffing,cred_stuffing_001,scn_e1461744d3d4,stealth_fraud,0,8,4,1,0,5,5,4,3,0
txn_791773496e87,5.58,0.5113,12,0,306,306,229,3,10,223.0,0.0642,63.75,368.0,0.0044,0.0005,0.1104,0.0901,994.0,0.0,1,credential_based_fraud,credential_stuffing,cred_stuffing_001,scn_e1461744d3d4,stealth_fraud,0,8,4,1,0,3,3,2,3,0
txn_79341cab6e87,1.82,0.5422,12,0,306,306,229,3,10,223.0,0.0642,63.75,368.0,0.0044,0.0005,0.1104,0.0901,994.0,0.0,1,credential_based_fraud,credential_stuffing,cred_stuffing_001,scn_e1461744d3d4,stealth_fraud,3,8,4,1,0,4,4,5,3,0
txn_5bfe74c6cf3c,6.63,0.3311,12,0,306,306,1,3,9,223.0,0.0642,63.75,368.0,0.0044,0.0005,0.1104,0.0,0.0,0.0,1,credential_based_fraud,credential_stuffing,cred_stuffing_001,scn_e1461744d3d4,stealth_fraud,2,8,4,1,0,0,0,3,3,0
txn_a52d7c66e1b0,5.78,0.3007,12,0,306,306,229,3,9,223.0,0.0642,63.75,368.0,0.0044,0.0005,0.1104,0.0901,994.0,0.0,1,credential_based_fraud,credential_stuffing,cred_stuffing_001,scn_e1461744d3d4,stealth_fraud,1,8,4,1,0,2,2,3,3,0
txn_044d3b48a98a,7.99,0.4124,12,0,306,306,229,3,8,223.0,0.0642,63.75,368.0,0.0044,0.0005,0.1104,0.0901,994.0,0.0,1,credential_based_fraud,credential_stuffing,cred_stuffing_001,scn_e1461744d3d4,stealth_fraud,0,8,4,1,0,0,0,5,3,0
txn_913c849ed8bc,1.96,0.1699,12,0,306,306,229,3,8,223.0,0.0642,63.75,368.0,0.0044,0.0005,0.1104,0.0901,994.0,0.0,1,credential_based_fraud,credential_stuffing,cred_stuffing_001,scn_e1461744d3d4,stealth_fraud,3,8,4,1,0,4,4,3,3,0
txn_4ddcf19f7fa6,3.7,0.5411,12,0,306,306,1,3,8,223.0,0.0642,63.75,368.0,0.0044,0.0005,0.1104,0.0,0.0,0.0,1,credential_based_fraud,credential_stuffing,cred_stuffing_001,scn_e1461744d3d4,stealth_fraud,3,8,4,1,0,3,3,5,3,0
txn_25e8a0071fd0,4.08,0.2589,12,0,306,306,229,3,8,223.0,0.0642,63.75,368.0,0.0044,0.0005,0.1104,0.0901,994.0,0.0,1,credential_based_fraud,credential_stuffing,cred_stuffing_001,scn_e1461744d3d4,stealth_fraud,3,8,4,1,0,2,2,4,3,0
txn_ea162f0932d0,4.78,0.2877,12,0,306,306,229,3,8,223.0,0.0642,63.75,368.0,0.0044,0.0005,0.1104,0.0901,994.0,0.0,1,credential_based_fraud,credential_stuffing,cred_stuffing_001,scn_e1461744d3d4,stealth_fraud,1,8,4,1,0,2,2,0,3,0
txn_4066f1d6f3de,4.3,0.3311,12,0,306,306,229,3,8,223.0,0.0642,63.75,368.0,0.0044,0.0005,0.1104,0.0901,994.0,0.0,1,credential_based_fraud,credential_stuffing,cred_stuffing_001,scn_e1461744d3d4,stealth_fraud,4,8,4,1,0,1,1,6,3,0
txn_492f754a927d,6.86,0.2698,12,0,306,306,1,3,8,223.0,0.0642,63.75,368.0,0.0044,0.0005,0.1104,0.0,0.0,0.0,1,credential_based_fraud,credential_stuffing,cred_stuffing_001,scn_e1461744d3d4,stealth_fraud,2,8,4,1,0,1,1,6,3,0
txn_34daa77e700a,1.7,0.313,12,0,306,306,229,3,8,223.0,0.0642,63.75,368.0,0.0044,0.0005,0.1104,0.0901,994.0,0.0,1,credential_based_fraud,credential_stuffing,cred_stuffing_001,scn_e1461744d3d4,stealth_fraud,4,8,4,1,0,4,4,2,3,0
txn_90754989b144,5.92,0.2803,12,0,306,306,229,3,8,223.0,0.0642,63.75,368.0,0.0044,0.0005,0.1104,0.0901,994.0,0.0,1,credential_based_fraud,credential_stuffing,cred_stuffing_001,scn_e1461744d3d4,stealth_fraud,3,8,4,1,0,0,0,4,3,0
txn_70a578c5b006,6.59,0.8359,12,0,306,306,229,3,7,223.0,0.0642,63.75,368.0,0.0044,0.0005,0.1104,0.0901,994.0,0.0,1,credential_based_fraud,credential_stuffing,cred_stuffing_001,scn_e1461744d3d4,stealth_fraud,4,8,4,1,0,1,1,6,3,0
txn_36391151ef95,2.32,0.4217,13,0,306,306,1,3,6,223.0,0.0642,63.75,368.0,0.0044,0.0005,0.1104,0.0,0.0,0.0,1,credential_based_fraud,credential_stuffing,cred_stuffing_001,scn_e1461744d3d4,stealth_fraud,2,8,4,1,0,2,2,1,3,0
txn_19368d8b7e82,6.33,0.2927,13,0,306,306,229,3,6,223.0,0.0642,63.75,368.0,0.0044,0.0005,0.1104,0.0901,994.0,0.0,1,credential_based_fraud,credential_stuffing,cred_stuffing_001,scn_e1461744d3d4,stealth_fraud,4,8,4,1,0,1,1,2,3,0
txn_5789e4d15556,3.1,0.3858,13,0,306,306,229,3,6,223.0,0.0642,63.75,368.0,0.0044,0.0005,0.1104,0.0901,994.0,0.0,1,credential_based_fraud,credential_stuffing,cred_stuffing_001,scn_e1461744d3d4,stealth_fraud,0,8,4,1,0,4,4,1,3,0
txn_b93bff3d3587,0.79,0.4207,13,0,306,306,229,3,6,223.0,0.0642,63.75,368.0,0.0044,0.0005,0.1104,0.0901,994.0,0.0,1,credential_based_fraud,credential_stuffing,cred_stuffing_001,scn_e1461744d3d4,stealth_fraud,2,8,4,1,0,3,3,1,3,0
txn_59e7cf0d9e4c,2.76,0.6189,13,0,306,306,1,3,6,223.0,0.0642,63.75,368.0,0.0044,0.0005,0.1104,0.0,0.0,0.0,1,credential_based_fraud,credential_stuffing,cred_stuffing_001,scn_e1461744d3d4,stealth_fraud,2,8,4,1,0,4,4,6,3,0
txn_d628d17a55f5,3.21,0.1667,13,0,306,306,229,3,6,223.0,0.0642,63.75,368.0,0.0044,0.0005,0.1104,0.0901,994.0,0.0,1,credential_based_fraud,credential_stuffing,cred_stuffing_001,scn_e1461744d3d4,stealth_fraud,0,8,4,1,0,5,5,1,3,0
txn_77ba9c4315d1,4.4,0.4666,13,0,306,306,229,3,6,223.0,0.0642,63.75,368.0,0.0044,0.0005,0.1104,0.0901,994.0,0.0,1,credential_based_fraud,credential_stuffing,cred_stuffing_001,scn_e1461744d3d4,stealth_fraud,0,8,4,1,0,5,5,3,3,0
txn_6cb2c2b8b5ab,6.21,0.2771,13,0,306,306,229,3,6,223.0,0.0642,63.75,368.0,0.0044,0.0005,0.1104,0.0901,994.0,0.0,1,credential_based_fraud,credential_stuffing,cred_stuffing_001,scn_e1461744d3d4,stealth_fraud,1,8,4,1,0,0,0,4,3,0
txn_c2f337d7ddc4,7.93,0.5534,13,0,306,306,1,3,6,223.0,0.0642,63.75,368.0,0.0044,0.0005,0.1104,0.0,0.0,0.0,1,credential_based_fraud,credential_stuffing,cred_stuffing_001,scn_e1461744d3d4,stealth_fraud,1,8,4,1,0,3,3,3,3,0
txn_6aac440a1b30,7.32,0.307,13,0,306,306,229,3,5,223.0,0.0642,63.75,368.0,0.0044,0.0005,0.1104,0.0901,994.0,0.0,1,credential_based_fraud,credential_stuffing,cred_stuffing_001,scn_e1461744d3d4,stealth_fraud,4,8,4,1,0,2,2,2,3,0
txn_4966f90c7d45,6.74,0.5216,13,0,306,306,229,3,5,223.0,0.0642,63.75,368.0,0.0044,0.0005,0.1104,0.0901,994.0,0.0,1,credential_based_fraud,credential_stuffing,cred_stuffing_001,scn_e1461744d3d4,stealth_fraud,0,8,4,1,0,2,2,0,3,0
txn_4006129896e7,4.34,0.515,13,1,306,306,229,3,5,223.0,0.0642,63.75,368.0,0.0044,0.0005,0.1104,0.0901,994.0,0.0,1,credential_based_fraud,credential_stuffing,cred_stuffing_001,scn_e1461744d3d4,stealth_fraud,3,8,4,1,0,3,5,4,3,0
txn_982bf9fb391d,2.09,0.4803,13,0,306,306,1,3,5,223.0,0.0642,63.75,368.0,0.0044,0.0005,0.1104,0.0,0.0,0.0,1,credential_based_fraud,credential_stuffing,cred_stuffing_001,scn_e1461744d3d4,stealth_fraud,4,8,4,1,0,1,1,2,3,0
txn_c9abc43c7b2f,7.3,0.3408,13,0,306,306,229,3,5,223.0,0.0642,63.75,368.0,0.0044,0.0005,0.1104,0.0901,994.0,0.0,1,credential_based_fraud,credential_stuffing,cred_stuffing_001,scn_e1461744d3d4,stealth_fraud,2,8,4,1,0,3,3,1,3,0
txn_c50953b0074d,3.48,0.3338,13,1,306,306,229,3,5,223.0,0.0642,63.75,368.0,0.0044,0.0005,0.1104,0.0901,994.0,0.0,1,credential_based_fraud,credential_stuffing,cred_stuffing_001,scn_e1461744d3d4,stealth_fraud,1,8,4,1,0,5,1,6,3,0
txn_bd4b4c9b4156,7.61,0.4095,13,0,306,306,229,3,5,223.0,0.0642,63.75,368.0,0.0044,0.0005,0.1104,0.0901,994.0,0.0,1,credential_based_fraud,credential_stuffing,cred_stuffing_001,scn_e1461744d3d4,stealth_fraud,1,8,4,1,0,1,1,6,3,0
txn_89ec7371a8d2,0.8,0.2698,13,0,306,306,1,3,5,223.0,0.0642,63.75,368.0,0.0044,0.0005,0.1104,0.0,0.0,0.0,1,credential_based_fraud,credential_stuffing,cred_stuffing_001,scn_e1461744d3d4,stealth_fraud,2,8,4,1,0,5,5,4,3,0
txn_0e9a5b617fba,3.55,0.3521,14,0,306,306,229,3,5,223.0,0.0642,63.75,368.0,0.0044,0.0005,0.1104,0.0901,994.0,0.0,1,credential_based_fraud,credential_stuffing,cred_stuffing_001,scn_e1461744d3d4,stealth_fraud,2,8,4,1,0,0,0,4,3,0
txn_112b3ec3f821,3.59,0.5065,14,0,306,306,229,3,5,223.0,0.0642,63.75,368.0,0.0044,0.0005,0.1104,0.0901,994.0,0.0,1,credential_based_fraud,credential_stuffing,cred_stuffing_001,scn_e1461744d3d4,stealth_fraud,0,8,4,1,0,1,1,3,3,0
txn_e543557c13e9,6.94,0.6908,14,0,306,306,229,3,5,223.0,0.0642,63.75,368.0,0.0044,0.0005,0.1104,0.0901,994.0,0.0,1,credential_based_fraud,credential_stuffing,cred_stuffing_001,scn_e1461744d3d4,stealth_fraud,3,8,4,1,0,2,2,1,3,0
txn_9501efe6da3d,1.33,0.4113,14,0,306,306,1,3,5,223.0,0.0642,63.75,368.0,0.0044,0.0005,0.1104,0.0,0.0,0.0,1,credential_based_fraud,credential_stuffing,cred_stuffing_001,scn_e1461744d3d4,stealth_fraud,0,8,4,1,0,4,4,6,3,0
txn_fb815502ecbd,1.55,0.3195,14,0,306,306,229,3,5,223.0,0.0642,63.75,368.0,0.0044,0.0005,0.1104,0.0901,994.0,0.0,1,credential_based_fraud,credential_stuffing,cred_stuffing_001,scn_e1461744d3d4,stealth_fraud,2,8,4,1,0,1,1,3,3,0
txn_34d286961deb,3.49,0.4208,14,0,306,306,229,3,5,223.0,0.0642,63.75,368.0,0.0044,0.0005,0.1104,0.0901,994.0,0.0,1,credential_based_fraud,credential_stuffing,cred_stuffing_001,scn_e1461744d3d4,stealth_fraud,0,8,4,1,0,5,5,0,3,0
txn_70ef592f4d67,0.79,0.2724,14,1,306,306,229,3,5,223.0,0.0642,63.75,368.0,0.0044,0.0005,0.1104,0.0901,994.0,0.0,1,credential_based_fraud,credential_stuffing,cred_stuffing_001,scn_e1461744d3d4,stealth_fraud,3,8,4,1,0,2,5,5,3,0
txn_25711631ed3f,2.45,0.4527,14,0,306,306,1,3,5,223.0,0.0642,63.75,368.0,0.0044,0.0005,0.1104,0.0,0.0,0.0,1,credential_based_fraud,credential_stuffing,cred_stuffing_001,scn_e1461744d3d4,stealth_fraud,2,8,4,1,0,2,2,1,3,0
txn_68dc2e9acd1e,0.71,0.48,14,0,306,306,229,3,5,223.0,0.0642,63.75,368.0,0.0044,0.0005,0.1104,0.0901,994.0,0.0,1,credential_based_fraud,credential_stuffing,cred_stuffing_001,scn_e1461744d3d4,stealth_fraud,1,8,4,1,0,1,1,5,3,0
txn_832e91f9d39b,2.88,0.4493,14,0,306,306,229,3,5,223.0,0.0642,63.75,368.0,0.0044,0.0005,0.1104,0.0901,994.0,0.0,1,credential_based_fraud,credential_stuffing,cred_stuffing_001,scn_e1461744d3d4,stealth_fraud,2,8,4,1,0,1,1,4,3,0
txn_cb2b850f7a45,5.0,0.2071,14,0,306,306,229,3,5,223.0,0.0642,63.75,368.0,0.0044,0.0005,0.1104,0.0901,994.0,0.0,1,credential_based_fraud,credential_stuffing,cred_stuffing_001,scn_e1461744d3d4,stealth_fraud,2,8,4,1,0,1,1,5,3,0
txn_9ee682af52bf,4.15,0.2382,14,0,306,306,1,3,3,223.0,0.0642,63.75,368.0,0.0044,0.0005,0.1104,0.0,0.0,0.0,1,credential_based_fraud,credential_stuffing,cred_stuffing_001,scn_e1461744d3d4,stealth_fraud,0,8,4,1,0,4,4,0,3,0
txn_211b2ee7e234,2.47,0.2785,14,0,306,306,229,3,2,223.0,0.0642,63.75,368.0,0.0044,0.0005,0.1104,0.0901,994.0,0.0,1,credential_based_fraud,credential_stuffing,cred_stuffing_001,scn_e1461744d3d4,stealth_fraud,1,8,4,1,0,5,5,5,3,0
txn_892273888554,4.61,0.3981,14,0,306,306,229,3,2,223.0,0.0642,63.75,368.0,0.0044,0.0005,0.1104,0.0901,994.0,0.0,1,credential_based_fraud,credential_stuffing,cred_stuffing_001,scn_e1461744d3d4,stealth_fraud,3,8,4,1,0,3,3,5,3,0
txn_8eab73369af3,6.04,0.641,14,0,306,306,229,3,2,223.0,0.0642,63.75,368.0,0.0044,0.0005,0.1104,0.0901,994.0,0.0,1,credential_based_fraud,credential_stuffing,cred_stuffing_001,scn_e1461744d3d4,stealth_fraud,3,8,4,1,0,3,3,3,3,0
txn_81df9a6c075e,7.06,0.56,14,0,306,306,1,3,2,223.0,0.0642,63.75,368.0,0.0044,0.0005,0.1104,0.0,0.0,0.0,1,credential_based_fraud,credential_stuffing,cred_stuffing_001,scn_e1461744d3d4,stealth_fraud,2,8,4,1,0,4,4,5,3,0
txn_6f51067ac8e1,2.2,0.4245,15,0,306,306,229,3,2,223.0,0.0642,63.75,368.0,0.0044,0.0005,0.1104,0.0901,994.0,0.0,1,credential_based_fraud,credential_stuffing,cred_stuffing_001,scn_e1461744d3d4,stealth_fraud,2,8,4,1,1,2,2,3,3,1
txn_66929f0799c5,4.5,0.5012,15,0,306,306,229,3,2,223.0,0.0642,63.75,368.0,0.0044,0.0005,0.1104,0.0901,994.0,0.0,1,credential_based_fraud,credential_stuffing,cred_stuffing_001,scn_e1461744d3d4,stealth_fraud,2,8,4,1,0,4,4,4,3,0
txn_d8dbf39d6d3a,1.24,0.4617,15,0,306,306,229,3,2,223.0,0.0642,63.75,368.0,0.0044,0.0005,0.1104,0.0901,994.0,0.0,1,credential_based_fraud,credential_stuffing,cred_stuffing_001,scn_e1461744d3d4,stealth_fraud,2,8,4,1,0,5,5,5,3,0
txn_8de1bde6acee,2.25,0.4313,15,0,306,306,1,3,2,223.0,0.0642,63.75,368.0,0.0044,0.0005,0.1104,0.0,0.0,0.0,1,credential_based_fraud,credential_stuffing,cred_stuffing_001,scn_e1461744d3d4,stealth_fraud,1,8,4,1,0,4,4,1,3,0
txn_4be24b05121f,5.86,0.5061,15,0,306,306,229,3,2,223.0,0.0642,63.75,368.0,0.0044,0.0005,0.1104,0.0901,994.0,0.0,1,credential_based_fraud,credential_stuffing,cred_stuffing_001,scn_e1461744d3d4,stealth_fraud,2,8,4,1,0,4,4,2,3,0
txn_adb18b49fc2e,7.18,0.4136,15,0,306,306,229,3,2,223.0,0.0642,63.75,368.0,0.0044,0.0005,0.1104,0.0901,994.0,0.0,1,credential_based_fraud,credential_stuffing,cred_stuffing_001,scn_e1461744d3d4,stealth_fraud,1,8,4,1,0,5,5,3,3,0
txn_853080679579,4.61,0.467,15,0,306,306,229,3,2,223.0,0.0642,63.75,368.0,0.0044,0.0005,0.1104,0.0901,994.0,0.0,1,credential_based_fraud,credential_stuffing,cred_stuffing_001,scn_e1461744d3d4,stealth_fraud,4,8,4,1,0,4,4,4,3,0
txn_f23f3aebf4bc,6.76,0.4397,15,0,306,306,1,3,2,223.0,0.0642,63.75,368.0,0.0044,0.0005,0.1104,0.0,0.0,0.0,1,credential_based_fraud,credential_stuffing,cred_stuffing_001,scn_e1461744d3d4,stealth_fraud,1,8,4,1,0,5,5,4,3,0
txn_08d9b8efe43e,0.74,0.249,15,0,306,306,229,3,1,223.0,0.0642,63.75,368.0,0.0044,0.0005,0.1104,0.0901,994.0,0.0,1,credential_based_fraud,credential_stuffing,cred_stuffing_001,scn_e1461744d3d4,stealth_fraud,4,8,4,1,0,4,4,0,3,0
txn_40df80e6ff92,2.21,0.6499,15,0,306,306,229,3,1,223.0,0.0642,63.75,368.0,0.0044,0.0005,0.1104,0.0901,994.0,0.0,1,credential_based_fraud,credential_stuffing,cred_stuffing_001,scn_e1461744d3d4,stealth_fraud,2,8,4,1,0,0,0,1,3,0
txn_78873f5037bd,0.66,0.4007,15,0,306,306,229,3,1,223.0,0.0642,63.75,368.0,0.0044,0.0005,0.1104,0.0901,994.0,0.0,1,credential_based_fraud,credential_stuffing,cred_stuffing_001,scn_e1461744d3d4,stealth_fraud,2,8,4,1,0,0,0,0,3,0
txn_ea50c38b7c0c,3.99,0.3434,15,0,306,306,1,3,1,223.0,0.0642,63.75,368.0,0.0044,0.0005,0.1104,0.0,0.0,0.0,1,credential_based_fraud,credential_stuffing,cred_stuffing_001,scn_e1461744d3d4,stealth_fraud,0,8,4,1,0,5,5,3,3,0
txn_dc3eb6abc83e,6.16,0.31,15,0,306,306,229,3,1,223.0,0.0642,63.75,368.0,0.0044,0.0005,0.1104,0.0901,994.0,0.0,1,credential_based_fraud,credential_stuffing,cred_stuffing_001,scn_e1461744d3d4,stealth_fraud,4,8,4,1,0,5,5,3,3,0
txn_43c011f6d883,5.47,0.0886,15,0,306,306,229,3,1,223.0,0.0642,63.75,368.0,0.0044,0.0005,0.1104,0.0901,994.0,0.0,1,credential_based_fraud,credential_stuffing,cred_stuffing_001,scn_e1461744d3d4,stealth_fraud,3,8,4,1,1,1,1,5,3,1
txn_6f73567557ec,7.19,0.354,15,0,306,306,229,3,1,223.0,0.0642,63.75,368.0,0.0044,0.0005,0.1104,0.0901,994.0,0.0,1,credential_based_fraud,credential_stuffing,cred_stuffing_001,scn_e1461744d3d4,stealth_fraud,1,8,4,1,0,4,4,1,3,0
txn_f3b2874f1403,0.67,0.5293,15,0,306,306,1,3,1,223.0,0.0642,63.75,368.0,0.0044,0.0005,0.1104,0.0,0.0,0.0,1,credential_based_fraud,credential_stuffing,cred_stuffing_001,scn_e1461744d3d4,stealth_fraud,1,8,4,1,0,3,3,4,3,0
txn_f217d998442d,4.33,0.453,16,0,306,306,229,3,1,223.0,0.0642,63.75,368.0,0.0044,0.0005,0.1104,0.0901,994.0,0.0,1,credential_based_fraud,credential_stuffing,cred_stuffing_001,scn_e1461744d3d4,stealth_fraud,3,8,4,1,0,4,4,4,3,0
txn_9ea0f98bd23d,5.34,0.4181,16,0,306,306,229,3,1,223.0,0.0642,63.75,368.0,0.0044,0.0005,0.1104,0.0901,994.0,0.0,1,credential_based_fraud,credential_stuffing,cred_stuffing_001,scn_e1461744d3d4,stealth_fraud,0,8,4,1,0,4,4,1,3,0
txn_ca125b3fefb1,6.94,0.2555,16,1,306,306,229,3,1,223.0,0.0642,63.75,368.0,0.0044,0.0005,0.1104,0.0901,994.0,0.0,1,credential_based_fraud,credential_stuffing,cred_stuffing_001,scn_e1461744d3d4,stealth_fraud,1,8,4,1,0,4,5,4,3,0
txn_19777a1aac45,1.48,0.2731,16,0,306,306,1,3,1,223.0,0.0642,63.75,368.0,0.0044,0.0005,0.1104,0.0,0.0,0.0,1,credential_based_fraud,credential_stuffing,cred_stuffing_001,scn_e1461744d3d4,stealth_fraud,4,8,4,1,0,3,3,0,3,0
txn_5e21743868f4,5.38,0.4335,16,0,306,306,229,3,1,223.0,0.0642,63.75,368.0,0.0044,0.0005,0.1104,0.0901,994.0,0.0,1,credential_based_fraud,credential_stuffing,cred_stuffing_001,scn_e1461744d3d4,stealth_fraud,1,8,4,1,0,3,3,6,3,0
txn_1b97d22ecc4d,2.49,0.4805,16,1,306,306,229,3,1,223.0,0.0642,63.75,368.0,0.0044,0.0005,0.1104,0.0901,994.0,0.0,1,credential_based_fraud,credential_stuffing,cred_stuffing_001,scn_e1461744d3d4,stealth_fraud,2,8,4,1,0,2,3,2,3,0
txn_b775d04291a9,2.36,0.2387,16,0,306,306,229,3,1,223.0,0.0642,63.75,368.0,0.0044,0.0005,0.1104,0.0901,994.0,0.0,1,credential_based_fraud,credential_stuffing,cred_stuffing_001,scn_e1461744d3d4,stealth_fraud,2,8,4,1,0,5,5,0,3,0
txn_4330731ae593,5.68,0.4106,16,0,306,306,1,3,1,223.0,0.0642,63.75,368.0,0.0044,0.0005,0.1104,0.0,0.0,0.0,1,credential_based_fraud,credential_stuffing,cred_stuffing_001,scn_e1461744d3d4,stealth_fraud,4,8,4,1,0,3,3,5,3,0
txn_18ce5af3c2e2,3.13,0.2847,16,0,306,306,229,3,1,223.0,0.0642,63.75,368.0,0.0044,0.0005,0.1104,0.0901,994.0,0.0,1,credential_based_fraud,credential_stuffing,cred_stuffing_001,scn_e1461744d3d4,stealth_fraud,2,8,4,1,0,3,3,6,3,0
txn_9c7335325d4e,7.79,0.3546,16,0,306,306,229,3,1,223.0,0.0642,63.75,368.0,0.0044,0.0005,0.1104,0.0901,994.0,0.0,1,credential_based_fraud,credential_stuffing,cred_stuffing_001,scn_e1461744d3d4,stealth_fraud,2,8,4,1,0,0,0,5,3,0
txn_eb22f849094f,5.14,0.6439,16,0,306,306,229,3,1,223.0,0.0642,63.75,368.0,0.0044,0.0005,0.1104,0.0901,994.0,0.0,1,credential_based_fraud,credential_stuffing,cred_stuffing_001,scn_e1461744d3d4,stealth_fraud,3,8,4,1,0,5,5,1,3,0
txn_1a07a9c4fb6b,3.46,0.08,16,0,306,306,1,3,1,223.0,0.0642,63.75,368.0,0.0044,0.0005,0.1104,0.0,0.0,0.0,1,credential_based_fraud,credential_stuffing,cred_stuffing_001,scn_e1461744d3d4,stealth_fraud,4,8,4,1,0,0,0,3,3,0
txn_cd32e899b23a,1.74,0.4131,16,0,306,306,229,3,1,223.0,0.0642,63.75,368.0,0.0044,0.0005,0.1104,0.0901,994.0,0.0,1,credential_based_fraud,credential_stuffing,cred_stuffing_001,scn_e1461744d3d4,stealth_fraud,3,8,4,1,0,1,1,2,3,0
txn_14bb617cc7ee,3.26,0.2525,16,0,306,306,229,3,1,223.0,0.0642,63.75,368.0,0.0044,0.0005,0.1104,0.0901,994.0,0.0,1,credential_based_fraud,credential_stuffing,cred_stuffing_001,scn_e1461744d3d4,stealth_fraud,1,8,4,1,0,2,2,4,3,0
txn_081a5f157b6d,2.09,0.2661,16,0,306,306,229,3,1,223.0,0.0642,63.75,368.0,0.0044,0.0005,0.1104,0.0901,994.0,0.0,1,credential_based_fraud,credential_stuffing,cred_stuffing_001,scn_e1461744d3d4,stealth_fraud,3,8,4,1,0,2,2,0,3,0
txn_fb7a1c0d0128,4.23,0.4662,16,0,306,306,1,3,1,223.0,0.0642,63.75,368.0,0.0044,0.0005,0.1104,0.0,0.0,0.0,1,credential_based_fraud,credential_stuffing,cred_stuffing_001,scn_e1461744d3d4,stealth_fraud,2,8,4,1,0,5,5,6,3,0
txn_ab6b1e535467,5.21,0.3918,17,0,306,306,229,3,1,223.0,0.0642,63.75,368.0,0.0044,0.0005,0.1104,0.0901,994.0,0.0,1,credential_based_fraud,credential_stuffing,cred_stuffing_001,scn_e1461744d3d4,stealth_fraud,0,8,4,1,0,3,3,0,3,0
txn_318eb40565aa,7.39,0.4871,17,0,306,306,229,3,1,223.0,0.0642,63.75,368.0,0.0044,0.0005,0.1104,0.0901,994.0,0.0,1,credential_based_fraud,credential_stuffing,cred_stuffing_001,scn_e1461744d3d4,stealth_fraud,2,8,4,1,0,3,3,3,3,0
txn_f69a8693e7af,5.85,0.5179,17,0,306,306,229,3,1,223.0,0.0642,63.75,368.0,0.0044,0.0005,0.1104,0.0901,994.0,0.0,1,credential_based_fraud,credential_stuffing,cred_stuffing_001,scn_e1461744d3d4,stealth_fraud,3,8,4,1,0,2,2,4,3,0
txn_1749138f7f68,7.66,0.4538,17,1,306,306,1,3,1,223.0,0.0642,63.75,368.0,0.0044,0.0005,0.1104,0.0,0.0,0.0,1,credential_based_fraud,credential_stuffing,cred_stuffing_001,scn_e1461744d3d4,stealth_fraud,2,8,4,1,0,1,4,4,3,0
txn_78271bb71810,3.14,0.3918,17,0,306,306,229,3,1,223.0,0.0642,63.75,368.0,0.0044,0.0005,0.1104,0.0901,994.0,0.0,1,credential_based_fraud,credential_stuffing,cred_stuffing_001,scn_e1461744d3d4,stealth_fraud,1,8,4,1,0,1,1,4,3,0
txn_9e14e322c7cf,4.26,0.4123,17,0,306,306,229,3,1,223.0,0.0642,63.75,368.0,0.0044,0.0005,0.1104,0.0901,994.0,0.0,1,credential_based_fraud,credential_stuffing,cred_stuffing_001,scn_e1461744d3d4,stealth_fraud,0,8,4,1,0,3,3,6,3,0
txn_60b1c88c587b,1.44,0.4807,17,0,306,306,229,3,1,223.0,0.0642,63.75,368.0,0.0044,0.0005,0.1104,0.0901,994.0,0.0,1,credential_based_fraud,credential_stuffing,cred_stuffing_001,scn_e1461744d3d4,stealth_fraud,0,8,4,1,0,2,2,6,3,0
txn_8bbaf34fbad9,6.18,0.1437,17,0,306,306,1,3,1,223.0,0.0642,63.75,368.0,0.0044,0.0005,0.1104,0.0,0.0,0.0,1,credential_based_fraud,credential_stuffing,cred_stuffing_001,scn_e1461744d3d4,stealth_fraud,4,8,4,1,0,0,0,4,3,0
txn_06bf719a241d,6.7,0.3841,17,0,306,306,229,3,1,223.0,0.0642,63.75,368.0,0.0044,0.0005,0.1104,0.0901,994.0,0.0,1,credential_based_fraud,credential_stuffing,cred_stuffing_001,scn_e1461744d3d4,stealth_fraud,0,8,4,1,0,1,1,0,3,0
txn_c44c419b9ab6,7.78,0.5072,17,0,306,306,229,3,1,223.0,0.0642,63.75,368.0,0.0044,0.0005,0.1104,0.0901,994.0,0.0,1,credential_based_fraud,credential_stuffing,cred_stuffing_001,scn_e1461744d3d4,stealth_fraud,0,8,4,1,0,5,5,5,3,0
txn_e704fc285d2b,2.77,0.612,17,0,306,306,229,3,1,223.0,0.0642,63.75,368.0,0.0044,0.0005,0.1104,0.0901,994.0,0.0,1,credential_based_fraud,credential_stuffing,cred_stuffing_001,scn_e1461744d3d4,stealth_fraud,3,8,4,1,0,2,2,2,3,0
txn_77679bf84a45,1.51,0.2497,17,0,306,306,1,3,1,223.0,0.0642,63.75,368.0,0.0044,0.0005,0.1104,0.0,0.0,0.0,1,credential_based_fraud,credential_stuffing,cred_stuffing_001,scn_e1461744d3d4,stealth_fraud,0,8,4,1,0,4,4,4,3,0
txn_58f37145c169,5.73,0.2276,17,0,306,306,229,3,1,223.0,0.0642,63.75,368.0,0.0044,0.0005,0.1104,0.0901,994.0,0.0,1,credential_based_fraud,credential_stuffing,cred_stuffing_001,scn_e1461744d3d4,stealth_fraud,0,8,4,1,0,5,5,1,3,0
txn_f24b637626df,6.74,0.357,17,0,306,306,229,3,1,223.0,0.0642,63.75,368.0,0.0044,0.0005,0.1104,0.0901,994.0,0.0,1,credential_based_fraud,credential_stuffing,cred_stuffing_001,scn_e1461744d3d4,stealth_fraud,1,8,4,1,0,2,2,3,3,0
txn_09cf2fdb17b2,1.49,0.3843,17,0,306,306,229,3,1,223.0,0.0642,63.75,368.0,0.0044,0.0005,0.1104,0.0901,994.0,0.0,1,credential_based_fraud,credential_stuffing,cred_stuffing_001,scn_e1461744d3d4,stealth_fraud,3,8,4,1,0,0,0,4,3,0
txn_147d797d1faf,7.37,0.468,17,1,306,306,1,3,1,223.0,0.0642,63.75,368.0,0.0044,0.0005,0.1104,0.0,0.0,0.0,1,credential_based_fraud,credential_stuffing,cred_stuffing_001,scn_e1461744d3d4,stealth_fraud,2,8,4,1,0,5,0,5,3,0
txn_769ffd7d5d94,7.52,0.2691,18,0,306,306,229,3,1,223.0,0.0642,63.75,368.0,0.0044,0.0005,0.1104,0.0901,994.0,0.0,1,credential_based_fraud,credential_stuffing,cred_stuffing_001,scn_e1461744d3d4,stealth_fraud,3,8,4,1,0,5,5,0,3,0
txn_ac5798d2d5c6,6.82,0.6137,18,0,306,306,229,3,1,223.0,0.0642,63.75,368.0,0.0044,0.0005,0.1104,0.0901,994.0,0.0,1,credential_based_fraud,credential_stuffing,cred_stuffing_001,scn_e1461744d3d4,stealth_fraud,4,8,4,1,0,5,5,2,3,0
txn_999b1ec71b9c,4.75,0.3336,18,0,306,306,229,3,1,223.0,0.0642,63.75,368.0,0.0044,0.0005,0.1104,0.0901,994.0,0.0,1,credential_based_fraud,credential_stuffing,cred_stuffing_001,scn_e1461744d3d4,stealth_fraud,2,8,4,1,0,0,0,2,3,0
txn_ddd34487ae3c,4.64,0.1396,18,0,306,306,1,3,1,223.0,0.0642,63.75,368.0,0.0044,0.0005,0.1104,0.0,0.0,0.0,1,credential_based_fraud,credential_stuffing,cred_stuffing_001,scn_e1461744d3d4,stealth_fraud,2,8,4,1,0,1,1,6,3,0
txn_608357d54415,2.14,0.4477,18,0,306,306,229,3,1,223.0,0.0642,63.75,368.0,0.0044,0.0005,0.1104,0.0901,994.0,0.0,1,credential_based_fraud,credential_stuffing,cred_stuffing_001,scn_e1461744d3d4,stealth_fraud,3,8,4,1,0,2,2,6,3,0
txn_700edea2d1b6,5.21,0.4603,18,0,306,306,229,3,1,223.0,0.0642,63.75,368.0,0.0044,0.0005,0.1104,0.0901,994.0,0.0,1,credential_based_fraud,credential_stuffing,cred_stuffing_001,scn_e1461744d3d4,stealth_fraud,1,8,4,1,0,1,1,2,3,0
txn_3f75ccbb47a3,0.77,0.3508,18,0,306,306,229,3,1,223.0,0.0642,63.75,368.0,0.0044,0.0005,0.1104,0.0901,994.0,0.0,1,credential_based_fraud,credential_stuffing,cred_stuffing_001,scn_e1461744d3d4,stealth_fraud,0,8,4,1,0,3,3,0,3,0
txn_582c5536a7a9,6.36,0.3833,18,0,306,306,1,3,1,223.0,0.0642,63.75,368.0,0.0044,0.0005,0.1104,0.0,0.0,0.0,1,credential_based_fraud,credential_stuffing,cred_stuffing_001,scn_e1461744d3d4,stealth_fraud,4,8,4,1,0,1,1,0,3,0
txn_d3412c563726,6.37,0.3235,18,0,306,306,229,3,1,223.0,0.0642,63.75,368.0,0.0044,0.0005,0.1104,0.0901,994.0,0.0,1,credential_based_fraud,credential_stuffing,cred_stuffing_001,scn_e1461744d3d4,stealth_fraud,4,8,4,1,0,5,5,3,3,0
txn_f4c542c2cb20,3.22,0.3512,18,0,306,306,229,3,1,223.0,0.0642,63.75,368.0,0.0044,0.0005,0.1104,0.0901,994.0,0.0,1,credential_based_fraud,credential_stuffing,cred_stuffing_001,scn_e1461744d3d4,stealth_fraud,1,8,4,1,0,4,4,6,3,0
txn_276883fbd628,5.43,0.3643,18,0,306,306,229,3,1,223.0,0.0642,63.75,368.0,0.0044,0.0005,0.1104,0.0901,994.0,0.0,1,credential_based_fraud,credential_stuffing,cred_stuffing_001,scn_e1461744d3d4,stealth_fraud,2,8,4,1,0,3,3,6,3,0
txn_37ae0d50910b,2.43,0.1684,18,0,306,306,1,3,1,223.0,0.0642,63.75,368.0,0.0044,0.0005,0.1104,0.0,0.0,0.0,1,credential_based_fraud,credential_stuffing,cred_stuffing_001,scn_e1461744d3d4,stealth_fraud,2,8,4,1,0,2,2,6,3,0
txn_f6d9b831aff0,2.62,0.08,18,0,306,306,229,3,1,223.0,0.0642,63.75,368.0,0.0044,0.0005,0.1104,0.0901,994.0,0.0,1,credential_based_fraud,credential_stuffing,cred_stuffing_001,scn_e1461744d3d4,stealth_fraud,3,8,4,1,0,2,2,3,3,0
txn_570f56c8d280,6.42,0.338,18,0,306,306,229,3,1,223.0,0.0642,63.75,368.0,0.0044,0.0005,0.1104,0.0901,994.0,0.0,1,credential_based_fraud,credential_stuffing,cred_stuffing_001,scn_e1461744d3d4,stealth_fraud,1,8,4,1,0,5,5,3,3,0
txn_95de4547a228,7.73,0.4387,18,0,306,306,229,3,1,223.0,0.0642,63.75,368.0,0.0044,0.0005,0.1104,0.0901,994.0,0.0,1,credential_based_fraud,credential_stuffing,cred_stuffing_001,scn_e1461744d3d4,stealth_fraud,0,8,4,1,0,5,5,3,3,0
txn_4ded96038330,1.52,0.4536,18,0,306,306,1,3,1,223.0,0.0642,63.75,368.0,0.0044,0.0005,0.1104,0.0,0.0,0.0,1,credential_based_fraud,credential_stuffing,cred_stuffing_001,scn_e1461744d3d4,stealth_fraud,0,8,4,1,0,0,0,1,3,0
txn_7d1e133c24ec,1.7,0.3281,19,0,306,306,229,3,1,223.0,0.0642,63.75,368.0,0.0044,0.0005,0.1104,0.0901,994.0,0.0,1,credential_based_fraud,credential_stuffing,cred_stuffing_001,scn_e1461744d3d4,stealth_fraud,2,8,4,1,0,4,4,2,3,0
txn_9aedb4f72f0c,5.55,0.4672,19,1,306,306,229,3,1,223.0,0.0642,63.75,368.0,0.0044,0.0005,0.1104,0.0901,994.0,0.0,1,credential_based_fraud,credential_stuffing,cred_stuffing_001,scn_e1461744d3d4,stealth_fraud,0,8,4,1,0,5,0,1,3,0
txn_31d05f9b091a,1.92,0.4799,19,0,306,306,229,3,1,223.0,0.0642,63.75,368.0,0.0044,0.0005,0.1104,0.0901,994.0,0.0,1,credential_based_fraud,credential_stuffing,cred_stuffing_001,scn_e1461744d3d4,stealth_fraud,3,8,4,1,0,3,3,1,3,0
txn_5e96eceb7e34,4.56,0.4025,19,0,306,306,1,3,1,223.0,0.0642,63.75,368.0,0.0044,0.0005,0.1104,0.0,0.0,0.0,1,credential_based_fraud,credential_stuffing,cred_stuffing_001,scn_e1461744d3d4,stealth_fraud,1,8,4,1,0,3,3,2,3,0
txn_f0bd57a4f408,7.33,0.4937,19,0,306,306,229,3,1,223.0,0.0642,63.75,368.0,0.0044,0.0005,0.1104,0.0901,994.0,0.0,1,credential_based_fraud,credential_stuffing,cred_stuffing_001,scn_e1461744d3d4,stealth_fraud,3,8,4,1,0,3,3,5,3,0
txn_cb57fb6ea7ed,1.53,0.27,19,0,306,306,229,3,1,223.0,0.0642,63.75,368.0,0.0044,0.0005,0.1104,0.0901,994.0,0.0,1,credential_based_fraud,credential_stuffing,cred_stuffing_001,scn_e1461744d3d4,stealth_fraud,0,8,4,1,0,3,3,5,3,0
txn_10ffac62dcce,7.7,0.3874,19,0,306,306,229,3,1,223.0,0.0642,63.75,368.0,0.0044,0.0005,0.1104,0.0901,994.0,0.0,1,credential_based_fraud,credential_stuffing,cred_stuffing_001,scn_e1461744d3d4,stealth_fraud,4,8,4,1,0,3,3,6,3,0
txn_c41873a1fbec,2.25,0.5776,19,0,306,306,1,3,1,223.0,0.0642,63.75,368.0,0.0044,0.0005,0.1104,0.0,0.0,0.0,1,credential_based_fraud,credential_stuffing,cred_stuffing_001,scn_e1461744d3d4,stealth_fraud,1,8,4,1,1,0,0,4,3,1
txn_ae49bbf3bb7e,5.42,0.1364,19,0,306,306,229,3,1,223.0,0.0642,63.75,368.0,0.0044,0.0005,0.1104,0.0901,994.0,0.0,1,credential_based_fraud,credential_stuffing,cred_stuffing_001,scn_e1461744d3d4,stealth_fraud,4,8,4,1,0,1,1,5,3,0
txn_9798b4aa7057,3.81,0.3563,19,0,306,306,229,3,1,223.0,0.0642,63.75,368.0,0.0044,0.0005,0.1104,0.0901,994.0,0.0,1,credential_based_fraud,credential_stuffing,cred_stuffing_001,scn_e1461744d3d4,stealth_fraud,3,8,4,1,0,3,3,3,3,0
txn_07cf6d405814,4.13,0.6259,19,0,306,306,229,3,1,223.0,0.0642,63.75,368.0,0.0044,0.0005,0.1104,0.0901,994.0,0.0,1,credential_based_fraud,credential_stuffing,cred_stuffing_001,scn_e1461744d3d4,stealth_fraud,4,8,4,1,0,0,0,2,3,0
txn_0b8a8fdb372b,6.07,0.08,19,0,306,306,1,3,1,223.0,0.0642,63.75,368.0,0.0044,0.0005,0.1104,0.0,0.0,0.0,1,credential_based_fraud,credential_stuffing,cred_stuffing_001,scn_e1461744d3d4,stealth_fraud,0,8,4,1,0,1,1,0,3,0
txn_1030186e873c,1.83,0.5562,19,0,306,306,229,3,1,223.0,0.0642,63.75,368.0,0.0044,0.0005,0.1104,0.0901,994.0,0.0,1,credential_based_fraud,credential_stuffing,cred_stuffing_001,scn_e1461744d3d4,stealth_fraud,1,8,4,1,0,4,4,0,3,0
txn_e3cee9c1b28a,5.49,0.2014,19,0,306,306,229,3,1,223.0,0.0642,63.75,368.0,0.0044,0.0005,0.1104,0.0901,994.0,0.0,1,credential_based_fraud,credential_stuffing,cred_stuffing_001,scn_e1461744d3d4,stealth_fraud,3,8,4,1,0,2,2,3,3,0
txn_34b8a684f613,0.84,0.2782,19,0,306,306,229,3,1,223.0,0.0642,63.75,368.0,0.0044,0.0005,0.1104,0.0901,994.0,0.0,1,credential_based_fraud,credential_stuffing,cred_stuffing_001,scn_e1461744d3d4,stealth_fraud,3,8,4,1,1,5,5,2,3,1
txn_eab2d5ba1560,4.46,0.341,19,0,306,306,1,3,1,223.0,0.0642,63.75,368.0,0.0044,0.0005,0.1104,0.0,0.0,0.0,1,credential_based_fraud,credential_stuffing,cred_stuffing_001,scn_e1461744d3d4,stealth_fraud,4,8,4,1,0,3,3,2,3,0
txn_20fa61cdd512,3.35,0.3693,20,0,306,306,229,3,1,223.0,0.0642,63.75,368.0,0.0044,0.0005,0.1104,0.0901,994.0,0.0,1,credential_based_fraud,credential_stuffing,cred_stuffing_001,scn_e1461744d3d4,stealth_fraud,2,8,4,1,0,3,3,1,3,0
txn_79785dd6d0b1,5.69,0.167,20,0,306,306,229,3,1,223.0,0.0642,63.75,368.0,0.0044,0.0005,0.1104,0.0901,994.0,0.0,1,credential_based_fraud,credential_stuffing,cred_stuffing_001,scn_e1461744d3d4,stealth_fraud,0,8,4,1,0,2,2,0,3,0
txn_93b4a8229433,4.3,0.4313,20,0,306,306,229,3,1,223.0,0.0642,63.75,368.0,0.0044,0.0005,0.1104,0.0901,994.0,0.0,1,credential_based_fraud,credential_stuffing,cred_stuffing_001,scn_e1461744d3d4,stealth_fraud,3,8,4,1,0,1,1,0,3,0
txn_0c72a83959d5,6.92,0.4125,20,0,306,306,1,3,1,223.0,0.0642,63.75,368.0,0.0044,0.0005,0.1104,0.0,0.0,0.0,1,credential_based_fraud,credential_stuffing,cred_stuffing_001,scn_e1461744d3d4,stealth_fraud,3,8,4,1,0,1,1,3,3,0
txn_88cd3e18a9fe,1.92,0.1506,20,0,306,306,229,3,1,223.0,0.0642,63.75,368.0,0.0044,0.0005,0.1104,0.0901,994.0,0.0,1,credential_based_fraud,credential_stuffing,cred_stuffing_001,scn_e1461744d3d4,stealth_fraud,0,8,4,1,0,5,5,6,3,0
txn_c1d59b56ae4e,0.96,0.3533,20,0,306,306,229,3,1,223.0,0.0642,63.75,368.0,0.0044,0.0005,0.1104,0.0901,994.0,0.0,1,credential_based_fraud,credential_stuffing,cred_stuffing_001,scn_e1461744d3d4,stealth_fraud,1,8,4,1,0,0,0,6,3,0
txn_5cbc6d61965f,2.66,0.3256,20,0,306,306,229,3,1,223.0,0.0642,63.75,368.0,0.0044,0.0005,0.1104,0.0901,994.0,0.0,1,credential_based_fraud,credential_stuffing,cred_stuffing_001,scn_e1461744d3d4,stealth_fraud,1,8,4,1,0,2,2,6,3,0
txn_13c51bca874c,4.83,0.3731,20,0,306,306,1,3,1,223.0,0.0642,63.75,368.0,0.0044,0.0005,0.1104,0.0,0.0,0.0,1,credential_based_fraud,credential_stuffing,cred_stuffing_001,scn_e1461744d3d4,stealth_fraud,4,8,4,1,0,3,3,4,3,0
txn_d3b28fafcb2c,2.24,0.3393,20,0,306,306,229,3,1,223.0,0.0642,63.75,368.0,0.0044,0.0005,0.1104,0.0901,994.0,0.0,1,credential_based_fraud,credential_stuffing,cred_stuffing_001,scn_e1461744d3d4,stealth_fraud,1,8,4,1,0,3,3,2,3,0
txn_d4b9919d67d1,1.18,0.08,20,0,306,306,229,3,1,223.0,0.0642,63.75,368.0,0.0044,0.0005,0.1104,0.0901,994.0,0.0,1,credential_based_fraud,credential_stuffing,cred_stuffing_001,scn_e1461744d3d4,stealth_fraud,3,8,4,1,0,1,1,6,3,0
txn_7957a4f8d5b0,3.75,0.3994,20,0,306,306,229,3,1,223.0,0.0642,63.75,368.0,0.0044,0.0005,0.1104,0.0901,994.0,0.0,1,credential_based_fraud,credential_stuffing,cred_stuffing_001,scn_e1461744d3d4,stealth_fraud,4,8,4,1,0,4,4,2,3,0
txn_3ddc9e6a15db,2.9,0.4572,20,0,306,306,1,3,1,223.0,0.0642,63.75,368.0,0.0044,0.0005,0.1104,0.0,0.0,0.0,1,credential_based_fraud,credential_stuffing,cred_stuffing_001,scn_e1461744d3d4,stealth_fraud,0,8,4,1,0,5,5,6,3,0
txn_f36f6f58cff5,1.53,0.08,20,0,306,306,229,3,1,223.0,0.0642,63.75,368.0,0.0044,0.0005,0.1104,0.0901,994.0,0.0,1,credential_based_fraud,credential_stuffing,cred_stuffing_001,scn_e1461744d3d4,stealth_fraud,1,8,4,1,0,1,1,3,3,0
txn_a6272ebb5f23,7.21,0.3608,20,0,306,306,229,3,1,223.0,0.0642,63.75,368.0,0.0044,0.0005,0.1104,0.0901,994.0,0.0,1,credential_based_fraud,credential_stuffing,cred_stuffing_001,scn_e1461744d3d4,stealth_fraud,2,8,4,1,0,2,2,3,3,0
txn_d0042d108143,5.68,0.3816,20,0,306,306,229,3,1,223.0,0.0642,63.75,368.0,0.0044,0.0005,0.1104,0.0901,994.0,0.0,1,credential_based_fraud,credential_stuffing,cred_stuffing_001,scn_e1461744d3d4,stealth_fraud,1,8,4,1,1,2,2,5,3,1
txn_76124b015862,1.15,0.3093,20,0,306,306,1,3,1,223.0,0.0642,63.75,368.0,0.0044,0.0005,0.1104,0.0,0.0,0.0,1,credential_based_fraud,credential_stuffing,cred_stuffing_001,scn_e1461744d3d4,stealth_fraud,2,8,4,1,0,2,2,5,3,0
txn_1e9a8869b279,2.55,0.2764,21,0,306,306,229,3,1,223.0,0.0642,63.75,368.0,0.0044,0.0005,0.1104,0.0901,994.0,0.0,1,credential_based_fraud,credential_stuffing,cred_stuffing_001,scn_e1461744d3d4,stealth_fraud,0,8,4,1,0,2,2,0,3,0
txn_f7f9b32b5479,0.68,0.2618,21,1,306,306,229,3,1,223.0,0.0642,63.75,368.0,0.0044,0.0005,0.1104,0.0901,994.0,0.0,1,credential_based_fraud,credential_stuffing,cred_stuffing_001,scn_e1461744d3d4,stealth_fraud,4,8,4,1,1,5,0,4,3,1
txn_216d743632e2,7.75,0.4726,21,0,306,306,229,3,1,223.0,0.0642,63.75,368.0,0.0044,0.0005,0.1104,0.0901,994.0,0.0,1,credential_based_fraud,credential_stuffing,cred_stuffing_001,scn_e1461744d3d4,stealth_fraud,3,8,4,1,1,0,0,0,3,1
txn_90bf62a04c57,4.16,0.4391,21,0,306,306,1,3,1,223.0,0.0642,63.75,368.0,0.0044,0.0005,0.1104,0.0,0.0,0.0,1,credential_based_fraud,credential_stuffing,cred_stuffing_001,scn_e1461744d3d4,stealth_fraud,2,8,4,1,0,2,2,5,3,0
txn_d7e69b239bb9,3.32,0.3683,21,0,306,306,229,3,1,223.0,0.0642,63.75,368.0,0.0044,0.0005,0.1104,0.0901,994.0,0.0,1,credential_based_fraud,credential_stuffing,cred_stuffing_001,scn_e1461744d3d4,stealth_fraud,0,8,4,1,0,5,5,4,3,0
txn_bd4810759b5e,7.21,0.17,21,0,306,306,229,3,1,223.0,0.0642,63.75,368.0,0.0044,0.0005,0.1104,0.0901,994.0,0.0,1,credential_based_fraud,credential_stuffing,cred_stuffing_001,scn_e1461744d3d4,stealth_fraud,1,8,4,1,0,2,2,1,3,0
txn_dff1e8ceef9d,4.07,0.3871,21,0,306,306,229,3,1,223.0,0.0642,63.75,368.0,0.0044,0.0005,0.1104,0.0901,994.0,0.0,1,credential_based_fraud,credential_stuffing,cred_stuffing_001,scn_e1461744d3d4,stealth_fraud,3,8,4,1,0,0,0,4,3,0
txn_2282cfceea65,2.0,0.6775,21,1,306,306,1,3,1,223.0,0.0642,63.75,368.0,0.0044,0.0005,0.1104,0.0,0.0,0.0,1,credential_based_fraud,credential_stuffing,cred_stuffing_001,scn_e1461744d3d4,stealth_fraud,0,8,4,1,0,2,1,0,3,0
txn_4d2ac377fd53,2.33,0.3205,21,1,306,306,229,3,1,223.0,0.0642,63.75,368.0,0.0044,0.0005,0.1104,0.0901,994.0,0.0,1,credential_based_fraud,credential_stuffing,cred_stuffing_001,scn_e1461744d3d4,stealth_fraud,0,8,4,1,0,5,4,4,3,0
txn_fb7e87242082,4.6,0.2685,21,0,306,306,229,3,1,223.0,0.0642,63.75,368.0,0.0044,0.0005,0.1104,0.0901,994.0,0.0,1,credential_based_fraud,credential_stuffing,cred_stuffing_001,scn_e1461744d3d4,stealth_fraud,2,8,4,1,0,3,3,5,3,0
txn_b57e9d418db9,4.53,0.4415,21,0,306,306,229,3,1,223.0,0.0642,63.75,368.0,0.0044,0.0005,0.1104,0.0901,994.0,0.0,1,credential_based_fraud,credential_stuffing,cred_stuffing_001,scn_e1461744d3d4,stealth_fraud,0,8,4,1,0,4,4,1,3,0
txn_c705ae9ba8ed,7.62,0.551,21,0,306,306,1,3,1,223.0,0.0642,63.75,368.0,0.0044,0.0005,0.1104,0.0,0.0,0.0,1,credential_based_fraud,credential_stuffing,cred_stuffing_001,scn_e1461744d3d4,stealth_fraud,4,8,4,1,0,2,2,4,3,0
txn_db3ec29b18ae,5.43,0.3009,21,0,306,306,229,3,1,223.0,0.0642,63.75,368.0,0.0044,0.0005,0.1104,0.0901,994.0,0.0,1,credential_based_fraud,credential_stuffing,cred_stuffing_001,scn_e1461744d3d4,stealth_fraud,2,8,4,1,0,4,4,6,3,0
txn_363e2fcd50b4,7.59,0.4153,21,0,306,306,229,3,1,223.0,0.0642,63.75,368.0,0.0044,0.0005,0.1104,0.0901,994.0,0.0,1,credential_based_fraud,credential_stuffing,cred_stuffing_001,scn_e1461744d3d4,stealth_fraud,2,8,4,1,0,3,3,0,3,0
txn_f17d719f6022,6.4,0.7215,21,0,306,306,229,3,1,223.0,0.0642,63.75,368.0,0.0044,0.0005,0.1104,0.0901,994.0,0.0,1,credential_based_fraud,credential_stuffing,cred_stuffing_001,scn_e1461744d3d4,stealth_fraud,3,8,4,1,0,5,5,3,3,0
txn_c0c908b3b0ed,7.11,0.7666,21,1,306,306,1,3,1,223.0,0.0642,63.75,368.0,0.0044,0.0005,0.1104,0.0,0.0,0.0,1,credential_based_fraud,credential_stuffing,cred_stuffing_001,scn_e1461744d3d4,stealth_fraud,3,8,4,1,0,4,0,1,3,0
txn_fcde3d6bf66f,4.37,0.2997,22,0,306,306,229,3,1,223.0,0.0642,63.75,368.0,0.0044,0.0005,0.1104,0.0901,994.0,0.0,1,credential_based_fraud,credential_stuffing,cred_stuffing_001,scn_e1461744d3d4,stealth_fraud,4,8,4,1,0,5,5,3,3,0
txn_2a508827765a,4.11,0.415,22,0,306,306,229,3,1,223.0,0.0642,63.75,368.0,0.0044,0.0005,0.1104,0.0901,994.0,0.0,1,credential_based_fraud,credential_stuffing,cred_stuffing_001,scn_e1461744d3d4,stealth_fraud,2,8,4,1,0,2,2,6,3,0
txn_68f22a5cc1d7,1.53,0.1565,22,0,306,306,229,3,1,223.0,0.0642,63.75,368.0,0.0044,0.0005,0.1104,0.0901,994.0,0.0,1,credential_based_fraud,credential_stuffing,cred_stuffing_001,scn_e1461744d3d4,stealth_fraud,4,8,4,1,0,5,5,5,3,0
txn_3dfb27b85999,1.71,0.6452,22,0,306,306,1,3,1,223.0,0.0642,63.75,368.0,0.0044,0.0005,0.1104,0.0,0.0,0.0,1,credential_based_fraud,credential_stuffing,cred_stuffing_001,scn_e1461744d3d4,stealth_fraud,2,8,4,1,0,4,4,3,3,0
txn_e8137696f185,4.05,0.4087,22,0,306,306,229,3,1,223.0,0.0642,63.75,368.0,0.0044,0.0005,0.1104,0.0901,994.0,0.0,1,credential_based_fraud,credential_stuffing,cred_stuffing_001,scn_e1461744d3d4,stealth_fraud,2,8,4,1,0,2,2,4,3,0
txn_7b8806beb85b,1.36,0.3488,22,0,306,306,229,3,1,223.0,0.0642,63.75,368.0,0.0044,0.0005,0.1104,0.0901,994.0,0.0,1,credential_based_fraud,credential_stuffing,cred_stuffing_001,scn_e1461744d3d4,stealth_fraud,4,8,4,1,0,0,0,3,3,0
txn_86e1db2fa337,1.42,0.481,22,0,306,306,229,3,1,223.0,0.0642,63.75,368.0,0.0044,0.0005,0.1104,0.0901,994.0,0.0,1,credential_based_fraud,credential_stuffing,cred_stuffing_001,scn_e1461744d3d4,stealth_fraud,3,8,4,1,0,5,5,6,3,0
txn_f481de77d0cb,6.8,0.3725,22,0,306,306,1,3,1,223.0,0.0642,63.75,368.0,0.0044,0.0005,0.1104,0.0,0.0,0.0,1,credential_based_fraud,credential_stuffing,cred_stuffing_001,scn_e1461744d3d4,stealth_fraud,3,8,4,1,0,0,0,5,3,0
txn_362a00145086,2.63,0.5236,22,0,306,306,229,3,1,223.0,0.0642,63.75,368.0,0.0044,0.0005,0.1104,0.0901,994.0,0.0,1,credential_based_fraud,credential_stuffing,cred_stuffing_001,scn_e1461744d3d4,stealth_fraud,2,8,4,1,0,3,3,1,3,0
txn_e06a93f67fdd,5.52,0.4289,22,0,306,306,229,3,1,223.0,0.0642,63.75,368.0,0.0044,0.0005,0.1104,0.0901,994.0,0.0,1,credential_based_fraud,credential_stuffing,cred_stuffing_001,scn_e1461744d3d4,stealth_fraud,0,8,4,1,0,3,3,0,3,0
txn_f73533c36f59,1.94,0.5843,22,0,306,306,229,3,1,223.0,0.0642,63.75,368.0,0.0044,0.0005,0.1104,0.0901,994.0,0.0,1,credential_based_fraud,credential_stuffing,cred_stuffing_001,scn_e1461744d3d4,stealth_fraud,3,8,4,1,0,2,2,0,3,0
txn_91cf8ad1bbcd,6.41,0.4804,22,0,306,306,1,3,1,223.0,0.0642,63.75,368.0,0.0044,0.0005,0.1104,0.0,0.0,0.0,1,credential_based_fraud,credential_stuffing,cred_stuffing_001,scn_e1461744d3d4,stealth_fraud,0,8,4,1,0,2,2,6,3,0
txn_9fa5b62c1d48,3.64,0.8094,22,0,306,306,229,3,1,223.0,0.0642,63.75,368.0,0.0044,0.0005,0.1104,0.0901,994.0,0.0,1,credential_based_fraud,credential_stuffing,cred_stuffing_001,scn_e1461744d3d4,stealth_fraud,3,8,4,1,0,3,3,0,3,0
txn_de473e435daf,3.52,0.2599,22,0,306,306,229,3,1,223.0,0.0642,63.75,368.0,0.0044,0.0005,0.1104,0.0901,994.0,0.0,1,credential_based_fraud,credential_stuffing,cred_stuffing_001,scn_e1461744d3d4,stealth_fraud,0,8,4,1,0,5,5,0,3,0
txn_ccbe69f4dd36,3.1,0.5102,22,0,306,306,229,3,1,223.0,0.0642,63.75,368.0,0.0044,0.0005,0.1104,0.0901,994.0,0.0,1,credential_based_fraud,credential_stuffing,cred_stuffing_001,scn_e1461744d3d4,stealth_fraud,3,8,4,1,0,1,1,0,3,0
txn_a1cb2de4c27b,5.91,0.4258,22,0,306,306,1,3,1,223.0,0.0642,63.75,368.0,0.0044,0.0005,0.1104,0.0,0.0,0.0,1,credential_based_fraud,credential_stuffing,cred_stuffing_001,scn_e1461744d3d4,stealth_fraud,2,8,4,1,0,3,3,1,3,0
txn_a4a5f3a6e1b3,2.18,0.3538,23,0,306,306,229,3,1,223.0,0.0642,63.75,368.0,0.0044,0.0005,0.1104,0.0901,994.0,0.0,1,credential_based_fraud,credential_stuffing,cred_stuffing_001,scn_e1461744d3d4,stealth_fraud,4,8,4,1,0,0,0,6,3,0
txn_392621a15b10,1.31,0.1929,23,0,306,306,229,3,1,223.0,0.0642,63.75,368.0,0.0044,0.0005,0.1104,0.0901,994.0,0.0,1,credential_based_fraud,credential_stuffing,cred_stuffing_001,scn_e1461744d3d4,stealth_fraud,4,8,4,1,0,4,4,3,3,0
txn_66858bdb0d30,2.34,0.3985,23,0,306,306,229,3,1,223.0,0.0642,63.75,368.0,0.0044,0.0005,0.1104,0.0901,994.0,0.0,1,credential_based_fraud,credential_stuffing,cred_stuffing_001,scn_e1461744d3d4,stealth_fraud,2,8,4,1,0,5,5,4,3,0
txn_aff4ba47df00,3.19,0.4752,23,0,306,306,1,3,1,223.0,0.0642,63.75,368.0,0.0044,0.0005,0.1104,0.0,0.0,0.0,1,credential_based_fraud,credential_stuffing,cred_stuffing_001,scn_e1461744d3d4,stealth_fraud,4,8,4,1,0,3,3,4,3,0
txn_114cd7ab9844,3.68,0.4681,23,0,306,306,229,3,1,223.0,0.0642,63.75,368.0,0.0044,0.0005,0.1104,0.0901,994.0,0.0,1,credential_based_fraud,credential_stuffing,cred_stuffing_001,scn_e1461744d3d4,stealth_fraud,1,8,4,1,0,1,1,5,3,0
txn_eb45f9d8e840,6.91,0.436,23,0,306,306,229,3,1,223.0,0.0642,63.75,368.0,0.0044,0.0005,0.1104,0.0901,994.0,0.0,1,credential_based_fraud,credential_stuffing,cred_stuffing_001,scn_e1461744d3d4,stealth_fraud,2,8,4,1,0,0,0,5,3,0
txn_f57515b35b16,3.7,0.2481,23,0,306,306,229,3,1,223.0,0.0642,63.75,368.0,0.0044,0.0005,0.1104,0.0901,994.0,0.0,1,credential_based_fraud,credential_stuffing,cred_stuffing_001,scn_e1461744d3d4,stealth_fraud,2,8,4,1,0,5,5,6,3,0
txn_dba09afddabc,7.58,0.5137,23,0,306,306,1,3,1,223.0,0.0642,63.75,368.0,0.0044,0.0005,0.1104,0.0,0.0,0.0,1,credential_based_fraud,credential_stuffing,cred_stuffing_001,scn_e1461744d3d4,stealth_fraud,2,8,4,1,0,3,3,4,3,0
txn_6866adfdac74,1.12,0.2972,23,0,306,306,229,3,1,223.0,0.0642,63.75,368.0,0.0044,0.0005,0.1104,0.0901,994.0,0.0,1,credential_based_fraud,credential_stuffing,cred_stuffing_001,scn_e1461744d3d4,stealth_fraud,2,8,4,1,0,5,5,6,3,0
txn_4ecbff386418,5.21,0.4458,23,1,306,306,229,3,1,223.0,0.0642,63.75,368.0,0.0044,0.0005,0.1104,0.0901,994.0,0.0,1,credential_based_fraud,credential_stuffing,cred_stuffing_001,scn_e1461744d3d4,stealth_fraud,2,8,4,1,0,1,4,3,3,0
txn_06efbf57492c,7.47,0.3731,23,0,306,306,229,3,1,223.0,0.0642,63.75,368.0,0.0044,0.0005,0.1104,0.0901,994.0,0.0,1,credential_based_fraud,credential_stuffing,cred_stuffing_001,scn_e1461744d3d4,stealth_fraud,3,8,4,1,0,5,5,3,3,0
txn_78ce7f3c0a52,2.8,0.3979,23,0,306,306,1,3,1,223.0,0.0642,63.75,368.0,0.0044,0.0005,0.1104,0.0,0.0,0.0,1,credential_based_fraud,credential_stuffing,cred_stuffing_001,scn_e1461744d3d4,stealth_fraud,4,8,4,1,0,2,2,0,3,0
txn_a5b955b07c8c,7.02,0.3061,23,0,306,306,229,3,1,223.0,0.0642,63.75,368.0,0.0044,0.0005,0.1104,0.0901,994.0,0.0,1,credential_based_fraud,credential_stuffing,cred_stuffing_001,scn_e1461744d3d4,stealth_fraud,0,8,4,1,0,4,4,4,3,0
txn_025d457cf191,0.88,0.3426,23,0,306,306,229,3,1,223.0,0.0642,63.75,368.0,0.0044,0.0005,0.1104,0.0901,994.0,0.0,1,credential_based_fraud,credential_stuffing,cred_stuffing_001,scn_e1461744d3d4,stealth_fraud,4,8,4,1,0,3,3,4,3,0
txn_9e6d0b0b5625,4.44,0.4329,23,0,306,306,229,3,1,223.0,0.0642,63.75,368.0,0.0044,0.0005,0.1104,0.0901,994.0,0.0,1,credential_based_fraud,credential_stuffing,cred_stuffing_001,scn_e1461744d3d4,stealth_fraud,2,8,4,1,0,0,0,0,3,0
txn_920604a8e095,6.92,0.3135,23,0,306,306,1,3,1,223.0,0.0642,63.75,368.0,0.0044,0.0005,0.1104,0.0,0.0,0.0,1,credential_based_fraud,credential_stuffing,cred_stuffing_001,scn_e1461744d3d4,stealth_fraud,0,8,4,1,0,0,0,3,3,0
txn_d2c92a8d2a11,5.59,0.3402,23,0,306,306,229,3,1,223.0,0.0642,63.75,368.0,0.0044,0.0005,0.1104,0.0901,994.0,0.0,1,credential_based_fraud,credential_stuffing,cred_stuffing_001,scn_e1461744d3d4,stealth_fraud,0,8,4,1,0,1,1,1,3,0
txn_48ed5d05b6cb,0.84,0.2816,0,0,306,306,229,3,1,223.0,0.0642,63.75,368.0,0.0044,0.0005,0.1104,0.0901,994.0,0.0,1,credential_based_fraud,credential_stuffing,cred_stuffing_001,scn_e1461744d3d4,stealth_fraud,0,8,4,1,0,5,5,2,3,0
txn_dc51f3a50da2,3.81,0.3448,0,0,306,306,229,3,1,223.0,0.0642,63.75,368.0,0.0044,0.0005,0.1104,0.0901,994.0,0.0,1,credential_based_fraud,credential_stuffing,cred_stuffing_001,scn_e1461744d3d4,stealth_fraud,0,8,4,1,0,0,0,5,3,0
txn_a053e027f3d2,2.43,0.5661,0,0,306,306,1,3,1,223.0,0.0642,63.75,368.0,0.0044,0.0005,0.1104,0.0,0.0,0.0,1,credential_based_fraud,credential_stuffing,cred_stuffing_001,scn_e1461744d3d4,stealth_fraud,2,8,4,1,0,3,3,2,3,0
txn_269deb5a852f,6.81,0.2346,0,0,306,306,229,3,1,223.0,0.0642,63.75,368.0,0.0044,0.0005,0.1104,0.0901,994.0,0.0,1,credential_based_fraud,credential_stuffing,cred_stuffing_001,scn_e1461744d3d4,stealth_fraud,4,8,4,1,0,3,3,3,3,0
txn_64b3244fe543,4.88,0.6918,0,0,306,306,229,3,1,223.0,0.0642,63.75,368.0,0.0044,0.0005,0.1104,0.0901,994.0,0.0,1,credential_based_fraud,credential_stuffing,cred_stuffing_001,scn_e1461744d3d4,stealth_fraud,1,8,4,1,0,3,3,2,3,0
txn_5278d5e106b3,2.54,0.3076,0,1,306,306,229,3,1,223.0,0.0642,63.75,368.0,0.0044,0.0005,0.1104,0.0901,994.0,0.0,1,credential_based_fraud,credential_stuffing,cred_stuffing_001,scn_e1461744d3d4,stealth_fraud,4,8,4,1,0,2,0,0,3,0
txn_16ea7334146c,0.77,0.4896,0,0,306,306,1,3,1,223.0,0.0642,63.75,368.0,0.0044,0.0005,0.1104,0.0,0.0,0.0,1,credential_based_fraud,credential_stuffing,cred_stuffing_001,scn_e1461744d3d4,stealth_fraud,4,8,4,1,0,4,4,2,3,0
txn_5d12b8721552,4.04,0.2621,0,0,306,306,229,3,1,223.0,0.0642,63.75,368.0,0.0044,0.0005,0.1104,0.0901,994.0,0.0,1,credential_based_fraud,credential_stuffing,cred_stuffing_001,scn_e1461744d3d4,stealth_fraud,2,8,4,1,1,5,5,6,3,1
txn_4acbd4543356,1.48,0.1434,0,0,306,306,229,3,1,223.0,0.0642,63.75,368.0,0.0044,0.0005,0.1104,0.0901,994.0,0.0,1,credential_based_fraud,credential_stuffing,cred_stuffing_001,scn_e1461744d3d4,stealth_fraud,0,8,4,1,0,0,0,4,3,0
txn_f06f1bc536cf,7.44,0.4649,0,0,306,306,229,3,1,223.0,0.0642,63.75,368.0,0.0044,0.0005,0.1104,0.0901,994.0,0.0,1,credential_based_fraud,credential_stuffing,cred_stuffing_001,scn_e1461744d3d4,stealth_fraud,2,8,4,1,0,0,0,1,3,0
txn_f15f12ffa53c,6.82,0.3491,0,0,306,306,1,3,1,223.0,0.0642,63.75,368.0,0.0044,0.0005,0.1104,0.0,0.0,0.0,1,credential_based_fraud,credential_stuffing,cred_stuffing_001,scn_e1461744d3d4,stealth_fraud,3,8,4,1,0,2,2,5,3,0
txn_bcbbf11fa0cb,0.56,0.2384,0,0,306,306,229,3,1,223.0,0.0642,63.75,368.0,0.0044,0.0005,0.1104,0.0901,994.0,0.0,1,credential_based_fraud,credential_stuffing,cred_stuffing_001,scn_e1461744d3d4,stealth_fraud,3,8,4,1,0,0,0,3,3,0
txn_e3ff8be20b57,5.66,0.3605,0,1,306,306,229,3,1,223.0,0.0642,63.75,368.0,0.0044,0.0005,0.1104,0.0901,994.0,0.0,1,credential_based_fraud,credential_stuffing,cred_stuffing_001,scn_e1461744d3d4,stealth_fraud,3,8,4,1,0,2,3,6,3,0
txn_31f49e8a62ce,2.21,0.373,0,0,306,306,229,3,1,223.0,0.0642,63.75,368.0,0.0044,0.0005,0.1104,0.0901,994.0,0.0,1,credential_based_fraud,credential_stuffing,cred_stuffing_001,scn_e1461744d3d4,stealth_fraud,1,8,4,1,0,2,2,3,3,0
txn_de558ed46bf6,3.63,0.3541,0,0,306,306,1,3,1,223.0,0.0642,63.75,368.0,0.0044,0.0005,0.1104,0.0,0.0,0.0,1,credential_based_fraud,credential_stuffing,cred_stuffing_001,scn_e1461744d3d4,stealth_fraud,4,8,4,1,0,4,4,6,3,0
txn_1a4ff6feff78,4.55,0.7956,0,0,306,306,229,3,1,223.0,0.0642,63.75,368.0,0.0044,0.0005,0.1104,0.0901,994.0,0.0,1,credential_based_fraud,credential_stuffing,cred_stuffing_001,scn_e1461744d3d4,stealth_fraud,4,8,4,1,1,0,0,1,3,1
txn_fc99870d6641,0.64,0.1955,1,0,306,306,229,3,1,223.0,0.0642,63.75,368.0,0.0044,0.0005,0.1104,0.0901,994.0,0.0,1,credential_based_fraud,credential_stuffing,cred_stuffing_001,scn_e1461744d3d4,stealth_fraud,0,8,4,1,0,0,0,1,3,0
txn_d82936abf718,5.79,0.5796,1,0,306,306,229,3,1,223.0,0.0642,63.75,368.0,0.0044,0.0005,0.1104,0.0901,994.0,0.0,1,credential_based_fraud,credential_stuffing,cred_stuffing_001,scn_e1461744d3d4,stealth_fraud,1,8,4,1,0,3,3,0,3,0
txn_a145e3308fa1,4.4,0.2675,1,0,306,306,1,3,1,223.0,0.0642,63.75,368.0,0.0044,0.0005,0.1104,0.0,0.0,0.0,1,credential_based_fraud,credential_stuffing,cred_stuffing_001,scn_e1461744d3d4,stealth_fraud,0,8,4,1,0,1,1,3,3,0
txn_620ad6af4ba1,7.44,0.361,1,1,306,306,229,3,1,223.0,0.0642,63.75,368.0,0.0044,0.0005,0.1104,0.0901,994.0,0.0,1,credential_based_fraud,credential_stuffing,cred_stuffing_001,scn_e1461744d3d4,stealth_fraud,3,8,4,1,0,2,0,0,3,0
txn_85ad80dc5aea,5.36,0.3246,1,0,306,306,229,3,2,223.0,0.0642,63.75,368.0,0.0044,0.0005,0.1104,0.0901,994.0,0.0,1,credential_based_fraud,credential_stuffing,cred_stuffing_001,scn_e1461744d3d4,stealth_fraud,1,8,4,1,0,5,5,0,3,0
txn_d4f8152a8371,6.11,0.4385,1,0,306,306,229,3,3,223.0,0.0642,63.75,368.0,0.0044,0.0005,0.1104,0.0901,994.0,0.0,1,credential_based_fraud,credential_stuffing,cred_stuffing_001,scn_e1461744d3d4,stealth_fraud,1,8,4,1,0,2,2,6,3,0
txn_d9a5cf23f4dc,3.64,0.5793,1,0,306,306,1,3,4,223.0,0.0642,63.75,368.0,0.0044,0.0005,0.1104,0.0,0.0,0.0,1,credential_based_fraud,credential_stuffing,cred_stuffing_001,scn_e1461744d3d4,stealth_fraud,0,8,4,1,0,1,1,0,3,0
txn_fecab4329a5b,1.18,0.4047,1,1,306,306,229,3,5,223.0,0.0642,63.75,368.0,0.0044,0.0005,0.1104,0.0901,994.0,0.0,1,credential_based_fraud,credential_stuffing,cred_stuffing_001,scn_e1461744d3d4,stealth_fraud,0,8,4,1,0,5,1,0,3,0
txn_48ec5a3cd5fa,4.36,0.2966,1,0,306,306,229,3,6,223.0,0.0642,63.75,368.0,0.0044,0.0005,0.1104,0.0901,994.0,0.0,1,credential_based_fraud,credential_stuffing,cred_stuffing_001,scn_e1461744d3d4,stealth_fraud,3,8,4,1,0,1,1,4,3,0
txn_980cf0208391,5.5,0.08,1,0,306,306,229,3,7,223.0,0.0642,63.75,368.0,0.0044,0.0005,0.1104,0.0901,994.0,0.0,1,credential_based_fraud,credential_stuffing,cred_stuffing_001,scn_e1461744d3d4,stealth_fraud,3,8,4,1,0,3,3,6,3,0
txn_ce1d106058fc,6.13,0.4135,1,0,306,306,1,3,8,223.0,0.0642,63.75,368.0,0.0044,0.0005,0.1104,0.0,0.0,0.0,1,credential_based_fraud,credential_stuffing,cred_stuffing_001,scn_e1461744d3d4,stealth_fraud,0,8,4,1,0,1,1,6,3,0
txn_615e9670529b,2.12,0.5859,1,0,306,306,229,3,9,223.0,0.0642,63.75,368.0,0.0044,0.0005,0.1104,0.0901,994.0,0.0,1,credential_based_fraud,credential_stuffing,cred_stuffing_001,scn_e1461744d3d4,stealth_fraud,2,8,4,1,0,3,3,0,3,0
txn_74eff9725b2d,4.31,0.4368,1,0,306,306,229,3,10,223.0,0.0642,63.75,368.0,0.0044,0.0005,0.1104,0.0901,994.0,0.0,1,credential_based_fraud,credential_stuffing,cred_stuffing_001,scn_e1461744d3d4,stealth_fraud,2,8,4,1,0,2,2,6,3,0
txn_223fcb0c19ba,2.84,0.465,1,0,306,306,229,3,11,223.0,0.0642,63.75,368.0,0.0044,0.0005,0.1104,0.0901,994.0,0.0,1,credential_based_fraud,credential_stuffing,cred_stuffing_001,scn_e1461744d3d4,stealth_fraud,0,8,4,1,0,2,2,1,3,0
txn_7fed933fe85d,4.5,0.2676,1,0,306,306,1,3,11,223.0,0.0642,63.75,368.0,0.0044,0.0005,0.1104,0.0,0.0,0.0,1,credential_based_fraud,credential_stuffing,cred_stuffing_001,scn_e1461744d3d4,stealth_fraud,3,8,4,1,0,1,1,2,3,0
txn_9354c0f89405,6.83,0.4198,1,0,306,306,229,3,12,223.0,0.0642,63.75,368.0,0.0044,0.0005,0.1104,0.0901,994.0,0.0,1,credential_based_fraud,credential_stuffing,cred_stuffing_001,scn_e1461744d3d4,stealth_fraud,2,8,4,1,0,5,5,4,3,0
txn_2620f7893300,6.78,0.4809,2,0,306,306,229,3,13,223.0,0.0642,63.75,368.0,0.0044,0.0005,0.1104,0.0901,994.0,0.0,1,credential_based_fraud,credential_stuffing,cred_stuffing_001,scn_e1461744d3d4,stealth_fraud,0,8,4,1,0,3,3,6,3,0
txn_4eb78704a603,3.71,0.6677,2,0,306,306,229,3,14,223.0,0.0642,63.75,368.0,0.0044,0.0005,0.1104,0.0901,994.0,0.0,1,credential_based_fraud,credential_stuffing,cred_stuffing_001,scn_e1461744d3d4,stealth_fraud,3,8,4,1,0,5,5,4,3,0
txn_e00715e68c79,3.5,0.526,2,1,306,306,1,3,15,223.0,0.0642,63.75,368.0,0.0044,0.0005,0.1104,0.0,0.0,0.0,1,credential_based_fraud,credential_stuffing,cred_stuffing_001,scn_e1461744d3d4,stealth_fraud,3,8,4,1,0,3,4,3,3,0
txn_853e2801d904,1.16,0.3427,2,0,306,306,229,3,16,223.0,0.0642,63.75,368.0,0.0044,0.0005,0.1104,0.0901,994.0,0.0,1,credential_based_fraud,credential_stuffing,cred_stuffing_001,scn_e1461744d3d4,stealth_fraud,0,8,4,1,0,5,5,1,3,0
txn_a2651344c664,2.69,0.1771,2,1,306,306,229,3,17,223.0,0.0642,63.75,368.0,0.0044,0.0005,0.1104,0.0901,994.0,0.0,1,credential_based_fraud,credential_stuffing,cred_stuffing_001,scn_e1461744d3d4,stealth_fraud,3,8,4,1,0,5,2,6,3,0
txn_bc2680f1226e,7.7,0.5562,2,0,306,306,229,3,18,223.0,0.0642,63.75,368.0,0.0044,0.0005,0.1104,0.0901,994.0,0.0,1,credential_based_fraud,credential_stuffing,cred_stuffing_001,scn_e1461744d3d4,stealth_fraud,4,8,4,1,0,1,1,3,3,0
txn_46946f05f611,4.85,0.2181,2,0,306,306,1,3,19,223.0,0.0642,63.75,368.0,0.0044,0.0005,0.1104,0.0,0.0,0.0,1,credential_based_fraud,credential_stuffing,cred_stuffing_001,scn_e1461744d3d4,stealth_fraud,4,8,4,1,0,2,2,5,3,0
txn_0b1782f2af88,7.54,0.1616,2,0,306,306,229,3,18,223.0,0.0642,63.75,368.0,0.0044,0.0005,0.1104,0.0901,994.0,0.0,1,credential_based_fraud,credential_stuffing,cred_stuffing_001,scn_e1461744d3d4,stealth_fraud,2,8,4,1,0,5,5,5,3,0
txn_66cecb5acfd9,4.14,0.6636,2,0,306,306,229,3,19,223.0,0.0642,63.75,368.0,0.0044,0.0005,0.1104,0.0901,994.0,0.0,1,credential_based_fraud,credential_stuffing,cred_stuffing_001,scn_e1461744d3d4,stealth_fraud,2,8,4,1,0,3,3,6,3,0
txn_d87101703b81,0.69,0.2599,2,0,306,306,229,3,19,223.0,0.0642,63.75,368.0,0.0044,0.0005,0.1104,0.0901,994.0,0.0,1,credential_based_fraud,credential_stuffing,cred_stuffing_001,scn_e1461744d3d4,stealth_fraud,2,8,4,1,0,3,3,5,3,0
txn_cbc080cc095c,7.1,0.4985,2,1,306,306,1,3,20,223.0,0.0642,63.75,368.0,0.0044,0.0005,0.1104,0.0,0.0,0.0,1,credential_based_fraud,credential_stuffing,cred_stuffing_001,scn_e1461744d3d4,stealth_fraud,2,8,4,1,0,4,0,4,3,0
txn_a00d925b8481,1.0,0.4616,2,0,306,306,229,3,20,223.0,0.0642,63.75,368.0,0.0044,0.0005,0.1104,0.0901,994.0,0.0,1,credential_based_fraud,credential_stuffing,cred_stuffing_001,scn_e1461744d3d4,stealth_fraud,2,8,4,1,0,0,0,6,3,0
txn_132fe3c44064,3.73,0.2696,2,0,306,306,229,3,20,223.0,0.0642,63.75,368.0,0.0044,0.0005,0.1104,0.0901,994.0,0.0,1,credential_based_fraud,credential_stuffing,cred_stuffing_001,scn_e1461744d3d4,stealth_fraud,4,8,4,1,0,5,5,6,3,0
txn_920e5dc3fb76,7.5,0.1015,2,0,306,306,229,3,20,223.0,0.0642,63.75,368.0,0.0044,0.0005,0.1104,0.0901,994.0,0.0,1,credential_based_fraud,credential_stuffing,cred_stuffing_001,scn_e1461744d3d4,stealth_fraud,0,8,4,1,0,0,0,0,3,0
txn_3504728e5cb3,1.07,0.3956,2,0,306,306,1,3,18,223.0,0.0642,63.75,368.0,0.0044,0.0005,0.1104,0.0,0.0,0.0,1,credential_based_fraud,credential_stuffing,cred_stuffing_001,scn_e1461744d3d4,stealth_fraud,1,8,4,1,0,1,1,2,3,0
txn_1dcbb4f159fe,2.54,0.1825,2,0,306,306,229,3,17,223.0,0.0642,63.75,368.0,0.0044,0.0005,0.1104,0.0901,994.0,0.0,1,credential_based_fraud,credential_stuffing,cred_stuffing_001,scn_e1461744d3d4,stealth_fraud,3,8,4,1,0,1,1,6,3,0
txn_33ff6e1442fd,4.44,0.4866,3,0,306,306,229,3,17,223.0,0.0642,63.75,368.0,0.0044,0.0005,0.1104,0.0901,994.0,0.0,1,credential_based_fraud,credential_stuffing,cred_stuffing_001,scn_e1461744d3d4,stealth_fraud,4,8,4,1,0,5,5,6,3,0
txn_bfdf46c2a593,0.5,0.1033,3,0,306,306,229,3,16,223.0,0.0642,63.75,368.0,0.0044,0.0005,0.1104,0.0901,994.0,0.0,1,credential_based_fraud,credential_stuffing,cred_stuffing_001,scn_e1461744d3d4,stealth_fraud,1,8,4,1,0,1,1,2,3,0
txn_69ff0cbfd286,3.26,0.6931,3,0,306,306,1,3,15,223.0,0.0642,63.75,368.0,0.0044,0.0005,0.1104,0.0,0.0,0.0,1,credential_based_fraud,credential_stuffing,cred_stuffing_001,scn_e1461744d3d4,stealth_fraud,0,8,4,1,0,3,3,5,3,0
txn_c86fba96c8ca,6.32,0.542,3,0,306,306,229,3,13,223.0,0.0642,63.75,368.0,0.0044,0.0005,0.1104,0.0901,994.0,0.0,1,credential_based_fraud,credential_stuffing,cred_stuffing_001,scn_e1461744d3d4,stealth_fraud,1,8,4,1,0,4,4,4,3,0
txn_24ff0a55151d,5.91,0.1274,3,0,306,306,229,3,12,223.0,0.0642,63.75,368.0,0.0044,0.0005,0.1104,0.0901,994.0,0.0,1,credential_based_fraud,credential_stuffing,cred_stuffing_001,scn_e1461744d3d4,stealth_fraud,3,8,4,1,0,1,1,3,3,0
txn_5fced1ad1e81,6.3,0.4296,3,0,306,306,229,3,11,223.0,0.0642,63.75,368.0,0.0044,0.0005,0.1104,0.0901,994.0,0.0,1,credential_based_fraud,credential_stuffing,cred_stuffing_001,scn_e1461744d3d4,stealth_fraud,2,8,4,1,0,4,4,3,3,0
txn_07797765b8f5,5.33,0.08,3,0,306,306,1,3,11,223.0,0.0642,63.75,368.0,0.0044,0.0005,0.1104,0.0,0.0,0.0,1,credential_based_fraud,credential_stuffing,cred_stuffing_001,scn_e1461744d3d4,stealth_fraud,4,8,4,1,0,1,1,2,3,0
txn_2d28ef8a1525,4.55,0.3843,3,0,306,306,229,3,11,223.0,0.0642,63.75,368.0,0.0044,0.0005,0.1104,0.0901,994.0,0.0,1,credential_based_fraud,credential_stuffing,cred_stuffing_001,scn_e1461744d3d4,stealth_fraud,3,8,4,1,0,5,5,0,3,0
txn_92133a2fa1c7,1.57,0.5932,3,0,306,306,229,3,11,223.0,0.0642,63.75,368.0,0.0044,0.0005,0.1104,0.0901,994.0,0.0,1,credential_based_fraud,credential_stuffing,cred_stuffing_001,scn_e1461744d3d4,stealth_fraud,0,8,4,1,0,3,3,1,3,0
txn_7fc1730d669f,7.14,0.4642,3,0,306,306,229,3,11,223.0,0.0642,63.75,368.0,0.0044,0.0005,0.1104,0.0901,994.0,0.0,1,credential_based_fraud,credential_stuffing,cred_stuffing_001,scn_e1461744d3d4,stealth_fraud,1,8,4,1,0,4,4,3,3,0
txn_77d74edc715b,4.35,0.1893,3,0,306,306,1,3,11,223.0,0.0642,63.75,368.0,0.0044,0.0005,0.1104,0.0,0.0,0.0,1,credential_based_fraud,credential_stuffing,cred_stuffing_001,scn_e1461744d3d4,stealth_fraud,4,8,4,1,0,3,3,0,3,0
txn_c8b61104dabd,1.7,0.4631,3,0,306,306,229,3,11,223.0,0.0642,63.75,368.0,0.0044,0.0005,0.1104,0.0901,994.0,0.0,1,credential_based_fraud,credential_stuffing,cred_stuffing_001,scn_e1461744d3d4,stealth_fraud,0,8,4,1,0,2,2,4,3,0
txn_21341989ccfa,6.18,0.1737,3,1,306,306,229,3,10,223.0,0.0642,63.75,368.0,0.0044,0.0005,0.1104,0.0901,994.0,0.0,1,credential_based_fraud,credential_stuffing,cred_stuffing_001,scn_e1461744d3d4,stealth_fraud,1,8,4,1,0,3,0,3,3,0
txn_24fc13ace00f,3.52,0.3153,3,0,306,306,229,3,10,223.0,0.0642,63.75,368.0,0.0044,0.0005,0.1104,0.0901,994.0,0.0,1,credential_based_fraud,credential_stuffing,cred_stuffing_001,scn_e1461744d3d4,stealth_fraud,0,8,4,1,0,3,3,2,3,0
txn_c36b89845203,5.01,0.2838,3,0,306,306,1,3,10,223.0,0.0642,63.75,368.0,0.0044,0.0005,0.1104,0.0,0.0,0.0,1,credential_based_fraud,credential_stuffing,cred_stuffing_001,scn_e1461744d3d4,stealth_fraud,4,8,4,1,0,2,2,1,3,0
txn_d631f15012e4,6.98,0.4613,3,0,306,306,229,3,10,223.0,0.0642,63.75,368.0,0.0044,0.0005,0.1104,0.0901,994.0,0.0,1,credential_based_fraud,credential_stuffing,cred_stuffing_001,scn_e1461744d3d4,stealth_fraud,0,8,4,1,0,1,1,1,3,0
txn_12ae1269f588,1.72,0.6511,4,0,306,306,229,3,9,223.0,0.0642,63.75,368.0,0.0044,0.0005,0.1104,0.0901,994.0,0.0,1,credential_based_fraud,credential_stuffing,cred_stuffing_001,scn_e1461744d3d4,stealth_fraud,3,8,4,1,0,3,3,4,3,0
txn_0897b1c2ca69,4.4,0.4993,4,0,306,306,229,3,9,223.0,0.0642,63.75,368.0,0.0044,0.0005,0.1104,0.0901,994.0,0.0,1,credential_based_fraud,credential_stuffing,cred_stuffing_001,scn_e1461744d3d4,stealth_fraud,4,8,4,1,0,0,0,3,3,0
txn_57816e3caf02,3.71,0.3723,4,0,306,306,1,3,8,223.0,0.0642,63.75,368.0,0.0044,0.0005,0.1104,0.0,0.0,0.0,1,credential_based_fraud,credential_stuffing,cred_stuffing_001,scn_e1461744d3d4,stealth_fraud,4,8,4,1,0,3,3,0,3,0
txn_4b26c5ae7880,3.83,0.2927,4,0,306,306,229,3,8,223.0,0.0642,63.75,368.0,0.0044,0.0005,0.1104,0.0901,994.0,0.0,1,credential_based_fraud,credential_stuffing,cred_stuffing_001,scn_e1461744d3d4,stealth_fraud,1,8,4,1,0,0,0,6,3,0
txn_6e0628e116c7,6.48,0.1818,4,0,306,306,229,3,8,223.0,0.0642,63.75,368.0,0.0044,0.0005,0.1104,0.0901,994.0,0.0,1,credential_based_fraud,credential_stuffing,cred_stuffing_001,scn_e1461744d3d4,stealth_fraud,1,8,4,1,1,0,0,6,3,1
txn_88a58574c89d,5.94,0.271,4,0,306,306,229,3,8,223.0,0.0642,63.75,368.0,0.0044,0.0005,0.1104,0.0901,994.0,0.0,1,credential_based_fraud,credential_stuffing,cred_stuffing_001,scn_e1461744d3d4,stealth_fraud,1,8,4,1,0,3,3,4,3,0
txn_cd0c3469d061,7.88,0.4641,4,0,306,306,1,3,8,223.0,0.0642,63.75,368.0,0.0044,0.0005,0.1104,0.0,0.0,0.0,1,credential_based_fraud,credential_stuffing,cred_stuffing_001,scn_e1461744d3d4,stealth_fraud,2,8,4,1,0,4,4,1,3,0
txn_1833b79758a7,4.92,0.2152,4,0,306,306,229,3,8,223.0,0.0642,63.75,368.0,0.0044,0.0005,0.1104,0.0901,994.0,0.0,1,credential_based_fraud,credential_stuffing,cred_stuffing_001,scn_e1461744d3d4,stealth_fraud,1,8,4,1,0,5,5,6,3,0
txn_76af273263b3,2.18,0.6765,4,1,306,306,229,3,8,223.0,0.0642,63.75,368.0,0.0044,0.0005,0.1104,0.0901,994.0,0.0,1,credential_based_fraud,credential_stuffing,cred_stuffing_001,scn_e1461744d3d4,stealth_fraud,4,8,4,1,0,0,2,6,3,0
txn_da76e76bc778,6.57,0.1891,4,0,306,306,229,3,8,223.0,0.0642,63.75,368.0,0.0044,0.0005,0.1104,0.0901,994.0,0.0,1,credential_based_fraud,credential_stuffing,cred_stuffing_001,scn_e1461744d3d4,stealth_fraud,4,8,4,1,0,3,3,5,3,0
txn_282a32cf472a,1.01,0.4749,4,0,306,306,1,3,8,223.0,0.0642,63.75,368.0,0.0044,0.0005,0.1104,0.0,0.0,0.0,1,credential_based_fraud,credential_stuffing,cred_stuffing_001,scn_e1461744d3d4,stealth_fraud,1,8,4,1,0,2,2,3,3,0
txn_437df3e908b6,2.92,0.4036,4,0,306,306,229,3,7,223.0,0.0642,63.75,368.0,0.0044,0.0005,0.1104,0.0901,994.0,0.0,1,credential_based_fraud,credential_stuffing,cred_stuffing_001,scn_e1461744d3d4,stealth_fraud,3,8,4,1,1,1,1,6,3,1
txn_010d76a98107,56.44,0.4505,9,0,39,39,39,3,7,491.0,0.2803,153.7,779.0,0.2417,0.039,1.3478,0.5855,95.0,3.0,1,identity_onboarding_fraud,fraudulent_merchant_onboarding,identity_fraud_merchant_001,scn_9b1c00be65ac,overt_fraud,2,7,1,1,0,1,1,1,2,0
txn_422203e19c52,15.4,0.4509,10,0,39,39,39,3,8,491.0,0.2803,153.7,779.0,0.2417,0.039,1.3478,0.5855,95.0,3.0,1,identity_onboarding_fraud,fraudulent_merchant_onboarding,identity_fraud_merchant_001,scn_9b1c00be65ac,overt_fraud,2,7,1,1,0,0,0,3,1,0
txn_29b920e654de,33.89,0.5305,12,0,39,39,39,3,9,491.0,0.2803,153.7,779.0,0.2417,0.039,1.3478,0.5855,95.0,3.0,1,identity_onboarding_fraud,fraudulent_merchant_onboarding,identity_fraud_merchant_001,scn_9b1c00be65ac,overt_fraud,0,7,1,1,0,3,3,1,2,0
txn_7eae58bf5c92,12.56,0.08,13,0,39,39,39,3,10,491.0,0.2803,153.7,779.0,0.2417,0.039,1.3478,0.5855,95.0,3.0,1,identity_onboarding_fraud,fraudulent_merchant_onboarding,identity_fraud_merchant_001,scn_9b1c00be65ac,overt_fraud,0,7,1,1,0,2,2,3,2,0
txn_b075ad32faf0,32.44,0.08,14,0,39,39,39,3,11,491.0,0.2803,153.7,779.0,0.2417,0.039,1.3478,0.5855,95.0,3.0,1,identity_onboarding_fraud,fraudulent_merchant_onboarding,identity_fraud_merchant_001,scn_9b1c00be65ac,overt_fraud,3,7,1,1,0,0,0,2,2,0
txn_70680c8e9065,12.25,0.555,15,0,39,39,39,3,11,491.0,0.2803,153.7,779.0,0.2417,0.039,1.3478,0.5855,95.0,3.0,1,identity_onboarding_fraud,fraudulent_merchant_onboarding,identity_fraud_merchant_001,scn_9b1c00be65ac,overt_fraud,3,7,1,1,0,0,0,2,1,0
txn_ff3b692625c3,175.48,0.5953,16,0,39,39,39,3,12,491.0,0.2803,153.7,779.0,0.2417,0.039,1.3478,0.5855,95.0,3.0,1,identity_onboarding_fraud,fraudulent_merchant_onboarding,identity_fraud_merchant_001,scn_9b1c00be65ac,overt_fraud,3,7,1,1,0,4,4,2,1,0
txn_57ceb6b9c1f2,20.15,0.2825,17,0,39,39,39,3,13,491.0,0.2803,153.7,779.0,0.2417,0.039,1.3478,0.5855,95.0,3.0,1,identity_onboarding_fraud,fraudulent_merchant_onboarding,identity_fraud_merchant_001,scn_9b1c00be65ac,overt_fraud,2,7,1,1,0,2,2,6,1,0
txn_d4989f3b192b,73.44,0.1809,19,0,39,39,39,3,14,491.0,0.2803,153.7,779.0,0.2417,0.039,1.3478,0.5855,95.0,3.0,1,identity_onboarding_fraud,fraudulent_merchant_onboarding,identity_fraud_merchant_001,scn_9b1c00be65ac,overt_fraud,1,7,1,1,0,3,3,0,1,0
txn_6abe5992dd65,71.99,0.4796,20,1,39,39,39,3,15,491.0,0.2803,153.7,779.0,0.2417,0.039,1.3478,0.5855,95.0,3.0,1,identity_onboarding_fraud,fraudulent_merchant_onboarding,identity_fraud_merchant_001,scn_9b1c00be65ac,overt_fraud,1,7,1,1,0,4,5,2,1,0
txn_d4ebb4f780d0,23.93,0.4833,21,0,39,39,39,3,16,491.0,0.2803,153.7,779.0,0.2417,0.039,1.3478,0.5855,95.0,3.0,1,identity_onboarding_fraud,fraudulent_merchant_onboarding,identity_fraud_merchant_001,scn_9b1c00be65ac,overt_fraud,3,7,1,1,0,0,0,5,2,0
txn_2512b1b450dd,4.3,0.3179,22,0,39,39,39,3,17,491.0,0.2803,153.7,779.0,0.2417,0.039,1.3478,0.5855,95.0,3.0,1,identity_onboarding_fraud,fraudulent_merchant_onboarding,identity_fraud_merchant_001,scn_9b1c00be65ac,overt_fraud,0,7,1,1,1,5,5,6,2,1
txn_dca6ddf99848,127.21,0.08,23,0,39,39,39,3,18,491.0,0.2803,153.7,779.0,0.2417,0.039,1.3478,0.5855,95.0,3.0,1,identity_onboarding_fraud,fraudulent_merchant_onboarding,identity_fraud_merchant_001,scn_9b1c00be65ac,overt_fraud,3,7,1,1,0,0,0,4,1,0
txn_bf3f5600845d,58.4,0.2616,0,0,39,39,39,3,19,491.0,0.2803,153.7,779.0,0.2417,0.039,1.3478,0.5855,95.0,3.0,1,identity_onboarding_fraud,fraudulent_merchant_onboarding,identity_fraud_merchant_001,scn_9b1c00be65ac,overt_fraud,3,7,1,1,0,4,4,6,2,0
txn_d14c7990f0f5,32.92,0.4384,1,0,39,39,39,3,18,491.0,0.2803,153.7,779.0,0.2417,0.039,1.3478,0.5855,95.0,3.0,1,identity_onboarding_fraud,fraudulent_merchant_onboarding,identity_fraud_merchant_001,scn_9b1c00be65ac,overt_fraud,4,7,1,1,0,0,0,1,1,0
txn_ddb036ee86ba,26.28,0.2178,3,0,39,39,39,3,19,491.0,0.2803,153.7,779.0,0.2417,0.039,1.3478,0.5855,95.0,3.0,1,identity_onboarding_fraud,fraudulent_merchant_onboarding,identity_fraud_merchant_001,scn_9b1c00be65ac,overt_fraud,3,7,1,1,0,5,5,0,1,0
txn_cbd09125f633,91.96,0.4584,4,0,39,39,39,3,19,491.0,0.2803,153.7,779.0,0.2417,0.039,1.3478,0.5855,95.0,3.0,1,identity_onboarding_fraud,fraudulent_merchant_onboarding,identity_fraud_merchant_001,scn_9b1c00be65ac,overt_fraud,4,7,1,1,0,4,4,2,2,0
txn_7b84a8b00557,56.98,0.2817,5,0,39,39,39,3,20,491.0,0.2803,153.7,779.0,0.2417,0.039,1.3478,0.5855,95.0,3.0,1,identity_onboarding_fraud,fraudulent_merchant_onboarding,identity_fraud_merchant_001,scn_9b1c00be65ac,overt_fraud,3,7,1,1,0,2,2,3,1,0
txn_39655ddd4c04,13.15,0.473,6,0,39,39,39,3,20,491.0,0.2803,153.7,779.0,0.2417,0.039,1.3478,0.5855,95.0,3.0,1,identity_onboarding_fraud,fraudulent_merchant_onboarding,identity_fraud_merchant_001,scn_9b1c00be65ac,overt_fraud,2,7,1,1,0,0,0,3,2,0
txn_f687356231ff,65.27,0.3887,7,0,39,39,39,3,20,491.0,0.2803,153.7,779.0,0.2417,0.039,1.3478,0.5855,95.0,3.0,1,identity_onboarding_fraud,fraudulent_merchant_onboarding,identity_fraud_merchant_001,scn_9b1c00be65ac,overt_fraud,3,7,1,1,0,2,2,3,1,0
txn_f10727152e54,199.55,0.3551,8,1,39,39,39,3,20,491.0,0.2803,153.7,779.0,0.2417,0.039,1.3478,0.5855,95.0,3.0,1,identity_onboarding_fraud,fraudulent_merchant_onboarding,identity_fraud_merchant_001,scn_9b1c00be65ac,overt_fraud,0,7,1,1,0,2,1,5,2,0
txn_97c87d4c47d4,28.93,0.5727,10,0,39,39,39,3,18,491.0,0.2803,153.7,779.0,0.2417,0.039,1.3478,0.5855,95.0,3.0,1,identity_onboarding_fraud,fraudulent_merchant_onboarding,identity_fraud_merchant_001,scn_9b1c00be65ac,overt_fraud,0,7,1,1,0,1,1,1,2,0
txn_77f6e7493c91,33.27,0.3622,11,0,39,39,39,3,17,491.0,0.2803,153.7,779.0,0.2417,0.039,1.3478,0.5855,95.0,3.0,1,identity_onboarding_fraud,fraudulent_merchant_onboarding,identity_fraud_merchant_001,scn_9b1c00be65ac,overt_fraud,1,7,1,1,1,3,3,2,1,1
txn_1840bb38ad92,142.38,0.5301,12,0,39,39,39,3,17,491.0,0.2803,153.7,779.0,0.2417,0.039,1.3478,0.5855,95.0,3.0,1,identity_onboarding_fraud,fraudulent_merchant_onboarding,identity_fraud_merchant_001,scn_9b1c00be65ac,overt_fraud,3,7,1,1,0,3,3,5,1,0
txn_d09323b6daa9,62.07,0.3353,13,1,39,39,39,3,16,491.0,0.2803,153.7,779.0,0.2417,0.039,1.3478,0.5855,95.0,3.0,1,identity_onboarding_fraud,fraudulent_merchant_onboarding,identity_fraud_merchant_001,scn_9b1c00be65ac,overt_fraud,3,7,1,1,0,0,1,4,2,0
txn_d4d0aef11194,56.27,0.2574,14,0,39,39,39,3,15,491.0,0.2803,153.7,779.0,0.2417,0.039,1.3478,0.5855,95.0,3.0,1,identity_onboarding_fraud,fraudulent_merchant_onboarding,identity_fraud_merchant_001,scn_9b1c00be65ac,overt_fraud,4,7,1,1,0,5,5,6,1,0
txn_d8d768ae53f2,78.66,0.2025,15,0,39,39,39,3,13,491.0,0.2803,153.7,779.0,0.2417,0.039,1.3478,0.5855,95.0,3.0,1,identity_onboarding_fraud,fraudulent_merchant_onboarding,identity_fraud_merchant_001,scn_9b1c00be65ac,overt_fraud,3,7,1,1,0,3,3,4,2,0
txn_f1341c2df655,34.83,0.5742,16,0,39,39,39,3,12,491.0,0.2803,153.7,779.0,0.2417,0.039,1.3478,0.5855,95.0,3.0,1,identity_onboarding_fraud,fraudulent_merchant_onboarding,identity_fraud_merchant_001,scn_9b1c00be65ac,overt_fraud,1,7,1,1,0,1,1,4,2,0
txn_8c8cdec5ff34,37.25,0.08,18,0,39,39,39,3,11,491.0,0.2803,153.7,779.0,0.2417,0.039,1.3478,0.5855,95.0,3.0,1,identity_onboarding_fraud,fraudulent_merchant_onboarding,identity_fraud_merchant_001,scn_9b1c00be65ac,overt_fraud,4,7,1,1,0,0,0,4,1,0
txn_d2003dd39f7d,21.05,0.5448,19,0,39,39,39,3,11,491.0,0.2803,153.7,779.0,0.2417,0.039,1.3478,0.5855,95.0,3.0,1,identity_onboarding_fraud,fraudulent_merchant_onboarding,identity_fraud_merchant_001,scn_9b1c00be65ac,overt_fraud,0,7,1,1,0,2,2,4,2,0
txn_5201961c7e86,41.57,0.3207,20,0,39,39,39,3,11,491.0,0.2803,153.7,779.0,0.2417,0.039,1.3478,0.5855,95.0,3.0,1,identity_onboarding_fraud,fraudulent_merchant_onboarding,identity_fraud_merchant_001,scn_9b1c00be65ac,overt_fraud,0,7,1,1,0,2,2,3,1,0
txn_a8a9f8da8a48,16.25,0.3993,21,1,39,39,39,3,11,491.0,0.2803,153.7,779.0,0.2417,0.039,1.3478,0.5855,95.0,3.0,1,identity_onboarding_fraud,fraudulent_merchant_onboarding,identity_fraud_merchant_001,scn_9b1c00be65ac,overt_fraud,4,7,1,1,0,0,3,2,1,0
txn_dd3eaa73b871,17.94,0.2994,22,0,39,39,39,3,11,491.0,0.2803,153.7,779.0,0.2417,0.039,1.3478,0.5855,95.0,3.0,1,identity_onboarding_fraud,fraudulent_merchant_onboarding,identity_fraud_merchant_001,scn_9b1c00be65ac,overt_fraud,0,7,1,1,0,0,0,0,2,0
txn_4bf33f780858,98.29,0.336,23,1,39,39,39,3,11,491.0,0.2803,153.7,779.0,0.2417,0.039,1.3478,0.5855,95.0,3.0,1,identity_onboarding_fraud,fraudulent_merchant_onboarding,identity_fraud_merchant_001,scn_9b1c00be65ac,overt_fraud,4,7,1,1,0,3,1,4,1,0
txn_9964fe3831e7,32.11,0.4604,1,0,39,39,39,3,11,491.0,0.2803,153.7,779.0,0.2417,0.039,1.3478,0.5855,95.0,3.0,1,identity_onboarding_fraud,fraudulent_merchant_onboarding,identity_fraud_merchant_001,scn_9b1c00be65ac,overt_fraud,0,7,1,1,0,0,0,0,2,0
txn_52f411d1495a,16.92,0.5948,2,0,39,39,39,3,10,491.0,0.2803,153.7,779.0,0.2417,0.039,1.3478,0.5855,95.0,3.0,1,identity_onboarding_fraud,fraudulent_merchant_onboarding,identity_fraud_merchant_001,scn_9b1c00be65ac,overt_fraud,1,7,1,1,0,2,2,2,1,0
txn_2c1bb9101df7,34.83,0.4491,3,0,39,39,39,3,10,491.0,0.2803,153.7,779.0,0.2417,0.039,1.3478,0.5855,95.0,3.0,1,identity_onboarding_fraud,fraudulent_merchant_onboarding,identity_fraud_merchant_001,scn_9b1c00be65ac,overt_fraud,1,7,1,1,0,0,0,0,2,0
txn_30e0090bbc9e,45.87,0.3894,4,0,39,39,39,3,10,491.0,0.2803,153.7,779.0,0.2417,0.039,1.3478,0.5855,95.0,3.0,1,identity_onboarding_fraud,fraudulent_merchant_onboarding,identity_fraud_merchant_001,scn_9b1c00be65ac,overt_fraud,0,7,1,1,0,4,4,4,2,0
txn_5bdb0a935cae,24.52,0.5046,5,0,39,39,39,3,10,491.0,0.2803,153.7,779.0,0.2417,0.039,1.3478,0.5855,95.0,3.0,1,identity_onboarding_fraud,fraudulent_merchant_onboarding,identity_fraud_merchant_001,scn_9b1c00be65ac,overt_fraud,3,7,1,1,0,2,2,4,2,0
txn_af774f5189e1,24.83,0.5042,9,0,40,40,40,3,8,690.0,0.307,83.01,141.0,0.1328,0.0682,0.2459,0.7042,224.0,2.0,1,identity_onboarding_fraud,mule_account_creation,identity_mule_account_001,scn_33f8d175e754,overt_fraud,4,9,3,1,0,2,2,2,0,0
txn_57ebca8ccb56,19.5,0.1881,11,0,40,40,40,3,9,690.0,0.307,83.01,141.0,0.1328,0.0682,0.2459,0.7042,224.0,2.0,1,identity_onboarding_fraud,mule_account_creation,identity_mule_account_001,scn_33f8d175e754,overt_fraud,3,9,3,1,0,2,2,5,0,0
txn_eb7801f72e26,22.89,0.39,12,0,40,40,40,3,10,690.0,0.307,83.01,141.0,0.1328,0.0682,0.2459,0.7042,224.0,2.0,1,identity_onboarding_fraud,mule_account_creation,identity_mule_account_001,scn_33f8d175e754,overt_fraud,4,9,3,1,0,5,5,1,0,0
txn_f84a52abb4ac,62.52,0.3821,13,0,40,40,40,3,11,690.0,0.307,83.01,141.0,0.1328,0.0682,0.2459,0.7042,224.0,2.0,1,identity_onboarding_fraud,mule_account_creation,identity_mule_account_001,scn_33f8d175e754,overt_fraud,4,9,3,1,0,2,2,1,0,0
txn_41b15f039e11,61.81,0.3074,14,0,40,40,40,3,11,690.0,0.307,83.01,141.0,0.1328,0.0682,0.2459,0.7042,224.0,2.0,1,identity_onboarding_fraud,mule_account_creation,identity_mule_account_001,scn_33f8d175e754,overt_fraud,1,9,3,1,0,2,2,2,0,0
txn_17df180d4fd2,14.35,0.5948,15,0,40,40,40,3,12,690.0,0.307,83.01,141.0,0.1328,0.0682,0.2459,0.7042,224.0,2.0,1,identity_onboarding_fraud,mule_account_creation,identity_mule_account_001,scn_33f8d175e754,overt_fraud,3,9,3,1,0,3,3,6,0,0
txn_d1f7498cc897,117.91,0.08,17,0,40,40,40,3,13,690.0,0.307,83.01,141.0,0.1328,0.0682,0.2459,0.7042,224.0,2.0,1,identity_onboarding_fraud,mule_account_creation,identity_mule_account_001,scn_33f8d175e754,overt_fraud,1,9,3,1,0,3,3,2,0,0
txn_f538ffba4021,37.03,0.2451,18,0,40,40,40,3,14,690.0,0.307,83.01,141.0,0.1328,0.0682,0.2459,0.7042,224.0,2.0,1,identity_onboarding_fraud,mule_account_creation,identity_mule_account_001,scn_33f8d175e754,overt_fraud,4,9,3,1,0,4,4,0,0,0
txn_0db5cd7ddd60,4.5,0.08,19,0,40,40,40,3,15,690.0,0.307,83.01,141.0,0.1328,0.0682,0.2459,0.7042,224.0,2.0,1,identity_onboarding_fraud,mule_account_creation,identity_mule_account_001,scn_33f8d175e754,overt_fraud,3,9,3,1,0,5,5,4,0,0
txn_24830e235083,213.54,0.3029,20,0,40,40,40,3,16,690.0,0.307,83.01,141.0,0.1328,0.0682,0.2459,0.7042,224.0,2.0,1,identity_onboarding_fraud,mule_account_creation,identity_mule_account_001,scn_33f8d175e754,overt_fraud,2,9,3,1,0,5,5,1,0,0
txn_8c3b2a8a39f1,42.71,0.3204,21,0,40,40,40,3,17,690.0,0.307,83.01,141.0,0.1328,0.0682,0.2459,0.7042,224.0,2.0,1,identity_onboarding_fraud,mule_account_creation,identity_mule_account_001,scn_33f8d175e754,overt_fraud,3,9,3,1,0,3,3,0,0,0
txn_e49475ad8967,13.78,0.08,23,0,40,40,40,3,18,690.0,0.307,83.01,141.0,0.1328,0.0682,0.2459,0.7042,224.0,2.0,1,identity_onboarding_fraud,mule_account_creation,identity_mule_account_001,scn_33f8d175e754,overt_fraud,4,9,3,1,0,4,4,0,0,0
txn_36b1d66a4e2b,23.78,0.2138,0,0,40,40,40,3,19,690.0,0.307,83.01,141.0,0.1328,0.0682,0.2459,0.7042,224.0,2.0,1,identity_onboarding_fraud,mule_account_creation,identity_mule_account_001,scn_33f8d175e754,overt_fraud,2,9,3,1,0,3,3,2,0,0
txn_9e5d5dc40cfd,104.0,0.1949,1,0,40,40,40,3,18,690.0,0.307,83.01,141.0,0.1328,0.0682,0.2459,0.7042,224.0,2.0,1,identity_onboarding_fraud,mule_account_creation,identity_mule_account_001,scn_33f8d175e754,overt_fraud,4,9,3,1,0,5,5,6,0,0
txn_8d103baf3171,80.38,0.2131,2,0,40,40,40,3,19,690.0,0.307,83.01,141.0,0.1328,0.0682,0.2459,0.7042,224.0,2.0,1,identity_onboarding_fraud,mule_account_creation,identity_mule_account_001,scn_33f8d175e754,overt_fraud,0,9,3,1,0,5,5,4,0,0
txn_63b423cc6ce4,11.87,0.4027,3,0,40,40,40,3,19,690.0,0.307,83.01,141.0,0.1328,0.0682,0.2459,0.7042,224.0,2.0,1,identity_onboarding_fraud,mule_account_creation,identity_mule_account_001,scn_33f8d175e754,overt_fraud,2,9,3,1,0,2,2,2,0,0
txn_e2a3b1796370,34.9,0.1602,5,0,40,40,40,3,20,690.0,0.307,83.01,141.0,0.1328,0.0682,0.2459,0.7042,224.0,2.0,1,identity_onboarding_fraud,mule_account_creation,identity_mule_account_001,scn_33f8d175e754,overt_fraud,1,9,3,1,0,2,2,0,0,0
txn_67d5677893c2,31.37,0.521,6,0,40,40,40,3,20,690.0,0.307,83.01,141.0,0.1328,0.0682,0.2459,0.7042,224.0,2.0,1,identity_onboarding_fraud,mule_account_creation,identity_mule_account_001,scn_33f8d175e754,overt_fraud,3,9,3,1,0,0,0,6,0,0
txn_121e0a2ef3a0,36.67,0.3731,7,0,40,40,40,3,20,690.0,0.307,83.01,141.0,0.1328,0.0682,0.2459,0.7042,224.0,2.0,1,identity_onboarding_fraud,mule_account_creation,identity_mule_account_001,scn_33f8d175e754,overt_fraud,1,9,3,1,0,1,1,5,0,0
txn_1ed4aa67d8f4,14.88,0.3082,8,1,40,40,40,3,20,690.0,0.307,83.01,141.0,0.1328,0.0682,0.2459,0.7042,224.0,2.0,1,identity_onboarding_fraud,mule_account_creation,identity_mule_account_001,scn_33f8d175e754,overt_fraud,2,9,3,1,0,5,2,1,0,0
txn_89a4b7627d52,96.53,0.5976,9,0,40,40,40,3,18,690.0,0.307,83.01,141.0,0.1328,0.0682,0.2459,0.7042,224.0,2.0,1,identity_onboarding_fraud,mule_account_creation,identity_mule_account_001,scn_33f8d175e754,overt_fraud,0,9,3,1,0,5,5,3,0,0
txn_9d846df83b43,27.25,0.4577,11,0,40,40,40,3,17,690.0,0.307,83.01,141.0,0.1328,0.0682,0.2459,0.7042,224.0,2.0,1,identity_onboarding_fraud,mule_account_creation,identity_mule_account_001,scn_33f8d175e754,overt_fraud,3,9,3,1,0,2,2,2,0,0
txn_5102a809c536,72.09,0.3431,12,0,40,40,40,3,17,690.0,0.307,83.01,141.0,0.1328,0.0682,0.2459,0.7042,224.0,2.0,1,identity_onboarding_fraud,mule_account_creation,identity_mule_account_001,scn_33f8d175e754,overt_fraud,3,9,3,1,0,1,1,6,0,0
txn_d9c0ab98e11b,88.01,0.1349,13,0,40,40,40,3,16,690.0,0.307,83.01,141.0,0.1328,0.0682,0.2459,0.7042,224.0,2.0,1,identity_onboarding_fraud,mule_account_creation,identity_mule_account_001,scn_33f8d175e754,overt_fraud,4,9,3,1,0,3,3,6,0,0
txn_18f1787a076f,28.81,0.493,14,0,40,40,40,3,15,690.0,0.307,83.01,141.0,0.1328,0.0682,0.2459,0.7042,224.0,2.0,1,identity_onboarding_fraud,mule_account_creation,identity_mule_account_001,scn_33f8d175e754,overt_fraud,3,9,3,1,0,2,2,1,0,0
txn_abbda02b8d73,24.51,0.2739,15,0,40,40,40,3,13,690.0,0.307,83.01,141.0,0.1328,0.0682,0.2459,0.7042,224.0,2.0,1,identity_onboarding_fraud,mule_account_creation,identity_mule_account_001,scn_33f8d175e754,overt_fraud,0,9,3,1,0,4,4,1,0,0
txn_dbe3a864560e,82.61,0.357,17,0,40,40,40,3,12,690.0,0.307,83.01,141.0,0.1328,0.0682,0.2459,0.7042,224.0,2.0,1,identity_onboarding_fraud,mule_account_creation,identity_mule_account_001,scn_33f8d175e754,overt_fraud,3,9,3,1,0,4,4,4,0,0
txn_5964ca1d1f38,7.47,0.272,18,0,40,40,40,3,11,690.0,0.307,83.01,141.0,0.1328,0.0682,0.2459,0.7042,224.0,2.0,1,identity_onboarding_fraud,mule_account_creation,identity_mule_account_001,scn_33f8d175e754,overt_fraud,2,9,3,1,0,5,5,6,0,0
txn_a86b45db1a9a,53.52,0.3653,19,0,40,40,40,3,11,690.0,0.307,83.01,141.0,0.1328,0.0682,0.2459,0.7042,224.0,2.0,1,identity_onboarding_fraud,mule_account_creation,identity_mule_account_001,scn_33f8d175e754,overt_fraud,0,9,3,1,0,2,2,4,0,0
txn_a09e5fff61f3,140.02,0.3425,20,0,40,40,40,3,11,690.0,0.307,83.01,141.0,0.1328,0.0682,0.2459,0.7042,224.0,2.0,1,identity_onboarding_fraud,mule_account_creation,identity_mule_account_001,scn_33f8d175e754,overt_fraud,3,9,3,1,1,3,3,1,0,1
txn_5e75329441a5,31.46,0.1277,21,0,40,40,40,3,11,690.0,0.307,83.01,141.0,0.1328,0.0682,0.2459,0.7042,224.0,2.0,1,identity_onboarding_fraud,mule_account_creation,identity_mule_account_001,scn_33f8d175e754,overt_fraud,4,9,3,1,0,0,0,4,0,0
txn_1284bf5fea30,38.35,0.408,23,0,40,40,40,3,11,690.0,0.307,83.01,141.0,0.1328,0.0682,0.2459,0.7042,224.0,2.0,1,identity_onboarding_fraud,mule_account_creation,identity_mule_account_001,scn_33f8d175e754,overt_fraud,0,9,3,1,0,3,3,6,0,0
txn_c19f05623f9c,12.42,0.528,0,1,40,40,40,3,11,690.0,0.307,83.01,141.0,0.1328,0.0682,0.2459,0.7042,224.0,2.0,1,identity_onboarding_fraud,mule_account_creation,identity_mule_account_001,scn_33f8d175e754,overt_fraud,4,9,3,1,0,3,4,1,0,0
txn_9fcb926a0084,25.79,0.08,1,0,40,40,40,3,11,690.0,0.307,83.01,141.0,0.1328,0.0682,0.2459,0.7042,224.0,2.0,1,identity_onboarding_fraud,mule_account_creation,identity_mule_account_001,scn_33f8d175e754,overt_fraud,1,9,3,1,0,3,3,1,0,0
txn_209213606cbc,91.26,0.3217,2,0,40,40,40,3,10,690.0,0.307,83.01,141.0,0.1328,0.0682,0.2459,0.7042,224.0,2.0,1,identity_onboarding_fraud,mule_account_creation,identity_mule_account_001,scn_33f8d175e754,overt_fraud,1,9,3,1,0,5,5,2,0,0
txn_d254307d4f95,29.84,0.1817,3,0,40,40,40,3,10,690.0,0.307,83.01,141.0,0.1328,0.0682,0.2459,0.7042,224.0,2.0,1,identity_onboarding_fraud,mule_account_creation,identity_mule_account_001,scn_33f8d175e754,overt_fraud,2,9,3,1,0,4,4,2,0,0
txn_22ad41ee7e58,164.99,0.4095,5,0,40,40,40,3,10,690.0,0.307,83.01,141.0,0.1328,0.0682,0.2459,0.7042,224.0,2.0,1,identity_onboarding_fraud,mule_account_creation,identity_mule_account_001,scn_33f8d175e754,overt_fraud,1,9,3,1,0,5,5,0,0,0
txn_26560b7730e0,43.11,0.2408,6,0,40,40,40,3,10,690.0,0.307,83.01,141.0,0.1328,0.0682,0.2459,0.7042,224.0,2.0,1,identity_onboarding_fraud,mule_account_creation,identity_mule_account_001,scn_33f8d175e754,overt_fraud,2,9,3,1,0,2,2,4,0,0
txn_cd23e9a0eadc,123.05,0.2134,7,1,40,40,40,3,9,690.0,0.307,83.01,141.0,0.1328,0.0682,0.2459,0.7042,224.0,2.0,1,identity_onboarding_fraud,mule_account_creation,identity_mule_account_001,scn_33f8d175e754,overt_fraud,1,9,3,1,0,5,3,3,0,0
txn_a67f359e0f2c,115.92,0.3113,8,0,40,40,40,1,9,690.0,0.307,83.01,141.0,0.1328,0.0682,0.2459,0.7042,224.0,2.0,1,identity_onboarding_fraud,mule_account_creation,identity_mule_account_001,scn_33f8d175e754,overt_fraud,4,9,3,1,0,5,5,0,0,0
txn_1d18f6a41dd5,6.99,0.3935,9,0,16,16,16,3,9,803.0,0.1646,272.67,54.0,0.224,0.0236,0.072,0.482,162.0,2.0,1,identity_onboarding_fraud,stolen_identity_signup,identity_stolen_signup_001,scn_cde3aa617988,overt_fraud,4,9,4,1,0,0,0,2,3,0
txn_218cf51add5e,22.84,0.6155,11,0,16,16,16,3,10,803.0,0.1646,272.67,54.0,0.224,0.0236,0.072,0.482,162.0,2.0,1,identity_onboarding_fraud,stolen_identity_signup,identity_stolen_signup_001,scn_cde3aa617988,overt_fraud,3,9,4,1,0,2,2,4,3,0
txn_077ecf2a486f,96.78,0.3278,12,0,16,16,16,3,11,803.0,0.1646,272.67,54.0,0.224,0.0236,0.072,0.482,162.0,2.0,1,identity_onboarding_fraud,stolen_identity_signup,identity_stolen_signup_001,scn_cde3aa617988,overt_fraud,4,9,4,1,0,1,1,3,3,0
txn_ea48db7355cd,19.6,0.1648,13,0,16,16,16,3,11,803.0,0.1646,272.67,54.0,0.224,0.0236,0.072,0.482,162.0,2.0,1,identity_onboarding_fraud,stolen_identity_signup,identity_stolen_signup_001,scn_cde3aa617988,overt_fraud,1,9,4,1,0,5,5,5,3,0
txn_6a47d8add6d0,31.73,0.5426,14,0,16,16,16,3,12,803.0,0.1646,272.67,54.0,0.224,0.0236,0.072,0.482,162.0,2.0,1,identity_onboarding_fraud,stolen_identity_signup,identity_stolen_signup_001,scn_cde3aa617988,overt_fraud,1,9,4,1,0,1,1,4,3,0
txn_d1a13e580f68,21.73,0.2169,15,0,16,16,16,3,13,803.0,0.1646,272.67,54.0,0.224,0.0236,0.072,0.482,162.0,2.0,1,identity_onboarding_fraud,stolen_identity_signup,identity_stolen_signup_001,scn_cde3aa617988,overt_fraud,3,9,4,1,0,1,1,2,3,0
txn_9f962caa6abc,156.5,0.1764,16,0,16,16,16,3,14,803.0,0.1646,272.67,54.0,0.224,0.0236,0.072,0.482,162.0,2.0,1,identity_onboarding_fraud,stolen_identity_signup,identity_stolen_signup_001,scn_cde3aa617988,overt_fraud,4,9,4,1,0,5,5,6,3,0
txn_a3b02a07c56d,70.74,0.2507,18,1,16,16,16,3,15,803.0,0.1646,272.67,54.0,0.224,0.0236,0.072,0.482,162.0,2.0,1,identity_onboarding_fraud,stolen_identity_signup,identity_stolen_signup_001,scn_cde3aa617988,overt_fraud,4,9,4,1,0,4,2,1,3,0
txn_80d83b69f16f,9.04,0.3975,19,0,16,16,16,3,16,803.0,0.1646,272.67,54.0,0.224,0.0236,0.072,0.482,162.0,2.0,1,identity_onboarding_fraud,stolen_identity_signup,identity_stolen_signup_001,scn_cde3aa617988,overt_fraud,3,9,4,1,0,0,0,0,3,0
txn_c3709d3d5878,62.27,0.4779,20,0,16,16,16,3,17,803.0,0.1646,272.67,54.0,0.224,0.0236,0.072,0.482,162.0,2.0,1,identity_onboarding_fraud,stolen_identity_signup,identity_stolen_signup_001,scn_cde3aa617988,overt_fraud,3,9,4,1,0,0,0,3,3,0
txn_8ead8af38871,39.51,0.6454,21,1,16,16,16,3,18,803.0,0.1646,272.67,54.0,0.224,0.0236,0.072,0.482,162.0,2.0,1,identity_onboarding_fraud,stolen_identity_signup,identity_stolen_signup_001,scn_cde3aa617988,overt_fraud,3,9,4,1,0,3,5,0,3,0
txn_6826a925e649,146.11,0.3246,22,0,16,16,16,3,19,803.0,0.1646,272.67,54.0,0.224,0.0236,0.072,0.482,162.0,2.0,1,identity_onboarding_fraud,stolen_identity_signup,identity_stolen_signup_001,scn_cde3aa617988,overt_fraud,2,9,4,1,0,0,0,5,3,0
txn_ef552fb5a250,25.62,0.8834,0,0,16,16,16,3,18,803.0,0.1646,272.67,54.0,0.224,0.0236,0.072,0.482,162.0,2.0,1,identity_onboarding_fraud,stolen_identity_signup,identity_stolen_signup_001,scn_cde3aa617988,overt_fraud,2,9,4,1,0,4,4,2,3,0
txn_4b0593b7019f,54.5,0.1498,1,1,16,16,16,3,19,803.0,0.1646,272.67,54.0,0.224,0.0236,0.072,0.482,162.0,2.0,1,identity_onboarding_fraud,stolen_identity_signup,identity_stolen_signup_001,scn_cde3aa617988,overt_fraud,3,9,4,1,0,3,0,3,3,0
txn_55309f50e35e,16.67,0.4956,2,0,16,16,16,3,19,803.0,0.1646,272.67,54.0,0.224,0.0236,0.072,0.482,162.0,2.0,1,identity_onboarding_fraud,stolen_identity_signup,identity_stolen_signup_001,scn_cde3aa617988,overt_fraud,0,9,4,1,0,2,2,3,3,0
txn_92a3447d8168,249.91,0.3037,3,0,16,16,16,1,20,803.0,0.1646,272.67,54.0,0.224,0.0236,0.072,0.482,162.0,2.0,1,identity_onboarding_fraud,stolen_identity_signup,identity_stolen_signup_001,scn_cde3aa617988,overt_fraud,2,9,4,1,0,1,1,0,3,0
txn_682218f258c3,193.33,0.1873,9,0,11,11,11,3,10,1551.0,0.0431,220.56,1958.0,0.0123,0.0124,0.1186,0.1072,212.0,0.0,1,identity_onboarding_fraud,synthetic_identity,identity_synthetic_001,scn_3abb87b65aff,stealth_fraud,4,9,4,1,0,1,1,6,3,0
txn_f6a494dab98b,87.66,0.5812,11,0,11,11,11,3,11,1551.0,0.0431,220.56,1958.0,0.0123,0.0124,0.1186,0.1072,212.0,0.0,1,identity_onboarding_fraud,synthetic_identity,identity_synthetic_001,scn_3abb87b65aff,stealth_fraud,3,9,4,1,0,4,4,4,3,0
txn_1520775aab7d,48.64,0.4149,12,0,11,11,11,3,11,1551.0,0.0431,220.56,1958.0,0.0123,0.0124,0.1186,0.1072,212.0,0.0,1,identity_onboarding_fraud,synthetic_identity,identity_synthetic_001,scn_3abb87b65aff,stealth_fraud,3,9,4,1,0,3,3,3,3,0
txn_59cd9c564325,32.86,0.3192,13,0,11,11,11,3,12,1551.0,0.0431,220.56,1958.0,0.0123,0.0124,0.1186,0.1072,212.0,0.0,1,identity_onboarding_fraud,synthetic_identity,identity_synthetic_001,scn_3abb87b65aff,stealth_fraud,3,9,4,1,0,1,1,1,3,0
txn_70e8a9121fed,41.48,0.3184,15,0,11,11,11,3,13,1551.0,0.0431,220.56,1958.0,0.0123,0.0124,0.1186,0.1072,212.0,0.0,1,identity_onboarding_fraud,synthetic_identity,identity_synthetic_001,scn_3abb87b65aff,stealth_fraud,0,9,4,1,0,1,1,1,3,0
txn_69fb285e462d,33.82,0.3349,16,0,11,11,11,3,14,1551.0,0.0431,220.56,1958.0,0.0123,0.0124,0.1186,0.1072,212.0,0.0,1,identity_onboarding_fraud,synthetic_identity,identity_synthetic_001,scn_3abb87b65aff,stealth_fraud,3,9,4,1,0,5,5,1,3,0
txn_e156044cd8c5,75.5,0.5259,18,0,11,11,11,3,15,1551.0,0.0431,220.56,1958.0,0.0123,0.0124,0.1186,0.1072,212.0,0.0,1,identity_onboarding_fraud,synthetic_identity,identity_synthetic_001,scn_3abb87b65aff,stealth_fraud,2,9,4,1,0,3,3,5,3,0
txn_ae3ddb8c66a1,23.01,0.3773,19,0,11,11,11,3,16,1551.0,0.0431,220.56,1958.0,0.0123,0.0124,0.1186,0.1072,212.0,0.0,1,identity_onboarding_fraud,synthetic_identity,identity_synthetic_001,scn_3abb87b65aff,stealth_fraud,3,9,4,1,0,5,5,4,3,0
txn_54ca458c2c17,17.47,0.1226,20,0,11,11,11,3,17,1551.0,0.0431,220.56,1958.0,0.0123,0.0124,0.1186,0.1072,212.0,0.0,1,identity_onboarding_fraud,synthetic_identity,identity_synthetic_001,scn_3abb87b65aff,stealth_fraud,4,9,4,1,0,4,4,0,3,0
txn_22be6e94c562,48.02,0.4163,22,0,11,11,11,2,18,1551.0,0.0431,220.56,1958.0,0.0123,0.0124,0.1186,0.1072,212.0,0.0,1,identity_onboarding_fraud,synthetic_identity,identity_synthetic_001,scn_3abb87b65aff,stealth_fraud,1,9,4,1,0,5,5,0,3,0
txn_df91b6961bb7,209.11,0.3597,23,0,11,11,11,2,19,1551.0,0.0431,220.56,1958.0,0.0123,0.0124,0.1186,0.1072,212.0,0.0,1,identity_onboarding_fraud,synthetic_identity,identity_synthetic_001,scn_3abb87b65aff,stealth_fraud,0,9,4,1,0,2,2,0,3,0
txn_511618fef5a5,6.99,0.08,9,0,12,12,12,3,11,495.0,0.3391,326.43,874.0,0.1507,0.0295,0.651,0.2244,147.0,2.0,1,identity_onboarding_fraud,synthetic_business,identity_synthetic_business_001,scn_21c7e145a44a,overt_fraud,1,7,1,1,0,2,2,1,2,0
txn_ac2c09b7f1e5,118.33,0.4777,11,0,12,12,12,3,11,495.0,0.3391,326.43,874.0,0.1507,0.0295,0.651,0.2244,147.0,2.0,1,identity_onboarding_fraud,synthetic_business,identity_synthetic_business_001,scn_21c7e145a44a,overt_fraud,2,7,1,1,0,5,5,2,1,0
txn_5e6e3a5aa786,28.59,0.08,12,0,12,12,12,3,12,495.0,0.3391,326.43,874.0,0.1507,0.0295,0.651,0.2244,147.0,2.0,1,identity_onboarding_fraud,synthetic_business,identity_synthetic_business_001,scn_21c7e145a44a,overt_fraud,3,7,1,1,0,5,5,1,2,0
txn_bf64c9d5dc0d,62.11,0.1543,13,0,12,12,12,3,13,495.0,0.3391,326.43,874.0,0.1507,0.0295,0.651,0.2244,147.0,2.0,1,identity_onboarding_fraud,synthetic_business,identity_synthetic_business_001,scn_21c7e145a44a,overt_fraud,3,7,1,1,0,4,4,1,1,0
txn_1df8270ac8e7,13.2,0.1193,14,0,12,12,12,3,14,495.0,0.3391,326.43,874.0,0.1507,0.0295,0.651,0.2244,147.0,2.0,1,identity_onboarding_fraud,synthetic_business,identity_synthetic_business_001,scn_21c7e145a44a,overt_fraud,4,7,1,1,0,0,0,2,1,0
txn_627596b31710,36.07,0.2949,16,0,12,12,12,3,15,495.0,0.3391,326.43,874.0,0.1507,0.0295,0.651,0.2244,147.0,2.0,1,identity_onboarding_fraud,synthetic_business,identity_synthetic_business_001,scn_21c7e145a44a,overt_fraud,3,7,1,1,0,3,3,0,1,0
txn_6f3921895a19,36.69,0.4078,17,0,12,12,12,3,16,495.0,0.3391,326.43,874.0,0.1507,0.0295,0.651,0.2244,147.0,2.0,1,identity_onboarding_fraud,synthetic_business,identity_synthetic_business_001,scn_21c7e145a44a,overt_fraud,0,7,1,1,0,4,4,3,1,0
txn_f4a66e1e0cc5,62.83,0.6908,18,0,12,12,12,3,17,495.0,0.3391,326.43,874.0,0.1507,0.0295,0.651,0.2244,147.0,2.0,1,identity_onboarding_fraud,synthetic_business,identity_synthetic_business_001,scn_21c7e145a44a,overt_fraud,1,7,1,1,0,0,0,3,2,0
txn_c34e2b9ecffa,81.48,0.2239,19,0,12,12,12,3,18,495.0,0.3391,326.43,874.0,0.1507,0.0295,0.651,0.2244,147.0,2.0,1,identity_onboarding_fraud,synthetic_business,identity_synthetic_business_001,scn_21c7e145a44a,overt_fraud,3,7,1,1,0,1,1,1,1,0
txn_c27037301d64,10.06,0.3106,21,0,12,12,12,3,19,495.0,0.3391,326.43,874.0,0.1507,0.0295,0.651,0.2244,147.0,2.0,1,identity_onboarding_fraud,synthetic_business,identity_synthetic_business_001,scn_21c7e145a44a,overt_fraud,1,7,1,1,0,4,4,4,1,0
txn_08bd59797eeb,79.08,0.1989,22,0,12,12,12,3,18,495.0,0.3391,326.43,874.0,0.1507,0.0295,0.651,0.2244,147.0,2.0,1,identity_onboarding_fraud,synthetic_business,identity_synthetic_business_001,scn_21c7e145a44a,overt_fraud,3,7,1,1,0,2,2,4,1,0
txn_487fb91bbd54,20.8,0.3975,23,0,12,12,12,3,19,495.0,0.3391,326.43,874.0,0.1507,0.0295,0.651,0.2244,147.0,2.0,1,identity_onboarding_fraud,synthetic_business,identity_synthetic_business_001,scn_21c7e145a44a,overt_fraud,4,7,1,1,1,4,4,4,1,1
txn_aa9fe97c512c,855.46,0.4031,9,0,55,55,55,3,11,2159.0,0.0796,259.41,3503.0,0.0001,0.0082,0.0907,0.0686,1052.0,0.0,1,merchant_ecosystem_abuse,bust_out_merchant,merchant_bustout_001,scn_33316761f03d,stealth_fraud,0,7,1,1,0,0,0,0,2,0
txn_1f8d2099e15a,520.16,0.4329,11,0,55,55,55,3,12,2159.0,0.0796,259.41,3503.0,0.0001,0.0082,0.0907,0.0686,1052.0,0.0,1,merchant_ecosystem_abuse,bust_out_merchant,merchant_bustout_001,scn_33316761f03d,stealth_fraud,1,7,1,1,0,0,0,0,1,0
txn_80f317d97afd,1046.92,0.3205,12,1,55,55,55,3,13,2159.0,0.0796,259.41,3503.0,0.0001,0.0082,0.0907,0.0686,1052.0,0.0,1,merchant_ecosystem_abuse,bust_out_merchant,merchant_bustout_001,scn_33316761f03d,stealth_fraud,1,7,1,1,0,0,5,1,2,0
txn_f3a56a6ca3c4,382.6,0.354,13,0,55,55,55,3,14,2159.0,0.0796,259.41,3503.0,0.0001,0.0082,0.0907,0.0686,1052.0,0.0,1,merchant_ecosystem_abuse,bust_out_merchant,merchant_bustout_001,scn_33316761f03d,stealth_fraud,2,7,1,1,0,3,3,0,1,0
txn_9e90cd63124f,1125.91,0.3564,14,0,55,55,55,3,15,2159.0,0.0796,259.41,3503.0,0.0001,0.0082,0.0907,0.0686,1052.0,0.0,1,merchant_ecosystem_abuse,bust_out_merchant,merchant_bustout_001,scn_33316761f03d,stealth_fraud,2,7,1,1,0,5,5,0,2,0
txn_c9f07d21317d,1002.23,0.1226,16,0,55,55,55,3,16,2159.0,0.0796,259.41,3503.0,0.0001,0.0082,0.0907,0.0686,1052.0,0.0,1,merchant_ecosystem_abuse,bust_out_merchant,merchant_bustout_001,scn_33316761f03d,stealth_fraud,1,7,1,1,0,3,3,0,2,0
txn_d8667b08abd7,150.2,0.2695,17,0,55,55,55,3,17,2159.0,0.0796,259.41,3503.0,0.0001,0.0082,0.0907,0.0686,1052.0,0.0,1,merchant_ecosystem_abuse,bust_out_merchant,merchant_bustout_001,scn_33316761f03d,stealth_fraud,3,7,1,1,0,5,5,4,1,0
txn_1717ff47e22a,1071.16,0.4445,18,0,55,55,55,3,18,2159.0,0.0796,259.41,3503.0,0.0001,0.0082,0.0907,0.0686,1052.0,0.0,1,merchant_ecosystem_abuse,bust_out_merchant,merchant_bustout_001,scn_33316761f03d,stealth_fraud,3,7,1,1,0,3,3,1,2,0
txn_f8bcb9d71122,340.33,0.5045,20,0,55,55,55,3,19,2159.0,0.0796,259.41,3503.0,0.0001,0.0082,0.0907,0.0686,1052.0,0.0,1,merchant_ecosystem_abuse,bust_out_merchant,merchant_bustout_001,scn_33316761f03d,stealth_fraud,2,7,1,1,0,3,3,4,2,0
txn_49bcb8293c15,427.98,0.4212,21,0,55,55,55,3,18,2159.0,0.0796,259.41,3503.0,0.0001,0.0082,0.0907,0.0686,1052.0,0.0,1,merchant_ecosystem_abuse,bust_out_merchant,merchant_bustout_001,scn_33316761f03d,stealth_fraud,2,7,1,1,0,3,3,4,1,0
txn_7334e3b8b66e,1214.46,0.1487,22,0,55,55,55,3,19,2159.0,0.0796,259.41,3503.0,0.0001,0.0082,0.0907,0.0686,1052.0,0.0,1,merchant_ecosystem_abuse,bust_out_merchant,merchant_bustout_001,scn_33316761f03d,stealth_fraud,2,7,1,1,0,5,5,4,1,0
txn_32f305bc5560,733.53,0.5798,23,1,55,55,55,3,19,2159.0,0.0796,259.41,3503.0,0.0001,0.0082,0.0907,0.0686,1052.0,0.0,1,merchant_ecosystem_abuse,bust_out_merchant,merchant_bustout_001,scn_33316761f03d,stealth_fraud,4,7,1,1,0,2,0,1,2,0
txn_8ecfa967d329,1145.72,0.08,1,0,55,55,55,3,20,2159.0,0.0796,259.41,3503.0,0.0001,0.0082,0.0907,0.0686,1052.0,0.0,1,merchant_ecosystem_abuse,bust_out_merchant,merchant_bustout_001,scn_33316761f03d,stealth_fraud,3,7,1,1,0,1,1,1,2,0
txn_2b978aad2e9d,244.54,0.1323,2,0,55,55,55,3,20,2159.0,0.0796,259.41,3503.0,0.0001,0.0082,0.0907,0.0686,1052.0,0.0,1,merchant_ecosystem_abuse,bust_out_merchant,merchant_bustout_001,scn_33316761f03d,stealth_fraud,4,7,1,1,0,1,1,0,2,0
txn_2dbfd83b8f2f,183.76,0.2073,3,0,55,55,55,3,20,2159.0,0.0796,259.41,3503.0,0.0001,0.0082,0.0907,0.0686,1052.0,0.0,1,merchant_ecosystem_abuse,bust_out_merchant,merchant_bustout_001,scn_33316761f03d,stealth_fraud,0,7,1,1,0,4,4,0,2,0
txn_0a47af99aadf,767.29,0.5834,4,0,55,55,55,3,20,2159.0,0.0796,259.41,3503.0,0.0001,0.0082,0.0907,0.0686,1052.0,0.0,1,merchant_ecosystem_abuse,bust_out_merchant,merchant_bustout_001,scn_33316761f03d,stealth_fraud,2,7,1,1,1,0,0,4,1,1
txn_f9df7fc77d75,1191.13,0.3543,6,0,55,55,55,3,18,2159.0,0.0796,259.41,3503.0,0.0001,0.0082,0.0907,0.0686,1052.0,0.0,1,merchant_ecosystem_abuse,bust_out_merchant,merchant_bustout_001,scn_33316761f03d,stealth_fraud,4,7,1,1,0,4,4,4,2,0
txn_a2485a279656,479.34,0.08,7,0,55,55,55,3,17,2159.0,0.0796,259.41,3503.0,0.0001,0.0082,0.0907,0.0686,1052.0,0.0,1,merchant_ecosystem_abuse,bust_out_merchant,merchant_bustout_001,scn_33316761f03d,stealth_fraud,0,7,1,1,0,2,2,1,2,0
txn_4c287d05d2fa,873.81,0.08,8,0,55,55,55,3,17,2159.0,0.0796,259.41,3503.0,0.0001,0.0082,0.0907,0.0686,1052.0,0.0,1,merchant_ecosystem_abuse,bust_out_merchant,merchant_bustout_001,scn_33316761f03d,stealth_fraud,3,7,1,1,0,4,4,4,1,0
txn_43e114112ebe,718.68,0.6477,10,1,55,55,55,3,16,2159.0,0.0796,259.41,3503.0,0.0001,0.0082,0.0907,0.0686,1052.0,0.0,1,merchant_ecosystem_abuse,bust_out_merchant,merchant_bustout_001,scn_33316761f03d,stealth_fraud,2,7,1,1,0,3,5,4,1,0
txn_02834c984d9d,800.78,0.2881,11,0,55,55,55,3,15,2159.0,0.0796,259.41,3503.0,0.0001,0.0082,0.0907,0.0686,1052.0,0.0,1,merchant_ecosystem_abuse,bust_out_merchant,merchant_bustout_001,scn_33316761f03d,stealth_fraud,1,7,1,1,0,2,2,0,1,0
txn_cb4bc538c7f0,1341.7,0.2159,12,0,55,55,55,3,13,2159.0,0.0796,259.41,3503.0,0.0001,0.0082,0.0907,0.0686,1052.0,0.0,1,merchant_ecosystem_abuse,bust_out_merchant,merchant_bustout_001,scn_33316761f03d,stealth_fraud,1,7,1,1,0,4,4,4,1,0
txn_42361dc37b6f,844.75,0.3076,13,0,55,55,55,3,12,2159.0,0.0796,259.41,3503.0,0.0001,0.0082,0.0907,0.0686,1052.0,0.0,1,merchant_ecosystem_abuse,bust_out_merchant,merchant_bustout_001,scn_33316761f03d,stealth_fraud,3,7,1,1,0,5,5,0,2,0
txn_6d831fbd7391,457.49,0.0841,15,0,55,55,55,3,11,2159.0,0.0796,259.41,3503.0,0.0001,0.0082,0.0907,0.0686,1052.0,0.0,1,merchant_ecosystem_abuse,bust_out_merchant,merchant_bustout_001,scn_33316761f03d,stealth_fraud,3,7,1,1,0,4,4,0,1,0
txn_56d1cba05e3d,330.63,0.199,16,0,55,55,55,3,11,2159.0,0.0796,259.41,3503.0,0.0001,0.0082,0.0907,0.0686,1052.0,0.0,1,merchant_ecosystem_abuse,bust_out_merchant,merchant_bustout_001,scn_33316761f03d,stealth_fraud,1,7,1,1,0,1,1,1,2,0
txn_2b1ab384e3a6,797.49,0.4166,17,0,55,55,55,3,11,2159.0,0.0796,259.41,3503.0,0.0001,0.0082,0.0907,0.0686,1052.0,0.0,1,merchant_ecosystem_abuse,bust_out_merchant,merchant_bustout_001,scn_33316761f03d,stealth_fraud,1,7,1,1,0,1,1,4,2,0
txn_1e26d973adc0,402.78,0.3225,18,0,55,55,55,3,11,2159.0,0.0796,259.41,3503.0,0.0001,0.0082,0.0907,0.0686,1052.0,0.0,1,merchant_ecosystem_abuse,bust_out_merchant,merchant_bustout_001,scn_33316761f03d,stealth_fraud,0,7,1,1,0,2,2,4,1,0
txn_9678c9b74863,107.88,0.3658,20,0,55,55,55,3,11,2159.0,0.0796,259.41,3503.0,0.0001,0.0082,0.0907,0.0686,1052.0,0.0,1,merchant_ecosystem_abuse,bust_out_merchant,merchant_bustout_001,scn_33316761f03d,stealth_fraud,4,7,1,1,0,5,5,4,2,0
txn_2237ff335d80,528.47,0.5628,21,0,55,55,55,3,11,2159.0,0.0796,259.41,3503.0,0.0001,0.0082,0.0907,0.0686,1052.0,0.0,1,merchant_ecosystem_abuse,bust_out_merchant,merchant_bustout_001,scn_33316761f03d,stealth_fraud,2,7,1,1,0,2,2,0,2,0
txn_62376570404f,905.7,0.08,22,0,55,55,55,3,11,2159.0,0.0796,259.41,3503.0,0.0001,0.0082,0.0907,0.0686,1052.0,0.0,1,merchant_ecosystem_abuse,bust_out_merchant,merchant_bustout_001,scn_33316761f03d,stealth_fraud,2,7,1,1,0,0,0,1,1,0
txn_545ec4c0fce5,1350.87,0.4822,0,0,55,55,55,3,10,2159.0,0.0796,259.41,3503.0,0.0001,0.0082,0.0907,0.0686,1052.0,0.0,1,merchant_ecosystem_abuse,bust_out_merchant,merchant_bustout_001,scn_33316761f03d,stealth_fraud,1,7,1,1,0,0,0,1,1,0
txn_c32b0a71646a,990.03,0.4764,1,0,55,55,55,3,10,2159.0,0.0796,259.41,3503.0,0.0001,0.0082,0.0907,0.0686,1052.0,0.0,1,merchant_ecosystem_abuse,bust_out_merchant,merchant_bustout_001,scn_33316761f03d,stealth_fraud,4,7,1,1,0,1,1,0,2,0
txn_ea13aafcd461,809.85,0.223,2,0,55,55,55,3,10,2159.0,0.0796,259.41,3503.0,0.0001,0.0082,0.0907,0.0686,1052.0,0.0,1,merchant_ecosystem_abuse,bust_out_merchant,merchant_bustout_001,scn_33316761f03d,stealth_fraud,4,7,1,1,0,2,2,4,1,0
txn_a886b0ebb7f9,851.02,0.2604,3,0,55,55,55,3,10,2159.0,0.0796,259.41,3503.0,0.0001,0.0082,0.0907,0.0686,1052.0,0.0,1,merchant_ecosystem_abuse,bust_out_merchant,merchant_bustout_001,scn_33316761f03d,stealth_fraud,1,7,1,1,0,0,0,0,2,0
txn_864c19bda634,1315.02,0.3216,5,0,55,55,55,3,9,2159.0,0.0796,259.41,3503.0,0.0001,0.0082,0.0907,0.0686,1052.0,0.0,1,merchant_ecosystem_abuse,bust_out_merchant,merchant_bustout_001,scn_33316761f03d,stealth_fraud,0,7,1,1,0,0,0,1,2,0
txn_1081543f527b,250.77,0.299,6,0,55,55,55,3,9,2159.0,0.0796,259.41,3503.0,0.0001,0.0082,0.0907,0.0686,1052.0,0.0,1,merchant_ecosystem_abuse,bust_out_merchant,merchant_bustout_001,scn_33316761f03d,stealth_fraud,2,7,1,1,0,4,4,4,2,0
txn_13e7fb29e09f,1109.33,0.4361,7,0,55,55,55,3,8,2159.0,0.0796,259.41,3503.0,0.0001,0.0082,0.0907,0.0686,1052.0,0.0,1,merchant_ecosystem_abuse,bust_out_merchant,merchant_bustout_001,scn_33316761f03d,stealth_fraud,2,7,1,1,0,3,3,0,1,0
txn_1f3d4429dbe1,161.18,0.2685,8,0,55,55,55,3,8,2159.0,0.0796,259.41,3503.0,0.0001,0.0082,0.0907,0.0686,1052.0,0.0,1,merchant_ecosystem_abuse,bust_out_merchant,merchant_bustout_001,scn_33316761f03d,stealth_fraud,1,7,1,1,0,2,2,0,2,0
txn_a87b08b21fb5,137.23,0.3546,10,0,55,55,55,3,8,2159.0,0.0796,259.41,3503.0,0.0001,0.0082,0.0907,0.0686,1052.0,0.0,1,merchant_ecosystem_abuse,bust_out_merchant,merchant_bustout_001,scn_33316761f03d,stealth_fraud,4,7,1,1,0,5,5,1,2,0
txn_1a1a111d2313,704.05,0.1976,11,0,55,55,55,3,8,2159.0,0.0796,259.41,3503.0,0.0001,0.0082,0.0907,0.0686,1052.0,0.0,1,merchant_ecosystem_abuse,bust_out_merchant,merchant_bustout_001,scn_33316761f03d,stealth_fraud,4,7,1,1,0,1,1,1,2,0
txn_fcd974722740,537.72,0.1062,12,0,55,55,55,3,8,2159.0,0.0796,259.41,3503.0,0.0001,0.0082,0.0907,0.0686,1052.0,0.0,1,merchant_ecosystem_abuse,bust_out_merchant,merchant_bustout_001,scn_33316761f03d,stealth_fraud,3,7,1,1,0,5,5,0,2,0
txn_2e1a3af60ade,1344.83,0.3806,14,0,55,55,55,3,8,2159.0,0.0796,259.41,3503.0,0.0001,0.0082,0.0907,0.0686,1052.0,0.0,1,merchant_ecosystem_abuse,bust_out_merchant,merchant_bustout_001,scn_33316761f03d,stealth_fraud,0,7,1,1,0,2,2,4,2,0
txn_554aa671f418,572.41,0.3659,15,0,55,55,55,3,8,2159.0,0.0796,259.41,3503.0,0.0001,0.0082,0.0907,0.0686,1052.0,0.0,1,merchant_ecosystem_abuse,bust_out_merchant,merchant_bustout_001,scn_33316761f03d,stealth_fraud,0,7,1,1,0,1,1,0,1,0
txn_19f4a99ff3a1,122.27,0.5664,16,0,55,55,55,3,8,2159.0,0.0796,259.41,3503.0,0.0001,0.0082,0.0907,0.0686,1052.0,0.0,1,merchant_ecosystem_abuse,bust_out_merchant,merchant_bustout_001,scn_33316761f03d,stealth_fraud,0,7,1,1,0,3,3,4,2,0
txn_2e3ec75e40bc,788.03,0.3073,17,0,55,55,55,3,8,2159.0,0.0796,259.41,3503.0,0.0001,0.0082,0.0907,0.0686,1052.0,0.0,1,merchant_ecosystem_abuse,bust_out_merchant,merchant_bustout_001,scn_33316761f03d,stealth_fraud,2,7,1,1,0,4,4,1,2,0
txn_2829505cc854,1047.29,0.4558,19,0,55,55,55,3,7,2159.0,0.0796,259.41,3503.0,0.0001,0.0082,0.0907,0.0686,1052.0,0.0,1,merchant_ecosystem_abuse,bust_out_merchant,merchant_bustout_001,scn_33316761f03d,stealth_fraud,1,7,1,1,0,4,4,0,2,0
txn_f3fee2cae528,198.72,0.1764,20,0,55,55,55,3,6,2159.0,0.0796,259.41,3503.0,0.0001,0.0082,0.0907,0.0686,1052.0,0.0,1,merchant_ecosystem_abuse,bust_out_merchant,merchant_bustout_001,scn_33316761f03d,stealth_fraud,2,7,1,1,0,1,1,1,1,0
txn_f1194f8d7988,1335.01,0.2822,21,0,55,55,55,3,6,2159.0,0.0796,259.41,3503.0,0.0001,0.0082,0.0907,0.0686,1052.0,0.0,1,merchant_ecosystem_abuse,bust_out_merchant,merchant_bustout_001,scn_33316761f03d,stealth_fraud,0,7,1,1,0,4,4,1,1,0
txn_2209d5150510,419.47,0.1919,22,0,55,55,55,3,6,2159.0,0.0796,259.41,3503.0,0.0001,0.0082,0.0907,0.0686,1052.0,0.0,1,merchant_ecosystem_abuse,bust_out_merchant,merchant_bustout_001,scn_33316761f03d,stealth_fraud,0,7,1,1,0,1,1,4,1,0
txn_23e2270f719b,674.6,0.08,0,0,55,55,55,3,6,2159.0,0.0796,259.41,3503.0,0.0001,0.0082,0.0907,0.0686,1052.0,0.0,1,merchant_ecosystem_abuse,bust_out_merchant,merchant_bustout_001,scn_33316761f03d,stealth_fraud,2,7,1,1,0,1,1,1,2,0
txn_4a28635113a4,957.09,0.3276,1,0,55,55,55,3,6,2159.0,0.0796,259.41,3503.0,0.0001,0.0082,0.0907,0.0686,1052.0,0.0,1,merchant_ecosystem_abuse,bust_out_merchant,merchant_bustout_001,scn_33316761f03d,stealth_fraud,1,7,1,1,0,5,5,4,2,0
txn_e94dae92e624,573.83,0.4415,2,0,55,55,55,3,6,2159.0,0.0796,259.41,3503.0,0.0001,0.0082,0.0907,0.0686,1052.0,0.0,1,merchant_ecosystem_abuse,bust_out_merchant,merchant_bustout_001,scn_33316761f03d,stealth_fraud,4,7,1,1,0,1,1,0,1,0
txn_58161f6dae1d,414.77,0.3892,4,0,55,55,55,3,6,2159.0,0.0796,259.41,3503.0,0.0001,0.0082,0.0907,0.0686,1052.0,0.0,1,merchant_ecosystem_abuse,bust_out_merchant,merchant_bustout_001,scn_33316761f03d,stealth_fraud,1,7,1,1,0,2,2,4,2,0
txn_83027e727a89,300.47,0.0819,5,0,55,55,55,3,6,2159.0,0.0796,259.41,3503.0,0.0001,0.0082,0.0907,0.0686,1052.0,0.0,1,merchant_ecosystem_abuse,bust_out_merchant,merchant_bustout_001,scn_33316761f03d,stealth_fraud,1,7,1,1,0,3,3,1,2,0
txn_a4f4974fd832,1005.75,0.4689,6,0,55,55,55,1,6,2159.0,0.0796,259.41,3503.0,0.0001,0.0082,0.0907,0.0686,1052.0,0.0,1,merchant_ecosystem_abuse,bust_out_merchant,merchant_bustout_001,scn_33316761f03d,stealth_fraud,4,7,1,1,1,0,0,1,1,1
txn_9969d59d9071,642.27,0.5389,9,0,86,86,86,3,12,637.0,0.0225,262.97,204.0,0.0726,0.0597,0.783,0.4634,167.0,3.0,1,merchant_ecosystem_abuse,gift_card_abuse,merchant_gift_card_001,scn_0295da855189,overt_fraud,4,4,4,1,0,4,4,3,3,0
txn_f1bd6dc21156,1558.05,0.2959,11,0,86,86,86,3,13,637.0,0.0225,262.97,204.0,0.0726,0.0597,0.783,0.4634,167.0,3.0,1,merchant_ecosystem_abuse,gift_card_abuse,merchant_gift_card_001,scn_0295da855189,overt_fraud,4,4,4,1,0,4,4,3,3,0
txn_b6c067fc403a,1806.31,0.605,12,0,86,86,86,3,14,637.0,0.0225,262.97,204.0,0.0726,0.0597,0.783,0.4634,167.0,3.0,1,merchant_ecosystem_abuse,gift_card_abuse,merchant_gift_card_001,scn_0295da855189,overt_fraud,3,4,4,1,0,4,4,3,3,0
txn_6282be42a548,226.15,0.4636,13,1,86,86,86,3,15,637.0,0.0225,262.97,204.0,0.0726,0.0597,0.783,0.4634,167.0,3.0,1,merchant_ecosystem_abuse,gift_card_abuse,merchant_gift_card_001,scn_0295da855189,overt_fraud,1,4,4,1,0,3,5,3,3,0
txn_30e8de793fc4,234.07,0.7219,14,0,86,86,86,3,16,637.0,0.0225,262.97,204.0,0.0726,0.0597,0.783,0.4634,167.0,3.0,1,merchant_ecosystem_abuse,gift_card_abuse,merchant_gift_card_001,scn_0295da855189,overt_fraud,1,4,4,1,0,4,4,3,3,0
txn_bab567ad79ef,802.15,0.774,15,0,86,86,86,3,17,637.0,0.0225,262.97,204.0,0.0726,0.0597,0.783,0.4634,167.0,3.0,1,merchant_ecosystem_abuse,gift_card_abuse,merchant_gift_card_001,scn_0295da855189,overt_fraud,2,4,4,1,0,3,3,3,3,0
txn_5fa00cc4cf0c,776.54,0.5353,16,0,86,86,86,3,18,637.0,0.0225,262.97,204.0,0.0726,0.0597,0.783,0.4634,167.0,3.0,1,merchant_ecosystem_abuse,gift_card_abuse,merchant_gift_card_001,scn_0295da855189,overt_fraud,1,4,4,1,0,4,4,3,3,0
txn_22d378449b4b,824.76,0.6231,17,0,86,86,86,3,19,637.0,0.0225,262.97,204.0,0.0726,0.0597,0.783,0.4634,167.0,3.0,1,merchant_ecosystem_abuse,gift_card_abuse,merchant_gift_card_001,scn_0295da855189,overt_fraud,0,4,4,1,0,1,1,3,3,0
txn_0c7bad365a03,1630.65,0.5045,18,0,86,86,86,3,18,637.0,0.0225,262.97,204.0,0.0726,0.0597,0.783,0.4634,167.0,3.0,1,merchant_ecosystem_abuse,gift_card_abuse,merchant_gift_card_001,scn_0295da855189,overt_fraud,3,4,4,1,0,3,3,3,3,0
txn_90d866ea60c4,992.9,0.6316,19,0,86,86,86,3,19,637.0,0.0225,262.97,204.0,0.0726,0.0597,0.783,0.4634,167.0,3.0,1,merchant_ecosystem_abuse,gift_card_abuse,merchant_gift_card_001,scn_0295da855189,overt_fraud,1,4,4,1,0,3,3,3,3,0
txn_adf32b1a8db8,741.03,0.4617,21,0,86,86,86,3,19,637.0,0.0225,262.97,204.0,0.0726,0.0597,0.783,0.4634,167.0,3.0,1,merchant_ecosystem_abuse,gift_card_abuse,merchant_gift_card_001,scn_0295da855189,overt_fraud,2,4,4,1,0,3,3,3,3,0
txn_7c3d8ca59466,1735.4,0.6629,22,0,86,86,86,3,20,637.0,0.0225,262.97,204.0,0.0726,0.0597,0.783,0.4634,167.0,3.0,1,merchant_ecosystem_abuse,gift_card_abuse,merchant_gift_card_001,scn_0295da855189,overt_fraud,2,4,4,1,0,1,1,3,3,0
txn_64cda01e21f4,791.34,0.4511,23,1,86,86,86,3,20,637.0,0.0225,262.97,204.0,0.0726,0.0597,0.783,0.4634,167.0,3.0,1,merchant_ecosystem_abuse,gift_card_abuse,merchant_gift_card_001,scn_0295da855189,overt_fraud,2,4,4,1,0,0,1,3,3,0
txn_54c126ba4051,1730.3,0.3781,0,0,86,86,86,3,20,637.0,0.0225,262.97,204.0,0.0726,0.0597,0.783,0.4634,167.0,3.0,1,merchant_ecosystem_abuse,gift_card_abuse,merchant_gift_card_001,scn_0295da855189,overt_fraud,0,4,4,1,0,0,0,3,3,0
txn_e4ec261f9ba8,1148.19,0.6885,1,0,86,86,86,3,20,637.0,0.0225,262.97,204.0,0.0726,0.0597,0.783,0.4634,167.0,3.0,1,merchant_ecosystem_abuse,gift_card_abuse,merchant_gift_card_001,scn_0295da855189,overt_fraud,0,4,4,1,0,0,0,3,3,0
txn_4ab5da800c0f,1514.65,0.6156,2,0,86,86,86,3,18,637.0,0.0225,262.97,204.0,0.0726,0.0597,0.783,0.4634,167.0,3.0,1,merchant_ecosystem_abuse,gift_card_abuse,merchant_gift_card_001,scn_0295da855189,overt_fraud,1,4,4,1,0,4,4,3,3,0
txn_aac2a5dfac42,1381.47,0.4334,3,0,86,86,86,3,17,637.0,0.0225,262.97,204.0,0.0726,0.0597,0.783,0.4634,167.0,3.0,1,merchant_ecosystem_abuse,gift_card_abuse,merchant_gift_card_001,scn_0295da855189,overt_fraud,1,4,4,1,0,0,0,3,3,0
txn_a0927a97a34a,1520.56,0.3993,4,1,86,86,86,3,17,637.0,0.0225,262.97,204.0,0.0726,0.0597,0.783,0.4634,167.0,3.0,1,merchant_ecosystem_abuse,gift_card_abuse,merchant_gift_card_001,scn_0295da855189,overt_fraud,3,4,4,1,0,2,4,3,3,0
txn_01f957e657ea,613.83,0.4256,5,0,86,86,86,3,16,637.0,0.0225,262.97,204.0,0.0726,0.0597,0.783,0.4634,167.0,3.0,1,merchant_ecosystem_abuse,gift_card_abuse,merchant_gift_card_001,scn_0295da855189,overt_fraud,1,4,4,1,1,0,0,3,3,1
txn_d482fcc5bb76,1088.21,0.2919,7,0,86,86,86,3,15,637.0,0.0225,262.97,204.0,0.0726,0.0597,0.783,0.4634,167.0,3.0,1,merchant_ecosystem_abuse,gift_card_abuse,merchant_gift_card_001,scn_0295da855189,overt_fraud,3,4,4,1,0,1,1,3,3,0
txn_71d6212d3b10,1003.75,0.6259,8,0,86,86,86,3,13,637.0,0.0225,262.97,204.0,0.0726,0.0597,0.783,0.4634,167.0,3.0,1,merchant_ecosystem_abuse,gift_card_abuse,merchant_gift_card_001,scn_0295da855189,overt_fraud,3,4,4,1,0,1,1,3,3,0
txn_3fac42fc8f2d,138.74,0.6343,9,0,86,86,86,3,12,637.0,0.0225,262.97,204.0,0.0726,0.0597,0.783,0.4634,167.0,3.0,1,merchant_ecosystem_abuse,gift_card_abuse,merchant_gift_card_001,scn_0295da855189,overt_fraud,3,4,4,1,0,4,4,3,3,0
txn_550a70102440,529.14,0.5445,10,0,86,86,86,3,11,637.0,0.0225,262.97,204.0,0.0726,0.0597,0.783,0.4634,167.0,3.0,1,merchant_ecosystem_abuse,gift_card_abuse,merchant_gift_card_001,scn_0295da855189,overt_fraud,3,4,4,1,0,5,5,3,3,0
txn_7a67a7ecab35,831.57,0.3386,11,0,86,86,86,3,11,637.0,0.0225,262.97,204.0,0.0726,0.0597,0.783,0.4634,167.0,3.0,1,merchant_ecosystem_abuse,gift_card_abuse,merchant_gift_card_001,scn_0295da855189,overt_fraud,2,4,4,1,0,2,2,3,3,0
txn_6113deff1b0f,877.87,0.1568,12,1,86,86,86,3,11,637.0,0.0225,262.97,204.0,0.0726,0.0597,0.783,0.4634,167.0,3.0,1,merchant_ecosystem_abuse,gift_card_abuse,merchant_gift_card_001,scn_0295da855189,overt_fraud,4,4,4,1,0,4,0,3,3,0
txn_5165ed2cb463,1298.32,0.4811,13,0,86,86,86,3,11,637.0,0.0225,262.97,204.0,0.0726,0.0597,0.783,0.4634,167.0,3.0,1,merchant_ecosystem_abuse,gift_card_abuse,merchant_gift_card_001,scn_0295da855189,overt_fraud,1,4,4,1,0,4,4,3,3,0
txn_0cfb99acca88,960.72,0.5752,14,0,86,86,86,3,11,637.0,0.0225,262.97,204.0,0.0726,0.0597,0.783,0.4634,167.0,3.0,1,merchant_ecosystem_abuse,gift_card_abuse,merchant_gift_card_001,scn_0295da855189,overt_fraud,1,4,4,1,0,2,2,3,3,0
txn_5dbdeb41b4ae,812.39,0.5811,16,0,86,86,86,3,11,637.0,0.0225,262.97,204.0,0.0726,0.0597,0.783,0.4634,167.0,3.0,1,merchant_ecosystem_abuse,gift_card_abuse,merchant_gift_card_001,scn_0295da855189,overt_fraud,1,4,4,1,0,1,1,3,3,0
txn_a86cb3202bd7,753.07,0.606,17,1,86,86,86,3,11,637.0,0.0225,262.97,204.0,0.0726,0.0597,0.783,0.4634,167.0,3.0,1,merchant_ecosystem_abuse,gift_card_abuse,merchant_gift_card_001,scn_0295da855189,overt_fraud,3,4,4,1,0,3,4,3,3,0
txn_ac1295510fed,1601.8,0.56,18,1,86,86,86,3,10,637.0,0.0225,262.97,204.0,0.0726,0.0597,0.783,0.4634,167.0,3.0,1,merchant_ecosystem_abuse,gift_card_abuse,merchant_gift_card_001,scn_0295da855189,overt_fraud,4,4,4,1,0,4,5,3,3,0
txn_4e5aa9cf41fe,801.15,0.4266,19,0,86,86,86,3,10,637.0,0.0225,262.97,204.0,0.0726,0.0597,0.783,0.4634,167.0,3.0,1,merchant_ecosystem_abuse,gift_card_abuse,merchant_gift_card_001,scn_0295da855189,overt_fraud,0,4,4,1,0,5,5,3,3,0
txn_d2c3c007e744,987.7,0.545,20,0,86,86,86,3,10,637.0,0.0225,262.97,204.0,0.0726,0.0597,0.783,0.4634,167.0,3.0,1,merchant_ecosystem_abuse,gift_card_abuse,merchant_gift_card_001,scn_0295da855189,overt_fraud,1,4,4,1,0,3,3,3,3,0
txn_3cfafa74950f,1254.87,0.6,21,0,86,86,86,3,10,637.0,0.0225,262.97,204.0,0.0726,0.0597,0.783,0.4634,167.0,3.0,1,merchant_ecosystem_abuse,gift_card_abuse,merchant_gift_card_001,scn_0295da855189,overt_fraud,0,4,4,1,0,0,0,3,3,0
txn_dc4a26958111,1945.55,0.146,22,0,86,86,86,3,9,637.0,0.0225,262.97,204.0,0.0726,0.0597,0.783,0.4634,167.0,3.0,1,merchant_ecosystem_abuse,gift_card_abuse,merchant_gift_card_001,scn_0295da855189,overt_fraud,0,4,4,1,0,3,3,3,3,0
txn_c13dcf0fa9ac,1523.18,0.5731,23,0,86,86,86,3,9,637.0,0.0225,262.97,204.0,0.0726,0.0597,0.783,0.4634,167.0,3.0,1,merchant_ecosystem_abuse,gift_card_abuse,merchant_gift_card_001,scn_0295da855189,overt_fraud,4,4,4,1,0,2,2,3,3,0
txn_9f5a25fe237d,1845.81,0.5874,0,0,86,86,86,3,8,637.0,0.0225,262.97,204.0,0.0726,0.0597,0.783,0.4634,167.0,3.0,1,merchant_ecosystem_abuse,gift_card_abuse,merchant_gift_card_001,scn_0295da855189,overt_fraud,3,4,4,1,0,3,3,3,3,0
txn_ef41fcd2a3de,945.03,0.7104,2,0,86,86,86,3,8,637.0,0.0225,262.97,204.0,0.0726,0.0597,0.783,0.4634,167.0,3.0,1,merchant_ecosystem_abuse,gift_card_abuse,merchant_gift_card_001,scn_0295da855189,overt_fraud,4,4,4,1,0,1,1,3,3,0
txn_d51932b986c5,484.85,0.4784,3,0,86,86,86,3,8,637.0,0.0225,262.97,204.0,0.0726,0.0597,0.783,0.4634,167.0,3.0,1,merchant_ecosystem_abuse,gift_card_abuse,merchant_gift_card_001,scn_0295da855189,overt_fraud,1,4,4,1,0,5,5,3,3,0
txn_443203b8dc29,1844.69,0.3438,4,0,86,86,86,3,8,637.0,0.0225,262.97,204.0,0.0726,0.0597,0.783,0.4634,167.0,3.0,1,merchant_ecosystem_abuse,gift_card_abuse,merchant_gift_card_001,scn_0295da855189,overt_fraud,4,4,4,1,0,1,1,3,3,0
txn_ed0bfb8242d4,740.73,0.6934,5,0,86,86,86,3,8,637.0,0.0225,262.97,204.0,0.0726,0.0597,0.783,0.4634,167.0,3.0,1,merchant_ecosystem_abuse,gift_card_abuse,merchant_gift_card_001,scn_0295da855189,overt_fraud,1,4,4,1,0,3,3,3,3,0
txn_740b74b3124b,790.86,0.7949,6,0,86,86,86,3,8,637.0,0.0225,262.97,204.0,0.0726,0.0597,0.783,0.4634,167.0,3.0,1,merchant_ecosystem_abuse,gift_card_abuse,merchant_gift_card_001,scn_0295da855189,overt_fraud,2,4,4,1,0,5,5,3,3,0
txn_aebd67309ae3,1803.1,0.5684,7,1,86,86,86,3,8,637.0,0.0225,262.97,204.0,0.0726,0.0597,0.783,0.4634,167.0,3.0,1,merchant_ecosystem_abuse,gift_card_abuse,merchant_gift_card_001,scn_0295da855189,overt_fraud,3,4,4,1,0,4,2,3,3,0
txn_b05a1c98ae08,744.97,0.4221,8,0,86,86,86,3,8,637.0,0.0225,262.97,204.0,0.0726,0.0597,0.783,0.4634,167.0,3.0,1,merchant_ecosystem_abuse,gift_card_abuse,merchant_gift_card_001,scn_0295da855189,overt_fraud,2,4,4,1,0,0,0,3,3,0
txn_fee1d9626fdd,1768.93,0.6196,9,0,86,86,86,3,8,637.0,0.0225,262.97,204.0,0.0726,0.0597,0.783,0.4634,167.0,3.0,1,merchant_ecosystem_abuse,gift_card_abuse,merchant_gift_card_001,scn_0295da855189,overt_fraud,3,4,4,1,0,1,1,3,3,0
txn_0e19c5b45668,362.04,0.3608,11,0,86,86,86,3,7,637.0,0.0225,262.97,204.0,0.0726,0.0597,0.783,0.4634,167.0,3.0,1,merchant_ecosystem_abuse,gift_card_abuse,merchant_gift_card_001,scn_0295da855189,overt_fraud,3,4,4,1,0,5,5,3,3,0
txn_79a7b0a831a3,1668.98,0.3788,12,0,86,86,86,3,6,637.0,0.0225,262.97,204.0,0.0726,0.0597,0.783,0.4634,167.0,3.0,1,merchant_ecosystem_abuse,gift_card_abuse,merchant_gift_card_001,scn_0295da855189,overt_fraud,1,4,4,1,0,2,2,3,3,0
txn_e04ad0a3ef20,383.78,0.7779,13,0,86,86,86,3,6,637.0,0.0225,262.97,204.0,0.0726,0.0597,0.783,0.4634,167.0,3.0,1,merchant_ecosystem_abuse,gift_card_abuse,merchant_gift_card_001,scn_0295da855189,overt_fraud,1,4,4,1,0,2,2,3,3,0
txn_0ef4c0b74934,1797.34,0.5497,14,0,86,86,86,3,6,637.0,0.0225,262.97,204.0,0.0726,0.0597,0.783,0.4634,167.0,3.0,1,merchant_ecosystem_abuse,gift_card_abuse,merchant_gift_card_001,scn_0295da855189,overt_fraud,2,4,4,1,0,3,3,3,3,0
txn_809edc625c0c,1369.98,0.1862,15,0,86,86,86,3,6,637.0,0.0225,262.97,204.0,0.0726,0.0597,0.783,0.4634,167.0,3.0,1,merchant_ecosystem_abuse,gift_card_abuse,merchant_gift_card_001,scn_0295da855189,overt_fraud,0,4,4,1,0,0,0,3,3,0
txn_de3a37c63eeb,1688.0,0.3686,16,0,86,86,86,3,6,637.0,0.0225,262.97,204.0,0.0726,0.0597,0.783,0.4634,167.0,3.0,1,merchant_ecosystem_abuse,gift_card_abuse,merchant_gift_card_001,scn_0295da855189,overt_fraud,4,4,4,1,0,1,1,3,3,0
txn_af209e3a0b85,1673.3,0.7526,17,0,86,86,86,3,6,637.0,0.0225,262.97,204.0,0.0726,0.0597,0.783,0.4634,167.0,3.0,1,merchant_ecosystem_abuse,gift_card_abuse,merchant_gift_card_001,scn_0295da855189,overt_fraud,3,4,4,1,0,3,3,3,3,0
txn_674142b148ae,1246.54,0.7259,18,0,86,86,86,3,6,637.0,0.0225,262.97,204.0,0.0726,0.0597,0.783,0.4634,167.0,3.0,1,merchant_ecosystem_abuse,gift_card_abuse,merchant_gift_card_001,scn_0295da855189,overt_fraud,2,4,4,1,0,4,4,3,3,0
txn_e54e72ce4823,806.23,0.1655,19,1,86,86,86,3,6,637.0,0.0225,262.97,204.0,0.0726,0.0597,0.783,0.4634,167.0,3.0,1,merchant_ecosystem_abuse,gift_card_abuse,merchant_gift_card_001,scn_0295da855189,overt_fraud,2,4,4,1,0,1,0,3,3,0
txn_ab753d784971,778.04,0.3361,21,0,86,86,86,3,6,637.0,0.0225,262.97,204.0,0.0726,0.0597,0.783,0.4634,167.0,3.0,1,merchant_ecosystem_abuse,gift_card_abuse,merchant_gift_card_001,scn_0295da855189,overt_fraud,0,4,4,1,0,3,3,3,3,0
txn_327ed2b296fe,923.08,0.3331,22,0,86,86,86,3,5,637.0,0.0225,262.97,204.0,0.0726,0.0597,0.783,0.4634,167.0,3.0,1,merchant_ecosystem_abuse,gift_card_abuse,merchant_gift_card_001,scn_0295da855189,overt_fraud,1,4,4,1,0,4,4,3,3,0
txn_2159fc558030,1735.37,0.4125,23,0,86,86,86,3,5,637.0,0.0225,262.97,204.0,0.0726,0.0597,0.783,0.4634,167.0,3.0,1,merchant_ecosystem_abuse,gift_card_abuse,merchant_gift_card_001,scn_0295da855189,overt_fraud,3,4,4,1,0,3,3,3,3,0
txn_9ee46e059cd8,595.83,0.75,0,0,86,86,86,3,5,637.0,0.0225,262.97,204.0,0.0726,0.0597,0.783,0.4634,167.0,3.0,1,merchant_ecosystem_abuse,gift_card_abuse,merchant_gift_card_001,scn_0295da855189,overt_fraud,2,4,4,1,0,5,5,3,3,0
txn_7e73ef8eed06,992.12,0.4444,1,0,86,86,86,3,5,637.0,0.0225,262.97,204.0,0.0726,0.0597,0.783,0.4634,167.0,3.0,1,merchant_ecosystem_abuse,gift_card_abuse,merchant_gift_card_001,scn_0295da855189,overt_fraud,0,4,4,1,0,0,0,3,3,0
txn_d0b5e3f5a529,1108.03,0.1614,2,0,86,86,86,3,5,637.0,0.0225,262.97,204.0,0.0726,0.0597,0.783,0.4634,167.0,3.0,1,merchant_ecosystem_abuse,gift_card_abuse,merchant_gift_card_001,scn_0295da855189,overt_fraud,4,4,4,1,0,5,5,3,3,0
txn_92e1eaa4d28b,1808.81,0.5974,3,0,86,86,86,3,5,637.0,0.0225,262.97,204.0,0.0726,0.0597,0.783,0.4634,167.0,3.0,1,merchant_ecosystem_abuse,gift_card_abuse,merchant_gift_card_001,scn_0295da855189,overt_fraud,3,4,4,1,0,0,0,3,3,0
txn_5a601db21c3e,1873.31,0.3905,4,0,86,86,86,3,5,637.0,0.0225,262.97,204.0,0.0726,0.0597,0.783,0.4634,167.0,3.0,1,merchant_ecosystem_abuse,gift_card_abuse,merchant_gift_card_001,scn_0295da855189,overt_fraud,1,4,4,1,0,0,0,3,3,0
txn_4138907e63d8,606.2,0.2177,5,0,86,86,86,3,5,637.0,0.0225,262.97,204.0,0.0726,0.0597,0.783,0.4634,167.0,3.0,1,merchant_ecosystem_abuse,gift_card_abuse,merchant_gift_card_001,scn_0295da855189,overt_fraud,4,4,4,1,0,3,3,3,3,0
txn_7bfcb837f32a,1259.54,0.553,7,0,86,86,86,3,5,637.0,0.0225,262.97,204.0,0.0726,0.0597,0.783,0.4634,167.0,3.0,1,merchant_ecosystem_abuse,gift_card_abuse,merchant_gift_card_001,scn_0295da855189,overt_fraud,3,4,4,1,0,1,1,3,3,0
txn_a8d7edefb7f9,1712.94,0.5559,8,0,86,86,86,3,5,637.0,0.0225,262.97,204.0,0.0726,0.0597,0.783,0.4634,167.0,3.0,1,merchant_ecosystem_abuse,gift_card_abuse,merchant_gift_card_001,scn_0295da855189,overt_fraud,4,4,4,1,0,1,1,3,3,0
txn_ead91cf311be,749.72,0.4906,9,0,86,86,86,3,5,637.0,0.0225,262.97,204.0,0.0726,0.0597,0.783,0.4634,167.0,3.0,1,merchant_ecosystem_abuse,gift_card_abuse,merchant_gift_card_001,scn_0295da855189,overt_fraud,3,4,4,1,0,3,3,3,3,0
txn_57f8e0cd64f6,324.23,0.5972,10,0,86,86,86,3,5,637.0,0.0225,262.97,204.0,0.0726,0.0597,0.783,0.4634,167.0,3.0,1,merchant_ecosystem_abuse,gift_card_abuse,merchant_gift_card_001,scn_0295da855189,overt_fraud,0,4,4,1,0,3,3,3,3,0
txn_34f1265e42f5,1058.92,0.5715,11,0,86,86,86,3,5,637.0,0.0225,262.97,204.0,0.0726,0.0597,0.783,0.4634,167.0,3.0,1,merchant_ecosystem_abuse,gift_card_abuse,merchant_gift_card_001,scn_0295da855189,overt_fraud,1,4,4,1,0,5,5,3,3,0
txn_3a5de7ebd3f5,948.27,0.565,12,0,86,86,86,3,5,637.0,0.0225,262.97,204.0,0.0726,0.0597,0.783,0.4634,167.0,3.0,1,merchant_ecosystem_abuse,gift_card_abuse,merchant_gift_card_001,scn_0295da855189,overt_fraud,1,4,4,1,0,1,1,3,3,0
txn_10c7c3c4b9ad,196.61,0.662,13,0,86,86,86,3,5,637.0,0.0225,262.97,204.0,0.0726,0.0597,0.783,0.4634,167.0,3.0,1,merchant_ecosystem_abuse,gift_card_abuse,merchant_gift_card_001,scn_0295da855189,overt_fraud,4,4,4,1,0,3,3,3,3,0
txn_b808e7a3913b,1581.13,0.4285,14,0,86,86,86,3,5,637.0,0.0225,262.97,204.0,0.0726,0.0597,0.783,0.4634,167.0,3.0,1,merchant_ecosystem_abuse,gift_card_abuse,merchant_gift_card_001,scn_0295da855189,overt_fraud,0,4,4,1,0,2,2,3,3,0
txn_a55e23eaf0e0,1646.72,0.6803,16,1,86,86,86,3,5,637.0,0.0225,262.97,204.0,0.0726,0.0597,0.783,0.4634,167.0,3.0,1,merchant_ecosystem_abuse,gift_card_abuse,merchant_gift_card_001,scn_0295da855189,overt_fraud,0,4,4,1,0,1,0,3,3,0
txn_81b41a3a1542,1711.42,0.3592,17,0,86,86,86,3,5,637.0,0.0225,262.97,204.0,0.0726,0.0597,0.783,0.4634,167.0,3.0,1,merchant_ecosystem_abuse,gift_card_abuse,merchant_gift_card_001,scn_0295da855189,overt_fraud,4,4,4,1,0,2,2,3,3,0
txn_2ce2741cfcfa,1023.43,0.2878,18,1,86,86,86,3,5,637.0,0.0225,262.97,204.0,0.0726,0.0597,0.783,0.4634,167.0,3.0,1,merchant_ecosystem_abuse,gift_card_abuse,merchant_gift_card_001,scn_0295da855189,overt_fraud,1,4,4,1,0,4,2,3,3,0
txn_350142d9310b,1652.65,0.4349,19,0,86,86,86,3,3,637.0,0.0225,262.97,204.0,0.0726,0.0597,0.783,0.4634,167.0,3.0,1,merchant_ecosystem_abuse,gift_card_abuse,merchant_gift_card_001,scn_0295da855189,overt_fraud,1,4,4,1,1,2,2,3,3,1
txn_3978f83ed669,1422.2,0.5213,20,1,86,86,86,3,2,637.0,0.0225,262.97,204.0,0.0726,0.0597,0.783,0.4634,167.0,3.0,1,merchant_ecosystem_abuse,gift_card_abuse,merchant_gift_card_001,scn_0295da855189,overt_fraud,3,4,4,1,0,4,1,3,3,0
txn_4db2f99592b9,1944.83,0.7457,21,0,86,86,86,3,2,637.0,0.0225,262.97,204.0,0.0726,0.0597,0.783,0.4634,167.0,3.0,1,merchant_ecosystem_abuse,gift_card_abuse,merchant_gift_card_001,scn_0295da855189,overt_fraud,3,4,4,1,1,2,2,3,3,1
txn_0e1d0db1fe36,272.98,0.3962,22,0,86,86,86,3,2,637.0,0.0225,262.97,204.0,0.0726,0.0597,0.783,0.4634,167.0,3.0,1,merchant_ecosystem_abuse,gift_card_abuse,merchant_gift_card_001,scn_0295da855189,overt_fraud,2,4,4,1,0,2,2,3,3,0
txn_7cedec0de362,229.21,0.5655,23,0,86,86,86,3,2,637.0,0.0225,262.97,204.0,0.0726,0.0597,0.783,0.4634,167.0,3.0,1,merchant_ecosystem_abuse,gift_card_abuse,merchant_gift_card_001,scn_0295da855189,overt_fraud,2,4,4,1,0,5,5,3,3,0
txn_2f73a28c1a78,1753.94,0.0879,0,0,86,86,86,3,2,637.0,0.0225,262.97,204.0,0.0726,0.0597,0.783,0.4634,167.0,3.0,1,merchant_ecosystem_abuse,gift_card_abuse,merchant_gift_card_001,scn_0295da855189,overt_fraud,2,4,4,1,0,4,4,3,3,0
txn_7ae14631ebc5,1774.73,0.4094,2,0,86,86,86,3,2,637.0,0.0225,262.97,204.0,0.0726,0.0597,0.783,0.4634,167.0,3.0,1,merchant_ecosystem_abuse,gift_card_abuse,merchant_gift_card_001,scn_0295da855189,overt_fraud,2,4,4,1,0,3,3,3,3,0
txn_10b8ce42ddde,1868.89,0.7135,3,0,86,86,86,3,2,637.0,0.0225,262.97,204.0,0.0726,0.0597,0.783,0.4634,167.0,3.0,1,merchant_ecosystem_abuse,gift_card_abuse,merchant_gift_card_001,scn_0295da855189,overt_fraud,4,4,4,1,0,1,1,3,3,0
txn_0b94b1ee896d,1771.11,0.4401,4,1,86,86,86,3,2,637.0,0.0225,262.97,204.0,0.0726,0.0597,0.783,0.4634,167.0,3.0,1,merchant_ecosystem_abuse,gift_card_abuse,merchant_gift_card_001,scn_0295da855189,overt_fraud,0,4,4,1,0,1,5,3,3,0
txn_576aa68fb955,1521.03,0.5755,5,0,86,86,86,3,2,637.0,0.0225,262.97,204.0,0.0726,0.0597,0.783,0.4634,167.0,3.0,1,merchant_ecosystem_abuse,gift_card_abuse,merchant_gift_card_001,scn_0295da855189,overt_fraud,4,4,4,1,0,3,3,3,3,0
txn_ead7619c3d61,163.36,0.1143,6,0,86,86,86,3,2,637.0,0.0225,262.97,204.0,0.0726,0.0597,0.783,0.4634,167.0,3.0,1,merchant_ecosystem_abuse,gift_card_abuse,merchant_gift_card_001,scn_0295da855189,overt_fraud,3,4,4,1,0,0,0,3,3,0
txn_0aeb4fff8591,1471.43,0.6936,7,0,86,86,86,2,2,637.0,0.0225,262.97,204.0,0.0726,0.0597,0.783,0.4634,167.0,3.0,1,merchant_ecosystem_abuse,gift_card_abuse,merchant_gift_card_001,scn_0295da855189,overt_fraud,3,4,4,1,0,0,0,3,3,0
txn_014f0d83ae36,1085.94,0.7087,8,0,86,86,86,2,2,637.0,0.0225,262.97,204.0,0.0726,0.0597,0.783,0.4634,167.0,3.0,1,merchant_ecosystem_abuse,gift_card_abuse,merchant_gift_card_001,scn_0295da855189,overt_fraud,0,4,4,1,0,3,3,3,3,0
txn_98587f09c06a,1027.63,0.539,9,0,72,72,72,3,13,2337.0,0.0585,80.85,1830.0,0.0792,0.0082,0.1943,0.0242,1352.0,1.0,1,merchant_ecosystem_abuse,mule_laundering,merchant_mule_laundering_001,scn_1d54fa06dff5,stealth_fraud,0,1,3,3,0,4,4,1,0,0
txn_f560248358e8,285.33,0.2815,11,0,72,72,72,3,14,2337.0,0.0585,80.85,1830.0,0.0792,0.0082,0.1943,0.0242,1352.0,1.0,1,merchant_ecosystem_abuse,mule_laundering,merchant_mule_laundering_001,scn_1d54fa06dff5,stealth_fraud,2,1,3,3,0,3,3,4,0,0
txn_dc678296434b,340.84,0.2883,12,0,72,72,72,3,15,2337.0,0.0585,80.85,1830.0,0.0792,0.0082,0.1943,0.0242,1352.0,1.0,1,merchant_ecosystem_abuse,mule_laundering,merchant_mule_laundering_001,scn_1d54fa06dff5,stealth_fraud,1,1,3,3,0,1,1,4,0,0
txn_238c644d5b44,564.78,0.4964,13,0,72,72,72,3,16,2337.0,0.0585,80.85,1830.0,0.0792,0.0082,0.1943,0.0242,1352.0,1.0,1,merchant_ecosystem_abuse,mule_laundering,merchant_mule_laundering_001,scn_1d54fa06dff5,stealth_fraud,1,1,3,3,0,1,1,1,0,0
txn_61a25a3f68e0,854.72,0.2391,15,0,72,72,72,3,17,2337.0,0.0585,80.85,1830.0,0.0792,0.0082,0.1943,0.0242,1352.0,1.0,1,merchant_ecosystem_abuse,mule_laundering,merchant_mule_laundering_001,scn_1d54fa06dff5,stealth_fraud,1,1,3,3,0,4,4,1,0,0
txn_0774f1ad6c3d,792.22,0.4247,16,0,72,72,72,3,18,2337.0,0.0585,80.85,1830.0,0.0792,0.0082,0.1943,0.0242,1352.0,1.0,1,merchant_ecosystem_abuse,mule_laundering,merchant_mule_laundering_001,scn_1d54fa06dff5,stealth_fraud,2,1,3,3,0,2,2,0,0,0
txn_ac173500c8e3,1165.18,0.1406,17,0,72,72,72,3,19,2337.0,0.0585,80.85,1830.0,0.0792,0.0082,0.1943,0.0242,1352.0,1.0,1,merchant_ecosystem_abuse,mule_laundering,merchant_mule_laundering_001,scn_1d54fa06dff5,stealth_fraud,3,1,3,3,0,4,4,1,0,0
txn_de694dda4f32,625.48,0.279,19,0,72,72,72,3,18,2337.0,0.0585,80.85,1830.0,0.0792,0.0082,0.1943,0.0242,1352.0,1.0,1,merchant_ecosystem_abuse,mule_laundering,merchant_mule_laundering_001,scn_1d54fa06dff5,stealth_fraud,1,1,3,3,0,5,5,1,0,0
txn_f524b222777f,696.98,0.4103,20,0,72,72,72,3,19,2337.0,0.0585,80.85,1830.0,0.0792,0.0082,0.1943,0.0242,1352.0,1.0,1,merchant_ecosystem_abuse,mule_laundering,merchant_mule_laundering_001,scn_1d54fa06dff5,stealth_fraud,3,1,3,3,0,3,3,4,0,0
txn_f5bc64c00f23,915.21,0.439,21,0,72,72,72,3,19,2337.0,0.0585,80.85,1830.0,0.0792,0.0082,0.1943,0.0242,1352.0,1.0,1,merchant_ecosystem_abuse,mule_laundering,merchant_mule_laundering_001,scn_1d54fa06dff5,stealth_fraud,2,1,3,3,0,4,4,1,0,0
txn_f6aded86a5a0,1159.13,0.5484,23,0,72,72,72,3,20,2337.0,0.0585,80.85,1830.0,0.0792,0.0082,0.1943,0.0242,1352.0,1.0,1,merchant_ecosystem_abuse,mule_laundering,merchant_mule_laundering_001,scn_1d54fa06dff5,stealth_fraud,3,1,3,3,0,2,2,0,0,0
txn_ee99cd5dcc63,1183.57,0.1548,0,0,72,72,72,3,20,2337.0,0.0585,80.85,1830.0,0.0792,0.0082,0.1943,0.0242,1352.0,1.0,1,merchant_ecosystem_abuse,mule_laundering,merchant_mule_laundering_001,scn_1d54fa06dff5,stealth_fraud,2,1,3,3,0,1,1,0,0,0
txn_81c0c5e33f33,434.8,0.3635,1,0,72,72,72,3,20,2337.0,0.0585,80.85,1830.0,0.0792,0.0082,0.1943,0.0242,1352.0,1.0,1,merchant_ecosystem_abuse,mule_laundering,merchant_mule_laundering_001,scn_1d54fa06dff5,stealth_fraud,0,1,3,3,0,5,5,4,0,0
txn_a6e5e5494528,1201.81,0.4906,3,0,72,72,72,3,20,2337.0,0.0585,80.85,1830.0,0.0792,0.0082,0.1943,0.0242,1352.0,1.0,1,merchant_ecosystem_abuse,mule_laundering,merchant_mule_laundering_001,scn_1d54fa06dff5,stealth_fraud,0,1,3,3,0,2,2,0,0,0
txn_e77c263501b1,150.0,0.3166,4,0,72,72,72,3,18,2337.0,0.0585,80.85,1830.0,0.0792,0.0082,0.1943,0.0242,1352.0,1.0,1,merchant_ecosystem_abuse,mule_laundering,merchant_mule_laundering_001,scn_1d54fa06dff5,stealth_fraud,4,1,3,3,0,5,5,0,0,0
txn_09d34b6bfc91,559.06,0.1505,5,0,72,72,72,3,17,2337.0,0.0585,80.85,1830.0,0.0792,0.0082,0.1943,0.0242,1352.0,1.0,1,merchant_ecosystem_abuse,mule_laundering,merchant_mule_laundering_001,scn_1d54fa06dff5,stealth_fraud,4,1,3,3,0,4,4,4,0,0
txn_e451d4fefbdb,1310.35,0.08,7,0,72,72,72,3,17,2337.0,0.0585,80.85,1830.0,0.0792,0.0082,0.1943,0.0242,1352.0,1.0,1,merchant_ecosystem_abuse,mule_laundering,merchant_mule_laundering_001,scn_1d54fa06dff5,stealth_fraud,2,1,3,3,0,5,5,4,0,0
txn_4890e047b3bd,509.69,0.4269,8,1,72,72,72,3,16,2337.0,0.0585,80.85,1830.0,0.0792,0.0082,0.1943,0.0242,1352.0,1.0,1,merchant_ecosystem_abuse,mule_laundering,merchant_mule_laundering_001,scn_1d54fa06dff5,stealth_fraud,0,1,3,3,0,0,1,4,0,0
txn_badf9489c840,656.45,0.08,9,0,72,72,72,3,15,2337.0,0.0585,80.85,1830.0,0.0792,0.0082,0.1943,0.0242,1352.0,1.0,1,merchant_ecosystem_abuse,mule_laundering,merchant_mule_laundering_001,scn_1d54fa06dff5,stealth_fraud,1,1,3,3,0,0,0,0,0,0
txn_8f3f124d0c2e,631.19,0.4248,11,0,72,72,72,3,13,2337.0,0.0585,80.85,1830.0,0.0792,0.0082,0.1943,0.0242,1352.0,1.0,1,merchant_ecosystem_abuse,mule_laundering,merchant_mule_laundering_001,scn_1d54fa06dff5,stealth_fraud,4,1,3,3,0,3,3,4,0,0
txn_6700f14bdd3c,972.86,0.3929,12,0,72,72,72,3,12,2337.0,0.0585,80.85,1830.0,0.0792,0.0082,0.1943,0.0242,1352.0,1.0,1,merchant_ecosystem_abuse,mule_laundering,merchant_mule_laundering_001,scn_1d54fa06dff5,stealth_fraud,0,1,3,3,0,3,3,0,0,0
txn_e50f0b40717f,383.96,0.3073,13,0,72,72,72,3,11,2337.0,0.0585,80.85,1830.0,0.0792,0.0082,0.1943,0.0242,1352.0,1.0,1,merchant_ecosystem_abuse,mule_laundering,merchant_mule_laundering_001,scn_1d54fa06dff5,stealth_fraud,4,1,3,3,0,5,5,0,0,0
txn_870aa9e7d188,972.88,0.1866,15,0,72,72,72,3,11,2337.0,0.0585,80.85,1830.0,0.0792,0.0082,0.1943,0.0242,1352.0,1.0,1,merchant_ecosystem_abuse,mule_laundering,merchant_mule_laundering_001,scn_1d54fa06dff5,stealth_fraud,1,1,3,3,0,2,2,0,0,0
txn_0484c5c4144f,1251.27,0.2445,16,0,72,72,72,3,11,2337.0,0.0585,80.85,1830.0,0.0792,0.0082,0.1943,0.0242,1352.0,1.0,1,merchant_ecosystem_abuse,mule_laundering,merchant_mule_laundering_001,scn_1d54fa06dff5,stealth_fraud,3,1,3,3,0,2,2,0,0,0
txn_1acda7d27eef,902.28,0.46,17,0,72,72,72,3,11,2337.0,0.0585,80.85,1830.0,0.0792,0.0082,0.1943,0.0242,1352.0,1.0,1,merchant_ecosystem_abuse,mule_laundering,merchant_mule_laundering_001,scn_1d54fa06dff5,stealth_fraud,4,1,3,3,0,0,0,1,0,0
txn_223755053ac4,355.57,0.3184,19,0,72,72,72,3,11,2337.0,0.0585,80.85,1830.0,0.0792,0.0082,0.1943,0.0242,1352.0,1.0,1,merchant_ecosystem_abuse,mule_laundering,merchant_mule_laundering_001,scn_1d54fa06dff5,stealth_fraud,3,1,3,3,0,2,2,1,0,0
txn_90208d374e41,246.36,0.2638,20,0,72,72,72,3,11,2337.0,0.0585,80.85,1830.0,0.0792,0.0082,0.1943,0.0242,1352.0,1.0,1,merchant_ecosystem_abuse,mule_laundering,merchant_mule_laundering_001,scn_1d54fa06dff5,stealth_fraud,0,1,3,3,0,5,5,0,0,0
txn_450dd28751c4,451.59,0.4318,21,0,72,72,72,3,11,2337.0,0.0585,80.85,1830.0,0.0792,0.0082,0.1943,0.0242,1352.0,1.0,1,merchant_ecosystem_abuse,mule_laundering,merchant_mule_laundering_001,scn_1d54fa06dff5,stealth_fraud,0,1,3,3,0,2,2,0,0,0
txn_36a072ff1747,876.6,0.1709,23,0,72,72,72,3,10,2337.0,0.0585,80.85,1830.0,0.0792,0.0082,0.1943,0.0242,1352.0,1.0,1,merchant_ecosystem_abuse,mule_laundering,merchant_mule_laundering_001,scn_1d54fa06dff5,stealth_fraud,2,1,3,3,0,3,3,4,0,0
txn_67579a6b81dd,1025.0,0.3585,0,0,72,72,72,3,10,2337.0,0.0585,80.85,1830.0,0.0792,0.0082,0.1943,0.0242,1352.0,1.0,1,merchant_ecosystem_abuse,mule_laundering,merchant_mule_laundering_001,scn_1d54fa06dff5,stealth_fraud,3,1,3,3,0,0,0,0,0,0
txn_fd765ce2aaf8,949.77,0.534,1,0,72,72,72,3,10,2337.0,0.0585,80.85,1830.0,0.0792,0.0082,0.1943,0.0242,1352.0,1.0,1,merchant_ecosystem_abuse,mule_laundering,merchant_mule_laundering_001,scn_1d54fa06dff5,stealth_fraud,3,1,3,3,1,3,3,4,0,1
txn_c3ce79254224,864.26,0.2079,3,0,72,72,72,3,10,2337.0,0.0585,80.85,1830.0,0.0792,0.0082,0.1943,0.0242,1352.0,1.0,1,merchant_ecosystem_abuse,mule_laundering,merchant_mule_laundering_001,scn_1d54fa06dff5,stealth_fraud,4,1,3,3,0,0,0,1,0,0
txn_648ec716467b,517.15,0.4197,4,0,72,72,72,3,9,2337.0,0.0585,80.85,1830.0,0.0792,0.0082,0.1943,0.0242,1352.0,1.0,1,merchant_ecosystem_abuse,mule_laundering,merchant_mule_laundering_001,scn_1d54fa06dff5,stealth_fraud,1,1,3,3,0,0,0,4,0,0
txn_2baf7998cdb0,975.28,0.08,5,1,72,72,72,3,9,2337.0,0.0585,80.85,1830.0,0.0792,0.0082,0.1943,0.0242,1352.0,1.0,1,merchant_ecosystem_abuse,mule_laundering,merchant_mule_laundering_001,scn_1d54fa06dff5,stealth_fraud,1,1,3,3,0,1,3,1,0,0
txn_1fceb39c0023,886.28,0.331,7,0,72,72,72,3,8,2337.0,0.0585,80.85,1830.0,0.0792,0.0082,0.1943,0.0242,1352.0,1.0,1,merchant_ecosystem_abuse,mule_laundering,merchant_mule_laundering_001,scn_1d54fa06dff5,stealth_fraud,0,1,3,3,0,1,1,4,0,0
txn_c2a1cca3f689,1222.28,0.5358,8,0,72,72,72,3,8,2337.0,0.0585,80.85,1830.0,0.0792,0.0082,0.1943,0.0242,1352.0,1.0,1,merchant_ecosystem_abuse,mule_laundering,merchant_mule_laundering_001,scn_1d54fa06dff5,stealth_fraud,0,1,3,3,0,3,3,0,0,0
txn_ab4866108f47,1435.21,0.3881,9,0,72,72,72,3,8,2337.0,0.0585,80.85,1830.0,0.0792,0.0082,0.1943,0.0242,1352.0,1.0,1,merchant_ecosystem_abuse,mule_laundering,merchant_mule_laundering_001,scn_1d54fa06dff5,stealth_fraud,3,1,3,3,0,1,1,1,0,0
txn_ed2f3c2a0e7e,572.11,0.348,11,0,72,72,72,3,8,2337.0,0.0585,80.85,1830.0,0.0792,0.0082,0.1943,0.0242,1352.0,1.0,1,merchant_ecosystem_abuse,mule_laundering,merchant_mule_laundering_001,scn_1d54fa06dff5,stealth_fraud,2,1,3,3,0,4,4,4,0,0
txn_9fcb4c8a2427,679.5,0.3891,12,0,72,72,72,3,8,2337.0,0.0585,80.85,1830.0,0.0792,0.0082,0.1943,0.0242,1352.0,1.0,1,merchant_ecosystem_abuse,mule_laundering,merchant_mule_laundering_001,scn_1d54fa06dff5,stealth_fraud,3,1,3,3,0,3,3,1,0,0
txn_f5404754926f,264.69,0.1083,13,0,72,72,72,3,8,2337.0,0.0585,80.85,1830.0,0.0792,0.0082,0.1943,0.0242,1352.0,1.0,1,merchant_ecosystem_abuse,mule_laundering,merchant_mule_laundering_001,scn_1d54fa06dff5,stealth_fraud,4,1,3,3,0,3,3,4,0,0
txn_9fab1d261468,933.51,0.2838,15,0,72,72,72,3,8,2337.0,0.0585,80.85,1830.0,0.0792,0.0082,0.1943,0.0242,1352.0,1.0,1,merchant_ecosystem_abuse,mule_laundering,merchant_mule_laundering_001,scn_1d54fa06dff5,stealth_fraud,0,1,3,3,0,0,0,1,0,0
txn_4545ecdd2746,1403.68,0.1514,16,0,72,72,72,3,8,2337.0,0.0585,80.85,1830.0,0.0792,0.0082,0.1943,0.0242,1352.0,1.0,1,merchant_ecosystem_abuse,mule_laundering,merchant_mule_laundering_001,scn_1d54fa06dff5,stealth_fraud,1,1,3,3,0,1,1,4,0,0
txn_1a9c64a243d4,156.01,0.08,17,0,72,72,72,3,8,2337.0,0.0585,80.85,1830.0,0.0792,0.0082,0.1943,0.0242,1352.0,1.0,1,merchant_ecosystem_abuse,mule_laundering,merchant_mule_laundering_001,scn_1d54fa06dff5,stealth_fraud,4,1,3,3,0,1,1,4,0,0
txn_3ca5706cc7af,946.17,0.1419,19,0,72,72,72,3,7,2337.0,0.0585,80.85,1830.0,0.0792,0.0082,0.1943,0.0242,1352.0,1.0,1,merchant_ecosystem_abuse,mule_laundering,merchant_mule_laundering_001,scn_1d54fa06dff5,stealth_fraud,1,1,3,3,0,4,4,1,0,0
txn_e5f01a2348e5,1027.25,0.5051,20,1,72,72,72,3,6,2337.0,0.0585,80.85,1830.0,0.0792,0.0082,0.1943,0.0242,1352.0,1.0,1,merchant_ecosystem_abuse,mule_laundering,merchant_mule_laundering_001,scn_1d54fa06dff5,stealth_fraud,4,1,3,3,0,5,3,1,0,0
txn_cb9d87bab2ae,132.28,0.2487,21,0,72,72,72,3,6,2337.0,0.0585,80.85,1830.0,0.0792,0.0082,0.1943,0.0242,1352.0,1.0,1,merchant_ecosystem_abuse,mule_laundering,merchant_mule_laundering_001,scn_1d54fa06dff5,stealth_fraud,0,1,3,3,0,5,5,0,0,0
txn_05e6f5ac4b0f,1247.09,0.3772,23,0,72,72,72,3,6,2337.0,0.0585,80.85,1830.0,0.0792,0.0082,0.1943,0.0242,1352.0,1.0,1,merchant_ecosystem_abuse,mule_laundering,merchant_mule_laundering_001,scn_1d54fa06dff5,stealth_fraud,0,1,3,3,0,3,3,1,0,0
txn_50e253a1daf3,939.97,0.1112,0,0,72,72,72,3,6,2337.0,0.0585,80.85,1830.0,0.0792,0.0082,0.1943,0.0242,1352.0,1.0,1,merchant_ecosystem_abuse,mule_laundering,merchant_mule_laundering_001,scn_1d54fa06dff5,stealth_fraud,2,1,3,3,0,0,0,0,0,0
txn_6b050a866116,875.72,0.3952,1,0,72,72,72,3,6,2337.0,0.0585,80.85,1830.0,0.0792,0.0082,0.1943,0.0242,1352.0,1.0,1,merchant_ecosystem_abuse,mule_laundering,merchant_mule_laundering_001,scn_1d54fa06dff5,stealth_fraud,2,1,3,3,0,0,0,1,0,0
txn_0667ef42b3ef,701.1,0.3146,3,0,72,72,72,3,6,2337.0,0.0585,80.85,1830.0,0.0792,0.0082,0.1943,0.0242,1352.0,1.0,1,merchant_ecosystem_abuse,mule_laundering,merchant_mule_laundering_001,scn_1d54fa06dff5,stealth_fraud,0,1,3,3,0,1,1,0,0,0
txn_665319c9a4ec,724.67,0.4719,4,0,72,72,72,3,6,2337.0,0.0585,80.85,1830.0,0.0792,0.0082,0.1943,0.0242,1352.0,1.0,1,merchant_ecosystem_abuse,mule_laundering,merchant_mule_laundering_001,scn_1d54fa06dff5,stealth_fraud,1,1,3,3,0,2,2,0,0,0
txn_62d215e05c0e,228.28,0.5396,5,0,72,72,72,3,6,2337.0,0.0585,80.85,1830.0,0.0792,0.0082,0.1943,0.0242,1352.0,1.0,1,merchant_ecosystem_abuse,mule_laundering,merchant_mule_laundering_001,scn_1d54fa06dff5,stealth_fraud,4,1,3,3,0,2,2,0,0,0
txn_df8185c528ee,611.45,0.4852,7,0,72,72,72,3,6,2337.0,0.0585,80.85,1830.0,0.0792,0.0082,0.1943,0.0242,1352.0,1.0,1,merchant_ecosystem_abuse,mule_laundering,merchant_mule_laundering_001,scn_1d54fa06dff5,stealth_fraud,1,1,3,3,0,1,1,0,0,0
txn_939cd38e68e9,840.79,0.08,8,0,72,72,72,3,5,2337.0,0.0585,80.85,1830.0,0.0792,0.0082,0.1943,0.0242,1352.0,1.0,1,merchant_ecosystem_abuse,mule_laundering,merchant_mule_laundering_001,scn_1d54fa06dff5,stealth_fraud,4,1,3,3,0,0,0,1,0,0
txn_9921e2a48d75,234.54,0.08,9,0,72,72,72,3,5,2337.0,0.0585,80.85,1830.0,0.0792,0.0082,0.1943,0.0242,1352.0,1.0,1,merchant_ecosystem_abuse,mule_laundering,merchant_mule_laundering_001,scn_1d54fa06dff5,stealth_fraud,0,1,3,3,0,4,4,0,0,0
txn_8fd41afe41a2,643.03,0.1306,11,0,72,72,72,3,5,2337.0,0.0585,80.85,1830.0,0.0792,0.0082,0.1943,0.0242,1352.0,1.0,1,merchant_ecosystem_abuse,mule_laundering,merchant_mule_laundering_001,scn_1d54fa06dff5,stealth_fraud,4,1,3,3,0,2,2,0,0,0
txn_7b6f413988d2,1377.24,0.391,12,0,72,72,72,3,5,2337.0,0.0585,80.85,1830.0,0.0792,0.0082,0.1943,0.0242,1352.0,1.0,1,merchant_ecosystem_abuse,mule_laundering,merchant_mule_laundering_001,scn_1d54fa06dff5,stealth_fraud,0,1,3,3,0,5,5,4,0,0
txn_793247ede0a0,362.82,0.3556,13,0,72,72,72,3,5,2337.0,0.0585,80.85,1830.0,0.0792,0.0082,0.1943,0.0242,1352.0,1.0,1,merchant_ecosystem_abuse,mule_laundering,merchant_mule_laundering_001,scn_1d54fa06dff5,stealth_fraud,0,1,3,3,0,5,5,0,0,0
txn_6c87db048145,281.02,0.3838,15,0,72,72,72,3,5,2337.0,0.0585,80.85,1830.0,0.0792,0.0082,0.1943,0.0242,1352.0,1.0,1,merchant_ecosystem_abuse,mule_laundering,merchant_mule_laundering_001,scn_1d54fa06dff5,stealth_fraud,3,1,3,3,0,0,0,0,0,0
txn_5f331e6f4e3e,1437.5,0.4801,16,0,72,72,72,3,5,2337.0,0.0585,80.85,1830.0,0.0792,0.0082,0.1943,0.0242,1352.0,1.0,1,merchant_ecosystem_abuse,mule_laundering,merchant_mule_laundering_001,scn_1d54fa06dff5,stealth_fraud,3,1,3,3,0,3,3,1,0,0
txn_bd73173c25b9,1062.94,0.2199,17,0,72,72,72,3,5,2337.0,0.0585,80.85,1830.0,0.0792,0.0082,0.1943,0.0242,1352.0,1.0,1,merchant_ecosystem_abuse,mule_laundering,merchant_mule_laundering_001,scn_1d54fa06dff5,stealth_fraud,0,1,3,3,0,0,0,1,0,0
txn_4ccd55f1ef7e,557.61,0.08,19,0,72,72,72,3,5,2337.0,0.0585,80.85,1830.0,0.0792,0.0082,0.1943,0.0242,1352.0,1.0,1,merchant_ecosystem_abuse,mule_laundering,merchant_mule_laundering_001,scn_1d54fa06dff5,stealth_fraud,1,1,3,3,0,0,0,0,0,0
txn_37d971cc1833,764.47,0.4718,20,0,72,72,72,3,5,2337.0,0.0585,80.85,1830.0,0.0792,0.0082,0.1943,0.0242,1352.0,1.0,1,merchant_ecosystem_abuse,mule_laundering,merchant_mule_laundering_001,scn_1d54fa06dff5,stealth_fraud,4,1,3,3,0,2,2,4,0,0
txn_8bc59c932c9e,1294.65,0.3734,21,0,72,72,72,3,5,2337.0,0.0585,80.85,1830.0,0.0792,0.0082,0.1943,0.0242,1352.0,1.0,1,merchant_ecosystem_abuse,mule_laundering,merchant_mule_laundering_001,scn_1d54fa06dff5,stealth_fraud,0,1,3,3,0,0,0,0,0,0
txn_e67886382a6a,1331.43,0.1423,23,0,72,72,72,3,5,2337.0,0.0585,80.85,1830.0,0.0792,0.0082,0.1943,0.0242,1352.0,1.0,1,merchant_ecosystem_abuse,mule_laundering,merchant_mule_laundering_001,scn_1d54fa06dff5,stealth_fraud,2,1,3,3,0,2,2,1,0,0
txn_90224aecda88,659.89,0.3083,0,0,72,72,72,3,5,2337.0,0.0585,80.85,1830.0,0.0792,0.0082,0.1943,0.0242,1352.0,1.0,1,merchant_ecosystem_abuse,mule_laundering,merchant_mule_laundering_001,scn_1d54fa06dff5,stealth_fraud,1,1,3,3,0,4,4,4,0,0
txn_60190d5ccadc,476.69,0.2681,1,0,72,72,72,3,5,2337.0,0.0585,80.85,1830.0,0.0792,0.0082,0.1943,0.0242,1352.0,1.0,1,merchant_ecosystem_abuse,mule_laundering,merchant_mule_laundering_001,scn_1d54fa06dff5,stealth_fraud,1,1,3,3,0,5,5,1,0,0
txn_36669615f15d,893.26,0.3679,3,0,72,72,72,3,5,2337.0,0.0585,80.85,1830.0,0.0792,0.0082,0.1943,0.0242,1352.0,1.0,1,merchant_ecosystem_abuse,mule_laundering,merchant_mule_laundering_001,scn_1d54fa06dff5,stealth_fraud,4,1,3,3,0,2,2,0,0,0
txn_4149d890bc26,832.16,0.1706,4,0,72,72,72,3,5,2337.0,0.0585,80.85,1830.0,0.0792,0.0082,0.1943,0.0242,1352.0,1.0,1,merchant_ecosystem_abuse,mule_laundering,merchant_mule_laundering_001,scn_1d54fa06dff5,stealth_fraud,1,1,3,3,0,2,2,0,0,0
txn_1d389a586955,1286.58,0.2097,5,0,72,72,72,3,5,2337.0,0.0585,80.85,1830.0,0.0792,0.0082,0.1943,0.0242,1352.0,1.0,1,merchant_ecosystem_abuse,mule_laundering,merchant_mule_laundering_001,scn_1d54fa06dff5,stealth_fraud,3,1,3,3,0,0,0,1,0,0
txn_f3a36f882fbb,107.2,0.4266,7,0,72,72,72,3,5,2337.0,0.0585,80.85,1830.0,0.0792,0.0082,0.1943,0.0242,1352.0,1.0,1,merchant_ecosystem_abuse,mule_laundering,merchant_mule_laundering_001,scn_1d54fa06dff5,stealth_fraud,4,1,3,3,0,2,2,1,0,0
txn_080fd039b316,741.71,0.4831,8,0,72,72,72,3,5,2337.0,0.0585,80.85,1830.0,0.0792,0.0082,0.1943,0.0242,1352.0,1.0,1,merchant_ecosystem_abuse,mule_laundering,merchant_mule_laundering_001,scn_1d54fa06dff5,stealth_fraud,4,1,3,3,0,2,2,0,0,0
txn_9722f441e279,1533.34,0.4209,9,0,71,71,71,3,14,142.0,0.3214,88.81,889.0,0.1031,0.0331,0.9608,0.5847,3.0,2.0,1,merchant_ecosystem_abuse,marketplace_seller_fraud,merchant_seller_fraud_001,scn_f2b3c83737c3,overt_fraud,2,6,1,1,0,4,4,4,2,0
txn_bde87bbd8282,812.59,0.6094,10,1,71,71,71,3,15,142.0,0.3214,88.81,889.0,0.1031,0.0331,0.9608,0.5847,3.0,2.0,1,merchant_ecosystem_abuse,marketplace_seller_fraud,merchant_seller_fraud_001,scn_f2b3c83737c3,overt_fraud,2,6,1,1,0,5,0,4,1,0
txn_aa05bbcde788,1171.81,0.34,11,0,71,71,71,3,16,142.0,0.3214,88.81,889.0,0.1031,0.0331,0.9608,0.5847,3.0,2.0,1,merchant_ecosystem_abuse,marketplace_seller_fraud,merchant_seller_fraud_001,scn_f2b3c83737c3,overt_fraud,1,6,1,1,0,3,3,4,1,0
txn_cfde536efcc0,1262.96,0.3099,12,0,71,71,71,3,17,142.0,0.3214,88.81,889.0,0.1031,0.0331,0.9608,0.5847,3.0,2.0,1,merchant_ecosystem_abuse,marketplace_seller_fraud,merchant_seller_fraud_001,scn_f2b3c83737c3,overt_fraud,4,6,1,1,0,1,1,1,2,0
txn_2c3028f9fe8b,639.39,0.5835,13,1,71,71,71,3,18,142.0,0.3214,88.81,889.0,0.1031,0.0331,0.9608,0.5847,3.0,2.0,1,merchant_ecosystem_abuse,marketplace_seller_fraud,merchant_seller_fraud_001,scn_f2b3c83737c3,overt_fraud,4,6,1,1,0,2,4,0,1,0
txn_653a1a00f4c6,367.63,0.3549,14,0,71,71,71,3,19,142.0,0.3214,88.81,889.0,0.1031,0.0331,0.9608,0.5847,3.0,2.0,1,merchant_ecosystem_abuse,marketplace_seller_fraud,merchant_seller_fraud_001,scn_f2b3c83737c3,overt_fraud,2,6,1,1,0,5,5,1,1,0
txn_bce84c95e279,240.84,0.6071,16,0,71,71,71,3,18,142.0,0.3214,88.81,889.0,0.1031,0.0331,0.9608,0.5847,3.0,2.0,1,merchant_ecosystem_abuse,marketplace_seller_fraud,merchant_seller_fraud_001,scn_f2b3c83737c3,overt_fraud,2,6,1,1,0,4,4,0,1,0
txn_7b6ab1081a37,200.43,0.4141,17,0,71,71,71,3,19,142.0,0.3214,88.81,889.0,0.1031,0.0331,0.9608,0.5847,3.0,2.0,1,merchant_ecosystem_abuse,marketplace_seller_fraud,merchant_seller_fraud_001,scn_f2b3c83737c3,overt_fraud,2,6,1,1,0,2,2,1,1,0
txn_af127d1fd851,893.68,0.5806,18,0,71,71,71,3,19,142.0,0.3214,88.81,889.0,0.1031,0.0331,0.9608,0.5847,3.0,2.0,1,merchant_ecosystem_abuse,marketplace_seller_fraud,merchant_seller_fraud_001,scn_f2b3c83737c3,overt_fraud,1,6,1,1,0,4,4,4,2,0
txn_32703e36a8f4,1049.38,0.6366,19,0,71,71,71,3,20,142.0,0.3214,88.81,889.0,0.1031,0.0331,0.9608,0.5847,3.0,2.0,1,merchant_ecosystem_abuse,marketplace_seller_fraud,merchant_seller_fraud_001,scn_f2b3c83737c3,overt_fraud,4,6,1,1,0,1,1,0,2,0
txn_2204c25e906d,529.62,0.644,20,0,71,71,71,3,20,142.0,0.3214,88.81,889.0,0.1031,0.0331,0.9608,0.5847,3.0,2.0,1,merchant_ecosystem_abuse,marketplace_seller_fraud,merchant_seller_fraud_001,scn_f2b3c83737c3,overt_fraud,1,6,1,1,0,0,0,4,1,0
txn_2a3e679e7042,1305.24,0.8437,21,0,71,71,71,3,20,142.0,0.3214,88.81,889.0,0.1031,0.0331,0.9608,0.5847,3.0,2.0,1,merchant_ecosystem_abuse,marketplace_seller_fraud,merchant_seller_fraud_001,scn_f2b3c83737c3,overt_fraud,1,6,1,1,1,3,3,0,1,1
txn_2f6b24677463,930.72,0.6612,22,0,71,71,71,3,20,142.0,0.3214,88.81,889.0,0.1031,0.0331,0.9608,0.5847,3.0,2.0,1,merchant_ecosystem_abuse,marketplace_seller_fraud,merchant_seller_fraud_001,scn_f2b3c83737c3,overt_fraud,0,6,1,1,0,0,0,1,1,0
txn_9002bf550b90,743.44,0.6193,23,0,71,71,71,3,18,142.0,0.3214,88.81,889.0,0.1031,0.0331,0.9608,0.5847,3.0,2.0,1,merchant_ecosystem_abuse,marketplace_seller_fraud,merchant_seller_fraud_001,scn_f2b3c83737c3,overt_fraud,4,6,1,1,0,0,0,4,1,0
txn_b76fe517b973,1360.92,0.7561,0,1,71,71,71,3,17,142.0,0.3214,88.81,889.0,0.1031,0.0331,0.9608,0.5847,3.0,2.0,1,merchant_ecosystem_abuse,marketplace_seller_fraud,merchant_seller_fraud_001,scn_f2b3c83737c3,overt_fraud,0,6,1,1,0,3,1,0,1,0
txn_1b0c1dc1502b,1510.65,0.606,1,0,71,71,71,3,17,142.0,0.3214,88.81,889.0,0.1031,0.0331,0.9608,0.5847,3.0,2.0,1,merchant_ecosystem_abuse,marketplace_seller_fraud,merchant_seller_fraud_001,scn_f2b3c83737c3,overt_fraud,4,6,1,1,0,1,1,0,1,0
txn_a1d2ddc52c55,159.89,0.5308,2,1,71,71,71,3,16,142.0,0.3214,88.81,889.0,0.1031,0.0331,0.9608,0.5847,3.0,2.0,1,merchant_ecosystem_abuse,marketplace_seller_fraud,merchant_seller_fraud_001,scn_f2b3c83737c3,overt_fraud,1,6,1,1,0,5,0,0,2,0
txn_7355b543574a,1144.33,0.6227,3,0,71,71,71,3,15,142.0,0.3214,88.81,889.0,0.1031,0.0331,0.9608,0.5847,3.0,2.0,1,merchant_ecosystem_abuse,marketplace_seller_fraud,merchant_seller_fraud_001,scn_f2b3c83737c3,overt_fraud,3,6,1,1,0,0,0,0,1,0
txn_5b5297fa82b5,1166.34,0.5171,4,0,71,71,71,3,13,142.0,0.3214,88.81,889.0,0.1031,0.0331,0.9608,0.5847,3.0,2.0,1,merchant_ecosystem_abuse,marketplace_seller_fraud,merchant_seller_fraud_001,scn_f2b3c83737c3,overt_fraud,0,6,1,1,0,0,0,4,2,0
txn_d49c950306f3,457.02,0.4948,5,0,71,71,71,3,12,142.0,0.3214,88.81,889.0,0.1031,0.0331,0.9608,0.5847,3.0,2.0,1,merchant_ecosystem_abuse,marketplace_seller_fraud,merchant_seller_fraud_001,scn_f2b3c83737c3,overt_fraud,4,6,1,1,0,1,1,1,1,0
txn_b57e45ad1731,1159.87,0.4539,6,1,71,71,71,3,11,142.0,0.3214,88.81,889.0,0.1031,0.0331,0.9608,0.5847,3.0,2.0,1,merchant_ecosystem_abuse,marketplace_seller_fraud,merchant_seller_fraud_001,scn_f2b3c83737c3,overt_fraud,1,6,1,1,0,2,0,1,2,0
txn_c97f57cd6359,1667.44,0.6808,7,1,71,71,71,3,11,142.0,0.3214,88.81,889.0,0.1031,0.0331,0.9608,0.5847,3.0,2.0,1,merchant_ecosystem_abuse,marketplace_seller_fraud,merchant_seller_fraud_001,scn_f2b3c83737c3,overt_fraud,3,6,1,1,0,5,3,4,1,0
txn_ebe0f5bbc775,533.89,0.5915,8,0,71,71,71,3,11,142.0,0.3214,88.81,889.0,0.1031,0.0331,0.9608,0.5847,3.0,2.0,1,merchant_ecosystem_abuse,marketplace_seller_fraud,merchant_seller_fraud_001,scn_f2b3c83737c3,overt_fraud,3,6,1,1,0,2,2,1,2,0
txn_04947131e1fb,190.57,0.4675,9,0,71,71,71,3,11,142.0,0.3214,88.81,889.0,0.1031,0.0331,0.9608,0.5847,3.0,2.0,1,merchant_ecosystem_abuse,marketplace_seller_fraud,merchant_seller_fraud_001,scn_f2b3c83737c3,overt_fraud,2,6,1,1,0,2,2,1,1,0
txn_710b6bcf164b,1393.73,0.4404,10,0,71,71,71,3,11,142.0,0.3214,88.81,889.0,0.1031,0.0331,0.9608,0.5847,3.0,2.0,1,merchant_ecosystem_abuse,marketplace_seller_fraud,merchant_seller_fraud_001,scn_f2b3c83737c3,overt_fraud,4,6,1,1,0,0,0,0,1,0
txn_6b5b0459a067,1029.83,0.3882,11,0,71,71,71,3,11,142.0,0.3214,88.81,889.0,0.1031,0.0331,0.9608,0.5847,3.0,2.0,1,merchant_ecosystem_abuse,marketplace_seller_fraud,merchant_seller_fraud_001,scn_f2b3c83737c3,overt_fraud,4,6,1,1,0,2,2,0,1,0
txn_5746e3428411,746.49,0.4842,12,1,71,71,71,3,11,142.0,0.3214,88.81,889.0,0.1031,0.0331,0.9608,0.5847,3.0,2.0,1,merchant_ecosystem_abuse,marketplace_seller_fraud,merchant_seller_fraud_001,scn_f2b3c83737c3,overt_fraud,1,6,1,1,0,3,1,1,2,0
txn_b8acf292a5d0,1597.74,0.4808,13,0,71,71,71,3,10,142.0,0.3214,88.81,889.0,0.1031,0.0331,0.9608,0.5847,3.0,2.0,1,merchant_ecosystem_abuse,marketplace_seller_fraud,merchant_seller_fraud_001,scn_f2b3c83737c3,overt_fraud,3,6,1,1,0,2,2,4,2,0
txn_a1aa79f752db,1238.48,0.5692,14,0,71,71,71,3,10,142.0,0.3214,88.81,889.0,0.1031,0.0331,0.9608,0.5847,3.0,2.0,1,merchant_ecosystem_abuse,marketplace_seller_fraud,merchant_seller_fraud_001,scn_f2b3c83737c3,overt_fraud,1,6,1,1,1,5,5,4,1,1
txn_73378d4f6f39,1095.4,0.6506,15,0,71,71,71,3,10,142.0,0.3214,88.81,889.0,0.1031,0.0331,0.9608,0.5847,3.0,2.0,1,merchant_ecosystem_abuse,marketplace_seller_fraud,merchant_seller_fraud_001,scn_f2b3c83737c3,overt_fraud,3,6,1,1,0,3,3,4,2,0
txn_3af16288a5ca,1983.06,0.4953,16,0,71,71,71,3,10,142.0,0.3214,88.81,889.0,0.1031,0.0331,0.9608,0.5847,3.0,2.0,1,merchant_ecosystem_abuse,marketplace_seller_fraud,merchant_seller_fraud_001,scn_f2b3c83737c3,overt_fraud,2,6,1,1,0,2,2,4,1,0
txn_1c60b5c6a2b4,1296.95,0.6644,17,0,71,71,71,3,9,142.0,0.3214,88.81,889.0,0.1031,0.0331,0.9608,0.5847,3.0,2.0,1,merchant_ecosystem_abuse,marketplace_seller_fraud,merchant_seller_fraud_001,scn_f2b3c83737c3,overt_fraud,3,6,1,1,0,5,5,0,2,0
txn_df5af850c8ee,728.61,0.6954,18,0,71,71,71,3,9,142.0,0.3214,88.81,889.0,0.1031,0.0331,0.9608,0.5847,3.0,2.0,1,merchant_ecosystem_abuse,marketplace_seller_fraud,merchant_seller_fraud_001,scn_f2b3c83737c3,overt_fraud,4,6,1,1,0,2,2,1,2,0
txn_5b82e36996b4,1547.24,0.6474,19,0,71,71,71,3,8,142.0,0.3214,88.81,889.0,0.1031,0.0331,0.9608,0.5847,3.0,2.0,1,merchant_ecosystem_abuse,marketplace_seller_fraud,merchant_seller_fraud_001,scn_f2b3c83737c3,overt_fraud,1,6,1,1,0,4,4,1,2,0
txn_ec73aefbc2bf,1978.75,0.5543,20,0,71,71,71,3,8,142.0,0.3214,88.81,889.0,0.1031,0.0331,0.9608,0.5847,3.0,2.0,1,merchant_ecosystem_abuse,marketplace_seller_fraud,merchant_seller_fraud_001,scn_f2b3c83737c3,overt_fraud,0,6,1,1,0,4,4,1,1,0
txn_0feeec494103,1871.22,0.3695,21,0,71,71,71,3,8,142.0,0.3214,88.81,889.0,0.1031,0.0331,0.9608,0.5847,3.0,2.0,1,merchant_ecosystem_abuse,marketplace_seller_fraud,merchant_seller_fraud_001,scn_f2b3c83737c3,overt_fraud,0,6,1,1,0,2,2,1,2,0
txn_0b35ca567027,1487.35,0.4939,22,0,71,71,71,3,8,142.0,0.3214,88.81,889.0,0.1031,0.0331,0.9608,0.5847,3.0,2.0,1,merchant_ecosystem_abuse,marketplace_seller_fraud,merchant_seller_fraud_001,scn_f2b3c83737c3,overt_fraud,2,6,1,1,0,1,1,0,1,0
txn_2d8374ba03ba,1114.54,0.6767,23,0,71,71,71,3,8,142.0,0.3214,88.81,889.0,0.1031,0.0331,0.9608,0.5847,3.0,2.0,1,merchant_ecosystem_abuse,marketplace_seller_fraud,merchant_seller_fraud_001,scn_f2b3c83737c3,overt_fraud,3,6,1,1,0,3,3,4,2,0
txn_c0f8aa3c1d37,1226.87,0.5913,0,1,71,71,71,3,8,142.0,0.3214,88.81,889.0,0.1031,0.0331,0.9608,0.5847,3.0,2.0,1,merchant_ecosystem_abuse,marketplace_seller_fraud,merchant_seller_fraud_001,scn_f2b3c83737c3,overt_fraud,0,6,1,1,0,4,0,1,1,0
txn_7eb4d9b74650,1660.85,0.3672,1,0,71,71,71,3,8,142.0,0.3214,88.81,889.0,0.1031,0.0331,0.9608,0.5847,3.0,2.0,1,merchant_ecosystem_abuse,marketplace_seller_fraud,merchant_seller_fraud_001,scn_f2b3c83737c3,overt_fraud,3,6,1,1,0,4,4,0,1,0
txn_78af45fcd263,955.62,0.4255,2,0,71,71,71,3,8,142.0,0.3214,88.81,889.0,0.1031,0.0331,0.9608,0.5847,3.0,2.0,1,merchant_ecosystem_abuse,marketplace_seller_fraud,merchant_seller_fraud_001,scn_f2b3c83737c3,overt_fraud,1,6,1,1,0,5,5,1,1,0
txn_13e708c1fff7,506.39,0.353,3,0,71,71,71,3,8,142.0,0.3214,88.81,889.0,0.1031,0.0331,0.9608,0.5847,3.0,2.0,1,merchant_ecosystem_abuse,marketplace_seller_fraud,merchant_seller_fraud_001,scn_f2b3c83737c3,overt_fraud,4,6,1,1,0,5,5,0,2,0
txn_dc7525daaa48,542.98,0.3443,4,0,71,71,71,3,7,142.0,0.3214,88.81,889.0,0.1031,0.0331,0.9608,0.5847,3.0,2.0,1,merchant_ecosystem_abuse,marketplace_seller_fraud,merchant_seller_fraud_001,scn_f2b3c83737c3,overt_fraud,0,6,1,1,0,3,3,0,2,0
txn_aa0d79e2bd5a,522.1,0.4339,5,0,71,71,71,3,6,142.0,0.3214,88.81,889.0,0.1031,0.0331,0.9608,0.5847,3.0,2.0,1,merchant_ecosystem_abuse,marketplace_seller_fraud,merchant_seller_fraud_001,scn_f2b3c83737c3,overt_fraud,1,6,1,1,0,0,0,1,1,0
txn_b721792bae84,762.57,0.739,6,0,71,71,71,3,6,142.0,0.3214,88.81,889.0,0.1031,0.0331,0.9608,0.5847,3.0,2.0,1,merchant_ecosystem_abuse,marketplace_seller_fraud,merchant_seller_fraud_001,scn_f2b3c83737c3,overt_fraud,3,6,1,1,0,5,5,1,2,0
txn_0dd3e88ced62,929.84,0.4756,7,0,71,71,71,3,6,142.0,0.3214,88.81,889.0,0.1031,0.0331,0.9608,0.5847,3.0,2.0,1,merchant_ecosystem_abuse,marketplace_seller_fraud,merchant_seller_fraud_001,scn_f2b3c83737c3,overt_fraud,4,6,1,1,0,1,1,4,1,0
txn_0a4eec3b5653,903.65,0.625,8,0,71,71,71,3,6,142.0,0.3214,88.81,889.0,0.1031,0.0331,0.9608,0.5847,3.0,2.0,1,merchant_ecosystem_abuse,marketplace_seller_fraud,merchant_seller_fraud_001,scn_f2b3c83737c3,overt_fraud,1,6,1,1,0,1,1,1,1,0
txn_8df359eed710,1081.31,0.7514,9,0,71,71,71,3,6,142.0,0.3214,88.81,889.0,0.1031,0.0331,0.9608,0.5847,3.0,2.0,1,merchant_ecosystem_abuse,marketplace_seller_fraud,merchant_seller_fraud_001,scn_f2b3c83737c3,overt_fraud,0,6,1,1,0,4,4,1,1,0
txn_a97b3256621f,970.7,0.6722,10,0,71,71,71,3,6,142.0,0.3214,88.81,889.0,0.1031,0.0331,0.9608,0.5847,3.0,2.0,1,merchant_ecosystem_abuse,marketplace_seller_fraud,merchant_seller_fraud_001,scn_f2b3c83737c3,overt_fraud,1,6,1,1,0,4,4,0,2,0
txn_15e3472ede30,1691.06,0.6129,11,0,71,71,71,3,6,142.0,0.3214,88.81,889.0,0.1031,0.0331,0.9608,0.5847,3.0,2.0,1,merchant_ecosystem_abuse,marketplace_seller_fraud,merchant_seller_fraud_001,scn_f2b3c83737c3,overt_fraud,0,6,1,1,0,1,1,4,2,0
txn_f74ceac34e76,652.2,0.4608,12,0,71,71,71,3,6,142.0,0.3214,88.81,889.0,0.1031,0.0331,0.9608,0.5847,3.0,2.0,1,merchant_ecosystem_abuse,marketplace_seller_fraud,merchant_seller_fraud_001,scn_f2b3c83737c3,overt_fraud,2,6,1,1,0,0,0,4,1,0
txn_4f49a48a107b,1749.95,0.5293,13,0,71,71,71,3,6,142.0,0.3214,88.81,889.0,0.1031,0.0331,0.9608,0.5847,3.0,2.0,1,merchant_ecosystem_abuse,marketplace_seller_fraud,merchant_seller_fraud_001,scn_f2b3c83737c3,overt_fraud,3,6,1,1,0,5,5,0,2,0
txn_6949f664679d,1263.51,0.7682,14,0,71,71,71,3,5,142.0,0.3214,88.81,889.0,0.1031,0.0331,0.9608,0.5847,3.0,2.0,1,merchant_ecosystem_abuse,marketplace_seller_fraud,merchant_seller_fraud_001,scn_f2b3c83737c3,overt_fraud,0,6,1,1,0,3,3,1,1,0
txn_c052a63c2bd0,319.39,0.6832,15,0,71,71,71,3,5,142.0,0.3214,88.81,889.0,0.1031,0.0331,0.9608,0.5847,3.0,2.0,1,merchant_ecosystem_abuse,marketplace_seller_fraud,merchant_seller_fraud_001,scn_f2b3c83737c3,overt_fraud,0,6,1,1,0,3,3,4,2,0
txn_b4fedc5de7d0,180.33,0.3683,16,0,71,71,71,3,5,142.0,0.3214,88.81,889.0,0.1031,0.0331,0.9608,0.5847,3.0,2.0,1,merchant_ecosystem_abuse,marketplace_seller_fraud,merchant_seller_fraud_001,scn_f2b3c83737c3,overt_fraud,3,6,1,1,0,5,5,4,1,0
txn_2f9dda612b79,1281.12,0.3495,17,1,71,71,71,3,5,142.0,0.3214,88.81,889.0,0.1031,0.0331,0.9608,0.5847,3.0,2.0,1,merchant_ecosystem_abuse,marketplace_seller_fraud,merchant_seller_fraud_001,scn_f2b3c83737c3,overt_fraud,2,6,1,1,0,3,4,1,1,0
txn_ac8bef947b5d,498.71,0.5625,18,0,71,71,71,3,5,142.0,0.3214,88.81,889.0,0.1031,0.0331,0.9608,0.5847,3.0,2.0,1,merchant_ecosystem_abuse,marketplace_seller_fraud,merchant_seller_fraud_001,scn_f2b3c83737c3,overt_fraud,1,6,1,1,1,2,2,4,1,1
txn_b16d565ec5ce,1575.92,0.5758,19,0,71,71,71,3,5,142.0,0.3214,88.81,889.0,0.1031,0.0331,0.9608,0.5847,3.0,2.0,1,merchant_ecosystem_abuse,marketplace_seller_fraud,merchant_seller_fraud_001,scn_f2b3c83737c3,overt_fraud,3,6,1,1,1,1,1,1,2,1
txn_b551fecd924d,532.95,0.6611,20,0,71,71,71,3,5,142.0,0.3214,88.81,889.0,0.1031,0.0331,0.9608,0.5847,3.0,2.0,1,merchant_ecosystem_abuse,marketplace_seller_fraud,merchant_seller_fraud_001,scn_f2b3c83737c3,overt_fraud,2,6,1,1,0,0,0,1,1,0
txn_c3d3f59183dc,1021.15,0.6303,21,1,71,71,71,3,5,142.0,0.3214,88.81,889.0,0.1031,0.0331,0.9608,0.5847,3.0,2.0,1,merchant_ecosystem_abuse,marketplace_seller_fraud,merchant_seller_fraud_001,scn_f2b3c83737c3,overt_fraud,0,6,1,1,1,1,4,4,2,1
txn_eea8025fb8e6,1901.35,0.7569,22,1,71,71,71,3,5,142.0,0.3214,88.81,889.0,0.1031,0.0331,0.9608,0.5847,3.0,2.0,1,merchant_ecosystem_abuse,marketplace_seller_fraud,merchant_seller_fraud_001,scn_f2b3c83737c3,overt_fraud,4,6,1,1,0,4,0,0,1,0
txn_ac5b12ec4034,1473.66,0.8017,23,0,71,71,71,3,5,142.0,0.3214,88.81,889.0,0.1031,0.0331,0.9608,0.5847,3.0,2.0,1,merchant_ecosystem_abuse,marketplace_seller_fraud,merchant_seller_fraud_001,scn_f2b3c83737c3,overt_fraud,2,6,1,1,0,2,2,0,1,0
txn_90024b547867,708.97,0.5297,0,0,71,71,71,3,5,142.0,0.3214,88.81,889.0,0.1031,0.0331,0.9608,0.5847,3.0,2.0,1,merchant_ecosystem_abuse,marketplace_seller_fraud,merchant_seller_fraud_001,scn_f2b3c83737c3,overt_fraud,4,6,1,1,0,3,3,0,2,0
txn_4db8e0a639fe,1216.38,0.4292,1,0,71,71,71,3,5,142.0,0.3214,88.81,889.0,0.1031,0.0331,0.9608,0.5847,3.0,2.0,1,merchant_ecosystem_abuse,marketplace_seller_fraud,merchant_seller_fraud_001,scn_f2b3c83737c3,overt_fraud,0,6,1,1,0,5,5,1,2,0
txn_7496766ab3d7,615.87,0.5139,2,0,71,71,71,3,5,142.0,0.3214,88.81,889.0,0.1031,0.0331,0.9608,0.5847,3.0,2.0,1,merchant_ecosystem_abuse,marketplace_seller_fraud,merchant_seller_fraud_001,scn_f2b3c83737c3,overt_fraud,2,6,1,1,0,2,2,1,2,0
txn_0b3fd44ead32,811.13,0.5592,3,1,71,71,71,3,5,142.0,0.3214,88.81,889.0,0.1031,0.0331,0.9608,0.5847,3.0,2.0,1,merchant_ecosystem_abuse,marketplace_seller_fraud,merchant_seller_fraud_001,scn_f2b3c83737c3,overt_fraud,2,6,1,1,0,4,0,1,2,0
txn_f8d9c442f6a6,1101.13,0.5463,4,0,71,71,71,3,5,142.0,0.3214,88.81,889.0,0.1031,0.0331,0.9608,0.5847,3.0,2.0,1,merchant_ecosystem_abuse,marketplace_seller_fraud,merchant_seller_fraud_001,scn_f2b3c83737c3,overt_fraud,2,6,1,1,0,1,1,1,2,0
txn_85abd04c0f9b,1442.46,0.3563,5,0,71,71,71,3,5,142.0,0.3214,88.81,889.0,0.1031,0.0331,0.9608,0.5847,3.0,2.0,1,merchant_ecosystem_abuse,marketplace_seller_fraud,merchant_seller_fraud_001,scn_f2b3c83737c3,overt_fraud,3,6,1,1,0,3,3,0,2,0
txn_7936530bd93d,1598.83,0.43,6,0,71,71,71,3,5,142.0,0.3214,88.81,889.0,0.1031,0.0331,0.9608,0.5847,3.0,2.0,1,merchant_ecosystem_abuse,marketplace_seller_fraud,merchant_seller_fraud_001,scn_f2b3c83737c3,overt_fraud,3,6,1,1,0,1,1,0,2,0
txn_350d0fcc5751,1023.31,0.3044,7,1,71,71,71,2,5,142.0,0.3214,88.81,889.0,0.1031,0.0331,0.9608,0.5847,3.0,2.0,1,merchant_ecosystem_abuse,marketplace_seller_fraud,merchant_seller_fraud_001,scn_f2b3c83737c3,overt_fraud,1,6,1,1,0,3,4,0,1,0
txn_9b4339d956d6,1616.71,0.6652,8,0,71,71,71,2,5,142.0,0.3214,88.81,889.0,0.1031,0.0331,0.9608,0.5847,3.0,2.0,1,merchant_ecosystem_abuse,marketplace_seller_fraud,merchant_seller_fraud_001,scn_f2b3c83737c3,overt_fraud,1,6,1,1,0,2,2,1,2,0
txn_b0ece5fa3599,745.27,0.3942,9,0,41,41,41,3,15,2735.0,0.0495,205.37,2883.0,0.0166,0.0114,0.3261,0.2255,412.0,0.0,1,merchant_ecosystem_abuse,triangulation_fraud,merchant_triangulation_001,scn_6b17af5b0231,stealth_fraud,4,6,1,1,0,0,0,4,2,0
txn_38742312fd3a,1190.47,0.4427,11,0,41,41,41,3,16,2735.0,0.0495,205.37,2883.0,0.0166,0.0114,0.3261,0.2255,412.0,0.0,1,merchant_ecosystem_abuse,triangulation_fraud,merchant_triangulation_001,scn_6b17af5b0231,stealth_fraud,4,6,1,1,0,4,4,0,1,0
txn_3a05004d7c0f,975.89,0.2492,12,0,41,41,41,3,17,2735.0,0.0495,205.37,2883.0,0.0166,0.0114,0.3261,0.2255,412.0,0.0,1,merchant_ecosystem_abuse,triangulation_fraud,merchant_triangulation_001,scn_6b17af5b0231,stealth_fraud,4,6,1,1,0,5,5,0,1,0
txn_52c5202ae3fe,931.78,0.4624,14,0,41,41,41,3,18,2735.0,0.0495,205.37,2883.0,0.0166,0.0114,0.3261,0.2255,412.0,0.0,1,merchant_ecosystem_abuse,triangulation_fraud,merchant_triangulation_001,scn_6b17af5b0231,stealth_fraud,4,6,1,1,0,2,2,0,2,0
txn_e99153d67de1,349.68,0.2081,15,0,41,41,41,3,19,2735.0,0.0495,205.37,2883.0,0.0166,0.0114,0.3261,0.2255,412.0,0.0,1,merchant_ecosystem_abuse,triangulation_fraud,merchant_triangulation_001,scn_6b17af5b0231,stealth_fraud,2,6,1,1,0,3,3,1,2,0
txn_43ef7e338f1d,382.5,0.2741,16,1,41,41,41,3,18,2735.0,0.0495,205.37,2883.0,0.0166,0.0114,0.3261,0.2255,412.0,0.0,1,merchant_ecosystem_abuse,triangulation_fraud,merchant_triangulation_001,scn_6b17af5b0231,stealth_fraud,3,6,1,1,0,3,4,4,2,0
txn_d9b5ba4970f5,1102.67,0.1352,18,0,41,41,41,3,19,2735.0,0.0495,205.37,2883.0,0.0166,0.0114,0.3261,0.2255,412.0,0.0,1,merchant_ecosystem_abuse,triangulation_fraud,merchant_triangulation_001,scn_6b17af5b0231,stealth_fraud,1,6,1,1,0,0,0,4,2,0
txn_f4e3979a1db9,1185.73,0.3443,19,0,41,41,41,3,19,2735.0,0.0495,205.37,2883.0,0.0166,0.0114,0.3261,0.2255,412.0,0.0,1,merchant_ecosystem_abuse,triangulation_fraud,merchant_triangulation_001,scn_6b17af5b0231,stealth_fraud,1,6,1,1,0,0,0,4,2,0
txn_8adc75bba6bd,350.98,0.2855,21,0,41,41,41,3,20,2735.0,0.0495,205.37,2883.0,0.0166,0.0114,0.3261,0.2255,412.0,0.0,1,merchant_ecosystem_abuse,triangulation_fraud,merchant_triangulation_001,scn_6b17af5b0231,stealth_fraud,4,6,1,1,0,1,1,4,2,0
txn_6ef8150a55ef,1432.8,0.1947,22,0,41,41,41,3,20,2735.0,0.0495,205.37,2883.0,0.0166,0.0114,0.3261,0.2255,412.0,0.0,1,merchant_ecosystem_abuse,triangulation_fraud,merchant_triangulation_001,scn_6b17af5b0231,stealth_fraud,2,6,1,1,0,5,5,0,2,0
txn_f64fde23a2c3,496.12,0.4192,23,0,41,41,41,3,20,2735.0,0.0495,205.37,2883.0,0.0166,0.0114,0.3261,0.2255,412.0,0.0,1,merchant_ecosystem_abuse,triangulation_fraud,merchant_triangulation_001,scn_6b17af5b0231,stealth_fraud,3,6,1,1,0,4,4,4,1,0
txn_8a09f80e7cd5,802.94,0.4259,1,0,41,41,41,3,20,2735.0,0.0495,205.37,2883.0,0.0166,0.0114,0.3261,0.2255,412.0,0.0,1,merchant_ecosystem_abuse,triangulation_fraud,merchant_triangulation_001,scn_6b17af5b0231,stealth_fraud,1,6,1,1,0,1,1,0,2,0
txn_d4b294287e00,586.56,0.4595,2,0,41,41,41,3,18,2735.0,0.0495,205.37,2883.0,0.0166,0.0114,0.3261,0.2255,412.0,0.0,1,merchant_ecosystem_abuse,triangulation_fraud,merchant_triangulation_001,scn_6b17af5b0231,stealth_fraud,3,6,1,1,0,3,3,0,2,0
txn_a5f25bb36dc8,1444.06,0.3238,4,0,41,41,41,3,17,2735.0,0.0495,205.37,2883.0,0.0166,0.0114,0.3261,0.2255,412.0,0.0,1,merchant_ecosystem_abuse,triangulation_fraud,merchant_triangulation_001,scn_6b17af5b0231,stealth_fraud,3,6,1,1,0,5,5,4,1,0
txn_5183e45c883a,1409.62,0.4717,5,0,41,41,41,3,17,2735.0,0.0495,205.37,2883.0,0.0166,0.0114,0.3261,0.2255,412.0,0.0,1,merchant_ecosystem_abuse,triangulation_fraud,merchant_triangulation_001,scn_6b17af5b0231,stealth_fraud,1,6,1,1,0,4,4,1,1,0
txn_7b2a3c9e779a,855.85,0.2625,6,0,41,41,41,3,16,2735.0,0.0495,205.37,2883.0,0.0166,0.0114,0.3261,0.2255,412.0,0.0,1,merchant_ecosystem_abuse,triangulation_fraud,merchant_triangulation_001,scn_6b17af5b0231,stealth_fraud,1,6,1,1,0,4,4,0,1,0
txn_9dc3390bb153,1495.0,0.396,8,0,41,41,41,3,15,2735.0,0.0495,205.37,2883.0,0.0166,0.0114,0.3261,0.2255,412.0,0.0,1,merchant_ecosystem_abuse,triangulation_fraud,merchant_triangulation_001,scn_6b17af5b0231,stealth_fraud,4,6,1,1,0,4,4,0,1,0
txn_44a14d06c6f7,188.1,0.3817,9,0,41,41,41,3,13,2735.0,0.0495,205.37,2883.0,0.0166,0.0114,0.3261,0.2255,412.0,0.0,1,merchant_ecosystem_abuse,triangulation_fraud,merchant_triangulation_001,scn_6b17af5b0231,stealth_fraud,2,6,1,1,0,2,2,4,1,0
txn_4bb849db517c,1395.98,0.0867,10,0,41,41,41,3,12,2735.0,0.0495,205.37,2883.0,0.0166,0.0114,0.3261,0.2255,412.0,0.0,1,merchant_ecosystem_abuse,triangulation_fraud,merchant_triangulation_001,scn_6b17af5b0231,stealth_fraud,0,6,1,1,0,2,2,4,1,0
txn_7a2686a1313b,811.82,0.2189,12,1,41,41,41,3,11,2735.0,0.0495,205.37,2883.0,0.0166,0.0114,0.3261,0.2255,412.0,0.0,1,merchant_ecosystem_abuse,triangulation_fraud,merchant_triangulation_001,scn_6b17af5b0231,stealth_fraud,2,6,1,1,0,2,5,0,2,0
txn_4da2e4513488,896.29,0.0878,13,0,41,41,41,3,11,2735.0,0.0495,205.37,2883.0,0.0166,0.0114,0.3261,0.2255,412.0,0.0,1,merchant_ecosystem_abuse,triangulation_fraud,merchant_triangulation_001,scn_6b17af5b0231,stealth_fraud,2,6,1,1,0,3,3,0,1,0
txn_422676f51442,1266.97,0.1407,15,0,41,41,41,3,11,2735.0,0.0495,205.37,2883.0,0.0166,0.0114,0.3261,0.2255,412.0,0.0,1,merchant_ecosystem_abuse,triangulation_fraud,merchant_triangulation_001,scn_6b17af5b0231,stealth_fraud,1,6,1,1,0,4,4,1,2,0
txn_f1c8ad73308e,158.95,0.1324,16,0,41,41,41,3,11,2735.0,0.0495,205.37,2883.0,0.0166,0.0114,0.3261,0.2255,412.0,0.0,1,merchant_ecosystem_abuse,triangulation_fraud,merchant_triangulation_001,scn_6b17af5b0231,stealth_fraud,3,6,1,1,0,3,3,1,1,0
txn_bb516f11dbcf,886.9,0.3872,17,0,41,41,41,3,11,2735.0,0.0495,205.37,2883.0,0.0166,0.0114,0.3261,0.2255,412.0,0.0,1,merchant_ecosystem_abuse,triangulation_fraud,merchant_triangulation_001,scn_6b17af5b0231,stealth_fraud,3,6,1,1,0,0,0,4,2,0
txn_19f2ad5e1778,1216.48,0.3758,19,0,41,41,41,3,11,2735.0,0.0495,205.37,2883.0,0.0166,0.0114,0.3261,0.2255,412.0,0.0,1,merchant_ecosystem_abuse,triangulation_fraud,merchant_triangulation_001,scn_6b17af5b0231,stealth_fraud,4,6,1,1,0,5,5,1,1,0
txn_af888ebb312a,364.4,0.1006,20,0,41,41,41,3,11,2735.0,0.0495,205.37,2883.0,0.0166,0.0114,0.3261,0.2255,412.0,0.0,1,merchant_ecosystem_abuse,triangulation_fraud,merchant_triangulation_001,scn_6b17af5b0231,stealth_fraud,3,6,1,1,0,2,2,4,1,0
txn_18e6077781f8,757.78,0.4182,22,0,41,41,41,3,10,2735.0,0.0495,205.37,2883.0,0.0166,0.0114,0.3261,0.2255,412.0,0.0,1,merchant_ecosystem_abuse,triangulation_fraud,merchant_triangulation_001,scn_6b17af5b0231,stealth_fraud,1,6,1,1,0,3,3,1,1,0
txn_aa95b1e9539b,391.0,0.2391,23,0,41,41,41,3,10,2735.0,0.0495,205.37,2883.0,0.0166,0.0114,0.3261,0.2255,412.0,0.0,1,merchant_ecosystem_abuse,triangulation_fraud,merchant_triangulation_001,scn_6b17af5b0231,stealth_fraud,2,6,1,1,0,0,0,1,1,0
txn_81cd1581f918,574.97,0.4561,0,0,41,41,41,3,10,2735.0,0.0495,205.37,2883.0,0.0166,0.0114,0.3261,0.2255,412.0,0.0,1,merchant_ecosystem_abuse,triangulation_fraud,merchant_triangulation_001,scn_6b17af5b0231,stealth_fraud,1,6,1,1,0,3,3,4,2,0
txn_ed7a0bacae48,404.26,0.4432,2,1,41,41,41,3,10,2735.0,0.0495,205.37,2883.0,0.0166,0.0114,0.3261,0.2255,412.0,0.0,1,merchant_ecosystem_abuse,triangulation_fraud,merchant_triangulation_001,scn_6b17af5b0231,stealth_fraud,1,6,1,1,0,2,1,0,1,0
txn_e49c5377346f,1375.17,0.3009,3,0,41,41,41,3,9,2735.0,0.0495,205.37,2883.0,0.0166,0.0114,0.3261,0.2255,412.0,0.0,1,merchant_ecosystem_abuse,triangulation_fraud,merchant_triangulation_001,scn_6b17af5b0231,stealth_fraud,3,6,1,1,0,3,3,0,2,0
txn_302a913a236f,667.35,0.353,5,0,41,41,41,3,9,2735.0,0.0495,205.37,2883.0,0.0166,0.0114,0.3261,0.2255,412.0,0.0,1,merchant_ecosystem_abuse,triangulation_fraud,merchant_triangulation_001,scn_6b17af5b0231,stealth_fraud,1,6,1,1,0,1,1,4,2,0
txn_ddeb89350cce,1121.93,0.4083,6,0,41,41,41,3,8,2735.0,0.0495,205.37,2883.0,0.0166,0.0114,0.3261,0.2255,412.0,0.0,1,merchant_ecosystem_abuse,triangulation_fraud,merchant_triangulation_001,scn_6b17af5b0231,stealth_fraud,4,6,1,1,0,0,0,0,2,0
txn_4e2cb117bf6d,817.99,0.2361,7,0,41,41,41,3,8,2735.0,0.0495,205.37,2883.0,0.0166,0.0114,0.3261,0.2255,412.0,0.0,1,merchant_ecosystem_abuse,triangulation_fraud,merchant_triangulation_001,scn_6b17af5b0231,stealth_fraud,1,6,1,1,0,3,3,1,1,0
txn_a6ae6b48ddf1,527.12,0.4595,9,0,41,41,41,3,8,2735.0,0.0495,205.37,2883.0,0.0166,0.0114,0.3261,0.2255,412.0,0.0,1,merchant_ecosystem_abuse,triangulation_fraud,merchant_triangulation_001,scn_6b17af5b0231,stealth_fraud,0,6,1,1,0,1,1,1,2,0
txn_0c56d2a8b07b,1649.02,0.388,10,0,41,41,41,3,8,2735.0,0.0495,205.37,2883.0,0.0166,0.0114,0.3261,0.2255,412.0,0.0,1,merchant_ecosystem_abuse,triangulation_fraud,merchant_triangulation_001,scn_6b17af5b0231,stealth_fraud,4,6,1,1,0,1,1,0,2,0
txn_67f89fe818c0,819.97,0.3749,11,0,41,41,41,3,8,2735.0,0.0495,205.37,2883.0,0.0166,0.0114,0.3261,0.2255,412.0,0.0,1,merchant_ecosystem_abuse,triangulation_fraud,merchant_triangulation_001,scn_6b17af5b0231,stealth_fraud,2,6,1,1,0,3,3,0,2,0
txn_9230548e39d2,1589.87,0.531,13,0,41,41,41,3,8,2735.0,0.0495,205.37,2883.0,0.0166,0.0114,0.3261,0.2255,412.0,0.0,1,merchant_ecosystem_abuse,triangulation_fraud,merchant_triangulation_001,scn_6b17af5b0231,stealth_fraud,0,6,1,1,0,1,1,1,1,0
txn_5e36be3d3738,1523.52,0.3673,14,1,41,41,41,3,8,2735.0,0.0495,205.37,2883.0,0.0166,0.0114,0.3261,0.2255,412.0,0.0,1,merchant_ecosystem_abuse,triangulation_fraud,merchant_triangulation_001,scn_6b17af5b0231,stealth_fraud,4,6,1,1,0,4,3,4,2,0
txn_7d58beb4adbb,280.08,0.3678,16,0,41,41,41,2,8,2735.0,0.0495,205.37,2883.0,0.0166,0.0114,0.3261,0.2255,412.0,0.0,1,merchant_ecosystem_abuse,triangulation_fraud,merchant_triangulation_001,scn_6b17af5b0231,stealth_fraud,4,6,1,1,0,0,0,0,2,0
txn_5f89e9fde754,301.64,0.1678,17,0,41,41,41,2,8,2735.0,0.0495,205.37,2883.0,0.0166,0.0114,0.3261,0.2255,412.0,0.0,1,merchant_ecosystem_abuse,triangulation_fraud,merchant_triangulation_001,scn_6b17af5b0231,stealth_fraud,4,6,1,1,0,3,3,4,1,0
txn_86c25e37bff1,239.71,0.2619,9,0,9,9,9,3,16,470.0,0.2934,344.92,392.0,0.229,0.0305,0.2135,0.6622,107.0,3.0,1,post_transaction_abuse,alternative_refund_abuse,post_alt_refund_001,scn_5f9ed116c949,overt_fraud,2,3,4,2,0,3,3,2,3,0
txn_5d9ec2c0ce64,387.82,0.5402,11,0,9,9,9,3,17,470.0,0.2934,344.92,392.0,0.229,0.0305,0.2135,0.6622,107.0,3.0,1,post_transaction_abuse,alternative_refund_abuse,post_alt_refund_001,scn_5f9ed116c949,overt_fraud,1,3,4,2,0,0,0,3,3,0
txn_7e4d6a1609da,216.77,0.5907,12,0,9,9,9,3,18,470.0,0.2934,344.92,392.0,0.229,0.0305,0.2135,0.6622,107.0,3.0,1,post_transaction_abuse,alternative_refund_abuse,post_alt_refund_001,scn_5f9ed116c949,overt_fraud,4,3,4,2,1,3,3,4,3,1
txn_2fcaab26803a,255.29,0.4976,13,0,9,9,9,3,19,470.0,0.2934,344.92,392.0,0.229,0.0305,0.2135,0.6622,107.0,3.0,1,post_transaction_abuse,alternative_refund_abuse,post_alt_refund_001,scn_5f9ed116c949,overt_fraud,4,3,4,2,0,0,0,5,3,0
txn_4d0529347e08,178.17,0.4353,14,0,9,9,9,3,18,470.0,0.2934,344.92,392.0,0.229,0.0305,0.2135,0.6622,107.0,3.0,1,post_transaction_abuse,alternative_refund_abuse,post_alt_refund_001,scn_5f9ed116c949,overt_fraud,3,3,4,2,0,5,5,3,3,0
txn_5894bd53991c,207.82,0.6317,16,0,9,9,9,3,19,470.0,0.2934,344.92,392.0,0.229,0.0305,0.2135,0.6622,107.0,3.0,1,post_transaction_abuse,alternative_refund_abuse,post_alt_refund_001,scn_5f9ed116c949,overt_fraud,2,3,4,2,0,3,3,0,3,0
txn_8ab9238cb468,262.68,0.6531,17,0,9,9,9,3,19,470.0,0.2934,344.92,392.0,0.229,0.0305,0.2135,0.6622,107.0,3.0,1,post_transaction_abuse,alternative_refund_abuse,post_alt_refund_001,scn_5f9ed116c949,overt_fraud,4,3,4,2,0,2,2,3,3,0
txn_324cbeae2da9,383.47,0.6292,18,0,9,9,9,3,20,470.0,0.2934,344.92,392.0,0.229,0.0305,0.2135,0.6622,107.0,3.0,1,post_transaction_abuse,alternative_refund_abuse,post_alt_refund_001,scn_5f9ed116c949,overt_fraud,2,3,4,2,0,2,2,3,3,0
txn_fd278a75fc60,66.15,0.7717,19,0,9,9,9,3,20,470.0,0.2934,344.92,392.0,0.229,0.0305,0.2135,0.6622,107.0,3.0,1,post_transaction_abuse,alternative_refund_abuse,post_alt_refund_001,scn_5f9ed116c949,overt_fraud,1,3,4,2,0,5,5,2,3,0
txn_0a5d65e3b956,283.15,0.4178,9,1,10,10,10,3,17,2689.0,0.0644,128.38,2252.0,0.0697,0.0016,0.1698,0.165,156.0,0.0,1,post_transaction_abuse,chargeback_fraud,post_chargeback_001,scn_27e88e3cce0d,stealth_fraud,2,4,1,2,0,2,4,1,2,0
txn_6b833a589fac,33.1,0.4697,11,0,10,10,10,3,18,2689.0,0.0644,128.38,2252.0,0.0697,0.0016,0.1698,0.165,156.0,0.0,1,post_transaction_abuse,chargeback_fraud,post_chargeback_001,scn_27e88e3cce0d,stealth_fraud,0,4,1,2,0,3,3,3,2,0
txn_f13ee6b76616,135.75,0.4086,12,0,10,10,10,3,19,2689.0,0.0644,128.38,2252.0,0.0697,0.0016,0.1698,0.165,156.0,0.0,1,post_transaction_abuse,chargeback_fraud,post_chargeback_001,scn_27e88e3cce0d,stealth_fraud,0,4,1,2,0,4,4,2,1,0
txn_7c92b1d1bbc8,215.38,0.4122,14,0,10,10,10,3,18,2689.0,0.0644,128.38,2252.0,0.0697,0.0016,0.1698,0.165,156.0,0.0,1,post_transaction_abuse,chargeback_fraud,post_chargeback_001,scn_27e88e3cce0d,stealth_fraud,3,4,1,2,0,4,4,0,2,0
txn_f02dd578beba,318.8,0.6025,15,0,10,10,10,3,19,2689.0,0.0644,128.38,2252.0,0.0697,0.0016,0.1698,0.165,156.0,0.0,1,post_transaction_abuse,chargeback_fraud,post_chargeback_001,scn_27e88e3cce0d,stealth_fraud,1,4,1,2,0,5,5,5,1,0
txn_3c27ce799be7,34.68,0.6083,16,0,10,10,10,3,19,2689.0,0.0644,128.38,2252.0,0.0697,0.0016,0.1698,0.165,156.0,0.0,1,post_transaction_abuse,chargeback_fraud,post_chargeback_001,scn_27e88e3cce0d,stealth_fraud,4,4,1,2,0,5,5,0,2,0
txn_0e078a0be3e5,257.83,0.5408,18,1,10,10,10,3,20,2689.0,0.0644,128.38,2252.0,0.0697,0.0016,0.1698,0.165,156.0,0.0,1,post_transaction_abuse,chargeback_fraud,post_chargeback_001,scn_27e88e3cce0d,stealth_fraud,0,4,1,2,0,0,5,3,1,0
txn_abe517cc1749,404.28,0.08,19,0,10,10,10,3,20,2689.0,0.0644,128.38,2252.0,0.0697,0.0016,0.1698,0.165,156.0,0.0,1,post_transaction_abuse,chargeback_fraud,post_chargeback_001,scn_27e88e3cce0d,stealth_fraud,4,4,1,2,0,2,2,1,2,0
txn_755ef8305814,379.84,0.4827,21,0,10,10,10,3,20,2689.0,0.0644,128.38,2252.0,0.0697,0.0016,0.1698,0.165,156.0,0.0,1,post_transaction_abuse,chargeback_fraud,post_chargeback_001,scn_27e88e3cce0d,stealth_fraud,1,4,1,2,0,3,3,0,1,0
txn_ed239e768aa4,38.91,0.5456,22,0,10,10,10,1,20,2689.0,0.0644,128.38,2252.0,0.0697,0.0016,0.1698,0.165,156.0,0.0,1,post_transaction_abuse,chargeback_fraud,post_chargeback_001,scn_27e88e3cce0d,stealth_fraud,3,4,1,2,0,1,1,1,2,0
txn_ed99220c1f3e,435.24,0.3515,9,0,16,16,16,3,18,527.0,0.0136,258.6,894.0,0.1387,0.0611,0.7597,0.4797,8.0,1.0,1,post_transaction_abuse,non_delivery_claim,post_non_delivery_001,scn_6e66af2dfef1,overt_fraud,0,3,1,2,0,3,3,5,2,0
txn_a8286b22b8e9,165.82,0.2285,11,0,16,16,16,3,19,527.0,0.0136,258.6,894.0,0.1387,0.0611,0.7597,0.4797,8.0,1.0,1,post_transaction_abuse,non_delivery_claim,post_non_delivery_001,scn_6e66af2dfef1,overt_fraud,2,3,1,2,0,1,1,3,1,0
txn_9f0479d9296b,250.65,0.5115,12,0,16,16,16,3,18,527.0,0.0136,258.6,894.0,0.1387,0.0611,0.7597,0.4797,8.0,1.0,1,post_transaction_abuse,non_delivery_claim,post_non_delivery_001,scn_6e66af2dfef1,overt_fraud,2,3,1,2,0,5,5,5,1,0
txn_405dada2f35a,294.69,0.3026,13,0,16,16,16,3,19,527.0,0.0136,258.6,894.0,0.1387,0.0611,0.7597,0.4797,8.0,1.0,1,post_transaction_abuse,non_delivery_claim,post_non_delivery_001,scn_6e66af2dfef1,overt_fraud,3,3,1,2,0,3,3,4,1,0
txn_631cd3d52c16,337.3,0.4076,14,0,16,16,16,3,19,527.0,0.0136,258.6,894.0,0.1387,0.0611,0.7597,0.4797,8.0,1.0,1,post_transaction_abuse,non_delivery_claim,post_non_delivery_001,scn_6e66af2dfef1,overt_fraud,0,3,1,2,0,0,0,6,2,0
txn_071c733e1406,207.93,0.5301,15,0,16,16,16,3,20,527.0,0.0136,258.6,894.0,0.1387,0.0611,0.7597,0.4797,8.0,1.0,1,post_transaction_abuse,non_delivery_claim,post_non_delivery_001,scn_6e66af2dfef1,overt_fraud,3,3,1,2,0,1,1,5,2,0
txn_c18e3e7fb9a0,301.3,0.6931,17,0,16,16,16,3,20,527.0,0.0136,258.6,894.0,0.1387,0.0611,0.7597,0.4797,8.0,1.0,1,post_transaction_abuse,non_delivery_claim,post_non_delivery_001,scn_6e66af2dfef1,overt_fraud,3,3,1,2,0,2,2,4,2,0
txn_1e4d75e13bcb,368.13,0.5331,18,0,16,16,16,3,20,527.0,0.0136,258.6,894.0,0.1387,0.0611,0.7597,0.4797,8.0,1.0,1,post_transaction_abuse,non_delivery_claim,post_non_delivery_001,scn_6e66af2dfef1,overt_fraud,1,3,1,2,0,5,5,6,1,0
txn_2877c56d9f21,163.03,0.6858,19,0,16,16,16,3,20,527.0,0.0136,258.6,894.0,0.1387,0.0611,0.7597,0.4797,8.0,1.0,1,post_transaction_abuse,non_delivery_claim,post_non_delivery_001,scn_6e66af2dfef1,overt_fraud,4,3,1,2,0,1,1,1,1,0
txn_8d6bf71ab411,399.71,0.5916,20,1,16,16,16,3,18,527.0,0.0136,258.6,894.0,0.1387,0.0611,0.7597,0.4797,8.0,1.0,1,post_transaction_abuse,non_delivery_claim,post_non_delivery_001,scn_6e66af2dfef1,overt_fraud,2,3,1,2,0,1,4,4,2,0
txn_00339f8fe4a9,325.52,0.624,21,0,16,16,16,3,17,527.0,0.0136,258.6,894.0,0.1387,0.0611,0.7597,0.4797,8.0,1.0,1,post_transaction_abuse,non_delivery_claim,post_non_delivery_001,scn_6e66af2dfef1,overt_fraud,0,3,1,2,0,5,5,0,2,0
txn_b06dc1aa9201,378.7,0.6193,23,0,16,16,16,3,17,527.0,0.0136,258.6,894.0,0.1387,0.0611,0.7597,0.4797,8.0,1.0,1,post_transaction_abuse,non_delivery_claim,post_non_delivery_001,scn_6e66af2dfef1,overt_fraud,0,3,1,2,1,3,3,4,1,1
txn_13b55a30596f,382.33,0.6495,0,1,16,16,16,3,16,527.0,0.0136,258.6,894.0,0.1387,0.0611,0.7597,0.4797,8.0,1.0,1,post_transaction_abuse,non_delivery_claim,post_non_delivery_001,scn_6e66af2dfef1,overt_fraud,2,3,1,2,0,4,1,0,2,0
txn_ab4fe8c733c7,83.78,0.5253,1,0,16,16,16,3,15,527.0,0.0136,258.6,894.0,0.1387,0.0611,0.7597,0.4797,8.0,1.0,1,post_transaction_abuse,non_delivery_claim,post_non_delivery_001,scn_6e66af2dfef1,overt_fraud,4,3,1,2,0,2,2,1,2,0
txn_b37e7bb84ad7,279.95,0.5175,2,0,16,16,16,3,13,527.0,0.0136,258.6,894.0,0.1387,0.0611,0.7597,0.4797,8.0,1.0,1,post_transaction_abuse,non_delivery_claim,post_non_delivery_001,scn_6e66af2dfef1,overt_fraud,3,3,1,2,0,1,1,5,2,0
txn_68752d597e1f,62.22,0.3989,3,0,16,16,16,1,12,527.0,0.0136,258.6,894.0,0.1387,0.0611,0.7597,0.4797,8.0,1.0,1,post_transaction_abuse,non_delivery_claim,post_non_delivery_001,scn_6e66af2dfef1,overt_fraud,2,3,1,2,0,1,1,5,1,0
txn_c5f7dcf10bfa,149.8,0.4019,10,1,11,11,11,3,19,133.0,0.3229,342.09,107.0,0.0211,0.0515,0.7083,0.6715,141.0,3.0,1,post_transaction_abuse,refund_fraud,post_refund_001,scn_7d631f67f961,overt_fraud,4,3,1,2,0,0,1,2,2,0
txn_eb5b20d63d7d,407.84,0.5493,11,1,11,11,11,3,18,133.0,0.3229,342.09,107.0,0.0211,0.0515,0.7083,0.6715,141.0,3.0,1,post_transaction_abuse,refund_fraud,post_refund_001,scn_7d631f67f961,overt_fraud,2,3,1,2,0,2,3,3,2,0
txn_f57076f7b1e9,156.91,0.6013,12,0,11,11,11,3,19,133.0,0.3229,342.09,107.0,0.0211,0.0515,0.7083,0.6715,141.0,3.0,1,post_transaction_abuse,refund_fraud,post_refund_001,scn_7d631f67f961,overt_fraud,1,3,1,2,0,0,0,5,1,0
txn_86dab5f454d9,54.91,0.5369,13,1,11,11,11,3,19,133.0,0.3229,342.09,107.0,0.0211,0.0515,0.7083,0.6715,141.0,3.0,1,post_transaction_abuse,refund_fraud,post_refund_001,scn_7d631f67f961,overt_fraud,1,3,1,2,0,5,1,3,1,0
txn_8db52f672285,355.11,0.3595,15,0,11,11,11,3,20,133.0,0.3229,342.09,107.0,0.0211,0.0515,0.7083,0.6715,141.0,3.0,1,post_transaction_abuse,refund_fraud,post_refund_001,scn_7d631f67f961,overt_fraud,3,3,1,2,0,0,0,3,2,0
txn_51f1c72de09c,274.89,0.5579,16,0,11,11,11,3,20,133.0,0.3229,342.09,107.0,0.0211,0.0515,0.7083,0.6715,141.0,3.0,1,post_transaction_abuse,refund_fraud,post_refund_001,scn_7d631f67f961,overt_fraud,1,3,1,2,0,4,4,0,1,0
txn_e4a2956318dc,388.09,0.3879,17,0,11,11,11,3,20,133.0,0.3229,342.09,107.0,0.0211,0.0515,0.7083,0.6715,141.0,3.0,1,post_transaction_abuse,refund_fraud,post_refund_001,scn_7d631f67f961,overt_fraud,2,3,1,2,0,2,2,4,2,0
txn_73e0893bd7c1,66.5,0.42,18,0,11,11,11,3,20,133.0,0.3229,342.09,107.0,0.0211,0.0515,0.7083,0.6715,141.0,3.0,1,post_transaction_abuse,refund_fraud,post_refund_001,scn_7d631f67f961,overt_fraud,4,3,1,2,0,4,4,2,2,0
txn_65b28c00a8f9,377.21,0.4252,20,0,11,11,11,3,18,133.0,0.3229,342.09,107.0,0.0211,0.0515,0.7083,0.6715,141.0,3.0,1,post_transaction_abuse,refund_fraud,post_refund_001,scn_7d631f67f961,overt_fraud,2,3,1,2,0,5,5,3,2,0
txn_69daa5f2d016,125.74,0.4308,21,0,11,11,11,2,17,133.0,0.3229,342.09,107.0,0.0211,0.0515,0.7083,0.6715,141.0,3.0,1,post_transaction_abuse,refund_fraud,post_refund_001,scn_7d631f67f961,overt_fraud,0,3,1,2,0,2,2,3,1,0
txn_398a02833240,123.35,0.5665,22,0,11,11,11,2,17,133.0,0.3229,342.09,107.0,0.0211,0.0515,0.7083,0.6715,141.0,3.0,1,post_transaction_abuse,refund_fraud,post_refund_001,scn_7d631f67f961,overt_fraud,0,3,1,2,0,4,4,6,2,0
txn_8e53d9278817,440.85,0.4354,10,0,21,21,21,3,18,2340.0,0.0286,230.01,653.0,0.0134,0.0095,0.2442,0.032,855.0,1.0,1,post_transaction_abuse,return_policy_abuse,post_return_policy_001,scn_3ffe7ebdbbdf,stealth_fraud,3,4,1,2,0,1,1,5,2,0
txn_942d00f1156e,45.13,0.1747,11,0,21,21,21,3,19,2340.0,0.0286,230.01,653.0,0.0134,0.0095,0.2442,0.032,855.0,1.0,1,post_transaction_abuse,return_policy_abuse,post_return_policy_001,scn_3ffe7ebdbbdf,stealth_fraud,0,4,1,2,0,4,4,4,2,0
txn_07b88c42995b,449.35,0.1437,12,0,21,21,21,3,19,2340.0,0.0286,230.01,653.0,0.0134,0.0095,0.2442,0.032,855.0,1.0,1,post_transaction_abuse,return_policy_abuse,post_return_policy_001,scn_3ffe7ebdbbdf,stealth_fraud,1,4,1,2,0,0,0,6,2,0
txn_6f58ebeae2a1,285.24,0.4433,14,0,21,21,21,3,20,2340.0,0.0286,230.01,653.0,0.0134,0.0095,0.2442,0.032,855.0,1.0,1,post_transaction_abuse,return_policy_abuse,post_return_policy_001,scn_3ffe7ebdbbdf,stealth_fraud,4,4,1,2,0,4,4,1,1,0
txn_7a9294fd7b05,78.04,0.518,15,0,21,21,21,3,20,2340.0,0.0286,230.01,653.0,0.0134,0.0095,0.2442,0.032,855.0,1.0,1,post_transaction_abuse,return_policy_abuse,post_return_policy_001,scn_3ffe7ebdbbdf,stealth_fraud,1,4,1,2,0,2,2,4,2,0
txn_4cbf5649ca34,431.42,0.3391,16,0,21,21,21,3,20,2340.0,0.0286,230.01,653.0,0.0134,0.0095,0.2442,0.032,855.0,1.0,1,post_transaction_abuse,return_policy_abuse,post_return_policy_001,scn_3ffe7ebdbbdf,stealth_fraud,0,4,1,2,0,4,4,3,2,0
txn_88770af98e0c,87.87,0.4595,18,0,21,21,21,3,20,2340.0,0.0286,230.01,653.0,0.0134,0.0095,0.2442,0.032,855.0,1.0,1,post_transaction_abuse,return_policy_abuse,post_return_policy_001,scn_3ffe7ebdbbdf,stealth_fraud,3,4,1,2,0,1,1,4,1,0
txn_c477b9d65e63,281.53,0.4269,19,0,21,21,21,3,18,2340.0,0.0286,230.01,653.0,0.0134,0.0095,0.2442,0.032,855.0,1.0,1,post_transaction_abuse,return_policy_abuse,post_return_policy_001,scn_3ffe7ebdbbdf,stealth_fraud,1,4,1,2,0,3,3,6,2,0
txn_de1dbeded6bd,196.22,0.4573,20,0,21,21,21,3,17,2340.0,0.0286,230.01,653.0,0.0134,0.0095,0.2442,0.032,855.0,1.0,1,post_transaction_abuse,return_policy_abuse,post_return_policy_001,scn_3ffe7ebdbbdf,stealth_fraud,1,4,1,2,0,2,2,0,1,0
txn_985ce798d10c,405.63,0.3143,22,0,21,21,21,3,17,2340.0,0.0286,230.01,653.0,0.0134,0.0095,0.2442,0.032,855.0,1.0,1,post_transaction_abuse,return_policy_abuse,post_return_policy_001,scn_3ffe7ebdbbdf,stealth_fraud,2,4,1,2,0,3,3,2,1,0
txn_fc230ec45fad,81.0,0.3281,23,0,21,21,21,3,16,2340.0,0.0286,230.01,653.0,0.0134,0.0095,0.2442,0.032,855.0,1.0,1,post_transaction_abuse,return_policy_abuse,post_return_policy_001,scn_3ffe7ebdbbdf,stealth_fraud,4,4,1,2,0,5,5,6,2,0
txn_71da449119ca,296.59,0.3924,0,0,21,21,21,3,15,2340.0,0.0286,230.01,653.0,0.0134,0.0095,0.2442,0.032,855.0,1.0,1,post_transaction_abuse,return_policy_abuse,post_return_policy_001,scn_3ffe7ebdbbdf,stealth_fraud,3,4,1,2,0,2,2,4,2,0
txn_3ed048f3b7ae,303.3,0.3032,2,0,21,21,21,3,13,2340.0,0.0286,230.01,653.0,0.0134,0.0095,0.2442,0.032,855.0,1.0,1,post_transaction_abuse,return_policy_abuse,post_return_policy_001,scn_3ffe7ebdbbdf,stealth_fraud,1,4,1,2,0,5,5,6,2,0
txn_e8e15014ff39,397.61,0.2012,3,1,21,21,21,3,12,2340.0,0.0286,230.01,653.0,0.0134,0.0095,0.2442,0.032,855.0,1.0,1,post_transaction_abuse,return_policy_abuse,post_return_policy_001,scn_3ffe7ebdbbdf,stealth_fraud,0,4,1,2,0,5,4,1,1,0
txn_bb6474931f34,261.75,0.2983,4,0,21,21,21,3,11,2340.0,0.0286,230.01,653.0,0.0134,0.0095,0.2442,0.032,855.0,1.0,1,post_transaction_abuse,return_policy_abuse,post_return_policy_001,scn_3ffe7ebdbbdf,stealth_fraud,0,4,1,2,0,4,4,3,2,0
txn_788bc774e926,128.55,0.2896,6,0,21,21,21,3,11,2340.0,0.0286,230.01,653.0,0.0134,0.0095,0.2442,0.032,855.0,1.0,1,post_transaction_abuse,return_policy_abuse,post_return_policy_001,scn_3ffe7ebdbbdf,stealth_fraud,3,4,1,2,0,1,1,4,2,0
txn_33ec359a3f82,231.26,0.5828,7,0,21,21,21,3,11,2340.0,0.0286,230.01,653.0,0.0134,0.0095,0.2442,0.032,855.0,1.0,1,post_transaction_abuse,return_policy_abuse,post_return_policy_001,scn_3ffe7ebdbbdf,stealth_fraud,0,4,1,2,0,3,3,3,1,0
txn_d1eb5d8e7d34,140.48,0.5339,8,1,21,21,21,3,11,2340.0,0.0286,230.01,653.0,0.0134,0.0095,0.2442,0.032,855.0,1.0,1,post_transaction_abuse,return_policy_abuse,post_return_policy_001,scn_3ffe7ebdbbdf,stealth_fraud,2,4,1,2,0,2,0,5,1,0
txn_d5924f6ce235,350.23,0.5986,10,0,21,21,21,3,11,2340.0,0.0286,230.01,653.0,0.0134,0.0095,0.2442,0.032,855.0,1.0,1,post_transaction_abuse,return_policy_abuse,post_return_policy_001,scn_3ffe7ebdbbdf,stealth_fraud,4,4,1,2,0,3,3,4,1,0
txn_d91b87234f96,241.95,0.2962,11,1,21,21,21,3,11,2340.0,0.0286,230.01,653.0,0.0134,0.0095,0.2442,0.032,855.0,1.0,1,post_transaction_abuse,return_policy_abuse,post_return_policy_001,scn_3ffe7ebdbbdf,stealth_fraud,3,4,1,2,0,0,5,5,2,0
txn_14cac801add9,275.4,0.1822,12,0,21,21,21,3,11,2340.0,0.0286,230.01,653.0,0.0134,0.0095,0.2442,0.032,855.0,1.0,1,post_transaction_abuse,return_policy_abuse,post_return_policy_001,scn_3ffe7ebdbbdf,stealth_fraud,3,4,1,2,0,4,4,5,2,0
txn_9f8359313748,144.56,0.3317,10,0,6,6,6,3,19,1035.0,0.0006,68.63,2254.0,0.0098,0.0071,0.2736,0.0816,947.0,1.0,1,social_engineering_payment_fraud,ai_impersonation,social_ai_impersonation_001,scn_616d138d9d15,stealth_fraud,2,2,1,1,0,2,2,2,1,0
txn_80c50628e3ad,17.1,0.4623,11,0,6,6,6,3,19,1035.0,0.0006,68.63,2254.0,0.0098,0.0071,0.2736,0.0816,947.0,1.0,1,social_engineering_payment_fraud,ai_impersonation,social_ai_impersonation_001,scn_616d138d9d15,stealth_fraud,1,2,1,1,0,5,5,2,1,0
txn_58b332f82dc4,92.66,0.159,13,0,6,6,6,3,20,1035.0,0.0006,68.63,2254.0,0.0098,0.0071,0.2736,0.0816,947.0,1.0,1,social_engineering_payment_fraud,ai_impersonation,social_ai_impersonation_001,scn_616d138d9d15,stealth_fraud,1,2,1,1,0,3,3,2,1,0
txn_e15cc02fb794,74.76,0.4102,15,0,6,6,6,3,20,1035.0,0.0006,68.63,2254.0,0.0098,0.0071,0.2736,0.0816,947.0,1.0,1,social_engineering_payment_fraud,ai_impersonation,social_ai_impersonation_001,scn_616d138d9d15,stealth_fraud,2,2,1,1,0,2,2,2,1,0
txn_d832b2334ba8,28.55,0.6217,17,0,6,6,6,3,20,1035.0,0.0006,68.63,2254.0,0.0098,0.0071,0.2736,0.0816,947.0,1.0,1,social_engineering_payment_fraud,ai_impersonation,social_ai_impersonation_001,scn_616d138d9d15,stealth_fraud,1,2,1,1,0,2,2,2,1,0
txn_c551834061fa,125.57,0.1846,19,0,6,6,6,3,20,1035.0,0.0006,68.63,2254.0,0.0098,0.0071,0.2736,0.0816,947.0,1.0,1,social_engineering_payment_fraud,ai_impersonation,social_ai_impersonation_001,scn_616d138d9d15,stealth_fraud,0,2,1,1,0,0,0,2,1,0
txn_a89dc4984c94,34.91,0.3673,10,0,9,9,9,3,19,1264.0,0.0528,123.61,2502.0,0.0246,0.0112,0.235,0.1684,98.0,0.0,1,social_engineering_payment_fraud,authorized_push_payment_scam,social_app_scam_001,scn_f3943cb603e1,stealth_fraud,2,1,2,3,0,3,3,2,0,0
txn_e75b31e0ab73,35.09,0.3603,11,0,9,9,9,3,20,1264.0,0.0528,123.61,2502.0,0.0246,0.0112,0.235,0.1684,98.0,0.0,1,social_engineering_payment_fraud,authorized_push_payment_scam,social_app_scam_001,scn_f3943cb603e1,stealth_fraud,3,1,2,3,0,2,2,2,0,0
txn_fac58334c15f,40.64,0.4142,12,0,9,9,9,3,20,1264.0,0.0528,123.61,2502.0,0.0246,0.0112,0.235,0.1684,98.0,0.0,1,social_engineering_payment_fraud,authorized_push_payment_scam,social_app_scam_001,scn_f3943cb603e1,stealth_fraud,1,1,2,3,0,1,1,2,0,0
txn_27eafd08f31c,68.53,0.1774,14,0,9,9,9,3,20,1264.0,0.0528,123.61,2502.0,0.0246,0.0112,0.235,0.1684,98.0,0.0,1,social_engineering_payment_fraud,authorized_push_payment_scam,social_app_scam_001,scn_f3943cb603e1,stealth_fraud,0,1,2,3,0,1,1,2,0,0
txn_f149af4fd5fd,23.9,0.3696,15,0,9,9,9,3,20,1264.0,0.0528,123.61,2502.0,0.0246,0.0112,0.235,0.1684,98.0,0.0,1,social_engineering_payment_fraud,authorized_push_payment_scam,social_app_scam_001,scn_f3943cb603e1,stealth_fraud,2,1,2,3,0,1,1,2,0,0
txn_677b2eb50eb5,91.83,0.371,17,1,9,9,9,3,18,1264.0,0.0528,123.61,2502.0,0.0246,0.0112,0.235,0.1684,98.0,0.0,1,social_engineering_payment_fraud,authorized_push_payment_scam,social_app_scam_001,scn_f3943cb603e1,stealth_fraud,3,1,2,3,0,3,0,2,0,0
txn_ea8a1ea7bbb4,15.11,0.263,18,0,9,9,9,3,17,1264.0,0.0528,123.61,2502.0,0.0246,0.0112,0.235,0.1684,98.0,0.0,1,social_engineering_payment_fraud,authorized_push_payment_scam,social_app_scam_001,scn_f3943cb603e1,stealth_fraud,3,1,2,3,0,2,2,2,0,0
txn_e452fcbf5851,36.53,0.08,20,0,9,9,9,3,17,1264.0,0.0528,123.61,2502.0,0.0246,0.0112,0.235,0.1684,98.0,0.0,1,social_engineering_payment_fraud,authorized_push_payment_scam,social_app_scam_001,scn_f3943cb603e1,stealth_fraud,1,1,2,3,0,1,1,2,0,0
txn_4f22ab59c398,46.33,0.3037,21,0,9,9,9,3,16,1264.0,0.0528,123.61,2502.0,0.0246,0.0112,0.235,0.1684,98.0,0.0,1,social_engineering_payment_fraud,authorized_push_payment_scam,social_app_scam_001,scn_f3943cb603e1,stealth_fraud,1,1,2,3,0,2,2,2,0,0
txn_8934083b69e4,7163.4,0.4152,10,0,9,9,9,3,20,2641.0,0.0563,29.3,1769.0,0.0522,0.0022,0.1596,0.2319,387.0,0.0,1,social_engineering_payment_fraud,business_email_compromise,social_bec_001,scn_0889a10644c3,stealth_fraud,4,5,5,1,0,0,0,2,0,0
txn_56d3af73fb58,26473.89,0.2357,11,0,9,9,9,3,20,2641.0,0.0563,29.3,1769.0,0.0522,0.0022,0.1596,0.2319,387.0,0.0,1,social_engineering_payment_fraud,business_email_compromise,social_bec_001,scn_0889a10644c3,stealth_fraud,3,5,5,1,0,3,3,2,0,0
txn_e2b405637cf8,31745.61,0.5744,12,0,9,9,9,3,20,2641.0,0.0563,29.3,1769.0,0.0522,0.0022,0.1596,0.2319,387.0,0.0,1,social_engineering_payment_fraud,business_email_compromise,social_bec_001,scn_0889a10644c3,stealth_fraud,4,5,5,1,0,2,2,2,0,0
txn_05f24770e359,14501.02,0.3972,14,0,9,9,9,3,20,2641.0,0.0563,29.3,1769.0,0.0522,0.0022,0.1596,0.2319,387.0,0.0,1,social_engineering_payment_fraud,business_email_compromise,social_bec_001,scn_0889a10644c3,stealth_fraud,2,5,5,1,0,3,3,2,0,0
txn_7f4cf57ab41f,52063.28,0.4975,15,0,9,9,9,3,18,2641.0,0.0563,29.3,1769.0,0.0522,0.0022,0.1596,0.2319,387.0,0.0,1,social_engineering_payment_fraud,business_email_compromise,social_bec_001,scn_0889a10644c3,stealth_fraud,4,5,5,1,0,5,5,2,0,0
txn_6a983f363ed1,54030.14,0.3075,17,0,9,9,9,3,17,2641.0,0.0563,29.3,1769.0,0.0522,0.0022,0.1596,0.2319,387.0,0.0,1,social_engineering_payment_fraud,business_email_compromise,social_bec_001,scn_0889a10644c3,stealth_fraud,2,5,5,1,0,1,1,2,0,0
txn_8fdb524241e0,27513.4,0.4399,18,0,9,9,9,3,17,2641.0,0.0563,29.3,1769.0,0.0522,0.0022,0.1596,0.2319,387.0,0.0,1,social_engineering_payment_fraud,business_email_compromise,social_bec_001,scn_0889a10644c3,stealth_fraud,0,5,5,1,0,3,3,2,0,0
txn_2726526371ea,8430.24,0.477,20,0,9,9,9,3,16,2641.0,0.0563,29.3,1769.0,0.0522,0.0022,0.1596,0.2319,387.0,0.0,1,social_engineering_payment_fraud,business_email_compromise,social_bec_001,scn_0889a10644c3,stealth_fraud,3,5,5,1,0,3,3,2,0,0
txn_695c6fb4c160,57032.2,0.6077,21,0,9,9,9,3,15,2641.0,0.0563,29.3,1769.0,0.0522,0.0022,0.1596,0.2319,387.0,0.0,1,social_engineering_payment_fraud,business_email_compromise,social_bec_001,scn_0889a10644c3,stealth_fraud,0,5,5,1,0,5,5,2,0,0
txn_68f6d07f4c51,28710.77,0.3862,10,0,4,4,4,3,20,1238.0,0.0271,159.83,3695.0,0.0449,0.004,0.2219,0.1842,307.0,0.0,1,social_engineering_payment_fraud,executive_impersonation,social_exec_impersonation_001,scn_829d97148ee8,stealth_fraud,3,5,5,1,0,3,3,2,0,0
txn_fcaae8cd0c46,3607.68,0.7012,11,0,4,4,4,3,20,1238.0,0.0271,159.83,3695.0,0.0449,0.004,0.2219,0.1842,307.0,0.0,1,social_engineering_payment_fraud,executive_impersonation,social_exec_impersonation_001,scn_829d97148ee8,stealth_fraud,2,5,5,1,0,1,1,2,0,0
txn_2eda3c051a2c,41848.36,0.6034,13,0,4,4,4,3,20,1238.0,0.0271,159.83,3695.0,0.0449,0.004,0.2219,0.1842,307.0,0.0,1,social_engineering_payment_fraud,executive_impersonation,social_exec_impersonation_001,scn_829d97148ee8,stealth_fraud,0,5,5,1,0,5,5,2,0,0
txn_67f53723ab08,1912.68,0.3557,15,0,4,4,4,1,18,1238.0,0.0271,159.83,3695.0,0.0449,0.004,0.2219,0.1842,307.0,0.0,1,social_engineering_payment_fraud,executive_impersonation,social_exec_impersonation_001,scn_829d97148ee8,stealth_fraud,2,5,5,1,0,5,5,2,0,0
txn_2b9f2eacf810,48963.03,0.2849,10,0,7,7,7,3,20,866.0,0.2968,60.46,232.0,0.1982,0.0065,0.2708,0.2842,88.0,0.0,1,social_engineering_payment_fraud,vendor_rerouting,social_vendor_reroute_001,scn_9c10ec0e2367,overt_fraud,2,5,0,1,0,5,5,2,0,0
txn_b846a31ecaa3,38339.19,0.2014,11,0,7,7,7,3,20,866.0,0.2968,60.46,232.0,0.1982,0.0065,0.2708,0.2842,88.0,0.0,1,social_engineering_payment_fraud,vendor_rerouting,social_vendor_reroute_001,scn_9c10ec0e2367,overt_fraud,0,5,0,1,0,2,2,2,0,0
txn_caae463f29bf,21384.73,0.5005,12,0,7,7,7,3,18,866.0,0.2968,60.46,232.0,0.1982,0.0065,0.2708,0.2842,88.0,0.0,1,social_engineering_payment_fraud,vendor_rerouting,social_vendor_reroute_001,scn_9c10ec0e2367,overt_fraud,0,5,0,1,0,1,1,2,0,0
txn_1b1e48b23cef,21810.46,0.458,14,0,7,7,7,3,17,866.0,0.2968,60.46,232.0,0.1982,0.0065,0.2708,0.2842,88.0,0.0,1,social_engineering_payment_fraud,vendor_rerouting,social_vendor_reroute_001,scn_9c10ec0e2367,overt_fraud,1,5,0,1,0,0,0,2,0,0
txn_476c53b92164,30953.32,0.2387,15,0,7,7,7,3,17,866.0,0.2968,60.46,232.0,0.1982,0.0065,0.2708,0.2842,88.0,0.0,1,social_engineering_payment_fraud,vendor_rerouting,social_vendor_reroute_001,scn_9c10ec0e2367,overt_fraud,0,5,0,1,0,0,0,2,0,0
txn_07ee79da9f78,12319.71,0.4124,17,0,7,7,7,3,16,866.0,0.2968,60.46,232.0,0.1982,0.0065,0.2708,0.2842,88.0,0.0,1,social_engineering_payment_fraud,vendor_rerouting,social_vendor_reroute_001,scn_9c10ec0e2367,overt_fraud,4,5,0,1,0,2,2,2,0,0
txn_fd1deec424ba,15425.57,0.2372,18,0,7,7,7,1,15,866.0,0.2968,60.46,232.0,0.1982,0.0065,0.2708,0.2842,88.0,0.0,1,social_engineering_payment_fraud,vendor_rerouting,social_vendor_reroute_001,scn_9c10ec0e2367,overt_fraud,0,5,0,1,0,2,2,2,0,0
