transaction_id,amount,risk_score,event_hour,billing_shipping_mismatch,customer_transaction_count,merchant_transaction_count,device_transaction_count,session_transaction_count,ip_transaction_count,customer_account_age_days,customer_historical_decline_rate,customer_historical_spend_mean,merchant_age_days,merchant_refund_rate,merchant_chargeback_rate,merchant_volume_growth_rate,device_ip_reputation_score,device_first_seen_days_ago,device_failed_login_count,label,attack_bucket,attack_subtype,currency_code,channel_code,rail_code,transaction_type_code,status_code,billing_country_code,shipping_country_code,merchant_category_code,payment_method_type_code,auth_result_code
txn_f5142e8ab368,17.8,0.2542,0,0,4,28,5,1,3,1160.0,0.0672,28.96,1761.0,0.0243,0.0052,0.066,0.0274,1378.0,0.0,0,,,1,8,3,1,0,5,5,3,3,0
txn_10449be37726,83.57,0.1736,0,0,4,28,5,1,7,1160.0,0.0672,28.96,1599.0,0.0738,0.0026,0.1809,0.0274,1378.0,0.0,0,,,4,4,1,1,0,0,0,3,0,0
txn_26d576d350fd,6.66,0.1237,0,0,4,28,5,1,2,1160.0,0.0672,28.96,936.0,0.0198,0.0118,0.0269,0.0274,1378.0,0.0,0,,,4,8,1,1,0,2,2,3,3,0
txn_1e336c972dc2,23.54,0.1055,0,0,4,28,5,1,3,1160.0,0.0672,28.96,983.0,0.0033,0.0042,0.3208,0.0274,1378.0,0.0,0,,,3,6,1,1,0,2,2,5,3,0
txn_379e585fbbf9,31.57,0.1598,1,0,4,28,5,1,2,1844.0,0.0509,79.23,1962.0,0.0102,0.0077,0.2298,0.0274,1378.0,0.0,0,,,2,8,1,1,0,0,0,5,2,0
txn_4e6870abfd29,176.65,0.0894,0,0,4,28,5,1,2,1844.0,0.0509,79.23,1838.0,0.0263,0.0084,0.0979,0.1129,884.0,0.0,0,,,4,6,3,1,0,1,1,5,2,0
txn_c206a31ff7e0,23.87,0.1175,0,0,4,28,5,1,3,1844.0,0.0509,79.23,4546.0,0.0468,0.0064,0.1401,0.1129,884.0,0.0,0,,,0,10,4,1,0,4,4,6,2,0
txn_f1e98d17caf5,15.42,0.2063,1,0,4,28,5,1,2,1844.0,0.0509,79.23,174.0,0.0307,0.0109,0.0235,0.1129,884.0,0.0,0,,,4,10,3,1,0,0,0,1,2,0
txn_2f98a4660c29,20.36,0.1306,1,0,4,28,5,1,3,279.0,0.0746,122.0,586.0,0.0254,0.011,0.2833,0.1129,884.0,0.0,0,,,0,6,3,1,0,2,2,6,0,0
txn_ecc107c778b7,64.66,0.1753,1,0,4,28,5,1,3,279.0,0.0746,122.0,4262.0,0.0649,0.0077,0.2657,0.1129,884.0,0.0,0,,,2,10,3,1,0,2,2,5,3,0
txn_34ac9ef571e6,20.15,0.2091,3,0,4,28,5,1,3,279.0,0.0746,122.0,1003.0,0.0577,0.0049,0.1719,0.0068,439.0,1.0,0,,,3,4,1,1,0,3,3,5,0,0
txn_59a2fe596426,13.12,0.1944,1,0,4,28,5,1,3,279.0,0.0746,122.0,2775.0,0.025,0.0097,0.1734,0.0068,439.0,1.0,0,,,0,4,1,1,0,0,0,1,1,0
txn_56d0609fa109,38.17,0.0983,5,0,4,28,5,1,5,1411.0,0.033,92.23,3942.0,0.076,0.0025,0.0486,0.0068,439.0,1.0,0,,,0,6,1,1,0,4,4,2,3,0
txn_4567c4cde7b7,72.84,0.1302,3,0,4,28,5,1,2,1411.0,0.033,92.23,1181.0,0.0215,0.0061,0.2735,0.0068,439.0,1.0,0,,,3,4,4,1,0,0,0,1,2,0
txn_917948913213,20.82,0.1847,5,0,4,27,5,1,1,1411.0,0.033,92.23,4557.0,0.0435,0.0062,0.1021,0.0068,439.0,1.0,0,,,4,6,4,1,0,3,3,6,3,0
txn_5a748823564c,30.51,0.1136,6,0,4,27,5,1,4,1411.0,0.033,92.23,4951.0,0.0131,0.002,0.3476,0.0026,909.0,0.0,0,,,3,4,1,1,0,5,5,4,2,0
txn_ba500d83f947,122.29,0.211,2,0,4,27,5,1,1,1826.0,0.0246,102.71,349.0,0.0495,0.0138,0.1588,0.0026,909.0,0.0,0,,,4,8,3,1,0,5,5,3,0,0
txn_247601281e67,20.92,0.1913,3,0,4,27,5,1,2,1826.0,0.0246,102.71,3096.0,0.0229,0.0005,0.1666,0.0026,909.0,0.0,0,,,0,10,4,1,0,1,1,2,2,0
txn_ee2a1bca658d,26.06,0.0544,7,0,4,28,5,1,2,1826.0,0.0246,102.71,1761.0,0.0243,0.0052,0.066,0.0026,909.0,0.0,0,,,4,8,3,1,0,2,2,1,3,0
txn_775c9fd8ae76,29.45,0.0642,7,0,4,28,5,1,4,1826.0,0.0246,102.71,1599.0,0.0738,0.0026,0.1809,0.0026,909.0,0.0,0,,,2,6,3,1,0,3,3,3,0,0
txn_f24567c918e8,25.68,0.0833,2,0,4,28,5,1,1,2192.0,0.0611,276.7,936.0,0.0198,0.0118,0.0269,0.1502,1058.0,1.0,0,,,4,10,1,1,0,1,1,2,1,0
txn_c821c103346c,96.5,0.2139,2,0,4,28,5,1,6,2192.0,0.0611,276.7,983.0,0.0033,0.0042,0.3208,0.1502,1058.0,1.0,0,,,1,10,4,1,0,3,3,4,1,0
txn_29a289332c36,168.6,0.1251,5,0,4,28,5,1,3,2192.0,0.0611,276.7,1962.0,0.0102,0.0077,0.2298,0.1502,1058.0,1.0,0,,,4,4,4,1,0,0,0,2,2,0
txn_00b1384bc661,47.96,0.2006,8,0,4,28,5,1,6,2192.0,0.0611,276.7,1838.0,0.0263,0.0084,0.0979,0.1502,1058.0,1.0,0,,,1,4,3,1,0,2,2,2,2,0
txn_c13154d09aba,51.3,0.124,2,0,4,28,5,1,1,736.0,0.0473,47.02,4546.0,0.0468,0.0064,0.1401,0.1502,1058.0,1.0,0,,,1,6,3,1,0,2,2,0,1,0
txn_d57b99a8cc53,48.38,0.2066,6,0,4,28,5,1,1,736.0,0.0473,47.02,174.0,0.0307,0.0109,0.0235,0.1886,231.0,1.0,0,,,3,4,1,1,0,2,2,0,3,0
txn_8a990305aa8c,82.43,0.1758,1,0,4,28,5,1,5,736.0,0.0473,47.02,586.0,0.0254,0.011,0.2833,0.1886,231.0,1.0,0,,,2,10,4,1,0,3,3,0,1,0
txn_1f534183e6ad,25.19,0.2772,3,0,4,28,5,1,3,736.0,0.0473,47.02,4262.0,0.0649,0.0077,0.2657,0.1886,231.0,1.0,0,,,4,4,3,1,0,1,1,3,2,0
txn_d2e1c7881702,23.51,0.1328,4,0,4,28,5,1,3,2815.0,0.0236,31.49,1003.0,0.0577,0.0049,0.1719,0.1886,231.0,1.0,0,,,2,4,4,1,0,2,2,1,3,0
txn_f7e6768d6e91,52.3,0.2428,7,0,4,28,5,1,4,2815.0,0.0236,31.49,2775.0,0.025,0.0097,0.1734,0.1886,231.0,1.0,0,,,2,10,1,1,0,2,2,1,2,0
txn_991647e01c50,18.01,0.1388,12,0,4,28,5,1,3,2815.0,0.0236,31.49,3942.0,0.076,0.0025,0.0486,0.0252,950.0,1.0,0,,,4,10,4,1,0,5,5,2,1,0
txn_f42976b67a1b,17.58,0.2657,9,0,4,28,5,1,1,2815.0,0.0236,31.49,1181.0,0.0215,0.0061,0.2735,0.0252,950.0,1.0,0,,,0,6,3,1,0,3,3,1,0,0
txn_179aa9fecb46,16.49,0.0489,5,0,4,27,5,1,2,1716.0,0.0313,97.08,4557.0,0.0435,0.0062,0.1021,0.0252,950.0,1.0,0,,,4,4,1,1,0,0,0,2,0,0
txn_e07c6c345784,22.48,0.1013,7,0,4,27,5,1,1,1716.0,0.0313,97.08,4951.0,0.0131,0.002,0.3476,0.0252,950.0,1.0,0,,,1,10,4,1,0,4,4,1,1,0
txn_6c1bfd5b7231,156.28,0.1692,5,0,4,27,5,1,4,1716.0,0.0313,97.08,349.0,0.0495,0.0138,0.1588,0.0252,950.0,1.0,0,,,2,4,4,1,0,5,5,0,1,0
txn_41c6ade2a40b,50.58,0.0776,14,0,4,27,5,1,1,1716.0,0.0313,97.08,3096.0,0.0229,0.0005,0.1666,0.1947,871.0,0.0,0,,,0,8,1,1,0,2,2,3,0,0
txn_c2d2bdcb73eb,14.52,0.178,4,0,4,28,5,1,2,353.0,0.0411,198.57,1761.0,0.0243,0.0052,0.066,0.1947,871.0,0.0,0,,,1,8,1,1,0,0,0,2,2,0
txn_d3babd780366,49.41,0.1412,12,0,4,28,5,1,7,353.0,0.0411,198.57,1599.0,0.0738,0.0026,0.1809,0.1947,871.0,0.0,0,,,0,4,1,1,0,3,3,3,3,0
txn_312f251c7288,6.75,0.1627,15,0,4,28,5,1,2,353.0,0.0411,198.57,936.0,0.0198,0.0118,0.0269,0.1947,871.0,0.0,0,,,0,8,1,1,0,2,2,2,2,0
txn_4dcd5c5b4f5b,9.86,0.2112,11,0,4,28,5,1,5,353.0,0.0411,198.57,983.0,0.0033,0.0042,0.3208,0.1947,871.0,0.0,0,,,0,10,1,1,0,2,2,3,1,0
txn_1d6ba91f198a,42.39,0.0531,12,0,4,28,5,1,4,2201.0,0.0369,35.27,1962.0,0.0102,0.0077,0.2298,0.17,351.0,1.0,0,,,4,4,1,1,0,4,4,1,3,0
txn_a307a9b90fa0,26.44,0.1386,11,0,4,28,5,1,6,2201.0,0.0369,35.27,1838.0,0.0263,0.0084,0.0979,0.17,351.0,1.0,0,,,1,10,4,1,0,3,3,3,1,0
txn_d859b976d957,17.55,0.1627,2,0,4,28,5,1,5,2201.0,0.0369,35.27,4546.0,0.0468,0.0064,0.1401,0.17,351.0,1.0,0,,,2,10,1,1,0,1,1,2,0,0
txn_01e25959fded,21.46,0.255,2,0,4,28,5,1,4,2201.0,0.0369,35.27,174.0,0.0307,0.0109,0.0235,0.17,351.0,1.0,0,,,3,6,4,1,0,3,3,3,3,0
txn_06cdd8aa8d06,35.25,0.1264,7,0,4,28,5,1,1,403.0,0.0232,168.56,586.0,0.0254,0.011,0.2833,0.17,351.0,1.0,0,,,4,4,1,1,0,3,3,3,0,0
txn_d9e46eb30b54,8.99,0.0741,15,0,4,28,5,1,2,403.0,0.0232,168.56,4262.0,0.0649,0.0077,0.2657,0.0346,249.0,0.0,0,,,1,8,1,1,0,5,5,0,0,0
txn_52daf3084756,15.3,0.0614,6,0,4,28,5,1,3,403.0,0.0232,168.56,1003.0,0.0577,0.0049,0.1719,0.0346,249.0,0.0,0,,,1,6,3,1,0,3,3,0,1,0
txn_186666b133c9,15.08,0.17,16,0,4,28,5,1,3,403.0,0.0232,168.56,2775.0,0.025,0.0097,0.1734,0.0346,249.0,0.0,0,,,0,10,3,1,0,2,2,6,3,0
txn_626ea8ea3dbc,9.53,0.2097,6,0,4,28,5,1,3,1832.0,0.0489,210.77,3942.0,0.076,0.0025,0.0486,0.0346,249.0,0.0,0,,,1,4,3,1,0,2,2,0,1,0
txn_e4e65d53655e,22.65,0.2791,15,0,4,28,5,1,3,1832.0,0.0489,210.77,1181.0,0.0215,0.0061,0.2735,0.0346,249.0,0.0,0,,,3,6,1,1,0,0,0,3,0,0
txn_55f96b81db31,91.68,0.268,15,0,4,27,5,1,4,1832.0,0.0489,210.77,4557.0,0.0435,0.0062,0.1021,0.1559,1430.0,0.0,0,,,1,8,4,1,0,4,4,1,1,0
txn_cc3b2532dd56,16.07,0.0496,11,0,4,27,5,1,3,1832.0,0.0489,210.77,4951.0,0.0131,0.002,0.3476,0.1559,1430.0,0.0,0,,,3,10,3,1,0,3,3,0,0,0
txn_d422205dcfe9,79.7,0.2233,19,0,4,27,5,1,2,1659.0,0.0502,130.05,349.0,0.0495,0.0138,0.1588,0.1559,1430.0,0.0,0,,,1,8,4,1,0,5,5,5,2,0
txn_4126188cc2b1,44.04,0.2425,8,0,4,27,5,1,5,1659.0,0.0502,130.05,3096.0,0.0229,0.0005,0.1666,0.1559,1430.0,0.0,0,,,0,4,1,1,0,4,4,1,0,0
txn_18c95871a86d,15.06,0.2017,17,0,4,28,5,1,4,1659.0,0.0502,130.05,1761.0,0.0243,0.0052,0.066,0.1559,1430.0,0.0,0,,,3,4,1,1,0,0,0,0,3,0
txn_ba2dc718e9c9,32.57,0.212,19,0,4,28,5,1,3,1659.0,0.0502,130.05,1599.0,0.0738,0.0026,0.1809,0.0033,641.0,0.0,0,,,1,6,3,1,0,0,0,6,2,0
txn_c515096d7361,75.54,0.1139,19,0,4,28,5,1,4,2282.0,0.0184,106.24,936.0,0.0198,0.0118,0.0269,0.0033,641.0,0.0,0,,,2,4,1,1,0,3,3,2,0,0
txn_3a4065129c2c,69.98,0.2717,12,0,4,28,5,1,3,2282.0,0.0184,106.24,983.0,0.0033,0.0042,0.3208,0.0033,641.0,0.0,0,,,2,8,3,1,0,3,3,4,1,0
txn_465e778fdece,20.89,0.1366,15,0,4,28,5,1,2,2282.0,0.0184,106.24,1962.0,0.0102,0.0077,0.2298,0.0033,641.0,0.0,0,,,4,10,1,1,0,5,5,1,2,0
txn_ec60b8aa307c,39.4,0.059,16,0,4,28,5,1,3,2282.0,0.0184,106.24,1838.0,0.0263,0.0084,0.0979,0.0033,641.0,0.0,0,,,3,8,4,1,0,1,1,0,3,0
txn_2b1713ca7a82,34.54,0.2523,12,0,4,28,5,1,3,2996.0,0.0568,267.29,4546.0,0.0468,0.0064,0.1401,0.2001,534.0,1.0,0,,,0,4,3,1,0,0,0,5,3,0
txn_3debab9cd7df,34.48,0.0762,15,0,4,28,5,1,2,2996.0,0.0568,267.29,174.0,0.0307,0.0109,0.0235,0.2001,534.0,1.0,0,,,1,10,3,1,0,5,5,6,1,0
txn_3e2c458de003,28.04,0.1635,13,0,4,28,5,1,5,2996.0,0.0568,267.29,586.0,0.0254,0.011,0.2833,0.2001,534.0,1.0,0,,,0,10,3,1,0,2,2,6,0,0
txn_9c0e215391d2,70.78,0.0415,9,0,4,28,5,1,2,2996.0,0.0568,267.29,4262.0,0.0649,0.0077,0.2657,0.2001,534.0,1.0,0,,,2,8,1,1,0,2,2,3,1,0
txn_4c6522969cfd,6.42,0.2093,17,0,4,28,5,1,4,1470.0,0.0246,212.06,1003.0,0.0577,0.0049,0.1719,0.2001,534.0,1.0,0,,,4,4,4,1,0,2,2,5,3,0
txn_ea28de44bcf5,8.76,0.0473,3,0,4,28,5,1,2,1470.0,0.0246,212.06,2775.0,0.025,0.0097,0.1734,0.0723,237.0,1.0,0,,,4,10,4,1,0,5,5,2,3,0
txn_59fce9e95f2c,69.96,0.0767,16,0,4,28,5,1,3,1470.0,0.0246,212.06,3942.0,0.076,0.0025,0.0486,0.0723,237.0,1.0,0,,,0,8,4,1,0,1,1,6,3,0
txn_cf9ff32b920d,21.24,0.1339,18,0,4,28,5,1,2,1470.0,0.0246,212.06,1181.0,0.0215,0.0061,0.2735,0.0723,237.0,1.0,0,,,3,8,4,1,0,3,3,1,0,0
txn_f631ef3f55c2,35.29,0.0978,10,0,4,27,5,1,3,206.0,0.003,202.36,4557.0,0.0435,0.0062,0.1021,0.0723,237.0,1.0,0,,,0,8,3,1,0,5,5,3,3,0
txn_8ccedb43cc52,49.76,0.0646,10,0,4,27,5,1,3,206.0,0.003,202.36,4951.0,0.0131,0.002,0.3476,0.0723,237.0,1.0,0,,,4,10,3,1,0,1,1,1,1,0
txn_affbd4c9c276,18.02,0.2216,4,0,4,27,5,1,3,206.0,0.003,202.36,349.0,0.0495,0.0138,0.1588,0.1611,698.0,1.0,0,,,2,6,3,1,0,5,5,1,3,0
txn_feee4662f51c,80.75,0.0626,17,0,4,27,5,1,3,206.0,0.003,202.36,3096.0,0.0229,0.0005,0.1666,0.1611,698.0,1.0,0,,,0,4,4,1,0,4,4,0,3,0
txn_58a2fbf81de9,24.44,0.1992,6,0,4,28,5,1,1,1817.0,0.0413,66.93,1761.0,0.0243,0.0052,0.066,0.1611,698.0,1.0,0,,,4,10,3,1,0,4,4,3,2,0
txn_2b2d42a02389,6.15,0.185,7,0,4,28,5,1,4,1817.0,0.0413,66.93,1599.0,0.0738,0.0026,0.1809,0.1611,698.0,1.0,0,,,4,6,3,1,0,5,5,1,3,0
txn_4ab72c1c8182,58.85,0.2637,4,0,4,28,5,1,3,1817.0,0.0413,66.93,936.0,0.0198,0.0118,0.0269,0.1611,698.0,1.0,0,,,0,6,1,1,0,4,4,6,0,0
txn_a87726d6c876,41.52,0.1906,4,0,4,28,5,1,2,1817.0,0.0413,66.93,983.0,0.0033,0.0042,0.3208,0.0711,1133.0,1.0,0,,,0,4,1,1,0,1,1,1,1,0
txn_711ddcdb2e99,50.2,0.2794,1,0,4,28,5,1,1,217.0,0.0502,94.41,1962.0,0.0102,0.0077,0.2298,0.0711,1133.0,1.0,0,,,0,6,3,1,0,3,3,3,3,0
txn_08c6712f201f,6.09,0.2384,8,0,4,28,5,1,3,217.0,0.0502,94.41,1838.0,0.0263,0.0084,0.0979,0.0711,1133.0,1.0,0,,,4,10,4,1,0,4,4,3,0,0
txn_a3fb8db48b51,89.06,0.2233,3,0,4,28,5,1,2,217.0,0.0502,94.41,4546.0,0.0468,0.0064,0.1401,0.0711,1133.0,1.0,0,,,4,6,4,1,0,2,2,1,0,0
txn_c69b3c0dd735,26.01,0.1149,1,0,4,28,5,1,3,217.0,0.0502,94.41,174.0,0.0307,0.0109,0.0235,0.0711,1133.0,1.0,0,,,3,8,1,1,0,1,1,4,0,0
txn_05a066a2f9ba,248.04,0.2052,14,0,4,28,5,1,3,1095.0,0.0558,104.48,586.0,0.0254,0.011,0.2833,0.0271,631.0,1.0,0,,,0,4,1,1,0,0,0,1,1,0
txn_177405a51d6b,92.7,0.2079,10,0,4,28,5,1,4,1095.0,0.0558,104.48,4262.0,0.0649,0.0077,0.2657,0.0271,631.0,1.0,0,,,4,6,1,1,0,5,5,1,2,0
txn_83764358940a,5.42,0.0399,10,0,4,28,5,1,1,1095.0,0.0558,104.48,1003.0,0.0577,0.0049,0.1719,0.0271,631.0,1.0,0,,,0,10,1,1,0,5,5,1,0,0
txn_70db3b0a6af4,6.66,0.2379,10,0,4,28,5,1,2,1095.0,0.0558,104.48,2775.0,0.025,0.0097,0.1734,0.0271,631.0,1.0,0,,,2,4,3,1,0,2,2,6,1,0
txn_5d22b555e397,33.88,0.0794,15,0,4,28,5,1,3,145.0,0.0125,240.31,3942.0,0.076,0.0025,0.0486,0.0271,631.0,1.0,0,,,0,10,1,1,0,3,3,1,3,0
txn_7cd1b8f35696,27.74,0.2123,7,0,4,28,5,1,2,145.0,0.0125,240.31,1181.0,0.0215,0.0061,0.2735,0.0219,1458.0,1.0,0,,,4,10,1,1,0,4,4,4,3,0
txn_0e213b5d9231,26.0,0.0584,10,0,4,27,5,1,2,145.0,0.0125,240.31,4557.0,0.0435,0.0062,0.1021,0.0219,1458.0,1.0,0,,,1,4,1,1,0,2,2,3,1,0
txn_2c237d6568dc,38.38,0.2204,3,0,4,27,5,1,6,145.0,0.0125,240.31,4951.0,0.0131,0.002,0.3476,0.0219,1458.0,1.0,0,,,4,8,4,1,0,5,5,0,1,0
txn_11614eb9963d,48.93,0.1943,16,0,4,27,5,1,3,1516.0,0.0344,140.25,349.0,0.0495,0.0138,0.1588,0.0219,1458.0,1.0,0,,,1,8,1,1,0,2,2,4,2,0
txn_93ea54b814fb,18.08,0.2169,10,0,4,27,5,1,2,1516.0,0.0344,140.25,3096.0,0.0229,0.0005,0.1666,0.0219,1458.0,1.0,0,,,0,6,4,1,0,0,0,5,1,0
txn_f8ffb49d6b6b,4.25,0.2039,6,0,4,28,5,1,3,1516.0,0.0344,140.25,1761.0,0.0243,0.0052,0.066,0.2146,1082.0,0.0,0,,,4,10,1,1,0,5,5,6,1,0
txn_0b56a104eb28,14.28,0.0395,7,0,4,28,5,1,3,1516.0,0.0344,140.25,1599.0,0.0738,0.0026,0.1809,0.2146,1082.0,0.0,0,,,0,6,3,1,0,1,1,5,1,0
txn_5ca2522836bf,53.41,0.2027,9,0,4,28,5,1,3,1824.0,0.0251,69.76,936.0,0.0198,0.0118,0.0269,0.2146,1082.0,0.0,0,,,1,6,3,1,0,0,0,0,0,0
txn_ea06e3733748,31.3,0.0873,21,0,4,28,5,1,3,1824.0,0.0251,69.76,983.0,0.0033,0.0042,0.3208,0.2146,1082.0,0.0,0,,,3,4,4,1,0,0,0,6,3,0
txn_87d7fc7a12d6,75.83,0.0518,2,0,4,28,5,1,5,1824.0,0.0251,69.76,1962.0,0.0102,0.0077,0.2298,0.2146,1082.0,0.0,0,,,3,10,3,1,0,2,2,4,3,0
txn_dcaff1485ffa,61.95,0.1637,4,0,4,28,5,1,3,1824.0,0.0251,69.76,1838.0,0.0263,0.0084,0.0979,0.1681,270.0,0.0,0,,,0,6,3,1,0,3,3,4,3,0
txn_327b71b5905f,20.9,0.1711,4,0,4,28,5,1,3,1452.0,0.0125,215.77,4546.0,0.0468,0.0064,0.1401,0.1681,270.0,0.0,0,,,1,6,4,1,0,4,4,0,2,0
txn_c88943d62494,44.88,0.2726,8,0,4,28,5,1,5,1452.0,0.0125,215.77,174.0,0.0307,0.0109,0.0235,0.1681,270.0,0.0,0,,,4,6,1,1,0,1,1,5,2,0
txn_27c2ff9d95f6,76.44,0.1047,3,0,4,28,5,1,5,1452.0,0.0125,215.77,586.0,0.0254,0.011,0.2833,0.1681,270.0,0.0,0,,,3,10,3,1,0,3,3,3,2,0
txn_0ced9dba2aa4,112.86,0.2584,4,0,4,28,5,1,4,1452.0,0.0125,215.77,4262.0,0.0649,0.0077,0.2657,0.1681,270.0,0.0,0,,,1,10,1,1,0,0,0,2,1,0
txn_ec0ef7b0804d,43.53,0.2476,10,0,4,28,5,1,2,1497.0,0.019,274.3,1003.0,0.0577,0.0049,0.1719,0.1745,976.0,1.0,0,,,2,8,3,1,0,1,1,5,2,0
txn_f562373ead80,27.13,0.2667,16,0,4,28,5,1,7,1497.0,0.019,274.3,2775.0,0.025,0.0097,0.1734,0.1745,976.0,1.0,0,,,0,8,3,1,0,2,2,5,1,0
txn_3c270eeb394f,16.32,0.206,15,0,4,28,5,1,6,1497.0,0.019,274.3,3942.0,0.076,0.0025,0.0486,0.1745,976.0,1.0,0,,,2,4,4,1,0,5,5,3,2,0
txn_42d100c241c9,15.36,0.1545,17,0,4,28,5,1,3,1497.0,0.019,274.3,1181.0,0.0215,0.0061,0.2735,0.1745,976.0,1.0,0,,,2,8,1,1,0,3,3,4,2,0
txn_a6579141622d,102.05,0.1212,5,0,4,27,5,1,2,616.0,0.0322,152.31,4557.0,0.0435,0.0062,0.1021,0.1745,976.0,1.0,0,,,3,10,1,1,0,3,3,3,0,0
txn_7dffba2975e5,5.88,0.115,16,0,4,27,5,1,3,616.0,0.0322,152.31,4951.0,0.0131,0.002,0.3476,0.1387,1254.0,0.0,0,,,4,4,3,1,0,4,4,4,0,0
txn_31b6fe64b67b,123.57,0.1887,2,0,4,27,5,1,3,616.0,0.0322,152.31,349.0,0.0495,0.0138,0.1588,0.1387,1254.0,0.0,0,,,4,10,3,1,0,0,0,5,1,0
txn_a969dda32da6,11.12,0.2606,0,0,4,27,5,1,1,616.0,0.0322,152.31,3096.0,0.0229,0.0005,0.1666,0.1387,1254.0,0.0,0,,,2,8,3,1,0,4,4,4,0,0
txn_69169ea1ca1b,19.22,0.2073,21,0,4,28,5,1,3,350.0,0.0152,187.74,1761.0,0.0243,0.0052,0.066,0.1387,1254.0,0.0,0,,,3,4,1,1,0,0,0,5,3,0
txn_9e55f4d2b8c7,39.1,0.1983,19,0,4,28,5,1,2,350.0,0.0152,187.74,1599.0,0.0738,0.0026,0.1809,0.1387,1254.0,0.0,0,,,1,8,3,1,0,2,2,3,0,0
txn_f10272505739,23.0,0.2023,11,0,4,28,5,1,6,350.0,0.0152,187.74,936.0,0.0198,0.0118,0.0269,0.1276,269.0,0.0,0,,,1,10,3,1,0,1,1,3,3,0
txn_62f2ca195648,3.42,0.0772,7,0,4,28,5,1,5,350.0,0.0152,187.74,983.0,0.0033,0.0042,0.3208,0.1276,269.0,0.0,0,,,1,4,4,1,0,0,0,1,1,0
txn_6aaa5146af4d,15.64,0.0858,11,0,4,28,5,1,2,37.0,0.0004,121.66,1962.0,0.0102,0.0077,0.2298,0.1276,269.0,0.0,0,,,4,6,4,1,0,3,3,5,2,0
txn_7a22c2ae4a98,20.37,0.1457,11,0,4,28,5,1,2,37.0,0.0004,121.66,1838.0,0.0263,0.0084,0.0979,0.1276,269.0,0.0,0,,,2,10,4,1,0,0,0,2,3,0
txn_419379023fa3,31.57,0.2395,0,0,4,28,5,1,3,37.0,0.0004,121.66,4546.0,0.0468,0.0064,0.1401,0.1276,269.0,0.0,0,,,4,8,4,1,0,5,5,0,1,0
txn_2dec21995144,28.94,0.1066,18,0,4,28,5,1,1,37.0,0.0004,121.66,174.0,0.0307,0.0109,0.0235,0.016,715.0,0.0,0,,,2,10,1,1,0,0,0,6,1,0
txn_b9af4a940857,51.54,0.057,12,0,4,28,5,1,6,456.0,0.0079,121.17,586.0,0.0254,0.011,0.2833,0.016,715.0,0.0,0,,,3,4,3,1,0,4,4,0,1,0
txn_9f8b1a6e0414,54.91,0.1911,0,0,4,28,5,1,7,456.0,0.0079,121.17,4262.0,0.0649,0.0077,0.2657,0.016,715.0,0.0,0,,,2,4,4,1,0,0,0,1,1,0
txn_41e2b8d02da1,16.43,0.0933,11,0,4,28,5,1,5,456.0,0.0079,121.17,1003.0,0.0577,0.0049,0.1719,0.016,715.0,0.0,0,,,3,8,1,1,0,4,4,3,2,0
txn_8a8dfca1103d,14.12,0.0368,9,0,4,28,5,1,2,456.0,0.0079,121.17,2775.0,0.025,0.0097,0.1734,0.016,715.0,0.0,0,,,4,10,4,1,0,5,5,3,0,0
txn_3aa9821a5317,22.39,0.0832,0,0,4,28,5,1,2,2673.0,0.0521,242.86,3942.0,0.076,0.0025,0.0486,0.1933,1440.0,0.0,0,,,4,8,3,1,0,5,5,4,0,0
txn_4fd6e58e7bec,14.71,0.0917,22,0,4,28,5,1,2,2673.0,0.0521,242.86,1181.0,0.0215,0.0061,0.2735,0.1933,1440.0,0.0,0,,,1,6,3,1,0,1,1,1,0,0
txn_07f143219e24,17.69,0.1324,0,0,4,27,5,1,2,2673.0,0.0521,242.86,4557.0,0.0435,0.0062,0.1021,0.1933,1440.0,0.0,0,,,4,10,3,1,0,0,0,3,1,0
txn_a5871b53dcdd,39.2,0.2528,1,0,4,27,5,1,3,2673.0,0.0521,242.86,4951.0,0.0131,0.002,0.3476,0.1933,1440.0,0.0,0,,,1,8,3,1,0,5,5,5,1,0
txn_2ce943aaea98,54.82,0.266,23,0,4,27,5,1,2,1855.0,0.023,272.77,349.0,0.0495,0.0138,0.1588,0.1933,1440.0,0.0,0,,,2,6,4,1,0,4,4,5,1,0
txn_539a70229451,36.3,0.2335,11,0,4,27,5,1,4,1855.0,0.023,272.77,3096.0,0.0229,0.0005,0.1666,0.0821,952.0,1.0,0,,,2,8,3,1,0,5,5,4,2,0
txn_eae9f8af9687,30.59,0.2391,9,0,4,28,5,1,2,1855.0,0.023,272.77,1761.0,0.0243,0.0052,0.066,0.0821,952.0,1.0,0,,,1,10,1,1,0,1,1,1,3,0
txn_89bc9603849b,83.29,0.1892,20,0,4,28,5,1,1,1855.0,0.023,272.77,1599.0,0.0738,0.0026,0.1809,0.0821,952.0,1.0,0,,,2,8,1,1,0,4,4,2,0,0
txn_9b9dfa388423,28.17,0.263,8,0,4,28,5,1,2,2624.0,0.0599,269.55,936.0,0.0198,0.0118,0.0269,0.0821,952.0,1.0,0,,,3,6,3,1,0,3,3,6,0,0
txn_38be11ed8900,17.27,0.1178,5,0,4,28,5,1,1,2624.0,0.0599,269.55,983.0,0.0033,0.0042,0.3208,0.0821,952.0,1.0,0,,,2,4,1,1,0,3,3,5,1,0
txn_fd106d46b8d2,68.17,0.2367,6,0,4,28,5,1,3,2624.0,0.0599,269.55,1962.0,0.0102,0.0077,0.2298,0.0986,645.0,1.0,0,,,1,8,4,1,0,1,1,4,0,0
txn_09544c9d4934,20.92,0.1306,17,0,4,28,5,1,4,2624.0,0.0599,269.55,1838.0,0.0263,0.0084,0.0979,0.0986,645.0,1.0,0,,,4,8,4,1,0,2,2,0,0,0
txn_9a6ceb74025a,35.24,0.0969,0,0,4,28,5,1,1,2421.0,0.073,275.04,4546.0,0.0468,0.0064,0.1401,0.0986,645.0,1.0,0,,,4,10,4,1,0,1,1,1,3,0
txn_e034b0242207,19.01,0.0383,7,0,4,28,5,1,3,2421.0,0.073,275.04,174.0,0.0307,0.0109,0.0235,0.0986,645.0,1.0,0,,,4,10,1,1,0,3,3,6,1,0
txn_80062e54f0c1,119.99,0.1755,16,0,4,28,5,1,3,2421.0,0.073,275.04,586.0,0.0254,0.011,0.2833,0.0986,645.0,1.0,0,,,2,4,1,1,0,4,4,0,2,0
txn_71d8cef13985,10.8,0.0302,6,0,4,28,5,1,4,2421.0,0.073,275.04,4262.0,0.0649,0.0077,0.2657,0.1834,315.0,1.0,0,,,4,8,4,1,0,0,0,6,0,0
txn_ee806e58bbfd,56.16,0.1019,18,0,4,28,5,1,2,1326.0,0.0072,162.94,1003.0,0.0577,0.0049,0.1719,0.1834,315.0,1.0,0,,,3,6,3,1,0,4,4,1,1,0
txn_5ffb32f1e75a,54.87,0.0535,19,0,4,28,5,1,1,1326.0,0.0072,162.94,2775.0,0.025,0.0097,0.1734,0.1834,315.0,1.0,0,,,1,4,3,1,0,3,3,0,3,0
txn_f672dffe6e74,19.54,0.2386,5,0,4,28,5,1,1,1326.0,0.0072,162.94,3942.0,0.076,0.0025,0.0486,0.1834,315.0,1.0,0,,,1,6,1,1,0,1,1,5,3,0
txn_a5e9da92907f,45.86,0.1467,10,0,4,28,5,1,5,1326.0,0.0072,162.94,1181.0,0.0215,0.0061,0.2735,0.1834,315.0,1.0,0,,,0,10,4,1,0,3,3,5,1,0
txn_07ccd96d665e,22.32,0.0721,8,0,4,27,5,1,2,1313.0,0.0161,132.06,4557.0,0.0435,0.0062,0.1021,0.1817,505.0,1.0,0,,,3,4,4,1,0,0,0,5,2,0
txn_755fa4c1a292,44.7,0.1455,23,0,4,27,5,1,4,1313.0,0.0161,132.06,4951.0,0.0131,0.002,0.3476,0.1817,505.0,1.0,0,,,4,4,4,1,0,2,2,3,3,0
txn_e76545f633c0,54.75,0.2221,9,0,4,27,5,1,5,1313.0,0.0161,132.06,349.0,0.0495,0.0138,0.1588,0.1817,505.0,1.0,0,,,0,6,3,1,0,3,3,2,1,0
txn_e950139a9d1c,74.18,0.0965,14,0,4,27,5,1,2,1313.0,0.0161,132.06,3096.0,0.0229,0.0005,0.1666,0.1817,505.0,1.0,0,,,3,6,3,1,0,4,4,6,1,0
txn_d792c19edc8d,18.37,0.2327,2,0,4,28,5,1,1,1624.0,0.0593,254.54,1761.0,0.0243,0.0052,0.066,0.1817,505.0,1.0,0,,,3,10,4,1,0,3,3,3,2,0
txn_9ad59e99be08,8.9,0.1484,5,0,4,28,5,1,3,1624.0,0.0593,254.54,1599.0,0.0738,0.0026,0.1809,0.0712,650.0,1.0,0,,,1,10,3,1,0,0,0,4,1,0
txn_749191e72c65,46.02,0.2508,21,0,4,28,5,1,1,1624.0,0.0593,254.54,936.0,0.0198,0.0118,0.0269,0.0712,650.0,1.0,0,,,3,4,1,1,0,2,2,5,3,0
txn_c0f64ab8f665,17.65,0.1907,1,0,4,28,5,1,3,1624.0,0.0593,254.54,983.0,0.0033,0.0042,0.3208,0.0712,650.0,1.0,0,,,1,6,1,1,0,0,0,3,3,0
txn_2216cc698ac0,25.87,0.2279,1,0,4,28,5,1,3,334.0,0.0415,117.18,1962.0,0.0102,0.0077,0.2298,0.0712,650.0,1.0,0,,,3,6,4,1,0,2,2,0,3,0
txn_e9cb9aa979bf,88.2,0.1759,7,0,4,28,5,1,3,334.0,0.0415,117.18,1838.0,0.0263,0.0084,0.0979,0.0712,650.0,1.0,0,,,2,10,1,1,0,1,1,4,1,0
txn_b0a1c5c081e5,115.85,0.1228,14,0,4,28,5,1,6,334.0,0.0415,117.18,4546.0,0.0468,0.0064,0.1401,0.021,996.0,1.0,0,,,0,6,3,1,0,5,5,4,2,0
txn_4b3154cc7f8e,19.83,0.173,6,0,4,28,5,1,1,334.0,0.0415,117.18,174.0,0.0307,0.0109,0.0235,0.021,996.0,1.0,0,,,2,8,3,1,0,2,2,3,1,0
txn_06002550dcb4,21.85,0.0946,0,0,4,28,5,1,4,862.0,0.0604,147.14,586.0,0.0254,0.011,0.2833,0.021,996.0,1.0,0,,,1,8,4,1,0,2,2,6,3,0
txn_a38c6a6e5c61,37.89,0.0691,3,0,4,28,5,1,3,862.0,0.0604,147.14,4262.0,0.0649,0.0077,0.2657,0.021,996.0,1.0,0,,,4,4,1,1,0,5,5,2,0,0
txn_8c065a432bab,66.78,0.142,17,0,4,28,5,1,3,862.0,0.0604,147.14,1003.0,0.0577,0.0049,0.1719,0.021,996.0,1.0,0,,,3,6,1,1,0,3,3,0,3,0
txn_3be7401133a2,37.71,0.2777,23,0,4,28,5,1,4,862.0,0.0604,147.14,2775.0,0.025,0.0097,0.1734,0.1379,387.0,1.0,0,,,1,4,3,1,0,5,5,6,3,0
txn_c48b14e7b6f8,98.58,0.2072,7,0,4,28,5,1,4,856.0,0.0275,203.85,3942.0,0.076,0.0025,0.0486,0.1379,387.0,1.0,0,,,2,8,1,1,0,0,0,5,3,0
txn_cc38b4bb77ec,24.41,0.1239,12,0,4,28,5,1,1,856.0,0.0275,203.85,1181.0,0.0215,0.0061,0.2735,0.1379,387.0,1.0,0,,,4,6,3,1,0,2,2,1,2,0
txn_f0449b109d84,112.61,0.1088,10,0,4,27,5,1,5,856.0,0.0275,203.85,4557.0,0.0435,0.0062,0.1021,0.1379,387.0,1.0,0,,,2,6,1,1,0,1,1,3,3,0
txn_ce1519a6d979,23.6,0.2146,7,0,4,27,5,1,3,856.0,0.0275,203.85,4951.0,0.0131,0.002,0.3476,0.1379,387.0,1.0,0,,,2,6,3,1,0,0,0,1,2,0
txn_70126999b55f,57.53,0.22,21,0,4,27,5,1,1,2062.0,0.0614,215.83,349.0,0.0495,0.0138,0.1588,0.0821,1131.0,1.0,0,,,1,10,3,1,0,3,3,6,0,0
txn_63a14ca346bb,62.06,0.0294,10,0,4,27,5,1,3,2062.0,0.0614,215.83,3096.0,0.0229,0.0005,0.1666,0.0821,1131.0,1.0,0,,,4,6,1,1,0,2,2,5,2,0
txn_c319d744b191,30.07,0.1195,13,0,4,28,5,1,4,2062.0,0.0614,215.83,1761.0,0.0243,0.0052,0.066,0.0821,1131.0,1.0,0,,,1,4,3,1,0,4,4,1,0,0
txn_499abb13dae4,32.29,0.1747,19,0,4,28,5,1,5,2062.0,0.0614,215.83,1599.0,0.0738,0.0026,0.1809,0.0821,1131.0,1.0,0,,,2,8,3,1,0,2,2,3,3,0
txn_0fa1cb476f0a,32.38,0.1548,22,0,4,28,5,1,3,1808.0,0.0567,206.1,936.0,0.0198,0.0118,0.0269,0.0821,1131.0,1.0,0,,,3,4,4,1,0,2,2,2,0,0
txn_f7a1e2392280,45.04,0.0364,6,0,4,28,5,1,3,1808.0,0.0567,206.1,983.0,0.0033,0.0042,0.3208,0.1269,1320.0,1.0,0,,,4,8,4,1,0,1,1,0,0,0
txn_b12cad9e92d6,152.27,0.2158,7,0,4,28,5,1,4,1808.0,0.0567,206.1,1962.0,0.0102,0.0077,0.2298,0.1269,1320.0,1.0,0,,,4,6,4,1,0,4,4,4,2,0
txn_b870cd291f70,46.68,0.2078,16,0,4,28,5,1,2,1808.0,0.0567,206.1,1838.0,0.0263,0.0084,0.0979,0.1269,1320.0,1.0,0,,,1,4,4,1,0,4,4,5,2,0
txn_b51f05502f6d,6.11,0.0737,16,0,4,28,5,1,1,2566.0,0.066,30.33,4546.0,0.0468,0.0064,0.1401,0.1269,1320.0,1.0,0,,,3,4,1,1,0,2,2,4,3,0
txn_f590d36078b0,94.85,0.1438,4,0,4,28,5,1,1,2566.0,0.066,30.33,174.0,0.0307,0.0109,0.0235,0.1269,1320.0,1.0,0,,,4,8,3,1,0,1,1,2,0,0
txn_fed63e06058e,31.16,0.1795,11,0,4,28,5,1,4,2566.0,0.066,30.33,586.0,0.0254,0.011,0.2833,0.2225,1064.0,1.0,0,,,1,6,3,1,0,1,1,1,2,0
txn_4e8a313120a1,4.13,0.1512,4,0,4,28,5,1,2,2566.0,0.066,30.33,4262.0,0.0649,0.0077,0.2657,0.2225,1064.0,1.0,0,,,0,10,4,1,0,5,5,2,3,0
txn_7af254e2734b,93.62,0.1251,0,0,4,28,5,1,2,719.0,0.0286,189.81,1003.0,0.0577,0.0049,0.1719,0.2225,1064.0,1.0,0,,,3,6,1,1,0,1,1,5,2,0
txn_83607782d594,50.84,0.2245,20,0,4,28,5,1,2,719.0,0.0286,189.81,2775.0,0.025,0.0097,0.1734,0.2225,1064.0,1.0,0,,,4,4,3,1,0,1,1,3,1,0
txn_f83401430af4,54.75,0.1942,20,0,4,28,5,1,2,719.0,0.0286,189.81,3942.0,0.076,0.0025,0.0486,0.2225,1064.0,1.0,0,,,3,8,3,1,0,4,4,3,1,0
txn_4f46a94ea75a,65.06,0.1715,10,0,4,28,5,1,4,719.0,0.0286,189.81,1181.0,0.0215,0.0061,0.2735,0.2283,1091.0,0.0,0,,,3,8,4,1,0,4,4,2,3,0
txn_86c7f36426b6,67.0,0.1672,16,0,4,27,5,1,3,2867.0,0.0153,193.84,4557.0,0.0435,0.0062,0.1021,0.2283,1091.0,0.0,0,,,2,4,3,1,0,2,2,5,3,0
txn_44f8befa2da8,8.62,0.2589,8,0,4,27,5,1,3,2867.0,0.0153,193.84,4951.0,0.0131,0.002,0.3476,0.2283,1091.0,0.0,0,,,0,10,3,1,0,1,1,0,3,0
txn_442680f74427,8.29,0.2415,11,0,4,27,5,1,2,2867.0,0.0153,193.84,349.0,0.0495,0.0138,0.1588,0.2283,1091.0,0.0,0,,,3,10,3,1,0,1,1,0,2,0
txn_88d9382813f9,38.2,0.0569,8,0,4,27,5,1,1,2867.0,0.0153,193.84,3096.0,0.0229,0.0005,0.1666,0.2283,1091.0,0.0,0,,,2,4,3,1,0,2,2,1,0,0
txn_739adf49b9b2,29.23,0.1589,6,0,4,28,5,1,5,1349.0,0.0512,206.0,1761.0,0.0243,0.0052,0.066,0.1885,1390.0,0.0,0,,,2,4,3,1,0,2,2,5,2,0
txn_6e6f2b70302b,11.75,0.2403,12,0,4,28,5,1,1,1349.0,0.0512,206.0,1599.0,0.0738,0.0026,0.1809,0.1885,1390.0,0.0,0,,,4,4,3,1,0,5,5,3,0,0
txn_bb9e3d0cf919,37.16,0.1783,21,0,4,28,5,1,2,1349.0,0.0512,206.0,936.0,0.0198,0.0118,0.0269,0.1885,1390.0,0.0,0,,,3,6,4,1,0,5,5,2,3,0
txn_24ac38e3b8ff,21.4,0.0245,18,0,4,28,5,1,1,1349.0,0.0512,206.0,983.0,0.0033,0.0042,0.3208,0.1885,1390.0,0.0,0,,,2,6,4,1,0,4,4,3,1,0
txn_f8482102046b,50.87,0.1256,13,0,4,28,5,1,4,2091.0,0.0561,59.97,1962.0,0.0102,0.0077,0.2298,0.1885,1390.0,0.0,0,,,0,8,4,1,0,5,5,3,0,0
txn_acaadbea3587,167.02,0.2436,13,0,4,28,5,1,4,2091.0,0.0561,59.97,1838.0,0.0263,0.0084,0.0979,0.2129,1382.0,1.0,0,,,2,8,1,1,0,5,5,0,3,0
txn_26811f8d1912,43.06,0.275,19,0,4,28,5,1,2,2091.0,0.0561,59.97,4546.0,0.0468,0.0064,0.1401,0.2129,1382.0,1.0,0,,,2,6,1,1,0,3,3,0,0,0
txn_42f9fd62cdea,15.49,0.1529,9,0,4,28,5,1,2,2091.0,0.0561,59.97,174.0,0.0307,0.0109,0.0235,0.2129,1382.0,1.0,0,,,3,8,4,1,0,3,3,5,2,0
txn_8dc7524503b6,12.41,0.2502,23,0,4,28,5,1,3,1897.0,0.0324,135.16,586.0,0.0254,0.011,0.2833,0.2129,1382.0,1.0,0,,,0,10,1,1,0,1,1,2,3,0
txn_9cd885675084,29.67,0.1855,2,0,4,28,5,1,2,1897.0,0.0324,135.16,4262.0,0.0649,0.0077,0.2657,0.2129,1382.0,1.0,0,,,0,10,1,1,0,5,5,1,0,0
txn_f474f7856e47,30.74,0.1434,9,0,4,28,5,1,2,1897.0,0.0324,135.16,1003.0,0.0577,0.0049,0.1719,0.1206,64.0,1.0,0,,,0,10,1,1,0,1,1,1,0,0
txn_ab9bf2515280,13.74,0.2717,11,0,4,28,5,1,4,1897.0,0.0324,135.16,2775.0,0.025,0.0097,0.1734,0.1206,64.0,1.0,0,,,0,6,4,1,0,4,4,4,2,0
txn_92cd428035f8,61.38,0.156,22,0,4,28,5,1,3,2888.0,0.0306,88.73,3942.0,0.076,0.0025,0.0486,0.1206,64.0,1.0,0,,,3,6,4,1,0,3,3,5,0,0
txn_c5e13e740b45,24.74,0.065,16,0,4,28,5,1,1,2888.0,0.0306,88.73,1181.0,0.0215,0.0061,0.2735,0.1206,64.0,1.0,0,,,2,10,3,1,0,0,0,2,1,0
txn_82e1663679d0,46.35,0.0377,19,0,4,27,5,1,2,2888.0,0.0306,88.73,4557.0,0.0435,0.0062,0.1021,0.1206,64.0,1.0,0,,,3,6,4,1,0,5,5,1,1,0
txn_fa03703d0653,32.32,0.2769,9,0,4,27,5,1,5,2888.0,0.0306,88.73,4951.0,0.0131,0.002,0.3476,0.1097,371.0,0.0,0,,,0,8,4,1,0,1,1,5,0,0
txn_0c5b3d0bce97,35.62,0.2507,22,0,4,27,5,1,4,2631.0,0.0734,216.26,349.0,0.0495,0.0138,0.1588,0.1097,371.0,0.0,0,,,3,10,3,1,0,3,3,0,3,0
txn_9a40d53a7096,48.69,0.066,13,0,4,27,5,1,1,2631.0,0.0734,216.26,3096.0,0.0229,0.0005,0.1666,0.1097,371.0,0.0,0,,,0,8,1,1,0,5,5,1,3,0
txn_1d8e3bca373d,5.35,0.0831,21,0,4,28,5,1,3,2631.0,0.0734,216.26,1761.0,0.0243,0.0052,0.066,0.1097,371.0,0.0,0,,,2,10,4,1,0,1,1,2,1,0
txn_4ed080aab847,9.78,0.0396,15,0,4,28,5,1,3,2631.0,0.0734,216.26,1599.0,0.0738,0.0026,0.1809,0.1097,371.0,0.0,0,,,4,6,1,1,0,3,3,6,2,0
txn_ea811189fcb4,12.59,0.2018,16,0,4,28,5,1,4,1146.0,0.0182,135.81,936.0,0.0198,0.0118,0.0269,0.0248,515.0,1.0,0,,,1,10,4,1,0,1,1,5,2,0
txn_5e91e5a6a241,18.02,0.2784,16,0,4,28,5,1,5,1146.0,0.0182,135.81,983.0,0.0033,0.0042,0.3208,0.0248,515.0,1.0,0,,,2,10,3,1,0,1,1,2,0,0
txn_6cb97d6610ea,53.87,0.0219,23,0,4,28,5,1,1,1146.0,0.0182,135.81,1962.0,0.0102,0.0077,0.2298,0.0248,515.0,1.0,0,,,4,8,4,1,0,3,3,4,0,0
txn_46c05a977846,24.47,0.1884,9,0,4,28,5,1,4,1146.0,0.0182,135.81,1838.0,0.0263,0.0084,0.0979,0.0248,515.0,1.0,0,,,1,4,1,1,0,0,0,3,2,0
txn_d5ab1ca6a3d5,46.81,0.0376,23,0,4,28,5,1,2,181.0,0.0186,107.33,4546.0,0.0468,0.0064,0.1401,0.0248,515.0,1.0,0,,,0,4,3,1,0,0,0,3,3,0
txn_0cd6ea4bf458,20.79,0.1384,20,0,4,28,5,1,4,181.0,0.0186,107.33,174.0,0.0307,0.0109,0.0235,0.2086,590.0,0.0,0,,,0,8,1,1,0,5,5,3,3,0
txn_2dadd761c752,19.1,0.2382,20,0,4,28,5,1,2,181.0,0.0186,107.33,586.0,0.0254,0.011,0.2833,0.2086,590.0,0.0,0,,,1,4,4,1,0,1,1,2,3,0
txn_69a438b0c2cc,18.59,0.0268,10,0,4,28,5,1,4,181.0,0.0186,107.33,4262.0,0.0649,0.0077,0.2657,0.2086,590.0,0.0,0,,,2,4,3,1,0,0,0,2,2,0
txn_61219616ccb8,65.0,0.0936,7,0,4,28,5,1,3,1384.0,0.029,44.97,1003.0,0.0577,0.0049,0.1719,0.2086,590.0,0.0,0,,,1,6,4,1,0,3,3,1,2,0
txn_b3ddebf297ee,105.61,0.1609,4,0,4,28,5,1,3,1384.0,0.029,44.97,2775.0,0.025,0.0097,0.1734,0.2086,590.0,0.0,0,,,4,4,4,1,0,4,4,4,1,0
txn_2801f2dc8b8a,42.95,0.2424,8,0,4,28,5,1,1,1384.0,0.029,44.97,3942.0,0.076,0.0025,0.0486,0.0645,828.0,1.0,0,,,4,10,1,1,0,4,4,6,2,0
txn_0aa2f171809f,28.44,0.2547,21,0,4,28,5,1,1,1384.0,0.029,44.97,1181.0,0.0215,0.0061,0.2735,0.0645,828.0,1.0,0,,,2,4,4,1,0,1,1,2,2,0
txn_2ed655645ef9,118.08,0.2291,11,0,4,27,5,1,5,931.0,0.0212,100.17,4557.0,0.0435,0.0062,0.1021,0.0645,828.0,1.0,0,,,1,6,3,1,0,0,0,2,0,0
txn_d189889e5b8c,92.01,0.2184,4,0,4,27,5,1,3,931.0,0.0212,100.17,4951.0,0.0131,0.002,0.3476,0.0645,828.0,1.0,0,,,1,8,3,1,0,5,5,1,1,0
txn_8532280d7b8a,25.39,0.2318,6,0,4,27,5,1,1,931.0,0.0212,100.17,349.0,0.0495,0.0138,0.1588,0.0645,828.0,1.0,0,,,0,6,4,1,0,3,3,1,1,0
txn_aead5b2bf028,28.26,0.1543,17,0,4,27,5,1,2,931.0,0.0212,100.17,3096.0,0.0229,0.0005,0.1666,0.128,174.0,1.0,0,,,2,6,1,1,0,4,4,6,3,0
txn_41787bd1e047,30.56,0.0982,8,0,4,28,5,1,3,148.0,0.0515,47.18,1761.0,0.0243,0.0052,0.066,0.128,174.0,1.0,0,,,4,6,1,1,0,2,2,4,3,0
txn_141fe0bb2d57,48.04,0.0371,3,0,4,28,5,1,1,148.0,0.0515,47.18,1599.0,0.0738,0.0026,0.1809,0.128,174.0,1.0,0,,,2,10,4,1,0,2,2,0,1,0
txn_a967d3733a25,21.06,0.2708,15,0,4,28,5,1,4,148.0,0.0515,47.18,936.0,0.0198,0.0118,0.0269,0.128,174.0,1.0,0,,,4,10,4,1,0,2,2,3,2,0
txn_a41a626965cd,43.49,0.1219,6,0,4,28,5,1,1,148.0,0.0515,47.18,983.0,0.0033,0.0042,0.3208,0.128,174.0,1.0,0,,,0,4,4,1,0,1,1,5,0,0
txn_6c7b77d6d52e,16.61,0.1856,21,0,4,28,5,1,4,2412.0,0.0738,41.41,1962.0,0.0102,0.0077,0.2298,0.1787,282.0,0.0,0,,,3,10,4,1,0,2,2,3,1,0
txn_01d201e7aa12,48.22,0.0275,21,0,4,28,5,1,6,2412.0,0.0738,41.41,1838.0,0.0263,0.0084,0.0979,0.1787,282.0,0.0,0,,,0,10,4,1,0,2,2,4,2,0
txn_b4fc2e5ca97a,39.47,0.205,16,0,4,28,5,1,5,2412.0,0.0738,41.41,4546.0,0.0468,0.0064,0.1401,0.1787,282.0,0.0,0,,,0,6,1,1,0,3,3,6,0,0
txn_e46b39780ff0,34.42,0.0867,16,0,4,28,5,1,2,2412.0,0.0738,41.41,174.0,0.0307,0.0109,0.0235,0.1787,282.0,0.0,0,,,2,10,1,1,0,4,4,5,3,0
txn_df5e0e3cd143,15.54,0.1901,21,0,4,28,5,1,2,1691.0,0.0451,224.93,586.0,0.0254,0.011,0.2833,0.1787,282.0,0.0,0,,,0,4,1,1,0,1,1,2,3,0
txn_a329bc2d3608,93.17,0.246,3,0,4,28,5,1,1,1691.0,0.0451,224.93,4262.0,0.0649,0.0077,0.2657,0.0289,604.0,1.0,0,,,4,8,1,1,0,3,3,0,0,0
txn_acf1b84999bd,104.94,0.0845,4,0,4,28,5,1,5,1691.0,0.0451,224.93,1003.0,0.0577,0.0049,0.1719,0.0289,604.0,1.0,0,,,4,6,3,1,0,4,4,0,1,0
txn_8bb45ed148f9,18.94,0.2798,20,0,4,28,5,1,2,1691.0,0.0451,224.93,2775.0,0.025,0.0097,0.1734,0.0289,604.0,1.0,0,,,4,10,4,1,0,3,3,5,0,0
txn_a5e577cffe4b,40.01,0.1449,5,0,4,28,5,1,1,1937.0,0.0438,128.61,3942.0,0.076,0.0025,0.0486,0.0289,604.0,1.0,0,,,2,4,4,1,0,1,1,5,1,0
txn_43b297ecb144,49.87,0.2416,1,0,4,28,5,1,2,1937.0,0.0438,128.61,1181.0,0.0215,0.0061,0.2735,0.0289,604.0,1.0,0,,,2,8,3,1,0,1,1,3,0,0
txn_e9eabb9ed03f,59.49,0.238,10,0,4,27,5,1,6,1937.0,0.0438,128.61,4557.0,0.0435,0.0062,0.1021,0.1239,806.0,0.0,0,,,4,8,1,1,0,4,4,6,1,0
txn_9744a7170ef6,46.07,0.1521,11,0,4,27,5,1,2,1937.0,0.0438,128.61,4951.0,0.0131,0.002,0.3476,0.1239,806.0,0.0,0,,,3,6,1,1,0,4,4,6,0,0
txn_4c26d0e4f01f,29.88,0.2753,6,0,4,27,5,1,1,2224.0,0.0777,165.49,349.0,0.0495,0.0138,0.1588,0.1239,806.0,0.0,0,,,4,4,1,1,0,5,5,0,0,0
txn_2e43b28cc8a4,20.81,0.1919,22,0,4,27,5,1,3,2224.0,0.0777,165.49,3096.0,0.0229,0.0005,0.1666,0.1239,806.0,0.0,0,,,0,10,4,1,0,1,1,3,0,0
txn_67b10e7bd6c8,22.21,0.0716,15,0,4,28,5,1,7,2224.0,0.0777,165.49,1761.0,0.0243,0.0052,0.066,0.1239,806.0,0.0,0,,,4,4,4,1,0,0,0,2,3,0
txn_f9e2bc9055fe,18.52,0.2144,2,0,4,28,5,1,4,2224.0,0.0777,165.49,1599.0,0.0738,0.0026,0.1809,0.1022,1389.0,1.0,0,,,4,8,1,1,0,1,1,4,0,0
txn_567c03030e22,43.09,0.2018,22,0,4,28,5,1,2,908.0,0.0101,139.24,936.0,0.0198,0.0118,0.0269,0.1022,1389.0,1.0,0,,,1,8,4,1,0,4,4,5,2,0
txn_8cd909d988d6,80.44,0.2516,23,0,4,28,5,1,3,908.0,0.0101,139.24,983.0,0.0033,0.0042,0.3208,0.1022,1389.0,1.0,0,,,2,8,1,1,0,5,5,2,3,0
txn_ec39e09903a3,21.38,0.249,19,0,4,28,5,1,2,908.0,0.0101,139.24,1962.0,0.0102,0.0077,0.2298,0.1022,1389.0,1.0,0,,,3,4,1,1,0,2,2,2,0,0
txn_afe380e9df16,60.32,0.1612,19,0,4,28,5,1,6,908.0,0.0101,139.24,1838.0,0.0263,0.0084,0.0979,0.1022,1389.0,1.0,0,,,2,6,3,1,0,3,3,0,3,0
txn_fe72108f6529,19.46,0.0706,20,0,4,28,5,1,3,1733.0,0.0564,144.97,4546.0,0.0468,0.0064,0.1401,0.2231,540.0,1.0,0,,,1,6,3,1,0,0,0,3,1,0
txn_15d97c9ed1b9,43.83,0.2161,16,0,4,28,5,1,2,1733.0,0.0564,144.97,174.0,0.0307,0.0109,0.0235,0.2231,540.0,1.0,0,,,3,8,1,1,0,5,5,0,3,0
txn_94ee0d06bb36,48.17,0.2643,0,0,4,28,5,1,6,1733.0,0.0564,144.97,586.0,0.0254,0.011,0.2833,0.2231,540.0,1.0,0,,,0,6,4,1,0,0,0,5,0,0
txn_1477e7bc2d4e,21.2,0.0605,0,0,4,28,5,1,3,1733.0,0.0564,144.97,4262.0,0.0649,0.0077,0.2657,0.2231,540.0,1.0,0,,,0,8,1,1,0,1,1,5,2,0
txn_da0d3dc9a33a,13.1,0.0819,1,0,4,28,5,1,5,1173.0,0.0158,246.42,1003.0,0.0577,0.0049,0.1719,0.2231,540.0,1.0,0,,,0,8,3,1,0,4,4,6,3,0
txn_7c27bbbdd6f8,48.15,0.1362,12,0,4,28,5,1,3,1173.0,0.0158,246.42,2775.0,0.025,0.0097,0.1734,0.127,253.0,1.0,0,,,0,4,4,1,0,5,5,1,3,0
txn_47a04f2caae8,63.2,0.2156,20,0,4,28,5,1,3,1173.0,0.0158,246.42,3942.0,0.076,0.0025,0.0486,0.127,253.0,1.0,0,,,3,4,1,1,0,5,5,5,0,0
txn_4bb1a69f6518,30.68,0.1641,12,0,4,28,5,1,1,1173.0,0.0158,246.42,1181.0,0.0215,0.0061,0.2735,0.127,253.0,1.0,0,,,0,4,3,1,0,5,5,5,0,0
txn_05cf397a2534,43.4,0.0524,9,0,4,27,5,1,2,1343.0,0.0608,237.06,4557.0,0.0435,0.0062,0.1021,0.127,253.0,1.0,0,,,4,10,4,1,0,4,4,4,3,0
txn_b8f82c903a91,9.06,0.0895,19,0,4,27,5,1,5,1343.0,0.0608,237.06,4951.0,0.0131,0.002,0.3476,0.127,253.0,1.0,0,,,4,4,4,1,0,1,1,1,1,0
txn_b9d04240379e,12.15,0.2734,4,0,4,27,5,1,7,1343.0,0.0608,237.06,349.0,0.0495,0.0138,0.1588,0.1997,137.0,0.0,0,,,1,10,1,1,0,1,1,1,1,0
txn_8aa330efadbf,26.23,0.2542,9,0,4,27,5,1,1,1343.0,0.0608,237.06,3096.0,0.0229,0.0005,0.1666,0.1997,137.0,0.0,0,,,2,4,1,1,0,1,1,0,2,0
txn_e33e7c3a4cd6,31.41,0.2749,16,0,4,28,5,1,4,368.0,0.027,62.29,1761.0,0.0243,0.0052,0.066,0.1997,137.0,0.0,0,,,3,8,4,1,0,0,0,5,3,0
txn_76b42e06bbb2,29.96,0.2521,1,0,4,28,5,1,2,368.0,0.027,62.29,1599.0,0.0738,0.0026,0.1809,0.1997,137.0,0.0,0,,,4,6,3,1,0,4,4,6,0,0
txn_582b59886582,29.39,0.1748,11,0,4,28,5,1,1,368.0,0.027,62.29,936.0,0.0198,0.0118,0.0269,0.1997,137.0,0.0,0,,,1,10,4,1,0,4,4,3,3,0
txn_ca351eaa3bd3,15.85,0.0678,21,0,4,28,5,1,3,368.0,0.027,62.29,983.0,0.0033,0.0042,0.3208,0.1669,665.0,0.0,0,,,3,8,3,1,0,4,4,2,3,0
txn_df7b463d698c,17.25,0.273,2,0,4,28,5,1,3,1197.0,0.0014,55.89,1962.0,0.0102,0.0077,0.2298,0.1669,665.0,0.0,0,,,4,4,1,1,0,1,1,0,3,0
txn_48949718c819,88.88,0.1898,0,0,4,28,5,1,3,1197.0,0.0014,55.89,1838.0,0.0263,0.0084,0.0979,0.1669,665.0,0.0,0,,,1,4,3,1,0,3,3,0,2,0
txn_4042cb5858e6,16.79,0.234,5,0,4,28,5,1,4,1197.0,0.0014,55.89,4546.0,0.0468,0.0064,0.1401,0.1669,665.0,0.0,0,,,3,8,1,1,0,0,0,2,3,0
txn_3cb29b71dcce,28.83,0.0311,5,0,4,28,5,1,4,1197.0,0.0014,55.89,174.0,0.0307,0.0109,0.0235,0.1669,665.0,0.0,0,,,3,4,1,1,0,4,4,0,1,0
txn_207b42161d0f,26.86,0.1505,6,0,4,28,5,1,3,2809.0,0.0305,237.5,586.0,0.0254,0.011,0.2833,0.0561,1372.0,0.0,0,,,0,8,3,1,0,1,1,0,0,0
txn_d843be5c931e,35.64,0.2597,2,0,4,28,5,1,1,2809.0,0.0305,237.5,4262.0,0.0649,0.0077,0.2657,0.0561,1372.0,0.0,0,,,1,8,4,1,0,2,2,6,2,0
txn_4bff06b9fd17,19.0,0.2176,4,0,4,28,5,1,2,2809.0,0.0305,237.5,1003.0,0.0577,0.0049,0.1719,0.0561,1372.0,0.0,0,,,1,6,4,1,0,2,2,5,1,0
txn_baf46bd4c4e3,57.78,0.2089,13,0,4,28,5,1,2,2809.0,0.0305,237.5,2775.0,0.025,0.0097,0.1734,0.0561,1372.0,0.0,0,,,0,6,4,1,0,4,4,2,0,0
txn_0328577c9580,147.96,0.2075,9,0,4,28,5,1,2,531.0,0.0036,112.51,3942.0,0.076,0.0025,0.0486,0.0561,1372.0,0.0,0,,,0,6,4,1,0,2,2,6,1,0
txn_d05c1ee1660d,34.08,0.2449,10,0,4,28,5,1,1,531.0,0.0036,112.51,1181.0,0.0215,0.0061,0.2735,0.0156,1176.0,0.0,0,,,4,6,3,1,0,1,1,1,3,0
txn_56be2121b514,52.46,0.1926,5,0,4,27,5,1,2,531.0,0.0036,112.51,4557.0,0.0435,0.0062,0.1021,0.0156,1176.0,0.0,0,,,2,10,3,1,0,1,1,3,3,0
txn_4ea41e0fd95c,40.62,0.2156,18,0,4,27,5,1,3,531.0,0.0036,112.51,4951.0,0.0131,0.002,0.3476,0.0156,1176.0,0.0,0,,,3,6,3,1,0,1,1,2,2,0
txn_b49054a17d8b,25.12,0.0423,17,0,4,27,5,1,2,2193.0,0.0763,31.08,349.0,0.0495,0.0138,0.1588,0.0156,1176.0,0.0,0,,,3,10,3,1,0,5,5,5,0,0
txn_aba9839f8215,147.08,0.2219,7,0,4,27,5,1,2,2193.0,0.0763,31.08,3096.0,0.0229,0.0005,0.1666,0.0156,1176.0,0.0,0,,,4,6,4,1,0,5,5,4,1,0
txn_ab27a321df84,75.18,0.266,16,0,4,28,5,1,5,2193.0,0.0763,31.08,1761.0,0.0243,0.0052,0.066,0.1859,477.0,0.0,0,,,1,8,3,1,0,4,4,2,0,0
txn_d1663e819d87,17.48,0.1059,22,0,4,28,5,1,2,2193.0,0.0763,31.08,1599.0,0.0738,0.0026,0.1809,0.1859,477.0,0.0,0,,,1,10,3,1,0,5,5,6,3,0
txn_bda0ae1e527a,23.09,0.2179,18,0,4,28,5,1,5,1508.0,0.0731,27.6,936.0,0.0198,0.0118,0.0269,0.1859,477.0,0.0,0,,,2,10,3,1,0,0,0,3,0,0
txn_b1a1d9ce6ccd,9.74,0.0568,19,0,4,28,5,1,3,1508.0,0.0731,27.6,983.0,0.0033,0.0042,0.3208,0.1859,477.0,0.0,0,,,4,4,1,1,0,3,3,1,1,0
txn_65efa6f91c93,45.46,0.1951,4,0,4,28,5,1,4,1508.0,0.0731,27.6,1962.0,0.0102,0.0077,0.2298,0.1859,477.0,0.0,0,,,0,10,3,1,0,2,2,5,0,0
txn_800538db5f19,37.25,0.0466,0,0,4,28,5,1,2,1508.0,0.0731,27.6,1838.0,0.0263,0.0084,0.0979,0.0553,1376.0,0.0,0,,,0,4,3,1,0,3,3,2,1,0
txn_fa5d66d8c3f8,28.32,0.1271,0,0,4,28,5,1,5,1712.0,0.0563,246.38,4546.0,0.0468,0.0064,0.1401,0.0553,1376.0,0.0,0,,,2,10,1,1,0,4,4,5,2,0
txn_f255fe2667d1,26.75,0.216,12,0,4,28,5,1,2,1712.0,0.0563,246.38,174.0,0.0307,0.0109,0.0235,0.0553,1376.0,0.0,0,,,3,4,4,1,0,4,4,2,0,0
txn_cef79daa16c4,15.9,0.1297,10,0,4,28,5,1,3,1712.0,0.0563,246.38,586.0,0.0254,0.011,0.2833,0.0553,1376.0,0.0,0,,,2,6,1,1,0,4,4,3,3,0
txn_be8aaa9d31ee,15.77,0.1409,10,0,4,28,5,1,2,1712.0,0.0563,246.38,4262.0,0.0649,0.0077,0.2657,0.0553,1376.0,0.0,0,,,0,8,4,1,0,4,4,4,0,0
txn_a59d36a60f81,30.28,0.0463,2,0,4,28,5,1,3,1404.0,0.0643,197.38,1003.0,0.0577,0.0049,0.1719,0.1678,1341.0,1.0,0,,,1,4,1,1,0,3,3,5,0,0
txn_aa62e8f994e9,20.6,0.1465,14,0,4,28,5,1,4,1404.0,0.0643,197.38,2775.0,0.025,0.0097,0.1734,0.1678,1341.0,1.0,0,,,0,4,3,1,0,0,0,6,2,0
txn_82e0592c92fd,21.21,0.0911,3,0,4,28,5,1,3,1404.0,0.0643,197.38,3942.0,0.076,0.0025,0.0486,0.1678,1341.0,1.0,0,,,1,8,3,1,0,3,3,5,3,0
txn_4d7fc5348aca,69.27,0.1165,13,0,4,28,5,1,3,1404.0,0.0643,197.38,1181.0,0.0215,0.0061,0.2735,0.1678,1341.0,1.0,0,,,0,10,3,1,0,5,5,4,3,0
txn_20c8a95d443f,45.16,0.189,17,0,4,27,5,1,2,2927.0,0.0512,105.33,4557.0,0.0435,0.0062,0.1021,0.1678,1341.0,1.0,0,,,0,8,1,1,0,0,0,3,1,0
txn_4e36c0cc38fb,29.83,0.2149,13,0,4,27,5,1,1,2927.0,0.0512,105.33,4951.0,0.0131,0.002,0.3476,0.1403,1334.0,0.0,0,,,2,4,4,1,0,0,0,3,1,0
txn_c13d5a7b5393,18.44,0.1276,4,0,4,27,5,1,3,2927.0,0.0512,105.33,349.0,0.0495,0.0138,0.1588,0.1403,1334.0,0.0,0,,,4,4,4,1,0,4,4,5,2,0
txn_f80bd041b064,29.69,0.0436,4,0,4,27,5,1,2,2927.0,0.0512,105.33,3096.0,0.0229,0.0005,0.1666,0.1403,1334.0,0.0,0,,,2,4,1,1,0,1,1,0,0,0
txn_dea918f76e9f,40.99,0.0412,4,0,4,28,5,1,5,1658.0,0.0256,272.37,1761.0,0.0243,0.0052,0.066,0.1403,1334.0,0.0,0,,,1,4,4,1,0,3,3,1,0,0
txn_dfa409b3a030,41.12,0.0608,9,0,4,28,5,1,2,1658.0,0.0256,272.37,1599.0,0.0738,0.0026,0.1809,0.1403,1334.0,0.0,0,,,1,8,4,1,0,0,0,3,1,0
txn_e360076fd5fa,5.45,0.1871,10,0,4,28,5,1,1,1658.0,0.0256,272.37,936.0,0.0198,0.0118,0.0269,0.1389,1229.0,1.0,0,,,0,4,1,1,0,0,0,3,3,0
txn_38256999ba56,59.15,0.0336,5,0,4,28,5,1,1,1658.0,0.0256,272.37,983.0,0.0033,0.0042,0.3208,0.1389,1229.0,1.0,0,,,2,6,4,1,0,5,5,4,3,0
txn_00460f05c445,18.91,0.1928,19,0,4,28,5,1,2,2679.0,0.0651,169.47,1962.0,0.0102,0.0077,0.2298,0.1389,1229.0,1.0,0,,,1,4,4,1,0,2,2,2,2,0
txn_02bf6e503b68,75.12,0.2525,0,0,4,28,5,1,7,2679.0,0.0651,169.47,1838.0,0.0263,0.0084,0.0979,0.1389,1229.0,1.0,0,,,3,6,3,1,0,5,5,6,1,0
txn_2dc91ccf84bc,18.62,0.1746,20,0,4,28,5,1,2,2679.0,0.0651,169.47,4546.0,0.0468,0.0064,0.1401,0.1389,1229.0,1.0,0,,,0,4,4,1,0,5,5,6,1,0
txn_a0e90d387f2f,111.49,0.2329,16,0,4,28,5,1,4,2679.0,0.0651,169.47,174.0,0.0307,0.0109,0.0235,0.1801,248.0,1.0,0,,,0,4,1,1,0,3,3,5,0,0
txn_5d5d496703a9,39.0,0.1773,19,0,4,28,5,1,1,557.0,0.0064,187.61,586.0,0.0254,0.011,0.2833,0.1801,248.0,1.0,0,,,4,6,3,1,0,5,5,3,3,0
txn_78a63cadbb4f,104.64,0.1433,3,0,4,28,5,1,4,557.0,0.0064,187.61,4262.0,0.0649,0.0077,0.2657,0.1801,248.0,1.0,0,,,4,6,1,1,0,3,3,3,2,0
txn_e058543479c0,38.17,0.1497,10,0,4,28,5,1,5,557.0,0.0064,187.61,1003.0,0.0577,0.0049,0.1719,0.1801,248.0,1.0,0,,,3,4,1,1,0,4,4,6,3,0
txn_b3a67d289a19,59.92,0.1807,7,0,4,28,5,1,4,557.0,0.0064,187.61,2775.0,0.025,0.0097,0.1734,0.1801,248.0,1.0,0,,,0,8,3,1,0,3,3,0,0,0
txn_7dfcdacc4860,58.21,0.0396,18,0,4,28,5,1,7,128.0,0.043,191.1,3942.0,0.076,0.0025,0.0486,0.1814,1264.0,0.0,0,,,4,10,3,1,0,4,4,0,3,0
txn_c29158fa62ad,20.52,0.2596,16,0,4,28,5,1,2,128.0,0.043,191.1,1181.0,0.0215,0.0061,0.2735,0.1814,1264.0,0.0,0,,,3,8,1,1,0,3,3,1,2,0
txn_b50664e90815,42.34,0.1081,21,0,4,27,5,1,2,128.0,0.043,191.1,4557.0,0.0435,0.0062,0.1021,0.1814,1264.0,0.0,0,,,3,6,3,1,0,2,2,6,0,0
txn_0bcf79a5a3f7,41.9,0.0607,1,0,4,27,5,1,1,128.0,0.043,191.1,4951.0,0.0131,0.002,0.3476,0.1814,1264.0,0.0,0,,,1,8,4,1,0,0,0,4,1,0
txn_3ed04770c60c,14.66,0.1375,6,0,4,27,5,1,5,1088.0,0.0364,111.5,349.0,0.0495,0.0138,0.1588,0.1814,1264.0,0.0,0,,,4,10,4,1,0,3,3,0,2,0
txn_276847ab8e20,31.95,0.1652,6,0,4,27,5,1,4,1088.0,0.0364,111.5,3096.0,0.0229,0.0005,0.1666,0.1129,1351.0,1.0,0,,,1,4,1,1,0,5,5,2,2,0
txn_008711f5dfd2,18.96,0.2373,4,0,4,28,5,1,1,1088.0,0.0364,111.5,1761.0,0.0243,0.0052,0.066,0.1129,1351.0,1.0,0,,,1,6,3,1,0,1,1,1,0,0
txn_e6ddd562def8,27.01,0.0957,3,0,4,28,5,1,7,1088.0,0.0364,111.5,1599.0,0.0738,0.0026,0.1809,0.1129,1351.0,1.0,0,,,1,8,1,1,0,1,1,5,0,0
txn_b39508f28cb6,75.03,0.1991,18,0,4,28,5,1,5,882.0,0.0684,151.7,936.0,0.0198,0.0118,0.0269,0.1129,1351.0,1.0,0,,,2,6,3,1,0,3,3,2,1,0
txn_6af5c9bb7665,50.98,0.2318,20,0,4,28,5,1,3,882.0,0.0684,151.7,983.0,0.0033,0.0042,0.3208,0.1129,1351.0,1.0,0,,,0,10,4,1,0,1,1,1,0,0
txn_2e353a62c043,76.88,0.2438,0,0,4,28,5,1,3,882.0,0.0684,151.7,1962.0,0.0102,0.0077,0.2298,0.1106,940.0,0.0,0,,,2,4,3,1,0,4,4,5,0,0
txn_1f30c6f65d1b,29.29,0.1477,22,0,4,28,5,1,2,882.0,0.0684,151.7,1838.0,0.0263,0.0084,0.0979,0.1106,940.0,0.0,0,,,2,6,4,1,0,3,3,0,0,0
txn_bda7d41070ec,11.11,0.2053,11,0,4,28,5,1,2,1742.0,0.0329,135.78,4546.0,0.0468,0.0064,0.1401,0.1106,940.0,0.0,0,,,2,10,3,1,0,4,4,4,3,0
txn_68cced4907d7,57.91,0.1315,19,0,4,28,5,1,3,1742.0,0.0329,135.78,174.0,0.0307,0.0109,0.0235,0.1106,940.0,0.0,0,,,4,8,3,1,0,5,5,1,2,0
txn_82e35a9dafa4,16.89,0.2185,14,0,4,28,5,1,2,1742.0,0.0329,135.78,586.0,0.0254,0.011,0.2833,0.1106,940.0,0.0,0,,,1,6,1,1,0,3,3,0,0,0
txn_403e251e4dcb,17.62,0.1035,15,0,4,28,5,1,2,1742.0,0.0329,135.78,4262.0,0.0649,0.0077,0.2657,0.0458,431.0,1.0,0,,,3,10,3,1,0,3,3,0,1,0
txn_500c025848b6,15.18,0.1582,7,0,4,28,5,1,2,436.0,0.0511,154.01,1003.0,0.0577,0.0049,0.1719,0.0458,431.0,1.0,0,,,0,6,4,1,0,5,5,4,1,0
txn_45849ab18f61,31.66,0.1448,4,0,4,28,5,1,1,436.0,0.0511,154.01,2775.0,0.025,0.0097,0.1734,0.0458,431.0,1.0,0,,,4,8,1,1,0,4,4,2,3,0
txn_87efb7c05490,26.42,0.1253,12,0,4,28,5,1,3,436.0,0.0511,154.01,3942.0,0.076,0.0025,0.0486,0.0458,431.0,1.0,0,,,0,4,4,1,0,1,1,6,0,0
txn_bc0bc709530a,61.29,0.2063,5,0,4,28,5,1,2,436.0,0.0511,154.01,1181.0,0.0215,0.0061,0.2735,0.0458,431.0,1.0,0,,,4,4,3,1,0,1,1,4,0,0
txn_20e694bf44e0,28.15,0.0878,5,0,4,27,5,1,7,670.0,0.0367,250.53,4557.0,0.0435,0.0062,0.1021,0.1486,31.0,0.0,0,,,1,10,4,1,0,3,3,5,1,0
txn_435db34f2389,19.28,0.2658,8,0,4,27,5,1,3,670.0,0.0367,250.53,4951.0,0.0131,0.002,0.3476,0.1486,31.0,0.0,0,,,0,10,4,1,0,5,5,4,2,0
txn_9928d8e0d1d4,24.86,0.1056,8,0,4,27,5,1,2,670.0,0.0367,250.53,349.0,0.0495,0.0138,0.1588,0.1486,31.0,0.0,0,,,2,8,4,1,0,0,0,6,0,0
txn_176143312640,20.43,0.0444,0,0,4,27,5,1,2,670.0,0.0367,250.53,3096.0,0.0229,0.0005,0.1666,0.1486,31.0,0.0,0,,,1,6,1,1,0,3,3,6,0,0
txn_cfb9b4e359e5,12.6,0.2221,22,0,4,28,5,1,4,1544.0,0.0058,49.04,1761.0,0.0243,0.0052,0.066,0.1486,31.0,0.0,0,,,2,10,4,1,0,5,5,6,0,0
txn_702262eb855b,27.99,0.2225,11,0,4,28,5,1,2,1544.0,0.0058,49.04,1599.0,0.0738,0.0026,0.1809,0.2494,688.0,1.0,0,,,4,8,4,1,0,1,1,5,3,0
txn_049fde679332,20.22,0.1776,14,0,4,28,5,1,2,1544.0,0.0058,49.04,936.0,0.0198,0.0118,0.0269,0.2494,688.0,1.0,0,,,4,10,3,1,0,4,4,3,2,0
txn_fcd5b566a9c7,48.17,0.0603,7,0,4,28,5,1,4,1544.0,0.0058,49.04,983.0,0.0033,0.0042,0.3208,0.2494,688.0,1.0,0,,,4,4,3,1,0,0,0,4,3,0
txn_508fc352f536,16.66,0.0984,4,0,4,28,5,1,3,580.0,0.0216,66.85,1962.0,0.0102,0.0077,0.2298,0.2494,688.0,1.0,0,,,4,10,4,1,0,0,0,6,0,0
txn_3806567ac380,20.87,0.2461,12,0,4,28,5,1,1,580.0,0.0216,66.85,1838.0,0.0263,0.0084,0.0979,0.2494,688.0,1.0,0,,,1,6,4,1,0,5,5,3,2,0
txn_b72ddde37dc9,7.2,0.2384,21,0,4,28,5,1,2,580.0,0.0216,66.85,4546.0,0.0468,0.0064,0.1401,0.1928,226.0,0.0,0,,,0,4,3,1,0,1,1,2,0,0
txn_5769c2e3dd6d,17.24,0.2535,16,0,4,28,5,1,3,580.0,0.0216,66.85,174.0,0.0307,0.0109,0.0235,0.1928,226.0,0.0,0,,,1,6,1,1,0,0,0,6,0,0
txn_c781fbe7d694,49.42,0.101,5,0,4,28,5,1,2,2579.0,0.0188,59.2,586.0,0.0254,0.011,0.2833,0.1928,226.0,0.0,0,,,2,10,1,1,0,3,3,6,1,0
txn_6ec4cac61157,6.08,0.0721,16,0,4,28,5,1,3,2579.0,0.0188,59.2,4262.0,0.0649,0.0077,0.2657,0.1928,226.0,0.0,0,,,0,6,1,1,0,1,1,0,0,0
txn_66ba6d0f19c4,60.52,0.2532,17,0,4,28,5,1,3,2579.0,0.0188,59.2,1003.0,0.0577,0.0049,0.1719,0.1928,226.0,0.0,0,,,1,4,3,1,0,2,2,4,2,0
txn_392955dc8580,39.51,0.2099,11,0,4,28,5,1,1,2579.0,0.0188,59.2,2775.0,0.025,0.0097,0.1734,0.055,753.0,1.0,0,,,2,6,3,1,0,1,1,0,1,0
txn_e575f2ec28ee,20.83,0.1508,3,0,4,28,5,1,2,2914.0,0.078,52.72,3942.0,0.076,0.0025,0.0486,0.055,753.0,1.0,0,,,4,4,1,1,0,4,4,1,0,0
txn_6da8302dfa05,11.29,0.1946,12,0,4,28,5,1,3,2914.0,0.078,52.72,1181.0,0.0215,0.0061,0.2735,0.055,753.0,1.0,0,,,0,8,3,1,0,0,0,1,2,0
txn_ef3514b28e36,20.97,0.0876,23,0,4,27,5,1,1,2914.0,0.078,52.72,4557.0,0.0435,0.0062,0.1021,0.055,753.0,1.0,0,,,3,6,3,1,0,4,4,6,2,0
txn_8e5e08e62401,15.13,0.2141,19,0,4,27,5,1,5,2914.0,0.078,52.72,4951.0,0.0131,0.002,0.3476,0.055,753.0,1.0,0,,,2,10,1,1,0,0,0,4,0,0
txn_a10a96e541a8,63.8,0.2365,17,0,4,27,5,1,3,342.0,0.0463,114.04,349.0,0.0495,0.0138,0.1588,0.1506,441.0,0.0,0,,,2,4,1,1,0,0,0,2,1,0
txn_f051b8d49584,20.46,0.1197,22,0,4,27,5,1,4,342.0,0.0463,114.04,3096.0,0.0229,0.0005,0.1666,0.1506,441.0,0.0,0,,,0,4,3,1,0,1,1,4,2,0
txn_027028da28a8,10.69,0.1943,23,0,4,28,5,1,1,342.0,0.0463,114.04,1761.0,0.0243,0.0052,0.066,0.1506,441.0,0.0,0,,,2,6,3,1,0,5,5,5,0,0
txn_4728db4c6198,24.75,0.1044,4,0,4,28,5,1,3,342.0,0.0463,114.04,1599.0,0.0738,0.0026,0.1809,0.1506,441.0,0.0,0,,,2,6,3,1,0,2,2,2,2,0
txn_988c142ae727,86.75,0.2631,1,0,4,28,5,1,1,264.0,0.0049,209.81,936.0,0.0198,0.0118,0.0269,0.1506,441.0,0.0,0,,,2,6,4,1,0,5,5,3,0,0
txn_a5bb770f9022,14.16,0.2563,1,0,4,28,5,1,2,264.0,0.0049,209.81,983.0,0.0033,0.0042,0.3208,0.1285,189.0,0.0,0,,,1,10,3,1,0,3,3,4,3,0
txn_a23a20421348,46.6,0.2705,10,0,4,28,5,1,3,264.0,0.0049,209.81,1962.0,0.0102,0.0077,0.2298,0.1285,189.0,0.0,0,,,4,6,4,1,0,0,0,2,3,0
txn_517ee7f398bd,65.48,0.2727,21,0,4,28,5,1,5,264.0,0.0049,209.81,1838.0,0.0263,0.0084,0.0979,0.1285,189.0,0.0,0,,,2,10,3,1,0,5,5,5,1,0
txn_41e3bdfcf674,21.35,0.2797,15,0,4,28,5,1,3,826.0,0.0371,218.56,4546.0,0.0468,0.0064,0.1401,0.1285,189.0,0.0,0,,,2,4,1,1,0,0,0,3,3,0
txn_0922bf832c8a,11.04,0.1914,5,0,4,28,5,1,1,826.0,0.0371,218.56,174.0,0.0307,0.0109,0.0235,0.1285,189.0,0.0,0,,,0,4,3,1,0,2,2,3,1,0
txn_845f023bb5e5,10.51,0.1538,20,0,4,28,5,1,4,826.0,0.0371,218.56,586.0,0.0254,0.011,0.2833,0.0037,947.0,1.0,0,,,0,10,3,1,0,5,5,1,0,0
txn_a1b5203258ee,34.32,0.0521,10,0,4,28,5,1,3,826.0,0.0371,218.56,4262.0,0.0649,0.0077,0.2657,0.0037,947.0,1.0,0,,,0,6,4,1,0,5,5,3,0,0
txn_bf81ac8028c5,48.63,0.1459,9,0,4,28,5,1,4,985.0,0.0618,124.72,1003.0,0.0577,0.0049,0.1719,0.0037,947.0,1.0,0,,,3,10,4,1,0,5,5,2,1,0
txn_c5f0dec655b8,13.89,0.0626,5,0,4,28,5,1,1,985.0,0.0618,124.72,2775.0,0.025,0.0097,0.1734,0.0037,947.0,1.0,0,,,3,8,1,1,0,4,4,1,0,0
txn_5a842742a4ba,77.35,0.2461,22,0,4,28,5,1,1,985.0,0.0618,124.72,3942.0,0.076,0.0025,0.0486,0.0037,947.0,1.0,0,,,2,6,3,1,0,4,4,3,0,0
txn_bdf194480e4d,35.5,0.1929,17,0,4,28,5,1,5,985.0,0.0618,124.72,1181.0,0.0215,0.0061,0.2735,0.1216,859.0,0.0,0,,,1,4,1,1,0,1,1,3,0,0
txn_4a10e972f2e0,9.39,0.0683,4,0,4,27,5,1,3,1801.0,0.0388,56.5,4557.0,0.0435,0.0062,0.1021,0.1216,859.0,0.0,0,,,0,4,1,1,0,2,2,2,1,0
txn_cbd5bb2d004c,9.89,0.1434,10,0,4,27,5,1,3,1801.0,0.0388,56.5,4951.0,0.0131,0.002,0.3476,0.1216,859.0,0.0,0,,,4,8,4,1,0,5,5,0,1,0
txn_bf5884aa33ab,29.58,0.2795,5,0,4,27,5,1,2,1801.0,0.0388,56.5,349.0,0.0495,0.0138,0.1588,0.1216,859.0,0.0,0,,,4,4,1,1,0,4,4,3,2,0
txn_f6e10b9f9080,12.55,0.0303,23,0,4,27,5,1,2,1801.0,0.0388,56.5,3096.0,0.0229,0.0005,0.1666,0.1216,859.0,0.0,0,,,1,8,4,1,0,4,4,6,2,0
txn_072e35710bc4,23.09,0.1791,6,0,4,28,5,1,2,2789.0,0.0579,86.97,1761.0,0.0243,0.0052,0.066,0.1509,214.0,1.0,0,,,3,6,3,1,0,3,3,3,0,0
txn_6b3469d7d8ed,57.81,0.0672,0,0,4,28,5,1,2,2789.0,0.0579,86.97,1599.0,0.0738,0.0026,0.1809,0.1509,214.0,1.0,0,,,3,4,1,1,0,5,5,1,1,0
txn_260df4089cb9,19.99,0.2134,6,0,4,28,5,1,3,2789.0,0.0579,86.97,936.0,0.0198,0.0118,0.0269,0.1509,214.0,1.0,0,,,4,8,1,1,0,1,1,0,2,0
txn_ae292018adc8,7.1,0.1349,18,0,4,28,5,1,4,2789.0,0.0579,86.97,983.0,0.0033,0.0042,0.3208,0.1509,214.0,1.0,0,,,0,8,3,1,0,4,4,1,1,0
txn_8cf6767299fd,47.01,0.1454,13,0,4,28,5,1,2,471.0,0.0281,245.32,1962.0,0.0102,0.0077,0.2298,0.1509,214.0,1.0,0,,,0,8,4,1,0,2,2,2,2,0
txn_06559c0621e2,64.63,0.1682,19,0,4,28,5,1,7,471.0,0.0281,245.32,1838.0,0.0263,0.0084,0.0979,0.132,82.0,0.0,0,,,0,4,4,1,0,1,1,5,0,0
txn_34ce164b2a16,33.32,0.1297,12,0,4,28,5,1,2,471.0,0.0281,245.32,4546.0,0.0468,0.0064,0.1401,0.132,82.0,0.0,0,,,1,4,4,1,0,1,1,2,1,0
txn_32c5e1cecc7a,20.88,0.1146,1,0,4,28,5,1,6,471.0,0.0281,245.32,174.0,0.0307,0.0109,0.0235,0.132,82.0,0.0,0,,,0,10,4,1,0,4,4,5,0,0
txn_771b90599798,27.22,0.1122,1,0,4,28,5,1,5,357.0,0.0645,127.28,586.0,0.0254,0.011,0.2833,0.132,82.0,0.0,0,,,0,10,4,1,0,0,0,6,0,0
txn_39bc0cb4dedf,53.05,0.0365,20,0,4,28,5,1,3,357.0,0.0645,127.28,4262.0,0.0649,0.0077,0.2657,0.132,82.0,0.0,0,,,3,6,4,1,0,3,3,4,3,0
txn_6992f3476a67,23.12,0.0461,13,0,4,28,5,1,6,357.0,0.0645,127.28,1003.0,0.0577,0.0049,0.1719,0.0049,1309.0,1.0,0,,,4,8,1,1,0,3,3,1,1,0
txn_4e7cc2629b64,101.8,0.1286,18,0,4,28,5,1,5,357.0,0.0645,127.28,2775.0,0.025,0.0097,0.1734,0.0049,1309.0,1.0,0,,,4,4,1,1,0,5,5,1,2,0
txn_9bc17c4ddd65,8.24,0.1479,3,0,4,28,5,1,2,2126.0,0.0654,130.12,3942.0,0.076,0.0025,0.0486,0.0049,1309.0,1.0,0,,,1,6,4,1,0,2,2,4,1,0
txn_b472fb7f8071,17.59,0.2481,15,0,4,28,5,1,2,2126.0,0.0654,130.12,1181.0,0.0215,0.0061,0.2735,0.0049,1309.0,1.0,0,,,3,10,4,1,0,4,4,5,0,0
txn_9d9c56a785a6,28.04,0.0247,0,0,4,27,5,1,2,2126.0,0.0654,130.12,4557.0,0.0435,0.0062,0.1021,0.0049,1309.0,1.0,0,,,0,4,1,1,0,5,5,3,1,0
txn_b41b9cf9ae0c,24.64,0.0411,15,0,4,27,5,1,5,2126.0,0.0654,130.12,4951.0,0.0131,0.002,0.3476,0.2389,42.0,0.0,0,,,4,10,3,1,0,2,2,0,2,0
txn_08d78f947c3c,11.77,0.0546,13,0,4,27,5,1,5,860.0,0.028,146.81,349.0,0.0495,0.0138,0.1588,0.2389,42.0,0.0,0,,,3,10,1,1,0,1,1,6,2,0
txn_78787a29fe0a,92.3,0.2402,23,0,4,27,5,1,6,860.0,0.028,146.81,3096.0,0.0229,0.0005,0.1666,0.2389,42.0,0.0,0,,,3,4,3,1,0,5,5,5,0,0
txn_8877a99f531d,67.53,0.1642,12,0,4,28,5,1,3,860.0,0.028,146.81,1761.0,0.0243,0.0052,0.066,0.2389,42.0,0.0,0,,,4,10,4,1,0,0,0,4,0,0
txn_9092689d3aaa,23.12,0.1109,12,0,4,28,5,1,2,860.0,0.028,146.81,1599.0,0.0738,0.0026,0.1809,0.2389,42.0,0.0,0,,,1,10,1,1,0,4,4,4,2,0
txn_2d0f231ebf60,17.8,0.1938,16,0,4,28,5,1,3,1339.0,0.042,246.55,936.0,0.0198,0.0118,0.0269,0.0655,257.0,1.0,0,,,3,6,3,1,0,3,3,5,2,0
txn_80616973b431,13.52,0.2079,9,0,4,28,5,1,1,1339.0,0.042,246.55,983.0,0.0033,0.0042,0.3208,0.0655,257.0,1.0,0,,,1,6,3,1,0,1,1,0,2,0
txn_0bd3ebd2d3ab,33.55,0.2529,22,0,4,28,5,1,3,1339.0,0.042,246.55,1962.0,0.0102,0.0077,0.2298,0.0655,257.0,1.0,0,,,4,10,4,1,0,5,5,3,1,0
txn_4303379b819e,38.37,0.1711,2,0,4,28,5,1,3,1339.0,0.042,246.55,1838.0,0.0263,0.0084,0.0979,0.0655,257.0,1.0,0,,,4,10,4,1,0,3,3,2,0,0
txn_96e9307fed6a,22.74,0.2598,22,0,4,28,5,1,3,1403.0,0.0003,262.83,4546.0,0.0468,0.0064,0.1401,0.0655,257.0,1.0,0,,,2,6,3,1,0,0,0,6,3,0
txn_0b79f6bdf4cb,25.16,0.0674,21,0,4,28,5,1,2,1403.0,0.0003,262.83,174.0,0.0307,0.0109,0.0235,0.1024,1109.0,0.0,0,,,3,8,1,1,0,5,5,6,1,0
txn_a1ff45b77adb,78.7,0.1212,18,0,4,28,5,1,3,1403.0,0.0003,262.83,586.0,0.0254,0.011,0.2833,0.1024,1109.0,0.0,0,,,4,6,4,1,0,4,4,1,3,0
txn_6766849de74d,23.1,0.1602,10,0,4,28,5,1,3,1403.0,0.0003,262.83,4262.0,0.0649,0.0077,0.2657,0.1024,1109.0,0.0,0,,,0,4,3,1,0,5,5,2,1,0
txn_f62b113218b9,48.54,0.1007,4,0,4,28,5,1,2,2604.0,0.0226,249.25,1003.0,0.0577,0.0049,0.1719,0.1024,1109.0,0.0,0,,,4,8,3,1,0,1,1,5,0,0
txn_e76ece30cf1c,5.63,0.0675,8,0,4,28,5,1,3,2604.0,0.0226,249.25,2775.0,0.025,0.0097,0.1734,0.1024,1109.0,0.0,0,,,4,10,3,1,0,4,4,5,0,0
txn_3b762a21a5b7,34.99,0.2722,6,0,4,28,5,1,3,2604.0,0.0226,249.25,3942.0,0.076,0.0025,0.0486,0.0682,550.0,1.0,0,,,2,4,4,1,0,1,1,0,1,0
txn_aec2f9245ef3,53.35,0.0425,10,0,4,28,5,1,4,2604.0,0.0226,249.25,1181.0,0.0215,0.0061,0.2735,0.0682,550.0,1.0,0,,,4,10,4,1,0,5,5,0,0,0
txn_56ee7142acce,57.96,0.024,8,0,4,27,5,1,2,1743.0,0.0778,152.11,4557.0,0.0435,0.0062,0.1021,0.0682,550.0,1.0,0,,,4,8,3,1,0,4,4,5,2,0
txn_e85c6354058f,61.78,0.0339,11,0,4,27,5,1,1,1743.0,0.0778,152.11,4951.0,0.0131,0.002,0.3476,0.0682,550.0,1.0,0,,,3,8,4,1,0,5,5,5,0,0
txn_4060249dc10e,7.69,0.1329,13,0,4,27,5,1,3,1743.0,0.0778,152.11,349.0,0.0495,0.0138,0.1588,0.0682,550.0,1.0,0,,,3,8,4,1,0,0,0,4,2,0
txn_4a072ec1689b,169.85,0.2325,2,0,4,27,5,1,2,1743.0,0.0778,152.11,3096.0,0.0229,0.0005,0.1666,0.0357,884.0,0.0,0,,,4,6,3,1,0,5,5,0,0,0
txn_42418544e97c,14.81,0.0215,9,0,4,28,5,1,4,2179.0,0.0649,150.55,1761.0,0.0243,0.0052,0.066,0.0357,884.0,0.0,0,,,2,6,3,1,0,4,4,5,2,0
txn_a033257aad54,18.61,0.2315,12,0,4,28,5,1,3,2179.0,0.0649,150.55,1599.0,0.0738,0.0026,0.1809,0.0357,884.0,0.0,0,,,3,8,3,1,0,5,5,6,1,0
txn_1c7a03968364,32.84,0.0532,7,0,4,28,5,1,7,2179.0,0.0649,150.55,936.0,0.0198,0.0118,0.0269,0.0357,884.0,0.0,0,,,3,4,4,1,0,4,4,3,2,0
txn_1e80e2177a57,47.24,0.2167,19,0,4,28,5,1,3,2179.0,0.0649,150.55,983.0,0.0033,0.0042,0.3208,0.0357,884.0,0.0,0,,,2,4,4,1,0,1,1,2,2,0
txn_415cf330c09a,38.49,0.0374,13,0,4,28,5,1,3,564.0,0.0755,126.87,1962.0,0.0102,0.0077,0.2298,0.2213,812.0,0.0,0,,,1,10,1,1,0,0,0,6,1,0
txn_e96350416edb,34.62,0.1357,20,0,4,28,5,1,2,564.0,0.0755,126.87,1838.0,0.0263,0.0084,0.0979,0.2213,812.0,0.0,0,,,3,10,4,1,0,4,4,5,3,0
txn_8657f4f6448e,20.59,0.1334,9,0,4,28,5,1,2,564.0,0.0755,126.87,4546.0,0.0468,0.0064,0.1401,0.2213,812.0,0.0,0,,,2,4,3,1,0,4,4,0,2,0
txn_6dda8254fc4b,17.69,0.0909,5,0,4,28,5,1,6,564.0,0.0755,126.87,174.0,0.0307,0.0109,0.0235,0.2213,812.0,0.0,0,,,4,4,3,1,0,2,2,1,1,0
txn_0037d8869a41,40.03,0.0956,11,0,4,28,5,1,7,763.0,0.0624,260.07,586.0,0.0254,0.011,0.2833,0.2213,812.0,0.0,0,,,2,4,4,1,0,2,2,3,0,0
txn_f9a578955f6e,22.5,0.1661,21,0,4,28,5,1,3,763.0,0.0624,260.07,4262.0,0.0649,0.0077,0.2657,0.0547,572.0,1.0,0,,,3,6,4,1,0,3,3,6,3,0
txn_6f808f0ec025,73.54,0.0689,23,0,4,28,5,1,4,763.0,0.0624,260.07,1003.0,0.0577,0.0049,0.1719,0.0547,572.0,1.0,0,,,0,4,1,1,0,3,3,6,3,0
txn_997f6c1e8b03,29.64,0.1884,20,0,4,28,5,1,4,763.0,0.0624,260.07,2775.0,0.025,0.0097,0.1734,0.0547,572.0,1.0,0,,,3,6,3,1,0,4,4,2,1,0
txn_70b2cc571434,27.67,0.2294,20,0,4,28,5,1,2,2318.0,0.01,217.97,3942.0,0.076,0.0025,0.0486,0.0547,572.0,1.0,0,,,4,10,3,1,0,2,2,3,3,0
txn_d580cf977638,15.34,0.2231,20,0,4,28,5,1,2,2318.0,0.01,217.97,1181.0,0.0215,0.0061,0.2735,0.0547,572.0,1.0,0,,,4,4,3,1,0,1,1,3,2,0
txn_f29ff29e3e6c,26.48,0.0506,16,0,4,27,5,1,2,2318.0,0.01,217.97,4557.0,0.0435,0.0062,0.1021,0.0176,317.0,0.0,0,,,4,8,3,1,0,0,0,0,3,0
txn_a29d234c6a89,71.32,0.25,6,0,4,27,5,1,4,2318.0,0.01,217.97,4951.0,0.0131,0.002,0.3476,0.0176,317.0,0.0,0,,,2,6,1,1,0,1,1,1,3,0
txn_c42ff4339bae,10.63,0.2758,10,0,4,27,5,1,1,289.0,0.0577,266.91,349.0,0.0495,0.0138,0.1588,0.0176,317.0,0.0,0,,,4,8,4,1,0,0,0,0,1,0
txn_c1216c359b62,25.2,0.067,13,0,4,27,5,1,2,289.0,0.0577,266.91,3096.0,0.0229,0.0005,0.1666,0.0176,317.0,0.0,0,,,0,6,3,1,0,1,1,3,3,0
txn_428f0caec43d,34.44,0.1432,10,0,4,28,5,1,7,289.0,0.0577,266.91,1761.0,0.0243,0.0052,0.066,0.0176,317.0,0.0,0,,,0,10,1,1,0,4,4,3,3,0
txn_f93a2ea2ec2b,64.54,0.2172,10,0,4,28,5,1,1,289.0,0.0577,266.91,1599.0,0.0738,0.0026,0.1809,0.0638,391.0,1.0,0,,,3,4,4,1,0,5,5,5,0,0
txn_ab2304fb8759,6.42,0.0834,21,0,4,28,5,1,6,1842.0,0.0366,160.79,936.0,0.0198,0.0118,0.0269,0.0638,391.0,1.0,0,,,1,10,4,1,0,3,3,1,3,0
txn_2b01441369a8,15.59,0.1873,19,0,4,28,5,1,2,1842.0,0.0366,160.79,983.0,0.0033,0.0042,0.3208,0.0638,391.0,1.0,0,,,2,8,3,1,0,1,1,2,1,0
txn_f97da9a05ce1,11.9,0.1041,6,0,4,28,5,1,2,1842.0,0.0366,160.79,1962.0,0.0102,0.0077,0.2298,0.0638,391.0,1.0,0,,,0,10,3,1,0,0,0,3,1,0
txn_c39c60d5906c,38.73,0.2416,23,0,4,28,5,1,2,1842.0,0.0366,160.79,1838.0,0.0263,0.0084,0.0979,0.0638,391.0,1.0,0,,,3,10,4,1,0,2,2,3,3,0
txn_57a142e7e1d0,34.07,0.259,4,0,4,28,5,1,2,967.0,0.0779,206.77,4546.0,0.0468,0.0064,0.1401,0.0451,1059.0,1.0,0,,,1,6,3,1,0,1,1,0,2,0
txn_10f2caa6125e,45.36,0.1132,6,0,4,28,5,1,1,967.0,0.0779,206.77,174.0,0.0307,0.0109,0.0235,0.0451,1059.0,1.0,0,,,2,4,3,1,0,4,4,6,3,0
txn_ca81692a4376,11.63,0.263,15,0,4,28,5,1,2,967.0,0.0779,206.77,586.0,0.0254,0.011,0.2833,0.0451,1059.0,1.0,0,,,2,4,3,1,0,1,1,5,0,0
txn_f3daef0e9277,27.7,0.1055,2,0,4,28,5,1,3,967.0,0.0779,206.77,4262.0,0.0649,0.0077,0.2657,0.0451,1059.0,1.0,0,,,4,8,4,1,0,5,5,1,0,0
txn_fc07d1d1df3a,28.92,0.0377,10,0,4,28,5,1,2,1482.0,0.0365,153.41,1003.0,0.0577,0.0049,0.1719,0.0451,1059.0,1.0,0,,,2,10,1,1,0,2,2,5,3,0
txn_837128f9fa3b,63.14,0.1066,8,0,4,28,5,1,1,1482.0,0.0365,153.41,2775.0,0.025,0.0097,0.1734,0.188,666.0,1.0,0,,,2,6,4,1,0,1,1,2,2,0
txn_682c35942588,41.99,0.196,0,0,4,28,5,1,3,1482.0,0.0365,153.41,3942.0,0.076,0.0025,0.0486,0.188,666.0,1.0,0,,,3,6,1,1,0,5,5,3,1,0
txn_d4bdef6b68a2,10.79,0.1438,13,0,4,28,5,1,2,1482.0,0.0365,153.41,1181.0,0.0215,0.0061,0.2735,0.188,666.0,1.0,0,,,4,10,3,1,0,0,0,1,1,0
txn_10e794630841,115.87,0.141,3,0,4,27,5,1,3,593.0,0.006,178.27,4557.0,0.0435,0.0062,0.1021,0.188,666.0,1.0,0,,,1,8,1,1,0,2,2,4,3,0
txn_3acedbefaff0,18.55,0.0612,3,0,4,27,5,1,5,593.0,0.006,178.27,4951.0,0.0131,0.002,0.3476,0.188,666.0,1.0,0,,,4,10,1,1,0,2,2,2,3,0
txn_bab4233a5140,81.49,0.1459,2,0,4,27,5,1,3,593.0,0.006,178.27,349.0,0.0495,0.0138,0.1588,0.1959,1241.0,1.0,0,,,0,4,1,1,0,3,3,2,1,0
txn_5a57a08b85c4,23.75,0.206,4,0,4,27,5,1,3,593.0,0.006,178.27,3096.0,0.0229,0.0005,0.1666,0.1959,1241.0,1.0,0,,,3,6,4,1,0,2,2,0,2,0
txn_9b956823ac76,14.89,0.1256,0,0,4,28,5,1,2,196.0,0.0441,44.18,1761.0,0.0243,0.0052,0.066,0.1959,1241.0,1.0,0,,,0,6,1,1,0,3,3,4,0,0
txn_f0a54bdea293,73.46,0.1868,9,0,4,28,5,1,3,196.0,0.0441,44.18,1599.0,0.0738,0.0026,0.1809,0.1959,1241.0,1.0,0,,,2,6,1,1,0,0,0,5,2,0
txn_648809bbff62,23.45,0.1456,7,0,4,28,5,1,3,196.0,0.0441,44.18,936.0,0.0198,0.0118,0.0269,0.1959,1241.0,1.0,0,,,1,4,3,1,0,4,4,6,2,0
txn_fe5796b248ac,49.0,0.2697,20,0,4,28,5,1,2,196.0,0.0441,44.18,983.0,0.0033,0.0042,0.3208,0.0468,1246.0,0.0,0,,,0,10,1,1,0,5,5,1,3,0
txn_4750c136c7c6,37.59,0.2752,13,0,4,28,5,1,2,1532.0,0.0468,132.15,1962.0,0.0102,0.0077,0.2298,0.0468,1246.0,0.0,0,,,1,4,3,1,0,0,0,4,2,0
txn_fe61cfd35914,12.16,0.1665,6,0,4,28,5,1,3,1532.0,0.0468,132.15,1838.0,0.0263,0.0084,0.0979,0.0468,1246.0,0.0,0,,,3,10,1,1,0,1,1,3,0,0
txn_75ef83f714b0,22.68,0.0529,23,0,4,28,5,1,4,1532.0,0.0468,132.15,4546.0,0.0468,0.0064,0.1401,0.0468,1246.0,0.0,0,,,3,8,3,1,0,1,1,1,3,0
txn_0abe298c37a9,138.3,0.2773,10,0,4,28,5,1,1,1532.0,0.0468,132.15,174.0,0.0307,0.0109,0.0235,0.0468,1246.0,0.0,0,,,4,4,4,1,0,2,2,2,3,0
txn_35845e5cb9f8,89.65,0.1589,2,0,4,28,5,1,4,2983.0,0.0411,71.91,586.0,0.0254,0.011,0.2833,0.1617,1481.0,1.0,0,,,4,6,3,1,0,5,5,6,3,0
txn_99998e763c36,184.42,0.1795,3,0,4,28,5,1,3,2983.0,0.0411,71.91,4262.0,0.0649,0.0077,0.2657,0.1617,1481.0,1.0,0,,,4,4,4,1,0,0,0,3,0,0
txn_5ccd11c6d048,23.26,0.096,12,0,4,28,5,1,5,2983.0,0.0411,71.91,1003.0,0.0577,0.0049,0.1719,0.1617,1481.0,1.0,0,,,0,6,1,1,0,1,1,2,2,0
txn_e04ab0e50378,35.51,0.1381,22,0,4,28,5,1,6,2983.0,0.0411,71.91,2775.0,0.025,0.0097,0.1734,0.1617,1481.0,1.0,0,,,0,4,1,1,0,2,2,4,1,0
txn_0dcdff39edc7,17.61,0.163,7,0,4,28,5,1,3,2066.0,0.0346,85.54,3942.0,0.076,0.0025,0.0486,0.1617,1481.0,1.0,0,,,4,10,1,1,0,3,3,6,1,0
txn_019e9db5948b,31.05,0.0298,18,0,4,28,5,1,3,2066.0,0.0346,85.54,1181.0,0.0215,0.0061,0.2735,0.1052,265.0,1.0,0,,,3,10,1,1,0,0,0,2,0,0
txn_12ff7662a170,21.89,0.1925,9,0,4,27,5,1,1,2066.0,0.0346,85.54,4557.0,0.0435,0.0062,0.1021,0.1052,265.0,1.0,0,,,1,10,3,1,0,4,4,5,0,0
txn_714f0cca0db7,73.82,0.0592,3,0,4,27,5,1,5,2066.0,0.0346,85.54,4951.0,0.0131,0.002,0.3476,0.1052,265.0,1.0,0,,,3,6,4,1,0,2,2,6,1,0
txn_4d9b83a7cae7,126.2,0.2688,4,0,4,27,5,1,4,583.0,0.0751,50.94,349.0,0.0495,0.0138,0.1588,0.1052,265.0,1.0,0,,,3,10,3,1,0,2,2,3,2,0
txn_16128210b190,25.48,0.1849,20,0,4,27,5,1,3,583.0,0.0751,50.94,3096.0,0.0229,0.0005,0.1666,0.1052,265.0,1.0,0,,,4,10,4,1,0,2,2,1,2,0
txn_68e2d1e7f177,40.7,0.0887,10,0,4,28,5,1,5,583.0,0.0751,50.94,1761.0,0.0243,0.0052,0.066,0.1774,819.0,1.0,0,,,3,10,4,1,0,4,4,3,0,0
txn_3b1591111e38,6.99,0.1224,7,0,4,28,5,1,5,583.0,0.0751,50.94,1599.0,0.0738,0.0026,0.1809,0.1774,819.0,1.0,0,,,3,8,4,1,0,3,3,0,0,0
txn_be79b71ab6a0,15.4,0.1426,8,0,4,28,5,1,3,1424.0,0.0112,167.81,936.0,0.0198,0.0118,0.0269,0.1774,819.0,1.0,0,,,3,8,1,1,0,3,3,0,2,0
txn_2b88ea0818a4,53.77,0.0735,5,0,4,28,5,1,2,1424.0,0.0112,167.81,983.0,0.0033,0.0042,0.3208,0.1774,819.0,1.0,0,,,3,4,4,1,0,3,3,0,2,0
txn_96d23b6e679c,158.97,0.1919,8,0,4,28,5,1,3,1424.0,0.0112,167.81,1962.0,0.0102,0.0077,0.2298,0.1774,819.0,1.0,0,,,3,8,3,1,0,1,1,2,3,0
txn_c4f32d0ecfc1,19.58,0.1489,21,0,4,28,5,1,4,1424.0,0.0112,167.81,1838.0,0.0263,0.0084,0.0979,0.1695,99.0,1.0,0,,,4,6,3,1,0,0,0,4,3,0
txn_9d9c57c4e84e,102.17,0.1839,16,0,4,28,5,1,4,681.0,0.0097,165.17,4546.0,0.0468,0.0064,0.1401,0.1695,99.0,1.0,0,,,0,4,4,1,0,5,5,1,0,0
txn_ec9fba645037,41.87,0.2613,7,0,4,28,5,1,3,681.0,0.0097,165.17,174.0,0.0307,0.0109,0.0235,0.1695,99.0,1.0,0,,,3,6,3,1,0,5,5,1,3,0
txn_1c7e3cd704b5,40.82,0.052,21,0,4,28,5,1,1,681.0,0.0097,165.17,586.0,0.0254,0.011,0.2833,0.1695,99.0,1.0,0,,,2,6,4,1,0,3,3,4,3,0
txn_8c7d69b2acbe,36.52,0.2526,15,0,4,28,5,1,1,681.0,0.0097,165.17,4262.0,0.0649,0.0077,0.2657,0.1695,99.0,1.0,0,,,2,4,3,1,0,1,1,2,3,0
txn_9fa857beed87,55.57,0.2369,14,0,4,28,5,1,5,1723.0,0.0222,238.14,1003.0,0.0577,0.0049,0.1719,0.1359,959.0,0.0,0,,,3,10,4,1,0,0,0,1,1,0
txn_f2d8fff263b9,30.43,0.1814,12,0,4,28,5,1,3,1723.0,0.0222,238.14,2775.0,0.025,0.0097,0.1734,0.1359,959.0,0.0,0,,,0,6,1,1,0,1,1,1,2,0
txn_d5322d9d795b,13.3,0.0825,14,0,4,28,5,1,5,1723.0,0.0222,238.14,3942.0,0.076,0.0025,0.0486,0.1359,959.0,0.0,0,,,0,8,4,1,0,0,0,6,2,0
txn_724d61705cee,23.95,0.1957,9,0,4,28,5,1,4,1723.0,0.0222,238.14,1181.0,0.0215,0.0061,0.2735,0.1359,959.0,0.0,0,,,0,4,3,1,0,4,4,4,2,0
txn_96d436568eaf,28.84,0.1699,19,0,4,27,5,1,2,1912.0,0.0595,254.87,4557.0,0.0435,0.0062,0.1021,0.1359,959.0,0.0,0,,,3,4,1,1,0,0,0,6,2,0
txn_6e307b788d32,29.19,0.1231,21,0,4,27,5,1,2,1912.0,0.0595,254.87,4951.0,0.0131,0.002,0.3476,0.1408,586.0,1.0,0,,,1,8,3,1,0,5,5,4,2,0
txn_25d0940ac80f,62.13,0.1602,22,0,4,27,5,1,3,1912.0,0.0595,254.87,349.0,0.0495,0.0138,0.1588,0.1408,586.0,1.0,0,,,3,4,1,1,0,5,5,6,3,0
txn_c4d56caa58b5,58.17,0.1926,5,0,4,27,5,1,2,1912.0,0.0595,254.87,3096.0,0.0229,0.0005,0.1666,0.1408,586.0,1.0,0,,,1,6,3,1,0,4,4,3,1,0
txn_e509b3c87ca2,9.1,0.2049,13,0,4,28,5,1,2,359.0,0.0447,169.08,1761.0,0.0243,0.0052,0.066,0.1408,586.0,1.0,0,,,1,10,1,1,0,2,2,5,3,0
txn_b7ec0a9b1b86,80.75,0.0956,3,0,4,28,5,1,2,359.0,0.0447,169.08,1599.0,0.0738,0.0026,0.1809,0.1408,586.0,1.0,0,,,2,8,4,1,0,1,1,6,3,0
txn_371737deb9f1,7.92,0.143,15,0,4,28,5,1,2,359.0,0.0447,169.08,936.0,0.0198,0.0118,0.0269,0.0391,565.0,1.0,0,,,2,10,1,1,0,2,2,5,0,0
txn_01041bf59f01,31.88,0.2549,5,0,4,28,5,1,3,359.0,0.0447,169.08,983.0,0.0033,0.0042,0.3208,0.0391,565.0,1.0,0,,,1,6,1,1,0,3,3,3,3,0
txn_78a1ff63db04,28.37,0.1942,13,0,4,28,5,1,4,1617.0,0.0477,68.65,1962.0,0.0102,0.0077,0.2298,0.0391,565.0,1.0,0,,,0,6,4,1,0,2,2,3,0,0
txn_b1237ce3178b,26.68,0.1098,14,0,4,28,5,1,4,1617.0,0.0477,68.65,1838.0,0.0263,0.0084,0.0979,0.0391,565.0,1.0,0,,,1,8,1,1,0,4,4,5,3,0
txn_c6fe8597fced,80.94,0.0517,5,0,4,28,5,1,1,1617.0,0.0477,68.65,4546.0,0.0468,0.0064,0.1401,0.0391,565.0,1.0,0,,,2,4,1,1,0,5,5,1,3,0
txn_91f8567c3097,33.86,0.1522,7,0,4,28,5,1,2,1617.0,0.0477,68.65,174.0,0.0307,0.0109,0.0235,0.232,339.0,0.0,0,,,3,10,1,1,0,1,1,6,1,0
txn_d37a76998cc6,68.86,0.1283,14,0,4,28,5,1,1,308.0,0.0117,211.77,586.0,0.0254,0.011,0.2833,0.232,339.0,0.0,0,,,4,6,3,1,0,0,0,0,3,0
txn_e5f845594915,66.05,0.2792,22,0,4,28,5,1,1,308.0,0.0117,211.77,4262.0,0.0649,0.0077,0.2657,0.232,339.0,0.0,0,,,2,8,4,1,0,1,1,5,0,0
txn_cd21ac23fcc3,16.82,0.0329,23,0,4,28,5,1,1,308.0,0.0117,211.77,1003.0,0.0577,0.0049,0.1719,0.232,339.0,0.0,0,,,0,6,3,1,0,4,4,5,3,0
txn_597bf15bf8ab,33.2,0.097,15,0,4,28,5,1,2,308.0,0.0117,211.77,2775.0,0.025,0.0097,0.1734,0.232,339.0,0.0,0,,,4,6,3,1,0,1,1,4,3,0
txn_67523df8d90e,44.02,0.0582,16,0,4,28,5,1,3,854.0,0.0459,272.41,3942.0,0.076,0.0025,0.0486,0.0183,404.0,1.0,0,,,3,8,1,1,0,3,3,1,1,0
txn_33ce10af2656,67.26,0.248,16,0,4,28,5,1,4,854.0,0.0459,272.41,1181.0,0.0215,0.0061,0.2735,0.0183,404.0,1.0,0,,,0,4,4,1,0,1,1,0,1,0
txn_8f7fc0486d14,13.19,0.1935,0,0,4,27,5,1,2,854.0,0.0459,272.41,4557.0,0.0435,0.0062,0.1021,0.0183,404.0,1.0,0,,,2,6,1,1,0,5,5,2,1,0
txn_380f8b851323,15.77,0.1884,16,0,4,27,5,1,2,854.0,0.0459,272.41,4951.0,0.0131,0.002,0.3476,0.0183,404.0,1.0,0,,,3,4,4,1,0,0,0,5,0,0
txn_5091edc6d0d4,16.07,0.2601,16,0,4,27,5,1,5,2960.0,0.0695,75.06,349.0,0.0495,0.0138,0.1588,0.0183,404.0,1.0,0,,,4,4,1,1,0,5,5,6,3,0
txn_fd50e4c4db5c,5.41,0.1294,1,0,4,27,5,1,2,2960.0,0.0695,75.06,3096.0,0.0229,0.0005,0.1666,0.2432,1437.0,1.0,0,,,0,10,1,1,0,3,3,2,3,0
txn_d754b0a696b1,31.94,0.2362,1,0,4,28,5,1,1,2960.0,0.0695,75.06,1761.0,0.0243,0.0052,0.066,0.2432,1437.0,1.0,0,,,3,8,3,1,0,1,1,4,1,0
txn_43617bc77889,25.98,0.1303,8,0,4,28,5,1,3,2960.0,0.0695,75.06,1599.0,0.0738,0.0026,0.1809,0.2432,1437.0,1.0,0,,,1,10,1,1,0,3,3,2,0,0
txn_0680d9a494e5,6.56,0.0543,18,0,4,28,5,1,2,1917.0,0.0293,59.1,936.0,0.0198,0.0118,0.0269,0.2432,1437.0,1.0,0,,,0,10,1,1,0,2,2,1,3,0
txn_13ea7b2c09c4,16.83,0.2792,0,0,4,28,5,1,3,1917.0,0.0293,59.1,983.0,0.0033,0.0042,0.3208,0.2432,1437.0,1.0,0,,,2,6,3,1,0,2,2,0,0,0
txn_88a3054463e9,18.28,0.243,19,0,4,28,5,1,5,1917.0,0.0293,59.1,1962.0,0.0102,0.0077,0.2298,0.0343,273.0,0.0,0,,,2,4,4,1,0,4,4,2,1,0
txn_43f787abe3d6,24.96,0.2314,1,0,4,28,5,1,5,1917.0,0.0293,59.1,1838.0,0.0263,0.0084,0.0979,0.0343,273.0,0.0,0,,,0,8,4,1,0,5,5,4,2,0
txn_77d54b83d33e,16.81,0.1218,17,0,4,28,5,1,3,755.0,0.0465,205.47,4546.0,0.0468,0.0064,0.1401,0.0343,273.0,0.0,0,,,3,6,4,1,0,2,2,2,3,0
txn_bed540bf80db,30.75,0.192,12,0,4,28,5,1,5,755.0,0.0465,205.47,174.0,0.0307,0.0109,0.0235,0.0343,273.0,0.0,0,,,1,6,1,1,0,3,3,3,0,0
txn_8bc2af094c66,32.39,0.1685,21,0,4,28,5,1,3,755.0,0.0465,205.47,586.0,0.0254,0.011,0.2833,0.0343,273.0,0.0,0,,,3,4,3,1,0,0,0,1,1,0
txn_a8394fcb1871,47.78,0.2397,5,0,4,28,5,1,3,755.0,0.0465,205.47,4262.0,0.0649,0.0077,0.2657,0.1648,613.0,1.0,0,,,0,8,3,1,0,2,2,1,1,0
txn_20b780656930,17.92,0.1366,20,0,4,28,5,1,3,2164.0,0.0279,258.33,1003.0,0.0577,0.0049,0.1719,0.1648,613.0,1.0,0,,,4,8,1,1,0,5,5,2,2,0
txn_feafa79cbb46,40.16,0.0415,5,0,4,28,5,1,5,2164.0,0.0279,258.33,2775.0,0.025,0.0097,0.1734,0.1648,613.0,1.0,0,,,1,10,3,1,0,3,3,0,2,0
txn_813df8b41e46,31.1,0.089,7,0,4,28,5,1,2,2164.0,0.0279,258.33,3942.0,0.076,0.0025,0.0486,0.1648,613.0,1.0,0,,,2,8,3,1,0,2,2,4,3,0
txn_f59ead576a43,35.41,0.2521,13,0,4,28,5,1,5,2164.0,0.0279,258.33,1181.0,0.0215,0.0061,0.2735,0.1648,613.0,1.0,0,,,3,8,4,1,0,0,0,5,0,0
txn_3e5f49b1ef69,7.68,0.5979,9,0,85,85,1,3,2,215.0,0.0396,246.54,439.0,0.1313,0.0031,0.5974,0.0,0.0,0.0,1,credential_based_fraud,card_testing,0,0,1,1,0,4,4,0,2,0
txn_b1a89d1f6dd8,6.55,0.825,9,0,85,85,63,3,3,215.0,0.0396,246.54,439.0,0.1313,0.0031,0.5974,0.4086,165.0,0.0,1,credential_based_fraud,card_testing,1,0,1,1,1,2,2,2,2,2
txn_dad3e8df4fb4,4.83,0.7484,9,1,85,85,63,3,4,215.0,0.0396,246.54,439.0,0.1313,0.0031,0.5974,0.4086,165.0,0.0,1,credential_based_fraud,card_testing,4,0,1,1,1,4,2,0,2,2
txn_1dad71200c4a,3.35,0.5147,9,0,85,85,63,3,5,215.0,0.0396,246.54,439.0,0.1313,0.0031,0.5974,0.4086,165.0,0.0,1,credential_based_fraud,card_testing,1,0,1,1,0,5,5,3,1,0
txn_785e46f55609,5.76,0.6569,9,0,85,85,1,3,6,215.0,0.0396,246.54,439.0,0.1313,0.0031,0.5974,0.0,0.0,0.0,1,credential_based_fraud,card_testing,4,0,1,1,1,2,2,2,2,2
txn_a36bacc01a9d,2.52,0.7751,10,0,85,85,63,3,7,215.0,0.0396,246.54,439.0,0.1313,0.0031,0.5974,0.4086,165.0,0.0,1,credential_based_fraud,card_testing,3,0,1,1,1,3,3,6,1,2
txn_ff47f4c53f49,2.87,0.802,10,0,85,85,63,3,8,215.0,0.0396,246.54,439.0,0.1313,0.0031,0.5974,0.4086,165.0,0.0,1,credential_based_fraud,card_testing,0,0,1,1,1,5,5,0,2,1
txn_8d116f66a2a8,2.09,0.5071,10,0,85,85,63,3,9,215.0,0.0396,246.54,439.0,0.1313,0.0031,0.5974,0.4086,165.0,0.0,1,credential_based_fraud,card_testing,1,0,1,1,1,0,0,4,1,2
txn_76964d5cf2d6,6.1,0.591,10,0,85,85,1,3,10,215.0,0.0396,246.54,439.0,0.1313,0.0031,0.5974,0.0,0.0,0.0,1,credential_based_fraud,card_testing,1,0,1,1,1,3,3,2,1,2
txn_5106ac76a3cb,0.85,0.7557,10,0,85,85,63,3,11,215.0,0.0396,246.54,439.0,0.1313,0.0031,0.5974,0.4086,165.0,0.0,1,credential_based_fraud,card_testing,4,0,1,1,0,3,3,6,2,0
txn_8762a93c8d06,3.36,0.8242,10,0,85,85,63,3,11,215.0,0.0396,246.54,439.0,0.1313,0.0031,0.5974,0.4086,165.0,0.0,1,credential_based_fraud,card_testing,1,0,1,1,1,4,4,2,1,2
txn_5197dda934ca,5.61,0.7467,10,0,85,85,63,3,12,215.0,0.0396,246.54,439.0,0.1313,0.0031,0.5974,0.4086,165.0,0.0,1,credential_based_fraud,card_testing,3,0,1,1,1,5,5,1,1,1
txn_611f25b0d334,3.9,0.6468,10,0,85,85,1,3,13,215.0,0.0396,246.54,439.0,0.1313,0.0031,0.5974,0.0,0.0,0.0,1,credential_based_fraud,card_testing,0,0,1,1,0,2,2,2,2,0
txn_837a0dc1ab20,6.81,0.511,10,0,85,85,63,3,14,215.0,0.0396,246.54,439.0,0.1313,0.0031,0.5974,0.4086,165.0,0.0,1,credential_based_fraud,card_testing,3,0,1,1,1,5,5,2,2,2
txn_f91d2bb11697,4.99,0.8081,10,0,85,85,63,3,15,215.0,0.0396,246.54,439.0,0.1313,0.0031,0.5974,0.4086,165.0,0.0,1,credential_based_fraud,card_testing,1,0,1,1,1,3,3,0,2,1
txn_961bd429d906,4.76,0.7648,10,0,85,85,63,3,16,215.0,0.0396,246.54,439.0,0.1313,0.0031,0.5974,0.4086,165.0,0.0,1,credential_based_fraud,card_testing,4,0,1,1,0,2,2,0,1,0
txn_0f6b2a777378,5.45,0.6544,10,0,85,85,1,3,17,215.0,0.0396,246.54,439.0,0.1313,0.0031,0.5974,0.0,0.0,0.0,1,credential_based_fraud,card_testing,3,0,1,1,1,0,0,6,1,1
txn_4b9936ea3562,7.47,0.6052,10,0,85,85,63,3,18,215.0,0.0396,246.54,439.0,0.1313,0.0031,0.5974,0.4086,165.0,0.0,1,credential_based_fraud,card_testing,2,0,1,1,1,0,0,3,1,1
txn_658326e22a2c,4.38,0.477,10,0,85,85,63,3,19,215.0,0.0396,246.54,439.0,0.1313,0.0031,0.5974,0.4086,165.0,0.0,1,credential_based_fraud,card_testing,4,0,1,1,0,1,1,6,2,0
txn_5ac058390fee,4.91,0.5401,10,0,85,85,63,3,18,215.0,0.0396,246.54,439.0,0.1313,0.0031,0.5974,0.4086,165.0,0.0,1,credential_based_fraud,card_testing,4,0,1,1,1,5,5,0,2,1
txn_455227f53b50,4.36,0.5345,10,0,85,85,1,3,19,215.0,0.0396,246.54,439.0,0.1313,0.0031,0.5974,0.0,0.0,0.0,1,credential_based_fraud,card_testing,0,0,1,1,1,5,5,3,1,1
txn_7bc2e5ef0ccf,4.82,0.7616,10,0,85,85,63,3,19,215.0,0.0396,246.54,439.0,0.1313,0.0031,0.5974,0.4086,165.0,0.0,1,credential_based_fraud,card_testing,2,0,1,1,0,3,3,1,1,0
txn_8df1cc6e159b,3.16,0.7102,11,0,85,85,63,3,20,215.0,0.0396,246.54,439.0,0.1313,0.0031,0.5974,0.4086,165.0,0.0,1,credential_based_fraud,card_testing,1,0,1,1,1,3,3,4,2,2
txn_ed8980e8518e,5.96,0.5253,11,0,85,85,63,3,20,215.0,0.0396,246.54,439.0,0.1313,0.0031,0.5974,0.4086,165.0,0.0,1,credential_based_fraud,card_testing,4,0,1,1,1,1,1,6,2,2
txn_2c5073a302e9,3.97,0.4718,11,0,85,85,1,3,20,215.0,0.0396,246.54,439.0,0.1313,0.0031,0.5974,0.0,0.0,0.0,1,credential_based_fraud,card_testing,4,0,1,1,0,4,4,4,2,0
txn_15cbb6df8e38,7.45,0.6384,11,0,85,85,63,3,21,215.0,0.0396,246.54,439.0,0.1313,0.0031,0.5974,0.4086,165.0,0.0,1,credential_based_fraud,card_testing,2,0,1,1,1,0,0,6,1,1
txn_7aeb847bd287,1.73,0.8071,11,0,85,85,63,3,20,215.0,0.0396,246.54,439.0,0.1313,0.0031,0.5974,0.4086,165.0,0.0,1,credential_based_fraud,card_testing,4,0,1,1,1,3,3,4,1,1
txn_52286cc0175e,5.98,0.5117,11,0,85,85,63,3,20,215.0,0.0396,246.54,439.0,0.1313,0.0031,0.5974,0.4086,165.0,0.0,1,credential_based_fraud,card_testing,3,0,1,1,0,4,4,3,1,0
txn_94a89a411f1f,4.84,0.4743,11,0,85,85,1,3,21,215.0,0.0396,246.54,439.0,0.1313,0.0031,0.5974,0.0,0.0,0.0,1,credential_based_fraud,card_testing,3,0,1,1,1,2,2,0,1,1
txn_c04bd16360a6,0.93,0.4787,11,0,85,85,63,3,21,215.0,0.0396,246.54,439.0,0.1313,0.0031,0.5974,0.4086,165.0,0.0,1,credential_based_fraud,card_testing,3,0,1,1,1,0,0,0,2,1
txn_c30600555ad4,1.4,0.6896,11,0,85,85,63,3,20,215.0,0.0396,246.54,439.0,0.1313,0.0031,0.5974,0.4086,165.0,0.0,1,credential_based_fraud,card_testing,3,0,1,1,0,5,5,6,2,0
txn_8c40f34ceb91,7.51,0.5438,11,0,85,85,63,3,18,215.0,0.0396,246.54,439.0,0.1313,0.0031,0.5974,0.4086,165.0,0.0,1,credential_based_fraud,card_testing,2,0,1,1,1,4,4,3,1,2
txn_239e3960250f,3.93,0.6902,11,0,85,85,1,3,17,215.0,0.0396,246.54,439.0,0.1313,0.0031,0.5974,0.0,0.0,0.0,1,credential_based_fraud,card_testing,4,0,1,1,1,4,4,0,1,2
txn_1a8acaea9a11,2.1,0.7897,11,0,85,85,63,3,16,215.0,0.0396,246.54,439.0,0.1313,0.0031,0.5974,0.4086,165.0,0.0,1,credential_based_fraud,card_testing,0,0,1,1,0,0,0,6,1,0
txn_9c65ff930300,3.79,0.6866,11,0,85,85,63,3,16,215.0,0.0396,246.54,439.0,0.1313,0.0031,0.5974,0.4086,165.0,0.0,1,credential_based_fraud,card_testing,3,0,1,1,1,3,3,3,1,1
txn_c82493cf76b7,7.49,0.4966,11,0,85,85,63,3,15,215.0,0.0396,246.54,439.0,0.1313,0.0031,0.5974,0.4086,165.0,0.0,1,credential_based_fraud,card_testing,4,0,1,1,1,1,1,6,1,2
txn_8312e25b4438,2.61,0.5304,11,0,85,85,1,3,15,215.0,0.0396,246.54,439.0,0.1313,0.0031,0.5974,0.0,0.0,0.0,1,credential_based_fraud,card_testing,2,0,1,1,0,5,5,3,1,0
txn_6a1f9f4a3bcb,2.38,0.7699,11,0,85,85,63,3,14,215.0,0.0396,246.54,439.0,0.1313,0.0031,0.5974,0.4086,165.0,0.0,1,credential_based_fraud,card_testing,4,0,1,1,1,1,1,0,1,2
txn_b6451a1dacb2,1.71,0.6672,11,1,85,85,63,3,14,215.0,0.0396,246.54,439.0,0.1313,0.0031,0.5974,0.4086,165.0,0.0,1,credential_based_fraud,card_testing,1,0,1,1,1,5,2,2,1,2
txn_f5890d75f61c,6.76,0.617,12,1,85,85,63,3,14,215.0,0.0396,246.54,439.0,0.1313,0.0031,0.5974,0.4086,165.0,0.0,1,credential_based_fraud,card_testing,3,0,1,1,0,5,2,2,2,0
txn_aaf233f73757,7.24,0.7078,12,0,85,85,1,3,13,215.0,0.0396,246.54,439.0,0.1313,0.0031,0.5974,0.0,0.0,0.0,1,credential_based_fraud,card_testing,2,0,1,1,1,5,5,3,2,1
txn_839bde980e57,7.8,0.8262,12,0,85,85,63,3,13,215.0,0.0396,246.54,439.0,0.1313,0.0031,0.5974,0.4086,165.0,0.0,1,credential_based_fraud,card_testing,2,0,1,1,1,2,2,6,2,2
txn_4bf42a29b505,6.02,0.7596,12,0,85,85,63,3,12,215.0,0.0396,246.54,439.0,0.1313,0.0031,0.5974,0.4086,165.0,0.0,1,credential_based_fraud,card_testing,0,0,1,1,1,3,3,1,1,1
txn_492ab1805c39,1.69,0.7811,12,0,85,85,63,3,12,215.0,0.0396,246.54,439.0,0.1313,0.0031,0.5974,0.4086,165.0,0.0,1,credential_based_fraud,card_testing,4,0,1,1,1,1,1,4,2,2
txn_ebb497589953,3.12,0.7051,12,0,85,85,1,3,11,215.0,0.0396,246.54,439.0,0.1313,0.0031,0.5974,0.0,0.0,0.0,1,credential_based_fraud,card_testing,2,0,1,1,1,3,3,6,2,2
txn_f9c8800384f6,7.75,0.7126,12,0,85,85,63,3,11,215.0,0.0396,246.54,439.0,0.1313,0.0031,0.5974,0.4086,165.0,0.0,1,credential_based_fraud,card_testing,0,0,1,1,0,4,4,5,1,0
txn_ffce5c739f7e,1.37,0.4671,12,0,85,85,63,3,10,215.0,0.0396,246.54,439.0,0.1313,0.0031,0.5974,0.4086,165.0,0.0,1,credential_based_fraud,card_testing,0,0,1,1,1,0,0,6,1,1
txn_22f5f99e5d06,3.77,0.7968,12,0,85,85,63,3,10,215.0,0.0396,246.54,439.0,0.1313,0.0031,0.5974,0.4086,165.0,0.0,1,credential_based_fraud,card_testing,3,0,1,1,1,0,0,0,1,2
txn_d06e5ff24f3b,0.51,0.5919,12,0,85,85,1,3,10,215.0,0.0396,246.54,439.0,0.1313,0.0031,0.5974,0.0,0.0,0.0,1,credential_based_fraud,card_testing,3,0,1,1,0,3,3,3,2,0
txn_c777cbbfcb82,5.17,0.6466,12,0,85,85,63,3,10,215.0,0.0396,246.54,439.0,0.1313,0.0031,0.5974,0.4086,165.0,0.0,1,credential_based_fraud,card_testing,4,0,1,1,1,5,5,3,1,2
txn_819d04932fb4,5.73,0.6134,12,0,85,85,63,3,10,215.0,0.0396,246.54,439.0,0.1313,0.0031,0.5974,0.4086,165.0,0.0,1,credential_based_fraud,card_testing,3,0,1,1,1,1,1,6,2,2
txn_5090b773d86a,5.12,0.5688,12,0,85,85,63,3,10,215.0,0.0396,246.54,439.0,0.1313,0.0031,0.5974,0.4086,165.0,0.0,1,credential_based_fraud,card_testing,0,0,1,1,0,4,4,4,2,0
txn_0c59cccba17d,3.99,0.6481,12,0,85,85,1,3,10,215.0,0.0396,246.54,439.0,0.1313,0.0031,0.5974,0.0,0.0,0.0,1,credential_based_fraud,card_testing,1,0,1,1,1,3,3,3,2,2
txn_bd5337993888,2.63,0.7658,12,0,85,85,63,3,10,215.0,0.0396,246.54,439.0,0.1313,0.0031,0.5974,0.4086,165.0,0.0,1,credential_based_fraud,card_testing,3,0,1,1,1,1,1,5,2,1
txn_0de9837d129f,1.99,0.8291,12,0,85,85,63,3,10,215.0,0.0396,246.54,439.0,0.1313,0.0031,0.5974,0.4086,165.0,0.0,1,credential_based_fraud,card_testing,4,0,1,1,0,3,3,0,2,0
txn_ce51258fbf87,3.92,0.6417,12,0,85,85,63,3,9,215.0,0.0396,246.54,439.0,0.1313,0.0031,0.5974,0.4086,165.0,0.0,1,credential_based_fraud,card_testing,3,0,1,1,1,0,0,6,1,1
txn_9ea0d747d902,7.19,0.5362,13,0,85,85,1,3,8,215.0,0.0396,246.54,439.0,0.1313,0.0031,0.5974,0.0,0.0,0.0,1,credential_based_fraud,card_testing,4,0,1,1,1,3,3,1,1,1
txn_87eb70147608,2.37,0.7592,13,0,85,85,63,3,8,215.0,0.0396,246.54,439.0,0.1313,0.0031,0.5974,0.4086,165.0,0.0,1,credential_based_fraud,card_testing,4,0,1,1,0,1,1,4,2,0
txn_00b8d61234d1,7.63,0.7704,13,0,85,85,63,3,8,215.0,0.0396,246.54,439.0,0.1313,0.0031,0.5974,0.4086,165.0,0.0,1,credential_based_fraud,card_testing,1,0,1,1,1,1,1,2,1,2
txn_34c1a006a47f,6.08,0.7402,13,0,85,85,63,3,8,215.0,0.0396,246.54,439.0,0.1313,0.0031,0.5974,0.4086,165.0,0.0,1,credential_based_fraud,card_testing,1,0,1,1,1,0,0,4,1,1
txn_7fffdc411e58,4.13,0.4821,13,0,85,85,1,3,8,215.0,0.0396,246.54,439.0,0.1313,0.0031,0.5974,0.0,0.0,0.0,1,credential_based_fraud,card_testing,2,0,1,1,0,1,1,5,1,0
txn_29cf19fb6ce6,2.9,0.5102,13,0,85,85,63,3,8,215.0,0.0396,246.54,439.0,0.1313,0.0031,0.5974,0.4086,165.0,0.0,1,credential_based_fraud,card_testing,3,0,1,1,1,2,2,0,2,2
txn_e6a91dd7456c,0.98,0.6116,13,0,85,85,63,3,8,215.0,0.0396,246.54,439.0,0.1313,0.0031,0.5974,0.4086,165.0,0.0,1,credential_based_fraud,card_testing,1,0,1,1,1,4,4,5,1,1
txn_e20a071c1ca0,6.27,0.635,13,0,85,85,63,3,8,215.0,0.0396,246.54,439.0,0.1313,0.0031,0.5974,0.4086,165.0,0.0,1,credential_based_fraud,card_testing,4,0,1,1,0,3,3,1,1,0
txn_d2cd6f18a5b0,6.9,0.6393,13,0,85,85,1,3,8,215.0,0.0396,246.54,439.0,0.1313,0.0031,0.5974,0.0,0.0,0.0,1,credential_based_fraud,card_testing,1,0,1,1,1,2,2,2,2,2
txn_27c2769815a4,3.42,0.7742,13,0,85,85,63,3,7,215.0,0.0396,246.54,439.0,0.1313,0.0031,0.5974,0.4086,165.0,0.0,1,credential_based_fraud,card_testing,1,0,1,1,1,2,2,3,2,1
txn_0f0f8fc3f671,7.3,0.4846,13,0,85,85,63,3,7,215.0,0.0396,246.54,439.0,0.1313,0.0031,0.5974,0.4086,165.0,0.0,1,credential_based_fraud,card_testing,3,0,1,1,0,3,3,2,2,0
txn_9a5b9d0be084,1.86,0.5335,13,0,85,85,63,3,7,215.0,0.0396,246.54,439.0,0.1313,0.0031,0.5974,0.4086,165.0,0.0,1,credential_based_fraud,card_testing,0,0,1,1,1,4,4,4,1,2
txn_cf0fbf370781,2.59,0.6325,13,0,85,85,1,3,7,215.0,0.0396,246.54,439.0,0.1313,0.0031,0.5974,0.0,0.0,0.0,1,credential_based_fraud,card_testing,1,0,1,1,1,2,2,5,2,2
txn_318b0f855c2e,3.12,0.7412,13,0,85,85,63,3,7,215.0,0.0396,246.54,439.0,0.1313,0.0031,0.5974,0.4086,165.0,0.0,1,credential_based_fraud,card_testing,4,0,1,1,0,1,1,1,2,0
txn_65dd51828792,5.16,0.7087,13,0,85,85,63,3,7,215.0,0.0396,246.54,439.0,0.1313,0.0031,0.5974,0.4086,165.0,0.0,1,credential_based_fraud,card_testing,2,0,1,1,1,3,3,6,1,1
txn_28fb078e7460,5.75,0.7502,13,0,85,85,63,3,7,215.0,0.0396,246.54,439.0,0.1313,0.0031,0.5974,0.4086,165.0,0.0,1,credential_based_fraud,card_testing,0,0,1,1,1,0,0,6,2,2
txn_72c3fc2688cc,0.69,0.6043,13,0,85,85,1,3,7,215.0,0.0396,246.54,439.0,0.1313,0.0031,0.5974,0.0,0.0,0.0,1,credential_based_fraud,card_testing,0,0,1,1,0,3,3,2,1,0
txn_42e7a905cc45,1.26,0.7573,14,0,85,85,63,3,7,215.0,0.0396,246.54,439.0,0.1313,0.0031,0.5974,0.4086,165.0,0.0,1,credential_based_fraud,card_testing,0,0,1,1,1,1,1,1,2,1
txn_0fb0cad6057e,4.5,0.4573,14,0,85,85,63,3,7,215.0,0.0396,246.54,439.0,0.1313,0.0031,0.5974,0.4086,165.0,0.0,1,credential_based_fraud,card_testing,0,0,1,1,1,0,0,0,1,2
txn_95e6c56bd08c,7.71,0.6192,14,0,85,85,63,3,7,215.0,0.0396,246.54,439.0,0.1313,0.0031,0.5974,0.4086,165.0,0.0,1,credential_based_fraud,card_testing,1,0,1,1,0,4,4,3,2,0
txn_bbf9c506a4a3,5.12,0.6304,14,0,85,85,1,3,7,215.0,0.0396,246.54,439.0,0.1313,0.0031,0.5974,0.0,0.0,0.0,1,credential_based_fraud,card_testing,3,0,1,1,1,1,1,1,1,2
txn_71302fe995f4,6.89,0.5458,14,0,85,85,63,3,7,215.0,0.0396,246.54,439.0,0.1313,0.0031,0.5974,0.4086,165.0,0.0,1,credential_based_fraud,card_testing,4,0,1,1,1,1,1,5,1,2
txn_40de9687e259,3.02,0.5221,14,0,85,85,63,3,7,215.0,0.0396,246.54,439.0,0.1313,0.0031,0.5974,0.4086,165.0,0.0,1,credential_based_fraud,card_testing,1,0,1,1,0,4,4,1,1,0
txn_744a1acfeb17,3.05,0.6652,14,0,85,85,63,3,6,215.0,0.0396,246.54,439.0,0.1313,0.0031,0.5974,0.4086,165.0,0.0,1,credential_based_fraud,card_testing,3,0,1,1,1,3,3,3,1,2
txn_2eb48c116cae,2.31,0.7168,14,0,85,85,1,3,6,215.0,0.0396,246.54,439.0,0.1313,0.0031,0.5974,0.0,0.0,0.0,1,credential_based_fraud,card_testing,1,0,1,1,1,0,0,4,2,1
txn_6a91115167e7,0.63,0.7173,14,0,85,85,63,3,6,215.0,0.0396,246.54,439.0,0.1313,0.0031,0.5974,0.4086,165.0,0.0,1,credential_based_fraud,card_testing,0,0,1,1,0,1,1,6,1,0
txn_3e1cf89413c2,4.05,0.834,14,0,85,85,63,3,6,215.0,0.0396,246.54,439.0,0.1313,0.0031,0.5974,0.4086,165.0,0.0,1,credential_based_fraud,card_testing,3,0,1,1,1,2,2,5,1,2
txn_d5632d312957,2.53,0.7286,14,0,85,85,63,3,6,215.0,0.0396,246.54,439.0,0.1313,0.0031,0.5974,0.4086,165.0,0.0,1,credential_based_fraud,card_testing,0,0,1,1,1,0,0,6,2,2
txn_2ce5050c1a86,6.22,0.7352,14,0,85,85,1,1,4,215.0,0.0396,246.54,439.0,0.1313,0.0031,0.5974,0.0,0.0,0.0,1,credential_based_fraud,card_testing,2,0,1,1,0,2,2,6,2,0
txn_4640f252fb66,47.73,0.5396,9,0,31,31,1,3,3,475.0,0.1794,283.74,17.0,0.2145,0.0442,0.8161,0.0,0.0,0.0,1,credential_based_fraud,card_not_present,4,4,1,1,0,4,4,2,2,0
txn_1f7aedc6a14c,123.56,0.5031,9,0,31,31,23,3,4,475.0,0.1794,283.74,17.0,0.2145,0.0442,0.8161,0.3151,24.0,1.0,1,credential_based_fraud,card_not_present,4,4,1,1,0,5,5,1,2,0
txn_e8fd81de4a90,63.93,0.8005,9,0,31,31,23,3,5,475.0,0.1794,283.74,17.0,0.2145,0.0442,0.8161,0.3151,24.0,1.0,1,credential_based_fraud,card_not_present,1,4,1,1,0,0,0,6,2,0
txn_734ce9024d4d,105.09,0.5831,9,1,31,31,23,3,6,475.0,0.1794,283.74,17.0,0.2145,0.0442,0.8161,0.3151,24.0,1.0,1,credential_based_fraud,card_not_present,4,4,1,1,0,2,1,2,2,0
txn_84d782cd6283,47.11,0.8104,9,0,31,31,1,3,7,475.0,0.1794,283.74,17.0,0.2145,0.0442,0.8161,0.0,0.0,0.0,1,credential_based_fraud,card_not_present,2,4,1,1,0,1,1,3,2,0
txn_b67e80bdd036,44.11,0.5077,10,1,31,31,23,3,8,475.0,0.1794,283.74,17.0,0.2145,0.0442,0.8161,0.3151,24.0,1.0,1,credential_based_fraud,card_not_present,4,4,1,1,0,1,2,6,2,0
txn_6887e87e215c,18.39,0.7987,10,1,31,31,23,3,9,475.0,0.1794,283.74,17.0,0.2145,0.0442,0.8161,0.3151,24.0,1.0,1,credential_based_fraud,card_not_present,1,4,1,1,0,5,3,5,1,0
txn_9c1800a1e180,26.7,0.7003,10,1,31,31,23,3,10,475.0,0.1794,283.74,17.0,0.2145,0.0442,0.8161,0.3151,24.0,1.0,1,credential_based_fraud,card_not_present,3,4,1,1,0,4,5,4,1,0
txn_ae4e4ae32597,31.25,0.7445,10,0,31,31,1,3,11,475.0,0.1794,283.74,17.0,0.2145,0.0442,0.8161,0.0,0.0,0.0,1,credential_based_fraud,card_not_present,2,4,1,1,0,4,4,1,2,0
txn_a3ac7d794aef,25.28,0.5547,10,0,31,31,23,3,11,475.0,0.1794,283.74,17.0,0.2145,0.0442,0.8161,0.3151,24.0,1.0,1,credential_based_fraud,card_not_present,2,4,1,1,0,5,5,4,1,0
txn_bf907ab8dc6e,40.86,0.5699,10,0,31,31,23,3,12,475.0,0.1794,283.74,17.0,0.2145,0.0442,0.8161,0.3151,24.0,1.0,1,credential_based_fraud,card_not_present,4,4,1,1,0,4,4,2,1,0
txn_2766a7cf6f66,27.49,0.5453,10,0,31,31,23,3,13,475.0,0.1794,283.74,17.0,0.2145,0.0442,0.8161,0.3151,24.0,1.0,1,credential_based_fraud,card_not_present,2,4,1,1,0,3,3,0,1,0
txn_615d1642416a,29.41,0.7391,10,1,31,31,1,3,14,475.0,0.1794,283.74,17.0,0.2145,0.0442,0.8161,0.0,0.0,0.0,1,credential_based_fraud,card_not_present,2,4,1,1,0,4,3,2,2,0
txn_69f493957fb7,25.72,0.5221,10,0,31,31,23,3,15,475.0,0.1794,283.74,17.0,0.2145,0.0442,0.8161,0.3151,24.0,1.0,1,credential_based_fraud,card_not_present,4,4,1,1,0,3,3,4,1,0
txn_9854a4692598,52.98,0.8513,10,1,31,31,23,3,16,475.0,0.1794,283.74,17.0,0.2145,0.0442,0.8161,0.3151,24.0,1.0,1,credential_based_fraud,card_not_present,1,4,1,1,0,3,2,5,1,0
txn_404ef656c4a1,62.21,0.6703,10,0,31,31,23,3,17,475.0,0.1794,283.74,17.0,0.2145,0.0442,0.8161,0.3151,24.0,1.0,1,credential_based_fraud,card_not_present,3,4,1,1,0,2,2,4,1,0
txn_2263e61aea6e,116.64,0.7209,10,1,31,31,1,3,18,475.0,0.1794,283.74,17.0,0.2145,0.0442,0.8161,0.0,0.0,0.0,1,credential_based_fraud,card_not_present,3,4,1,1,0,0,1,3,2,0
txn_3ef540fd585c,81.66,0.567,10,0,31,31,23,3,19,475.0,0.1794,283.74,17.0,0.2145,0.0442,0.8161,0.3151,24.0,1.0,1,credential_based_fraud,card_not_present,2,4,1,1,0,1,1,2,2,0
txn_4e62f0aeb4ba,13.4,0.5111,10,0,31,31,23,3,18,475.0,0.1794,283.74,17.0,0.2145,0.0442,0.8161,0.3151,24.0,1.0,1,credential_based_fraud,card_not_present,0,4,1,1,0,4,4,4,2,0
txn_725a5cdaa866,146.8,0.7957,10,0,31,31,23,3,19,475.0,0.1794,283.74,17.0,0.2145,0.0442,0.8161,0.3151,24.0,1.0,1,credential_based_fraud,card_not_present,1,4,1,1,0,2,2,5,1,0
txn_5ad76f426413,16.81,0.84,11,0,31,31,1,3,19,475.0,0.1794,283.74,17.0,0.2145,0.0442,0.8161,0.0,0.0,0.0,1,credential_based_fraud,card_not_present,3,4,1,1,0,3,3,3,2,0
txn_459c669ef39d,25.06,0.5689,11,0,31,31,23,3,20,475.0,0.1794,283.74,17.0,0.2145,0.0442,0.8161,0.3151,24.0,1.0,1,credential_based_fraud,card_not_present,3,4,1,1,0,2,2,2,2,0
txn_b150723b07fc,32.78,0.5037,11,0,31,31,23,3,20,475.0,0.1794,283.74,17.0,0.2145,0.0442,0.8161,0.3151,24.0,1.0,1,credential_based_fraud,card_not_present,1,4,1,1,0,4,4,5,1,0
txn_996dcd119edb,29.86,0.68,11,0,31,31,23,3,20,475.0,0.1794,283.74,17.0,0.2145,0.0442,0.8161,0.3151,24.0,1.0,1,credential_based_fraud,card_not_present,1,4,1,1,0,0,0,2,1,0
txn_1b19284e34c7,70.41,0.6551,11,1,31,31,1,3,21,475.0,0.1794,283.74,17.0,0.2145,0.0442,0.8161,0.0,0.0,0.0,1,credential_based_fraud,card_not_present,4,4,1,1,0,5,0,3,1,0
txn_3cf40103f882,31.74,0.539,11,0,31,31,23,3,20,475.0,0.1794,283.74,17.0,0.2145,0.0442,0.8161,0.3151,24.0,1.0,1,credential_based_fraud,card_not_present,3,4,1,1,0,3,3,1,1,0
txn_4ca5bc93a306,15.38,0.5524,11,0,31,31,23,3,20,475.0,0.1794,283.74,17.0,0.2145,0.0442,0.8161,0.3151,24.0,1.0,1,credential_based_fraud,card_not_present,4,4,1,1,0,1,1,3,2,0
txn_9d15afd37365,8.54,0.5859,11,0,31,31,23,3,21,475.0,0.1794,283.74,17.0,0.2145,0.0442,0.8161,0.3151,24.0,1.0,1,credential_based_fraud,card_not_present,4,4,1,1,0,5,5,0,2,0
txn_65a4f12fb51b,56.15,0.778,11,0,31,31,1,3,21,475.0,0.1794,283.74,17.0,0.2145,0.0442,0.8161,0.0,0.0,0.0,1,credential_based_fraud,card_not_present,1,4,1,1,0,5,5,2,2,0
txn_cf4e968f2945,269.8,0.6472,11,0,31,31,23,3,20,475.0,0.1794,283.74,17.0,0.2145,0.0442,0.8161,0.3151,24.0,1.0,1,credential_based_fraud,card_not_present,1,4,1,1,0,1,1,3,1,0
txn_32dd2a886f7c,329.71,0.6396,11,0,31,31,23,1,18,475.0,0.1794,283.74,17.0,0.2145,0.0442,0.8161,0.3151,24.0,1.0,1,credential_based_fraud,card_not_present,4,4,1,1,0,0,0,2,2,0
txn_ca1fba1862e5,26.04,0.6176,9,0,17,17,1,3,4,646.0,0.2034,122.66,125.0,0.0827,0.0511,1.2488,0.0,0.0,0.0,1,credential_based_fraud,consumer_account_takeover,4,8,4,1,0,5,5,4,3,0
txn_1b82d60d31e7,148.52,0.4544,10,0,17,17,12,3,5,646.0,0.2034,122.66,125.0,0.0827,0.0511,1.2488,0.8311,138.0,0.0,1,credential_based_fraud,consumer_account_takeover,1,8,4,1,0,3,3,3,3,0
txn_c6c58f73e92b,79.68,0.6092,12,0,17,17,12,3,6,646.0,0.2034,122.66,125.0,0.0827,0.0511,1.2488,0.8311,138.0,0.0,1,credential_based_fraud,consumer_account_takeover,1,8,4,1,0,1,1,3,3,0
txn_257c96821bfd,144.91,0.7456,13,1,17,17,12,3,7,646.0,0.2034,122.66,125.0,0.0827,0.0511,1.2488,0.8311,138.0,0.0,1,credential_based_fraud,consumer_account_takeover,0,8,4,1,0,0,4,2,3,0
txn_2bb4d1b566fe,141.48,0.6474,14,1,17,17,1,3,8,646.0,0.2034,122.66,125.0,0.0827,0.0511,1.2488,0.0,0.0,0.0,1,credential_based_fraud,consumer_account_takeover,3,8,4,1,1,1,3,3,3,1
txn_1de64ef6f574,25.41,0.7525,15,0,17,17,12,3,9,646.0,0.2034,122.66,125.0,0.0827,0.0511,1.2488,0.8311,138.0,0.0,1,credential_based_fraud,consumer_account_takeover,0,8,4,1,0,2,2,0,3,0
txn_670aa092fa53,121.99,0.4934,17,0,17,17,12,3,10,646.0,0.2034,122.66,125.0,0.0827,0.0511,1.2488,0.8311,138.0,0.0,1,credential_based_fraud,consumer_account_takeover,1,8,4,1,0,0,0,0,3,0
txn_edba32144615,36.3,0.6929,18,0,17,17,12,3,11,646.0,0.2034,122.66,125.0,0.0827,0.0511,1.2488,0.8311,138.0,0.0,1,credential_based_fraud,consumer_account_takeover,3,8,4,1,1,1,1,3,3,1
txn_033d46f6dc52,28.55,0.7625,19,0,17,17,1,3,11,646.0,0.2034,122.66,125.0,0.0827,0.0511,1.2488,0.0,0.0,0.0,1,credential_based_fraud,consumer_account_takeover,3,8,4,1,0,5,5,1,3,0
txn_014d35eca4ee,12.53,0.5528,20,0,17,17,12,3,12,646.0,0.2034,122.66,125.0,0.0827,0.0511,1.2488,0.8311,138.0,0.0,1,credential_based_fraud,consumer_account_takeover,1,8,4,1,0,0,0,4,3,0
txn_ffd0e2e1e3b1,22.61,0.6828,22,1,17,17,12,3,13,646.0,0.2034,122.66,125.0,0.0827,0.0511,1.2488,0.8311,138.0,0.0,1,credential_based_fraud,consumer_account_takeover,1,8,4,1,0,4,2,4,3,0
txn_e606efbda8dc,21.09,0.4532,23,1,17,17,12,3,14,646.0,0.2034,122.66,125.0,0.0827,0.0511,1.2488,0.8311,138.0,0.0,1,credential_based_fraud,consumer_account_takeover,0,8,4,1,0,4,1,6,3,0
txn_a33f9832491b,23.73,0.5334,0,0,17,17,1,3,15,646.0,0.2034,122.66,125.0,0.0827,0.0511,1.2488,0.0,0.0,0.0,1,credential_based_fraud,consumer_account_takeover,2,8,4,1,0,3,3,4,3,0
txn_1012ccb4566b,28.38,0.6545,1,0,17,17,12,3,16,646.0,0.2034,122.66,125.0,0.0827,0.0511,1.2488,0.8311,138.0,0.0,1,credential_based_fraud,consumer_account_takeover,1,8,4,1,0,3,3,4,3,0
txn_54860aedaf31,36.97,0.8118,3,0,17,17,12,3,17,646.0,0.2034,122.66,125.0,0.0827,0.0511,1.2488,0.8311,138.0,0.0,1,credential_based_fraud,consumer_account_takeover,2,8,4,1,0,1,1,3,3,0
txn_05895b2f261f,25.68,0.4461,4,0,17,17,12,2,18,646.0,0.2034,122.66,125.0,0.0827,0.0511,1.2488,0.8311,138.0,0.0,1,credential_based_fraud,consumer_account_takeover,2,8,4,1,0,2,2,2,3,0
txn_be5f6aa0ba86,53.21,0.783,5,1,17,17,1,2,19,646.0,0.2034,122.66,125.0,0.0827,0.0511,1.2488,0.0,0.0,0.0,1,credential_based_fraud,consumer_account_takeover,2,8,4,1,0,5,1,5,3,0
txn_212b36bfaa14,26.58,0.5634,9,0,7,7,1,3,5,236.0,0.2846,184.96,1165.0,0.2258,0.0063,1.3886,0.0,0.0,0.0,1,credential_based_fraud,merchant_admin_takeover,4,7,0,0,0,2,2,1,0,0
txn_023780445f49,44.29,0.7028,11,0,7,7,5,3,6,236.0,0.2846,184.96,1165.0,0.2258,0.0063,1.3886,0.5061,156.0,1.0,1,credential_based_fraud,merchant_admin_takeover,3,7,0,0,0,4,4,1,0,0
txn_3b12d338a90d,23.43,0.6274,12,0,7,7,5,3,7,236.0,0.2846,184.96,1165.0,0.2258,0.0063,1.3886,0.5061,156.0,1.0,1,credential_based_fraud,merchant_admin_takeover,4,7,0,0,0,2,2,6,0,0
txn_85cfa438e66b,31.37,0.6477,14,0,7,7,5,3,8,236.0,0.2846,184.96,1165.0,0.2258,0.0063,1.3886,0.5061,156.0,1.0,1,credential_based_fraud,merchant_admin_takeover,3,7,0,0,0,0,0,4,0,0
txn_97b52e9f4462,47.42,0.676,15,0,7,7,1,3,9,236.0,0.2846,184.96,1165.0,0.2258,0.0063,1.3886,0.0,0.0,0.0,1,credential_based_fraud,merchant_admin_takeover,3,7,0,0,0,0,0,3,0,0
txn_e907b5a72f99,14.56,0.7821,16,0,7,7,5,3,10,236.0,0.2846,184.96,1165.0,0.2258,0.0063,1.3886,0.5061,156.0,1.0,1,credential_based_fraud,merchant_admin_takeover,4,7,0,0,0,2,2,2,0,0
txn_2c762911d6ed,35.71,0.675,18,0,7,7,5,1,11,236.0,0.2846,184.96,1165.0,0.2258,0.0063,1.3886,0.5061,156.0,1.0,1,credential_based_fraud,merchant_admin_takeover,2,7,0,0,0,1,1,3,0,0
txn_69605cc2d2ec,3.83,0.4694,9,1,306,306,1,3,6,608.0,0.0334,333.1,442.0,0.0425,0.0736,1.3802,0.0,0.0,0.0,1,credential_based_fraud,credential_stuffing,0,8,4,1,0,0,3,6,3,0
txn_01c5630e227f,3.95,0.5703,9,0,306,306,229,3,7,608.0,0.0334,333.1,442.0,0.0425,0.0736,1.3802,0.553,209.0,3.0,1,credential_based_fraud,credential_stuffing,1,8,4,1,0,2,2,6,3,0
txn_634d8967bf92,1.36,0.6915,9,0,306,306,229,3,8,608.0,0.0334,333.1,442.0,0.0425,0.0736,1.3802,0.553,209.0,3.0,1,credential_based_fraud,credential_stuffing,2,8,4,1,0,2,2,2,3,0
txn_b13177ff7fb5,2.63,0.6345,9,0,306,306,229,3,9,608.0,0.0334,333.1,442.0,0.0425,0.0736,1.3802,0.553,209.0,3.0,1,credential_based_fraud,credential_stuffing,4,8,4,1,0,1,1,5,3,0
txn_1839ea15f235,5.28,0.6281,10,0,306,306,1,3,10,608.0,0.0334,333.1,442.0,0.0425,0.0736,1.3802,0.0,0.0,0.0,1,credential_based_fraud,credential_stuffing,2,8,4,1,0,2,2,3,3,0
txn_2def6f6fc198,3.03,0.6757,10,0,306,306,229,3,11,608.0,0.0334,333.1,442.0,0.0425,0.0736,1.3802,0.553,209.0,3.0,1,credential_based_fraud,credential_stuffing,3,8,4,1,0,5,5,0,3,0
txn_facf8435b1c5,5.46,0.6671,10,0,306,306,229,3,11,608.0,0.0334,333.1,442.0,0.0425,0.0736,1.3802,0.553,209.0,3.0,1,credential_based_fraud,credential_stuffing,4,8,4,1,0,3,3,2,3,0
txn_39992d21bbce,7.54,0.591,10,0,306,306,229,3,12,608.0,0.0334,333.1,442.0,0.0425,0.0736,1.3802,0.553,209.0,3.0,1,credential_based_fraud,credential_stuffing,4,8,4,1,0,5,5,4,3,0
txn_5c2ab8e7fc5f,6.35,0.6715,10,0,306,306,1,3,13,608.0,0.0334,333.1,442.0,0.0425,0.0736,1.3802,0.0,0.0,0.0,1,credential_based_fraud,credential_stuffing,0,8,4,1,0,3,3,3,3,0
txn_0273f2ae996d,3.38,0.4786,10,0,306,306,229,3,14,608.0,0.0334,333.1,442.0,0.0425,0.0736,1.3802,0.553,209.0,3.0,1,credential_based_fraud,credential_stuffing,0,8,4,1,0,4,4,4,3,0
txn_53c4e697f880,3.33,0.6695,10,1,306,306,229,3,15,608.0,0.0334,333.1,442.0,0.0425,0.0736,1.3802,0.553,209.0,3.0,1,credential_based_fraud,credential_stuffing,0,8,4,1,0,5,2,5,3,0
txn_00911bfdbf93,2.86,0.5297,10,0,306,306,229,3,16,608.0,0.0334,333.1,442.0,0.0425,0.0736,1.3802,0.553,209.0,3.0,1,credential_based_fraud,credential_stuffing,1,8,4,1,0,1,1,6,3,0
txn_64d493b68797,2.31,0.7629,10,0,306,306,1,3,17,608.0,0.0334,333.1,442.0,0.0425,0.0736,1.3802,0.0,0.0,0.0,1,credential_based_fraud,credential_stuffing,3,8,4,1,0,4,4,5,3,0
txn_44544bb61fc0,5.06,0.7707,10,0,306,306,229,3,18,608.0,0.0334,333.1,442.0,0.0425,0.0736,1.3802,0.553,209.0,3.0,1,credential_based_fraud,credential_stuffing,3,8,4,1,0,1,1,4,3,0
txn_2de8b18d23da,3.78,0.7286,10,0,306,306,229,3,19,608.0,0.0334,333.1,442.0,0.0425,0.0736,1.3802,0.553,209.0,3.0,1,credential_based_fraud,credential_stuffing,4,8,4,1,0,1,1,1,3,0
txn_b906798594df,5.87,0.7629,10,0,306,306,229,3,18,608.0,0.0334,333.1,442.0,0.0425,0.0736,1.3802,0.553,209.0,3.0,1,credential_based_fraud,credential_stuffing,4,8,4,1,0,3,3,5,3,0
txn_649cc8e2c263,4.64,0.652,10,0,306,306,1,3,19,608.0,0.0334,333.1,442.0,0.0425,0.0736,1.3802,0.0,0.0,0.0,1,credential_based_fraud,credential_stuffing,1,8,4,1,1,3,3,0,3,1
txn_6d30179dba8a,0.61,0.4513,10,1,306,306,229,3,19,608.0,0.0334,333.1,442.0,0.0425,0.0736,1.3802,0.553,209.0,3.0,1,credential_based_fraud,credential_stuffing,2,8,4,1,0,0,2,6,3,0
txn_1c2b201af65b,2.41,0.7693,10,0,306,306,229,3,20,608.0,0.0334,333.1,442.0,0.0425,0.0736,1.3802,0.553,209.0,3.0,1,credential_based_fraud,credential_stuffing,2,8,4,1,0,0,0,5,3,0
txn_4cb8875d7dbb,2.72,0.7029,10,0,306,306,229,3,20,608.0,0.0334,333.1,442.0,0.0425,0.0736,1.3802,0.553,209.0,3.0,1,credential_based_fraud,credential_stuffing,0,8,4,1,0,3,3,2,3,0
txn_928c184cb1b1,4.18,0.5292,11,0,306,306,1,3,20,608.0,0.0334,333.1,442.0,0.0425,0.0736,1.3802,0.0,0.0,0.0,1,credential_based_fraud,credential_stuffing,1,8,4,1,0,0,0,2,3,0
txn_86e7309a35af,6.41,0.5881,11,0,306,306,229,3,21,608.0,0.0334,333.1,442.0,0.0425,0.0736,1.3802,0.553,209.0,3.0,1,credential_based_fraud,credential_stuffing,1,8,4,1,0,3,3,2,3,0
txn_b50a6ebed0ed,2.28,0.7163,11,0,306,306,229,3,20,608.0,0.0334,333.1,442.0,0.0425,0.0736,1.3802,0.553,209.0,3.0,1,credential_based_fraud,credential_stuffing,2,8,4,1,0,1,1,6,3,0
txn_14a8e1707ddc,6.58,0.6558,11,0,306,306,229,3,20,608.0,0.0334,333.1,442.0,0.0425,0.0736,1.3802,0.553,209.0,3.0,1,credential_based_fraud,credential_stuffing,4,8,4,1,0,5,5,6,3,0
txn_2572fb43e4e4,6.37,0.5645,11,0,306,306,1,3,21,608.0,0.0334,333.1,442.0,0.0425,0.0736,1.3802,0.0,0.0,0.0,1,credential_based_fraud,credential_stuffing,2,8,4,1,0,5,5,5,3,0
txn_2636d77183e9,3.97,0.551,11,0,306,306,229,3,21,608.0,0.0334,333.1,442.0,0.0425,0.0736,1.3802,0.553,209.0,3.0,1,credential_based_fraud,credential_stuffing,2,8,4,1,0,2,2,6,3,0
txn_69f86dcd77ed,1.77,0.4311,11,0,306,306,229,3,20,608.0,0.0334,333.1,442.0,0.0425,0.0736,1.3802,0.553,209.0,3.0,1,credential_based_fraud,credential_stuffing,0,8,4,1,0,4,4,3,3,0
txn_6f2f5094ee17,6.6,0.5529,11,0,306,306,229,3,18,608.0,0.0334,333.1,442.0,0.0425,0.0736,1.3802,0.553,209.0,3.0,1,credential_based_fraud,credential_stuffing,4,8,4,1,0,3,3,6,3,0
txn_061b6c10457b,3.89,0.7628,11,0,306,306,1,3,17,608.0,0.0334,333.1,442.0,0.0425,0.0736,1.3802,0.0,0.0,0.0,1,credential_based_fraud,credential_stuffing,4,8,4,1,0,5,5,6,3,0
txn_339cc6e28069,7.84,0.4314,11,0,306,306,229,3,16,608.0,0.0334,333.1,442.0,0.0425,0.0736,1.3802,0.553,209.0,3.0,1,credential_based_fraud,credential_stuffing,0,8,4,1,0,3,3,0,3,0
txn_ad36408846a3,6.76,0.6648,11,0,306,306,229,3,16,608.0,0.0334,333.1,442.0,0.0425,0.0736,1.3802,0.553,209.0,3.0,1,credential_based_fraud,credential_stuffing,1,8,4,1,0,2,2,2,3,0
txn_f1a131b41ac0,6.95,0.5498,11,0,306,306,229,3,15,608.0,0.0334,333.1,442.0,0.0425,0.0736,1.3802,0.553,209.0,3.0,1,credential_based_fraud,credential_stuffing,4,8,4,1,0,4,4,1,3,0
txn_c3324c2be06b,1.11,0.4423,11,1,306,306,1,3,15,608.0,0.0334,333.1,442.0,0.0425,0.0736,1.3802,0.0,0.0,0.0,1,credential_based_fraud,credential_stuffing,2,8,4,1,0,2,0,6,3,0
txn_3ff6e91bad53,3.18,0.4519,11,0,306,306,229,3,14,608.0,0.0334,333.1,442.0,0.0425,0.0736,1.3802,0.553,209.0,3.0,1,credential_based_fraud,credential_stuffing,0,8,4,1,0,1,1,0,3,0
txn_d20359c9a04c,0.78,0.6256,11,0,306,306,229,3,14,608.0,0.0334,333.1,442.0,0.0425,0.0736,1.3802,0.553,209.0,3.0,1,credential_based_fraud,credential_stuffing,1,8,4,1,0,3,3,1,3,0
txn_87ba0aed5619,3.43,0.7371,11,0,306,306,229,3,14,608.0,0.0334,333.1,442.0,0.0425,0.0736,1.3802,0.553,209.0,3.0,1,credential_based_fraud,credential_stuffing,3,8,4,1,0,2,2,2,3,0
txn_a4688938cb96,2.38,0.5267,12,0,306,306,1,3,13,608.0,0.0334,333.1,442.0,0.0425,0.0736,1.3802,0.0,0.0,0.0,1,credential_based_fraud,credential_stuffing,4,8,4,1,0,2,2,4,3,0
txn_779639f5eafb,6.9,0.543,12,0,306,306,229,3,13,608.0,0.0334,333.1,442.0,0.0425,0.0736,1.3802,0.553,209.0,3.0,1,credential_based_fraud,credential_stuffing,4,8,4,1,0,5,5,6,3,0
txn_791773496e87,1.92,0.6774,12,0,306,306,229,3,12,608.0,0.0334,333.1,442.0,0.0425,0.0736,1.3802,0.553,209.0,3.0,1,credential_based_fraud,credential_stuffing,4,8,4,1,0,5,5,5,3,0
txn_79341cab6e87,5.51,0.778,12,0,306,306,229,3,12,608.0,0.0334,333.1,442.0,0.0425,0.0736,1.3802,0.553,209.0,3.0,1,credential_based_fraud,credential_stuffing,0,8,4,1,0,2,2,4,3,0
txn_5bfe74c6cf3c,4.35,0.6807,12,0,306,306,1,3,11,608.0,0.0334,333.1,442.0,0.0425,0.0736,1.3802,0.0,0.0,0.0,1,credential_based_fraud,credential_stuffing,2,8,4,1,0,0,0,1,3,0
txn_a52d7c66e1b0,6.46,0.4986,12,0,306,306,229,3,11,608.0,0.0334,333.1,442.0,0.0425,0.0736,1.3802,0.553,209.0,3.0,1,credential_based_fraud,credential_stuffing,3,8,4,1,0,1,1,3,3,0
txn_044d3b48a98a,5.13,0.5478,12,0,306,306,229,3,10,608.0,0.0334,333.1,442.0,0.0425,0.0736,1.3802,0.553,209.0,3.0,1,credential_based_fraud,credential_stuffing,2,8,4,1,0,1,1,6,3,0
txn_913c849ed8bc,4.53,0.7888,12,0,306,306,229,3,10,608.0,0.0334,333.1,442.0,0.0425,0.0736,1.3802,0.553,209.0,3.0,1,credential_based_fraud,credential_stuffing,1,8,4,1,0,3,3,1,3,0
txn_4ddcf19f7fa6,7.45,0.6406,12,0,306,306,1,3,10,608.0,0.0334,333.1,442.0,0.0425,0.0736,1.3802,0.0,0.0,0.0,1,credential_based_fraud,credential_stuffing,2,8,4,1,0,4,4,6,3,0
txn_25e8a0071fd0,7.5,0.7945,12,0,306,306,229,3,10,608.0,0.0334,333.1,442.0,0.0425,0.0736,1.3802,0.553,209.0,3.0,1,credential_based_fraud,credential_stuffing,1,8,4,1,0,1,1,2,3,0
txn_ea162f0932d0,1.18,0.6519,12,0,306,306,229,3,10,608.0,0.0334,333.1,442.0,0.0425,0.0736,1.3802,0.553,209.0,3.0,1,credential_based_fraud,credential_stuffing,1,8,4,1,0,5,5,5,3,0
txn_4066f1d6f3de,7.33,0.5151,12,1,306,306,229,3,10,608.0,0.0334,333.1,442.0,0.0425,0.0736,1.3802,0.553,209.0,3.0,1,credential_based_fraud,credential_stuffing,3,8,4,1,0,4,0,6,3,0
txn_492f754a927d,4.3,0.6645,12,0,306,306,1,3,10,608.0,0.0334,333.1,442.0,0.0425,0.0736,1.3802,0.0,0.0,0.0,1,credential_based_fraud,credential_stuffing,4,8,4,1,0,1,1,6,3,0
txn_34daa77e700a,7.03,0.6421,12,0,306,306,229,3,10,608.0,0.0334,333.1,442.0,0.0425,0.0736,1.3802,0.553,209.0,3.0,1,credential_based_fraud,credential_stuffing,2,8,4,1,0,4,4,6,3,0
txn_90754989b144,2.0,0.594,12,0,306,306,229,3,10,608.0,0.0334,333.1,442.0,0.0425,0.0736,1.3802,0.553,209.0,3.0,1,credential_based_fraud,credential_stuffing,0,8,4,1,0,3,3,6,3,0
txn_70a578c5b006,5.69,0.495,12,0,306,306,229,3,9,608.0,0.0334,333.1,442.0,0.0425,0.0736,1.3802,0.553,209.0,3.0,1,credential_based_fraud,credential_stuffing,1,8,4,1,0,5,5,3,3,0
txn_36391151ef95,5.51,0.7897,13,0,306,306,1,3,8,608.0,0.0334,333.1,442.0,0.0425,0.0736,1.3802,0.0,0.0,0.0,1,credential_based_fraud,credential_stuffing,0,8,4,1,0,4,4,5,3,0
txn_19368d8b7e82,4.33,0.4794,13,1,306,306,229,3,8,608.0,0.0334,333.1,442.0,0.0425,0.0736,1.3802,0.553,209.0,3.0,1,credential_based_fraud,credential_stuffing,2,8,4,1,0,1,2,1,3,0
txn_5789e4d15556,7.18,0.4402,13,0,306,306,229,3,8,608.0,0.0334,333.1,442.0,0.0425,0.0736,1.3802,0.553,209.0,3.0,1,credential_based_fraud,credential_stuffing,1,8,4,1,0,3,3,1,3,0
txn_b93bff3d3587,3.1,0.5024,13,0,306,306,229,3,8,608.0,0.0334,333.1,442.0,0.0425,0.0736,1.3802,0.553,209.0,3.0,1,credential_based_fraud,credential_stuffing,0,8,4,1,0,4,4,1,3,0
txn_59e7cf0d9e4c,4.04,0.4892,13,1,306,306,1,3,8,608.0,0.0334,333.1,442.0,0.0425,0.0736,1.3802,0.0,0.0,0.0,1,credential_based_fraud,credential_stuffing,4,8,4,1,0,5,2,1,3,0
txn_d628d17a55f5,2.76,0.7557,13,0,306,306,229,3,8,608.0,0.0334,333.1,442.0,0.0425,0.0736,1.3802,0.553,209.0,3.0,1,credential_based_fraud,credential_stuffing,2,8,4,1,0,4,4,6,3,0
txn_77ba9c4315d1,6.34,0.7504,13,1,306,306,229,3,8,608.0,0.0334,333.1,442.0,0.0425,0.0736,1.3802,0.553,209.0,3.0,1,credential_based_fraud,credential_stuffing,4,8,4,1,0,4,5,1,3,0
txn_6cb2c2b8b5ab,5.79,0.7024,13,0,306,306,229,3,8,608.0,0.0334,333.1,442.0,0.0425,0.0736,1.3802,0.553,209.0,3.0,1,credential_based_fraud,credential_stuffing,0,8,4,1,0,0,0,5,3,0
txn_c2f337d7ddc4,6.21,0.4801,13,0,306,306,1,3,8,608.0,0.0334,333.1,442.0,0.0425,0.0736,1.3802,0.0,0.0,0.0,1,credential_based_fraud,credential_stuffing,1,8,4,1,0,0,0,4,3,0
txn_6aac440a1b30,6.06,0.5804,13,0,306,306,229,3,7,608.0,0.0334,333.1,442.0,0.0425,0.0736,1.3802,0.553,209.0,3.0,1,credential_based_fraud,credential_stuffing,3,8,4,1,0,4,4,2,3,0
txn_4966f90c7d45,2.83,0.7337,13,1,306,306,229,3,7,608.0,0.0334,333.1,442.0,0.0425,0.0736,1.3802,0.553,209.0,3.0,1,credential_based_fraud,credential_stuffing,2,8,4,1,0,0,5,1,3,0
txn_4006129896e7,4.91,0.6555,13,0,306,306,229,3,7,608.0,0.0334,333.1,442.0,0.0425,0.0736,1.3802,0.553,209.0,3.0,1,credential_based_fraud,credential_stuffing,2,8,4,1,0,1,1,0,3,0
txn_982bf9fb391d,7.8,0.6622,13,0,306,306,1,3,7,608.0,0.0334,333.1,442.0,0.0425,0.0736,1.3802,0.0,0.0,0.0,1,credential_based_fraud,credential_stuffing,3,8,4,1,0,5,5,4,3,0
txn_c9abc43c7b2f,6.67,0.7812,13,0,306,306,229,3,7,608.0,0.0334,333.1,442.0,0.0425,0.0736,1.3802,0.553,209.0,3.0,1,credential_based_fraud,credential_stuffing,4,8,4,1,0,4,4,2,3,0
txn_c50953b0074d,2.2,0.6019,13,0,306,306,229,3,7,608.0,0.0334,333.1,442.0,0.0425,0.0736,1.3802,0.553,209.0,3.0,1,credential_based_fraud,credential_stuffing,4,8,4,1,0,3,3,0,3,0
txn_bd4b4c9b4156,1.18,0.6542,13,0,306,306,229,3,7,608.0,0.0334,333.1,442.0,0.0425,0.0736,1.3802,0.553,209.0,3.0,1,credential_based_fraud,credential_stuffing,3,8,4,1,0,5,5,4,3,0
txn_89ec7371a8d2,5.61,0.4406,13,0,306,306,1,3,7,608.0,0.0334,333.1,442.0,0.0425,0.0736,1.3802,0.0,0.0,0.0,1,credential_based_fraud,credential_stuffing,0,8,4,1,0,3,3,6,3,0
txn_0e9a5b617fba,1.16,0.6885,14,0,306,306,229,3,7,608.0,0.0334,333.1,442.0,0.0425,0.0736,1.3802,0.553,209.0,3.0,1,credential_based_fraud,credential_stuffing,4,8,4,1,0,3,3,5,3,0
txn_112b3ec3f821,1.81,0.5046,14,0,306,306,229,3,7,608.0,0.0334,333.1,442.0,0.0425,0.0736,1.3802,0.553,209.0,3.0,1,credential_based_fraud,credential_stuffing,3,8,4,1,0,2,2,5,3,0
txn_e543557c13e9,4.18,0.7768,14,0,306,306,229,3,7,608.0,0.0334,333.1,442.0,0.0425,0.0736,1.3802,0.553,209.0,3.0,1,credential_based_fraud,credential_stuffing,0,8,4,1,0,1,1,2,3,0
txn_9501efe6da3d,1.89,0.5073,14,0,306,306,1,3,7,608.0,0.0334,333.1,442.0,0.0425,0.0736,1.3802,0.0,0.0,0.0,1,credential_based_fraud,credential_stuffing,0,8,4,1,0,4,4,3,3,0
txn_fb815502ecbd,1.75,0.5396,14,0,306,306,229,3,7,608.0,0.0334,333.1,442.0,0.0425,0.0736,1.3802,0.553,209.0,3.0,1,credential_based_fraud,credential_stuffing,4,8,4,1,0,5,5,4,3,0
txn_34d286961deb,5.51,0.6334,14,0,306,306,229,3,7,608.0,0.0334,333.1,442.0,0.0425,0.0736,1.3802,0.553,209.0,3.0,1,credential_based_fraud,credential_stuffing,1,8,4,1,0,3,3,5,3,0
txn_70ef592f4d67,2.06,0.6713,14,0,306,306,229,3,6,608.0,0.0334,333.1,442.0,0.0425,0.0736,1.3802,0.553,209.0,3.0,1,credential_based_fraud,credential_stuffing,1,8,4,1,0,5,5,5,3,0
txn_25711631ed3f,7.79,0.4431,14,0,306,306,1,3,6,608.0,0.0334,333.1,442.0,0.0425,0.0736,1.3802,0.0,0.0,0.0,1,credential_based_fraud,credential_stuffing,4,8,4,1,0,5,5,4,3,0
txn_68dc2e9acd1e,5.44,0.4482,14,1,306,306,229,3,6,608.0,0.0334,333.1,442.0,0.0425,0.0736,1.3802,0.553,209.0,3.0,1,credential_based_fraud,credential_stuffing,3,8,4,1,0,1,0,5,3,0
txn_832e91f9d39b,2.91,0.5476,14,0,306,306,229,3,6,608.0,0.0334,333.1,442.0,0.0425,0.0736,1.3802,0.553,209.0,3.0,1,credential_based_fraud,credential_stuffing,1,8,4,1,0,1,1,1,3,0
txn_cb2b850f7a45,3.01,0.5856,14,0,306,306,229,3,6,608.0,0.0334,333.1,442.0,0.0425,0.0736,1.3802,0.553,209.0,3.0,1,credential_based_fraud,credential_stuffing,4,8,4,1,0,0,0,4,3,0
txn_9ee682af52bf,2.43,0.6489,14,0,306,306,1,3,4,608.0,0.0334,333.1,442.0,0.0425,0.0736,1.3802,0.0,0.0,0.0,1,credential_based_fraud,credential_stuffing,2,8,4,1,0,2,2,3,3,0
txn_211b2ee7e234,0.76,0.5436,14,0,306,306,229,3,3,608.0,0.0334,333.1,442.0,0.0425,0.0736,1.3802,0.553,209.0,3.0,1,credential_based_fraud,credential_stuffing,1,8,4,1,0,3,3,3,3,0
txn_892273888554,1.11,0.6148,14,0,306,306,229,3,3,608.0,0.0334,333.1,442.0,0.0425,0.0736,1.3802,0.553,209.0,3.0,1,credential_based_fraud,credential_stuffing,2,8,4,1,0,5,5,6,3,0
txn_8eab73369af3,4.96,0.7682,14,0,306,306,229,3,3,608.0,0.0334,333.1,442.0,0.0425,0.0736,1.3802,0.553,209.0,3.0,1,credential_based_fraud,credential_stuffing,3,8,4,1,0,1,1,2,3,0
txn_81df9a6c075e,6.29,0.5599,14,0,306,306,1,3,3,608.0,0.0334,333.1,442.0,0.0425,0.0736,1.3802,0.0,0.0,0.0,1,credential_based_fraud,credential_stuffing,2,8,4,1,0,1,1,2,3,0
txn_6f51067ac8e1,5.91,0.4965,15,0,306,306,229,3,3,608.0,0.0334,333.1,442.0,0.0425,0.0736,1.3802,0.553,209.0,3.0,1,credential_based_fraud,credential_stuffing,2,8,4,1,0,3,3,5,3,0
txn_66929f0799c5,4.58,0.7215,15,0,306,306,229,3,3,608.0,0.0334,333.1,442.0,0.0425,0.0736,1.3802,0.553,209.0,3.0,1,credential_based_fraud,credential_stuffing,0,8,4,1,0,3,3,2,3,0
txn_d8dbf39d6d3a,5.23,0.7825,15,0,306,306,229,3,3,608.0,0.0334,333.1,442.0,0.0425,0.0736,1.3802,0.553,209.0,3.0,1,credential_based_fraud,credential_stuffing,1,8,4,1,0,3,3,5,3,0
txn_8de1bde6acee,1.23,0.4642,15,0,306,306,1,3,3,608.0,0.0334,333.1,442.0,0.0425,0.0736,1.3802,0.0,0.0,0.0,1,credential_based_fraud,credential_stuffing,1,8,4,1,0,2,2,1,3,0
txn_4be24b05121f,2.1,0.4779,15,0,306,306,229,3,3,608.0,0.0334,333.1,442.0,0.0425,0.0736,1.3802,0.553,209.0,3.0,1,credential_based_fraud,credential_stuffing,1,8,4,1,0,2,2,2,3,0
txn_adb18b49fc2e,1.86,0.5717,15,0,306,306,229,3,3,608.0,0.0334,333.1,442.0,0.0425,0.0736,1.3802,0.553,209.0,3.0,1,credential_based_fraud,credential_stuffing,0,8,4,1,0,3,3,0,3,0
txn_853080679579,2.32,0.4837,15,0,306,306,229,3,3,608.0,0.0334,333.1,442.0,0.0425,0.0736,1.3802,0.553,209.0,3.0,1,credential_based_fraud,credential_stuffing,4,8,4,1,0,2,2,5,3,0
txn_f23f3aebf4bc,1.86,0.6218,15,0,306,306,1,3,3,608.0,0.0334,333.1,442.0,0.0425,0.0736,1.3802,0.0,0.0,0.0,1,credential_based_fraud,credential_stuffing,2,8,4,1,0,4,4,4,3,0
txn_08d9b8efe43e,3.45,0.5029,15,0,306,306,229,3,2,608.0,0.0334,333.1,442.0,0.0425,0.0736,1.3802,0.553,209.0,3.0,1,credential_based_fraud,credential_stuffing,2,8,4,1,0,2,2,1,3,0
txn_40df80e6ff92,2.48,0.4422,15,0,306,306,229,3,2,608.0,0.0334,333.1,442.0,0.0425,0.0736,1.3802,0.553,209.0,3.0,1,credential_based_fraud,credential_stuffing,2,8,4,1,0,4,4,3,3,0
txn_78873f5037bd,2.42,0.4373,15,1,306,306,229,3,2,608.0,0.0334,333.1,442.0,0.0425,0.0736,1.3802,0.553,209.0,3.0,1,credential_based_fraud,credential_stuffing,2,8,4,1,0,5,2,1,3,0
txn_ea50c38b7c0c,5.33,0.4416,15,0,306,306,1,3,2,608.0,0.0334,333.1,442.0,0.0425,0.0736,1.3802,0.0,0.0,0.0,1,credential_based_fraud,credential_stuffing,4,8,4,1,0,0,0,6,3,0
txn_dc3eb6abc83e,6.1,0.4322,15,1,306,306,229,3,2,608.0,0.0334,333.1,442.0,0.0425,0.0736,1.3802,0.553,209.0,3.0,1,credential_based_fraud,credential_stuffing,4,8,4,1,0,3,0,4,3,0
txn_43c011f6d883,5.42,0.4395,15,0,306,306,229,3,2,608.0,0.0334,333.1,442.0,0.0425,0.0736,1.3802,0.553,209.0,3.0,1,credential_based_fraud,credential_stuffing,0,8,4,1,0,0,0,2,3,0
txn_6f73567557ec,5.07,0.6026,15,0,306,306,229,3,2,608.0,0.0334,333.1,442.0,0.0425,0.0736,1.3802,0.553,209.0,3.0,1,credential_based_fraud,credential_stuffing,1,8,4,1,0,1,1,4,3,0
txn_f3b2874f1403,4.02,0.7902,15,0,306,306,1,3,2,608.0,0.0334,333.1,442.0,0.0425,0.0736,1.3802,0.0,0.0,0.0,1,credential_based_fraud,credential_stuffing,2,8,4,1,0,1,1,5,3,0
txn_f217d998442d,4.1,0.5807,16,1,306,306,229,3,2,608.0,0.0334,333.1,442.0,0.0425,0.0736,1.3802,0.553,209.0,3.0,1,credential_based_fraud,credential_stuffing,1,8,4,1,0,5,0,4,3,0
txn_9ea0f98bd23d,3.63,0.653,16,0,306,306,229,3,2,608.0,0.0334,333.1,442.0,0.0425,0.0736,1.3802,0.553,209.0,3.0,1,credential_based_fraud,credential_stuffing,1,8,4,1,0,0,0,3,3,0
txn_ca125b3fefb1,2.42,0.7718,16,0,306,306,229,3,2,608.0,0.0334,333.1,442.0,0.0425,0.0736,1.3802,0.553,209.0,3.0,1,credential_based_fraud,credential_stuffing,1,8,4,1,0,4,4,0,3,0
txn_19777a1aac45,4.03,0.689,16,0,306,306,1,3,2,608.0,0.0334,333.1,442.0,0.0425,0.0736,1.3802,0.0,0.0,0.0,1,credential_based_fraud,credential_stuffing,1,8,4,1,0,0,0,6,3,0
txn_5e21743868f4,1.93,0.6676,16,0,306,306,229,3,2,608.0,0.0334,333.1,442.0,0.0425,0.0736,1.3802,0.553,209.0,3.0,1,credential_based_fraud,credential_stuffing,1,8,4,1,0,5,5,6,3,0
txn_1b97d22ecc4d,3.63,0.5583,16,0,306,306,229,3,2,608.0,0.0334,333.1,442.0,0.0425,0.0736,1.3802,0.553,209.0,3.0,1,credential_based_fraud,credential_stuffing,4,8,4,1,0,4,4,5,3,0
txn_b775d04291a9,6.58,0.6806,16,0,306,306,229,3,2,608.0,0.0334,333.1,442.0,0.0425,0.0736,1.3802,0.553,209.0,3.0,1,credential_based_fraud,credential_stuffing,3,8,4,1,0,0,0,4,3,0
txn_4330731ae593,2.23,0.5267,16,0,306,306,1,3,2,608.0,0.0334,333.1,442.0,0.0425,0.0736,1.3802,0.0,0.0,0.0,1,credential_based_fraud,credential_stuffing,3,8,4,1,0,3,3,6,3,0
txn_18ce5af3c2e2,1.3,0.558,16,1,306,306,229,3,2,608.0,0.0334,333.1,442.0,0.0425,0.0736,1.3802,0.553,209.0,3.0,1,credential_based_fraud,credential_stuffing,1,8,4,1,0,3,2,4,3,0
txn_9c7335325d4e,7.54,0.7609,16,0,306,306,229,3,2,608.0,0.0334,333.1,442.0,0.0425,0.0736,1.3802,0.553,209.0,3.0,1,credential_based_fraud,credential_stuffing,4,8,4,1,0,3,3,2,3,0
txn_eb22f849094f,6.73,0.7478,16,0,306,306,229,3,2,608.0,0.0334,333.1,442.0,0.0425,0.0736,1.3802,0.553,209.0,3.0,1,credential_based_fraud,credential_stuffing,4,8,4,1,0,2,2,0,3,0
txn_1a07a9c4fb6b,4.68,0.6845,16,0,306,306,1,3,2,608.0,0.0334,333.1,442.0,0.0425,0.0736,1.3802,0.0,0.0,0.0,1,credential_based_fraud,credential_stuffing,1,8,4,1,0,0,0,4,3,0
txn_cd32e899b23a,7.2,0.6284,16,0,306,306,229,3,1,608.0,0.0334,333.1,442.0,0.0425,0.0736,1.3802,0.553,209.0,3.0,1,credential_based_fraud,credential_stuffing,1,8,4,1,0,5,5,1,3,0
txn_14bb617cc7ee,2.92,0.5645,16,0,306,306,229,3,1,608.0,0.0334,333.1,442.0,0.0425,0.0736,1.3802,0.553,209.0,3.0,1,credential_based_fraud,credential_stuffing,2,8,4,1,0,3,3,1,3,0
txn_081a5f157b6d,3.27,0.6137,16,0,306,306,229,3,1,608.0,0.0334,333.1,442.0,0.0425,0.0736,1.3802,0.553,209.0,3.0,1,credential_based_fraud,credential_stuffing,0,8,4,1,0,1,1,6,3,0
txn_fb7a1c0d0128,1.34,0.5805,16,0,306,306,1,3,1,608.0,0.0334,333.1,442.0,0.0425,0.0736,1.3802,0.0,0.0,0.0,1,credential_based_fraud,credential_stuffing,3,8,4,1,0,4,4,2,3,0
txn_ab6b1e535467,0.79,0.4846,17,0,306,306,229,3,1,608.0,0.0334,333.1,442.0,0.0425,0.0736,1.3802,0.553,209.0,3.0,1,credential_based_fraud,credential_stuffing,2,8,4,1,0,4,4,0,3,0
txn_318eb40565aa,2.67,0.7923,17,0,306,306,229,3,1,608.0,0.0334,333.1,442.0,0.0425,0.0736,1.3802,0.553,209.0,3.0,1,credential_based_fraud,credential_stuffing,2,8,4,1,0,1,1,5,3,0
txn_f69a8693e7af,2.67,0.7592,17,0,306,306,229,3,1,608.0,0.0334,333.1,442.0,0.0425,0.0736,1.3802,0.553,209.0,3.0,1,credential_based_fraud,credential_stuffing,3,8,4,1,0,0,0,5,3,0
txn_1749138f7f68,4.25,0.5767,17,0,306,306,1,3,1,608.0,0.0334,333.1,442.0,0.0425,0.0736,1.3802,0.0,0.0,0.0,1,credential_based_fraud,credential_stuffing,4,8,4,1,0,2,2,4,3,0
txn_78271bb71810,0.83,0.6815,17,0,306,306,229,3,1,608.0,0.0334,333.1,442.0,0.0425,0.0736,1.3802,0.553,209.0,3.0,1,credential_based_fraud,credential_stuffing,2,8,4,1,0,4,4,6,3,0
txn_9e14e322c7cf,7.27,0.5956,17,1,306,306,229,3,1,608.0,0.0334,333.1,442.0,0.0425,0.0736,1.3802,0.553,209.0,3.0,1,credential_based_fraud,credential_stuffing,2,8,4,1,0,5,4,5,3,0
txn_60b1c88c587b,1.93,0.7889,17,0,306,306,229,3,1,608.0,0.0334,333.1,442.0,0.0425,0.0736,1.3802,0.553,209.0,3.0,1,credential_based_fraud,credential_stuffing,0,8,4,1,0,0,0,3,3,0
txn_8bbaf34fbad9,6.06,0.6349,17,0,306,306,1,3,1,608.0,0.0334,333.1,442.0,0.0425,0.0736,1.3802,0.0,0.0,0.0,1,credential_based_fraud,credential_stuffing,0,8,4,1,0,1,1,6,3,0
txn_06bf719a241d,7.77,0.685,17,0,306,306,229,3,1,608.0,0.0334,333.1,442.0,0.0425,0.0736,1.3802,0.553,209.0,3.0,1,credential_based_fraud,credential_stuffing,1,8,4,1,0,3,3,4,3,0
txn_c44c419b9ab6,2.19,0.442,17,0,306,306,229,3,1,608.0,0.0334,333.1,442.0,0.0425,0.0736,1.3802,0.553,209.0,3.0,1,credential_based_fraud,credential_stuffing,1,8,4,1,0,3,3,5,3,0
txn_e704fc285d2b,2.09,0.6778,17,0,306,306,229,3,1,608.0,0.0334,333.1,442.0,0.0425,0.0736,1.3802,0.553,209.0,3.0,1,credential_based_fraud,credential_stuffing,0,8,4,1,0,2,2,6,3,0
txn_77679bf84a45,1.43,0.6311,17,0,306,306,1,3,1,608.0,0.0334,333.1,442.0,0.0425,0.0736,1.3802,0.0,0.0,0.0,1,credential_based_fraud,credential_stuffing,1,8,4,1,0,0,0,2,3,0
txn_58f37145c169,5.68,0.6631,17,0,306,306,229,3,1,608.0,0.0334,333.1,442.0,0.0425,0.0736,1.3802,0.553,209.0,3.0,1,credential_based_fraud,credential_stuffing,0,8,4,1,0,2,2,4,3,0
txn_f24b637626df,2.72,0.741,17,0,306,306,229,3,1,608.0,0.0334,333.1,442.0,0.0425,0.0736,1.3802,0.553,209.0,3.0,1,credential_based_fraud,credential_stuffing,0,8,4,1,0,4,4,5,3,0
txn_09cf2fdb17b2,6.74,0.5544,17,0,306,306,229,3,1,608.0,0.0334,333.1,442.0,0.0425,0.0736,1.3802,0.553,209.0,3.0,1,credential_based_fraud,credential_stuffing,1,8,4,1,0,2,2,3,3,0
txn_147d797d1faf,5.54,0.7577,17,0,306,306,1,3,1,608.0,0.0334,333.1,442.0,0.0425,0.0736,1.3802,0.0,0.0,0.0,1,credential_based_fraud,credential_stuffing,2,8,4,1,0,5,5,1,3,0
txn_769ffd7d5d94,7.37,0.7498,18,1,306,306,229,3,1,608.0,0.0334,333.1,442.0,0.0425,0.0736,1.3802,0.553,209.0,3.0,1,credential_based_fraud,credential_stuffing,2,8,4,1,0,4,0,5,3,0
txn_ac5798d2d5c6,7.48,0.7503,18,0,306,306,229,3,1,608.0,0.0334,333.1,442.0,0.0425,0.0736,1.3802,0.553,209.0,3.0,1,credential_based_fraud,credential_stuffing,2,8,4,1,0,2,2,2,3,0
txn_999b1ec71b9c,6.82,0.7868,18,1,306,306,229,3,1,608.0,0.0334,333.1,442.0,0.0425,0.0736,1.3802,0.553,209.0,3.0,1,credential_based_fraud,credential_stuffing,4,8,4,1,0,5,4,2,3,0
txn_ddd34487ae3c,5.77,0.63,18,1,306,306,1,3,1,608.0,0.0334,333.1,442.0,0.0425,0.0736,1.3802,0.0,0.0,0.0,1,credential_based_fraud,credential_stuffing,0,8,4,1,0,1,2,6,3,0
txn_608357d54415,4.64,0.593,18,0,306,306,229,3,1,608.0,0.0334,333.1,442.0,0.0425,0.0736,1.3802,0.553,209.0,3.0,1,credential_based_fraud,credential_stuffing,2,8,4,1,0,1,1,6,3,0
txn_700edea2d1b6,0.8,0.7488,18,0,306,306,229,3,1,608.0,0.0334,333.1,442.0,0.0425,0.0736,1.3802,0.553,209.0,3.0,1,credential_based_fraud,credential_stuffing,2,8,4,1,0,1,1,3,3,0
txn_3f75ccbb47a3,4.45,0.655,18,0,306,306,229,3,1,608.0,0.0334,333.1,442.0,0.0425,0.0736,1.3802,0.553,209.0,3.0,1,credential_based_fraud,credential_stuffing,1,8,4,1,0,0,0,4,3,0
txn_582c5536a7a9,2.97,0.5407,18,0,306,306,1,3,1,608.0,0.0334,333.1,442.0,0.0425,0.0736,1.3802,0.0,0.0,0.0,1,credential_based_fraud,credential_stuffing,4,8,4,1,0,3,3,4,3,0
txn_d3412c563726,2.22,0.7236,18,0,306,306,229,3,1,608.0,0.0334,333.1,442.0,0.0425,0.0736,1.3802,0.553,209.0,3.0,1,credential_based_fraud,credential_stuffing,4,8,4,1,0,5,5,0,3,0
txn_f4c542c2cb20,3.65,0.5682,18,1,306,306,229,3,1,608.0,0.0334,333.1,442.0,0.0425,0.0736,1.3802,0.553,209.0,3.0,1,credential_based_fraud,credential_stuffing,4,8,4,1,0,5,2,3,3,0
txn_276883fbd628,4.49,0.5131,18,0,306,306,229,3,1,608.0,0.0334,333.1,442.0,0.0425,0.0736,1.3802,0.553,209.0,3.0,1,credential_based_fraud,credential_stuffing,4,8,4,1,0,2,2,4,3,0
txn_37ae0d50910b,2.29,0.7318,18,0,306,306,1,3,1,608.0,0.0334,333.1,442.0,0.0425,0.0736,1.3802,0.0,0.0,0.0,1,credential_based_fraud,credential_stuffing,0,8,4,1,0,2,2,4,3,0
txn_f6d9b831aff0,2.68,0.6321,18,0,306,306,229,3,1,608.0,0.0334,333.1,442.0,0.0425,0.0736,1.3802,0.553,209.0,3.0,1,credential_based_fraud,credential_stuffing,2,8,4,1,0,2,2,5,3,0
txn_570f56c8d280,5.05,0.5032,18,0,306,306,229,3,1,608.0,0.0334,333.1,442.0,0.0425,0.0736,1.3802,0.553,209.0,3.0,1,credential_based_fraud,credential_stuffing,4,8,4,1,0,4,4,2,3,0
txn_95de4547a228,1.32,0.6423,18,0,306,306,229,3,1,608.0,0.0334,333.1,442.0,0.0425,0.0736,1.3802,0.553,209.0,3.0,1,credential_based_fraud,credential_stuffing,4,8,4,1,0,5,5,5,3,0
txn_4ded96038330,5.93,0.6824,18,0,306,306,1,3,1,608.0,0.0334,333.1,442.0,0.0425,0.0736,1.3802,0.0,0.0,0.0,1,credential_based_fraud,credential_stuffing,3,8,4,1,0,0,0,1,3,0
txn_7d1e133c24ec,4.23,0.7015,19,0,306,306,229,3,1,608.0,0.0334,333.1,442.0,0.0425,0.0736,1.3802,0.553,209.0,3.0,1,credential_based_fraud,credential_stuffing,1,8,4,1,0,3,3,6,3,0
txn_9aedb4f72f0c,1.36,0.4815,19,0,306,306,229,3,1,608.0,0.0334,333.1,442.0,0.0425,0.0736,1.3802,0.553,209.0,3.0,1,credential_based_fraud,credential_stuffing,1,8,4,1,0,1,1,1,3,0
txn_31d05f9b091a,3.17,0.5654,19,0,306,306,229,3,1,608.0,0.0334,333.1,442.0,0.0425,0.0736,1.3802,0.553,209.0,3.0,1,credential_based_fraud,credential_stuffing,2,8,4,1,0,0,0,1,3,0
txn_5e96eceb7e34,7.62,0.6307,19,0,306,306,1,3,1,608.0,0.0334,333.1,442.0,0.0425,0.0736,1.3802,0.0,0.0,0.0,1,credential_based_fraud,credential_stuffing,0,8,4,1,0,3,3,6,3,0
txn_f0bd57a4f408,2.05,0.5176,19,0,306,306,229,3,1,608.0,0.0334,333.1,442.0,0.0425,0.0736,1.3802,0.553,209.0,3.0,1,credential_based_fraud,credential_stuffing,0,8,4,1,0,0,0,0,3,0
txn_cb57fb6ea7ed,2.68,0.5311,19,0,306,306,229,3,1,608.0,0.0334,333.1,442.0,0.0425,0.0736,1.3802,0.553,209.0,3.0,1,credential_based_fraud,credential_stuffing,2,8,4,1,0,0,0,1,3,0
txn_10ffac62dcce,2.23,0.6227,19,0,306,306,229,3,1,608.0,0.0334,333.1,442.0,0.0425,0.0736,1.3802,0.553,209.0,3.0,1,credential_based_fraud,credential_stuffing,2,8,4,1,0,3,3,6,3,0
txn_c41873a1fbec,7.66,0.794,19,0,306,306,1,3,1,608.0,0.0334,333.1,442.0,0.0425,0.0736,1.3802,0.0,0.0,0.0,1,credential_based_fraud,credential_stuffing,2,8,4,1,0,4,4,2,3,0
txn_ae49bbf3bb7e,3.77,0.4589,19,0,306,306,229,3,1,608.0,0.0334,333.1,442.0,0.0425,0.0736,1.3802,0.553,209.0,3.0,1,credential_based_fraud,credential_stuffing,0,8,4,1,1,5,5,1,3,1
txn_9798b4aa7057,2.71,0.5134,19,0,306,306,229,3,1,608.0,0.0334,333.1,442.0,0.0425,0.0736,1.3802,0.553,209.0,3.0,1,credential_based_fraud,credential_stuffing,0,8,4,1,0,4,4,6,3,0
txn_07cf6d405814,4.88,0.6961,19,0,306,306,229,3,1,608.0,0.0334,333.1,442.0,0.0425,0.0736,1.3802,0.553,209.0,3.0,1,credential_based_fraud,credential_stuffing,0,8,4,1,0,5,5,0,3,0
txn_0b8a8fdb372b,4.13,0.7817,19,0,306,306,1,3,1,608.0,0.0334,333.1,442.0,0.0425,0.0736,1.3802,0.0,0.0,0.0,1,credential_based_fraud,credential_stuffing,4,8,4,1,0,0,0,2,3,0
txn_1030186e873c,6.07,0.5797,19,0,306,306,229,3,1,608.0,0.0334,333.1,442.0,0.0425,0.0736,1.3802,0.553,209.0,3.0,1,credential_based_fraud,credential_stuffing,0,8,4,1,0,1,1,0,3,0
txn_e3cee9c1b28a,2.0,0.6338,19,1,306,306,229,3,1,608.0,0.0334,333.1,442.0,0.0425,0.0736,1.3802,0.553,209.0,3.0,1,credential_based_fraud,credential_stuffing,4,8,4,1,1,4,0,5,3,1
txn_34b8a684f613,6.01,0.7356,19,0,306,306,229,3,1,608.0,0.0334,333.1,442.0,0.0425,0.0736,1.3802,0.553,209.0,3.0,1,credential_based_fraud,credential_stuffing,2,8,4,1,0,3,3,2,3,0
txn_eab2d5ba1560,4.92,0.7733,19,1,306,306,1,3,1,608.0,0.0334,333.1,442.0,0.0425,0.0736,1.3802,0.0,0.0,0.0,1,credential_based_fraud,credential_stuffing,2,8,4,1,0,5,2,1,3,0
txn_20fa61cdd512,7.08,0.603,20,0,306,306,229,3,1,608.0,0.0334,333.1,442.0,0.0425,0.0736,1.3802,0.553,209.0,3.0,1,credential_based_fraud,credential_stuffing,3,8,4,1,0,0,0,6,3,0
txn_79785dd6d0b1,7.32,0.785,20,0,306,306,229,3,1,608.0,0.0334,333.1,442.0,0.0425,0.0736,1.3802,0.553,209.0,3.0,1,credential_based_fraud,credential_stuffing,2,8,4,1,0,0,0,1,3,0
txn_93b4a8229433,5.69,0.5948,20,0,306,306,229,3,1,608.0,0.0334,333.1,442.0,0.0425,0.0736,1.3802,0.553,209.0,3.0,1,credential_based_fraud,credential_stuffing,0,8,4,1,0,2,2,0,3,0
txn_0c72a83959d5,5.23,0.6539,20,0,306,306,1,3,1,608.0,0.0334,333.1,442.0,0.0425,0.0736,1.3802,0.0,0.0,0.0,1,credential_based_fraud,credential_stuffing,3,8,4,1,0,0,0,3,3,0
txn_88cd3e18a9fe,6.92,0.7155,20,0,306,306,229,3,1,608.0,0.0334,333.1,442.0,0.0425,0.0736,1.3802,0.553,209.0,3.0,1,credential_based_fraud,credential_stuffing,3,8,4,1,0,1,1,3,3,0
txn_c1d59b56ae4e,2.05,0.6266,20,1,306,306,229,3,1,608.0,0.0334,333.1,442.0,0.0425,0.0736,1.3802,0.553,209.0,3.0,1,credential_based_fraud,credential_stuffing,0,8,4,1,0,0,2,6,3,0
txn_5cbc6d61965f,3.64,0.715,20,0,306,306,229,3,1,608.0,0.0334,333.1,442.0,0.0425,0.0736,1.3802,0.553,209.0,3.0,1,credential_based_fraud,credential_stuffing,3,8,4,1,0,0,0,0,3,0
txn_13c51bca874c,7.16,0.5573,20,0,306,306,1,3,1,608.0,0.0334,333.1,442.0,0.0425,0.0736,1.3802,0.0,0.0,0.0,1,credential_based_fraud,credential_stuffing,2,8,4,1,0,2,2,6,3,0
txn_d3b28fafcb2c,3.4,0.5196,20,0,306,306,229,3,1,608.0,0.0334,333.1,442.0,0.0425,0.0736,1.3802,0.553,209.0,3.0,1,credential_based_fraud,credential_stuffing,4,8,4,1,0,1,1,0,3,0
txn_d4b9919d67d1,2.24,0.7788,20,0,306,306,229,3,1,608.0,0.0334,333.1,442.0,0.0425,0.0736,1.3802,0.553,209.0,3.0,1,credential_based_fraud,credential_stuffing,1,8,4,1,0,3,3,2,3,0
txn_7957a4f8d5b0,7.64,0.7781,20,0,306,306,229,3,1,608.0,0.0334,333.1,442.0,0.0425,0.0736,1.3802,0.553,209.0,3.0,1,credential_based_fraud,credential_stuffing,2,8,4,1,0,3,3,4,3,0
txn_3ddc9e6a15db,3.75,0.4753,20,0,306,306,1,3,1,608.0,0.0334,333.1,442.0,0.0425,0.0736,1.3802,0.0,0.0,0.0,1,credential_based_fraud,credential_stuffing,4,8,4,1,0,4,4,2,3,0
txn_f36f6f58cff5,3.05,0.4632,20,0,306,306,229,3,1,608.0,0.0334,333.1,442.0,0.0425,0.0736,1.3802,0.553,209.0,3.0,1,credential_based_fraud,credential_stuffing,1,8,4,1,0,3,3,1,3,0
txn_a6272ebb5f23,5.25,0.5352,20,0,306,306,229,3,1,608.0,0.0334,333.1,442.0,0.0425,0.0736,1.3802,0.553,209.0,3.0,1,credential_based_fraud,credential_stuffing,0,8,4,1,0,5,5,1,3,0
txn_d0042d108143,5.62,0.6679,20,0,306,306,229,3,1,608.0,0.0334,333.1,442.0,0.0425,0.0736,1.3802,0.553,209.0,3.0,1,credential_based_fraud,credential_stuffing,4,8,4,1,0,1,1,0,3,0
txn_76124b015862,7.18,0.4746,20,0,306,306,1,3,1,608.0,0.0334,333.1,442.0,0.0425,0.0736,1.3802,0.0,0.0,0.0,1,credential_based_fraud,credential_stuffing,0,8,4,1,0,0,0,5,3,0
txn_1e9a8869b279,7.53,0.6211,21,0,306,306,229,3,1,608.0,0.0334,333.1,442.0,0.0425,0.0736,1.3802,0.553,209.0,3.0,1,credential_based_fraud,credential_stuffing,0,8,4,1,0,4,4,3,3,0
txn_f7f9b32b5479,2.55,0.7324,21,0,306,306,229,3,1,608.0,0.0334,333.1,442.0,0.0425,0.0736,1.3802,0.553,209.0,3.0,1,credential_based_fraud,credential_stuffing,0,8,4,1,0,2,2,0,3,0
txn_216d743632e2,0.68,0.5673,21,1,306,306,229,3,1,608.0,0.0334,333.1,442.0,0.0425,0.0736,1.3802,0.553,209.0,3.0,1,credential_based_fraud,credential_stuffing,4,8,4,1,1,5,0,4,3,1
txn_90bf62a04c57,0.61,0.7944,21,1,306,306,1,3,1,608.0,0.0334,333.1,442.0,0.0425,0.0736,1.3802,0.0,0.0,0.0,1,credential_based_fraud,credential_stuffing,2,8,4,1,0,2,1,2,3,0
txn_d7e69b239bb9,4.16,0.4311,21,0,306,306,229,3,1,608.0,0.0334,333.1,442.0,0.0425,0.0736,1.3802,0.553,209.0,3.0,1,credential_based_fraud,credential_stuffing,2,8,4,1,0,2,2,5,3,0
txn_bd4810759b5e,1.72,0.524,21,1,306,306,229,3,1,608.0,0.0334,333.1,442.0,0.0425,0.0736,1.3802,0.553,209.0,3.0,1,credential_based_fraud,credential_stuffing,4,8,4,1,0,5,0,1,3,0
txn_dff1e8ceef9d,7.21,0.6069,21,0,306,306,229,3,1,608.0,0.0334,333.1,442.0,0.0425,0.0736,1.3802,0.553,209.0,3.0,1,credential_based_fraud,credential_stuffing,1,8,4,1,0,2,2,1,3,0
txn_2282cfceea65,7.11,0.6841,21,1,306,306,1,3,1,608.0,0.0334,333.1,442.0,0.0425,0.0736,1.3802,0.0,0.0,0.0,1,credential_based_fraud,credential_stuffing,1,8,4,1,0,0,1,4,3,0
txn_4d2ac377fd53,4.58,0.6451,21,0,306,306,229,3,1,608.0,0.0334,333.1,442.0,0.0425,0.0736,1.3802,0.553,209.0,3.0,1,credential_based_fraud,credential_stuffing,3,8,4,1,0,4,4,6,3,0
txn_fb7e87242082,0.7,0.5806,21,0,306,306,229,3,1,608.0,0.0334,333.1,442.0,0.0425,0.0736,1.3802,0.553,209.0,3.0,1,credential_based_fraud,credential_stuffing,0,8,4,1,0,5,5,6,3,0
txn_b57e9d418db9,7.15,0.4847,21,0,306,306,229,3,1,608.0,0.0334,333.1,442.0,0.0425,0.0736,1.3802,0.553,209.0,3.0,1,credential_based_fraud,credential_stuffing,3,8,4,1,0,2,2,5,3,0
txn_c705ae9ba8ed,5.6,0.5369,21,0,306,306,1,3,1,608.0,0.0334,333.1,442.0,0.0425,0.0736,1.3802,0.0,0.0,0.0,1,credential_based_fraud,credential_stuffing,3,8,4,1,0,4,4,5,3,0
txn_db3ec29b18ae,7.62,0.7745,21,0,306,306,229,3,1,608.0,0.0334,333.1,442.0,0.0425,0.0736,1.3802,0.553,209.0,3.0,1,credential_based_fraud,credential_stuffing,4,8,4,1,0,2,2,4,3,0
txn_363e2fcd50b4,2.06,0.714,21,0,306,306,229,3,1,608.0,0.0334,333.1,442.0,0.0425,0.0736,1.3802,0.553,209.0,3.0,1,credential_based_fraud,credential_stuffing,2,8,4,1,0,0,0,6,3,0
txn_f17d719f6022,6.21,0.766,21,0,306,306,229,3,1,608.0,0.0334,333.1,442.0,0.0425,0.0736,1.3802,0.553,209.0,3.0,1,credential_based_fraud,credential_stuffing,4,8,4,1,0,2,2,6,3,0
txn_c0c908b3b0ed,4.61,0.5474,21,1,306,306,1,3,1,608.0,0.0334,333.1,442.0,0.0425,0.0736,1.3802,0.0,0.0,0.0,1,credential_based_fraud,credential_stuffing,1,8,4,1,0,5,4,0,3,0
txn_fcde3d6bf66f,7.47,0.5353,22,0,306,306,229,3,1,608.0,0.0334,333.1,442.0,0.0425,0.0736,1.3802,0.553,209.0,3.0,1,credential_based_fraud,credential_stuffing,2,8,4,1,0,4,4,0,3,0
txn_2a508827765a,2.38,0.606,22,0,306,306,229,3,1,608.0,0.0334,333.1,442.0,0.0425,0.0736,1.3802,0.553,209.0,3.0,1,credential_based_fraud,credential_stuffing,3,8,4,1,0,4,4,3,3,0
txn_68f22a5cc1d7,7.07,0.4756,22,0,306,306,229,3,1,608.0,0.0334,333.1,442.0,0.0425,0.0736,1.3802,0.553,209.0,3.0,1,credential_based_fraud,credential_stuffing,0,8,4,1,0,3,3,2,3,0
txn_3dfb27b85999,6.29,0.4893,22,0,306,306,1,3,1,608.0,0.0334,333.1,442.0,0.0425,0.0736,1.3802,0.0,0.0,0.0,1,credential_based_fraud,credential_stuffing,0,8,4,1,0,3,3,4,3,0
txn_e8137696f185,4.17,0.6029,22,0,306,306,229,3,1,608.0,0.0334,333.1,442.0,0.0425,0.0736,1.3802,0.553,209.0,3.0,1,credential_based_fraud,credential_stuffing,3,8,4,1,0,3,3,3,3,0
txn_7b8806beb85b,7.26,0.5352,22,0,306,306,229,3,1,608.0,0.0334,333.1,442.0,0.0425,0.0736,1.3802,0.553,209.0,3.0,1,credential_based_fraud,credential_stuffing,0,8,4,1,0,1,1,0,3,0
txn_86e1db2fa337,0.97,0.7002,22,0,306,306,229,3,1,608.0,0.0334,333.1,442.0,0.0425,0.0736,1.3802,0.553,209.0,3.0,1,credential_based_fraud,credential_stuffing,3,8,4,1,0,1,1,4,3,0
txn_f481de77d0cb,3.01,0.5576,22,0,306,306,1,3,1,608.0,0.0334,333.1,442.0,0.0425,0.0736,1.3802,0.0,0.0,0.0,1,credential_based_fraud,credential_stuffing,0,8,4,1,0,2,2,2,3,0
txn_362a00145086,6.33,0.6225,22,0,306,306,229,3,1,608.0,0.0334,333.1,442.0,0.0425,0.0736,1.3802,0.553,209.0,3.0,1,credential_based_fraud,credential_stuffing,1,8,4,1,0,2,2,5,3,0
txn_e06a93f67fdd,5.52,0.5056,22,0,306,306,229,3,1,608.0,0.0334,333.1,442.0,0.0425,0.0736,1.3802,0.553,209.0,3.0,1,credential_based_fraud,credential_stuffing,0,8,4,1,0,3,3,0,3,0
txn_f73533c36f59,2.79,0.7256,22,0,306,306,229,3,1,608.0,0.0334,333.1,442.0,0.0425,0.0736,1.3802,0.553,209.0,3.0,1,credential_based_fraud,credential_stuffing,2,8,4,1,0,1,1,3,3,0
txn_91cf8ad1bbcd,7.07,0.5071,22,1,306,306,1,3,1,608.0,0.0334,333.1,442.0,0.0425,0.0736,1.3802,0.0,0.0,0.0,1,credential_based_fraud,credential_stuffing,0,8,4,1,0,0,2,6,3,0
txn_9fa5b62c1d48,7.62,0.4657,22,0,306,306,229,3,1,608.0,0.0334,333.1,442.0,0.0425,0.0736,1.3802,0.553,209.0,3.0,1,credential_based_fraud,credential_stuffing,1,8,4,1,0,0,0,2,3,0
txn_de473e435daf,0.64,0.7725,22,1,306,306,229,3,1,608.0,0.0334,333.1,442.0,0.0425,0.0736,1.3802,0.553,209.0,3.0,1,credential_based_fraud,credential_stuffing,1,8,4,1,0,0,4,1,3,0
txn_ccbe69f4dd36,2.94,0.5877,22,0,306,306,229,3,1,608.0,0.0334,333.1,442.0,0.0425,0.0736,1.3802,0.553,209.0,3.0,1,credential_based_fraud,credential_stuffing,4,8,4,1,0,5,5,6,3,0
txn_a1cb2de4c27b,1.77,0.643,22,0,306,306,1,3,1,608.0,0.0334,333.1,442.0,0.0425,0.0736,1.3802,0.0,0.0,0.0,1,credential_based_fraud,credential_stuffing,4,8,4,1,0,0,0,0,3,0
txn_a4a5f3a6e1b3,2.18,0.5839,23,0,306,306,229,3,1,608.0,0.0334,333.1,442.0,0.0425,0.0736,1.3802,0.553,209.0,3.0,1,credential_based_fraud,credential_stuffing,4,8,4,1,0,0,0,6,3,0
txn_392621a15b10,1.09,0.4737,23,0,306,306,229,3,1,608.0,0.0334,333.1,442.0,0.0425,0.0736,1.3802,0.553,209.0,3.0,1,credential_based_fraud,credential_stuffing,1,8,4,1,0,5,5,4,3,0
txn_66858bdb0d30,2.34,0.4811,23,0,306,306,229,3,1,608.0,0.0334,333.1,442.0,0.0425,0.0736,1.3802,0.553,209.0,3.0,1,credential_based_fraud,credential_stuffing,2,8,4,1,0,5,5,4,3,0
txn_aff4ba47df00,0.84,0.5562,23,0,306,306,1,3,1,608.0,0.0334,333.1,442.0,0.0425,0.0736,1.3802,0.0,0.0,0.0,1,credential_based_fraud,credential_stuffing,4,8,4,1,0,0,0,5,3,0
txn_114cd7ab9844,3.68,0.6346,23,0,306,306,229,3,1,608.0,0.0334,333.1,442.0,0.0425,0.0736,1.3802,0.553,209.0,3.0,1,credential_based_fraud,credential_stuffing,1,8,4,1,0,1,1,5,3,0
txn_eb45f9d8e840,6.75,0.435,23,1,306,306,229,3,1,608.0,0.0334,333.1,442.0,0.0425,0.0736,1.3802,0.553,209.0,3.0,1,credential_based_fraud,credential_stuffing,0,8,4,1,0,3,2,0,3,0
txn_f57515b35b16,2.24,0.6212,23,0,306,306,229,3,1,608.0,0.0334,333.1,442.0,0.0425,0.0736,1.3802,0.553,209.0,3.0,1,credential_based_fraud,credential_stuffing,2,8,4,1,0,3,3,4,3,0
txn_dba09afddabc,7.46,0.7484,23,0,306,306,1,3,1,608.0,0.0334,333.1,442.0,0.0425,0.0736,1.3802,0.0,0.0,0.0,1,credential_based_fraud,credential_stuffing,1,8,4,1,0,3,3,0,3,0
txn_6866adfdac74,0.51,0.6121,23,1,306,306,229,3,1,608.0,0.0334,333.1,442.0,0.0425,0.0736,1.3802,0.553,209.0,3.0,1,credential_based_fraud,credential_stuffing,1,8,4,1,0,4,3,0,3,0
txn_4ecbff386418,1.88,0.7566,23,0,306,306,229,3,1,608.0,0.0334,333.1,442.0,0.0425,0.0736,1.3802,0.553,209.0,3.0,1,credential_based_fraud,credential_stuffing,0,8,4,1,0,3,3,5,3,0
txn_06efbf57492c,2.16,0.5424,23,0,306,306,229,3,1,608.0,0.0334,333.1,442.0,0.0425,0.0736,1.3802,0.553,209.0,3.0,1,credential_based_fraud,credential_stuffing,4,8,4,1,0,5,5,0,3,0
txn_78ce7f3c0a52,7.8,0.7756,23,1,306,306,1,3,1,608.0,0.0334,333.1,442.0,0.0425,0.0736,1.3802,0.0,0.0,0.0,1,credential_based_fraud,credential_stuffing,1,8,4,1,0,5,3,3,3,0
txn_a5b955b07c8c,3.35,0.7466,23,0,306,306,229,3,1,608.0,0.0334,333.1,442.0,0.0425,0.0736,1.3802,0.553,209.0,3.0,1,credential_based_fraud,credential_stuffing,2,8,4,1,0,1,1,3,3,0
txn_025d457cf191,6.59,0.5601,23,1,306,306,229,3,1,608.0,0.0334,333.1,442.0,0.0425,0.0736,1.3802,0.553,209.0,3.0,1,credential_based_fraud,credential_stuffing,4,8,4,1,0,2,5,2,3,0
txn_9e6d0b0b5625,1.53,0.7825,23,0,306,306,229,3,1,608.0,0.0334,333.1,442.0,0.0425,0.0736,1.3802,0.553,209.0,3.0,1,credential_based_fraud,credential_stuffing,3,8,4,1,0,0,0,3,3,0
txn_920604a8e095,5.71,0.781,23,0,306,306,1,3,1,608.0,0.0334,333.1,442.0,0.0425,0.0736,1.3802,0.0,0.0,0.0,1,credential_based_fraud,credential_stuffing,4,8,4,1,0,2,2,4,3,0
txn_d2c92a8d2a11,2.98,0.7016,23,0,306,306,229,3,1,608.0,0.0334,333.1,442.0,0.0425,0.0736,1.3802,0.553,209.0,3.0,1,credential_based_fraud,credential_stuffing,4,8,4,1,0,2,2,3,3,0
txn_48ed5d05b6cb,4.63,0.4429,0,1,306,306,229,3,1,608.0,0.0334,333.1,442.0,0.0425,0.0736,1.3802,0.553,209.0,3.0,1,credential_based_fraud,credential_stuffing,3,8,4,1,0,2,4,6,3,0
txn_dc51f3a50da2,6.22,0.5242,0,0,306,306,229,3,1,608.0,0.0334,333.1,442.0,0.0425,0.0736,1.3802,0.553,209.0,3.0,1,credential_based_fraud,credential_stuffing,3,8,4,1,0,4,4,2,3,0
txn_a053e027f3d2,1.61,0.602,0,0,306,306,1,3,1,608.0,0.0334,333.1,442.0,0.0425,0.0736,1.3802,0.0,0.0,0.0,1,credential_based_fraud,credential_stuffing,3,8,4,1,0,3,3,2,3,0
txn_269deb5a852f,5.08,0.5828,0,1,306,306,229,3,1,608.0,0.0334,333.1,442.0,0.0425,0.0736,1.3802,0.553,209.0,3.0,1,credential_based_fraud,credential_stuffing,3,8,4,1,0,3,2,5,3,0
txn_64b3244fe543,7.01,0.5296,0,0,306,306,229,3,1,608.0,0.0334,333.1,442.0,0.0425,0.0736,1.3802,0.553,209.0,3.0,1,credential_based_fraud,credential_stuffing,4,8,4,1,0,4,4,1,3,0
txn_5278d5e106b3,4.62,0.7534,0,1,306,306,229,3,1,608.0,0.0334,333.1,442.0,0.0425,0.0736,1.3802,0.553,209.0,3.0,1,credential_based_fraud,credential_stuffing,4,8,4,1,0,5,3,2,3,0
txn_16ea7334146c,0.65,0.4847,0,0,306,306,1,3,1,608.0,0.0334,333.1,442.0,0.0425,0.0736,1.3802,0.0,0.0,0.0,1,credential_based_fraud,credential_stuffing,1,8,4,1,0,4,4,3,3,0
txn_5d12b8721552,1.48,0.5889,0,0,306,306,229,3,1,608.0,0.0334,333.1,442.0,0.0425,0.0736,1.3802,0.553,209.0,3.0,1,credential_based_fraud,credential_stuffing,0,8,4,1,0,0,0,4,3,0
txn_4acbd4543356,5.75,0.7674,0,0,306,306,229,3,1,608.0,0.0334,333.1,442.0,0.0425,0.0736,1.3802,0.553,209.0,3.0,1,credential_based_fraud,credential_stuffing,1,8,4,1,0,1,1,3,3,0
txn_f06f1bc536cf,1.2,0.7777,0,0,306,306,229,3,1,608.0,0.0334,333.1,442.0,0.0425,0.0736,1.3802,0.553,209.0,3.0,1,credential_based_fraud,credential_stuffing,4,8,4,1,0,3,3,2,3,0
txn_f15f12ffa53c,3.96,0.6484,0,0,306,306,1,3,1,608.0,0.0334,333.1,442.0,0.0425,0.0736,1.3802,0.0,0.0,0.0,1,credential_based_fraud,credential_stuffing,1,8,4,1,0,1,1,0,3,0
txn_bcbbf11fa0cb,3.57,0.6809,0,0,306,306,229,3,1,608.0,0.0334,333.1,442.0,0.0425,0.0736,1.3802,0.553,209.0,3.0,1,credential_based_fraud,credential_stuffing,0,8,4,1,0,0,0,1,3,0
txn_e3ff8be20b57,0.51,0.5,0,0,306,306,229,3,1,608.0,0.0334,333.1,442.0,0.0425,0.0736,1.3802,0.553,209.0,3.0,1,credential_based_fraud,credential_stuffing,0,8,4,1,0,0,0,4,3,0
txn_31f49e8a62ce,3.69,0.7094,0,0,306,306,229,3,1,608.0,0.0334,333.1,442.0,0.0425,0.0736,1.3802,0.553,209.0,3.0,1,credential_based_fraud,credential_stuffing,1,8,4,1,0,2,2,5,3,0
txn_de558ed46bf6,5.12,0.4341,0,0,306,306,1,3,1,608.0,0.0334,333.1,442.0,0.0425,0.0736,1.3802,0.0,0.0,0.0,1,credential_based_fraud,credential_stuffing,2,8,4,1,0,3,3,0,3,0
txn_1a4ff6feff78,4.66,0.563,0,0,306,306,229,3,1,608.0,0.0334,333.1,442.0,0.0425,0.0736,1.3802,0.553,209.0,3.0,1,credential_based_fraud,credential_stuffing,4,8,4,1,0,0,0,0,3,0
txn_fc99870d6641,3.14,0.4851,1,0,306,306,229,3,1,608.0,0.0334,333.1,442.0,0.0425,0.0736,1.3802,0.553,209.0,3.0,1,credential_based_fraud,credential_stuffing,3,8,4,1,0,2,2,3,3,0
txn_d82936abf718,2.85,0.6164,1,0,306,306,229,3,1,608.0,0.0334,333.1,442.0,0.0425,0.0736,1.3802,0.553,209.0,3.0,1,credential_based_fraud,credential_stuffing,0,8,4,1,0,5,5,3,3,0
txn_a145e3308fa1,7.68,0.7674,1,0,306,306,1,3,1,608.0,0.0334,333.1,442.0,0.0425,0.0736,1.3802,0.0,0.0,0.0,1,credential_based_fraud,credential_stuffing,2,8,4,1,0,3,3,5,3,0
txn_620ad6af4ba1,2.74,0.7844,1,0,306,306,229,3,1,608.0,0.0334,333.1,442.0,0.0425,0.0736,1.3802,0.553,209.0,3.0,1,credential_based_fraud,credential_stuffing,0,8,4,1,0,1,1,3,3,0
txn_85ad80dc5aea,6.83,0.5856,1,0,306,306,229,3,2,608.0,0.0334,333.1,442.0,0.0425,0.0736,1.3802,0.553,209.0,3.0,1,credential_based_fraud,credential_stuffing,0,8,4,1,0,1,1,2,3,0
txn_d4f8152a8371,1.64,0.4758,1,0,306,306,229,3,3,608.0,0.0334,333.1,442.0,0.0425,0.0736,1.3802,0.553,209.0,3.0,1,credential_based_fraud,credential_stuffing,2,8,4,1,0,4,4,6,3,0
txn_d9a5cf23f4dc,0.71,0.4511,1,0,306,306,1,3,4,608.0,0.0334,333.1,442.0,0.0425,0.0736,1.3802,0.0,0.0,0.0,1,credential_based_fraud,credential_stuffing,3,8,4,1,0,4,4,6,3,0
txn_fecab4329a5b,2.66,0.5088,1,0,306,306,229,3,5,608.0,0.0334,333.1,442.0,0.0425,0.0736,1.3802,0.553,209.0,3.0,1,credential_based_fraud,credential_stuffing,4,8,4,1,0,0,0,3,3,0
txn_48ec5a3cd5fa,1.16,0.5057,1,1,306,306,229,3,6,608.0,0.0334,333.1,442.0,0.0425,0.0736,1.3802,0.553,209.0,3.0,1,credential_based_fraud,credential_stuffing,4,8,4,1,0,3,1,6,3,0
txn_980cf0208391,1.7,0.5957,1,0,306,306,229,3,7,608.0,0.0334,333.1,442.0,0.0425,0.0736,1.3802,0.553,209.0,3.0,1,credential_based_fraud,credential_stuffing,0,8,4,1,0,2,2,0,3,0
txn_ce1d106058fc,5.16,0.5509,1,0,306,306,1,3,8,608.0,0.0334,333.1,442.0,0.0425,0.0736,1.3802,0.0,0.0,0.0,1,credential_based_fraud,credential_stuffing,2,8,4,1,0,0,0,4,3,0
txn_615e9670529b,1.06,0.4925,1,0,306,306,229,3,9,608.0,0.0334,333.1,442.0,0.0425,0.0736,1.3802,0.553,209.0,3.0,1,credential_based_fraud,credential_stuffing,3,8,4,1,0,0,0,5,3,0
txn_74eff9725b2d,1.64,0.5558,1,0,306,306,229,3,10,608.0,0.0334,333.1,442.0,0.0425,0.0736,1.3802,0.553,209.0,3.0,1,credential_based_fraud,credential_stuffing,2,8,4,1,0,1,1,5,3,0
txn_223fcb0c19ba,2.94,0.5014,1,0,306,306,229,3,11,608.0,0.0334,333.1,442.0,0.0425,0.0736,1.3802,0.553,209.0,3.0,1,credential_based_fraud,credential_stuffing,4,8,4,1,0,4,4,2,3,0
txn_7fed933fe85d,7.24,0.5404,1,0,306,306,1,3,11,608.0,0.0334,333.1,442.0,0.0425,0.0736,1.3802,0.0,0.0,0.0,1,credential_based_fraud,credential_stuffing,2,8,4,1,0,0,0,0,3,0
txn_9354c0f89405,5.31,0.7357,1,0,306,306,229,3,12,608.0,0.0334,333.1,442.0,0.0425,0.0736,1.3802,0.553,209.0,3.0,1,credential_based_fraud,credential_stuffing,3,8,4,1,0,1,1,2,3,0
txn_2620f7893300,2.1,0.6378,2,0,306,306,229,3,13,608.0,0.0334,333.1,442.0,0.0425,0.0736,1.3802,0.553,209.0,3.0,1,credential_based_fraud,credential_stuffing,1,8,4,1,0,1,1,0,3,0
txn_4eb78704a603,5.11,0.6875,2,0,306,306,229,3,14,608.0,0.0334,333.1,442.0,0.0425,0.0736,1.3802,0.553,209.0,3.0,1,credential_based_fraud,credential_stuffing,2,8,4,1,0,1,1,0,3,0
txn_e00715e68c79,7.52,0.4963,2,0,306,306,1,3,15,608.0,0.0334,333.1,442.0,0.0425,0.0736,1.3802,0.0,0.0,0.0,1,credential_based_fraud,credential_stuffing,3,8,4,1,0,1,1,4,3,0
txn_853e2801d904,7.47,0.516,2,0,306,306,229,3,16,608.0,0.0334,333.1,442.0,0.0425,0.0736,1.3802,0.553,209.0,3.0,1,credential_based_fraud,credential_stuffing,4,8,4,1,0,0,0,0,3,0
txn_a2651344c664,3.32,0.4368,2,0,306,306,229,3,17,608.0,0.0334,333.1,442.0,0.0425,0.0736,1.3802,0.553,209.0,3.0,1,credential_based_fraud,credential_stuffing,3,8,4,1,0,5,5,5,3,0
txn_bc2680f1226e,6.41,0.4405,2,0,306,306,229,3,18,608.0,0.0334,333.1,442.0,0.0425,0.0736,1.3802,0.553,209.0,3.0,1,credential_based_fraud,credential_stuffing,3,8,4,1,0,5,5,2,3,0
txn_46946f05f611,1.74,0.532,2,0,306,306,1,3,19,608.0,0.0334,333.1,442.0,0.0425,0.0736,1.3802,0.0,0.0,0.0,1,credential_based_fraud,credential_stuffing,2,8,4,1,0,1,1,6,3,0
txn_0b1782f2af88,4.14,0.7745,2,0,306,306,229,3,18,608.0,0.0334,333.1,442.0,0.0425,0.0736,1.3802,0.553,209.0,3.0,1,credential_based_fraud,credential_stuffing,2,8,4,1,0,3,3,6,3,0
txn_66cecb5acfd9,2.39,0.5095,2,0,306,306,229,3,19,608.0,0.0334,333.1,442.0,0.0425,0.0736,1.3802,0.553,209.0,3.0,1,credential_based_fraud,credential_stuffing,4,8,4,1,0,3,3,0,3,0
txn_d87101703b81,7.1,0.4666,2,1,306,306,229,3,19,608.0,0.0334,333.1,442.0,0.0425,0.0736,1.3802,0.553,209.0,3.0,1,credential_based_fraud,credential_stuffing,2,8,4,1,0,4,0,4,3,0
txn_cbc080cc095c,0.63,0.5115,2,0,306,306,1,3,20,608.0,0.0334,333.1,442.0,0.0425,0.0736,1.3802,0.0,0.0,0.0,1,credential_based_fraud,credential_stuffing,4,8,4,1,0,4,4,4,3,0
txn_a00d925b8481,3.73,0.6832,2,0,306,306,229,3,20,608.0,0.0334,333.1,442.0,0.0425,0.0736,1.3802,0.553,209.0,3.0,1,credential_based_fraud,credential_stuffing,4,8,4,1,0,5,5,6,3,0
txn_132fe3c44064,1.41,0.6868,2,0,306,306,229,3,20,608.0,0.0334,333.1,442.0,0.0425,0.0736,1.3802,0.553,209.0,3.0,1,credential_based_fraud,credential_stuffing,0,8,4,1,0,0,0,0,3,0
txn_920e5dc3fb76,6.23,0.4612,2,0,306,306,229,3,21,608.0,0.0334,333.1,442.0,0.0425,0.0736,1.3802,0.553,209.0,3.0,1,credential_based_fraud,credential_stuffing,3,8,4,1,0,1,1,1,3,0
txn_3504728e5cb3,2.54,0.4453,2,0,306,306,1,3,20,608.0,0.0334,333.1,442.0,0.0425,0.0736,1.3802,0.0,0.0,0.0,1,credential_based_fraud,credential_stuffing,3,8,4,1,0,1,1,6,3,0
txn_1dcbb4f159fe,0.66,0.6779,2,0,306,306,229,3,20,608.0,0.0334,333.1,442.0,0.0425,0.0736,1.3802,0.553,209.0,3.0,1,credential_based_fraud,credential_stuffing,4,8,4,1,0,0,0,1,3,0
txn_33ff6e1442fd,6.31,0.4801,3,0,306,306,229,3,21,608.0,0.0334,333.1,442.0,0.0425,0.0736,1.3802,0.553,209.0,3.0,1,credential_based_fraud,credential_stuffing,1,8,4,1,0,4,4,2,3,0
txn_bfdf46c2a593,7.06,0.459,3,0,306,306,229,3,21,608.0,0.0334,333.1,442.0,0.0425,0.0736,1.3802,0.553,209.0,3.0,1,credential_based_fraud,credential_stuffing,0,8,4,1,0,1,1,5,3,0
txn_69ff0cbfd286,6.32,0.738,3,0,306,306,1,3,20,608.0,0.0334,333.1,442.0,0.0425,0.0736,1.3802,0.0,0.0,0.0,1,credential_based_fraud,credential_stuffing,1,8,4,1,0,4,4,4,3,0
txn_c86fba96c8ca,0.64,0.5599,3,0,306,306,229,3,18,608.0,0.0334,333.1,442.0,0.0425,0.0736,1.3802,0.553,209.0,3.0,1,credential_based_fraud,credential_stuffing,1,8,4,1,0,5,5,3,3,0
txn_24ff0a55151d,6.3,0.6756,3,0,306,306,229,3,17,608.0,0.0334,333.1,442.0,0.0425,0.0736,1.3802,0.553,209.0,3.0,1,credential_based_fraud,credential_stuffing,2,8,4,1,0,4,4,3,3,0
txn_5fced1ad1e81,0.63,0.4671,3,0,306,306,229,3,16,608.0,0.0334,333.1,442.0,0.0425,0.0736,1.3802,0.553,209.0,3.0,1,credential_based_fraud,credential_stuffing,3,8,4,1,0,2,2,4,3,0
txn_07797765b8f5,4.55,0.4963,3,1,306,306,1,3,16,608.0,0.0334,333.1,442.0,0.0425,0.0736,1.3802,0.0,0.0,0.0,1,credential_based_fraud,credential_stuffing,3,8,4,1,0,1,0,0,3,0
txn_2d28ef8a1525,6.27,0.4539,3,0,306,306,229,3,15,608.0,0.0334,333.1,442.0,0.0425,0.0736,1.3802,0.553,209.0,3.0,1,credential_based_fraud,credential_stuffing,0,8,4,1,0,2,2,1,3,0
txn_92133a2fa1c7,0.78,0.719,3,0,306,306,229,3,15,608.0,0.0334,333.1,442.0,0.0425,0.0736,1.3802,0.553,209.0,3.0,1,credential_based_fraud,credential_stuffing,2,8,4,1,0,1,1,1,3,0
txn_7fc1730d669f,6.37,0.439,3,0,306,306,229,3,14,608.0,0.0334,333.1,442.0,0.0425,0.0736,1.3802,0.553,209.0,3.0,1,credential_based_fraud,credential_stuffing,3,8,4,1,0,4,4,2,3,0
txn_77d74edc715b,4.51,0.4888,3,0,306,306,1,3,14,608.0,0.0334,333.1,442.0,0.0425,0.0736,1.3802,0.0,0.0,0.0,1,credential_based_fraud,credential_stuffing,1,8,4,1,0,4,4,3,3,0
txn_c8b61104dabd,4.46,0.495,3,0,306,306,229,3,14,608.0,0.0334,333.1,442.0,0.0425,0.0736,1.3802,0.553,209.0,3.0,1,credential_based_fraud,credential_stuffing,1,8,4,1,0,2,2,0,3,0
txn_21341989ccfa,4.59,0.6577,3,0,306,306,229,3,13,608.0,0.0334,333.1,442.0,0.0425,0.0736,1.3802,0.553,209.0,3.0,1,credential_based_fraud,credential_stuffing,2,8,4,1,0,1,1,1,3,0
txn_24fc13ace00f,3.14,0.5712,3,0,306,306,229,3,13,608.0,0.0334,333.1,442.0,0.0425,0.0736,1.3802,0.553,209.0,3.0,1,credential_based_fraud,credential_stuffing,0,8,4,1,0,1,1,4,3,0
txn_c36b89845203,4.81,0.7116,3,1,306,306,1,3,12,608.0,0.0334,333.1,442.0,0.0425,0.0736,1.3802,0.0,0.0,0.0,1,credential_based_fraud,credential_stuffing,4,8,4,1,0,0,2,1,3,0
txn_d631f15012e4,7.41,0.6203,3,0,306,306,229,3,12,608.0,0.0334,333.1,442.0,0.0425,0.0736,1.3802,0.553,209.0,3.0,1,credential_based_fraud,credential_stuffing,2,8,4,1,0,2,2,6,3,0
txn_12ae1269f588,7.06,0.677,4,0,306,306,229,3,11,608.0,0.0334,333.1,442.0,0.0425,0.0736,1.3802,0.553,209.0,3.0,1,credential_based_fraud,credential_stuffing,3,8,4,1,0,0,0,4,3,0
txn_0897b1c2ca69,1.45,0.4309,4,0,306,306,229,3,11,608.0,0.0334,333.1,442.0,0.0425,0.0736,1.3802,0.553,209.0,3.0,1,credential_based_fraud,credential_stuffing,4,8,4,1,0,0,0,4,3,0
txn_57816e3caf02,5.17,0.5923,4,0,306,306,1,3,10,608.0,0.0334,333.1,442.0,0.0425,0.0736,1.3802,0.0,0.0,0.0,1,credential_based_fraud,credential_stuffing,4,8,4,1,0,5,5,1,3,0
txn_4b26c5ae7880,6.08,0.5455,4,0,306,306,229,3,10,608.0,0.0334,333.1,442.0,0.0425,0.0736,1.3802,0.553,209.0,3.0,1,credential_based_fraud,credential_stuffing,3,8,4,1,0,4,4,1,3,0
txn_6e0628e116c7,1.59,0.6948,4,0,306,306,229,3,10,608.0,0.0334,333.1,442.0,0.0425,0.0736,1.3802,0.553,209.0,3.0,1,credential_based_fraud,credential_stuffing,2,8,4,1,0,3,3,6,3,0
txn_88a58574c89d,6.41,0.7364,4,0,306,306,229,3,10,608.0,0.0334,333.1,442.0,0.0425,0.0736,1.3802,0.553,209.0,3.0,1,credential_based_fraud,credential_stuffing,2,8,4,1,0,1,1,1,3,0
txn_cd0c3469d061,7.68,0.7504,4,0,306,306,1,3,10,608.0,0.0334,333.1,442.0,0.0425,0.0736,1.3802,0.0,0.0,0.0,1,credential_based_fraud,credential_stuffing,4,8,4,1,0,4,4,2,3,0
txn_1833b79758a7,3.58,0.4409,4,0,306,306,229,3,10,608.0,0.0334,333.1,442.0,0.0425,0.0736,1.3802,0.553,209.0,3.0,1,credential_based_fraud,credential_stuffing,2,8,4,1,1,3,3,6,3,1
txn_76af273263b3,2.12,0.4529,4,0,306,306,229,3,10,608.0,0.0334,333.1,442.0,0.0425,0.0736,1.3802,0.553,209.0,3.0,1,credential_based_fraud,credential_stuffing,3,8,4,1,0,3,3,1,3,0
txn_da76e76bc778,3.74,0.5705,4,1,306,306,229,3,10,608.0,0.0334,333.1,442.0,0.0425,0.0736,1.3802,0.553,209.0,3.0,1,credential_based_fraud,credential_stuffing,4,8,4,1,0,0,2,0,3,0
txn_282a32cf472a,1.91,0.7725,4,1,306,306,1,3,10,608.0,0.0334,333.1,442.0,0.0425,0.0736,1.3802,0.0,0.0,0.0,1,credential_based_fraud,credential_stuffing,0,8,4,1,0,5,3,5,3,0
txn_437df3e908b6,2.28,0.6625,4,0,306,306,229,3,9,608.0,0.0334,333.1,442.0,0.0425,0.0736,1.3802,0.553,209.0,3.0,1,credential_based_fraud,credential_stuffing,2,8,4,1,0,3,3,0,3,0
txn_010d76a98107,56.44,0.4903,9,0,39,39,39,3,7,491.0,0.2803,153.7,779.0,0.2417,0.039,1.3478,0.5855,95.0,3.0,1,identity_onboarding_fraud,fraudulent_merchant_onboarding,2,7,1,1,0,1,1,1,2,0
txn_422203e19c52,43.54,0.5252,10,0,39,39,39,3,8,491.0,0.2803,153.7,779.0,0.2417,0.039,1.3478,0.5855,95.0,3.0,1,identity_onboarding_fraud,fraudulent_merchant_onboarding,2,7,1,1,0,5,5,3,1,0
txn_29b920e654de,56.61,0.5771,12,1,39,39,39,3,9,491.0,0.2803,153.7,779.0,0.2417,0.039,1.3478,0.5855,95.0,3.0,1,identity_onboarding_fraud,fraudulent_merchant_onboarding,2,7,1,1,0,1,4,1,1,0
txn_7eae58bf5c92,3.03,0.6706,13,1,39,39,39,3,10,491.0,0.2803,153.7,779.0,0.2417,0.039,1.3478,0.5855,95.0,3.0,1,identity_onboarding_fraud,fraudulent_merchant_onboarding,3,7,1,1,0,0,2,1,2,0
txn_b075ad32faf0,17.21,0.4489,14,0,39,39,39,3,11,491.0,0.2803,153.7,779.0,0.2417,0.039,1.3478,0.5855,95.0,3.0,1,identity_onboarding_fraud,fraudulent_merchant_onboarding,3,7,1,1,0,1,1,6,1,0
txn_70680c8e9065,18.54,0.7366,15,0,39,39,39,3,11,491.0,0.2803,153.7,779.0,0.2417,0.039,1.3478,0.5855,95.0,3.0,1,identity_onboarding_fraud,fraudulent_merchant_onboarding,3,7,1,1,0,3,3,2,1,0
txn_ff3b692625c3,175.48,0.7861,16,0,39,39,39,3,12,491.0,0.2803,153.7,779.0,0.2417,0.039,1.3478,0.5855,95.0,3.0,1,identity_onboarding_fraud,fraudulent_merchant_onboarding,3,7,1,1,0,4,4,2,1,0
txn_57ceb6b9c1f2,22.39,0.4837,17,0,39,39,39,3,13,491.0,0.2803,153.7,779.0,0.2417,0.039,1.3478,0.5855,95.0,3.0,1,identity_onboarding_fraud,fraudulent_merchant_onboarding,3,7,1,1,0,1,1,5,1,0
txn_d4989f3b192b,31.69,0.5186,19,1,39,39,39,3,14,491.0,0.2803,153.7,779.0,0.2417,0.039,1.3478,0.5855,95.0,3.0,1,identity_onboarding_fraud,fraudulent_merchant_onboarding,2,7,1,1,0,4,5,6,1,0
txn_6abe5992dd65,7.62,0.5852,20,0,39,39,39,3,15,491.0,0.2803,153.7,779.0,0.2417,0.039,1.3478,0.5855,95.0,3.0,1,identity_onboarding_fraud,fraudulent_merchant_onboarding,3,7,1,1,0,4,4,6,2,0
txn_d4ebb4f780d0,20.46,0.6753,21,1,39,39,39,3,16,491.0,0.2803,153.7,779.0,0.2417,0.039,1.3478,0.5855,95.0,3.0,1,identity_onboarding_fraud,fraudulent_merchant_onboarding,3,7,1,1,0,5,3,6,1,0
txn_2512b1b450dd,12.06,0.6673,22,1,39,39,39,3,17,491.0,0.2803,153.7,779.0,0.2417,0.039,1.3478,0.5855,95.0,3.0,1,identity_onboarding_fraud,fraudulent_merchant_onboarding,3,7,1,1,0,0,4,1,1,0
txn_dca6ddf99848,31.52,0.7363,23,0,39,39,39,3,18,491.0,0.2803,153.7,779.0,0.2417,0.039,1.3478,0.5855,95.0,3.0,1,identity_onboarding_fraud,fraudulent_merchant_onboarding,4,7,1,1,0,5,5,4,2,0
txn_bf3f5600845d,20.05,0.4517,0,0,39,39,39,3,19,491.0,0.2803,153.7,779.0,0.2417,0.039,1.3478,0.5855,95.0,3.0,1,identity_onboarding_fraud,fraudulent_merchant_onboarding,0,7,1,1,0,2,2,6,1,0
txn_d14c7990f0f5,91.96,0.7523,1,0,39,39,39,3,18,491.0,0.2803,153.7,779.0,0.2417,0.039,1.3478,0.5855,95.0,3.0,1,identity_onboarding_fraud,fraudulent_merchant_onboarding,4,7,1,1,0,5,5,2,2,0
txn_ddb036ee86ba,22.76,0.6447,3,1,39,39,39,3,19,491.0,0.2803,153.7,779.0,0.2417,0.039,1.3478,0.5855,95.0,3.0,1,identity_onboarding_fraud,fraudulent_merchant_onboarding,4,7,1,1,0,2,4,2,1,0
txn_cbd09125f633,57.45,0.5951,4,0,39,39,39,3,19,491.0,0.2803,153.7,779.0,0.2417,0.039,1.3478,0.5855,95.0,3.0,1,identity_onboarding_fraud,fraudulent_merchant_onboarding,4,7,1,1,0,2,2,2,1,0
txn_7b84a8b00557,30.13,0.5386,5,0,39,39,39,3,20,491.0,0.2803,153.7,779.0,0.2417,0.039,1.3478,0.5855,95.0,3.0,1,identity_onboarding_fraud,fraudulent_merchant_onboarding,4,7,1,1,0,2,2,4,1,0
txn_39655ddd4c04,28.93,0.5014,6,0,39,39,39,3,20,491.0,0.2803,153.7,779.0,0.2417,0.039,1.3478,0.5855,95.0,3.0,1,identity_onboarding_fraud,fraudulent_merchant_onboarding,0,7,1,1,0,2,2,1,2,0
txn_f687356231ff,43.46,0.5569,7,1,39,39,39,3,20,491.0,0.2803,153.7,779.0,0.2417,0.039,1.3478,0.5855,95.0,3.0,1,identity_onboarding_fraud,fraudulent_merchant_onboarding,0,7,1,1,0,4,0,5,2,0
txn_f10727152e54,142.38,0.6513,8,0,39,39,39,3,21,491.0,0.2803,153.7,779.0,0.2417,0.039,1.3478,0.5855,95.0,3.0,1,identity_onboarding_fraud,fraudulent_merchant_onboarding,3,7,1,1,0,3,3,5,1,0
txn_97c87d4c47d4,96.62,0.6992,10,0,39,39,39,3,20,491.0,0.2803,153.7,779.0,0.2417,0.039,1.3478,0.5855,95.0,3.0,1,identity_onboarding_fraud,fraudulent_merchant_onboarding,1,7,1,1,0,0,0,2,2,0
txn_77f6e7493c91,193.6,0.5274,11,0,39,39,39,3,20,491.0,0.2803,153.7,779.0,0.2417,0.039,1.3478,0.5855,95.0,3.0,1,identity_onboarding_fraud,fraudulent_merchant_onboarding,1,7,1,1,0,4,4,4,2,0
txn_1840bb38ad92,78.66,0.5874,12,0,39,39,39,3,21,491.0,0.2803,153.7,779.0,0.2417,0.039,1.3478,0.5855,95.0,3.0,1,identity_onboarding_fraud,fraudulent_merchant_onboarding,3,7,1,1,0,3,3,4,2,0
txn_d09323b6daa9,17.04,0.5977,13,0,39,39,39,3,21,491.0,0.2803,153.7,779.0,0.2417,0.039,1.3478,0.5855,95.0,3.0,1,identity_onboarding_fraud,fraudulent_merchant_onboarding,4,7,1,1,0,1,1,1,1,0
txn_d4d0aef11194,62.32,0.5915,14,1,39,39,39,3,20,491.0,0.2803,153.7,779.0,0.2417,0.039,1.3478,0.5855,95.0,3.0,1,identity_onboarding_fraud,fraudulent_merchant_onboarding,3,7,1,1,0,0,1,1,2,0
txn_d8d768ae53f2,20.28,0.5681,15,0,39,39,39,3,18,491.0,0.2803,153.7,779.0,0.2417,0.039,1.3478,0.5855,95.0,3.0,1,identity_onboarding_fraud,fraudulent_merchant_onboarding,4,7,1,1,0,0,0,6,1,0
txn_f1341c2df655,53.94,0.7107,16,1,39,39,39,3,17,491.0,0.2803,153.7,779.0,0.2417,0.039,1.3478,0.5855,95.0,3.0,1,identity_onboarding_fraud,fraudulent_merchant_onboarding,2,7,1,1,0,1,4,2,1,0
txn_8c8cdec5ff34,45.59,0.5949,18,0,39,39,39,3,16,491.0,0.2803,153.7,779.0,0.2417,0.039,1.3478,0.5855,95.0,3.0,1,identity_onboarding_fraud,fraudulent_merchant_onboarding,2,7,1,1,0,2,2,4,2,0
txn_d2003dd39f7d,59.5,0.5021,19,1,39,39,39,3,16,491.0,0.2803,153.7,779.0,0.2417,0.039,1.3478,0.5855,95.0,3.0,1,identity_onboarding_fraud,fraudulent_merchant_onboarding,4,7,1,1,0,4,0,5,2,0
txn_5201961c7e86,12.32,0.4904,20,0,39,39,39,3,15,491.0,0.2803,153.7,779.0,0.2417,0.039,1.3478,0.5855,95.0,3.0,1,identity_onboarding_fraud,fraudulent_merchant_onboarding,2,7,1,1,0,5,5,0,2,0
txn_a8a9f8da8a48,31.19,0.7315,21,0,39,39,39,3,15,491.0,0.2803,153.7,779.0,0.2417,0.039,1.3478,0.5855,95.0,3.0,1,identity_onboarding_fraud,fraudulent_merchant_onboarding,2,7,1,1,0,4,4,3,1,0
txn_dd3eaa73b871,66.27,0.7315,22,0,39,39,39,3,14,491.0,0.2803,153.7,779.0,0.2417,0.039,1.3478,0.5855,95.0,3.0,1,identity_onboarding_fraud,fraudulent_merchant_onboarding,0,7,1,1,0,1,1,0,1,0
txn_4bf33f780858,41.26,0.6824,23,0,39,39,39,3,14,491.0,0.2803,153.7,779.0,0.2417,0.039,1.3478,0.5855,95.0,3.0,1,identity_onboarding_fraud,fraudulent_merchant_onboarding,0,7,1,1,0,1,1,1,1,0
txn_9964fe3831e7,107.96,0.7607,1,0,39,39,39,3,14,491.0,0.2803,153.7,779.0,0.2417,0.039,1.3478,0.5855,95.0,3.0,1,identity_onboarding_fraud,fraudulent_merchant_onboarding,3,7,1,1,0,4,4,0,2,0
txn_52f411d1495a,24.52,0.7929,2,0,39,39,39,3,13,491.0,0.2803,153.7,779.0,0.2417,0.039,1.3478,0.5855,95.0,3.0,1,identity_onboarding_fraud,fraudulent_merchant_onboarding,3,7,1,1,0,4,4,4,2,0
txn_2c1bb9101df7,36.22,0.4704,3,0,39,39,39,3,13,491.0,0.2803,153.7,779.0,0.2417,0.039,1.3478,0.5855,95.0,3.0,1,identity_onboarding_fraud,fraudulent_merchant_onboarding,2,7,1,1,1,3,3,1,1,1
txn_30e0090bbc9e,55.28,0.5817,4,0,39,39,39,3,12,491.0,0.2803,153.7,779.0,0.2417,0.039,1.3478,0.5855,95.0,3.0,1,identity_onboarding_fraud,fraudulent_merchant_onboarding,2,7,1,1,0,1,1,2,2,0
txn_5bdb0a935cae,17.75,0.7596,5,1,39,39,39,3,12,491.0,0.2803,153.7,779.0,0.2417,0.039,1.3478,0.5855,95.0,3.0,1,identity_onboarding_fraud,fraudulent_merchant_onboarding,1,7,1,1,0,2,0,0,1,0
txn_af774f5189e1,24.83,0.7674,9,0,40,40,40,3,8,690.0,0.307,83.01,141.0,0.1328,0.0682,0.2459,0.7042,224.0,2.0,1,identity_onboarding_fraud,mule_account_creation,4,9,3,1,0,2,2,2,0,0
txn_57ebca8ccb56,19.22,0.4457,11,0,40,40,40,3,9,690.0,0.307,83.01,141.0,0.1328,0.0682,0.2459,0.7042,224.0,2.0,1,identity_onboarding_fraud,mule_account_creation,3,9,3,1,0,1,1,5,0,0
txn_eb7801f72e26,40.26,0.4901,12,0,40,40,40,3,10,690.0,0.307,83.01,141.0,0.1328,0.0682,0.2459,0.7042,224.0,2.0,1,identity_onboarding_fraud,mule_account_creation,4,9,3,1,0,5,5,6,0,0
txn_f84a52abb4ac,62.52,0.5715,13,0,40,40,40,3,11,690.0,0.307,83.01,141.0,0.1328,0.0682,0.2459,0.7042,224.0,2.0,1,identity_onboarding_fraud,mule_account_creation,4,9,3,1,0,2,2,1,0,0
txn_41b15f039e11,57.8,0.5937,14,0,40,40,40,3,11,690.0,0.307,83.01,141.0,0.1328,0.0682,0.2459,0.7042,224.0,2.0,1,identity_onboarding_fraud,mule_account_creation,1,9,3,1,1,4,4,4,0,1
txn_17df180d4fd2,21.84,0.6694,15,0,40,40,40,3,12,690.0,0.307,83.01,141.0,0.1328,0.0682,0.2459,0.7042,224.0,2.0,1,identity_onboarding_fraud,mule_account_creation,2,9,3,1,0,2,2,1,0,0
txn_d1f7498cc897,6.92,0.7063,17,0,40,40,40,3,13,690.0,0.307,83.01,141.0,0.1328,0.0682,0.2459,0.7042,224.0,2.0,1,identity_onboarding_fraud,mule_account_creation,3,9,3,1,0,0,0,1,0,0
txn_f538ffba4021,156.46,0.6312,18,0,40,40,40,3,14,690.0,0.307,83.01,141.0,0.1328,0.0682,0.2459,0.7042,224.0,2.0,1,identity_onboarding_fraud,mule_account_creation,4,9,3,1,0,4,4,4,0,0
txn_0db5cd7ddd60,114.6,0.7669,19,0,40,40,40,3,15,690.0,0.307,83.01,141.0,0.1328,0.0682,0.2459,0.7042,224.0,2.0,1,identity_onboarding_fraud,mule_account_creation,0,9,3,1,1,5,5,5,0,1
txn_24830e235083,44.14,0.7724,20,0,40,40,40,3,16,690.0,0.307,83.01,141.0,0.1328,0.0682,0.2459,0.7042,224.0,2.0,1,identity_onboarding_fraud,mule_account_creation,4,9,3,1,0,1,1,4,0,0
txn_8c3b2a8a39f1,23.39,0.7992,21,0,40,40,40,3,17,690.0,0.307,83.01,141.0,0.1328,0.0682,0.2459,0.7042,224.0,2.0,1,identity_onboarding_fraud,mule_account_creation,4,9,3,1,0,5,5,4,0,0
txn_e49475ad8967,51.91,0.5534,23,1,40,40,40,3,18,690.0,0.307,83.01,141.0,0.1328,0.0682,0.2459,0.7042,224.0,2.0,1,identity_onboarding_fraud,mule_account_creation,2,9,3,1,1,4,1,4,0,1
txn_36b1d66a4e2b,23.78,0.6712,0,0,40,40,40,3,19,690.0,0.307,83.01,141.0,0.1328,0.0682,0.2459,0.7042,224.0,2.0,1,identity_onboarding_fraud,mule_account_creation,2,9,3,1,0,5,5,2,0,0
txn_9e5d5dc40cfd,46.36,0.7073,1,0,40,40,40,3,18,690.0,0.307,83.01,141.0,0.1328,0.0682,0.2459,0.7042,224.0,2.0,1,identity_onboarding_fraud,mule_account_creation,3,9,3,1,0,4,4,0,0,0
txn_8d103baf3171,16.56,0.6477,2,0,40,40,40,3,19,690.0,0.307,83.01,141.0,0.1328,0.0682,0.2459,0.7042,224.0,2.0,1,identity_onboarding_fraud,mule_account_creation,3,9,3,1,0,1,1,4,0,0
txn_63b423cc6ce4,87.19,0.4414,3,0,40,40,40,3,19,690.0,0.307,83.01,141.0,0.1328,0.0682,0.2459,0.7042,224.0,2.0,1,identity_onboarding_fraud,mule_account_creation,2,9,3,1,0,2,2,6,0,0
txn_e2a3b1796370,34.9,0.5683,5,0,40,40,40,3,20,690.0,0.307,83.01,141.0,0.1328,0.0682,0.2459,0.7042,224.0,2.0,1,identity_onboarding_fraud,mule_account_creation,1,9,3,1,0,4,4,0,0,0
txn_67d5677893c2,12.5,0.6297,6,0,40,40,40,3,20,690.0,0.307,83.01,141.0,0.1328,0.0682,0.2459,0.7042,224.0,2.0,1,identity_onboarding_fraud,mule_account_creation,3,9,3,1,0,1,1,6,0,0
txn_121e0a2ef3a0,13.16,0.6204,7,0,40,40,40,3,20,690.0,0.307,83.01,141.0,0.1328,0.0682,0.2459,0.7042,224.0,2.0,1,identity_onboarding_fraud,mule_account_creation,2,9,3,1,0,0,0,2,0,0
txn_1ed4aa67d8f4,65.59,0.6012,8,1,40,40,40,3,21,690.0,0.307,83.01,141.0,0.1328,0.0682,0.2459,0.7042,224.0,2.0,1,identity_onboarding_fraud,mule_account_creation,4,9,3,1,0,5,3,0,0,0
txn_89a4b7627d52,18.57,0.5174,9,0,40,40,40,3,20,690.0,0.307,83.01,141.0,0.1328,0.0682,0.2459,0.7042,224.0,2.0,1,identity_onboarding_fraud,mule_account_creation,3,9,3,1,0,1,1,1,0,0
txn_9d846df83b43,66.65,0.6349,11,0,40,40,40,3,20,690.0,0.307,83.01,141.0,0.1328,0.0682,0.2459,0.7042,224.0,2.0,1,identity_onboarding_fraud,mule_account_creation,3,9,3,1,0,2,2,2,0,0
txn_5102a809c536,16.47,0.5194,12,0,40,40,40,3,21,690.0,0.307,83.01,141.0,0.1328,0.0682,0.2459,0.7042,224.0,2.0,1,identity_onboarding_fraud,mule_account_creation,4,9,3,1,0,2,2,1,0,0
txn_d9c0ab98e11b,88.41,0.7657,13,0,40,40,40,3,21,690.0,0.307,83.01,141.0,0.1328,0.0682,0.2459,0.7042,224.0,2.0,1,identity_onboarding_fraud,mule_account_creation,1,9,3,1,0,1,1,1,0,0
txn_18f1787a076f,102.27,0.7885,14,0,40,40,40,3,20,690.0,0.307,83.01,141.0,0.1328,0.0682,0.2459,0.7042,224.0,2.0,1,identity_onboarding_fraud,mule_account_creation,3,9,3,1,0,3,3,1,0,0
txn_abbda02b8d73,48.65,0.7681,15,1,40,40,40,3,18,690.0,0.307,83.01,141.0,0.1328,0.0682,0.2459,0.7042,224.0,2.0,1,identity_onboarding_fraud,mule_account_creation,1,9,3,1,0,4,0,1,0,0
txn_dbe3a864560e,187.6,0.6374,17,0,40,40,40,3,17,690.0,0.307,83.01,141.0,0.1328,0.0682,0.2459,0.7042,224.0,2.0,1,identity_onboarding_fraud,mule_account_creation,2,9,3,1,0,2,2,1,0,0
txn_5964ca1d1f38,10.65,0.7032,18,0,40,40,40,3,16,690.0,0.307,83.01,141.0,0.1328,0.0682,0.2459,0.7042,224.0,2.0,1,identity_onboarding_fraud,mule_account_creation,4,9,3,1,0,4,4,0,0,0
txn_a86b45db1a9a,23.92,0.5418,19,0,40,40,40,3,16,690.0,0.307,83.01,141.0,0.1328,0.0682,0.2459,0.7042,224.0,2.0,1,identity_onboarding_fraud,mule_account_creation,1,9,3,1,0,2,2,6,0,0
txn_a09e5fff61f3,32.48,0.4394,20,0,40,40,40,3,15,690.0,0.307,83.01,141.0,0.1328,0.0682,0.2459,0.7042,224.0,2.0,1,identity_onboarding_fraud,mule_account_creation,3,9,3,1,0,3,3,3,0,0
txn_5e75329441a5,113.44,0.635,21,0,40,40,40,3,15,690.0,0.307,83.01,141.0,0.1328,0.0682,0.2459,0.7042,224.0,2.0,1,identity_onboarding_fraud,mule_account_creation,0,9,3,1,0,2,2,6,0,0
txn_1284bf5fea30,22.01,0.7813,23,0,40,40,40,3,14,690.0,0.307,83.01,141.0,0.1328,0.0682,0.2459,0.7042,224.0,2.0,1,identity_onboarding_fraud,mule_account_creation,4,9,3,1,0,4,4,4,0,0
txn_c19f05623f9c,24.31,0.7089,0,0,40,40,40,3,14,690.0,0.307,83.01,141.0,0.1328,0.0682,0.2459,0.7042,224.0,2.0,1,identity_onboarding_fraud,mule_account_creation,1,9,3,1,1,2,2,2,0,1
txn_9fcb926a0084,59.82,0.7386,1,0,40,40,40,3,14,690.0,0.307,83.01,141.0,0.1328,0.0682,0.2459,0.7042,224.0,2.0,1,identity_onboarding_fraud,mule_account_creation,3,9,3,1,0,5,5,0,0,0
txn_209213606cbc,39.96,0.7123,2,0,40,40,40,3,13,690.0,0.307,83.01,141.0,0.1328,0.0682,0.2459,0.7042,224.0,2.0,1,identity_onboarding_fraud,mule_account_creation,1,9,3,1,0,5,5,2,0,0
txn_d254307d4f95,29.3,0.4803,3,0,40,40,40,3,13,690.0,0.307,83.01,141.0,0.1328,0.0682,0.2459,0.7042,224.0,2.0,1,identity_onboarding_fraud,mule_account_creation,4,9,3,1,0,2,2,6,0,0
txn_22ad41ee7e58,29.84,0.8032,5,0,40,40,40,3,12,690.0,0.307,83.01,141.0,0.1328,0.0682,0.2459,0.7042,224.0,2.0,1,identity_onboarding_fraud,mule_account_creation,2,9,3,1,0,4,4,2,0,0
txn_26560b7730e0,164.99,0.7606,6,0,40,40,40,3,12,690.0,0.307,83.01,141.0,0.1328,0.0682,0.2459,0.7042,224.0,2.0,1,identity_onboarding_fraud,mule_account_creation,1,9,3,1,0,5,5,0,0,0
txn_cd23e9a0eadc,18.92,0.7954,7,0,40,40,40,3,11,690.0,0.307,83.01,141.0,0.1328,0.0682,0.2459,0.7042,224.0,2.0,1,identity_onboarding_fraud,mule_account_creation,0,9,3,1,0,3,3,6,0,0
txn_a67f359e0f2c,123.05,0.6263,8,1,40,40,40,1,11,690.0,0.307,83.01,141.0,0.1328,0.0682,0.2459,0.7042,224.0,2.0,1,identity_onboarding_fraud,mule_account_creation,1,9,3,1,0,5,3,3,0,0
txn_1d18f6a41dd5,6.99,0.5416,9,0,16,16,16,3,9,803.0,0.1646,272.67,54.0,0.224,0.0236,0.072,0.482,162.0,2.0,1,identity_onboarding_fraud,stolen_identity_signup,4,9,4,1,0,0,0,2,3,0
txn_218cf51add5e,98.61,0.8074,11,0,16,16,16,3,10,803.0,0.1646,272.67,54.0,0.224,0.0236,0.072,0.482,162.0,2.0,1,identity_onboarding_fraud,stolen_identity_signup,3,9,4,1,0,0,0,4,3,0
txn_077ecf2a486f,93.71,0.4498,12,0,16,16,16,3,11,803.0,0.1646,272.67,54.0,0.224,0.0236,0.072,0.482,162.0,2.0,1,identity_onboarding_fraud,stolen_identity_signup,3,9,4,1,0,4,4,6,3,0
txn_ea48db7355cd,30.42,0.6957,13,0,16,16,16,3,11,803.0,0.1646,272.67,54.0,0.224,0.0236,0.072,0.482,162.0,2.0,1,identity_onboarding_fraud,stolen_identity_signup,0,9,4,1,0,5,5,3,3,0
txn_6a47d8add6d0,35.13,0.627,14,0,16,16,16,3,12,803.0,0.1646,272.67,54.0,0.224,0.0236,0.072,0.482,162.0,2.0,1,identity_onboarding_fraud,stolen_identity_signup,0,9,4,1,0,4,4,3,3,0
txn_d1a13e580f68,16.13,0.4796,15,0,16,16,16,3,13,803.0,0.1646,272.67,54.0,0.224,0.0236,0.072,0.482,162.0,2.0,1,identity_onboarding_fraud,stolen_identity_signup,1,9,4,1,0,2,2,3,3,0
txn_9f962caa6abc,21.73,0.7739,16,0,16,16,16,3,14,803.0,0.1646,272.67,54.0,0.224,0.0236,0.072,0.482,162.0,2.0,1,identity_onboarding_fraud,stolen_identity_signup,3,9,4,1,0,1,1,2,3,0
txn_a3b02a07c56d,11.07,0.4761,18,0,16,16,16,3,15,803.0,0.1646,272.67,54.0,0.224,0.0236,0.072,0.482,162.0,2.0,1,identity_onboarding_fraud,stolen_identity_signup,3,9,4,1,0,1,1,4,3,0
txn_80d83b69f16f,37.75,0.7873,19,0,16,16,16,3,16,803.0,0.1646,272.67,54.0,0.224,0.0236,0.072,0.482,162.0,2.0,1,identity_onboarding_fraud,stolen_identity_signup,3,9,4,1,0,2,2,4,3,0
txn_c3709d3d5878,27.74,0.5635,20,1,16,16,16,3,17,803.0,0.1646,272.67,54.0,0.224,0.0236,0.072,0.482,162.0,2.0,1,identity_onboarding_fraud,stolen_identity_signup,3,9,4,1,0,0,4,2,3,0
txn_8ead8af38871,62.27,0.7917,21,0,16,16,16,3,18,803.0,0.1646,272.67,54.0,0.224,0.0236,0.072,0.482,162.0,2.0,1,identity_onboarding_fraud,stolen_identity_signup,3,9,4,1,0,4,4,3,3,0
txn_6826a925e649,39.51,0.8044,22,0,16,16,16,3,19,803.0,0.1646,272.67,54.0,0.224,0.0236,0.072,0.482,162.0,2.0,1,identity_onboarding_fraud,stolen_identity_signup,3,9,4,1,0,5,5,0,3,0
txn_ef552fb5a250,103.71,0.6687,0,0,16,16,16,3,18,803.0,0.1646,272.67,54.0,0.224,0.0236,0.072,0.482,162.0,2.0,1,identity_onboarding_fraud,stolen_identity_signup,4,9,4,1,0,1,1,4,3,0
txn_4b0593b7019f,87.46,0.528,1,0,16,16,16,3,19,803.0,0.1646,272.67,54.0,0.224,0.0236,0.072,0.482,162.0,2.0,1,identity_onboarding_fraud,stolen_identity_signup,2,9,4,1,0,3,3,1,3,0
txn_55309f50e35e,13.61,0.7911,2,0,16,16,16,3,19,803.0,0.1646,272.67,54.0,0.224,0.0236,0.072,0.482,162.0,2.0,1,identity_onboarding_fraud,stolen_identity_signup,4,9,4,1,0,2,2,0,3,0
txn_92a3447d8168,19.0,0.7179,3,0,16,16,16,1,20,803.0,0.1646,272.67,54.0,0.224,0.0236,0.072,0.482,162.0,2.0,1,identity_onboarding_fraud,stolen_identity_signup,0,9,4,1,0,0,0,5,3,0
txn_682218f258c3,14.56,0.527,9,0,11,11,11,3,10,382.0,0.1993,202.32,1301.0,0.0866,0.0159,0.4248,0.6529,85.0,3.0,1,identity_onboarding_fraud,synthetic_identity,1,9,4,1,0,5,5,6,3,0
txn_f6a494dab98b,393.43,0.7883,11,0,11,11,11,3,11,382.0,0.1993,202.32,1301.0,0.0866,0.0159,0.4248,0.6529,85.0,3.0,1,identity_onboarding_fraud,synthetic_identity,4,9,4,1,0,3,3,1,3,0
txn_1520775aab7d,12.21,0.463,12,0,11,11,11,3,11,382.0,0.1993,202.32,1301.0,0.0866,0.0159,0.4248,0.6529,85.0,3.0,1,identity_onboarding_fraud,synthetic_identity,3,9,4,1,0,0,0,5,3,0
txn_59cd9c564325,5.26,0.7844,13,0,11,11,11,3,12,382.0,0.1993,202.32,1301.0,0.0866,0.0159,0.4248,0.6529,85.0,3.0,1,identity_onboarding_fraud,synthetic_identity,1,9,4,1,0,2,2,4,3,0
txn_70e8a9121fed,10.17,0.4788,15,0,11,11,11,3,13,382.0,0.1993,202.32,1301.0,0.0866,0.0159,0.4248,0.6529,85.0,3.0,1,identity_onboarding_fraud,synthetic_identity,4,9,4,1,0,1,1,1,3,0
txn_69fb285e462d,48.97,0.5152,16,0,11,11,11,3,14,382.0,0.1993,202.32,1301.0,0.0866,0.0159,0.4248,0.6529,85.0,3.0,1,identity_onboarding_fraud,synthetic_identity,4,9,4,1,0,4,4,3,3,0
txn_e156044cd8c5,21.62,0.5755,18,0,11,11,11,3,15,382.0,0.1993,202.32,1301.0,0.0866,0.0159,0.4248,0.6529,85.0,3.0,1,identity_onboarding_fraud,synthetic_identity,1,9,4,1,0,2,2,0,3,0
txn_ae3ddb8c66a1,68.84,0.7397,19,1,11,11,11,3,16,382.0,0.1993,202.32,1301.0,0.0866,0.0159,0.4248,0.6529,85.0,3.0,1,identity_onboarding_fraud,synthetic_identity,0,9,4,1,0,2,5,5,3,0
txn_54ca458c2c17,40.27,0.7655,20,0,11,11,11,3,17,382.0,0.1993,202.32,1301.0,0.0866,0.0159,0.4248,0.6529,85.0,3.0,1,identity_onboarding_fraud,synthetic_identity,1,9,4,1,0,0,0,6,3,0
txn_22be6e94c562,84.23,0.4483,22,0,11,11,11,2,18,382.0,0.1993,202.32,1301.0,0.0866,0.0159,0.4248,0.6529,85.0,3.0,1,identity_onboarding_fraud,synthetic_identity,2,9,4,1,1,5,5,2,3,1
txn_df91b6961bb7,39.87,0.5103,23,0,11,11,11,2,19,382.0,0.1993,202.32,1301.0,0.0866,0.0159,0.4248,0.6529,85.0,3.0,1,identity_onboarding_fraud,synthetic_identity,3,9,4,1,0,0,0,6,3,0
txn_511618fef5a5,6.99,0.6183,9,0,12,12,12,3,11,495.0,0.3391,326.43,874.0,0.1507,0.0295,0.651,0.2244,147.0,2.0,1,identity_onboarding_fraud,synthetic_business,1,7,1,1,0,2,2,1,2,0
txn_ac2c09b7f1e5,47.15,0.7912,11,0,12,12,12,3,11,495.0,0.3391,326.43,874.0,0.1507,0.0295,0.651,0.2244,147.0,2.0,1,identity_onboarding_fraud,synthetic_business,1,7,1,1,0,5,5,0,1,0
txn_5e6e3a5aa786,20.03,0.8128,12,0,12,12,12,3,12,495.0,0.3391,326.43,874.0,0.1507,0.0295,0.651,0.2244,147.0,2.0,1,identity_onboarding_fraud,synthetic_business,2,7,1,1,0,3,3,2,1,0
txn_bf64c9d5dc0d,45.29,0.7564,13,1,12,12,12,3,13,495.0,0.3391,326.43,874.0,0.1507,0.0295,0.651,0.2244,147.0,2.0,1,identity_onboarding_fraud,synthetic_business,0,7,1,1,0,4,0,2,1,0
txn_1df8270ac8e7,12.28,0.6618,14,0,12,12,12,3,14,495.0,0.3391,326.43,874.0,0.1507,0.0295,0.651,0.2244,147.0,2.0,1,identity_onboarding_fraud,synthetic_business,0,7,1,1,0,5,5,6,1,0
txn_627596b31710,28.46,0.6487,16,0,12,12,12,3,15,495.0,0.3391,326.43,874.0,0.1507,0.0295,0.651,0.2244,147.0,2.0,1,identity_onboarding_fraud,synthetic_business,3,7,1,1,0,3,3,4,2,0
txn_6f3921895a19,10.54,0.4844,17,0,12,12,12,3,16,495.0,0.3391,326.43,874.0,0.1507,0.0295,0.651,0.2244,147.0,2.0,1,identity_onboarding_fraud,synthetic_business,1,7,1,1,0,1,1,1,2,0
txn_f4a66e1e0cc5,53.27,0.651,18,0,12,12,12,3,17,495.0,0.3391,326.43,874.0,0.1507,0.0295,0.651,0.2244,147.0,2.0,1,identity_onboarding_fraud,synthetic_business,1,7,1,1,0,4,4,3,2,0
txn_c34e2b9ecffa,52.77,0.6212,19,0,12,12,12,3,18,495.0,0.3391,326.43,874.0,0.1507,0.0295,0.651,0.2244,147.0,2.0,1,identity_onboarding_fraud,synthetic_business,1,7,1,1,0,0,0,3,1,0
txn_c27037301d64,8.36,0.5611,21,0,12,12,12,3,19,495.0,0.3391,326.43,874.0,0.1507,0.0295,0.651,0.2244,147.0,2.0,1,identity_onboarding_fraud,synthetic_business,1,7,1,1,0,5,5,4,1,0
txn_08bd59797eeb,71.54,0.6214,22,0,12,12,12,3,18,495.0,0.3391,326.43,874.0,0.1507,0.0295,0.651,0.2244,147.0,2.0,1,identity_onboarding_fraud,synthetic_business,1,7,1,1,0,4,4,2,1,0
txn_487fb91bbd54,23.6,0.6404,23,1,12,12,12,3,19,495.0,0.3391,326.43,874.0,0.1507,0.0295,0.651,0.2244,147.0,2.0,1,identity_onboarding_fraud,synthetic_business,3,7,1,1,0,5,2,5,2,0
txn_aa9fe97c512c,855.46,0.4746,9,0,55,55,55,3,11,807.0,0.3482,324.16,614.0,0.0103,0.044,0.2399,0.4058,211.0,3.0,1,merchant_ecosystem_abuse,bust_out_merchant,0,7,1,1,0,0,0,0,2,0
txn_1f8d2099e15a,464.46,0.7148,11,0,55,55,55,3,12,807.0,0.3482,324.16,614.0,0.0103,0.044,0.2399,0.4058,211.0,3.0,1,merchant_ecosystem_abuse,bust_out_merchant,0,7,1,1,0,0,0,4,1,0
txn_80f317d97afd,361.18,0.5873,12,0,55,55,55,3,13,807.0,0.3482,324.16,614.0,0.0103,0.044,0.2399,0.4058,211.0,3.0,1,merchant_ecosystem_abuse,bust_out_merchant,2,7,1,1,0,1,1,0,1,0
txn_f3a56a6ca3c4,209.61,0.4954,13,0,55,55,55,3,14,807.0,0.3482,324.16,614.0,0.0103,0.044,0.2399,0.4058,211.0,3.0,1,merchant_ecosystem_abuse,bust_out_merchant,3,7,1,1,0,3,3,4,1,0
txn_9e90cd63124f,1078.1,0.7175,14,0,55,55,55,3,15,807.0,0.3482,324.16,614.0,0.0103,0.044,0.2399,0.4058,211.0,3.0,1,merchant_ecosystem_abuse,bust_out_merchant,2,7,1,1,0,0,0,4,2,0
txn_c9f07d21317d,1287.58,0.6133,16,0,55,55,55,3,16,807.0,0.3482,324.16,614.0,0.0103,0.044,0.2399,0.4058,211.0,3.0,1,merchant_ecosystem_abuse,bust_out_merchant,3,7,1,1,0,4,4,0,1,0
txn_d8667b08abd7,1178.31,0.5568,17,0,55,55,55,3,17,807.0,0.3482,324.16,614.0,0.0103,0.044,0.2399,0.4058,211.0,3.0,1,merchant_ecosystem_abuse,bust_out_merchant,4,7,1,1,0,1,1,0,2,0
txn_1717ff47e22a,1314.32,0.6029,18,0,55,55,55,3,18,807.0,0.3482,324.16,614.0,0.0103,0.044,0.2399,0.4058,211.0,3.0,1,merchant_ecosystem_abuse,bust_out_merchant,4,7,1,1,0,5,5,0,1,0
txn_f8bcb9d71122,155.45,0.4789,20,1,55,55,55,3,19,807.0,0.3482,324.16,614.0,0.0103,0.044,0.2399,0.4058,211.0,3.0,1,merchant_ecosystem_abuse,bust_out_merchant,3,7,1,1,0,1,2,4,2,0
txn_49bcb8293c15,950.06,0.7223,21,0,55,55,55,3,18,807.0,0.3482,324.16,614.0,0.0103,0.044,0.2399,0.4058,211.0,3.0,1,merchant_ecosystem_abuse,bust_out_merchant,0,7,1,1,0,1,1,1,2,0
txn_7334e3b8b66e,176.23,0.5056,22,0,55,55,55,3,19,807.0,0.3482,324.16,614.0,0.0103,0.044,0.2399,0.4058,211.0,3.0,1,merchant_ecosystem_abuse,bust_out_merchant,4,7,1,1,0,5,5,0,2,0
txn_32f305bc5560,484.28,0.5163,23,0,55,55,55,3,19,807.0,0.3482,324.16,614.0,0.0103,0.044,0.2399,0.4058,211.0,3.0,1,merchant_ecosystem_abuse,bust_out_merchant,2,7,1,1,0,2,2,0,1,0
txn_8ecfa967d329,526.3,0.5172,1,0,55,55,55,3,20,807.0,0.3482,324.16,614.0,0.0103,0.044,0.2399,0.4058,211.0,3.0,1,merchant_ecosystem_abuse,bust_out_merchant,2,7,1,1,0,4,4,0,1,0
txn_2b978aad2e9d,951.58,0.5197,2,0,55,55,55,3,20,807.0,0.3482,324.16,614.0,0.0103,0.044,0.2399,0.4058,211.0,3.0,1,merchant_ecosystem_abuse,bust_out_merchant,3,7,1,1,0,4,4,0,1,0
txn_2dbfd83b8f2f,1009.06,0.7702,3,0,55,55,55,3,20,807.0,0.3482,324.16,614.0,0.0103,0.044,0.2399,0.4058,211.0,3.0,1,merchant_ecosystem_abuse,bust_out_merchant,1,7,1,1,0,1,1,1,2,0
txn_0a47af99aadf,1317.75,0.7252,4,0,55,55,55,3,21,807.0,0.3482,324.16,614.0,0.0103,0.044,0.2399,0.4058,211.0,3.0,1,merchant_ecosystem_abuse,bust_out_merchant,4,7,1,1,0,5,5,1,1,0
txn_f9df7fc77d75,416.98,0.588,6,0,55,55,55,3,20,807.0,0.3482,324.16,614.0,0.0103,0.044,0.2399,0.4058,211.0,3.0,1,merchant_ecosystem_abuse,bust_out_merchant,4,7,1,1,0,3,3,0,1,0
txn_a2485a279656,167.95,0.5186,7,0,55,55,55,3,20,807.0,0.3482,324.16,614.0,0.0103,0.044,0.2399,0.4058,211.0,3.0,1,merchant_ecosystem_abuse,bust_out_merchant,3,7,1,1,0,3,3,4,2,0
txn_4c287d05d2fa,450.91,0.4685,8,0,55,55,55,3,21,807.0,0.3482,324.16,614.0,0.0103,0.044,0.2399,0.4058,211.0,3.0,1,merchant_ecosystem_abuse,bust_out_merchant,1,7,1,1,0,0,0,4,1,0
txn_43e114112ebe,342.36,0.4285,10,0,55,55,55,3,21,807.0,0.3482,324.16,614.0,0.0103,0.044,0.2399,0.4058,211.0,3.0,1,merchant_ecosystem_abuse,bust_out_merchant,0,7,1,1,0,5,5,4,2,0
txn_02834c984d9d,1027.14,0.5005,11,0,55,55,55,3,20,807.0,0.3482,324.16,614.0,0.0103,0.044,0.2399,0.4058,211.0,3.0,1,merchant_ecosystem_abuse,bust_out_merchant,2,7,1,1,0,5,5,1,1,0
txn_cb4bc538c7f0,675.63,0.7229,12,0,55,55,55,3,18,807.0,0.3482,324.16,614.0,0.0103,0.044,0.2399,0.4058,211.0,3.0,1,merchant_ecosystem_abuse,bust_out_merchant,4,7,1,1,0,4,4,0,1,0
txn_42361dc37b6f,606.08,0.4631,13,0,55,55,55,3,17,807.0,0.3482,324.16,614.0,0.0103,0.044,0.2399,0.4058,211.0,3.0,1,merchant_ecosystem_abuse,bust_out_merchant,2,7,1,1,0,4,4,0,1,0
txn_6d831fbd7391,760.51,0.7539,15,0,55,55,55,3,16,807.0,0.3482,324.16,614.0,0.0103,0.044,0.2399,0.4058,211.0,3.0,1,merchant_ecosystem_abuse,bust_out_merchant,3,7,1,1,0,5,5,4,1,0
txn_56d1cba05e3d,802.45,0.6792,16,0,55,55,55,3,16,807.0,0.3482,324.16,614.0,0.0103,0.044,0.2399,0.4058,211.0,3.0,1,merchant_ecosystem_abuse,bust_out_merchant,0,7,1,1,0,1,1,0,2,0
txn_2b1ab384e3a6,1266.08,0.5623,17,0,55,55,55,3,15,807.0,0.3482,324.16,614.0,0.0103,0.044,0.2399,0.4058,211.0,3.0,1,merchant_ecosystem_abuse,bust_out_merchant,2,7,1,1,0,3,3,1,2,0
txn_1e26d973adc0,797.49,0.7085,18,0,55,55,55,3,15,807.0,0.3482,324.16,614.0,0.0103,0.044,0.2399,0.4058,211.0,3.0,1,merchant_ecosystem_abuse,bust_out_merchant,1,7,1,1,0,1,1,4,2,0
txn_9678c9b74863,402.78,0.4874,20,0,55,55,55,3,14,807.0,0.3482,324.16,614.0,0.0103,0.044,0.2399,0.4058,211.0,3.0,1,merchant_ecosystem_abuse,bust_out_merchant,0,7,1,1,0,2,2,4,1,0
txn_2237ff335d80,1310.1,0.4556,21,0,55,55,55,3,14,807.0,0.3482,324.16,614.0,0.0103,0.044,0.2399,0.4058,211.0,3.0,1,merchant_ecosystem_abuse,bust_out_merchant,1,7,1,1,0,3,3,4,1,0
txn_62376570404f,142.79,0.7325,22,0,55,55,55,3,14,807.0,0.3482,324.16,614.0,0.0103,0.044,0.2399,0.4058,211.0,3.0,1,merchant_ecosystem_abuse,bust_out_merchant,2,7,1,1,0,3,3,0,2,0
txn_545ec4c0fce5,843.97,0.5702,0,0,55,55,55,3,13,807.0,0.3482,324.16,614.0,0.0103,0.044,0.2399,0.4058,211.0,3.0,1,merchant_ecosystem_abuse,bust_out_merchant,4,7,1,1,0,1,1,4,1,0
txn_c32b0a71646a,1350.87,0.4676,1,0,55,55,55,3,13,807.0,0.3482,324.16,614.0,0.0103,0.044,0.2399,0.4058,211.0,3.0,1,merchant_ecosystem_abuse,bust_out_merchant,1,7,1,1,0,0,0,1,1,0
txn_ea13aafcd461,666.1,0.5342,2,0,55,55,55,3,12,807.0,0.3482,324.16,614.0,0.0103,0.044,0.2399,0.4058,211.0,3.0,1,merchant_ecosystem_abuse,bust_out_merchant,4,7,1,1,0,1,1,0,2,0
txn_a886b0ebb7f9,927.95,0.6227,3,0,55,55,55,3,12,807.0,0.3482,324.16,614.0,0.0103,0.044,0.2399,0.4058,211.0,3.0,1,merchant_ecosystem_abuse,bust_out_merchant,4,7,1,1,0,0,0,4,1,0
txn_864c19bda634,612.37,0.623,5,0,55,55,55,3,11,807.0,0.3482,324.16,614.0,0.0103,0.044,0.2399,0.4058,211.0,3.0,1,merchant_ecosystem_abuse,bust_out_merchant,3,7,1,1,0,5,5,1,2,0
txn_1081543f527b,930.56,0.4469,6,0,55,55,55,3,11,807.0,0.3482,324.16,614.0,0.0103,0.044,0.2399,0.4058,211.0,3.0,1,merchant_ecosystem_abuse,bust_out_merchant,0,7,1,1,0,3,3,1,2,0
txn_13e7fb29e09f,609.98,0.4805,7,0,55,55,55,3,10,807.0,0.3482,324.16,614.0,0.0103,0.044,0.2399,0.4058,211.0,3.0,1,merchant_ecosystem_abuse,bust_out_merchant,4,7,1,1,0,5,5,1,2,0
txn_1f3d4429dbe1,1109.33,0.7772,8,0,55,55,55,3,10,807.0,0.3482,324.16,614.0,0.0103,0.044,0.2399,0.4058,211.0,3.0,1,merchant_ecosystem_abuse,bust_out_merchant,2,7,1,1,0,3,3,0,1,0
txn_a87b08b21fb5,705.0,0.7752,10,0,55,55,55,3,10,807.0,0.3482,324.16,614.0,0.0103,0.044,0.2399,0.4058,211.0,3.0,1,merchant_ecosystem_abuse,bust_out_merchant,1,7,1,1,0,2,2,4,1,0
txn_1a1a111d2313,164.13,0.6885,11,0,55,55,55,3,10,807.0,0.3482,324.16,614.0,0.0103,0.044,0.2399,0.4058,211.0,3.0,1,merchant_ecosystem_abuse,bust_out_merchant,4,7,1,1,0,1,1,0,2,0
txn_fcd974722740,1190.43,0.424,12,1,55,55,55,3,10,807.0,0.3482,324.16,614.0,0.0103,0.044,0.2399,0.4058,211.0,3.0,1,merchant_ecosystem_abuse,bust_out_merchant,1,7,1,1,0,2,5,1,2,0
txn_2e1a3af60ade,682.71,0.5736,14,0,55,55,55,3,10,807.0,0.3482,324.16,614.0,0.0103,0.044,0.2399,0.4058,211.0,3.0,1,merchant_ecosystem_abuse,bust_out_merchant,3,7,1,1,0,3,3,0,2,0
txn_554aa671f418,317.5,0.4454,15,0,55,55,55,3,10,807.0,0.3482,324.16,614.0,0.0103,0.044,0.2399,0.4058,211.0,3.0,1,merchant_ecosystem_abuse,bust_out_merchant,3,7,1,1,0,0,0,0,1,0
txn_19f4a99ff3a1,1186.0,0.4968,16,0,55,55,55,3,10,807.0,0.3482,324.16,614.0,0.0103,0.044,0.2399,0.4058,211.0,3.0,1,merchant_ecosystem_abuse,bust_out_merchant,1,7,1,1,0,5,5,1,1,0
txn_2e3ec75e40bc,282.18,0.5915,17,0,55,55,55,3,10,807.0,0.3482,324.16,614.0,0.0103,0.044,0.2399,0.4058,211.0,3.0,1,merchant_ecosystem_abuse,bust_out_merchant,0,7,1,1,0,3,3,4,2,0
txn_2829505cc854,404.91,0.5864,19,0,55,55,55,3,9,807.0,0.3482,324.16,614.0,0.0103,0.044,0.2399,0.4058,211.0,3.0,1,merchant_ecosystem_abuse,bust_out_merchant,4,7,1,1,0,2,2,4,2,0
txn_f3fee2cae528,1047.29,0.6595,20,0,55,55,55,3,8,807.0,0.3482,324.16,614.0,0.0103,0.044,0.2399,0.4058,211.0,3.0,1,merchant_ecosystem_abuse,bust_out_merchant,1,7,1,1,0,4,4,0,2,0
txn_f1194f8d7988,391.82,0.5784,21,0,55,55,55,3,8,807.0,0.3482,324.16,614.0,0.0103,0.044,0.2399,0.4058,211.0,3.0,1,merchant_ecosystem_abuse,bust_out_merchant,3,7,1,1,0,1,1,1,1,0
txn_2209d5150510,735.47,0.5698,22,0,55,55,55,3,8,807.0,0.3482,324.16,614.0,0.0103,0.044,0.2399,0.4058,211.0,3.0,1,merchant_ecosystem_abuse,bust_out_merchant,0,7,1,1,0,4,4,0,1,0
txn_23e2270f719b,721.05,0.5645,0,0,55,55,55,3,8,807.0,0.3482,324.16,614.0,0.0103,0.044,0.2399,0.4058,211.0,3.0,1,merchant_ecosystem_abuse,bust_out_merchant,2,7,1,1,0,4,4,1,2,0
txn_4a28635113a4,201.35,0.4409,1,0,55,55,55,3,8,807.0,0.3482,324.16,614.0,0.0103,0.044,0.2399,0.4058,211.0,3.0,1,merchant_ecosystem_abuse,bust_out_merchant,0,7,1,1,0,4,4,4,1,0
txn_e94dae92e624,837.67,0.4973,2,0,55,55,55,3,8,807.0,0.3482,324.16,614.0,0.0103,0.044,0.2399,0.4058,211.0,3.0,1,merchant_ecosystem_abuse,bust_out_merchant,1,7,1,1,0,3,3,4,2,0
txn_58161f6dae1d,287.68,0.6944,4,0,55,55,55,3,8,807.0,0.3482,324.16,614.0,0.0103,0.044,0.2399,0.4058,211.0,3.0,1,merchant_ecosystem_abuse,bust_out_merchant,0,7,1,1,0,4,4,1,1,0
txn_83027e727a89,1247.61,0.4336,5,0,55,55,55,3,8,807.0,0.3482,324.16,614.0,0.0103,0.044,0.2399,0.4058,211.0,3.0,1,merchant_ecosystem_abuse,bust_out_merchant,4,7,1,1,0,1,1,4,2,0
txn_a4f4974fd832,1337.68,0.632,6,0,55,55,55,1,8,807.0,0.3482,324.16,614.0,0.0103,0.044,0.2399,0.4058,211.0,3.0,1,merchant_ecosystem_abuse,bust_out_merchant,0,7,1,1,0,4,4,0,2,0
txn_9969d59d9071,642.27,0.7365,9,0,86,86,86,3,12,637.0,0.0225,262.97,204.0,0.0726,0.0597,0.783,0.4634,167.0,3.0,1,merchant_ecosystem_abuse,gift_card_abuse,4,4,4,1,0,4,4,3,3,0
txn_f1bd6dc21156,584.99,0.7265,11,0,86,86,86,3,13,637.0,0.0225,262.97,204.0,0.0726,0.0597,0.783,0.4634,167.0,3.0,1,merchant_ecosystem_abuse,gift_card_abuse,2,4,4,1,0,0,0,3,3,0
txn_b6c067fc403a,1806.31,0.8009,12,0,86,86,86,3,14,637.0,0.0225,262.97,204.0,0.0726,0.0597,0.783,0.4634,167.0,3.0,1,merchant_ecosystem_abuse,gift_card_abuse,3,4,4,1,0,4,4,3,3,0
txn_6282be42a548,1513.23,0.7496,13,0,86,86,86,3,15,637.0,0.0225,262.97,204.0,0.0726,0.0597,0.783,0.4634,167.0,3.0,1,merchant_ecosystem_abuse,gift_card_abuse,4,4,4,1,0,3,3,3,3,0
txn_30e8de793fc4,1137.97,0.5303,14,0,86,86,86,3,16,637.0,0.0225,262.97,204.0,0.0726,0.0597,0.783,0.4634,167.0,3.0,1,merchant_ecosystem_abuse,gift_card_abuse,0,4,4,1,0,5,5,3,3,0
txn_bab567ad79ef,472.78,0.5657,15,0,86,86,86,3,17,637.0,0.0225,262.97,204.0,0.0726,0.0597,0.783,0.4634,167.0,3.0,1,merchant_ecosystem_abuse,gift_card_abuse,3,4,4,1,0,4,4,3,3,0
txn_5fa00cc4cf0c,1091.77,0.5074,16,0,86,86,86,3,18,637.0,0.0225,262.97,204.0,0.0726,0.0597,0.783,0.4634,167.0,3.0,1,merchant_ecosystem_abuse,gift_card_abuse,0,4,4,1,0,2,2,3,3,0
txn_22d378449b4b,1329.33,0.5883,17,0,86,86,86,3,19,637.0,0.0225,262.97,204.0,0.0726,0.0597,0.783,0.4634,167.0,3.0,1,merchant_ecosystem_abuse,gift_card_abuse,4,4,4,1,0,3,3,3,3,0
txn_0c7bad365a03,865.34,0.6662,18,0,86,86,86,3,18,637.0,0.0225,262.97,204.0,0.0726,0.0597,0.783,0.4634,167.0,3.0,1,merchant_ecosystem_abuse,gift_card_abuse,1,4,4,1,0,5,5,3,3,0
txn_90d866ea60c4,1720.62,0.6246,19,0,86,86,86,3,19,637.0,0.0225,262.97,204.0,0.0726,0.0597,0.783,0.4634,167.0,3.0,1,merchant_ecosystem_abuse,gift_card_abuse,1,4,4,1,0,2,2,3,3,0
txn_adf32b1a8db8,376.89,0.5472,21,1,86,86,86,3,19,637.0,0.0225,262.97,204.0,0.0726,0.0597,0.783,0.4634,167.0,3.0,1,merchant_ecosystem_abuse,gift_card_abuse,2,4,4,1,0,3,2,3,3,0
txn_7c3d8ca59466,308.06,0.5343,22,0,86,86,86,3,20,637.0,0.0225,262.97,204.0,0.0726,0.0597,0.783,0.4634,167.0,3.0,1,merchant_ecosystem_abuse,gift_card_abuse,4,4,4,1,0,4,4,3,3,0
txn_64cda01e21f4,791.34,0.7021,23,1,86,86,86,3,20,637.0,0.0225,262.97,204.0,0.0726,0.0597,0.783,0.4634,167.0,3.0,1,merchant_ecosystem_abuse,gift_card_abuse,2,4,4,1,0,0,1,3,3,0
txn_54c126ba4051,1623.14,0.6654,0,0,86,86,86,3,20,637.0,0.0225,262.97,204.0,0.0726,0.0597,0.783,0.4634,167.0,3.0,1,merchant_ecosystem_abuse,gift_card_abuse,0,4,4,1,0,2,2,3,3,0
txn_e4ec261f9ba8,767.1,0.683,1,1,86,86,86,3,21,637.0,0.0225,262.97,204.0,0.0726,0.0597,0.783,0.4634,167.0,3.0,1,merchant_ecosystem_abuse,gift_card_abuse,4,4,4,1,0,3,1,3,3,0
txn_4ab5da800c0f,1514.65,0.7984,2,0,86,86,86,3,20,637.0,0.0225,262.97,204.0,0.0726,0.0597,0.783,0.4634,167.0,3.0,1,merchant_ecosystem_abuse,gift_card_abuse,1,4,4,1,0,4,4,3,3,0
txn_aac2a5dfac42,1305.79,0.6683,3,0,86,86,86,3,20,637.0,0.0225,262.97,204.0,0.0726,0.0597,0.783,0.4634,167.0,3.0,1,merchant_ecosystem_abuse,gift_card_abuse,2,4,4,1,0,4,4,3,3,0
txn_a0927a97a34a,1520.56,0.668,4,1,86,86,86,3,21,637.0,0.0225,262.97,204.0,0.0726,0.0597,0.783,0.4634,167.0,3.0,1,merchant_ecosystem_abuse,gift_card_abuse,3,4,4,1,0,2,4,3,3,0
txn_01f957e657ea,828.81,0.6626,5,1,86,86,86,3,21,637.0,0.0225,262.97,204.0,0.0726,0.0597,0.783,0.4634,167.0,3.0,1,merchant_ecosystem_abuse,gift_card_abuse,3,4,4,1,0,2,4,3,3,0
txn_d482fcc5bb76,1088.21,0.7309,7,0,86,86,86,3,20,637.0,0.0225,262.97,204.0,0.0726,0.0597,0.783,0.4634,167.0,3.0,1,merchant_ecosystem_abuse,gift_card_abuse,3,4,4,1,0,1,1,3,3,0
txn_71d6212d3b10,1003.75,0.491,8,0,86,86,86,3,18,637.0,0.0225,262.97,204.0,0.0726,0.0597,0.783,0.4634,167.0,3.0,1,merchant_ecosystem_abuse,gift_card_abuse,3,4,4,1,0,1,1,3,3,0
txn_3fac42fc8f2d,138.74,0.8114,9,1,86,86,86,3,17,637.0,0.0225,262.97,204.0,0.0726,0.0597,0.783,0.4634,167.0,3.0,1,merchant_ecosystem_abuse,gift_card_abuse,3,4,4,1,0,0,4,3,3,0
txn_550a70102440,1058.13,0.7419,10,0,86,86,86,3,16,637.0,0.0225,262.97,204.0,0.0726,0.0597,0.783,0.4634,167.0,3.0,1,merchant_ecosystem_abuse,gift_card_abuse,3,4,4,1,0,4,4,3,3,0
txn_7a67a7ecab35,1518.09,0.5572,11,0,86,86,86,3,16,637.0,0.0225,262.97,204.0,0.0726,0.0597,0.783,0.4634,167.0,3.0,1,merchant_ecosystem_abuse,gift_card_abuse,1,4,4,1,0,4,4,3,3,0
txn_6113deff1b0f,877.87,0.6318,12,1,86,86,86,3,15,637.0,0.0225,262.97,204.0,0.0726,0.0597,0.783,0.4634,167.0,3.0,1,merchant_ecosystem_abuse,gift_card_abuse,4,4,4,1,0,4,0,3,3,0
txn_5165ed2cb463,874.24,0.612,13,0,86,86,86,3,15,637.0,0.0225,262.97,204.0,0.0726,0.0597,0.783,0.4634,167.0,3.0,1,merchant_ecosystem_abuse,gift_card_abuse,0,4,4,1,0,1,1,3,3,0
txn_0cfb99acca88,916.09,0.5332,14,0,86,86,86,3,14,637.0,0.0225,262.97,204.0,0.0726,0.0597,0.783,0.4634,167.0,3.0,1,merchant_ecosystem_abuse,gift_card_abuse,3,4,4,1,0,1,1,3,3,0
txn_5dbdeb41b4ae,812.39,0.5252,16,0,86,86,86,3,14,637.0,0.0225,262.97,204.0,0.0726,0.0597,0.783,0.4634,167.0,3.0,1,merchant_ecosystem_abuse,gift_card_abuse,1,4,4,1,0,1,1,3,3,0
txn_a86cb3202bd7,753.07,0.4741,17,0,86,86,86,3,14,637.0,0.0225,262.97,204.0,0.0726,0.0597,0.783,0.4634,167.0,3.0,1,merchant_ecosystem_abuse,gift_card_abuse,3,4,4,1,0,3,3,3,3,0
txn_ac1295510fed,1304.24,0.4825,18,0,86,86,86,3,13,637.0,0.0225,262.97,204.0,0.0726,0.0597,0.783,0.4634,167.0,3.0,1,merchant_ecosystem_abuse,gift_card_abuse,4,4,4,1,0,2,2,3,3,0
txn_4e5aa9cf41fe,1218.26,0.6882,19,1,86,86,86,3,13,637.0,0.0225,262.97,204.0,0.0726,0.0597,0.783,0.4634,167.0,3.0,1,merchant_ecosystem_abuse,gift_card_abuse,2,4,4,1,0,2,0,3,3,0
txn_d2c3c007e744,1515.32,0.5464,20,0,86,86,86,3,12,637.0,0.0225,262.97,204.0,0.0726,0.0597,0.783,0.4634,167.0,3.0,1,merchant_ecosystem_abuse,gift_card_abuse,3,4,4,1,0,5,5,3,3,0
txn_3cfafa74950f,1594.98,0.7992,21,0,86,86,86,3,12,637.0,0.0225,262.97,204.0,0.0726,0.0597,0.783,0.4634,167.0,3.0,1,merchant_ecosystem_abuse,gift_card_abuse,4,4,4,1,0,2,2,3,3,0
txn_dc4a26958111,735.08,0.634,22,0,86,86,86,3,11,637.0,0.0225,262.97,204.0,0.0726,0.0597,0.783,0.4634,167.0,3.0,1,merchant_ecosystem_abuse,gift_card_abuse,0,4,4,1,0,1,1,3,3,0
txn_c13dcf0fa9ac,384.83,0.6614,23,0,86,86,86,3,11,637.0,0.0225,262.97,204.0,0.0726,0.0597,0.783,0.4634,167.0,3.0,1,merchant_ecosystem_abuse,gift_card_abuse,0,4,4,1,0,1,1,3,3,0
txn_9f5a25fe237d,869.77,0.6921,0,0,86,86,86,3,10,637.0,0.0225,262.97,204.0,0.0726,0.0597,0.783,0.4634,167.0,3.0,1,merchant_ecosystem_abuse,gift_card_abuse,3,4,4,1,0,4,4,3,3,0
txn_ef41fcd2a3de,348.19,0.6676,2,0,86,86,86,3,10,637.0,0.0225,262.97,204.0,0.0726,0.0597,0.783,0.4634,167.0,3.0,1,merchant_ecosystem_abuse,gift_card_abuse,0,4,4,1,0,4,4,3,3,0
txn_d51932b986c5,484.85,0.7068,3,0,86,86,86,3,10,637.0,0.0225,262.97,204.0,0.0726,0.0597,0.783,0.4634,167.0,3.0,1,merchant_ecosystem_abuse,gift_card_abuse,1,4,4,1,0,5,5,3,3,0
txn_443203b8dc29,778.73,0.6277,4,0,86,86,86,3,10,637.0,0.0225,262.97,204.0,0.0726,0.0597,0.783,0.4634,167.0,3.0,1,merchant_ecosystem_abuse,gift_card_abuse,2,4,4,1,0,2,2,3,3,0
txn_ed0bfb8242d4,223.55,0.6046,5,0,86,86,86,3,10,637.0,0.0225,262.97,204.0,0.0726,0.0597,0.783,0.4634,167.0,3.0,1,merchant_ecosystem_abuse,gift_card_abuse,1,4,4,1,0,3,3,3,3,0
txn_740b74b3124b,289.89,0.4808,6,0,86,86,86,3,10,637.0,0.0225,262.97,204.0,0.0726,0.0597,0.783,0.4634,167.0,3.0,1,merchant_ecosystem_abuse,gift_card_abuse,1,4,4,1,0,2,2,3,3,0
txn_aebd67309ae3,1101.81,0.8087,7,0,86,86,86,3,10,637.0,0.0225,262.97,204.0,0.0726,0.0597,0.783,0.4634,167.0,3.0,1,merchant_ecosystem_abuse,gift_card_abuse,2,4,4,1,0,2,2,3,3,0
txn_b05a1c98ae08,1438.49,0.5253,8,1,86,86,86,3,10,637.0,0.0225,262.97,204.0,0.0726,0.0597,0.783,0.4634,167.0,3.0,1,merchant_ecosystem_abuse,gift_card_abuse,4,4,4,1,0,5,3,3,3,0
txn_fee1d9626fdd,675.58,0.4427,9,0,86,86,86,3,10,637.0,0.0225,262.97,204.0,0.0726,0.0597,0.783,0.4634,167.0,3.0,1,merchant_ecosystem_abuse,gift_card_abuse,4,4,4,1,0,2,2,3,3,0
txn_0e19c5b45668,1306.76,0.6563,11,0,86,86,86,3,9,637.0,0.0225,262.97,204.0,0.0726,0.0597,0.783,0.4634,167.0,3.0,1,merchant_ecosystem_abuse,gift_card_abuse,0,4,4,1,0,2,2,3,3,0
txn_79a7b0a831a3,1208.11,0.702,12,0,86,86,86,3,8,637.0,0.0225,262.97,204.0,0.0726,0.0597,0.783,0.4634,167.0,3.0,1,merchant_ecosystem_abuse,gift_card_abuse,4,4,4,1,0,2,2,3,3,0
txn_e04ad0a3ef20,1610.26,0.6762,13,0,86,86,86,3,8,637.0,0.0225,262.97,204.0,0.0726,0.0597,0.783,0.4634,167.0,3.0,1,merchant_ecosystem_abuse,gift_card_abuse,2,4,4,1,1,2,2,3,3,1
txn_0ef4c0b74934,457.02,0.6336,14,1,86,86,86,3,8,637.0,0.0225,262.97,204.0,0.0726,0.0597,0.783,0.4634,167.0,3.0,1,merchant_ecosystem_abuse,gift_card_abuse,3,4,4,1,0,2,5,3,3,0
txn_809edc625c0c,1754.75,0.6779,15,1,86,86,86,3,8,637.0,0.0225,262.97,204.0,0.0726,0.0597,0.783,0.4634,167.0,3.0,1,merchant_ecosystem_abuse,gift_card_abuse,1,4,4,1,0,1,2,3,3,0
txn_de3a37c63eeb,1924.88,0.6474,16,0,86,86,86,3,8,637.0,0.0225,262.97,204.0,0.0726,0.0597,0.783,0.4634,167.0,3.0,1,merchant_ecosystem_abuse,gift_card_abuse,2,4,4,1,0,5,5,3,3,0
txn_af209e3a0b85,1804.49,0.7208,17,0,86,86,86,3,8,637.0,0.0225,262.97,204.0,0.0726,0.0597,0.783,0.4634,167.0,3.0,1,merchant_ecosystem_abuse,gift_card_abuse,2,4,4,1,0,4,4,3,3,0
txn_674142b148ae,1053.74,0.6563,18,0,86,86,86,3,8,637.0,0.0225,262.97,204.0,0.0726,0.0597,0.783,0.4634,167.0,3.0,1,merchant_ecosystem_abuse,gift_card_abuse,2,4,4,1,0,2,2,3,3,0
txn_e54e72ce4823,462.61,0.7918,19,0,86,86,86,3,8,637.0,0.0225,262.97,204.0,0.0726,0.0597,0.783,0.4634,167.0,3.0,1,merchant_ecosystem_abuse,gift_card_abuse,0,4,4,1,0,0,0,3,3,0
txn_ab753d784971,704.18,0.5708,21,0,86,86,86,3,8,637.0,0.0225,262.97,204.0,0.0726,0.0597,0.783,0.4634,167.0,3.0,1,merchant_ecosystem_abuse,gift_card_abuse,1,4,4,1,0,2,2,3,3,0
txn_327ed2b296fe,1897.72,0.7694,22,1,86,86,86,3,7,637.0,0.0225,262.97,204.0,0.0726,0.0597,0.783,0.4634,167.0,3.0,1,merchant_ecosystem_abuse,gift_card_abuse,0,4,4,1,0,0,2,3,3,0
txn_2159fc558030,832.64,0.6838,23,0,86,86,86,3,7,637.0,0.0225,262.97,204.0,0.0726,0.0597,0.783,0.4634,167.0,3.0,1,merchant_ecosystem_abuse,gift_card_abuse,0,4,4,1,0,1,1,3,3,0
txn_9ee46e059cd8,331.16,0.6179,0,0,86,86,86,3,7,637.0,0.0225,262.97,204.0,0.0726,0.0597,0.783,0.4634,167.0,3.0,1,merchant_ecosystem_abuse,gift_card_abuse,2,4,4,1,0,2,2,3,3,0
txn_7e73ef8eed06,989.1,0.6663,1,0,86,86,86,3,7,637.0,0.0225,262.97,204.0,0.0726,0.0597,0.783,0.4634,167.0,3.0,1,merchant_ecosystem_abuse,gift_card_abuse,3,4,4,1,0,2,2,3,3,0
txn_d0b5e3f5a529,1388.24,0.7844,2,1,86,86,86,3,7,637.0,0.0225,262.97,204.0,0.0726,0.0597,0.783,0.4634,167.0,3.0,1,merchant_ecosystem_abuse,gift_card_abuse,2,4,4,1,0,4,3,3,3,0
txn_92e1eaa4d28b,1537.36,0.7018,3,0,86,86,86,3,7,637.0,0.0225,262.97,204.0,0.0726,0.0597,0.783,0.4634,167.0,3.0,1,merchant_ecosystem_abuse,gift_card_abuse,1,4,4,1,0,0,0,3,3,0
txn_5a601db21c3e,606.2,0.692,4,0,86,86,86,3,7,637.0,0.0225,262.97,204.0,0.0726,0.0597,0.783,0.4634,167.0,3.0,1,merchant_ecosystem_abuse,gift_card_abuse,4,4,4,1,0,3,3,3,3,0
txn_4138907e63d8,1284.52,0.4906,5,0,86,86,86,3,7,637.0,0.0225,262.97,204.0,0.0726,0.0597,0.783,0.4634,167.0,3.0,1,merchant_ecosystem_abuse,gift_card_abuse,3,4,4,1,0,5,5,3,3,0
txn_7bfcb837f32a,483.12,0.5036,7,1,86,86,86,3,7,637.0,0.0225,262.97,204.0,0.0726,0.0597,0.783,0.4634,167.0,3.0,1,merchant_ecosystem_abuse,gift_card_abuse,4,4,4,1,0,3,1,3,3,0
txn_a8d7edefb7f9,1136.19,0.513,8,0,86,86,86,3,7,637.0,0.0225,262.97,204.0,0.0726,0.0597,0.783,0.4634,167.0,3.0,1,merchant_ecosystem_abuse,gift_card_abuse,4,4,4,1,0,0,0,3,3,0
txn_ead91cf311be,324.23,0.4473,9,0,86,86,86,3,7,637.0,0.0225,262.97,204.0,0.0726,0.0597,0.783,0.4634,167.0,3.0,1,merchant_ecosystem_abuse,gift_card_abuse,0,4,4,1,0,3,3,3,3,0
txn_57f8e0cd64f6,430.3,0.682,10,0,86,86,86,3,7,637.0,0.0225,262.97,204.0,0.0726,0.0597,0.783,0.4634,167.0,3.0,1,merchant_ecosystem_abuse,gift_card_abuse,0,4,4,1,0,4,4,3,3,0
txn_34f1265e42f5,1553.24,0.7714,11,0,86,86,86,3,7,637.0,0.0225,262.97,204.0,0.0726,0.0597,0.783,0.4634,167.0,3.0,1,merchant_ecosystem_abuse,gift_card_abuse,2,4,4,1,0,0,0,3,3,0
txn_3a5de7ebd3f5,1863.77,0.5624,12,1,86,86,86,3,7,637.0,0.0225,262.97,204.0,0.0726,0.0597,0.783,0.4634,167.0,3.0,1,merchant_ecosystem_abuse,gift_card_abuse,4,4,4,1,0,4,3,3,3,0
txn_10c7c3c4b9ad,724.48,0.6515,13,0,86,86,86,3,6,637.0,0.0225,262.97,204.0,0.0726,0.0597,0.783,0.4634,167.0,3.0,1,merchant_ecosystem_abuse,gift_card_abuse,4,4,4,1,0,5,5,3,3,0
txn_b808e7a3913b,1784.74,0.5753,14,0,86,86,86,3,6,637.0,0.0225,262.97,204.0,0.0726,0.0597,0.783,0.4634,167.0,3.0,1,merchant_ecosystem_abuse,gift_card_abuse,4,4,4,1,0,2,2,3,3,0
txn_a55e23eaf0e0,1542.71,0.4539,16,0,86,86,86,3,6,637.0,0.0225,262.97,204.0,0.0726,0.0597,0.783,0.4634,167.0,3.0,1,merchant_ecosystem_abuse,gift_card_abuse,1,4,4,1,0,0,0,3,3,0
txn_81b41a3a1542,858.15,0.6641,17,0,86,86,86,3,6,637.0,0.0225,262.97,204.0,0.0726,0.0597,0.783,0.4634,167.0,3.0,1,merchant_ecosystem_abuse,gift_card_abuse,1,4,4,1,0,2,2,3,3,0
txn_2ce2741cfcfa,1652.65,0.8146,18,0,86,86,86,3,6,637.0,0.0225,262.97,204.0,0.0726,0.0597,0.783,0.4634,167.0,3.0,1,merchant_ecosystem_abuse,gift_card_abuse,1,4,4,1,1,2,2,3,3,1
txn_350142d9310b,1422.2,0.5295,19,0,86,86,86,3,4,637.0,0.0225,262.97,204.0,0.0726,0.0597,0.783,0.4634,167.0,3.0,1,merchant_ecosystem_abuse,gift_card_abuse,3,4,4,1,0,5,5,3,3,0
txn_3978f83ed669,153.81,0.5685,20,0,86,86,86,3,3,637.0,0.0225,262.97,204.0,0.0726,0.0597,0.783,0.4634,167.0,3.0,1,merchant_ecosystem_abuse,gift_card_abuse,3,4,4,1,0,1,1,3,3,0
txn_4db2f99592b9,1655.03,0.5129,21,0,86,86,86,3,3,637.0,0.0225,262.97,204.0,0.0726,0.0597,0.783,0.4634,167.0,3.0,1,merchant_ecosystem_abuse,gift_card_abuse,1,4,4,1,0,1,1,3,3,0
txn_0e1d0db1fe36,823.76,0.7443,22,0,86,86,86,3,3,637.0,0.0225,262.97,204.0,0.0726,0.0597,0.783,0.4634,167.0,3.0,1,merchant_ecosystem_abuse,gift_card_abuse,4,4,4,1,0,5,5,3,3,0
txn_7cedec0de362,1753.94,0.6418,23,0,86,86,86,3,3,637.0,0.0225,262.97,204.0,0.0726,0.0597,0.783,0.4634,167.0,3.0,1,merchant_ecosystem_abuse,gift_card_abuse,2,4,4,1,0,4,4,3,3,0
txn_2f73a28c1a78,1774.73,0.7046,0,1,86,86,86,3,3,637.0,0.0225,262.97,204.0,0.0726,0.0597,0.783,0.4634,167.0,3.0,1,merchant_ecosystem_abuse,gift_card_abuse,2,4,4,1,0,4,3,3,3,0
txn_7ae14631ebc5,230.61,0.6788,2,0,86,86,86,3,3,637.0,0.0225,262.97,204.0,0.0726,0.0597,0.783,0.4634,167.0,3.0,1,merchant_ecosystem_abuse,gift_card_abuse,3,4,4,1,0,5,5,3,3,0
txn_10b8ce42ddde,1771.11,0.5146,3,1,86,86,86,3,3,637.0,0.0225,262.97,204.0,0.0726,0.0597,0.783,0.4634,167.0,3.0,1,merchant_ecosystem_abuse,gift_card_abuse,0,4,4,1,0,1,5,3,3,0
txn_0b94b1ee896d,132.18,0.797,4,0,86,86,86,3,3,637.0,0.0225,262.97,204.0,0.0726,0.0597,0.783,0.4634,167.0,3.0,1,merchant_ecosystem_abuse,gift_card_abuse,3,4,4,1,0,2,2,3,3,0
txn_576aa68fb955,163.36,0.6563,5,0,86,86,86,3,3,637.0,0.0225,262.97,204.0,0.0726,0.0597,0.783,0.4634,167.0,3.0,1,merchant_ecosystem_abuse,gift_card_abuse,3,4,4,1,0,0,0,3,3,0
txn_ead7619c3d61,194.67,0.8063,6,1,86,86,86,3,3,637.0,0.0225,262.97,204.0,0.0726,0.0597,0.783,0.4634,167.0,3.0,1,merchant_ecosystem_abuse,gift_card_abuse,2,4,4,1,0,2,4,3,3,0
txn_0aeb4fff8591,1934.59,0.7966,7,0,86,86,86,2,3,637.0,0.0225,262.97,204.0,0.0726,0.0597,0.783,0.4634,167.0,3.0,1,merchant_ecosystem_abuse,gift_card_abuse,1,4,4,1,0,4,4,3,3,0
txn_014f0d83ae36,536.44,0.7225,8,0,86,86,86,2,3,637.0,0.0225,262.97,204.0,0.0726,0.0597,0.783,0.4634,167.0,3.0,1,merchant_ecosystem_abuse,gift_card_abuse,4,4,4,1,1,1,1,3,3,1
txn_98587f09c06a,1027.63,0.4147,9,0,72,72,72,3,13,363.0,0.3079,135.62,1587.0,0.129,0.0642,0.1161,0.3068,296.0,1.0,1,merchant_ecosystem_abuse,mule_laundering,0,1,3,3,0,4,4,1,0,0
txn_f560248358e8,1393.14,0.4875,11,1,72,72,72,3,14,363.0,0.3079,135.62,1587.0,0.129,0.0642,0.1161,0.3068,296.0,1.0,1,merchant_ecosystem_abuse,mule_laundering,4,1,3,3,0,1,3,0,0,0
txn_dc678296434b,426.25,0.6415,12,0,72,72,72,3,15,363.0,0.3079,135.62,1587.0,0.129,0.0642,0.1161,0.3068,296.0,1.0,1,merchant_ecosystem_abuse,mule_laundering,3,1,3,3,0,4,4,4,0,0
txn_238c644d5b44,637.94,0.7283,13,0,72,72,72,3,16,363.0,0.3079,135.62,1587.0,0.129,0.0642,0.1161,0.3068,296.0,1.0,1,merchant_ecosystem_abuse,mule_laundering,1,1,3,3,0,0,0,1,0,0
txn_61a25a3f68e0,748.73,0.4903,15,0,72,72,72,3,17,363.0,0.3079,135.62,1587.0,0.129,0.0642,0.1161,0.3068,296.0,1.0,1,merchant_ecosystem_abuse,mule_laundering,1,1,3,3,0,2,2,1,0,0
txn_0774f1ad6c3d,178.4,0.4952,16,0,72,72,72,3,18,363.0,0.3079,135.62,1587.0,0.129,0.0642,0.1161,0.3068,296.0,1.0,1,merchant_ecosystem_abuse,mule_laundering,3,1,3,3,0,4,4,1,0,0
txn_ac173500c8e3,1165.18,0.5907,17,0,72,72,72,3,19,363.0,0.3079,135.62,1587.0,0.129,0.0642,0.1161,0.3068,296.0,1.0,1,merchant_ecosystem_abuse,mule_laundering,3,1,3,3,0,4,4,1,0,0
txn_de694dda4f32,1192.24,0.6266,19,0,72,72,72,3,18,363.0,0.3079,135.62,1587.0,0.129,0.0642,0.1161,0.3068,296.0,1.0,1,merchant_ecosystem_abuse,mule_laundering,4,1,3,3,0,2,2,4,0,0
txn_f524b222777f,688.19,0.5676,20,0,72,72,72,3,19,363.0,0.3079,135.62,1587.0,0.129,0.0642,0.1161,0.3068,296.0,1.0,1,merchant_ecosystem_abuse,mule_laundering,0,1,3,3,0,4,4,1,0,0
txn_f5bc64c00f23,834.45,0.6973,21,0,72,72,72,3,19,363.0,0.3079,135.62,1587.0,0.129,0.0642,0.1161,0.3068,296.0,1.0,1,merchant_ecosystem_abuse,mule_laundering,0,1,3,3,0,1,1,1,0,0
txn_f6aded86a5a0,674.4,0.6959,23,0,72,72,72,3,20,363.0,0.3079,135.62,1587.0,0.129,0.0642,0.1161,0.3068,296.0,1.0,1,merchant_ecosystem_abuse,mule_laundering,0,1,3,3,0,2,2,0,0,0
txn_ee99cd5dcc63,1222.11,0.5781,0,0,72,72,72,3,20,363.0,0.3079,135.62,1587.0,0.129,0.0642,0.1161,0.3068,296.0,1.0,1,merchant_ecosystem_abuse,mule_laundering,0,1,3,3,0,0,0,4,0,0
txn_81c0c5e33f33,307.21,0.5107,1,0,72,72,72,3,20,363.0,0.3079,135.62,1587.0,0.129,0.0642,0.1161,0.3068,296.0,1.0,1,merchant_ecosystem_abuse,mule_laundering,2,1,3,3,0,5,5,0,0,0
txn_a6e5e5494528,533.75,0.6966,3,0,72,72,72,3,21,363.0,0.3079,135.62,1587.0,0.129,0.0642,0.1161,0.3068,296.0,1.0,1,merchant_ecosystem_abuse,mule_laundering,2,1,3,3,0,3,3,4,0,0
txn_e77c263501b1,1234.4,0.4217,4,0,72,72,72,3,20,363.0,0.3079,135.62,1587.0,0.129,0.0642,0.1161,0.3068,296.0,1.0,1,merchant_ecosystem_abuse,mule_laundering,4,1,3,3,0,2,2,4,0,0
txn_09d34b6bfc91,1319.01,0.7026,5,0,72,72,72,3,20,363.0,0.3079,135.62,1587.0,0.129,0.0642,0.1161,0.3068,296.0,1.0,1,merchant_ecosystem_abuse,mule_laundering,1,1,3,3,0,3,3,1,0,0
txn_e451d4fefbdb,1310.35,0.5582,7,1,72,72,72,3,21,363.0,0.3079,135.62,1587.0,0.129,0.0642,0.1161,0.3068,296.0,1.0,1,merchant_ecosystem_abuse,mule_laundering,2,1,3,3,0,3,1,4,0,0
txn_4890e047b3bd,509.69,0.6078,8,1,72,72,72,3,21,363.0,0.3079,135.62,1587.0,0.129,0.0642,0.1161,0.3068,296.0,1.0,1,merchant_ecosystem_abuse,mule_laundering,0,1,3,3,0,0,1,4,0,0
txn_badf9489c840,677.68,0.4206,9,0,72,72,72,3,20,363.0,0.3079,135.62,1587.0,0.129,0.0642,0.1161,0.3068,296.0,1.0,1,merchant_ecosystem_abuse,mule_laundering,3,1,3,3,0,3,3,1,0,0
txn_8f3f124d0c2e,409.42,0.6761,11,0,72,72,72,3,18,363.0,0.3079,135.62,1587.0,0.129,0.0642,0.1161,0.3068,296.0,1.0,1,merchant_ecosystem_abuse,mule_laundering,0,1,3,3,0,5,5,0,0,0
txn_6700f14bdd3c,253.55,0.4275,12,0,72,72,72,3,17,363.0,0.3079,135.62,1587.0,0.129,0.0642,0.1161,0.3068,296.0,1.0,1,merchant_ecosystem_abuse,mule_laundering,0,1,3,3,0,5,5,0,0,0
txn_e50f0b40717f,1038.63,0.4187,13,0,72,72,72,3,16,363.0,0.3079,135.62,1587.0,0.129,0.0642,0.1161,0.3068,296.0,1.0,1,merchant_ecosystem_abuse,mule_laundering,2,1,3,3,0,3,3,1,0,0
txn_870aa9e7d188,972.88,0.6105,15,0,72,72,72,3,16,363.0,0.3079,135.62,1587.0,0.129,0.0642,0.1161,0.3068,296.0,1.0,1,merchant_ecosystem_abuse,mule_laundering,1,1,3,3,0,2,2,0,0,0
txn_0484c5c4144f,607.69,0.6046,16,0,72,72,72,3,15,363.0,0.3079,135.62,1587.0,0.129,0.0642,0.1161,0.3068,296.0,1.0,1,merchant_ecosystem_abuse,mule_laundering,3,1,3,3,0,3,3,0,0,0
txn_1acda7d27eef,242.12,0.5631,17,0,72,72,72,3,15,363.0,0.3079,135.62,1587.0,0.129,0.0642,0.1161,0.3068,296.0,1.0,1,merchant_ecosystem_abuse,mule_laundering,4,1,3,3,0,4,4,1,0,0
txn_223755053ac4,355.57,0.7105,19,0,72,72,72,3,14,363.0,0.3079,135.62,1587.0,0.129,0.0642,0.1161,0.3068,296.0,1.0,1,merchant_ecosystem_abuse,mule_laundering,3,1,3,3,0,2,2,1,0,0
txn_90208d374e41,519.97,0.5085,20,0,72,72,72,3,14,363.0,0.3079,135.62,1587.0,0.129,0.0642,0.1161,0.3068,296.0,1.0,1,merchant_ecosystem_abuse,mule_laundering,0,1,3,3,0,4,4,0,0,0
txn_450dd28751c4,532.58,0.6,21,0,72,72,72,3,14,363.0,0.3079,135.62,1587.0,0.129,0.0642,0.1161,0.3068,296.0,1.0,1,merchant_ecosystem_abuse,mule_laundering,0,1,3,3,0,2,2,1,0,0
txn_36a072ff1747,876.6,0.5556,23,0,72,72,72,3,13,363.0,0.3079,135.62,1587.0,0.129,0.0642,0.1161,0.3068,296.0,1.0,1,merchant_ecosystem_abuse,mule_laundering,2,1,3,3,0,3,3,4,0,0
txn_67579a6b81dd,767.16,0.6133,0,0,72,72,72,3,13,363.0,0.3079,135.62,1587.0,0.129,0.0642,0.1161,0.3068,296.0,1.0,1,merchant_ecosystem_abuse,mule_laundering,4,1,3,3,0,2,2,0,0,0
txn_fd765ce2aaf8,584.79,0.6749,1,0,72,72,72,3,12,363.0,0.3079,135.62,1587.0,0.129,0.0642,0.1161,0.3068,296.0,1.0,1,merchant_ecosystem_abuse,mule_laundering,4,1,3,3,0,5,5,4,0,0
txn_c3ce79254224,864.26,0.6204,3,0,72,72,72,3,12,363.0,0.3079,135.62,1587.0,0.129,0.0642,0.1161,0.3068,296.0,1.0,1,merchant_ecosystem_abuse,mule_laundering,4,1,3,3,0,0,0,1,0,0
txn_648ec716467b,1180.25,0.7537,4,0,72,72,72,3,11,363.0,0.3079,135.62,1587.0,0.129,0.0642,0.1161,0.3068,296.0,1.0,1,merchant_ecosystem_abuse,mule_laundering,4,1,3,3,0,3,3,0,0,0
txn_2baf7998cdb0,975.28,0.6596,5,1,72,72,72,3,11,363.0,0.3079,135.62,1587.0,0.129,0.0642,0.1161,0.3068,296.0,1.0,1,merchant_ecosystem_abuse,mule_laundering,1,1,3,3,0,1,3,1,0,0
txn_1fceb39c0023,493.88,0.6715,7,0,72,72,72,3,10,363.0,0.3079,135.62,1587.0,0.129,0.0642,0.1161,0.3068,296.0,1.0,1,merchant_ecosystem_abuse,mule_laundering,2,1,3,3,0,3,3,1,0,0
txn_c2a1cca3f689,1152.92,0.6618,8,1,72,72,72,3,10,363.0,0.3079,135.62,1587.0,0.129,0.0642,0.1161,0.3068,296.0,1.0,1,merchant_ecosystem_abuse,mule_laundering,0,1,3,3,0,3,2,0,0,0
txn_ab4866108f47,808.7,0.7157,9,0,72,72,72,3,10,363.0,0.3079,135.62,1587.0,0.129,0.0642,0.1161,0.3068,296.0,1.0,1,merchant_ecosystem_abuse,mule_laundering,1,1,3,3,0,2,2,4,0,0
txn_ed2f3c2a0e7e,572.11,0.4736,11,0,72,72,72,3,10,363.0,0.3079,135.62,1587.0,0.129,0.0642,0.1161,0.3068,296.0,1.0,1,merchant_ecosystem_abuse,mule_laundering,2,1,3,3,0,4,4,4,0,0
txn_9fcb4c8a2427,869.62,0.5184,12,0,72,72,72,3,10,363.0,0.3079,135.62,1587.0,0.129,0.0642,0.1161,0.3068,296.0,1.0,1,merchant_ecosystem_abuse,mule_laundering,0,1,3,3,0,4,4,0,0,0
txn_f5404754926f,1342.38,0.6771,13,0,72,72,72,3,10,363.0,0.3079,135.62,1587.0,0.129,0.0642,0.1161,0.3068,296.0,1.0,1,merchant_ecosystem_abuse,mule_laundering,2,1,3,3,0,1,1,0,0,0
txn_9fab1d261468,564.29,0.6722,15,0,72,72,72,3,10,363.0,0.3079,135.62,1587.0,0.129,0.0642,0.1161,0.3068,296.0,1.0,1,merchant_ecosystem_abuse,mule_laundering,0,1,3,3,0,5,5,4,0,0
txn_4545ecdd2746,234.26,0.5692,16,0,72,72,72,3,10,363.0,0.3079,135.62,1587.0,0.129,0.0642,0.1161,0.3068,296.0,1.0,1,merchant_ecosystem_abuse,mule_laundering,4,1,3,3,0,2,2,1,0,0
txn_1a9c64a243d4,754.8,0.5449,17,1,72,72,72,3,10,363.0,0.3079,135.62,1587.0,0.129,0.0642,0.1161,0.3068,296.0,1.0,1,merchant_ecosystem_abuse,mule_laundering,2,1,3,3,0,3,1,4,0,0
txn_3ca5706cc7af,151.5,0.437,19,0,72,72,72,3,9,363.0,0.3079,135.62,1587.0,0.129,0.0642,0.1161,0.3068,296.0,1.0,1,merchant_ecosystem_abuse,mule_laundering,4,1,3,3,0,0,0,1,0,0
txn_e5f01a2348e5,905.98,0.4233,20,0,72,72,72,3,8,363.0,0.3079,135.62,1587.0,0.129,0.0642,0.1161,0.3068,296.0,1.0,1,merchant_ecosystem_abuse,mule_laundering,3,1,3,3,0,5,5,4,0,0
txn_cb9d87bab2ae,883.89,0.7082,21,0,72,72,72,3,8,363.0,0.3079,135.62,1587.0,0.129,0.0642,0.1161,0.3068,296.0,1.0,1,merchant_ecosystem_abuse,mule_laundering,4,1,3,3,0,2,2,0,0,0
txn_05e6f5ac4b0f,99.58,0.5332,23,0,72,72,72,3,8,363.0,0.3079,135.62,1587.0,0.129,0.0642,0.1161,0.3068,296.0,1.0,1,merchant_ecosystem_abuse,mule_laundering,0,1,3,3,0,2,2,4,0,0
txn_50e253a1daf3,858.71,0.7419,0,0,72,72,72,3,8,363.0,0.3079,135.62,1587.0,0.129,0.0642,0.1161,0.3068,296.0,1.0,1,merchant_ecosystem_abuse,mule_laundering,3,1,3,3,0,0,0,4,0,0
txn_6b050a866116,1311.54,0.4629,1,0,72,72,72,3,8,363.0,0.3079,135.62,1587.0,0.129,0.0642,0.1161,0.3068,296.0,1.0,1,merchant_ecosystem_abuse,mule_laundering,3,1,3,3,0,3,3,4,0,0
txn_0667ef42b3ef,1011.15,0.4168,3,0,72,72,72,3,8,363.0,0.3079,135.62,1587.0,0.129,0.0642,0.1161,0.3068,296.0,1.0,1,merchant_ecosystem_abuse,mule_laundering,4,1,3,3,0,4,4,1,0,0
txn_665319c9a4ec,1288.76,0.7272,4,0,72,72,72,3,8,363.0,0.3079,135.62,1587.0,0.129,0.0642,0.1161,0.3068,296.0,1.0,1,merchant_ecosystem_abuse,mule_laundering,0,1,3,3,0,4,4,4,0,0
txn_62d215e05c0e,981.81,0.6352,5,0,72,72,72,3,8,363.0,0.3079,135.62,1587.0,0.129,0.0642,0.1161,0.3068,296.0,1.0,1,merchant_ecosystem_abuse,mule_laundering,4,1,3,3,0,4,4,0,0,0
txn_df8185c528ee,727.76,0.655,7,0,72,72,72,3,8,363.0,0.3079,135.62,1587.0,0.129,0.0642,0.1161,0.3068,296.0,1.0,1,merchant_ecosystem_abuse,mule_laundering,3,1,3,3,0,5,5,0,0,0
txn_939cd38e68e9,580.24,0.7003,8,0,72,72,72,3,7,363.0,0.3079,135.62,1587.0,0.129,0.0642,0.1161,0.3068,296.0,1.0,1,merchant_ecosystem_abuse,mule_laundering,3,1,3,3,0,2,2,4,0,0
txn_9921e2a48d75,1237.88,0.438,9,0,72,72,72,3,7,363.0,0.3079,135.62,1587.0,0.129,0.0642,0.1161,0.3068,296.0,1.0,1,merchant_ecosystem_abuse,mule_laundering,0,1,3,3,0,0,0,1,0,0
txn_8fd41afe41a2,1377.24,0.4479,11,1,72,72,72,3,7,363.0,0.3079,135.62,1587.0,0.129,0.0642,0.1161,0.3068,296.0,1.0,1,merchant_ecosystem_abuse,mule_laundering,0,1,3,3,0,0,3,4,0,0
txn_7b6f413988d2,582.46,0.5188,12,0,72,72,72,3,7,363.0,0.3079,135.62,1587.0,0.129,0.0642,0.1161,0.3068,296.0,1.0,1,merchant_ecosystem_abuse,mule_laundering,2,1,3,3,0,2,2,1,0,0
txn_793247ede0a0,281.02,0.4756,13,0,72,72,72,3,7,363.0,0.3079,135.62,1587.0,0.129,0.0642,0.1161,0.3068,296.0,1.0,1,merchant_ecosystem_abuse,mule_laundering,3,1,3,3,0,0,0,0,0,0
txn_6c87db048145,560.4,0.6121,15,0,72,72,72,3,7,363.0,0.3079,135.62,1587.0,0.129,0.0642,0.1161,0.3068,296.0,1.0,1,merchant_ecosystem_abuse,mule_laundering,2,1,3,3,0,1,1,0,0,0
txn_5f331e6f4e3e,1133.29,0.6642,16,0,72,72,72,3,7,363.0,0.3079,135.62,1587.0,0.129,0.0642,0.1161,0.3068,296.0,1.0,1,merchant_ecosystem_abuse,mule_laundering,0,1,3,3,0,4,4,1,0,0
txn_bd73173c25b9,552.26,0.5909,17,0,72,72,72,3,7,363.0,0.3079,135.62,1587.0,0.129,0.0642,0.1161,0.3068,296.0,1.0,1,merchant_ecosystem_abuse,mule_laundering,0,1,3,3,0,1,1,1,0,0
txn_4ccd55f1ef7e,764.47,0.4398,19,0,72,72,72,3,7,363.0,0.3079,135.62,1587.0,0.129,0.0642,0.1161,0.3068,296.0,1.0,1,merchant_ecosystem_abuse,mule_laundering,4,1,3,3,0,2,2,4,0,0
txn_37d971cc1833,517.93,0.6339,20,0,72,72,72,3,7,363.0,0.3079,135.62,1587.0,0.129,0.0642,0.1161,0.3068,296.0,1.0,1,merchant_ecosystem_abuse,mule_laundering,2,1,3,3,0,0,0,1,0,0
txn_8bc59c932c9e,1243.48,0.6825,21,0,72,72,72,3,7,363.0,0.3079,135.62,1587.0,0.129,0.0642,0.1161,0.3068,296.0,1.0,1,merchant_ecosystem_abuse,mule_laundering,0,1,3,3,0,2,2,0,0,0
txn_e67886382a6a,1419.84,0.4899,23,0,72,72,72,3,7,363.0,0.3079,135.62,1587.0,0.129,0.0642,0.1161,0.3068,296.0,1.0,1,merchant_ecosystem_abuse,mule_laundering,2,1,3,3,0,3,3,1,0,0
txn_90224aecda88,703.37,0.7652,0,0,72,72,72,3,7,363.0,0.3079,135.62,1587.0,0.129,0.0642,0.1161,0.3068,296.0,1.0,1,merchant_ecosystem_abuse,mule_laundering,4,1,3,3,0,2,2,4,0,0
txn_60190d5ccadc,767.83,0.5314,1,0,72,72,72,3,7,363.0,0.3079,135.62,1587.0,0.129,0.0642,0.1161,0.3068,296.0,1.0,1,merchant_ecosystem_abuse,mule_laundering,2,1,3,3,0,0,0,4,0,0
txn_36669615f15d,109.53,0.6896,3,0,72,72,72,3,6,363.0,0.3079,135.62,1587.0,0.129,0.0642,0.1161,0.3068,296.0,1.0,1,merchant_ecosystem_abuse,mule_laundering,0,1,3,3,0,3,3,0,0,0
txn_4149d890bc26,909.61,0.7473,4,0,72,72,72,3,6,363.0,0.3079,135.62,1587.0,0.129,0.0642,0.1161,0.3068,296.0,1.0,1,merchant_ecosystem_abuse,mule_laundering,0,1,3,3,0,3,3,4,0,0
txn_1d389a586955,1286.58,0.5162,5,0,72,72,72,3,6,363.0,0.3079,135.62,1587.0,0.129,0.0642,0.1161,0.3068,296.0,1.0,1,merchant_ecosystem_abuse,mule_laundering,3,1,3,3,0,0,0,1,0,0
txn_f3a36f882fbb,218.28,0.7378,7,0,72,72,72,3,6,363.0,0.3079,135.62,1587.0,0.129,0.0642,0.1161,0.3068,296.0,1.0,1,merchant_ecosystem_abuse,mule_laundering,1,1,3,3,1,2,2,4,0,1
txn_080fd039b316,741.71,0.5095,8,0,72,72,72,3,6,363.0,0.3079,135.62,1587.0,0.129,0.0642,0.1161,0.3068,296.0,1.0,1,merchant_ecosystem_abuse,mule_laundering,4,1,3,3,0,2,2,0,0,0
txn_9722f441e279,936.1,0.5232,9,1,71,71,71,3,14,142.0,0.3214,88.81,889.0,0.1031,0.0331,0.9608,0.5847,3.0,2.0,1,merchant_ecosystem_abuse,marketplace_seller_fraud,2,6,1,1,0,4,1,4,1,0
txn_bde87bbd8282,1883.31,0.697,10,0,71,71,71,3,15,142.0,0.3214,88.81,889.0,0.1031,0.0331,0.9608,0.5847,3.0,2.0,1,merchant_ecosystem_abuse,marketplace_seller_fraud,0,6,1,1,0,2,2,1,1,0
txn_aa05bbcde788,548.0,0.5384,11,0,71,71,71,3,16,142.0,0.3214,88.81,889.0,0.1031,0.0331,0.9608,0.5847,3.0,2.0,1,merchant_ecosystem_abuse,marketplace_seller_fraud,3,6,1,1,0,3,3,4,1,0
txn_cfde536efcc0,1231.45,0.5558,12,1,71,71,71,3,17,142.0,0.3214,88.81,889.0,0.1031,0.0331,0.9608,0.5847,3.0,2.0,1,merchant_ecosystem_abuse,marketplace_seller_fraud,4,6,1,1,0,1,4,1,2,0
txn_2c3028f9fe8b,639.39,0.7633,13,0,71,71,71,3,18,142.0,0.3214,88.81,889.0,0.1031,0.0331,0.9608,0.5847,3.0,2.0,1,merchant_ecosystem_abuse,marketplace_seller_fraud,4,6,1,1,0,1,1,0,1,0
txn_653a1a00f4c6,1161.76,0.6092,14,0,71,71,71,3,19,142.0,0.3214,88.81,889.0,0.1031,0.0331,0.9608,0.5847,3.0,2.0,1,merchant_ecosystem_abuse,marketplace_seller_fraud,4,6,1,1,0,4,4,1,2,0
txn_bce84c95e279,652.4,0.7799,16,0,71,71,71,3,18,142.0,0.3214,88.81,889.0,0.1031,0.0331,0.9608,0.5847,3.0,2.0,1,merchant_ecosystem_abuse,marketplace_seller_fraud,2,6,1,1,0,4,4,0,1,0
txn_7b6ab1081a37,1333.78,0.6466,17,0,71,71,71,3,19,142.0,0.3214,88.81,889.0,0.1031,0.0331,0.9608,0.5847,3.0,2.0,1,merchant_ecosystem_abuse,marketplace_seller_fraud,4,6,1,1,0,2,2,1,2,0
txn_af127d1fd851,893.68,0.5286,18,0,71,71,71,3,19,142.0,0.3214,88.81,889.0,0.1031,0.0331,0.9608,0.5847,3.0,2.0,1,merchant_ecosystem_abuse,marketplace_seller_fraud,1,6,1,1,0,4,4,4,2,0
txn_32703e36a8f4,968.38,0.6735,19,0,71,71,71,3,20,142.0,0.3214,88.81,889.0,0.1031,0.0331,0.9608,0.5847,3.0,2.0,1,merchant_ecosystem_abuse,marketplace_seller_fraud,1,6,1,1,0,3,3,4,2,0
txn_2204c25e906d,529.62,0.5334,20,0,71,71,71,3,20,142.0,0.3214,88.81,889.0,0.1031,0.0331,0.9608,0.5847,3.0,2.0,1,merchant_ecosystem_abuse,marketplace_seller_fraud,1,6,1,1,0,0,0,4,1,0
txn_2a3e679e7042,1305.24,0.6947,21,0,71,71,71,3,20,142.0,0.3214,88.81,889.0,0.1031,0.0331,0.9608,0.5847,3.0,2.0,1,merchant_ecosystem_abuse,marketplace_seller_fraud,1,6,1,1,1,3,3,0,1,1
txn_2f6b24677463,955.32,0.6227,22,0,71,71,71,3,21,142.0,0.3214,88.81,889.0,0.1031,0.0331,0.9608,0.5847,3.0,2.0,1,merchant_ecosystem_abuse,marketplace_seller_fraud,4,6,1,1,1,3,3,1,1,1
txn_9002bf550b90,276.8,0.4671,23,0,71,71,71,3,20,142.0,0.3214,88.81,889.0,0.1031,0.0331,0.9608,0.5847,3.0,2.0,1,merchant_ecosystem_abuse,marketplace_seller_fraud,2,6,1,1,0,4,4,1,2,0
txn_b76fe517b973,1669.64,0.4763,0,0,71,71,71,3,20,142.0,0.3214,88.81,889.0,0.1031,0.0331,0.9608,0.5847,3.0,2.0,1,merchant_ecosystem_abuse,marketplace_seller_fraud,0,6,1,1,0,0,0,0,1,0
txn_1b0c1dc1502b,924.08,0.653,1,0,71,71,71,3,21,142.0,0.3214,88.81,889.0,0.1031,0.0331,0.9608,0.5847,3.0,2.0,1,merchant_ecosystem_abuse,marketplace_seller_fraud,2,6,1,1,0,1,1,0,2,0
txn_a1d2ddc52c55,159.89,0.5582,2,1,71,71,71,3,21,142.0,0.3214,88.81,889.0,0.1031,0.0331,0.9608,0.5847,3.0,2.0,1,merchant_ecosystem_abuse,marketplace_seller_fraud,1,6,1,1,0,5,0,0,2,0
txn_7355b543574a,1445.65,0.6673,3,0,71,71,71,3,20,142.0,0.3214,88.81,889.0,0.1031,0.0331,0.9608,0.5847,3.0,2.0,1,merchant_ecosystem_abuse,marketplace_seller_fraud,3,6,1,1,0,3,3,0,1,0
txn_5b5297fa82b5,730.26,0.7208,4,0,71,71,71,3,18,142.0,0.3214,88.81,889.0,0.1031,0.0331,0.9608,0.5847,3.0,2.0,1,merchant_ecosystem_abuse,marketplace_seller_fraud,4,6,1,1,0,5,5,0,2,0
txn_d49c950306f3,699.41,0.6436,5,0,71,71,71,3,17,142.0,0.3214,88.81,889.0,0.1031,0.0331,0.9608,0.5847,3.0,2.0,1,merchant_ecosystem_abuse,marketplace_seller_fraud,2,6,1,1,0,5,5,4,2,0
txn_b57e45ad1731,282.81,0.7692,6,0,71,71,71,3,16,142.0,0.3214,88.81,889.0,0.1031,0.0331,0.9608,0.5847,3.0,2.0,1,merchant_ecosystem_abuse,marketplace_seller_fraud,1,6,1,1,0,1,1,4,2,0
txn_c97f57cd6359,269.0,0.6403,7,1,71,71,71,3,16,142.0,0.3214,88.81,889.0,0.1031,0.0331,0.9608,0.5847,3.0,2.0,1,merchant_ecosystem_abuse,marketplace_seller_fraud,4,6,1,1,0,4,0,0,2,0
txn_ebe0f5bbc775,1896.55,0.7892,8,0,71,71,71,3,15,142.0,0.3214,88.81,889.0,0.1031,0.0331,0.9608,0.5847,3.0,2.0,1,merchant_ecosystem_abuse,marketplace_seller_fraud,3,6,1,1,0,1,1,1,2,0
txn_04947131e1fb,785.81,0.7377,9,0,71,71,71,3,15,142.0,0.3214,88.81,889.0,0.1031,0.0331,0.9608,0.5847,3.0,2.0,1,merchant_ecosystem_abuse,marketplace_seller_fraud,4,6,1,1,0,3,3,4,1,0
txn_710b6bcf164b,1393.73,0.7122,10,0,71,71,71,3,14,142.0,0.3214,88.81,889.0,0.1031,0.0331,0.9608,0.5847,3.0,2.0,1,merchant_ecosystem_abuse,marketplace_seller_fraud,4,6,1,1,0,0,0,0,1,0
txn_6b5b0459a067,628.62,0.7881,11,0,71,71,71,3,14,142.0,0.3214,88.81,889.0,0.1031,0.0331,0.9608,0.5847,3.0,2.0,1,merchant_ecosystem_abuse,marketplace_seller_fraud,1,6,1,1,0,4,4,4,1,0
txn_5746e3428411,746.49,0.7012,12,1,71,71,71,3,14,142.0,0.3214,88.81,889.0,0.1031,0.0331,0.9608,0.5847,3.0,2.0,1,merchant_ecosystem_abuse,marketplace_seller_fraud,1,6,1,1,0,3,1,1,2,0
txn_b8acf292a5d0,614.08,0.7148,13,0,71,71,71,3,13,142.0,0.3214,88.81,889.0,0.1031,0.0331,0.9608,0.5847,3.0,2.0,1,merchant_ecosystem_abuse,marketplace_seller_fraud,4,6,1,1,0,5,5,0,2,0
txn_a1aa79f752db,1238.48,0.537,14,0,71,71,71,3,13,142.0,0.3214,88.81,889.0,0.1031,0.0331,0.9608,0.5847,3.0,2.0,1,merchant_ecosystem_abuse,marketplace_seller_fraud,1,6,1,1,1,5,5,4,1,1
txn_73378d4f6f39,1161.69,0.6714,15,0,71,71,71,3,12,142.0,0.3214,88.81,889.0,0.1031,0.0331,0.9608,0.5847,3.0,2.0,1,merchant_ecosystem_abuse,marketplace_seller_fraud,3,6,1,1,0,3,3,1,2,0
txn_3af16288a5ca,1983.06,0.5733,16,0,71,71,71,3,12,142.0,0.3214,88.81,889.0,0.1031,0.0331,0.9608,0.5847,3.0,2.0,1,merchant_ecosystem_abuse,marketplace_seller_fraud,2,6,1,1,0,2,2,4,1,0
txn_1c60b5c6a2b4,301.16,0.5684,17,0,71,71,71,3,11,142.0,0.3214,88.81,889.0,0.1031,0.0331,0.9608,0.5847,3.0,2.0,1,merchant_ecosystem_abuse,marketplace_seller_fraud,3,6,1,1,0,2,2,0,2,0
txn_df5af850c8ee,676.41,0.6086,18,0,71,71,71,3,11,142.0,0.3214,88.81,889.0,0.1031,0.0331,0.9608,0.5847,3.0,2.0,1,merchant_ecosystem_abuse,marketplace_seller_fraud,4,6,1,1,0,2,2,1,2,0
txn_5b82e36996b4,554.43,0.5622,19,1,71,71,71,3,10,142.0,0.3214,88.81,889.0,0.1031,0.0331,0.9608,0.5847,3.0,2.0,1,merchant_ecosystem_abuse,marketplace_seller_fraud,1,6,1,1,0,1,2,0,1,0
txn_ec73aefbc2bf,351.85,0.5563,20,0,71,71,71,3,10,142.0,0.3214,88.81,889.0,0.1031,0.0331,0.9608,0.5847,3.0,2.0,1,merchant_ecosystem_abuse,marketplace_seller_fraud,3,6,1,1,0,1,1,0,1,0
txn_0feeec494103,537.58,0.5723,21,0,71,71,71,3,10,142.0,0.3214,88.81,889.0,0.1031,0.0331,0.9608,0.5847,3.0,2.0,1,merchant_ecosystem_abuse,marketplace_seller_fraud,0,6,1,1,0,5,5,4,1,0
txn_0b35ca567027,791.97,0.7513,22,0,71,71,71,3,10,142.0,0.3214,88.81,889.0,0.1031,0.0331,0.9608,0.5847,3.0,2.0,1,merchant_ecosystem_abuse,marketplace_seller_fraud,3,6,1,1,0,2,2,4,2,0
txn_2d8374ba03ba,1685.85,0.5825,23,0,71,71,71,3,10,142.0,0.3214,88.81,889.0,0.1031,0.0331,0.9608,0.5847,3.0,2.0,1,merchant_ecosystem_abuse,marketplace_seller_fraud,3,6,1,1,0,3,3,0,1,0
txn_c0f8aa3c1d37,997.46,0.603,0,0,71,71,71,3,10,142.0,0.3214,88.81,889.0,0.1031,0.0331,0.9608,0.5847,3.0,2.0,1,merchant_ecosystem_abuse,marketplace_seller_fraud,1,6,1,1,0,0,0,1,1,0
txn_7eb4d9b74650,1409.54,0.4731,1,0,71,71,71,3,10,142.0,0.3214,88.81,889.0,0.1031,0.0331,0.9608,0.5847,3.0,2.0,1,merchant_ecosystem_abuse,marketplace_seller_fraud,2,6,1,1,0,0,0,1,1,0
txn_78af45fcd263,1216.59,0.6,2,0,71,71,71,3,10,142.0,0.3214,88.81,889.0,0.1031,0.0331,0.9608,0.5847,3.0,2.0,1,merchant_ecosystem_abuse,marketplace_seller_fraud,3,6,1,1,0,2,2,4,2,0
txn_13e708c1fff7,614.85,0.658,3,0,71,71,71,3,10,142.0,0.3214,88.81,889.0,0.1031,0.0331,0.9608,0.5847,3.0,2.0,1,merchant_ecosystem_abuse,marketplace_seller_fraud,2,6,1,1,0,5,5,0,1,0
txn_dc7525daaa48,1730.56,0.577,4,1,71,71,71,3,9,142.0,0.3214,88.81,889.0,0.1031,0.0331,0.9608,0.5847,3.0,2.0,1,merchant_ecosystem_abuse,marketplace_seller_fraud,2,6,1,1,0,0,1,1,1,0
txn_aa0d79e2bd5a,746.48,0.738,5,0,71,71,71,3,8,142.0,0.3214,88.81,889.0,0.1031,0.0331,0.9608,0.5847,3.0,2.0,1,merchant_ecosystem_abuse,marketplace_seller_fraud,0,6,1,1,0,2,2,4,1,0
txn_b721792bae84,159.01,0.7047,6,0,71,71,71,3,8,142.0,0.3214,88.81,889.0,0.1031,0.0331,0.9608,0.5847,3.0,2.0,1,merchant_ecosystem_abuse,marketplace_seller_fraud,0,6,1,1,0,3,3,0,2,0
txn_0dd3e88ced62,652.61,0.7249,7,0,71,71,71,3,8,142.0,0.3214,88.81,889.0,0.1031,0.0331,0.9608,0.5847,3.0,2.0,1,merchant_ecosystem_abuse,marketplace_seller_fraud,1,6,1,1,0,4,4,1,2,0
txn_0a4eec3b5653,1056.64,0.6303,8,0,71,71,71,3,8,142.0,0.3214,88.81,889.0,0.1031,0.0331,0.9608,0.5847,3.0,2.0,1,merchant_ecosystem_abuse,marketplace_seller_fraud,4,6,1,1,0,5,5,4,1,0
txn_8df359eed710,1161.67,0.7014,9,0,71,71,71,3,8,142.0,0.3214,88.81,889.0,0.1031,0.0331,0.9608,0.5847,3.0,2.0,1,merchant_ecosystem_abuse,marketplace_seller_fraud,2,6,1,1,0,4,4,0,1,0
txn_a97b3256621f,134.91,0.5173,10,0,71,71,71,3,8,142.0,0.3214,88.81,889.0,0.1031,0.0331,0.9608,0.5847,3.0,2.0,1,merchant_ecosystem_abuse,marketplace_seller_fraud,3,6,1,1,0,2,2,0,2,0
txn_15e3472ede30,870.85,0.6301,11,0,71,71,71,3,8,142.0,0.3214,88.81,889.0,0.1031,0.0331,0.9608,0.5847,3.0,2.0,1,merchant_ecosystem_abuse,marketplace_seller_fraud,2,6,1,1,0,2,2,4,2,0
txn_f74ceac34e76,1587.69,0.5416,12,0,71,71,71,3,8,142.0,0.3214,88.81,889.0,0.1031,0.0331,0.9608,0.5847,3.0,2.0,1,merchant_ecosystem_abuse,marketplace_seller_fraud,4,6,1,1,0,3,3,4,1,0
txn_4f49a48a107b,1006.56,0.5253,13,0,71,71,71,3,8,142.0,0.3214,88.81,889.0,0.1031,0.0331,0.9608,0.5847,3.0,2.0,1,merchant_ecosystem_abuse,marketplace_seller_fraud,1,6,1,1,0,0,0,4,2,0
txn_6949f664679d,1686.8,0.8311,14,0,71,71,71,3,7,142.0,0.3214,88.81,889.0,0.1031,0.0331,0.9608,0.5847,3.0,2.0,1,merchant_ecosystem_abuse,marketplace_seller_fraud,2,6,1,1,0,5,5,4,2,0
txn_c052a63c2bd0,1820.17,0.7025,15,0,71,71,71,3,7,142.0,0.3214,88.81,889.0,0.1031,0.0331,0.9608,0.5847,3.0,2.0,1,merchant_ecosystem_abuse,marketplace_seller_fraud,3,6,1,1,0,5,5,4,1,0
txn_b4fedc5de7d0,713.32,0.5788,16,0,71,71,71,3,7,142.0,0.3214,88.81,889.0,0.1031,0.0331,0.9608,0.5847,3.0,2.0,1,merchant_ecosystem_abuse,marketplace_seller_fraud,3,6,1,1,0,1,1,0,2,0
txn_2f9dda612b79,1035.74,0.6411,17,0,71,71,71,3,7,142.0,0.3214,88.81,889.0,0.1031,0.0331,0.9608,0.5847,3.0,2.0,1,merchant_ecosystem_abuse,marketplace_seller_fraud,0,6,1,1,0,4,4,1,2,0
txn_ac8bef947b5d,1575.92,0.6681,18,1,71,71,71,3,7,142.0,0.3214,88.81,889.0,0.1031,0.0331,0.9608,0.5847,3.0,2.0,1,merchant_ecosystem_abuse,marketplace_seller_fraud,3,6,1,1,1,4,5,1,2,1
txn_b16d565ec5ce,1819.15,0.5964,19,0,71,71,71,3,7,142.0,0.3214,88.81,889.0,0.1031,0.0331,0.9608,0.5847,3.0,2.0,1,merchant_ecosystem_abuse,marketplace_seller_fraud,1,6,1,1,0,4,4,4,1,0
txn_b551fecd924d,1021.15,0.7857,20,1,71,71,71,3,7,142.0,0.3214,88.81,889.0,0.1031,0.0331,0.9608,0.5847,3.0,2.0,1,merchant_ecosystem_abuse,marketplace_seller_fraud,0,6,1,1,1,5,0,4,2,1
txn_c3d3f59183dc,843.96,0.73,21,0,71,71,71,3,7,142.0,0.3214,88.81,889.0,0.1031,0.0331,0.9608,0.5847,3.0,2.0,1,merchant_ecosystem_abuse,marketplace_seller_fraud,0,6,1,1,0,5,5,0,2,0
txn_eea8025fb8e6,623.19,0.7034,22,0,71,71,71,3,7,142.0,0.3214,88.81,889.0,0.1031,0.0331,0.9608,0.5847,3.0,2.0,1,merchant_ecosystem_abuse,marketplace_seller_fraud,3,6,1,1,0,3,3,0,2,0
txn_ac5b12ec4034,329.54,0.4807,23,1,71,71,71,3,7,142.0,0.3214,88.81,889.0,0.1031,0.0331,0.9608,0.5847,3.0,2.0,1,merchant_ecosystem_abuse,marketplace_seller_fraud,2,6,1,1,0,3,4,0,2,0
txn_90024b547867,454.85,0.6532,0,0,71,71,71,3,7,142.0,0.3214,88.81,889.0,0.1031,0.0331,0.9608,0.5847,3.0,2.0,1,merchant_ecosystem_abuse,marketplace_seller_fraud,1,6,1,1,0,4,4,4,1,0
txn_4db8e0a639fe,1225.19,0.672,1,1,71,71,71,3,7,142.0,0.3214,88.81,889.0,0.1031,0.0331,0.9608,0.5847,3.0,2.0,1,merchant_ecosystem_abuse,marketplace_seller_fraud,1,6,1,1,1,2,4,4,1,1
txn_7496766ab3d7,517.44,0.7347,2,0,71,71,71,3,7,142.0,0.3214,88.81,889.0,0.1031,0.0331,0.9608,0.5847,3.0,2.0,1,merchant_ecosystem_abuse,marketplace_seller_fraud,2,6,1,1,0,2,2,0,1,0
txn_0b3fd44ead32,249.17,0.6855,3,1,71,71,71,3,7,142.0,0.3214,88.81,889.0,0.1031,0.0331,0.9608,0.5847,3.0,2.0,1,merchant_ecosystem_abuse,marketplace_seller_fraud,1,6,1,1,0,0,3,0,2,0
txn_f8d9c442f6a6,1554.36,0.5828,4,0,71,71,71,3,6,142.0,0.3214,88.81,889.0,0.1031,0.0331,0.9608,0.5847,3.0,2.0,1,merchant_ecosystem_abuse,marketplace_seller_fraud,4,6,1,1,0,0,0,0,1,0
txn_85abd04c0f9b,1149.46,0.517,5,0,71,71,71,3,6,142.0,0.3214,88.81,889.0,0.1031,0.0331,0.9608,0.5847,3.0,2.0,1,merchant_ecosystem_abuse,marketplace_seller_fraud,4,6,1,1,0,5,5,0,2,0
txn_7936530bd93d,1687.29,0.7426,6,0,71,71,71,3,6,142.0,0.3214,88.81,889.0,0.1031,0.0331,0.9608,0.5847,3.0,2.0,1,merchant_ecosystem_abuse,marketplace_seller_fraud,1,6,1,1,0,1,1,1,2,0
txn_350d0fcc5751,1350.52,0.5729,7,0,71,71,71,2,6,142.0,0.3214,88.81,889.0,0.1031,0.0331,0.9608,0.5847,3.0,2.0,1,merchant_ecosystem_abuse,marketplace_seller_fraud,3,6,1,1,0,4,4,4,2,0
txn_9b4339d956d6,1423.81,0.6883,8,0,71,71,71,2,6,142.0,0.3214,88.81,889.0,0.1031,0.0331,0.9608,0.5847,3.0,2.0,1,merchant_ecosystem_abuse,marketplace_seller_fraud,1,6,1,1,0,2,2,4,1,0
txn_b0ece5fa3599,1721.45,0.4774,9,0,41,41,41,3,15,657.0,0.1247,60.24,429.0,0.1475,0.0053,0.2534,0.3399,188.0,2.0,1,merchant_ecosystem_abuse,triangulation_fraud,2,6,1,1,0,1,1,0,2,0
txn_38742312fd3a,706.33,0.4115,11,0,41,41,41,3,16,657.0,0.1247,60.24,429.0,0.1475,0.0053,0.2534,0.3399,188.0,2.0,1,merchant_ecosystem_abuse,triangulation_fraud,4,6,1,1,0,3,3,0,1,0
txn_3a05004d7c0f,277.67,0.577,12,0,41,41,41,3,17,657.0,0.1247,60.24,429.0,0.1475,0.0053,0.2534,0.3399,188.0,2.0,1,merchant_ecosystem_abuse,triangulation_fraud,1,6,1,1,0,0,0,1,1,0
txn_52c5202ae3fe,931.78,0.4741,14,0,41,41,41,3,18,657.0,0.1247,60.24,429.0,0.1475,0.0053,0.2534,0.3399,188.0,2.0,1,merchant_ecosystem_abuse,triangulation_fraud,4,6,1,1,0,2,2,0,2,0
txn_e99153d67de1,610.73,0.4147,15,0,41,41,41,3,19,657.0,0.1247,60.24,429.0,0.1475,0.0053,0.2534,0.3399,188.0,2.0,1,merchant_ecosystem_abuse,triangulation_fraud,3,6,1,1,1,1,1,1,1,1
txn_43ef7e338f1d,382.5,0.7333,16,1,41,41,41,3,18,657.0,0.1247,60.24,429.0,0.1475,0.0053,0.2534,0.3399,188.0,2.0,1,merchant_ecosystem_abuse,triangulation_fraud,3,6,1,1,0,3,4,4,2,0
txn_d9b5ba4970f5,765.45,0.6332,18,0,41,41,41,3,19,657.0,0.1247,60.24,429.0,0.1475,0.0053,0.2534,0.3399,188.0,2.0,1,merchant_ecosystem_abuse,triangulation_fraud,4,6,1,1,0,1,1,0,1,0
txn_f4e3979a1db9,1185.73,0.6428,19,0,41,41,41,3,19,657.0,0.1247,60.24,429.0,0.1475,0.0053,0.2534,0.3399,188.0,2.0,1,merchant_ecosystem_abuse,triangulation_fraud,1,6,1,1,0,0,0,4,2,0
txn_8adc75bba6bd,1160.86,0.6484,21,0,41,41,41,3,20,657.0,0.1247,60.24,429.0,0.1475,0.0053,0.2534,0.3399,188.0,2.0,1,merchant_ecosystem_abuse,triangulation_fraud,4,6,1,1,0,0,0,4,2,0
txn_6ef8150a55ef,190.83,0.7543,22,0,41,41,41,3,20,657.0,0.1247,60.24,429.0,0.1475,0.0053,0.2534,0.3399,188.0,2.0,1,merchant_ecosystem_abuse,triangulation_fraud,2,6,1,1,0,4,4,0,2,0
txn_f64fde23a2c3,496.12,0.4578,23,0,41,41,41,3,20,657.0,0.1247,60.24,429.0,0.1475,0.0053,0.2534,0.3399,188.0,2.0,1,merchant_ecosystem_abuse,triangulation_fraud,3,6,1,1,0,4,4,4,1,0
txn_8a09f80e7cd5,299.26,0.6603,1,0,41,41,41,3,21,657.0,0.1247,60.24,429.0,0.1475,0.0053,0.2534,0.3399,188.0,2.0,1,merchant_ecosystem_abuse,triangulation_fraud,2,6,1,1,0,3,3,1,1,0
txn_d4b294287e00,586.56,0.7382,2,0,41,41,41,3,20,657.0,0.1247,60.24,429.0,0.1475,0.0053,0.2534,0.3399,188.0,2.0,1,merchant_ecosystem_abuse,triangulation_fraud,3,6,1,1,0,3,3,0,2,0
txn_a5f25bb36dc8,580.91,0.7176,4,1,41,41,41,3,20,657.0,0.1247,60.24,429.0,0.1475,0.0053,0.2534,0.3399,188.0,2.0,1,merchant_ecosystem_abuse,triangulation_fraud,3,6,1,1,0,3,0,4,1,0
txn_5183e45c883a,850.22,0.6769,5,0,41,41,41,3,21,657.0,0.1247,60.24,429.0,0.1475,0.0053,0.2534,0.3399,188.0,2.0,1,merchant_ecosystem_abuse,triangulation_fraud,1,6,1,1,0,3,3,4,1,0
txn_7b2a3c9e779a,322.41,0.5184,6,0,41,41,41,3,21,657.0,0.1247,60.24,429.0,0.1475,0.0053,0.2534,0.3399,188.0,2.0,1,merchant_ecosystem_abuse,triangulation_fraud,3,6,1,1,0,0,0,1,1,0
txn_9dc3390bb153,1281.37,0.4212,8,0,41,41,41,3,20,657.0,0.1247,60.24,429.0,0.1475,0.0053,0.2534,0.3399,188.0,2.0,1,merchant_ecosystem_abuse,triangulation_fraud,1,6,1,1,0,0,0,4,1,0
txn_44a14d06c6f7,188.1,0.7226,9,0,41,41,41,3,18,657.0,0.1247,60.24,429.0,0.1475,0.0053,0.2534,0.3399,188.0,2.0,1,merchant_ecosystem_abuse,triangulation_fraud,2,6,1,1,0,2,2,4,1,0
txn_4bb849db517c,1739.64,0.6119,10,0,41,41,41,3,17,657.0,0.1247,60.24,429.0,0.1475,0.0053,0.2534,0.3399,188.0,2.0,1,merchant_ecosystem_abuse,triangulation_fraud,0,6,1,1,0,0,0,4,1,0
txn_7a2686a1313b,159.03,0.7488,12,0,41,41,41,3,16,657.0,0.1247,60.24,429.0,0.1475,0.0053,0.2534,0.3399,188.0,2.0,1,merchant_ecosystem_abuse,triangulation_fraud,2,6,1,1,0,3,3,1,2,0
txn_4da2e4513488,693.56,0.5277,13,0,41,41,41,3,16,657.0,0.1247,60.24,429.0,0.1475,0.0053,0.2534,0.3399,188.0,2.0,1,merchant_ecosystem_abuse,triangulation_fraud,2,6,1,1,0,5,5,0,1,0
txn_422676f51442,1109.58,0.6693,15,0,41,41,41,3,15,657.0,0.1247,60.24,429.0,0.1475,0.0053,0.2534,0.3399,188.0,2.0,1,merchant_ecosystem_abuse,triangulation_fraud,1,6,1,1,0,3,3,4,2,0
txn_f1c8ad73308e,1575.62,0.5417,16,0,41,41,41,3,15,657.0,0.1247,60.24,429.0,0.1475,0.0053,0.2534,0.3399,188.0,2.0,1,merchant_ecosystem_abuse,triangulation_fraud,2,6,1,1,0,1,1,1,2,0
txn_bb516f11dbcf,905.36,0.4892,17,0,41,41,41,3,14,657.0,0.1247,60.24,429.0,0.1475,0.0053,0.2534,0.3399,188.0,2.0,1,merchant_ecosystem_abuse,triangulation_fraud,1,6,1,1,0,3,3,0,1,0
txn_19f2ad5e1778,259.18,0.5986,19,0,41,41,41,3,14,657.0,0.1247,60.24,429.0,0.1475,0.0053,0.2534,0.3399,188.0,2.0,1,merchant_ecosystem_abuse,triangulation_fraud,4,6,1,1,0,2,2,1,2,0
txn_af888ebb312a,635.66,0.5065,20,0,41,41,41,3,14,657.0,0.1247,60.24,429.0,0.1475,0.0053,0.2534,0.3399,188.0,2.0,1,merchant_ecosystem_abuse,triangulation_fraud,0,6,1,1,0,1,1,0,1,0
txn_18e6077781f8,1017.34,0.6293,22,0,41,41,41,3,13,657.0,0.1247,60.24,429.0,0.1475,0.0053,0.2534,0.3399,188.0,2.0,1,merchant_ecosystem_abuse,triangulation_fraud,0,6,1,1,0,3,3,4,1,0
txn_aa95b1e9539b,986.72,0.7067,23,0,41,41,41,3,13,657.0,0.1247,60.24,429.0,0.1475,0.0053,0.2534,0.3399,188.0,2.0,1,merchant_ecosystem_abuse,triangulation_fraud,0,6,1,1,0,4,4,0,2,0
txn_81cd1581f918,322.72,0.509,0,0,41,41,41,3,12,657.0,0.1247,60.24,429.0,0.1475,0.0053,0.2534,0.3399,188.0,2.0,1,merchant_ecosystem_abuse,triangulation_fraud,2,6,1,1,0,3,3,4,2,0
txn_ed7a0bacae48,537.44,0.5368,2,0,41,41,41,3,12,657.0,0.1247,60.24,429.0,0.1475,0.0053,0.2534,0.3399,188.0,2.0,1,merchant_ecosystem_abuse,triangulation_fraud,0,6,1,1,0,4,4,4,2,0
txn_e49c5377346f,1345.48,0.6795,3,0,41,41,41,3,11,657.0,0.1247,60.24,429.0,0.1475,0.0053,0.2534,0.3399,188.0,2.0,1,merchant_ecosystem_abuse,triangulation_fraud,3,6,1,1,0,4,4,4,1,0
txn_302a913a236f,1445.57,0.7472,5,0,41,41,41,3,11,657.0,0.1247,60.24,429.0,0.1475,0.0053,0.2534,0.3399,188.0,2.0,1,merchant_ecosystem_abuse,triangulation_fraud,3,6,1,1,0,1,1,1,2,0
txn_ddeb89350cce,1246.06,0.7042,6,0,41,41,41,3,10,657.0,0.1247,60.24,429.0,0.1475,0.0053,0.2534,0.3399,188.0,2.0,1,merchant_ecosystem_abuse,triangulation_fraud,4,6,1,1,0,3,3,4,2,0
txn_4e2cb117bf6d,602.63,0.6209,7,1,41,41,41,3,10,657.0,0.1247,60.24,429.0,0.1475,0.0053,0.2534,0.3399,188.0,2.0,1,merchant_ecosystem_abuse,triangulation_fraud,2,6,1,1,0,0,5,4,2,0
txn_a6ae6b48ddf1,1694.93,0.4988,9,0,41,41,41,3,10,657.0,0.1247,60.24,429.0,0.1475,0.0053,0.2534,0.3399,188.0,2.0,1,merchant_ecosystem_abuse,triangulation_fraud,3,6,1,1,0,4,4,0,2,0
txn_0c56d2a8b07b,1661.65,0.4733,10,0,41,41,41,3,10,657.0,0.1247,60.24,429.0,0.1475,0.0053,0.2534,0.3399,188.0,2.0,1,merchant_ecosystem_abuse,triangulation_fraud,4,6,1,1,0,1,1,4,2,0
txn_67f89fe818c0,1649.02,0.4765,11,0,41,41,41,3,10,657.0,0.1247,60.24,429.0,0.1475,0.0053,0.2534,0.3399,188.0,2.0,1,merchant_ecosystem_abuse,triangulation_fraud,4,6,1,1,0,1,1,0,2,0
txn_9230548e39d2,415.45,0.7135,13,1,41,41,41,3,10,657.0,0.1247,60.24,429.0,0.1475,0.0053,0.2534,0.3399,188.0,2.0,1,merchant_ecosystem_abuse,triangulation_fraud,3,6,1,1,0,1,0,4,2,0
txn_5e36be3d3738,1589.87,0.5848,14,0,41,41,41,3,10,657.0,0.1247,60.24,429.0,0.1475,0.0053,0.2534,0.3399,188.0,2.0,1,merchant_ecosystem_abuse,triangulation_fraud,0,6,1,1,0,1,1,1,1,0
txn_7d58beb4adbb,190.96,0.7514,16,0,41,41,41,2,10,657.0,0.1247,60.24,429.0,0.1475,0.0053,0.2534,0.3399,188.0,2.0,1,merchant_ecosystem_abuse,triangulation_fraud,2,6,1,1,0,3,3,4,2,0
txn_5f89e9fde754,1093.05,0.4652,17,0,41,41,41,2,10,657.0,0.1247,60.24,429.0,0.1475,0.0053,0.2534,0.3399,188.0,2.0,1,merchant_ecosystem_abuse,triangulation_fraud,4,6,1,1,0,0,0,0,2,0
txn_86c25e37bff1,239.71,0.6178,9,0,9,9,9,3,16,470.0,0.2934,344.92,392.0,0.229,0.0305,0.2135,0.6622,107.0,3.0,1,post_transaction_abuse,alternative_refund_abuse,2,3,4,2,0,3,3,2,3,0
txn_5d9ec2c0ce64,442.1,0.7094,11,0,9,9,9,3,17,470.0,0.2934,344.92,392.0,0.229,0.0305,0.2135,0.6622,107.0,3.0,1,post_transaction_abuse,alternative_refund_abuse,0,3,4,2,0,0,0,4,3,0
txn_7e4d6a1609da,211.66,0.6893,12,0,9,9,9,3,18,470.0,0.2934,344.92,392.0,0.229,0.0305,0.2135,0.6622,107.0,3.0,1,post_transaction_abuse,alternative_refund_abuse,1,3,4,2,0,4,4,0,3,0
txn_2fcaab26803a,220.5,0.5692,13,0,9,9,9,3,19,470.0,0.2934,344.92,392.0,0.229,0.0305,0.2135,0.6622,107.0,3.0,1,post_transaction_abuse,alternative_refund_abuse,3,3,4,2,0,4,4,0,3,0
txn_4d0529347e08,275.77,0.6333,14,0,9,9,9,3,18,470.0,0.2934,344.92,392.0,0.229,0.0305,0.2135,0.6622,107.0,3.0,1,post_transaction_abuse,alternative_refund_abuse,0,3,4,2,0,2,2,0,3,0
txn_5894bd53991c,89.18,0.6123,16,1,9,9,9,3,19,470.0,0.2934,344.92,392.0,0.229,0.0305,0.2135,0.6622,107.0,3.0,1,post_transaction_abuse,alternative_refund_abuse,0,3,4,2,0,3,0,3,3,0
txn_8ab9238cb468,69.43,0.5736,17,0,9,9,9,3,19,470.0,0.2934,344.92,392.0,0.229,0.0305,0.2135,0.6622,107.0,3.0,1,post_transaction_abuse,alternative_refund_abuse,4,3,4,2,1,3,3,5,3,1
txn_324cbeae2da9,392.71,0.6625,18,1,9,9,9,3,20,470.0,0.2934,344.92,392.0,0.229,0.0305,0.2135,0.6622,107.0,3.0,1,post_transaction_abuse,alternative_refund_abuse,4,3,4,2,0,1,0,2,3,0
txn_fd278a75fc60,97.25,0.5183,19,1,9,9,9,3,20,470.0,0.2934,344.92,392.0,0.229,0.0305,0.2135,0.6622,107.0,3.0,1,post_transaction_abuse,alternative_refund_abuse,4,3,4,2,0,5,0,4,3,0
txn_0a5d65e3b956,283.15,0.4861,9,1,10,10,10,3,17,677.0,0.2838,159.73,368.0,0.2192,0.0093,0.5564,0.6949,16.0,3.0,1,post_transaction_abuse,chargeback_fraud,2,4,1,2,0,2,4,1,2,0
txn_6b833a589fac,398.37,0.6724,11,0,10,10,10,3,18,677.0,0.2838,159.73,368.0,0.2192,0.0093,0.5564,0.6949,16.0,3.0,1,post_transaction_abuse,chargeback_fraud,4,4,1,2,0,4,4,5,1,0
txn_f13ee6b76616,273.44,0.6404,12,0,10,10,10,3,19,677.0,0.2838,159.73,368.0,0.2192,0.0093,0.5564,0.6949,16.0,3.0,1,post_transaction_abuse,chargeback_fraud,3,4,1,2,0,5,5,3,1,0
txn_7c92b1d1bbc8,408.67,0.6546,14,0,10,10,10,3,18,677.0,0.2838,159.73,368.0,0.2192,0.0093,0.5564,0.6949,16.0,3.0,1,post_transaction_abuse,chargeback_fraud,3,4,1,2,0,3,3,6,1,0
txn_f02dd578beba,231.8,0.6049,15,0,10,10,10,3,19,677.0,0.2838,159.73,368.0,0.2192,0.0093,0.5564,0.6949,16.0,3.0,1,post_transaction_abuse,chargeback_fraud,0,4,1,2,0,5,5,5,1,0
txn_3c27ce799be7,319.01,0.6164,16,0,10,10,10,3,19,677.0,0.2838,159.73,368.0,0.2192,0.0093,0.5564,0.6949,16.0,3.0,1,post_transaction_abuse,chargeback_fraud,4,4,1,2,0,1,1,6,2,0
txn_0e078a0be3e5,267.41,0.4485,18,0,10,10,10,3,20,677.0,0.2838,159.73,368.0,0.2192,0.0093,0.5564,0.6949,16.0,3.0,1,post_transaction_abuse,chargeback_fraud,4,4,1,2,0,5,5,0,1,0
txn_abe517cc1749,375.83,0.6132,19,0,10,10,10,3,20,677.0,0.2838,159.73,368.0,0.2192,0.0093,0.5564,0.6949,16.0,3.0,1,post_transaction_abuse,chargeback_fraud,3,4,1,2,0,1,1,5,1,0
txn_755ef8305814,75.96,0.6693,21,0,10,10,10,3,20,677.0,0.2838,159.73,368.0,0.2192,0.0093,0.5564,0.6949,16.0,3.0,1,post_transaction_abuse,chargeback_fraud,2,4,1,2,0,2,2,3,2,0
txn_ed239e768aa4,346.88,0.7073,22,0,10,10,10,1,21,677.0,0.2838,159.73,368.0,0.2192,0.0093,0.5564,0.6949,16.0,3.0,1,post_transaction_abuse,chargeback_fraud,1,4,1,2,0,2,2,6,2,0
txn_ed99220c1f3e,435.24,0.7037,9,0,16,16,16,3,18,527.0,0.0136,258.6,894.0,0.1387,0.0611,0.7597,0.4797,8.0,1.0,1,post_transaction_abuse,non_delivery_claim,0,3,1,2,0,3,3,5,2,0
txn_a8286b22b8e9,165.82,0.4548,11,0,16,16,16,3,19,527.0,0.0136,258.6,894.0,0.1387,0.0611,0.7597,0.4797,8.0,1.0,1,post_transaction_abuse,non_delivery_claim,2,3,1,2,0,1,1,3,1,0
txn_9f0479d9296b,117.29,0.7336,12,0,16,16,16,3,18,527.0,0.0136,258.6,894.0,0.1387,0.0611,0.7597,0.4797,8.0,1.0,1,post_transaction_abuse,non_delivery_claim,3,3,1,2,0,5,5,3,1,0
txn_405dada2f35a,44.43,0.6451,13,0,16,16,16,3,19,527.0,0.0136,258.6,894.0,0.1387,0.0611,0.7597,0.4797,8.0,1.0,1,post_transaction_abuse,non_delivery_claim,3,3,1,2,0,0,0,4,1,0
txn_631cd3d52c16,172.61,0.66,14,0,16,16,16,3,19,527.0,0.0136,258.6,894.0,0.1387,0.0611,0.7597,0.4797,8.0,1.0,1,post_transaction_abuse,non_delivery_claim,3,3,1,2,0,1,1,6,1,0
txn_071c733e1406,276.47,0.6517,15,0,16,16,16,3,20,527.0,0.0136,258.6,894.0,0.1387,0.0611,0.7597,0.4797,8.0,1.0,1,post_transaction_abuse,non_delivery_claim,2,3,1,2,0,3,3,3,1,0
txn_c18e3e7fb9a0,410.56,0.7106,17,0,16,16,16,3,20,527.0,0.0136,258.6,894.0,0.1387,0.0611,0.7597,0.4797,8.0,1.0,1,post_transaction_abuse,non_delivery_claim,0,3,1,2,1,5,5,2,1,1
txn_1e4d75e13bcb,52.31,0.758,18,0,16,16,16,3,20,527.0,0.0136,258.6,894.0,0.1387,0.0611,0.7597,0.4797,8.0,1.0,1,post_transaction_abuse,non_delivery_claim,3,3,1,2,0,5,5,4,2,0
txn_2877c56d9f21,248.86,0.7583,19,1,16,16,16,3,21,527.0,0.0136,258.6,894.0,0.1387,0.0611,0.7597,0.4797,8.0,1.0,1,post_transaction_abuse,non_delivery_claim,0,3,1,2,0,4,2,3,2,0
txn_8d6bf71ab411,58.95,0.5379,20,0,16,16,16,3,20,527.0,0.0136,258.6,894.0,0.1387,0.0611,0.7597,0.4797,8.0,1.0,1,post_transaction_abuse,non_delivery_claim,1,3,1,2,0,5,5,6,2,0
txn_00339f8fe4a9,156.84,0.4961,21,1,16,16,16,3,20,527.0,0.0136,258.6,894.0,0.1387,0.0611,0.7597,0.4797,8.0,1.0,1,post_transaction_abuse,non_delivery_claim,0,3,1,2,0,0,5,0,2,0
txn_b06dc1aa9201,378.7,0.6071,23,1,16,16,16,3,21,527.0,0.0136,258.6,894.0,0.1387,0.0611,0.7597,0.4797,8.0,1.0,1,post_transaction_abuse,non_delivery_claim,0,3,1,2,1,2,1,4,1,1
txn_13b55a30596f,375.07,0.4534,0,0,16,16,16,3,21,527.0,0.0136,258.6,894.0,0.1387,0.0611,0.7597,0.4797,8.0,1.0,1,post_transaction_abuse,non_delivery_claim,2,3,1,2,0,1,1,0,2,0
txn_ab4fe8c733c7,118.09,0.6961,1,1,16,16,16,3,20,527.0,0.0136,258.6,894.0,0.1387,0.0611,0.7597,0.4797,8.0,1.0,1,post_transaction_abuse,non_delivery_claim,4,3,1,2,0,2,1,1,2,0
txn_b37e7bb84ad7,258.76,0.5136,2,0,16,16,16,3,18,527.0,0.0136,258.6,894.0,0.1387,0.0611,0.7597,0.4797,8.0,1.0,1,post_transaction_abuse,non_delivery_claim,0,3,1,2,0,0,0,0,2,0
txn_68752d597e1f,269.18,0.7316,3,0,16,16,16,1,17,527.0,0.0136,258.6,894.0,0.1387,0.0611,0.7597,0.4797,8.0,1.0,1,post_transaction_abuse,non_delivery_claim,2,3,1,2,0,4,4,5,1,0
txn_c5f7dcf10bfa,149.8,0.5565,10,1,11,11,11,3,19,133.0,0.3229,342.09,107.0,0.0211,0.0515,0.7083,0.6715,141.0,3.0,1,post_transaction_abuse,refund_fraud,4,3,1,2,0,0,1,2,2,0
txn_eb5b20d63d7d,115.67,0.7213,11,0,11,11,11,3,18,133.0,0.3229,342.09,107.0,0.0211,0.0515,0.7083,0.6715,141.0,3.0,1,post_transaction_abuse,refund_fraud,0,3,1,2,0,3,3,1,2,0
txn_f57076f7b1e9,235.1,0.4785,12,0,11,11,11,3,19,133.0,0.3229,342.09,107.0,0.0211,0.0515,0.7083,0.6715,141.0,3.0,1,post_transaction_abuse,refund_fraud,1,3,1,2,0,3,3,5,1,0
txn_86dab5f454d9,259.99,0.7669,13,0,11,11,11,3,19,133.0,0.3229,342.09,107.0,0.0211,0.0515,0.7083,0.6715,141.0,3.0,1,post_transaction_abuse,refund_fraud,4,3,1,2,1,0,0,0,2,1
txn_8db52f672285,442.75,0.5727,15,0,11,11,11,3,20,133.0,0.3229,342.09,107.0,0.0211,0.0515,0.7083,0.6715,141.0,3.0,1,post_transaction_abuse,refund_fraud,1,3,1,2,0,1,1,2,2,0
txn_51f1c72de09c,239.48,0.6112,16,0,11,11,11,3,20,133.0,0.3229,342.09,107.0,0.0211,0.0515,0.7083,0.6715,141.0,3.0,1,post_transaction_abuse,refund_fraud,3,3,1,2,0,2,2,4,2,0
txn_e4a2956318dc,58.21,0.813,17,1,11,11,11,3,20,133.0,0.3229,342.09,107.0,0.0211,0.0515,0.7083,0.6715,141.0,3.0,1,post_transaction_abuse,refund_fraud,1,3,1,2,0,0,3,0,1,0
txn_73e0893bd7c1,269.08,0.5868,18,0,11,11,11,3,21,133.0,0.3229,342.09,107.0,0.0211,0.0515,0.7083,0.6715,141.0,3.0,1,post_transaction_abuse,refund_fraud,2,3,1,2,0,4,4,0,2,0
txn_65b28c00a8f9,324.42,0.6309,20,0,11,11,11,3,20,133.0,0.3229,342.09,107.0,0.0211,0.0515,0.7083,0.6715,141.0,3.0,1,post_transaction_abuse,refund_fraud,2,3,1,2,0,4,4,2,2,0
txn_69daa5f2d016,161.91,0.4776,21,0,11,11,11,2,20,133.0,0.3229,342.09,107.0,0.0211,0.0515,0.7083,0.6715,141.0,3.0,1,post_transaction_abuse,refund_fraud,0,3,1,2,0,1,1,4,1,0
txn_398a02833240,257.28,0.5466,22,0,11,11,11,2,21,133.0,0.3229,342.09,107.0,0.0211,0.0515,0.7083,0.6715,141.0,3.0,1,post_transaction_abuse,refund_fraud,2,3,1,2,0,3,3,2,1,0
txn_8e53d9278817,290.03,0.5772,10,0,21,21,21,3,18,236.0,0.0321,38.87,668.0,0.2245,0.0554,0.5755,0.4224,77.0,2.0,1,post_transaction_abuse,return_policy_abuse,2,4,1,2,0,2,2,1,1,0
txn_942d00f1156e,227.96,0.7324,11,1,21,21,21,3,19,236.0,0.0321,38.87,668.0,0.2245,0.0554,0.5755,0.4224,77.0,2.0,1,post_transaction_abuse,return_policy_abuse,3,4,1,2,0,3,5,4,2,0
txn_07b88c42995b,168.85,0.4674,12,0,21,21,21,3,19,236.0,0.0321,38.87,668.0,0.2245,0.0554,0.5755,0.4224,77.0,2.0,1,post_transaction_abuse,return_policy_abuse,4,4,1,2,0,5,5,4,2,0
txn_6f58ebeae2a1,229.66,0.4747,14,0,21,21,21,3,20,236.0,0.0321,38.87,668.0,0.2245,0.0554,0.5755,0.4224,77.0,2.0,1,post_transaction_abuse,return_policy_abuse,1,4,1,2,0,2,2,4,2,0
txn_7a9294fd7b05,152.0,0.4367,15,0,21,21,21,3,20,236.0,0.0321,38.87,668.0,0.2245,0.0554,0.5755,0.4224,77.0,2.0,1,post_transaction_abuse,return_policy_abuse,1,4,1,2,0,4,4,3,1,0
txn_4cbf5649ca34,374.82,0.7664,16,0,21,21,21,3,20,236.0,0.0321,38.87,668.0,0.2245,0.0554,0.5755,0.4224,77.0,2.0,1,post_transaction_abuse,return_policy_abuse,2,4,1,2,0,2,2,1,1,0
txn_88770af98e0c,366.93,0.6921,18,0,21,21,21,3,21,236.0,0.0321,38.87,668.0,0.2245,0.0554,0.5755,0.4224,77.0,2.0,1,post_transaction_abuse,return_policy_abuse,2,4,1,2,0,5,5,0,2,0
txn_c477b9d65e63,349.82,0.6011,19,0,21,21,21,3,20,236.0,0.0321,38.87,668.0,0.2245,0.0554,0.5755,0.4224,77.0,2.0,1,post_transaction_abuse,return_policy_abuse,1,4,1,2,0,3,3,4,1,0
txn_de1dbeded6bd,92.26,0.7493,20,0,21,21,21,3,20,236.0,0.0321,38.87,668.0,0.2245,0.0554,0.5755,0.4224,77.0,2.0,1,post_transaction_abuse,return_policy_abuse,1,4,1,2,0,2,2,6,1,0
txn_985ce798d10c,277.38,0.4648,22,0,21,21,21,3,21,236.0,0.0321,38.87,668.0,0.2245,0.0554,0.5755,0.4224,77.0,2.0,1,post_transaction_abuse,return_policy_abuse,2,4,1,2,0,3,3,6,1,0
txn_fc230ec45fad,140.3,0.6579,23,0,21,21,21,3,21,236.0,0.0321,38.87,668.0,0.2245,0.0554,0.5755,0.4224,77.0,2.0,1,post_transaction_abuse,return_policy_abuse,2,4,1,2,0,3,3,4,1,0
txn_71da449119ca,331.89,0.6978,0,0,21,21,21,3,20,236.0,0.0321,38.87,668.0,0.2245,0.0554,0.5755,0.4224,77.0,2.0,1,post_transaction_abuse,return_policy_abuse,3,4,1,2,0,1,1,1,2,0
txn_3ed048f3b7ae,346.53,0.6715,2,0,21,21,21,3,18,236.0,0.0321,38.87,668.0,0.2245,0.0554,0.5755,0.4224,77.0,2.0,1,post_transaction_abuse,return_policy_abuse,1,4,1,2,0,3,3,6,2,0
txn_e8e15014ff39,167.99,0.7068,3,0,21,21,21,3,17,236.0,0.0321,38.87,668.0,0.2245,0.0554,0.5755,0.4224,77.0,2.0,1,post_transaction_abuse,return_policy_abuse,1,4,1,2,0,0,0,1,1,0
txn_bb6474931f34,222.24,0.6604,4,0,21,21,21,3,16,236.0,0.0321,38.87,668.0,0.2245,0.0554,0.5755,0.4224,77.0,2.0,1,post_transaction_abuse,return_policy_abuse,0,4,1,2,0,1,1,6,1,0
txn_788bc774e926,168.87,0.517,6,0,21,21,21,3,16,236.0,0.0321,38.87,668.0,0.2245,0.0554,0.5755,0.4224,77.0,2.0,1,post_transaction_abuse,return_policy_abuse,2,4,1,2,0,0,0,3,2,0
txn_33ec359a3f82,238.48,0.6929,7,0,21,21,21,3,15,236.0,0.0321,38.87,668.0,0.2245,0.0554,0.5755,0.4224,77.0,2.0,1,post_transaction_abuse,return_policy_abuse,2,4,1,2,0,0,0,4,1,0
txn_d1eb5d8e7d34,283.48,0.5024,8,1,21,21,21,3,15,236.0,0.0321,38.87,668.0,0.2245,0.0554,0.5755,0.4224,77.0,2.0,1,post_transaction_abuse,return_policy_abuse,3,4,1,2,0,4,1,4,1,0
txn_d5924f6ce235,142.03,0.5938,10,0,21,21,21,3,14,236.0,0.0321,38.87,668.0,0.2245,0.0554,0.5755,0.4224,77.0,2.0,1,post_transaction_abuse,return_policy_abuse,3,4,1,2,0,2,2,1,2,0
txn_d91b87234f96,101.76,0.6196,11,0,21,21,21,3,14,236.0,0.0321,38.87,668.0,0.2245,0.0554,0.5755,0.4224,77.0,2.0,1,post_transaction_abuse,return_policy_abuse,4,4,1,2,0,3,3,2,2,0
txn_14cac801add9,173.35,0.5033,12,1,21,21,21,3,14,236.0,0.0321,38.87,668.0,0.2245,0.0554,0.5755,0.4224,77.0,2.0,1,post_transaction_abuse,return_policy_abuse,3,4,1,2,0,2,4,1,1,0
txn_9f8359313748,144.56,0.4658,10,0,6,6,6,3,19,1130.0,0.0126,84.75,484.0,0.0395,0.0383,0.8679,0.4448,151.0,1.0,1,social_engineering_payment_fraud,ai_impersonation,2,2,1,1,0,2,2,2,1,0
txn_80c50628e3ad,45.16,0.4342,11,0,6,6,6,3,19,1130.0,0.0126,84.75,484.0,0.0395,0.0383,0.8679,0.4448,151.0,1.0,1,social_engineering_payment_fraud,ai_impersonation,2,2,1,1,0,0,0,2,2,0
txn_58b332f82dc4,28.78,0.5159,13,0,6,6,6,3,20,1130.0,0.0126,84.75,484.0,0.0395,0.0383,0.8679,0.4448,151.0,1.0,1,social_engineering_payment_fraud,ai_impersonation,3,2,1,1,0,2,2,2,2,0
txn_e15cc02fb794,67.96,0.7307,15,0,6,6,6,3,20,1130.0,0.0126,84.75,484.0,0.0395,0.0383,0.8679,0.4448,151.0,1.0,1,social_engineering_payment_fraud,ai_impersonation,4,2,1,1,0,4,4,2,2,0
txn_d832b2334ba8,54.52,0.5159,17,0,6,6,6,3,20,1130.0,0.0126,84.75,484.0,0.0395,0.0383,0.8679,0.4448,151.0,1.0,1,social_engineering_payment_fraud,ai_impersonation,3,2,1,1,0,1,1,2,1,0
txn_c551834061fa,19.08,0.7351,19,0,6,6,6,3,21,1130.0,0.0126,84.75,484.0,0.0395,0.0383,0.8679,0.4448,151.0,1.0,1,social_engineering_payment_fraud,ai_impersonation,4,2,1,1,0,1,1,2,1,0
txn_a89dc4984c94,46.26,0.6007,10,0,9,9,9,3,19,1016.0,0.2342,153.75,425.0,0.1891,0.0057,1.2063,0.7053,259.0,4.0,1,social_engineering_payment_fraud,authorized_push_payment_scam,0,1,2,3,0,1,1,2,0,0
txn_e75b31e0ab73,29.23,0.4332,11,1,9,9,9,3,20,1016.0,0.2342,153.75,425.0,0.1891,0.0057,1.2063,0.7053,259.0,4.0,1,social_engineering_payment_fraud,authorized_push_payment_scam,4,1,2,3,0,3,5,2,0,0
txn_fac58334c15f,31.25,0.4473,12,0,9,9,9,3,20,1016.0,0.2342,153.75,425.0,0.1891,0.0057,1.2063,0.7053,259.0,4.0,1,social_engineering_payment_fraud,authorized_push_payment_scam,0,1,2,3,0,3,3,2,0,0
txn_27eafd08f31c,68.28,0.6058,14,0,9,9,9,3,20,1016.0,0.2342,153.75,425.0,0.1891,0.0057,1.2063,0.7053,259.0,4.0,1,social_engineering_payment_fraud,authorized_push_payment_scam,2,1,2,3,0,5,5,2,0,0
txn_f149af4fd5fd,31.91,0.7139,15,0,9,9,9,3,21,1016.0,0.2342,153.75,425.0,0.1891,0.0057,1.2063,0.7053,259.0,4.0,1,social_engineering_payment_fraud,authorized_push_payment_scam,4,1,2,3,0,0,0,2,0,0
txn_677b2eb50eb5,43.68,0.7576,17,0,9,9,9,3,20,1016.0,0.2342,153.75,425.0,0.1891,0.0057,1.2063,0.7053,259.0,4.0,1,social_engineering_payment_fraud,authorized_push_payment_scam,4,1,2,3,0,3,3,2,0,0
txn_ea8a1ea7bbb4,27.19,0.7147,18,0,9,9,9,3,20,1016.0,0.2342,153.75,425.0,0.1891,0.0057,1.2063,0.7053,259.0,4.0,1,social_engineering_payment_fraud,authorized_push_payment_scam,2,1,2,3,0,4,4,2,0,0
txn_e452fcbf5851,43.24,0.4367,20,0,9,9,9,3,21,1016.0,0.2342,153.75,425.0,0.1891,0.0057,1.2063,0.7053,259.0,4.0,1,social_engineering_payment_fraud,authorized_push_payment_scam,1,1,2,3,0,2,2,2,0,0
txn_4f22ab59c398,34.69,0.6448,21,0,9,9,9,3,21,1016.0,0.2342,153.75,425.0,0.1891,0.0057,1.2063,0.7053,259.0,4.0,1,social_engineering_payment_fraud,authorized_push_payment_scam,3,1,2,3,0,2,2,2,0,0
txn_8934083b69e4,24767.65,0.5256,10,0,9,9,9,3,20,705.0,0.2831,255.32,311.0,0.0292,0.0339,0.0768,0.64,266.0,3.0,1,social_engineering_payment_fraud,business_email_compromise,2,5,5,1,0,5,5,2,0,0
txn_56d3af73fb58,19627.1,0.6652,11,0,9,9,9,3,20,705.0,0.2831,255.32,311.0,0.0292,0.0339,0.0768,0.64,266.0,3.0,1,social_engineering_payment_fraud,business_email_compromise,0,5,5,1,0,3,3,2,0,0
txn_e2b405637cf8,28676.0,0.4985,12,0,9,9,9,3,20,705.0,0.2831,255.32,311.0,0.0292,0.0339,0.0768,0.64,266.0,3.0,1,social_engineering_payment_fraud,business_email_compromise,2,5,5,1,1,0,0,2,0,1
txn_05f24770e359,49468.38,0.6772,14,0,9,9,9,3,21,705.0,0.2831,255.32,311.0,0.0292,0.0339,0.0768,0.64,266.0,3.0,1,social_engineering_payment_fraud,business_email_compromise,4,5,5,1,0,1,1,2,0,0
txn_7f4cf57ab41f,11025.01,0.6486,15,0,9,9,9,3,20,705.0,0.2831,255.32,311.0,0.0292,0.0339,0.0768,0.64,266.0,3.0,1,social_engineering_payment_fraud,business_email_compromise,2,5,5,1,0,2,2,2,0,0
txn_6a983f363ed1,51965.19,0.7578,17,0,9,9,9,3,20,705.0,0.2831,255.32,311.0,0.0292,0.0339,0.0768,0.64,266.0,3.0,1,social_engineering_payment_fraud,business_email_compromise,2,5,5,1,0,0,0,2,0,0
txn_8fdb524241e0,27513.4,0.481,18,0,9,9,9,3,21,705.0,0.2831,255.32,311.0,0.0292,0.0339,0.0768,0.64,266.0,3.0,1,social_engineering_payment_fraud,business_email_compromise,0,5,5,1,0,3,3,2,0,0
txn_2726526371ea,9352.1,0.463,20,0,9,9,9,3,21,705.0,0.2831,255.32,311.0,0.0292,0.0339,0.0768,0.64,266.0,3.0,1,social_engineering_payment_fraud,business_email_compromise,4,5,5,1,0,3,3,2,0,0
txn_695c6fb4c160,57032.2,0.7166,21,1,9,9,9,3,20,705.0,0.2831,255.32,311.0,0.0292,0.0339,0.0768,0.64,266.0,3.0,1,social_engineering_payment_fraud,business_email_compromise,0,5,5,1,0,0,3,2,0,0
txn_68f6d07f4c51,16796.22,0.7867,10,0,4,4,4,3,20,537.0,0.2908,171.79,608.0,0.1446,0.0219,0.8016,0.7525,34.0,1.0,1,social_engineering_payment_fraud,executive_impersonation,2,5,5,1,0,1,1,2,0,0
txn_fcaae8cd0c46,3607.68,0.7056,11,0,4,4,4,3,20,537.0,0.2908,171.79,608.0,0.1446,0.0219,0.8016,0.7525,34.0,1.0,1,social_engineering_payment_fraud,executive_impersonation,2,5,5,1,0,1,1,2,0,0
txn_2eda3c051a2c,38572.05,0.4921,13,0,4,4,4,3,21,537.0,0.2908,171.79,608.0,0.1446,0.0219,0.8016,0.7525,34.0,1.0,1,social_engineering_payment_fraud,executive_impersonation,4,5,5,1,0,2,2,2,0,0
txn_67f53723ab08,35610.77,0.6379,15,1,4,4,4,1,20,537.0,0.2908,171.79,608.0,0.1446,0.0219,0.8016,0.7525,34.0,1.0,1,social_engineering_payment_fraud,executive_impersonation,2,5,5,1,1,4,1,2,0,1
txn_2b9f2eacf810,48963.03,0.687,10,0,7,7,7,3,20,866.0,0.2968,60.46,232.0,0.1982,0.0065,0.2708,0.2842,88.0,0.0,1,social_engineering_payment_fraud,vendor_rerouting,2,5,0,1,0,5,5,2,0,0
txn_b846a31ecaa3,15827.08,0.7199,11,0,7,7,7,3,21,866.0,0.2968,60.46,232.0,0.1982,0.0065,0.2708,0.2842,88.0,0.0,1,social_engineering_payment_fraud,vendor_rerouting,2,5,0,1,0,0,0,2,0,0
txn_caae463f29bf,40098.92,0.4675,12,0,7,7,7,3,20,866.0,0.2968,60.46,232.0,0.1982,0.0065,0.2708,0.2842,88.0,0.0,1,social_engineering_payment_fraud,vendor_rerouting,1,5,0,1,0,2,2,2,0,0
txn_1b1e48b23cef,7459.35,0.6631,14,0,7,7,7,3,20,866.0,0.2968,60.46,232.0,0.1982,0.0065,0.2708,0.2842,88.0,0.0,1,social_engineering_payment_fraud,vendor_rerouting,1,5,0,1,1,5,5,2,0,1
txn_476c53b92164,6574.49,0.597,15,0,7,7,7,3,21,866.0,0.2968,60.46,232.0,0.1982,0.0065,0.2708,0.2842,88.0,0.0,1,social_engineering_payment_fraud,vendor_rerouting,3,5,0,1,0,5,5,2,0,0
txn_07ee79da9f78,44454.13,0.5071,17,0,7,7,7,3,21,866.0,0.2968,60.46,232.0,0.1982,0.0065,0.2708,0.2842,88.0,0.0,1,social_engineering_payment_fraud,vendor_rerouting,2,5,0,1,0,4,4,2,0,0
txn_fd1deec424ba,15425.57,0.6549,18,0,7,7,7,1,20,866.0,0.2968,60.46,232.0,0.1982,0.0065,0.2708,0.2842,88.0,0.0,1,social_engineering_payment_fraud,vendor_rerouting,0,5,0,1,0,2,2,2,0,0
txn_20da61d970f0,156.3,0.6646,10,0,10,10,10,3,21,431.0,0.3226,167.43,288.0,0.0791,0.0135,1.3287,0.8612,3.0,6.0,1,social_engineering_payment_fraud,ai_impersonation,1,2,1,1,0,1,1,2,2,0
txn_f5ddf35bb9a0,28.65,0.5554,11,0,10,10,10,3,20,431.0,0.3226,167.43,288.0,0.0791,0.0135,1.3287,0.8612,3.0,6.0,1,social_engineering_payment_fraud,ai_impersonation,4,2,1,1,0,1,1,2,1,0
txn_61c76cb304fa,70.8,0.5722,12,1,10,10,10,3,20,431.0,0.3226,167.43,288.0,0.0791,0.0135,1.3287,0.8612,3.0,6.0,1,social_engineering_payment_fraud,ai_impersonation,1,2,1,1,0,5,3,2,2,0
txn_62a16c731e0f,40.17,0.6797,14,0,10,10,10,3,21,431.0,0.3226,167.43,288.0,0.0791,0.0135,1.3287,0.8612,3.0,6.0,1,social_engineering_payment_fraud,ai_impersonation,3,2,1,1,0,5,5,2,2,0
txn_2a0488056b5c,54.07,0.7069,15,0,10,10,10,3,21,431.0,0.3226,167.43,288.0,0.0791,0.0135,1.3287,0.8612,3.0,6.0,1,social_engineering_payment_fraud,ai_impersonation,1,2,1,1,0,1,1,2,1,0
txn_97c8b40404b0,16.41,0.5425,17,0,10,10,10,3,20,431.0,0.3226,167.43,288.0,0.0791,0.0135,1.3287,0.8612,3.0,6.0,1,social_engineering_payment_fraud,ai_impersonation,1,2,1,1,0,3,3,2,2,0
txn_83d419448c0c,40.57,0.442,18,0,10,10,10,3,18,431.0,0.3226,167.43,288.0,0.0791,0.0135,1.3287,0.8612,3.0,6.0,1,social_engineering_payment_fraud,ai_impersonation,3,2,1,1,0,4,4,2,1,0
txn_686902e0df2d,62.99,0.7468,19,0,10,10,10,3,17,431.0,0.3226,167.43,288.0,0.0791,0.0135,1.3287,0.8612,3.0,6.0,1,social_engineering_payment_fraud,ai_impersonation,2,2,1,1,0,5,5,2,1,0
txn_2c8988d568fd,160.92,0.614,21,0,10,10,10,3,16,431.0,0.3226,167.43,288.0,0.0791,0.0135,1.3287,0.8612,3.0,6.0,1,social_engineering_payment_fraud,ai_impersonation,4,2,1,1,0,2,2,2,1,0
txn_9b1e83280d22,17.43,0.7761,22,0,10,10,10,1,16,431.0,0.3226,167.43,288.0,0.0791,0.0135,1.3287,0.8612,3.0,6.0,1,social_engineering_payment_fraud,ai_impersonation,4,2,1,1,0,0,0,2,1,0
txn_e17300a5a7ba,834.0,0.6183,10,0,53,53,53,3,20,927.0,0.2548,107.88,1117.0,0.1429,0.0622,0.1322,0.27,183.0,1.0,1,merchant_ecosystem_abuse,triangulation_fraud,2,6,1,1,0,0,0,0,2,0
txn_3f0cc528808a,1595.78,0.5457,11,1,53,53,53,3,20,927.0,0.2548,107.88,1117.0,0.1429,0.0622,0.1322,0.27,183.0,1.0,1,merchant_ecosystem_abuse,triangulation_fraud,4,6,1,1,0,1,0,4,1,0
txn_5f42353edbd0,923.71,0.7246,12,0,53,53,53,3,21,927.0,0.2548,107.88,1117.0,0.1429,0.0622,0.1322,0.27,183.0,1.0,1,merchant_ecosystem_abuse,triangulation_fraud,1,6,1,1,0,0,0,1,2,0
txn_8f73bdac676c,211.45,0.6789,14,0,53,53,53,3,21,927.0,0.2548,107.88,1117.0,0.1429,0.0622,0.1322,0.27,183.0,1.0,1,merchant_ecosystem_abuse,triangulation_fraud,1,6,1,1,0,2,2,1,2,0
txn_2287d9895efe,791.41,0.5811,15,0,53,53,53,3,20,927.0,0.2548,107.88,1117.0,0.1429,0.0622,0.1322,0.27,183.0,1.0,1,merchant_ecosystem_abuse,triangulation_fraud,0,6,1,1,0,5,5,0,2,0
txn_13e88fc22584,1551.41,0.7084,16,0,53,53,53,3,18,927.0,0.2548,107.88,1117.0,0.1429,0.0622,0.1322,0.27,183.0,1.0,1,merchant_ecosystem_abuse,triangulation_fraud,1,6,1,1,0,4,4,0,1,0
txn_82d257f9ae49,964.14,0.6205,18,0,53,53,53,3,17,927.0,0.2548,107.88,1117.0,0.1429,0.0622,0.1322,0.27,183.0,1.0,1,merchant_ecosystem_abuse,triangulation_fraud,2,6,1,1,0,5,5,0,1,0
txn_c18daa38c16f,694.4,0.6134,19,0,53,53,53,3,16,927.0,0.2548,107.88,1117.0,0.1429,0.0622,0.1322,0.27,183.0,1.0,1,merchant_ecosystem_abuse,triangulation_fraud,4,6,1,1,0,3,3,4,2,0
txn_3748e3e93677,782.4,0.5616,21,0,53,53,53,3,16,927.0,0.2548,107.88,1117.0,0.1429,0.0622,0.1322,0.27,183.0,1.0,1,merchant_ecosystem_abuse,triangulation_fraud,0,6,1,1,0,0,0,4,1,0
txn_cea57ded4498,789.08,0.5249,22,0,53,53,53,3,15,927.0,0.2548,107.88,1117.0,0.1429,0.0622,0.1322,0.27,183.0,1.0,1,merchant_ecosystem_abuse,triangulation_fraud,0,6,1,1,0,0,0,0,1,0
txn_2ac91b902571,1407.4,0.6597,23,1,53,53,53,3,15,927.0,0.2548,107.88,1117.0,0.1429,0.0622,0.1322,0.27,183.0,1.0,1,merchant_ecosystem_abuse,triangulation_fraud,3,6,1,1,0,1,4,1,1,0
txn_05b8ded20263,1416.43,0.418,1,0,53,53,53,3,14,927.0,0.2548,107.88,1117.0,0.1429,0.0622,0.1322,0.27,183.0,1.0,1,merchant_ecosystem_abuse,triangulation_fraud,1,6,1,1,0,0,0,1,1,0
txn_f419ec228d45,1990.67,0.6091,2,1,53,53,53,3,14,927.0,0.2548,107.88,1117.0,0.1429,0.0622,0.1322,0.27,183.0,1.0,1,merchant_ecosystem_abuse,triangulation_fraud,4,6,1,1,0,3,1,4,2,0
txn_8d3294acb873,464.38,0.6287,3,0,53,53,53,3,14,927.0,0.2548,107.88,1117.0,0.1429,0.0622,0.1322,0.27,183.0,1.0,1,merchant_ecosystem_abuse,triangulation_fraud,0,6,1,1,0,4,4,0,1,0
txn_1d142b051a62,1295.44,0.7604,5,0,53,53,53,3,13,927.0,0.2548,107.88,1117.0,0.1429,0.0622,0.1322,0.27,183.0,1.0,1,merchant_ecosystem_abuse,triangulation_fraud,1,6,1,1,0,4,4,4,1,0
txn_8147f0b98a3f,710.0,0.5423,6,1,53,53,53,3,13,927.0,0.2548,107.88,1117.0,0.1429,0.0622,0.1322,0.27,183.0,1.0,1,merchant_ecosystem_abuse,triangulation_fraud,1,6,1,1,0,1,0,4,2,0
txn_11657b0243b1,1868.01,0.6277,7,0,53,53,53,3,12,927.0,0.2548,107.88,1117.0,0.1429,0.0622,0.1322,0.27,183.0,1.0,1,merchant_ecosystem_abuse,triangulation_fraud,2,6,1,1,0,5,5,4,2,0
txn_c3c9b4d05db4,698.15,0.6325,9,0,53,53,53,3,12,927.0,0.2548,107.88,1117.0,0.1429,0.0622,0.1322,0.27,183.0,1.0,1,merchant_ecosystem_abuse,triangulation_fraud,0,6,1,1,0,2,2,4,1,0
txn_a90ac9840b71,765.44,0.5014,10,1,53,53,53,3,11,927.0,0.2548,107.88,1117.0,0.1429,0.0622,0.1322,0.27,183.0,1.0,1,merchant_ecosystem_abuse,triangulation_fraud,4,6,1,1,0,2,5,0,2,0
txn_024ff3e5d033,1955.92,0.4926,11,0,53,53,53,3,11,927.0,0.2548,107.88,1117.0,0.1429,0.0622,0.1322,0.27,183.0,1.0,1,merchant_ecosystem_abuse,triangulation_fraud,2,6,1,1,0,0,0,0,2,0
txn_21cb2cb7fb23,215.12,0.6605,13,0,53,53,53,3,10,927.0,0.2548,107.88,1117.0,0.1429,0.0622,0.1322,0.27,183.0,1.0,1,merchant_ecosystem_abuse,triangulation_fraud,0,6,1,1,0,5,5,4,1,0
txn_6abadec19490,717.99,0.7035,14,0,53,53,53,3,10,927.0,0.2548,107.88,1117.0,0.1429,0.0622,0.1322,0.27,183.0,1.0,1,merchant_ecosystem_abuse,triangulation_fraud,3,6,1,1,1,4,4,4,1,1
txn_400653d683a5,1930.83,0.4391,16,0,53,53,53,3,10,927.0,0.2548,107.88,1117.0,0.1429,0.0622,0.1322,0.27,183.0,1.0,1,merchant_ecosystem_abuse,triangulation_fraud,3,6,1,1,0,5,5,1,1,0
txn_6147ae9c67c7,1246.66,0.6327,17,0,53,53,53,3,10,927.0,0.2548,107.88,1117.0,0.1429,0.0622,0.1322,0.27,183.0,1.0,1,merchant_ecosystem_abuse,triangulation_fraud,2,6,1,1,0,5,5,1,2,0
txn_3796ecc39adc,1563.17,0.5656,18,1,53,53,53,3,10,927.0,0.2548,107.88,1117.0,0.1429,0.0622,0.1322,0.27,183.0,1.0,1,merchant_ecosystem_abuse,triangulation_fraud,2,6,1,1,0,4,3,0,2,0
txn_b2c48146fbcf,526.0,0.5921,20,0,53,53,53,3,10,927.0,0.2548,107.88,1117.0,0.1429,0.0622,0.1322,0.27,183.0,1.0,1,merchant_ecosystem_abuse,triangulation_fraud,2,6,1,1,0,5,5,0,2,0
txn_aa5602388d8c,919.65,0.5246,21,0,53,53,53,3,10,927.0,0.2548,107.88,1117.0,0.1429,0.0622,0.1322,0.27,183.0,1.0,1,merchant_ecosystem_abuse,triangulation_fraud,1,6,1,1,0,2,2,0,2,0
txn_0354b5f2e453,1811.58,0.5874,22,1,53,53,53,3,10,927.0,0.2548,107.88,1117.0,0.1429,0.0622,0.1322,0.27,183.0,1.0,1,merchant_ecosystem_abuse,triangulation_fraud,3,6,1,1,0,3,5,1,2,0
txn_c80426cd757d,1297.29,0.4616,0,0,53,53,53,3,10,927.0,0.2548,107.88,1117.0,0.1429,0.0622,0.1322,0.27,183.0,1.0,1,merchant_ecosystem_abuse,triangulation_fraud,2,6,1,1,1,3,3,0,2,1
txn_d18e44f9ebb2,781.2,0.5112,1,0,53,53,53,3,9,927.0,0.2548,107.88,1117.0,0.1429,0.0622,0.1322,0.27,183.0,1.0,1,merchant_ecosystem_abuse,triangulation_fraud,3,6,1,1,0,0,0,4,1,0
txn_7ec712adc5d2,1960.53,0.4203,2,1,53,53,53,3,8,927.0,0.2548,107.88,1117.0,0.1429,0.0622,0.1322,0.27,183.0,1.0,1,merchant_ecosystem_abuse,triangulation_fraud,4,6,1,1,0,4,0,0,1,0
txn_b11d3c04a2e1,475.78,0.6298,4,0,53,53,53,3,8,927.0,0.2548,107.88,1117.0,0.1429,0.0622,0.1322,0.27,183.0,1.0,1,merchant_ecosystem_abuse,triangulation_fraud,2,6,1,1,0,5,5,0,2,0
txn_88548b0afdbd,1510.84,0.5896,5,0,53,53,53,3,8,927.0,0.2548,107.88,1117.0,0.1429,0.0622,0.1322,0.27,183.0,1.0,1,merchant_ecosystem_abuse,triangulation_fraud,1,6,1,1,0,4,4,4,1,0
txn_f6e0c8d16baf,1824.61,0.4418,6,0,53,53,53,3,8,927.0,0.2548,107.88,1117.0,0.1429,0.0622,0.1322,0.27,183.0,1.0,1,merchant_ecosystem_abuse,triangulation_fraud,4,6,1,1,0,0,0,0,1,0
txn_8f9e375fded7,1018.11,0.4292,8,1,53,53,53,3,8,927.0,0.2548,107.88,1117.0,0.1429,0.0622,0.1322,0.27,183.0,1.0,1,merchant_ecosystem_abuse,triangulation_fraud,2,6,1,1,0,5,0,1,1,0
txn_07e7ccbc02a4,1645.86,0.5,9,0,53,53,53,3,8,927.0,0.2548,107.88,1117.0,0.1429,0.0622,0.1322,0.27,183.0,1.0,1,merchant_ecosystem_abuse,triangulation_fraud,1,6,1,1,0,5,5,4,2,0
txn_0d0436893a92,234.44,0.5354,11,1,53,53,53,3,8,927.0,0.2548,107.88,1117.0,0.1429,0.0622,0.1322,0.27,183.0,1.0,1,merchant_ecosystem_abuse,triangulation_fraud,2,6,1,1,0,1,3,4,2,0
txn_fb32b4050d00,1834.13,0.4566,12,0,53,53,53,3,8,927.0,0.2548,107.88,1117.0,0.1429,0.0622,0.1322,0.27,183.0,1.0,1,merchant_ecosystem_abuse,triangulation_fraud,2,6,1,1,0,3,3,4,1,0
txn_3b5465fa55eb,203.25,0.5617,13,0,53,53,53,3,8,927.0,0.2548,107.88,1117.0,0.1429,0.0622,0.1322,0.27,183.0,1.0,1,merchant_ecosystem_abuse,triangulation_fraud,2,6,1,1,0,1,1,0,1,0
txn_5b71b4e449c3,1830.05,0.5004,15,0,53,53,53,3,7,927.0,0.2548,107.88,1117.0,0.1429,0.0622,0.1322,0.27,183.0,1.0,1,merchant_ecosystem_abuse,triangulation_fraud,2,6,1,1,0,5,5,4,1,0
txn_db161a55c3f3,943.47,0.7048,16,0,53,53,53,3,7,927.0,0.2548,107.88,1117.0,0.1429,0.0622,0.1322,0.27,183.0,1.0,1,merchant_ecosystem_abuse,triangulation_fraud,2,6,1,1,0,0,0,4,1,0
txn_c1d537f6788e,865.15,0.5048,17,0,53,53,53,3,7,927.0,0.2548,107.88,1117.0,0.1429,0.0622,0.1322,0.27,183.0,1.0,1,merchant_ecosystem_abuse,triangulation_fraud,0,6,1,1,0,4,4,0,1,0
txn_ad0233b5d217,973.68,0.7125,19,0,53,53,53,3,7,927.0,0.2548,107.88,1117.0,0.1429,0.0622,0.1322,0.27,183.0,1.0,1,merchant_ecosystem_abuse,triangulation_fraud,3,6,1,1,0,5,5,1,1,0
txn_c35e8eea5ff9,240.21,0.4858,20,1,53,53,53,3,7,927.0,0.2548,107.88,1117.0,0.1429,0.0622,0.1322,0.27,183.0,1.0,1,merchant_ecosystem_abuse,triangulation_fraud,0,6,1,1,0,3,1,0,1,0
txn_9bc59e778f2b,1021.83,0.5081,21,1,53,53,53,3,7,927.0,0.2548,107.88,1117.0,0.1429,0.0622,0.1322,0.27,183.0,1.0,1,merchant_ecosystem_abuse,triangulation_fraud,4,6,1,1,0,1,4,4,2,0
txn_082e9b958604,1391.0,0.6661,23,0,53,53,53,3,7,927.0,0.2548,107.88,1117.0,0.1429,0.0622,0.1322,0.27,183.0,1.0,1,merchant_ecosystem_abuse,triangulation_fraud,4,6,1,1,0,4,4,0,2,0
txn_f590012bf341,164.1,0.7214,0,0,53,53,53,3,7,927.0,0.2548,107.88,1117.0,0.1429,0.0622,0.1322,0.27,183.0,1.0,1,merchant_ecosystem_abuse,triangulation_fraud,0,6,1,1,0,0,0,0,1,0
txn_3cc61f513e1f,1508.27,0.4465,1,0,53,53,53,3,7,927.0,0.2548,107.88,1117.0,0.1429,0.0622,0.1322,0.27,183.0,1.0,1,merchant_ecosystem_abuse,triangulation_fraud,0,6,1,1,0,5,5,4,2,0
txn_96728af2a7ff,248.85,0.4335,3,0,53,53,53,3,7,927.0,0.2548,107.88,1117.0,0.1429,0.0622,0.1322,0.27,183.0,1.0,1,merchant_ecosystem_abuse,triangulation_fraud,4,6,1,1,0,4,4,1,1,0
txn_f4538946a275,1216.87,0.4318,4,0,53,53,53,3,7,927.0,0.2548,107.88,1117.0,0.1429,0.0622,0.1322,0.27,183.0,1.0,1,merchant_ecosystem_abuse,triangulation_fraud,4,6,1,1,0,4,4,1,1,0
txn_e020b6291d3a,1166.89,0.4694,6,0,53,53,53,3,7,927.0,0.2548,107.88,1117.0,0.1429,0.0622,0.1322,0.27,183.0,1.0,1,merchant_ecosystem_abuse,triangulation_fraud,1,6,1,1,0,1,1,0,2,0
txn_ea0ab7e0acb5,471.54,0.737,7,0,53,53,53,2,7,927.0,0.2548,107.88,1117.0,0.1429,0.0622,0.1322,0.27,183.0,1.0,1,merchant_ecosystem_abuse,triangulation_fraud,3,6,1,1,0,4,4,4,1,0
txn_a43ded8f6581,695.85,0.7492,8,0,53,53,53,2,7,927.0,0.2548,107.88,1117.0,0.1429,0.0622,0.1322,0.27,183.0,1.0,1,merchant_ecosystem_abuse,triangulation_fraud,4,6,1,1,0,1,1,4,1,0
txn_ddf588ab6d21,48.37,0.7167,10,0,10,10,10,3,20,214.0,0.2028,162.65,1419.0,0.1157,0.0336,0.4289,0.7203,206.0,2.0,1,identity_onboarding_fraud,synthetic_identity,3,9,4,1,0,3,3,5,3,0
txn_9fcb79ab7f1c,25.65,0.6259,11,0,10,10,10,3,21,214.0,0.2028,162.65,1419.0,0.1157,0.0336,0.4289,0.7203,206.0,2.0,1,identity_onboarding_fraud,synthetic_identity,2,9,4,1,0,5,5,4,3,0
txn_2268882e2e1e,138.11,0.4385,13,0,10,10,10,3,21,214.0,0.2028,162.65,1419.0,0.1157,0.0336,0.4289,0.7203,206.0,2.0,1,identity_onboarding_fraud,synthetic_identity,4,9,4,1,0,5,5,5,3,0
txn_ea06b1f86c25,79.11,0.6322,14,0,10,10,10,3,20,214.0,0.2028,162.65,1419.0,0.1157,0.0336,0.4289,0.7203,206.0,2.0,1,identity_onboarding_fraud,synthetic_identity,1,9,4,1,0,5,5,3,3,0
txn_7f239cc8dd65,27.37,0.6758,16,0,10,10,10,3,18,214.0,0.2028,162.65,1419.0,0.1157,0.0336,0.4289,0.7203,206.0,2.0,1,identity_onboarding_fraud,synthetic_identity,1,9,4,1,0,4,4,4,3,0
txn_77d3184bab53,14.8,0.4284,18,0,10,10,10,3,17,214.0,0.2028,162.65,1419.0,0.1157,0.0336,0.4289,0.7203,206.0,2.0,1,identity_onboarding_fraud,synthetic_identity,3,9,4,1,0,2,2,4,3,0
txn_8f71d54ffa20,67.6,0.7134,19,0,10,10,10,3,16,214.0,0.2028,162.65,1419.0,0.1157,0.0336,0.4289,0.7203,206.0,2.0,1,identity_onboarding_fraud,synthetic_identity,2,9,4,1,0,4,4,0,3,0
txn_17e68c009c72,54.81,0.4488,21,0,10,10,10,3,16,214.0,0.2028,162.65,1419.0,0.1157,0.0336,0.4289,0.7203,206.0,2.0,1,identity_onboarding_fraud,synthetic_identity,4,9,4,1,0,4,4,5,3,0
txn_40e5e1a7117e,15.73,0.5992,22,0,10,10,10,3,15,214.0,0.2028,162.65,1419.0,0.1157,0.0336,0.4289,0.7203,206.0,2.0,1,identity_onboarding_fraud,synthetic_identity,3,9,4,1,0,0,0,3,3,0
txn_3eba2020c80c,61.37,0.6863,0,0,10,10,10,1,15,214.0,0.2028,162.65,1419.0,0.1157,0.0336,0.4289,0.7203,206.0,2.0,1,identity_onboarding_fraud,synthetic_identity,3,9,4,1,0,2,2,0,3,0
txn_5804fd6ae721,54.91,0.482,10,0,14,14,1,3,21,617.0,0.0836,292.34,1197.0,0.1658,0.0409,0.4974,0.0,0.0,0.0,1,credential_based_fraud,consumer_account_takeover,0,8,4,1,0,5,5,2,3,0
txn_e653632a1419,184.95,0.7328,11,0,14,14,10,3,21,617.0,0.0836,292.34,1197.0,0.1658,0.0409,0.4974,0.4595,321.0,2.0,1,credential_based_fraud,consumer_account_takeover,0,8,4,1,0,5,5,6,3,0
txn_24de341a289b,24.73,0.5904,13,0,14,14,10,3,20,617.0,0.0836,292.34,1197.0,0.1658,0.0409,0.4974,0.4595,321.0,2.0,1,credential_based_fraud,consumer_account_takeover,3,8,4,1,0,0,0,1,3,0
txn_32cd1eb15119,92.34,0.6522,14,0,14,14,10,3,18,617.0,0.0836,292.34,1197.0,0.1658,0.0409,0.4974,0.4595,321.0,2.0,1,credential_based_fraud,consumer_account_takeover,3,8,4,1,0,5,5,6,3,0
txn_31909b234fb1,232.98,0.4308,16,0,14,14,1,3,17,617.0,0.0836,292.34,1197.0,0.1658,0.0409,0.4974,0.0,0.0,0.0,1,credential_based_fraud,consumer_account_takeover,3,8,4,1,0,2,2,0,3,0
txn_cc727583198d,54.22,0.7354,18,0,14,14,10,3,16,617.0,0.0836,292.34,1197.0,0.1658,0.0409,0.4974,0.4595,321.0,2.0,1,credential_based_fraud,consumer_account_takeover,4,8,4,1,0,4,4,5,3,0
txn_b33f5c4e7a77,54.59,0.6566,19,1,14,14,10,3,16,617.0,0.0836,292.34,1197.0,0.1658,0.0409,0.4974,0.4595,321.0,2.0,1,credential_based_fraud,consumer_account_takeover,1,8,4,1,0,1,0,5,3,0
txn_282f5ab048c2,9.57,0.6208,21,0,14,14,10,3,15,617.0,0.0836,292.34,1197.0,0.1658,0.0409,0.4974,0.4595,321.0,2.0,1,credential_based_fraud,consumer_account_takeover,0,8,4,1,0,3,3,3,3,0
txn_5ccb631423b6,10.47,0.4849,22,1,14,14,1,3,15,617.0,0.0836,292.34,1197.0,0.1658,0.0409,0.4974,0.0,0.0,0.0,1,credential_based_fraud,consumer_account_takeover,4,8,4,1,0,2,4,4,3,0
txn_863a6ab5921f,63.28,0.4926,0,0,14,14,10,3,14,617.0,0.0836,292.34,1197.0,0.1658,0.0409,0.4974,0.4595,321.0,2.0,1,credential_based_fraud,consumer_account_takeover,1,8,4,1,0,4,4,5,3,0
txn_3dc030dacec3,25.1,0.7027,1,1,14,14,10,3,14,617.0,0.0836,292.34,1197.0,0.1658,0.0409,0.4974,0.4595,321.0,2.0,1,credential_based_fraud,consumer_account_takeover,4,8,4,1,0,0,1,4,3,0
txn_d386f507cfbf,26.63,0.7257,3,0,14,14,10,3,14,617.0,0.0836,292.34,1197.0,0.1658,0.0409,0.4974,0.4595,321.0,2.0,1,credential_based_fraud,consumer_account_takeover,0,8,4,1,0,1,1,6,3,0
txn_618c84f974af,125.65,0.7417,5,0,14,14,1,2,13,617.0,0.0836,292.34,1197.0,0.1658,0.0409,0.4974,0.0,0.0,0.0,1,credential_based_fraud,consumer_account_takeover,0,8,4,1,0,2,2,4,3,0
txn_7215ec7ca5a8,28.58,0.583,6,0,14,14,10,2,13,617.0,0.0836,292.34,1197.0,0.1658,0.0409,0.4974,0.4595,321.0,2.0,1,credential_based_fraud,consumer_account_takeover,1,8,4,1,0,1,1,1,3,0
txn_74895374bf12,536.3,0.753,10,0,88,88,88,3,21,670.0,0.2121,57.76,566.0,0.2057,0.0611,0.3169,0.3423,30.0,2.0,1,merchant_ecosystem_abuse,bust_out_merchant,2,7,1,1,0,5,5,4,2,0
txn_0492fbbd69a4,538.87,0.4735,11,0,88,88,88,3,20,670.0,0.2121,57.76,566.0,0.2057,0.0611,0.3169,0.3423,30.0,2.0,1,merchant_ecosystem_abuse,bust_out_merchant,2,7,1,1,0,0,0,1,2,0
txn_ebc67ea0becb,944.06,0.5589,12,1,88,88,88,3,18,670.0,0.2121,57.76,566.0,0.2057,0.0611,0.3169,0.3423,30.0,2.0,1,merchant_ecosystem_abuse,bust_out_merchant,3,7,1,1,0,3,2,0,1,0
txn_f4a4d8f894d0,387.52,0.5458,13,0,88,88,88,3,17,670.0,0.2121,57.76,566.0,0.2057,0.0611,0.3169,0.3423,30.0,2.0,1,merchant_ecosystem_abuse,bust_out_merchant,1,7,1,1,0,5,5,1,1,0
txn_b70460099338,1160.01,0.531,14,0,88,88,88,3,16,670.0,0.2121,57.76,566.0,0.2057,0.0611,0.3169,0.3423,30.0,2.0,1,merchant_ecosystem_abuse,bust_out_merchant,4,7,1,1,0,1,1,4,2,0
txn_e8de2c572898,962.73,0.778,15,0,88,88,88,3,16,670.0,0.2121,57.76,566.0,0.2057,0.0611,0.3169,0.3423,30.0,2.0,1,merchant_ecosystem_abuse,bust_out_merchant,0,7,1,1,0,2,2,4,1,0
txn_8365639ce603,333.74,0.8235,16,0,88,88,88,3,15,670.0,0.2121,57.76,566.0,0.2057,0.0611,0.3169,0.3423,30.0,2.0,1,merchant_ecosystem_abuse,bust_out_merchant,3,7,1,1,0,5,5,4,2,0
txn_a93111e57d63,1564.16,0.6832,17,0,88,88,88,3,15,670.0,0.2121,57.76,566.0,0.2057,0.0611,0.3169,0.3423,30.0,2.0,1,merchant_ecosystem_abuse,bust_out_merchant,0,7,1,1,0,4,4,1,1,0
txn_8406455cac7d,1730.12,0.5619,18,0,88,88,88,3,14,670.0,0.2121,57.76,566.0,0.2057,0.0611,0.3169,0.3423,30.0,2.0,1,merchant_ecosystem_abuse,bust_out_merchant,1,7,1,1,0,0,0,4,1,0
txn_79a5dceab338,604.51,0.6082,19,0,88,88,88,3,14,670.0,0.2121,57.76,566.0,0.2057,0.0611,0.3169,0.3423,30.0,2.0,1,merchant_ecosystem_abuse,bust_out_merchant,4,7,1,1,0,0,0,4,1,0
txn_12995f080b84,1272.03,0.6717,20,0,88,88,88,3,14,670.0,0.2121,57.76,566.0,0.2057,0.0611,0.3169,0.3423,30.0,2.0,1,merchant_ecosystem_abuse,bust_out_merchant,1,7,1,1,0,2,2,0,1,0
txn_73635d43b800,1012.38,0.7193,22,0,88,88,88,3,13,670.0,0.2121,57.76,566.0,0.2057,0.0611,0.3169,0.3423,30.0,2.0,1,merchant_ecosystem_abuse,bust_out_merchant,0,7,1,1,0,5,5,1,1,0
txn_c33e9fdac6fc,801.27,0.6612,23,1,88,88,88,3,13,670.0,0.2121,57.76,566.0,0.2057,0.0611,0.3169,0.3423,30.0,2.0,1,merchant_ecosystem_abuse,bust_out_merchant,0,7,1,1,0,1,2,1,2,0
txn_b6d68122bef6,543.81,0.5967,0,0,88,88,88,3,12,670.0,0.2121,57.76,566.0,0.2057,0.0611,0.3169,0.3423,30.0,2.0,1,merchant_ecosystem_abuse,bust_out_merchant,2,7,1,1,0,0,0,1,1,0
txn_15560c325803,1146.35,0.6496,1,0,88,88,88,3,12,670.0,0.2121,57.76,566.0,0.2057,0.0611,0.3169,0.3423,30.0,2.0,1,merchant_ecosystem_abuse,bust_out_merchant,2,7,1,1,0,4,4,4,2,0
txn_7bd8e8c1f61b,1601.61,0.5841,2,0,88,88,88,3,11,670.0,0.2121,57.76,566.0,0.2057,0.0611,0.3169,0.3423,30.0,2.0,1,merchant_ecosystem_abuse,bust_out_merchant,2,7,1,1,0,1,1,1,2,0
txn_1223ba9e622a,335.26,0.8125,3,0,88,88,88,3,11,670.0,0.2121,57.76,566.0,0.2057,0.0611,0.3169,0.3423,30.0,2.0,1,merchant_ecosystem_abuse,bust_out_merchant,2,7,1,1,0,5,5,0,2,0
txn_e6ae26c947bc,738.95,0.7776,4,0,88,88,88,3,10,670.0,0.2121,57.76,566.0,0.2057,0.0611,0.3169,0.3423,30.0,2.0,1,merchant_ecosystem_abuse,bust_out_merchant,1,7,1,1,1,4,4,4,1,1
txn_28b3c466885f,1677.48,0.5845,5,0,88,88,88,3,10,670.0,0.2121,57.76,566.0,0.2057,0.0611,0.3169,0.3423,30.0,2.0,1,merchant_ecosystem_abuse,bust_out_merchant,4,7,1,1,0,1,1,0,1,0
txn_c781ae6c1b80,1124.0,0.7654,6,0,88,88,88,3,10,670.0,0.2121,57.76,566.0,0.2057,0.0611,0.3169,0.3423,30.0,2.0,1,merchant_ecosystem_abuse,bust_out_merchant,3,7,1,1,0,2,2,1,1,0
txn_018930269b68,1060.5,0.663,7,0,88,88,88,3,10,670.0,0.2121,57.76,566.0,0.2057,0.0611,0.3169,0.3423,30.0,2.0,1,merchant_ecosystem_abuse,bust_out_merchant,3,7,1,1,0,5,5,1,2,0
txn_f4f13d44085c,654.94,0.6886,8,0,88,88,88,3,10,670.0,0.2121,57.76,566.0,0.2057,0.0611,0.3169,0.3423,30.0,2.0,1,merchant_ecosystem_abuse,bust_out_merchant,2,7,1,1,0,1,1,1,1,0
txn_76c6cbc1f8f8,1493.95,0.4893,9,0,88,88,88,3,10,670.0,0.2121,57.76,566.0,0.2057,0.0611,0.3169,0.3423,30.0,2.0,1,merchant_ecosystem_abuse,bust_out_merchant,1,7,1,1,0,2,2,0,1,0
txn_89241ba1c8b4,1717.88,0.6307,11,0,88,88,88,3,10,670.0,0.2121,57.76,566.0,0.2057,0.0611,0.3169,0.3423,30.0,2.0,1,merchant_ecosystem_abuse,bust_out_merchant,3,7,1,1,0,2,2,0,1,0
txn_023f7b846d9b,1518.21,0.5088,12,0,88,88,88,3,10,670.0,0.2121,57.76,566.0,0.2057,0.0611,0.3169,0.3423,30.0,2.0,1,merchant_ecosystem_abuse,bust_out_merchant,0,7,1,1,0,0,0,1,2,0
txn_2a2f1a0e872a,1561.1,0.49,13,0,88,88,88,3,10,670.0,0.2121,57.76,566.0,0.2057,0.0611,0.3169,0.3423,30.0,2.0,1,merchant_ecosystem_abuse,bust_out_merchant,3,7,1,1,1,4,4,4,2,1
txn_d9c2a359ec22,1002.4,0.6794,14,1,88,88,88,3,9,670.0,0.2121,57.76,566.0,0.2057,0.0611,0.3169,0.3423,30.0,2.0,1,merchant_ecosystem_abuse,bust_out_merchant,2,7,1,1,0,1,3,4,2,0
txn_0978efbb2c15,1406.36,0.5936,15,0,88,88,88,3,8,670.0,0.2121,57.76,566.0,0.2057,0.0611,0.3169,0.3423,30.0,2.0,1,merchant_ecosystem_abuse,bust_out_merchant,1,7,1,1,0,3,3,4,2,0
txn_19ab3cc2511a,1049.69,0.6205,16,0,88,88,88,3,8,670.0,0.2121,57.76,566.0,0.2057,0.0611,0.3169,0.3423,30.0,2.0,1,merchant_ecosystem_abuse,bust_out_merchant,0,7,1,1,0,5,5,4,2,0
txn_09b35962aece,452.37,0.54,17,0,88,88,88,3,8,670.0,0.2121,57.76,566.0,0.2057,0.0611,0.3169,0.3423,30.0,2.0,1,merchant_ecosystem_abuse,bust_out_merchant,2,7,1,1,0,0,0,0,2,0
txn_7d40e121e510,1283.74,0.613,18,0,88,88,88,3,8,670.0,0.2121,57.76,566.0,0.2057,0.0611,0.3169,0.3423,30.0,2.0,1,merchant_ecosystem_abuse,bust_out_merchant,0,7,1,1,0,3,3,4,1,0
txn_fd082b2c6513,969.3,0.7783,19,0,88,88,88,3,8,670.0,0.2121,57.76,566.0,0.2057,0.0611,0.3169,0.3423,30.0,2.0,1,merchant_ecosystem_abuse,bust_out_merchant,1,7,1,1,0,4,4,4,2,0
txn_3fb36104f467,1239.98,0.6897,20,0,88,88,88,3,8,670.0,0.2121,57.76,566.0,0.2057,0.0611,0.3169,0.3423,30.0,2.0,1,merchant_ecosystem_abuse,bust_out_merchant,0,7,1,1,0,3,3,0,1,0
txn_9290543b5d01,590.29,0.7114,21,0,88,88,88,3,8,670.0,0.2121,57.76,566.0,0.2057,0.0611,0.3169,0.3423,30.0,2.0,1,merchant_ecosystem_abuse,bust_out_merchant,0,7,1,1,0,3,3,4,1,0
txn_6e34f4c5641b,834.03,0.6434,22,0,88,88,88,3,8,670.0,0.2121,57.76,566.0,0.2057,0.0611,0.3169,0.3423,30.0,2.0,1,merchant_ecosystem_abuse,bust_out_merchant,3,7,1,1,0,2,2,1,2,0
txn_cb608ac9dfac,716.69,0.6273,23,0,88,88,88,3,8,670.0,0.2121,57.76,566.0,0.2057,0.0611,0.3169,0.3423,30.0,2.0,1,merchant_ecosystem_abuse,bust_out_merchant,2,7,1,1,1,1,1,0,2,1
txn_76c9338b1959,1196.35,0.7749,1,0,88,88,88,3,7,670.0,0.2121,57.76,566.0,0.2057,0.0611,0.3169,0.3423,30.0,2.0,1,merchant_ecosystem_abuse,bust_out_merchant,3,7,1,1,0,4,4,4,1,0
txn_c9c4c8ea978a,1449.11,0.8197,2,0,88,88,88,3,7,670.0,0.2121,57.76,566.0,0.2057,0.0611,0.3169,0.3423,30.0,2.0,1,merchant_ecosystem_abuse,bust_out_merchant,4,7,1,1,0,1,1,1,2,0
txn_3b405f05b04f,296.73,0.7617,3,1,88,88,88,3,7,670.0,0.2121,57.76,566.0,0.2057,0.0611,0.3169,0.3423,30.0,2.0,1,merchant_ecosystem_abuse,bust_out_merchant,0,7,1,1,0,5,3,0,1,0
txn_038be2665022,922.35,0.517,4,0,88,88,88,3,7,670.0,0.2121,57.76,566.0,0.2057,0.0611,0.3169,0.3423,30.0,2.0,1,merchant_ecosystem_abuse,bust_out_merchant,2,7,1,1,0,3,3,4,2,0
txn_1e0aaab9c7a4,1349.46,0.6851,5,0,88,88,88,3,7,670.0,0.2121,57.76,566.0,0.2057,0.0611,0.3169,0.3423,30.0,2.0,1,merchant_ecosystem_abuse,bust_out_merchant,4,7,1,1,0,4,4,1,2,0
txn_db0644915d6e,1339.93,0.5836,6,1,88,88,88,3,7,670.0,0.2121,57.76,566.0,0.2057,0.0611,0.3169,0.3423,30.0,2.0,1,merchant_ecosystem_abuse,bust_out_merchant,3,7,1,1,0,0,5,0,2,0
txn_43506a1ae5f6,1726.58,0.4817,7,0,88,88,88,3,7,670.0,0.2121,57.76,566.0,0.2057,0.0611,0.3169,0.3423,30.0,2.0,1,merchant_ecosystem_abuse,bust_out_merchant,0,7,1,1,0,2,2,0,1,0
txn_de36746c530f,751.94,0.797,8,1,88,88,88,3,7,670.0,0.2121,57.76,566.0,0.2057,0.0611,0.3169,0.3423,30.0,2.0,1,merchant_ecosystem_abuse,bust_out_merchant,3,7,1,1,0,0,5,0,2,0
txn_3a833ab0d1e5,1463.47,0.6971,9,1,88,88,88,3,7,670.0,0.2121,57.76,566.0,0.2057,0.0611,0.3169,0.3423,30.0,2.0,1,merchant_ecosystem_abuse,bust_out_merchant,3,7,1,1,0,5,2,4,1,0
txn_d3acba0a608d,1090.17,0.516,10,0,88,88,88,3,7,670.0,0.2121,57.76,566.0,0.2057,0.0611,0.3169,0.3423,30.0,2.0,1,merchant_ecosystem_abuse,bust_out_merchant,2,7,1,1,0,2,2,1,1,0
txn_727e106598aa,1443.07,0.4546,11,0,88,88,88,3,7,670.0,0.2121,57.76,566.0,0.2057,0.0611,0.3169,0.3423,30.0,2.0,1,merchant_ecosystem_abuse,bust_out_merchant,2,7,1,1,0,3,3,1,1,0
txn_17286689d10c,810.18,0.734,12,0,88,88,88,3,7,670.0,0.2121,57.76,566.0,0.2057,0.0611,0.3169,0.3423,30.0,2.0,1,merchant_ecosystem_abuse,bust_out_merchant,4,7,1,1,0,1,1,1,1,0
txn_587806432a41,703.81,0.4735,14,0,88,88,88,3,7,670.0,0.2121,57.76,566.0,0.2057,0.0611,0.3169,0.3423,30.0,2.0,1,merchant_ecosystem_abuse,bust_out_merchant,4,7,1,1,0,1,1,1,2,0
txn_b3691f6b66bb,159.97,0.8003,15,1,88,88,88,3,7,670.0,0.2121,57.76,566.0,0.2057,0.0611,0.3169,0.3423,30.0,2.0,1,merchant_ecosystem_abuse,bust_out_merchant,3,7,1,1,0,5,2,4,1,0
txn_eb3768a41928,375.17,0.8213,16,0,88,88,88,3,6,670.0,0.2121,57.76,566.0,0.2057,0.0611,0.3169,0.3423,30.0,2.0,1,merchant_ecosystem_abuse,bust_out_merchant,3,7,1,1,0,0,0,4,2,0
txn_25e285805a8f,849.98,0.74,17,0,88,88,88,3,6,670.0,0.2121,57.76,566.0,0.2057,0.0611,0.3169,0.3423,30.0,2.0,1,merchant_ecosystem_abuse,bust_out_merchant,2,7,1,1,0,1,1,0,2,0
txn_4210c09bca19,787.86,0.7208,18,1,88,88,88,3,6,670.0,0.2121,57.76,566.0,0.2057,0.0611,0.3169,0.3423,30.0,2.0,1,merchant_ecosystem_abuse,bust_out_merchant,1,7,1,1,0,3,0,0,1,0
txn_a70a103a2d11,490.66,0.5395,19,0,88,88,88,3,6,670.0,0.2121,57.76,566.0,0.2057,0.0611,0.3169,0.3423,30.0,2.0,1,merchant_ecosystem_abuse,bust_out_merchant,1,7,1,1,0,2,2,4,1,0
txn_ba0067b34ead,225.32,0.5616,20,0,88,88,88,3,6,670.0,0.2121,57.76,566.0,0.2057,0.0611,0.3169,0.3423,30.0,2.0,1,merchant_ecosystem_abuse,bust_out_merchant,4,7,1,1,0,5,5,0,1,0
txn_7ea2bdf37a5f,181.72,0.5803,21,0,88,88,88,3,4,670.0,0.2121,57.76,566.0,0.2057,0.0611,0.3169,0.3423,30.0,2.0,1,merchant_ecosystem_abuse,bust_out_merchant,0,7,1,1,0,4,4,1,1,0
txn_57057524fe64,1551.31,0.7695,22,0,88,88,88,3,3,670.0,0.2121,57.76,566.0,0.2057,0.0611,0.3169,0.3423,30.0,2.0,1,merchant_ecosystem_abuse,bust_out_merchant,0,7,1,1,0,1,1,0,2,0
txn_ea69a30291df,968.55,0.5184,23,0,88,88,88,3,3,670.0,0.2121,57.76,566.0,0.2057,0.0611,0.3169,0.3423,30.0,2.0,1,merchant_ecosystem_abuse,bust_out_merchant,0,7,1,1,0,3,3,0,1,0
txn_6c1b3f7d0abd,523.2,0.7733,0,0,88,88,88,3,3,670.0,0.2121,57.76,566.0,0.2057,0.0611,0.3169,0.3423,30.0,2.0,1,merchant_ecosystem_abuse,bust_out_merchant,2,7,1,1,0,0,0,1,2,0
txn_f1b044719e83,1737.69,0.7279,1,1,88,88,88,3,3,670.0,0.2121,57.76,566.0,0.2057,0.0611,0.3169,0.3423,30.0,2.0,1,merchant_ecosystem_abuse,bust_out_merchant,4,7,1,1,0,4,5,0,1,0
txn_f2746575f292,309.1,0.7598,2,0,88,88,88,3,3,670.0,0.2121,57.76,566.0,0.2057,0.0611,0.3169,0.3423,30.0,2.0,1,merchant_ecosystem_abuse,bust_out_merchant,2,7,1,1,0,0,0,1,1,0
txn_1630acebea77,1190.53,0.5071,4,1,88,88,88,3,3,670.0,0.2121,57.76,566.0,0.2057,0.0611,0.3169,0.3423,30.0,2.0,1,merchant_ecosystem_abuse,bust_out_merchant,0,7,1,1,0,4,2,0,2,0
txn_d5e697d9a039,1381.47,0.7573,5,0,88,88,88,3,3,670.0,0.2121,57.76,566.0,0.2057,0.0611,0.3169,0.3423,30.0,2.0,1,merchant_ecosystem_abuse,bust_out_merchant,4,7,1,1,0,4,4,4,1,0
txn_fb21539321aa,740.84,0.478,6,0,88,88,88,3,3,670.0,0.2121,57.76,566.0,0.2057,0.0611,0.3169,0.3423,30.0,2.0,1,merchant_ecosystem_abuse,bust_out_merchant,0,7,1,1,1,3,3,4,1,1
txn_2df22d238634,283.29,0.533,7,0,88,88,88,3,3,670.0,0.2121,57.76,566.0,0.2057,0.0611,0.3169,0.3423,30.0,2.0,1,merchant_ecosystem_abuse,bust_out_merchant,2,7,1,1,0,5,5,1,2,0
txn_64bab591f40b,1004.1,0.8164,8,0,88,88,88,3,3,670.0,0.2121,57.76,566.0,0.2057,0.0611,0.3169,0.3423,30.0,2.0,1,merchant_ecosystem_abuse,bust_out_merchant,1,7,1,1,0,1,1,4,2,0
txn_e56b04dfff36,1624.11,0.6726,9,0,88,88,88,3,3,670.0,0.2121,57.76,566.0,0.2057,0.0611,0.3169,0.3423,30.0,2.0,1,merchant_ecosystem_abuse,bust_out_merchant,1,7,1,1,0,1,1,4,1,0
txn_8c7634a53a8b,1358.28,0.634,10,0,88,88,88,3,3,670.0,0.2121,57.76,566.0,0.2057,0.0611,0.3169,0.3423,30.0,2.0,1,merchant_ecosystem_abuse,bust_out_merchant,3,7,1,1,0,4,4,1,1,0
txn_c204aa9da7b9,599.97,0.598,11,0,88,88,88,3,2,670.0,0.2121,57.76,566.0,0.2057,0.0611,0.3169,0.3423,30.0,2.0,1,merchant_ecosystem_abuse,bust_out_merchant,3,7,1,1,0,3,3,1,2,0
txn_28022fbdcbe0,740.19,0.7902,12,0,88,88,88,3,2,670.0,0.2121,57.76,566.0,0.2057,0.0611,0.3169,0.3423,30.0,2.0,1,merchant_ecosystem_abuse,bust_out_merchant,3,7,1,1,0,0,0,1,2,0
txn_be8b285be58d,764.78,0.723,13,0,88,88,88,3,2,670.0,0.2121,57.76,566.0,0.2057,0.0611,0.3169,0.3423,30.0,2.0,1,merchant_ecosystem_abuse,bust_out_merchant,1,7,1,1,0,5,5,1,1,0
txn_aabccd7e8182,181.28,0.498,14,1,88,88,88,3,2,670.0,0.2121,57.76,566.0,0.2057,0.0611,0.3169,0.3423,30.0,2.0,1,merchant_ecosystem_abuse,bust_out_merchant,4,7,1,1,0,3,1,4,2,0
txn_0484ae255bd6,399.31,0.5017,15,0,88,88,88,3,2,670.0,0.2121,57.76,566.0,0.2057,0.0611,0.3169,0.3423,30.0,2.0,1,merchant_ecosystem_abuse,bust_out_merchant,0,7,1,1,0,5,5,0,1,0
txn_103334da8ae1,913.67,0.5975,16,1,88,88,88,3,2,670.0,0.2121,57.76,566.0,0.2057,0.0611,0.3169,0.3423,30.0,2.0,1,merchant_ecosystem_abuse,bust_out_merchant,3,7,1,1,0,3,0,1,1,0
txn_4fceaa8fa9a5,1065.33,0.6374,18,1,88,88,88,3,2,670.0,0.2121,57.76,566.0,0.2057,0.0611,0.3169,0.3423,30.0,2.0,1,merchant_ecosystem_abuse,bust_out_merchant,3,7,1,1,0,4,0,4,1,0
txn_c880b627e212,851.61,0.4971,19,0,88,88,88,3,2,670.0,0.2121,57.76,566.0,0.2057,0.0611,0.3169,0.3423,30.0,2.0,1,merchant_ecosystem_abuse,bust_out_merchant,4,7,1,1,0,3,3,4,2,0
txn_47ee2ab6760f,1586.7,0.6166,20,0,88,88,88,3,2,670.0,0.2121,57.76,566.0,0.2057,0.0611,0.3169,0.3423,30.0,2.0,1,merchant_ecosystem_abuse,bust_out_merchant,4,7,1,1,0,2,2,4,1,0
txn_671f2328ac37,428.1,0.6945,21,0,88,88,88,3,2,670.0,0.2121,57.76,566.0,0.2057,0.0611,0.3169,0.3423,30.0,2.0,1,merchant_ecosystem_abuse,bust_out_merchant,0,7,1,1,1,3,3,0,1,1
txn_a0955a0d9aef,1580.36,0.7354,22,1,88,88,88,3,2,670.0,0.2121,57.76,566.0,0.2057,0.0611,0.3169,0.3423,30.0,2.0,1,merchant_ecosystem_abuse,bust_out_merchant,1,7,1,1,0,0,1,0,2,0
txn_4bedf80786bc,1354.78,0.6431,23,0,88,88,88,3,2,670.0,0.2121,57.76,566.0,0.2057,0.0611,0.3169,0.3423,30.0,2.0,1,merchant_ecosystem_abuse,bust_out_merchant,2,7,1,1,0,5,5,1,2,0
txn_f7307a9e9617,1317.78,0.7466,0,0,88,88,88,3,2,670.0,0.2121,57.76,566.0,0.2057,0.0611,0.3169,0.3423,30.0,2.0,1,merchant_ecosystem_abuse,bust_out_merchant,2,7,1,1,0,3,3,1,2,0
txn_be621984c7a6,1214.09,0.7204,1,0,88,88,88,3,2,670.0,0.2121,57.76,566.0,0.2057,0.0611,0.3169,0.3423,30.0,2.0,1,merchant_ecosystem_abuse,bust_out_merchant,1,7,1,1,0,0,0,4,2,0
txn_86206a1e3722,1498.1,0.6031,2,0,88,88,88,3,2,670.0,0.2121,57.76,566.0,0.2057,0.0611,0.3169,0.3423,30.0,2.0,1,merchant_ecosystem_abuse,bust_out_merchant,3,7,1,1,0,5,5,0,1,0
txn_d32efa504cd7,956.91,0.7325,3,0,88,88,88,3,2,670.0,0.2121,57.76,566.0,0.2057,0.0611,0.3169,0.3423,30.0,2.0,1,merchant_ecosystem_abuse,bust_out_merchant,0,7,1,1,0,3,3,1,1,0
txn_22d09a9a295e,1396.28,0.4827,4,0,88,88,88,3,2,670.0,0.2121,57.76,566.0,0.2057,0.0611,0.3169,0.3423,30.0,2.0,1,merchant_ecosystem_abuse,bust_out_merchant,3,7,1,1,0,5,5,1,2,0
txn_605dbf2550c5,1064.64,0.6926,5,0,88,88,88,3,2,670.0,0.2121,57.76,566.0,0.2057,0.0611,0.3169,0.3423,30.0,2.0,1,merchant_ecosystem_abuse,bust_out_merchant,2,7,1,1,0,5,5,1,2,0
txn_19d20a8c74b4,1127.54,0.5919,7,0,88,88,88,3,2,670.0,0.2121,57.76,566.0,0.2057,0.0611,0.3169,0.3423,30.0,2.0,1,merchant_ecosystem_abuse,bust_out_merchant,3,7,1,1,0,5,5,1,2,0
txn_4502ca513e88,688.02,0.5789,8,0,88,88,88,1,2,670.0,0.2121,57.76,566.0,0.2057,0.0611,0.3169,0.3423,30.0,2.0,1,merchant_ecosystem_abuse,bust_out_merchant,3,7,1,1,0,0,0,0,2,0
