transaction_id,fraud_score,prediction,label,attack_bucket,attack_subtype,reason_codes
txn_a0545b1f3593,0.000265,0,0,,,session velocity lowers risk;device history lowers risk;customer account age lowers risk
txn_41d42f2738e7,0.000355,0,0,,,session velocity lowers risk;device history lowers risk;customer account age lowers risk
txn_a703bf8e1397,0.000129,0,0,,,session velocity lowers risk;device history lowers risk;customer account age lowers risk
txn_fd19060fa6cd,7.7e-05,0,0,,,session velocity lowers risk;device history lowers risk;customer account age lowers risk
txn_86a400a5897e,0.00089,0,0,,,session velocity lowers risk;device history lowers risk;high generated risk score lowers risk
txn_4fb59943b19a,0.001376,0,0,,,device history lowers risk;session velocity lowers risk;high generated risk score lowers risk
txn_a700c28d743c,0.000408,0,0,,,device history lowers risk;session velocity lowers risk;high generated risk score lowers risk
txn_89560ffc8d2b,8.4e-05,0,0,,,device history lowers risk;session velocity lowers risk;merchant age lowers risk
txn_5a0036c081fc,7.1e-05,0,0,,,device history lowers risk;session velocity lowers risk;customer account age lowers risk
txn_a84ae569ea6c,0.000304,0,0,,,device history lowers risk;session velocity lowers risk;customer account age lowers risk
txn_c097b3f2f1ba,0.000587,0,0,,,session velocity lowers risk;high generated risk score lowers risk;customer account age lowers risk
txn_bd970e8cd1db,0.00021,0,0,,,session velocity lowers risk;customer account age lowers risk;merchant age lowers risk
txn_031519546e21,0.000102,0,0,,,session velocity lowers risk;merchant age lowers risk;customer account age lowers risk
txn_3c878ac1934d,0.000518,0,0,,,session velocity lowers risk;customer account age lowers risk;device history lowers risk
txn_edda4c1c33e3,0.000493,0,0,,,session velocity lowers risk;customer account age lowers risk;high generated risk score lowers risk
txn_6cf8c2b99854,8.4e-05,0,0,,,session velocity lowers risk;device history lowers risk;customer account age lowers risk
txn_b9313e6e2e4b,0.000358,0,0,,,session velocity lowers risk;device history lowers risk;high generated risk score lowers risk
txn_7c53b6ce6527,0.000233,0,0,,,session velocity lowers risk;merchant age lowers risk;device history lowers risk
txn_08465652a487,0.000634,0,0,,,session velocity lowers risk;device history lowers risk;high generated risk score lowers risk
txn_dc00de623299,0.000877,0,0,,,session velocity lowers risk;device history lowers risk;high generated risk score lowers risk
txn_24550bdfdbb5,0.000364,0,0,,,session velocity lowers risk;device history lowers risk;customer account age lowers risk
txn_507118b14732,0.000198,0,0,,,session velocity lowers risk;high generated risk score lowers risk;device history lowers risk
txn_fb0712859094,0.000337,0,0,,,session velocity lowers risk;device history lowers risk;customer account age lowers risk
txn_e0d6f555ead8,0.000463,0,0,,,session velocity lowers risk;high generated risk score lowers risk;device history lowers risk
txn_f22d2f38e7f2,0.001284,0,0,,,session velocity lowers risk;device history lowers risk;high generated risk score lowers risk
txn_afc3eedad75b,0.000203,0,0,,,session velocity lowers risk;merchant age lowers risk;device history lowers risk
txn_fa4d56b17412,0.000861,0,0,,,session velocity lowers risk;device history lowers risk;high generated risk score lowers risk
txn_f28b4ce1807b,0.0014,0,0,,,session velocity lowers risk;device history lowers risk;high generated risk score lowers risk
txn_e61d8499aa0e,0.00182,0,0,,,session velocity lowers risk;device history lowers risk;high generated risk score lowers risk
txn_f84cf2fb17f7,0.000686,0,0,,,session velocity lowers risk;device history lowers risk;merchant age lowers risk
txn_bcdab0753187,0.000326,0,0,,,session velocity lowers risk;device history lowers risk;merchant age lowers risk
txn_c3a0402b6f01,0.001189,0,0,,,session velocity lowers risk;device history lowers risk;high generated risk score lowers risk
txn_ad954d59c9e9,0.000546,0,0,,,session velocity lowers risk;device history lowers risk;high generated risk score lowers risk
txn_edec3961f5ae,5.4e-05,0,0,,,session velocity lowers risk;device history lowers risk;merchant age lowers risk
txn_1997e7a7051a,0.000255,0,0,,,session velocity lowers risk;device history lowers risk;high generated risk score lowers risk
txn_721908612a6f,0.000167,0,0,,,session velocity lowers risk;merchant age lowers risk;device history lowers risk
txn_7644dc50f04c,0.001278,0,0,,,session velocity lowers risk;device history lowers risk;customer account age lowers risk
txn_560d9aa6b400,0.001255,0,0,,,session velocity lowers risk;device history lowers risk;customer account age lowers risk
txn_ac49afbb82cf,0.000664,0,0,,,session velocity lowers risk;device history lowers risk;high generated risk score lowers risk
txn_a47a850209a2,0.000389,0,0,,,session velocity lowers risk;device history lowers risk;high generated risk score lowers risk
txn_409b838b09c6,0.007839,0,0,,,session velocity lowers risk;high generated risk score lowers risk;merchant age lowers risk
txn_657505381577,0.026471,0,0,,,session velocity lowers risk;high generated risk score lowers risk;IP velocity lowers risk
txn_d4594fa40c55,0.009714,0,0,,,session velocity lowers risk;high generated risk score lowers risk;merchant refund behavior lowers risk
txn_80e848496060,0.001826,0,0,,,session velocity lowers risk;merchant age lowers risk;high generated risk score lowers risk
txn_e1b0e187243c,0.002759,0,0,,,session velocity lowers risk;high generated risk score lowers risk;customer account age lowers risk
txn_c2c6a025515b,0.004698,0,0,,,session velocity lowers risk;high generated risk score lowers risk;customer account age lowers risk
txn_357a634c20ab,0.001704,0,0,,,session velocity lowers risk;high generated risk score lowers risk;customer account age lowers risk
txn_09dc1fea8c82,0.000728,0,0,,,session velocity lowers risk;high generated risk score lowers risk;merchant age lowers risk
txn_3dbd615a4c8e,0.002045,0,0,,,session velocity lowers risk;merchant age lowers risk;high generated risk score lowers risk
txn_cae671827d44,0.007861,0,0,,,session velocity lowers risk;high generated risk score lowers risk;merchant age lowers risk
txn_c38aff61370a,0.008525,0,0,,,session velocity lowers risk;high generated risk score lowers risk;IP velocity lowers risk
txn_a6f57400d88b,0.00203,0,0,,,session velocity lowers risk;merchant age lowers risk;high generated risk score lowers risk
txn_be43eac20c54,0.004736,0,0,,,session velocity lowers risk;high generated risk score lowers risk;merchant age lowers risk
txn_b7e1414cdffd,0.000824,0,0,,,session velocity lowers risk;merchant age lowers risk;high generated risk score lowers risk
txn_a0e33a062c16,0.006737,0,0,,,session velocity lowers risk;high generated risk score lowers risk;IP velocity lowers risk
txn_931c2be7ad5d,0.001292,0,0,,,session velocity lowers risk;device history lowers risk;high generated risk score lowers risk
txn_7be8b536a894,8.6e-05,0,0,,,session velocity lowers risk;device history lowers risk;customer account age lowers risk
txn_628b5ff1fe3b,7.8e-05,0,0,,,session velocity lowers risk;device history lowers risk;customer account age lowers risk
txn_6d3c5a47956c,0.000155,0,0,,,session velocity lowers risk;device history lowers risk;customer account age lowers risk
txn_e5f597e7a43a,0.000185,0,0,,,session velocity lowers risk;device history lowers risk;customer account age lowers risk
txn_067f12af16fc,0.000126,0,0,,,device history lowers risk;session velocity lowers risk;customer account age lowers risk
txn_583743f1a209,2.4e-05,0,0,,,device history lowers risk;session velocity lowers risk;merchant age lowers risk
txn_0f266fd42cdf,7.3e-05,0,0,,,device history lowers risk;session velocity lowers risk;customer account age lowers risk
txn_019918b056ed,0.000168,0,0,,,device history lowers risk;session velocity lowers risk;customer account age lowers risk
txn_adfa79ba32fa,0.000139,0,0,,,device history lowers risk;session velocity lowers risk;customer account age lowers risk
txn_0544286fc6f2,0.000147,0,0,,,session velocity lowers risk;device history lowers risk;customer account age lowers risk
txn_f8be67541d8d,3.9e-05,0,0,,,session velocity lowers risk;device history lowers risk;merchant age lowers risk
txn_4d67f268378c,0.000135,0,0,,,session velocity lowers risk;device history lowers risk;high generated risk score lowers risk
txn_fb827d90bd9d,0.000157,0,0,,,session velocity lowers risk;device history lowers risk;customer account age lowers risk
txn_9e6a1227edca,2.5e-05,0,0,,,session velocity lowers risk;device history lowers risk;customer account age lowers risk
txn_4a5a5fa43829,0.000883,0,0,,,session velocity lowers risk;customer account age lowers risk;high generated risk score lowers risk
txn_ffcd78264fc7,0.000253,0,0,,,session velocity lowers risk;merchant age lowers risk;customer account age lowers risk
txn_868c36672859,0.001795,0,0,,,session velocity lowers risk;customer account age lowers risk;high generated risk score lowers risk
txn_d3e105020e39,0.001546,0,0,,,session velocity lowers risk;customer account age lowers risk;high generated risk score lowers risk
txn_6c37b0358b8f,0.00113,0,0,,,session velocity lowers risk;customer account age lowers risk;high generated risk score lowers risk
txn_f8bd7a133036,0.000648,0,0,,,session velocity lowers risk;customer account age lowers risk;high generated risk score lowers risk
txn_b0ed966d5d94,0.006104,0,0,,,session velocity lowers risk;high generated risk score lowers risk;merchant age lowers risk
txn_95f344d06976,0.011212,0,0,,,session velocity lowers risk;high generated risk score lowers risk;customer decline history lowers risk
txn_006cab306d05,0.012024,0,0,,,session velocity lowers risk;high generated risk score lowers risk;IP velocity lowers risk
txn_84c410ea5aba,0.002847,0,0,,,session velocity lowers risk;merchant age lowers risk;high generated risk score lowers risk
txn_a279e238d1dd,0.000851,0,0,,,session velocity lowers risk;device history lowers risk;high generated risk score lowers risk
txn_fc3ef2cb4e14,0.001572,0,0,,,session velocity lowers risk;device history lowers risk;high generated risk score lowers risk
txn_c00f4550d313,0.000769,0,0,,,session velocity lowers risk;device history lowers risk;high generated risk score lowers risk
txn_fca538de4e18,0.000562,0,0,,,session velocity lowers risk;device history lowers risk;merchant age lowers risk
txn_784c55abf84c,0.000232,0,0,,,session velocity lowers risk;device history lowers risk;merchant age lowers risk
txn_76981d5d4024,0.00901,0,0,,,session velocity lowers risk;high generated risk score lowers risk;merchant age lowers risk
txn_8daf110edb83,0.009771,0,0,,,session velocity lowers risk;high generated risk score lowers risk;customer decline history lowers risk
txn_ee89a3d5b775,0.001604,0,0,,,session velocity lowers risk;merchant age lowers risk;high generated risk score lowers risk
txn_ae28c9043f58,0.006683,0,0,,,session velocity lowers risk;high generated risk score lowers risk;merchant age lowers risk
txn_202ec47ec02b,0.002737,0,0,,,session velocity lowers risk;merchant age lowers risk;high generated risk score lowers risk
txn_ba429c089630,0.018433,0,0,,,session velocity lowers risk;high generated risk score lowers risk;merchant refund behavior lowers risk
txn_7ab743c7d4a9,0.008748,0,0,,,session velocity lowers risk;high generated risk score lowers risk;IP velocity lowers risk
txn_ccfaef4849e0,0.004148,0,0,,,session velocity lowers risk;high generated risk score lowers risk;merchant age lowers risk
txn_85eee4f5fc6c,0.003259,0,0,,,session velocity lowers risk;high generated risk score lowers risk;merchant age lowers risk
txn_9d32b43a0d07,0.004055,0,0,,,session velocity lowers risk;high generated risk score lowers risk;merchant age lowers risk
txn_3314a7d9b690,0.001561,0,0,,,session velocity lowers risk;device history lowers risk;high generated risk score lowers risk
txn_8f634c05a85e,0.002435,0,0,,,session velocity lowers risk;device history lowers risk;high generated risk score lowers risk
txn_bcfdc5bd0e39,0.000138,0,0,,,session velocity lowers risk;merchant age lowers risk;device history lowers risk
txn_fbdc739ac6ea,0.001169,0,0,,,session velocity lowers risk;device history lowers risk;high generated risk score lowers risk
txn_f973e64dcb18,0.003378,0,0,,,session velocity lowers risk;device history lowers risk;high generated risk score lowers risk
txn_5f1c8ee99471,0.920937,1,1,credential_based_fraud,card_testing,IP velocity lowers risk;device history raises risk;failed login activity lowers risk
txn_6970b300f227,0.938916,1,1,credential_based_fraud,card_testing,high generated risk score raises risk;IP velocity lowers risk;failed login activity lowers risk
txn_6bf0bd5b5e0b,0.929711,1,1,credential_based_fraud,card_testing,high generated risk score raises risk;IP velocity lowers risk;failed login activity lowers risk
txn_ede3fb04c2f1,0.923128,1,1,credential_based_fraud,card_testing,failed login activity lowers risk;IP velocity lowers risk;session velocity raises risk
txn_f76d5fc1337e,0.956089,1,1,credential_based_fraud,card_testing,high generated risk score raises risk;device history raises risk;failed login activity lowers risk
txn_74c91ecc5d45,0.947152,1,1,credential_based_fraud,card_testing,high generated risk score raises risk;failed login activity lowers risk;session velocity raises risk
txn_5375967b8476,0.93201,1,1,credential_based_fraud,card_testing,failed login activity lowers risk;session velocity raises risk;merchant age raises risk
txn_ad0d4543fb2f,0.92502,1,1,credential_based_fraud,card_testing,failed login activity lowers risk;session velocity raises risk;merchant age raises risk
txn_f22462a93479,0.92213,1,1,credential_based_fraud,card_testing,device history raises risk;failed login activity lowers risk;session velocity raises risk
txn_85b2b6a0bf23,0.926261,1,1,credential_based_fraud,card_testing,high generated risk score lowers risk;failed login activity lowers risk;session velocity raises risk
txn_82d337a54294,0.943646,1,1,credential_based_fraud,card_testing,failed login activity lowers risk;session velocity raises risk;merchant age raises risk
txn_a823681d3015,0.970954,1,1,credential_based_fraud,card_testing,high generated risk score raises risk;failed login activity lowers risk;session velocity raises risk
txn_84b933f3ab0a,0.942087,1,1,credential_based_fraud,card_testing,device history raises risk;failed login activity lowers risk;session velocity raises risk
txn_8eb866f8a728,0.969001,1,1,credential_based_fraud,card_testing,high generated risk score raises risk;failed login activity lowers risk;session velocity raises risk
txn_18ed8b810982,0.948247,1,1,credential_based_fraud,card_testing,failed login activity lowers risk;session velocity raises risk;merchant age raises risk
txn_f20bc32f191b,0.962724,1,1,credential_based_fraud,card_testing,IP velocity raises risk;failed login activity lowers risk;session velocity raises risk
txn_cea1d73d04cb,0.962375,1,1,credential_based_fraud,card_testing,high generated risk score raises risk;device history raises risk;IP velocity raises risk
txn_5bed9ddf8327,0.944773,1,1,credential_based_fraud,card_testing,IP velocity raises risk;failed login activity lowers risk;session velocity raises risk
txn_1157bba3f718,0.970643,1,1,credential_based_fraud,card_testing,IP velocity raises risk;failed login activity lowers risk;session velocity raises risk
txn_e14a56af7416,0.978376,1,1,credential_based_fraud,card_testing,high generated risk score raises risk;IP velocity raises risk;failed login activity lowers risk
txn_9fa35a304901,0.939198,1,1,credential_based_fraud,card_testing,IP velocity raises risk;device history raises risk;high generated risk score lowers risk
txn_edf04da8febf,0.983125,1,1,credential_based_fraud,card_testing,high generated risk score raises risk;IP velocity raises risk;failed login activity lowers risk
txn_573204195711,0.975124,1,1,credential_based_fraud,card_testing,IP velocity raises risk;high generated risk score raises risk;failed login activity lowers risk
txn_a03f0d5807f3,0.969829,1,1,credential_based_fraud,card_testing,IP velocity raises risk;failed login activity lowers risk;session velocity raises risk
txn_3a60cc2c1c11,0.950917,1,1,credential_based_fraud,card_testing,IP velocity raises risk;device history raises risk;failed login activity lowers risk
txn_e5b8509e166e,0.961917,1,1,credential_based_fraud,card_testing,IP velocity raises risk;failed login activity lowers risk;session velocity raises risk
txn_3e00654c594b,0.955473,1,1,credential_based_fraud,card_testing,IP velocity raises risk;failed login activity lowers risk;session velocity raises risk
txn_fa0d1baf86e2,0.979685,1,1,credential_based_fraud,card_testing,IP velocity raises risk;high generated risk score raises risk;failed login activity lowers risk
txn_0c42b0f5c5b2,0.952958,1,1,credential_based_fraud,card_testing,IP velocity raises risk;device history raises risk;failed login activity lowers risk
txn_cd191c2f914c,0.938841,1,1,credential_based_fraud,card_testing,IP velocity raises risk;high generated risk score lowers risk;failed login activity lowers risk
txn_67b71d1a2182,0.968827,1,1,credential_based_fraud,card_testing,IP velocity raises risk;failed login activity lowers risk;session velocity raises risk
txn_c164cf682e93,0.966529,1,1,credential_based_fraud,card_testing,IP velocity raises risk;failed login activity lowers risk;session velocity raises risk
txn_fa46c2f493be,0.933861,1,1,credential_based_fraud,card_testing,device history raises risk;IP velocity raises risk;failed login activity lowers risk
txn_f0179051e51f,0.942113,1,1,credential_based_fraud,card_testing,failed login activity lowers risk;session velocity raises risk;merchant age raises risk
txn_1985d95a925e,0.974553,1,1,credential_based_fraud,card_testing,high generated risk score raises risk;failed login activity lowers risk;session velocity raises risk
txn_934a9bc518c7,0.960356,1,1,credential_based_fraud,card_testing,high generated risk score raises risk;failed login activity lowers risk;session velocity raises risk
txn_f6fcfffe6f9e,0.936614,1,1,credential_based_fraud,card_testing,device history raises risk;failed login activity lowers risk;session velocity raises risk
txn_0ce5a1aeb8c7,0.960214,1,1,credential_based_fraud,card_testing,failed login activity lowers risk;session velocity raises risk;merchant age raises risk
txn_a2a097f8debe,0.942958,1,1,credential_based_fraud,card_testing,failed login activity lowers risk;session velocity raises risk;merchant age raises risk
txn_b19829a9d288,0.968058,1,1,credential_based_fraud,card_testing,high generated risk score raises risk;failed login activity lowers risk;session velocity raises risk
txn_f31356f97a58,0.964325,1,1,credential_based_fraud,card_testing,high generated risk score raises risk;device history raises risk;failed login activity lowers risk
txn_67e7e4266d30,0.914282,1,1,credential_based_fraud,card_testing,high generated risk score lowers risk;failed login activity lowers risk;session velocity raises risk
txn_1e960b33f878,0.936196,1,1,credential_based_fraud,card_testing,failed login activity lowers risk;session velocity raises risk;merchant age raises risk
txn_75321dd356ed,0.955363,1,1,credential_based_fraud,card_testing,high generated risk score raises risk;failed login activity lowers risk;session velocity raises risk
txn_4d50aac06058,0.917621,1,1,credential_based_fraud,card_testing,device history raises risk;failed login activity lowers risk;session velocity raises risk
txn_bde76b0fb065,0.936848,1,1,credential_based_fraud,card_testing,failed login activity lowers risk;session velocity raises risk;merchant age raises risk
txn_9f8de8d4b3cb,0.952741,1,1,credential_based_fraud,card_testing,high generated risk score raises risk;failed login activity lowers risk;session velocity raises risk
txn_86c31c5aaa04,0.937456,1,1,credential_based_fraud,card_testing,failed login activity lowers risk;session velocity raises risk;merchant age raises risk
txn_4f781572423e,0.939943,1,1,credential_based_fraud,card_testing,device history raises risk;failed login activity lowers risk;session velocity raises risk
txn_db777409ede6,0.970261,1,1,credential_based_fraud,card_testing,high generated risk score raises risk;failed login activity lowers risk;session velocity raises risk
txn_8818e883ebd1,0.950747,1,1,credential_based_fraud,card_testing,failed login activity lowers risk;session velocity raises risk;merchant age raises risk
txn_c023fa34eb0a,0.93267,1,1,credential_based_fraud,card_testing,failed login activity lowers risk;session velocity raises risk;merchant age raises risk
txn_7d7750a5636f,0.943673,1,1,credential_based_fraud,card_testing,high generated risk score raises risk;device history raises risk;failed login activity lowers risk
txn_59cf376fb424,0.935966,1,1,credential_based_fraud,card_testing,failed login activity lowers risk;session velocity raises risk;merchant age raises risk
txn_51f4909ef0b6,0.964803,1,1,credential_based_fraud,card_testing,high generated risk score raises risk;failed login activity lowers risk;session velocity raises risk
txn_6f3470cf5c34,0.891631,1,1,credential_based_fraud,card_testing,high generated risk score lowers risk;failed login activity lowers risk;session velocity raises risk
txn_96f14da637f3,0.962532,1,1,credential_based_fraud,card_testing,high generated risk score raises risk;device history raises risk;failed login activity lowers risk
txn_70277be927b3,0.965967,1,1,credential_based_fraud,card_testing,high generated risk score raises risk;failed login activity lowers risk;session velocity raises risk
txn_f31f4ae765f5,0.935651,1,1,credential_based_fraud,card_testing,failed login activity lowers risk;session velocity raises risk;merchant age raises risk
txn_f4bc6da40731,0.956704,1,1,credential_based_fraud,card_testing,high generated risk score raises risk;failed login activity lowers risk;session velocity raises risk
txn_7e81a5cb1814,0.947476,1,1,credential_based_fraud,card_testing,high generated risk score raises risk;device history raises risk;failed login activity lowers risk
txn_2b696c1148c2,0.908771,1,1,credential_based_fraud,card_testing,failed login activity lowers risk;session velocity raises risk;merchant age raises risk
txn_92409c1f5028,0.957661,1,1,credential_based_fraud,card_testing,high generated risk score raises risk;failed login activity lowers risk;session velocity raises risk
txn_1645d8c1cb12,0.954265,1,1,credential_based_fraud,card_testing,failed login activity lowers risk;session velocity raises risk;high generated risk score raises risk
txn_60433feca55a,0.927445,1,1,credential_based_fraud,card_testing,device history raises risk;failed login activity lowers risk;session velocity raises risk
txn_126257723b1c,0.971807,1,1,credential_based_fraud,card_testing,high generated risk score raises risk;failed login activity lowers risk;session velocity raises risk
txn_aaf777cca8f0,0.947475,1,1,credential_based_fraud,card_testing,failed login activity lowers risk;session velocity raises risk;merchant age raises risk
txn_4caef6e0236f,0.966618,1,1,credential_based_fraud,card_testing,high generated risk score raises risk;failed login activity lowers risk;session velocity raises risk
txn_aa844a56ea91,0.944101,1,1,credential_based_fraud,card_testing,device history raises risk;failed login activity lowers risk;session velocity raises risk
txn_05c59b607638,0.955497,1,1,credential_based_fraud,card_testing,high generated risk score raises risk;failed login activity lowers risk;session velocity raises risk
txn_202c84bf85d3,0.920051,1,1,credential_based_fraud,card_testing,failed login activity lowers risk;session velocity raises risk;merchant age raises risk
txn_297e67cc97ef,0.938219,1,1,credential_based_fraud,card_testing,failed login activity lowers risk;session velocity raises risk;merchant age raises risk
txn_8e7d54eebbdb,0.896685,1,1,credential_based_fraud,card_testing,device history raises risk;high generated risk score lowers risk;failed login activity lowers risk
txn_dea6da282285,0.933815,1,1,credential_based_fraud,card_testing,failed login activity lowers risk;session velocity raises risk;merchant age raises risk
txn_8583b72288f7,0.959198,1,1,credential_based_fraud,card_testing,high generated risk score raises risk;failed login activity lowers risk;session velocity raises risk
txn_c021a75de047,0.952092,1,1,credential_based_fraud,card_testing,high generated risk score raises risk;failed login activity lowers risk;session velocity raises risk
txn_d791dd31afdc,0.953851,1,1,credential_based_fraud,card_testing,high generated risk score raises risk;device history raises risk;failed login activity lowers risk
txn_47ededa5fc58,0.962951,1,1,credential_based_fraud,card_testing,high generated risk score raises risk;failed login activity lowers risk;session velocity raises risk
txn_9029cb947627,0.959248,1,1,credential_based_fraud,card_testing,high generated risk score raises risk;failed login activity lowers risk;session velocity raises risk
txn_47b5e1de2413,0.91959,1,1,credential_based_fraud,card_testing,failed login activity lowers risk;session velocity raises risk;merchant age raises risk
txn_6283073b6c86,0.955465,1,1,credential_based_fraud,card_testing,high generated risk score raises risk;device history raises risk;failed login activity lowers risk
txn_b8b93013f4aa,0.944958,1,1,credential_based_fraud,card_testing,failed login activity lowers risk;session velocity raises risk;merchant age raises risk
txn_4c4a816ee362,0.903589,1,1,credential_based_fraud,card_testing,high generated risk score lowers risk;failed login activity lowers risk;session velocity raises risk
txn_f9204e39ec02,0.95583,1,1,credential_based_fraud,card_testing,high generated risk score raises risk;failed login activity lowers risk;session velocity raises risk
txn_bf0eaa12912e,0.897821,1,1,credential_based_fraud,card_testing,device history raises risk;high generated risk score lowers risk;failed login activity lowers risk
txn_a96bef8c8d26,0.938618,1,1,credential_based_fraud,card_testing,failed login activity lowers risk;session velocity raises risk;merchant age raises risk
txn_e32382dc0a33,0.882999,1,1,credential_based_fraud,card_testing,failed login activity lowers risk;high generated risk score lowers risk;session velocity raises risk
txn_69194875437f,0.949099,1,1,credential_based_fraud,card_testing,high generated risk score raises risk;failed login activity lowers risk;session velocity raises risk
txn_e286a9a000c0,0.925905,1,1,credential_based_fraud,card_testing,device history raises risk;failed login activity lowers risk;session velocity raises risk
txn_d1c2bef8cd48,0.92567,1,1,credential_based_fraud,card_testing,failed login activity lowers risk;session velocity raises risk;merchant age raises risk
txn_200230e59e73,0.96194,1,1,credential_based_fraud,card_testing,high generated risk score raises risk;failed login activity lowers risk;session velocity raises risk
txn_c76c1251c0ff,0.933652,1,1,credential_based_fraud,card_testing,failed login activity lowers risk;session velocity raises risk;merchant age raises risk
txn_531f65686634,0.935114,1,1,credential_based_fraud,card_testing,device history raises risk;failed login activity lowers risk;session velocity raises risk
txn_5330e00749c3,0.924784,1,1,credential_based_fraud,card_testing,failed login activity lowers risk;session velocity raises risk;merchant age raises risk
txn_7fab81384161,0.936065,1,1,credential_based_fraud,card_testing,high generated risk score raises risk;failed login activity lowers risk;session velocity raises risk
txn_b294986a2f72,0.95483,1,1,credential_based_fraud,card_testing,high generated risk score raises risk;failed login activity lowers risk;session velocity raises risk
txn_6fe319368fa3,0.95041,1,1,credential_based_fraud,card_testing,high generated risk score raises risk;device history raises risk;failed login activity lowers risk
txn_2a9f98cefee7,0.94912,1,1,credential_based_fraud,card_testing,high generated risk score raises risk;failed login activity lowers risk;session velocity raises risk
txn_7337df88f675,0.932809,1,1,credential_based_fraud,card_testing,failed login activity lowers risk;session velocity raises risk;merchant age raises risk
txn_a79a215b607f,0.934362,1,1,credential_based_fraud,card_testing,failed login activity lowers risk;session velocity raises risk;merchant age raises risk
txn_5d66b685495c,0.947217,1,1,credential_based_fraud,card_testing,high generated risk score raises risk;device history raises risk;failed login activity lowers risk
txn_ddfefe1f6de1,0.966774,1,1,credential_based_fraud,card_testing,high generated risk score raises risk;failed login activity lowers risk;IP velocity lowers risk
txn_4efe49a8d5ea,0.957811,1,1,credential_based_fraud,card_testing,high generated risk score raises risk;failed login activity lowers risk;IP velocity lowers risk
txn_db3f7bde01f9,0.963774,1,1,credential_based_fraud,card_testing,high generated risk score raises risk;failed login activity lowers risk;IP velocity lowers risk
txn_b198f37d1d7c,0.90819,1,1,credential_based_fraud,card_testing,device history raises risk;failed login activity lowers risk;IP velocity lowers risk
txn_a824431cf4d0,0.94903,1,1,credential_based_fraud,card_testing,high generated risk score raises risk;failed login activity lowers risk;IP velocity lowers risk
txn_3440fee682e6,0.941026,1,1,credential_based_fraud,card_testing,high generated risk score raises risk;failed login activity lowers risk;IP velocity lowers risk
txn_4f9362aae64f,0.946454,1,1,credential_based_fraud,card_testing,high generated risk score raises risk;failed login activity lowers risk;IP velocity lowers risk
txn_09c858b61826,0.945207,1,1,credential_based_fraud,card_testing,high generated risk score raises risk;device history raises risk;failed login activity lowers risk
txn_b4d8041fe59a,0.907852,1,1,credential_based_fraud,card_testing,failed login activity lowers risk;IP velocity lowers risk;session velocity raises risk
txn_d7a9497c2343,0.930535,1,1,credential_based_fraud,card_testing,IP velocity lowers risk;failed login activity lowers risk;session velocity raises risk
txn_be2e82cc9a07,0.924744,1,1,credential_based_fraud,card_testing,IP velocity lowers risk;failed login activity lowers risk;session velocity raises risk
txn_4c829bf136c1,0.933012,1,1,credential_based_fraud,card_testing,high generated risk score raises risk;device history raises risk;IP velocity lowers risk
txn_5c8ad399093d,0.956743,1,1,credential_based_fraud,card_testing,high generated risk score raises risk;IP velocity lowers risk;failed login activity lowers risk
txn_cfa172d8924d,0.967284,1,1,credential_based_fraud,card_testing,high generated risk score raises risk;IP velocity lowers risk;failed login activity lowers risk
txn_4d02e4ae00e7,0.949067,1,1,credential_based_fraud,card_testing,high generated risk score raises risk;IP velocity lowers risk;failed login activity lowers risk
txn_98260055da51,0.857529,1,1,credential_based_fraud,card_testing,device history raises risk;IP velocity lowers risk;failed login activity lowers risk
txn_1b75ccf94413,0.942249,1,1,credential_based_fraud,card_testing,IP velocity lowers risk;failed login activity lowers risk;session velocity raises risk
txn_b90499bcb5f6,0.901976,1,1,credential_based_fraud,card_testing,IP velocity lowers risk;failed login activity lowers risk;session velocity raises risk
txn_1fd22e82fc50,0.898017,1,1,credential_based_fraud,card_testing,IP velocity lowers risk;high generated risk score lowers risk;failed login activity lowers risk
txn_74e14ee376df,0.951284,1,1,credential_based_fraud,card_testing,high generated risk score raises risk;device history raises risk;IP velocity lowers risk
txn_f022ee0aa35c,0.933106,1,1,credential_based_fraud,card_testing,high generated risk score raises risk;IP velocity lowers risk;failed login activity lowers risk
txn_2b6c3975ea2a,0.92316,1,1,credential_based_fraud,card_testing,IP velocity lowers risk;failed login activity lowers risk;session velocity raises risk
txn_311ae408f0ca,0.955348,1,1,credential_based_fraud,card_testing,high generated risk score raises risk;IP velocity lowers risk;failed login activity lowers risk
txn_61af81ef89ac,0.882219,1,1,credential_based_fraud,card_testing,device history raises risk;IP velocity lowers risk;high generated risk score lowers risk
txn_d875376b406e,0.924931,1,1,credential_based_fraud,card_testing,IP velocity lowers risk;failed login activity lowers risk;session velocity raises risk
txn_e7fb12421573,0.956573,1,1,credential_based_fraud,card_testing,high generated risk score raises risk;IP velocity lowers risk;failed login activity lowers risk
txn_ba40505c24d3,0.943037,1,1,credential_based_fraud,card_testing,IP velocity lowers risk;high generated risk score raises risk;failed login activity lowers risk
txn_61424da2cdbd,0.940573,1,1,credential_based_fraud,card_testing,high generated risk score raises risk;device history raises risk;IP velocity lowers risk
txn_0224284e6c09,0.96423,1,1,credential_based_fraud,card_testing,high generated risk score raises risk;IP velocity lowers risk;failed login activity lowers risk
txn_d5080dbb43d3,0.900109,1,1,credential_based_fraud,card_testing,IP velocity lowers risk;failed login activity lowers risk;session velocity raises risk
txn_aded8b331f16,0.890844,1,1,credential_based_fraud,card_testing,IP velocity lowers risk;failed login activity lowers risk;session velocity raises risk
txn_991e5906c8c5,0.949117,1,1,credential_based_fraud,card_testing,high generated risk score raises risk;device history raises risk;IP velocity lowers risk
txn_3f49e76b6a0b,0.937096,1,1,credential_based_fraud,card_testing,IP velocity lowers risk;high generated risk score raises risk;failed login activity lowers risk
txn_09cfaf6f2556,0.956713,1,1,credential_based_fraud,card_testing,high generated risk score raises risk;IP velocity lowers risk;failed login activity lowers risk
txn_fdb47be20dd7,0.878849,1,1,credential_based_fraud,card_testing,session velocity lowers risk;high generated risk score raises risk;IP velocity lowers risk
txn_466f5ce83d76,0.803637,1,1,credential_based_fraud,card_testing,session velocity lowers risk;high generated risk score raises risk;device history raises risk
txn_c28725df4c25,0.900511,1,1,credential_based_fraud,card_not_present,device history raises risk;IP velocity lowers risk;merchant refund behavior raises risk
txn_42e5efb08350,0.933793,1,1,credential_based_fraud,card_not_present,merchant refund behavior raises risk;merchant chargeback behavior lowers risk;IP velocity lowers risk
txn_cb143ab76c15,0.927875,1,1,credential_based_fraud,card_not_present,high generated risk score raises risk;merchant refund behavior raises risk;merchant chargeback behavior lowers risk
txn_69ed405480a6,0.92608,1,1,credential_based_fraud,card_not_present,merchant refund behavior raises risk;merchant chargeback behavior lowers risk;customer account age raises risk
txn_61d0beeb220e,0.880993,1,1,credential_based_fraud,card_not_present,device history raises risk;merchant refund behavior raises risk;merchant chargeback behavior lowers risk
txn_150f0920399a,0.933527,1,1,credential_based_fraud,card_not_present,merchant refund behavior raises risk;merchant chargeback behavior lowers risk;customer account age raises risk
txn_d3ff2ec09ac8,0.895747,1,1,credential_based_fraud,card_not_present,merchant refund behavior raises risk;merchant chargeback behavior lowers risk;customer account age raises risk
txn_e4585e7c7295,0.959859,1,1,credential_based_fraud,card_not_present,high generated risk score raises risk;merchant refund behavior raises risk;merchant chargeback behavior lowers risk
txn_285d36223fa7,0.95102,1,1,credential_based_fraud,card_not_present,device history raises risk;merchant refund behavior raises risk;merchant chargeback behavior lowers risk
txn_d4461a699e03,0.95695,1,1,credential_based_fraud,card_not_present,merchant refund behavior raises risk;merchant chargeback behavior lowers risk;customer account age raises risk
txn_84481651b7ed,0.953345,1,1,credential_based_fraud,card_not_present,merchant refund behavior raises risk;high generated risk score raises risk;merchant chargeback behavior lowers risk
txn_54c49e84cd1b,0.910438,1,1,credential_based_fraud,card_not_present,merchant refund behavior raises risk;high generated risk score lowers risk;merchant chargeback behavior lowers risk
txn_8f362d31c4db,0.955259,1,1,credential_based_fraud,card_not_present,device history raises risk;merchant refund behavior raises risk;merchant chargeback behavior lowers risk
txn_0ea87c2540bb,0.949446,1,1,credential_based_fraud,card_not_present,merchant refund behavior raises risk;merchant chargeback behavior lowers risk;customer account age raises risk
txn_1eb8123140f7,0.943297,1,1,credential_based_fraud,card_not_present,merchant refund behavior raises risk;merchant chargeback behavior lowers risk;IP velocity raises risk
txn_b56c2adfafdc,0.968753,1,1,credential_based_fraud,card_not_present,high generated risk score raises risk;merchant refund behavior raises risk;IP velocity raises risk
txn_e72a11008313,0.955676,1,1,credential_based_fraud,card_not_present,device history raises risk;merchant refund behavior raises risk;IP velocity raises risk
txn_0c7c2ae6b47c,0.920289,1,1,credential_based_fraud,card_not_present,merchant refund behavior raises risk;IP velocity raises risk;merchant chargeback behavior lowers risk
txn_a7c3bcc2220a,0.949211,1,1,credential_based_fraud,card_not_present,IP velocity raises risk;merchant refund behavior raises risk;merchant chargeback behavior lowers risk
txn_bcad9b2221ef,0.96866,1,1,credential_based_fraud,card_not_present,high generated risk score raises risk;IP velocity raises risk;merchant refund behavior raises risk
txn_ea0cc40b98d0,0.956497,1,1,credential_based_fraud,card_not_present,IP velocity raises risk;device history raises risk;merchant refund behavior raises risk
txn_67e9b2dc2997,0.968616,1,1,credential_based_fraud,card_not_present,IP velocity raises risk;merchant refund behavior raises risk;high generated risk score raises risk
txn_442425984ca4,0.978287,1,1,credential_based_fraud,card_not_present,IP velocity raises risk;high generated risk score raises risk;merchant refund behavior raises risk
txn_ea82a5eeef68,0.951625,1,1,credential_based_fraud,card_not_present,IP velocity raises risk;merchant refund behavior raises risk;merchant chargeback behavior lowers risk
txn_d983138ac13f,0.950071,1,1,credential_based_fraud,card_not_present,IP velocity raises risk;device history raises risk;merchant refund behavior raises risk
txn_032e0ab9abf1,0.942046,1,1,credential_based_fraud,card_not_present,IP velocity raises risk;merchant refund behavior raises risk;merchant chargeback behavior lowers risk
txn_249e8e0905d7,0.95026,1,1,credential_based_fraud,card_not_present,IP velocity raises risk;merchant refund behavior raises risk;merchant chargeback behavior lowers risk
txn_03d7cc3cc2a6,0.82818,1,1,credential_based_fraud,consumer_account_takeover,device history raises risk;merchant chargeback behavior raises risk;customer decline history lowers risk
txn_09fb1bda6f91,0.863356,1,1,credential_based_fraud,consumer_account_takeover,merchant chargeback behavior raises risk;customer decline history lowers risk;merchant refund behavior lowers risk
txn_bfaa89dc11b2,0.875217,1,1,credential_based_fraud,consumer_account_takeover,merchant chargeback behavior raises risk;customer decline history lowers risk;merchant refund behavior lowers risk
txn_b55e179fa06f,0.802499,1,1,credential_based_fraud,consumer_account_takeover,merchant chargeback behavior raises risk;customer decline history lowers risk;high generated risk score lowers risk
txn_4f03d9f08b21,0.863109,1,1,credential_based_fraud,consumer_account_takeover,device history raises risk;merchant chargeback behavior raises risk;customer decline history lowers risk
txn_48fd1ad9f9bd,0.834413,1,1,credential_based_fraud,consumer_account_takeover,merchant chargeback behavior raises risk;customer decline history lowers risk;merchant refund behavior lowers risk
txn_33febb2f27c0,0.88982,1,1,credential_based_fraud,consumer_account_takeover,merchant chargeback behavior raises risk;customer decline history lowers risk;merchant refund behavior lowers risk
txn_d324c4cddae5,0.803107,1,1,credential_based_fraud,consumer_account_takeover,high generated risk score lowers risk;merchant chargeback behavior raises risk;customer decline history lowers risk
txn_2f84500b9af2,0.887003,1,1,credential_based_fraud,consumer_account_takeover,device history raises risk;merchant chargeback behavior raises risk;customer decline history lowers risk
txn_cc7369710e4a,0.881016,1,1,credential_based_fraud,consumer_account_takeover,merchant chargeback behavior raises risk;customer decline history lowers risk;merchant refund behavior lowers risk
txn_64a4d37fd81e,0.914987,1,1,credential_based_fraud,consumer_account_takeover,high generated risk score raises risk;merchant chargeback behavior raises risk;customer decline history lowers risk
txn_88968b6a52f0,0.912001,1,1,credential_based_fraud,consumer_account_takeover,high generated risk score raises risk;merchant chargeback behavior raises risk;customer decline history lowers risk
txn_915a8718f636,0.838271,1,1,credential_based_fraud,consumer_account_takeover,device history raises risk;merchant chargeback behavior raises risk;customer decline history lowers risk
txn_0d2f8aaec340,0.888994,1,1,credential_based_fraud,consumer_account_takeover,merchant chargeback behavior raises risk;customer decline history lowers risk;merchant refund behavior lowers risk
txn_1834fb30d0b0,0.804821,1,1,credential_based_fraud,consumer_account_takeover,high generated risk score lowers risk;merchant chargeback behavior raises risk;customer decline history lowers risk
txn_e07d59ab20d6,0.258405,1,1,credential_based_fraud,consumer_account_takeover,session velocity lowers risk;merchant chargeback behavior raises risk;customer decline history lowers risk
txn_d95eed48d4d8,0.94163,1,1,credential_based_fraud,merchant_admin_takeover,high generated risk score raises risk;merchant refund behavior raises risk;device history raises risk
txn_a16d1c5f516a,0.966376,1,1,credential_based_fraud,merchant_admin_takeover,merchant refund behavior raises risk;transaction_type_code lowers risk;failed login activity raises risk
txn_aeb237de8af6,0.948947,1,1,credential_based_fraud,merchant_admin_takeover,merchant refund behavior raises risk;transaction_type_code lowers risk;failed login activity raises risk
txn_d821cceaa6b9,0.956007,1,1,credential_based_fraud,merchant_admin_takeover,merchant refund behavior raises risk;transaction_type_code lowers risk;failed login activity raises risk
txn_9581112f364d,0.926059,1,1,credential_based_fraud,merchant_admin_takeover,merchant refund behavior raises risk;device history raises risk;transaction_type_code lowers risk
txn_ab08f80d4d3c,0.961014,1,1,credential_based_fraud,merchant_admin_takeover,merchant refund behavior raises risk;transaction_type_code lowers risk;failed login activity raises risk
txn_32ed321ca535,0.557902,1,1,credential_based_fraud,merchant_admin_takeover,session velocity lowers risk;merchant refund behavior raises risk;transaction_type_code lowers risk
txn_eeffbd74a2e4,0.868322,1,1,credential_based_fraud,credential_stuffing,device history raises risk;high generated risk score lowers risk;merchant chargeback behavior raises risk
txn_013afdc5ad0a,0.913445,1,1,credential_based_fraud,credential_stuffing,merchant chargeback behavior raises risk;session velocity raises risk;merchant age raises risk
txn_0dcbad942ed5,0.950276,1,1,credential_based_fraud,credential_stuffing,merchant chargeback behavior raises risk;session velocity raises risk;merchant age raises risk
txn_35e46ec7ed69,0.958885,1,1,credential_based_fraud,credential_stuffing,high generated risk score raises risk;merchant chargeback behavior raises risk;session velocity raises risk
txn_77de3565ce0c,0.861699,1,1,credential_based_fraud,credential_stuffing,device history raises risk;high generated risk score lowers risk;merchant chargeback behavior raises risk
txn_f310e16db3a2,0.930646,1,1,credential_based_fraud,credential_stuffing,merchant chargeback behavior raises risk;session velocity raises risk;merchant age raises risk
txn_d30a266f416e,0.93092,1,1,credential_based_fraud,credential_stuffing,merchant chargeback behavior raises risk;session velocity raises risk;merchant age raises risk
txn_1cdf4aac455f,0.960455,1,1,credential_based_fraud,credential_stuffing,merchant chargeback behavior raises risk;session velocity raises risk;merchant age raises risk
txn_f56741c802af,0.942054,1,1,credential_based_fraud,credential_stuffing,device history raises risk;merchant chargeback behavior raises risk;failed login activity lowers risk
txn_0ff085ed8a89,0.967398,1,1,credential_based_fraud,credential_stuffing,high generated risk score raises risk;merchant chargeback behavior raises risk;session velocity raises risk
txn_a3fa9f0c07c5,0.98046,1,1,credential_based_fraud,credential_stuffing,high generated risk score raises risk;merchant chargeback behavior raises risk;session velocity raises risk
txn_3bbb8036ea11,0.958607,1,1,credential_based_fraud,credential_stuffing,merchant chargeback behavior raises risk;IP velocity raises risk;session velocity raises risk
txn_091f30f519f1,0.954591,1,1,credential_based_fraud,credential_stuffing,device history raises risk;IP velocity raises risk;merchant chargeback behavior raises risk
txn_199f19294520,0.956827,1,1,credential_based_fraud,credential_stuffing,IP velocity raises risk;merchant chargeback behavior raises risk;session velocity raises risk
txn_ea39d6db23c6,0.97399,1,1,credential_based_fraud,credential_stuffing,high generated risk score raises risk;IP velocity raises risk;merchant chargeback behavior raises risk
txn_854730887155,0.973533,1,1,credential_based_fraud,credential_stuffing,high generated risk score raises risk;IP velocity raises risk;merchant chargeback behavior raises risk
txn_7fa86bab03ce,0.975694,1,1,credential_based_fraud,credential_stuffing,high generated risk score raises risk;IP velocity raises risk;device history raises risk
txn_4d69f54a739b,0.973339,1,1,credential_based_fraud,credential_stuffing,high generated risk score raises risk;IP velocity raises risk;merchant chargeback behavior raises risk
txn_ae1c5f9e5f60,0.975336,1,1,credential_based_fraud,credential_stuffing,IP velocity raises risk;merchant chargeback behavior raises risk;session velocity raises risk
txn_2969b345355d,0.983946,1,1,credential_based_fraud,credential_stuffing,high generated risk score raises risk;IP velocity raises risk;merchant chargeback behavior raises risk
txn_1e6688a98247,0.934303,1,1,credential_based_fraud,credential_stuffing,IP velocity raises risk;device history raises risk;high generated risk score lowers risk
txn_e340bb38017e,0.972404,1,1,credential_based_fraud,credential_stuffing,IP velocity raises risk;merchant chargeback behavior raises risk;session velocity raises risk
txn_87532fa302c8,0.981072,1,1,credential_based_fraud,credential_stuffing,IP velocity raises risk;high generated risk score raises risk;merchant chargeback behavior raises risk
txn_f117c2f35bf4,0.975524,1,1,credential_based_fraud,credential_stuffing,IP velocity raises risk;merchant chargeback behavior raises risk;session velocity raises risk
txn_6e9f58006151,0.943295,1,1,credential_based_fraud,credential_stuffing,IP velocity raises risk;device history raises risk;merchant chargeback behavior raises risk
txn_1cb96cb0b443,0.979857,1,1,credential_based_fraud,credential_stuffing,IP velocity raises risk;high generated risk score raises risk;merchant chargeback behavior raises risk
txn_3b5aa25e9cb1,0.969356,1,1,credential_based_fraud,credential_stuffing,high generated risk score raises risk;IP velocity raises risk;merchant chargeback behavior raises risk
txn_7a116bb4d810,0.96047,1,1,credential_based_fraud,credential_stuffing,merchant chargeback behavior raises risk;IP velocity raises risk;session velocity raises risk
txn_2f88abf6793a,0.962493,1,1,credential_based_fraud,credential_stuffing,device history raises risk;merchant chargeback behavior raises risk;IP velocity raises risk
txn_ad8b91e042d1,0.970853,1,1,credential_based_fraud,credential_stuffing,high generated risk score raises risk;merchant chargeback behavior raises risk;session velocity raises risk
txn_7b889fa44e40,0.96965,1,1,credential_based_fraud,credential_stuffing,high generated risk score raises risk;merchant chargeback behavior raises risk;session velocity raises risk
txn_7316669b354e,0.9797,1,1,credential_based_fraud,credential_stuffing,high generated risk score raises risk;merchant chargeback behavior raises risk;session velocity raises risk
txn_31569a0cc44d,0.949356,1,1,credential_based_fraud,credential_stuffing,device history raises risk;merchant chargeback behavior raises risk;failed login activity lowers risk
txn_ff72729e26d1,0.976622,1,1,credential_based_fraud,credential_stuffing,high generated risk score raises risk;merchant chargeback behavior raises risk;session velocity raises risk
txn_aca461cee8c1,0.938038,1,1,credential_based_fraud,credential_stuffing,high generated risk score lowers risk;merchant chargeback behavior raises risk;session velocity raises risk
txn_5935653eb3bb,0.971942,1,1,credential_based_fraud,credential_stuffing,high generated risk score raises risk;merchant chargeback behavior raises risk;session velocity raises risk
txn_fc4c8cbf4bb0,0.957439,1,1,credential_based_fraud,credential_stuffing,high generated risk score raises risk;device history raises risk;merchant chargeback behavior raises risk
txn_5fc7d0a62951,0.968128,1,1,credential_based_fraud,credential_stuffing,merchant chargeback behavior raises risk;high generated risk score raises risk;session velocity raises risk
txn_bca798823e78,0.962255,1,1,credential_based_fraud,credential_stuffing,high generated risk score raises risk;merchant chargeback behavior raises risk;session velocity raises risk
txn_9c4b0baad8f1,0.964154,1,1,credential_based_fraud,credential_stuffing,merchant chargeback behavior raises risk;session velocity raises risk;merchant age raises risk
txn_08791c5f488e,0.927894,1,1,credential_based_fraud,credential_stuffing,device history raises risk;merchant chargeback behavior raises risk;failed login activity lowers risk
txn_7f3d4c8b0ae6,0.969454,1,1,credential_based_fraud,credential_stuffing,high generated risk score raises risk;merchant chargeback behavior raises risk;session velocity raises risk
txn_b138ddd63d91,0.958027,1,1,credential_based_fraud,credential_stuffing,high generated risk score raises risk;merchant chargeback behavior raises risk;session velocity raises risk
txn_63be184f402c,0.937524,1,1,credential_based_fraud,credential_stuffing,merchant chargeback behavior raises risk;session velocity raises risk;merchant age raises risk
txn_376ec11691c3,0.950877,1,1,credential_based_fraud,credential_stuffing,high generated risk score raises risk;device history raises risk;merchant chargeback behavior raises risk
txn_3b6d92a82d20,0.955126,1,1,credential_based_fraud,credential_stuffing,merchant chargeback behavior raises risk;session velocity raises risk;merchant age raises risk
txn_b5a99d925f20,0.916434,1,1,credential_based_fraud,credential_stuffing,high generated risk score lowers risk;merchant chargeback behavior raises risk;session velocity raises risk
txn_4ea2c18d174d,0.942966,1,1,credential_based_fraud,credential_stuffing,merchant chargeback behavior raises risk;session velocity raises risk;merchant age raises risk
txn_dc07a27a932a,0.91406,1,1,credential_based_fraud,credential_stuffing,device history raises risk;merchant chargeback behavior raises risk;failed login activity lowers risk
txn_931338877404,0.915768,1,1,credential_based_fraud,credential_stuffing,high generated risk score lowers risk;merchant chargeback behavior raises risk;session velocity raises risk
txn_824535471cf8,0.96013,1,1,credential_based_fraud,credential_stuffing,merchant chargeback behavior raises risk;session velocity raises risk;merchant age raises risk
txn_18832b2548e0,0.914124,1,1,credential_based_fraud,credential_stuffing,merchant chargeback behavior raises risk;high generated risk score lowers risk;session velocity raises risk
txn_d2e5b64f24e3,0.946472,1,1,credential_based_fraud,credential_stuffing,high generated risk score raises risk;device history raises risk;merchant chargeback behavior raises risk
txn_d3455c260550,0.946805,1,1,credential_based_fraud,credential_stuffing,merchant chargeback behavior raises risk;session velocity raises risk;merchant age raises risk
txn_24a1eec65376,0.931729,1,1,credential_based_fraud,credential_stuffing,merchant chargeback behavior raises risk;session velocity raises risk;high generated risk score lowers risk
txn_ef16b6530e93,0.959181,1,1,credential_based_fraud,credential_stuffing,high generated risk score raises risk;merchant chargeback behavior raises risk;session velocity raises risk
txn_389af2d43518,0.902245,1,1,credential_based_fraud,credential_stuffing,device history raises risk;merchant chargeback behavior raises risk;failed login activity lowers risk
txn_c964f8187c7e,0.959945,1,1,credential_based_fraud,credential_stuffing,merchant chargeback behavior raises risk;session velocity raises risk;merchant age raises risk
txn_0356e6d771a5,0.96239,1,1,credential_based_fraud,credential_stuffing,high generated risk score raises risk;merchant chargeback behavior raises risk;session velocity raises risk
txn_98cd6c34fa1b,0.969716,1,1,credential_based_fraud,credential_stuffing,high generated risk score raises risk;merchant chargeback behavior raises risk;session velocity raises risk
txn_f50de5379959,0.895511,1,1,credential_based_fraud,credential_stuffing,device history raises risk;merchant chargeback behavior raises risk;failed login activity lowers risk
txn_d9189c614d04,0.9679,1,1,credential_based_fraud,credential_stuffing,high generated risk score raises risk;merchant chargeback behavior raises risk;session velocity raises risk
txn_668a0979bff2,0.970893,1,1,credential_based_fraud,credential_stuffing,high generated risk score raises risk;merchant chargeback behavior raises risk;session velocity raises risk
txn_b75a6f3e1837,0.950546,1,1,credential_based_fraud,credential_stuffing,merchant chargeback behavior raises risk;session velocity raises risk;merchant age raises risk
txn_ace30235da19,0.925425,1,1,credential_based_fraud,credential_stuffing,device history raises risk;merchant chargeback behavior raises risk;failed login activity lowers risk
txn_563f7dde9bbf,0.966305,1,1,credential_based_fraud,credential_stuffing,high generated risk score raises risk;merchant chargeback behavior raises risk;session velocity raises risk
txn_80f69e8b28e3,0.958829,1,1,credential_based_fraud,credential_stuffing,high generated risk score raises risk;merchant chargeback behavior raises risk;session velocity raises risk
txn_1df2f9bd93d3,0.953248,1,1,credential_based_fraud,credential_stuffing,merchant chargeback behavior raises risk;session velocity raises risk;merchant age raises risk
txn_0bf7c8ac810e,0.938877,1,1,credential_based_fraud,credential_stuffing,device history raises risk;high generated risk score raises risk;merchant chargeback behavior raises risk
txn_116d52c71462,0.961272,1,1,credential_based_fraud,credential_stuffing,high generated risk score raises risk;merchant chargeback behavior raises risk;session velocity raises risk
txn_407178aab453,0.952465,1,1,credential_based_fraud,credential_stuffing,high generated risk score raises risk;merchant chargeback behavior raises risk;session velocity raises risk
txn_4d0465164a5e,0.964771,1,1,credential_based_fraud,credential_stuffing,high generated risk score raises risk;merchant chargeback behavior raises risk;session velocity raises risk
txn_e9d849251d7d,0.909799,1,1,credential_based_fraud,credential_stuffing,device history raises risk;merchant chargeback behavior raises risk;failed login activity lowers risk
txn_e9949bdb6efe,0.948998,1,1,credential_based_fraud,credential_stuffing,merchant chargeback behavior raises risk;session velocity raises risk;merchant age raises risk
txn_6553bd2279ba,0.959871,1,1,credential_based_fraud,credential_stuffing,high generated risk score raises risk;merchant chargeback behavior raises risk;session velocity raises risk
txn_73b4310bccc5,0.907029,1,1,credential_based_fraud,credential_stuffing,merchant chargeback behavior raises risk;session velocity raises risk;high generated risk score lowers risk
txn_6c265dab824b,0.933189,1,1,credential_based_fraud,credential_stuffing,device history raises risk;high generated risk score raises risk;merchant chargeback behavior raises risk
txn_24c2d2c9eb1b,0.941444,1,1,credential_based_fraud,credential_stuffing,merchant chargeback behavior raises risk;session velocity raises risk;merchant age raises risk
txn_d7ff83f145a5,0.957054,1,1,credential_based_fraud,credential_stuffing,high generated risk score raises risk;merchant chargeback behavior raises risk;session velocity raises risk
txn_ba7483fe260b,0.933021,1,1,credential_based_fraud,credential_stuffing,merchant chargeback behavior raises risk;session velocity raises risk;merchant age raises risk
txn_384a7968a47e,0.928567,1,1,credential_based_fraud,credential_stuffing,device history raises risk;merchant chargeback behavior raises risk;failed login activity lowers risk
txn_ca8624c5cc90,0.923285,1,1,credential_based_fraud,credential_stuffing,merchant chargeback behavior raises risk;high generated risk score lowers risk;session velocity raises risk
txn_3c15bda486b8,0.923943,1,1,credential_based_fraud,credential_stuffing,merchant chargeback behavior raises risk;session velocity raises risk;merchant age raises risk
txn_214d7e46d4cd,0.901053,1,1,credential_based_fraud,credential_stuffing,high generated risk score lowers risk;merchant chargeback behavior raises risk;session velocity raises risk
txn_de480bff2c63,0.946864,1,1,credential_based_fraud,credential_stuffing,device history raises risk;merchant chargeback behavior raises risk;high generated risk score raises risk
txn_cee5de4f735e,0.944828,1,1,credential_based_fraud,credential_stuffing,merchant chargeback behavior raises risk;session velocity raises risk;merchant age raises risk
txn_c1b8dbe2c056,0.963945,1,1,credential_based_fraud,credential_stuffing,high generated risk score raises risk;merchant chargeback behavior raises risk;session velocity raises risk
txn_3a222b071cc9,0.921925,1,1,credential_based_fraud,credential_stuffing,merchant chargeback behavior raises risk;session velocity raises risk;merchant age raises risk
txn_d84c9e7b9b77,0.908544,1,1,credential_based_fraud,credential_stuffing,device history raises risk;merchant chargeback behavior raises risk;failed login activity lowers risk
txn_a9b956e300e6,0.929211,1,1,credential_based_fraud,credential_stuffing,merchant chargeback behavior raises risk;session velocity raises risk;merchant age raises risk
txn_78cde2ecea17,0.967236,1,1,credential_based_fraud,credential_stuffing,high generated risk score raises risk;merchant chargeback behavior raises risk;session velocity raises risk
txn_b575a5d9242a,0.926082,1,1,credential_based_fraud,credential_stuffing,high generated risk score lowers risk;merchant chargeback behavior raises risk;session velocity raises risk
txn_41c2408a951b,0.881202,1,1,credential_based_fraud,credential_stuffing,device history raises risk;merchant chargeback behavior raises risk;failed login activity lowers risk
txn_b188a6042284,0.968573,1,1,credential_based_fraud,credential_stuffing,high generated risk score raises risk;merchant chargeback behavior raises risk;session velocity raises risk
txn_e81ac147d716,0.967829,1,1,credential_based_fraud,credential_stuffing,high generated risk score raises risk;merchant chargeback behavior raises risk;session velocity raises risk
txn_b2ac2cd0e251,0.950448,1,1,credential_based_fraud,credential_stuffing,merchant chargeback behavior raises risk;session velocity raises risk;merchant age raises risk
txn_0dc6133d4b41,0.929209,1,1,credential_based_fraud,credential_stuffing,device history raises risk;merchant chargeback behavior raises risk;failed login activity lowers risk
txn_813d8a5df288,0.929738,1,1,credential_based_fraud,credential_stuffing,high generated risk score lowers risk;merchant chargeback behavior raises risk;IP velocity lowers risk
txn_593fb7b65769,0.939005,1,1,credential_based_fraud,credential_stuffing,merchant chargeback behavior raises risk;IP velocity lowers risk;session velocity raises risk
txn_1ad1a331045c,0.95825,1,1,credential_based_fraud,credential_stuffing,merchant chargeback behavior raises risk;high generated risk score raises risk;IP velocity lowers risk
txn_329e5bd2f0b4,0.904344,1,1,credential_based_fraud,credential_stuffing,device history raises risk;merchant chargeback behavior raises risk;failed login activity lowers risk
txn_bb71ebe633ec,0.92141,1,1,credential_based_fraud,credential_stuffing,merchant chargeback behavior raises risk;IP velocity lowers risk;session velocity raises risk
txn_b04501b7fa3e,0.943604,1,1,credential_based_fraud,credential_stuffing,merchant chargeback behavior raises risk;IP velocity lowers risk;session velocity raises risk
txn_47137b5da986,0.970284,1,1,credential_based_fraud,credential_stuffing,high generated risk score raises risk;merchant chargeback behavior raises risk;IP velocity lowers risk
txn_d47c8e1b39eb,0.93395,1,1,credential_based_fraud,credential_stuffing,device history raises risk;merchant chargeback behavior raises risk;failed login activity lowers risk
txn_b5bc96d546e9,0.955732,1,1,credential_based_fraud,credential_stuffing,high generated risk score raises risk;merchant chargeback behavior raises risk;IP velocity lowers risk
txn_769b083ff290,0.935619,1,1,credential_based_fraud,credential_stuffing,merchant chargeback behavior raises risk;IP velocity lowers risk;session velocity raises risk
txn_5d2bda72ca55,0.904638,1,1,credential_based_fraud,credential_stuffing,high generated risk score lowers risk;merchant chargeback behavior raises risk;IP velocity lowers risk
txn_c9601ac22939,0.881245,1,1,credential_based_fraud,credential_stuffing,device history raises risk;high generated risk score lowers risk;merchant chargeback behavior raises risk
txn_bac8dd6c3c62,0.956995,1,1,credential_based_fraud,credential_stuffing,merchant chargeback behavior raises risk;IP velocity lowers risk;session velocity raises risk
txn_0a9cac9bd7c3,0.93917,1,1,credential_based_fraud,credential_stuffing,merchant chargeback behavior raises risk;IP velocity lowers risk;session velocity raises risk
txn_8e52faaebc19,0.949528,1,1,credential_based_fraud,credential_stuffing,high generated risk score raises risk;merchant chargeback behavior raises risk;IP velocity lowers risk
txn_8427430a2a62,0.949242,1,1,credential_based_fraud,credential_stuffing,high generated risk score raises risk;device history raises risk;IP velocity lowers risk
txn_5dea72cdae2f,0.958858,1,1,credential_based_fraud,credential_stuffing,high generated risk score raises risk;IP velocity lowers risk;merchant chargeback behavior raises risk
txn_5bf9ac915610,0.932814,1,1,credential_based_fraud,credential_stuffing,IP velocity lowers risk;merchant chargeback behavior raises risk;session velocity raises risk
txn_be609dfdcdec,0.945095,1,1,credential_based_fraud,credential_stuffing,IP velocity lowers risk;merchant chargeback behavior raises risk;session velocity raises risk
txn_f44110ded01a,0.874721,1,1,credential_based_fraud,credential_stuffing,device history raises risk;IP velocity lowers risk;high generated risk score lowers risk
txn_48c51ab1fa4e,0.90629,1,1,credential_based_fraud,credential_stuffing,IP velocity lowers risk;merchant chargeback behavior raises risk;session velocity raises risk
txn_652daad17fce,0.942074,1,1,credential_based_fraud,credential_stuffing,IP velocity lowers risk;merchant chargeback behavior raises risk;session velocity raises risk
txn_210f4fb2d568,0.923211,1,1,credential_based_fraud,credential_stuffing,IP velocity lowers risk;merchant chargeback behavior raises risk;session velocity raises risk
txn_db47e6dffd64,0.888419,1,1,credential_based_fraud,credential_stuffing,device history raises risk;IP velocity lowers risk;merchant chargeback behavior raises risk
txn_9e20b2262643,0.956147,1,1,credential_based_fraud,credential_stuffing,high generated risk score raises risk;IP velocity lowers risk;merchant chargeback behavior raises risk
txn_8e1f8f384441,0.965869,1,1,credential_based_fraud,credential_stuffing,high generated risk score raises risk;IP velocity lowers risk;merchant chargeback behavior raises risk
txn_c4fa95aa4250,0.92135,1,1,credential_based_fraud,credential_stuffing,IP velocity lowers risk;merchant chargeback behavior raises risk;session velocity raises risk
txn_3a609a7a0c15,0.896514,1,1,credential_based_fraud,credential_stuffing,device history raises risk;IP velocity lowers risk;merchant chargeback behavior raises risk
txn_2e7487e37a2f,0.943223,1,1,credential_based_fraud,credential_stuffing,high generated risk score raises risk;IP velocity lowers risk;merchant chargeback behavior raises risk
txn_b8162f81b624,0.949578,1,1,credential_based_fraud,credential_stuffing,high generated risk score raises risk;IP velocity lowers risk;merchant chargeback behavior raises risk
txn_b5046b959684,0.907417,1,1,credential_based_fraud,credential_stuffing,IP velocity lowers risk;merchant chargeback behavior raises risk;high generated risk score lowers risk
txn_f90091ec3a42,0.943039,1,1,credential_based_fraud,credential_stuffing,high generated risk score raises risk;device history raises risk;IP velocity lowers risk
txn_cd4b13bf9be3,0.897299,1,1,credential_based_fraud,credential_stuffing,high generated risk score lowers risk;IP velocity lowers risk;merchant chargeback behavior raises risk
txn_32c386a41278,0.915687,1,1,credential_based_fraud,credential_stuffing,IP velocity lowers risk;merchant chargeback behavior raises risk;session velocity raises risk
txn_42b64c85c970,0.943207,1,1,credential_based_fraud,credential_stuffing,IP velocity lowers risk;merchant chargeback behavior raises risk;session velocity raises risk
txn_b69bc848117a,0.904237,1,1,credential_based_fraud,credential_stuffing,device history raises risk;IP velocity lowers risk;merchant chargeback behavior raises risk
txn_9e34ec8e08de,0.959248,1,1,credential_based_fraud,credential_stuffing,high generated risk score raises risk;IP velocity lowers risk;merchant chargeback behavior raises risk
txn_8b59386402d1,0.890379,1,1,credential_based_fraud,credential_stuffing,IP velocity lowers risk;merchant chargeback behavior raises risk;high generated risk score lowers risk
txn_0fc63e365e5d,0.924411,1,1,credential_based_fraud,credential_stuffing,IP velocity lowers risk;merchant chargeback behavior raises risk;session velocity raises risk
txn_31322c09782d,0.873931,1,1,credential_based_fraud,credential_stuffing,IP velocity lowers risk;device history raises risk;merchant chargeback behavior raises risk
txn_df720616df98,0.932984,1,1,credential_based_fraud,credential_stuffing,IP velocity lowers risk;merchant chargeback behavior raises risk;session velocity raises risk
txn_ab1df4a67fd2,0.938652,1,1,credential_based_fraud,credential_stuffing,IP velocity lowers risk;merchant chargeback behavior raises risk;session velocity raises risk
txn_5d7ede0dabaa,0.960351,1,1,credential_based_fraud,credential_stuffing,high generated risk score raises risk;IP velocity lowers risk;merchant chargeback behavior raises risk
txn_e2c47d0bfd15,0.936005,1,1,credential_based_fraud,credential_stuffing,high generated risk score raises risk;IP velocity lowers risk;device history raises risk
txn_4ec3aaff027c,0.937439,1,1,credential_based_fraud,credential_stuffing,IP velocity lowers risk;merchant chargeback behavior raises risk;session velocity raises risk
txn_2aa84571aa14,0.907488,1,1,credential_based_fraud,credential_stuffing,IP velocity lowers risk;merchant chargeback behavior raises risk;session velocity raises risk
txn_6f59d4943383,0.947838,1,1,credential_based_fraud,credential_stuffing,high generated risk score raises risk;IP velocity lowers risk;merchant chargeback behavior raises risk
txn_11208d479667,0.926339,1,1,credential_based_fraud,credential_stuffing,IP velocity lowers risk;device history raises risk;merchant chargeback behavior raises risk
txn_6e5b61aa7b01,0.908023,1,1,credential_based_fraud,credential_stuffing,IP velocity lowers risk;merchant chargeback behavior raises risk;session velocity raises risk
txn_e42df84f0656,0.951838,1,1,credential_based_fraud,credential_stuffing,IP velocity lowers risk;merchant chargeback behavior raises risk;session velocity raises risk
txn_7612a71272e1,0.920675,1,1,credential_based_fraud,credential_stuffing,IP velocity lowers risk;merchant chargeback behavior raises risk;session velocity raises risk
txn_5686d5c82803,0.88791,1,1,credential_based_fraud,credential_stuffing,IP velocity lowers risk;device history raises risk;merchant chargeback behavior raises risk
txn_3c8f72b55b28,0.940298,1,1,credential_based_fraud,credential_stuffing,IP velocity lowers risk;high generated risk score raises risk;merchant chargeback behavior raises risk
txn_0367d2e27aa4,0.940223,1,1,credential_based_fraud,credential_stuffing,IP velocity lowers risk;merchant chargeback behavior raises risk;session velocity raises risk
txn_09a92c79197f,0.923076,1,1,credential_based_fraud,credential_stuffing,IP velocity lowers risk;merchant chargeback behavior raises risk;session velocity raises risk
txn_bb905128e804,0.938249,1,1,credential_based_fraud,credential_stuffing,IP velocity lowers risk;device history raises risk;high generated risk score raises risk
txn_f567bcf702bd,0.898739,1,1,credential_based_fraud,credential_stuffing,IP velocity lowers risk;high generated risk score lowers risk;merchant chargeback behavior raises risk
txn_d415a1446c65,0.941454,1,1,credential_based_fraud,credential_stuffing,IP velocity lowers risk;merchant chargeback behavior raises risk;session velocity raises risk
txn_31324f240de8,0.957318,1,1,credential_based_fraud,credential_stuffing,high generated risk score raises risk;IP velocity lowers risk;merchant chargeback behavior raises risk
txn_67abf2ca502f,0.886446,1,1,credential_based_fraud,credential_stuffing,IP velocity lowers risk;device history raises risk;merchant chargeback behavior raises risk
txn_2b28e900954e,0.898162,1,1,credential_based_fraud,credential_stuffing,IP velocity lowers risk;high generated risk score lowers risk;merchant chargeback behavior raises risk
txn_a5568873dd86,0.88519,1,1,credential_based_fraud,credential_stuffing,IP velocity lowers risk;high generated risk score lowers risk;merchant chargeback behavior raises risk
txn_bdf3a15ad759,0.936905,1,1,credential_based_fraud,credential_stuffing,IP velocity lowers risk;merchant chargeback behavior raises risk;session velocity raises risk
txn_f29b425b5d76,0.942793,1,1,credential_based_fraud,credential_stuffing,high generated risk score raises risk;IP velocity lowers risk;device history raises risk
txn_4ecd913bdb61,0.89081,1,1,credential_based_fraud,credential_stuffing,IP velocity lowers risk;high generated risk score lowers risk;merchant chargeback behavior raises risk
txn_e24f1a2a0ec7,0.947421,1,1,credential_based_fraud,credential_stuffing,high generated risk score raises risk;IP velocity lowers risk;merchant chargeback behavior raises risk
txn_d1f2ffe927d4,0.94459,1,1,credential_based_fraud,credential_stuffing,IP velocity lowers risk;high generated risk score raises risk;merchant chargeback behavior raises risk
txn_881db55cac0c,0.897533,1,1,credential_based_fraud,credential_stuffing,IP velocity lowers risk;device history raises risk;merchant chargeback behavior raises risk
txn_561cc8ab643f,0.959912,1,1,credential_based_fraud,credential_stuffing,high generated risk score raises risk;IP velocity lowers risk;merchant chargeback behavior raises risk
txn_11817ac9f23d,0.908952,1,1,credential_based_fraud,credential_stuffing,IP velocity lowers risk;merchant chargeback behavior raises risk;high generated risk score lowers risk
txn_147bc04ee9b8,0.957511,1,1,credential_based_fraud,credential_stuffing,high generated risk score raises risk;IP velocity lowers risk;merchant chargeback behavior raises risk
txn_c997a413bd40,0.929067,1,1,credential_based_fraud,credential_stuffing,IP velocity lowers risk;high generated risk score raises risk;device history raises risk
txn_2e41dc01d699,0.919395,1,1,credential_based_fraud,credential_stuffing,IP velocity lowers risk;merchant chargeback behavior raises risk;session velocity raises risk
txn_357afdd1cabc,0.952519,1,1,credential_based_fraud,credential_stuffing,IP velocity lowers risk;merchant chargeback behavior raises risk;high generated risk score raises risk
txn_76612cfe03e4,0.904704,1,1,credential_based_fraud,credential_stuffing,IP velocity lowers risk;high generated risk score lowers risk;merchant chargeback behavior raises risk
txn_a76ae195bfe3,0.938873,1,1,credential_based_fraud,credential_stuffing,IP velocity lowers risk;device history raises risk;merchant chargeback behavior raises risk
txn_c8373c2ad20e,0.950411,1,1,credential_based_fraud,credential_stuffing,high generated risk score raises risk;IP velocity lowers risk;merchant chargeback behavior raises risk
txn_68e96ffbba7d,0.947092,1,1,credential_based_fraud,credential_stuffing,high generated risk score raises risk;IP velocity lowers risk;merchant chargeback behavior raises risk
txn_7f64df799ddd,0.907113,1,1,credential_based_fraud,credential_stuffing,IP velocity lowers risk;merchant chargeback behavior raises risk;session velocity raises risk
txn_452bddd916e5,0.945377,1,1,credential_based_fraud,credential_stuffing,high generated risk score raises risk;IP velocity lowers risk;device history raises risk
txn_46115213fe86,0.932278,1,1,credential_based_fraud,credential_stuffing,IP velocity lowers risk;merchant chargeback behavior raises risk;session velocity raises risk
txn_20f32597a5b7,0.956777,1,1,credential_based_fraud,credential_stuffing,high generated risk score raises risk;IP velocity lowers risk;merchant chargeback behavior raises risk
txn_7eb126743f40,0.944655,1,1,credential_based_fraud,credential_stuffing,IP velocity lowers risk;merchant chargeback behavior raises risk;session velocity raises risk
txn_330df930a529,0.875233,1,1,credential_based_fraud,credential_stuffing,IP velocity lowers risk;device history raises risk;merchant chargeback behavior raises risk
txn_9fbb7a8c6c02,0.91637,1,1,credential_based_fraud,credential_stuffing,IP velocity lowers risk;merchant chargeback behavior raises risk;session velocity raises risk
txn_bf572856c46e,0.9516,1,1,credential_based_fraud,credential_stuffing,high generated risk score raises risk;IP velocity lowers risk;merchant chargeback behavior raises risk
txn_f9829e3a4cd8,0.943163,1,1,credential_based_fraud,credential_stuffing,IP velocity lowers risk;merchant chargeback behavior raises risk;session velocity raises risk
txn_1bff182323e7,0.926671,1,1,credential_based_fraud,credential_stuffing,IP velocity lowers risk;device history raises risk;high generated risk score raises risk
txn_a5b3b0c6e067,0.950095,1,1,credential_based_fraud,credential_stuffing,IP velocity lowers risk;merchant chargeback behavior raises risk;session velocity raises risk
txn_c1578ec2b2ee,0.954427,1,1,credential_based_fraud,credential_stuffing,IP velocity lowers risk;high generated risk score raises risk;merchant chargeback behavior raises risk
txn_e54d5c261bf4,0.954289,1,1,credential_based_fraud,credential_stuffing,high generated risk score raises risk;IP velocity lowers risk;merchant chargeback behavior raises risk
txn_275b54ac2a3b,0.890521,1,1,credential_based_fraud,credential_stuffing,IP velocity lowers risk;device history raises risk;merchant chargeback behavior raises risk
txn_87090718091f,0.942296,1,1,credential_based_fraud,credential_stuffing,IP velocity lowers risk;merchant chargeback behavior raises risk;session velocity raises risk
txn_50fc4a0e8940,0.950681,1,1,credential_based_fraud,credential_stuffing,IP velocity lowers risk;high generated risk score raises risk;merchant chargeback behavior raises risk
txn_f9015514b0d8,0.961032,1,1,credential_based_fraud,credential_stuffing,high generated risk score raises risk;IP velocity lowers risk;merchant chargeback behavior raises risk
txn_c6d21afe6c98,0.884284,1,1,credential_based_fraud,credential_stuffing,IP velocity lowers risk;device history raises risk;merchant chargeback behavior raises risk
txn_1005d225a300,0.962873,1,1,credential_based_fraud,credential_stuffing,high generated risk score raises risk;IP velocity lowers risk;merchant chargeback behavior raises risk
txn_9cf3b52e143e,0.934988,1,1,credential_based_fraud,credential_stuffing,IP velocity lowers risk;merchant chargeback behavior raises risk;session velocity raises risk
txn_01d285a7fdd5,0.964662,1,1,credential_based_fraud,credential_stuffing,high generated risk score raises risk;IP velocity lowers risk;merchant chargeback behavior raises risk
txn_e8bd725fbc2e,0.934008,1,1,credential_based_fraud,credential_stuffing,high generated risk score raises risk;IP velocity lowers risk;device history raises risk
txn_3bc3a14f63b2,0.913128,1,1,credential_based_fraud,credential_stuffing,IP velocity lowers risk;merchant chargeback behavior raises risk;session velocity raises risk
txn_9ad28a80cea7,0.947703,1,1,credential_based_fraud,credential_stuffing,high generated risk score raises risk;IP velocity lowers risk;merchant chargeback behavior raises risk
txn_90403467f3e8,0.928324,1,1,credential_based_fraud,credential_stuffing,IP velocity lowers risk;merchant chargeback behavior raises risk;session velocity raises risk
txn_6bcbff21d47d,0.929532,1,1,credential_based_fraud,credential_stuffing,IP velocity lowers risk;device history raises risk;merchant chargeback behavior raises risk
txn_8bf89876a64c,0.891424,1,1,credential_based_fraud,credential_stuffing,IP velocity lowers risk;high generated risk score lowers risk;merchant chargeback behavior raises risk
txn_66e9ef1eff48,0.968969,1,1,credential_based_fraud,credential_stuffing,high generated risk score raises risk;IP velocity lowers risk;merchant chargeback behavior raises risk
txn_e60c35062695,0.917544,1,1,credential_based_fraud,credential_stuffing,IP velocity lowers risk;merchant chargeback behavior raises risk;high generated risk score lowers risk
txn_7735091bd4a9,0.899004,1,1,credential_based_fraud,credential_stuffing,IP velocity lowers risk;device history raises risk;merchant chargeback behavior raises risk
txn_8069948f61e8,0.924234,1,1,credential_based_fraud,credential_stuffing,IP velocity lowers risk;merchant chargeback behavior raises risk;session velocity raises risk
txn_073d9e1b2c0d,0.948714,1,1,credential_based_fraud,credential_stuffing,IP velocity lowers risk;merchant chargeback behavior raises risk;high generated risk score raises risk
txn_1b9389b28581,0.95102,1,1,credential_based_fraud,credential_stuffing,IP velocity lowers risk;merchant chargeback behavior raises risk;session velocity raises risk
txn_212ce5c6f9c6,0.892725,1,1,credential_based_fraud,credential_stuffing,IP velocity lowers risk;device history raises risk;merchant chargeback behavior raises risk
txn_c16307c4241e,0.941901,1,1,credential_based_fraud,credential_stuffing,IP velocity lowers risk;merchant chargeback behavior raises risk;session velocity raises risk
txn_c2ab51fbafdb,0.958144,1,1,credential_based_fraud,credential_stuffing,high generated risk score raises risk;IP velocity lowers risk;merchant chargeback behavior raises risk
txn_a6795f286ccd,0.928017,1,1,credential_based_fraud,credential_stuffing,IP velocity lowers risk;merchant chargeback behavior raises risk;session velocity raises risk
txn_2d7fe269a978,0.930784,1,1,credential_based_fraud,credential_stuffing,IP velocity lowers risk;device history raises risk;merchant chargeback behavior raises risk
txn_e18d41f072e5,0.945886,1,1,credential_based_fraud,credential_stuffing,IP velocity lowers risk;high generated risk score raises risk;merchant chargeback behavior raises risk
txn_bc07db28ff91,0.940125,1,1,credential_based_fraud,credential_stuffing,IP velocity lowers risk;merchant chargeback behavior raises risk;session velocity raises risk
txn_1e57835b51d0,0.889674,1,1,credential_based_fraud,credential_stuffing,IP velocity lowers risk;high generated risk score lowers risk;merchant chargeback behavior raises risk
txn_6e63d7c1d8cd,0.928028,1,1,credential_based_fraud,credential_stuffing,IP velocity lowers risk;device history raises risk;high generated risk score raises risk
txn_f22580d09552,0.937845,1,1,credential_based_fraud,credential_stuffing,IP velocity lowers risk;merchant chargeback behavior raises risk;session velocity raises risk
txn_51d2ac4b80a5,0.935235,1,1,credential_based_fraud,credential_stuffing,IP velocity lowers risk;merchant chargeback behavior raises risk;session velocity raises risk
txn_37ae05406d7f,0.955744,1,1,credential_based_fraud,credential_stuffing,high generated risk score raises risk;IP velocity lowers risk;merchant chargeback behavior raises risk
txn_69a961115224,0.907528,1,1,credential_based_fraud,credential_stuffing,IP velocity lowers risk;device history raises risk;merchant chargeback behavior raises risk
txn_cb247d892602,0.919532,1,1,credential_based_fraud,credential_stuffing,IP velocity lowers risk;merchant chargeback behavior raises risk;session velocity raises risk
txn_0ef3e9f424c5,0.952992,1,1,credential_based_fraud,credential_stuffing,IP velocity lowers risk;merchant chargeback behavior raises risk;high generated risk score raises risk
txn_345fa6571a12,0.911469,1,1,credential_based_fraud,credential_stuffing,IP velocity lowers risk;high generated risk score lowers risk;merchant chargeback behavior raises risk
txn_ce1450a2059e,0.936126,1,1,credential_based_fraud,credential_stuffing,high generated risk score raises risk;IP velocity lowers risk;device history raises risk
txn_b2937fd03d99,0.949439,1,1,credential_based_fraud,credential_stuffing,IP velocity lowers risk;merchant chargeback behavior raises risk;session velocity raises risk
txn_daca9aa23b79,0.922864,1,1,credential_based_fraud,credential_stuffing,IP velocity lowers risk;merchant chargeback behavior raises risk;session velocity raises risk
txn_e582ef81d7b6,0.946539,1,1,credential_based_fraud,credential_stuffing,high generated risk score raises risk;IP velocity lowers risk;merchant chargeback behavior raises risk
txn_8af6242ff293,0.949375,1,1,credential_based_fraud,credential_stuffing,high generated risk score raises risk;IP velocity lowers risk;device history raises risk
txn_3f4d9bdfde93,0.945982,1,1,credential_based_fraud,credential_stuffing,IP velocity lowers risk;merchant chargeback behavior raises risk;session velocity raises risk
txn_fef733c3ba10,0.928365,1,1,credential_based_fraud,credential_stuffing,IP velocity lowers risk;merchant chargeback behavior raises risk;session velocity raises risk
txn_3dda6f3773fc,0.941123,1,1,credential_based_fraud,credential_stuffing,IP velocity lowers risk;merchant chargeback behavior raises risk;session velocity raises risk
txn_1122dc5161a0,0.889234,1,1,credential_based_fraud,credential_stuffing,IP velocity lowers risk;device history raises risk;merchant chargeback behavior raises risk
txn_a798f9fa39ed,0.963256,1,1,credential_based_fraud,credential_stuffing,high generated risk score raises risk;IP velocity lowers risk;merchant chargeback behavior raises risk
txn_12fc7df717d4,0.926241,1,1,credential_based_fraud,credential_stuffing,IP velocity lowers risk;merchant chargeback behavior raises risk;session velocity raises risk
txn_1e1bf63bbed0,0.911274,1,1,credential_based_fraud,credential_stuffing,IP velocity lowers risk;merchant chargeback behavior raises risk;high generated risk score lowers risk
txn_873f716c84bf,0.920413,1,1,credential_based_fraud,credential_stuffing,IP velocity lowers risk;device history raises risk;merchant chargeback behavior raises risk
txn_8819876a2463,0.95434,1,1,credential_based_fraud,credential_stuffing,high generated risk score raises risk;IP velocity lowers risk;merchant chargeback behavior raises risk
txn_c62c97746a94,0.927187,1,1,credential_based_fraud,credential_stuffing,IP velocity lowers risk;merchant chargeback behavior raises risk;session velocity raises risk
txn_fa82c7340472,0.951212,1,1,credential_based_fraud,credential_stuffing,IP velocity lowers risk;merchant chargeback behavior raises risk;session velocity raises risk
txn_2dad31716778,0.939293,1,1,identity_onboarding_fraud,fraudulent_merchant_onboarding,merchant refund behavior raises risk;merchant age raises risk;session velocity raises risk
txn_ea6f4c49ae77,0.950932,1,1,identity_onboarding_fraud,fraudulent_merchant_onboarding,high generated risk score raises risk;merchant refund behavior raises risk;merchant age raises risk
txn_2d887b0a6db1,0.926353,1,1,identity_onboarding_fraud,fraudulent_merchant_onboarding,merchant refund behavior raises risk;merchant age raises risk;session velocity raises risk
txn_f6af2a18adcd,0.929975,1,1,identity_onboarding_fraud,fraudulent_merchant_onboarding,merchant refund behavior raises risk;merchant age raises risk;session velocity raises risk
txn_eca8f2d5a332,0.937735,1,1,identity_onboarding_fraud,fraudulent_merchant_onboarding,merchant refund behavior raises risk;merchant age raises risk;session velocity raises risk
txn_a4b71e4f5b82,0.923146,1,1,identity_onboarding_fraud,fraudulent_merchant_onboarding,merchant refund behavior raises risk;merchant age raises risk;session velocity raises risk
txn_df7ec3cc5251,0.943257,1,1,identity_onboarding_fraud,fraudulent_merchant_onboarding,merchant refund behavior raises risk;merchant age raises risk;session velocity raises risk
txn_2b36d24328e3,0.936639,1,1,identity_onboarding_fraud,fraudulent_merchant_onboarding,merchant refund behavior raises risk;merchant age raises risk;session velocity raises risk
txn_cb3f17e25231,0.927718,1,1,identity_onboarding_fraud,fraudulent_merchant_onboarding,high generated risk score lowers risk;merchant refund behavior raises risk;merchant age raises risk
txn_5f22846f7341,0.973287,1,1,identity_onboarding_fraud,fraudulent_merchant_onboarding,high generated risk score raises risk;merchant refund behavior raises risk;merchant age raises risk
txn_57115b86b4b3,0.943498,1,1,identity_onboarding_fraud,fraudulent_merchant_onboarding,merchant refund behavior raises risk;IP velocity raises risk;merchant age raises risk
txn_d4553cf313de,0.968278,1,1,identity_onboarding_fraud,fraudulent_merchant_onboarding,merchant refund behavior raises risk;IP velocity raises risk;merchant age raises risk
txn_8831afc8b4f7,0.947337,1,1,identity_onboarding_fraud,fraudulent_merchant_onboarding,merchant refund behavior raises risk;IP velocity raises risk;merchant age raises risk
txn_964710b11595,0.951607,1,1,identity_onboarding_fraud,fraudulent_merchant_onboarding,merchant refund behavior raises risk;IP velocity raises risk;high generated risk score lowers risk
txn_4bdfc74f237b,0.966506,1,1,identity_onboarding_fraud,fraudulent_merchant_onboarding,IP velocity raises risk;merchant refund behavior raises risk;high generated risk score raises risk
txn_1c17e9deba97,0.966458,1,1,identity_onboarding_fraud,fraudulent_merchant_onboarding,IP velocity raises risk;high generated risk score raises risk;merchant refund behavior raises risk
txn_715617e22c30,0.947693,1,1,identity_onboarding_fraud,fraudulent_merchant_onboarding,IP velocity raises risk;merchant refund behavior raises risk;merchant age raises risk
txn_417f8e8f0f02,0.959275,1,1,identity_onboarding_fraud,fraudulent_merchant_onboarding,IP velocity raises risk;merchant refund behavior raises risk;merchant age raises risk
txn_9cdfcf147761,0.95747,1,1,identity_onboarding_fraud,fraudulent_merchant_onboarding,IP velocity raises risk;merchant refund behavior raises risk;merchant age raises risk
txn_797c1a15a7d1,0.972187,1,1,identity_onboarding_fraud,fraudulent_merchant_onboarding,high generated risk score raises risk;IP velocity raises risk;merchant refund behavior raises risk
txn_59f68a369b94,0.969995,1,1,identity_onboarding_fraud,fraudulent_merchant_onboarding,IP velocity raises risk;high generated risk score raises risk;merchant refund behavior raises risk
txn_7a567bb5d30c,0.972797,1,1,identity_onboarding_fraud,fraudulent_merchant_onboarding,IP velocity raises risk;high generated risk score raises risk;merchant refund behavior raises risk
txn_d78ae7cefdef,0.944402,1,1,identity_onboarding_fraud,fraudulent_merchant_onboarding,IP velocity raises risk;merchant refund behavior raises risk;high generated risk score lowers risk
txn_4e82c6032406,0.938716,1,1,identity_onboarding_fraud,fraudulent_merchant_onboarding,IP velocity raises risk;merchant refund behavior raises risk;merchant age raises risk
txn_47dae21132b3,0.968149,1,1,identity_onboarding_fraud,fraudulent_merchant_onboarding,IP velocity raises risk;high generated risk score raises risk;merchant refund behavior raises risk
txn_2e5e67a504d9,0.960119,1,1,identity_onboarding_fraud,fraudulent_merchant_onboarding,merchant refund behavior raises risk;IP velocity raises risk;merchant age raises risk
txn_67ccc2901a94,0.94744,1,1,identity_onboarding_fraud,fraudulent_merchant_onboarding,merchant refund behavior raises risk;IP velocity raises risk;merchant age raises risk
txn_3fb36fc06e93,0.949964,1,1,identity_onboarding_fraud,fraudulent_merchant_onboarding,merchant refund behavior raises risk;IP velocity raises risk;merchant age raises risk
txn_44e72d4a74fd,0.941982,1,1,identity_onboarding_fraud,fraudulent_merchant_onboarding,merchant refund behavior raises risk;merchant age raises risk;session velocity raises risk
txn_60310483045a,0.939727,1,1,identity_onboarding_fraud,fraudulent_merchant_onboarding,merchant refund behavior raises risk;merchant age raises risk;session velocity raises risk
txn_680ad65dae53,0.935491,1,1,identity_onboarding_fraud,fraudulent_merchant_onboarding,merchant refund behavior raises risk;merchant age raises risk;session velocity raises risk
txn_3589b764b141,0.952186,1,1,identity_onboarding_fraud,fraudulent_merchant_onboarding,merchant refund behavior raises risk;merchant age raises risk;session velocity raises risk
txn_23d57c8ffa4b,0.946442,1,1,identity_onboarding_fraud,fraudulent_merchant_onboarding,merchant refund behavior raises risk;merchant age raises risk;session velocity raises risk
txn_75edddf60d51,0.952308,1,1,identity_onboarding_fraud,fraudulent_merchant_onboarding,merchant refund behavior raises risk;merchant age raises risk;session velocity raises risk
txn_8ede9e26d8d4,0.947807,1,1,identity_onboarding_fraud,fraudulent_merchant_onboarding,merchant refund behavior raises risk;merchant age raises risk;session velocity raises risk
txn_42d583784de1,0.962878,1,1,identity_onboarding_fraud,fraudulent_merchant_onboarding,merchant refund behavior raises risk;merchant age raises risk;high generated risk score raises risk
txn_4b07dab43583,0.852934,1,1,identity_onboarding_fraud,fraudulent_merchant_onboarding,session velocity lowers risk;high generated risk score raises risk;merchant refund behavior raises risk
txn_d78eeca50eac,0.863739,1,1,identity_onboarding_fraud,fraudulent_merchant_onboarding,session velocity lowers risk;high generated risk score raises risk;merchant refund behavior raises risk
txn_14f3a16ce9e5,0.842862,1,1,identity_onboarding_fraud,mule_account_creation,failed login activity raises risk;session velocity raises risk;merchant age lowers risk
txn_aef3a51af32a,0.945024,1,1,identity_onboarding_fraud,mule_account_creation,high generated risk score raises risk;failed login activity raises risk;session velocity raises risk
txn_5a504b180b78,0.852452,1,1,identity_onboarding_fraud,mule_account_creation,high generated risk score lowers risk;failed login activity raises risk;session velocity raises risk
txn_77253986229a,0.942619,1,1,identity_onboarding_fraud,mule_account_creation,high generated risk score raises risk;failed login activity raises risk;session velocity raises risk
txn_121c5eec42fc,0.89103,1,1,identity_onboarding_fraud,mule_account_creation,high generated risk score lowers risk;failed login activity raises risk;session velocity raises risk
txn_ea0516f7394a,0.895171,1,1,identity_onboarding_fraud,mule_account_creation,failed login activity raises risk;session velocity raises risk;merchant age lowers risk
txn_e5806d16c1bf,0.928033,1,1,identity_onboarding_fraud,mule_account_creation,failed login activity raises risk;session velocity raises risk;merchant age lowers risk
txn_4ea66ed2ca52,0.951718,1,1,identity_onboarding_fraud,mule_account_creation,high generated risk score raises risk;failed login activity raises risk;session velocity raises risk
txn_2b9789bf153e,0.950988,1,1,identity_onboarding_fraud,mule_account_creation,high generated risk score raises risk;failed login activity raises risk;session velocity raises risk
txn_16389fba7d6b,0.895657,1,1,identity_onboarding_fraud,mule_account_creation,high generated risk score lowers risk;IP velocity raises risk;failed login activity raises risk
txn_8bbd5ba3f39e,0.913831,1,1,identity_onboarding_fraud,mule_account_creation,IP velocity raises risk;failed login activity raises risk;session velocity raises risk
txn_f6f77874ecbf,0.928697,1,1,identity_onboarding_fraud,mule_account_creation,IP velocity raises risk;high generated risk score lowers risk;failed login activity raises risk
txn_406e85ccc1f2,0.948313,1,1,identity_onboarding_fraud,mule_account_creation,IP velocity raises risk;failed login activity raises risk;session velocity raises risk
txn_607ca6b703ab,0.882209,1,1,identity_onboarding_fraud,mule_account_creation,IP velocity raises risk;failed login activity raises risk;session velocity raises risk
txn_5387745b2bee,0.900317,1,1,identity_onboarding_fraud,mule_account_creation,IP velocity raises risk;failed login activity raises risk;session velocity raises risk
txn_0baa9a3ee650,0.909334,1,1,identity_onboarding_fraud,mule_account_creation,IP velocity raises risk;high generated risk score lowers risk;failed login activity raises risk
txn_7c2d2724b36e,0.926839,1,1,identity_onboarding_fraud,mule_account_creation,IP velocity raises risk;failed login activity raises risk;session velocity raises risk
txn_60bf73404388,0.925349,1,1,identity_onboarding_fraud,mule_account_creation,IP velocity raises risk;failed login activity raises risk;session velocity raises risk
txn_e4eff4676a2d,0.949396,1,1,identity_onboarding_fraud,mule_account_creation,IP velocity raises risk;failed login activity raises risk;session velocity raises risk
txn_b78245dc99f2,0.942448,1,1,identity_onboarding_fraud,mule_account_creation,IP velocity raises risk;failed login activity raises risk;session velocity raises risk
txn_e00b4c0014cb,0.940376,1,1,identity_onboarding_fraud,mule_account_creation,IP velocity raises risk;failed login activity raises risk;session velocity raises risk
txn_a4667f13e48f,0.949205,1,1,identity_onboarding_fraud,mule_account_creation,IP velocity raises risk;failed login activity raises risk;session velocity raises risk
txn_ce20d26508b4,0.961013,1,1,identity_onboarding_fraud,mule_account_creation,IP velocity raises risk;high generated risk score raises risk;failed login activity raises risk
txn_523b947a788a,0.9532,1,1,identity_onboarding_fraud,mule_account_creation,IP velocity raises risk;failed login activity raises risk;session velocity raises risk
txn_d95d11c58c82,0.94553,1,1,identity_onboarding_fraud,mule_account_creation,IP velocity raises risk;failed login activity raises risk;session velocity raises risk
txn_a97a13dc93dc,0.948218,1,1,identity_onboarding_fraud,mule_account_creation,high generated risk score raises risk;IP velocity raises risk;failed login activity raises risk
txn_cb4cbdb42cbe,0.933338,1,1,identity_onboarding_fraud,mule_account_creation,IP velocity raises risk;failed login activity raises risk;session velocity raises risk
txn_5f7bc30b770b,0.917897,1,1,identity_onboarding_fraud,mule_account_creation,failed login activity raises risk;session velocity raises risk;merchant age lowers risk
txn_faf059cca8ce,0.884707,1,1,identity_onboarding_fraud,mule_account_creation,high generated risk score lowers risk;failed login activity raises risk;session velocity raises risk
txn_dbcf2a0b2bc7,0.921995,1,1,identity_onboarding_fraud,mule_account_creation,failed login activity raises risk;session velocity raises risk;merchant age lowers risk
txn_963169e4042e,0.960673,1,1,identity_onboarding_fraud,mule_account_creation,high generated risk score raises risk;failed login activity raises risk;session velocity raises risk
txn_e528a83397d9,0.907988,1,1,identity_onboarding_fraud,mule_account_creation,high generated risk score lowers risk;failed login activity raises risk;session velocity raises risk
txn_13827af77ae9,0.927976,1,1,identity_onboarding_fraud,mule_account_creation,failed login activity raises risk;session velocity raises risk;merchant age lowers risk
txn_d54c850529af,0.865559,1,1,identity_onboarding_fraud,mule_account_creation,high generated risk score lowers risk;failed login activity raises risk;session velocity raises risk
txn_5fa63de901bf,0.861153,1,1,identity_onboarding_fraud,mule_account_creation,high generated risk score lowers risk;failed login activity raises risk;session velocity raises risk
txn_54707e64df29,0.940262,1,1,identity_onboarding_fraud,mule_account_creation,high generated risk score raises risk;failed login activity raises risk;session velocity raises risk
txn_3d56d036d8ef,0.94569,1,1,identity_onboarding_fraud,mule_account_creation,high generated risk score raises risk;failed login activity raises risk;session velocity raises risk
txn_ae9bcf75025e,0.902914,1,1,identity_onboarding_fraud,mule_account_creation,failed login activity raises risk;session velocity raises risk;merchant age lowers risk
txn_5a1717a6d4c8,0.900548,1,1,identity_onboarding_fraud,mule_account_creation,failed login activity raises risk;session velocity raises risk;merchant age lowers risk
txn_0e55a418e9c0,0.905603,1,1,identity_onboarding_fraud,mule_account_creation,failed login activity raises risk;session velocity raises risk;merchant age lowers risk
txn_4dd73b91bd8f,0.896229,1,1,identity_onboarding_fraud,mule_account_creation,failed login activity raises risk;session velocity raises risk;merchant age lowers risk
txn_a47f0c7828cb,0.895426,1,1,identity_onboarding_fraud,mule_account_creation,failed login activity raises risk;session velocity raises risk;merchant age lowers risk
txn_7fd21db50a02,0.940343,1,1,identity_onboarding_fraud,mule_account_creation,high generated risk score raises risk;failed login activity raises risk;session velocity raises risk
txn_6ff98bb289e3,0.91683,1,1,identity_onboarding_fraud,mule_account_creation,high generated risk score raises risk;failed login activity raises risk;session velocity raises risk
txn_22c979949c48,0.85958,1,1,identity_onboarding_fraud,mule_account_creation,high generated risk score lowers risk;failed login activity raises risk;session velocity raises risk
txn_5cc3aa3601d5,0.840908,1,1,identity_onboarding_fraud,stolen_identity_signup,high generated risk score lowers risk;session velocity raises risk;customer decline history raises risk
txn_7d5ef0d2f596,0.927673,1,1,identity_onboarding_fraud,stolen_identity_signup,high generated risk score raises risk;session velocity raises risk;customer decline history raises risk
txn_1355812694e8,0.916998,1,1,identity_onboarding_fraud,stolen_identity_signup,high generated risk score raises risk;session velocity raises risk;customer decline history raises risk
txn_0d29c4384a42,0.927973,1,1,identity_onboarding_fraud,stolen_identity_signup,high generated risk score raises risk;session velocity raises risk;customer decline history raises risk
txn_79c2d49d1bbf,0.93265,1,1,identity_onboarding_fraud,stolen_identity_signup,high generated risk score raises risk;session velocity raises risk;customer decline history raises risk
txn_329f717367c2,0.866877,1,1,identity_onboarding_fraud,stolen_identity_signup,session velocity raises risk;customer decline history raises risk;high generated risk score lowers risk
txn_5ab5a14e6216,0.914059,1,1,identity_onboarding_fraud,stolen_identity_signup,session velocity raises risk;customer decline history raises risk;customer_historical_spend_mean raises risk
txn_678ca79ef357,0.896085,1,1,identity_onboarding_fraud,stolen_identity_signup,session velocity raises risk;high generated risk score lowers risk;IP velocity raises risk
txn_e1f90fd95d7a,0.925254,1,1,identity_onboarding_fraud,stolen_identity_signup,IP velocity raises risk;session velocity raises risk;customer decline history raises risk
txn_abf9a7ef91c5,0.944378,1,1,identity_onboarding_fraud,stolen_identity_signup,IP velocity raises risk;session velocity raises risk;customer decline history raises risk
txn_402dba7b3117,0.905715,1,1,identity_onboarding_fraud,stolen_identity_signup,IP velocity raises risk;session velocity raises risk;customer decline history raises risk
txn_678b91028f45,0.936868,1,1,identity_onboarding_fraud,stolen_identity_signup,IP velocity raises risk;session velocity raises risk;customer decline history raises risk
txn_0560314347a7,0.910551,1,1,identity_onboarding_fraud,stolen_identity_signup,IP velocity raises risk;high generated risk score raises risk;session velocity raises risk
txn_33e5632eacfe,0.936026,1,1,identity_onboarding_fraud,stolen_identity_signup,high generated risk score raises risk;IP velocity raises risk;session velocity raises risk
txn_8b0f1b04bbf1,0.947665,1,1,identity_onboarding_fraud,stolen_identity_signup,high generated risk score raises risk;IP velocity raises risk;session velocity raises risk
txn_bfe14d985342,0.815599,1,1,identity_onboarding_fraud,stolen_identity_signup,session velocity lowers risk;IP velocity raises risk;high generated risk score raises risk
txn_fdaed20c74c6,0.810739,1,1,identity_onboarding_fraud,stolen_identity_signup,session velocity lowers risk;IP velocity raises risk;high generated risk score raises risk
txn_0af160d54d7d,0.69942,1,1,identity_onboarding_fraud,synthetic_identity,merchant refund behavior lowers risk;high generated risk score lowers risk;customer account age lowers risk
txn_a9ff39060b29,0.820452,1,1,identity_onboarding_fraud,synthetic_identity,merchant refund behavior lowers risk;customer account age lowers risk;failed login activity raises risk
txn_e425296ca2ac,0.688616,1,1,identity_onboarding_fraud,synthetic_identity,merchant refund behavior lowers risk;high generated risk score lowers risk;customer account age lowers risk
txn_828b426c5f8d,0.807716,1,1,identity_onboarding_fraud,synthetic_identity,merchant refund behavior lowers risk;customer account age lowers risk;failed login activity raises risk
txn_7a00918cfdf9,0.82787,1,1,identity_onboarding_fraud,synthetic_identity,merchant refund behavior lowers risk;customer account age lowers risk;failed login activity raises risk
txn_4223ef72f991,0.879802,1,1,identity_onboarding_fraud,synthetic_identity,merchant refund behavior lowers risk;high generated risk score raises risk;customer account age lowers risk
txn_0c24b22dea4a,0.775365,1,1,identity_onboarding_fraud,synthetic_identity,merchant refund behavior lowers risk;customer account age lowers risk;high generated risk score lowers risk
txn_4e7db352e17c,0.802115,1,1,identity_onboarding_fraud,synthetic_identity,merchant refund behavior lowers risk;customer account age lowers risk;IP velocity raises risk
txn_eb78349c60d5,0.798515,1,1,identity_onboarding_fraud,synthetic_identity,merchant refund behavior lowers risk;IP velocity raises risk;customer account age lowers risk
txn_6ea240351a4e,0.909713,1,1,identity_onboarding_fraud,synthetic_business,failed login activity raises risk;customer decline history lowers risk;merchant refund behavior raises risk
txn_1399a067e8d2,0.937583,1,1,identity_onboarding_fraud,synthetic_business,failed login activity raises risk;high generated risk score raises risk;customer decline history lowers risk
txn_2070c084c39d,0.911769,1,1,identity_onboarding_fraud,synthetic_business,failed login activity raises risk;customer decline history lowers risk;merchant refund behavior raises risk
txn_941c259514d1,0.929566,1,1,identity_onboarding_fraud,synthetic_business,failed login activity raises risk;customer decline history lowers risk;merchant refund behavior raises risk
txn_54be38ac21d1,0.932163,1,1,identity_onboarding_fraud,synthetic_business,failed login activity raises risk;customer decline history lowers risk;merchant refund behavior raises risk
txn_a821adedfa90,0.951236,1,1,identity_onboarding_fraud,synthetic_business,failed login activity raises risk;customer decline history lowers risk;merchant refund behavior raises risk
txn_a0d15eefcce1,0.944281,1,1,identity_onboarding_fraud,synthetic_business,failed login activity raises risk;customer decline history lowers risk;high generated risk score raises risk
txn_176ad663744e,0.932877,1,1,identity_onboarding_fraud,synthetic_business,failed login activity raises risk;customer decline history lowers risk;merchant refund behavior raises risk
txn_ab2eee09c562,0.971503,1,1,identity_onboarding_fraud,synthetic_business,high generated risk score raises risk;failed login activity raises risk;customer decline history lowers risk
txn_931c4b950563,0.956076,1,1,identity_onboarding_fraud,synthetic_business,failed login activity raises risk;customer decline history lowers risk;merchant refund behavior raises risk
txn_46987f57bf16,0.92639,1,1,identity_onboarding_fraud,synthetic_business,failed login activity raises risk;IP velocity raises risk;customer decline history lowers risk
txn_c84f0938e088,0.916743,1,1,identity_onboarding_fraud,synthetic_business,failed login activity raises risk;IP velocity raises risk;customer decline history lowers risk
txn_8e52ff9618b0,0.961645,1,1,identity_onboarding_fraud,synthetic_business,high generated risk score raises risk;IP velocity raises risk;failed login activity raises risk
txn_2e58e7dddb0e,0.95609,1,1,identity_onboarding_fraud,synthetic_business,IP velocity raises risk;failed login activity raises risk;customer decline history lowers risk
txn_51cf457a8f20,0.920226,1,1,identity_onboarding_fraud,synthetic_business,IP velocity raises risk;failed login activity raises risk;customer decline history lowers risk
txn_a2e5aaceb094,0.84246,1,1,merchant_ecosystem_abuse,bust_out_merchant,merchant age lowers risk;merchant chargeback behavior raises risk;session velocity raises risk
txn_023f053eef54,0.890029,1,1,merchant_ecosystem_abuse,bust_out_merchant,merchant age lowers risk;merchant chargeback behavior raises risk;session velocity raises risk
txn_bb34f2209934,0.911278,1,1,merchant_ecosystem_abuse,bust_out_merchant,merchant age lowers risk;merchant chargeback behavior raises risk;session velocity raises risk
txn_b082b531bf5f,0.916509,1,1,merchant_ecosystem_abuse,bust_out_merchant,merchant age lowers risk;merchant chargeback behavior raises risk;session velocity raises risk
txn_e1118cc2ec1c,0.873847,1,1,merchant_ecosystem_abuse,bust_out_merchant,high generated risk score lowers risk;merchant age lowers risk;merchant chargeback behavior raises risk
txn_6284c9831066,0.921667,1,1,merchant_ecosystem_abuse,bust_out_merchant,merchant age lowers risk;IP velocity raises risk;merchant chargeback behavior raises risk
txn_272afa8f2b59,0.9079,1,1,merchant_ecosystem_abuse,bust_out_merchant,merchant age lowers risk;IP velocity raises risk;merchant chargeback behavior raises risk
txn_c0661143561f,0.891745,1,1,merchant_ecosystem_abuse,bust_out_merchant,merchant age lowers risk;IP velocity raises risk;high generated risk score lowers risk
txn_5439d2103220,0.921846,1,1,merchant_ecosystem_abuse,bust_out_merchant,merchant age lowers risk;IP velocity raises risk;merchant chargeback behavior raises risk
txn_6680e7b7db00,0.910002,1,1,merchant_ecosystem_abuse,bust_out_merchant,IP velocity raises risk;merchant age lowers risk;high generated risk score lowers risk
txn_9af94d6b403b,0.915785,1,1,merchant_ecosystem_abuse,bust_out_merchant,IP velocity raises risk;merchant age lowers risk;high generated risk score lowers risk
txn_853d7bcb7f6f,0.94766,1,1,merchant_ecosystem_abuse,bust_out_merchant,IP velocity raises risk;merchant age lowers risk;merchant chargeback behavior raises risk
txn_1ca78db0c46d,0.920486,1,1,merchant_ecosystem_abuse,bust_out_merchant,IP velocity raises risk;merchant age lowers risk;merchant chargeback behavior raises risk
txn_436c1a654883,0.950632,1,1,merchant_ecosystem_abuse,bust_out_merchant,IP velocity raises risk;high generated risk score raises risk;merchant age lowers risk
txn_b209c7fe9369,0.900102,1,1,merchant_ecosystem_abuse,bust_out_merchant,IP velocity raises risk;merchant age lowers risk;merchant chargeback behavior raises risk
txn_945117ff26c6,0.905161,1,1,merchant_ecosystem_abuse,bust_out_merchant,IP velocity raises risk;high generated risk score lowers risk;merchant age lowers risk
txn_675870874128,0.951203,1,1,merchant_ecosystem_abuse,bust_out_merchant,IP velocity raises risk;high generated risk score raises risk;merchant age lowers risk
txn_2b43431f9a2a,0.915283,1,1,merchant_ecosystem_abuse,bust_out_merchant,IP velocity raises risk;merchant age lowers risk;merchant chargeback behavior raises risk
txn_44763e36b32c,0.931811,1,1,merchant_ecosystem_abuse,bust_out_merchant,IP velocity raises risk;merchant age lowers risk;merchant chargeback behavior raises risk
txn_8b76cf9c909b,0.951558,1,1,merchant_ecosystem_abuse,bust_out_merchant,high generated risk score raises risk;IP velocity raises risk;merchant age lowers risk
txn_8111fcc9833b,0.942771,1,1,merchant_ecosystem_abuse,bust_out_merchant,high generated risk score raises risk;merchant age lowers risk;IP velocity raises risk
txn_ef6bb7aee816,0.937445,1,1,merchant_ecosystem_abuse,bust_out_merchant,high generated risk score raises risk;merchant age lowers risk;IP velocity raises risk
txn_64f7cea1ca38,0.889768,1,1,merchant_ecosystem_abuse,bust_out_merchant,merchant age lowers risk;IP velocity raises risk;merchant chargeback behavior raises risk
txn_3260196cd6ba,0.937555,1,1,merchant_ecosystem_abuse,bust_out_merchant,merchant age lowers risk;high generated risk score raises risk;merchant chargeback behavior raises risk
txn_0f121d0103db,0.872721,1,1,merchant_ecosystem_abuse,bust_out_merchant,merchant age lowers risk;high generated risk score lowers risk;merchant chargeback behavior raises risk
txn_fa59ebf994e7,0.866624,1,1,merchant_ecosystem_abuse,bust_out_merchant,high generated risk score lowers risk;merchant age lowers risk;merchant chargeback behavior raises risk
txn_e1134be5f21b,0.910628,1,1,merchant_ecosystem_abuse,bust_out_merchant,merchant age lowers risk;merchant chargeback behavior raises risk;session velocity raises risk
txn_87b30eb40c86,0.859055,1,1,merchant_ecosystem_abuse,bust_out_merchant,high generated risk score lowers risk;merchant age lowers risk;merchant chargeback behavior raises risk
txn_b092656cae16,0.916327,1,1,merchant_ecosystem_abuse,bust_out_merchant,merchant age lowers risk;merchant chargeback behavior raises risk;session velocity raises risk
txn_d0b92bd50f61,0.882249,1,1,merchant_ecosystem_abuse,bust_out_merchant,merchant age lowers risk;merchant chargeback behavior raises risk;session velocity raises risk
txn_2ef188fd614b,0.92933,1,1,merchant_ecosystem_abuse,bust_out_merchant,merchant age lowers risk;merchant chargeback behavior raises risk;session velocity raises risk
txn_1878df92050a,0.852544,1,1,merchant_ecosystem_abuse,bust_out_merchant,merchant age lowers risk;merchant chargeback behavior raises risk;session velocity raises risk
txn_373f51a79df3,0.917158,1,1,merchant_ecosystem_abuse,bust_out_merchant,merchant age lowers risk;high generated risk score raises risk;merchant chargeback behavior raises risk
txn_f88f02c3f891,0.911804,1,1,merchant_ecosystem_abuse,bust_out_merchant,high generated risk score raises risk;merchant age lowers risk;merchant chargeback behavior raises risk
txn_e1d8f26ac25e,0.83901,1,1,merchant_ecosystem_abuse,bust_out_merchant,merchant age lowers risk;high generated risk score lowers risk;merchant chargeback behavior raises risk
txn_10847fa35191,0.819242,1,1,merchant_ecosystem_abuse,bust_out_merchant,high generated risk score lowers risk;merchant age lowers risk;merchant chargeback behavior raises risk
txn_136721a12c81,0.793264,1,1,merchant_ecosystem_abuse,bust_out_merchant,high generated risk score lowers risk;merchant age lowers risk;merchant chargeback behavior raises risk
txn_fbda43faa8aa,0.892987,1,1,merchant_ecosystem_abuse,bust_out_merchant,merchant age lowers risk;merchant chargeback behavior raises risk;session velocity raises risk
txn_348f0f6ab7f5,0.822353,1,1,merchant_ecosystem_abuse,bust_out_merchant,merchant age lowers risk;merchant chargeback behavior raises risk;session velocity raises risk
txn_4c08ce7d94b5,0.919475,1,1,merchant_ecosystem_abuse,bust_out_merchant,merchant age lowers risk;high generated risk score raises risk;merchant chargeback behavior raises risk
txn_09775ff104fe,0.9167,1,1,merchant_ecosystem_abuse,bust_out_merchant,high generated risk score raises risk;merchant age lowers risk;merchant chargeback behavior raises risk
txn_cc7d9966b9dd,0.871776,1,1,merchant_ecosystem_abuse,bust_out_merchant,merchant age lowers risk;merchant chargeback behavior raises risk;session velocity raises risk
txn_838c8d02bd95,0.909443,1,1,merchant_ecosystem_abuse,bust_out_merchant,merchant age lowers risk;high generated risk score raises risk;merchant chargeback behavior raises risk
txn_cead651a3768,0.894353,1,1,merchant_ecosystem_abuse,bust_out_merchant,merchant age lowers risk;merchant chargeback behavior raises risk;session velocity raises risk
txn_183b4f935793,0.871846,1,1,merchant_ecosystem_abuse,bust_out_merchant,merchant age lowers risk;merchant chargeback behavior raises risk;session velocity raises risk
txn_1f3842a968c3,0.918445,1,1,merchant_ecosystem_abuse,bust_out_merchant,high generated risk score raises risk;merchant age lowers risk;merchant chargeback behavior raises risk
txn_070b0c40d778,0.838555,1,1,merchant_ecosystem_abuse,bust_out_merchant,merchant age lowers risk;high generated risk score lowers risk;merchant chargeback behavior raises risk
txn_a5428fba0075,0.84669,1,1,merchant_ecosystem_abuse,bust_out_merchant,merchant age lowers risk;merchant chargeback behavior raises risk;session velocity raises risk
txn_0829d20f379b,0.934751,1,1,merchant_ecosystem_abuse,bust_out_merchant,high generated risk score raises risk;merchant age lowers risk;merchant chargeback behavior raises risk
txn_0f8bb2876c21,0.929293,1,1,merchant_ecosystem_abuse,bust_out_merchant,high generated risk score raises risk;merchant age lowers risk;merchant chargeback behavior raises risk
txn_427da4d0232e,0.90592,1,1,merchant_ecosystem_abuse,bust_out_merchant,high generated risk score raises risk;merchant age lowers risk;merchant chargeback behavior raises risk
txn_104262dec618,0.859521,1,1,merchant_ecosystem_abuse,bust_out_merchant,merchant age lowers risk;merchant chargeback behavior raises risk;session velocity raises risk
txn_231e6242717d,0.826657,1,1,merchant_ecosystem_abuse,bust_out_merchant,merchant age lowers risk;merchant chargeback behavior raises risk;session velocity raises risk
txn_d6170a9097c6,0.904046,1,1,merchant_ecosystem_abuse,bust_out_merchant,merchant age lowers risk;high generated risk score raises risk;merchant chargeback behavior raises risk
txn_cbdd42ec221f,0.912824,1,1,merchant_ecosystem_abuse,bust_out_merchant,high generated risk score raises risk;merchant age lowers risk;merchant chargeback behavior raises risk
txn_e31f5f4382d8,0.887828,1,1,merchant_ecosystem_abuse,bust_out_merchant,merchant age lowers risk;high generated risk score raises risk;merchant chargeback behavior raises risk
txn_47c9a33ab900,0.89424,1,1,merchant_ecosystem_abuse,bust_out_merchant,merchant age lowers risk;merchant chargeback behavior raises risk;session velocity raises risk
txn_91bd0a559c8f,0.897201,1,1,merchant_ecosystem_abuse,bust_out_merchant,merchant age lowers risk;merchant chargeback behavior raises risk;session velocity raises risk
txn_4c74c785590f,0.911453,1,1,merchant_ecosystem_abuse,bust_out_merchant,high generated risk score raises risk;merchant age lowers risk;merchant chargeback behavior raises risk
txn_12a065c3b90b,0.899252,1,1,merchant_ecosystem_abuse,bust_out_merchant,merchant age lowers risk;merchant chargeback behavior raises risk;session velocity raises risk
txn_74a3cd5507aa,0.976588,1,1,merchant_ecosystem_abuse,gift_card_abuse,high generated risk score raises risk;device history raises risk;customer account age raises risk
txn_843c6cbca926,0.963521,1,1,merchant_ecosystem_abuse,gift_card_abuse,device history raises risk;customer account age raises risk;merchant growth pattern raises risk
txn_d5029265e01c,0.959337,1,1,merchant_ecosystem_abuse,gift_card_abuse,device history raises risk;customer account age raises risk;merchant growth pattern raises risk
txn_a767d26eeb0c,0.983109,1,1,merchant_ecosystem_abuse,gift_card_abuse,high generated risk score raises risk;device history raises risk;customer account age raises risk
txn_6efc34be42fe,0.96697,1,1,merchant_ecosystem_abuse,gift_card_abuse,device history raises risk;customer account age raises risk;merchant growth pattern raises risk
txn_53b0dcd5d3bf,0.978621,1,1,merchant_ecosystem_abuse,gift_card_abuse,device history raises risk;customer account age raises risk;IP velocity raises risk
txn_8d89f02f560a,0.962722,1,1,merchant_ecosystem_abuse,gift_card_abuse,device history raises risk;customer account age raises risk;IP velocity raises risk
txn_9214672deef5,0.961049,1,1,merchant_ecosystem_abuse,gift_card_abuse,device history raises risk;customer account age raises risk;IP velocity raises risk
txn_af52beca75e1,0.9729,1,1,merchant_ecosystem_abuse,gift_card_abuse,device history raises risk;IP velocity raises risk;customer account age raises risk
txn_e531ecb44bb7,0.979127,1,1,merchant_ecosystem_abuse,gift_card_abuse,IP velocity raises risk;device history raises risk;customer account age raises risk
txn_f9d22f04547a,0.972908,1,1,merchant_ecosystem_abuse,gift_card_abuse,IP velocity raises risk;device history raises risk;customer account age raises risk
txn_7da3aa5966f4,0.984967,1,1,merchant_ecosystem_abuse,gift_card_abuse,IP velocity raises risk;device history raises risk;customer account age raises risk
txn_42e9c1be6def,0.977894,1,1,merchant_ecosystem_abuse,gift_card_abuse,IP velocity raises risk;device history raises risk;customer account age raises risk
txn_76482b9ade81,0.977256,1,1,merchant_ecosystem_abuse,gift_card_abuse,IP velocity raises risk;device history raises risk;customer account age raises risk
txn_7e20bf0cab24,0.986717,1,1,merchant_ecosystem_abuse,gift_card_abuse,IP velocity raises risk;high generated risk score raises risk;device history raises risk
txn_b89733ab7068,0.980181,1,1,merchant_ecosystem_abuse,gift_card_abuse,IP velocity raises risk;device history raises risk;customer account age raises risk
txn_cbbeb70e792a,0.965719,1,1,merchant_ecosystem_abuse,gift_card_abuse,IP velocity raises risk;device history raises risk;customer account age raises risk
txn_8300cf0daea4,0.976609,1,1,merchant_ecosystem_abuse,gift_card_abuse,IP velocity raises risk;device history raises risk;high generated risk score raises risk
txn_df42b758f97d,0.959294,1,1,merchant_ecosystem_abuse,gift_card_abuse,IP velocity raises risk;device history raises risk;customer account age raises risk
txn_7c847c03e86b,0.952572,1,1,merchant_ecosystem_abuse,gift_card_abuse,device history raises risk;customer account age raises risk;IP velocity raises risk
txn_c91e9b9d267a,0.954618,1,1,merchant_ecosystem_abuse,gift_card_abuse,device history raises risk;customer account age raises risk;merchant growth pattern raises risk
txn_e6cfcad3e400,0.97082,1,1,merchant_ecosystem_abuse,gift_card_abuse,device history raises risk;customer account age raises risk;merchant growth pattern raises risk
txn_460a383233f1,0.9706,1,1,merchant_ecosystem_abuse,gift_card_abuse,device history raises risk;customer account age raises risk;merchant growth pattern raises risk
txn_c1ffafb51d8c,0.949371,1,1,merchant_ecosystem_abuse,gift_card_abuse,device history raises risk;customer account age raises risk;merchant growth pattern raises risk
txn_52aa7a65346e,0.967944,1,1,merchant_ecosystem_abuse,gift_card_abuse,device history raises risk;customer account age raises risk;merchant growth pattern raises risk
txn_5bd0e798cc3c,0.94668,1,1,merchant_ecosystem_abuse,gift_card_abuse,device history raises risk;customer account age raises risk;merchant growth pattern raises risk
txn_a2a90880427b,0.97859,1,1,merchant_ecosystem_abuse,gift_card_abuse,high generated risk score raises risk;device history raises risk;customer account age raises risk
txn_bca973e1544b,0.954222,1,1,merchant_ecosystem_abuse,gift_card_abuse,device history raises risk;customer account age raises risk;merchant growth pattern raises risk
txn_fc11f9404cfc,0.964915,1,1,merchant_ecosystem_abuse,gift_card_abuse,device history raises risk;customer account age raises risk;merchant growth pattern raises risk
txn_b9039b18c514,0.967337,1,1,merchant_ecosystem_abuse,gift_card_abuse,device history raises risk;customer account age raises risk;merchant growth pattern raises risk
txn_9442866aab80,0.980964,1,1,merchant_ecosystem_abuse,gift_card_abuse,high generated risk score raises risk;device history raises risk;customer account age raises risk
txn_612bac40a81d,0.972965,1,1,merchant_ecosystem_abuse,gift_card_abuse,device history raises risk;high generated risk score raises risk;customer account age raises risk
txn_916cef5106cb,0.980754,1,1,merchant_ecosystem_abuse,gift_card_abuse,high generated risk score raises risk;device history raises risk;customer account age raises risk
txn_e172730b1018,0.947403,1,1,merchant_ecosystem_abuse,gift_card_abuse,device history raises risk;customer account age raises risk;merchant growth pattern raises risk
txn_f1093623f5ed,0.953597,1,1,merchant_ecosystem_abuse,gift_card_abuse,device history raises risk;customer account age raises risk;merchant growth pattern raises risk
txn_479948eab88f,0.956179,1,1,merchant_ecosystem_abuse,gift_card_abuse,device history raises risk;customer account age raises risk;merchant growth pattern raises risk
txn_b92674e3c0f0,0.945211,1,1,merchant_ecosystem_abuse,gift_card_abuse,device history raises risk;customer account age raises risk;merchant growth pattern raises risk
txn_91dcda43f810,0.965113,1,1,merchant_ecosystem_abuse,gift_card_abuse,device history raises risk;customer account age raises risk;merchant growth pattern raises risk
txn_d4016d0ba5a1,0.981682,1,1,merchant_ecosystem_abuse,gift_card_abuse,high generated risk score raises risk;device history raises risk;customer account age raises risk
txn_aa087edf2d69,0.969362,1,1,merchant_ecosystem_abuse,gift_card_abuse,device history raises risk;customer account age raises risk;merchant growth pattern raises risk
txn_6512ef8abcef,0.958911,1,1,merchant_ecosystem_abuse,gift_card_abuse,device history raises risk;customer account age raises risk;merchant growth pattern raises risk
txn_3b12caa1e316,0.967149,1,1,merchant_ecosystem_abuse,gift_card_abuse,device history raises risk;customer account age raises risk;merchant growth pattern raises risk
txn_07df9474ea76,0.950107,1,1,merchant_ecosystem_abuse,gift_card_abuse,device history raises risk;customer account age raises risk;merchant growth pattern raises risk
txn_e167d5d574ed,0.941103,1,1,merchant_ecosystem_abuse,gift_card_abuse,device history raises risk;customer account age raises risk;merchant growth pattern raises risk
txn_24f6efa3909b,0.972019,1,1,merchant_ecosystem_abuse,gift_card_abuse,high generated risk score raises risk;device history raises risk;customer account age raises risk
txn_ea9aba85e977,0.939886,1,1,merchant_ecosystem_abuse,gift_card_abuse,device history raises risk;customer account age raises risk;merchant growth pattern raises risk
txn_6ccae0745ae1,0.945446,1,1,merchant_ecosystem_abuse,gift_card_abuse,device history raises risk;customer account age raises risk;merchant growth pattern raises risk
txn_c94b9dde6b61,0.971692,1,1,merchant_ecosystem_abuse,gift_card_abuse,high generated risk score raises risk;device history raises risk;customer account age raises risk
txn_b07f1e8ec5cd,0.965015,1,1,merchant_ecosystem_abuse,gift_card_abuse,high generated risk score raises risk;device history raises risk;customer account age raises risk
txn_a224bbfb7c88,0.948901,1,1,merchant_ecosystem_abuse,gift_card_abuse,device history raises risk;customer account age raises risk;merchant growth pattern raises risk
txn_5c1f0467f9ae,0.966414,1,1,merchant_ecosystem_abuse,gift_card_abuse,high generated risk score raises risk;device history raises risk;customer account age raises risk
txn_ce8375a0e0c5,0.973888,1,1,merchant_ecosystem_abuse,gift_card_abuse,high generated risk score raises risk;device history raises risk;customer account age raises risk
txn_bc2f54b526c3,0.935925,1,1,merchant_ecosystem_abuse,gift_card_abuse,device history raises risk;customer account age raises risk;merchant growth pattern raises risk
txn_cb59664cd755,0.966215,1,1,merchant_ecosystem_abuse,gift_card_abuse,high generated risk score raises risk;device history raises risk;customer account age raises risk
txn_a3ce1082cd66,0.939858,1,1,merchant_ecosystem_abuse,gift_card_abuse,device history raises risk;customer account age raises risk;merchant growth pattern raises risk
txn_b51fd7b9113f,0.970586,1,1,merchant_ecosystem_abuse,gift_card_abuse,high generated risk score raises risk;device history raises risk;customer account age raises risk
txn_001dabad9f2c,0.951534,1,1,merchant_ecosystem_abuse,gift_card_abuse,device history raises risk;customer account age raises risk;merchant growth pattern raises risk
txn_f6513ad14cf8,0.948863,1,1,merchant_ecosystem_abuse,gift_card_abuse,device history raises risk;customer account age raises risk;merchant growth pattern raises risk
txn_2510ee0a2856,0.962999,1,1,merchant_ecosystem_abuse,gift_card_abuse,device history raises risk;high generated risk score raises risk;customer account age raises risk
txn_7e1792e44015,0.945992,1,1,merchant_ecosystem_abuse,gift_card_abuse,device history raises risk;customer account age raises risk;merchant growth pattern raises risk
txn_b6d4f4f8e9b3,0.937918,1,1,merchant_ecosystem_abuse,gift_card_abuse,device history raises risk;customer account age raises risk;merchant growth pattern raises risk
txn_0b29fc28962c,0.956674,1,1,merchant_ecosystem_abuse,gift_card_abuse,device history raises risk;customer account age raises risk;merchant growth pattern raises risk
txn_3e2dbd86bd14,0.975584,1,1,merchant_ecosystem_abuse,gift_card_abuse,high generated risk score raises risk;device history raises risk;customer account age raises risk
txn_b3cd79ebc013,0.944809,1,1,merchant_ecosystem_abuse,gift_card_abuse,device history raises risk;customer account age raises risk;merchant growth pattern raises risk
txn_e4c9b64f8e7d,0.967051,1,1,merchant_ecosystem_abuse,gift_card_abuse,device history raises risk;customer account age raises risk;merchant growth pattern raises risk
txn_20e51b6711fc,0.972006,1,1,merchant_ecosystem_abuse,gift_card_abuse,high generated risk score raises risk;device history raises risk;customer account age raises risk
txn_c11977026e1c,0.963759,1,1,merchant_ecosystem_abuse,gift_card_abuse,device history raises risk;customer account age raises risk;merchant growth pattern raises risk
txn_a22afffbb1fb,0.966684,1,1,merchant_ecosystem_abuse,gift_card_abuse,device history raises risk;customer account age raises risk;merchant growth pattern raises risk
txn_56ceae6cb160,0.973644,1,1,merchant_ecosystem_abuse,gift_card_abuse,device history raises risk;high generated risk score raises risk;customer account age raises risk
txn_c705e6149cdf,0.954224,1,1,merchant_ecosystem_abuse,gift_card_abuse,device history raises risk;high generated risk score raises risk;customer account age raises risk
txn_02e3efc9f921,0.948076,1,1,merchant_ecosystem_abuse,gift_card_abuse,device history raises risk;customer account age raises risk;high generated risk score raises risk
txn_5685f4d29626,0.947636,1,1,merchant_ecosystem_abuse,gift_card_abuse,device history raises risk;customer account age raises risk;merchant growth pattern raises risk
txn_8e63b9cc540e,0.943807,1,1,merchant_ecosystem_abuse,gift_card_abuse,device history raises risk;customer account age raises risk;merchant growth pattern raises risk
txn_84eafe30be91,0.95235,1,1,merchant_ecosystem_abuse,gift_card_abuse,device history raises risk;customer account age raises risk;merchant growth pattern raises risk
txn_71f6fdd69c19,0.968337,1,1,merchant_ecosystem_abuse,gift_card_abuse,high generated risk score raises risk;device history raises risk;customer account age raises risk
txn_8b9d44754c9e,0.924215,1,1,merchant_ecosystem_abuse,gift_card_abuse,device history raises risk;customer account age raises risk;merchant growth pattern raises risk
txn_b23fde6a355a,0.926426,1,1,merchant_ecosystem_abuse,gift_card_abuse,device history raises risk;customer account age raises risk;merchant growth pattern raises risk
txn_95f40c4f72ac,0.930003,1,1,merchant_ecosystem_abuse,gift_card_abuse,device history raises risk;customer account age raises risk;merchant growth pattern raises risk
txn_b8187c8cefe9,0.959493,1,1,merchant_ecosystem_abuse,gift_card_abuse,device history raises risk;high generated risk score raises risk;customer account age raises risk
txn_50fdcb8e95ed,0.968107,1,1,merchant_ecosystem_abuse,gift_card_abuse,high generated risk score raises risk;device history raises risk;customer account age raises risk
txn_3b94a36971f8,0.951318,1,1,merchant_ecosystem_abuse,gift_card_abuse,device history raises risk;customer account age raises risk;merchant growth pattern raises risk
txn_b5d149a21df4,0.936467,1,1,merchant_ecosystem_abuse,gift_card_abuse,device history raises risk;customer account age raises risk;merchant growth pattern raises risk
txn_18692e81fd80,0.932795,1,1,merchant_ecosystem_abuse,gift_card_abuse,device history raises risk;customer account age raises risk;merchant growth pattern raises risk
txn_c0e2c3b6e870,0.951421,1,1,merchant_ecosystem_abuse,gift_card_abuse,device history raises risk;customer account age raises risk;merchant growth pattern raises risk
txn_e43ad1d9cb06,0.973552,1,1,merchant_ecosystem_abuse,gift_card_abuse,high generated risk score raises risk;device history raises risk;customer account age raises risk
txn_98eb4d834eee,0.959109,1,1,merchant_ecosystem_abuse,gift_card_abuse,device history raises risk;customer account age raises risk;merchant growth pattern raises risk
txn_4ed56f5b6e91,0.950093,1,1,merchant_ecosystem_abuse,gift_card_abuse,device history raises risk;customer account age raises risk;merchant growth pattern raises risk
txn_020fa9c7c784,0.869059,1,1,merchant_ecosystem_abuse,gift_card_abuse,session velocity lowers risk;device history raises risk;high generated risk score raises risk
txn_d985c1ed8e45,0.89732,1,1,merchant_ecosystem_abuse,gift_card_abuse,session velocity lowers risk;high generated risk score raises risk;device history raises risk
txn_7c03c51c85e8,0.940942,1,1,merchant_ecosystem_abuse,mule_laundering,transaction_type_code raises risk;merchant chargeback behavior lowers risk;session velocity raises risk
txn_438b0b4e8ea2,0.930198,1,1,merchant_ecosystem_abuse,mule_laundering,transaction_type_code raises risk;merchant chargeback behavior lowers risk;session velocity raises risk
txn_936cf62be49d,0.933602,1,1,merchant_ecosystem_abuse,mule_laundering,transaction_type_code raises risk;merchant chargeback behavior lowers risk;session velocity raises risk
txn_1413e2e6c833,0.932338,1,1,merchant_ecosystem_abuse,mule_laundering,transaction_type_code raises risk;merchant chargeback behavior lowers risk;IP velocity raises risk
txn_bfb2cd1ec9ef,0.958931,1,1,merchant_ecosystem_abuse,mule_laundering,transaction_type_code raises risk;IP velocity raises risk;merchant chargeback behavior lowers risk
txn_a5c1320295ad,0.911132,1,1,merchant_ecosystem_abuse,mule_laundering,transaction_type_code raises risk;high generated risk score lowers risk;IP velocity raises risk
txn_fed61d4f31cb,0.915416,1,1,merchant_ecosystem_abuse,mule_laundering,transaction_type_code raises risk;high generated risk score lowers risk;IP velocity raises risk
txn_c55c046d993b,0.953698,1,1,merchant_ecosystem_abuse,mule_laundering,transaction_type_code raises risk;IP velocity raises risk;merchant chargeback behavior lowers risk
txn_ade97d78de97,0.954033,1,1,merchant_ecosystem_abuse,mule_laundering,transaction_type_code raises risk;IP velocity raises risk;merchant chargeback behavior lowers risk
txn_2f1aeef53956,0.944058,1,1,merchant_ecosystem_abuse,mule_laundering,transaction_type_code raises risk;IP velocity raises risk;high generated risk score lowers risk
txn_563cc728001d,0.941825,1,1,merchant_ecosystem_abuse,mule_laundering,transaction_type_code raises risk;IP velocity raises risk;high generated risk score lowers risk
txn_470fb4023627,0.967404,1,1,merchant_ecosystem_abuse,mule_laundering,IP velocity raises risk;transaction_type_code raises risk;high generated risk score raises risk
txn_664b415dcefe,0.947349,1,1,merchant_ecosystem_abuse,mule_laundering,transaction_type_code raises risk;IP velocity raises risk;merchant chargeback behavior lowers risk
txn_e9afab631744,0.933919,1,1,merchant_ecosystem_abuse,mule_laundering,IP velocity raises risk;transaction_type_code raises risk;merchant chargeback behavior lowers risk
txn_345613f36740,0.953345,1,1,merchant_ecosystem_abuse,mule_laundering,transaction_type_code raises risk;IP velocity raises risk;merchant chargeback behavior lowers risk
txn_a071fc463677,0.969246,1,1,merchant_ecosystem_abuse,mule_laundering,IP velocity raises risk;transaction_type_code raises risk;high generated risk score raises risk
txn_7483bef56e49,0.96897,1,1,merchant_ecosystem_abuse,mule_laundering,transaction_type_code raises risk;IP velocity raises risk;high generated risk score raises risk
txn_9e8ee80ef797,0.947617,1,1,merchant_ecosystem_abuse,mule_laundering,transaction_type_code raises risk;IP velocity raises risk;merchant chargeback behavior lowers risk
txn_618068cefe7d,0.953708,1,1,merchant_ecosystem_abuse,mule_laundering,transaction_type_code raises risk;high generated risk score raises risk;IP velocity raises risk
txn_d5c37f8ecdf7,0.928335,1,1,merchant_ecosystem_abuse,mule_laundering,transaction_type_code raises risk;merchant chargeback behavior lowers risk;IP velocity raises risk
txn_cb8068b45250,0.944239,1,1,merchant_ecosystem_abuse,mule_laundering,transaction_type_code raises risk;merchant chargeback behavior lowers risk;IP velocity raises risk
txn_f768c3d06d21,0.960625,1,1,merchant_ecosystem_abuse,mule_laundering,transaction_type_code raises risk;high generated risk score raises risk;merchant chargeback behavior lowers risk
txn_aeeff3a075f2,0.942467,1,1,merchant_ecosystem_abuse,mule_laundering,transaction_type_code raises risk;merchant chargeback behavior lowers risk;session velocity raises risk
txn_f10e7be8f75a,0.948939,1,1,merchant_ecosystem_abuse,mule_laundering,transaction_type_code raises risk;merchant chargeback behavior lowers risk;session velocity raises risk
txn_dfaa8e92d320,0.962783,1,1,merchant_ecosystem_abuse,mule_laundering,transaction_type_code raises risk;high generated risk score raises risk;merchant chargeback behavior lowers risk
txn_0c9d29837c87,0.898029,1,1,merchant_ecosystem_abuse,mule_laundering,transaction_type_code raises risk;high generated risk score lowers risk;merchant chargeback behavior lowers risk
txn_d36110a9bc80,0.958022,1,1,merchant_ecosystem_abuse,mule_laundering,transaction_type_code raises risk;high generated risk score raises risk;merchant chargeback behavior lowers risk
txn_173c561a793a,0.943922,1,1,merchant_ecosystem_abuse,mule_laundering,transaction_type_code raises risk;merchant chargeback behavior lowers risk;session velocity raises risk
txn_7b688ffe5f86,0.896396,1,1,merchant_ecosystem_abuse,mule_laundering,transaction_type_code raises risk;high generated risk score lowers risk;merchant chargeback behavior lowers risk
txn_c587429e652f,0.907023,1,1,merchant_ecosystem_abuse,mule_laundering,transaction_type_code raises risk;merchant chargeback behavior lowers risk;session velocity raises risk
txn_5306cbebefc6,0.895189,1,1,merchant_ecosystem_abuse,mule_laundering,transaction_type_code raises risk;merchant chargeback behavior lowers risk;high generated risk score lowers risk
txn_421bd3225f47,0.928859,1,1,merchant_ecosystem_abuse,mule_laundering,transaction_type_code raises risk;merchant chargeback behavior lowers risk;session velocity raises risk
txn_a5a659a79c0a,0.930646,1,1,merchant_ecosystem_abuse,mule_laundering,transaction_type_code raises risk;high generated risk score raises risk;merchant chargeback behavior lowers risk
txn_c9e2daa1add3,0.879131,1,1,merchant_ecosystem_abuse,mule_laundering,transaction_type_code raises risk;merchant chargeback behavior lowers risk;high generated risk score lowers risk
txn_cad05d439299,0.893123,1,1,merchant_ecosystem_abuse,mule_laundering,transaction_type_code raises risk;merchant chargeback behavior lowers risk;session velocity raises risk
txn_61d9bfb9e423,0.920711,1,1,merchant_ecosystem_abuse,mule_laundering,transaction_type_code raises risk;merchant chargeback behavior lowers risk;session velocity raises risk
txn_7783219b8f09,0.939086,1,1,merchant_ecosystem_abuse,mule_laundering,transaction_type_code raises risk;merchant chargeback behavior lowers risk;high generated risk score raises risk
txn_56c92d8929ce,0.932567,1,1,merchant_ecosystem_abuse,mule_laundering,transaction_type_code raises risk;merchant chargeback behavior lowers risk;session velocity raises risk
txn_404af85bff42,0.855417,1,1,merchant_ecosystem_abuse,mule_laundering,transaction_type_code raises risk;high generated risk score lowers risk;merchant chargeback behavior lowers risk
txn_b65c29cd8ea6,0.924508,1,1,merchant_ecosystem_abuse,mule_laundering,transaction_type_code raises risk;merchant chargeback behavior lowers risk;session velocity raises risk
txn_16c8a1c0e9fc,0.883083,1,1,merchant_ecosystem_abuse,mule_laundering,transaction_type_code raises risk;merchant chargeback behavior lowers risk;high generated risk score lowers risk
txn_d5bdbeb40c60,0.883536,1,1,merchant_ecosystem_abuse,mule_laundering,transaction_type_code raises risk;merchant chargeback behavior lowers risk;high generated risk score lowers risk
txn_ef0fd06e2f51,0.935099,1,1,merchant_ecosystem_abuse,mule_laundering,transaction_type_code raises risk;high generated risk score raises risk;merchant chargeback behavior lowers risk
txn_aabdd9e47c7b,0.952646,1,1,merchant_ecosystem_abuse,mule_laundering,transaction_type_code raises risk;high generated risk score raises risk;merchant chargeback behavior lowers risk
txn_d91a8f41772a,0.928485,1,1,merchant_ecosystem_abuse,mule_laundering,transaction_type_code raises risk;merchant chargeback behavior lowers risk;session velocity raises risk
txn_b0d0bdd7076d,0.943184,1,1,merchant_ecosystem_abuse,mule_laundering,transaction_type_code raises risk;merchant chargeback behavior lowers risk;session velocity raises risk
txn_3c585af70b54,0.91029,1,1,merchant_ecosystem_abuse,mule_laundering,transaction_type_code raises risk;merchant chargeback behavior lowers risk;session velocity raises risk
txn_b0d01eb43056,0.885819,1,1,merchant_ecosystem_abuse,mule_laundering,transaction_type_code raises risk;merchant chargeback behavior lowers risk;session velocity raises risk
txn_7b3f9023abf8,0.838937,1,1,merchant_ecosystem_abuse,mule_laundering,transaction_type_code raises risk;high generated risk score lowers risk;merchant chargeback behavior lowers risk
txn_841a8c58e931,0.824175,1,1,merchant_ecosystem_abuse,mule_laundering,transaction_type_code raises risk;high generated risk score lowers risk;merchant chargeback behavior lowers risk
txn_53af12c70112,0.860813,1,1,merchant_ecosystem_abuse,mule_laundering,transaction_type_code raises risk;high generated risk score lowers risk;merchant chargeback behavior lowers risk
txn_a48033c0e988,0.927054,1,1,merchant_ecosystem_abuse,mule_laundering,transaction_type_code raises risk;high generated risk score raises risk;merchant chargeback behavior lowers risk
txn_864e424d0196,0.899006,1,1,merchant_ecosystem_abuse,mule_laundering,transaction_type_code raises risk;merchant chargeback behavior lowers risk;session velocity raises risk
txn_c0124c384cf7,0.881651,1,1,merchant_ecosystem_abuse,mule_laundering,transaction_type_code raises risk;merchant chargeback behavior lowers risk;session velocity raises risk
txn_5eaee18c6857,0.909424,1,1,merchant_ecosystem_abuse,mule_laundering,transaction_type_code raises risk;merchant chargeback behavior lowers risk;session velocity raises risk
txn_12a167c3ab3c,0.890065,1,1,merchant_ecosystem_abuse,mule_laundering,transaction_type_code raises risk;merchant chargeback behavior lowers risk;session velocity raises risk
txn_f293e9f0e9fc,0.913445,1,1,merchant_ecosystem_abuse,mule_laundering,transaction_type_code raises risk;merchant chargeback behavior lowers risk;session velocity raises risk
txn_5593fb336a31,0.897009,1,1,merchant_ecosystem_abuse,mule_laundering,transaction_type_code raises risk;merchant chargeback behavior lowers risk;session velocity raises risk
txn_e29eb8c1af67,0.930642,1,1,merchant_ecosystem_abuse,mule_laundering,transaction_type_code raises risk;merchant chargeback behavior lowers risk;session velocity raises risk
txn_85c4f60f1588,0.942503,1,1,merchant_ecosystem_abuse,mule_laundering,transaction_type_code raises risk;high generated risk score raises risk;merchant chargeback behavior lowers risk
txn_d4a10570ca87,0.94021,1,1,merchant_ecosystem_abuse,mule_laundering,transaction_type_code raises risk;merchant chargeback behavior lowers risk;high generated risk score raises risk
txn_50bb562515a9,0.899468,1,1,merchant_ecosystem_abuse,mule_laundering,transaction_type_code raises risk;merchant chargeback behavior lowers risk;session velocity raises risk
txn_be42c5e3caa5,0.918154,1,1,merchant_ecosystem_abuse,mule_laundering,transaction_type_code raises risk;merchant chargeback behavior lowers risk;session velocity raises risk
txn_744c0fbd5ec9,0.944173,1,1,merchant_ecosystem_abuse,mule_laundering,transaction_type_code raises risk;high generated risk score raises risk;merchant chargeback behavior lowers risk
txn_0955fd39ddac,0.839342,1,1,merchant_ecosystem_abuse,mule_laundering,transaction_type_code raises risk;high generated risk score lowers risk;merchant chargeback behavior lowers risk
txn_4549b363af0e,0.908208,1,1,merchant_ecosystem_abuse,mule_laundering,transaction_type_code raises risk;high generated risk score raises risk;merchant chargeback behavior lowers risk
txn_bb75f9a37e91,0.911281,1,1,merchant_ecosystem_abuse,mule_laundering,transaction_type_code raises risk;merchant chargeback behavior lowers risk;session velocity raises risk
txn_dd462fb2b313,0.87605,1,1,merchant_ecosystem_abuse,mule_laundering,transaction_type_code raises risk;merchant chargeback behavior lowers risk;session velocity raises risk
txn_9d5fc3b8c9df,0.875924,1,1,merchant_ecosystem_abuse,mule_laundering,transaction_type_code raises risk;merchant chargeback behavior lowers risk;session velocity raises risk
txn_e693f754f195,0.852937,1,1,merchant_ecosystem_abuse,mule_laundering,transaction_type_code raises risk;high generated risk score lowers risk;merchant chargeback behavior lowers risk
txn_640fdb1c482f,0.834375,1,1,merchant_ecosystem_abuse,mule_laundering,transaction_type_code raises risk;high generated risk score lowers risk;merchant chargeback behavior lowers risk
txn_2290bd49d298,0.888195,1,1,merchant_ecosystem_abuse,mule_laundering,transaction_type_code raises risk;merchant chargeback behavior lowers risk;session velocity raises risk
txn_fe5c436b17e1,0.89345,1,1,merchant_ecosystem_abuse,mule_laundering,transaction_type_code raises risk;merchant chargeback behavior lowers risk;session velocity raises risk
txn_8d7bda8aaf86,0.887697,1,1,merchant_ecosystem_abuse,mule_laundering,transaction_type_code raises risk;merchant chargeback behavior lowers risk;session velocity raises risk
txn_6daa3e9bbca1,0.877723,1,1,merchant_ecosystem_abuse,mule_laundering,transaction_type_code raises risk;high generated risk score lowers risk;merchant chargeback behavior lowers risk
txn_e8fd0021af40,0.888485,1,1,merchant_ecosystem_abuse,mule_laundering,transaction_type_code raises risk;merchant chargeback behavior lowers risk;session velocity raises risk
txn_ee334c879e42,0.89019,1,1,merchant_ecosystem_abuse,mule_laundering,transaction_type_code raises risk;merchant chargeback behavior lowers risk;session velocity raises risk
txn_909209342ee6,0.887768,1,1,merchant_ecosystem_abuse,mule_laundering,transaction_type_code raises risk;merchant chargeback behavior lowers risk;session velocity raises risk
txn_4e8dcaf7790c,0.897413,1,1,merchant_ecosystem_abuse,mule_laundering,transaction_type_code raises risk;merchant chargeback behavior lowers risk;session velocity raises risk
txn_03d361575a67,0.943794,1,1,merchant_ecosystem_abuse,mule_laundering,transaction_type_code raises risk;high generated risk score raises risk;merchant chargeback behavior lowers risk
txn_af7644d2c119,0.916012,1,1,merchant_ecosystem_abuse,mule_laundering,transaction_type_code raises risk;merchant chargeback behavior lowers risk;session velocity raises risk
txn_4038d1aa976b,0.902896,1,1,merchant_ecosystem_abuse,mule_laundering,transaction_type_code raises risk;merchant chargeback behavior lowers risk;session velocity raises risk
txn_6d2d195a0ab2,0.923752,1,1,merchant_ecosystem_abuse,mule_laundering,transaction_type_code raises risk;high generated risk score raises risk;merchant chargeback behavior lowers risk
txn_4a5af8c0e9ae,0.8983,1,1,merchant_ecosystem_abuse,mule_laundering,transaction_type_code raises risk;merchant chargeback behavior lowers risk;session velocity raises risk
txn_3a80714296db,0.808852,1,1,merchant_ecosystem_abuse,mule_laundering,transaction_type_code raises risk;high generated risk score lowers risk;merchant chargeback behavior lowers risk
txn_c82123bdbadd,0.89341,1,1,merchant_ecosystem_abuse,mule_laundering,transaction_type_code raises risk;merchant chargeback behavior lowers risk;session velocity raises risk
txn_5e308616cf60,0.891812,1,1,merchant_ecosystem_abuse,mule_laundering,transaction_type_code raises risk;merchant chargeback behavior lowers risk;session velocity raises risk
txn_95be0b81e5a5,0.859141,1,1,merchant_ecosystem_abuse,mule_laundering,transaction_type_code raises risk;merchant chargeback behavior lowers risk;session velocity raises risk
txn_e714618eef47,0.855003,1,1,merchant_ecosystem_abuse,mule_laundering,transaction_type_code raises risk;merchant chargeback behavior lowers risk;IP velocity lowers risk
txn_81c1248c4e7f,0.921173,1,1,merchant_ecosystem_abuse,mule_laundering,transaction_type_code raises risk;merchant chargeback behavior lowers risk;IP velocity lowers risk
txn_ecfaec6e276d,0.826434,1,1,merchant_ecosystem_abuse,mule_laundering,transaction_type_code raises risk;high generated risk score lowers risk;merchant chargeback behavior lowers risk
txn_0f285fac6fc9,0.867957,1,1,merchant_ecosystem_abuse,mule_laundering,transaction_type_code raises risk;high generated risk score lowers risk;merchant chargeback behavior lowers risk
txn_78e87f80b472,0.910334,1,1,merchant_ecosystem_abuse,mule_laundering,transaction_type_code raises risk;merchant chargeback behavior lowers risk;IP velocity lowers risk
txn_f26d080e83c8,0.919818,1,1,merchant_ecosystem_abuse,mule_laundering,transaction_type_code raises risk;merchant chargeback behavior lowers risk;IP velocity lowers risk
txn_ce9f5840f359,0.853,1,1,merchant_ecosystem_abuse,mule_laundering,transaction_type_code raises risk;high generated risk score lowers risk;merchant chargeback behavior lowers risk
txn_bacdb4d4fbd5,0.885464,1,1,merchant_ecosystem_abuse,mule_laundering,transaction_type_code raises risk;merchant chargeback behavior lowers risk;IP velocity lowers risk
txn_b5c6a28976eb,0.891585,1,1,merchant_ecosystem_abuse,mule_laundering,transaction_type_code raises risk;merchant chargeback behavior lowers risk;high generated risk score lowers risk
txn_6e4779e7ce84,0.94598,1,1,merchant_ecosystem_abuse,mule_laundering,transaction_type_code raises risk;high generated risk score raises risk;merchant chargeback behavior lowers risk
txn_cec722a26855,0.83282,1,1,merchant_ecosystem_abuse,mule_laundering,transaction_type_code raises risk;high generated risk score lowers risk;merchant chargeback behavior lowers risk
txn_83ce4de40a04,0.915994,1,1,merchant_ecosystem_abuse,mule_laundering,transaction_type_code raises risk;high generated risk score raises risk;merchant chargeback behavior lowers risk
txn_31458ff57baf,0.812114,1,1,merchant_ecosystem_abuse,mule_laundering,transaction_type_code raises risk;merchant chargeback behavior lowers risk;IP velocity lowers risk
txn_9c2ac6c3be9c,0.848586,1,1,merchant_ecosystem_abuse,mule_laundering,transaction_type_code raises risk;merchant chargeback behavior lowers risk;IP velocity lowers risk
txn_2dddd6cd34d2,0.665675,1,1,merchant_ecosystem_abuse,mule_laundering,session velocity lowers risk;transaction_type_code raises risk;high generated risk score raises risk
txn_1f9567eff645,0.725496,1,1,merchant_ecosystem_abuse,mule_laundering,session velocity lowers risk;transaction_type_code raises risk;high generated risk score raises risk
txn_22ed537ac2bb,0.979392,1,1,merchant_ecosystem_abuse,marketplace_seller_fraud,failed login activity raises risk;session velocity raises risk;customer_historical_spend_mean raises risk
txn_53c415263bf8,0.978798,1,1,merchant_ecosystem_abuse,marketplace_seller_fraud,failed login activity raises risk;session velocity raises risk;IP velocity raises risk
txn_f0f51adf9561,0.983417,1,1,merchant_ecosystem_abuse,marketplace_seller_fraud,IP velocity raises risk;failed login activity raises risk;session velocity raises risk
txn_e722624360aa,0.982033,1,1,merchant_ecosystem_abuse,marketplace_seller_fraud,IP velocity raises risk;failed login activity raises risk;session velocity raises risk
txn_81a766682686,0.983757,1,1,merchant_ecosystem_abuse,marketplace_seller_fraud,high generated risk score raises risk;IP velocity raises risk;failed login activity raises risk
txn_cdffe997d0b2,0.981495,1,1,merchant_ecosystem_abuse,marketplace_seller_fraud,IP velocity raises risk;failed login activity raises risk;session velocity raises risk
txn_e55dfed78167,0.987118,1,1,merchant_ecosystem_abuse,marketplace_seller_fraud,high generated risk score raises risk;IP velocity raises risk;failed login activity raises risk
txn_4f970a141829,0.97525,1,1,merchant_ecosystem_abuse,marketplace_seller_fraud,IP velocity raises risk;failed login activity raises risk;session velocity raises risk
txn_ec3500db98a9,0.987213,1,1,merchant_ecosystem_abuse,marketplace_seller_fraud,IP velocity raises risk;failed login activity raises risk;session velocity raises risk
txn_4b4bf09fcc9f,0.980056,1,1,merchant_ecosystem_abuse,marketplace_seller_fraud,IP velocity raises risk;failed login activity raises risk;session velocity raises risk
txn_2bdca4eac697,0.991792,1,1,merchant_ecosystem_abuse,marketplace_seller_fraud,IP velocity raises risk;high generated risk score raises risk;failed login activity raises risk
txn_175f66a32aa2,0.988552,1,1,merchant_ecosystem_abuse,marketplace_seller_fraud,IP velocity raises risk;failed login activity raises risk;session velocity raises risk
txn_44d8d721bff0,0.990139,1,1,merchant_ecosystem_abuse,marketplace_seller_fraud,IP velocity raises risk;high generated risk score raises risk;failed login activity raises risk
txn_0059ae884cbe,0.990037,1,1,merchant_ecosystem_abuse,marketplace_seller_fraud,IP velocity raises risk;high generated risk score raises risk;failed login activity raises risk
txn_18d9ee734106,0.992423,1,1,merchant_ecosystem_abuse,marketplace_seller_fraud,IP velocity raises risk;high generated risk score raises risk;failed login activity raises risk
txn_634cc378447e,0.977305,1,1,merchant_ecosystem_abuse,marketplace_seller_fraud,IP velocity raises risk;failed login activity raises risk;session velocity raises risk
txn_bb48921ba827,0.987274,1,1,merchant_ecosystem_abuse,marketplace_seller_fraud,high generated risk score raises risk;IP velocity raises risk;failed login activity raises risk
txn_ced1256f7f89,0.981598,1,1,merchant_ecosystem_abuse,marketplace_seller_fraud,IP velocity raises risk;high generated risk score raises risk;failed login activity raises risk
txn_0adbed8e4312,0.977743,1,1,merchant_ecosystem_abuse,marketplace_seller_fraud,IP velocity raises risk;failed login activity raises risk;session velocity raises risk
txn_a319a7a965fc,0.973202,1,1,merchant_ecosystem_abuse,marketplace_seller_fraud,IP velocity raises risk;failed login activity raises risk;session velocity raises risk
txn_626ac4ef8ce0,0.969721,1,1,merchant_ecosystem_abuse,marketplace_seller_fraud,failed login activity raises risk;session velocity raises risk;IP velocity raises risk
txn_bccac52264df,0.98788,1,1,merchant_ecosystem_abuse,marketplace_seller_fraud,high generated risk score raises risk;failed login activity raises risk;session velocity raises risk
txn_ab874b85cd88,0.981006,1,1,merchant_ecosystem_abuse,marketplace_seller_fraud,failed login activity raises risk;session velocity raises risk;high generated risk score raises risk
txn_34f59302cf19,0.981292,1,1,merchant_ecosystem_abuse,marketplace_seller_fraud,high generated risk score raises risk;failed login activity raises risk;session velocity raises risk
txn_c7f86039f7cd,0.97165,1,1,merchant_ecosystem_abuse,marketplace_seller_fraud,failed login activity raises risk;session velocity raises risk;high generated risk score lowers risk
txn_97978a1a8ab1,0.976465,1,1,merchant_ecosystem_abuse,marketplace_seller_fraud,failed login activity raises risk;session velocity raises risk;customer_historical_spend_mean raises risk
txn_dd3b1f315eee,0.984772,1,1,merchant_ecosystem_abuse,marketplace_seller_fraud,failed login activity raises risk;session velocity raises risk;customer_historical_spend_mean raises risk
txn_d24667a42c05,0.979136,1,1,merchant_ecosystem_abuse,marketplace_seller_fraud,high generated risk score raises risk;failed login activity raises risk;session velocity raises risk
txn_257cc708cbf6,0.982844,1,1,merchant_ecosystem_abuse,marketplace_seller_fraud,high generated risk score raises risk;failed login activity raises risk;session velocity raises risk
txn_e6dd20ecc995,0.970277,1,1,merchant_ecosystem_abuse,marketplace_seller_fraud,failed login activity raises risk;high generated risk score lowers risk;session velocity raises risk
txn_6ff18346c6b2,0.969351,1,1,merchant_ecosystem_abuse,marketplace_seller_fraud,high generated risk score lowers risk;failed login activity raises risk;session velocity raises risk
txn_c8360979636b,0.964798,1,1,merchant_ecosystem_abuse,marketplace_seller_fraud,failed login activity raises risk;session velocity raises risk;customer_historical_spend_mean raises risk
txn_33f29cc00287,0.986228,1,1,merchant_ecosystem_abuse,marketplace_seller_fraud,high generated risk score raises risk;failed login activity raises risk;session velocity raises risk
txn_f4bf02a93db0,0.979021,1,1,merchant_ecosystem_abuse,marketplace_seller_fraud,failed login activity raises risk;session velocity raises risk;customer_historical_spend_mean raises risk
txn_613f0890e523,0.958895,1,1,merchant_ecosystem_abuse,marketplace_seller_fraud,high generated risk score lowers risk;failed login activity raises risk;session velocity raises risk
txn_0b7aa228d1e0,0.988792,1,1,merchant_ecosystem_abuse,marketplace_seller_fraud,high generated risk score raises risk;failed login activity raises risk;session velocity raises risk
txn_aadf905dc38a,0.987535,1,1,merchant_ecosystem_abuse,marketplace_seller_fraud,high generated risk score raises risk;failed login activity raises risk;session velocity raises risk
txn_64f73711d33a,0.974587,1,1,merchant_ecosystem_abuse,marketplace_seller_fraud,failed login activity raises risk;session velocity raises risk;customer_historical_spend_mean raises risk
txn_3371af2a0a93,0.974559,1,1,merchant_ecosystem_abuse,marketplace_seller_fraud,failed login activity raises risk;session velocity raises risk;customer_historical_spend_mean raises risk
txn_89beca888adc,0.963452,1,1,merchant_ecosystem_abuse,marketplace_seller_fraud,failed login activity raises risk;session velocity raises risk;customer_historical_spend_mean raises risk
txn_eee0fd091353,0.966066,1,1,merchant_ecosystem_abuse,marketplace_seller_fraud,failed login activity raises risk;session velocity raises risk;customer_historical_spend_mean raises risk
txn_23af823c3b79,0.957763,1,1,merchant_ecosystem_abuse,marketplace_seller_fraud,failed login activity raises risk;session velocity raises risk;customer_historical_spend_mean raises risk
txn_ce4d8031a986,0.976023,1,1,merchant_ecosystem_abuse,marketplace_seller_fraud,high generated risk score raises risk;failed login activity raises risk;session velocity raises risk
txn_3fcb51ba9443,0.985745,1,1,merchant_ecosystem_abuse,marketplace_seller_fraud,high generated risk score raises risk;failed login activity raises risk;session velocity raises risk
txn_04b56a47a73e,0.969909,1,1,merchant_ecosystem_abuse,marketplace_seller_fraud,failed login activity raises risk;session velocity raises risk;customer_historical_spend_mean raises risk
txn_aa0b36e64546,0.979769,1,1,merchant_ecosystem_abuse,marketplace_seller_fraud,high generated risk score raises risk;failed login activity raises risk;session velocity raises risk
txn_a70f1a99020c,0.981672,1,1,merchant_ecosystem_abuse,marketplace_seller_fraud,high generated risk score raises risk;failed login activity raises risk;session velocity raises risk
txn_749fb84eff4e,0.97892,1,1,merchant_ecosystem_abuse,marketplace_seller_fraud,high generated risk score raises risk;failed login activity raises risk;session velocity raises risk
txn_e56e227def57,0.984486,1,1,merchant_ecosystem_abuse,marketplace_seller_fraud,high generated risk score raises risk;failed login activity raises risk;session velocity raises risk
txn_1c78fd4b7697,0.972507,1,1,merchant_ecosystem_abuse,marketplace_seller_fraud,failed login activity raises risk;session velocity raises risk;customer_historical_spend_mean raises risk
txn_dc0afe6d3cae,0.954327,1,1,merchant_ecosystem_abuse,marketplace_seller_fraud,failed login activity raises risk;session velocity raises risk;customer_historical_spend_mean raises risk
txn_ccef9a3ba7de,0.983909,1,1,merchant_ecosystem_abuse,marketplace_seller_fraud,high generated risk score raises risk;failed login activity raises risk;session velocity raises risk
txn_79bb9d67c3e0,0.962442,1,1,merchant_ecosystem_abuse,marketplace_seller_fraud,high generated risk score lowers risk;failed login activity raises risk;session velocity raises risk
txn_874623b55540,0.980053,1,1,merchant_ecosystem_abuse,marketplace_seller_fraud,high generated risk score raises risk;failed login activity raises risk;session velocity raises risk
txn_ecd7c96e84e3,0.964182,1,1,merchant_ecosystem_abuse,marketplace_seller_fraud,high generated risk score lowers risk;failed login activity raises risk;session velocity raises risk
txn_181cdd670f5e,0.978575,1,1,merchant_ecosystem_abuse,marketplace_seller_fraud,high generated risk score raises risk;failed login activity raises risk;session velocity raises risk
txn_20a2bcd88241,0.965304,1,1,merchant_ecosystem_abuse,marketplace_seller_fraud,failed login activity raises risk;session velocity raises risk;customer_historical_spend_mean raises risk
txn_802549a4edee,0.9606,1,1,merchant_ecosystem_abuse,triangulation_fraud,device history raises risk;merchant refund behavior raises risk;high generated risk score lowers risk
txn_51ae83bd43d6,0.977298,1,1,merchant_ecosystem_abuse,triangulation_fraud,device history raises risk;merchant refund behavior raises risk;merchant chargeback behavior lowers risk
txn_a799091c0d90,0.977597,1,1,merchant_ecosystem_abuse,triangulation_fraud,device history raises risk;merchant refund behavior raises risk;IP velocity raises risk
txn_3e68493c9a29,0.974387,1,1,merchant_ecosystem_abuse,triangulation_fraud,device history raises risk;merchant refund behavior raises risk;IP velocity raises risk
txn_6b6332a1e746,0.974348,1,1,merchant_ecosystem_abuse,triangulation_fraud,device history raises risk;merchant refund behavior raises risk;IP velocity raises risk
txn_9a053db107c5,0.971491,1,1,merchant_ecosystem_abuse,triangulation_fraud,IP velocity raises risk;device history raises risk;merchant refund behavior raises risk
txn_520bb5bbe173,0.960754,1,1,merchant_ecosystem_abuse,triangulation_fraud,IP velocity raises risk;high generated risk score lowers risk;device history raises risk
txn_1b627806b905,0.980939,1,1,merchant_ecosystem_abuse,triangulation_fraud,IP velocity raises risk;device history raises risk;merchant refund behavior raises risk
txn_3cf8b9057192,0.983403,1,1,merchant_ecosystem_abuse,triangulation_fraud,IP velocity raises risk;device history raises risk;merchant refund behavior raises risk
txn_cdcc67851956,0.983141,1,1,merchant_ecosystem_abuse,triangulation_fraud,IP velocity raises risk;device history raises risk;merchant refund behavior raises risk
txn_fb78ec9ebab0,0.985106,1,1,merchant_ecosystem_abuse,triangulation_fraud,IP velocity raises risk;device history raises risk;high generated risk score raises risk
txn_1ad1e7325a34,0.982939,1,1,merchant_ecosystem_abuse,triangulation_fraud,IP velocity raises risk;device history raises risk;merchant refund behavior raises risk
txn_9f17f5c72ede,0.956832,1,1,merchant_ecosystem_abuse,triangulation_fraud,IP velocity raises risk;device history raises risk;merchant refund behavior raises risk
txn_a655c840e84b,0.978428,1,1,merchant_ecosystem_abuse,triangulation_fraud,IP velocity raises risk;device history raises risk;merchant refund behavior raises risk
txn_a86d798bf54d,0.983698,1,1,merchant_ecosystem_abuse,triangulation_fraud,IP velocity raises risk;high generated risk score raises risk;device history raises risk
txn_9db47c128a7e,0.969221,1,1,merchant_ecosystem_abuse,triangulation_fraud,IP velocity raises risk;device history raises risk;merchant refund behavior raises risk
txn_1de15627171a,0.979412,1,1,merchant_ecosystem_abuse,triangulation_fraud,high generated risk score raises risk;device history raises risk;merchant refund behavior raises risk
txn_0d25730fddbf,0.962497,1,1,merchant_ecosystem_abuse,triangulation_fraud,device history raises risk;merchant refund behavior raises risk;merchant chargeback behavior lowers risk
txn_a5e3437b6e5a,0.968628,1,1,merchant_ecosystem_abuse,triangulation_fraud,device history raises risk;merchant refund behavior raises risk;merchant chargeback behavior lowers risk
txn_a81c9627ea81,0.951547,1,1,merchant_ecosystem_abuse,triangulation_fraud,device history raises risk;merchant refund behavior raises risk;merchant chargeback behavior lowers risk
txn_fe0a381eb685,0.960245,1,1,merchant_ecosystem_abuse,triangulation_fraud,device history raises risk;merchant refund behavior raises risk;merchant chargeback behavior lowers risk
txn_24298cf81a91,0.972174,1,1,merchant_ecosystem_abuse,triangulation_fraud,device history raises risk;merchant refund behavior raises risk;merchant chargeback behavior lowers risk
txn_b574848c81bf,0.973615,1,1,merchant_ecosystem_abuse,triangulation_fraud,device history raises risk;merchant refund behavior raises risk;merchant chargeback behavior lowers risk
txn_c9d7719d2b5b,0.968358,1,1,merchant_ecosystem_abuse,triangulation_fraud,device history raises risk;merchant refund behavior raises risk;merchant chargeback behavior lowers risk
txn_f77050d1f169,0.96809,1,1,merchant_ecosystem_abuse,triangulation_fraud,device history raises risk;merchant refund behavior raises risk;merchant chargeback behavior lowers risk
txn_ad5d899529c6,0.962822,1,1,merchant_ecosystem_abuse,triangulation_fraud,device history raises risk;merchant refund behavior raises risk;merchant chargeback behavior lowers risk
txn_a10586c84879,0.962277,1,1,merchant_ecosystem_abuse,triangulation_fraud,device history raises risk;merchant refund behavior raises risk;merchant chargeback behavior lowers risk
txn_9d6c9e3064ec,0.948454,1,1,merchant_ecosystem_abuse,triangulation_fraud,high generated risk score lowers risk;device history raises risk;merchant refund behavior raises risk
txn_24096a4a2f23,0.979973,1,1,merchant_ecosystem_abuse,triangulation_fraud,high generated risk score raises risk;device history raises risk;merchant refund behavior raises risk
txn_6a7f373697ef,0.970991,1,1,merchant_ecosystem_abuse,triangulation_fraud,device history raises risk;high generated risk score raises risk;merchant refund behavior raises risk
txn_c50e5f220c1b,0.869666,1,1,post_transaction_abuse,alternative_refund_abuse,device history raises risk;customer decline history lowers risk;high generated risk score lowers risk
txn_41cb3f72a88f,0.901504,1,1,post_transaction_abuse,alternative_refund_abuse,device history raises risk;customer decline history lowers risk;IP velocity raises risk
txn_89ad07844dcb,0.929857,1,1,post_transaction_abuse,alternative_refund_abuse,device history raises risk;customer decline history lowers risk;IP velocity raises risk
txn_b41f258f70ac,0.956293,1,1,post_transaction_abuse,alternative_refund_abuse,high generated risk score raises risk;device history raises risk;customer decline history lowers risk
txn_0d533588e927,0.896575,1,1,post_transaction_abuse,alternative_refund_abuse,device history raises risk;customer decline history lowers risk;IP velocity raises risk
txn_d7d1c934156a,0.947692,1,1,post_transaction_abuse,alternative_refund_abuse,IP velocity raises risk;device history raises risk;customer decline history lowers risk
txn_947e3e3f9172,0.956,1,1,post_transaction_abuse,alternative_refund_abuse,IP velocity raises risk;high generated risk score raises risk;device history raises risk
txn_ae3006e9c567,0.958596,1,1,post_transaction_abuse,alternative_refund_abuse,IP velocity raises risk;device history raises risk;customer decline history lowers risk
txn_b2aabe881673,0.928099,1,1,post_transaction_abuse,alternative_refund_abuse,IP velocity raises risk;device history raises risk;customer decline history lowers risk
txn_e757aa003d25,0.794705,1,1,post_transaction_abuse,alternative_refund_abuse,session velocity lowers risk;IP velocity raises risk;device history raises risk
txn_5be174291c9c,0.74661,1,1,post_transaction_abuse,alternative_refund_abuse,session velocity lowers risk;IP velocity raises risk;device history raises risk
txn_224e2f7cf094,0.980849,1,1,post_transaction_abuse,chargeback_fraud,merchant refund behavior lowers risk;IP velocity raises risk;customer account age raises risk
txn_efa8e6bb249f,0.986796,1,1,post_transaction_abuse,chargeback_fraud,merchant refund behavior lowers risk;IP velocity raises risk;high generated risk score raises risk
txn_2e31b27ab3f1,0.972069,1,1,post_transaction_abuse,chargeback_fraud,merchant refund behavior lowers risk;high generated risk score lowers risk;IP velocity raises risk
txn_ae505bbbca5f,0.990357,1,1,post_transaction_abuse,chargeback_fraud,high generated risk score raises risk;IP velocity raises risk;merchant refund behavior lowers risk
txn_7d3fc5de915b,0.982613,1,1,post_transaction_abuse,chargeback_fraud,IP velocity raises risk;merchant refund behavior lowers risk;customer account age raises risk
txn_a0c8cda5dbfb,0.983772,1,1,post_transaction_abuse,chargeback_fraud,IP velocity raises risk;merchant refund behavior lowers risk;customer account age raises risk
txn_24fcc239cb29,0.994647,1,1,post_transaction_abuse,chargeback_fraud,high generated risk score raises risk;IP velocity raises risk;merchant refund behavior lowers risk
txn_0cec0e2e027a,0.987715,1,1,post_transaction_abuse,chargeback_fraud,IP velocity raises risk;merchant refund behavior lowers risk;customer account age raises risk
txn_29a6f7a620d1,0.98751,1,1,post_transaction_abuse,chargeback_fraud,IP velocity raises risk;merchant refund behavior lowers risk;customer account age raises risk
txn_c14ebb3cc8d9,0.982542,1,1,post_transaction_abuse,chargeback_fraud,IP velocity raises risk;merchant refund behavior lowers risk;high generated risk score lowers risk
txn_5592db72d7db,0.986543,1,1,post_transaction_abuse,chargeback_fraud,IP velocity raises risk;merchant refund behavior lowers risk;customer account age raises risk
txn_5550d9e52256,0.985657,1,1,post_transaction_abuse,chargeback_fraud,IP velocity raises risk;merchant refund behavior lowers risk;customer account age raises risk
txn_008276fcf074,0.934269,1,1,post_transaction_abuse,chargeback_fraud,session velocity lowers risk;IP velocity raises risk;merchant refund behavior lowers risk
txn_c8eccebb2f35,0.94192,1,1,post_transaction_abuse,chargeback_fraud,session velocity lowers risk;IP velocity raises risk;merchant refund behavior lowers risk
txn_0b4ca74d66aa,0.971424,1,1,post_transaction_abuse,non_delivery_claim,merchant refund behavior raises risk;customer decline history lowers risk;IP velocity raises risk
txn_fa4e020ca328,0.978874,1,1,post_transaction_abuse,non_delivery_claim,high generated risk score raises risk;merchant refund behavior raises risk;customer decline history lowers risk
txn_b7270b5f80a5,0.951981,1,1,post_transaction_abuse,non_delivery_claim,IP velocity raises risk;merchant refund behavior raises risk;customer decline history lowers risk
txn_a4bf0e46e92b,0.957167,1,1,post_transaction_abuse,non_delivery_claim,IP velocity raises risk;merchant refund behavior raises risk;customer decline history lowers risk
txn_e4c6a4fd21b5,0.961695,1,1,post_transaction_abuse,non_delivery_claim,IP velocity raises risk;high generated risk score lowers risk;merchant refund behavior raises risk
txn_2ae6e3f2dab7,0.98785,1,1,post_transaction_abuse,non_delivery_claim,IP velocity raises risk;high generated risk score raises risk;merchant refund behavior raises risk
txn_e5fe8221c4d1,0.984816,1,1,post_transaction_abuse,non_delivery_claim,IP velocity raises risk;merchant refund behavior raises risk;customer decline history lowers risk
txn_d86329fbbe61,0.977828,1,1,post_transaction_abuse,non_delivery_claim,IP velocity raises risk;merchant refund behavior raises risk;customer decline history lowers risk
txn_01cfbfc08283,0.985085,1,1,post_transaction_abuse,non_delivery_claim,IP velocity raises risk;high generated risk score raises risk;merchant refund behavior raises risk
txn_38269ce01b80,0.965512,1,1,post_transaction_abuse,non_delivery_claim,IP velocity raises risk;merchant refund behavior raises risk;customer decline history lowers risk
txn_0760a498b870,0.983349,1,1,post_transaction_abuse,non_delivery_claim,IP velocity raises risk;merchant refund behavior raises risk;customer decline history lowers risk
txn_208de4aa987f,0.978281,1,1,post_transaction_abuse,non_delivery_claim,IP velocity raises risk;merchant refund behavior raises risk;customer decline history lowers risk
txn_405f81ebdefe,0.844312,1,1,post_transaction_abuse,refund_fraud,merchant refund behavior lowers risk;customer decline history lowers risk;IP velocity raises risk
txn_8a103e3bb6f7,0.766746,1,1,post_transaction_abuse,refund_fraud,high generated risk score lowers risk;merchant refund behavior lowers risk;customer decline history lowers risk
txn_88a62d2a222b,0.811472,1,1,post_transaction_abuse,refund_fraud,IP velocity raises risk;merchant refund behavior lowers risk;customer decline history lowers risk
txn_90c330a90813,0.854115,1,1,post_transaction_abuse,refund_fraud,IP velocity raises risk;merchant refund behavior lowers risk;customer decline history lowers risk
txn_9ca6828140eb,0.865217,1,1,post_transaction_abuse,refund_fraud,IP velocity raises risk;high generated risk score lowers risk;merchant refund behavior lowers risk
txn_0b70f3c1b7dd,0.8878,1,1,post_transaction_abuse,refund_fraud,IP velocity raises risk;merchant refund behavior lowers risk;customer decline history lowers risk
txn_614b44527cb1,0.733716,1,1,post_transaction_abuse,refund_fraud,session velocity lowers risk;IP velocity raises risk;merchant refund behavior lowers risk
txn_69d230120dc2,0.683926,1,1,post_transaction_abuse,refund_fraud,session velocity lowers risk;IP velocity raises risk;merchant refund behavior lowers risk
txn_dcc9f68d77f7,0.956979,1,1,post_transaction_abuse,return_policy_abuse,failed login activity raises risk;IP velocity raises risk;merchant chargeback behavior lowers risk
txn_cbbb39566e15,0.941178,1,1,post_transaction_abuse,return_policy_abuse,failed login activity raises risk;high generated risk score lowers risk;IP velocity raises risk
txn_e56acf008ea5,0.949843,1,1,post_transaction_abuse,return_policy_abuse,IP velocity raises risk;failed login activity raises risk;high generated risk score lowers risk
txn_261caf31f15a,0.94615,1,1,post_transaction_abuse,return_policy_abuse,IP velocity raises risk;failed login activity raises risk;merchant chargeback behavior lowers risk
txn_335f2fabab3f,0.973205,1,1,post_transaction_abuse,return_policy_abuse,IP velocity raises risk;failed login activity raises risk;high generated risk score raises risk
txn_4c7f115c328f,0.973914,1,1,post_transaction_abuse,return_policy_abuse,IP velocity raises risk;high generated risk score raises risk;failed login activity raises risk
txn_c2014fdd36ab,0.941173,1,1,post_transaction_abuse,return_policy_abuse,IP velocity raises risk;failed login activity raises risk;high generated risk score lowers risk
txn_fb24f8f27a33,0.954891,1,1,post_transaction_abuse,return_policy_abuse,IP velocity raises risk;failed login activity raises risk;high generated risk score lowers risk
txn_4e611d2fa7e1,0.975184,1,1,post_transaction_abuse,return_policy_abuse,IP velocity raises risk;failed login activity raises risk;merchant chargeback behavior lowers risk
txn_1424c93b40ce,0.978746,1,1,post_transaction_abuse,return_policy_abuse,IP velocity raises risk;high generated risk score raises risk;failed login activity raises risk
txn_56cf2a98b653,0.977486,1,1,post_transaction_abuse,return_policy_abuse,IP velocity raises risk;high generated risk score raises risk;failed login activity raises risk
txn_c2110d73317a,0.945871,1,1,post_transaction_abuse,return_policy_abuse,failed login activity raises risk;IP velocity raises risk;merchant chargeback behavior lowers risk
txn_eb44a608a053,0.906855,1,1,post_transaction_abuse,return_policy_abuse,failed login activity raises risk;merchant chargeback behavior lowers risk;high generated risk score lowers risk
txn_5262331cfda1,0.948865,1,1,post_transaction_abuse,return_policy_abuse,failed login activity raises risk;merchant chargeback behavior lowers risk;customer account age lowers risk
txn_8b8a9371801b,0.927507,1,1,post_transaction_abuse,return_policy_abuse,failed login activity raises risk;merchant chargeback behavior lowers risk;customer account age lowers risk
txn_5b857ffd75a0,0.749353,1,1,post_transaction_abuse,return_policy_abuse,session velocity lowers risk;failed login activity raises risk;merchant chargeback behavior lowers risk
txn_ffc571e7d5a6,0.738866,1,1,post_transaction_abuse,return_policy_abuse,session velocity lowers risk;failed login activity raises risk;merchant chargeback behavior lowers risk
txn_56dcc7edc64c,0.911345,1,1,social_engineering_payment_fraud,ai_impersonation,IP velocity raises risk;merchant refund behavior lowers risk;failed login activity raises risk
txn_eb5242084a1f,0.902259,1,1,social_engineering_payment_fraud,ai_impersonation,IP velocity raises risk;merchant refund behavior lowers risk;high generated risk score lowers risk
txn_e7ec45253fe0,0.953221,1,1,social_engineering_payment_fraud,ai_impersonation,IP velocity raises risk;high generated risk score raises risk;merchant refund behavior lowers risk
txn_89f2a72d2384,0.933978,1,1,social_engineering_payment_fraud,ai_impersonation,IP velocity raises risk;merchant refund behavior lowers risk;failed login activity raises risk
txn_bb6448bbe4f1,0.896584,1,1,social_engineering_payment_fraud,ai_impersonation,IP velocity raises risk;high generated risk score lowers risk;merchant refund behavior lowers risk
txn_185ed233c651,0.960564,1,1,social_engineering_payment_fraud,ai_impersonation,IP velocity raises risk;merchant refund behavior lowers risk;high generated risk score raises risk
txn_204089f9cc8b,0.95266,1,1,social_engineering_payment_fraud,ai_impersonation,IP velocity raises risk;merchant refund behavior lowers risk;failed login activity raises risk
txn_5a2734d2f703,0.949774,1,1,social_engineering_payment_fraud,ai_impersonation,IP velocity raises risk;merchant refund behavior lowers risk;failed login activity raises risk
txn_ee19c1a96bcd,0.957557,1,1,social_engineering_payment_fraud,ai_impersonation,IP velocity raises risk;high generated risk score raises risk;merchant refund behavior lowers risk
txn_aadd02183309,0.977358,1,1,social_engineering_payment_fraud,authorized_push_payment_scam,transaction_type_code raises risk;IP velocity raises risk;device history raises risk
txn_07027cf81cb8,0.98646,1,1,social_engineering_payment_fraud,authorized_push_payment_scam,transaction_type_code raises risk;IP velocity raises risk;device history raises risk
txn_5e54aa906219,0.988316,1,1,social_engineering_payment_fraud,authorized_push_payment_scam,IP velocity raises risk;transaction_type_code raises risk;high generated risk score raises risk
txn_562cf3a48129,0.985547,1,1,social_engineering_payment_fraud,authorized_push_payment_scam,transaction_type_code raises risk;IP velocity raises risk;device history raises risk
txn_3f053143980f,0.98483,1,1,social_engineering_payment_fraud,authorized_push_payment_scam,IP velocity raises risk;transaction_type_code raises risk;device history raises risk
txn_863ef6fc0721,0.988195,1,1,social_engineering_payment_fraud,authorized_push_payment_scam,transaction_type_code raises risk;IP velocity raises risk;high generated risk score raises risk
txn_0f3fdc5673a6,0.985889,1,1,social_engineering_payment_fraud,authorized_push_payment_scam,IP velocity raises risk;transaction_type_code raises risk;device history raises risk
txn_8e0685a391bb,0.976786,1,1,social_engineering_payment_fraud,authorized_push_payment_scam,transaction_type_code raises risk;IP velocity raises risk;device history raises risk
txn_2658026e2f78,0.988682,1,1,social_engineering_payment_fraud,authorized_push_payment_scam,transaction_type_code raises risk;IP velocity raises risk;high generated risk score raises risk
txn_e151f2f65f55,0.94651,1,1,social_engineering_payment_fraud,business_email_compromise,IP velocity raises risk;unusual amount raises risk;merchant chargeback behavior lowers risk
txn_9811fbc25ae5,0.94022,1,1,social_engineering_payment_fraud,business_email_compromise,IP velocity raises risk;high generated risk score raises risk;merchant chargeback behavior lowers risk
txn_7bd128690b4c,0.901037,1,1,social_engineering_payment_fraud,business_email_compromise,IP velocity raises risk;unusual amount raises risk;high generated risk score lowers risk
txn_6908434112dc,0.915691,1,1,social_engineering_payment_fraud,business_email_compromise,IP velocity raises risk;merchant chargeback behavior lowers risk;failed login activity lowers risk
txn_f79bda9b1042,0.908066,1,1,social_engineering_payment_fraud,business_email_compromise,IP velocity raises risk;merchant chargeback behavior lowers risk;failed login activity lowers risk
txn_81ed5a33548e,0.922404,1,1,social_engineering_payment_fraud,business_email_compromise,IP velocity raises risk;unusual amount raises risk;merchant chargeback behavior lowers risk
txn_2a31685fff04,0.756296,1,1,social_engineering_payment_fraud,business_email_compromise,session velocity lowers risk;IP velocity raises risk;merchant chargeback behavior lowers risk
txn_e6d58966262a,0.726869,1,1,social_engineering_payment_fraud,business_email_compromise,session velocity lowers risk;IP velocity raises risk;merchant chargeback behavior lowers risk
txn_20ee12fe6676,0.988727,1,1,social_engineering_payment_fraud,executive_impersonation,failed login activity raises risk;unusual amount raises risk;IP velocity raises risk
txn_c6f7b6661c67,0.993817,1,1,social_engineering_payment_fraud,executive_impersonation,failed login activity raises risk;IP velocity raises risk;high generated risk score raises risk
txn_e2ab7a87ff38,0.987504,1,1,social_engineering_payment_fraud,executive_impersonation,failed login activity raises risk;IP velocity raises risk;device history raises risk
txn_6dd4044df58c,0.949152,1,1,social_engineering_payment_fraud,executive_impersonation,session velocity lowers risk;failed login activity raises risk;IP velocity raises risk
txn_2bc0f9ad3635,0.965193,1,1,social_engineering_payment_fraud,executive_impersonation,session velocity lowers risk;failed login activity raises risk;IP velocity raises risk
txn_047345e54364,0.943033,1,1,social_engineering_payment_fraud,vendor_rerouting,IP velocity raises risk;customer account age lowers risk;unusual amount raises risk
txn_fd411b57f9b2,0.948914,1,1,social_engineering_payment_fraud,vendor_rerouting,IP velocity raises risk;unusual amount raises risk;customer account age lowers risk
txn_6d9d7643948f,0.947993,1,1,social_engineering_payment_fraud,vendor_rerouting,unusual amount raises risk;IP velocity raises risk;customer account age lowers risk
txn_68eaf9970a01,0.935152,1,1,social_engineering_payment_fraud,vendor_rerouting,IP velocity raises risk;customer account age lowers risk;unusual amount raises risk
txn_36c11da4bfb0,0.969012,1,1,social_engineering_payment_fraud,vendor_rerouting,unusual amount raises risk;IP velocity raises risk;high generated risk score raises risk
txn_b29345efe880,0.93983,1,1,social_engineering_payment_fraud,vendor_rerouting,IP velocity raises risk;customer account age lowers risk;merchant age lowers risk
txn_114807a957c8,0.92728,1,1,social_engineering_payment_fraud,vendor_rerouting,unusual amount raises risk;IP velocity raises risk;customer account age lowers risk
txn_49cbaddfc7b8,0.948293,1,1,social_engineering_payment_fraud,vendor_rerouting,unusual amount raises risk;customer account age lowers risk;high generated risk score raises risk
txn_963873c65b5d,0.932964,1,1,social_engineering_payment_fraud,vendor_rerouting,unusual amount raises risk;customer account age lowers risk;IP velocity raises risk
txn_e852fd18d14f,0.938776,1,1,social_engineering_payment_fraud,ai_impersonation,IP velocity raises risk;merchant age lowers risk;high generated risk score raises risk
txn_7a65ffbe860c,0.929341,1,1,social_engineering_payment_fraud,ai_impersonation,IP velocity raises risk;merchant age lowers risk;high generated risk score raises risk
txn_53dce56973fa,0.872058,1,1,social_engineering_payment_fraud,ai_impersonation,IP velocity raises risk;high generated risk score lowers risk;merchant age lowers risk
txn_19714c32996b,0.880582,1,1,social_engineering_payment_fraud,ai_impersonation,IP velocity raises risk;merchant age lowers risk;merchant refund behavior raises risk
txn_006f71f29499,0.930161,1,1,social_engineering_payment_fraud,ai_impersonation,IP velocity raises risk;merchant age lowers risk;merchant refund behavior raises risk
txn_a20084dc2417,0.855851,1,1,social_engineering_payment_fraud,ai_impersonation,high generated risk score lowers risk;merchant age lowers risk;IP velocity raises risk
txn_d94e53e2021b,0.869344,1,1,merchant_ecosystem_abuse,triangulation_fraud,IP velocity raises risk;merchant refund behavior lowers risk;high generated risk score raises risk
txn_1a8c735ba75a,0.765954,1,1,merchant_ecosystem_abuse,triangulation_fraud,IP velocity raises risk;high generated risk score lowers risk;merchant refund behavior lowers risk
txn_4ec05d034da6,0.866253,1,1,merchant_ecosystem_abuse,triangulation_fraud,IP velocity raises risk;merchant refund behavior lowers risk;device history lowers risk
txn_bf92520df8be,0.857089,1,1,merchant_ecosystem_abuse,triangulation_fraud,IP velocity raises risk;merchant refund behavior lowers risk;device history lowers risk
txn_0999d2357d5e,0.740079,1,1,merchant_ecosystem_abuse,triangulation_fraud,high generated risk score lowers risk;merchant refund behavior lowers risk;IP velocity raises risk
txn_ead9bc668816,0.756412,1,1,merchant_ecosystem_abuse,triangulation_fraud,merchant refund behavior lowers risk;device history lowers risk;high generated risk score lowers risk
txn_730ccff067b2,0.762372,1,1,merchant_ecosystem_abuse,triangulation_fraud,merchant refund behavior lowers risk;device history lowers risk;IP velocity raises risk
txn_95d8b2bbbb4f,0.84909,1,1,merchant_ecosystem_abuse,triangulation_fraud,merchant refund behavior lowers risk;device history lowers risk;merchant age lowers risk
txn_506bc470ce75,0.782726,1,1,merchant_ecosystem_abuse,triangulation_fraud,merchant refund behavior lowers risk;device history lowers risk;merchant age lowers risk
txn_798197d2be2a,0.803154,1,1,merchant_ecosystem_abuse,triangulation_fraud,merchant refund behavior lowers risk;device history lowers risk;merchant age lowers risk
txn_32d074478486,0.604631,1,1,merchant_ecosystem_abuse,triangulation_fraud,high generated risk score lowers risk;merchant refund behavior lowers risk;device history lowers risk
txn_1d3159aec04e,0.763516,1,1,merchant_ecosystem_abuse,triangulation_fraud,merchant refund behavior lowers risk;device history lowers risk;merchant age lowers risk
txn_45fb32a7533b,0.755588,1,1,merchant_ecosystem_abuse,triangulation_fraud,merchant refund behavior lowers risk;device history lowers risk;merchant age lowers risk
txn_d16ff7b368c6,0.817565,1,1,merchant_ecosystem_abuse,triangulation_fraud,merchant refund behavior lowers risk;device history lowers risk;high generated risk score raises risk
txn_9e988793964a,0.817562,1,1,merchant_ecosystem_abuse,triangulation_fraud,high generated risk score raises risk;merchant refund behavior lowers risk;device history lowers risk
txn_9ed9026650e3,0.77467,1,1,merchant_ecosystem_abuse,triangulation_fraud,merchant refund behavior lowers risk;device history lowers risk;high generated risk score raises risk
txn_b89ecfcf8760,0.7712,1,1,merchant_ecosystem_abuse,triangulation_fraud,merchant refund behavior lowers risk;device history lowers risk;merchant age lowers risk
txn_9f2a6c540357,0.766024,1,1,merchant_ecosystem_abuse,triangulation_fraud,merchant refund behavior lowers risk;device history lowers risk;merchant age lowers risk
txn_07acf49270e3,0.756027,1,1,merchant_ecosystem_abuse,triangulation_fraud,merchant refund behavior lowers risk;device history lowers risk;merchant age lowers risk
txn_3f214464c66c,0.819228,1,1,merchant_ecosystem_abuse,triangulation_fraud,merchant refund behavior lowers risk;device history lowers risk;high generated risk score raises risk
txn_9274456bc395,0.748603,1,1,merchant_ecosystem_abuse,triangulation_fraud,merchant refund behavior lowers risk;device history lowers risk;merchant age lowers risk
txn_d674b9b44e0d,0.814997,1,1,merchant_ecosystem_abuse,triangulation_fraud,high generated risk score raises risk;merchant refund behavior lowers risk;device history lowers risk
txn_800d0a6e7f4e,0.81269,1,1,merchant_ecosystem_abuse,triangulation_fraud,merchant refund behavior lowers risk;device history lowers risk;high generated risk score raises risk
txn_7fec9f834a2c,0.755943,1,1,merchant_ecosystem_abuse,triangulation_fraud,merchant refund behavior lowers risk;device history lowers risk;merchant age lowers risk
txn_e6dfc430011c,0.852582,1,1,merchant_ecosystem_abuse,triangulation_fraud,high generated risk score raises risk;merchant refund behavior lowers risk;device history lowers risk
txn_005830c4611b,0.814529,1,1,merchant_ecosystem_abuse,triangulation_fraud,merchant refund behavior lowers risk;device history lowers risk;merchant age lowers risk
txn_befaf99d030d,0.792799,1,1,merchant_ecosystem_abuse,triangulation_fraud,merchant refund behavior lowers risk;device history lowers risk;merchant age lowers risk
txn_0b9dd705d91b,0.738615,1,1,merchant_ecosystem_abuse,triangulation_fraud,merchant refund behavior lowers risk;device history lowers risk;merchant age lowers risk
txn_62119a9c5773,0.565382,1,1,merchant_ecosystem_abuse,triangulation_fraud,high generated risk score lowers risk;merchant refund behavior lowers risk;device history lowers risk
txn_99066f1efd93,0.796522,1,1,merchant_ecosystem_abuse,triangulation_fraud,high generated risk score raises risk;merchant refund behavior lowers risk;device history lowers risk
txn_888dd272968c,0.777454,1,1,merchant_ecosystem_abuse,triangulation_fraud,high generated risk score raises risk;merchant refund behavior lowers risk;device history lowers risk
txn_db8759c4df05,0.730683,1,1,merchant_ecosystem_abuse,triangulation_fraud,merchant refund behavior lowers risk;device history lowers risk;merchant age lowers risk
txn_996dfcd06348,0.760416,1,1,merchant_ecosystem_abuse,triangulation_fraud,merchant refund behavior lowers risk;device history lowers risk;merchant age lowers risk
txn_7175bbdcf8b7,0.955317,1,1,identity_onboarding_fraud,synthetic_identity,failed login activity raises risk;IP velocity raises risk;merchant refund behavior raises risk
txn_9c4c883f9cac,0.964402,1,1,identity_onboarding_fraud,synthetic_identity,failed login activity raises risk;IP velocity raises risk;merchant refund behavior raises risk
txn_02dde4a002cc,0.950027,1,1,identity_onboarding_fraud,synthetic_identity,failed login activity raises risk;IP velocity raises risk;merchant refund behavior raises risk
txn_314d0870fe4d,0.976918,1,1,identity_onboarding_fraud,synthetic_identity,failed login activity raises risk;merchant refund behavior raises risk;high generated risk score raises risk
txn_6f7b4a51b38d,0.939747,1,1,identity_onboarding_fraud,synthetic_identity,failed login activity raises risk;merchant refund behavior raises risk;device history raises risk
txn_70716d4b6bee,0.954532,1,1,identity_onboarding_fraud,synthetic_identity,failed login activity raises risk;merchant refund behavior raises risk;device history raises risk
txn_69a74648dab5,0.969406,1,1,identity_onboarding_fraud,synthetic_identity,failed login activity raises risk;merchant refund behavior raises risk;device history raises risk
txn_da843a205ab9,0.951986,1,1,identity_onboarding_fraud,synthetic_identity,failed login activity raises risk;merchant refund behavior raises risk;device history raises risk
txn_64c9bbb09d8f,0.943821,1,1,identity_onboarding_fraud,synthetic_identity,failed login activity raises risk;merchant refund behavior raises risk;device history raises risk
txn_86b77c4289b6,0.961159,1,1,identity_onboarding_fraud,synthetic_identity,failed login activity raises risk;merchant refund behavior raises risk;device history raises risk
txn_4480def2a821,0.952708,1,1,identity_onboarding_fraud,synthetic_identity,failed login activity raises risk;merchant refund behavior raises risk;device history raises risk
txn_99709769caad,0.943316,1,1,identity_onboarding_fraud,synthetic_identity,failed login activity raises risk;merchant refund behavior raises risk;device history raises risk
txn_56999f17224d,0.964214,1,1,identity_onboarding_fraud,synthetic_identity,failed login activity raises risk;high generated risk score raises risk;merchant refund behavior raises risk
txn_9ad560d66f87,0.953448,1,1,identity_onboarding_fraud,synthetic_identity,failed login activity raises risk;merchant refund behavior raises risk;device history raises risk
txn_ef6cd504d239,0.914182,1,1,identity_onboarding_fraud,synthetic_identity,failed login activity raises risk;merchant refund behavior raises risk;high generated risk score lowers risk
txn_6637ebaf88a1,0.877197,1,1,credential_based_fraud,merchant_admin_takeover,IP velocity raises risk;device history raises risk;transaction_type_code lowers risk
txn_5f2122c47cfc,0.937783,1,1,credential_based_fraud,merchant_admin_takeover,high generated risk score raises risk;IP velocity raises risk;transaction_type_code lowers risk
txn_ba8cb4a7fdb2,0.842592,1,1,credential_based_fraud,merchant_admin_takeover,transaction_type_code lowers risk;high generated risk score lowers risk;IP velocity raises risk
txn_dd9903b5594a,0.820696,1,1,credential_based_fraud,merchant_admin_takeover,transaction_type_code lowers risk;high generated risk score lowers risk;IP velocity raises risk
txn_8dbdf9cb07c4,0.816194,1,1,credential_based_fraud,merchant_admin_takeover,device history raises risk;transaction_type_code lowers risk;high generated risk score lowers risk
txn_b20b6565ed01,0.858374,1,1,credential_based_fraud,merchant_admin_takeover,transaction_type_code lowers risk;high generated risk score lowers risk;merchant age lowers risk
txn_27ab63188fc2,0.407278,1,1,credential_based_fraud,merchant_admin_takeover,session velocity lowers risk;transaction_type_code lowers risk;merchant age lowers risk
txn_5cb0a8c51db5,0.96385,1,1,merchant_ecosystem_abuse,bust_out_merchant,high generated risk score raises risk;IP velocity raises risk;merchant refund behavior raises risk
txn_e5369e1f3873,0.967559,1,1,merchant_ecosystem_abuse,bust_out_merchant,high generated risk score raises risk;IP velocity raises risk;merchant refund behavior raises risk
txn_cf18703f8504,0.946514,1,1,merchant_ecosystem_abuse,bust_out_merchant,merchant refund behavior raises risk;IP velocity raises risk;failed login activity lowers risk
txn_6c1a3db1b995,0.929553,1,1,merchant_ecosystem_abuse,bust_out_merchant,merchant refund behavior raises risk;IP velocity raises risk;failed login activity lowers risk
txn_352edb6f7388,0.930222,1,1,merchant_ecosystem_abuse,bust_out_merchant,merchant refund behavior raises risk;failed login activity lowers risk;session velocity raises risk
txn_2a0f47764f01,0.95171,1,1,merchant_ecosystem_abuse,bust_out_merchant,merchant refund behavior raises risk;failed login activity lowers risk;session velocity raises risk
txn_863c8a480e11,0.944752,1,1,merchant_ecosystem_abuse,bust_out_merchant,merchant refund behavior raises risk;failed login activity lowers risk;session velocity raises risk
txn_1e003ea1c189,0.946825,1,1,merchant_ecosystem_abuse,bust_out_merchant,high generated risk score raises risk;merchant refund behavior raises risk;failed login activity lowers risk
txn_3e75f95ffe45,0.95579,1,1,merchant_ecosystem_abuse,bust_out_merchant,merchant refund behavior raises risk;failed login activity lowers risk;session velocity raises risk
txn_f953a2a9cec0,0.963709,1,1,merchant_ecosystem_abuse,bust_out_merchant,high generated risk score raises risk;merchant refund behavior raises risk;failed login activity lowers risk
txn_f8888b9ffbb7,0.942211,1,1,merchant_ecosystem_abuse,bust_out_merchant,merchant refund behavior raises risk;failed login activity lowers risk;session velocity raises risk
txn_b347fcd542c1,0.941608,1,1,merchant_ecosystem_abuse,bust_out_merchant,merchant refund behavior raises risk;failed login activity lowers risk;session velocity raises risk
txn_1a636e8dfe55,0.933754,1,1,merchant_ecosystem_abuse,bust_out_merchant,merchant refund behavior raises risk;failed login activity lowers risk;session velocity raises risk
txn_7754f005cb9f,0.939114,1,1,merchant_ecosystem_abuse,bust_out_merchant,merchant refund behavior raises risk;failed login activity lowers risk;session velocity raises risk
txn_f951de85dacd,0.86999,1,1,merchant_ecosystem_abuse,bust_out_merchant,high generated risk score lowers risk;merchant refund behavior raises risk;failed login activity lowers risk
txn_47dee835a3eb,0.885601,1,1,merchant_ecosystem_abuse,bust_out_merchant,merchant refund behavior raises risk;high generated risk score lowers risk;failed login activity lowers risk
txn_329bd2d60535,0.889097,1,1,merchant_ecosystem_abuse,bust_out_merchant,merchant refund behavior raises risk;failed login activity lowers risk;session velocity raises risk
txn_d422c3359b5c,0.902941,1,1,merchant_ecosystem_abuse,bust_out_merchant,merchant refund behavior raises risk;failed login activity lowers risk;session velocity raises risk
txn_b519d710993a,0.888624,1,1,merchant_ecosystem_abuse,bust_out_merchant,merchant refund behavior raises risk;failed login activity lowers risk;session velocity raises risk
txn_c09e027431e4,0.887939,1,1,merchant_ecosystem_abuse,bust_out_merchant,merchant refund behavior raises risk;failed login activity lowers risk;session velocity raises risk
txn_51f57214e344,0.913532,1,1,merchant_ecosystem_abuse,bust_out_merchant,merchant refund behavior raises risk;failed login activity lowers risk;session velocity raises risk
txn_2434dfa50d37,0.903877,1,1,merchant_ecosystem_abuse,bust_out_merchant,merchant refund behavior raises risk;failed login activity lowers risk;session velocity raises risk
txn_304c3f11b2fa,0.913174,1,1,merchant_ecosystem_abuse,bust_out_merchant,merchant refund behavior raises risk;failed login activity lowers risk;session velocity raises risk
txn_d5b19e593bae,0.90756,1,1,merchant_ecosystem_abuse,bust_out_merchant,merchant refund behavior raises risk;high generated risk score lowers risk;failed login activity lowers risk
txn_9a09beccfb3c,0.952767,1,1,merchant_ecosystem_abuse,bust_out_merchant,high generated risk score raises risk;merchant refund behavior raises risk;failed login activity lowers risk
txn_96ea6ca5f352,0.892064,1,1,merchant_ecosystem_abuse,bust_out_merchant,merchant refund behavior raises risk;failed login activity lowers risk;session velocity raises risk
txn_e760671cbff4,0.890333,1,1,merchant_ecosystem_abuse,bust_out_merchant,merchant refund behavior raises risk;failed login activity lowers risk;session velocity raises risk
txn_9cf9f6db41e0,0.961643,1,1,merchant_ecosystem_abuse,bust_out_merchant,high generated risk score raises risk;merchant refund behavior raises risk;failed login activity lowers risk
txn_4f0f5593ab43,0.90556,1,1,merchant_ecosystem_abuse,bust_out_merchant,high generated risk score lowers risk;merchant refund behavior raises risk;failed login activity lowers risk
txn_dc9a271aadd3,0.954851,1,1,merchant_ecosystem_abuse,bust_out_merchant,high generated risk score raises risk;merchant refund behavior raises risk;failed login activity lowers risk
txn_98518ae62c2f,0.95124,1,1,merchant_ecosystem_abuse,bust_out_merchant,high generated risk score raises risk;merchant refund behavior raises risk;failed login activity lowers risk
txn_ef8a1b3e4f95,0.938273,1,1,merchant_ecosystem_abuse,bust_out_merchant,merchant refund behavior raises risk;failed login activity lowers risk;session velocity raises risk
txn_b88d5223195c,0.931327,1,1,merchant_ecosystem_abuse,bust_out_merchant,merchant refund behavior raises risk;failed login activity lowers risk;session velocity raises risk
txn_c1e3751d36fc,0.923316,1,1,merchant_ecosystem_abuse,bust_out_merchant,merchant refund behavior raises risk;failed login activity lowers risk;session velocity raises risk
txn_e222129be289,0.945608,1,1,merchant_ecosystem_abuse,bust_out_merchant,high generated risk score raises risk;merchant refund behavior raises risk;failed login activity lowers risk
txn_ba9fed3d1b80,0.91265,1,1,merchant_ecosystem_abuse,bust_out_merchant,merchant refund behavior raises risk;failed login activity lowers risk;session velocity raises risk
txn_de52be3dd6f8,0.912536,1,1,merchant_ecosystem_abuse,bust_out_merchant,merchant refund behavior raises risk;failed login activity lowers risk;session velocity raises risk
txn_b98827a780dc,0.909271,1,1,merchant_ecosystem_abuse,bust_out_merchant,merchant refund behavior raises risk;failed login activity lowers risk;session velocity raises risk
txn_be92c296fae1,0.903917,1,1,merchant_ecosystem_abuse,bust_out_merchant,merchant refund behavior raises risk;failed login activity lowers risk;session velocity raises risk
txn_343c27739fd5,0.948474,1,1,merchant_ecosystem_abuse,bust_out_merchant,high generated risk score raises risk;merchant refund behavior raises risk;failed login activity lowers risk
txn_cb45697be12d,0.930089,1,1,merchant_ecosystem_abuse,bust_out_merchant,high generated risk score raises risk;merchant refund behavior raises risk;failed login activity lowers risk
txn_a0ddbf661e0a,0.863272,1,1,merchant_ecosystem_abuse,bust_out_merchant,merchant refund behavior raises risk;failed login activity lowers risk;session velocity raises risk
txn_99f1391373f2,0.929921,1,1,merchant_ecosystem_abuse,bust_out_merchant,high generated risk score raises risk;merchant refund behavior raises risk;failed login activity lowers risk
txn_f8ce3e5b9c4f,0.929461,1,1,merchant_ecosystem_abuse,bust_out_merchant,merchant refund behavior raises risk;failed login activity lowers risk;high generated risk score raises risk
txn_1ce74bf93bba,0.90504,1,1,merchant_ecosystem_abuse,bust_out_merchant,merchant refund behavior raises risk;failed login activity lowers risk;session velocity raises risk
txn_2a1b73621173,0.933566,1,1,merchant_ecosystem_abuse,bust_out_merchant,merchant refund behavior raises risk;high generated risk score raises risk;failed login activity lowers risk
txn_1c67c7221414,0.940352,1,1,merchant_ecosystem_abuse,bust_out_merchant,high generated risk score raises risk;merchant refund behavior raises risk;failed login activity lowers risk
txn_9a153b7710da,0.942826,1,1,merchant_ecosystem_abuse,bust_out_merchant,high generated risk score raises risk;merchant refund behavior raises risk;failed login activity lowers risk
txn_460f72b43b9f,0.947907,1,1,merchant_ecosystem_abuse,bust_out_merchant,high generated risk score raises risk;merchant refund behavior raises risk;failed login activity lowers risk
txn_cfa5a91ea2f1,0.934882,1,1,merchant_ecosystem_abuse,bust_out_merchant,high generated risk score raises risk;merchant refund behavior raises risk;failed login activity lowers risk
txn_557606f14dbe,0.9448,1,1,merchant_ecosystem_abuse,bust_out_merchant,high generated risk score raises risk;merchant refund behavior raises risk;failed login activity lowers risk
txn_85937d5440bc,0.934517,1,1,merchant_ecosystem_abuse,bust_out_merchant,high generated risk score raises risk;merchant refund behavior raises risk;failed login activity lowers risk
txn_b02f0c05545a,0.931011,1,1,merchant_ecosystem_abuse,bust_out_merchant,merchant refund behavior raises risk;failed login activity lowers risk;session velocity raises risk
txn_fe4c5b397a03,0.92886,1,1,merchant_ecosystem_abuse,bust_out_merchant,high generated risk score raises risk;merchant refund behavior raises risk;failed login activity lowers risk
txn_dff506533833,0.947536,1,1,merchant_ecosystem_abuse,bust_out_merchant,high generated risk score raises risk;merchant refund behavior raises risk;failed login activity lowers risk
txn_813dd5580eab,0.902894,1,1,merchant_ecosystem_abuse,bust_out_merchant,merchant refund behavior raises risk;failed login activity lowers risk;session velocity raises risk
txn_84c24eba2952,0.936936,1,1,merchant_ecosystem_abuse,bust_out_merchant,merchant refund behavior raises risk;failed login activity lowers risk;session velocity raises risk
txn_e733344f9031,0.907896,1,1,merchant_ecosystem_abuse,bust_out_merchant,merchant refund behavior raises risk;failed login activity lowers risk;session velocity raises risk
txn_89bafff7c6c1,0.911081,1,1,merchant_ecosystem_abuse,bust_out_merchant,merchant refund behavior raises risk;failed login activity lowers risk;session velocity raises risk
txn_77b41ce22b7c,0.932185,1,1,merchant_ecosystem_abuse,bust_out_merchant,high generated risk score raises risk;merchant refund behavior raises risk;failed login activity lowers risk
txn_264e0292e896,0.84115,1,1,merchant_ecosystem_abuse,bust_out_merchant,high generated risk score lowers risk;merchant refund behavior raises risk;failed login activity lowers risk
txn_4be8b9d7369e,0.930498,1,1,merchant_ecosystem_abuse,bust_out_merchant,high generated risk score raises risk;merchant refund behavior raises risk;failed login activity lowers risk
txn_82b21734f088,0.848216,1,1,merchant_ecosystem_abuse,bust_out_merchant,high generated risk score lowers risk;merchant refund behavior raises risk;failed login activity lowers risk
txn_9690803a6c90,0.914339,1,1,merchant_ecosystem_abuse,bust_out_merchant,merchant refund behavior raises risk;failed login activity lowers risk;session velocity raises risk
txn_0791261b6076,0.914819,1,1,merchant_ecosystem_abuse,bust_out_merchant,high generated risk score raises risk;merchant refund behavior raises risk;failed login activity lowers risk
txn_f01715cc5970,0.83978,1,1,merchant_ecosystem_abuse,bust_out_merchant,high generated risk score lowers risk;merchant refund behavior raises risk;failed login activity lowers risk
txn_a1d477115901,0.90308,1,1,merchant_ecosystem_abuse,bust_out_merchant,merchant refund behavior raises risk;failed login activity lowers risk;high generated risk score raises risk
txn_0dae3a3ca141,0.90603,1,1,merchant_ecosystem_abuse,bust_out_merchant,merchant refund behavior raises risk;failed login activity lowers risk;session velocity raises risk
txn_599085d3eb7d,0.937816,1,1,merchant_ecosystem_abuse,bust_out_merchant,high generated risk score raises risk;merchant refund behavior raises risk;failed login activity lowers risk
txn_3f38bcec7515,0.928021,1,1,merchant_ecosystem_abuse,bust_out_merchant,high generated risk score raises risk;merchant refund behavior raises risk;failed login activity lowers risk
txn_c31ccfd05a4d,0.894658,1,1,merchant_ecosystem_abuse,bust_out_merchant,merchant refund behavior raises risk;failed login activity lowers risk;session velocity raises risk
txn_bd132706beba,0.883666,1,1,merchant_ecosystem_abuse,bust_out_merchant,merchant refund behavior raises risk;failed login activity lowers risk;IP velocity lowers risk
txn_6aba99f0eb4b,0.921196,1,1,merchant_ecosystem_abuse,bust_out_merchant,merchant refund behavior raises risk;failed login activity lowers risk;IP velocity lowers risk
txn_a8a76f56e1c7,0.913774,1,1,merchant_ecosystem_abuse,bust_out_merchant,merchant refund behavior raises risk;failed login activity lowers risk;IP velocity lowers risk
txn_6e6656cc362d,0.90999,1,1,merchant_ecosystem_abuse,bust_out_merchant,merchant refund behavior raises risk;failed login activity lowers risk;high generated risk score raises risk
txn_01332bc03dd1,0.930627,1,1,merchant_ecosystem_abuse,bust_out_merchant,merchant refund behavior raises risk;failed login activity lowers risk;IP velocity lowers risk
txn_7858b65b4be7,0.903764,1,1,merchant_ecosystem_abuse,bust_out_merchant,merchant refund behavior raises risk;failed login activity lowers risk;IP velocity lowers risk
txn_9ce21556b4fa,0.860391,1,1,merchant_ecosystem_abuse,bust_out_merchant,high generated risk score lowers risk;merchant refund behavior raises risk;failed login activity lowers risk
txn_752e90e2555a,0.943119,1,1,merchant_ecosystem_abuse,bust_out_merchant,high generated risk score raises risk;merchant refund behavior raises risk;failed login activity lowers risk
txn_6c5d2ce0cfdf,0.908887,1,1,merchant_ecosystem_abuse,bust_out_merchant,merchant refund behavior raises risk;failed login activity lowers risk;IP velocity lowers risk
txn_0a5d0b83be5f,0.871035,1,1,merchant_ecosystem_abuse,bust_out_merchant,merchant refund behavior raises risk;failed login activity lowers risk;high generated risk score lowers risk
