transaction_id,amount,risk_score,event_hour,billing_shipping_mismatch,customer_transaction_count,merchant_transaction_count,device_transaction_count,session_transaction_count,ip_transaction_count,customer_account_age_days,customer_historical_decline_rate,customer_historical_spend_mean,merchant_age_days,merchant_refund_rate,merchant_chargeback_rate,merchant_volume_growth_rate,device_ip_reputation_score,device_first_seen_days_ago,device_failed_login_count,label,attack_bucket,attack_subtype,currency_code,channel_code,rail_code,transaction_type_code,status_code,billing_country_code,shipping_country_code,merchant_category_code,payment_method_type_code,auth_result_code
txn_a0545b1f3593,23.39,0.1769,0,0,4,6,5,1,1,2608.0,0.018,255.6,702.0,0.0103,0.0037,0.0101,0.1465,1174.0,1.0,0,,,4,4,4,1,0,0,0,0,1,0
txn_41d42f2738e7,38.09,0.2689,0,0,4,6,5,1,1,2608.0,0.018,255.6,957.0,0.0668,0.0085,0.1282,0.1465,1174.0,1.0,0,,,3,4,4,1,0,3,3,2,1,0
txn_a703bf8e1397,16.95,0.2129,0,0,4,6,5,1,1,2608.0,0.018,255.6,2163.0,0.0031,0.0129,0.0444,0.1465,1174.0,1.0,0,,,4,8,3,1,0,2,2,4,1,0
txn_fd19060fa6cd,37.89,0.1539,1,0,4,6,5,1,1,2608.0,0.018,255.6,2702.0,0.0467,0.001,0.174,0.1465,1174.0,1.0,0,,,1,4,1,1,0,1,1,6,3,0
txn_86a400a5897e,48.82,0.1587,0,0,4,6,5,1,1,148.0,0.0612,74.05,2177.0,0.0159,0.0085,0.09,0.1465,1174.0,1.0,0,,,2,6,1,1,0,0,0,0,2,0
txn_4fb59943b19a,43.77,0.2399,2,0,4,6,5,1,1,148.0,0.0612,74.05,1001.0,0.0496,0.0056,0.1277,0.1924,1349.0,0.0,0,,,0,8,1,1,0,4,4,0,1,0
txn_a700c28d743c,36.94,0.0792,2,0,4,6,5,1,1,148.0,0.0612,74.05,974.0,0.0113,0.0021,0.1557,0.1924,1349.0,0.0,0,,,4,6,4,1,0,1,1,5,2,0
txn_89560ffc8d2b,182.48,0.05,2,0,4,6,5,1,1,148.0,0.0612,74.05,4860.0,0.0355,0.0045,0.1789,0.1924,1349.0,0.0,0,,,4,8,3,1,0,5,5,0,2,0
txn_5a0036c081fc,15.1,0.2642,0,0,4,6,5,1,1,2404.0,0.0278,239.77,2304.0,0.0686,0.0013,0.3269,0.1924,1349.0,0.0,0,,,3,6,4,1,0,3,3,6,3,0
txn_a84ae569ea6c,22.32,0.2261,1,0,4,6,5,1,2,2404.0,0.0278,239.77,241.0,0.0088,0.0115,0.1826,0.1924,1349.0,0.0,0,,,4,6,1,1,0,1,1,2,2,0
txn_c097b3f2f1ba,94.53,0.0911,2,0,4,5,5,1,2,2404.0,0.0278,239.77,1377.0,0.0346,0.0008,0.0827,0.22,656.0,0.0,0,,,1,4,3,1,0,4,4,1,1,0
txn_bd970e8cd1db,37.64,0.1564,3,0,4,5,5,1,2,2404.0,0.0278,239.77,3184.0,0.0548,0.0086,0.1698,0.22,656.0,0.0,0,,,3,6,4,1,0,0,0,5,3,0
txn_031519546e21,63.63,0.1685,4,0,4,5,5,1,1,2806.0,0.0331,152.97,4316.0,0.0433,0.0043,0.0975,0.22,656.0,0.0,0,,,1,4,1,1,0,3,3,5,2,0
txn_3c878ac1934d,72.39,0.2572,3,0,4,5,5,1,1,2806.0,0.0331,152.97,2401.0,0.0636,0.0067,0.3377,0.22,656.0,0.0,0,,,4,6,4,1,0,2,2,0,0,0
txn_edda4c1c33e3,27.59,0.1221,4,0,4,5,5,1,2,2806.0,0.0331,152.97,1323.0,0.0291,0.0124,0.1035,0.22,656.0,0.0,0,,,0,8,1,1,0,3,3,2,2,0
txn_6cf8c2b99854,41.97,0.0812,6,0,4,5,5,1,2,2806.0,0.0331,152.97,3979.0,0.0092,0.0103,0.0246,0.1306,988.0,1.0,0,,,2,4,1,1,0,4,4,0,0,0
txn_b9313e6e2e4b,18.27,0.0953,5,0,4,5,5,1,1,1388.0,0.0767,136.68,2056.0,0.0451,0.0055,0.0881,0.1306,988.0,1.0,0,,,3,10,4,1,0,5,5,6,1,0
txn_7c53b6ce6527,22.59,0.2416,5,0,4,5,5,1,2,1388.0,0.0767,136.68,4698.0,0.0482,0.0149,0.1356,0.1306,988.0,1.0,0,,,2,4,1,1,0,4,4,4,2,0
txn_08465652a487,15.2,0.0548,6,0,4,6,5,1,1,1388.0,0.0767,136.68,702.0,0.0103,0.0037,0.0101,0.1306,988.0,1.0,0,,,4,10,4,1,0,5,5,3,1,0
txn_dc00de623299,42.61,0.0936,6,0,4,6,5,1,1,1388.0,0.0767,136.68,957.0,0.0668,0.0085,0.1282,0.1306,988.0,1.0,0,,,3,10,1,1,0,2,2,5,2,0
txn_24550bdfdbb5,46.92,0.2161,7,0,4,6,5,1,1,2188.0,0.0387,155.3,2163.0,0.0031,0.0129,0.0444,0.0802,762.0,0.0,0,,,3,10,3,1,0,0,0,6,1,0
txn_507118b14732,39.66,0.0375,7,0,4,6,5,1,2,2188.0,0.0387,155.3,2702.0,0.0467,0.001,0.174,0.0802,762.0,0.0,0,,,3,6,4,1,0,1,1,6,0,0
txn_fb0712859094,27.05,0.2227,4,0,4,6,5,1,2,2188.0,0.0387,155.3,2177.0,0.0159,0.0085,0.09,0.0802,762.0,0.0,0,,,0,6,4,1,0,3,3,6,1,0
txn_e0d6f555ead8,33.55,0.0497,2,0,4,6,5,1,1,2188.0,0.0387,155.3,1001.0,0.0496,0.0056,0.1277,0.0802,762.0,0.0,0,,,3,6,4,1,0,5,5,2,1,0
txn_f22d2f38e7f2,17.87,0.1915,10,0,4,6,5,1,1,1029.0,0.0435,96.19,974.0,0.0113,0.0021,0.1557,0.0802,762.0,0.0,0,,,2,10,4,1,0,4,4,1,3,0
txn_afc3eedad75b,23.24,0.229,3,0,4,6,5,1,1,1029.0,0.0435,96.19,4860.0,0.0355,0.0045,0.1789,0.1014,968.0,0.0,0,,,1,4,1,1,0,2,2,5,0,0
txn_fa4d56b17412,47.18,0.2341,6,0,4,6,5,1,1,1029.0,0.0435,96.19,2304.0,0.0686,0.0013,0.3269,0.1014,968.0,0.0,0,,,2,4,1,1,0,3,3,3,1,0
txn_f28b4ce1807b,10.99,0.1597,5,0,4,6,5,1,2,1029.0,0.0435,96.19,241.0,0.0088,0.0115,0.1826,0.1014,968.0,0.0,0,,,4,6,4,1,0,5,5,4,0,0
txn_e61d8499aa0e,48.81,0.1888,7,0,4,5,5,1,1,76.0,0.0583,84.57,1377.0,0.0346,0.0008,0.0827,0.1014,968.0,0.0,0,,,1,6,1,1,0,1,1,6,1,0
txn_f84cf2fb17f7,67.21,0.2247,1,0,4,5,5,1,1,76.0,0.0583,84.57,3184.0,0.0548,0.0086,0.1698,0.1014,968.0,0.0,0,,,0,8,4,1,0,4,4,3,2,0
txn_bcdab0753187,35.44,0.0819,8,0,4,5,5,1,2,76.0,0.0583,84.57,4316.0,0.0433,0.0043,0.0975,0.1892,1170.0,0.0,0,,,1,6,1,1,0,0,0,2,0,0
txn_c3a0402b6f01,19.81,0.264,3,0,4,5,5,1,1,76.0,0.0583,84.57,2401.0,0.0636,0.0067,0.3377,0.1892,1170.0,0.0,0,,,2,8,1,1,0,4,4,5,0,0
txn_ad954d59c9e9,8.18,0.2357,6,0,4,5,5,1,1,1496.0,0.0757,39.35,1323.0,0.0291,0.0124,0.1035,0.1892,1170.0,0.0,0,,,0,4,4,1,0,5,5,1,0,0
txn_edec3961f5ae,52.32,0.0483,11,0,4,5,5,1,1,1496.0,0.0757,39.35,3979.0,0.0092,0.0103,0.0246,0.1892,1170.0,0.0,0,,,2,6,3,1,0,5,5,6,2,0
txn_1997e7a7051a,125.89,0.1302,7,0,4,5,5,1,2,1496.0,0.0757,39.35,2056.0,0.0451,0.0055,0.0881,0.1892,1170.0,0.0,0,,,0,8,1,1,0,3,3,6,1,0
txn_721908612a6f,70.78,0.1283,3,0,4,5,5,1,1,1496.0,0.0757,39.35,4698.0,0.0482,0.0149,0.1356,0.0088,931.0,1.0,0,,,4,6,3,1,0,0,0,0,1,0
txn_7644dc50f04c,69.18,0.2614,9,0,4,6,5,1,1,1863.0,0.0574,244.48,702.0,0.0103,0.0037,0.0101,0.0088,931.0,1.0,0,,,1,6,3,1,0,1,1,3,0,0
txn_560d9aa6b400,14.56,0.2739,11,0,4,6,5,1,2,1863.0,0.0574,244.48,957.0,0.0668,0.0085,0.1282,0.0088,931.0,1.0,0,,,4,6,4,1,0,0,0,3,2,0
txn_ac49afbb82cf,48.36,0.1821,14,0,4,6,5,1,1,1863.0,0.0574,244.48,2163.0,0.0031,0.0129,0.0444,0.0088,931.0,1.0,0,,,0,6,3,1,0,4,4,0,0,0
txn_a47a850209a2,56.33,0.1135,14,0,4,6,5,1,1,1863.0,0.0574,244.48,2702.0,0.0467,0.001,0.174,0.0088,931.0,1.0,0,,,1,6,1,1,0,1,1,4,1,0
txn_409b838b09c6,5.37,0.1902,9,0,4,6,5,1,1,107.0,0.0187,202.32,2177.0,0.0159,0.0085,0.09,0.0114,351.0,1.0,0,,,4,4,1,1,0,5,5,3,1,0
txn_657505381577,43.21,0.2483,15,0,4,6,5,1,1,107.0,0.0187,202.32,1001.0,0.0496,0.0056,0.1277,0.0114,351.0,1.0,0,,,0,4,1,1,0,4,4,0,0,0
txn_d4594fa40c55,5.83,0.1752,8,0,4,6,5,1,2,107.0,0.0187,202.32,974.0,0.0113,0.0021,0.1557,0.0114,351.0,1.0,0,,,2,8,4,1,0,0,0,4,1,0
txn_80e848496060,14.56,0.0702,5,0,4,6,5,1,1,107.0,0.0187,202.32,4860.0,0.0355,0.0045,0.1789,0.0114,351.0,1.0,0,,,1,4,1,1,0,3,3,1,0,0
txn_e1b0e187243c,34.62,0.2038,2,0,4,6,5,1,1,1709.0,0.0186,142.46,2304.0,0.0686,0.0013,0.3269,0.0114,351.0,1.0,0,,,2,4,1,1,0,3,3,1,0,0
txn_c2c6a025515b,30.11,0.1771,14,0,4,6,5,1,2,1709.0,0.0186,142.46,241.0,0.0088,0.0115,0.1826,0.0621,375.0,0.0,0,,,2,10,1,1,0,0,0,4,1,0
txn_357a634c20ab,32.23,0.0284,2,0,4,5,5,1,1,1709.0,0.0186,142.46,1377.0,0.0346,0.0008,0.0827,0.0621,375.0,0.0,0,,,2,8,1,1,0,2,2,1,0,0
txn_09dc1fea8c82,37.22,0.0851,9,0,4,5,5,1,1,1709.0,0.0186,142.46,3184.0,0.0548,0.0086,0.1698,0.0621,375.0,0.0,0,,,3,8,4,1,0,1,1,2,1,0
txn_3dbd615a4c8e,39.84,0.1024,16,0,4,5,5,1,2,42.0,0.0034,163.54,4316.0,0.0433,0.0043,0.0975,0.0621,375.0,0.0,0,,,4,10,3,1,0,3,3,2,0,0
txn_cae671827d44,67.62,0.2743,5,0,4,5,5,1,2,42.0,0.0034,163.54,2401.0,0.0636,0.0067,0.3377,0.0621,375.0,0.0,0,,,1,8,3,1,0,4,4,3,0,0
txn_c38aff61370a,45.21,0.2264,9,0,4,5,5,1,1,42.0,0.0034,163.54,1323.0,0.0291,0.0124,0.1035,0.1362,358.0,0.0,0,,,1,8,3,1,0,0,0,2,3,0
txn_a6f57400d88b,26.31,0.189,18,0,4,5,5,1,1,42.0,0.0034,163.54,3979.0,0.0092,0.0103,0.0246,0.1362,358.0,0.0,0,,,0,8,3,1,0,1,1,5,2,0
txn_be43eac20c54,20.05,0.2188,12,0,4,5,5,1,1,741.0,0.0798,84.41,2056.0,0.0451,0.0055,0.0881,0.1362,358.0,0.0,0,,,4,10,3,1,0,0,0,2,1,0
txn_b7e1414cdffd,41.99,0.1394,2,0,4,5,5,1,1,741.0,0.0798,84.41,4698.0,0.0482,0.0149,0.1356,0.1362,358.0,0.0,0,,,4,4,1,1,0,2,2,4,3,0
txn_a0e33a062c16,19.84,0.1167,5,0,4,6,5,1,1,741.0,0.0798,84.41,702.0,0.0103,0.0037,0.0101,0.1362,358.0,0.0,0,,,2,10,1,1,0,2,2,2,0,0
txn_931c2be7ad5d,26.54,0.1694,17,0,4,6,5,1,2,741.0,0.0798,84.41,957.0,0.0668,0.0085,0.1282,0.1451,1180.0,0.0,0,,,2,8,3,1,0,1,1,0,2,0
txn_7be8b536a894,24.13,0.2049,13,0,4,6,5,1,1,2520.0,0.0338,169.42,2163.0,0.0031,0.0129,0.0444,0.1451,1180.0,0.0,0,,,1,10,3,1,0,5,5,6,3,0
txn_628b5ff1fe3b,28.57,0.1019,2,0,4,6,5,1,1,2520.0,0.0338,169.42,2702.0,0.0467,0.001,0.174,0.1451,1180.0,0.0,0,,,1,6,3,1,0,5,5,0,1,0
txn_6d3c5a47956c,50.22,0.261,13,0,4,6,5,1,1,2520.0,0.0338,169.42,2177.0,0.0159,0.0085,0.09,0.1451,1180.0,0.0,0,,,3,6,4,1,0,2,2,0,2,0
txn_e5f597e7a43a,28.89,0.1091,15,0,4,6,5,1,1,2520.0,0.0338,169.42,1001.0,0.0496,0.0056,0.1277,0.1451,1180.0,0.0,0,,,2,4,3,1,0,0,0,4,2,0
txn_067f12af16fc,112.22,0.2115,8,0,4,6,5,1,1,2668.0,0.0013,155.88,974.0,0.0113,0.0021,0.1557,0.1275,1422.0,1.0,0,,,2,8,4,1,0,0,0,3,0,0
txn_583743f1a209,81.67,0.2476,7,0,4,6,5,1,1,2668.0,0.0013,155.88,4860.0,0.0355,0.0045,0.1789,0.1275,1422.0,1.0,0,,,0,4,1,1,0,1,1,0,3,0
txn_0f266fd42cdf,62.7,0.1873,13,0,4,6,5,1,1,2668.0,0.0013,155.88,2304.0,0.0686,0.0013,0.3269,0.1275,1422.0,1.0,0,,,1,4,4,1,0,4,4,1,2,0
txn_019918b056ed,94.32,0.197,3,0,4,6,5,1,1,2668.0,0.0013,155.88,241.0,0.0088,0.0115,0.1826,0.1275,1422.0,1.0,0,,,1,6,4,1,0,0,0,4,0,0
txn_adfa79ba32fa,34.08,0.1967,8,0,4,5,5,1,1,2420.0,0.0416,161.31,1377.0,0.0346,0.0008,0.0827,0.1275,1422.0,1.0,0,,,0,4,4,1,0,1,1,3,0,0
txn_0544286fc6f2,26.52,0.097,0,0,4,5,5,1,2,2420.0,0.0416,161.31,3184.0,0.0548,0.0086,0.1698,0.1875,1082.0,1.0,0,,,4,4,1,1,0,3,3,2,0,0
txn_f8be67541d8d,11.78,0.0336,16,0,4,5,5,1,1,2420.0,0.0416,161.31,4316.0,0.0433,0.0043,0.0975,0.1875,1082.0,1.0,0,,,3,8,4,1,0,4,4,5,2,0
txn_4d67f268378c,32.67,0.0661,6,0,4,5,5,1,2,2420.0,0.0416,161.31,2401.0,0.0636,0.0067,0.3377,0.1875,1082.0,1.0,0,,,1,6,1,1,0,1,1,5,3,0
txn_fb827d90bd9d,55.06,0.1794,11,0,4,5,5,1,1,2904.0,0.0082,270.68,1323.0,0.0291,0.0124,0.1035,0.1875,1082.0,1.0,0,,,0,8,4,1,0,5,5,5,3,0
txn_9e6a1227edca,31.63,0.0527,8,0,4,5,5,1,1,2904.0,0.0082,270.68,3979.0,0.0092,0.0103,0.0246,0.1875,1082.0,1.0,0,,,0,4,4,1,0,1,1,6,3,0
txn_4a5a5fa43829,31.33,0.1406,16,0,4,5,5,1,1,2904.0,0.0082,270.68,2056.0,0.0451,0.0055,0.0881,0.1745,373.0,1.0,0,,,0,6,1,1,0,2,2,2,3,0
txn_ffcd78264fc7,28.11,0.0531,11,0,4,5,5,1,1,2904.0,0.0082,270.68,4698.0,0.0482,0.0149,0.1356,0.1745,373.0,1.0,0,,,1,10,1,1,0,2,2,1,1,0
txn_868c36672859,58.61,0.1032,13,0,4,6,5,1,1,2517.0,0.0276,175.05,702.0,0.0103,0.0037,0.0101,0.1745,373.0,1.0,0,,,1,6,1,1,0,1,1,2,2,0
txn_d3e105020e39,20.69,0.1307,6,0,4,6,5,1,1,2517.0,0.0276,175.05,957.0,0.0668,0.0085,0.1282,0.1745,373.0,1.0,0,,,3,10,1,1,0,4,4,4,3,0
txn_6c37b0358b8f,62.47,0.128,23,0,4,6,5,1,1,2517.0,0.0276,175.05,2163.0,0.0031,0.0129,0.0444,0.1745,373.0,1.0,0,,,4,4,4,1,0,4,4,3,0,0
txn_f8bd7a133036,14.32,0.1123,4,0,4,6,5,1,1,2517.0,0.0276,175.05,2702.0,0.0467,0.001,0.174,0.044,124.0,0.0,0,,,0,8,4,1,0,0,0,2,3,0
txn_b0ed966d5d94,32.84,0.2389,11,0,4,6,5,1,1,268.0,0.0119,66.86,2177.0,0.0159,0.0085,0.09,0.044,124.0,0.0,0,,,2,6,4,1,0,3,3,5,2,0
txn_95f344d06976,52.73,0.0693,8,0,4,6,5,1,2,268.0,0.0119,66.86,1001.0,0.0496,0.0056,0.1277,0.044,124.0,0.0,0,,,3,4,1,1,0,1,1,5,1,0
txn_006cab306d05,52.59,0.2163,20,0,4,6,5,1,1,268.0,0.0119,66.86,974.0,0.0113,0.0021,0.1557,0.044,124.0,0.0,0,,,2,8,4,1,0,2,2,6,1,0
txn_84c410ea5aba,75.72,0.2709,23,0,4,6,5,1,1,268.0,0.0119,66.86,4860.0,0.0355,0.0045,0.1789,0.044,124.0,0.0,0,,,0,4,1,1,0,2,2,6,2,0
txn_a279e238d1dd,76.92,0.1819,14,0,4,6,5,1,1,1397.0,0.0552,203.68,2304.0,0.0686,0.0013,0.3269,0.083,976.0,1.0,0,,,3,4,3,1,0,1,1,3,0,0
txn_fc3ef2cb4e14,129.18,0.2633,14,0,4,6,5,1,1,1397.0,0.0552,203.68,241.0,0.0088,0.0115,0.1826,0.083,976.0,1.0,0,,,0,6,3,1,0,0,0,5,3,0
txn_c00f4550d313,16.43,0.0942,8,0,4,5,5,1,2,1397.0,0.0552,203.68,1377.0,0.0346,0.0008,0.0827,0.083,976.0,1.0,0,,,3,10,1,1,0,3,3,4,1,0
txn_fca538de4e18,22.49,0.2691,19,0,4,5,5,1,1,1397.0,0.0552,203.68,3184.0,0.0548,0.0086,0.1698,0.083,976.0,1.0,0,,,4,6,3,1,0,2,2,6,1,0
txn_784c55abf84c,68.26,0.1655,14,0,4,5,5,1,1,934.0,0.0109,204.47,4316.0,0.0433,0.0043,0.0975,0.083,976.0,1.0,0,,,2,10,3,1,0,2,2,5,2,0
txn_76981d5d4024,6.36,0.251,7,0,4,5,5,1,1,934.0,0.0109,204.47,2401.0,0.0636,0.0067,0.3377,0.102,107.0,0.0,0,,,4,4,1,1,0,5,5,3,0,0
txn_8daf110edb83,12.41,0.2742,0,0,4,5,5,1,2,934.0,0.0109,204.47,1323.0,0.0291,0.0124,0.1035,0.102,107.0,0.0,0,,,3,10,3,1,0,2,2,1,2,0
txn_ee89a3d5b775,12.0,0.0909,12,0,4,5,5,1,1,934.0,0.0109,204.47,3979.0,0.0092,0.0103,0.0246,0.102,107.0,0.0,0,,,2,4,3,1,0,2,2,4,1,0
txn_ae28c9043f58,59.67,0.1683,6,0,4,5,5,1,1,294.0,0.0317,204.4,2056.0,0.0451,0.0055,0.0881,0.102,107.0,0.0,0,,,4,10,4,1,0,1,1,5,2,0
txn_202ec47ec02b,28.21,0.2229,4,0,4,5,5,1,1,294.0,0.0317,204.4,4698.0,0.0482,0.0149,0.1356,0.102,107.0,0.0,0,,,3,6,4,1,0,1,1,0,3,0
txn_ba429c089630,18.47,0.2518,21,0,4,6,5,1,2,294.0,0.0317,204.4,702.0,0.0103,0.0037,0.0101,0.0589,317.0,1.0,0,,,4,6,3,1,0,5,5,1,2,0
txn_7ab743c7d4a9,10.87,0.2008,3,0,4,6,5,1,1,294.0,0.0317,204.4,957.0,0.0668,0.0085,0.1282,0.0589,317.0,1.0,0,,,4,6,4,1,0,3,3,5,3,0
txn_ccfaef4849e0,37.07,0.1431,9,0,4,6,5,1,1,963.0,0.0063,278.85,2163.0,0.0031,0.0129,0.0444,0.0589,317.0,1.0,0,,,1,4,4,1,0,0,0,1,0,0
txn_85eee4f5fc6c,75.42,0.16,11,0,4,6,5,1,2,963.0,0.0063,278.85,2702.0,0.0467,0.001,0.174,0.0589,317.0,1.0,0,,,1,6,4,1,0,5,5,1,1,0
txn_9d32b43a0d07,16.03,0.1642,15,0,4,6,5,1,2,963.0,0.0063,278.85,2177.0,0.0159,0.0085,0.09,0.0589,317.0,1.0,0,,,4,4,4,1,0,5,5,5,0,0
txn_3314a7d9b690,29.01,0.2611,22,0,4,6,5,1,1,963.0,0.0063,278.85,1001.0,0.0496,0.0056,0.1277,0.0159,1004.0,0.0,0,,,4,6,1,1,0,2,2,6,3,0
txn_8f634c05a85e,134.05,0.1167,20,0,4,6,5,1,2,284.0,0.0574,210.6,974.0,0.0113,0.0021,0.1557,0.0159,1004.0,0.0,0,,,1,10,1,1,0,0,0,4,0,0
txn_bcfdc5bd0e39,34.25,0.0254,5,0,4,6,5,1,1,284.0,0.0574,210.6,4860.0,0.0355,0.0045,0.1789,0.0159,1004.0,0.0,0,,,0,6,3,1,0,3,3,3,3,0
txn_fbdc739ac6ea,21.37,0.2258,11,0,4,6,5,1,1,284.0,0.0574,210.6,2304.0,0.0686,0.0013,0.3269,0.0159,1004.0,0.0,0,,,1,8,4,1,0,4,4,0,3,0
txn_f973e64dcb18,35.56,0.1294,21,0,4,6,5,1,1,284.0,0.0574,210.6,241.0,0.0088,0.0115,0.1826,0.0159,1004.0,0.0,0,,,1,8,1,1,0,3,3,4,1,0
txn_5f1c8ee99471,7.57,0.6201,9,0,137,137,1,3,1,426.0,0.2034,122.66,82.0,0.0827,0.0511,1.2488,0.0,0.0,0.0,1,credential_based_fraud,card_testing,0,0,1,1,0,5,5,0,1,0
txn_6970b300f227,1.91,0.7746,9,0,137,137,102,3,2,426.0,0.2034,122.66,82.0,0.0827,0.0511,1.2488,0.8311,91.0,0.0,1,credential_based_fraud,card_testing,0,0,1,1,1,4,4,3,2,1
txn_6bf0bd5b5e0b,5.82,0.7168,9,0,137,137,102,3,3,426.0,0.2034,122.66,82.0,0.0827,0.0511,1.2488,0.8311,91.0,0.0,1,credential_based_fraud,card_testing,0,0,1,1,1,5,5,5,1,2
txn_ede3fb04c2f1,4.13,0.5774,9,0,137,137,102,3,4,426.0,0.2034,122.66,82.0,0.0827,0.0511,1.2488,0.8311,91.0,0.0,1,credential_based_fraud,card_testing,0,0,1,1,0,0,0,2,2,0
txn_f76d5fc1337e,4.85,0.8609,9,0,137,137,1,3,5,426.0,0.2034,122.66,82.0,0.0827,0.0511,1.2488,0.0,0.0,0.0,1,credential_based_fraud,card_testing,3,0,1,1,1,5,5,3,1,1
txn_74c91ecc5d45,1.34,0.7074,9,0,137,137,102,3,6,426.0,0.2034,122.66,82.0,0.0827,0.0511,1.2488,0.8311,91.0,0.0,1,credential_based_fraud,card_testing,0,0,1,1,1,2,2,0,2,2
txn_5375967b8476,5.57,0.5384,10,0,137,137,102,3,7,426.0,0.2034,122.66,82.0,0.0827,0.0511,1.2488,0.8311,91.0,0.0,1,credential_based_fraud,card_testing,1,0,1,1,0,5,5,0,2,0
txn_ad0d4543fb2f,5.15,0.575,10,0,137,137,102,3,8,426.0,0.2034,122.66,82.0,0.0827,0.0511,1.2488,0.8311,91.0,0.0,1,credential_based_fraud,card_testing,0,0,1,1,1,1,1,3,2,1
txn_f22462a93479,5.66,0.5779,10,0,137,137,1,3,9,426.0,0.2034,122.66,82.0,0.0827,0.0511,1.2488,0.0,0.0,0.0,1,credential_based_fraud,card_testing,2,0,1,1,1,5,5,1,2,1
txn_85b2b6a0bf23,6.13,0.4933,10,0,137,137,102,3,10,426.0,0.2034,122.66,82.0,0.0827,0.0511,1.2488,0.8311,91.0,0.0,1,credential_based_fraud,card_testing,3,0,1,1,0,2,2,5,1,0
txn_82d337a54294,2.77,0.5672,10,0,137,137,102,3,10,426.0,0.2034,122.66,82.0,0.0827,0.0511,1.2488,0.8311,91.0,0.0,1,credential_based_fraud,card_testing,1,0,1,1,1,4,4,0,1,2
txn_a823681d3015,7.44,0.8281,10,0,137,137,102,3,11,426.0,0.2034,122.66,82.0,0.0827,0.0511,1.2488,0.8311,91.0,0.0,1,credential_based_fraud,card_testing,1,0,1,1,1,3,3,3,1,1
txn_84b933f3ab0a,1.5,0.5636,10,0,137,137,1,3,12,426.0,0.2034,122.66,82.0,0.0827,0.0511,1.2488,0.0,0.0,0.0,1,credential_based_fraud,card_testing,3,0,1,1,0,5,5,2,1,0
txn_8eb866f8a728,1.05,0.7411,10,0,137,137,102,3,13,426.0,0.2034,122.66,82.0,0.0827,0.0511,1.2488,0.8311,91.0,0.0,1,credential_based_fraud,card_testing,0,0,1,1,1,1,1,1,1,2
txn_18ed8b810982,7.44,0.5937,10,0,137,137,102,3,14,426.0,0.2034,122.66,82.0,0.0827,0.0511,1.2488,0.8311,91.0,0.0,1,credential_based_fraud,card_testing,0,0,1,1,1,4,4,2,2,1
txn_f20bc32f191b,0.54,0.6186,10,0,137,137,102,3,15,426.0,0.2034,122.66,82.0,0.0827,0.0511,1.2488,0.8311,91.0,0.0,1,credential_based_fraud,card_testing,1,0,1,1,0,2,2,3,1,0
txn_cea1d73d04cb,2.15,0.7585,10,0,137,137,1,3,16,426.0,0.2034,122.66,82.0,0.0827,0.0511,1.2488,0.0,0.0,0.0,1,credential_based_fraud,card_testing,2,0,1,1,1,1,1,3,2,2
txn_5bed9ddf8327,4.52,0.5333,10,0,137,137,102,3,16,426.0,0.2034,122.66,82.0,0.0827,0.0511,1.2488,0.8311,91.0,0.0,1,credential_based_fraud,card_testing,2,0,1,1,1,5,5,2,2,1
txn_1157bba3f718,4.5,0.6268,10,1,137,137,102,3,16,426.0,0.2034,122.66,82.0,0.0827,0.0511,1.2488,0.8311,91.0,0.0,1,credential_based_fraud,card_testing,4,0,1,1,0,0,5,3,1,0
txn_e14a56af7416,5.59,0.8542,10,0,137,137,102,3,17,426.0,0.2034,122.66,82.0,0.0827,0.0511,1.2488,0.8311,91.0,0.0,1,credential_based_fraud,card_testing,4,0,1,1,1,2,2,5,1,1
txn_9fa35a304901,0.76,0.4738,10,0,137,137,1,3,18,426.0,0.2034,122.66,82.0,0.0827,0.0511,1.2488,0.0,0.0,0.0,1,credential_based_fraud,card_testing,2,0,1,1,1,0,0,0,2,1
txn_edf04da8febf,7.44,0.8185,10,1,137,137,102,3,19,426.0,0.2034,122.66,82.0,0.0827,0.0511,1.2488,0.8311,91.0,0.0,1,credential_based_fraud,card_testing,2,0,1,1,0,5,3,4,1,0
txn_573204195711,7.72,0.7713,10,0,137,137,102,3,20,426.0,0.2034,122.66,82.0,0.0827,0.0511,1.2488,0.8311,91.0,0.0,1,credential_based_fraud,card_testing,0,0,1,1,1,2,2,5,1,2
txn_a03f0d5807f3,4.1,0.6543,10,0,137,137,102,3,21,426.0,0.2034,122.66,82.0,0.0827,0.0511,1.2488,0.8311,91.0,0.0,1,credential_based_fraud,card_testing,0,0,1,1,1,3,3,4,1,1
txn_3a60cc2c1c11,4.22,0.5118,10,0,137,137,1,3,20,426.0,0.2034,122.66,82.0,0.0827,0.0511,1.2488,0.0,0.0,0.0,1,credential_based_fraud,card_testing,1,0,1,1,0,2,2,4,1,0
txn_e5b8509e166e,2.39,0.6039,10,0,137,137,102,3,21,426.0,0.2034,122.66,82.0,0.0827,0.0511,1.2488,0.8311,91.0,0.0,1,credential_based_fraud,card_testing,2,0,1,1,1,1,1,4,2,1
txn_3e00654c594b,2.8,0.5059,10,0,137,137,102,3,20,426.0,0.2034,122.66,82.0,0.0827,0.0511,1.2488,0.8311,91.0,0.0,1,credential_based_fraud,card_testing,0,0,1,1,1,2,2,2,1,2
txn_fa0d1baf86e2,1.8,0.7279,10,0,137,137,102,3,21,426.0,0.2034,122.66,82.0,0.0827,0.0511,1.2488,0.8311,91.0,0.0,1,credential_based_fraud,card_testing,2,0,1,1,0,3,3,3,1,0
txn_0c42b0f5c5b2,3.83,0.5831,10,0,137,137,1,3,20,426.0,0.2034,122.66,82.0,0.0827,0.0511,1.2488,0.0,0.0,0.0,1,credential_based_fraud,card_testing,4,0,1,1,1,1,1,2,2,2
txn_cd191c2f914c,6.76,0.491,11,0,137,137,102,3,19,426.0,0.2034,122.66,82.0,0.0827,0.0511,1.2488,0.8311,91.0,0.0,1,credential_based_fraud,card_testing,4,0,1,1,1,1,1,5,2,2
txn_67b71d1a2182,1.05,0.6417,11,0,137,137,102,3,16,426.0,0.2034,122.66,82.0,0.0827,0.0511,1.2488,0.8311,91.0,0.0,1,credential_based_fraud,card_testing,1,0,1,1,0,1,1,0,2,0
txn_c164cf682e93,3.18,0.6858,11,0,137,137,102,3,15,426.0,0.2034,122.66,82.0,0.0827,0.0511,1.2488,0.8311,91.0,0.0,1,credential_based_fraud,card_testing,4,0,1,1,1,5,5,0,2,1
txn_fa46c2f493be,1.34,0.558,11,0,137,137,1,3,15,426.0,0.2034,122.66,82.0,0.0827,0.0511,1.2488,0.0,0.0,0.0,1,credential_based_fraud,card_testing,3,0,1,1,1,1,1,5,1,2
txn_f0179051e51f,0.58,0.5121,11,0,137,137,102,3,14,426.0,0.2034,122.66,82.0,0.0827,0.0511,1.2488,0.8311,91.0,0.0,1,credential_based_fraud,card_testing,4,0,1,1,1,1,1,1,2,1
txn_1985d95a925e,4.69,0.8341,11,0,137,137,102,3,14,426.0,0.2034,122.66,82.0,0.0827,0.0511,1.2488,0.8311,91.0,0.0,1,credential_based_fraud,card_testing,4,0,1,1,1,0,0,4,1,2
txn_934a9bc518c7,7.87,0.7233,11,0,137,137,102,3,13,426.0,0.2034,122.66,82.0,0.0827,0.0511,1.2488,0.8311,91.0,0.0,1,credential_based_fraud,card_testing,3,0,1,1,1,0,0,4,2,1
txn_f6fcfffe6f9e,2.56,0.5012,11,0,137,137,1,3,12,426.0,0.2034,122.66,82.0,0.0827,0.0511,1.2488,0.0,0.0,0.0,1,credential_based_fraud,card_testing,2,0,1,1,0,3,3,1,1,0
txn_0ce5a1aeb8c7,2.99,0.6257,11,0,137,137,102,3,12,426.0,0.2034,122.66,82.0,0.0827,0.0511,1.2488,0.8311,91.0,0.0,1,credential_based_fraud,card_testing,1,0,1,1,1,0,0,0,1,1
txn_a2a097f8debe,1.94,0.6,11,0,137,137,102,3,12,426.0,0.2034,122.66,82.0,0.0827,0.0511,1.2488,0.8311,91.0,0.0,1,credential_based_fraud,card_testing,3,0,1,1,1,5,5,5,1,1
txn_b19829a9d288,4.01,0.7,11,0,137,137,102,3,12,426.0,0.2034,122.66,82.0,0.0827,0.0511,1.2488,0.8311,91.0,0.0,1,credential_based_fraud,card_testing,3,0,1,1,0,2,2,2,1,0
txn_f31356f97a58,6.22,0.8481,11,0,137,137,1,3,12,426.0,0.2034,122.66,82.0,0.0827,0.0511,1.2488,0.0,0.0,0.0,1,credential_based_fraud,card_testing,3,0,1,1,1,3,3,3,2,2
txn_67e7e4266d30,4.76,0.4723,11,0,137,137,102,3,12,426.0,0.2034,122.66,82.0,0.0827,0.0511,1.2488,0.8311,91.0,0.0,1,credential_based_fraud,card_testing,3,0,1,1,1,2,2,6,1,2
txn_1e960b33f878,2.29,0.5761,11,0,137,137,102,3,11,426.0,0.2034,122.66,82.0,0.0827,0.0511,1.2488,0.8311,91.0,0.0,1,credential_based_fraud,card_testing,2,0,1,1,0,5,5,5,2,0
txn_75321dd356ed,7.84,0.7071,11,0,137,137,102,3,10,426.0,0.2034,122.66,82.0,0.0827,0.0511,1.2488,0.8311,91.0,0.0,1,credential_based_fraud,card_testing,3,0,1,1,1,5,5,1,2,2
txn_4d50aac06058,4.14,0.5245,11,0,137,137,1,3,9,426.0,0.2034,122.66,82.0,0.0827,0.0511,1.2488,0.0,0.0,0.0,1,credential_based_fraud,card_testing,0,0,1,1,1,3,3,2,1,1
txn_bde76b0fb065,4.62,0.6148,11,0,137,137,102,3,9,426.0,0.2034,122.66,82.0,0.0827,0.0511,1.2488,0.8311,91.0,0.0,1,credential_based_fraud,card_testing,1,0,1,1,0,4,4,5,2,0
txn_9f8de8d4b3cb,7.9,0.7655,11,0,137,137,102,3,9,426.0,0.2034,122.66,82.0,0.0827,0.0511,1.2488,0.8311,91.0,0.0,1,credential_based_fraud,card_testing,3,0,1,1,1,5,5,5,2,1
txn_86c31c5aaa04,3.13,0.5698,11,0,137,137,102,3,9,426.0,0.2034,122.66,82.0,0.0827,0.0511,1.2488,0.8311,91.0,0.0,1,credential_based_fraud,card_testing,2,0,1,1,1,0,0,0,2,2
txn_4f781572423e,6.38,0.5914,11,0,137,137,1,3,9,426.0,0.2034,122.66,82.0,0.0827,0.0511,1.2488,0.0,0.0,0.0,1,credential_based_fraud,card_testing,3,0,1,1,0,1,1,0,2,0
txn_db777409ede6,1.89,0.8439,11,0,137,137,102,3,9,426.0,0.2034,122.66,82.0,0.0827,0.0511,1.2488,0.8311,91.0,0.0,1,credential_based_fraud,card_testing,1,0,1,1,1,1,1,3,1,1
txn_8818e883ebd1,3.74,0.6756,11,1,137,137,102,3,9,426.0,0.2034,122.66,82.0,0.0827,0.0511,1.2488,0.8311,91.0,0.0,1,credential_based_fraud,card_testing,1,0,1,1,1,2,3,5,1,2
txn_c023fa34eb0a,5.25,0.5432,11,1,137,137,102,3,8,426.0,0.2034,122.66,82.0,0.0827,0.0511,1.2488,0.8311,91.0,0.0,1,credential_based_fraud,card_testing,1,0,1,1,0,2,3,4,2,0
txn_7d7750a5636f,6.75,0.7549,12,0,137,137,1,3,8,426.0,0.2034,122.66,82.0,0.0827,0.0511,1.2488,0.0,0.0,0.0,1,credential_based_fraud,card_testing,4,0,1,1,1,1,1,6,1,2
txn_59cf376fb424,0.87,0.5801,12,0,137,137,102,3,8,426.0,0.2034,122.66,82.0,0.0827,0.0511,1.2488,0.8311,91.0,0.0,1,credential_based_fraud,card_testing,2,0,1,1,1,4,4,2,1,2
txn_51f4909ef0b6,3.06,0.7302,12,0,137,137,102,3,8,426.0,0.2034,122.66,82.0,0.0827,0.0511,1.2488,0.8311,91.0,0.0,1,credential_based_fraud,card_testing,2,0,1,1,0,1,1,2,1,0
txn_6f3470cf5c34,1.41,0.4864,12,0,137,137,102,3,8,426.0,0.2034,122.66,82.0,0.0827,0.0511,1.2488,0.8311,91.0,0.0,1,credential_based_fraud,card_testing,4,0,1,1,1,1,1,6,2,2
txn_96f14da637f3,2.41,0.829,12,1,137,137,1,3,8,426.0,0.2034,122.66,82.0,0.0827,0.0511,1.2488,0.0,0.0,0.0,1,credential_based_fraud,card_testing,4,0,1,1,1,5,2,4,1,1
txn_70277be927b3,0.73,0.8159,12,0,137,137,102,3,8,426.0,0.2034,122.66,82.0,0.0827,0.0511,1.2488,0.8311,91.0,0.0,1,credential_based_fraud,card_testing,3,0,1,1,0,1,1,6,1,0
txn_f31f4ae765f5,4.0,0.6104,12,1,137,137,102,3,8,426.0,0.2034,122.66,82.0,0.0827,0.0511,1.2488,0.8311,91.0,0.0,1,credential_based_fraud,card_testing,3,0,1,1,1,5,0,3,2,2
txn_f4bc6da40731,4.21,0.801,12,0,137,137,102,3,7,426.0,0.2034,122.66,82.0,0.0827,0.0511,1.2488,0.8311,91.0,0.0,1,credential_based_fraud,card_testing,4,0,1,1,1,3,3,4,2,1
txn_7e81a5cb1814,6.35,0.7649,12,0,137,137,1,3,7,426.0,0.2034,122.66,82.0,0.0827,0.0511,1.2488,0.0,0.0,0.0,1,credential_based_fraud,card_testing,3,0,1,1,0,1,1,5,2,0
txn_2b696c1148c2,2.85,0.5504,12,0,137,137,102,3,7,426.0,0.2034,122.66,82.0,0.0827,0.0511,1.2488,0.8311,91.0,0.0,1,credential_based_fraud,card_testing,0,0,1,1,1,3,3,5,2,1
txn_92409c1f5028,5.44,0.7817,12,0,137,137,102,3,7,426.0,0.2034,122.66,82.0,0.0827,0.0511,1.2488,0.8311,91.0,0.0,1,credential_based_fraud,card_testing,1,0,1,1,1,0,0,5,1,1
txn_1645d8c1cb12,6.59,0.6891,12,0,137,137,102,3,7,426.0,0.2034,122.66,82.0,0.0827,0.0511,1.2488,0.8311,91.0,0.0,1,credential_based_fraud,card_testing,2,0,1,1,0,5,5,1,2,0
txn_60433feca55a,3.29,0.572,12,1,137,137,1,3,7,426.0,0.2034,122.66,82.0,0.0827,0.0511,1.2488,0.0,0.0,0.0,1,credential_based_fraud,card_testing,3,0,1,1,1,1,3,1,2,1
txn_126257723b1c,5.02,0.8571,12,0,137,137,102,3,7,426.0,0.2034,122.66,82.0,0.0827,0.0511,1.2488,0.8311,91.0,0.0,1,credential_based_fraud,card_testing,0,0,1,1,1,1,1,1,1,1
txn_aaf777cca8f0,1.02,0.5905,12,1,137,137,102,3,7,426.0,0.2034,122.66,82.0,0.0827,0.0511,1.2488,0.8311,91.0,0.0,1,credential_based_fraud,card_testing,4,0,1,1,0,3,0,3,1,0
txn_4caef6e0236f,1.54,0.8087,12,0,137,137,102,3,7,426.0,0.2034,122.66,82.0,0.0827,0.0511,1.2488,0.8311,91.0,0.0,1,credential_based_fraud,card_testing,4,0,1,1,1,1,1,2,1,1
txn_aa844a56ea91,5.16,0.625,12,1,137,137,1,3,7,426.0,0.2034,122.66,82.0,0.0827,0.0511,1.2488,0.0,0.0,0.0,1,credential_based_fraud,card_testing,2,0,1,1,1,4,2,0,1,1
txn_05c59b607638,2.28,0.7596,12,0,137,137,102,3,7,426.0,0.2034,122.66,82.0,0.0827,0.0511,1.2488,0.8311,91.0,0.0,1,credential_based_fraud,card_testing,2,0,1,1,0,0,0,5,2,0
txn_202c84bf85d3,5.88,0.5249,12,0,137,137,102,3,5,426.0,0.2034,122.66,82.0,0.0827,0.0511,1.2488,0.8311,91.0,0.0,1,credential_based_fraud,card_testing,4,0,1,1,1,1,1,2,1,1
txn_297e67cc97ef,4.87,0.6359,12,1,137,137,102,3,5,426.0,0.2034,122.66,82.0,0.0827,0.0511,1.2488,0.8311,91.0,0.0,1,credential_based_fraud,card_testing,4,0,1,1,1,3,5,4,1,2
txn_8e7d54eebbdb,5.13,0.4812,12,0,137,137,1,3,5,426.0,0.2034,122.66,82.0,0.0827,0.0511,1.2488,0.0,0.0,0.0,1,credential_based_fraud,card_testing,0,0,1,1,0,4,4,3,1,0
txn_dea6da282285,5.25,0.6292,12,1,137,137,102,3,5,426.0,0.2034,122.66,82.0,0.0827,0.0511,1.2488,0.8311,91.0,0.0,1,credential_based_fraud,card_testing,1,0,1,1,1,4,0,4,1,2
txn_8583b72288f7,6.56,0.7825,12,0,137,137,102,3,5,426.0,0.2034,122.66,82.0,0.0827,0.0511,1.2488,0.8311,91.0,0.0,1,credential_based_fraud,card_testing,1,0,1,1,1,1,1,0,2,1
txn_c021a75de047,5.28,0.7137,13,1,137,137,102,3,5,426.0,0.2034,122.66,82.0,0.0827,0.0511,1.2488,0.8311,91.0,0.0,1,credential_based_fraud,card_testing,4,0,1,1,0,3,1,4,2,0
txn_d791dd31afdc,4.73,0.8264,13,0,137,137,1,3,5,426.0,0.2034,122.66,82.0,0.0827,0.0511,1.2488,0.0,0.0,0.0,1,credential_based_fraud,card_testing,1,0,1,1,1,0,0,1,2,2
txn_47ededa5fc58,5.83,0.8018,13,0,137,137,102,3,5,426.0,0.2034,122.66,82.0,0.0827,0.0511,1.2488,0.8311,91.0,0.0,1,credential_based_fraud,card_testing,2,0,1,1,1,0,0,2,1,1
txn_9029cb947627,1.87,0.7397,13,0,137,137,102,3,5,426.0,0.2034,122.66,82.0,0.0827,0.0511,1.2488,0.8311,91.0,0.0,1,credential_based_fraud,card_testing,0,0,1,1,0,3,3,0,2,0
txn_47b5e1de2413,5.15,0.5445,13,1,137,137,102,3,5,426.0,0.2034,122.66,82.0,0.0827,0.0511,1.2488,0.8311,91.0,0.0,1,credential_based_fraud,card_testing,3,0,1,1,1,5,4,4,1,2
txn_6283073b6c86,3.64,0.8087,13,1,137,137,1,3,5,426.0,0.2034,122.66,82.0,0.0827,0.0511,1.2488,0.0,0.0,0.0,1,credential_based_fraud,card_testing,0,0,1,1,1,3,4,1,2,2
txn_b8b93013f4aa,3.95,0.6863,13,0,137,137,102,3,5,426.0,0.2034,122.66,82.0,0.0827,0.0511,1.2488,0.8311,91.0,0.0,1,credential_based_fraud,card_testing,2,0,1,1,0,4,4,3,2,0
txn_4c4a816ee362,4.07,0.4858,13,0,137,137,102,3,5,426.0,0.2034,122.66,82.0,0.0827,0.0511,1.2488,0.8311,91.0,0.0,1,credential_based_fraud,card_testing,2,0,1,1,1,0,0,4,1,1
txn_f9204e39ec02,2.86,0.8385,13,0,137,137,102,3,5,426.0,0.2034,122.66,82.0,0.0827,0.0511,1.2488,0.8311,91.0,0.0,1,credential_based_fraud,card_testing,3,0,1,1,1,1,1,5,2,1
txn_bf0eaa12912e,5.66,0.4919,13,0,137,137,1,3,5,426.0,0.2034,122.66,82.0,0.0827,0.0511,1.2488,0.0,0.0,0.0,1,credential_based_fraud,card_testing,2,0,1,1,0,3,3,4,1,0
txn_a96bef8c8d26,1.13,0.6034,13,1,137,137,102,3,5,426.0,0.2034,122.66,82.0,0.0827,0.0511,1.2488,0.8311,91.0,0.0,1,credential_based_fraud,card_testing,4,0,1,1,1,2,0,3,1,1
txn_e32382dc0a33,1.8,0.4972,13,0,137,137,102,3,5,426.0,0.2034,122.66,82.0,0.0827,0.0511,1.2488,0.8311,91.0,0.0,1,credential_based_fraud,card_testing,0,0,1,1,1,1,1,6,2,1
txn_69194875437f,4.63,0.7408,13,0,137,137,102,3,5,426.0,0.2034,122.66,82.0,0.0827,0.0511,1.2488,0.8311,91.0,0.0,1,credential_based_fraud,card_testing,2,0,1,1,0,0,0,5,2,0
txn_e286a9a000c0,2.02,0.6889,13,0,137,137,1,3,5,426.0,0.2034,122.66,82.0,0.0827,0.0511,1.2488,0.0,0.0,0.0,1,credential_based_fraud,card_testing,3,0,1,1,1,1,1,6,1,1
txn_d1c2bef8cd48,0.7,0.5213,13,0,137,137,102,3,5,426.0,0.2034,122.66,82.0,0.0827,0.0511,1.2488,0.8311,91.0,0.0,1,credential_based_fraud,card_testing,0,0,1,1,1,3,3,0,1,1
txn_200230e59e73,4.51,0.8475,13,0,137,137,102,3,5,426.0,0.2034,122.66,82.0,0.0827,0.0511,1.2488,0.8311,91.0,0.0,1,credential_based_fraud,card_testing,3,0,1,1,0,1,1,5,2,0
txn_c76c1251c0ff,1.55,0.6593,13,0,137,137,102,3,5,426.0,0.2034,122.66,82.0,0.0827,0.0511,1.2488,0.8311,91.0,0.0,1,credential_based_fraud,card_testing,1,0,1,1,1,4,4,2,2,2
txn_531f65686634,6.41,0.6784,13,1,137,137,1,3,5,426.0,0.2034,122.66,82.0,0.0827,0.0511,1.2488,0.0,0.0,0.0,1,credential_based_fraud,card_testing,3,0,1,1,1,0,2,3,2,1
txn_5330e00749c3,4.18,0.5368,13,0,137,137,102,3,5,426.0,0.2034,122.66,82.0,0.0827,0.0511,1.2488,0.8311,91.0,0.0,1,credential_based_fraud,card_testing,1,0,1,1,0,0,0,4,1,0
txn_7fab81384161,0.55,0.7014,13,0,137,137,102,3,5,426.0,0.2034,122.66,82.0,0.0827,0.0511,1.2488,0.8311,91.0,0.0,1,credential_based_fraud,card_testing,3,0,1,1,1,2,2,4,2,2
txn_b294986a2f72,5.06,0.772,13,0,137,137,102,3,5,426.0,0.2034,122.66,82.0,0.0827,0.0511,1.2488,0.8311,91.0,0.0,1,credential_based_fraud,card_testing,3,0,1,1,1,2,2,4,1,1
txn_6fe319368fa3,5.37,0.7796,13,0,137,137,1,3,5,426.0,0.2034,122.66,82.0,0.0827,0.0511,1.2488,0.0,0.0,0.0,1,credential_based_fraud,card_testing,4,0,1,1,0,2,2,3,2,0
txn_2a9f98cefee7,0.57,0.7023,13,0,137,137,102,3,5,426.0,0.2034,122.66,82.0,0.0827,0.0511,1.2488,0.8311,91.0,0.0,1,credential_based_fraud,card_testing,3,0,1,1,1,1,1,2,1,2
txn_7337df88f675,1.32,0.5868,14,0,137,137,102,3,5,426.0,0.2034,122.66,82.0,0.0827,0.0511,1.2488,0.8311,91.0,0.0,1,credential_based_fraud,card_testing,3,0,1,1,1,5,5,1,1,2
txn_a79a215b607f,4.89,0.5637,14,1,137,137,102,3,5,426.0,0.2034,122.66,82.0,0.0827,0.0511,1.2488,0.8311,91.0,0.0,1,credential_based_fraud,card_testing,3,0,1,1,0,5,2,2,2,0
txn_5d66b685495c,2.3,0.7646,14,0,137,137,1,3,4,426.0,0.2034,122.66,82.0,0.0827,0.0511,1.2488,0.0,0.0,0.0,1,credential_based_fraud,card_testing,2,0,1,1,1,5,5,2,1,1
txn_ddfefe1f6de1,6.85,0.8372,14,1,137,137,102,3,4,426.0,0.2034,122.66,82.0,0.0827,0.0511,1.2488,0.8311,91.0,0.0,1,credential_based_fraud,card_testing,0,0,1,1,1,1,2,0,2,2
txn_4efe49a8d5ea,4.59,0.7739,14,0,137,137,102,3,4,426.0,0.2034,122.66,82.0,0.0827,0.0511,1.2488,0.8311,91.0,0.0,1,credential_based_fraud,card_testing,0,0,1,1,0,2,2,2,2,0
txn_db3f7bde01f9,7.27,0.819,14,1,137,137,102,3,4,426.0,0.2034,122.66,82.0,0.0827,0.0511,1.2488,0.8311,91.0,0.0,1,credential_based_fraud,card_testing,3,0,1,1,1,2,5,4,1,1
txn_b198f37d1d7c,1.02,0.6324,14,0,137,137,1,3,4,426.0,0.2034,122.66,82.0,0.0827,0.0511,1.2488,0.0,0.0,0.0,1,credential_based_fraud,card_testing,1,0,1,1,1,4,4,3,2,2
txn_a824431cf4d0,2.95,0.7212,14,0,137,137,102,3,4,426.0,0.2034,122.66,82.0,0.0827,0.0511,1.2488,0.8311,91.0,0.0,1,credential_based_fraud,card_testing,4,0,1,1,0,5,5,5,1,0
txn_3440fee682e6,0.73,0.7094,14,0,137,137,102,3,4,426.0,0.2034,122.66,82.0,0.0827,0.0511,1.2488,0.8311,91.0,0.0,1,credential_based_fraud,card_testing,0,0,1,1,1,0,0,3,2,1
txn_4f9362aae64f,0.93,0.7602,14,0,137,137,102,3,4,426.0,0.2034,122.66,82.0,0.0827,0.0511,1.2488,0.8311,91.0,0.0,1,credential_based_fraud,card_testing,0,0,1,1,1,2,2,5,1,2
txn_09c858b61826,7.89,0.7562,14,0,137,137,1,3,4,426.0,0.2034,122.66,82.0,0.0827,0.0511,1.2488,0.0,0.0,0.0,1,credential_based_fraud,card_testing,4,0,1,1,0,4,4,5,1,0
txn_b4d8041fe59a,0.57,0.5336,14,0,137,137,102,3,4,426.0,0.2034,122.66,82.0,0.0827,0.0511,1.2488,0.8311,91.0,0.0,1,credential_based_fraud,card_testing,3,0,1,1,1,2,2,4,1,2
txn_d7a9497c2343,2.88,0.6528,14,0,137,137,102,3,3,426.0,0.2034,122.66,82.0,0.0827,0.0511,1.2488,0.8311,91.0,0.0,1,credential_based_fraud,card_testing,3,0,1,1,1,5,5,4,1,1
txn_be2e82cc9a07,1.14,0.6092,14,0,137,137,102,3,3,426.0,0.2034,122.66,82.0,0.0827,0.0511,1.2488,0.8311,91.0,0.0,1,credential_based_fraud,card_testing,1,0,1,1,0,0,0,4,2,0
txn_4c829bf136c1,3.13,0.8109,14,0,137,137,1,3,3,426.0,0.2034,122.66,82.0,0.0827,0.0511,1.2488,0.0,0.0,0.0,1,credential_based_fraud,card_testing,3,0,1,1,1,5,5,6,2,1
txn_5c8ad399093d,4.85,0.8131,14,0,137,137,102,3,3,426.0,0.2034,122.66,82.0,0.0827,0.0511,1.2488,0.8311,91.0,0.0,1,credential_based_fraud,card_testing,1,0,1,1,1,4,4,1,2,1
txn_cfa172d8924d,6.13,0.854,14,0,137,137,102,3,3,426.0,0.2034,122.66,82.0,0.0827,0.0511,1.2488,0.8311,91.0,0.0,1,credential_based_fraud,card_testing,0,0,1,1,0,0,0,3,1,0
txn_4d02e4ae00e7,0.81,0.7559,14,0,137,137,102,3,3,426.0,0.2034,122.66,82.0,0.0827,0.0511,1.2488,0.8311,91.0,0.0,1,credential_based_fraud,card_testing,1,0,1,1,1,0,0,4,1,1
txn_98260055da51,7.27,0.5117,14,0,137,137,1,3,2,426.0,0.2034,122.66,82.0,0.0827,0.0511,1.2488,0.0,0.0,0.0,1,credential_based_fraud,card_testing,3,0,1,1,1,4,4,4,2,2
txn_1b75ccf94413,1.6,0.6633,14,0,137,137,102,3,2,426.0,0.2034,122.66,82.0,0.0827,0.0511,1.2488,0.8311,91.0,0.0,1,credential_based_fraud,card_testing,2,0,1,1,0,5,5,0,2,0
txn_b90499bcb5f6,2.96,0.5641,14,0,137,137,102,3,2,426.0,0.2034,122.66,82.0,0.0827,0.0511,1.2488,0.8311,91.0,0.0,1,credential_based_fraud,card_testing,0,0,1,1,1,0,0,5,1,2
txn_1fd22e82fc50,6.71,0.4933,14,0,137,137,102,3,2,426.0,0.2034,122.66,82.0,0.0827,0.0511,1.2488,0.8311,91.0,0.0,1,credential_based_fraud,card_testing,4,0,1,1,1,1,1,0,2,2
txn_74e14ee376df,2.35,0.8235,14,0,137,137,1,3,2,426.0,0.2034,122.66,82.0,0.0827,0.0511,1.2488,0.0,0.0,0.0,1,credential_based_fraud,card_testing,1,0,1,1,0,3,3,2,2,0
txn_f022ee0aa35c,5.21,0.7627,15,0,137,137,102,3,2,426.0,0.2034,122.66,82.0,0.0827,0.0511,1.2488,0.8311,91.0,0.0,1,credential_based_fraud,card_testing,4,0,1,1,1,2,2,6,2,2
txn_2b6c3975ea2a,3.02,0.6884,15,0,137,137,102,3,2,426.0,0.2034,122.66,82.0,0.0827,0.0511,1.2488,0.8311,91.0,0.0,1,credential_based_fraud,card_testing,3,0,1,1,1,5,5,5,2,1
txn_311ae408f0ca,2.51,0.7296,15,1,137,137,102,3,2,426.0,0.2034,122.66,82.0,0.0827,0.0511,1.2488,0.8311,91.0,0.0,1,credential_based_fraud,card_testing,3,0,1,1,0,4,2,1,2,0
txn_61af81ef89ac,3.79,0.4688,15,0,137,137,1,3,2,426.0,0.2034,122.66,82.0,0.0827,0.0511,1.2488,0.0,0.0,0.0,1,credential_based_fraud,card_testing,0,0,1,1,1,4,4,0,1,2
txn_d875376b406e,2.47,0.5705,15,0,137,137,102,3,2,426.0,0.2034,122.66,82.0,0.0827,0.0511,1.2488,0.8311,91.0,0.0,1,credential_based_fraud,card_testing,3,0,1,1,1,2,2,1,1,1
txn_e7fb12421573,3.17,0.7654,15,0,137,137,102,3,2,426.0,0.2034,122.66,82.0,0.0827,0.0511,1.2488,0.8311,91.0,0.0,1,credential_based_fraud,card_testing,2,0,1,1,0,0,0,1,2,0
txn_ba40505c24d3,7.83,0.7049,15,0,137,137,102,3,2,426.0,0.2034,122.66,82.0,0.0827,0.0511,1.2488,0.8311,91.0,0.0,1,credential_based_fraud,card_testing,3,0,1,1,1,0,0,0,2,2
txn_61424da2cdbd,4.86,0.7629,15,0,137,137,1,3,2,426.0,0.2034,122.66,82.0,0.0827,0.0511,1.2488,0.0,0.0,0.0,1,credential_based_fraud,card_testing,0,0,1,1,1,3,3,2,1,2
txn_0224284e6c09,0.81,0.7883,15,1,137,137,102,3,2,426.0,0.2034,122.66,82.0,0.0827,0.0511,1.2488,0.8311,91.0,0.0,1,credential_based_fraud,card_testing,0,0,1,1,0,2,1,0,2,0
txn_d5080dbb43d3,3.71,0.531,15,0,137,137,102,3,2,426.0,0.2034,122.66,82.0,0.0827,0.0511,1.2488,0.8311,91.0,0.0,1,credential_based_fraud,card_testing,1,0,1,1,1,5,5,1,2,2
txn_aded8b331f16,7.45,0.5807,15,0,137,137,102,3,2,426.0,0.2034,122.66,82.0,0.0827,0.0511,1.2488,0.8311,91.0,0.0,1,credential_based_fraud,card_testing,0,0,1,1,1,1,1,6,2,2
txn_991e5906c8c5,7.96,0.7635,15,1,137,137,1,3,2,426.0,0.2034,122.66,82.0,0.0827,0.0511,1.2488,0.0,0.0,0.0,1,credential_based_fraud,card_testing,3,0,1,1,0,4,3,2,2,0
txn_3f49e76b6a0b,1.66,0.7153,15,0,137,137,102,3,2,426.0,0.2034,122.66,82.0,0.0827,0.0511,1.2488,0.8311,91.0,0.0,1,credential_based_fraud,card_testing,1,0,1,1,1,2,2,2,2,2
txn_09cfaf6f2556,0.53,0.8485,15,0,137,137,102,3,2,426.0,0.2034,122.66,82.0,0.0827,0.0511,1.2488,0.8311,91.0,0.0,1,credential_based_fraud,card_testing,2,0,1,1,1,3,3,4,1,2
txn_fdb47be20dd7,3.29,0.8567,15,0,137,137,102,2,2,426.0,0.2034,122.66,82.0,0.0827,0.0511,1.2488,0.8311,91.0,0.0,1,credential_based_fraud,card_testing,1,0,1,1,0,2,2,1,1,0
txn_466f5ce83d76,3.66,0.7958,15,0,137,137,1,2,2,426.0,0.2034,122.66,82.0,0.0827,0.0511,1.2488,0.0,0.0,0.0,1,credential_based_fraud,card_testing,0,0,1,1,1,3,3,0,2,1
txn_c28725df4c25,26.58,0.5756,9,0,27,27,1,3,2,197.0,0.2846,184.96,973.0,0.2258,0.0063,1.3886,0.0,0.0,0.0,1,credential_based_fraud,card_not_present,4,4,1,1,0,2,2,1,1,0
txn_42e5efb08350,44.29,0.6816,9,0,27,27,20,3,3,197.0,0.2846,184.96,973.0,0.2258,0.0063,1.3886,0.5061,130.0,1.0,1,credential_based_fraud,card_not_present,3,4,1,1,0,4,4,1,1,0
txn_cb143ab76c15,25.23,0.7271,9,0,27,27,20,3,4,197.0,0.2846,184.96,973.0,0.2258,0.0063,1.3886,0.5061,130.0,1.0,1,credential_based_fraud,card_not_present,4,4,1,1,0,5,5,6,1,0
txn_69ed405480a6,69.23,0.669,9,0,27,27,20,3,5,197.0,0.2846,184.96,973.0,0.2258,0.0063,1.3886,0.5061,130.0,1.0,1,credential_based_fraud,card_not_present,1,4,1,1,0,4,4,2,2,0
txn_61d0beeb220e,63.63,0.5184,10,0,27,27,1,3,6,197.0,0.2846,184.96,973.0,0.2258,0.0063,1.3886,0.0,0.0,0.0,1,credential_based_fraud,card_not_present,0,4,1,1,0,5,5,5,1,0
txn_150f0920399a,60.43,0.6286,10,0,27,27,20,3,7,197.0,0.2846,184.96,973.0,0.2258,0.0063,1.3886,0.5061,130.0,1.0,1,credential_based_fraud,card_not_present,0,4,1,1,0,5,5,2,1,0
txn_d3ff2ec09ac8,61.15,0.511,10,0,27,27,20,3,8,197.0,0.2846,184.96,973.0,0.2258,0.0063,1.3886,0.5061,130.0,1.0,1,credential_based_fraud,card_not_present,2,4,1,1,0,3,3,4,2,0
txn_e4585e7c7295,39.1,0.7973,10,0,27,27,20,3,9,197.0,0.2846,184.96,973.0,0.2258,0.0063,1.3886,0.5061,130.0,1.0,1,credential_based_fraud,card_not_present,2,4,1,1,0,5,5,1,2,0
txn_285d36223fa7,65.61,0.7034,10,0,27,27,1,3,10,197.0,0.2846,184.96,973.0,0.2258,0.0063,1.3886,0.0,0.0,0.0,1,credential_based_fraud,card_not_present,1,4,1,1,0,5,5,1,1,0
txn_d4461a699e03,22.62,0.6804,10,0,27,27,20,3,10,197.0,0.2846,184.96,973.0,0.2258,0.0063,1.3886,0.5061,130.0,1.0,1,credential_based_fraud,card_not_present,4,4,1,1,0,2,2,0,1,0
txn_84481651b7ed,33.1,0.7154,10,0,27,27,20,3,11,197.0,0.2846,184.96,973.0,0.2258,0.0063,1.3886,0.5061,130.0,1.0,1,credential_based_fraud,card_not_present,1,4,1,1,0,1,1,2,2,0
txn_54c49e84cd1b,45.96,0.4776,10,1,27,27,20,3,12,197.0,0.2846,184.96,973.0,0.2258,0.0063,1.3886,0.5061,130.0,1.0,1,credential_based_fraud,card_not_present,3,4,1,1,0,0,4,6,2,0
txn_8f362d31c4db,124.23,0.6819,10,0,27,27,1,3,13,197.0,0.2846,184.96,973.0,0.2258,0.0063,1.3886,0.0,0.0,0.0,1,credential_based_fraud,card_not_present,1,4,1,1,0,5,5,1,1,0
txn_0ea87c2540bb,24.4,0.5484,10,0,27,27,20,3,14,197.0,0.2846,184.96,973.0,0.2258,0.0063,1.3886,0.5061,130.0,1.0,1,credential_based_fraud,card_not_present,3,4,1,1,0,1,1,0,1,0
txn_1eb8123140f7,5.61,0.5384,10,1,27,27,20,3,15,197.0,0.2846,184.96,973.0,0.2258,0.0063,1.3886,0.5061,130.0,1.0,1,credential_based_fraud,card_not_present,2,4,1,1,0,4,2,4,1,0
txn_b56c2adfafdc,8.65,0.7785,10,0,27,27,20,3,16,197.0,0.2846,184.96,973.0,0.2258,0.0063,1.3886,0.5061,130.0,1.0,1,credential_based_fraud,card_not_present,1,4,1,1,0,4,4,2,2,0
txn_e72a11008313,54.23,0.6933,10,0,27,27,1,3,16,197.0,0.2846,184.96,973.0,0.2258,0.0063,1.3886,0.0,0.0,0.0,1,credential_based_fraud,card_not_present,3,4,1,1,0,0,0,3,2,0
txn_0c7c2ae6b47c,103.56,0.491,11,0,27,27,20,3,16,197.0,0.2846,184.96,973.0,0.2258,0.0063,1.3886,0.5061,130.0,1.0,1,credential_based_fraud,card_not_present,4,4,1,1,0,1,1,6,2,0
txn_a7c3bcc2220a,33.68,0.5581,11,0,27,27,20,3,17,197.0,0.2846,184.96,973.0,0.2258,0.0063,1.3886,0.5061,130.0,1.0,1,credential_based_fraud,card_not_present,1,4,1,1,0,5,5,3,1,0
txn_bcad9b2221ef,13.41,0.7553,11,0,27,27,20,3,18,197.0,0.2846,184.96,973.0,0.2258,0.0063,1.3886,0.5061,130.0,1.0,1,credential_based_fraud,card_not_present,2,4,1,1,0,5,5,3,2,0
txn_ea0cc40b98d0,38.37,0.5874,11,0,27,27,1,3,19,197.0,0.2846,184.96,973.0,0.2258,0.0063,1.3886,0.0,0.0,0.0,1,credential_based_fraud,card_not_present,3,4,1,1,0,3,3,2,1,0
txn_67e9b2dc2997,109.42,0.7207,11,0,27,27,20,3,20,197.0,0.2846,184.96,973.0,0.2258,0.0063,1.3886,0.5061,130.0,1.0,1,credential_based_fraud,card_not_present,3,4,1,1,0,0,0,4,2,0
txn_442425984ca4,15.65,0.7757,11,0,27,27,20,3,21,197.0,0.2846,184.96,973.0,0.2258,0.0063,1.3886,0.5061,130.0,1.0,1,credential_based_fraud,card_not_present,0,4,1,1,0,4,4,0,2,0
txn_ea82a5eeef68,42.93,0.5853,11,0,27,27,20,3,20,197.0,0.2846,184.96,973.0,0.2258,0.0063,1.3886,0.5061,130.0,1.0,1,credential_based_fraud,card_not_present,2,4,1,1,0,0,0,5,2,0
txn_d983138ac13f,20.69,0.5835,11,0,27,27,1,3,21,197.0,0.2846,184.96,973.0,0.2258,0.0063,1.3886,0.0,0.0,0.0,1,credential_based_fraud,card_not_present,0,4,1,1,0,2,2,4,2,0
txn_032e0ab9abf1,87.5,0.5224,11,0,27,27,20,3,20,197.0,0.2846,184.96,973.0,0.2258,0.0063,1.3886,0.5061,130.0,1.0,1,credential_based_fraud,card_not_present,0,4,1,1,0,0,0,5,2,0
txn_249e8e0905d7,119.92,0.509,11,0,27,27,20,3,21,197.0,0.2846,184.96,973.0,0.2258,0.0063,1.3886,0.5061,130.0,1.0,1,credential_based_fraud,card_not_present,1,4,1,1,0,4,4,4,1,0
txn_03d7cc3cc2a6,30.84,0.6243,9,1,16,16,1,3,3,711.0,0.0334,333.1,517.0,0.0425,0.0736,1.3802,0.0,0.0,0.0,1,credential_based_fraud,consumer_account_takeover,2,8,4,1,0,0,3,0,3,0
txn_09fb1bda6f91,32.81,0.6881,11,0,16,16,12,3,4,711.0,0.0334,333.1,517.0,0.0425,0.0736,1.3802,0.553,244.0,3.0,1,credential_based_fraud,consumer_account_takeover,0,8,4,1,0,5,5,1,3,0
txn_bfaa89dc11b2,110.89,0.6811,12,0,16,16,12,3,5,711.0,0.0334,333.1,517.0,0.0425,0.0736,1.3802,0.553,244.0,3.0,1,credential_based_fraud,consumer_account_takeover,0,8,4,1,0,5,5,0,3,0
txn_b55e179fa06f,45.65,0.4756,14,0,16,16,12,3,6,711.0,0.0334,333.1,517.0,0.0425,0.0736,1.3802,0.553,244.0,3.0,1,credential_based_fraud,consumer_account_takeover,3,8,4,1,0,5,5,1,3,0
txn_4f03d9f08b21,66.68,0.6518,15,0,16,16,1,3,7,711.0,0.0334,333.1,517.0,0.0425,0.0736,1.3802,0.0,0.0,0.0,1,credential_based_fraud,consumer_account_takeover,3,8,4,1,0,0,0,0,3,0
txn_48fd1ad9f9bd,44.09,0.4978,16,0,16,16,12,3,8,711.0,0.0334,333.1,517.0,0.0425,0.0736,1.3802,0.553,244.0,3.0,1,credential_based_fraud,consumer_account_takeover,2,8,4,1,0,3,3,1,3,0
txn_33febb2f27c0,18.04,0.6478,18,1,16,16,12,3,9,711.0,0.0334,333.1,517.0,0.0425,0.0736,1.3802,0.553,244.0,3.0,1,credential_based_fraud,consumer_account_takeover,0,8,4,1,0,5,0,3,3,0
txn_d324c4cddae5,32.06,0.4297,19,0,16,16,12,3,10,711.0,0.0334,333.1,517.0,0.0425,0.0736,1.3802,0.553,244.0,3.0,1,credential_based_fraud,consumer_account_takeover,2,8,4,1,0,4,4,4,3,0
txn_2f84500b9af2,75.13,0.7085,21,0,16,16,1,3,10,711.0,0.0334,333.1,517.0,0.0425,0.0736,1.3802,0.0,0.0,0.0,1,credential_based_fraud,consumer_account_takeover,3,8,4,1,0,5,5,3,3,0
txn_cc7369710e4a,22.93,0.6107,22,0,16,16,12,3,11,711.0,0.0334,333.1,517.0,0.0425,0.0736,1.3802,0.553,244.0,3.0,1,credential_based_fraud,consumer_account_takeover,0,8,4,1,0,0,0,5,3,0
txn_64a4d37fd81e,54.8,0.7649,0,1,16,16,12,3,12,711.0,0.0334,333.1,517.0,0.0425,0.0736,1.3802,0.553,244.0,3.0,1,credential_based_fraud,consumer_account_takeover,4,8,4,1,0,3,1,2,3,0
txn_88968b6a52f0,67.25,0.7597,1,0,16,16,12,3,13,711.0,0.0334,333.1,517.0,0.0425,0.0736,1.3802,0.553,244.0,3.0,1,credential_based_fraud,consumer_account_takeover,1,8,4,1,0,0,0,2,3,0
txn_915a8718f636,68.73,0.5463,3,0,16,16,1,3,14,711.0,0.0334,333.1,517.0,0.0425,0.0736,1.3802,0.0,0.0,0.0,1,credential_based_fraud,consumer_account_takeover,2,8,4,1,0,5,5,0,3,0
txn_0d2f8aaec340,91.95,0.629,4,0,16,16,12,3,15,711.0,0.0334,333.1,517.0,0.0425,0.0736,1.3802,0.553,244.0,3.0,1,credential_based_fraud,consumer_account_takeover,1,8,4,1,1,2,2,0,3,1
txn_1834fb30d0b0,58.13,0.4354,5,0,16,16,12,3,16,711.0,0.0334,333.1,517.0,0.0425,0.0736,1.3802,0.553,244.0,3.0,1,credential_based_fraud,consumer_account_takeover,2,8,4,1,0,0,0,6,3,0
txn_e07d59ab20d6,16.46,0.4797,7,0,16,16,12,1,16,711.0,0.0334,333.1,517.0,0.0425,0.0736,1.3802,0.553,244.0,3.0,1,credential_based_fraud,consumer_account_takeover,0,8,4,1,0,0,0,0,3,0
txn_d95eed48d4d8,56.44,0.7473,9,0,7,7,1,3,4,532.0,0.2803,153.7,845.0,0.2417,0.039,1.3478,0.0,0.0,0.0,1,credential_based_fraud,merchant_admin_takeover,2,7,0,0,0,1,1,1,0,0
txn_a16d1c5f516a,28.58,0.6765,11,1,7,7,5,3,5,532.0,0.2803,153.7,845.0,0.2417,0.039,1.3478,0.5855,103.0,3.0,1,credential_based_fraud,merchant_admin_takeover,0,7,0,0,0,5,3,0,0,0
txn_aeb237de8af6,8.94,0.5672,12,0,7,7,5,3,6,532.0,0.2803,153.7,845.0,0.2417,0.039,1.3478,0.5855,103.0,3.0,1,credential_based_fraud,merchant_admin_takeover,1,7,0,0,0,3,3,2,0,0
txn_d821cceaa6b9,25.75,0.6447,14,0,7,7,5,3,7,532.0,0.2803,153.7,845.0,0.2417,0.039,1.3478,0.5855,103.0,3.0,1,credential_based_fraud,merchant_admin_takeover,1,7,0,0,0,2,2,5,0,0
txn_9581112f364d,114.96,0.6161,15,0,7,7,1,3,8,532.0,0.2803,153.7,845.0,0.2417,0.039,1.3478,0.0,0.0,0.0,1,credential_based_fraud,merchant_admin_takeover,2,7,0,0,0,4,4,4,0,0
txn_ab08f80d4d3c,56.24,0.5349,16,0,7,7,5,3,9,532.0,0.2803,153.7,845.0,0.2417,0.039,1.3478,0.5855,103.0,3.0,1,credential_based_fraud,merchant_admin_takeover,4,7,0,0,0,0,0,0,0,0
txn_32ed321ca535,13.68,0.5346,18,0,7,7,5,1,10,532.0,0.2803,153.7,845.0,0.2417,0.039,1.3478,0.5855,103.0,3.0,1,credential_based_fraud,merchant_admin_takeover,4,7,0,0,0,0,0,2,0,0
txn_eeffbd74a2e4,2.29,0.4604,9,0,240,240,1,3,5,535.0,0.307,83.01,109.0,0.1328,0.0682,0.2459,0.0,0.0,0.0,1,credential_based_fraud,credential_stuffing,0,8,4,1,0,2,2,3,3,0
txn_013afdc5ad0a,3.14,0.5318,9,0,240,240,180,3,6,535.0,0.307,83.01,109.0,0.1328,0.0682,0.2459,0.7042,174.0,2.0,1,credential_based_fraud,credential_stuffing,1,8,4,1,0,0,0,6,3,0
txn_0dcbad942ed5,2.67,0.646,9,0,240,240,180,3,7,535.0,0.307,83.01,109.0,0.1328,0.0682,0.2459,0.7042,174.0,2.0,1,credential_based_fraud,credential_stuffing,0,8,4,1,0,0,0,2,3,0
txn_35e46ec7ed69,7.89,0.71,9,0,240,240,180,3,8,535.0,0.307,83.01,109.0,0.1328,0.0682,0.2459,0.7042,174.0,2.0,1,credential_based_fraud,credential_stuffing,1,8,4,1,0,5,5,2,3,0
txn_77de3565ce0c,3.26,0.4551,9,0,240,240,1,3,9,535.0,0.307,83.01,109.0,0.1328,0.0682,0.2459,0.0,0.0,0.0,1,credential_based_fraud,credential_stuffing,1,8,4,1,1,4,4,5,3,1
txn_f310e16db3a2,4.02,0.5145,10,0,240,240,180,3,10,535.0,0.307,83.01,109.0,0.1328,0.0682,0.2459,0.7042,174.0,2.0,1,credential_based_fraud,credential_stuffing,3,8,4,1,0,0,0,5,3,0
txn_d30a266f416e,5.87,0.5407,10,0,240,240,180,3,10,535.0,0.307,83.01,109.0,0.1328,0.0682,0.2459,0.7042,174.0,2.0,1,credential_based_fraud,credential_stuffing,3,8,4,1,0,2,2,6,3,0
txn_1cdf4aac455f,4.86,0.6579,10,0,240,240,180,3,11,535.0,0.307,83.01,109.0,0.1328,0.0682,0.2459,0.7042,174.0,2.0,1,credential_based_fraud,credential_stuffing,1,8,4,1,0,3,3,2,3,0
txn_f56741c802af,5.87,0.6586,10,0,240,240,1,3,12,535.0,0.307,83.01,109.0,0.1328,0.0682,0.2459,0.0,0.0,0.0,1,credential_based_fraud,credential_stuffing,4,8,4,1,0,4,4,4,3,0
txn_0ff085ed8a89,6.06,0.8001,10,0,240,240,180,3,13,535.0,0.307,83.01,109.0,0.1328,0.0682,0.2459,0.7042,174.0,2.0,1,credential_based_fraud,credential_stuffing,0,8,4,1,1,5,5,5,3,1
txn_a3fa9f0c07c5,4.33,0.8117,10,0,240,240,180,3,14,535.0,0.307,83.01,109.0,0.1328,0.0682,0.2459,0.7042,174.0,2.0,1,credential_based_fraud,credential_stuffing,1,8,4,1,0,1,1,0,3,0
txn_3bbb8036ea11,6.33,0.5309,10,1,240,240,180,3,15,535.0,0.307,83.01,109.0,0.1328,0.0682,0.2459,0.7042,174.0,2.0,1,credential_based_fraud,credential_stuffing,3,8,4,1,0,0,3,3,3,0
txn_091f30f519f1,4.54,0.6913,10,0,240,240,1,3,16,535.0,0.307,83.01,109.0,0.1328,0.0682,0.2459,0.0,0.0,0.0,1,credential_based_fraud,credential_stuffing,4,8,4,1,0,3,3,5,3,0
txn_199f19294520,5.5,0.5436,10,0,240,240,180,3,16,535.0,0.307,83.01,109.0,0.1328,0.0682,0.2459,0.7042,174.0,2.0,1,credential_based_fraud,credential_stuffing,4,8,4,1,0,1,1,3,3,0
txn_ea39d6db23c6,5.39,0.7908,10,0,240,240,180,3,16,535.0,0.307,83.01,109.0,0.1328,0.0682,0.2459,0.7042,174.0,2.0,1,credential_based_fraud,credential_stuffing,4,8,4,1,0,4,4,6,3,0
txn_854730887155,2.28,0.7704,10,0,240,240,180,3,17,535.0,0.307,83.01,109.0,0.1328,0.0682,0.2459,0.7042,174.0,2.0,1,credential_based_fraud,credential_stuffing,0,8,4,1,0,3,3,6,3,0
txn_7fa86bab03ce,0.83,0.8158,10,0,240,240,1,3,18,535.0,0.307,83.01,109.0,0.1328,0.0682,0.2459,0.0,0.0,0.0,1,credential_based_fraud,credential_stuffing,3,8,4,1,0,0,0,2,3,0
txn_4d69f54a739b,2.59,0.7743,10,0,240,240,180,3,19,535.0,0.307,83.01,109.0,0.1328,0.0682,0.2459,0.7042,174.0,2.0,1,credential_based_fraud,credential_stuffing,3,8,4,1,1,4,4,6,3,1
txn_ae1c5f9e5f60,6.2,0.6479,10,0,240,240,180,3,20,535.0,0.307,83.01,109.0,0.1328,0.0682,0.2459,0.7042,174.0,2.0,1,credential_based_fraud,credential_stuffing,3,8,4,1,0,5,5,1,3,0
txn_2969b345355d,5.45,0.8286,10,0,240,240,180,3,21,535.0,0.307,83.01,109.0,0.1328,0.0682,0.2459,0.7042,174.0,2.0,1,credential_based_fraud,credential_stuffing,0,8,4,1,0,0,0,4,3,0
txn_1e6688a98247,4.86,0.4683,10,1,240,240,1,3,20,535.0,0.307,83.01,109.0,0.1328,0.0682,0.2459,0.0,0.0,0.0,1,credential_based_fraud,credential_stuffing,4,8,4,1,0,3,0,6,3,0
txn_e340bb38017e,7.36,0.6605,10,0,240,240,180,3,21,535.0,0.307,83.01,109.0,0.1328,0.0682,0.2459,0.7042,174.0,2.0,1,credential_based_fraud,credential_stuffing,4,8,4,1,0,4,4,5,3,0
txn_87532fa302c8,3.07,0.7475,10,0,240,240,180,3,20,535.0,0.307,83.01,109.0,0.1328,0.0682,0.2459,0.7042,174.0,2.0,1,credential_based_fraud,credential_stuffing,2,8,4,1,0,0,0,2,3,0
txn_f117c2f35bf4,0.86,0.6472,10,0,240,240,180,3,21,535.0,0.307,83.01,109.0,0.1328,0.0682,0.2459,0.7042,174.0,2.0,1,credential_based_fraud,credential_stuffing,2,8,4,1,0,3,3,2,3,0
txn_6e9f58006151,6.31,0.4925,10,1,240,240,1,3,20,535.0,0.307,83.01,109.0,0.1328,0.0682,0.2459,0.0,0.0,0.0,1,credential_based_fraud,credential_stuffing,2,8,4,1,0,5,3,4,3,0
txn_1cb96cb0b443,7.24,0.7143,10,0,240,240,180,3,19,535.0,0.307,83.01,109.0,0.1328,0.0682,0.2459,0.7042,174.0,2.0,1,credential_based_fraud,credential_stuffing,4,8,4,1,0,4,4,0,3,0
txn_3b5aa25e9cb1,2.16,0.7172,11,0,240,240,180,3,16,535.0,0.307,83.01,109.0,0.1328,0.0682,0.2459,0.7042,174.0,2.0,1,credential_based_fraud,credential_stuffing,0,8,4,1,0,5,5,5,3,0
txn_7a116bb4d810,7.15,0.6102,11,0,240,240,180,3,15,535.0,0.307,83.01,109.0,0.1328,0.0682,0.2459,0.7042,174.0,2.0,1,credential_based_fraud,credential_stuffing,0,8,4,1,0,0,0,4,3,0
txn_2f88abf6793a,6.49,0.6917,11,0,240,240,1,3,15,535.0,0.307,83.01,109.0,0.1328,0.0682,0.2459,0.0,0.0,0.0,1,credential_based_fraud,credential_stuffing,2,8,4,1,0,0,0,1,3,0
txn_ad8b91e042d1,7.57,0.782,11,0,240,240,180,3,14,535.0,0.307,83.01,109.0,0.1328,0.0682,0.2459,0.7042,174.0,2.0,1,credential_based_fraud,credential_stuffing,3,8,4,1,0,4,4,6,3,0
txn_7b889fa44e40,6.62,0.757,11,0,240,240,180,3,14,535.0,0.307,83.01,109.0,0.1328,0.0682,0.2459,0.7042,174.0,2.0,1,credential_based_fraud,credential_stuffing,4,8,4,1,0,1,1,6,3,0
txn_7316669b354e,5.27,0.8227,11,0,240,240,180,3,13,535.0,0.307,83.01,109.0,0.1328,0.0682,0.2459,0.7042,174.0,2.0,1,credential_based_fraud,credential_stuffing,3,8,4,1,0,0,0,1,3,0
txn_31569a0cc44d,4.98,0.6012,11,1,240,240,1,3,12,535.0,0.307,83.01,109.0,0.1328,0.0682,0.2459,0.0,0.0,0.0,1,credential_based_fraud,credential_stuffing,0,8,4,1,0,4,0,0,3,0
txn_ff72729e26d1,2.51,0.7988,11,0,240,240,180,3,12,535.0,0.307,83.01,109.0,0.1328,0.0682,0.2459,0.7042,174.0,2.0,1,credential_based_fraud,credential_stuffing,0,8,4,1,0,1,1,1,3,0
txn_aca461cee8c1,7.1,0.4777,11,0,240,240,180,3,12,535.0,0.307,83.01,109.0,0.1328,0.0682,0.2459,0.7042,174.0,2.0,1,credential_based_fraud,credential_stuffing,4,8,4,1,0,1,1,3,3,0
txn_5935653eb3bb,7.59,0.7874,11,0,240,240,180,3,12,535.0,0.307,83.01,109.0,0.1328,0.0682,0.2459,0.7042,174.0,2.0,1,credential_based_fraud,credential_stuffing,0,8,4,1,0,0,0,4,3,0
txn_fc4c8cbf4bb0,3.61,0.7502,11,0,240,240,1,3,12,535.0,0.307,83.01,109.0,0.1328,0.0682,0.2459,0.0,0.0,0.0,1,credential_based_fraud,credential_stuffing,0,8,4,1,0,3,3,3,3,0
txn_5fc7d0a62951,0.82,0.7067,11,0,240,240,180,3,12,535.0,0.307,83.01,109.0,0.1328,0.0682,0.2459,0.7042,174.0,2.0,1,credential_based_fraud,credential_stuffing,2,8,4,1,0,2,2,2,3,0
txn_bca798823e78,5.01,0.7247,11,0,240,240,180,3,11,535.0,0.307,83.01,109.0,0.1328,0.0682,0.2459,0.7042,174.0,2.0,1,credential_based_fraud,credential_stuffing,3,8,4,1,0,4,4,5,3,0
txn_9c4b0baad8f1,0.97,0.6806,11,0,240,240,180,3,10,535.0,0.307,83.01,109.0,0.1328,0.0682,0.2459,0.7042,174.0,2.0,1,credential_based_fraud,credential_stuffing,1,8,4,1,0,1,1,1,3,0
txn_08791c5f488e,4.0,0.5697,11,0,240,240,1,3,9,535.0,0.307,83.01,109.0,0.1328,0.0682,0.2459,0.0,0.0,0.0,1,credential_based_fraud,credential_stuffing,2,8,4,1,0,3,3,1,3,0
txn_7f3d4c8b0ae6,1.02,0.7396,11,1,240,240,180,3,9,535.0,0.307,83.01,109.0,0.1328,0.0682,0.2459,0.7042,174.0,2.0,1,credential_based_fraud,credential_stuffing,1,8,4,1,0,3,4,2,3,0
txn_b138ddd63d91,1.12,0.746,11,0,240,240,180,3,9,535.0,0.307,83.01,109.0,0.1328,0.0682,0.2459,0.7042,174.0,2.0,1,credential_based_fraud,credential_stuffing,2,8,4,1,0,5,5,6,3,0
txn_63be184f402c,3.29,0.6437,11,0,240,240,180,3,9,535.0,0.307,83.01,109.0,0.1328,0.0682,0.2459,0.7042,174.0,2.0,1,credential_based_fraud,credential_stuffing,3,8,4,1,1,5,5,6,3,1
txn_376ec11691c3,6.44,0.8096,11,0,240,240,1,3,9,535.0,0.307,83.01,109.0,0.1328,0.0682,0.2459,0.0,0.0,0.0,1,credential_based_fraud,credential_stuffing,3,8,4,1,0,5,5,6,3,0
txn_3b6d92a82d20,4.19,0.6334,11,0,240,240,180,3,9,535.0,0.307,83.01,109.0,0.1328,0.0682,0.2459,0.7042,174.0,2.0,1,credential_based_fraud,credential_stuffing,1,8,4,1,0,0,0,2,3,0
txn_b5a99d925f20,1.66,0.4576,11,0,240,240,180,3,9,535.0,0.307,83.01,109.0,0.1328,0.0682,0.2459,0.7042,174.0,2.0,1,credential_based_fraud,credential_stuffing,0,8,4,1,0,5,5,4,3,0
txn_4ea2c18d174d,7.97,0.5518,11,1,240,240,180,3,8,535.0,0.307,83.01,109.0,0.1328,0.0682,0.2459,0.7042,174.0,2.0,1,credential_based_fraud,credential_stuffing,4,8,4,1,0,4,3,3,3,0
txn_dc07a27a932a,1.16,0.5598,12,1,240,240,1,3,8,535.0,0.307,83.01,109.0,0.1328,0.0682,0.2459,0.0,0.0,0.0,1,credential_based_fraud,credential_stuffing,2,8,4,1,0,0,1,6,3,0
txn_931338877404,7.9,0.4573,12,0,240,240,180,3,8,535.0,0.307,83.01,109.0,0.1328,0.0682,0.2459,0.7042,174.0,2.0,1,credential_based_fraud,credential_stuffing,2,8,4,1,0,3,3,4,3,0
txn_824535471cf8,7.13,0.666,12,0,240,240,180,3,8,535.0,0.307,83.01,109.0,0.1328,0.0682,0.2459,0.7042,174.0,2.0,1,credential_based_fraud,credential_stuffing,3,8,4,1,0,0,0,1,3,0
txn_18832b2548e0,2.07,0.4813,12,0,240,240,180,3,8,535.0,0.307,83.01,109.0,0.1328,0.0682,0.2459,0.7042,174.0,2.0,1,credential_based_fraud,credential_stuffing,4,8,4,1,0,2,2,6,3,0
txn_d2e5b64f24e3,7.53,0.7848,12,0,240,240,1,3,8,535.0,0.307,83.01,109.0,0.1328,0.0682,0.2459,0.0,0.0,0.0,1,credential_based_fraud,credential_stuffing,1,8,4,1,0,2,2,6,3,0
txn_d3455c260550,4.85,0.617,12,0,240,240,180,3,8,535.0,0.307,83.01,109.0,0.1328,0.0682,0.2459,0.7042,174.0,2.0,1,credential_based_fraud,credential_stuffing,1,8,4,1,0,5,5,3,3,0
txn_24a1eec65376,0.68,0.5061,12,0,240,240,180,3,8,535.0,0.307,83.01,109.0,0.1328,0.0682,0.2459,0.7042,174.0,2.0,1,credential_based_fraud,credential_stuffing,1,8,4,1,0,5,5,2,3,0
txn_ef16b6530e93,3.24,0.7221,12,0,240,240,180,3,7,535.0,0.307,83.01,109.0,0.1328,0.0682,0.2459,0.7042,174.0,2.0,1,credential_based_fraud,credential_stuffing,3,8,4,1,0,3,3,3,3,0
txn_389af2d43518,3.37,0.5,12,0,240,240,1,3,7,535.0,0.307,83.01,109.0,0.1328,0.0682,0.2459,0.0,0.0,0.0,1,credential_based_fraud,credential_stuffing,4,8,4,1,0,3,3,2,3,0
txn_c964f8187c7e,7.98,0.6824,12,0,240,240,180,3,7,535.0,0.307,83.01,109.0,0.1328,0.0682,0.2459,0.7042,174.0,2.0,1,credential_based_fraud,credential_stuffing,3,8,4,1,0,0,0,1,3,0
txn_0356e6d771a5,1.42,0.7132,12,0,240,240,180,3,7,535.0,0.307,83.01,109.0,0.1328,0.0682,0.2459,0.7042,174.0,2.0,1,credential_based_fraud,credential_stuffing,0,8,4,1,0,1,1,1,3,0
txn_98cd6c34fa1b,0.62,0.8328,12,0,240,240,180,3,7,535.0,0.307,83.01,109.0,0.1328,0.0682,0.2459,0.7042,174.0,2.0,1,credential_based_fraud,credential_stuffing,1,8,4,1,0,3,3,3,3,0
txn_f50de5379959,3.39,0.5342,12,0,240,240,1,3,7,535.0,0.307,83.01,109.0,0.1328,0.0682,0.2459,0.0,0.0,0.0,1,credential_based_fraud,credential_stuffing,2,8,4,1,0,3,3,5,3,0
txn_d9189c614d04,6.03,0.8107,12,0,240,240,180,3,7,535.0,0.307,83.01,109.0,0.1328,0.0682,0.2459,0.7042,174.0,2.0,1,credential_based_fraud,credential_stuffing,0,8,4,1,0,2,2,3,3,0
txn_668a0979bff2,3.29,0.8389,12,0,240,240,180,3,7,535.0,0.307,83.01,109.0,0.1328,0.0682,0.2459,0.7042,174.0,2.0,1,credential_based_fraud,credential_stuffing,4,8,4,1,0,2,2,3,3,0
txn_b75a6f3e1837,6.96,0.6717,12,0,240,240,180,3,7,535.0,0.307,83.01,109.0,0.1328,0.0682,0.2459,0.7042,174.0,2.0,1,credential_based_fraud,credential_stuffing,1,8,4,1,0,2,2,4,3,0
txn_ace30235da19,7.52,0.5889,12,0,240,240,1,3,7,535.0,0.307,83.01,109.0,0.1328,0.0682,0.2459,0.0,0.0,0.0,1,credential_based_fraud,credential_stuffing,1,8,4,1,0,3,3,1,3,0
txn_563f7dde9bbf,2.9,0.7611,12,0,240,240,180,3,7,535.0,0.307,83.01,109.0,0.1328,0.0682,0.2459,0.7042,174.0,2.0,1,credential_based_fraud,credential_stuffing,2,8,4,1,0,5,5,1,3,0
txn_80f69e8b28e3,1.81,0.7505,12,0,240,240,180,3,5,535.0,0.307,83.01,109.0,0.1328,0.0682,0.2459,0.7042,174.0,2.0,1,credential_based_fraud,credential_stuffing,4,8,4,1,0,2,2,3,3,0
txn_1df2f9bd93d3,1.49,0.6302,12,1,240,240,180,3,5,535.0,0.307,83.01,109.0,0.1328,0.0682,0.2459,0.7042,174.0,2.0,1,credential_based_fraud,credential_stuffing,3,8,4,1,0,3,4,1,3,0
txn_0bf7c8ac810e,1.35,0.7375,12,0,240,240,1,3,5,535.0,0.307,83.01,109.0,0.1328,0.0682,0.2459,0.0,0.0,0.0,1,credential_based_fraud,credential_stuffing,4,8,4,1,0,5,5,3,3,0
txn_116d52c71462,4.83,0.8124,12,0,240,240,180,3,5,535.0,0.307,83.01,109.0,0.1328,0.0682,0.2459,0.7042,174.0,2.0,1,credential_based_fraud,credential_stuffing,1,8,4,1,0,1,1,5,3,0
txn_407178aab453,2.0,0.7564,13,0,240,240,180,3,5,535.0,0.307,83.01,109.0,0.1328,0.0682,0.2459,0.7042,174.0,2.0,1,credential_based_fraud,credential_stuffing,3,8,4,1,0,4,4,6,3,0
txn_4d0465164a5e,6.51,0.8241,13,0,240,240,180,3,5,535.0,0.307,83.01,109.0,0.1328,0.0682,0.2459,0.7042,174.0,2.0,1,credential_based_fraud,credential_stuffing,3,8,4,1,0,3,3,4,3,0
txn_e9d849251d7d,4.11,0.6024,13,0,240,240,1,3,5,535.0,0.307,83.01,109.0,0.1328,0.0682,0.2459,0.0,0.0,0.0,1,credential_based_fraud,credential_stuffing,0,8,4,1,0,2,2,4,3,0
txn_e9949bdb6efe,4.23,0.6436,13,0,240,240,180,3,5,535.0,0.307,83.01,109.0,0.1328,0.0682,0.2459,0.7042,174.0,2.0,1,credential_based_fraud,credential_stuffing,3,8,4,1,0,0,0,2,3,0
txn_6553bd2279ba,2.8,0.719,13,0,240,240,180,3,5,535.0,0.307,83.01,109.0,0.1328,0.0682,0.2459,0.7042,174.0,2.0,1,credential_based_fraud,credential_stuffing,4,8,4,1,0,3,3,1,3,0
txn_73b4310bccc5,6.28,0.5056,13,0,240,240,180,3,5,535.0,0.307,83.01,109.0,0.1328,0.0682,0.2459,0.7042,174.0,2.0,1,credential_based_fraud,credential_stuffing,2,8,4,1,0,3,3,6,3,0
txn_6c265dab824b,4.3,0.7349,13,0,240,240,1,3,5,535.0,0.307,83.01,109.0,0.1328,0.0682,0.2459,0.0,0.0,0.0,1,credential_based_fraud,credential_stuffing,3,8,4,1,0,4,4,5,3,0
txn_24c2d2c9eb1b,6.35,0.5876,13,0,240,240,180,3,5,535.0,0.307,83.01,109.0,0.1328,0.0682,0.2459,0.7042,174.0,2.0,1,credential_based_fraud,credential_stuffing,2,8,4,1,0,4,4,1,3,0
txn_d7ff83f145a5,0.97,0.7133,13,0,240,240,180,3,5,535.0,0.307,83.01,109.0,0.1328,0.0682,0.2459,0.7042,174.0,2.0,1,credential_based_fraud,credential_stuffing,4,8,4,1,0,3,3,2,3,0
txn_ba7483fe260b,1.53,0.5227,13,0,240,240,180,3,5,535.0,0.307,83.01,109.0,0.1328,0.0682,0.2459,0.7042,174.0,2.0,1,credential_based_fraud,credential_stuffing,4,8,4,1,0,0,0,1,3,0
txn_384a7968a47e,4.18,0.6434,13,0,240,240,1,3,5,535.0,0.307,83.01,109.0,0.1328,0.0682,0.2459,0.0,0.0,0.0,1,credential_based_fraud,credential_stuffing,2,8,4,1,0,0,0,2,3,0
txn_ca8624c5cc90,4.98,0.4889,13,0,240,240,180,3,5,535.0,0.307,83.01,109.0,0.1328,0.0682,0.2459,0.7042,174.0,2.0,1,credential_based_fraud,credential_stuffing,1,8,4,1,0,4,4,1,3,0
txn_3c15bda486b8,2.44,0.588,13,0,240,240,180,3,5,535.0,0.307,83.01,109.0,0.1328,0.0682,0.2459,0.7042,174.0,2.0,1,credential_based_fraud,credential_stuffing,0,8,4,1,0,4,4,6,3,0
txn_214d7e46d4cd,7.01,0.4783,13,0,240,240,180,3,5,535.0,0.307,83.01,109.0,0.1328,0.0682,0.2459,0.7042,174.0,2.0,1,credential_based_fraud,credential_stuffing,4,8,4,1,0,3,3,6,3,0
txn_de480bff2c63,1.3,0.7027,13,1,240,240,1,3,5,535.0,0.307,83.01,109.0,0.1328,0.0682,0.2459,0.0,0.0,0.0,1,credential_based_fraud,credential_stuffing,0,8,4,1,0,1,0,1,3,0
txn_cee5de4f735e,3.78,0.6053,13,0,240,240,180,3,5,535.0,0.307,83.01,109.0,0.1328,0.0682,0.2459,0.7042,174.0,2.0,1,credential_based_fraud,credential_stuffing,1,8,4,1,0,2,2,1,3,0
txn_c1b8dbe2c056,3.51,0.8023,13,1,240,240,180,3,5,535.0,0.307,83.01,109.0,0.1328,0.0682,0.2459,0.7042,174.0,2.0,1,credential_based_fraud,credential_stuffing,2,8,4,1,0,3,0,5,3,0
txn_3a222b071cc9,4.31,0.5735,13,0,240,240,180,3,5,535.0,0.307,83.01,109.0,0.1328,0.0682,0.2459,0.7042,174.0,2.0,1,credential_based_fraud,credential_stuffing,1,8,4,1,0,3,3,6,3,0
txn_d84c9e7b9b77,0.86,0.5419,13,0,240,240,1,3,5,535.0,0.307,83.01,109.0,0.1328,0.0682,0.2459,0.0,0.0,0.0,1,credential_based_fraud,credential_stuffing,1,8,4,1,0,3,3,1,3,0
txn_a9b956e300e6,2.8,0.5131,13,0,240,240,180,3,5,535.0,0.307,83.01,109.0,0.1328,0.0682,0.2459,0.7042,174.0,2.0,1,credential_based_fraud,credential_stuffing,1,8,4,1,0,2,2,1,3,0
txn_78cde2ecea17,3.72,0.8235,13,0,240,240,180,3,5,535.0,0.307,83.01,109.0,0.1328,0.0682,0.2459,0.7042,174.0,2.0,1,credential_based_fraud,credential_stuffing,0,8,4,1,0,5,5,2,3,0
txn_b575a5d9242a,2.19,0.4789,13,0,240,240,180,3,5,535.0,0.307,83.01,109.0,0.1328,0.0682,0.2459,0.7042,174.0,2.0,1,credential_based_fraud,credential_stuffing,4,8,4,1,0,4,4,0,3,0
txn_41c2408a951b,6.97,0.5287,14,0,240,240,1,3,5,535.0,0.307,83.01,109.0,0.1328,0.0682,0.2459,0.0,0.0,0.0,1,credential_based_fraud,credential_stuffing,1,8,4,1,0,3,3,6,3,0
txn_b188a6042284,2.16,0.8089,14,0,240,240,180,3,5,535.0,0.307,83.01,109.0,0.1328,0.0682,0.2459,0.7042,174.0,2.0,1,credential_based_fraud,credential_stuffing,1,8,4,1,0,4,4,1,3,0
txn_e81ac147d716,1.94,0.8105,14,0,240,240,180,3,5,535.0,0.307,83.01,109.0,0.1328,0.0682,0.2459,0.7042,174.0,2.0,1,credential_based_fraud,credential_stuffing,1,8,4,1,0,1,1,2,3,0
txn_b2ac2cd0e251,7.11,0.6474,14,0,240,240,180,3,5,535.0,0.307,83.01,109.0,0.1328,0.0682,0.2459,0.7042,174.0,2.0,1,credential_based_fraud,credential_stuffing,1,8,4,1,0,5,5,1,3,0
txn_0dc6133d4b41,4.04,0.6647,14,0,240,240,1,3,4,535.0,0.307,83.01,109.0,0.1328,0.0682,0.2459,0.0,0.0,0.0,1,credential_based_fraud,credential_stuffing,2,8,4,1,0,2,2,2,3,0
txn_813d8a5df288,6.21,0.4637,14,1,240,240,180,3,4,535.0,0.307,83.01,109.0,0.1328,0.0682,0.2459,0.7042,174.0,2.0,1,credential_based_fraud,credential_stuffing,0,8,4,1,0,0,1,0,3,0
txn_593fb7b65769,0.89,0.5753,14,0,240,240,180,3,4,535.0,0.307,83.01,109.0,0.1328,0.0682,0.2459,0.7042,174.0,2.0,1,credential_based_fraud,credential_stuffing,4,8,4,1,0,2,2,1,3,0
txn_1ad1a331045c,1.26,0.7072,14,0,240,240,180,3,4,535.0,0.307,83.01,109.0,0.1328,0.0682,0.2459,0.7042,174.0,2.0,1,credential_based_fraud,credential_stuffing,2,8,4,1,0,5,5,0,3,0
txn_329e5bd2f0b4,5.86,0.5803,14,0,240,240,1,3,4,535.0,0.307,83.01,109.0,0.1328,0.0682,0.2459,0.0,0.0,0.0,1,credential_based_fraud,credential_stuffing,1,8,4,1,0,5,5,3,3,0
txn_bb71ebe633ec,1.42,0.5344,14,0,240,240,180,3,4,535.0,0.307,83.01,109.0,0.1328,0.0682,0.2459,0.7042,174.0,2.0,1,credential_based_fraud,credential_stuffing,4,8,4,1,0,1,1,4,3,0
txn_b04501b7fa3e,4.04,0.6222,14,0,240,240,180,3,4,535.0,0.307,83.01,109.0,0.1328,0.0682,0.2459,0.7042,174.0,2.0,1,credential_based_fraud,credential_stuffing,1,8,4,1,0,0,0,2,3,0
txn_47137b5da986,5.0,0.8235,14,0,240,240,180,3,4,535.0,0.307,83.01,109.0,0.1328,0.0682,0.2459,0.7042,174.0,2.0,1,credential_based_fraud,credential_stuffing,2,8,4,1,0,3,3,0,3,0
txn_d47c8e1b39eb,0.82,0.6617,14,0,240,240,1,3,4,535.0,0.307,83.01,109.0,0.1328,0.0682,0.2459,0.0,0.0,0.0,1,credential_based_fraud,credential_stuffing,2,8,4,1,0,5,5,0,3,0
txn_b5bc96d546e9,1.18,0.8127,14,0,240,240,180,3,4,535.0,0.307,83.01,109.0,0.1328,0.0682,0.2459,0.7042,174.0,2.0,1,credential_based_fraud,credential_stuffing,4,8,4,1,1,2,2,5,3,1
txn_769b083ff290,3.49,0.6267,14,0,240,240,180,3,3,535.0,0.307,83.01,109.0,0.1328,0.0682,0.2459,0.7042,174.0,2.0,1,credential_based_fraud,credential_stuffing,0,8,4,1,0,5,5,3,3,0
txn_5d2bda72ca55,4.72,0.4754,14,0,240,240,180,3,3,535.0,0.307,83.01,109.0,0.1328,0.0682,0.2459,0.7042,174.0,2.0,1,credential_based_fraud,credential_stuffing,2,8,4,1,0,5,5,3,3,0
txn_c9601ac22939,5.43,0.4755,14,0,240,240,1,3,3,535.0,0.307,83.01,109.0,0.1328,0.0682,0.2459,0.0,0.0,0.0,1,credential_based_fraud,credential_stuffing,0,8,4,1,0,4,4,1,3,0
txn_bac8dd6c3c62,4.72,0.6687,14,1,240,240,180,3,3,535.0,0.307,83.01,109.0,0.1328,0.0682,0.2459,0.7042,174.0,2.0,1,credential_based_fraud,credential_stuffing,3,8,4,1,0,4,5,0,3,0
txn_0a9cac9bd7c3,3.73,0.6107,14,0,240,240,180,3,3,535.0,0.307,83.01,109.0,0.1328,0.0682,0.2459,0.7042,174.0,2.0,1,credential_based_fraud,credential_stuffing,2,8,4,1,0,0,0,2,3,0
txn_8e52faaebc19,2.45,0.7203,14,0,240,240,180,3,3,535.0,0.307,83.01,109.0,0.1328,0.0682,0.2459,0.7042,174.0,2.0,1,credential_based_fraud,credential_stuffing,0,8,4,1,0,0,0,4,3,0
txn_8427430a2a62,7.06,0.8119,14,0,240,240,1,3,2,535.0,0.307,83.01,109.0,0.1328,0.0682,0.2459,0.0,0.0,0.0,1,credential_based_fraud,credential_stuffing,3,8,4,1,0,5,5,1,3,0
txn_5dea72cdae2f,4.05,0.7432,14,0,240,240,180,3,2,535.0,0.307,83.01,109.0,0.1328,0.0682,0.2459,0.7042,174.0,2.0,1,credential_based_fraud,credential_stuffing,0,8,4,1,0,2,2,0,3,0
txn_5bf9ac915610,7.29,0.5529,15,0,240,240,180,3,2,535.0,0.307,83.01,109.0,0.1328,0.0682,0.2459,0.7042,174.0,2.0,1,credential_based_fraud,credential_stuffing,1,8,4,1,0,1,1,0,3,0
txn_be609dfdcdec,3.54,0.6727,15,0,240,240,180,3,2,535.0,0.307,83.01,109.0,0.1328,0.0682,0.2459,0.7042,174.0,2.0,1,credential_based_fraud,credential_stuffing,0,8,4,1,0,3,3,2,3,0
txn_f44110ded01a,1.77,0.473,15,0,240,240,1,3,2,535.0,0.307,83.01,109.0,0.1328,0.0682,0.2459,0.0,0.0,0.0,1,credential_based_fraud,credential_stuffing,2,8,4,1,0,1,1,2,3,0
txn_48c51ab1fa4e,3.23,0.5234,15,0,240,240,180,3,2,535.0,0.307,83.01,109.0,0.1328,0.0682,0.2459,0.7042,174.0,2.0,1,credential_based_fraud,credential_stuffing,0,8,4,1,0,1,1,5,3,0
txn_652daad17fce,6.3,0.6538,15,0,240,240,180,3,2,535.0,0.307,83.01,109.0,0.1328,0.0682,0.2459,0.7042,174.0,2.0,1,credential_based_fraud,credential_stuffing,3,8,4,1,0,5,5,2,3,0
txn_210f4fb2d568,4.46,0.5984,15,0,240,240,180,3,2,535.0,0.307,83.01,109.0,0.1328,0.0682,0.2459,0.7042,174.0,2.0,1,credential_based_fraud,credential_stuffing,2,8,4,1,0,2,2,5,3,0
txn_db47e6dffd64,5.24,0.509,15,0,240,240,1,3,2,535.0,0.307,83.01,109.0,0.1328,0.0682,0.2459,0.0,0.0,0.0,1,credential_based_fraud,credential_stuffing,0,8,4,1,0,3,3,1,3,0
txn_9e20b2262643,5.99,0.739,15,0,240,240,180,3,2,535.0,0.307,83.01,109.0,0.1328,0.0682,0.2459,0.7042,174.0,2.0,1,credential_based_fraud,credential_stuffing,4,8,4,1,0,0,0,2,3,0
txn_8e1f8f384441,7.63,0.8015,15,0,240,240,180,3,2,535.0,0.307,83.01,109.0,0.1328,0.0682,0.2459,0.7042,174.0,2.0,1,credential_based_fraud,credential_stuffing,0,8,4,1,0,1,1,0,3,0
txn_c4fa95aa4250,4.77,0.597,15,0,240,240,180,3,2,535.0,0.307,83.01,109.0,0.1328,0.0682,0.2459,0.7042,174.0,2.0,1,credential_based_fraud,credential_stuffing,1,8,4,1,0,4,4,5,3,0
txn_3a609a7a0c15,5.13,0.5977,15,0,240,240,1,3,2,535.0,0.307,83.01,109.0,0.1328,0.0682,0.2459,0.0,0.0,0.0,1,credential_based_fraud,credential_stuffing,0,8,4,1,0,4,4,4,3,0
txn_2e7487e37a2f,3.82,0.7348,15,0,240,240,180,3,2,535.0,0.307,83.01,109.0,0.1328,0.0682,0.2459,0.7042,174.0,2.0,1,credential_based_fraud,credential_stuffing,4,8,4,1,0,5,5,6,3,0
txn_b8162f81b624,7.4,0.7599,15,0,240,240,180,3,2,535.0,0.307,83.01,109.0,0.1328,0.0682,0.2459,0.7042,174.0,2.0,1,credential_based_fraud,credential_stuffing,2,8,4,1,0,4,4,5,3,0
txn_b5046b959684,7.01,0.4954,15,1,240,240,180,3,2,535.0,0.307,83.01,109.0,0.1328,0.0682,0.2459,0.7042,174.0,2.0,1,credential_based_fraud,credential_stuffing,4,8,4,1,0,5,4,5,3,0
txn_f90091ec3a42,1.77,0.7719,15,0,240,240,1,3,2,535.0,0.307,83.01,109.0,0.1328,0.0682,0.2459,0.0,0.0,0.0,1,credential_based_fraud,credential_stuffing,4,8,4,1,0,2,2,2,3,0
txn_cd4b13bf9be3,7.04,0.4623,15,0,240,240,180,3,2,535.0,0.307,83.01,109.0,0.1328,0.0682,0.2459,0.7042,174.0,2.0,1,credential_based_fraud,credential_stuffing,0,8,4,1,0,5,5,3,3,0
txn_32c386a41278,2.13,0.5218,15,1,240,240,180,3,2,535.0,0.307,83.01,109.0,0.1328,0.0682,0.2459,0.7042,174.0,2.0,1,credential_based_fraud,credential_stuffing,0,8,4,1,0,2,5,5,3,0
txn_42b64c85c970,3.02,0.6393,15,0,240,240,180,3,2,535.0,0.307,83.01,109.0,0.1328,0.0682,0.2459,0.7042,174.0,2.0,1,credential_based_fraud,credential_stuffing,3,8,4,1,0,4,4,1,3,0
txn_b69bc848117a,3.18,0.5434,15,0,240,240,1,3,2,535.0,0.307,83.01,109.0,0.1328,0.0682,0.2459,0.0,0.0,0.0,1,credential_based_fraud,credential_stuffing,0,8,4,1,0,1,1,0,3,0
txn_9e34ec8e08de,5.8,0.7817,15,0,240,240,180,3,1,535.0,0.307,83.01,109.0,0.1328,0.0682,0.2459,0.7042,174.0,2.0,1,credential_based_fraud,credential_stuffing,1,8,4,1,0,4,4,1,3,0
txn_8b59386402d1,6.87,0.4982,15,0,240,240,180,3,1,535.0,0.307,83.01,109.0,0.1328,0.0682,0.2459,0.7042,174.0,2.0,1,credential_based_fraud,credential_stuffing,1,8,4,1,1,5,5,3,3,1
txn_0fc63e365e5d,2.13,0.63,15,0,240,240,180,3,1,535.0,0.307,83.01,109.0,0.1328,0.0682,0.2459,0.7042,174.0,2.0,1,credential_based_fraud,credential_stuffing,1,8,4,1,0,4,4,5,3,0
txn_31322c09782d,4.46,0.5667,16,0,240,240,1,3,1,535.0,0.307,83.01,109.0,0.1328,0.0682,0.2459,0.0,0.0,0.0,1,credential_based_fraud,credential_stuffing,2,8,4,1,0,4,4,6,3,0
txn_df720616df98,6.1,0.5914,16,0,240,240,180,3,1,535.0,0.307,83.01,109.0,0.1328,0.0682,0.2459,0.7042,174.0,2.0,1,credential_based_fraud,credential_stuffing,4,8,4,1,0,5,5,1,3,0
txn_ab1df4a67fd2,2.86,0.6693,16,0,240,240,180,3,1,535.0,0.307,83.01,109.0,0.1328,0.0682,0.2459,0.7042,174.0,2.0,1,credential_based_fraud,credential_stuffing,2,8,4,1,0,0,0,4,3,0
txn_5d7ede0dabaa,7.63,0.834,16,0,240,240,180,3,1,535.0,0.307,83.01,109.0,0.1328,0.0682,0.2459,0.7042,174.0,2.0,1,credential_based_fraud,credential_stuffing,4,8,4,1,0,3,3,4,3,0
txn_e2c47d0bfd15,3.62,0.7649,16,0,240,240,1,3,1,535.0,0.307,83.01,109.0,0.1328,0.0682,0.2459,0.0,0.0,0.0,1,credential_based_fraud,credential_stuffing,1,8,4,1,0,2,2,3,3,0
txn_4ec3aaff027c,2.33,0.6227,16,0,240,240,180,3,1,535.0,0.307,83.01,109.0,0.1328,0.0682,0.2459,0.7042,174.0,2.0,1,credential_based_fraud,credential_stuffing,3,8,4,1,0,0,0,2,3,0
txn_2aa84571aa14,1.8,0.5475,16,0,240,240,180,3,1,535.0,0.307,83.01,109.0,0.1328,0.0682,0.2459,0.7042,174.0,2.0,1,credential_based_fraud,credential_stuffing,1,8,4,1,0,4,4,5,3,0
txn_6f59d4943383,3.08,0.7642,16,0,240,240,180,3,1,535.0,0.307,83.01,109.0,0.1328,0.0682,0.2459,0.7042,174.0,2.0,1,credential_based_fraud,credential_stuffing,1,8,4,1,0,5,5,5,3,0
txn_11208d479667,4.16,0.6874,16,1,240,240,1,3,1,535.0,0.307,83.01,109.0,0.1328,0.0682,0.2459,0.0,0.0,0.0,1,credential_based_fraud,credential_stuffing,3,8,4,1,0,1,0,4,3,0
txn_6e5b61aa7b01,4.86,0.5463,16,0,240,240,180,3,1,535.0,0.307,83.01,109.0,0.1328,0.0682,0.2459,0.7042,174.0,2.0,1,credential_based_fraud,credential_stuffing,3,8,4,1,0,4,4,5,3,0
txn_e42df84f0656,6.69,0.6793,16,0,240,240,180,3,1,535.0,0.307,83.01,109.0,0.1328,0.0682,0.2459,0.7042,174.0,2.0,1,credential_based_fraud,credential_stuffing,4,8,4,1,0,0,0,0,3,0
txn_7612a71272e1,2.68,0.6141,16,0,240,240,180,3,1,535.0,0.307,83.01,109.0,0.1328,0.0682,0.2459,0.7042,174.0,2.0,1,credential_based_fraud,credential_stuffing,2,8,4,1,0,1,1,6,3,0
txn_5686d5c82803,7.04,0.6134,16,0,240,240,1,3,1,535.0,0.307,83.01,109.0,0.1328,0.0682,0.2459,0.0,0.0,0.0,1,credential_based_fraud,credential_stuffing,0,8,4,1,0,3,3,6,3,0
txn_3c8f72b55b28,0.92,0.7195,16,0,240,240,180,3,1,535.0,0.307,83.01,109.0,0.1328,0.0682,0.2459,0.7042,174.0,2.0,1,credential_based_fraud,credential_stuffing,4,8,4,1,0,2,2,6,3,0
txn_0367d2e27aa4,6.6,0.6412,16,0,240,240,180,3,1,535.0,0.307,83.01,109.0,0.1328,0.0682,0.2459,0.7042,174.0,2.0,1,credential_based_fraud,credential_stuffing,2,8,4,1,0,0,0,2,3,0
txn_09a92c79197f,6.73,0.5628,16,0,240,240,180,3,1,535.0,0.307,83.01,109.0,0.1328,0.0682,0.2459,0.7042,174.0,2.0,1,credential_based_fraud,credential_stuffing,4,8,4,1,0,0,0,3,3,0
txn_bb905128e804,6.83,0.7275,16,0,240,240,1,3,1,535.0,0.307,83.01,109.0,0.1328,0.0682,0.2459,0.0,0.0,0.0,1,credential_based_fraud,credential_stuffing,1,8,4,1,0,4,4,0,3,0
txn_f567bcf702bd,0.77,0.4688,16,0,240,240,180,3,1,535.0,0.307,83.01,109.0,0.1328,0.0682,0.2459,0.7042,174.0,2.0,1,credential_based_fraud,credential_stuffing,3,8,4,1,0,3,3,3,3,0
txn_d415a1446c65,3.32,0.6347,16,0,240,240,180,3,1,535.0,0.307,83.01,109.0,0.1328,0.0682,0.2459,0.7042,174.0,2.0,1,credential_based_fraud,credential_stuffing,1,8,4,1,0,1,1,1,3,0
txn_31324f240de8,4.35,0.7706,16,0,240,240,180,3,1,535.0,0.307,83.01,109.0,0.1328,0.0682,0.2459,0.7042,174.0,2.0,1,credential_based_fraud,credential_stuffing,0,8,4,1,0,1,1,2,3,0
txn_67abf2ca502f,1.46,0.5514,16,0,240,240,1,3,1,535.0,0.307,83.01,109.0,0.1328,0.0682,0.2459,0.0,0.0,0.0,1,credential_based_fraud,credential_stuffing,2,8,4,1,0,4,4,3,3,0
txn_2b28e900954e,4.9,0.4576,17,0,240,240,180,3,1,535.0,0.307,83.01,109.0,0.1328,0.0682,0.2459,0.7042,174.0,2.0,1,credential_based_fraud,credential_stuffing,3,8,4,1,0,2,2,3,3,0
txn_a5568873dd86,3.12,0.4575,17,0,240,240,180,3,1,535.0,0.307,83.01,109.0,0.1328,0.0682,0.2459,0.7042,174.0,2.0,1,credential_based_fraud,credential_stuffing,3,8,4,1,0,5,5,5,3,0
txn_bdf3a15ad759,2.72,0.5906,17,0,240,240,180,3,1,535.0,0.307,83.01,109.0,0.1328,0.0682,0.2459,0.7042,174.0,2.0,1,credential_based_fraud,credential_stuffing,3,8,4,1,0,5,5,0,3,0
txn_f29b425b5d76,3.86,0.8379,17,0,240,240,1,3,1,535.0,0.307,83.01,109.0,0.1328,0.0682,0.2459,0.0,0.0,0.0,1,credential_based_fraud,credential_stuffing,1,8,4,1,0,2,2,5,3,0
txn_4ecd913bdb61,7.49,0.4553,17,0,240,240,180,3,1,535.0,0.307,83.01,109.0,0.1328,0.0682,0.2459,0.7042,174.0,2.0,1,credential_based_fraud,credential_stuffing,3,8,4,1,0,4,4,4,3,0
txn_e24f1a2a0ec7,0.66,0.754,17,0,240,240,180,3,1,535.0,0.307,83.01,109.0,0.1328,0.0682,0.2459,0.7042,174.0,2.0,1,credential_based_fraud,credential_stuffing,0,8,4,1,0,4,4,5,3,0
txn_d1f2ffe927d4,1.87,0.7426,17,0,240,240,180,3,1,535.0,0.307,83.01,109.0,0.1328,0.0682,0.2459,0.7042,174.0,2.0,1,credential_based_fraud,credential_stuffing,3,8,4,1,0,2,2,6,3,0
txn_881db55cac0c,1.35,0.5305,17,0,240,240,1,3,1,535.0,0.307,83.01,109.0,0.1328,0.0682,0.2459,0.0,0.0,0.0,1,credential_based_fraud,credential_stuffing,1,8,4,1,0,4,4,0,3,0
txn_561cc8ab643f,7.19,0.8039,17,0,240,240,180,3,1,535.0,0.307,83.01,109.0,0.1328,0.0682,0.2459,0.7042,174.0,2.0,1,credential_based_fraud,credential_stuffing,3,8,4,1,0,2,2,3,3,0
txn_11817ac9f23d,3.11,0.4864,17,0,240,240,180,3,1,535.0,0.307,83.01,109.0,0.1328,0.0682,0.2459,0.7042,174.0,2.0,1,credential_based_fraud,credential_stuffing,2,8,4,1,0,3,3,2,3,0
txn_147bc04ee9b8,7.89,0.7469,17,0,240,240,180,3,1,535.0,0.307,83.01,109.0,0.1328,0.0682,0.2459,0.7042,174.0,2.0,1,credential_based_fraud,credential_stuffing,2,8,4,1,0,2,2,1,3,0
txn_c997a413bd40,6.99,0.7436,17,0,240,240,1,3,1,535.0,0.307,83.01,109.0,0.1328,0.0682,0.2459,0.0,0.0,0.0,1,credential_based_fraud,credential_stuffing,2,8,4,1,0,4,4,4,3,0
txn_2e41dc01d699,5.74,0.5732,17,0,240,240,180,3,1,535.0,0.307,83.01,109.0,0.1328,0.0682,0.2459,0.7042,174.0,2.0,1,credential_based_fraud,credential_stuffing,2,8,4,1,0,4,4,4,3,0
txn_357afdd1cabc,7.22,0.7,17,0,240,240,180,3,1,535.0,0.307,83.01,109.0,0.1328,0.0682,0.2459,0.7042,174.0,2.0,1,credential_based_fraud,credential_stuffing,0,8,4,1,0,5,5,0,3,0
txn_76612cfe03e4,7.62,0.4677,17,0,240,240,180,3,1,535.0,0.307,83.01,109.0,0.1328,0.0682,0.2459,0.7042,174.0,2.0,1,credential_based_fraud,credential_stuffing,1,8,4,1,0,2,2,2,3,0
txn_a76ae195bfe3,3.82,0.7099,17,1,240,240,1,3,1,535.0,0.307,83.01,109.0,0.1328,0.0682,0.2459,0.0,0.0,0.0,1,credential_based_fraud,credential_stuffing,1,8,4,1,0,0,1,2,3,0
txn_c8373c2ad20e,3.94,0.7536,17,0,240,240,180,3,1,535.0,0.307,83.01,109.0,0.1328,0.0682,0.2459,0.7042,174.0,2.0,1,credential_based_fraud,credential_stuffing,0,8,4,1,0,3,3,4,3,0
txn_68e96ffbba7d,5.0,0.75,17,0,240,240,180,3,1,535.0,0.307,83.01,109.0,0.1328,0.0682,0.2459,0.7042,174.0,2.0,1,credential_based_fraud,credential_stuffing,1,8,4,1,0,4,4,5,3,0
txn_7f64df799ddd,5.01,0.5323,17,0,240,240,180,3,1,535.0,0.307,83.01,109.0,0.1328,0.0682,0.2459,0.7042,174.0,2.0,1,credential_based_fraud,credential_stuffing,2,8,4,1,0,2,2,5,3,0
txn_452bddd916e5,0.84,0.8314,17,0,240,240,1,3,1,535.0,0.307,83.01,109.0,0.1328,0.0682,0.2459,0.0,0.0,0.0,1,credential_based_fraud,credential_stuffing,2,8,4,1,0,1,1,4,3,0
txn_46115213fe86,0.72,0.6154,17,0,240,240,180,3,1,535.0,0.307,83.01,109.0,0.1328,0.0682,0.2459,0.7042,174.0,2.0,1,credential_based_fraud,credential_stuffing,1,8,4,1,0,2,2,3,3,0
txn_20f32597a5b7,7.6,0.8319,17,0,240,240,180,3,1,535.0,0.307,83.01,109.0,0.1328,0.0682,0.2459,0.7042,174.0,2.0,1,credential_based_fraud,credential_stuffing,2,8,4,1,0,1,1,6,3,0
txn_7eb126743f40,0.56,0.6864,18,0,240,240,180,3,1,535.0,0.307,83.01,109.0,0.1328,0.0682,0.2459,0.7042,174.0,2.0,1,credential_based_fraud,credential_stuffing,3,8,4,1,0,4,4,3,3,0
txn_330df930a529,3.27,0.5382,18,0,240,240,1,3,1,535.0,0.307,83.01,109.0,0.1328,0.0682,0.2459,0.0,0.0,0.0,1,credential_based_fraud,credential_stuffing,3,8,4,1,0,4,4,5,3,0
txn_9fbb7a8c6c02,2.95,0.5562,18,0,240,240,180,3,1,535.0,0.307,83.01,109.0,0.1328,0.0682,0.2459,0.7042,174.0,2.0,1,credential_based_fraud,credential_stuffing,2,8,4,1,0,5,5,4,3,0
txn_bf572856c46e,5.11,0.7513,18,0,240,240,180,3,1,535.0,0.307,83.01,109.0,0.1328,0.0682,0.2459,0.7042,174.0,2.0,1,credential_based_fraud,credential_stuffing,3,8,4,1,0,3,3,4,3,0
txn_f9829e3a4cd8,5.54,0.6284,18,0,240,240,180,3,1,535.0,0.307,83.01,109.0,0.1328,0.0682,0.2459,0.7042,174.0,2.0,1,credential_based_fraud,credential_stuffing,4,8,4,1,0,1,1,1,3,0
txn_1bff182323e7,4.57,0.7222,18,0,240,240,1,3,1,535.0,0.307,83.01,109.0,0.1328,0.0682,0.2459,0.0,0.0,0.0,1,credential_based_fraud,credential_stuffing,2,8,4,1,0,3,3,4,3,0
txn_a5b3b0c6e067,4.46,0.6146,18,1,240,240,180,3,1,535.0,0.307,83.01,109.0,0.1328,0.0682,0.2459,0.7042,174.0,2.0,1,credential_based_fraud,credential_stuffing,1,8,4,1,0,0,3,0,3,0
txn_c1578ec2b2ee,0.73,0.7301,18,0,240,240,180,3,1,535.0,0.307,83.01,109.0,0.1328,0.0682,0.2459,0.7042,174.0,2.0,1,credential_based_fraud,credential_stuffing,1,8,4,1,0,0,0,2,3,0
txn_e54d5c261bf4,4.88,0.7772,18,0,240,240,180,3,1,535.0,0.307,83.01,109.0,0.1328,0.0682,0.2459,0.7042,174.0,2.0,1,credential_based_fraud,credential_stuffing,0,8,4,1,0,3,3,4,3,0
txn_275b54ac2a3b,4.82,0.5699,18,0,240,240,1,3,1,535.0,0.307,83.01,109.0,0.1328,0.0682,0.2459,0.0,0.0,0.0,1,credential_based_fraud,credential_stuffing,0,8,4,1,0,2,2,4,3,0
txn_87090718091f,4.15,0.6639,18,0,240,240,180,3,1,535.0,0.307,83.01,109.0,0.1328,0.0682,0.2459,0.7042,174.0,2.0,1,credential_based_fraud,credential_stuffing,2,8,4,1,0,1,1,3,3,0
txn_50fc4a0e8940,7.93,0.718,18,0,240,240,180,3,1,535.0,0.307,83.01,109.0,0.1328,0.0682,0.2459,0.7042,174.0,2.0,1,credential_based_fraud,credential_stuffing,4,8,4,1,0,1,1,3,3,0
txn_f9015514b0d8,3.45,0.8081,18,0,240,240,180,3,1,535.0,0.307,83.01,109.0,0.1328,0.0682,0.2459,0.7042,174.0,2.0,1,credential_based_fraud,credential_stuffing,3,8,4,1,0,2,2,3,3,0
txn_c6d21afe6c98,0.63,0.5738,18,0,240,240,1,3,1,535.0,0.307,83.01,109.0,0.1328,0.0682,0.2459,0.0,0.0,0.0,1,credential_based_fraud,credential_stuffing,2,8,4,1,1,3,3,3,3,1
txn_1005d225a300,3.81,0.8336,18,0,240,240,180,3,1,535.0,0.307,83.01,109.0,0.1328,0.0682,0.2459,0.7042,174.0,2.0,1,credential_based_fraud,credential_stuffing,0,8,4,1,0,3,3,3,3,0
txn_9cf3b52e143e,3.93,0.5974,18,0,240,240,180,3,1,535.0,0.307,83.01,109.0,0.1328,0.0682,0.2459,0.7042,174.0,2.0,1,credential_based_fraud,credential_stuffing,0,8,4,1,0,5,5,1,3,0
txn_01d285a7fdd5,0.72,0.7537,18,1,240,240,180,3,1,535.0,0.307,83.01,109.0,0.1328,0.0682,0.2459,0.7042,174.0,2.0,1,credential_based_fraud,credential_stuffing,0,8,4,1,0,3,4,0,3,0
txn_e8bd725fbc2e,4.94,0.7962,18,0,240,240,1,3,1,535.0,0.307,83.01,109.0,0.1328,0.0682,0.2459,0.0,0.0,0.0,1,credential_based_fraud,credential_stuffing,2,8,4,1,0,2,2,6,3,0
txn_3bc3a14f63b2,4.94,0.5158,18,0,240,240,180,3,1,535.0,0.307,83.01,109.0,0.1328,0.0682,0.2459,0.7042,174.0,2.0,1,credential_based_fraud,credential_stuffing,1,8,4,1,0,2,2,3,3,0
txn_9ad28a80cea7,1.99,0.7641,18,0,240,240,180,3,1,535.0,0.307,83.01,109.0,0.1328,0.0682,0.2459,0.7042,174.0,2.0,1,credential_based_fraud,credential_stuffing,1,8,4,1,0,3,3,6,3,0
txn_90403467f3e8,6.67,0.6246,18,0,240,240,180,3,1,535.0,0.307,83.01,109.0,0.1328,0.0682,0.2459,0.7042,174.0,2.0,1,credential_based_fraud,credential_stuffing,0,8,4,1,0,1,1,5,3,0
txn_6bcbff21d47d,3.82,0.6588,18,0,240,240,1,3,1,535.0,0.307,83.01,109.0,0.1328,0.0682,0.2459,0.0,0.0,0.0,1,credential_based_fraud,credential_stuffing,2,8,4,1,0,2,2,0,3,0
txn_8bf89876a64c,3.98,0.4689,19,0,240,240,180,3,1,535.0,0.307,83.01,109.0,0.1328,0.0682,0.2459,0.7042,174.0,2.0,1,credential_based_fraud,credential_stuffing,2,8,4,1,0,5,5,5,3,0
txn_66e9ef1eff48,0.76,0.8325,19,0,240,240,180,3,1,535.0,0.307,83.01,109.0,0.1328,0.0682,0.2459,0.7042,174.0,2.0,1,credential_based_fraud,credential_stuffing,0,8,4,1,0,2,2,0,3,0
txn_e60c35062695,5.67,0.4838,19,0,240,240,180,3,1,535.0,0.307,83.01,109.0,0.1328,0.0682,0.2459,0.7042,174.0,2.0,1,credential_based_fraud,credential_stuffing,4,8,4,1,0,1,1,1,3,0
txn_7735091bd4a9,4.7,0.59,19,0,240,240,1,3,1,535.0,0.307,83.01,109.0,0.1328,0.0682,0.2459,0.0,0.0,0.0,1,credential_based_fraud,credential_stuffing,3,8,4,1,0,2,2,4,3,0
txn_8069948f61e8,1.59,0.5404,19,0,240,240,180,3,1,535.0,0.307,83.01,109.0,0.1328,0.0682,0.2459,0.7042,174.0,2.0,1,credential_based_fraud,credential_stuffing,4,8,4,1,0,3,3,2,3,0
txn_073d9e1b2c0d,2.77,0.7028,19,0,240,240,180,3,1,535.0,0.307,83.01,109.0,0.1328,0.0682,0.2459,0.7042,174.0,2.0,1,credential_based_fraud,credential_stuffing,1,8,4,1,0,1,1,3,3,0
txn_1b9389b28581,3.9,0.6707,19,0,240,240,180,3,1,535.0,0.307,83.01,109.0,0.1328,0.0682,0.2459,0.7042,174.0,2.0,1,credential_based_fraud,credential_stuffing,0,8,4,1,0,3,3,0,3,0
txn_212ce5c6f9c6,2.99,0.5273,19,0,240,240,1,3,1,535.0,0.307,83.01,109.0,0.1328,0.0682,0.2459,0.0,0.0,0.0,1,credential_based_fraud,credential_stuffing,4,8,4,1,0,2,2,2,3,0
txn_c16307c4241e,0.92,0.6608,19,0,240,240,180,3,1,535.0,0.307,83.01,109.0,0.1328,0.0682,0.2459,0.7042,174.0,2.0,1,credential_based_fraud,credential_stuffing,4,8,4,1,0,4,4,3,3,0
txn_c2ab51fbafdb,5.77,0.809,19,0,240,240,180,3,1,535.0,0.307,83.01,109.0,0.1328,0.0682,0.2459,0.7042,174.0,2.0,1,credential_based_fraud,credential_stuffing,0,8,4,1,0,5,5,4,3,0
txn_a6795f286ccd,6.55,0.6738,19,0,240,240,180,3,1,535.0,0.307,83.01,109.0,0.1328,0.0682,0.2459,0.7042,174.0,2.0,1,credential_based_fraud,credential_stuffing,4,8,4,1,1,1,1,6,3,1
txn_2d7fe269a978,2.33,0.6599,19,0,240,240,1,3,1,535.0,0.307,83.01,109.0,0.1328,0.0682,0.2459,0.0,0.0,0.0,1,credential_based_fraud,credential_stuffing,0,8,4,1,0,1,1,0,3,0
txn_e18d41f072e5,2.43,0.7443,19,0,240,240,180,3,1,535.0,0.307,83.01,109.0,0.1328,0.0682,0.2459,0.7042,174.0,2.0,1,credential_based_fraud,credential_stuffing,0,8,4,1,0,2,2,6,3,0
txn_bc07db28ff91,1.51,0.6125,19,0,240,240,180,3,1,535.0,0.307,83.01,109.0,0.1328,0.0682,0.2459,0.7042,174.0,2.0,1,credential_based_fraud,credential_stuffing,2,8,4,1,0,3,3,1,3,0
txn_1e57835b51d0,4.54,0.4781,19,0,240,240,180,3,1,535.0,0.307,83.01,109.0,0.1328,0.0682,0.2459,0.7042,174.0,2.0,1,credential_based_fraud,credential_stuffing,4,8,4,1,0,5,5,6,3,0
txn_6e63d7c1d8cd,3.98,0.7295,19,0,240,240,1,3,1,535.0,0.307,83.01,109.0,0.1328,0.0682,0.2459,0.0,0.0,0.0,1,credential_based_fraud,credential_stuffing,0,8,4,1,0,4,4,4,3,0
txn_f22580d09552,1.4,0.6806,19,0,240,240,180,3,1,535.0,0.307,83.01,109.0,0.1328,0.0682,0.2459,0.7042,174.0,2.0,1,credential_based_fraud,credential_stuffing,4,8,4,1,0,0,0,6,3,0
txn_51d2ac4b80a5,5.23,0.6429,19,0,240,240,180,3,1,535.0,0.307,83.01,109.0,0.1328,0.0682,0.2459,0.7042,174.0,2.0,1,credential_based_fraud,credential_stuffing,2,8,4,1,0,4,4,4,3,0
txn_37ae05406d7f,5.75,0.7812,19,0,240,240,180,3,1,535.0,0.307,83.01,109.0,0.1328,0.0682,0.2459,0.7042,174.0,2.0,1,credential_based_fraud,credential_stuffing,1,8,4,1,0,3,3,4,3,0
txn_69a961115224,4.81,0.5627,19,0,240,240,1,3,1,535.0,0.307,83.01,109.0,0.1328,0.0682,0.2459,0.0,0.0,0.0,1,credential_based_fraud,credential_stuffing,4,8,4,1,0,1,1,1,3,0
txn_cb247d892602,1.99,0.5755,19,0,240,240,180,3,1,535.0,0.307,83.01,109.0,0.1328,0.0682,0.2459,0.7042,174.0,2.0,1,credential_based_fraud,credential_stuffing,4,8,4,1,1,1,1,3,3,1
txn_0ef3e9f424c5,3.8,0.7045,19,0,240,240,180,3,1,535.0,0.307,83.01,109.0,0.1328,0.0682,0.2459,0.7042,174.0,2.0,1,credential_based_fraud,credential_stuffing,0,8,4,1,0,3,3,1,3,0
txn_345fa6571a12,6.38,0.4567,20,0,240,240,180,3,1,535.0,0.307,83.01,109.0,0.1328,0.0682,0.2459,0.7042,174.0,2.0,1,credential_based_fraud,credential_stuffing,4,8,4,1,0,3,3,1,3,0
txn_ce1450a2059e,6.7,0.7945,20,0,240,240,1,3,1,535.0,0.307,83.01,109.0,0.1328,0.0682,0.2459,0.0,0.0,0.0,1,credential_based_fraud,credential_stuffing,3,8,4,1,0,2,2,6,3,0
txn_b2937fd03d99,7.0,0.6162,20,1,240,240,180,3,1,535.0,0.307,83.01,109.0,0.1328,0.0682,0.2459,0.7042,174.0,2.0,1,credential_based_fraud,credential_stuffing,4,8,4,1,0,1,3,1,3,0
txn_daca9aa23b79,5.79,0.5469,20,0,240,240,180,3,1,535.0,0.307,83.01,109.0,0.1328,0.0682,0.2459,0.7042,174.0,2.0,1,credential_based_fraud,credential_stuffing,2,8,4,1,0,2,2,3,3,0
txn_e582ef81d7b6,2.77,0.746,20,0,240,240,180,3,1,535.0,0.307,83.01,109.0,0.1328,0.0682,0.2459,0.7042,174.0,2.0,1,credential_based_fraud,credential_stuffing,4,8,4,1,1,3,3,4,3,1
txn_8af6242ff293,6.35,0.8076,20,0,240,240,1,3,1,535.0,0.307,83.01,109.0,0.1328,0.0682,0.2459,0.0,0.0,0.0,1,credential_based_fraud,credential_stuffing,3,8,4,1,0,3,3,2,3,0
txn_3f4d9bdfde93,3.51,0.6756,20,0,240,240,180,3,1,535.0,0.307,83.01,109.0,0.1328,0.0682,0.2459,0.7042,174.0,2.0,1,credential_based_fraud,credential_stuffing,4,8,4,1,0,2,2,3,3,0
txn_fef733c3ba10,1.89,0.5592,20,0,240,240,180,3,1,535.0,0.307,83.01,109.0,0.1328,0.0682,0.2459,0.7042,174.0,2.0,1,credential_based_fraud,credential_stuffing,0,8,4,1,0,2,2,2,3,0
txn_3dda6f3773fc,7.66,0.5997,20,0,240,240,180,3,1,535.0,0.307,83.01,109.0,0.1328,0.0682,0.2459,0.7042,174.0,2.0,1,credential_based_fraud,credential_stuffing,2,8,4,1,0,5,5,0,3,0
txn_1122dc5161a0,1.65,0.5164,20,0,240,240,1,3,1,535.0,0.307,83.01,109.0,0.1328,0.0682,0.2459,0.0,0.0,0.0,1,credential_based_fraud,credential_stuffing,3,8,4,1,0,4,4,2,3,0
txn_a798f9fa39ed,4.64,0.7996,20,0,240,240,180,3,1,535.0,0.307,83.01,109.0,0.1328,0.0682,0.2459,0.7042,174.0,2.0,1,credential_based_fraud,credential_stuffing,4,8,4,1,0,3,3,2,3,0
txn_12fc7df717d4,1.02,0.5265,20,0,240,240,180,3,1,535.0,0.307,83.01,109.0,0.1328,0.0682,0.2459,0.7042,174.0,2.0,1,credential_based_fraud,credential_stuffing,0,8,4,1,0,1,1,1,3,0
txn_1e1bf63bbed0,1.58,0.4898,20,0,240,240,180,3,1,535.0,0.307,83.01,109.0,0.1328,0.0682,0.2459,0.7042,174.0,2.0,1,credential_based_fraud,credential_stuffing,1,8,4,1,0,0,0,3,3,0
txn_873f716c84bf,2.91,0.6534,20,0,240,240,1,3,1,535.0,0.307,83.01,109.0,0.1328,0.0682,0.2459,0.0,0.0,0.0,1,credential_based_fraud,credential_stuffing,1,8,4,1,0,0,0,3,3,0
txn_8819876a2463,3.02,0.7763,20,0,240,240,180,3,1,535.0,0.307,83.01,109.0,0.1328,0.0682,0.2459,0.7042,174.0,2.0,1,credential_based_fraud,credential_stuffing,3,8,4,1,0,2,2,5,3,0
txn_c62c97746a94,1.05,0.6155,20,0,240,240,180,3,1,535.0,0.307,83.01,109.0,0.1328,0.0682,0.2459,0.7042,174.0,2.0,1,credential_based_fraud,credential_stuffing,0,8,4,1,0,4,4,5,3,0
txn_fa82c7340472,6.22,0.6722,20,0,240,240,180,3,1,535.0,0.307,83.01,109.0,0.1328,0.0682,0.2459,0.7042,174.0,2.0,1,credential_based_fraud,credential_stuffing,4,8,4,1,0,1,1,1,3,0
txn_2dad31716778,6.99,0.6676,9,0,38,38,38,3,6,668.0,0.1646,272.67,45.0,0.224,0.0236,0.072,0.482,134.0,2.0,1,identity_onboarding_fraud,fraudulent_merchant_onboarding,4,7,1,1,0,0,0,2,1,0
txn_ea6f4c49ae77,24.24,0.7266,10,0,38,38,38,3,7,668.0,0.1646,272.67,45.0,0.224,0.0236,0.072,0.482,134.0,2.0,1,identity_onboarding_fraud,fraudulent_merchant_onboarding,1,7,1,1,0,0,0,2,1,0
txn_2d887b0a6db1,30.42,0.6274,11,0,38,38,38,3,8,668.0,0.1646,272.67,45.0,0.224,0.0236,0.072,0.482,134.0,2.0,1,identity_onboarding_fraud,fraudulent_merchant_onboarding,0,7,1,1,0,4,4,3,2,0
txn_f6af2a18adcd,67.41,0.6284,12,0,38,38,38,3,9,668.0,0.1646,272.67,45.0,0.224,0.0236,0.072,0.482,134.0,2.0,1,identity_onboarding_fraud,fraudulent_merchant_onboarding,1,7,1,1,0,2,2,6,1,0
txn_eca8f2d5a332,37.87,0.5525,13,1,38,38,38,3,10,668.0,0.1646,272.67,45.0,0.224,0.0236,0.072,0.482,134.0,2.0,1,identity_onboarding_fraud,fraudulent_merchant_onboarding,3,7,1,1,0,5,0,0,2,0
txn_a4b71e4f5b82,58.48,0.5255,14,0,38,38,38,3,10,668.0,0.1646,272.67,45.0,0.224,0.0236,0.072,0.482,134.0,2.0,1,identity_onboarding_fraud,fraudulent_merchant_onboarding,4,7,1,1,0,2,2,2,2,0
txn_df7ec3cc5251,20.95,0.6347,15,0,38,38,38,3,11,668.0,0.1646,272.67,45.0,0.224,0.0236,0.072,0.482,134.0,2.0,1,identity_onboarding_fraud,fraudulent_merchant_onboarding,3,7,1,1,0,2,2,3,2,0
txn_2b36d24328e3,70.69,0.5571,17,0,38,38,38,3,12,668.0,0.1646,272.67,45.0,0.224,0.0236,0.072,0.482,134.0,2.0,1,identity_onboarding_fraud,fraudulent_merchant_onboarding,1,7,1,1,0,5,5,2,2,0
txn_cb3f17e25231,204.33,0.4613,18,0,38,38,38,3,13,668.0,0.1646,272.67,45.0,0.224,0.0236,0.072,0.482,134.0,2.0,1,identity_onboarding_fraud,fraudulent_merchant_onboarding,3,7,1,1,0,5,5,1,2,0
txn_5f22846f7341,7.0,0.7383,19,0,38,38,38,3,14,668.0,0.1646,272.67,45.0,0.224,0.0236,0.072,0.482,134.0,2.0,1,identity_onboarding_fraud,fraudulent_merchant_onboarding,3,7,1,1,0,5,5,0,1,0
txn_57115b86b4b3,146.11,0.5243,20,0,38,38,38,3,15,668.0,0.1646,272.67,45.0,0.224,0.0236,0.072,0.482,134.0,2.0,1,identity_onboarding_fraud,fraudulent_merchant_onboarding,2,7,1,1,0,0,0,5,1,0
txn_d4553cf313de,13.61,0.6547,21,0,38,38,38,3,16,668.0,0.1646,272.67,45.0,0.224,0.0236,0.072,0.482,134.0,2.0,1,identity_onboarding_fraud,fraudulent_merchant_onboarding,4,7,1,1,0,0,0,0,2,0
txn_8831afc8b4f7,22.74,0.5751,22,0,38,38,38,3,16,668.0,0.1646,272.67,45.0,0.224,0.0236,0.072,0.482,134.0,2.0,1,identity_onboarding_fraud,fraudulent_merchant_onboarding,0,7,1,1,0,3,3,5,2,0
txn_964710b11595,249.91,0.4957,23,0,38,38,38,3,16,668.0,0.1646,272.67,45.0,0.224,0.0236,0.072,0.482,134.0,2.0,1,identity_onboarding_fraud,fraudulent_merchant_onboarding,2,7,1,1,0,1,1,0,2,0
txn_4bdfc74f237b,61.94,0.7208,0,1,38,38,38,3,17,668.0,0.1646,272.67,45.0,0.224,0.0236,0.072,0.482,134.0,2.0,1,identity_onboarding_fraud,fraudulent_merchant_onboarding,0,7,1,1,0,2,0,0,2,0
txn_1c17e9deba97,23.94,0.7314,1,1,38,38,38,3,18,668.0,0.1646,272.67,45.0,0.224,0.0236,0.072,0.482,134.0,2.0,1,identity_onboarding_fraud,fraudulent_merchant_onboarding,1,7,1,1,0,0,3,5,1,0
txn_715617e22c30,29.62,0.5543,2,0,38,38,38,3,19,668.0,0.1646,272.67,45.0,0.224,0.0236,0.072,0.482,134.0,2.0,1,identity_onboarding_fraud,fraudulent_merchant_onboarding,4,7,1,1,0,2,2,3,1,0
txn_417f8e8f0f02,40.86,0.6829,3,0,38,38,38,3,20,668.0,0.1646,272.67,45.0,0.224,0.0236,0.072,0.482,134.0,2.0,1,identity_onboarding_fraud,fraudulent_merchant_onboarding,2,7,1,1,0,1,1,4,2,0
txn_9cdfcf147761,14.66,0.5467,4,0,38,38,38,3,21,668.0,0.1646,272.67,45.0,0.224,0.0236,0.072,0.482,134.0,2.0,1,identity_onboarding_fraud,fraudulent_merchant_onboarding,4,7,1,1,0,3,3,1,1,0
txn_797c1a15a7d1,59.02,0.8042,5,0,38,38,38,3,20,668.0,0.1646,272.67,45.0,0.224,0.0236,0.072,0.482,134.0,2.0,1,identity_onboarding_fraud,fraudulent_merchant_onboarding,4,7,1,1,0,1,1,4,2,0
txn_59f68a369b94,44.63,0.767,6,0,38,38,38,3,21,668.0,0.1646,272.67,45.0,0.224,0.0236,0.072,0.482,134.0,2.0,1,identity_onboarding_fraud,fraudulent_merchant_onboarding,1,7,1,1,0,4,4,4,2,0
txn_7a567bb5d30c,16.77,0.7236,7,0,38,38,38,3,20,668.0,0.1646,272.67,45.0,0.224,0.0236,0.072,0.482,134.0,2.0,1,identity_onboarding_fraud,fraudulent_merchant_onboarding,3,7,1,1,0,0,0,0,2,0
txn_d78ae7cefdef,193.1,0.4753,8,0,38,38,38,3,21,668.0,0.1646,272.67,45.0,0.224,0.0236,0.072,0.482,134.0,2.0,1,identity_onboarding_fraud,fraudulent_merchant_onboarding,2,7,1,1,0,0,0,4,1,0
txn_4e82c6032406,112.51,0.5471,9,0,38,38,38,3,20,668.0,0.1646,272.67,45.0,0.224,0.0236,0.072,0.482,134.0,2.0,1,identity_onboarding_fraud,fraudulent_merchant_onboarding,0,7,1,1,0,4,4,6,2,0
txn_47dae21132b3,54.97,0.7366,10,0,38,38,38,3,19,668.0,0.1646,272.67,45.0,0.224,0.0236,0.072,0.482,134.0,2.0,1,identity_onboarding_fraud,fraudulent_merchant_onboarding,4,7,1,1,0,5,5,3,2,0
txn_2e5e67a504d9,31.59,0.6874,11,0,38,38,38,3,16,668.0,0.1646,272.67,45.0,0.224,0.0236,0.072,0.482,134.0,2.0,1,identity_onboarding_fraud,fraudulent_merchant_onboarding,4,7,1,1,0,1,1,5,1,0
txn_67ccc2901a94,23.79,0.6727,12,0,38,38,38,3,15,668.0,0.1646,272.67,45.0,0.224,0.0236,0.072,0.482,134.0,2.0,1,identity_onboarding_fraud,fraudulent_merchant_onboarding,2,7,1,1,0,4,4,6,2,0
txn_3fb36fc06e93,240.83,0.5792,13,0,38,38,38,3,15,668.0,0.1646,272.67,45.0,0.224,0.0236,0.072,0.482,134.0,2.0,1,identity_onboarding_fraud,fraudulent_merchant_onboarding,3,7,1,1,0,1,1,1,2,0
txn_44e72d4a74fd,30.76,0.5204,14,0,38,38,38,3,14,668.0,0.1646,272.67,45.0,0.224,0.0236,0.072,0.482,134.0,2.0,1,identity_onboarding_fraud,fraudulent_merchant_onboarding,1,7,1,1,0,2,2,2,1,0
txn_60310483045a,37.2,0.5692,15,0,38,38,38,3,14,668.0,0.1646,272.67,45.0,0.224,0.0236,0.072,0.482,134.0,2.0,1,identity_onboarding_fraud,fraudulent_merchant_onboarding,0,7,1,1,0,4,4,3,2,0
txn_680ad65dae53,50.32,0.5407,16,0,38,38,38,3,13,668.0,0.1646,272.67,45.0,0.224,0.0236,0.072,0.482,134.0,2.0,1,identity_onboarding_fraud,fraudulent_merchant_onboarding,1,7,1,1,0,1,1,5,1,0
txn_3589b764b141,16.76,0.62,17,0,38,38,38,3,12,668.0,0.1646,272.67,45.0,0.224,0.0236,0.072,0.482,134.0,2.0,1,identity_onboarding_fraud,fraudulent_merchant_onboarding,1,7,1,1,0,4,4,0,2,0
txn_23d57c8ffa4b,29.05,0.5556,18,1,38,38,38,3,12,668.0,0.1646,272.67,45.0,0.224,0.0236,0.072,0.482,134.0,2.0,1,identity_onboarding_fraud,fraudulent_merchant_onboarding,3,7,1,1,0,5,0,3,1,0
txn_75edddf60d51,81.77,0.6186,19,0,38,38,38,3,12,668.0,0.1646,272.67,45.0,0.224,0.0236,0.072,0.482,134.0,2.0,1,identity_onboarding_fraud,fraudulent_merchant_onboarding,1,7,1,1,0,1,1,1,2,0
txn_8ede9e26d8d4,5.53,0.5782,20,0,38,38,38,3,12,668.0,0.1646,272.67,45.0,0.224,0.0236,0.072,0.482,134.0,2.0,1,identity_onboarding_fraud,fraudulent_merchant_onboarding,2,7,1,1,0,1,1,1,2,0
txn_42d583784de1,17.41,0.6904,21,0,38,38,38,3,12,668.0,0.1646,272.67,45.0,0.224,0.0236,0.072,0.482,134.0,2.0,1,identity_onboarding_fraud,fraudulent_merchant_onboarding,1,7,1,1,0,5,5,0,2,0
txn_4b07dab43583,20.68,0.7745,22,0,38,38,38,2,12,668.0,0.1646,272.67,45.0,0.224,0.0236,0.072,0.482,134.0,2.0,1,identity_onboarding_fraud,fraudulent_merchant_onboarding,1,7,1,1,0,0,0,6,2,0
txn_d78eeca50eac,35.0,0.8257,23,0,38,38,38,2,11,668.0,0.1646,272.67,45.0,0.224,0.0236,0.072,0.482,134.0,2.0,1,identity_onboarding_fraud,fraudulent_merchant_onboarding,3,7,1,1,0,4,4,6,2,0
txn_14f3a16ce9e5,14.56,0.539,9,0,45,45,45,3,7,341.0,0.1993,202.32,1161.0,0.0866,0.0159,0.4248,0.6529,76.0,3.0,1,identity_onboarding_fraud,mule_account_creation,1,9,3,1,0,5,5,6,0,0
txn_aef3a51af32a,393.43,0.8062,11,0,45,45,45,3,8,341.0,0.1993,202.32,1161.0,0.0866,0.0159,0.4248,0.6529,76.0,3.0,1,identity_onboarding_fraud,mule_account_creation,4,9,3,1,0,3,3,1,0,0
txn_5a504b180b78,12.21,0.4735,12,0,45,45,45,3,9,341.0,0.1993,202.32,1161.0,0.0866,0.0159,0.4248,0.6529,76.0,3.0,1,identity_onboarding_fraud,mule_account_creation,3,9,3,1,0,0,0,5,0,0
txn_77253986229a,5.26,0.8022,13,0,45,45,45,3,10,341.0,0.1993,202.32,1161.0,0.0866,0.0159,0.4248,0.6529,76.0,3.0,1,identity_onboarding_fraud,mule_account_creation,1,9,3,1,0,2,2,4,0,0
txn_121c5eec42fc,10.17,0.4897,14,0,45,45,45,3,10,341.0,0.1993,202.32,1161.0,0.0866,0.0159,0.4248,0.6529,76.0,3.0,1,identity_onboarding_fraud,mule_account_creation,4,9,3,1,0,1,1,1,0,0
txn_ea0516f7394a,48.97,0.527,15,0,45,45,45,3,11,341.0,0.1993,202.32,1161.0,0.0866,0.0159,0.4248,0.6529,76.0,3.0,1,identity_onboarding_fraud,mule_account_creation,4,9,3,1,0,4,4,3,0,0
txn_e5806d16c1bf,21.62,0.5886,16,0,45,45,45,3,12,341.0,0.1993,202.32,1161.0,0.0866,0.0159,0.4248,0.6529,76.0,3.0,1,identity_onboarding_fraud,mule_account_creation,1,9,3,1,0,2,2,0,0,0
txn_4ea66ed2ca52,68.84,0.7565,18,1,45,45,45,3,13,341.0,0.1993,202.32,1161.0,0.0866,0.0159,0.4248,0.6529,76.0,3.0,1,identity_onboarding_fraud,mule_account_creation,0,9,3,1,0,2,5,5,0,0
txn_2b9789bf153e,40.27,0.783,19,0,45,45,45,3,14,341.0,0.1993,202.32,1161.0,0.0866,0.0159,0.4248,0.6529,76.0,3.0,1,identity_onboarding_fraud,mule_account_creation,1,9,3,1,0,0,0,6,0,0
txn_16389fba7d6b,84.23,0.4585,20,0,45,45,45,3,15,341.0,0.1993,202.32,1161.0,0.0866,0.0159,0.4248,0.6529,76.0,3.0,1,identity_onboarding_fraud,mule_account_creation,2,9,3,1,1,5,5,2,0,1
txn_8bbd5ba3f39e,39.87,0.5219,21,0,45,45,45,3,16,341.0,0.1993,202.32,1161.0,0.0866,0.0159,0.4248,0.6529,76.0,3.0,1,identity_onboarding_fraud,mule_account_creation,3,9,3,1,0,0,0,6,0,0
txn_f6f77874ecbf,359.73,0.4929,22,0,45,45,45,3,16,341.0,0.1993,202.32,1161.0,0.0866,0.0159,0.4248,0.6529,76.0,3.0,1,identity_onboarding_fraud,mule_account_creation,0,9,3,1,0,5,5,0,0,0
txn_406e85ccc1f2,26.86,0.6415,23,0,45,45,45,3,16,341.0,0.1993,202.32,1161.0,0.0866,0.0159,0.4248,0.6529,76.0,3.0,1,identity_onboarding_fraud,mule_account_creation,0,9,3,1,0,4,4,2,0,0
txn_607ca6b703ab,23.77,0.5483,1,0,45,45,45,3,17,341.0,0.1993,202.32,1161.0,0.0866,0.0159,0.4248,0.6529,76.0,3.0,1,identity_onboarding_fraud,mule_account_creation,1,9,3,1,1,5,5,5,0,1
txn_5387745b2bee,26.63,0.5496,2,0,45,45,45,3,18,341.0,0.1993,202.32,1161.0,0.0866,0.0159,0.4248,0.6529,76.0,3.0,1,identity_onboarding_fraud,mule_account_creation,2,9,3,1,0,1,1,6,0,0
txn_0baa9a3ee650,12.61,0.4395,3,1,45,45,45,3,19,341.0,0.1993,202.32,1161.0,0.0866,0.0159,0.4248,0.6529,76.0,3.0,1,identity_onboarding_fraud,mule_account_creation,1,9,3,1,0,3,1,1,0,0
txn_7c2d2724b36e,17.56,0.584,4,0,45,45,45,3,20,341.0,0.1993,202.32,1161.0,0.0866,0.0159,0.4248,0.6529,76.0,3.0,1,identity_onboarding_fraud,mule_account_creation,2,9,3,1,0,2,2,4,0,0
txn_60bf73404388,40.09,0.5121,5,0,45,45,45,3,21,341.0,0.1993,202.32,1161.0,0.0866,0.0159,0.4248,0.6529,76.0,3.0,1,identity_onboarding_fraud,mule_account_creation,0,9,3,1,0,0,0,2,0,0
txn_e4eff4676a2d,69.5,0.6466,7,0,45,45,45,3,20,341.0,0.1993,202.32,1161.0,0.0866,0.0159,0.4248,0.6529,76.0,3.0,1,identity_onboarding_fraud,mule_account_creation,3,9,3,1,0,3,3,1,0,0
txn_b78245dc99f2,66.68,0.624,8,0,45,45,45,3,21,341.0,0.1993,202.32,1161.0,0.0866,0.0159,0.4248,0.6529,76.0,3.0,1,identity_onboarding_fraud,mule_account_creation,0,9,3,1,0,5,5,3,0,0
txn_e00b4c0014cb,48.4,0.5727,9,0,45,45,45,3,20,341.0,0.1993,202.32,1161.0,0.0866,0.0159,0.4248,0.6529,76.0,3.0,1,identity_onboarding_fraud,mule_account_creation,4,9,3,1,0,3,3,1,0,0
txn_a4667f13e48f,38.57,0.6174,10,0,45,45,45,3,21,341.0,0.1993,202.32,1161.0,0.0866,0.0159,0.4248,0.6529,76.0,3.0,1,identity_onboarding_fraud,mule_account_creation,4,9,3,1,0,0,0,2,0,0
txn_ce20d26508b4,117.54,0.7152,11,0,45,45,45,3,20,341.0,0.1993,202.32,1161.0,0.0866,0.0159,0.4248,0.6529,76.0,3.0,1,identity_onboarding_fraud,mule_account_creation,4,9,3,1,0,3,3,1,0,0
txn_523b947a788a,33.5,0.687,12,0,45,45,45,3,19,341.0,0.1993,202.32,1161.0,0.0866,0.0159,0.4248,0.6529,76.0,3.0,1,identity_onboarding_fraud,mule_account_creation,0,9,3,1,0,3,3,2,0,0
txn_d95d11c58c82,33.18,0.6356,14,0,45,45,45,3,16,341.0,0.1993,202.32,1161.0,0.0866,0.0159,0.4248,0.6529,76.0,3.0,1,identity_onboarding_fraud,mule_account_creation,2,9,3,1,0,4,4,0,0,0
txn_a97a13dc93dc,31.41,0.7449,15,0,45,45,45,3,15,341.0,0.1993,202.32,1161.0,0.0866,0.0159,0.4248,0.6529,76.0,3.0,1,identity_onboarding_fraud,mule_account_creation,0,9,3,1,0,4,4,4,0,0
txn_cb4cbdb42cbe,5.14,0.6149,16,1,45,45,45,3,15,341.0,0.1993,202.32,1161.0,0.0866,0.0159,0.4248,0.6529,76.0,3.0,1,identity_onboarding_fraud,mule_account_creation,1,9,3,1,0,5,1,4,0,0
txn_5f7bc30b770b,65.6,0.5621,17,0,45,45,45,3,14,341.0,0.1993,202.32,1161.0,0.0866,0.0159,0.4248,0.6529,76.0,3.0,1,identity_onboarding_fraud,mule_account_creation,1,9,3,1,0,5,5,3,0,0
txn_faf059cca8ce,41.6,0.475,18,0,45,45,45,3,14,341.0,0.1993,202.32,1161.0,0.0866,0.0159,0.4248,0.6529,76.0,3.0,1,identity_onboarding_fraud,mule_account_creation,0,9,3,1,0,2,2,6,0,0
txn_dbcf2a0b2bc7,4.78,0.6071,19,0,45,45,45,3,13,341.0,0.1993,202.32,1161.0,0.0866,0.0159,0.4248,0.6529,76.0,3.0,1,identity_onboarding_fraud,mule_account_creation,3,9,3,1,0,0,0,5,0,0
txn_963169e4042e,29.47,0.8046,21,0,45,45,45,3,12,341.0,0.1993,202.32,1161.0,0.0866,0.0159,0.4248,0.6529,76.0,3.0,1,identity_onboarding_fraud,mule_account_creation,1,9,3,1,0,4,4,1,0,0
txn_e528a83397d9,57.32,0.4548,22,0,45,45,45,3,12,341.0,0.1993,202.32,1161.0,0.0866,0.0159,0.4248,0.6529,76.0,3.0,1,identity_onboarding_fraud,mule_account_creation,2,9,3,1,0,1,1,0,0,0
txn_13827af77ae9,58.83,0.6229,23,0,45,45,45,3,12,341.0,0.1993,202.32,1161.0,0.0866,0.0159,0.4248,0.6529,76.0,3.0,1,identity_onboarding_fraud,mule_account_creation,0,9,3,1,0,2,2,4,0,0
txn_d54c850529af,20.35,0.465,0,0,45,45,45,3,12,341.0,0.1993,202.32,1161.0,0.0866,0.0159,0.4248,0.6529,76.0,3.0,1,identity_onboarding_fraud,mule_account_creation,0,9,3,1,0,2,2,1,0,0
txn_5fa63de901bf,9.55,0.482,1,0,45,45,45,3,12,341.0,0.1993,202.32,1161.0,0.0866,0.0159,0.4248,0.6529,76.0,3.0,1,identity_onboarding_fraud,mule_account_creation,1,9,3,1,0,2,2,3,0,0
txn_54707e64df29,85.08,0.7845,3,0,45,45,45,3,12,341.0,0.1993,202.32,1161.0,0.0866,0.0159,0.4248,0.6529,76.0,3.0,1,identity_onboarding_fraud,mule_account_creation,4,9,3,1,0,1,1,3,0,0
txn_3d56d036d8ef,33.5,0.7816,4,0,45,45,45,3,11,341.0,0.1993,202.32,1161.0,0.0866,0.0159,0.4248,0.6529,76.0,3.0,1,identity_onboarding_fraud,mule_account_creation,2,9,3,1,0,2,2,0,0,0
txn_ae9bcf75025e,57.54,0.6108,5,0,45,45,45,3,10,341.0,0.1993,202.32,1161.0,0.0866,0.0159,0.4248,0.6529,76.0,3.0,1,identity_onboarding_fraud,mule_account_creation,2,9,3,1,0,1,1,2,0,0
txn_5a1717a6d4c8,84.13,0.6516,6,0,45,45,45,3,9,341.0,0.1993,202.32,1161.0,0.0866,0.0159,0.4248,0.6529,76.0,3.0,1,identity_onboarding_fraud,mule_account_creation,0,9,3,1,0,0,0,4,0,0
txn_0e55a418e9c0,60.24,0.6322,7,0,45,45,45,3,9,341.0,0.1993,202.32,1161.0,0.0866,0.0159,0.4248,0.6529,76.0,3.0,1,identity_onboarding_fraud,mule_account_creation,1,9,3,1,0,2,2,2,0,0
txn_4dd73b91bd8f,18.49,0.5429,8,0,45,45,45,3,9,341.0,0.1993,202.32,1161.0,0.0866,0.0159,0.4248,0.6529,76.0,3.0,1,identity_onboarding_fraud,mule_account_creation,3,9,3,1,0,0,0,0,0,0
txn_a47f0c7828cb,27.24,0.6232,10,0,45,45,45,3,9,341.0,0.1993,202.32,1161.0,0.0866,0.0159,0.4248,0.6529,76.0,3.0,1,identity_onboarding_fraud,mule_account_creation,4,9,3,1,0,1,1,5,0,0
txn_7fd21db50a02,11.14,0.7782,11,0,45,45,45,3,9,341.0,0.1993,202.32,1161.0,0.0866,0.0159,0.4248,0.6529,76.0,3.0,1,identity_onboarding_fraud,mule_account_creation,4,9,3,1,0,3,3,2,0,0
txn_6ff98bb289e3,44.16,0.7092,12,0,45,45,45,3,9,341.0,0.1993,202.32,1161.0,0.0866,0.0159,0.4248,0.6529,76.0,3.0,1,identity_onboarding_fraud,mule_account_creation,3,9,3,1,0,4,4,5,0,0
txn_22c979949c48,56.13,0.4497,13,0,45,45,45,3,9,341.0,0.1993,202.32,1161.0,0.0866,0.0159,0.4248,0.6529,76.0,3.0,1,identity_onboarding_fraud,mule_account_creation,3,9,3,1,0,0,0,3,0,0
txn_5cc3aa3601d5,6.99,0.4996,9,0,17,17,17,3,8,527.0,0.3391,326.43,930.0,0.1507,0.0295,0.651,0.2244,157.0,2.0,1,identity_onboarding_fraud,stolen_identity_signup,1,9,4,1,0,2,2,1,3,0
txn_7d5ef0d2f596,118.33,0.8024,11,0,17,17,17,3,9,527.0,0.3391,326.43,930.0,0.1507,0.0295,0.651,0.2244,157.0,2.0,1,identity_onboarding_fraud,stolen_identity_signup,2,9,4,1,0,5,5,2,3,0
txn_1355812694e8,114.51,0.7253,12,0,17,17,17,3,10,527.0,0.3391,326.43,930.0,0.1507,0.0295,0.651,0.2244,157.0,2.0,1,identity_onboarding_fraud,stolen_identity_signup,1,9,4,1,0,4,4,2,3,0
txn_0d29c4384a42,62.11,0.7387,13,0,17,17,17,3,10,527.0,0.3391,326.43,930.0,0.1507,0.0295,0.651,0.2244,157.0,2.0,1,identity_onboarding_fraud,stolen_identity_signup,3,9,4,1,0,0,0,1,3,0
txn_79c2d49d1bbf,13.2,0.7569,14,0,17,17,17,3,11,527.0,0.3391,326.43,930.0,0.1507,0.0295,0.651,0.2244,157.0,2.0,1,identity_onboarding_fraud,stolen_identity_signup,4,9,4,1,0,0,0,2,3,0
txn_329f717367c2,10.05,0.5163,16,0,17,17,17,3,12,527.0,0.3391,326.43,930.0,0.1507,0.0295,0.651,0.2244,157.0,2.0,1,identity_onboarding_fraud,stolen_identity_signup,3,9,4,1,0,4,4,4,3,0
txn_5ab5a14e6216,60.98,0.5678,17,1,17,17,17,3,13,527.0,0.3391,326.43,930.0,0.1507,0.0295,0.651,0.2244,157.0,2.0,1,identity_onboarding_fraud,stolen_identity_signup,2,9,4,1,0,0,4,2,3,0
txn_678ca79ef357,10.54,0.5035,18,0,17,17,17,3,14,527.0,0.3391,326.43,930.0,0.1507,0.0295,0.651,0.2244,157.0,2.0,1,identity_onboarding_fraud,stolen_identity_signup,1,9,4,1,0,1,1,1,3,0
txn_e1f90fd95d7a,98.36,0.6228,19,0,17,17,17,3,15,527.0,0.3391,326.43,930.0,0.1507,0.0295,0.651,0.2244,157.0,2.0,1,identity_onboarding_fraud,stolen_identity_signup,3,9,4,1,0,2,2,2,3,0
txn_abf9a7ef91c5,34.64,0.6742,20,0,17,17,17,3,16,527.0,0.3391,326.43,930.0,0.1507,0.0295,0.651,0.2244,157.0,2.0,1,identity_onboarding_fraud,stolen_identity_signup,1,9,4,1,0,2,2,0,3,0
txn_402dba7b3117,15.91,0.5559,22,0,17,17,17,3,16,527.0,0.3391,326.43,930.0,0.1507,0.0295,0.651,0.2244,157.0,2.0,1,identity_onboarding_fraud,stolen_identity_signup,1,9,4,1,0,1,1,5,3,0
txn_678b91028f45,26.28,0.6566,23,0,17,17,17,3,16,527.0,0.3391,326.43,930.0,0.1507,0.0295,0.651,0.2244,157.0,2.0,1,identity_onboarding_fraud,stolen_identity_signup,3,9,4,1,0,0,0,3,3,0
txn_0560314347a7,20.8,0.7206,0,0,17,17,17,3,17,527.0,0.3391,326.43,930.0,0.1507,0.0295,0.651,0.2244,157.0,2.0,1,identity_onboarding_fraud,stolen_identity_signup,4,9,4,1,1,4,4,4,3,1
txn_33e5632eacfe,15.67,0.7904,1,0,17,17,17,3,18,527.0,0.3391,326.43,930.0,0.1507,0.0295,0.651,0.2244,157.0,2.0,1,identity_onboarding_fraud,stolen_identity_signup,4,9,4,1,0,2,2,5,3,0
txn_8b0f1b04bbf1,129.46,0.7741,3,0,17,17,17,3,19,527.0,0.3391,326.43,930.0,0.1507,0.0295,0.651,0.2244,157.0,2.0,1,identity_onboarding_fraud,stolen_identity_signup,0,9,4,1,0,5,5,1,3,0
txn_bfe14d985342,60.71,0.7848,4,0,17,17,17,2,20,527.0,0.3391,326.43,930.0,0.1507,0.0295,0.651,0.2244,157.0,2.0,1,identity_onboarding_fraud,stolen_identity_signup,4,9,4,1,0,5,5,2,3,0
txn_fdaed20c74c6,79.99,0.7223,5,0,17,17,17,2,21,527.0,0.3391,326.43,930.0,0.1507,0.0295,0.651,0.2244,157.0,2.0,1,identity_onboarding_fraud,stolen_identity_signup,2,9,4,1,0,1,1,1,3,0
txn_0af160d54d7d,55.51,0.4491,9,0,9,9,9,3,9,970.0,0.3482,324.16,738.0,0.0103,0.044,0.2399,0.4058,253.0,3.0,1,identity_onboarding_fraud,synthetic_identity,0,9,4,1,0,0,0,2,3,0
txn_a9ff39060b29,24.91,0.6426,11,0,9,9,9,3,10,970.0,0.3482,324.16,738.0,0.0103,0.044,0.2399,0.4058,253.0,3.0,1,identity_onboarding_fraud,synthetic_identity,2,9,4,1,0,4,4,1,3,0
txn_e425296ca2ac,63.55,0.4628,13,0,9,9,9,3,10,970.0,0.3482,324.16,738.0,0.0103,0.044,0.2399,0.4058,253.0,3.0,1,identity_onboarding_fraud,synthetic_identity,1,9,4,1,0,0,0,6,3,0
txn_828b426c5f8d,50.88,0.5989,14,0,9,9,9,3,11,970.0,0.3482,324.16,738.0,0.0103,0.044,0.2399,0.4058,253.0,3.0,1,identity_onboarding_fraud,synthetic_identity,2,9,4,1,0,5,5,2,3,0
txn_7a00918cfdf9,63.61,0.5968,16,0,9,9,9,3,12,970.0,0.3482,324.16,738.0,0.0103,0.044,0.2399,0.4058,253.0,3.0,1,identity_onboarding_fraud,synthetic_identity,2,9,4,1,0,5,5,1,3,0
txn_4223ef72f991,12.88,0.7182,18,0,9,9,9,3,13,970.0,0.3482,324.16,738.0,0.0103,0.044,0.2399,0.4058,253.0,3.0,1,identity_onboarding_fraud,synthetic_identity,1,9,4,1,0,0,0,2,3,0
txn_0c24b22dea4a,6.96,0.4937,19,0,9,9,9,3,14,970.0,0.3482,324.16,738.0,0.0103,0.044,0.2399,0.4058,253.0,3.0,1,identity_onboarding_fraud,synthetic_identity,4,9,4,1,0,3,3,5,3,0
txn_4e7db352e17c,13.19,0.507,21,1,9,9,9,3,15,970.0,0.3482,324.16,738.0,0.0103,0.044,0.2399,0.4058,253.0,3.0,1,identity_onboarding_fraud,synthetic_identity,4,9,4,1,0,4,1,6,3,0
txn_eb78349c60d5,62.74,0.4904,23,0,9,9,9,3,16,970.0,0.3482,324.16,738.0,0.0103,0.044,0.2399,0.4058,253.0,3.0,1,identity_onboarding_fraud,synthetic_identity,2,9,4,1,0,5,5,5,3,0
txn_6ea240351a4e,97.21,0.658,9,0,15,15,15,3,10,797.0,0.0225,262.97,255.0,0.2214,0.0054,0.5133,0.5807,176.0,4.0,1,identity_onboarding_fraud,synthetic_business,1,7,1,1,0,5,5,4,2,0
txn_1399a067e8d2,72.24,0.7426,11,0,15,15,15,3,10,797.0,0.0225,262.97,255.0,0.2214,0.0054,0.5133,0.5807,176.0,4.0,1,identity_onboarding_fraud,synthetic_business,0,7,1,1,0,3,3,2,2,0
txn_2070c084c39d,12.44,0.5149,12,1,15,15,15,3,11,797.0,0.0225,262.97,255.0,0.2214,0.0054,0.5133,0.5807,176.0,4.0,1,identity_onboarding_fraud,synthetic_business,1,7,1,1,0,5,3,2,1,0
txn_941c259514d1,83.33,0.6582,14,0,15,15,15,3,12,797.0,0.0225,262.97,255.0,0.2214,0.0054,0.5133,0.5807,176.0,4.0,1,identity_onboarding_fraud,synthetic_business,3,7,1,1,0,5,5,5,1,0
txn_54be38ac21d1,27.22,0.6878,15,0,15,15,15,3,13,797.0,0.0225,262.97,255.0,0.2214,0.0054,0.5133,0.5807,176.0,4.0,1,identity_onboarding_fraud,synthetic_business,3,7,1,1,0,4,4,5,2,0
txn_a821adedfa90,9.28,0.6369,16,1,15,15,15,3,14,797.0,0.0225,262.97,255.0,0.2214,0.0054,0.5133,0.5807,176.0,4.0,1,identity_onboarding_fraud,synthetic_business,2,7,1,1,0,4,0,1,1,0
txn_a0d15eefcce1,104.09,0.7223,18,0,15,15,15,3,15,797.0,0.0225,262.97,255.0,0.2214,0.0054,0.5133,0.5807,176.0,4.0,1,identity_onboarding_fraud,synthetic_business,1,7,1,1,0,2,2,6,2,0
txn_176ad663744e,23.6,0.5108,19,0,15,15,15,3,16,797.0,0.0225,262.97,255.0,0.2214,0.0054,0.5133,0.5807,176.0,4.0,1,identity_onboarding_fraud,synthetic_business,1,7,1,1,0,0,0,0,2,0
txn_ab2eee09c562,31.88,0.7655,21,1,15,15,15,3,16,797.0,0.0225,262.97,255.0,0.2214,0.0054,0.5133,0.5807,176.0,4.0,1,identity_onboarding_fraud,synthetic_business,0,7,1,1,0,0,1,2,1,0
txn_931c4b950563,15.19,0.6529,22,0,15,15,15,3,16,797.0,0.0225,262.97,255.0,0.2214,0.0054,0.5133,0.5807,176.0,4.0,1,identity_onboarding_fraud,synthetic_business,0,7,1,1,0,1,1,0,2,0
txn_46987f57bf16,74.56,0.4752,23,0,15,15,15,3,17,797.0,0.0225,262.97,255.0,0.2214,0.0054,0.5133,0.5807,176.0,4.0,1,identity_onboarding_fraud,synthetic_business,3,7,1,1,0,4,4,4,1,0
txn_c84f0938e088,5.62,0.5711,1,0,15,15,15,3,18,797.0,0.0225,262.97,255.0,0.2214,0.0054,0.5133,0.5807,176.0,4.0,1,identity_onboarding_fraud,synthetic_business,4,7,1,1,0,1,1,6,1,0
txn_8e52ff9618b0,209.66,0.7746,2,0,15,15,15,3,19,797.0,0.0225,262.97,255.0,0.2214,0.0054,0.5133,0.5807,176.0,4.0,1,identity_onboarding_fraud,synthetic_business,3,7,1,1,0,5,5,0,2,0
txn_2e58e7dddb0e,14.16,0.6612,4,0,15,15,15,3,20,797.0,0.0225,262.97,255.0,0.2214,0.0054,0.5133,0.5807,176.0,4.0,1,identity_onboarding_fraud,synthetic_business,1,7,1,1,0,0,0,1,1,0
txn_51cf457a8f20,10.44,0.5682,5,0,15,15,15,3,21,797.0,0.0225,262.97,255.0,0.2214,0.0054,0.5133,0.5807,176.0,4.0,1,identity_onboarding_fraud,synthetic_business,1,7,1,1,0,5,5,6,2,0
txn_a2e5aaceb094,1027.63,0.5098,9,0,60,60,60,3,10,320.0,0.3079,135.62,1400.0,0.129,0.0642,0.1161,0.3068,261.0,1.0,1,merchant_ecosystem_abuse,bust_out_merchant,0,7,1,1,0,4,4,1,2,0
txn_023f053eef54,1308.54,0.6801,11,0,60,60,60,3,11,320.0,0.3079,135.62,1400.0,0.129,0.0642,0.1161,0.3068,261.0,1.0,1,merchant_ecosystem_abuse,bust_out_merchant,1,7,1,1,0,5,5,4,2,0
txn_bb34f2209934,700.9,0.6607,12,0,60,60,60,3,12,320.0,0.3079,135.62,1400.0,0.129,0.0642,0.1161,0.3068,261.0,1.0,1,merchant_ecosystem_abuse,bust_out_merchant,2,7,1,1,0,4,4,0,2,0
txn_b082b531bf5f,637.94,0.6261,13,0,60,60,60,3,13,320.0,0.3079,135.62,1400.0,0.129,0.0642,0.1161,0.3068,261.0,1.0,1,merchant_ecosystem_abuse,bust_out_merchant,1,7,1,1,0,0,0,1,1,0
txn_e1118cc2ec1c,502.95,0.4563,14,0,60,60,60,3,14,320.0,0.3079,135.62,1400.0,0.129,0.0642,0.1161,0.3068,261.0,1.0,1,merchant_ecosystem_abuse,bust_out_merchant,0,7,1,1,0,4,4,1,1,0
txn_6284c9831066,790.29,0.6084,16,0,60,60,60,3,15,320.0,0.3079,135.62,1400.0,0.129,0.0642,0.1161,0.3068,261.0,1.0,1,merchant_ecosystem_abuse,bust_out_merchant,2,7,1,1,0,5,5,1,1,0
txn_272afa8f2b59,1192.24,0.5658,17,0,60,60,60,3,16,320.0,0.3079,135.62,1400.0,0.129,0.0642,0.1161,0.3068,261.0,1.0,1,merchant_ecosystem_abuse,bust_out_merchant,4,7,1,1,0,2,2,4,1,0
txn_c0661143561f,533.29,0.4779,18,0,60,60,60,3,16,320.0,0.3079,135.62,1400.0,0.129,0.0642,0.1161,0.3068,261.0,1.0,1,merchant_ecosystem_abuse,bust_out_merchant,1,7,1,1,0,4,4,0,2,0
txn_5439d2103220,1247.75,0.5787,19,0,60,60,60,3,16,320.0,0.3079,135.62,1400.0,0.129,0.0642,0.1161,0.3068,261.0,1.0,1,merchant_ecosystem_abuse,bust_out_merchant,3,7,1,1,0,0,0,0,2,0
txn_6680e7b7db00,792.4,0.4652,21,0,60,60,60,3,17,320.0,0.3079,135.62,1400.0,0.129,0.0642,0.1161,0.3068,261.0,1.0,1,merchant_ecosystem_abuse,bust_out_merchant,0,7,1,1,0,2,2,0,1,0
txn_9af94d6b403b,307.21,0.4734,22,0,60,60,60,3,18,320.0,0.3079,135.62,1400.0,0.129,0.0642,0.1161,0.3068,261.0,1.0,1,merchant_ecosystem_abuse,bust_out_merchant,2,7,1,1,0,5,5,0,1,0
txn_853d7bcb7f6f,536.97,0.6382,23,0,60,60,60,3,19,320.0,0.3079,135.62,1400.0,0.129,0.0642,0.1161,0.3068,261.0,1.0,1,merchant_ecosystem_abuse,bust_out_merchant,2,7,1,1,0,3,3,1,1,0
txn_1ca78db0c46d,125.92,0.5966,0,0,60,60,60,3,20,320.0,0.3079,135.62,1400.0,0.129,0.0642,0.1161,0.3068,261.0,1.0,1,merchant_ecosystem_abuse,bust_out_merchant,2,7,1,1,0,0,0,1,1,0
txn_436c1a654883,410.33,0.7461,2,0,60,60,60,3,21,320.0,0.3079,135.62,1400.0,0.129,0.0642,0.1161,0.3068,261.0,1.0,1,merchant_ecosystem_abuse,bust_out_merchant,3,7,1,1,0,2,2,1,1,0
txn_b209c7fe9369,1361.1,0.5353,3,0,60,60,60,3,20,320.0,0.3079,135.62,1400.0,0.129,0.0642,0.1161,0.3068,261.0,1.0,1,merchant_ecosystem_abuse,bust_out_merchant,4,7,1,1,0,3,3,1,2,0
txn_945117ff26c6,656.45,0.4332,4,1,60,60,60,3,21,320.0,0.3079,135.62,1400.0,0.129,0.0642,0.1161,0.3068,261.0,1.0,1,merchant_ecosystem_abuse,bust_out_merchant,1,7,1,1,0,2,3,0,1,0
txn_675870874128,409.42,0.7879,5,0,60,60,60,3,20,320.0,0.3079,135.62,1400.0,0.129,0.0642,0.1161,0.3068,261.0,1.0,1,merchant_ecosystem_abuse,bust_out_merchant,0,7,1,1,0,5,5,0,2,0
txn_2b43431f9a2a,972.86,0.5453,7,0,60,60,60,3,21,320.0,0.3079,135.62,1400.0,0.129,0.0642,0.1161,0.3068,261.0,1.0,1,merchant_ecosystem_abuse,bust_out_merchant,0,7,1,1,0,3,3,0,2,0
txn_44763e36b32c,383.96,0.548,8,1,60,60,60,3,20,320.0,0.3079,135.62,1400.0,0.129,0.0642,0.1161,0.3068,261.0,1.0,1,merchant_ecosystem_abuse,bust_out_merchant,4,7,1,1,0,1,0,0,1,0
txn_8b76cf9c909b,1159.97,0.7768,9,0,60,60,60,3,19,320.0,0.3079,135.62,1400.0,0.129,0.0642,0.1161,0.3068,261.0,1.0,1,merchant_ecosystem_abuse,bust_out_merchant,3,7,1,1,0,5,5,0,2,0
txn_8111fcc9833b,1327.74,0.7368,10,0,60,60,60,3,16,320.0,0.3079,135.62,1400.0,0.129,0.0642,0.1161,0.3068,261.0,1.0,1,merchant_ecosystem_abuse,bust_out_merchant,3,7,1,1,0,4,4,1,1,0
txn_ef6bb7aee816,1197.4,0.7445,12,0,60,60,60,3,15,320.0,0.3079,135.62,1400.0,0.129,0.0642,0.1161,0.3068,261.0,1.0,1,merchant_ecosystem_abuse,bust_out_merchant,1,7,1,1,0,0,0,1,2,0
txn_64f7cea1ca38,160.58,0.538,13,0,60,60,60,3,15,320.0,0.3079,135.62,1400.0,0.129,0.0642,0.1161,0.3068,261.0,1.0,1,merchant_ecosystem_abuse,bust_out_merchant,0,7,1,1,0,3,3,1,2,0
txn_3260196cd6ba,1449.38,0.7137,14,0,60,60,60,3,14,320.0,0.3079,135.62,1400.0,0.129,0.0642,0.1161,0.3068,261.0,1.0,1,merchant_ecosystem_abuse,bust_out_merchant,1,7,1,1,0,2,2,1,1,0
txn_0f121d0103db,320.41,0.4651,15,0,60,60,60,3,14,320.0,0.3079,135.62,1400.0,0.129,0.0642,0.1161,0.3068,261.0,1.0,1,merchant_ecosystem_abuse,bust_out_merchant,0,7,1,1,0,2,2,0,2,0
txn_fa59ebf994e7,224.46,0.4548,17,0,60,60,60,3,13,320.0,0.3079,135.62,1400.0,0.129,0.0642,0.1161,0.3068,261.0,1.0,1,merchant_ecosystem_abuse,bust_out_merchant,4,7,1,1,0,5,5,0,2,0
txn_e1134be5f21b,1409.42,0.5846,18,1,60,60,60,3,12,320.0,0.3079,135.62,1400.0,0.129,0.0642,0.1161,0.3068,261.0,1.0,1,merchant_ecosystem_abuse,bust_out_merchant,2,7,1,1,0,5,4,0,2,0
txn_87b30eb40c86,520.51,0.4591,19,0,60,60,60,3,12,320.0,0.3079,135.62,1400.0,0.129,0.0642,0.1161,0.3068,261.0,1.0,1,merchant_ecosystem_abuse,bust_out_merchant,2,7,1,1,0,0,0,4,1,0
txn_b092656cae16,397.28,0.6033,20,1,60,60,60,3,12,320.0,0.3079,135.62,1400.0,0.129,0.0642,0.1161,0.3068,261.0,1.0,1,merchant_ecosystem_abuse,bust_out_merchant,1,7,1,1,0,4,1,0,2,0
txn_d0b92bd50f61,764.83,0.5061,22,0,60,60,60,3,12,320.0,0.3079,135.62,1400.0,0.129,0.0642,0.1161,0.3068,261.0,1.0,1,merchant_ecosystem_abuse,bust_out_merchant,4,7,1,1,0,4,4,1,2,0
txn_2ef188fd614b,1015.71,0.6309,23,0,60,60,60,3,12,320.0,0.3079,135.62,1400.0,0.129,0.0642,0.1161,0.3068,261.0,1.0,1,merchant_ecosystem_abuse,bust_out_merchant,0,7,1,1,0,1,1,0,1,0
txn_1878df92050a,466.7,0.6,0,0,60,60,60,3,12,320.0,0.3079,135.62,1400.0,0.129,0.0642,0.1161,0.3068,261.0,1.0,1,merchant_ecosystem_abuse,bust_out_merchant,1,7,1,1,0,0,0,4,2,0
txn_373f51a79df3,784.19,0.7302,1,0,60,60,60,3,11,320.0,0.3079,135.62,1400.0,0.129,0.0642,0.1161,0.3068,261.0,1.0,1,merchant_ecosystem_abuse,bust_out_merchant,1,7,1,1,0,4,4,0,1,0
txn_f88f02c3f891,524.5,0.7389,3,0,60,60,60,3,10,320.0,0.3079,135.62,1400.0,0.129,0.0642,0.1161,0.3068,261.0,1.0,1,merchant_ecosystem_abuse,bust_out_merchant,4,7,1,1,0,0,0,0,2,0
txn_e1d8f26ac25e,933.51,0.4952,4,0,60,60,60,3,9,320.0,0.3079,135.62,1400.0,0.129,0.0642,0.1161,0.3068,261.0,1.0,1,merchant_ecosystem_abuse,bust_out_merchant,0,7,1,1,0,0,0,1,1,0
txn_10847fa35191,234.26,0.4422,5,0,60,60,60,3,9,320.0,0.3079,135.62,1400.0,0.129,0.0642,0.1161,0.3068,261.0,1.0,1,merchant_ecosystem_abuse,bust_out_merchant,4,7,1,1,0,2,2,1,1,0
txn_136721a12c81,754.8,0.4454,6,0,60,60,60,3,9,320.0,0.3079,135.62,1400.0,0.129,0.0642,0.1161,0.3068,261.0,1.0,1,merchant_ecosystem_abuse,bust_out_merchant,2,7,1,1,0,5,5,4,1,0
txn_fbda43faa8aa,438.26,0.6716,8,0,60,60,60,3,9,320.0,0.3079,135.62,1400.0,0.129,0.0642,0.1161,0.3068,261.0,1.0,1,merchant_ecosystem_abuse,bust_out_merchant,4,7,1,1,0,0,0,1,2,0
txn_348f0f6ab7f5,905.98,0.5326,9,0,60,60,60,3,9,320.0,0.3079,135.62,1400.0,0.129,0.0642,0.1161,0.3068,261.0,1.0,1,merchant_ecosystem_abuse,bust_out_merchant,3,7,1,1,0,5,5,4,2,0
txn_4c08ce7d94b5,370.35,0.7277,10,0,60,60,60,3,9,320.0,0.3079,135.62,1400.0,0.129,0.0642,0.1161,0.3068,261.0,1.0,1,merchant_ecosystem_abuse,bust_out_merchant,3,7,1,1,0,0,0,1,1,0
txn_09775ff104fe,1095.36,0.7641,11,1,60,60,60,3,9,320.0,0.3079,135.62,1400.0,0.129,0.0642,0.1161,0.3068,261.0,1.0,1,merchant_ecosystem_abuse,bust_out_merchant,2,7,1,1,0,0,2,4,2,0
txn_cc7d9966b9dd,1311.54,0.6525,13,0,60,60,60,3,8,320.0,0.3079,135.62,1400.0,0.129,0.0642,0.1161,0.3068,261.0,1.0,1,merchant_ecosystem_abuse,bust_out_merchant,3,7,1,1,0,3,3,4,2,0
txn_838c8d02bd95,508.06,0.7233,14,0,60,60,60,3,8,320.0,0.3079,135.62,1400.0,0.129,0.0642,0.1161,0.3068,261.0,1.0,1,merchant_ecosystem_abuse,bust_out_merchant,4,7,1,1,0,2,2,1,2,0
txn_cead651a3768,528.61,0.6584,15,0,60,60,60,3,8,320.0,0.3079,135.62,1400.0,0.129,0.0642,0.1161,0.3068,261.0,1.0,1,merchant_ecosystem_abuse,bust_out_merchant,2,7,1,1,0,1,1,1,2,0
txn_183b4f935793,961.64,0.5292,16,0,60,60,60,3,8,320.0,0.3079,135.62,1400.0,0.129,0.0642,0.1161,0.3068,261.0,1.0,1,merchant_ecosystem_abuse,bust_out_merchant,4,7,1,1,0,1,1,1,1,0
txn_1f3842a968c3,1377.24,0.7457,18,0,60,60,60,3,8,320.0,0.3079,135.62,1400.0,0.129,0.0642,0.1161,0.3068,261.0,1.0,1,merchant_ecosystem_abuse,bust_out_merchant,3,7,1,1,0,0,0,4,1,0
txn_070b0c40d778,561.68,0.4652,19,0,60,60,60,3,8,320.0,0.3079,135.62,1400.0,0.129,0.0642,0.1161,0.3068,261.0,1.0,1,merchant_ecosystem_abuse,bust_out_merchant,0,7,1,1,0,0,0,1,2,0
txn_a5428fba0075,1377.24,0.5489,20,0,60,60,60,3,8,320.0,0.3079,135.62,1400.0,0.129,0.0642,0.1161,0.3068,261.0,1.0,1,merchant_ecosystem_abuse,bust_out_merchant,0,7,1,1,0,5,5,4,2,0
txn_0829d20f379b,362.82,0.759,21,0,60,60,60,3,8,320.0,0.3079,135.62,1400.0,0.129,0.0642,0.1161,0.3068,261.0,1.0,1,merchant_ecosystem_abuse,bust_out_merchant,0,7,1,1,0,5,5,0,1,0
txn_0f8bb2876c21,1000.22,0.7795,23,0,60,60,60,3,7,320.0,0.3079,135.62,1400.0,0.129,0.0642,0.1161,0.3068,261.0,1.0,1,merchant_ecosystem_abuse,bust_out_merchant,0,7,1,1,0,0,0,1,2,0
txn_427da4d0232e,375.68,0.7493,0,0,60,60,60,3,7,320.0,0.3079,135.62,1400.0,0.129,0.0642,0.1161,0.3068,261.0,1.0,1,merchant_ecosystem_abuse,bust_out_merchant,3,7,1,1,0,1,1,0,1,0
txn_104262dec618,745.5,0.6087,1,0,60,60,60,3,7,320.0,0.3079,135.62,1400.0,0.129,0.0642,0.1161,0.3068,261.0,1.0,1,merchant_ecosystem_abuse,bust_out_merchant,0,7,1,1,0,1,1,1,1,0
txn_231e6242717d,764.47,0.6113,2,0,60,60,60,3,7,320.0,0.3079,135.62,1400.0,0.129,0.0642,0.1161,0.3068,261.0,1.0,1,merchant_ecosystem_abuse,bust_out_merchant,4,7,1,1,0,2,2,4,2,0
txn_d6170a9097c6,1294.65,0.7166,4,0,60,60,60,3,7,320.0,0.3079,135.62,1400.0,0.129,0.0642,0.1161,0.3068,261.0,1.0,1,merchant_ecosystem_abuse,bust_out_merchant,0,7,1,1,0,0,0,0,1,0
txn_cbdd42ec221f,1146.74,0.7749,5,0,60,60,60,3,7,320.0,0.3079,135.62,1400.0,0.129,0.0642,0.1161,0.3068,261.0,1.0,1,merchant_ecosystem_abuse,bust_out_merchant,2,7,1,1,0,4,4,1,1,0
txn_e31f5f4382d8,1309.89,0.7142,6,0,60,60,60,3,7,320.0,0.3079,135.62,1400.0,0.129,0.0642,0.1161,0.3068,261.0,1.0,1,merchant_ecosystem_abuse,bust_out_merchant,0,7,1,1,0,3,3,1,2,0
txn_47c9a33ab900,891.61,0.6883,7,0,60,60,60,3,7,320.0,0.3079,135.62,1400.0,0.129,0.0642,0.1161,0.3068,261.0,1.0,1,merchant_ecosystem_abuse,bust_out_merchant,1,7,1,1,0,3,3,1,1,0
txn_91bd0a559c8f,1440.26,0.6614,9,0,60,60,60,3,7,320.0,0.3079,135.62,1400.0,0.129,0.0642,0.1161,0.3068,261.0,1.0,1,merchant_ecosystem_abuse,bust_out_merchant,4,7,1,1,0,3,3,0,1,0
txn_4c74c785590f,1068.63,0.7697,10,0,60,60,60,3,7,320.0,0.3079,135.62,1400.0,0.129,0.0642,0.1161,0.3068,261.0,1.0,1,merchant_ecosystem_abuse,bust_out_merchant,2,7,1,1,0,0,0,1,2,0
txn_12a065c3b90b,1286.58,0.6693,11,0,60,60,60,3,7,320.0,0.3079,135.62,1400.0,0.129,0.0642,0.1161,0.3068,261.0,1.0,1,merchant_ecosystem_abuse,bust_out_merchant,3,7,1,1,0,0,0,1,1,0
txn_74a3cd5507aa,936.1,0.7738,9,1,89,89,89,3,11,114.0,0.3214,88.81,712.0,0.1025,0.0408,2.0801,0.5847,2.0,2.0,1,merchant_ecosystem_abuse,gift_card_abuse,2,4,4,1,0,4,1,3,3,0
txn_843c6cbca926,334.53,0.5932,10,1,89,89,89,3,12,114.0,0.3214,88.81,712.0,0.1025,0.0408,2.0801,0.5847,2.0,2.0,1,merchant_ecosystem_abuse,gift_card_abuse,1,4,4,1,0,4,2,3,3,0
txn_d5029265e01c,462.03,0.5577,11,0,89,89,89,3,13,114.0,0.3214,88.81,712.0,0.1025,0.0408,2.0801,0.5847,2.0,2.0,1,merchant_ecosystem_abuse,gift_card_abuse,2,4,4,1,0,2,2,3,3,0
txn_a767d26eeb0c,377.73,0.798,12,1,89,89,89,3,14,114.0,0.3214,88.81,712.0,0.1025,0.0408,2.0801,0.5847,2.0,2.0,1,merchant_ecosystem_abuse,gift_card_abuse,1,4,4,1,0,0,3,3,3,0
txn_6efc34be42fe,1665.86,0.5709,13,0,89,89,89,3,15,114.0,0.3214,88.81,712.0,0.1025,0.0408,2.0801,0.5847,2.0,2.0,1,merchant_ecosystem_abuse,gift_card_abuse,4,4,4,1,0,0,0,3,3,0
txn_53b0dcd5d3bf,639.39,0.7082,14,0,89,89,89,3,16,114.0,0.3214,88.81,712.0,0.1025,0.0408,2.0801,0.5847,2.0,2.0,1,merchant_ecosystem_abuse,gift_card_abuse,4,4,4,1,0,1,1,3,3,0
txn_8d89f02f560a,625.01,0.5194,15,0,89,89,89,3,16,114.0,0.3214,88.81,712.0,0.1025,0.0408,2.0801,0.5847,2.0,2.0,1,merchant_ecosystem_abuse,gift_card_abuse,0,4,4,1,0,4,4,3,3,0
txn_9214672deef5,1239.56,0.4925,16,0,89,89,89,3,16,114.0,0.3214,88.81,712.0,0.1025,0.0408,2.0801,0.5847,2.0,2.0,1,merchant_ecosystem_abuse,gift_card_abuse,0,4,4,1,0,3,3,3,3,0
txn_af52beca75e1,799.46,0.5982,17,0,89,89,89,3,17,114.0,0.3214,88.81,712.0,0.1025,0.0408,2.0801,0.5847,2.0,2.0,1,merchant_ecosystem_abuse,gift_card_abuse,1,4,4,1,0,3,3,3,3,0
txn_e531ecb44bb7,200.43,0.6642,18,0,89,89,89,3,18,114.0,0.3214,88.81,712.0,0.1025,0.0408,2.0801,0.5847,2.0,2.0,1,merchant_ecosystem_abuse,gift_card_abuse,2,4,4,1,0,2,2,3,3,0
txn_f9d22f04547a,893.68,0.5527,19,0,89,89,89,3,19,114.0,0.3214,88.81,712.0,0.1025,0.0408,2.0801,0.5847,2.0,2.0,1,merchant_ecosystem_abuse,gift_card_abuse,1,4,4,1,0,4,4,3,3,0
txn_7da3aa5966f4,1443.58,0.7007,19,1,89,89,89,3,20,114.0,0.3214,88.81,712.0,0.1025,0.0408,2.0801,0.5847,2.0,2.0,1,merchant_ecosystem_abuse,gift_card_abuse,1,4,4,1,0,3,2,3,3,0
txn_42e9c1be6def,1248.78,0.5421,20,1,89,89,89,3,21,114.0,0.3214,88.81,712.0,0.1025,0.0408,2.0801,0.5847,2.0,2.0,1,merchant_ecosystem_abuse,gift_card_abuse,0,4,4,1,0,4,5,3,3,0
txn_76482b9ade81,361.47,0.5819,21,0,89,89,89,3,20,114.0,0.3214,88.81,712.0,0.1025,0.0408,2.0801,0.5847,2.0,2.0,1,merchant_ecosystem_abuse,gift_card_abuse,2,4,4,1,0,3,3,3,3,0
txn_7e20bf0cab24,1305.24,0.7909,22,0,89,89,89,3,21,114.0,0.3214,88.81,712.0,0.1025,0.0408,2.0801,0.5847,2.0,2.0,1,merchant_ecosystem_abuse,gift_card_abuse,1,4,4,1,1,3,3,3,3,1
txn_b89733ab7068,1602.61,0.6139,23,0,89,89,89,3,20,114.0,0.3214,88.81,712.0,0.1025,0.0408,2.0801,0.5847,2.0,2.0,1,merchant_ecosystem_abuse,gift_card_abuse,4,4,4,1,0,4,4,3,3,0
txn_cbbeb70e792a,872.59,0.5001,0,1,89,89,89,3,21,114.0,0.3214,88.81,712.0,0.1025,0.0408,2.0801,0.5847,2.0,2.0,1,merchant_ecosystem_abuse,gift_card_abuse,0,4,4,1,0,2,4,3,3,0
txn_8300cf0daea4,1547.66,0.7302,1,0,89,89,89,3,20,114.0,0.3214,88.81,712.0,0.1025,0.0408,2.0801,0.5847,2.0,2.0,1,merchant_ecosystem_abuse,gift_card_abuse,4,4,4,1,1,3,3,3,3,1
txn_df42b758f97d,815.4,0.4974,2,0,89,89,89,3,19,114.0,0.3214,88.81,712.0,0.1025,0.0408,2.0801,0.5847,2.0,2.0,1,merchant_ecosystem_abuse,gift_card_abuse,3,4,4,1,0,1,1,3,3,0
txn_7c847c03e86b,1080.62,0.4846,3,0,89,89,89,3,16,114.0,0.3214,88.81,712.0,0.1025,0.0408,2.0801,0.5847,2.0,2.0,1,merchant_ecosystem_abuse,gift_card_abuse,4,4,4,1,0,0,0,3,3,0
txn_c91e9b9d267a,900.03,0.5733,4,0,89,89,89,3,15,114.0,0.3214,88.81,712.0,0.1025,0.0408,2.0801,0.5847,2.0,2.0,1,merchant_ecosystem_abuse,gift_card_abuse,2,4,4,1,1,4,4,3,3,1
txn_e6cfcad3e400,1445.65,0.6749,5,0,89,89,89,3,15,114.0,0.3214,88.81,712.0,0.1025,0.0408,2.0801,0.5847,2.0,2.0,1,merchant_ecosystem_abuse,gift_card_abuse,3,4,4,1,0,3,3,3,3,0
txn_460a383233f1,250.99,0.6889,5,0,89,89,89,3,14,114.0,0.3214,88.81,712.0,0.1025,0.0408,2.0801,0.5847,2.0,2.0,1,merchant_ecosystem_abuse,gift_card_abuse,1,4,4,1,0,0,0,3,3,0
txn_c1ffafb51d8c,1259.78,0.4858,6,0,89,89,89,3,14,114.0,0.3214,88.81,712.0,0.1025,0.0408,2.0801,0.5847,2.0,2.0,1,merchant_ecosystem_abuse,gift_card_abuse,3,4,4,1,0,2,2,3,3,0
txn_52aa7a65346e,457.02,0.6611,7,0,89,89,89,3,13,114.0,0.3214,88.81,712.0,0.1025,0.0408,2.0801,0.5847,2.0,2.0,1,merchant_ecosystem_abuse,gift_card_abuse,4,4,4,1,0,1,1,3,3,0
txn_5bd0e798cc3c,282.81,0.4947,8,0,89,89,89,3,12,114.0,0.3214,88.81,712.0,0.1025,0.0408,2.0801,0.5847,2.0,2.0,1,merchant_ecosystem_abuse,gift_card_abuse,1,4,4,1,0,1,1,3,3,0
txn_a2a90880427b,757.07,0.7654,9,1,89,89,89,3,12,114.0,0.3214,88.81,712.0,0.1025,0.0408,2.0801,0.5847,2.0,2.0,1,merchant_ecosystem_abuse,gift_card_abuse,1,4,4,1,0,0,4,3,3,0
txn_bca973e1544b,1229.5,0.5112,10,1,89,89,89,3,12,114.0,0.3214,88.81,712.0,0.1025,0.0408,2.0801,0.5847,2.0,2.0,1,merchant_ecosystem_abuse,gift_card_abuse,3,4,4,1,0,5,1,3,3,0
txn_fc11f9404cfc,533.89,0.627,11,0,89,89,89,3,12,114.0,0.3214,88.81,712.0,0.1025,0.0408,2.0801,0.5847,2.0,2.0,1,merchant_ecosystem_abuse,gift_card_abuse,3,4,4,1,0,2,2,3,3,0
txn_b9039b18c514,764.56,0.6598,12,0,89,89,89,3,12,114.0,0.3214,88.81,712.0,0.1025,0.0408,2.0801,0.5847,2.0,2.0,1,merchant_ecosystem_abuse,gift_card_abuse,0,4,4,1,0,5,5,3,3,0
txn_9442866aab80,1239.12,0.8383,13,0,89,89,89,3,12,114.0,0.3214,88.81,712.0,0.1025,0.0408,2.0801,0.5847,2.0,2.0,1,merchant_ecosystem_abuse,gift_card_abuse,0,4,4,1,0,3,3,3,3,0
txn_612bac40a81d,1282.12,0.7316,14,0,89,89,89,3,11,114.0,0.3214,88.81,712.0,0.1025,0.0408,2.0801,0.5847,2.0,2.0,1,merchant_ecosystem_abuse,gift_card_abuse,0,4,4,1,0,5,5,3,3,0
txn_916cef5106cb,628.62,0.8618,15,0,89,89,89,3,10,114.0,0.3214,88.81,712.0,0.1025,0.0408,2.0801,0.5847,2.0,2.0,1,merchant_ecosystem_abuse,gift_card_abuse,1,4,4,1,0,4,4,3,3,0
txn_e172730b1018,347.81,0.508,15,0,89,89,89,3,9,114.0,0.3214,88.81,712.0,0.1025,0.0408,2.0801,0.5847,2.0,2.0,1,merchant_ecosystem_abuse,gift_card_abuse,3,4,4,1,0,1,1,3,3,0
txn_f1093623f5ed,1995.09,0.5126,16,1,89,89,89,3,9,114.0,0.3214,88.81,712.0,0.1025,0.0408,2.0801,0.5847,2.0,2.0,1,merchant_ecosystem_abuse,gift_card_abuse,1,4,4,1,0,2,0,3,3,0
txn_479948eab88f,1597.74,0.5611,17,0,89,89,89,3,9,114.0,0.3214,88.81,712.0,0.1025,0.0408,2.0801,0.5847,2.0,2.0,1,merchant_ecosystem_abuse,gift_card_abuse,3,4,4,1,0,2,2,3,3,0
txn_b92674e3c0f0,1238.48,0.4943,18,1,89,89,89,3,9,114.0,0.3214,88.81,712.0,0.1025,0.0408,2.0801,0.5847,2.0,2.0,1,merchant_ecosystem_abuse,gift_card_abuse,1,4,4,1,1,5,4,3,3,1
txn_91dcda43f810,1019.53,0.6004,19,1,89,89,89,3,9,114.0,0.3214,88.81,712.0,0.1025,0.0408,2.0801,0.5847,2.0,2.0,1,merchant_ecosystem_abuse,gift_card_abuse,3,4,4,1,0,3,1,3,3,0
txn_d4016d0ba5a1,1942.59,0.8622,20,0,89,89,89,3,9,114.0,0.3214,88.81,712.0,0.1025,0.0408,2.0801,0.5847,2.0,2.0,1,merchant_ecosystem_abuse,gift_card_abuse,3,4,4,1,0,5,5,3,3,0
txn_aa087edf2d69,691.14,0.6289,21,1,89,89,89,3,9,114.0,0.3214,88.81,712.0,0.1025,0.0408,2.0801,0.5847,2.0,2.0,1,merchant_ecosystem_abuse,gift_card_abuse,4,4,4,1,0,3,4,3,3,0
txn_6512ef8abcef,1310.27,0.5838,22,0,89,89,89,3,8,114.0,0.3214,88.81,712.0,0.1025,0.0408,2.0801,0.5847,2.0,2.0,1,merchant_ecosystem_abuse,gift_card_abuse,2,4,4,1,0,5,5,3,3,0
txn_3b12caa1e316,676.41,0.6482,23,0,89,89,89,3,8,114.0,0.3214,88.81,712.0,0.1025,0.0408,2.0801,0.5847,2.0,2.0,1,merchant_ecosystem_abuse,gift_card_abuse,4,4,4,1,0,2,2,3,3,0
txn_07df9474ea76,383.72,0.6469,0,0,89,89,89,3,8,114.0,0.3214,88.81,712.0,0.1025,0.0408,2.0801,0.5847,2.0,2.0,1,merchant_ecosystem_abuse,gift_card_abuse,0,4,4,1,0,3,3,3,3,0
txn_e167d5d574ed,1128.35,0.5775,1,0,89,89,89,3,8,114.0,0.3214,88.81,712.0,0.1025,0.0408,2.0801,0.5847,2.0,2.0,1,merchant_ecosystem_abuse,gift_card_abuse,0,4,4,1,0,3,3,3,3,0
txn_24f6efa3909b,351.85,0.8384,1,0,89,89,89,3,8,114.0,0.3214,88.81,712.0,0.1025,0.0408,2.0801,0.5847,2.0,2.0,1,merchant_ecosystem_abuse,gift_card_abuse,3,4,4,1,0,1,1,3,3,0
txn_ea9aba85e977,1234.19,0.5555,2,0,89,89,89,3,8,114.0,0.3214,88.81,712.0,0.1025,0.0408,2.0801,0.5847,2.0,2.0,1,merchant_ecosystem_abuse,gift_card_abuse,3,4,4,1,0,2,2,3,3,0
txn_6ccae0745ae1,1957.24,0.5878,3,0,89,89,89,3,8,114.0,0.3214,88.81,712.0,0.1025,0.0408,2.0801,0.5847,2.0,2.0,1,merchant_ecosystem_abuse,gift_card_abuse,0,4,4,1,0,2,2,3,3,0
txn_c94b9dde6b61,1114.54,0.7735,4,1,89,89,89,3,8,114.0,0.3214,88.81,712.0,0.1025,0.0408,2.0801,0.5847,2.0,2.0,1,merchant_ecosystem_abuse,gift_card_abuse,3,4,4,1,0,2,4,3,3,0
txn_b07f1e8ec5cd,1685.85,0.7537,5,0,89,89,89,3,7,114.0,0.3214,88.81,712.0,0.1025,0.0408,2.0801,0.5847,2.0,2.0,1,merchant_ecosystem_abuse,gift_card_abuse,3,4,4,1,0,3,3,3,3,0
txn_a224bbfb7c88,1632.47,0.6111,6,0,89,89,89,3,7,114.0,0.3214,88.81,712.0,0.1025,0.0408,2.0801,0.5847,2.0,2.0,1,merchant_ecosystem_abuse,gift_card_abuse,1,4,4,1,0,2,2,3,3,0
txn_5c1f0467f9ae,1660.85,0.7593,7,0,89,89,89,3,7,114.0,0.3214,88.81,712.0,0.1025,0.0408,2.0801,0.5847,2.0,2.0,1,merchant_ecosystem_abuse,gift_card_abuse,3,4,4,1,0,4,4,3,3,0
txn_ce8375a0e0c5,955.62,0.8055,8,1,89,89,89,3,7,114.0,0.3214,88.81,712.0,0.1025,0.0408,2.0801,0.5847,2.0,2.0,1,merchant_ecosystem_abuse,gift_card_abuse,1,4,4,1,0,2,1,3,3,0
txn_bc2f54b526c3,227.76,0.5187,9,0,89,89,89,3,7,114.0,0.3214,88.81,712.0,0.1025,0.0408,2.0801,0.5847,2.0,2.0,1,merchant_ecosystem_abuse,gift_card_abuse,2,4,4,1,0,4,4,3,3,0
txn_cb59664cd755,279.58,0.7459,10,0,89,89,89,3,7,114.0,0.3214,88.81,712.0,0.1025,0.0408,2.0801,0.5847,2.0,2.0,1,merchant_ecosystem_abuse,gift_card_abuse,0,4,4,1,0,3,3,3,3,0
txn_a3ce1082cd66,1104.95,0.5224,11,0,89,89,89,3,7,114.0,0.3214,88.81,712.0,0.1025,0.0408,2.0801,0.5847,2.0,2.0,1,merchant_ecosystem_abuse,gift_card_abuse,3,4,4,1,0,3,3,3,3,0
txn_b51fd7b9113f,1370.34,0.7735,11,0,89,89,89,3,7,114.0,0.3214,88.81,712.0,0.1025,0.0408,2.0801,0.5847,2.0,2.0,1,merchant_ecosystem_abuse,gift_card_abuse,2,4,4,1,0,0,0,3,3,0
txn_001dabad9f2c,467.61,0.5998,12,0,89,89,89,3,7,114.0,0.3214,88.81,712.0,0.1025,0.0408,2.0801,0.5847,2.0,2.0,1,merchant_ecosystem_abuse,gift_card_abuse,0,4,4,1,0,2,2,3,3,0
txn_f6513ad14cf8,1225.17,0.5682,13,0,89,89,89,3,7,114.0,0.3214,88.81,712.0,0.1025,0.0408,2.0801,0.5847,2.0,2.0,1,merchant_ecosystem_abuse,gift_card_abuse,2,4,4,1,0,2,2,3,3,0
txn_2510ee0a2856,1620.48,0.7234,14,0,89,89,89,3,7,114.0,0.3214,88.81,712.0,0.1025,0.0408,2.0801,0.5847,2.0,2.0,1,merchant_ecosystem_abuse,gift_card_abuse,0,4,4,1,1,1,1,3,3,1
txn_7e1792e44015,850.68,0.5799,15,0,89,89,89,3,5,114.0,0.3214,88.81,712.0,0.1025,0.0408,2.0801,0.5847,2.0,2.0,1,merchant_ecosystem_abuse,gift_card_abuse,0,4,4,1,0,3,3,3,3,0
txn_b6d4f4f8e9b3,430.94,0.513,16,0,89,89,89,3,5,114.0,0.3214,88.81,712.0,0.1025,0.0408,2.0801,0.5847,2.0,2.0,1,merchant_ecosystem_abuse,gift_card_abuse,3,4,4,1,0,1,1,3,3,0
txn_0b29fc28962c,194.43,0.6474,17,0,89,89,89,3,5,114.0,0.3214,88.81,712.0,0.1025,0.0408,2.0801,0.5847,2.0,2.0,1,merchant_ecosystem_abuse,gift_card_abuse,0,4,4,1,0,2,2,3,3,0
txn_3e2dbd86bd14,1161.67,0.8462,18,0,89,89,89,3,5,114.0,0.3214,88.81,712.0,0.1025,0.0408,2.0801,0.5847,2.0,2.0,1,merchant_ecosystem_abuse,gift_card_abuse,2,4,4,1,0,4,4,3,3,0
txn_b3cd79ebc013,385.71,0.5396,19,0,89,89,89,3,5,114.0,0.3214,88.81,712.0,0.1025,0.0408,2.0801,0.5847,2.0,2.0,1,merchant_ecosystem_abuse,gift_card_abuse,4,4,4,1,0,2,2,3,3,0
txn_e4c9b64f8e7d,481.44,0.6746,20,1,89,89,89,3,5,114.0,0.3214,88.81,712.0,0.1025,0.0408,2.0801,0.5847,2.0,2.0,1,merchant_ecosystem_abuse,gift_card_abuse,1,4,4,1,0,0,3,3,3,0
txn_20e51b6711fc,1845.45,0.7783,21,0,89,89,89,3,5,114.0,0.3214,88.81,712.0,0.1025,0.0408,2.0801,0.5847,2.0,2.0,1,merchant_ecosystem_abuse,gift_card_abuse,3,4,4,1,0,5,5,3,3,0
txn_c11977026e1c,1263.51,0.6589,21,1,89,89,89,3,5,114.0,0.3214,88.81,712.0,0.1025,0.0408,2.0801,0.5847,2.0,2.0,1,merchant_ecosystem_abuse,gift_card_abuse,0,4,4,1,0,5,2,3,3,0
txn_a22afffbb1fb,956.15,0.6672,22,1,89,89,89,3,5,114.0,0.3214,88.81,712.0,0.1025,0.0408,2.0801,0.5847,2.0,2.0,1,merchant_ecosystem_abuse,gift_card_abuse,4,4,4,1,0,4,5,3,3,0
txn_56ceae6cb160,1943.02,0.7368,23,1,89,89,89,3,5,114.0,0.3214,88.81,712.0,0.1025,0.0408,2.0801,0.5847,2.0,2.0,1,merchant_ecosystem_abuse,gift_card_abuse,4,4,4,1,0,3,5,3,3,0
txn_c705e6149cdf,1851.18,0.7216,0,0,89,89,89,3,5,114.0,0.3214,88.81,712.0,0.1025,0.0408,2.0801,0.5847,2.0,2.0,1,merchant_ecosystem_abuse,gift_card_abuse,0,4,4,1,0,1,1,3,3,0
txn_02e3efc9f921,713.32,0.7132,1,0,89,89,89,3,5,114.0,0.3214,88.81,712.0,0.1025,0.0408,2.0801,0.5847,2.0,2.0,1,merchant_ecosystem_abuse,gift_card_abuse,3,4,4,1,1,1,1,3,3,1
txn_5685f4d29626,1375.14,0.6612,2,0,89,89,89,3,5,114.0,0.3214,88.81,712.0,0.1025,0.0408,2.0801,0.5847,2.0,2.0,1,merchant_ecosystem_abuse,gift_card_abuse,4,4,4,1,0,3,3,3,3,0
txn_8e63b9cc540e,385.46,0.6331,3,0,89,89,89,3,5,114.0,0.3214,88.81,712.0,0.1025,0.0408,2.0801,0.5847,2.0,2.0,1,merchant_ecosystem_abuse,gift_card_abuse,2,4,4,1,0,2,2,3,3,0
txn_84eafe30be91,195.97,0.6922,4,0,89,89,89,3,5,114.0,0.3214,88.81,712.0,0.1025,0.0408,2.0801,0.5847,2.0,2.0,1,merchant_ecosystem_abuse,gift_card_abuse,3,4,4,1,0,4,4,3,3,0
txn_71f6fdd69c19,1666.18,0.8274,5,0,89,89,89,3,5,114.0,0.3214,88.81,712.0,0.1025,0.0408,2.0801,0.5847,2.0,2.0,1,merchant_ecosystem_abuse,gift_card_abuse,2,4,4,1,0,3,3,3,3,0
txn_8b9d44754c9e,257.3,0.4798,6,1,89,89,89,3,5,114.0,0.3214,88.81,712.0,0.1025,0.0408,2.0801,0.5847,2.0,2.0,1,merchant_ecosystem_abuse,gift_card_abuse,1,4,4,1,0,4,0,3,3,0
txn_b23fde6a355a,1603.88,0.5125,7,0,89,89,89,3,5,114.0,0.3214,88.81,712.0,0.1025,0.0408,2.0801,0.5847,2.0,2.0,1,merchant_ecosystem_abuse,gift_card_abuse,1,4,4,1,0,4,4,3,3,0
txn_95f40c4f72ac,1536.45,0.5253,8,0,89,89,89,3,5,114.0,0.3214,88.81,712.0,0.1025,0.0408,2.0801,0.5847,2.0,2.0,1,merchant_ecosystem_abuse,gift_card_abuse,1,4,4,1,0,4,4,3,3,0
txn_b8187c8cefe9,1132.58,0.7225,8,0,89,89,89,3,5,114.0,0.3214,88.81,712.0,0.1025,0.0408,2.0801,0.5847,2.0,2.0,1,merchant_ecosystem_abuse,gift_card_abuse,2,4,4,1,0,3,3,3,3,0
txn_50fdcb8e95ed,329.54,0.764,9,1,89,89,89,3,5,114.0,0.3214,88.81,712.0,0.1025,0.0408,2.0801,0.5847,2.0,2.0,1,merchant_ecosystem_abuse,gift_card_abuse,2,4,4,1,0,3,4,3,3,0
txn_3b94a36971f8,1774.87,0.6075,10,1,89,89,89,3,5,114.0,0.3214,88.81,712.0,0.1025,0.0408,2.0801,0.5847,2.0,2.0,1,merchant_ecosystem_abuse,gift_card_abuse,2,4,4,1,0,3,0,3,3,0
txn_b5d149a21df4,1718.76,0.5472,11,0,89,89,89,3,5,114.0,0.3214,88.81,712.0,0.1025,0.0408,2.0801,0.5847,2.0,2.0,1,merchant_ecosystem_abuse,gift_card_abuse,0,4,4,1,0,5,5,3,3,0
txn_18692e81fd80,1565.07,0.5175,12,1,89,89,89,3,5,114.0,0.3214,88.81,712.0,0.1025,0.0408,2.0801,0.5847,2.0,2.0,1,merchant_ecosystem_abuse,gift_card_abuse,1,4,4,1,1,2,1,3,3,1
txn_c0e2c3b6e870,1748.47,0.6272,13,0,89,89,89,3,5,114.0,0.3214,88.81,712.0,0.1025,0.0408,2.0801,0.5847,2.0,2.0,1,merchant_ecosystem_abuse,gift_card_abuse,2,4,4,1,0,4,4,3,3,0
txn_e43ad1d9cb06,1101.13,0.8333,14,0,89,89,89,3,5,114.0,0.3214,88.81,712.0,0.1025,0.0408,2.0801,0.5847,2.0,2.0,1,merchant_ecosystem_abuse,gift_card_abuse,2,4,4,1,0,1,1,3,3,0
txn_98eb4d834eee,509.84,0.6882,15,0,89,89,89,3,5,114.0,0.3214,88.81,712.0,0.1025,0.0408,2.0801,0.5847,2.0,2.0,1,merchant_ecosystem_abuse,gift_card_abuse,0,4,4,1,0,5,5,3,3,0
txn_4ed56f5b6e91,333.98,0.5986,16,0,89,89,89,3,5,114.0,0.3214,88.81,712.0,0.1025,0.0408,2.0801,0.5847,2.0,2.0,1,merchant_ecosystem_abuse,gift_card_abuse,0,4,4,1,0,1,1,3,3,0
txn_020fa9c7c784,1149.46,0.7407,17,0,89,89,89,2,5,114.0,0.3214,88.81,712.0,0.1025,0.0408,2.0801,0.5847,2.0,2.0,1,merchant_ecosystem_abuse,gift_card_abuse,4,4,4,1,0,5,5,3,3,0
txn_d985c1ed8e45,1342.73,0.821,18,0,89,89,89,2,5,114.0,0.3214,88.81,712.0,0.1025,0.0408,2.0801,0.5847,2.0,2.0,1,merchant_ecosystem_abuse,gift_card_abuse,2,4,4,1,0,1,1,3,3,0
txn_7c03c51c85e8,1721.45,0.6466,9,0,104,104,104,3,12,656.0,0.1247,60.24,428.0,0.1475,0.0053,0.2534,0.3399,187.0,2.0,1,merchant_ecosystem_abuse,mule_laundering,2,1,3,3,0,1,1,0,0,0
txn_438b0b4e8ea2,1317.97,0.6405,11,0,104,104,104,3,13,656.0,0.1247,60.24,428.0,0.1475,0.0053,0.2534,0.3399,187.0,2.0,1,merchant_ecosystem_abuse,mule_laundering,0,1,3,3,0,3,3,4,0,0
txn_936cf62be49d,1043.96,0.6045,12,0,104,104,104,3,14,656.0,0.1247,60.24,428.0,0.1475,0.0053,0.2534,0.3399,187.0,2.0,1,merchant_ecosystem_abuse,mule_laundering,4,1,3,3,1,5,5,0,0,1
txn_1413e2e6c833,894.49,0.5904,14,0,104,104,104,3,15,656.0,0.1247,60.24,428.0,0.1475,0.0053,0.2534,0.3399,187.0,2.0,1,merchant_ecosystem_abuse,mule_laundering,0,1,3,3,0,0,0,4,0,0
txn_bfb2cd1ec9ef,1584.45,0.6869,15,0,104,104,104,3,16,656.0,0.1247,60.24,428.0,0.1475,0.0053,0.2534,0.3399,187.0,2.0,1,merchant_ecosystem_abuse,mule_laundering,2,1,3,3,0,0,0,1,0,0
txn_a5c1320295ad,347.09,0.4149,16,0,104,104,104,3,16,656.0,0.1247,60.24,428.0,0.1475,0.0053,0.2534,0.3399,187.0,2.0,1,merchant_ecosystem_abuse,mule_laundering,0,1,3,3,0,4,4,1,0,0
txn_fed61d4f31cb,382.5,0.4287,18,1,104,104,104,3,16,656.0,0.1247,60.24,428.0,0.1475,0.0053,0.2534,0.3399,187.0,2.0,1,merchant_ecosystem_abuse,mule_laundering,3,1,3,3,0,3,4,4,0,0
txn_c55c046d993b,1102.67,0.661,19,0,104,104,104,3,17,656.0,0.1247,60.24,428.0,0.1475,0.0053,0.2534,0.3399,187.0,2.0,1,merchant_ecosystem_abuse,mule_laundering,1,1,3,3,0,0,0,4,0,0
txn_ade97d78de97,608.29,0.6395,20,0,104,104,104,3,18,656.0,0.1247,60.24,428.0,0.1475,0.0053,0.2534,0.3399,187.0,2.0,1,merchant_ecosystem_abuse,mule_laundering,2,1,3,3,0,0,0,4,0,0
txn_2f1aeef53956,1203.21,0.4615,22,0,104,104,104,3,19,656.0,0.1247,60.24,428.0,0.1475,0.0053,0.2534,0.3399,187.0,2.0,1,merchant_ecosystem_abuse,mule_laundering,3,1,3,3,0,1,1,0,0,0
txn_563cc728001d,179.74,0.4487,23,0,104,104,104,3,20,656.0,0.1247,60.24,428.0,0.1475,0.0053,0.2534,0.3399,187.0,2.0,1,merchant_ecosystem_abuse,mule_laundering,1,1,3,3,0,1,1,1,0,0
txn_470fb4023627,1632.62,0.7209,0,1,104,104,104,3,21,656.0,0.1247,60.24,428.0,0.1475,0.0053,0.2534,0.3399,187.0,2.0,1,merchant_ecosystem_abuse,mule_laundering,3,1,3,3,0,3,2,0,0,0
txn_664b415dcefe,496.12,0.6731,2,0,104,104,104,3,20,656.0,0.1247,60.24,428.0,0.1475,0.0053,0.2534,0.3399,187.0,2.0,1,merchant_ecosystem_abuse,mule_laundering,3,1,3,3,0,4,4,4,0,0
txn_e9afab631744,1321.26,0.5578,3,0,104,104,104,3,21,656.0,0.1247,60.24,428.0,0.1475,0.0053,0.2534,0.3399,187.0,2.0,1,merchant_ecosystem_abuse,mule_laundering,4,1,3,3,0,3,3,4,0,0
txn_345613f36740,504.86,0.7102,4,0,104,104,104,3,20,656.0,0.1247,60.24,428.0,0.1475,0.0053,0.2534,0.3399,187.0,2.0,1,merchant_ecosystem_abuse,mule_laundering,0,1,3,3,0,4,4,4,0,0
txn_a071fc463677,429.66,0.7366,6,0,104,104,104,3,21,656.0,0.1247,60.24,428.0,0.1475,0.0053,0.2534,0.3399,187.0,2.0,1,merchant_ecosystem_abuse,mule_laundering,4,1,3,3,0,0,0,0,0,0
txn_7483bef56e49,1381.46,0.7439,7,0,104,104,104,3,20,656.0,0.1247,60.24,428.0,0.1475,0.0053,0.2534,0.3399,187.0,2.0,1,merchant_ecosystem_abuse,mule_laundering,3,1,3,3,0,0,0,0,0,0
txn_9e8ee80ef797,514.47,0.5679,8,0,104,104,104,3,19,656.0,0.1247,60.24,428.0,0.1475,0.0053,0.2534,0.3399,187.0,2.0,1,merchant_ecosystem_abuse,mule_laundering,4,1,3,3,0,0,0,0,0,0
txn_618068cefe7d,733.82,0.7483,10,0,104,104,104,3,16,656.0,0.1247,60.24,428.0,0.1475,0.0053,0.2534,0.3399,187.0,2.0,1,merchant_ecosystem_abuse,mule_laundering,0,1,3,3,0,4,4,4,0,0
txn_d5c37f8ecdf7,705.39,0.5966,11,0,104,104,104,3,15,656.0,0.1247,60.24,428.0,0.1475,0.0053,0.2534,0.3399,187.0,2.0,1,merchant_ecosystem_abuse,mule_laundering,0,1,3,3,0,3,3,4,0,0
txn_cb8068b45250,826.87,0.6264,13,0,104,104,104,3,15,656.0,0.1247,60.24,428.0,0.1475,0.0053,0.2534,0.3399,187.0,2.0,1,merchant_ecosystem_abuse,mule_laundering,0,1,3,3,0,5,5,1,0,0
txn_f768c3d06d21,338.14,0.7591,14,0,104,104,104,3,14,656.0,0.1247,60.24,428.0,0.1475,0.0053,0.2534,0.3399,187.0,2.0,1,merchant_ecosystem_abuse,mule_laundering,1,1,3,3,0,3,3,1,0,0
txn_aeeff3a075f2,1380.81,0.6122,15,0,104,104,104,3,14,656.0,0.1247,60.24,428.0,0.1475,0.0053,0.2534,0.3399,187.0,2.0,1,merchant_ecosystem_abuse,mule_laundering,4,1,3,3,0,5,5,1,0,0
txn_f10e7be8f75a,159.03,0.6636,17,0,104,104,104,3,13,656.0,0.1247,60.24,428.0,0.1475,0.0053,0.2534,0.3399,187.0,2.0,1,merchant_ecosystem_abuse,mule_laundering,2,1,3,3,0,3,3,1,0,0
txn_dfaa8e92d320,422.6,0.7375,18,1,104,104,104,3,12,656.0,0.1247,60.24,428.0,0.1475,0.0053,0.2534,0.3399,187.0,2.0,1,merchant_ecosystem_abuse,mule_laundering,1,1,3,3,0,0,3,1,0,0
txn_0c9d29837c87,127.62,0.4601,19,0,104,104,104,3,12,656.0,0.1247,60.24,428.0,0.1475,0.0053,0.2534,0.3399,187.0,2.0,1,merchant_ecosystem_abuse,mule_laundering,1,1,3,3,0,0,0,4,0,0
txn_d36110a9bc80,1575.62,0.718,21,0,104,104,104,3,12,656.0,0.1247,60.24,428.0,0.1475,0.0053,0.2534,0.3399,187.0,2.0,1,merchant_ecosystem_abuse,mule_laundering,2,1,3,3,0,1,1,1,0,0
txn_173c561a793a,640.5,0.5527,22,1,104,104,104,3,12,656.0,0.1247,60.24,428.0,0.1475,0.0053,0.2534,0.3399,187.0,2.0,1,merchant_ecosystem_abuse,mule_laundering,4,1,3,3,0,2,1,0,0,0
txn_7b688ffe5f86,1121.97,0.4289,23,0,104,104,104,3,12,656.0,0.1247,60.24,428.0,0.1475,0.0053,0.2534,0.3399,187.0,2.0,1,merchant_ecosystem_abuse,mule_laundering,3,1,3,3,0,2,2,4,0,0
txn_c587429e652f,312.47,0.5061,1,1,104,104,104,3,12,656.0,0.1247,60.24,428.0,0.1475,0.0053,0.2534,0.3399,187.0,2.0,1,merchant_ecosystem_abuse,mule_laundering,0,1,3,3,0,4,2,0,0,0
txn_5306cbebefc6,663.78,0.4944,2,0,104,104,104,3,11,656.0,0.1247,60.24,428.0,0.1475,0.0053,0.2534,0.3399,187.0,2.0,1,merchant_ecosystem_abuse,mule_laundering,2,1,3,3,0,1,1,0,0,0
txn_421bd3225f47,757.78,0.6797,3,0,104,104,104,3,10,656.0,0.1247,60.24,428.0,0.1475,0.0053,0.2534,0.3399,187.0,2.0,1,merchant_ecosystem_abuse,mule_laundering,1,1,3,3,0,3,3,1,0,0
txn_a5a659a79c0a,1113.46,0.7483,5,0,104,104,104,3,9,656.0,0.1247,60.24,428.0,0.1475,0.0053,0.2534,0.3399,187.0,2.0,1,merchant_ecosystem_abuse,mule_laundering,4,1,3,3,0,4,4,4,0,0
txn_c9e2daa1add3,239.81,0.4773,6,0,104,104,104,3,9,656.0,0.1247,60.24,428.0,0.1475,0.0053,0.2534,0.3399,187.0,2.0,1,merchant_ecosystem_abuse,mule_laundering,0,1,3,3,0,2,2,1,0,0
txn_cad05d439299,964.24,0.5371,8,1,104,104,104,3,9,656.0,0.1247,60.24,428.0,0.1475,0.0053,0.2534,0.3399,187.0,2.0,1,merchant_ecosystem_abuse,mule_laundering,3,1,3,3,0,5,2,4,0,0
txn_61d9bfb9e423,1345.48,0.6749,9,0,104,104,104,3,9,656.0,0.1247,60.24,428.0,0.1475,0.0053,0.2534,0.3399,187.0,2.0,1,merchant_ecosystem_abuse,mule_laundering,3,1,3,3,0,4,4,4,0,0
txn_7783219b8f09,1300.17,0.6949,10,0,104,104,104,3,9,656.0,0.1247,60.24,428.0,0.1475,0.0053,0.2534,0.3399,187.0,2.0,1,merchant_ecosystem_abuse,mule_laundering,3,1,3,3,0,5,5,0,0,0
txn_56c92d8929ce,396.61,0.6523,12,0,104,104,104,3,9,656.0,0.1247,60.24,428.0,0.1475,0.0053,0.2534,0.3399,187.0,2.0,1,merchant_ecosystem_abuse,mule_laundering,3,1,3,3,0,0,0,1,0,0
txn_404af85bff42,366.4,0.4232,13,0,104,104,104,3,9,656.0,0.1247,60.24,428.0,0.1475,0.0053,0.2534,0.3399,187.0,2.0,1,merchant_ecosystem_abuse,mule_laundering,3,1,3,3,0,5,5,4,0,0
txn_b65c29cd8ea6,324.76,0.614,14,0,104,104,104,3,8,656.0,0.1247,60.24,428.0,0.1475,0.0053,0.2534,0.3399,187.0,2.0,1,merchant_ecosystem_abuse,mule_laundering,2,1,3,3,0,5,5,0,0,0
txn_16c8a1c0e9fc,1226.66,0.499,16,0,104,104,104,3,8,656.0,0.1247,60.24,428.0,0.1475,0.0053,0.2534,0.3399,187.0,2.0,1,merchant_ecosystem_abuse,mule_laundering,3,1,3,3,0,3,3,4,0,0
txn_d5bdbeb40c60,1661.65,0.4854,17,0,104,104,104,3,8,656.0,0.1247,60.24,428.0,0.1475,0.0053,0.2534,0.3399,187.0,2.0,1,merchant_ecosystem_abuse,mule_laundering,4,1,3,3,0,1,1,4,0,0
txn_ef0fd06e2f51,1579.76,0.7177,18,0,104,104,104,3,8,656.0,0.1247,60.24,428.0,0.1475,0.0053,0.2534,0.3399,187.0,2.0,1,merchant_ecosystem_abuse,mule_laundering,0,1,3,3,0,4,4,4,0,0
txn_aabdd9e47c7b,304.85,0.7482,20,0,104,104,104,3,8,656.0,0.1247,60.24,428.0,0.1475,0.0053,0.2534,0.3399,187.0,2.0,1,merchant_ecosystem_abuse,mule_laundering,3,1,3,3,0,5,5,0,0,0
txn_d91a8f41772a,354.28,0.5788,21,0,104,104,104,3,8,656.0,0.1247,60.24,428.0,0.1475,0.0053,0.2534,0.3399,187.0,2.0,1,merchant_ecosystem_abuse,mule_laundering,1,1,3,3,0,0,0,0,0,0
txn_b0d0bdd7076d,1245.66,0.6655,22,0,104,104,104,3,8,656.0,0.1247,60.24,428.0,0.1475,0.0053,0.2534,0.3399,187.0,2.0,1,merchant_ecosystem_abuse,mule_laundering,0,1,3,3,0,3,3,0,0,0
txn_3c585af70b54,1523.52,0.6607,0,1,104,104,104,3,8,656.0,0.1247,60.24,428.0,0.1475,0.0053,0.2534,0.3399,187.0,2.0,1,merchant_ecosystem_abuse,mule_laundering,4,1,3,3,0,4,3,4,0,0
txn_b0d01eb43056,937.53,0.6197,1,0,104,104,104,3,7,656.0,0.1247,60.24,428.0,0.1475,0.0053,0.2534,0.3399,187.0,2.0,1,merchant_ecosystem_abuse,mule_laundering,2,1,3,3,0,3,3,4,0,0
txn_7b3f9023abf8,1138.84,0.4148,3,0,104,104,104,3,7,656.0,0.1247,60.24,428.0,0.1475,0.0053,0.2534,0.3399,187.0,2.0,1,merchant_ecosystem_abuse,mule_laundering,4,1,3,3,0,5,5,1,0,0
txn_841a8c58e931,1621.39,0.4199,4,0,104,104,104,3,7,656.0,0.1247,60.24,428.0,0.1475,0.0053,0.2534,0.3399,187.0,2.0,1,merchant_ecosystem_abuse,mule_laundering,3,1,3,3,0,2,2,4,0,0
txn_53af12c70112,1085.98,0.4377,5,0,104,104,104,3,7,656.0,0.1247,60.24,428.0,0.1475,0.0053,0.2534,0.3399,187.0,2.0,1,merchant_ecosystem_abuse,mule_laundering,4,1,3,3,0,3,3,0,0,0
txn_a48033c0e988,1665.08,0.7496,7,0,104,104,104,3,7,656.0,0.1247,60.24,428.0,0.1475,0.0053,0.2534,0.3399,187.0,2.0,1,merchant_ecosystem_abuse,mule_laundering,0,1,3,3,0,1,1,4,0,0
txn_864e424d0196,442.08,0.628,8,0,104,104,104,3,7,656.0,0.1247,60.24,428.0,0.1475,0.0053,0.2534,0.3399,187.0,2.0,1,merchant_ecosystem_abuse,mule_laundering,3,1,3,3,0,4,4,4,0,0
txn_c0124c384cf7,609.98,0.5677,9,0,104,104,104,3,7,656.0,0.1247,60.24,428.0,0.1475,0.0053,0.2534,0.3399,187.0,2.0,1,merchant_ecosystem_abuse,mule_laundering,0,1,3,3,0,5,5,4,0,0
txn_5eaee18c6857,1508.2,0.5873,11,0,104,104,104,3,7,656.0,0.1247,60.24,428.0,0.1475,0.0053,0.2534,0.3399,187.0,2.0,1,merchant_ecosystem_abuse,mule_laundering,2,1,3,3,0,2,2,1,0,0
txn_12a167c3ab3c,502.95,0.5113,12,0,104,104,104,3,7,656.0,0.1247,60.24,428.0,0.1475,0.0053,0.2534,0.3399,187.0,2.0,1,merchant_ecosystem_abuse,mule_laundering,3,1,3,3,0,3,3,1,0,0
txn_f293e9f0e9fc,1289.65,0.5685,13,0,104,104,104,3,7,656.0,0.1247,60.24,428.0,0.1475,0.0053,0.2534,0.3399,187.0,2.0,1,merchant_ecosystem_abuse,mule_laundering,2,1,3,3,0,0,0,0,0,0
txn_5593fb336a31,1661.03,0.5175,15,0,104,104,104,3,7,656.0,0.1247,60.24,428.0,0.1475,0.0053,0.2534,0.3399,187.0,2.0,1,merchant_ecosystem_abuse,mule_laundering,3,1,3,3,0,4,4,1,0,0
txn_e29eb8c1af67,528.86,0.6654,16,1,104,104,104,3,5,656.0,0.1247,60.24,428.0,0.1475,0.0053,0.2534,0.3399,187.0,2.0,1,merchant_ecosystem_abuse,mule_laundering,2,1,3,3,0,4,3,1,0,0
txn_85c4f60f1588,1336.14,0.7313,17,0,104,104,104,3,5,656.0,0.1247,60.24,428.0,0.1475,0.0053,0.2534,0.3399,187.0,2.0,1,merchant_ecosystem_abuse,mule_laundering,3,1,3,3,0,0,0,0,0,0
txn_d4a10570ca87,1562.23,0.7121,19,0,104,104,104,3,5,656.0,0.1247,60.24,428.0,0.1475,0.0053,0.2534,0.3399,187.0,2.0,1,merchant_ecosystem_abuse,mule_laundering,0,1,3,3,0,1,1,0,0,0
txn_50bb562515a9,1205.67,0.579,20,0,104,104,104,3,5,656.0,0.1247,60.24,428.0,0.1475,0.0053,0.2534,0.3399,187.0,2.0,1,merchant_ecosystem_abuse,mule_laundering,3,1,3,3,0,0,0,4,0,0
txn_be42c5e3caa5,1205.54,0.5966,21,0,104,104,104,3,5,656.0,0.1247,60.24,428.0,0.1475,0.0053,0.2534,0.3399,187.0,2.0,1,merchant_ecosystem_abuse,mule_laundering,2,1,3,3,0,0,0,1,0,0
txn_744c0fbd5ec9,1527.96,0.7405,23,0,104,104,104,3,5,656.0,0.1247,60.24,428.0,0.1475,0.0053,0.2534,0.3399,187.0,2.0,1,merchant_ecosystem_abuse,mule_laundering,2,1,3,3,0,5,5,1,0,0
txn_0955fd39ddac,1163.34,0.468,0,0,104,104,104,3,5,656.0,0.1247,60.24,428.0,0.1475,0.0053,0.2534,0.3399,187.0,2.0,1,merchant_ecosystem_abuse,mule_laundering,0,1,3,3,0,2,2,1,0,0
txn_4549b363af0e,241.84,0.7348,2,0,104,104,104,3,5,656.0,0.1247,60.24,428.0,0.1475,0.0053,0.2534,0.3399,187.0,2.0,1,merchant_ecosystem_abuse,mule_laundering,3,1,3,3,0,3,3,4,0,0
txn_bb75f9a37e91,555.98,0.6717,3,0,104,104,104,3,5,656.0,0.1247,60.24,428.0,0.1475,0.0053,0.2534,0.3399,187.0,2.0,1,merchant_ecosystem_abuse,mule_laundering,1,1,3,3,0,4,4,0,0,0
txn_dd462fb2b313,560.91,0.5443,4,0,104,104,104,3,5,656.0,0.1247,60.24,428.0,0.1475,0.0053,0.2534,0.3399,187.0,2.0,1,merchant_ecosystem_abuse,mule_laundering,2,1,3,3,0,1,1,1,0,0
txn_9d5fc3b8c9df,1289.13,0.5189,6,0,104,104,104,3,5,656.0,0.1247,60.24,428.0,0.1475,0.0053,0.2534,0.3399,187.0,2.0,1,merchant_ecosystem_abuse,mule_laundering,4,1,3,3,0,5,5,0,0,0
txn_e693f754f195,570.96,0.4417,7,0,104,104,104,3,5,656.0,0.1247,60.24,428.0,0.1475,0.0053,0.2534,0.3399,187.0,2.0,1,merchant_ecosystem_abuse,mule_laundering,2,1,3,3,0,2,2,0,0,0
txn_640fdb1c482f,772.76,0.4585,8,0,104,104,104,3,5,656.0,0.1247,60.24,428.0,0.1475,0.0053,0.2534,0.3399,187.0,2.0,1,merchant_ecosystem_abuse,mule_laundering,2,1,3,3,0,1,1,4,0,0
txn_2290bd49d298,1478.52,0.556,10,0,104,104,104,3,5,656.0,0.1247,60.24,428.0,0.1475,0.0053,0.2534,0.3399,187.0,2.0,1,merchant_ecosystem_abuse,mule_laundering,1,1,3,3,0,4,4,1,0,0
txn_fe5c436b17e1,532.52,0.5668,11,0,104,104,104,3,5,656.0,0.1247,60.24,428.0,0.1475,0.0053,0.2534,0.3399,187.0,2.0,1,merchant_ecosystem_abuse,mule_laundering,4,1,3,3,0,4,4,1,0,0
txn_8d7bda8aaf86,1576.01,0.5347,12,0,104,104,104,3,5,656.0,0.1247,60.24,428.0,0.1475,0.0053,0.2534,0.3399,187.0,2.0,1,merchant_ecosystem_abuse,mule_laundering,0,1,3,3,0,1,1,1,0,0
txn_6daa3e9bbca1,433.15,0.4628,14,1,104,104,104,3,5,656.0,0.1247,60.24,428.0,0.1475,0.0053,0.2534,0.3399,187.0,2.0,1,merchant_ecosystem_abuse,mule_laundering,3,1,3,3,0,4,1,1,0,0
txn_e8fd0021af40,1490.9,0.5145,15,0,104,104,104,3,5,656.0,0.1247,60.24,428.0,0.1475,0.0053,0.2534,0.3399,187.0,2.0,1,merchant_ecosystem_abuse,mule_laundering,3,1,3,3,0,1,1,1,0,0
txn_ee334c879e42,1730.96,0.5141,16,0,104,104,104,3,5,656.0,0.1247,60.24,428.0,0.1475,0.0053,0.2534,0.3399,187.0,2.0,1,merchant_ecosystem_abuse,mule_laundering,1,1,3,3,0,0,0,1,0,0
txn_909209342ee6,982.03,0.5125,18,0,104,104,104,3,5,656.0,0.1247,60.24,428.0,0.1475,0.0053,0.2534,0.3399,187.0,2.0,1,merchant_ecosystem_abuse,mule_laundering,0,1,3,3,0,5,5,1,0,0
txn_4e8dcaf7790c,1387.46,0.5165,19,0,104,104,104,3,5,656.0,0.1247,60.24,428.0,0.1475,0.0053,0.2534,0.3399,187.0,2.0,1,merchant_ecosystem_abuse,mule_laundering,1,1,3,3,0,4,4,0,0,0
txn_03d361575a67,711.1,0.7218,21,0,104,104,104,3,5,656.0,0.1247,60.24,428.0,0.1475,0.0053,0.2534,0.3399,187.0,2.0,1,merchant_ecosystem_abuse,mule_laundering,4,1,3,3,0,2,2,0,0,0
txn_af7644d2c119,772.04,0.6476,22,0,104,104,104,3,5,656.0,0.1247,60.24,428.0,0.1475,0.0053,0.2534,0.3399,187.0,2.0,1,merchant_ecosystem_abuse,mule_laundering,2,1,3,3,0,3,3,4,0,0
txn_4038d1aa976b,1691.35,0.5095,23,0,104,104,104,3,5,656.0,0.1247,60.24,428.0,0.1475,0.0053,0.2534,0.3399,187.0,2.0,1,merchant_ecosystem_abuse,mule_laundering,1,1,3,3,0,3,3,0,0,0
txn_6d2d195a0ab2,1234.74,0.7563,1,0,104,104,104,3,5,656.0,0.1247,60.24,428.0,0.1475,0.0053,0.2534,0.3399,187.0,2.0,1,merchant_ecosystem_abuse,mule_laundering,0,1,3,3,0,3,3,1,0,0
txn_4a5af8c0e9ae,673.58,0.6392,2,0,104,104,104,3,5,656.0,0.1247,60.24,428.0,0.1475,0.0053,0.2534,0.3399,187.0,2.0,1,merchant_ecosystem_abuse,mule_laundering,2,1,3,3,0,3,3,1,0,0
txn_3a80714296db,655.3,0.4375,3,0,104,104,104,3,5,656.0,0.1247,60.24,428.0,0.1475,0.0053,0.2534,0.3399,187.0,2.0,1,merchant_ecosystem_abuse,mule_laundering,2,1,3,3,0,4,4,4,0,0
txn_c82123bdbadd,384.53,0.5838,5,0,104,104,104,3,5,656.0,0.1247,60.24,428.0,0.1475,0.0053,0.2534,0.3399,187.0,2.0,1,merchant_ecosystem_abuse,mule_laundering,1,1,3,3,0,2,2,0,0,0
txn_5e308616cf60,438.92,0.5196,6,1,104,104,104,3,5,656.0,0.1247,60.24,428.0,0.1475,0.0053,0.2534,0.3399,187.0,2.0,1,merchant_ecosystem_abuse,mule_laundering,4,1,3,3,0,0,1,0,0,0
txn_95be0b81e5a5,1608.82,0.5263,7,0,104,104,104,3,5,656.0,0.1247,60.24,428.0,0.1475,0.0053,0.2534,0.3399,187.0,2.0,1,merchant_ecosystem_abuse,mule_laundering,3,1,3,3,0,1,1,4,0,0
txn_e714618eef47,147.21,0.5336,9,0,104,104,104,3,4,656.0,0.1247,60.24,428.0,0.1475,0.0053,0.2534,0.3399,187.0,2.0,1,merchant_ecosystem_abuse,mule_laundering,0,1,3,3,0,2,2,4,0,0
txn_81c1248c4e7f,408.14,0.6758,10,0,104,104,104,3,4,656.0,0.1247,60.24,428.0,0.1475,0.0053,0.2534,0.3399,187.0,2.0,1,merchant_ecosystem_abuse,mule_laundering,4,1,3,3,0,0,0,0,0,0
txn_ecfaec6e276d,1580.49,0.4425,11,0,104,104,104,3,4,656.0,0.1247,60.24,428.0,0.1475,0.0053,0.2534,0.3399,187.0,2.0,1,merchant_ecosystem_abuse,mule_laundering,0,1,3,3,0,2,2,4,0,0
txn_0f285fac6fc9,1428.93,0.4623,13,0,104,104,104,3,4,656.0,0.1247,60.24,428.0,0.1475,0.0053,0.2534,0.3399,187.0,2.0,1,merchant_ecosystem_abuse,mule_laundering,3,1,3,3,0,2,2,0,0,0
txn_78e87f80b472,665.24,0.6866,14,0,104,104,104,3,4,656.0,0.1247,60.24,428.0,0.1475,0.0053,0.2534,0.3399,187.0,2.0,1,merchant_ecosystem_abuse,mule_laundering,2,1,3,3,0,2,2,4,0,0
txn_f26d080e83c8,700.92,0.6598,16,0,104,104,104,3,4,656.0,0.1247,60.24,428.0,0.1475,0.0053,0.2534,0.3399,187.0,2.0,1,merchant_ecosystem_abuse,mule_laundering,4,1,3,3,0,3,3,1,0,0
txn_ce9f5840f359,1627.57,0.416,17,0,104,104,104,3,4,656.0,0.1247,60.24,428.0,0.1475,0.0053,0.2534,0.3399,187.0,2.0,1,merchant_ecosystem_abuse,mule_laundering,3,1,3,3,0,3,3,1,0,0
txn_bacdb4d4fbd5,429.59,0.5059,18,0,104,104,104,3,4,656.0,0.1247,60.24,428.0,0.1475,0.0053,0.2534,0.3399,187.0,2.0,1,merchant_ecosystem_abuse,mule_laundering,4,1,3,3,0,1,1,1,0,0
txn_b5c6a28976eb,1052.49,0.4977,20,0,104,104,104,3,4,656.0,0.1247,60.24,428.0,0.1475,0.0053,0.2534,0.3399,187.0,2.0,1,merchant_ecosystem_abuse,mule_laundering,2,1,3,3,0,1,1,0,0,0
txn_6e4779e7ce84,1146.07,0.75,21,0,104,104,104,3,4,656.0,0.1247,60.24,428.0,0.1475,0.0053,0.2534,0.3399,187.0,2.0,1,merchant_ecosystem_abuse,mule_laundering,4,1,3,3,0,1,1,0,0,0
txn_cec722a26855,1213.52,0.4118,22,0,104,104,104,3,3,656.0,0.1247,60.24,428.0,0.1475,0.0053,0.2534,0.3399,187.0,2.0,1,merchant_ecosystem_abuse,mule_laundering,3,1,3,3,0,4,4,4,0,0
txn_83ce4de40a04,1674.36,0.7328,0,0,104,104,104,3,3,656.0,0.1247,60.24,428.0,0.1475,0.0053,0.2534,0.3399,187.0,2.0,1,merchant_ecosystem_abuse,mule_laundering,0,1,3,3,0,0,0,0,0,0
txn_31458ff57baf,450.24,0.4862,1,0,104,104,104,3,3,656.0,0.1247,60.24,428.0,0.1475,0.0053,0.2534,0.3399,187.0,2.0,1,merchant_ecosystem_abuse,mule_laundering,3,1,3,3,0,2,2,4,0,0
txn_9c2ac6c3be9c,1142.07,0.5065,2,0,104,104,104,3,3,656.0,0.1247,60.24,428.0,0.1475,0.0053,0.2534,0.3399,187.0,2.0,1,merchant_ecosystem_abuse,mule_laundering,0,1,3,3,0,5,5,0,0,0
txn_2dddd6cd34d2,393.42,0.7201,4,0,104,104,104,2,3,656.0,0.1247,60.24,428.0,0.1475,0.0053,0.2534,0.3399,187.0,2.0,1,merchant_ecosystem_abuse,mule_laundering,1,1,3,3,0,4,4,4,0,0
txn_1f9567eff645,498.54,0.7554,5,0,104,104,104,2,3,656.0,0.1247,60.24,428.0,0.1475,0.0053,0.2534,0.3399,187.0,2.0,1,merchant_ecosystem_abuse,mule_laundering,1,1,3,3,0,4,4,1,0,0
txn_22ed537ac2bb,961.63,0.6015,9,0,57,57,57,3,13,422.0,0.2934,344.92,352.0,0.155,0.0309,1.1163,0.6622,96.0,3.0,1,merchant_ecosystem_abuse,marketplace_seller_fraud,2,6,1,1,0,3,3,0,1,0
txn_53c415263bf8,1605.81,0.621,10,0,57,57,57,3,14,422.0,0.2934,344.92,352.0,0.155,0.0309,1.1163,0.6622,96.0,3.0,1,merchant_ecosystem_abuse,marketplace_seller_fraud,0,6,1,1,0,0,0,1,2,0
txn_f0f51adf9561,1672.11,0.6301,11,0,57,57,57,3,15,422.0,0.2934,344.92,352.0,0.155,0.0309,1.1163,0.6622,96.0,3.0,1,merchant_ecosystem_abuse,marketplace_seller_fraud,4,6,1,1,0,5,5,0,1,0
txn_e722624360aa,156.32,0.6017,12,0,57,57,57,3,16,422.0,0.2934,344.92,352.0,0.155,0.0309,1.1163,0.6622,96.0,3.0,1,merchant_ecosystem_abuse,marketplace_seller_fraud,4,6,1,1,0,5,5,1,1,0
txn_81a766682686,895.93,0.7193,13,0,57,57,57,3,16,422.0,0.2934,344.92,352.0,0.155,0.0309,1.1163,0.6622,96.0,3.0,1,merchant_ecosystem_abuse,marketplace_seller_fraud,2,6,1,1,0,1,1,4,2,0
txn_cdffe997d0b2,543.92,0.679,14,0,57,57,57,3,16,422.0,0.2934,344.92,352.0,0.155,0.0309,1.1163,0.6622,96.0,3.0,1,merchant_ecosystem_abuse,marketplace_seller_fraud,1,6,1,1,0,4,4,4,2,0
txn_e55dfed78167,188.35,0.7883,15,0,57,57,57,3,17,422.0,0.2934,344.92,352.0,0.155,0.0309,1.1163,0.6622,96.0,3.0,1,merchant_ecosystem_abuse,marketplace_seller_fraud,0,6,1,1,0,5,5,4,2,0
txn_4f970a141829,1066.42,0.5213,16,0,57,57,57,3,18,422.0,0.2934,344.92,352.0,0.155,0.0309,1.1163,0.6622,96.0,3.0,1,merchant_ecosystem_abuse,marketplace_seller_fraud,2,6,1,1,0,3,3,4,2,0
txn_ec3500db98a9,414.6,0.6668,17,0,57,57,57,3,19,422.0,0.2934,344.92,352.0,0.155,0.0309,1.1163,0.6622,96.0,3.0,1,merchant_ecosystem_abuse,marketplace_seller_fraud,4,6,1,1,0,1,1,1,2,0
txn_4b4bf09fcc9f,944.62,0.5122,18,0,57,57,57,3,20,422.0,0.2934,344.92,352.0,0.155,0.0309,1.1163,0.6622,96.0,3.0,1,merchant_ecosystem_abuse,marketplace_seller_fraud,1,6,1,1,0,4,4,4,1,0
txn_2bdca4eac697,1591.02,0.7957,19,0,57,57,57,3,21,422.0,0.2934,344.92,352.0,0.155,0.0309,1.1163,0.6622,96.0,3.0,1,merchant_ecosystem_abuse,marketplace_seller_fraud,4,6,1,1,0,5,5,4,1,0
txn_175f66a32aa2,430.89,0.6079,20,1,57,57,57,3,20,422.0,0.2934,344.92,352.0,0.155,0.0309,1.1163,0.6622,96.0,3.0,1,merchant_ecosystem_abuse,marketplace_seller_fraud,0,6,1,1,0,5,4,1,1,0
txn_44d8d721bff0,727.22,0.7245,21,0,57,57,57,3,21,422.0,0.2934,344.92,352.0,0.155,0.0309,1.1163,0.6622,96.0,3.0,1,merchant_ecosystem_abuse,marketplace_seller_fraud,1,6,1,1,0,4,4,4,1,0
txn_0059ae884cbe,974.55,0.7159,22,0,57,57,57,3,20,422.0,0.2934,344.92,352.0,0.155,0.0309,1.1163,0.6622,96.0,3.0,1,merchant_ecosystem_abuse,marketplace_seller_fraud,4,6,1,1,0,5,5,1,2,0
txn_18d9ee734106,194.33,0.7326,23,1,57,57,57,3,21,422.0,0.2934,344.92,352.0,0.155,0.0309,1.1163,0.6622,96.0,3.0,1,merchant_ecosystem_abuse,marketplace_seller_fraud,4,6,1,1,0,4,2,0,2,0
txn_634cc378447e,427.02,0.6123,0,0,57,57,57,3,20,422.0,0.2934,344.92,352.0,0.155,0.0309,1.1163,0.6622,96.0,3.0,1,merchant_ecosystem_abuse,marketplace_seller_fraud,0,6,1,1,0,1,1,4,2,0
txn_bb48921ba827,1214.24,0.7834,1,0,57,57,57,3,19,422.0,0.2934,344.92,352.0,0.155,0.0309,1.1163,0.6622,96.0,3.0,1,merchant_ecosystem_abuse,marketplace_seller_fraud,0,6,1,1,1,5,5,1,1,1
txn_ced1256f7f89,456.79,0.7003,2,0,57,57,57,3,16,422.0,0.2934,344.92,352.0,0.155,0.0309,1.1163,0.6622,96.0,3.0,1,merchant_ecosystem_abuse,marketplace_seller_fraud,4,6,1,1,0,2,2,4,1,0
txn_0adbed8e4312,1374.38,0.5675,3,0,57,57,57,3,15,422.0,0.2934,344.92,352.0,0.155,0.0309,1.1163,0.6622,96.0,3.0,1,merchant_ecosystem_abuse,marketplace_seller_fraud,0,6,1,1,0,0,0,0,1,0
txn_a319a7a965fc,1651.25,0.5488,4,0,57,57,57,3,15,422.0,0.2934,344.92,352.0,0.155,0.0309,1.1163,0.6622,96.0,3.0,1,merchant_ecosystem_abuse,marketplace_seller_fraud,0,6,1,1,0,4,4,0,2,0
txn_626ac4ef8ce0,345.85,0.597,5,0,57,57,57,3,14,422.0,0.2934,344.92,352.0,0.155,0.0309,1.1163,0.6622,96.0,3.0,1,merchant_ecosystem_abuse,marketplace_seller_fraud,0,6,1,1,0,4,4,4,2,0
txn_bccac52264df,485.83,0.8002,6,0,57,57,57,3,14,422.0,0.2934,344.92,352.0,0.155,0.0309,1.1163,0.6622,96.0,3.0,1,merchant_ecosystem_abuse,marketplace_seller_fraud,2,6,1,1,0,0,0,1,1,0
txn_ab874b85cd88,1234.04,0.6815,7,0,57,57,57,3,13,422.0,0.2934,344.92,352.0,0.155,0.0309,1.1163,0.6622,96.0,3.0,1,merchant_ecosystem_abuse,marketplace_seller_fraud,0,6,1,1,0,1,1,0,2,0
txn_34f59302cf19,1563.91,0.7225,8,0,57,57,57,3,12,422.0,0.2934,344.92,352.0,0.155,0.0309,1.1163,0.6622,96.0,3.0,1,merchant_ecosystem_abuse,marketplace_seller_fraud,0,6,1,1,0,3,3,1,2,0
txn_c7f86039f7cd,665.13,0.5119,9,0,57,57,57,3,12,422.0,0.2934,344.92,352.0,0.155,0.0309,1.1163,0.6622,96.0,3.0,1,merchant_ecosystem_abuse,marketplace_seller_fraud,1,6,1,1,0,4,4,0,1,0
txn_97978a1a8ab1,352.24,0.5937,10,0,57,57,57,3,12,422.0,0.2934,344.92,352.0,0.155,0.0309,1.1163,0.6622,96.0,3.0,1,merchant_ecosystem_abuse,marketplace_seller_fraud,0,6,1,1,0,4,4,1,1,0
txn_dd3b1f315eee,230.21,0.6663,11,1,57,57,57,3,12,422.0,0.2934,344.92,352.0,0.155,0.0309,1.1163,0.6622,96.0,3.0,1,merchant_ecosystem_abuse,marketplace_seller_fraud,4,6,1,1,0,1,2,0,1,0
txn_d24667a42c05,499.33,0.7177,12,0,57,57,57,3,12,422.0,0.2934,344.92,352.0,0.155,0.0309,1.1163,0.6622,96.0,3.0,1,merchant_ecosystem_abuse,marketplace_seller_fraud,3,6,1,1,0,4,4,4,2,0
txn_257cc708cbf6,1098.04,0.6957,13,0,57,57,57,3,12,422.0,0.2934,344.92,352.0,0.155,0.0309,1.1163,0.6622,96.0,3.0,1,merchant_ecosystem_abuse,marketplace_seller_fraud,2,6,1,1,1,0,0,0,1,1
txn_e6dd20ecc995,1001.33,0.4984,14,0,57,57,57,3,11,422.0,0.2934,344.92,352.0,0.155,0.0309,1.1163,0.6622,96.0,3.0,1,merchant_ecosystem_abuse,marketplace_seller_fraud,4,6,1,1,0,5,5,1,1,0
txn_6ff18346c6b2,745.74,0.4756,15,0,57,57,57,3,10,422.0,0.2934,344.92,352.0,0.155,0.0309,1.1163,0.6622,96.0,3.0,1,merchant_ecosystem_abuse,marketplace_seller_fraud,4,6,1,1,0,3,3,0,1,0
txn_c8360979636b,366.72,0.5197,16,0,57,57,57,3,9,422.0,0.2934,344.92,352.0,0.155,0.0309,1.1163,0.6622,96.0,3.0,1,merchant_ecosystem_abuse,marketplace_seller_fraud,1,6,1,1,0,3,3,4,1,0
txn_33f29cc00287,880.15,0.7233,17,1,57,57,57,3,9,422.0,0.2934,344.92,352.0,0.155,0.0309,1.1163,0.6622,96.0,3.0,1,merchant_ecosystem_abuse,marketplace_seller_fraud,4,6,1,1,0,3,4,0,1,0
txn_f4bf02a93db0,1663.85,0.6241,18,0,57,57,57,3,9,422.0,0.2934,344.92,352.0,0.155,0.0309,1.1163,0.6622,96.0,3.0,1,merchant_ecosystem_abuse,marketplace_seller_fraud,0,6,1,1,0,0,0,1,1,0
txn_613f0890e523,261.94,0.4663,19,0,57,57,57,3,9,422.0,0.2934,344.92,352.0,0.155,0.0309,1.1163,0.6622,96.0,3.0,1,merchant_ecosystem_abuse,marketplace_seller_fraud,2,6,1,1,1,0,0,1,2,1
txn_0b7aa228d1e0,1667.76,0.8328,20,0,57,57,57,3,9,422.0,0.2934,344.92,352.0,0.155,0.0309,1.1163,0.6622,96.0,3.0,1,merchant_ecosystem_abuse,marketplace_seller_fraud,0,6,1,1,0,0,0,1,1,0
txn_aadf905dc38a,1568.69,0.8096,21,0,57,57,57,3,9,422.0,0.2934,344.92,352.0,0.155,0.0309,1.1163,0.6622,96.0,3.0,1,merchant_ecosystem_abuse,marketplace_seller_fraud,4,6,1,1,0,1,1,0,2,0
txn_64f73711d33a,1248.46,0.6318,22,0,57,57,57,3,9,422.0,0.2934,344.92,352.0,0.155,0.0309,1.1163,0.6622,96.0,3.0,1,merchant_ecosystem_abuse,marketplace_seller_fraud,2,6,1,1,0,1,1,4,2,0
txn_3371af2a0a93,1280.69,0.5237,23,1,57,57,57,3,8,422.0,0.2934,344.92,352.0,0.155,0.0309,1.1163,0.6622,96.0,3.0,1,merchant_ecosystem_abuse,marketplace_seller_fraud,0,6,1,1,0,0,3,0,2,0
txn_89beca888adc,988.44,0.5985,0,0,57,57,57,3,8,422.0,0.2934,344.92,352.0,0.155,0.0309,1.1163,0.6622,96.0,3.0,1,merchant_ecosystem_abuse,marketplace_seller_fraud,3,6,1,1,0,2,2,1,2,0
txn_eee0fd091353,1070.71,0.6328,1,0,57,57,57,3,8,422.0,0.2934,344.92,352.0,0.155,0.0309,1.1163,0.6622,96.0,3.0,1,merchant_ecosystem_abuse,marketplace_seller_fraud,0,6,1,1,0,5,5,1,2,0
txn_23af823c3b79,1271.29,0.5443,2,0,57,57,57,3,8,422.0,0.2934,344.92,352.0,0.155,0.0309,1.1163,0.6622,96.0,3.0,1,merchant_ecosystem_abuse,marketplace_seller_fraud,3,6,1,1,0,1,1,4,1,0
txn_ce4d8031a986,610.94,0.7247,3,0,57,57,57,3,8,422.0,0.2934,344.92,352.0,0.155,0.0309,1.1163,0.6622,96.0,3.0,1,merchant_ecosystem_abuse,marketplace_seller_fraud,4,6,1,1,0,0,0,1,2,0
txn_3fcb51ba9443,1204.15,0.807,4,1,57,57,57,3,8,422.0,0.2934,344.92,352.0,0.155,0.0309,1.1163,0.6622,96.0,3.0,1,merchant_ecosystem_abuse,marketplace_seller_fraud,0,6,1,1,0,2,5,0,1,0
txn_04b56a47a73e,196.05,0.6424,5,0,57,57,57,3,8,422.0,0.2934,344.92,352.0,0.155,0.0309,1.1163,0.6622,96.0,3.0,1,merchant_ecosystem_abuse,marketplace_seller_fraud,2,6,1,1,0,2,2,1,2,0
txn_aa0b36e64546,1373.2,0.8317,6,0,57,57,57,3,8,422.0,0.2934,344.92,352.0,0.155,0.0309,1.1163,0.6622,96.0,3.0,1,merchant_ecosystem_abuse,marketplace_seller_fraud,1,6,1,1,0,2,2,4,2,0
txn_a70f1a99020c,1471.8,0.7899,7,0,57,57,57,3,7,422.0,0.2934,344.92,352.0,0.155,0.0309,1.1163,0.6622,96.0,3.0,1,merchant_ecosystem_abuse,marketplace_seller_fraud,0,6,1,1,0,5,5,1,1,0
txn_749fb84eff4e,526.72,0.709,8,0,57,57,57,3,7,422.0,0.2934,344.92,352.0,0.155,0.0309,1.1163,0.6622,96.0,3.0,1,merchant_ecosystem_abuse,marketplace_seller_fraud,4,6,1,1,0,4,4,0,1,0
txn_e56e227def57,563.26,0.8245,9,0,57,57,57,3,7,422.0,0.2934,344.92,352.0,0.155,0.0309,1.1163,0.6622,96.0,3.0,1,merchant_ecosystem_abuse,marketplace_seller_fraud,2,6,1,1,0,1,1,1,1,0
txn_1c78fd4b7697,1638.85,0.6193,10,0,57,57,57,3,7,422.0,0.2934,344.92,352.0,0.155,0.0309,1.1163,0.6622,96.0,3.0,1,merchant_ecosystem_abuse,marketplace_seller_fraud,3,6,1,1,0,4,4,1,1,0
txn_dc0afe6d3cae,328.83,0.5329,11,0,57,57,57,3,7,422.0,0.2934,344.92,352.0,0.155,0.0309,1.1163,0.6622,96.0,3.0,1,merchant_ecosystem_abuse,marketplace_seller_fraud,2,6,1,1,0,3,3,4,2,0
txn_ccef9a3ba7de,826.31,0.8019,12,0,57,57,57,3,7,422.0,0.2934,344.92,352.0,0.155,0.0309,1.1163,0.6622,96.0,3.0,1,merchant_ecosystem_abuse,marketplace_seller_fraud,0,6,1,1,0,3,3,1,1,0
txn_79bb9d67c3e0,828.14,0.4875,13,0,57,57,57,3,7,422.0,0.2934,344.92,352.0,0.155,0.0309,1.1163,0.6622,96.0,3.0,1,merchant_ecosystem_abuse,marketplace_seller_fraud,4,6,1,1,0,3,3,1,1,0
txn_874623b55540,552.65,0.7208,14,0,57,57,57,3,7,422.0,0.2934,344.92,352.0,0.155,0.0309,1.1163,0.6622,96.0,3.0,1,merchant_ecosystem_abuse,marketplace_seller_fraud,0,6,1,1,0,5,5,1,1,0
txn_ecd7c96e84e3,727.92,0.4698,15,0,57,57,57,3,7,422.0,0.2934,344.92,352.0,0.155,0.0309,1.1163,0.6622,96.0,3.0,1,merchant_ecosystem_abuse,marketplace_seller_fraud,3,6,1,1,0,1,1,0,1,0
txn_181cdd670f5e,1629.84,0.6941,16,0,57,57,57,3,7,422.0,0.2934,344.92,352.0,0.155,0.0309,1.1163,0.6622,96.0,3.0,1,merchant_ecosystem_abuse,marketplace_seller_fraud,2,6,1,1,0,3,3,0,2,0
txn_20a2bcd88241,980.82,0.603,17,0,57,57,57,3,7,422.0,0.2934,344.92,352.0,0.155,0.0309,1.1163,0.6622,96.0,3.0,1,merchant_ecosystem_abuse,marketplace_seller_fraud,0,6,1,1,0,5,5,4,2,0
txn_802549a4edee,966.81,0.4892,9,1,30,30,30,3,14,657.0,0.2838,159.73,357.0,0.2192,0.0093,0.5564,0.6949,15.0,3.0,1,merchant_ecosystem_abuse,triangulation_fraud,2,6,1,1,0,2,4,0,2,0
txn_51ae83bd43d6,1345.85,0.6767,11,0,30,30,30,3,15,657.0,0.2838,159.73,357.0,0.2192,0.0093,0.5564,0.6949,15.0,3.0,1,merchant_ecosystem_abuse,triangulation_fraud,4,6,1,1,0,4,4,1,1,0
txn_a799091c0d90,934.86,0.6445,12,0,30,30,30,3,16,657.0,0.2838,159.73,357.0,0.2192,0.0093,0.5564,0.6949,15.0,3.0,1,merchant_ecosystem_abuse,triangulation_fraud,3,6,1,1,0,5,5,0,1,0
txn_3e68493c9a29,1379.76,0.6588,13,0,30,30,30,3,16,657.0,0.2838,159.73,357.0,0.2192,0.0093,0.5564,0.6949,15.0,3.0,1,merchant_ecosystem_abuse,triangulation_fraud,3,6,1,1,0,3,3,4,1,0
txn_6b6332a1e746,797.86,0.6087,14,0,30,30,30,3,16,657.0,0.2838,159.73,357.0,0.2192,0.0093,0.5564,0.6949,15.0,3.0,1,merchant_ecosystem_abuse,triangulation_fraud,0,6,1,1,0,5,5,1,1,0
txn_9a053db107c5,1084.78,0.6203,16,0,30,30,30,3,17,657.0,0.2838,159.73,357.0,0.2192,0.0093,0.5564,0.6949,15.0,3.0,1,merchant_ecosystem_abuse,triangulation_fraud,4,6,1,1,0,1,1,4,2,0
txn_520bb5bbe173,915.0,0.4514,17,0,30,30,30,3,18,657.0,0.2838,159.73,357.0,0.2192,0.0093,0.5564,0.6949,15.0,3.0,1,merchant_ecosystem_abuse,triangulation_fraud,4,6,1,1,0,5,5,4,1,0
txn_1b627806b905,1271.69,0.6171,18,0,30,30,30,3,19,657.0,0.2838,159.73,357.0,0.2192,0.0093,0.5564,0.6949,15.0,3.0,1,merchant_ecosystem_abuse,triangulation_fraud,3,6,1,1,0,1,1,1,1,0
txn_3cf8b9057192,285.16,0.6735,19,0,30,30,30,3,20,657.0,0.2838,159.73,357.0,0.2192,0.0093,0.5564,0.6949,15.0,3.0,1,merchant_ecosystem_abuse,triangulation_fraud,2,6,1,1,0,2,2,0,2,0
txn_cdcc67851956,1176.46,0.7118,21,0,30,30,30,3,21,657.0,0.2838,159.73,357.0,0.2192,0.0093,0.5564,0.6949,15.0,3.0,1,merchant_ecosystem_abuse,triangulation_fraud,1,6,1,1,0,2,2,4,2,0
txn_fb78ec9ebab0,163.27,0.7221,22,0,30,30,30,3,20,657.0,0.2838,159.73,357.0,0.2192,0.0093,0.5564,0.6949,15.0,3.0,1,merchant_ecosystem_abuse,triangulation_fraud,3,6,1,1,0,1,1,4,1,0
txn_1ad1e7325a34,1013.73,0.6553,23,0,30,30,30,3,21,657.0,0.2838,159.73,357.0,0.2192,0.0093,0.5564,0.6949,15.0,3.0,1,merchant_ecosystem_abuse,triangulation_fraud,0,6,1,1,0,2,2,4,1,0
txn_9f17f5c72ede,1224.79,0.4758,0,0,30,30,30,3,20,657.0,0.2838,159.73,357.0,0.2192,0.0093,0.5564,0.6949,15.0,3.0,1,merchant_ecosystem_abuse,triangulation_fraud,1,6,1,1,0,1,1,4,1,0
txn_a655c840e84b,281.88,0.692,2,0,30,30,30,3,21,657.0,0.2838,159.73,357.0,0.2192,0.0093,0.5564,0.6949,15.0,3.0,1,merchant_ecosystem_abuse,triangulation_fraud,4,6,1,1,0,1,1,4,1,0
txn_a86d798bf54d,817.99,0.7599,3,0,30,30,30,3,20,657.0,0.2838,159.73,357.0,0.2192,0.0093,0.5564,0.6949,15.0,3.0,1,merchant_ecosystem_abuse,triangulation_fraud,2,6,1,1,0,5,5,1,1,0
txn_9db47c128a7e,512.11,0.5853,4,0,30,30,30,3,19,657.0,0.2838,159.73,357.0,0.2192,0.0093,0.5564,0.6949,15.0,3.0,1,merchant_ecosystem_abuse,triangulation_fraud,3,6,1,1,0,4,4,1,2,0
txn_1de15627171a,1076.99,0.7368,5,0,30,30,30,3,16,657.0,0.2838,159.73,357.0,0.2192,0.0093,0.5564,0.6949,15.0,3.0,1,merchant_ecosystem_abuse,triangulation_fraud,2,6,1,1,0,5,5,1,1,0
txn_0d25730fddbf,249.51,0.5819,6,0,30,30,30,3,15,657.0,0.2838,159.73,357.0,0.2192,0.0093,0.5564,0.6949,15.0,3.0,1,merchant_ecosystem_abuse,triangulation_fraud,4,6,1,1,0,2,2,4,1,0
txn_a5e3437b6e5a,393.76,0.5649,8,0,30,30,30,3,15,657.0,0.2838,159.73,357.0,0.2192,0.0093,0.5564,0.6949,15.0,3.0,1,merchant_ecosystem_abuse,triangulation_fraud,0,6,1,1,0,2,2,0,1,0
txn_a81c9627ea81,1499.86,0.4907,9,0,30,30,30,3,14,657.0,0.2838,159.73,357.0,0.2192,0.0093,0.5564,0.6949,15.0,3.0,1,merchant_ecosystem_abuse,triangulation_fraud,4,6,1,1,0,4,4,4,1,0
txn_fe0a381eb685,927.51,0.6055,10,0,30,30,30,3,14,657.0,0.2838,159.73,357.0,0.2192,0.0093,0.5564,0.6949,15.0,3.0,1,merchant_ecosystem_abuse,triangulation_fraud,3,6,1,1,0,5,5,4,2,0
txn_24298cf81a91,136.78,0.6279,11,0,30,30,30,3,13,657.0,0.2838,159.73,357.0,0.2192,0.0093,0.5564,0.6949,15.0,3.0,1,merchant_ecosystem_abuse,triangulation_fraud,1,6,1,1,0,3,3,0,1,0
txn_b574848c81bf,1308.41,0.6501,13,0,30,30,30,3,12,657.0,0.2838,159.73,357.0,0.2192,0.0093,0.5564,0.6949,15.0,3.0,1,merchant_ecosystem_abuse,triangulation_fraud,2,6,1,1,0,4,4,0,1,0
txn_c9d7719d2b5b,759.43,0.5823,14,0,30,30,30,3,12,657.0,0.2838,159.73,357.0,0.2192,0.0093,0.5564,0.6949,15.0,3.0,1,merchant_ecosystem_abuse,triangulation_fraud,3,6,1,1,0,5,5,0,1,0
txn_f77050d1f169,692.73,0.6181,15,0,30,30,30,3,12,657.0,0.2838,159.73,357.0,0.2192,0.0093,0.5564,0.6949,15.0,3.0,1,merchant_ecosystem_abuse,triangulation_fraud,0,6,1,1,0,4,4,0,2,0
txn_ad5d899529c6,796.24,0.5173,16,0,30,30,30,3,12,657.0,0.2838,159.73,357.0,0.2192,0.0093,0.5564,0.6949,15.0,3.0,1,merchant_ecosystem_abuse,triangulation_fraud,0,6,1,1,0,5,5,0,1,0
txn_a10586c84879,839.59,0.514,18,0,30,30,30,3,12,657.0,0.2838,159.73,357.0,0.2192,0.0093,0.5564,0.6949,15.0,3.0,1,merchant_ecosystem_abuse,triangulation_fraud,1,6,1,1,0,4,4,1,1,0
txn_9d6c9e3064ec,818.54,0.4343,19,0,30,30,30,3,12,657.0,0.2838,159.73,357.0,0.2192,0.0093,0.5564,0.6949,15.0,3.0,1,merchant_ecosystem_abuse,triangulation_fraud,1,6,1,1,0,3,3,1,2,0
txn_24096a4a2f23,207.55,0.7927,20,0,30,30,30,3,11,657.0,0.2838,159.73,357.0,0.2192,0.0093,0.5564,0.6949,15.0,3.0,1,merchant_ecosystem_abuse,triangulation_fraud,1,6,1,1,0,0,0,4,1,0
txn_6a7f373697ef,1130.56,0.7208,21,0,30,30,30,3,10,657.0,0.2838,159.73,357.0,0.2192,0.0093,0.5564,0.6949,15.0,3.0,1,merchant_ecosystem_abuse,triangulation_fraud,3,6,1,1,0,4,4,4,2,0
txn_c50e5f220c1b,435.24,0.4767,9,0,11,11,11,3,15,576.0,0.0136,258.6,977.0,0.1387,0.0611,0.7597,0.4797,9.0,1.0,1,post_transaction_abuse,alternative_refund_abuse,0,3,4,2,0,3,3,5,3,0
txn_41cb3f72a88f,280.8,0.4913,11,0,11,11,11,3,16,576.0,0.0136,258.6,977.0,0.1387,0.0611,0.7597,0.4797,9.0,1.0,1,post_transaction_abuse,alternative_refund_abuse,0,3,4,2,0,0,0,2,3,0
txn_89ad07844dcb,250.65,0.6375,12,1,11,11,11,3,16,576.0,0.0136,258.6,977.0,0.1387,0.0611,0.7597,0.4797,9.0,1.0,1,post_transaction_abuse,alternative_refund_abuse,2,3,4,2,0,4,5,5,3,0
txn_b41f258f70ac,75.66,0.8059,13,0,11,11,11,3,16,576.0,0.0136,258.6,977.0,0.1387,0.0611,0.7597,0.4797,9.0,1.0,1,post_transaction_abuse,alternative_refund_abuse,4,3,4,2,0,4,4,3,3,0
txn_0d533588e927,312.55,0.4984,15,0,11,11,11,3,17,576.0,0.0136,258.6,977.0,0.1387,0.0611,0.7597,0.4797,9.0,1.0,1,post_transaction_abuse,alternative_refund_abuse,0,3,4,2,0,4,4,5,3,0
txn_d7d1c934156a,288.81,0.6671,16,0,11,11,11,3,18,576.0,0.0136,258.6,977.0,0.1387,0.0611,0.7597,0.4797,9.0,1.0,1,post_transaction_abuse,alternative_refund_abuse,2,3,4,2,0,3,3,2,3,0
txn_947e3e3f9172,248.04,0.7592,17,0,11,11,11,3,19,576.0,0.0136,258.6,977.0,0.1387,0.0611,0.7597,0.4797,9.0,1.0,1,post_transaction_abuse,alternative_refund_abuse,4,3,4,2,0,3,3,5,3,0
txn_ae3006e9c567,190.24,0.6602,18,0,11,11,11,3,20,576.0,0.0136,258.6,977.0,0.1387,0.0611,0.7597,0.4797,9.0,1.0,1,post_transaction_abuse,alternative_refund_abuse,4,3,4,2,0,2,2,0,3,0
txn_b2aabe881673,368.13,0.5538,20,0,11,11,11,3,21,576.0,0.0136,258.6,977.0,0.1387,0.0611,0.7597,0.4797,9.0,1.0,1,post_transaction_abuse,alternative_refund_abuse,1,3,4,2,0,5,5,6,3,0
txn_e757aa003d25,174.36,0.5521,21,0,11,11,11,2,20,576.0,0.0136,258.6,977.0,0.1387,0.0611,0.7597,0.4797,9.0,1.0,1,post_transaction_abuse,alternative_refund_abuse,4,3,4,2,0,2,2,1,3,0
txn_5be174291c9c,413.32,0.5301,22,0,11,11,11,2,21,576.0,0.0136,258.6,977.0,0.1387,0.0611,0.7597,0.4797,9.0,1.0,1,post_transaction_abuse,alternative_refund_abuse,2,3,4,2,0,2,2,6,3,0
txn_224e2f7cf094,149.8,0.5509,10,1,14,14,14,3,16,141.0,0.3229,342.09,114.0,0.0211,0.0515,0.7083,0.6715,150.0,3.0,1,post_transaction_abuse,chargeback_fraud,4,4,1,2,0,0,1,2,2,0
txn_efa8e6bb249f,115.67,0.714,11,0,14,14,14,3,16,141.0,0.3229,342.09,114.0,0.0211,0.0515,0.7083,0.6715,150.0,3.0,1,post_transaction_abuse,chargeback_fraud,0,4,1,2,0,3,3,1,2,0
txn_2e31b27ab3f1,235.1,0.4737,12,0,14,14,14,3,16,141.0,0.3229,342.09,114.0,0.0211,0.0515,0.7083,0.6715,150.0,3.0,1,post_transaction_abuse,chargeback_fraud,1,4,1,2,0,3,3,5,1,0
txn_ae505bbbca5f,259.99,0.7591,13,0,14,14,14,3,17,141.0,0.3229,342.09,114.0,0.0211,0.0515,0.7083,0.6715,150.0,3.0,1,post_transaction_abuse,chargeback_fraud,4,4,1,2,0,0,0,0,2,0
txn_7d3fc5de915b,442.75,0.5669,15,0,14,14,14,3,18,141.0,0.3229,342.09,114.0,0.0211,0.0515,0.7083,0.6715,150.0,3.0,1,post_transaction_abuse,chargeback_fraud,1,4,1,2,0,1,1,2,2,0
txn_a0c8cda5dbfb,239.48,0.605,16,0,14,14,14,3,19,141.0,0.3229,342.09,114.0,0.0211,0.0515,0.7083,0.6715,150.0,3.0,1,post_transaction_abuse,chargeback_fraud,3,4,1,2,0,2,2,4,2,0
txn_24fcc239cb29,58.21,0.8048,17,1,14,14,14,3,20,141.0,0.3229,342.09,114.0,0.0211,0.0515,0.7083,0.6715,150.0,3.0,1,post_transaction_abuse,chargeback_fraud,1,4,1,2,0,0,3,0,1,0
txn_0cec0e2e027a,269.08,0.5808,19,0,14,14,14,3,21,141.0,0.3229,342.09,114.0,0.0211,0.0515,0.7083,0.6715,150.0,3.0,1,post_transaction_abuse,chargeback_fraud,2,4,1,2,0,4,4,0,2,0
txn_29a6f7a620d1,324.42,0.6245,20,0,14,14,14,3,20,141.0,0.3229,342.09,114.0,0.0211,0.0515,0.7083,0.6715,150.0,3.0,1,post_transaction_abuse,chargeback_fraud,2,4,1,2,0,4,4,2,2,0
txn_c14ebb3cc8d9,161.91,0.4728,21,0,14,14,14,3,21,141.0,0.3229,342.09,114.0,0.0211,0.0515,0.7083,0.6715,150.0,3.0,1,post_transaction_abuse,chargeback_fraud,0,4,1,2,0,1,1,4,1,0
txn_5592db72d7db,257.28,0.541,22,0,14,14,14,3,20,141.0,0.3229,342.09,114.0,0.0211,0.0515,0.7083,0.6715,150.0,3.0,1,post_transaction_abuse,chargeback_fraud,2,4,1,2,0,3,3,2,1,0
txn_5550d9e52256,108.09,0.6365,0,1,14,14,14,3,21,141.0,0.3229,342.09,114.0,0.0211,0.0515,0.7083,0.6715,150.0,3.0,1,post_transaction_abuse,chargeback_fraud,0,4,1,2,0,5,0,1,2,0
txn_008276fcf074,27.96,0.6801,1,0,14,14,14,2,20,141.0,0.3229,342.09,114.0,0.0211,0.0515,0.7083,0.6715,150.0,3.0,1,post_transaction_abuse,chargeback_fraud,1,4,1,2,0,5,5,3,2,0
txn_c8eccebb2f35,123.95,0.6498,2,0,14,14,14,2,19,141.0,0.3229,342.09,114.0,0.0211,0.0515,0.7083,0.6715,150.0,3.0,1,post_transaction_abuse,chargeback_fraud,2,4,1,2,0,3,3,1,1,0
txn_0b4ca74d66aa,290.03,0.5905,10,0,12,12,12,3,16,211.0,0.0321,38.87,599.0,0.2245,0.0554,0.5755,0.4224,69.0,2.0,1,post_transaction_abuse,non_delivery_claim,2,3,1,2,0,2,2,1,1,0
txn_fa4e020ca328,227.96,0.7493,11,1,12,12,12,3,16,211.0,0.0321,38.87,599.0,0.2245,0.0554,0.5755,0.4224,69.0,2.0,1,post_transaction_abuse,non_delivery_claim,3,3,1,2,0,3,5,4,2,0
txn_b7270b5f80a5,168.85,0.4782,12,0,12,12,12,3,17,211.0,0.0321,38.87,599.0,0.2245,0.0554,0.5755,0.4224,69.0,2.0,1,post_transaction_abuse,non_delivery_claim,4,3,1,2,0,5,5,4,2,0
txn_a4bf0e46e92b,229.66,0.4856,14,0,12,12,12,3,18,211.0,0.0321,38.87,599.0,0.2245,0.0554,0.5755,0.4224,69.0,2.0,1,post_transaction_abuse,non_delivery_claim,1,3,1,2,0,2,2,4,2,0
txn_e4c6a4fd21b5,152.0,0.4467,15,0,12,12,12,3,19,211.0,0.0321,38.87,599.0,0.2245,0.0554,0.5755,0.4224,69.0,2.0,1,post_transaction_abuse,non_delivery_claim,1,3,1,2,0,4,4,3,1,0
txn_2ae6e3f2dab7,374.82,0.784,16,0,12,12,12,3,20,211.0,0.0321,38.87,599.0,0.2245,0.0554,0.5755,0.4224,69.0,2.0,1,post_transaction_abuse,non_delivery_claim,2,3,1,2,0,2,2,1,1,0
txn_e5fe8221c4d1,366.93,0.708,18,0,12,12,12,3,21,211.0,0.0321,38.87,599.0,0.2245,0.0554,0.5755,0.4224,69.0,2.0,1,post_transaction_abuse,non_delivery_claim,2,3,1,2,0,5,5,0,2,0
txn_d86329fbbe61,349.82,0.615,19,0,12,12,12,3,20,211.0,0.0321,38.87,599.0,0.2245,0.0554,0.5755,0.4224,69.0,2.0,1,post_transaction_abuse,non_delivery_claim,1,3,1,2,0,3,3,4,1,0
txn_01cfbfc08283,92.26,0.7665,20,0,12,12,12,3,21,211.0,0.0321,38.87,599.0,0.2245,0.0554,0.5755,0.4224,69.0,2.0,1,post_transaction_abuse,non_delivery_claim,1,3,1,2,0,2,2,6,1,0
txn_38269ce01b80,277.38,0.4755,22,0,12,12,12,3,20,211.0,0.0321,38.87,599.0,0.2245,0.0554,0.5755,0.4224,69.0,2.0,1,post_transaction_abuse,non_delivery_claim,2,3,1,2,0,3,3,6,1,0
txn_0760a498b870,140.3,0.673,23,0,12,12,12,3,21,211.0,0.0321,38.87,599.0,0.2245,0.0554,0.5755,0.4224,69.0,2.0,1,post_transaction_abuse,non_delivery_claim,2,3,1,2,0,3,3,4,1,0
txn_208de4aa987f,331.89,0.7139,0,0,12,12,12,3,20,211.0,0.0321,38.87,599.0,0.2245,0.0554,0.5755,0.4224,69.0,2.0,1,post_transaction_abuse,non_delivery_claim,3,3,1,2,0,1,1,1,2,0
txn_405f81ebdefe,407.22,0.6257,10,0,8,8,8,3,16,1004.0,0.0126,84.75,430.0,0.0173,0.0382,0.9696,0.4448,134.0,1.0,1,post_transaction_abuse,refund_fraud,4,3,1,2,0,2,2,5,1,0
txn_8a103e3bb6f7,94.36,0.418,11,0,8,8,8,3,17,1004.0,0.0126,84.75,430.0,0.0173,0.0382,0.9696,0.4448,134.0,1.0,1,post_transaction_abuse,refund_fraud,4,3,1,2,0,3,3,2,2,0
txn_88a62d2a222b,213.37,0.5425,13,0,8,8,8,3,18,1004.0,0.0126,84.75,430.0,0.0173,0.0382,0.9696,0.4448,134.0,1.0,1,post_transaction_abuse,refund_fraud,1,3,1,2,0,3,3,5,2,0
txn_90c330a90813,81.36,0.5331,14,0,8,8,8,3,19,1004.0,0.0126,84.75,430.0,0.0173,0.0382,0.9696,0.4448,134.0,1.0,1,post_transaction_abuse,refund_fraud,3,3,1,2,0,0,0,3,1,0
txn_9ca6828140eb,242.91,0.4539,16,1,8,8,8,3,20,1004.0,0.0126,84.75,430.0,0.0173,0.0382,0.9696,0.4448,134.0,1.0,1,post_transaction_abuse,refund_fraud,4,3,1,2,0,4,1,0,1,0
txn_0b70f3c1b7dd,163.04,0.6429,18,0,8,8,8,3,21,1004.0,0.0126,84.75,430.0,0.0173,0.0382,0.9696,0.4448,134.0,1.0,1,post_transaction_abuse,refund_fraud,2,3,1,2,0,1,1,4,2,0
txn_614b44527cb1,173.83,0.7061,19,0,8,8,8,2,20,1004.0,0.0126,84.75,430.0,0.0173,0.0382,0.9696,0.4448,134.0,1.0,1,post_transaction_abuse,refund_fraud,1,3,1,2,0,2,2,1,1,0
txn_69d230120dc2,447.65,0.6553,21,0,8,8,8,2,21,1004.0,0.0126,84.75,430.0,0.0173,0.0382,0.9696,0.4448,134.0,1.0,1,post_transaction_abuse,refund_fraud,0,3,1,2,0,4,4,4,1,0
txn_dcc9f68d77f7,258.93,0.6048,10,0,17,17,17,3,17,985.0,0.2342,153.75,412.0,0.1891,0.0057,1.2063,0.7053,251.0,4.0,1,post_transaction_abuse,return_policy_abuse,1,4,1,2,0,1,1,3,1,0
txn_cbbb39566e15,166.81,0.4362,11,1,17,17,17,3,18,985.0,0.2342,153.75,412.0,0.1891,0.0057,1.2063,0.7053,251.0,4.0,1,post_transaction_abuse,return_policy_abuse,0,4,1,2,0,3,5,1,2,0
txn_e56acf008ea5,189.55,0.4504,12,0,17,17,17,3,19,985.0,0.2342,153.75,412.0,0.1891,0.0057,1.2063,0.7053,251.0,4.0,1,post_transaction_abuse,return_policy_abuse,1,4,1,2,0,3,3,0,1,0
txn_261caf31f15a,443.64,0.5009,13,0,17,17,17,3,20,985.0,0.2342,153.75,412.0,0.1891,0.0057,1.2063,0.7053,251.0,4.0,1,post_transaction_abuse,return_policy_abuse,3,4,1,2,0,5,5,3,2,0
txn_335f2fabab3f,305.28,0.7188,15,0,17,17,17,3,21,985.0,0.2342,153.75,412.0,0.1891,0.0057,1.2063,0.7053,251.0,4.0,1,post_transaction_abuse,return_policy_abuse,2,4,1,2,0,3,3,3,2,0
txn_4c7f115c328f,251.97,0.7628,16,0,17,17,17,3,20,985.0,0.2342,153.75,412.0,0.1891,0.0057,1.2063,0.7053,251.0,4.0,1,post_transaction_abuse,return_policy_abuse,0,4,1,2,0,3,3,4,2,0
txn_c2014fdd36ab,75.1,0.4416,17,0,17,17,17,3,21,985.0,0.2342,153.75,412.0,0.1891,0.0057,1.2063,0.7053,251.0,4.0,1,post_transaction_abuse,return_policy_abuse,4,4,1,2,0,4,4,4,2,0
txn_fb24f8f27a33,406.96,0.4651,19,0,17,17,17,3,20,985.0,0.2342,153.75,412.0,0.1891,0.0057,1.2063,0.7053,251.0,4.0,1,post_transaction_abuse,return_policy_abuse,3,4,1,2,0,4,4,2,1,0
txn_4e611d2fa7e1,270.02,0.5996,20,1,17,17,17,3,21,985.0,0.2342,153.75,412.0,0.1891,0.0057,1.2063,0.7053,251.0,4.0,1,post_transaction_abuse,return_policy_abuse,4,4,1,2,0,4,2,1,1,0
txn_1424c93b40ce,447.03,0.7852,21,0,17,17,17,3,20,985.0,0.2342,153.75,412.0,0.1891,0.0057,1.2063,0.7053,251.0,4.0,1,post_transaction_abuse,return_policy_abuse,1,4,1,2,0,5,5,5,1,0
txn_56cf2a98b653,97.5,0.7598,22,0,17,17,17,3,19,985.0,0.2342,153.75,412.0,0.1891,0.0057,1.2063,0.7053,251.0,4.0,1,post_transaction_abuse,return_policy_abuse,0,4,1,2,0,3,3,2,2,0
txn_c2110d73317a,196.65,0.5759,0,0,17,17,17,3,16,985.0,0.2342,153.75,412.0,0.1891,0.0057,1.2063,0.7053,251.0,4.0,1,post_transaction_abuse,return_policy_abuse,4,4,1,2,0,1,1,2,1,0
txn_eb44a608a053,176.32,0.4793,1,0,17,17,17,3,15,985.0,0.2342,153.75,412.0,0.1891,0.0057,1.2063,0.7053,251.0,4.0,1,post_transaction_abuse,return_policy_abuse,1,4,1,2,0,4,4,4,2,0
txn_5262331cfda1,98.64,0.7018,2,0,17,17,17,3,15,985.0,0.2342,153.75,412.0,0.1891,0.0057,1.2063,0.7053,251.0,4.0,1,post_transaction_abuse,return_policy_abuse,0,4,1,2,0,5,5,4,2,0
txn_8b8a9371801b,196.28,0.5431,4,0,17,17,17,3,14,985.0,0.2342,153.75,412.0,0.1891,0.0057,1.2063,0.7053,251.0,4.0,1,post_transaction_abuse,return_policy_abuse,0,4,1,2,0,1,1,5,1,0
txn_5b857ffd75a0,282.3,0.5371,5,0,17,17,17,2,14,985.0,0.2342,153.75,412.0,0.1891,0.0057,1.2063,0.7053,251.0,4.0,1,post_transaction_abuse,return_policy_abuse,1,4,1,2,0,4,4,2,2,0
txn_ffc571e7d5a6,331.2,0.5517,6,0,17,17,17,2,13,985.0,0.2342,153.75,412.0,0.1891,0.0057,1.2063,0.7053,251.0,4.0,1,post_transaction_abuse,return_policy_abuse,4,4,1,2,0,2,2,6,1,0
txn_56dcc7edc64c,33.79,0.5479,10,0,9,9,9,3,18,705.0,0.2831,255.32,311.0,0.0292,0.0339,0.0768,0.64,266.0,3.0,1,social_engineering_payment_fraud,ai_impersonation,2,2,1,1,0,5,5,2,1,0
txn_eb5242084a1f,41.58,0.4776,11,0,9,9,9,3,19,705.0,0.2831,255.32,311.0,0.0292,0.0339,0.0768,0.64,266.0,3.0,1,social_engineering_payment_fraud,ai_impersonation,2,2,1,1,0,2,2,2,1,0
txn_e7ec45253fe0,7.3,0.7358,12,1,9,9,9,3,20,705.0,0.2831,255.32,311.0,0.0292,0.0339,0.0768,0.64,266.0,3.0,1,social_engineering_payment_fraud,ai_impersonation,0,2,1,1,0,3,4,2,2,0
txn_89f2a72d2384,79.56,0.5712,14,0,9,9,9,3,21,705.0,0.2831,255.32,311.0,0.0292,0.0339,0.0768,0.64,266.0,3.0,1,social_engineering_payment_fraud,ai_impersonation,2,2,1,1,0,2,2,2,1,0
txn_bb6448bbe4f1,6.74,0.4655,15,0,9,9,9,3,20,705.0,0.2831,255.32,311.0,0.0292,0.0339,0.0768,0.64,266.0,3.0,1,social_engineering_payment_fraud,ai_impersonation,0,2,1,1,0,4,4,2,2,0
txn_185ed233c651,20.48,0.7166,17,1,9,9,9,3,21,705.0,0.2831,255.32,311.0,0.0292,0.0339,0.0768,0.64,266.0,3.0,1,social_engineering_payment_fraud,ai_impersonation,3,2,1,1,0,5,1,2,1,0
txn_204089f9cc8b,41.32,0.6594,18,1,9,9,9,3,20,705.0,0.2831,255.32,311.0,0.0292,0.0339,0.0768,0.64,266.0,3.0,1,social_engineering_payment_fraud,ai_impersonation,3,2,1,1,0,4,0,2,1,0
txn_5a2734d2f703,57.55,0.642,20,0,9,9,9,3,21,705.0,0.2831,255.32,311.0,0.0292,0.0339,0.0768,0.64,266.0,3.0,1,social_engineering_payment_fraud,ai_impersonation,0,2,1,1,0,3,3,2,1,0
txn_ee19c1a96bcd,31.28,0.751,21,0,9,9,9,3,20,705.0,0.2831,255.32,311.0,0.0292,0.0339,0.0768,0.64,266.0,3.0,1,social_engineering_payment_fraud,ai_impersonation,4,2,1,1,0,3,3,2,2,0
txn_aadd02183309,31.87,0.5707,10,0,9,9,9,3,19,553.0,0.2908,171.79,626.0,0.1446,0.0219,0.8016,0.7525,35.0,1.0,1,social_engineering_payment_fraud,authorized_push_payment_scam,2,1,2,3,0,1,1,2,0,0
txn_07027cf81cb8,71.98,0.7026,11,1,9,9,9,3,20,553.0,0.2908,171.79,626.0,0.1446,0.0219,0.8016,0.7525,35.0,1.0,1,social_engineering_payment_fraud,authorized_push_payment_scam,0,1,2,3,0,4,3,2,0,0
txn_5e54aa906219,167.46,0.7224,12,1,9,9,9,3,21,553.0,0.2908,171.79,626.0,0.1446,0.0219,0.8016,0.7525,35.0,1.0,1,social_engineering_payment_fraud,authorized_push_payment_scam,2,1,2,3,0,2,0,2,0,0
txn_562cf3a48129,33.18,0.6946,14,0,9,9,9,3,20,553.0,0.2908,171.79,626.0,0.1446,0.0219,0.8016,0.7525,35.0,1.0,1,social_engineering_payment_fraud,authorized_push_payment_scam,1,1,2,3,0,3,3,2,0,0
txn_3f053143980f,44.44,0.6441,15,0,9,9,9,3,21,553.0,0.2908,171.79,626.0,0.1446,0.0219,0.8016,0.7525,35.0,1.0,1,social_engineering_payment_fraud,authorized_push_payment_scam,3,1,2,3,0,1,1,2,0,0
txn_863ef6fc0721,17.48,0.74,17,0,9,9,9,3,20,553.0,0.2908,171.79,626.0,0.1446,0.0219,0.8016,0.7525,35.0,1.0,1,social_engineering_payment_fraud,authorized_push_payment_scam,2,1,2,3,0,1,1,2,0,0
txn_0f3fdc5673a6,82.53,0.6606,18,0,9,9,9,3,21,553.0,0.2908,171.79,626.0,0.1446,0.0219,0.8016,0.7525,35.0,1.0,1,social_engineering_payment_fraud,authorized_push_payment_scam,1,1,2,3,0,3,3,2,0,0
txn_8e0685a391bb,145.75,0.4817,20,0,9,9,9,3,20,553.0,0.2908,171.79,626.0,0.1446,0.0219,0.8016,0.7525,35.0,1.0,1,social_engineering_payment_fraud,authorized_push_payment_scam,1,1,2,3,0,0,0,2,0,0
txn_2658026e2f78,33.66,0.7609,21,0,9,9,9,3,19,553.0,0.2908,171.79,626.0,0.1446,0.0219,0.8016,0.7525,35.0,1.0,1,social_engineering_payment_fraud,authorized_push_payment_scam,0,1,2,3,0,4,4,2,0,0
txn_e151f2f65f55,48963.03,0.687,10,0,8,8,8,3,20,866.0,0.2968,60.46,232.0,0.1982,0.0065,0.2708,0.2842,88.0,0.0,1,social_engineering_payment_fraud,business_email_compromise,2,5,5,1,0,5,5,2,0,0
txn_9811fbc25ae5,15827.08,0.7199,11,0,8,8,8,3,21,866.0,0.2968,60.46,232.0,0.1982,0.0065,0.2708,0.2842,88.0,0.0,1,social_engineering_payment_fraud,business_email_compromise,2,5,5,1,0,0,0,2,0,0
txn_7bd128690b4c,40098.92,0.4675,12,0,8,8,8,3,20,866.0,0.2968,60.46,232.0,0.1982,0.0065,0.2708,0.2842,88.0,0.0,1,social_engineering_payment_fraud,business_email_compromise,1,5,5,1,0,2,2,2,0,0
txn_6908434112dc,7459.35,0.6631,14,0,8,8,8,3,21,866.0,0.2968,60.46,232.0,0.1982,0.0065,0.2708,0.2842,88.0,0.0,1,social_engineering_payment_fraud,business_email_compromise,1,5,5,1,1,5,5,2,0,1
txn_f79bda9b1042,6574.49,0.597,15,0,8,8,8,3,20,866.0,0.2968,60.46,232.0,0.1982,0.0065,0.2708,0.2842,88.0,0.0,1,social_engineering_payment_fraud,business_email_compromise,3,5,5,1,0,5,5,2,0,0
txn_81ed5a33548e,44454.13,0.5071,16,0,8,8,8,3,21,866.0,0.2968,60.46,232.0,0.1982,0.0065,0.2708,0.2842,88.0,0.0,1,social_engineering_payment_fraud,business_email_compromise,2,5,5,1,0,4,4,2,0,0
txn_2a31685fff04,15425.57,0.6549,18,0,8,8,8,2,20,866.0,0.2968,60.46,232.0,0.1982,0.0065,0.2708,0.2842,88.0,0.0,1,social_engineering_payment_fraud,business_email_compromise,0,5,5,1,0,2,2,2,0,0
txn_e6d58966262a,32326.9,0.5621,19,0,8,8,8,2,19,866.0,0.2968,60.46,232.0,0.1982,0.0065,0.2708,0.2842,88.0,0.0,1,social_engineering_payment_fraud,business_email_compromise,0,5,5,1,0,4,4,2,0,0
txn_20ee12fe6676,63885.67,0.4476,10,0,5,5,5,3,21,353.0,0.3226,167.43,236.0,0.0791,0.0135,1.3287,0.8612,3.0,6.0,1,social_engineering_payment_fraud,executive_impersonation,3,5,5,1,0,1,1,2,0,0
txn_c6f7b6661c67,43472.26,0.7513,11,0,5,5,5,3,20,353.0,0.3226,167.43,236.0,0.0791,0.0135,1.3287,0.8612,3.0,6.0,1,social_engineering_payment_fraud,executive_impersonation,1,5,5,1,0,4,4,2,0,0
txn_e2ab7a87ff38,2494.73,0.5768,12,1,5,5,5,3,21,353.0,0.3226,167.43,236.0,0.0791,0.0135,1.3287,0.8612,3.0,6.0,1,social_engineering_payment_fraud,executive_impersonation,1,5,5,1,0,2,1,2,0,0
txn_6dd4044df58c,40762.35,0.4743,14,1,5,5,5,2,20,353.0,0.3226,167.43,236.0,0.0791,0.0135,1.3287,0.8612,3.0,6.0,1,social_engineering_payment_fraud,executive_impersonation,1,5,5,1,0,5,3,2,0,0
txn_2bc0f9ad3635,33853.95,0.645,15,0,5,5,5,2,21,353.0,0.3226,167.43,236.0,0.0791,0.0135,1.3287,0.8612,3.0,6.0,1,social_engineering_payment_fraud,executive_impersonation,2,5,5,1,0,5,5,2,0,0
txn_047345e54364,29286.32,0.6505,10,0,9,9,9,3,20,964.0,0.2548,107.88,1162.0,0.0967,0.0447,1.7047,0.27,190.0,1.0,1,social_engineering_payment_fraud,vendor_rerouting,2,5,0,1,0,0,0,2,0,0
txn_fd411b57f9b2,47119.41,0.604,11,0,9,9,9,3,21,964.0,0.2548,107.88,1162.0,0.0967,0.0447,1.7047,0.27,190.0,1.0,1,social_engineering_payment_fraud,vendor_rerouting,3,5,0,1,0,0,0,2,0,0
txn_6d9d7643948f,69394.01,0.54,13,0,9,9,9,3,20,964.0,0.2548,107.88,1162.0,0.0967,0.0447,1.7047,0.27,190.0,1.0,1,social_engineering_payment_fraud,vendor_rerouting,1,5,0,1,0,3,3,2,0,0
txn_68eaf9970a01,32703.14,0.5505,14,0,9,9,9,3,21,964.0,0.2548,107.88,1162.0,0.0967,0.0447,1.7047,0.27,190.0,1.0,1,social_engineering_payment_fraud,vendor_rerouting,1,5,0,1,0,0,0,2,0,0
txn_36c11da4bfb0,59328.38,0.7322,16,0,9,9,9,3,20,964.0,0.2548,107.88,1162.0,0.0967,0.0447,1.7047,0.27,190.0,1.0,1,social_engineering_payment_fraud,vendor_rerouting,4,5,0,1,0,1,1,2,0,0
txn_b29345efe880,19703.5,0.6539,17,0,9,9,9,3,19,964.0,0.2548,107.88,1162.0,0.0967,0.0447,1.7047,0.27,190.0,1.0,1,social_engineering_payment_fraud,vendor_rerouting,0,5,0,1,0,4,4,2,0,0
txn_114807a957c8,43296.64,0.5379,19,0,9,9,9,3,16,964.0,0.2548,107.88,1162.0,0.0967,0.0447,1.7047,0.27,190.0,1.0,1,social_engineering_payment_fraud,vendor_rerouting,1,5,0,1,0,2,2,2,0,0
txn_49cbaddfc7b8,36382.12,0.701,21,0,9,9,9,3,15,964.0,0.2548,107.88,1162.0,0.0967,0.0447,1.7047,0.27,190.0,1.0,1,social_engineering_payment_fraud,vendor_rerouting,0,5,0,1,0,4,4,2,0,0
txn_963873c65b5d,34242.82,0.6061,22,0,9,9,9,3,15,964.0,0.2548,107.88,1162.0,0.0967,0.0447,1.7047,0.27,190.0,1.0,1,social_engineering_payment_fraud,vendor_rerouting,2,5,0,1,0,5,5,2,0,0
txn_e852fd18d14f,26.87,0.7025,10,0,6,6,6,3,21,224.0,0.2028,162.65,1482.0,0.2041,0.0122,0.0836,0.3582,299.0,3.0,1,social_engineering_payment_fraud,ai_impersonation,4,2,1,1,0,0,0,2,1,0
txn_7a65ffbe860c,18.77,0.7102,11,0,6,6,6,3,20,224.0,0.2028,162.65,1482.0,0.2041,0.0122,0.0836,0.3582,299.0,3.0,1,social_engineering_payment_fraud,ai_impersonation,2,2,1,1,0,1,1,2,2,0
txn_53dce56973fa,163.42,0.4155,13,0,6,6,6,3,21,224.0,0.2028,162.65,1482.0,0.2041,0.0122,0.0836,0.3582,299.0,3.0,1,social_engineering_payment_fraud,ai_impersonation,0,2,1,1,0,2,2,2,1,0
txn_19714c32996b,15.74,0.4989,15,0,6,6,6,3,20,224.0,0.2028,162.65,1482.0,0.2041,0.0122,0.0836,0.3582,299.0,3.0,1,social_engineering_payment_fraud,ai_impersonation,1,2,1,1,0,5,5,2,2,0
txn_006f71f29499,27.37,0.6675,16,0,6,6,6,3,19,224.0,0.2028,162.65,1482.0,0.2041,0.0122,0.0836,0.3582,299.0,3.0,1,social_engineering_payment_fraud,ai_impersonation,1,2,1,1,0,3,3,2,1,0
txn_a20084dc2417,14.8,0.4232,18,0,6,6,6,3,16,224.0,0.2028,162.65,1482.0,0.2041,0.0122,0.0836,0.3582,299.0,3.0,1,social_engineering_payment_fraud,ai_impersonation,3,2,1,1,0,2,2,2,1,0
txn_d94e53e2021b,1145.54,0.7219,10,0,33,33,33,3,20,617.0,0.0836,292.34,1197.0,0.0274,0.0263,1.0045,0.4595,321.0,2.0,1,merchant_ecosystem_abuse,triangulation_fraud,4,6,1,1,0,5,5,4,1,0
txn_1a8c735ba75a,193.42,0.4542,11,0,33,33,33,3,21,617.0,0.0836,292.34,1197.0,0.0274,0.0263,1.0045,0.4595,321.0,2.0,1,merchant_ecosystem_abuse,triangulation_fraud,1,6,1,1,0,3,3,4,1,0
txn_4ec05d034da6,393.84,0.6528,13,0,33,33,33,3,20,617.0,0.0836,292.34,1197.0,0.0274,0.0263,1.0045,0.4595,321.0,2.0,1,merchant_ecosystem_abuse,triangulation_fraud,2,6,1,1,0,0,0,0,2,0
txn_bf92520df8be,737.88,0.6522,14,0,33,33,33,3,19,617.0,0.0836,292.34,1197.0,0.0274,0.0263,1.0045,0.4595,321.0,2.0,1,merchant_ecosystem_abuse,triangulation_fraud,0,6,1,1,0,4,4,0,2,0
txn_0999d2357d5e,1323.45,0.4308,15,0,33,33,33,3,16,617.0,0.0836,292.34,1197.0,0.0274,0.0263,1.0045,0.4595,321.0,2.0,1,merchant_ecosystem_abuse,triangulation_fraud,2,6,1,1,0,2,2,0,2,0
txn_ead9bc668816,1084.98,0.4924,17,0,33,33,33,3,15,617.0,0.0836,292.34,1197.0,0.0274,0.0263,1.0045,0.4595,321.0,2.0,1,merchant_ecosystem_abuse,triangulation_fraud,2,6,1,1,0,4,4,1,2,0
txn_730ccff067b2,1328.14,0.502,18,0,33,33,33,3,15,617.0,0.0836,292.34,1197.0,0.0274,0.0263,1.0045,0.4595,321.0,2.0,1,merchant_ecosystem_abuse,triangulation_fraud,2,6,1,1,0,1,1,4,1,0
txn_95d8b2bbbb4f,1398.33,0.6373,20,0,33,33,33,3,14,617.0,0.0836,292.34,1197.0,0.0274,0.0263,1.0045,0.4595,321.0,2.0,1,merchant_ecosystem_abuse,triangulation_fraud,3,6,1,1,0,5,5,0,1,0
txn_506bc470ce75,175.53,0.5468,21,1,33,33,33,3,14,617.0,0.0836,292.34,1197.0,0.0274,0.0263,1.0045,0.4595,321.0,2.0,1,merchant_ecosystem_abuse,triangulation_fraud,3,6,1,1,0,2,4,4,2,0
txn_798197d2be2a,212.58,0.5193,23,0,33,33,33,3,13,617.0,0.0836,292.34,1197.0,0.0274,0.0263,1.0045,0.4595,321.0,2.0,1,merchant_ecosystem_abuse,triangulation_fraud,4,6,1,1,0,2,2,0,1,0
txn_32d074478486,1532.58,0.4482,0,0,33,33,33,3,12,617.0,0.0836,292.34,1197.0,0.0274,0.0263,1.0045,0.4595,321.0,2.0,1,merchant_ecosystem_abuse,triangulation_fraud,3,6,1,1,0,1,1,4,2,0
txn_1d3159aec04e,144.77,0.6115,2,0,33,33,33,3,12,617.0,0.0836,292.34,1197.0,0.0274,0.0263,1.0045,0.4595,321.0,2.0,1,merchant_ecosystem_abuse,triangulation_fraud,2,6,1,1,0,4,4,1,1,0
txn_45fb32a7533b,313.0,0.5634,3,0,33,33,33,3,12,617.0,0.0836,292.34,1197.0,0.0274,0.0263,1.0045,0.4595,321.0,2.0,1,merchant_ecosystem_abuse,triangulation_fraud,3,6,1,1,0,2,2,0,1,0
txn_d16ff7b368c6,558.45,0.6968,5,0,33,33,33,3,12,617.0,0.0836,292.34,1197.0,0.0274,0.0263,1.0045,0.4595,321.0,2.0,1,merchant_ecosystem_abuse,triangulation_fraud,2,6,1,1,0,1,1,1,1,0
txn_9e988793964a,640.97,0.73,6,0,33,33,33,3,12,617.0,0.0836,292.34,1197.0,0.0274,0.0263,1.0045,0.4595,321.0,2.0,1,merchant_ecosystem_abuse,triangulation_fraud,2,6,1,1,0,0,0,1,2,0
txn_9ed9026650e3,597.75,0.6963,7,0,33,33,33,3,12,617.0,0.0836,292.34,1197.0,0.0274,0.0263,1.0045,0.4595,321.0,2.0,1,merchant_ecosystem_abuse,triangulation_fraud,1,6,1,1,0,2,2,4,2,0
txn_b89ecfcf8760,1159.89,0.6182,9,0,33,33,33,3,11,617.0,0.0836,292.34,1197.0,0.0274,0.0263,1.0045,0.4595,321.0,2.0,1,merchant_ecosystem_abuse,triangulation_fraud,1,6,1,1,0,2,2,0,2,0
txn_9f2a6c540357,397.13,0.5776,10,1,33,33,33,3,10,617.0,0.0836,292.34,1197.0,0.0274,0.0263,1.0045,0.4595,321.0,2.0,1,merchant_ecosystem_abuse,triangulation_fraud,4,6,1,1,0,3,5,0,2,0
txn_07acf49270e3,506.23,0.5558,12,0,33,33,33,3,9,617.0,0.0836,292.34,1197.0,0.0274,0.0263,1.0045,0.4595,321.0,2.0,1,merchant_ecosystem_abuse,triangulation_fraud,4,6,1,1,0,0,0,0,1,0
txn_3f214464c66c,1147.51,0.7041,13,0,33,33,33,3,9,617.0,0.0836,292.34,1197.0,0.0274,0.0263,1.0045,0.4595,321.0,2.0,1,merchant_ecosystem_abuse,triangulation_fraud,4,6,1,1,0,2,2,1,1,0
txn_9274456bc395,249.14,0.6017,15,0,33,33,33,3,9,617.0,0.0836,292.34,1197.0,0.0274,0.0263,1.0045,0.4595,321.0,2.0,1,merchant_ecosystem_abuse,triangulation_fraud,0,6,1,1,0,3,3,1,2,0
txn_d674b9b44e0d,1249.81,0.7298,16,0,33,33,33,3,9,617.0,0.0836,292.34,1197.0,0.0274,0.0263,1.0045,0.4595,321.0,2.0,1,merchant_ecosystem_abuse,triangulation_fraud,2,6,1,1,0,0,0,4,1,0
txn_800d0a6e7f4e,1492.34,0.7094,18,0,33,33,33,3,9,617.0,0.0836,292.34,1197.0,0.0274,0.0263,1.0045,0.4595,321.0,2.0,1,merchant_ecosystem_abuse,triangulation_fraud,2,6,1,1,0,4,4,1,2,0
txn_7fec9f834a2c,616.53,0.5369,19,0,33,33,33,3,9,617.0,0.0836,292.34,1197.0,0.0274,0.0263,1.0045,0.4595,321.0,2.0,1,merchant_ecosystem_abuse,triangulation_fraud,1,6,1,1,0,0,0,1,1,0
txn_e6dfc430011c,1356.66,0.7354,21,0,33,33,33,3,9,617.0,0.0836,292.34,1197.0,0.0274,0.0263,1.0045,0.4595,321.0,2.0,1,merchant_ecosystem_abuse,triangulation_fraud,3,6,1,1,0,0,0,1,1,0
txn_005830c4611b,280.12,0.6637,22,0,33,33,33,3,8,617.0,0.0836,292.34,1197.0,0.0274,0.0263,1.0045,0.4595,321.0,2.0,1,merchant_ecosystem_abuse,triangulation_fraud,0,6,1,1,0,1,1,1,1,0
txn_befaf99d030d,1444.38,0.6683,23,0,33,33,33,3,8,617.0,0.0836,292.34,1197.0,0.0274,0.0263,1.0045,0.4595,321.0,2.0,1,merchant_ecosystem_abuse,triangulation_fraud,0,6,1,1,0,3,3,4,1,0
txn_0b9dd705d91b,801.69,0.6937,1,0,33,33,33,3,8,617.0,0.0836,292.34,1197.0,0.0274,0.0263,1.0045,0.4595,321.0,2.0,1,merchant_ecosystem_abuse,triangulation_fraud,1,6,1,1,0,2,2,4,1,0
txn_62119a9c5773,1053.29,0.4091,2,1,33,33,33,3,8,617.0,0.0836,292.34,1197.0,0.0274,0.0263,1.0045,0.4595,321.0,2.0,1,merchant_ecosystem_abuse,triangulation_fraud,2,6,1,1,0,1,5,4,2,0
txn_99066f1efd93,896.81,0.7296,4,0,33,33,33,3,8,617.0,0.0836,292.34,1197.0,0.0274,0.0263,1.0045,0.4595,321.0,2.0,1,merchant_ecosystem_abuse,triangulation_fraud,4,6,1,1,0,3,3,1,1,0
txn_888dd272968c,1397.12,0.7359,5,1,33,33,33,3,8,617.0,0.0836,292.34,1197.0,0.0274,0.0263,1.0045,0.4595,321.0,2.0,1,merchant_ecosystem_abuse,triangulation_fraud,2,6,1,1,0,1,3,4,2,0
txn_db8759c4df05,1046.24,0.5699,7,1,33,33,33,3,8,617.0,0.0836,292.34,1197.0,0.0274,0.0263,1.0045,0.4595,321.0,2.0,1,merchant_ecosystem_abuse,triangulation_fraud,4,6,1,1,0,3,2,0,2,0
txn_996dfcd06348,863.06,0.6149,8,0,33,33,33,3,8,617.0,0.0836,292.34,1197.0,0.0274,0.0263,1.0045,0.4595,321.0,2.0,1,merchant_ecosystem_abuse,triangulation_fraud,0,6,1,1,0,1,1,0,1,0
txn_7175bbdcf8b7,47.9,0.5356,10,0,15,15,15,3,21,850.0,0.2121,57.76,717.0,0.2334,0.0371,1.1292,0.6862,49.0,5.0,1,identity_onboarding_fraud,synthetic_identity,3,9,4,1,0,4,4,5,3,0
txn_9c4c883f9cac,35.37,0.5574,11,0,15,15,15,3,20,850.0,0.2121,57.76,717.0,0.2334,0.0371,1.1292,0.6862,49.0,5.0,1,identity_onboarding_fraud,synthetic_identity,3,9,4,1,0,5,5,1,3,0
txn_02dde4a002cc,17.57,0.522,12,0,15,15,15,3,19,850.0,0.2121,57.76,717.0,0.2334,0.0371,1.1292,0.6862,49.0,5.0,1,identity_onboarding_fraud,synthetic_identity,3,9,4,1,0,5,5,5,3,0
txn_314d0870fe4d,71.47,0.7338,14,0,15,15,15,3,16,850.0,0.2121,57.76,717.0,0.2334,0.0371,1.1292,0.6862,49.0,5.0,1,identity_onboarding_fraud,synthetic_identity,4,9,4,1,0,1,1,0,3,0
txn_6f7b4a51b38d,40.92,0.5255,15,0,15,15,15,3,15,850.0,0.2121,57.76,717.0,0.2334,0.0371,1.1292,0.6862,49.0,5.0,1,identity_onboarding_fraud,synthetic_identity,0,9,4,1,0,3,3,6,3,0
txn_70716d4b6bee,38.43,0.5044,16,0,15,15,15,3,15,850.0,0.2121,57.76,717.0,0.2334,0.0371,1.1292,0.6862,49.0,5.0,1,identity_onboarding_fraud,synthetic_identity,3,9,4,1,0,3,3,0,3,0
txn_69a74648dab5,35.22,0.6883,18,0,15,15,15,3,14,850.0,0.2121,57.76,717.0,0.2334,0.0371,1.1292,0.6862,49.0,5.0,1,identity_onboarding_fraud,synthetic_identity,1,9,4,1,0,1,1,2,3,0
txn_da843a205ab9,30.15,0.5921,19,0,15,15,15,3,14,850.0,0.2121,57.76,717.0,0.2334,0.0371,1.1292,0.6862,49.0,5.0,1,identity_onboarding_fraud,synthetic_identity,1,9,4,1,0,0,0,6,3,0
txn_64c9bbb09d8f,13.82,0.5514,20,0,15,15,15,3,13,850.0,0.2121,57.76,717.0,0.2334,0.0371,1.1292,0.6862,49.0,5.0,1,identity_onboarding_fraud,synthetic_identity,0,9,4,1,0,1,1,6,3,0
txn_86b77c4289b6,45.41,0.5321,22,1,15,15,15,3,12,850.0,0.2121,57.76,717.0,0.2334,0.0371,1.1292,0.6862,49.0,5.0,1,identity_onboarding_fraud,synthetic_identity,1,9,4,1,0,1,4,0,3,0
txn_4480def2a821,54.28,0.525,23,0,15,15,15,3,12,850.0,0.2121,57.76,717.0,0.2334,0.0371,1.1292,0.6862,49.0,5.0,1,identity_onboarding_fraud,synthetic_identity,4,9,4,1,0,5,5,1,3,0
txn_99709769caad,26.05,0.6472,0,0,15,15,15,3,12,850.0,0.2121,57.76,717.0,0.2334,0.0371,1.1292,0.6862,49.0,5.0,1,identity_onboarding_fraud,synthetic_identity,3,9,4,1,0,2,2,4,3,0
txn_56999f17224d,6.61,0.7546,2,0,15,15,15,3,12,850.0,0.2121,57.76,717.0,0.2334,0.0371,1.1292,0.6862,49.0,5.0,1,identity_onboarding_fraud,synthetic_identity,3,9,4,1,0,5,5,1,3,0
txn_9ad560d66f87,33.97,0.6333,3,0,15,15,15,3,12,850.0,0.2121,57.76,717.0,0.2334,0.0371,1.1292,0.6862,49.0,5.0,1,identity_onboarding_fraud,synthetic_identity,2,9,4,1,0,4,4,0,3,0
txn_ef6cd504d239,18.56,0.4796,4,0,15,15,15,3,12,850.0,0.2121,57.76,717.0,0.2334,0.0371,1.1292,0.6862,49.0,5.0,1,identity_onboarding_fraud,synthetic_identity,4,9,4,1,0,0,0,5,3,0
txn_6637ebaf88a1,28.83,0.6621,10,0,7,7,1,3,20,675.0,0.254,228.33,1201.0,0.0658,0.0123,1.3732,0.0,0.0,0.0,1,credential_based_fraud,merchant_admin_takeover,2,7,0,0,0,2,2,5,0,0
txn_5f2122c47cfc,148.14,0.7963,11,0,7,7,5,3,19,675.0,0.254,228.33,1201.0,0.0658,0.0123,1.3732,0.2683,71.0,2.0,1,credential_based_fraud,merchant_admin_takeover,2,7,0,0,0,1,1,4,0,0
txn_ba8cb4a7fdb2,13.16,0.4635,13,1,7,7,5,3,16,675.0,0.254,228.33,1201.0,0.0658,0.0123,1.3732,0.2683,71.0,2.0,1,credential_based_fraud,merchant_admin_takeover,2,7,0,0,0,3,4,5,0,0
txn_dd9903b5594a,45.81,0.4858,14,0,7,7,5,3,15,675.0,0.254,228.33,1201.0,0.0658,0.0123,1.3732,0.2683,71.0,2.0,1,credential_based_fraud,merchant_admin_takeover,1,7,0,0,0,4,4,6,0,0
txn_8dbdf9cb07c4,24.69,0.4709,15,0,7,7,1,3,15,675.0,0.254,228.33,1201.0,0.0658,0.0123,1.3732,0.0,0.0,0.0,1,credential_based_fraud,merchant_admin_takeover,1,7,0,0,0,4,4,0,0,0
txn_b20b6565ed01,74.14,0.4783,17,0,7,7,5,3,14,675.0,0.254,228.33,1201.0,0.0658,0.0123,1.3732,0.2683,71.0,2.0,1,credential_based_fraud,merchant_admin_takeover,2,7,0,0,0,1,1,1,0,0
txn_27ab63188fc2,47.38,0.6936,18,1,7,7,5,1,14,675.0,0.254,228.33,1201.0,0.0658,0.0123,1.3732,0.2683,71.0,2.0,1,credential_based_fraud,merchant_admin_takeover,3,7,0,0,0,1,4,1,0,0
txn_5cb0a8c51db5,1633.04,0.7797,10,0,81,81,81,3,19,391.0,0.1802,53.56,490.0,0.215,0.0338,0.7957,0.6461,156.0,0.0,1,merchant_ecosystem_abuse,bust_out_merchant,2,7,1,1,0,1,1,4,2,0
txn_e5369e1f3873,1596.13,0.7945,11,0,81,81,81,3,16,391.0,0.1802,53.56,490.0,0.215,0.0338,0.7957,0.6461,156.0,0.0,1,merchant_ecosystem_abuse,bust_out_merchant,2,7,1,1,0,2,2,0,2,0
txn_cf18703f8504,419.34,0.6254,12,1,81,81,81,3,15,391.0,0.1802,53.56,490.0,0.215,0.0338,0.7957,0.6461,156.0,0.0,1,merchant_ecosystem_abuse,bust_out_merchant,3,7,1,1,0,4,5,4,1,0
txn_6c1a3db1b995,672.54,0.6055,13,0,81,81,81,3,15,391.0,0.1802,53.56,490.0,0.215,0.0338,0.7957,0.6461,156.0,0.0,1,merchant_ecosystem_abuse,bust_out_merchant,0,7,1,1,0,4,4,4,2,0
txn_352edb6f7388,1262.49,0.5133,14,0,81,81,81,3,14,391.0,0.1802,53.56,490.0,0.215,0.0338,0.7957,0.6461,156.0,0.0,1,merchant_ecosystem_abuse,bust_out_merchant,4,7,1,1,0,4,4,1,1,0
txn_2a0f47764f01,1412.14,0.6064,15,1,81,81,81,3,14,391.0,0.1802,53.56,490.0,0.215,0.0338,0.7957,0.6461,156.0,0.0,1,merchant_ecosystem_abuse,bust_out_merchant,3,7,1,1,0,4,3,1,1,0
txn_863c8a480e11,1310.89,0.6531,16,0,81,81,81,3,13,391.0,0.1802,53.56,490.0,0.215,0.0338,0.7957,0.6461,156.0,0.0,1,merchant_ecosystem_abuse,bust_out_merchant,4,7,1,1,0,1,1,4,1,0
txn_1e003ea1c189,631.13,0.7244,17,0,81,81,81,3,12,391.0,0.1802,53.56,490.0,0.215,0.0338,0.7957,0.6461,156.0,0.0,1,merchant_ecosystem_abuse,bust_out_merchant,2,7,1,1,0,0,0,4,2,0
txn_3e75f95ffe45,331.9,0.6743,18,0,81,81,81,3,12,391.0,0.1802,53.56,490.0,0.215,0.0338,0.7957,0.6461,156.0,0.0,1,merchant_ecosystem_abuse,bust_out_merchant,4,7,1,1,0,3,3,0,1,0
txn_f953a2a9cec0,1526.09,0.8203,19,0,81,81,81,3,12,391.0,0.1802,53.56,490.0,0.215,0.0338,0.7957,0.6461,156.0,0.0,1,merchant_ecosystem_abuse,bust_out_merchant,2,7,1,1,1,1,1,0,2,1
txn_f8888b9ffbb7,329.32,0.6814,20,0,81,81,81,3,12,391.0,0.1802,53.56,490.0,0.215,0.0338,0.7957,0.6461,156.0,0.0,1,merchant_ecosystem_abuse,bust_out_merchant,1,7,1,1,0,1,1,4,2,0
txn_b347fcd542c1,592.36,0.6171,21,0,81,81,81,3,12,391.0,0.1802,53.56,490.0,0.215,0.0338,0.7957,0.6461,156.0,0.0,1,merchant_ecosystem_abuse,bust_out_merchant,1,7,1,1,0,2,2,1,2,0
txn_1a636e8dfe55,905.82,0.5521,22,0,81,81,81,3,12,391.0,0.1802,53.56,490.0,0.215,0.0338,0.7957,0.6461,156.0,0.0,1,merchant_ecosystem_abuse,bust_out_merchant,0,7,1,1,0,4,4,0,2,0
txn_7754f005cb9f,973.32,0.6877,0,1,81,81,81,3,11,391.0,0.1802,53.56,490.0,0.215,0.0338,0.7957,0.6461,156.0,0.0,1,merchant_ecosystem_abuse,bust_out_merchant,0,7,1,1,0,1,0,0,2,0
txn_f951de85dacd,1230.02,0.467,1,0,81,81,81,3,10,391.0,0.1802,53.56,490.0,0.215,0.0338,0.7957,0.6461,156.0,0.0,1,merchant_ecosystem_abuse,bust_out_merchant,1,7,1,1,0,2,2,1,2,0
txn_47dee835a3eb,706.18,0.4876,2,0,81,81,81,3,9,391.0,0.1802,53.56,490.0,0.215,0.0338,0.7957,0.6461,156.0,0.0,1,merchant_ecosystem_abuse,bust_out_merchant,0,7,1,1,0,1,1,1,1,0
txn_329bd2d60535,885.44,0.5891,3,0,81,81,81,3,9,391.0,0.1802,53.56,490.0,0.215,0.0338,0.7957,0.6461,156.0,0.0,1,merchant_ecosystem_abuse,bust_out_merchant,0,7,1,1,0,0,0,4,2,0
txn_d422c3359b5c,1132.22,0.5143,4,0,81,81,81,3,9,391.0,0.1802,53.56,490.0,0.215,0.0338,0.7957,0.6461,156.0,0.0,1,merchant_ecosystem_abuse,bust_out_merchant,1,7,1,1,0,0,0,0,1,0
txn_b519d710993a,1330.28,0.5351,5,0,81,81,81,3,9,391.0,0.1802,53.56,490.0,0.215,0.0338,0.7957,0.6461,156.0,0.0,1,merchant_ecosystem_abuse,bust_out_merchant,3,7,1,1,0,3,3,4,1,0
txn_c09e027431e4,1138.45,0.5791,6,0,81,81,81,3,9,391.0,0.1802,53.56,490.0,0.215,0.0338,0.7957,0.6461,156.0,0.0,1,merchant_ecosystem_abuse,bust_out_merchant,1,7,1,1,0,5,5,4,2,0
txn_51f57214e344,445.79,0.5375,7,0,81,81,81,3,9,391.0,0.1802,53.56,490.0,0.215,0.0338,0.7957,0.6461,156.0,0.0,1,merchant_ecosystem_abuse,bust_out_merchant,4,7,1,1,0,0,0,0,1,0
txn_2434dfa50d37,1300.83,0.5239,8,0,81,81,81,3,9,391.0,0.1802,53.56,490.0,0.215,0.0338,0.7957,0.6461,156.0,0.0,1,merchant_ecosystem_abuse,bust_out_merchant,1,7,1,1,0,4,4,1,1,0
txn_304c3f11b2fa,392.43,0.5421,9,0,81,81,81,3,8,391.0,0.1802,53.56,490.0,0.215,0.0338,0.7957,0.6461,156.0,0.0,1,merchant_ecosystem_abuse,bust_out_merchant,4,7,1,1,0,0,0,0,1,0
txn_d5b19e593bae,459.57,0.4885,10,1,81,81,81,3,8,391.0,0.1802,53.56,490.0,0.215,0.0338,0.7957,0.6461,156.0,0.0,1,merchant_ecosystem_abuse,bust_out_merchant,3,7,1,1,0,3,0,0,1,0
txn_9a09beccfb3c,631.47,0.8144,11,0,81,81,81,3,8,391.0,0.1802,53.56,490.0,0.215,0.0338,0.7957,0.6461,156.0,0.0,1,merchant_ecosystem_abuse,bust_out_merchant,1,7,1,1,0,4,4,0,2,0
txn_96ea6ca5f352,745.94,0.5134,12,0,81,81,81,3,8,391.0,0.1802,53.56,490.0,0.215,0.0338,0.7957,0.6461,156.0,0.0,1,merchant_ecosystem_abuse,bust_out_merchant,3,7,1,1,1,3,3,1,1,1
txn_e760671cbff4,1433.31,0.5147,13,0,81,81,81,3,8,391.0,0.1802,53.56,490.0,0.215,0.0338,0.7957,0.6461,156.0,0.0,1,merchant_ecosystem_abuse,bust_out_merchant,4,7,1,1,0,5,5,4,1,0
txn_9cf9f6db41e0,607.66,0.7941,14,1,81,81,81,3,8,391.0,0.1802,53.56,490.0,0.215,0.0338,0.7957,0.6461,156.0,0.0,1,merchant_ecosystem_abuse,bust_out_merchant,4,7,1,1,0,2,4,1,1,0
txn_4f0f5593ab43,1066.36,0.4774,15,0,81,81,81,3,8,391.0,0.1802,53.56,490.0,0.215,0.0338,0.7957,0.6461,156.0,0.0,1,merchant_ecosystem_abuse,bust_out_merchant,4,7,1,1,0,2,2,0,1,0
txn_dc9a271aadd3,358.86,0.8173,17,0,81,81,81,3,8,391.0,0.1802,53.56,490.0,0.215,0.0338,0.7957,0.6461,156.0,0.0,1,merchant_ecosystem_abuse,bust_out_merchant,4,7,1,1,0,2,2,4,1,0
txn_98518ae62c2f,917.71,0.7535,18,0,81,81,81,3,7,391.0,0.1802,53.56,490.0,0.215,0.0338,0.7957,0.6461,156.0,0.0,1,merchant_ecosystem_abuse,bust_out_merchant,3,7,1,1,0,5,5,1,1,0
txn_ef8a1b3e4f95,1647.62,0.6091,19,1,81,81,81,3,7,391.0,0.1802,53.56,490.0,0.215,0.0338,0.7957,0.6461,156.0,0.0,1,merchant_ecosystem_abuse,bust_out_merchant,2,7,1,1,0,5,1,0,1,0
txn_b88d5223195c,1308.98,0.5481,20,1,81,81,81,3,7,391.0,0.1802,53.56,490.0,0.215,0.0338,0.7957,0.6461,156.0,0.0,1,merchant_ecosystem_abuse,bust_out_merchant,3,7,1,1,0,3,4,0,1,0
txn_c1e3751d36fc,592.47,0.6143,21,0,81,81,81,3,7,391.0,0.1802,53.56,490.0,0.215,0.0338,0.7957,0.6461,156.0,0.0,1,merchant_ecosystem_abuse,bust_out_merchant,1,7,1,1,0,0,0,4,1,0
txn_e222129be289,1667.39,0.7293,22,0,81,81,81,3,7,391.0,0.1802,53.56,490.0,0.215,0.0338,0.7957,0.6461,156.0,0.0,1,merchant_ecosystem_abuse,bust_out_merchant,3,7,1,1,0,5,5,1,2,0
txn_ba9fed3d1b80,294.37,0.533,23,0,81,81,81,3,7,391.0,0.1802,53.56,490.0,0.215,0.0338,0.7957,0.6461,156.0,0.0,1,merchant_ecosystem_abuse,bust_out_merchant,1,7,1,1,0,4,4,0,2,0
txn_de52be3dd6f8,1310.58,0.6364,0,1,81,81,81,3,7,391.0,0.1802,53.56,490.0,0.215,0.0338,0.7957,0.6461,156.0,0.0,1,merchant_ecosystem_abuse,bust_out_merchant,3,7,1,1,0,2,3,1,2,0
txn_b98827a780dc,737.93,0.6757,1,0,81,81,81,3,7,391.0,0.1802,53.56,490.0,0.215,0.0338,0.7957,0.6461,156.0,0.0,1,merchant_ecosystem_abuse,bust_out_merchant,0,7,1,1,0,1,1,4,1,0
txn_be92c296fae1,1254.38,0.5719,2,0,81,81,81,3,7,391.0,0.1802,53.56,490.0,0.215,0.0338,0.7957,0.6461,156.0,0.0,1,merchant_ecosystem_abuse,bust_out_merchant,1,7,1,1,0,2,2,0,1,0
txn_343c27739fd5,939.98,0.8163,3,1,81,81,81,3,7,391.0,0.1802,53.56,490.0,0.215,0.0338,0.7957,0.6461,156.0,0.0,1,merchant_ecosystem_abuse,bust_out_merchant,2,7,1,1,0,2,4,1,2,0
txn_cb45697be12d,482.67,0.7481,4,0,81,81,81,3,7,391.0,0.1802,53.56,490.0,0.215,0.0338,0.7957,0.6461,156.0,0.0,1,merchant_ecosystem_abuse,bust_out_merchant,2,7,1,1,0,4,4,1,2,0
txn_a0ddbf661e0a,241.81,0.513,5,0,81,81,81,3,5,391.0,0.1802,53.56,490.0,0.215,0.0338,0.7957,0.6461,156.0,0.0,1,merchant_ecosystem_abuse,bust_out_merchant,3,7,1,1,0,2,2,1,2,0
txn_99f1391373f2,1096.58,0.7225,6,0,81,81,81,3,5,391.0,0.1802,53.56,490.0,0.215,0.0338,0.7957,0.6461,156.0,0.0,1,merchant_ecosystem_abuse,bust_out_merchant,1,7,1,1,0,2,2,1,1,0
txn_f8ce3e5b9c4f,740.31,0.6918,7,1,81,81,81,3,5,391.0,0.1802,53.56,490.0,0.215,0.0338,0.7957,0.6461,156.0,0.0,1,merchant_ecosystem_abuse,bust_out_merchant,1,7,1,1,0,0,1,0,2,0
txn_1ce74bf93bba,1477.34,0.6381,8,0,81,81,81,3,5,391.0,0.1802,53.56,490.0,0.215,0.0338,0.7957,0.6461,156.0,0.0,1,merchant_ecosystem_abuse,bust_out_merchant,2,7,1,1,0,3,3,1,2,0
txn_2a1b73621173,1339.29,0.7032,10,0,81,81,81,3,5,391.0,0.1802,53.56,490.0,0.215,0.0338,0.7957,0.6461,156.0,0.0,1,merchant_ecosystem_abuse,bust_out_merchant,0,7,1,1,0,3,3,0,1,0
txn_1c67c7221414,1219.88,0.8081,11,0,81,81,81,3,5,391.0,0.1802,53.56,490.0,0.215,0.0338,0.7957,0.6461,156.0,0.0,1,merchant_ecosystem_abuse,bust_out_merchant,1,7,1,1,0,2,2,4,1,0
txn_9a153b7710da,643.34,0.76,12,1,81,81,81,3,5,391.0,0.1802,53.56,490.0,0.215,0.0338,0.7957,0.6461,156.0,0.0,1,merchant_ecosystem_abuse,bust_out_merchant,3,7,1,1,0,5,1,0,2,0
txn_460f72b43b9f,1236.64,0.7723,13,1,81,81,81,3,5,391.0,0.1802,53.56,490.0,0.215,0.0338,0.7957,0.6461,156.0,0.0,1,merchant_ecosystem_abuse,bust_out_merchant,1,7,1,1,0,1,0,0,2,0
txn_cfa5a91ea2f1,754.85,0.7557,14,0,81,81,81,3,5,391.0,0.1802,53.56,490.0,0.215,0.0338,0.7957,0.6461,156.0,0.0,1,merchant_ecosystem_abuse,bust_out_merchant,3,7,1,1,0,2,2,4,1,0
txn_557606f14dbe,1476.2,0.7895,15,0,81,81,81,3,5,391.0,0.1802,53.56,490.0,0.215,0.0338,0.7957,0.6461,156.0,0.0,1,merchant_ecosystem_abuse,bust_out_merchant,4,7,1,1,0,1,1,1,2,0
txn_85937d5440bc,1049.41,0.7119,16,0,81,81,81,3,5,391.0,0.1802,53.56,490.0,0.215,0.0338,0.7957,0.6461,156.0,0.0,1,merchant_ecosystem_abuse,bust_out_merchant,4,7,1,1,0,4,4,0,2,0
txn_b02f0c05545a,364.87,0.6373,17,1,81,81,81,3,5,391.0,0.1802,53.56,490.0,0.215,0.0338,0.7957,0.6461,156.0,0.0,1,merchant_ecosystem_abuse,bust_out_merchant,0,7,1,1,0,5,4,1,1,0
txn_fe4c5b397a03,947.55,0.7392,18,0,81,81,81,3,5,391.0,0.1802,53.56,490.0,0.215,0.0338,0.7957,0.6461,156.0,0.0,1,merchant_ecosystem_abuse,bust_out_merchant,2,7,1,1,0,1,1,4,2,0
txn_dff506533833,1261.29,0.7481,19,0,81,81,81,3,5,391.0,0.1802,53.56,490.0,0.215,0.0338,0.7957,0.6461,156.0,0.0,1,merchant_ecosystem_abuse,bust_out_merchant,4,7,1,1,0,3,3,1,1,0
txn_813dd5580eab,1621.46,0.6155,20,0,81,81,81,3,5,391.0,0.1802,53.56,490.0,0.215,0.0338,0.7957,0.6461,156.0,0.0,1,merchant_ecosystem_abuse,bust_out_merchant,4,7,1,1,0,5,5,4,2,0
txn_84c24eba2952,395.05,0.6295,21,1,81,81,81,3,5,391.0,0.1802,53.56,490.0,0.215,0.0338,0.7957,0.6461,156.0,0.0,1,merchant_ecosystem_abuse,bust_out_merchant,2,7,1,1,0,5,1,0,1,0
txn_e733344f9031,1340.48,0.6134,22,0,81,81,81,3,5,391.0,0.1802,53.56,490.0,0.215,0.0338,0.7957,0.6461,156.0,0.0,1,merchant_ecosystem_abuse,bust_out_merchant,2,7,1,1,1,4,4,1,2,1
txn_89bafff7c6c1,760.85,0.5359,23,0,81,81,81,3,5,391.0,0.1802,53.56,490.0,0.215,0.0338,0.7957,0.6461,156.0,0.0,1,merchant_ecosystem_abuse,bust_out_merchant,0,7,1,1,0,3,3,1,1,0
txn_77b41ce22b7c,1187.15,0.7701,0,1,81,81,81,3,5,391.0,0.1802,53.56,490.0,0.215,0.0338,0.7957,0.6461,156.0,0.0,1,merchant_ecosystem_abuse,bust_out_merchant,0,7,1,1,0,2,5,1,2,0
txn_264e0292e896,309.89,0.4605,1,1,81,81,81,3,5,391.0,0.1802,53.56,490.0,0.215,0.0338,0.7957,0.6461,156.0,0.0,1,merchant_ecosystem_abuse,bust_out_merchant,1,7,1,1,0,3,1,4,1,0
txn_4be8b9d7369e,982.74,0.7755,2,0,81,81,81,3,5,391.0,0.1802,53.56,490.0,0.215,0.0338,0.7957,0.6461,156.0,0.0,1,merchant_ecosystem_abuse,bust_out_merchant,0,7,1,1,0,2,2,0,2,0
txn_82b21734f088,961.07,0.4542,4,0,81,81,81,3,5,391.0,0.1802,53.56,490.0,0.215,0.0338,0.7957,0.6461,156.0,0.0,1,merchant_ecosystem_abuse,bust_out_merchant,2,7,1,1,0,1,1,0,2,0
txn_9690803a6c90,1166.63,0.6323,5,0,81,81,81,3,5,391.0,0.1802,53.56,490.0,0.215,0.0338,0.7957,0.6461,156.0,0.0,1,merchant_ecosystem_abuse,bust_out_merchant,2,7,1,1,0,2,2,0,1,0
txn_0791261b6076,1590.4,0.7477,6,0,81,81,81,3,5,391.0,0.1802,53.56,490.0,0.215,0.0338,0.7957,0.6461,156.0,0.0,1,merchant_ecosystem_abuse,bust_out_merchant,2,7,1,1,0,3,3,4,2,0
txn_f01715cc5970,280.85,0.4608,7,0,81,81,81,3,5,391.0,0.1802,53.56,490.0,0.215,0.0338,0.7957,0.6461,156.0,0.0,1,merchant_ecosystem_abuse,bust_out_merchant,2,7,1,1,0,5,5,4,1,0
txn_a1d477115901,211.81,0.6909,8,0,81,81,81,3,5,391.0,0.1802,53.56,490.0,0.215,0.0338,0.7957,0.6461,156.0,0.0,1,merchant_ecosystem_abuse,bust_out_merchant,0,7,1,1,1,1,1,4,1,1
txn_0dae3a3ca141,1554.72,0.6165,9,1,81,81,81,3,5,391.0,0.1802,53.56,490.0,0.215,0.0338,0.7957,0.6461,156.0,0.0,1,merchant_ecosystem_abuse,bust_out_merchant,4,7,1,1,0,5,3,4,1,0
txn_599085d3eb7d,958.98,0.7827,10,0,81,81,81,3,5,391.0,0.1802,53.56,490.0,0.215,0.0338,0.7957,0.6461,156.0,0.0,1,merchant_ecosystem_abuse,bust_out_merchant,1,7,1,1,0,1,1,1,2,0
txn_3f38bcec7515,1530.66,0.7123,11,0,81,81,81,3,5,391.0,0.1802,53.56,490.0,0.215,0.0338,0.7957,0.6461,156.0,0.0,1,merchant_ecosystem_abuse,bust_out_merchant,4,7,1,1,0,0,0,1,2,0
txn_c31ccfd05a4d,154.9,0.5861,12,0,81,81,81,3,5,391.0,0.1802,53.56,490.0,0.215,0.0338,0.7957,0.6461,156.0,0.0,1,merchant_ecosystem_abuse,bust_out_merchant,4,7,1,1,0,2,2,4,1,0
txn_bd132706beba,1567.56,0.5227,13,0,81,81,81,3,4,391.0,0.1802,53.56,490.0,0.215,0.0338,0.7957,0.6461,156.0,0.0,1,merchant_ecosystem_abuse,bust_out_merchant,0,7,1,1,0,0,0,0,2,0
txn_6aba99f0eb4b,1000.25,0.6393,14,0,81,81,81,3,4,391.0,0.1802,53.56,490.0,0.215,0.0338,0.7957,0.6461,156.0,0.0,1,merchant_ecosystem_abuse,bust_out_merchant,3,7,1,1,0,0,0,1,1,0
txn_a8a76f56e1c7,335.83,0.615,15,0,81,81,81,3,4,391.0,0.1802,53.56,490.0,0.215,0.0338,0.7957,0.6461,156.0,0.0,1,merchant_ecosystem_abuse,bust_out_merchant,2,7,1,1,0,4,4,1,1,0
txn_6e6656cc362d,632.19,0.694,16,0,81,81,81,3,4,391.0,0.1802,53.56,490.0,0.215,0.0338,0.7957,0.6461,156.0,0.0,1,merchant_ecosystem_abuse,bust_out_merchant,0,7,1,1,0,4,4,4,2,0
txn_01332bc03dd1,225.61,0.6679,17,0,81,81,81,3,4,391.0,0.1802,53.56,490.0,0.215,0.0338,0.7957,0.6461,156.0,0.0,1,merchant_ecosystem_abuse,bust_out_merchant,1,7,1,1,0,4,4,0,1,0
txn_7858b65b4be7,634.95,0.5742,18,0,81,81,81,3,4,391.0,0.1802,53.56,490.0,0.215,0.0338,0.7957,0.6461,156.0,0.0,1,merchant_ecosystem_abuse,bust_out_merchant,4,7,1,1,0,4,4,0,2,0
txn_9ce21556b4fa,763.4,0.4662,19,1,81,81,81,3,4,391.0,0.1802,53.56,490.0,0.215,0.0338,0.7957,0.6461,156.0,0.0,1,merchant_ecosystem_abuse,bust_out_merchant,0,7,1,1,0,4,3,4,2,0
txn_752e90e2555a,304.71,0.7535,21,0,81,81,81,3,4,391.0,0.1802,53.56,490.0,0.215,0.0338,0.7957,0.6461,156.0,0.0,1,merchant_ecosystem_abuse,bust_out_merchant,1,7,1,1,0,2,2,0,2,0
txn_6c5d2ce0cfdf,1142.99,0.645,22,0,81,81,81,3,4,391.0,0.1802,53.56,490.0,0.215,0.0338,0.7957,0.6461,156.0,0.0,1,merchant_ecosystem_abuse,bust_out_merchant,2,7,1,1,0,3,3,4,2,0
txn_0a5d0b83be5f,1640.53,0.4991,23,0,81,81,81,3,4,391.0,0.1802,53.56,490.0,0.215,0.0338,0.7957,0.6461,156.0,0.0,1,merchant_ecosystem_abuse,bust_out_merchant,2,7,1,1,0,2,2,4,2,0
